275031881441300	85f7dac7a83ecc2c8a0bffef87ac1a59780109cc	447	274967718043200	OPEN	[]	[]
275031881441300	85f7dac7a83ecc2c8a0bffef87ac1a59780109cc	404	274967318402200	OPEN	[]	[]
275031881441300	85f7dac7a83ecc2c8a0bffef87ac1a59780109cc	260	274966833788800	OPEN	[]	[346:EVENT:ON_PLAYER_LEVEL_CHANGED:COMPLETED:epoch=274966833788800:reserve=274975000313500:submit=274975000329100:executorEntered=274975000421500:start=274975000422000:bodyExit=274975000465500:bodyOutcome=SUCCESS:end=274975000465900:delayMs=0:future=NONE]
275031881441300	85f7dac7a83ecc2c8a0bffef87ac1a59780109cc	278	274967118203600	OPEN	[]	[]
275031881441300	85f7dac7a83ecc2c8a0bffef87ac1a59780109cc	503	274967862680600	OPEN	[]	[2253:EVENT:ON_ATTACKABLE_KILL:COMPLETED:epoch=274967862680600:reserve=275013817773700:submit=275013817787400:executorEntered=275016318508100:start=275016318508600:bodyExit=275016318549300:bodyOutcome=SUCCESS:end=275016318549400:delayMs=2500:future=done=false,cancelled=false,dueMs=0]
275031881441300	85f7dac7a83ecc2c8a0bffef87ac1a59780109cc	110	274966120014400	OPEN	[]	[425:EVENT:ON_PLAYER_LEVEL_CHANGED:COMPLETED:epoch=274966120014400:reserve=274974997360700:submit=274974997394800:executorEntered=274974997460000:start=274974997460500:bodyExit=274974997740600:bodyOutcome=SUCCESS:end=274974997741000:delayMs=0:future=NONE, 426:EVENT:ON_ATTACKABLE_KILL:COMPLETED:epoch=274966120014400:reserve=274975000574800:submit=274975000582700:executorEntered=274977501549400:start=274977501550900:bodyExit=274977501639200:bodyOutcome=SUCCESS:end=274977501639800:delayMs=2500:future=done=false,cancelled=false,dueMs=-1, 591:EVENT:ON_ATTACKABLE_KILL:COMPLETED:epoch=274966120014400:reserve=274979196024500:submit=274979196032400:executorEntered=274981696715800:start=274981696717100:bodyExit=274981696778700:bodyOutcome=SUCCESS:end=274981696778800:delayMs=2500:future=done=false,cancelled=false,dueMs=0, 927:EVENT:ON_ATTACKABLE_KILL:COMPLETED:epoch=274966120014400:reserve=274986248336900:submit=274986248347200:executorEntered=274988748868100:start=274988748868900:bodyExit=274988748913800:bodyOutcome=SUCCESS:end=274988748914000:delayMs=2500:future=done=false,cancelled=false,dueMs=0, 1516:EVENT:ON_ATTACKABLE_KILL:COMPLETED:epoch=274966120014400:reserve=275002599331100:submit=275002599352900:executorEntered=275005100686700:start=275005100687100:bodyExit=275005100724400:bodyOutcome=SUCCESS:end=275005100724700:delayMs=2500:future=done=false,cancelled=false,dueMs=-1, 1793:EVENT:ON_ATTACKABLE_KILL:COMPLETED:epoch=274966120014400:reserve=275008296025500:submit=275008296033000:executorEntered=275010796403800:start=275010796405100:bodyExit=275010796461800:bodyOutcome=SUCCESS:end=275010796461900:delayMs=2500:future=done=false,cancelled=false,dueMs=0]
275031881441300	85f7dac7a83ecc2c8a0bffef87ac1a59780109cc	142	274966420050900	OPEN	[]	[465:EVENT:ON_ATTACKABLE_KILL:COMPLETED:epoch=274966420050900:reserve=274975114812100:submit=274975114836600:executorEntered=274977616685400:start=274977616686600:bodyExit=274977616735800:bodyOutcome=SUCCESS:end=274977616736300:delayMs=2500:future=done=false,cancelled=false,dueMs=-1]
275031881441300	85f7dac7a83ecc2c8a0bffef87ac1a59780109cc	175	274966819048400	OPEN	[]	[189:EVENT:ON_ATTACKABLE_KILL:COMPLETED:epoch=274966819048400:reserve=274970808814800:submit=274970808846800:executorEntered=274973309601200:start=274973309603800:bodyExit=274973309700800:bodyOutcome=SUCCESS:end=274973309701700:delayMs=2500:future=done=false,cancelled=false,dueMs=0, 1821:EVENT:ON_ATTACKABLE_KILL:COMPLETED:epoch=274966819048400:reserve=275011897061800:submit=275011897075800:executorEntered=275014398080700:start=275014398081400:bodyExit=275014398115600:bodyOutcome=SUCCESS:end=275014398115600:delayMs=2500:future=done=false,cancelled=false,dueMs=-1]
275035927888600	85f7dac7a83ecc2c8a0bffef87ac1a59780109cc	260	274966833788800	OPEN	[2784:EVENT:ON_ATTACKABLE_KILL:SUBMITTED:epoch=274966833788800:reserve=275034997611800:submit=275034997621200:executorEntered=0:start=0:bodyExit=0:bodyOutcome=NOT_ENTERED:end=0:delayMs=2500:future=done=false,cancelled=false,dueMs=1569]	[346:EVENT:ON_PLAYER_LEVEL_CHANGED:COMPLETED:epoch=274966833788800:reserve=274975000313500:submit=274975000329100:executorEntered=274975000421500:start=274975000422000:bodyExit=274975000465500:bodyOutcome=SUCCESS:end=274975000465900:delayMs=0:future=NONE]
275036941751000	85f7dac7a83ecc2c8a0bffef87ac1a59780109cc	260	274966833788800	OPEN	[2784:EVENT:ON_ATTACKABLE_KILL:SUBMITTED:epoch=274966833788800:reserve=275034997611800:submit=275034997621200:executorEntered=0:start=0:bodyExit=0:bodyOutcome=NOT_ENTERED:end=0:delayMs=2500:future=done=false,cancelled=false,dueMs=555]	[346:EVENT:ON_PLAYER_LEVEL_CHANGED:COMPLETED:epoch=274966833788800:reserve=274975000313500:submit=274975000329100:executorEntered=274975000421500:start=274975000422000:bodyExit=274975000465500:bodyOutcome=SUCCESS:end=274975000465900:delayMs=0:future=NONE]
275037951992600	85f7dac7a83ecc2c8a0bffef87ac1a59780109cc	260	274966833788800	OPEN	[]	[346:EVENT:ON_PLAYER_LEVEL_CHANGED:COMPLETED:epoch=274966833788800:reserve=274975000313500:submit=274975000329100:executorEntered=274975000421500:start=274975000422000:bodyExit=274975000465500:bodyOutcome=SUCCESS:end=274975000465900:delayMs=0:future=NONE, 2784:EVENT:ON_ATTACKABLE_KILL:COMPLETED:epoch=274966833788800:reserve=275034997611800:submit=275034997621200:executorEntered=275037498667600:start=275037498668200:bodyExit=275037498731600:bodyOutcome=SUCCESS:end=275037498731700:delayMs=2500:future=done=false,cancelled=false,dueMs=-1]
275044011244400	85f7dac7a83ecc2c8a0bffef87ac1a59780109cc	404	274967318402200	OPEN	[3044:EVENT:ON_ATTACKABLE_KILL:SUBMITTED:epoch=274967318402200:reserve=275043697454300:submit=275043697461500:executorEntered=0:start=0:bodyExit=0:bodyOutcome=NOT_ENTERED:end=0:delayMs=2500:future=done=false,cancelled=false,dueMs=2186]	[]
275045019442900	85f7dac7a83ecc2c8a0bffef87ac1a59780109cc	404	274967318402200	OPEN	[3044:EVENT:ON_ATTACKABLE_KILL:SUBMITTED:epoch=274967318402200:reserve=275043697454300:submit=275043697461500:executorEntered=0:start=0:bodyExit=0:bodyOutcome=NOT_ENTERED:end=0:delayMs=2500:future=done=false,cancelled=false,dueMs=1177]	[]
275046028349200	85f7dac7a83ecc2c8a0bffef87ac1a59780109cc	404	274967318402200	OPEN	[3044:EVENT:ON_ATTACKABLE_KILL:SUBMITTED:epoch=274967318402200:reserve=275043697454300:submit=275043697461500:executorEntered=0:start=0:bodyExit=0:bodyOutcome=NOT_ENTERED:end=0:delayMs=2500:future=done=false,cancelled=false,dueMs=169]	[]
275046028349200	85f7dac7a83ecc2c8a0bffef87ac1a59780109cc	503	274967862680600	OPEN	[3643:EVENT:ON_ATTACKABLE_KILL:SUBMITTED:epoch=274967862680600:reserve=275045463038800:submit=275045463052900:executorEntered=0:start=0:bodyExit=0:bodyOutcome=NOT_ENTERED:end=0:delayMs=2500:future=done=false,cancelled=false,dueMs=1934]	[2253:EVENT:ON_ATTACKABLE_KILL:COMPLETED:epoch=274967862680600:reserve=275013817773700:submit=275013817787400:executorEntered=275016318508100:start=275016318508600:bodyExit=275016318549300:bodyOutcome=SUCCESS:end=275016318549400:delayMs=2500:future=done=false,cancelled=false,dueMs=0]
275047037648700	85f7dac7a83ecc2c8a0bffef87ac1a59780109cc	404	274967318402200	OPEN	[]	[3044:EVENT:ON_ATTACKABLE_KILL:COMPLETED:epoch=274967318402200:reserve=275043697454300:submit=275043697461500:executorEntered=275046197667700:start=275046197669100:bodyExit=275046197717700:bodyOutcome=SUCCESS:end=275046197717800:delayMs=2500:future=done=false,cancelled=false,dueMs=0]
275047037648700	85f7dac7a83ecc2c8a0bffef87ac1a59780109cc	503	274967862680600	OPEN	[3643:EVENT:ON_ATTACKABLE_KILL:SUBMITTED:epoch=274967862680600:reserve=275045463038800:submit=275045463052900:executorEntered=0:start=0:bodyExit=0:bodyOutcome=NOT_ENTERED:end=0:delayMs=2500:future=done=false,cancelled=false,dueMs=924]	[2253:EVENT:ON_ATTACKABLE_KILL:COMPLETED:epoch=274967862680600:reserve=275013817773700:submit=275013817787400:executorEntered=275016318508100:start=275016318508600:bodyExit=275016318549300:bodyOutcome=SUCCESS:end=275016318549400:delayMs=2500:future=done=false,cancelled=false,dueMs=0]
275048044589800	85f7dac7a83ecc2c8a0bffef87ac1a59780109cc	404	274967318402200	OPEN	[3191:EVENT:ON_ATTACKABLE_KILL:SUBMITTED:epoch=274967318402200:reserve=275047596408100:submit=275047596415700:executorEntered=0:start=0:bodyExit=0:bodyOutcome=NOT_ENTERED:end=0:delayMs=2500:future=done=false,cancelled=false,dueMs=2051]	[3044:EVENT:ON_ATTACKABLE_KILL:COMPLETED:epoch=274967318402200:reserve=275043697454300:submit=275043697461500:executorEntered=275046197667700:start=275046197669100:bodyExit=275046197717700:bodyOutcome=SUCCESS:end=275046197717800:delayMs=2500:future=done=false,cancelled=false,dueMs=0]
275048044589800	85f7dac7a83ecc2c8a0bffef87ac1a59780109cc	503	274967862680600	OPEN	[]	[2253:EVENT:ON_ATTACKABLE_KILL:COMPLETED:epoch=274967862680600:reserve=275013817773700:submit=275013817787400:executorEntered=275016318508100:start=275016318508600:bodyExit=275016318549300:bodyOutcome=SUCCESS:end=275016318549400:delayMs=2500:future=done=false,cancelled=false,dueMs=0, 3643:EVENT:ON_ATTACKABLE_KILL:COMPLETED:epoch=274967862680600:reserve=275045463038800:submit=275045463052900:executorEntered=275047963833900:start=275047963835700:bodyExit=275047963951800:bodyOutcome=SUCCESS:end=275047963952700:delayMs=2500:future=done=false,cancelled=false,dueMs=0]
275049053573200	85f7dac7a83ecc2c8a0bffef87ac1a59780109cc	404	274967318402200	OPEN	[3191:EVENT:ON_ATTACKABLE_KILL:SUBMITTED:epoch=274967318402200:reserve=275047596408100:submit=275047596415700:executorEntered=0:start=0:bodyExit=0:bodyOutcome=NOT_ENTERED:end=0:delayMs=2500:future=done=false,cancelled=false,dueMs=1042]	[3044:EVENT:ON_ATTACKABLE_KILL:COMPLETED:epoch=274967318402200:reserve=275043697454300:submit=275043697461500:executorEntered=275046197667700:start=275046197669100:bodyExit=275046197717700:bodyOutcome=SUCCESS:end=275046197717800:delayMs=2500:future=done=false,cancelled=false,dueMs=0]
275050066171200	85f7dac7a83ecc2c8a0bffef87ac1a59780109cc	404	274967318402200	OPEN	[3191:EVENT:ON_ATTACKABLE_KILL:SUBMITTED:epoch=274967318402200:reserve=275047596408100:submit=275047596415700:executorEntered=0:start=0:bodyExit=0:bodyOutcome=NOT_ENTERED:end=0:delayMs=2500:future=done=false,cancelled=false,dueMs=30]	[3044:EVENT:ON_ATTACKABLE_KILL:COMPLETED:epoch=274967318402200:reserve=275043697454300:submit=275043697461500:executorEntered=275046197667700:start=275046197669100:bodyExit=275046197717700:bodyOutcome=SUCCESS:end=275046197717800:delayMs=2500:future=done=false,cancelled=false,dueMs=0]
275051077739500	85f7dac7a83ecc2c8a0bffef87ac1a59780109cc	404	274967318402200	OPEN	[]	[3044:EVENT:ON_ATTACKABLE_KILL:COMPLETED:epoch=274967318402200:reserve=275043697454300:submit=275043697461500:executorEntered=275046197667700:start=275046197669100:bodyExit=275046197717700:bodyOutcome=SUCCESS:end=275046197717800:delayMs=2500:future=done=false,cancelled=false,dueMs=0, 3191:EVENT:ON_ATTACKABLE_KILL:COMPLETED:epoch=274967318402200:reserve=275047596408100:submit=275047596415700:executorEntered=275050096625700:start=275050096626100:bodyExit=275050096659400:bodyOutcome=SUCCESS:end=275050096659500:delayMs=2500:future=done=false,cancelled=false,dueMs=0]
275055120756800	85f7dac7a83ecc2c8a0bffef87ac1a59780109cc	503	274967862680600	OPEN	[4136:EVENT:ON_ATTACKABLE_KILL:SUBMITTED:epoch=274967862680600:reserve=275054572265900:submit=275054572273700:executorEntered=0:start=0:bodyExit=0:bodyOutcome=NOT_ENTERED:end=0:delayMs=2500:future=done=false,cancelled=false,dueMs=1951]	[2253:EVENT:ON_ATTACKABLE_KILL:COMPLETED:epoch=274967862680600:reserve=275013817773700:submit=275013817787400:executorEntered=275016318508100:start=275016318508600:bodyExit=275016318549300:bodyOutcome=SUCCESS:end=275016318549400:delayMs=2500:future=done=false,cancelled=false,dueMs=0, 3643:EVENT:ON_ATTACKABLE_KILL:COMPLETED:epoch=274967862680600:reserve=275045463038800:submit=275045463052900:executorEntered=275047963833900:start=275047963835700:bodyExit=275047963951800:bodyOutcome=SUCCESS:end=275047963952700:delayMs=2500:future=done=false,cancelled=false,dueMs=0, 4135:EVENT:ON_PLAYER_LEVEL_CHANGED:COMPLETED:epoch=274967862680600:reserve=275054571690100:submit=275054571727300:executorEntered=275054571820800:start=275054571821100:bodyExit=275054571956900:bodyOutcome=SUCCESS:end=275054571957600:delayMs=0:future=NONE]
275056127558700	85f7dac7a83ecc2c8a0bffef87ac1a59780109cc	503	274967862680600	OPEN	[4136:EVENT:ON_ATTACKABLE_KILL:SUBMITTED:epoch=274967862680600:reserve=275054572265900:submit=275054572273700:executorEntered=0:start=0:bodyExit=0:bodyOutcome=NOT_ENTERED:end=0:delayMs=2500:future=done=false,cancelled=false,dueMs=944]	[2253:EVENT:ON_ATTACKABLE_KILL:COMPLETED:epoch=274967862680600:reserve=275013817773700:submit=275013817787400:executorEntered=275016318508100:start=275016318508600:bodyExit=275016318549300:bodyOutcome=SUCCESS:end=275016318549400:delayMs=2500:future=done=false,cancelled=false,dueMs=0, 3643:EVENT:ON_ATTACKABLE_KILL:COMPLETED:epoch=274967862680600:reserve=275045463038800:submit=275045463052900:executorEntered=275047963833900:start=275047963835700:bodyExit=275047963951800:bodyOutcome=SUCCESS:end=275047963952700:delayMs=2500:future=done=false,cancelled=false,dueMs=0, 4135:EVENT:ON_PLAYER_LEVEL_CHANGED:COMPLETED:epoch=274967862680600:reserve=275054571690100:submit=275054571727300:executorEntered=275054571820800:start=275054571821100:bodyExit=275054571956900:bodyOutcome=SUCCESS:end=275054571957600:delayMs=0:future=NONE]
275057136431800	85f7dac7a83ecc2c8a0bffef87ac1a59780109cc	503	274967862680600	OPEN	[]	[2253:EVENT:ON_ATTACKABLE_KILL:COMPLETED:epoch=274967862680600:reserve=275013817773700:submit=275013817787400:executorEntered=275016318508100:start=275016318508600:bodyExit=275016318549300:bodyOutcome=SUCCESS:end=275016318549400:delayMs=2500:future=done=false,cancelled=false,dueMs=0, 3643:EVENT:ON_ATTACKABLE_KILL:COMPLETED:epoch=274967862680600:reserve=275045463038800:submit=275045463052900:executorEntered=275047963833900:start=275047963835700:bodyExit=275047963951800:bodyOutcome=SUCCESS:end=275047963952700:delayMs=2500:future=done=false,cancelled=false,dueMs=0, 4135:EVENT:ON_PLAYER_LEVEL_CHANGED:COMPLETED:epoch=274967862680600:reserve=275054571690100:submit=275054571727300:executorEntered=275054571820800:start=275054571821100:bodyExit=275054571956900:bodyOutcome=SUCCESS:end=275054571957600:delayMs=0:future=NONE, 4136:EVENT:ON_ATTACKABLE_KILL:COMPLETED:epoch=274967862680600:reserve=275054572265900:submit=275054572273700:executorEntered=275057073064800:start=275057073065900:bodyExit=275057073219500:bodyOutcome=SUCCESS:end=275057073222000:delayMs=2500:future=done=false,cancelled=false,dueMs=0]
275066235583100	85f7dac7a83ecc2c8a0bffef87ac1a59780109cc	404	274967318402200	OPEN	[3847:EVENT:ON_ATTACKABLE_KILL:SUBMITTED:epoch=274967318402200:reserve=275065898903200:submit=275065898909400:executorEntered=0:start=0:bodyExit=0:bodyOutcome=NOT_ENTERED:end=0:delayMs=2500:future=done=false,cancelled=false,dueMs=2163]	[3044:EVENT:ON_ATTACKABLE_KILL:COMPLETED:epoch=274967318402200:reserve=275043697454300:submit=275043697461500:executorEntered=275046197667700:start=275046197669100:bodyExit=275046197717700:bodyOutcome=SUCCESS:end=275046197717800:delayMs=2500:future=done=false,cancelled=false,dueMs=0, 3191:EVENT:ON_ATTACKABLE_KILL:COMPLETED:epoch=274967318402200:reserve=275047596408100:submit=275047596415700:executorEntered=275050096625700:start=275050096626100:bodyExit=275050096659400:bodyOutcome=SUCCESS:end=275050096659500:delayMs=2500:future=done=false,cancelled=false,dueMs=0]
275067246671200	85f7dac7a83ecc2c8a0bffef87ac1a59780109cc	404	274967318402200	OPEN	[3847:EVENT:ON_ATTACKABLE_KILL:SUBMITTED:epoch=274967318402200:reserve=275065898903200:submit=275065898909400:executorEntered=0:start=0:bodyExit=0:bodyOutcome=NOT_ENTERED:end=0:delayMs=2500:future=done=false,cancelled=false,dueMs=1152]	[3044:EVENT:ON_ATTACKABLE_KILL:COMPLETED:epoch=274967318402200:reserve=275043697454300:submit=275043697461500:executorEntered=275046197667700:start=275046197669100:bodyExit=275046197717700:bodyOutcome=SUCCESS:end=275046197717800:delayMs=2500:future=done=false,cancelled=false,dueMs=0, 3191:EVENT:ON_ATTACKABLE_KILL:COMPLETED:epoch=274967318402200:reserve=275047596408100:submit=275047596415700:executorEntered=275050096625700:start=275050096626100:bodyExit=275050096659400:bodyOutcome=SUCCESS:end=275050096659500:delayMs=2500:future=done=false,cancelled=false,dueMs=0]
275068258897200	85f7dac7a83ecc2c8a0bffef87ac1a59780109cc	404	274967318402200	OPEN	[3847:EVENT:ON_ATTACKABLE_KILL:SUBMITTED:epoch=274967318402200:reserve=275065898903200:submit=275065898909400:executorEntered=0:start=0:bodyExit=0:bodyOutcome=NOT_ENTERED:end=0:delayMs=2500:future=done=false,cancelled=false,dueMs=139]	[3044:EVENT:ON_ATTACKABLE_KILL:COMPLETED:epoch=274967318402200:reserve=275043697454300:submit=275043697461500:executorEntered=275046197667700:start=275046197669100:bodyExit=275046197717700:bodyOutcome=SUCCESS:end=275046197717800:delayMs=2500:future=done=false,cancelled=false,dueMs=0, 3191:EVENT:ON_ATTACKABLE_KILL:COMPLETED:epoch=274967318402200:reserve=275047596408100:submit=275047596415700:executorEntered=275050096625700:start=275050096626100:bodyExit=275050096659400:bodyOutcome=SUCCESS:end=275050096659500:delayMs=2500:future=done=false,cancelled=false,dueMs=0]
275069268942800	85f7dac7a83ecc2c8a0bffef87ac1a59780109cc	404	274967318402200	OPEN	[]	[3044:EVENT:ON_ATTACKABLE_KILL:COMPLETED:epoch=274967318402200:reserve=275043697454300:submit=275043697461500:executorEntered=275046197667700:start=275046197669100:bodyExit=275046197717700:bodyOutcome=SUCCESS:end=275046197717800:delayMs=2500:future=done=false,cancelled=false,dueMs=0, 3191:EVENT:ON_ATTACKABLE_KILL:COMPLETED:epoch=274967318402200:reserve=275047596408100:submit=275047596415700:executorEntered=275050096625700:start=275050096626100:bodyExit=275050096659400:bodyOutcome=SUCCESS:end=275050096659500:delayMs=2500:future=done=false,cancelled=false,dueMs=0, 3847:EVENT:ON_ATTACKABLE_KILL:COMPLETED:epoch=274967318402200:reserve=275065898903200:submit=275065898909400:executorEntered=275068399675700:start=275068399676600:bodyExit=275068399728700:bodyOutcome=SUCCESS:end=275068399728800:delayMs=2500:future=done=false,cancelled=false,dueMs=0]
275077360653000	85f7dac7a83ecc2c8a0bffef87ac1a59780109cc	175	274966819048400	OPEN	[4315:EVENT:ON_ATTACKABLE_KILL:SUBMITTED:epoch=274966819048400:reserve=275076696125100:submit=275076696135200:executorEntered=0:start=0:bodyExit=0:bodyOutcome=NOT_ENTERED:end=0:delayMs=2500:future=done=false,cancelled=false,dueMs=1835]	[189:EVENT:ON_ATTACKABLE_KILL:COMPLETED:epoch=274966819048400:reserve=274970808814800:submit=274970808846800:executorEntered=274973309601200:start=274973309603800:bodyExit=274973309700800:bodyOutcome=SUCCESS:end=274973309701700:delayMs=2500:future=done=false,cancelled=false,dueMs=0, 1821:EVENT:ON_ATTACKABLE_KILL:COMPLETED:epoch=274966819048400:reserve=275011897061800:submit=275011897075800:executorEntered=275014398080700:start=275014398081400:bodyExit=275014398115600:bodyOutcome=SUCCESS:end=275014398115600:delayMs=2500:future=done=false,cancelled=false,dueMs=-1]
275078368763200	85f7dac7a83ecc2c8a0bffef87ac1a59780109cc	175	274966819048400	OPEN	[4315:EVENT:ON_ATTACKABLE_KILL:SUBMITTED:epoch=274966819048400:reserve=275076696125100:submit=275076696135200:executorEntered=0:start=0:bodyExit=0:bodyOutcome=NOT_ENTERED:end=0:delayMs=2500:future=done=false,cancelled=false,dueMs=827]	[189:EVENT:ON_ATTACKABLE_KILL:COMPLETED:epoch=274966819048400:reserve=274970808814800:submit=274970808846800:executorEntered=274973309601200:start=274973309603800:bodyExit=274973309700800:bodyOutcome=SUCCESS:end=274973309701700:delayMs=2500:future=done=false,cancelled=false,dueMs=0, 1821:EVENT:ON_ATTACKABLE_KILL:COMPLETED:epoch=274966819048400:reserve=275011897061800:submit=275011897075800:executorEntered=275014398080700:start=275014398081400:bodyExit=275014398115600:bodyOutcome=SUCCESS:end=275014398115600:delayMs=2500:future=done=false,cancelled=false,dueMs=-1]
275079385698300	85f7dac7a83ecc2c8a0bffef87ac1a59780109cc	175	274966819048400	OPEN	[]	[189:EVENT:ON_ATTACKABLE_KILL:COMPLETED:epoch=274966819048400:reserve=274970808814800:submit=274970808846800:executorEntered=274973309601200:start=274973309603800:bodyExit=274973309700800:bodyOutcome=SUCCESS:end=274973309701700:delayMs=2500:future=done=false,cancelled=false,dueMs=0, 1821:EVENT:ON_ATTACKABLE_KILL:COMPLETED:epoch=274966819048400:reserve=275011897061800:submit=275011897075800:executorEntered=275014398080700:start=275014398081400:bodyExit=275014398115600:bodyOutcome=SUCCESS:end=275014398115600:delayMs=2500:future=done=false,cancelled=false,dueMs=-1, 4315:EVENT:ON_ATTACKABLE_KILL:COMPLETED:epoch=274966819048400:reserve=275076696125100:submit=275076696135200:executorEntered=275079196669200:start=275079196670800:bodyExit=275079196766300:bodyOutcome=SUCCESS:end=275079196766500:delayMs=2500:future=done=false,cancelled=false,dueMs=0]
275081407546100	85f7dac7a83ecc2c8a0bffef87ac1a59780109cc	260	274966833788800	OPEN	[4493:EVENT:ON_ATTACKABLE_KILL:SUBMITTED:epoch=274966833788800:reserve=275080597371500:submit=275080597382700:executorEntered=0:start=0:bodyExit=0:bodyOutcome=NOT_ENTERED:end=0:delayMs=2500:future=done=false,cancelled=false,dueMs=1689]	[346:EVENT:ON_PLAYER_LEVEL_CHANGED:COMPLETED:epoch=274966833788800:reserve=274975000313500:submit=274975000329100:executorEntered=274975000421500:start=274975000422000:bodyExit=274975000465500:bodyOutcome=SUCCESS:end=274975000465900:delayMs=0:future=NONE, 2784:EVENT:ON_ATTACKABLE_KILL:COMPLETED:epoch=274966833788800:reserve=275034997611800:submit=275034997621200:executorEntered=275037498667600:start=275037498668200:bodyExit=275037498731600:bodyOutcome=SUCCESS:end=275037498731700:delayMs=2500:future=done=false,cancelled=false,dueMs=-1]
275081407546100	85f7dac7a83ecc2c8a0bffef87ac1a59780109cc	278	274967118203600	OPEN	[4671:EVENT:ON_ATTACKABLE_KILL:SUBMITTED:epoch=274967118203600:reserve=275080596893200:submit=275080596899600:executorEntered=0:start=0:bodyExit=0:bodyOutcome=NOT_ENTERED:end=0:delayMs=2500:future=done=false,cancelled=false,dueMs=1688]	[]
275082418472000	85f7dac7a83ecc2c8a0bffef87ac1a59780109cc	260	274966833788800	OPEN	[4493:EVENT:ON_ATTACKABLE_KILL:SUBMITTED:epoch=274966833788800:reserve=275080597371500:submit=275080597382700:executorEntered=0:start=0:bodyExit=0:bodyOutcome=NOT_ENTERED:end=0:delayMs=2500:future=done=false,cancelled=false,dueMs=678]	[346:EVENT:ON_PLAYER_LEVEL_CHANGED:COMPLETED:epoch=274966833788800:reserve=274975000313500:submit=274975000329100:executorEntered=274975000421500:start=274975000422000:bodyExit=274975000465500:bodyOutcome=SUCCESS:end=274975000465900:delayMs=0:future=NONE, 2784:EVENT:ON_ATTACKABLE_KILL:COMPLETED:epoch=274966833788800:reserve=275034997611800:submit=275034997621200:executorEntered=275037498667600:start=275037498668200:bodyExit=275037498731600:bodyOutcome=SUCCESS:end=275037498731700:delayMs=2500:future=done=false,cancelled=false,dueMs=-1]
275082418472000	85f7dac7a83ecc2c8a0bffef87ac1a59780109cc	278	274967118203600	OPEN	[4671:EVENT:ON_ATTACKABLE_KILL:SUBMITTED:epoch=274967118203600:reserve=275080596893200:submit=275080596899600:executorEntered=0:start=0:bodyExit=0:bodyOutcome=NOT_ENTERED:end=0:delayMs=2500:future=done=false,cancelled=false,dueMs=677]	[]
275083429542500	85f7dac7a83ecc2c8a0bffef87ac1a59780109cc	260	274966833788800	OPEN	[]	[346:EVENT:ON_PLAYER_LEVEL_CHANGED:COMPLETED:epoch=274966833788800:reserve=274975000313500:submit=274975000329100:executorEntered=274975000421500:start=274975000422000:bodyExit=274975000465500:bodyOutcome=SUCCESS:end=274975000465900:delayMs=0:future=NONE, 2784:EVENT:ON_ATTACKABLE_KILL:COMPLETED:epoch=274966833788800:reserve=275034997611800:submit=275034997621200:executorEntered=275037498667600:start=275037498668200:bodyExit=275037498731600:bodyOutcome=SUCCESS:end=275037498731700:delayMs=2500:future=done=false,cancelled=false,dueMs=-1, 4493:EVENT:ON_ATTACKABLE_KILL:COMPLETED:epoch=274966833788800:reserve=275080597371500:submit=275080597382700:executorEntered=275083097607400:start=275083097608100:bodyExit=275083097655600:bodyOutcome=SUCCESS:end=275083097655700:delayMs=2500:future=done=false,cancelled=false,dueMs=0]
275083429542500	85f7dac7a83ecc2c8a0bffef87ac1a59780109cc	278	274967118203600	OPEN	[]	[4671:EVENT:ON_ATTACKABLE_KILL:COMPLETED:epoch=274967118203600:reserve=275080596893200:submit=275080596899600:executorEntered=275083097597600:start=275083097599400:bodyExit=275083097655500:bodyOutcome=SUCCESS:end=275083097655600:delayMs=2500:future=done=false,cancelled=false,dueMs=0]
275085452867000	85f7dac7a83ecc2c8a0bffef87ac1a59780109cc	404	274967318402200	OPEN	[4589:EVENT:ON_ATTACKABLE_KILL:SUBMITTED:epoch=274967318402200:reserve=275084797980300:submit=275084797988700:executorEntered=0:start=0:bodyExit=0:bodyOutcome=NOT_ENTERED:end=0:delayMs=2500:future=done=false,cancelled=false,dueMs=1845]	[3044:EVENT:ON_ATTACKABLE_KILL:COMPLETED:epoch=274967318402200:reserve=275043697454300:submit=275043697461500:executorEntered=275046197667700:start=275046197669100:bodyExit=275046197717700:bodyOutcome=SUCCESS:end=275046197717800:delayMs=2500:future=done=false,cancelled=false,dueMs=0, 3191:EVENT:ON_ATTACKABLE_KILL:COMPLETED:epoch=274967318402200:reserve=275047596408100:submit=275047596415700:executorEntered=275050096625700:start=275050096626100:bodyExit=275050096659400:bodyOutcome=SUCCESS:end=275050096659500:delayMs=2500:future=done=false,cancelled=false,dueMs=0, 3847:EVENT:ON_ATTACKABLE_KILL:COMPLETED:epoch=274967318402200:reserve=275065898903200:submit=275065898909400:executorEntered=275068399675700:start=275068399676600:bodyExit=275068399728700:bodyOutcome=SUCCESS:end=275068399728800:delayMs=2500:future=done=false,cancelled=false,dueMs=0]
275086463184500	85f7dac7a83ecc2c8a0bffef87ac1a59780109cc	404	274967318402200	OPEN	[4589:EVENT:ON_ATTACKABLE_KILL:SUBMITTED:epoch=274967318402200:reserve=275084797980300:submit=275084797988700:executorEntered=0:start=0:bodyExit=0:bodyOutcome=NOT_ENTERED:end=0:delayMs=2500:future=done=false,cancelled=false,dueMs=834]	[3044:EVENT:ON_ATTACKABLE_KILL:COMPLETED:epoch=274967318402200:reserve=275043697454300:submit=275043697461500:executorEntered=275046197667700:start=275046197669100:bodyExit=275046197717700:bodyOutcome=SUCCESS:end=275046197717800:delayMs=2500:future=done=false,cancelled=false,dueMs=0, 3191:EVENT:ON_ATTACKABLE_KILL:COMPLETED:epoch=274967318402200:reserve=275047596408100:submit=275047596415700:executorEntered=275050096625700:start=275050096626100:bodyExit=275050096659400:bodyOutcome=SUCCESS:end=275050096659500:delayMs=2500:future=done=false,cancelled=false,dueMs=0, 3847:EVENT:ON_ATTACKABLE_KILL:COMPLETED:epoch=274967318402200:reserve=275065898903200:submit=275065898909400:executorEntered=275068399675700:start=275068399676600:bodyExit=275068399728700:bodyOutcome=SUCCESS:end=275068399728800:delayMs=2500:future=done=false,cancelled=false,dueMs=0]
275086463184500	85f7dac7a83ecc2c8a0bffef87ac1a59780109cc	278	274967118203600	OPEN	[4922:EVENT:ON_ATTACKABLE_KILL:SUBMITTED:epoch=274967118203600:reserve=275086399067500:submit=275086399085000:executorEntered=0:start=0:bodyExit=0:bodyOutcome=NOT_ENTERED:end=0:delayMs=2500:future=done=false,cancelled=false,dueMs=2435]	[4671:EVENT:ON_ATTACKABLE_KILL:COMPLETED:epoch=274967118203600:reserve=275080596893200:submit=275080596899600:executorEntered=275083097597600:start=275083097599400:bodyExit=275083097655500:bodyOutcome=SUCCESS:end=275083097655600:delayMs=2500:future=done=false,cancelled=false,dueMs=0, 4921:EVENT:ON_PLAYER_LEVEL_CHANGED:COMPLETED:epoch=274967118203600:reserve=275086398528900:submit=275086398571800:executorEntered=275086398669700:start=275086398670000:bodyExit=275086398730100:bodyOutcome=SUCCESS:end=275086398730300:delayMs=0:future=NONE]
275087474529400	85f7dac7a83ecc2c8a0bffef87ac1a59780109cc	404	274967318402200	OPEN	[]	[3044:EVENT:ON_ATTACKABLE_KILL:COMPLETED:epoch=274967318402200:reserve=275043697454300:submit=275043697461500:executorEntered=275046197667700:start=275046197669100:bodyExit=275046197717700:bodyOutcome=SUCCESS:end=275046197717800:delayMs=2500:future=done=false,cancelled=false,dueMs=0, 3191:EVENT:ON_ATTACKABLE_KILL:COMPLETED:epoch=274967318402200:reserve=275047596408100:submit=275047596415700:executorEntered=275050096625700:start=275050096626100:bodyExit=275050096659400:bodyOutcome=SUCCESS:end=275050096659500:delayMs=2500:future=done=false,cancelled=false,dueMs=0, 3847:EVENT:ON_ATTACKABLE_KILL:COMPLETED:epoch=274967318402200:reserve=275065898903200:submit=275065898909400:executorEntered=275068399675700:start=275068399676600:bodyExit=275068399728700:bodyOutcome=SUCCESS:end=275068399728800:delayMs=2500:future=done=false,cancelled=false,dueMs=0, 4589:EVENT:ON_ATTACKABLE_KILL:COMPLETED:epoch=274967318402200:reserve=275084797980300:submit=275084797988700:executorEntered=275087299566200:start=275087299567600:bodyExit=275087299610200:bodyOutcome=SUCCESS:end=275087299610300:delayMs=2500:future=done=false,cancelled=false,dueMs=-1]
275087474529400	85f7dac7a83ecc2c8a0bffef87ac1a59780109cc	278	274967118203600	OPEN	[4922:EVENT:ON_ATTACKABLE_KILL:SUBMITTED:epoch=274967118203600:reserve=275086399067500:submit=275086399085000:executorEntered=0:start=0:bodyExit=0:bodyOutcome=NOT_ENTERED:end=0:delayMs=2500:future=done=false,cancelled=false,dueMs=1423]	[4671:EVENT:ON_ATTACKABLE_KILL:COMPLETED:epoch=274967118203600:reserve=275080596893200:submit=275080596899600:executorEntered=275083097597600:start=275083097599400:bodyExit=275083097655500:bodyOutcome=SUCCESS:end=275083097655600:delayMs=2500:future=done=false,cancelled=false,dueMs=0, 4921:EVENT:ON_PLAYER_LEVEL_CHANGED:COMPLETED:epoch=274967118203600:reserve=275086398528900:submit=275086398571800:executorEntered=275086398669700:start=275086398670000:bodyExit=275086398730100:bodyOutcome=SUCCESS:end=275086398730300:delayMs=0:future=NONE]
275088484512100	85f7dac7a83ecc2c8a0bffef87ac1a59780109cc	278	274967118203600	OPEN	[4922:EVENT:ON_ATTACKABLE_KILL:SUBMITTED:epoch=274967118203600:reserve=275086399067500:submit=275086399085000:executorEntered=0:start=0:bodyExit=0:bodyOutcome=NOT_ENTERED:end=0:delayMs=2500:future=done=false,cancelled=false,dueMs=414]	[4671:EVENT:ON_ATTACKABLE_KILL:COMPLETED:epoch=274967118203600:reserve=275080596893200:submit=275080596899600:executorEntered=275083097597600:start=275083097599400:bodyExit=275083097655500:bodyOutcome=SUCCESS:end=275083097655600:delayMs=2500:future=done=false,cancelled=false,dueMs=0, 4921:EVENT:ON_PLAYER_LEVEL_CHANGED:COMPLETED:epoch=274967118203600:reserve=275086398528900:submit=275086398571800:executorEntered=275086398669700:start=275086398670000:bodyExit=275086398730100:bodyOutcome=SUCCESS:end=275086398730300:delayMs=0:future=NONE]
275089495350000	85f7dac7a83ecc2c8a0bffef87ac1a59780109cc	278	274967118203600	OPEN	[]	[4671:EVENT:ON_ATTACKABLE_KILL:COMPLETED:epoch=274967118203600:reserve=275080596893200:submit=275080596899600:executorEntered=275083097597600:start=275083097599400:bodyExit=275083097655500:bodyOutcome=SUCCESS:end=275083097655600:delayMs=2500:future=done=false,cancelled=false,dueMs=0, 4921:EVENT:ON_PLAYER_LEVEL_CHANGED:COMPLETED:epoch=274967118203600:reserve=275086398528900:submit=275086398571800:executorEntered=275086398669700:start=275086398670000:bodyExit=275086398730100:bodyOutcome=SUCCESS:end=275086398730300:delayMs=0:future=NONE, 4922:EVENT:ON_ATTACKABLE_KILL:COMPLETED:epoch=274967118203600:reserve=275086399067500:submit=275086399085000:executorEntered=275088900381400:start=275088900383300:bodyExit=275088900436700:bodyOutcome=SUCCESS:end=275088900437200:delayMs=2500:future=done=false,cancelled=false,dueMs=-1]
275092524698900	85f7dac7a83ecc2c8a0bffef87ac1a59780109cc	260	274966833788800	OPEN	[5066:EVENT:ON_ATTACKABLE_KILL:SUBMITTED:epoch=274966833788800:reserve=275092039049000:submit=275092039060800:executorEntered=0:start=0:bodyExit=0:bodyOutcome=NOT_ENTERED:end=0:delayMs=2500:future=done=false,cancelled=false,dueMs=2014]	[346:EVENT:ON_PLAYER_LEVEL_CHANGED:COMPLETED:epoch=274966833788800:reserve=274975000313500:submit=274975000329100:executorEntered=274975000421500:start=274975000422000:bodyExit=274975000465500:bodyOutcome=SUCCESS:end=274975000465900:delayMs=0:future=NONE, 2784:EVENT:ON_ATTACKABLE_KILL:COMPLETED:epoch=274966833788800:reserve=275034997611800:submit=275034997621200:executorEntered=275037498667600:start=275037498668200:bodyExit=275037498731600:bodyOutcome=SUCCESS:end=275037498731700:delayMs=2500:future=done=false,cancelled=false,dueMs=-1, 4493:EVENT:ON_ATTACKABLE_KILL:COMPLETED:epoch=274966833788800:reserve=275080597371500:submit=275080597382700:executorEntered=275083097607400:start=275083097608100:bodyExit=275083097655600:bodyOutcome=SUCCESS:end=275083097655700:delayMs=2500:future=done=false,cancelled=false,dueMs=0]
275093534373200	85f7dac7a83ecc2c8a0bffef87ac1a59780109cc	260	274966833788800	OPEN	[5066:EVENT:ON_ATTACKABLE_KILL:SUBMITTED:epoch=274966833788800:reserve=275092039049000:submit=275092039060800:executorEntered=0:start=0:bodyExit=0:bodyOutcome=NOT_ENTERED:end=0:delayMs=2500:future=done=false,cancelled=false,dueMs=1004]	[346:EVENT:ON_PLAYER_LEVEL_CHANGED:COMPLETED:epoch=274966833788800:reserve=274975000313500:submit=274975000329100:executorEntered=274975000421500:start=274975000422000:bodyExit=274975000465500:bodyOutcome=SUCCESS:end=274975000465900:delayMs=0:future=NONE, 2784:EVENT:ON_ATTACKABLE_KILL:COMPLETED:epoch=274966833788800:reserve=275034997611800:submit=275034997621200:executorEntered=275037498667600:start=275037498668200:bodyExit=275037498731600:bodyOutcome=SUCCESS:end=275037498731700:delayMs=2500:future=done=false,cancelled=false,dueMs=-1, 4493:EVENT:ON_ATTACKABLE_KILL:COMPLETED:epoch=274966833788800:reserve=275080597371500:submit=275080597382700:executorEntered=275083097607400:start=275083097608100:bodyExit=275083097655600:bodyOutcome=SUCCESS:end=275083097655700:delayMs=2500:future=done=false,cancelled=false,dueMs=0]
275094544643400	85f7dac7a83ecc2c8a0bffef87ac1a59780109cc	260	274966833788800	OPEN	[]	[346:EVENT:ON_PLAYER_LEVEL_CHANGED:COMPLETED:epoch=274966833788800:reserve=274975000313500:submit=274975000329100:executorEntered=274975000421500:start=274975000422000:bodyExit=274975000465500:bodyOutcome=SUCCESS:end=274975000465900:delayMs=0:future=NONE, 2784:EVENT:ON_ATTACKABLE_KILL:COMPLETED:epoch=274966833788800:reserve=275034997611800:submit=275034997621200:executorEntered=275037498667600:start=275037498668200:bodyExit=275037498731600:bodyOutcome=SUCCESS:end=275037498731700:delayMs=2500:future=done=false,cancelled=false,dueMs=-1, 4493:EVENT:ON_ATTACKABLE_KILL:COMPLETED:epoch=274966833788800:reserve=275080597371500:submit=275080597382700:executorEntered=275083097607400:start=275083097608100:bodyExit=275083097655600:bodyOutcome=SUCCESS:end=275083097655700:delayMs=2500:future=done=false,cancelled=false,dueMs=0, 5066:EVENT:ON_ATTACKABLE_KILL:COMPLETED:epoch=274966833788800:reserve=275092039049000:submit=275092039060800:executorEntered=275094539653900:start=275094539655600:bodyExit=275094539719800:bodyOutcome=SUCCESS:end=275094539719900:delayMs=2500:future=done=false,cancelled=false,dueMs=0]
275097571597200	85f7dac7a83ecc2c8a0bffef87ac1a59780109cc	260	274966833788800	OPEN	[5292:EVENT:ON_ATTACKABLE_KILL:SUBMITTED:epoch=274966833788800:reserve=275097398114400:submit=275097398124100:executorEntered=0:start=0:bodyExit=0:bodyOutcome=NOT_ENTERED:end=0:delayMs=2500:future=done=false,cancelled=false,dueMs=2326]	[346:EVENT:ON_PLAYER_LEVEL_CHANGED:COMPLETED:epoch=274966833788800:reserve=274975000313500:submit=274975000329100:executorEntered=274975000421500:start=274975000422000:bodyExit=274975000465500:bodyOutcome=SUCCESS:end=274975000465900:delayMs=0:future=NONE, 2784:EVENT:ON_ATTACKABLE_KILL:COMPLETED:epoch=274966833788800:reserve=275034997611800:submit=275034997621200:executorEntered=275037498667600:start=275037498668200:bodyExit=275037498731600:bodyOutcome=SUCCESS:end=275037498731700:delayMs=2500:future=done=false,cancelled=false,dueMs=-1, 4493:EVENT:ON_ATTACKABLE_KILL:COMPLETED:epoch=274966833788800:reserve=275080597371500:submit=275080597382700:executorEntered=275083097607400:start=275083097608100:bodyExit=275083097655600:bodyOutcome=SUCCESS:end=275083097655700:delayMs=2500:future=done=false,cancelled=false,dueMs=0, 5066:EVENT:ON_ATTACKABLE_KILL:COMPLETED:epoch=274966833788800:reserve=275092039049000:submit=275092039060800:executorEntered=275094539653900:start=275094539655600:bodyExit=275094539719800:bodyOutcome=SUCCESS:end=275094539719900:delayMs=2500:future=done=false,cancelled=false,dueMs=0]
275098579781700	85f7dac7a83ecc2c8a0bffef87ac1a59780109cc	260	274966833788800	OPEN	[5292:EVENT:ON_ATTACKABLE_KILL:SUBMITTED:epoch=274966833788800:reserve=275097398114400:submit=275097398124100:executorEntered=0:start=0:bodyExit=0:bodyOutcome=NOT_ENTERED:end=0:delayMs=2500:future=done=false,cancelled=false,dueMs=1318]	[346:EVENT:ON_PLAYER_LEVEL_CHANGED:COMPLETED:epoch=274966833788800:reserve=274975000313500:submit=274975000329100:executorEntered=274975000421500:start=274975000422000:bodyExit=274975000465500:bodyOutcome=SUCCESS:end=274975000465900:delayMs=0:future=NONE, 2784:EVENT:ON_ATTACKABLE_KILL:COMPLETED:epoch=274966833788800:reserve=275034997611800:submit=275034997621200:executorEntered=275037498667600:start=275037498668200:bodyExit=275037498731600:bodyOutcome=SUCCESS:end=275037498731700:delayMs=2500:future=done=false,cancelled=false,dueMs=-1, 4493:EVENT:ON_ATTACKABLE_KILL:COMPLETED:epoch=274966833788800:reserve=275080597371500:submit=275080597382700:executorEntered=275083097607400:start=275083097608100:bodyExit=275083097655600:bodyOutcome=SUCCESS:end=275083097655700:delayMs=2500:future=done=false,cancelled=false,dueMs=0, 5066:EVENT:ON_ATTACKABLE_KILL:COMPLETED:epoch=274966833788800:reserve=275092039049000:submit=275092039060800:executorEntered=275094539653900:start=275094539655600:bodyExit=275094539719800:bodyOutcome=SUCCESS:end=275094539719900:delayMs=2500:future=done=false,cancelled=false,dueMs=0]
275099590079500	85f7dac7a83ecc2c8a0bffef87ac1a59780109cc	260	274966833788800	OPEN	[5292:EVENT:ON_ATTACKABLE_KILL:SUBMITTED:epoch=274966833788800:reserve=275097398114400:submit=275097398124100:executorEntered=0:start=0:bodyExit=0:bodyOutcome=NOT_ENTERED:end=0:delayMs=2500:future=done=false,cancelled=false,dueMs=308]	[346:EVENT:ON_PLAYER_LEVEL_CHANGED:COMPLETED:epoch=274966833788800:reserve=274975000313500:submit=274975000329100:executorEntered=274975000421500:start=274975000422000:bodyExit=274975000465500:bodyOutcome=SUCCESS:end=274975000465900:delayMs=0:future=NONE, 2784:EVENT:ON_ATTACKABLE_KILL:COMPLETED:epoch=274966833788800:reserve=275034997611800:submit=275034997621200:executorEntered=275037498667600:start=275037498668200:bodyExit=275037498731600:bodyOutcome=SUCCESS:end=275037498731700:delayMs=2500:future=done=false,cancelled=false,dueMs=-1, 4493:EVENT:ON_ATTACKABLE_KILL:COMPLETED:epoch=274966833788800:reserve=275080597371500:submit=275080597382700:executorEntered=275083097607400:start=275083097608100:bodyExit=275083097655600:bodyOutcome=SUCCESS:end=275083097655700:delayMs=2500:future=done=false,cancelled=false,dueMs=0, 5066:EVENT:ON_ATTACKABLE_KILL:COMPLETED:epoch=274966833788800:reserve=275092039049000:submit=275092039060800:executorEntered=275094539653900:start=275094539655600:bodyExit=275094539719800:bodyOutcome=SUCCESS:end=275094539719900:delayMs=2500:future=done=false,cancelled=false,dueMs=0]
275100597696100	85f7dac7a83ecc2c8a0bffef87ac1a59780109cc	260	274966833788800	OPEN	[]	[346:EVENT:ON_PLAYER_LEVEL_CHANGED:COMPLETED:epoch=274966833788800:reserve=274975000313500:submit=274975000329100:executorEntered=274975000421500:start=274975000422000:bodyExit=274975000465500:bodyOutcome=SUCCESS:end=274975000465900:delayMs=0:future=NONE, 2784:EVENT:ON_ATTACKABLE_KILL:COMPLETED:epoch=274966833788800:reserve=275034997611800:submit=275034997621200:executorEntered=275037498667600:start=275037498668200:bodyExit=275037498731600:bodyOutcome=SUCCESS:end=275037498731700:delayMs=2500:future=done=false,cancelled=false,dueMs=-1, 4493:EVENT:ON_ATTACKABLE_KILL:COMPLETED:epoch=274966833788800:reserve=275080597371500:submit=275080597382700:executorEntered=275083097607400:start=275083097608100:bodyExit=275083097655600:bodyOutcome=SUCCESS:end=275083097655700:delayMs=2500:future=done=false,cancelled=false,dueMs=0, 5066:EVENT:ON_ATTACKABLE_KILL:COMPLETED:epoch=274966833788800:reserve=275092039049000:submit=275092039060800:executorEntered=275094539653900:start=275094539655600:bodyExit=275094539719800:bodyOutcome=SUCCESS:end=275094539719900:delayMs=2500:future=done=false,cancelled=false,dueMs=0, 5292:EVENT:ON_ATTACKABLE_KILL:COMPLETED:epoch=274966833788800:reserve=275097398114400:submit=275097398124100:executorEntered=275099898748100:start=275099898749300:bodyExit=275099898824100:bodyOutcome=SUCCESS:end=275099898824300:delayMs=2500:future=done=false,cancelled=false,dueMs=0]
275101607450200	85f7dac7a83ecc2c8a0bffef87ac1a59780109cc	142	274966420050900	OPEN	[6427:EVENT:ON_ATTACKABLE_KILL:SUBMITTED:epoch=274966420050900:reserve=275101516509200:submit=275101516523200:executorEntered=0:start=0:bodyExit=0:bodyOutcome=NOT_ENTERED:end=0:delayMs=2500:future=done=false,cancelled=false,dueMs=2408]	[465:EVENT:ON_ATTACKABLE_KILL:COMPLETED:epoch=274966420050900:reserve=274975114812100:submit=274975114836600:executorEntered=274977616685400:start=274977616686600:bodyExit=274977616735800:bodyOutcome=SUCCESS:end=274977616736300:delayMs=2500:future=done=false,cancelled=false,dueMs=-1, 6423:EVENT:ON_PLAYER_LEVEL_CHANGED:COMPLETED:epoch=274966420050900:reserve=275101515811100:submit=275101515882000:executorEntered=275101515949100:start=275101515949700:bodyExit=275101516016300:bodyOutcome=SUCCESS:end=275101516016500:delayMs=0:future=NONE]
275102619689300	85f7dac7a83ecc2c8a0bffef87ac1a59780109cc	142	274966420050900	OPEN	[6427:EVENT:ON_ATTACKABLE_KILL:SUBMITTED:epoch=274966420050900:reserve=275101516509200:submit=275101516523200:executorEntered=0:start=0:bodyExit=0:bodyOutcome=NOT_ENTERED:end=0:delayMs=2500:future=done=false,cancelled=false,dueMs=1396]	[465:EVENT:ON_ATTACKABLE_KILL:COMPLETED:epoch=274966420050900:reserve=274975114812100:submit=274975114836600:executorEntered=274977616685400:start=274977616686600:bodyExit=274977616735800:bodyOutcome=SUCCESS:end=274977616736300:delayMs=2500:future=done=false,cancelled=false,dueMs=-1, 6423:EVENT:ON_PLAYER_LEVEL_CHANGED:COMPLETED:epoch=274966420050900:reserve=275101515811100:submit=275101515882000:executorEntered=275101515949100:start=275101515949700:bodyExit=275101516016300:bodyOutcome=SUCCESS:end=275101516016500:delayMs=0:future=NONE]
275103629433800	85f7dac7a83ecc2c8a0bffef87ac1a59780109cc	142	274966420050900	OPEN	[6427:EVENT:ON_ATTACKABLE_KILL:SUBMITTED:epoch=274966420050900:reserve=275101516509200:submit=275101516523200:executorEntered=0:start=0:bodyExit=0:bodyOutcome=NOT_ENTERED:end=0:delayMs=2500:future=done=false,cancelled=false,dueMs=387]	[465:EVENT:ON_ATTACKABLE_KILL:COMPLETED:epoch=274966420050900:reserve=274975114812100:submit=274975114836600:executorEntered=274977616685400:start=274977616686600:bodyExit=274977616735800:bodyOutcome=SUCCESS:end=274977616736300:delayMs=2500:future=done=false,cancelled=false,dueMs=-1, 6423:EVENT:ON_PLAYER_LEVEL_CHANGED:COMPLETED:epoch=274966420050900:reserve=275101515811100:submit=275101515882000:executorEntered=275101515949100:start=275101515949700:bodyExit=275101516016300:bodyOutcome=SUCCESS:end=275101516016500:delayMs=0:future=NONE]
275104641451000	85f7dac7a83ecc2c8a0bffef87ac1a59780109cc	142	274966420050900	OPEN	[]	[465:EVENT:ON_ATTACKABLE_KILL:COMPLETED:epoch=274966420050900:reserve=274975114812100:submit=274975114836600:executorEntered=274977616685400:start=274977616686600:bodyExit=274977616735800:bodyOutcome=SUCCESS:end=274977616736300:delayMs=2500:future=done=false,cancelled=false,dueMs=-1, 6423:EVENT:ON_PLAYER_LEVEL_CHANGED:COMPLETED:epoch=274966420050900:reserve=275101515811100:submit=275101515882000:executorEntered=275101515949100:start=275101515949700:bodyExit=275101516016300:bodyOutcome=SUCCESS:end=275101516016500:delayMs=0:future=NONE, 6427:EVENT:ON_ATTACKABLE_KILL:COMPLETED:epoch=274966420050900:reserve=275101516509200:submit=275101516523200:executorEntered=275104017427700:start=275104017428100:bodyExit=275104017484500:bodyOutcome=SUCCESS:end=275104017484600:delayMs=2500:future=done=false,cancelled=false,dueMs=0]
275112724528800	85f7dac7a83ecc2c8a0bffef87ac1a59780109cc	110	274966120014400	OPEN	[6019:EVENT:ON_ATTACKABLE_KILL:SUBMITTED:epoch=274966120014400:reserve=275112097430100:submit=275112097438300:executorEntered=0:start=0:bodyExit=0:bodyOutcome=NOT_ENTERED:end=0:delayMs=2500:future=done=false,cancelled=false,dueMs=1872]	[425:EVENT:ON_PLAYER_LEVEL_CHANGED:COMPLETED:epoch=274966120014400:reserve=274974997360700:submit=274974997394800:executorEntered=274974997460000:start=274974997460500:bodyExit=274974997740600:bodyOutcome=SUCCESS:end=274974997741000:delayMs=0:future=NONE, 426:EVENT:ON_ATTACKABLE_KILL:COMPLETED:epoch=274966120014400:reserve=274975000574800:submit=274975000582700:executorEntered=274977501549400:start=274977501550900:bodyExit=274977501639200:bodyOutcome=SUCCESS:end=274977501639800:delayMs=2500:future=done=false,cancelled=false,dueMs=-1, 591:EVENT:ON_ATTACKABLE_KILL:COMPLETED:epoch=274966120014400:reserve=274979196024500:submit=274979196032400:executorEntered=274981696715800:start=274981696717100:bodyExit=274981696778700:bodyOutcome=SUCCESS:end=274981696778800:delayMs=2500:future=done=false,cancelled=false,dueMs=0, 927:EVENT:ON_ATTACKABLE_KILL:COMPLETED:epoch=274966120014400:reserve=274986248336900:submit=274986248347200:executorEntered=274988748868100:start=274988748868900:bodyExit=274988748913800:bodyOutcome=SUCCESS:end=274988748914000:delayMs=2500:future=done=false,cancelled=false,dueMs=0, 1516:EVENT:ON_ATTACKABLE_KILL:COMPLETED:epoch=274966120014400:reserve=275002599331100:submit=275002599352900:executorEntered=275005100686700:start=275005100687100:bodyExit=275005100724400:bodyOutcome=SUCCESS:end=275005100724700:delayMs=2500:future=done=false,cancelled=false,dueMs=-1, 1793:EVENT:ON_ATTACKABLE_KILL:COMPLETED:epoch=274966120014400:reserve=275008296025500:submit=275008296033000:executorEntered=275010796403800:start=275010796405100:bodyExit=275010796461800:bodyOutcome=SUCCESS:end=275010796461900:delayMs=2500:future=done=false,cancelled=false,dueMs=0]
275113736804900	85f7dac7a83ecc2c8a0bffef87ac1a59780109cc	110	274966120014400	OPEN	[6019:EVENT:ON_ATTACKABLE_KILL:SUBMITTED:epoch=274966120014400:reserve=275112097430100:submit=275112097438300:executorEntered=0:start=0:bodyExit=0:bodyOutcome=NOT_ENTERED:end=0:delayMs=2500:future=done=false,cancelled=false,dueMs=860]	[425:EVENT:ON_PLAYER_LEVEL_CHANGED:COMPLETED:epoch=274966120014400:reserve=274974997360700:submit=274974997394800:executorEntered=274974997460000:start=274974997460500:bodyExit=274974997740600:bodyOutcome=SUCCESS:end=274974997741000:delayMs=0:future=NONE, 426:EVENT:ON_ATTACKABLE_KILL:COMPLETED:epoch=274966120014400:reserve=274975000574800:submit=274975000582700:executorEntered=274977501549400:start=274977501550900:bodyExit=274977501639200:bodyOutcome=SUCCESS:end=274977501639800:delayMs=2500:future=done=false,cancelled=false,dueMs=-1, 591:EVENT:ON_ATTACKABLE_KILL:COMPLETED:epoch=274966120014400:reserve=274979196024500:submit=274979196032400:executorEntered=274981696715800:start=274981696717100:bodyExit=274981696778700:bodyOutcome=SUCCESS:end=274981696778800:delayMs=2500:future=done=false,cancelled=false,dueMs=0, 927:EVENT:ON_ATTACKABLE_KILL:COMPLETED:epoch=274966120014400:reserve=274986248336900:submit=274986248347200:executorEntered=274988748868100:start=274988748868900:bodyExit=274988748913800:bodyOutcome=SUCCESS:end=274988748914000:delayMs=2500:future=done=false,cancelled=false,dueMs=0, 1516:EVENT:ON_ATTACKABLE_KILL:COMPLETED:epoch=274966120014400:reserve=275002599331100:submit=275002599352900:executorEntered=275005100686700:start=275005100687100:bodyExit=275005100724400:bodyOutcome=SUCCESS:end=275005100724700:delayMs=2500:future=done=false,cancelled=false,dueMs=-1, 1793:EVENT:ON_ATTACKABLE_KILL:COMPLETED:epoch=274966120014400:reserve=275008296025500:submit=275008296033000:executorEntered=275010796403800:start=275010796405100:bodyExit=275010796461800:bodyOutcome=SUCCESS:end=275010796461900:delayMs=2500:future=done=false,cancelled=false,dueMs=0]
275114744504300	85f7dac7a83ecc2c8a0bffef87ac1a59780109cc	110	274966120014400	OPEN	[]	[425:EVENT:ON_PLAYER_LEVEL_CHANGED:COMPLETED:epoch=274966120014400:reserve=274974997360700:submit=274974997394800:executorEntered=274974997460000:start=274974997460500:bodyExit=274974997740600:bodyOutcome=SUCCESS:end=274974997741000:delayMs=0:future=NONE, 426:EVENT:ON_ATTACKABLE_KILL:COMPLETED:epoch=274966120014400:reserve=274975000574800:submit=274975000582700:executorEntered=274977501549400:start=274977501550900:bodyExit=274977501639200:bodyOutcome=SUCCESS:end=274977501639800:delayMs=2500:future=done=false,cancelled=false,dueMs=-1, 591:EVENT:ON_ATTACKABLE_KILL:COMPLETED:epoch=274966120014400:reserve=274979196024500:submit=274979196032400:executorEntered=274981696715800:start=274981696717100:bodyExit=274981696778700:bodyOutcome=SUCCESS:end=274981696778800:delayMs=2500:future=done=false,cancelled=false,dueMs=0, 927:EVENT:ON_ATTACKABLE_KILL:COMPLETED:epoch=274966120014400:reserve=274986248336900:submit=274986248347200:executorEntered=274988748868100:start=274988748868900:bodyExit=274988748913800:bodyOutcome=SUCCESS:end=274988748914000:delayMs=2500:future=done=false,cancelled=false,dueMs=0, 1516:EVENT:ON_ATTACKABLE_KILL:COMPLETED:epoch=274966120014400:reserve=275002599331100:submit=275002599352900:executorEntered=275005100686700:start=275005100687100:bodyExit=275005100724400:bodyOutcome=SUCCESS:end=275005100724700:delayMs=2500:future=done=false,cancelled=false,dueMs=-1, 1793:EVENT:ON_ATTACKABLE_KILL:COMPLETED:epoch=274966120014400:reserve=275008296025500:submit=275008296033000:executorEntered=275010796403800:start=275010796405100:bodyExit=275010796461800:bodyOutcome=SUCCESS:end=275010796461900:delayMs=2500:future=done=false,cancelled=false,dueMs=0, 6019:EVENT:ON_ATTACKABLE_KILL:COMPLETED:epoch=274966120014400:reserve=275112097430100:submit=275112097438300:executorEntered=275114597509800:start=275114597510800:bodyExit=275114597549500:bodyOutcome=SUCCESS:end=275114597549500:delayMs=2500:future=done=false,cancelled=false,dueMs=0]
275115754708100	85f7dac7a83ecc2c8a0bffef87ac1a59780109cc	260	274966833788800	OPEN	[6276:EVENT:ON_ATTACKABLE_KILL:SUBMITTED:epoch=274966833788800:reserve=275115695774500:submit=275115695786900:executorEntered=0:start=0:bodyExit=0:bodyOutcome=NOT_ENTERED:end=0:delayMs=2500:future=done=false,cancelled=false,dueMs=2441]	[346:EVENT:ON_PLAYER_LEVEL_CHANGED:COMPLETED:epoch=274966833788800:reserve=274975000313500:submit=274975000329100:executorEntered=274975000421500:start=274975000422000:bodyExit=274975000465500:bodyOutcome=SUCCESS:end=274975000465900:delayMs=0:future=NONE, 2784:EVENT:ON_ATTACKABLE_KILL:COMPLETED:epoch=274966833788800:reserve=275034997611800:submit=275034997621200:executorEntered=275037498667600:start=275037498668200:bodyExit=275037498731600:bodyOutcome=SUCCESS:end=275037498731700:delayMs=2500:future=done=false,cancelled=false,dueMs=-1, 4493:EVENT:ON_ATTACKABLE_KILL:COMPLETED:epoch=274966833788800:reserve=275080597371500:submit=275080597382700:executorEntered=275083097607400:start=275083097608100:bodyExit=275083097655600:bodyOutcome=SUCCESS:end=275083097655700:delayMs=2500:future=done=false,cancelled=false,dueMs=0, 5066:EVENT:ON_ATTACKABLE_KILL:COMPLETED:epoch=274966833788800:reserve=275092039049000:submit=275092039060800:executorEntered=275094539653900:start=275094539655600:bodyExit=275094539719800:bodyOutcome=SUCCESS:end=275094539719900:delayMs=2500:future=done=false,cancelled=false,dueMs=0, 5292:EVENT:ON_ATTACKABLE_KILL:COMPLETED:epoch=274966833788800:reserve=275097398114400:submit=275097398124100:executorEntered=275099898748100:start=275099898749300:bodyExit=275099898824100:bodyOutcome=SUCCESS:end=275099898824300:delayMs=2500:future=done=false,cancelled=false,dueMs=0]
275116767757200	85f7dac7a83ecc2c8a0bffef87ac1a59780109cc	260	274966833788800	OPEN	[6276:EVENT:ON_ATTACKABLE_KILL:SUBMITTED:epoch=274966833788800:reserve=275115695774500:submit=275115695786900:executorEntered=0:start=0:bodyExit=0:bodyOutcome=NOT_ENTERED:end=0:delayMs=2500:future=done=false,cancelled=false,dueMs=1427]	[346:EVENT:ON_PLAYER_LEVEL_CHANGED:COMPLETED:epoch=274966833788800:reserve=274975000313500:submit=274975000329100:executorEntered=274975000421500:start=274975000422000:bodyExit=274975000465500:bodyOutcome=SUCCESS:end=274975000465900:delayMs=0:future=NONE, 2784:EVENT:ON_ATTACKABLE_KILL:COMPLETED:epoch=274966833788800:reserve=275034997611800:submit=275034997621200:executorEntered=275037498667600:start=275037498668200:bodyExit=275037498731600:bodyOutcome=SUCCESS:end=275037498731700:delayMs=2500:future=done=false,cancelled=false,dueMs=-1, 4493:EVENT:ON_ATTACKABLE_KILL:COMPLETED:epoch=274966833788800:reserve=275080597371500:submit=275080597382700:executorEntered=275083097607400:start=275083097608100:bodyExit=275083097655600:bodyOutcome=SUCCESS:end=275083097655700:delayMs=2500:future=done=false,cancelled=false,dueMs=0, 5066:EVENT:ON_ATTACKABLE_KILL:COMPLETED:epoch=274966833788800:reserve=275092039049000:submit=275092039060800:executorEntered=275094539653900:start=275094539655600:bodyExit=275094539719800:bodyOutcome=SUCCESS:end=275094539719900:delayMs=2500:future=done=false,cancelled=false,dueMs=0, 5292:EVENT:ON_ATTACKABLE_KILL:COMPLETED:epoch=274966833788800:reserve=275097398114400:submit=275097398124100:executorEntered=275099898748100:start=275099898749300:bodyExit=275099898824100:bodyOutcome=SUCCESS:end=275099898824300:delayMs=2500:future=done=false,cancelled=false,dueMs=0]
275117777522200	85f7dac7a83ecc2c8a0bffef87ac1a59780109cc	260	274966833788800	OPEN	[6276:EVENT:ON_ATTACKABLE_KILL:SUBMITTED:epoch=274966833788800:reserve=275115695774500:submit=275115695786900:executorEntered=0:start=0:bodyExit=0:bodyOutcome=NOT_ENTERED:end=0:delayMs=2500:future=done=false,cancelled=false,dueMs=418]	[346:EVENT:ON_PLAYER_LEVEL_CHANGED:COMPLETED:epoch=274966833788800:reserve=274975000313500:submit=274975000329100:executorEntered=274975000421500:start=274975000422000:bodyExit=274975000465500:bodyOutcome=SUCCESS:end=274975000465900:delayMs=0:future=NONE, 2784:EVENT:ON_ATTACKABLE_KILL:COMPLETED:epoch=274966833788800:reserve=275034997611800:submit=275034997621200:executorEntered=275037498667600:start=275037498668200:bodyExit=275037498731600:bodyOutcome=SUCCESS:end=275037498731700:delayMs=2500:future=done=false,cancelled=false,dueMs=-1, 4493:EVENT:ON_ATTACKABLE_KILL:COMPLETED:epoch=274966833788800:reserve=275080597371500:submit=275080597382700:executorEntered=275083097607400:start=275083097608100:bodyExit=275083097655600:bodyOutcome=SUCCESS:end=275083097655700:delayMs=2500:future=done=false,cancelled=false,dueMs=0, 5066:EVENT:ON_ATTACKABLE_KILL:COMPLETED:epoch=274966833788800:reserve=275092039049000:submit=275092039060800:executorEntered=275094539653900:start=275094539655600:bodyExit=275094539719800:bodyOutcome=SUCCESS:end=275094539719900:delayMs=2500:future=done=false,cancelled=false,dueMs=0, 5292:EVENT:ON_ATTACKABLE_KILL:COMPLETED:epoch=274966833788800:reserve=275097398114400:submit=275097398124100:executorEntered=275099898748100:start=275099898749300:bodyExit=275099898824100:bodyOutcome=SUCCESS:end=275099898824300:delayMs=2500:future=done=false,cancelled=false,dueMs=0]
275118789726300	85f7dac7a83ecc2c8a0bffef87ac1a59780109cc	260	274966833788800	OPEN	[]	[346:EVENT:ON_PLAYER_LEVEL_CHANGED:COMPLETED:epoch=274966833788800:reserve=274975000313500:submit=274975000329100:executorEntered=274975000421500:start=274975000422000:bodyExit=274975000465500:bodyOutcome=SUCCESS:end=274975000465900:delayMs=0:future=NONE, 2784:EVENT:ON_ATTACKABLE_KILL:COMPLETED:epoch=274966833788800:reserve=275034997611800:submit=275034997621200:executorEntered=275037498667600:start=275037498668200:bodyExit=275037498731600:bodyOutcome=SUCCESS:end=275037498731700:delayMs=2500:future=done=false,cancelled=false,dueMs=-1, 4493:EVENT:ON_ATTACKABLE_KILL:COMPLETED:epoch=274966833788800:reserve=275080597371500:submit=275080597382700:executorEntered=275083097607400:start=275083097608100:bodyExit=275083097655600:bodyOutcome=SUCCESS:end=275083097655700:delayMs=2500:future=done=false,cancelled=false,dueMs=0, 5066:EVENT:ON_ATTACKABLE_KILL:COMPLETED:epoch=274966833788800:reserve=275092039049000:submit=275092039060800:executorEntered=275094539653900:start=275094539655600:bodyExit=275094539719800:bodyOutcome=SUCCESS:end=275094539719900:delayMs=2500:future=done=false,cancelled=false,dueMs=0, 5292:EVENT:ON_ATTACKABLE_KILL:COMPLETED:epoch=274966833788800:reserve=275097398114400:submit=275097398124100:executorEntered=275099898748100:start=275099898749300:bodyExit=275099898824100:bodyOutcome=SUCCESS:end=275099898824300:delayMs=2500:future=done=false,cancelled=false,dueMs=0, 6276:EVENT:ON_ATTACKABLE_KILL:COMPLETED:epoch=274966833788800:reserve=275115695774500:submit=275115695786900:executorEntered=275118196657400:start=275118196659800:bodyExit=275118196714400:bodyOutcome=SUCCESS:end=275118196714600:delayMs=2500:future=done=false,cancelled=false,dueMs=0]
275120811743300	85f7dac7a83ecc2c8a0bffef87ac1a59780109cc	260	274966833788800	OPEN	[6452:EVENT:ON_ATTACKABLE_KILL:SUBMITTED:epoch=274966833788800:reserve=275119895744100:submit=275119895753500:executorEntered=0:start=0:bodyExit=0:bodyOutcome=NOT_ENTERED:end=0:delayMs=2500:future=done=false,cancelled=false,dueMs=1583]	[346:EVENT:ON_PLAYER_LEVEL_CHANGED:COMPLETED:epoch=274966833788800:reserve=274975000313500:submit=274975000329100:executorEntered=274975000421500:start=274975000422000:bodyExit=274975000465500:bodyOutcome=SUCCESS:end=274975000465900:delayMs=0:future=NONE, 2784:EVENT:ON_ATTACKABLE_KILL:COMPLETED:epoch=274966833788800:reserve=275034997611800:submit=275034997621200:executorEntered=275037498667600:start=275037498668200:bodyExit=275037498731600:bodyOutcome=SUCCESS:end=275037498731700:delayMs=2500:future=done=false,cancelled=false,dueMs=-1, 4493:EVENT:ON_ATTACKABLE_KILL:COMPLETED:epoch=274966833788800:reserve=275080597371500:submit=275080597382700:executorEntered=275083097607400:start=275083097608100:bodyExit=275083097655600:bodyOutcome=SUCCESS:end=275083097655700:delayMs=2500:future=done=false,cancelled=false,dueMs=0, 5066:EVENT:ON_ATTACKABLE_KILL:COMPLETED:epoch=274966833788800:reserve=275092039049000:submit=275092039060800:executorEntered=275094539653900:start=275094539655600:bodyExit=275094539719800:bodyOutcome=SUCCESS:end=275094539719900:delayMs=2500:future=done=false,cancelled=false,dueMs=0, 5292:EVENT:ON_ATTACKABLE_KILL:COMPLETED:epoch=274966833788800:reserve=275097398114400:submit=275097398124100:executorEntered=275099898748100:start=275099898749300:bodyExit=275099898824100:bodyOutcome=SUCCESS:end=275099898824300:delayMs=2500:future=done=false,cancelled=false,dueMs=0, 6276:EVENT:ON_ATTACKABLE_KILL:COMPLETED:epoch=274966833788800:reserve=275115695774500:submit=275115695786900:executorEntered=275118196657400:start=275118196659800:bodyExit=275118196714400:bodyOutcome=SUCCESS:end=275118196714600:delayMs=2500:future=done=false,cancelled=false,dueMs=0]
275120811743300	85f7dac7a83ecc2c8a0bffef87ac1a59780109cc	110	274966120014400	OPEN	[6369:EVENT:ON_ATTACKABLE_KILL:SUBMITTED:epoch=274966120014400:reserve=275120296763500:submit=275120296772000:executorEntered=0:start=0:bodyExit=0:bodyOutcome=NOT_ENTERED:end=0:delayMs=2500:future=done=false,cancelled=false,dueMs=1984]	[425:EVENT:ON_PLAYER_LEVEL_CHANGED:COMPLETED:epoch=274966120014400:reserve=274974997360700:submit=274974997394800:executorEntered=274974997460000:start=274974997460500:bodyExit=274974997740600:bodyOutcome=SUCCESS:end=274974997741000:delayMs=0:future=NONE, 426:EVENT:ON_ATTACKABLE_KILL:COMPLETED:epoch=274966120014400:reserve=274975000574800:submit=274975000582700:executorEntered=274977501549400:start=274977501550900:bodyExit=274977501639200:bodyOutcome=SUCCESS:end=274977501639800:delayMs=2500:future=done=false,cancelled=false,dueMs=-1, 591:EVENT:ON_ATTACKABLE_KILL:COMPLETED:epoch=274966120014400:reserve=274979196024500:submit=274979196032400:executorEntered=274981696715800:start=274981696717100:bodyExit=274981696778700:bodyOutcome=SUCCESS:end=274981696778800:delayMs=2500:future=done=false,cancelled=false,dueMs=0, 927:EVENT:ON_ATTACKABLE_KILL:COMPLETED:epoch=274966120014400:reserve=274986248336900:submit=274986248347200:executorEntered=274988748868100:start=274988748868900:bodyExit=274988748913800:bodyOutcome=SUCCESS:end=274988748914000:delayMs=2500:future=done=false,cancelled=false,dueMs=0, 1516:EVENT:ON_ATTACKABLE_KILL:COMPLETED:epoch=274966120014400:reserve=275002599331100:submit=275002599352900:executorEntered=275005100686700:start=275005100687100:bodyExit=275005100724400:bodyOutcome=SUCCESS:end=275005100724700:delayMs=2500:future=done=false,cancelled=false,dueMs=-1, 1793:EVENT:ON_ATTACKABLE_KILL:COMPLETED:epoch=274966120014400:reserve=275008296025500:submit=275008296033000:executorEntered=275010796403800:start=275010796405100:bodyExit=275010796461800:bodyOutcome=SUCCESS:end=275010796461900:delayMs=2500:future=done=false,cancelled=false,dueMs=0, 6019:EVENT:ON_ATTACKABLE_KILL:COMPLETED:epoch=274966120014400:reserve=275112097430100:submit=275112097438300:executorEntered=275114597509800:start=275114597510800:bodyExit=275114597549500:bodyOutcome=SUCCESS:end=275114597549500:delayMs=2500:future=done=false,cancelled=false,dueMs=0]
275121823318300	85f7dac7a83ecc2c8a0bffef87ac1a59780109cc	260	274966833788800	OPEN	[6452:EVENT:ON_ATTACKABLE_KILL:SUBMITTED:epoch=274966833788800:reserve=275119895744100:submit=275119895753500:executorEntered=0:start=0:bodyExit=0:bodyOutcome=NOT_ENTERED:end=0:delayMs=2500:future=done=false,cancelled=false,dueMs=572]	[346:EVENT:ON_PLAYER_LEVEL_CHANGED:COMPLETED:epoch=274966833788800:reserve=274975000313500:submit=274975000329100:executorEntered=274975000421500:start=274975000422000:bodyExit=274975000465500:bodyOutcome=SUCCESS:end=274975000465900:delayMs=0:future=NONE, 2784:EVENT:ON_ATTACKABLE_KILL:COMPLETED:epoch=274966833788800:reserve=275034997611800:submit=275034997621200:executorEntered=275037498667600:start=275037498668200:bodyExit=275037498731600:bodyOutcome=SUCCESS:end=275037498731700:delayMs=2500:future=done=false,cancelled=false,dueMs=-1, 4493:EVENT:ON_ATTACKABLE_KILL:COMPLETED:epoch=274966833788800:reserve=275080597371500:submit=275080597382700:executorEntered=275083097607400:start=275083097608100:bodyExit=275083097655600:bodyOutcome=SUCCESS:end=275083097655700:delayMs=2500:future=done=false,cancelled=false,dueMs=0, 5066:EVENT:ON_ATTACKABLE_KILL:COMPLETED:epoch=274966833788800:reserve=275092039049000:submit=275092039060800:executorEntered=275094539653900:start=275094539655600:bodyExit=275094539719800:bodyOutcome=SUCCESS:end=275094539719900:delayMs=2500:future=done=false,cancelled=false,dueMs=0, 5292:EVENT:ON_ATTACKABLE_KILL:COMPLETED:epoch=274966833788800:reserve=275097398114400:submit=275097398124100:executorEntered=275099898748100:start=275099898749300:bodyExit=275099898824100:bodyOutcome=SUCCESS:end=275099898824300:delayMs=2500:future=done=false,cancelled=false,dueMs=0, 6276:EVENT:ON_ATTACKABLE_KILL:COMPLETED:epoch=274966833788800:reserve=275115695774500:submit=275115695786900:executorEntered=275118196657400:start=275118196659800:bodyExit=275118196714400:bodyOutcome=SUCCESS:end=275118196714600:delayMs=2500:future=done=false,cancelled=false,dueMs=0]
275121823318300	85f7dac7a83ecc2c8a0bffef87ac1a59780109cc	110	274966120014400	OPEN	[6369:EVENT:ON_ATTACKABLE_KILL:SUBMITTED:epoch=274966120014400:reserve=275120296763500:submit=275120296772000:executorEntered=0:start=0:bodyExit=0:bodyOutcome=NOT_ENTERED:end=0:delayMs=2500:future=done=false,cancelled=false,dueMs=972]	[425:EVENT:ON_PLAYER_LEVEL_CHANGED:COMPLETED:epoch=274966120014400:reserve=274974997360700:submit=274974997394800:executorEntered=274974997460000:start=274974997460500:bodyExit=274974997740600:bodyOutcome=SUCCESS:end=274974997741000:delayMs=0:future=NONE, 426:EVENT:ON_ATTACKABLE_KILL:COMPLETED:epoch=274966120014400:reserve=274975000574800:submit=274975000582700:executorEntered=274977501549400:start=274977501550900:bodyExit=274977501639200:bodyOutcome=SUCCESS:end=274977501639800:delayMs=2500:future=done=false,cancelled=false,dueMs=-1, 591:EVENT:ON_ATTACKABLE_KILL:COMPLETED:epoch=274966120014400:reserve=274979196024500:submit=274979196032400:executorEntered=274981696715800:start=274981696717100:bodyExit=274981696778700:bodyOutcome=SUCCESS:end=274981696778800:delayMs=2500:future=done=false,cancelled=false,dueMs=0, 927:EVENT:ON_ATTACKABLE_KILL:COMPLETED:epoch=274966120014400:reserve=274986248336900:submit=274986248347200:executorEntered=274988748868100:start=274988748868900:bodyExit=274988748913800:bodyOutcome=SUCCESS:end=274988748914000:delayMs=2500:future=done=false,cancelled=false,dueMs=0, 1516:EVENT:ON_ATTACKABLE_KILL:COMPLETED:epoch=274966120014400:reserve=275002599331100:submit=275002599352900:executorEntered=275005100686700:start=275005100687100:bodyExit=275005100724400:bodyOutcome=SUCCESS:end=275005100724700:delayMs=2500:future=done=false,cancelled=false,dueMs=-1, 1793:EVENT:ON_ATTACKABLE_KILL:COMPLETED:epoch=274966120014400:reserve=275008296025500:submit=275008296033000:executorEntered=275010796403800:start=275010796405100:bodyExit=275010796461800:bodyOutcome=SUCCESS:end=275010796461900:delayMs=2500:future=done=false,cancelled=false,dueMs=0, 6019:EVENT:ON_ATTACKABLE_KILL:COMPLETED:epoch=274966120014400:reserve=275112097430100:submit=275112097438300:executorEntered=275114597509800:start=275114597510800:bodyExit=275114597549500:bodyOutcome=SUCCESS:end=275114597549500:delayMs=2500:future=done=false,cancelled=false,dueMs=0]
275122832562800	85f7dac7a83ecc2c8a0bffef87ac1a59780109cc	260	274966833788800	OPEN	[]	[346:EVENT:ON_PLAYER_LEVEL_CHANGED:COMPLETED:epoch=274966833788800:reserve=274975000313500:submit=274975000329100:executorEntered=274975000421500:start=274975000422000:bodyExit=274975000465500:bodyOutcome=SUCCESS:end=274975000465900:delayMs=0:future=NONE, 2784:EVENT:ON_ATTACKABLE_KILL:COMPLETED:epoch=274966833788800:reserve=275034997611800:submit=275034997621200:executorEntered=275037498667600:start=275037498668200:bodyExit=275037498731600:bodyOutcome=SUCCESS:end=275037498731700:delayMs=2500:future=done=false,cancelled=false,dueMs=-1, 4493:EVENT:ON_ATTACKABLE_KILL:COMPLETED:epoch=274966833788800:reserve=275080597371500:submit=275080597382700:executorEntered=275083097607400:start=275083097608100:bodyExit=275083097655600:bodyOutcome=SUCCESS:end=275083097655700:delayMs=2500:future=done=false,cancelled=false,dueMs=0, 5066:EVENT:ON_ATTACKABLE_KILL:COMPLETED:epoch=274966833788800:reserve=275092039049000:submit=275092039060800:executorEntered=275094539653900:start=275094539655600:bodyExit=275094539719800:bodyOutcome=SUCCESS:end=275094539719900:delayMs=2500:future=done=false,cancelled=false,dueMs=0, 5292:EVENT:ON_ATTACKABLE_KILL:COMPLETED:epoch=274966833788800:reserve=275097398114400:submit=275097398124100:executorEntered=275099898748100:start=275099898749300:bodyExit=275099898824100:bodyOutcome=SUCCESS:end=275099898824300:delayMs=2500:future=done=false,cancelled=false,dueMs=0, 6276:EVENT:ON_ATTACKABLE_KILL:COMPLETED:epoch=274966833788800:reserve=275115695774500:submit=275115695786900:executorEntered=275118196657400:start=275118196659800:bodyExit=275118196714400:bodyOutcome=SUCCESS:end=275118196714600:delayMs=2500:future=done=false,cancelled=false,dueMs=0, 6452:EVENT:ON_ATTACKABLE_KILL:COMPLETED:epoch=274966833788800:reserve=275119895744100:submit=275119895753500:executorEntered=275122396556700:start=275122396558300:bodyExit=275122396623300:bodyOutcome=SUCCESS:end=275122396623400:delayMs=2500:future=done=false,cancelled=false,dueMs=0]
275122832562800	85f7dac7a83ecc2c8a0bffef87ac1a59780109cc	110	274966120014400	OPEN	[]	[425:EVENT:ON_PLAYER_LEVEL_CHANGED:COMPLETED:epoch=274966120014400:reserve=274974997360700:submit=274974997394800:executorEntered=274974997460000:start=274974997460500:bodyExit=274974997740600:bodyOutcome=SUCCESS:end=274974997741000:delayMs=0:future=NONE, 426:EVENT:ON_ATTACKABLE_KILL:COMPLETED:epoch=274966120014400:reserve=274975000574800:submit=274975000582700:executorEntered=274977501549400:start=274977501550900:bodyExit=274977501639200:bodyOutcome=SUCCESS:end=274977501639800:delayMs=2500:future=done=false,cancelled=false,dueMs=-1, 591:EVENT:ON_ATTACKABLE_KILL:COMPLETED:epoch=274966120014400:reserve=274979196024500:submit=274979196032400:executorEntered=274981696715800:start=274981696717100:bodyExit=274981696778700:bodyOutcome=SUCCESS:end=274981696778800:delayMs=2500:future=done=false,cancelled=false,dueMs=0, 927:EVENT:ON_ATTACKABLE_KILL:COMPLETED:epoch=274966120014400:reserve=274986248336900:submit=274986248347200:executorEntered=274988748868100:start=274988748868900:bodyExit=274988748913800:bodyOutcome=SUCCESS:end=274988748914000:delayMs=2500:future=done=false,cancelled=false,dueMs=0, 1516:EVENT:ON_ATTACKABLE_KILL:COMPLETED:epoch=274966120014400:reserve=275002599331100:submit=275002599352900:executorEntered=275005100686700:start=275005100687100:bodyExit=275005100724400:bodyOutcome=SUCCESS:end=275005100724700:delayMs=2500:future=done=false,cancelled=false,dueMs=-1, 1793:EVENT:ON_ATTACKABLE_KILL:COMPLETED:epoch=274966120014400:reserve=275008296025500:submit=275008296033000:executorEntered=275010796403800:start=275010796405100:bodyExit=275010796461800:bodyOutcome=SUCCESS:end=275010796461900:delayMs=2500:future=done=false,cancelled=false,dueMs=0, 6019:EVENT:ON_ATTACKABLE_KILL:COMPLETED:epoch=274966120014400:reserve=275112097430100:submit=275112097438300:executorEntered=275114597509800:start=275114597510800:bodyExit=275114597549500:bodyOutcome=SUCCESS:end=275114597549500:delayMs=2500:future=done=false,cancelled=false,dueMs=0, 6369:EVENT:ON_ATTACKABLE_KILL:COMPLETED:epoch=274966120014400:reserve=275120296763500:submit=275120296772000:executorEntered=275122797921600:start=275122797922700:bodyExit=275122797963700:bodyOutcome=SUCCESS:end=275122797964000:delayMs=2500:future=done=false,cancelled=false,dueMs=-1]
275128885641700	85f7dac7a83ecc2c8a0bffef87ac1a59780109cc	404	274967318402200	OPEN	[6633:EVENT:ON_ATTACKABLE_KILL:SUBMITTED:epoch=274967318402200:reserve=275127996468100:submit=275127996478800:executorEntered=0:start=0:bodyExit=0:bodyOutcome=NOT_ENTERED:end=0:delayMs=2500:future=done=false,cancelled=false,dueMs=1610]	[3044:EVENT:ON_ATTACKABLE_KILL:COMPLETED:epoch=274967318402200:reserve=275043697454300:submit=275043697461500:executorEntered=275046197667700:start=275046197669100:bodyExit=275046197717700:bodyOutcome=SUCCESS:end=275046197717800:delayMs=2500:future=done=false,cancelled=false,dueMs=0, 3191:EVENT:ON_ATTACKABLE_KILL:COMPLETED:epoch=274967318402200:reserve=275047596408100:submit=275047596415700:executorEntered=275050096625700:start=275050096626100:bodyExit=275050096659400:bodyOutcome=SUCCESS:end=275050096659500:delayMs=2500:future=done=false,cancelled=false,dueMs=0, 3847:EVENT:ON_ATTACKABLE_KILL:COMPLETED:epoch=274967318402200:reserve=275065898903200:submit=275065898909400:executorEntered=275068399675700:start=275068399676600:bodyExit=275068399728700:bodyOutcome=SUCCESS:end=275068399728800:delayMs=2500:future=done=false,cancelled=false,dueMs=0, 4589:EVENT:ON_ATTACKABLE_KILL:COMPLETED:epoch=274967318402200:reserve=275084797980300:submit=275084797988700:executorEntered=275087299566200:start=275087299567600:bodyExit=275087299610200:bodyOutcome=SUCCESS:end=275087299610300:delayMs=2500:future=done=false,cancelled=false,dueMs=-1]
275129897471200	85f7dac7a83ecc2c8a0bffef87ac1a59780109cc	404	274967318402200	OPEN	[6633:EVENT:ON_ATTACKABLE_KILL:SUBMITTED:epoch=274967318402200:reserve=275127996468100:submit=275127996478800:executorEntered=0:start=0:bodyExit=0:bodyOutcome=NOT_ENTERED:end=0:delayMs=2500:future=done=false,cancelled=false,dueMs=598]	[3044:EVENT:ON_ATTACKABLE_KILL:COMPLETED:epoch=274967318402200:reserve=275043697454300:submit=275043697461500:executorEntered=275046197667700:start=275046197669100:bodyExit=275046197717700:bodyOutcome=SUCCESS:end=275046197717800:delayMs=2500:future=done=false,cancelled=false,dueMs=0, 3191:EVENT:ON_ATTACKABLE_KILL:COMPLETED:epoch=274967318402200:reserve=275047596408100:submit=275047596415700:executorEntered=275050096625700:start=275050096626100:bodyExit=275050096659400:bodyOutcome=SUCCESS:end=275050096659500:delayMs=2500:future=done=false,cancelled=false,dueMs=0, 3847:EVENT:ON_ATTACKABLE_KILL:COMPLETED:epoch=274967318402200:reserve=275065898903200:submit=275065898909400:executorEntered=275068399675700:start=275068399676600:bodyExit=275068399728700:bodyOutcome=SUCCESS:end=275068399728800:delayMs=2500:future=done=false,cancelled=false,dueMs=0, 4589:EVENT:ON_ATTACKABLE_KILL:COMPLETED:epoch=274967318402200:reserve=275084797980300:submit=275084797988700:executorEntered=275087299566200:start=275087299567600:bodyExit=275087299610200:bodyOutcome=SUCCESS:end=275087299610300:delayMs=2500:future=done=false,cancelled=false,dueMs=-1]
275130908869900	85f7dac7a83ecc2c8a0bffef87ac1a59780109cc	404	274967318402200	OPEN	[]	[3044:EVENT:ON_ATTACKABLE_KILL:COMPLETED:epoch=274967318402200:reserve=275043697454300:submit=275043697461500:executorEntered=275046197667700:start=275046197669100:bodyExit=275046197717700:bodyOutcome=SUCCESS:end=275046197717800:delayMs=2500:future=done=false,cancelled=false,dueMs=0, 3191:EVENT:ON_ATTACKABLE_KILL:COMPLETED:epoch=274967318402200:reserve=275047596408100:submit=275047596415700:executorEntered=275050096625700:start=275050096626100:bodyExit=275050096659400:bodyOutcome=SUCCESS:end=275050096659500:delayMs=2500:future=done=false,cancelled=false,dueMs=0, 3847:EVENT:ON_ATTACKABLE_KILL:COMPLETED:epoch=274967318402200:reserve=275065898903200:submit=275065898909400:executorEntered=275068399675700:start=275068399676600:bodyExit=275068399728700:bodyOutcome=SUCCESS:end=275068399728800:delayMs=2500:future=done=false,cancelled=false,dueMs=0, 4589:EVENT:ON_ATTACKABLE_KILL:COMPLETED:epoch=274967318402200:reserve=275084797980300:submit=275084797988700:executorEntered=275087299566200:start=275087299567600:bodyExit=275087299610200:bodyOutcome=SUCCESS:end=275087299610300:delayMs=2500:future=done=false,cancelled=false,dueMs=-1, 6633:EVENT:ON_ATTACKABLE_KILL:COMPLETED:epoch=274967318402200:reserve=275127996468100:submit=275127996478800:executorEntered=275130496589400:start=275130496590000:bodyExit=275130496672300:bodyOutcome=SUCCESS:end=275130496672400:delayMs=2500:future=done=false,cancelled=false,dueMs=0]
275133938484900	85f7dac7a83ecc2c8a0bffef87ac1a59780109cc	260	274966833788800	OPEN	[7016:EVENT:ON_ATTACKABLE_KILL:SUBMITTED:epoch=274966833788800:reserve=275133098120400:submit=275133098131100:executorEntered=0:start=0:bodyExit=0:bodyOutcome=NOT_ENTERED:end=0:delayMs=2500:future=done=false,cancelled=false,dueMs=1659]	[346:EVENT:ON_PLAYER_LEVEL_CHANGED:COMPLETED:epoch=274966833788800:reserve=274975000313500:submit=274975000329100:executorEntered=274975000421500:start=274975000422000:bodyExit=274975000465500:bodyOutcome=SUCCESS:end=274975000465900:delayMs=0:future=NONE, 2784:EVENT:ON_ATTACKABLE_KILL:COMPLETED:epoch=274966833788800:reserve=275034997611800:submit=275034997621200:executorEntered=275037498667600:start=275037498668200:bodyExit=275037498731600:bodyOutcome=SUCCESS:end=275037498731700:delayMs=2500:future=done=false,cancelled=false,dueMs=-1, 4493:EVENT:ON_ATTACKABLE_KILL:COMPLETED:epoch=274966833788800:reserve=275080597371500:submit=275080597382700:executorEntered=275083097607400:start=275083097608100:bodyExit=275083097655600:bodyOutcome=SUCCESS:end=275083097655700:delayMs=2500:future=done=false,cancelled=false,dueMs=0, 5066:EVENT:ON_ATTACKABLE_KILL:COMPLETED:epoch=274966833788800:reserve=275092039049000:submit=275092039060800:executorEntered=275094539653900:start=275094539655600:bodyExit=275094539719800:bodyOutcome=SUCCESS:end=275094539719900:delayMs=2500:future=done=false,cancelled=false,dueMs=0, 5292:EVENT:ON_ATTACKABLE_KILL:COMPLETED:epoch=274966833788800:reserve=275097398114400:submit=275097398124100:executorEntered=275099898748100:start=275099898749300:bodyExit=275099898824100:bodyOutcome=SUCCESS:end=275099898824300:delayMs=2500:future=done=false,cancelled=false,dueMs=0, 6276:EVENT:ON_ATTACKABLE_KILL:COMPLETED:epoch=274966833788800:reserve=275115695774500:submit=275115695786900:executorEntered=275118196657400:start=275118196659800:bodyExit=275118196714400:bodyOutcome=SUCCESS:end=275118196714600:delayMs=2500:future=done=false,cancelled=false,dueMs=0, 6452:EVENT:ON_ATTACKABLE_KILL:COMPLETED:epoch=274966833788800:reserve=275119895744100:submit=275119895753500:executorEntered=275122396556700:start=275122396558300:bodyExit=275122396623300:bodyOutcome=SUCCESS:end=275122396623400:delayMs=2500:future=done=false,cancelled=false,dueMs=0]
275134948439900	85f7dac7a83ecc2c8a0bffef87ac1a59780109cc	260	274966833788800	OPEN	[7016:EVENT:ON_ATTACKABLE_KILL:SUBMITTED:epoch=274966833788800:reserve=275133098120400:submit=275133098131100:executorEntered=0:start=0:bodyExit=0:bodyOutcome=NOT_ENTERED:end=0:delayMs=2500:future=done=false,cancelled=false,dueMs=649]	[346:EVENT:ON_PLAYER_LEVEL_CHANGED:COMPLETED:epoch=274966833788800:reserve=274975000313500:submit=274975000329100:executorEntered=274975000421500:start=274975000422000:bodyExit=274975000465500:bodyOutcome=SUCCESS:end=274975000465900:delayMs=0:future=NONE, 2784:EVENT:ON_ATTACKABLE_KILL:COMPLETED:epoch=274966833788800:reserve=275034997611800:submit=275034997621200:executorEntered=275037498667600:start=275037498668200:bodyExit=275037498731600:bodyOutcome=SUCCESS:end=275037498731700:delayMs=2500:future=done=false,cancelled=false,dueMs=-1, 4493:EVENT:ON_ATTACKABLE_KILL:COMPLETED:epoch=274966833788800:reserve=275080597371500:submit=275080597382700:executorEntered=275083097607400:start=275083097608100:bodyExit=275083097655600:bodyOutcome=SUCCESS:end=275083097655700:delayMs=2500:future=done=false,cancelled=false,dueMs=0, 5066:EVENT:ON_ATTACKABLE_KILL:COMPLETED:epoch=274966833788800:reserve=275092039049000:submit=275092039060800:executorEntered=275094539653900:start=275094539655600:bodyExit=275094539719800:bodyOutcome=SUCCESS:end=275094539719900:delayMs=2500:future=done=false,cancelled=false,dueMs=0, 5292:EVENT:ON_ATTACKABLE_KILL:COMPLETED:epoch=274966833788800:reserve=275097398114400:submit=275097398124100:executorEntered=275099898748100:start=275099898749300:bodyExit=275099898824100:bodyOutcome=SUCCESS:end=275099898824300:delayMs=2500:future=done=false,cancelled=false,dueMs=0, 6276:EVENT:ON_ATTACKABLE_KILL:COMPLETED:epoch=274966833788800:reserve=275115695774500:submit=275115695786900:executorEntered=275118196657400:start=275118196659800:bodyExit=275118196714400:bodyOutcome=SUCCESS:end=275118196714600:delayMs=2500:future=done=false,cancelled=false,dueMs=0, 6452:EVENT:ON_ATTACKABLE_KILL:COMPLETED:epoch=274966833788800:reserve=275119895744100:submit=275119895753500:executorEntered=275122396556700:start=275122396558300:bodyExit=275122396623300:bodyOutcome=SUCCESS:end=275122396623400:delayMs=2500:future=done=false,cancelled=false,dueMs=0]
275134948439900	85f7dac7a83ecc2c8a0bffef87ac1a59780109cc	175	274966819048400	OPEN	[6923:EVENT:ON_ATTACKABLE_KILL:SUBMITTED:epoch=274966819048400:reserve=275133996613900:submit=275133996625800:executorEntered=0:start=0:bodyExit=0:bodyOutcome=NOT_ENTERED:end=0:delayMs=2500:future=done=false,cancelled=false,dueMs=1547]	[189:EVENT:ON_ATTACKABLE_KILL:COMPLETED:epoch=274966819048400:reserve=274970808814800:submit=274970808846800:executorEntered=274973309601200:start=274973309603800:bodyExit=274973309700800:bodyOutcome=SUCCESS:end=274973309701700:delayMs=2500:future=done=false,cancelled=false,dueMs=0, 1821:EVENT:ON_ATTACKABLE_KILL:COMPLETED:epoch=274966819048400:reserve=275011897061800:submit=275011897075800:executorEntered=275014398080700:start=275014398081400:bodyExit=275014398115600:bodyOutcome=SUCCESS:end=275014398115600:delayMs=2500:future=done=false,cancelled=false,dueMs=-1, 4315:EVENT:ON_ATTACKABLE_KILL:COMPLETED:epoch=274966819048400:reserve=275076696125100:submit=275076696135200:executorEntered=275079196669200:start=275079196670800:bodyExit=275079196766300:bodyOutcome=SUCCESS:end=275079196766500:delayMs=2500:future=done=false,cancelled=false,dueMs=0]
275135957767000	85f7dac7a83ecc2c8a0bffef87ac1a59780109cc	260	274966833788800	OPEN	[]	[346:EVENT:ON_PLAYER_LEVEL_CHANGED:COMPLETED:epoch=274966833788800:reserve=274975000313500:submit=274975000329100:executorEntered=274975000421500:start=274975000422000:bodyExit=274975000465500:bodyOutcome=SUCCESS:end=274975000465900:delayMs=0:future=NONE, 2784:EVENT:ON_ATTACKABLE_KILL:COMPLETED:epoch=274966833788800:reserve=275034997611800:submit=275034997621200:executorEntered=275037498667600:start=275037498668200:bodyExit=275037498731600:bodyOutcome=SUCCESS:end=275037498731700:delayMs=2500:future=done=false,cancelled=false,dueMs=-1, 4493:EVENT:ON_ATTACKABLE_KILL:COMPLETED:epoch=274966833788800:reserve=275080597371500:submit=275080597382700:executorEntered=275083097607400:start=275083097608100:bodyExit=275083097655600:bodyOutcome=SUCCESS:end=275083097655700:delayMs=2500:future=done=false,cancelled=false,dueMs=0, 5066:EVENT:ON_ATTACKABLE_KILL:COMPLETED:epoch=274966833788800:reserve=275092039049000:submit=275092039060800:executorEntered=275094539653900:start=275094539655600:bodyExit=275094539719800:bodyOutcome=SUCCESS:end=275094539719900:delayMs=2500:future=done=false,cancelled=false,dueMs=0, 5292:EVENT:ON_ATTACKABLE_KILL:COMPLETED:epoch=274966833788800:reserve=275097398114400:submit=275097398124100:executorEntered=275099898748100:start=275099898749300:bodyExit=275099898824100:bodyOutcome=SUCCESS:end=275099898824300:delayMs=2500:future=done=false,cancelled=false,dueMs=0, 6276:EVENT:ON_ATTACKABLE_KILL:COMPLETED:epoch=274966833788800:reserve=275115695774500:submit=275115695786900:executorEntered=275118196657400:start=275118196659800:bodyExit=275118196714400:bodyOutcome=SUCCESS:end=275118196714600:delayMs=2500:future=done=false,cancelled=false,dueMs=0, 6452:EVENT:ON_ATTACKABLE_KILL:COMPLETED:epoch=274966833788800:reserve=275119895744100:submit=275119895753500:executorEntered=275122396556700:start=275122396558300:bodyExit=275122396623300:bodyOutcome=SUCCESS:end=275122396623400:delayMs=2500:future=done=false,cancelled=false,dueMs=0, 7016:EVENT:ON_ATTACKABLE_KILL:COMPLETED:epoch=274966833788800:reserve=275133098120400:submit=275133098131100:executorEntered=275135598585600:start=275135598586800:bodyExit=275135598682100:bodyOutcome=SUCCESS:end=275135598682600:delayMs=2500:future=done=false,cancelled=false,dueMs=0]
275135957767000	85f7dac7a83ecc2c8a0bffef87ac1a59780109cc	175	274966819048400	OPEN	[6923:EVENT:ON_ATTACKABLE_KILL:SUBMITTED:epoch=274966819048400:reserve=275133996613900:submit=275133996625800:executorEntered=0:start=0:bodyExit=0:bodyOutcome=NOT_ENTERED:end=0:delayMs=2500:future=done=false,cancelled=false,dueMs=538]	[189:EVENT:ON_ATTACKABLE_KILL:COMPLETED:epoch=274966819048400:reserve=274970808814800:submit=274970808846800:executorEntered=274973309601200:start=274973309603800:bodyExit=274973309700800:bodyOutcome=SUCCESS:end=274973309701700:delayMs=2500:future=done=false,cancelled=false,dueMs=0, 1821:EVENT:ON_ATTACKABLE_KILL:COMPLETED:epoch=274966819048400:reserve=275011897061800:submit=275011897075800:executorEntered=275014398080700:start=275014398081400:bodyExit=275014398115600:bodyOutcome=SUCCESS:end=275014398115600:delayMs=2500:future=done=false,cancelled=false,dueMs=-1, 4315:EVENT:ON_ATTACKABLE_KILL:COMPLETED:epoch=274966819048400:reserve=275076696125100:submit=275076696135200:executorEntered=275079196669200:start=275079196670800:bodyExit=275079196766300:bodyOutcome=SUCCESS:end=275079196766500:delayMs=2500:future=done=false,cancelled=false,dueMs=0]
275136969827800	85f7dac7a83ecc2c8a0bffef87ac1a59780109cc	175	274966819048400	OPEN	[]	[189:EVENT:ON_ATTACKABLE_KILL:COMPLETED:epoch=274966819048400:reserve=274970808814800:submit=274970808846800:executorEntered=274973309601200:start=274973309603800:bodyExit=274973309700800:bodyOutcome=SUCCESS:end=274973309701700:delayMs=2500:future=done=false,cancelled=false,dueMs=0, 1821:EVENT:ON_ATTACKABLE_KILL:COMPLETED:epoch=274966819048400:reserve=275011897061800:submit=275011897075800:executorEntered=275014398080700:start=275014398081400:bodyExit=275014398115600:bodyOutcome=SUCCESS:end=275014398115600:delayMs=2500:future=done=false,cancelled=false,dueMs=-1, 4315:EVENT:ON_ATTACKABLE_KILL:COMPLETED:epoch=274966819048400:reserve=275076696125100:submit=275076696135200:executorEntered=275079196669200:start=275079196670800:bodyExit=275079196766300:bodyOutcome=SUCCESS:end=275079196766500:delayMs=2500:future=done=false,cancelled=false,dueMs=0, 6923:EVENT:ON_ATTACKABLE_KILL:COMPLETED:epoch=274966819048400:reserve=275133996613900:submit=275133996625800:executorEntered=275136496841600:start=275136496842400:bodyExit=275136496893000:bodyOutcome=SUCCESS:end=275136496893100:delayMs=2500:future=done=false,cancelled=false,dueMs=0]
275141008099200	85f7dac7a83ecc2c8a0bffef87ac1a59780109cc	175	274966819048400	OPEN	[7264:EVENT:ON_ATTACKABLE_KILL:SUBMITTED:epoch=274966819048400:reserve=275140534668700:submit=275140534681100:executorEntered=0:start=0:bodyExit=0:bodyOutcome=NOT_ENTERED:end=0:delayMs=2500:future=done=false,cancelled=false,dueMs=2026]	[189:EVENT:ON_ATTACKABLE_KILL:COMPLETED:epoch=274966819048400:reserve=274970808814800:submit=274970808846800:executorEntered=274973309601200:start=274973309603800:bodyExit=274973309700800:bodyOutcome=SUCCESS:end=274973309701700:delayMs=2500:future=done=false,cancelled=false,dueMs=0, 1821:EVENT:ON_ATTACKABLE_KILL:COMPLETED:epoch=274966819048400:reserve=275011897061800:submit=275011897075800:executorEntered=275014398080700:start=275014398081400:bodyExit=275014398115600:bodyOutcome=SUCCESS:end=275014398115600:delayMs=2500:future=done=false,cancelled=false,dueMs=-1, 4315:EVENT:ON_ATTACKABLE_KILL:COMPLETED:epoch=274966819048400:reserve=275076696125100:submit=275076696135200:executorEntered=275079196669200:start=275079196670800:bodyExit=275079196766300:bodyOutcome=SUCCESS:end=275079196766500:delayMs=2500:future=done=false,cancelled=false,dueMs=0, 6923:EVENT:ON_ATTACKABLE_KILL:COMPLETED:epoch=274966819048400:reserve=275133996613900:submit=275133996625800:executorEntered=275136496841600:start=275136496842400:bodyExit=275136496893000:bodyOutcome=SUCCESS:end=275136496893100:delayMs=2500:future=done=false,cancelled=false,dueMs=0]
275142038571300	85f7dac7a83ecc2c8a0bffef87ac1a59780109cc	447	274967718043200	DETACHED	[]	[8021:EVENT:ON_PLAYER_LOGOUT:COMPLETED:epoch=274967718043200:reserve=275141876707100:submit=275141876730900:executorEntered=275141876817600:start=275141876817900:bodyExit=275141876821700:bodyOutcome=SUCCESS:end=275141876821700:delayMs=0:future=NONE]
275142038571300	85f7dac7a83ecc2c8a0bffef87ac1a59780109cc	404	274967318402200	DETACHED	[]	[3044:EVENT:ON_ATTACKABLE_KILL:COMPLETED:epoch=274967318402200:reserve=275043697454300:submit=275043697461500:executorEntered=275046197667700:start=275046197669100:bodyExit=275046197717700:bodyOutcome=SUCCESS:end=275046197717800:delayMs=2500:future=done=false,cancelled=false,dueMs=0, 3191:EVENT:ON_ATTACKABLE_KILL:COMPLETED:epoch=274967318402200:reserve=275047596408100:submit=275047596415700:executorEntered=275050096625700:start=275050096626100:bodyExit=275050096659400:bodyOutcome=SUCCESS:end=275050096659500:delayMs=2500:future=done=false,cancelled=false,dueMs=0, 3847:EVENT:ON_ATTACKABLE_KILL:COMPLETED:epoch=274967318402200:reserve=275065898903200:submit=275065898909400:executorEntered=275068399675700:start=275068399676600:bodyExit=275068399728700:bodyOutcome=SUCCESS:end=275068399728800:delayMs=2500:future=done=false,cancelled=false,dueMs=0, 4589:EVENT:ON_ATTACKABLE_KILL:COMPLETED:epoch=274967318402200:reserve=275084797980300:submit=275084797988700:executorEntered=275087299566200:start=275087299567600:bodyExit=275087299610200:bodyOutcome=SUCCESS:end=275087299610300:delayMs=2500:future=done=false,cancelled=false,dueMs=-1, 6633:EVENT:ON_ATTACKABLE_KILL:COMPLETED:epoch=274967318402200:reserve=275127996468100:submit=275127996478800:executorEntered=275130496589400:start=275130496590000:bodyExit=275130496672300:bodyOutcome=SUCCESS:end=275130496672400:delayMs=2500:future=done=false,cancelled=false,dueMs=0, 7238:EVENT:ON_PLAYER_LOGOUT:COMPLETED:epoch=274967318402200:reserve=275141876707200:submit=275141876721800:executorEntered=275141876752100:start=275141876752700:bodyExit=275141876794300:bodyOutcome=SUCCESS:end=275141876794500:delayMs=0:future=NONE]
275142038571300	85f7dac7a83ecc2c8a0bffef87ac1a59780109cc	260	274966833788800	DRAINING	[]	[346:EVENT:ON_PLAYER_LEVEL_CHANGED:COMPLETED:epoch=274966833788800:reserve=274975000313500:submit=274975000329100:executorEntered=274975000421500:start=274975000422000:bodyExit=274975000465500:bodyOutcome=SUCCESS:end=274975000465900:delayMs=0:future=NONE, 2784:EVENT:ON_ATTACKABLE_KILL:COMPLETED:epoch=274966833788800:reserve=275034997611800:submit=275034997621200:executorEntered=275037498667600:start=275037498668200:bodyExit=275037498731600:bodyOutcome=SUCCESS:end=275037498731700:delayMs=2500:future=done=false,cancelled=false,dueMs=-1, 4493:EVENT:ON_ATTACKABLE_KILL:COMPLETED:epoch=274966833788800:reserve=275080597371500:submit=275080597382700:executorEntered=275083097607400:start=275083097608100:bodyExit=275083097655600:bodyOutcome=SUCCESS:end=275083097655700:delayMs=2500:future=done=false,cancelled=false,dueMs=0, 5066:EVENT:ON_ATTACKABLE_KILL:COMPLETED:epoch=274966833788800:reserve=275092039049000:submit=275092039060800:executorEntered=275094539653900:start=275094539655600:bodyExit=275094539719800:bodyOutcome=SUCCESS:end=275094539719900:delayMs=2500:future=done=false,cancelled=false,dueMs=0, 5292:EVENT:ON_ATTACKABLE_KILL:COMPLETED:epoch=274966833788800:reserve=275097398114400:submit=275097398124100:executorEntered=275099898748100:start=275099898749300:bodyExit=275099898824100:bodyOutcome=SUCCESS:end=275099898824300:delayMs=2500:future=done=false,cancelled=false,dueMs=0, 6276:EVENT:ON_ATTACKABLE_KILL:COMPLETED:epoch=274966833788800:reserve=275115695774500:submit=275115695786900:executorEntered=275118196657400:start=275118196659800:bodyExit=275118196714400:bodyOutcome=SUCCESS:end=275118196714600:delayMs=2500:future=done=false,cancelled=false,dueMs=0, 6452:EVENT:ON_ATTACKABLE_KILL:COMPLETED:epoch=274966833788800:reserve=275119895744100:submit=275119895753500:executorEntered=275122396556700:start=275122396558300:bodyExit=275122396623300:bodyOutcome=SUCCESS:end=275122396623400:delayMs=2500:future=done=false,cancelled=false,dueMs=0, 7016:EVENT:ON_ATTACKABLE_KILL:COMPLETED:epoch=274966833788800:reserve=275133098120400:submit=275133098131100:executorEntered=275135598585600:start=275135598586800:bodyExit=275135598682100:bodyOutcome=SUCCESS:end=275135598682600:delayMs=2500:future=done=false,cancelled=false,dueMs=0]
275142038571300	85f7dac7a83ecc2c8a0bffef87ac1a59780109cc	278	274967118203600	DRAINING	[]	[4671:EVENT:ON_ATTACKABLE_KILL:COMPLETED:epoch=274967118203600:reserve=275080596893200:submit=275080596899600:executorEntered=275083097597600:start=275083097599400:bodyExit=275083097655500:bodyOutcome=SUCCESS:end=275083097655600:delayMs=2500:future=done=false,cancelled=false,dueMs=0, 4921:EVENT:ON_PLAYER_LEVEL_CHANGED:COMPLETED:epoch=274967118203600:reserve=275086398528900:submit=275086398571800:executorEntered=275086398669700:start=275086398670000:bodyExit=275086398730100:bodyOutcome=SUCCESS:end=275086398730300:delayMs=0:future=NONE, 4922:EVENT:ON_ATTACKABLE_KILL:COMPLETED:epoch=274967118203600:reserve=275086399067500:submit=275086399085000:executorEntered=275088900381400:start=275088900383300:bodyExit=275088900436700:bodyOutcome=SUCCESS:end=275088900437200:delayMs=2500:future=done=false,cancelled=false,dueMs=-1]
275142038571300	85f7dac7a83ecc2c8a0bffef87ac1a59780109cc	503	274967862680600	DETACHED	[]	[2253:EVENT:ON_ATTACKABLE_KILL:COMPLETED:epoch=274967862680600:reserve=275013817773700:submit=275013817787400:executorEntered=275016318508100:start=275016318508600:bodyExit=275016318549300:bodyOutcome=SUCCESS:end=275016318549400:delayMs=2500:future=done=false,cancelled=false,dueMs=0, 3643:EVENT:ON_ATTACKABLE_KILL:COMPLETED:epoch=274967862680600:reserve=275045463038800:submit=275045463052900:executorEntered=275047963833900:start=275047963835700:bodyExit=275047963951800:bodyOutcome=SUCCESS:end=275047963952700:delayMs=2500:future=done=false,cancelled=false,dueMs=0, 4135:EVENT:ON_PLAYER_LEVEL_CHANGED:COMPLETED:epoch=274967862680600:reserve=275054571690100:submit=275054571727300:executorEntered=275054571820800:start=275054571821100:bodyExit=275054571956900:bodyOutcome=SUCCESS:end=275054571957600:delayMs=0:future=NONE, 4136:EVENT:ON_ATTACKABLE_KILL:COMPLETED:epoch=274967862680600:reserve=275054572265900:submit=275054572273700:executorEntered=275057073064800:start=275057073065900:bodyExit=275057073219500:bodyOutcome=SUCCESS:end=275057073222000:delayMs=2500:future=done=false,cancelled=false,dueMs=0, 7992:EVENT:ON_PLAYER_LOGOUT:COMPLETED:epoch=274967862680600:reserve=275141876707100:submit=275141876724700:executorEntered=275141876817000:start=275141876817300:bodyExit=275141876821800:bodyOutcome=SUCCESS:end=275141876821900:delayMs=0:future=NONE]
275142038571300	85f7dac7a83ecc2c8a0bffef87ac1a59780109cc	110	274966120014400	DRAINING	[]	[425:EVENT:ON_PLAYER_LEVEL_CHANGED:COMPLETED:epoch=274966120014400:reserve=274974997360700:submit=274974997394800:executorEntered=274974997460000:start=274974997460500:bodyExit=274974997740600:bodyOutcome=SUCCESS:end=274974997741000:delayMs=0:future=NONE, 426:EVENT:ON_ATTACKABLE_KILL:COMPLETED:epoch=274966120014400:reserve=274975000574800:submit=274975000582700:executorEntered=274977501549400:start=274977501550900:bodyExit=274977501639200:bodyOutcome=SUCCESS:end=274977501639800:delayMs=2500:future=done=false,cancelled=false,dueMs=-1, 591:EVENT:ON_ATTACKABLE_KILL:COMPLETED:epoch=274966120014400:reserve=274979196024500:submit=274979196032400:executorEntered=274981696715800:start=274981696717100:bodyExit=274981696778700:bodyOutcome=SUCCESS:end=274981696778800:delayMs=2500:future=done=false,cancelled=false,dueMs=0, 927:EVENT:ON_ATTACKABLE_KILL:COMPLETED:epoch=274966120014400:reserve=274986248336900:submit=274986248347200:executorEntered=274988748868100:start=274988748868900:bodyExit=274988748913800:bodyOutcome=SUCCESS:end=274988748914000:delayMs=2500:future=done=false,cancelled=false,dueMs=0, 1516:EVENT:ON_ATTACKABLE_KILL:COMPLETED:epoch=274966120014400:reserve=275002599331100:submit=275002599352900:executorEntered=275005100686700:start=275005100687100:bodyExit=275005100724400:bodyOutcome=SUCCESS:end=275005100724700:delayMs=2500:future=done=false,cancelled=false,dueMs=-1, 1793:EVENT:ON_ATTACKABLE_KILL:COMPLETED:epoch=274966120014400:reserve=275008296025500:submit=275008296033000:executorEntered=275010796403800:start=275010796405100:bodyExit=275010796461800:bodyOutcome=SUCCESS:end=275010796461900:delayMs=2500:future=done=false,cancelled=false,dueMs=0, 6019:EVENT:ON_ATTACKABLE_KILL:COMPLETED:epoch=274966120014400:reserve=275112097430100:submit=275112097438300:executorEntered=275114597509800:start=275114597510800:bodyExit=275114597549500:bodyOutcome=SUCCESS:end=275114597549500:delayMs=2500:future=done=false,cancelled=false,dueMs=0, 6369:EVENT:ON_ATTACKABLE_KILL:COMPLETED:epoch=274966120014400:reserve=275120296763500:submit=275120296772000:executorEntered=275122797921600:start=275122797922700:bodyExit=275122797963700:bodyOutcome=SUCCESS:end=275122797964000:delayMs=2500:future=done=false,cancelled=false,dueMs=-1]
275142038571300	85f7dac7a83ecc2c8a0bffef87ac1a59780109cc	142	274966420050900	DETACHED	[]	[465:EVENT:ON_ATTACKABLE_KILL:COMPLETED:epoch=274966420050900:reserve=274975114812100:submit=274975114836600:executorEntered=274977616685400:start=274977616686600:bodyExit=274977616735800:bodyOutcome=SUCCESS:end=274977616736300:delayMs=2500:future=done=false,cancelled=false,dueMs=-1, 6423:EVENT:ON_PLAYER_LEVEL_CHANGED:COMPLETED:epoch=274966420050900:reserve=275101515811100:submit=275101515882000:executorEntered=275101515949100:start=275101515949700:bodyExit=275101516016300:bodyOutcome=SUCCESS:end=275101516016500:delayMs=0:future=NONE, 6427:EVENT:ON_ATTACKABLE_KILL:COMPLETED:epoch=274966420050900:reserve=275101516509200:submit=275101516523200:executorEntered=275104017427700:start=275104017428100:bodyExit=275104017484500:bodyOutcome=SUCCESS:end=275104017484600:delayMs=2500:future=done=false,cancelled=false,dueMs=0, 8044:EVENT:ON_PLAYER_LOGOUT:COMPLETED:epoch=274966420050900:reserve=275141876707200:submit=275141876724100:executorEntered=275141876756800:start=275141876757400:bodyExit=275141876773300:bodyOutcome=SUCCESS:end=275141876789600:delayMs=0:future=NONE]
275142038571300	85f7dac7a83ecc2c8a0bffef87ac1a59780109cc	175	274966819048400	DRAINING	[7264:EVENT:ON_ATTACKABLE_KILL:SUBMITTED:epoch=274966819048400:reserve=275140534668700:submit=275140534681100:executorEntered=0:start=0:bodyExit=0:bodyOutcome=NOT_ENTERED:end=0:delayMs=2500:future=done=false,cancelled=false,dueMs=994]	[189:EVENT:ON_ATTACKABLE_KILL:COMPLETED:epoch=274966819048400:reserve=274970808814800:submit=274970808846800:executorEntered=274973309601200:start=274973309603800:bodyExit=274973309700800:bodyOutcome=SUCCESS:end=274973309701700:delayMs=2500:future=done=false,cancelled=false,dueMs=0, 1821:EVENT:ON_ATTACKABLE_KILL:COMPLETED:epoch=274966819048400:reserve=275011897061800:submit=275011897075800:executorEntered=275014398080700:start=275014398081400:bodyExit=275014398115600:bodyOutcome=SUCCESS:end=275014398115600:delayMs=2500:future=done=false,cancelled=false,dueMs=-1, 4315:EVENT:ON_ATTACKABLE_KILL:COMPLETED:epoch=274966819048400:reserve=275076696125100:submit=275076696135200:executorEntered=275079196669200:start=275079196670800:bodyExit=275079196766300:bodyOutcome=SUCCESS:end=275079196766500:delayMs=2500:future=done=false,cancelled=false,dueMs=0, 6923:EVENT:ON_ATTACKABLE_KILL:COMPLETED:epoch=274966819048400:reserve=275133996613900:submit=275133996625800:executorEntered=275136496841600:start=275136496842400:bodyExit=275136496893000:bodyOutcome=SUCCESS:end=275136496893100:delayMs=2500:future=done=false,cancelled=false,dueMs=0]
275146005803400	85f7dac7a83ecc2c8a0bffef87ac1a59780109cc	175	274966819048400	DRAINING	[7264:EVENT:ON_ATTACKABLE_KILL:SUBMITTED:epoch=274966819048400:reserve=275140534668700:submit=275140534681100:executorEntered=0:start=0:bodyExit=0:bodyOutcome=NOT_ENTERED:end=0:delayMs=2500:future=done=false,cancelled=false,dueMs=-2971]	[189:EVENT:ON_ATTACKABLE_KILL:COMPLETED:epoch=274966819048400:reserve=274970808814800:submit=274970808846800:executorEntered=274973309601200:start=274973309603800:bodyExit=274973309700800:bodyOutcome=SUCCESS:end=274973309701700:delayMs=2500:future=done=false,cancelled=false,dueMs=0, 1821:EVENT:ON_ATTACKABLE_KILL:COMPLETED:epoch=274966819048400:reserve=275011897061800:submit=275011897075800:executorEntered=275014398080700:start=275014398081400:bodyExit=275014398115600:bodyOutcome=SUCCESS:end=275014398115600:delayMs=2500:future=done=false,cancelled=false,dueMs=-1, 4315:EVENT:ON_ATTACKABLE_KILL:COMPLETED:epoch=274966819048400:reserve=275076696125100:submit=275076696135200:executorEntered=275079196669200:start=275079196670800:bodyExit=275079196766300:bodyOutcome=SUCCESS:end=275079196766500:delayMs=2500:future=done=false,cancelled=false,dueMs=0, 6923:EVENT:ON_ATTACKABLE_KILL:COMPLETED:epoch=274966819048400:reserve=275133996613900:submit=275133996625800:executorEntered=275136496841600:start=275136496842400:bodyExit=275136496893000:bodyOutcome=SUCCESS:end=275136496893100:delayMs=2500:future=done=false,cancelled=false,dueMs=0]
275147035500600	85f7dac7a83ecc2c8a0bffef87ac1a59780109cc	260	274966833788800	DETACHED	[]	[2784:EVENT:ON_ATTACKABLE_KILL:COMPLETED:epoch=274966833788800:reserve=275034997611800:submit=275034997621200:executorEntered=275037498667600:start=275037498668200:bodyExit=275037498731600:bodyOutcome=SUCCESS:end=275037498731700:delayMs=2500:future=done=false,cancelled=false,dueMs=-1, 4493:EVENT:ON_ATTACKABLE_KILL:COMPLETED:epoch=274966833788800:reserve=275080597371500:submit=275080597382700:executorEntered=275083097607400:start=275083097608100:bodyExit=275083097655600:bodyOutcome=SUCCESS:end=275083097655700:delayMs=2500:future=done=false,cancelled=false,dueMs=0, 5066:EVENT:ON_ATTACKABLE_KILL:COMPLETED:epoch=274966833788800:reserve=275092039049000:submit=275092039060800:executorEntered=275094539653900:start=275094539655600:bodyExit=275094539719800:bodyOutcome=SUCCESS:end=275094539719900:delayMs=2500:future=done=false,cancelled=false,dueMs=0, 5292:EVENT:ON_ATTACKABLE_KILL:COMPLETED:epoch=274966833788800:reserve=275097398114400:submit=275097398124100:executorEntered=275099898748100:start=275099898749300:bodyExit=275099898824100:bodyOutcome=SUCCESS:end=275099898824300:delayMs=2500:future=done=false,cancelled=false,dueMs=0, 6276:EVENT:ON_ATTACKABLE_KILL:COMPLETED:epoch=274966833788800:reserve=275115695774500:submit=275115695786900:executorEntered=275118196657400:start=275118196659800:bodyExit=275118196714400:bodyOutcome=SUCCESS:end=275118196714600:delayMs=2500:future=done=false,cancelled=false,dueMs=0, 6452:EVENT:ON_ATTACKABLE_KILL:COMPLETED:epoch=274966833788800:reserve=275119895744100:submit=275119895753500:executorEntered=275122396556700:start=275122396558300:bodyExit=275122396623300:bodyOutcome=SUCCESS:end=275122396623400:delayMs=2500:future=done=false,cancelled=false,dueMs=0, 7016:EVENT:ON_ATTACKABLE_KILL:COMPLETED:epoch=274966833788800:reserve=275133098120400:submit=275133098131100:executorEntered=275135598585600:start=275135598586800:bodyExit=275135598682100:bodyOutcome=SUCCESS:end=275135598682600:delayMs=2500:future=done=false,cancelled=false,dueMs=0, 7497:EVENT:ON_PLAYER_LOGOUT:COMPLETED:epoch=274966833788800:reserve=275146018147200:submit=275146018195700:executorEntered=275146018193800:start=275146018194100:bodyExit=275146018201600:bodyOutcome=SUCCESS:end=275146018217900:delayMs=0:future=NONE]
275147035500600	85f7dac7a83ecc2c8a0bffef87ac1a59780109cc	278	274967118203600	DETACHED	[]	[4671:EVENT:ON_ATTACKABLE_KILL:COMPLETED:epoch=274967118203600:reserve=275080596893200:submit=275080596899600:executorEntered=275083097597600:start=275083097599400:bodyExit=275083097655500:bodyOutcome=SUCCESS:end=275083097655600:delayMs=2500:future=done=false,cancelled=false,dueMs=0, 4921:EVENT:ON_PLAYER_LEVEL_CHANGED:COMPLETED:epoch=274967118203600:reserve=275086398528900:submit=275086398571800:executorEntered=275086398669700:start=275086398670000:bodyExit=275086398730100:bodyOutcome=SUCCESS:end=275086398730300:delayMs=0:future=NONE, 4922:EVENT:ON_ATTACKABLE_KILL:COMPLETED:epoch=274967118203600:reserve=275086399067500:submit=275086399085000:executorEntered=275088900381400:start=275088900383300:bodyExit=275088900436700:bodyOutcome=SUCCESS:end=275088900437200:delayMs=2500:future=done=false,cancelled=false,dueMs=-1, 6980:EVENT:ON_PLAYER_LOGOUT:COMPLETED:epoch=274967118203600:reserve=275146018124600:submit=275146018134200:executorEntered=275146018156900:start=275146018157300:bodyExit=275146018179100:bodyOutcome=SUCCESS:end=275146018179600:delayMs=0:future=NONE]
275147035500600	85f7dac7a83ecc2c8a0bffef87ac1a59780109cc	110	274966120014400	DETACHED	[]	[426:EVENT:ON_ATTACKABLE_KILL:COMPLETED:epoch=274966120014400:reserve=274975000574800:submit=274975000582700:executorEntered=274977501549400:start=274977501550900:bodyExit=274977501639200:bodyOutcome=SUCCESS:end=274977501639800:delayMs=2500:future=done=false,cancelled=false,dueMs=-1, 591:EVENT:ON_ATTACKABLE_KILL:COMPLETED:epoch=274966120014400:reserve=274979196024500:submit=274979196032400:executorEntered=274981696715800:start=274981696717100:bodyExit=274981696778700:bodyOutcome=SUCCESS:end=274981696778800:delayMs=2500:future=done=false,cancelled=false,dueMs=0, 927:EVENT:ON_ATTACKABLE_KILL:COMPLETED:epoch=274966120014400:reserve=274986248336900:submit=274986248347200:executorEntered=274988748868100:start=274988748868900:bodyExit=274988748913800:bodyOutcome=SUCCESS:end=274988748914000:delayMs=2500:future=done=false,cancelled=false,dueMs=0, 1516:EVENT:ON_ATTACKABLE_KILL:COMPLETED:epoch=274966120014400:reserve=275002599331100:submit=275002599352900:executorEntered=275005100686700:start=275005100687100:bodyExit=275005100724400:bodyOutcome=SUCCESS:end=275005100724700:delayMs=2500:future=done=false,cancelled=false,dueMs=-1, 1793:EVENT:ON_ATTACKABLE_KILL:COMPLETED:epoch=274966120014400:reserve=275008296025500:submit=275008296033000:executorEntered=275010796403800:start=275010796405100:bodyExit=275010796461800:bodyOutcome=SUCCESS:end=275010796461900:delayMs=2500:future=done=false,cancelled=false,dueMs=0, 6019:EVENT:ON_ATTACKABLE_KILL:COMPLETED:epoch=274966120014400:reserve=275112097430100:submit=275112097438300:executorEntered=275114597509800:start=275114597510800:bodyExit=275114597549500:bodyOutcome=SUCCESS:end=275114597549500:delayMs=2500:future=done=false,cancelled=false,dueMs=0, 6369:EVENT:ON_ATTACKABLE_KILL:COMPLETED:epoch=274966120014400:reserve=275120296763500:submit=275120296772000:executorEntered=275122797921600:start=275122797922700:bodyExit=275122797963700:bodyOutcome=SUCCESS:end=275122797964000:delayMs=2500:future=done=false,cancelled=false,dueMs=-1, 7184:EVENT:ON_PLAYER_LOGOUT:COMPLETED:epoch=274966120014400:reserve=275146018124400:submit=275146018136600:executorEntered=275146018150500:start=275146018151700:bodyExit=275146018179300:bodyOutcome=SUCCESS:end=275146018179600:delayMs=0:future=NONE]
275147035500600	85f7dac7a83ecc2c8a0bffef87ac1a59780109cc	175	274966819048400	DETACHED	[]	[189:EVENT:ON_ATTACKABLE_KILL:COMPLETED:epoch=274966819048400:reserve=274970808814800:submit=274970808846800:executorEntered=274973309601200:start=274973309603800:bodyExit=274973309700800:bodyOutcome=SUCCESS:end=274973309701700:delayMs=2500:future=done=false,cancelled=false,dueMs=0, 1821:EVENT:ON_ATTACKABLE_KILL:COMPLETED:epoch=274966819048400:reserve=275011897061800:submit=275011897075800:executorEntered=275014398080700:start=275014398081400:bodyExit=275014398115600:bodyOutcome=SUCCESS:end=275014398115600:delayMs=2500:future=done=false,cancelled=false,dueMs=-1, 4315:EVENT:ON_ATTACKABLE_KILL:COMPLETED:epoch=274966819048400:reserve=275076696125100:submit=275076696135200:executorEntered=275079196669200:start=275079196670800:bodyExit=275079196766300:bodyOutcome=SUCCESS:end=275079196766500:delayMs=2500:future=done=false,cancelled=false,dueMs=0, 6923:EVENT:ON_ATTACKABLE_KILL:COMPLETED:epoch=274966819048400:reserve=275133996613900:submit=275133996625800:executorEntered=275136496841600:start=275136496842400:bodyExit=275136496893000:bodyOutcome=SUCCESS:end=275136496893100:delayMs=2500:future=done=false,cancelled=false,dueMs=0, 7264:EVENT:ON_ATTACKABLE_KILL:COMPLETED:epoch=274966819048400:reserve=275140534668700:submit=275140534681100:executorEntered=275146006286300:start=275146006286500:bodyExit=275146006325500:bodyOutcome=SUCCESS:end=275146006325600:delayMs=2500:future=done=false,cancelled=false,dueMs=-2971, 7310:EVENT:ON_PLAYER_LOGOUT:COMPLETED:epoch=274966819048400:reserve=275146018147300:submit=275146018192900:executorEntered=275146018205600:start=275146018205900:bodyExit=275146018214100:bodyOutcome=SUCCESS:end=275146018223400:delayMs=0:future=NONE]
