seq	nanoTime	threadName	profileId	event	stateA	stateB	reason	value1	value2	value3
1	100951091538800	L2jMobius High Priority ScheduledThread 7	0	SCHED_LOCAL_SCAN	RUNNING		ready.queue	0	256	100951091357300
2	100951190581500	L2jMobius High Priority ScheduledThread 7	0	HUMAN_REFRESH_BEGIN			local.pulse	1791245088456	9	0
3	100951190892800	L2jMobius High Priority ScheduledThread 7	110	LOCAL_CANDIDATE	OFFLINE		topology.eligible	44131	42673	-3488
4	100951190951300	L2jMobius High Priority ScheduledThread 7	129	LOCAL_CANDIDATE	OFFLINE		topology.eligible	44131	42673	-3488
5	100951190966200	L2jMobius High Priority ScheduledThread 7	142	LOCAL_CANDIDATE	OFFLINE		topology.eligible	44131	42673	-3488
6	100951190974200	L2jMobius High Priority ScheduledThread 7	151	LOCAL_CANDIDATE	OFFLINE		topology.eligible	44131	42673	-3488
7	100951190977900	L2jMobius High Priority ScheduledThread 7	160	LOCAL_CANDIDATE	OFFLINE		topology.eligible	44131	42673	-3488
8	100951190980800	L2jMobius High Priority ScheduledThread 7	175	LOCAL_CANDIDATE	OFFLINE		topology.eligible	44131	42673	-3488
9	100951190983800	L2jMobius High Priority ScheduledThread 7	229	LOCAL_CANDIDATE	OFFLINE		topology.eligible	44131	42673	-3488
10	100951190987000	L2jMobius High Priority ScheduledThread 7	242	LOCAL_CANDIDATE	OFFLINE		topology.eligible	44131	42673	-3488
11	100951191330300	L2jMobius High Priority ScheduledThread 7	0	HUMAN_REFRESH_SUMMARY			bounded	1	9	0
12	100951191616400	L2jMobius High Priority ScheduledThread 7	0	SCHED_LOCAL_SCAN	RUNNING		ready.queue	57	256	100951191608000
13	100951289739500	L2jMobius High Priority ScheduledThread 15	0	SCHED_LOCAL_SCAN	RUNNING		ready.queue	2	256	100951289707300
14	100951389667400	L2jMobius High Priority ScheduledThread 11	0	SCHED_LOCAL_SCAN	RUNNING		ready.queue	1	256	100951389651900
15	100951489613400	L2jMobius High Priority ScheduledThread 13	0	SCHED_LOCAL_SCAN	RUNNING		ready.queue	6	256	100951489593500
16	100951589616800	L2jMobius High Priority ScheduledThread 1	0	SCHED_LOCAL_SCAN	RUNNING		ready.queue	0	256	100951589603600
17	100951690866000	L2jMobius High Priority ScheduledThread 1	0	SCHED_LOCAL_SCAN	RUNNING		ready.queue	0	256	100951690810300
18	100951791283200	L2jMobius High Priority ScheduledThread 1	0	SCHED_LOCAL_SCAN	RUNNING		ready.queue	1	256	100951791167000
19	100951889784800	L2jMobius High Priority ScheduledThread 1	0	SCHED_LOCAL_SCAN	RUNNING		ready.queue	1	256	100951889774900
20	100951990894800	L2jMobius High Priority ScheduledThread 1	0	SCHED_LOCAL_SCAN	RUNNING		ready.queue	5	256	100951990864600
21	100952089801500	L2jMobius High Priority ScheduledThread 8	0	SCHED_LOCAL_SCAN	RUNNING		ready.queue	0	256	100952089800000
22	100952191377400	L2jMobius High Priority ScheduledThread 8	0	HUMAN_REFRESH_BEGIN			local.pulse	1791245089457	9	0
23	100952192064900	L2jMobius High Priority ScheduledThread 8	110	LOCAL_CANDIDATE	OFFLINE		topology.eligible	44131	42673	-3488
24	100952192096000	L2jMobius High Priority ScheduledThread 8	129	LOCAL_CANDIDATE	OFFLINE		topology.eligible	44131	42673	-3488
25	100952192099700	L2jMobius High Priority ScheduledThread 8	142	LOCAL_CANDIDATE	OFFLINE		topology.eligible	44131	42673	-3488
26	100952192102900	L2jMobius High Priority ScheduledThread 8	151	LOCAL_CANDIDATE	OFFLINE		topology.eligible	44131	42673	-3488
27	100952192124700	L2jMobius High Priority ScheduledThread 8	160	LOCAL_CANDIDATE	OFFLINE		topology.eligible	44131	42673	-3488
28	100952192128200	L2jMobius High Priority ScheduledThread 8	175	LOCAL_CANDIDATE	OFFLINE		topology.eligible	44131	42673	-3488
29	100952192131100	L2jMobius High Priority ScheduledThread 8	229	LOCAL_CANDIDATE	OFFLINE		topology.eligible	44131	42673	-3488
30	100952192132600	L2jMobius High Priority ScheduledThread 8	242	LOCAL_CANDIDATE	OFFLINE		topology.eligible	44131	42673	-3488
31	100952192522900	L2jMobius High Priority ScheduledThread 8	0	HUMAN_REFRESH_SUMMARY			bounded	1	9	0
32	100952192688300	L2jMobius High Priority ScheduledThread 8	0	SCHED_LOCAL_SCAN	RUNNING		ready.queue	55	256	100952192687600
33	100952290270100	L2jMobius High Priority ScheduledThread 8	0	SCHED_LOCAL_SCAN	RUNNING		ready.queue	0	256	100952290268400
34	100952391529700	L2jMobius High Priority ScheduledThread 4	0	SCHED_LOCAL_SCAN	RUNNING		ready.queue	0	256	100952391527100
35	100952490538500	L2jMobius High Priority ScheduledThread 12	0	SCHED_LOCAL_SCAN	RUNNING		ready.queue	0	256	100952490536800
36	100952590516800	L2jMobius High Priority ScheduledThread 1	0	SCHED_LOCAL_SCAN	RUNNING		ready.queue	1	256	100952590513500
37	100952691204000	L2jMobius High Priority ScheduledThread 1	0	SCHED_LOCAL_SCAN	RUNNING		ready.queue	0	256	100952691200900
38	100952789772400	L2jMobius High Priority ScheduledThread 1	0	SCHED_LOCAL_SCAN	RUNNING		ready.queue	1	256	100952789763200
39	100952890577000	L2jMobius High Priority ScheduledThread 1	0	SCHED_LOCAL_SCAN	RUNNING		ready.queue	0	256	100952890574500
40	100952990591600	L2jMobius High Priority ScheduledThread 1	0	SCHED_LOCAL_SCAN	RUNNING		ready.queue	0	256	100952990589400
41	100953089916700	L2jMobius High Priority ScheduledThread 2	0	SCHED_LOCAL_SCAN	RUNNING		ready.queue	17	256	100953089908700
42	100953189686200	L2jMobius High Priority ScheduledThread 2	0	SCHED_LOCAL_SCAN	RUNNING		ready.queue	0	256	100953189679300
43	100953290756700	L2jMobius High Priority ScheduledThread 6	0	HUMAN_REFRESH_BEGIN			local.pulse	1791245090556	9	0
44	100953291007000	L2jMobius High Priority ScheduledThread 6	110	LOCAL_CANDIDATE	OFFLINE		topology.eligible	44131	42673	-3488
45	100953291058600	L2jMobius High Priority ScheduledThread 6	129	LOCAL_CANDIDATE	OFFLINE		topology.eligible	44131	42673	-3488
46	100953291060700	L2jMobius High Priority ScheduledThread 6	142	LOCAL_CANDIDATE	OFFLINE		topology.eligible	44131	42673	-3488
47	100953291062200	L2jMobius High Priority ScheduledThread 6	151	LOCAL_CANDIDATE	OFFLINE		topology.eligible	44131	42673	-3488
48	100953291063800	L2jMobius High Priority ScheduledThread 6	160	LOCAL_CANDIDATE	OFFLINE		topology.eligible	44131	42673	-3488
49	100953291065000	L2jMobius High Priority ScheduledThread 6	175	LOCAL_CANDIDATE	OFFLINE		topology.eligible	44131	42673	-3488
50	100953291066300	L2jMobius High Priority ScheduledThread 6	229	LOCAL_CANDIDATE	OFFLINE		topology.eligible	44131	42673	-3488
51	100953291067500	L2jMobius High Priority ScheduledThread 6	242	LOCAL_CANDIDATE	OFFLINE		topology.eligible	44131	42673	-3488
52	100953291198300	L2jMobius High Priority ScheduledThread 6	0	HUMAN_REFRESH_SUMMARY			bounded	1	9	0
53	100953291324400	L2jMobius High Priority ScheduledThread 6	0	SCHED_LOCAL_SCAN	RUNNING		ready.queue	57	256	100953291323600
54	100953389614000	L2jMobius High Priority ScheduledThread 15	0	SCHED_LOCAL_SCAN	RUNNING		ready.queue	0	256	100953389611800
55	100953489606800	L2jMobius High Priority ScheduledThread 14	0	SCHED_LOCAL_SCAN	RUNNING		ready.queue	0	256	100953489604300
56	100953590619800	L2jMobius High Priority ScheduledThread 1	0	SCHED_LOCAL_SCAN	RUNNING		ready.queue	0	256	100953590616200
57	100953690617900	L2jMobius High Priority ScheduledThread 1	0	SCHED_LOCAL_SCAN	RUNNING		ready.queue	0	256	100953690615300
58	100953789635100	L2jMobius High Priority ScheduledThread 1	0	SCHED_LOCAL_SCAN	RUNNING		ready.queue	13	256	100953789631100
59	100953890612100	L2jMobius High Priority ScheduledThread 1	0	SCHED_LOCAL_SCAN	RUNNING		ready.queue	1	256	100953890610000
60	100953989630000	L2jMobius High Priority ScheduledThread 1	0	SCHED_LOCAL_SCAN	RUNNING		ready.queue	0	256	100953989627200
61	100954089730800	L2jMobius High Priority ScheduledThread 16	0	SCHED_LOCAL_SCAN	RUNNING		ready.queue	0	256	100954089727400
62	100954191423600	L2jMobius High Priority ScheduledThread 5	0	SCHED_LOCAL_SCAN	RUNNING		ready.queue	5	256	100954191421300
63	100954291421300	L2jMobius High Priority ScheduledThread 8	0	HUMAN_REFRESH_BEGIN			local.pulse	1791245091557	9	0
64	100954291656300	L2jMobius High Priority ScheduledThread 8	110	LOCAL_CANDIDATE	OFFLINE		topology.eligible	44131	42673	-3488
65	100954291668400	L2jMobius High Priority ScheduledThread 8	129	LOCAL_CANDIDATE	OFFLINE		topology.eligible	44131	42673	-3488
66	100954291691500	L2jMobius High Priority ScheduledThread 8	142	LOCAL_CANDIDATE	OFFLINE		topology.eligible	44131	42673	-3488
67	100954291692700	L2jMobius High Priority ScheduledThread 8	151	LOCAL_CANDIDATE	OFFLINE		topology.eligible	44131	42673	-3488
68	100954291693700	L2jMobius High Priority ScheduledThread 8	160	LOCAL_CANDIDATE	OFFLINE		topology.eligible	44131	42673	-3488
69	100954291694700	L2jMobius High Priority ScheduledThread 8	175	LOCAL_CANDIDATE	OFFLINE		topology.eligible	44131	42673	-3488
70	100954291695700	L2jMobius High Priority ScheduledThread 8	229	LOCAL_CANDIDATE	OFFLINE		topology.eligible	44131	42673	-3488
71	100954291696500	L2jMobius High Priority ScheduledThread 8	242	LOCAL_CANDIDATE	OFFLINE		topology.eligible	44131	42673	-3488
72	100954291775300	L2jMobius High Priority ScheduledThread 8	0	HUMAN_REFRESH_SUMMARY			bounded	1	9	0
73	100954291868600	L2jMobius High Priority ScheduledThread 8	0	SCHED_LOCAL_SCAN	RUNNING		ready.queue	9	256	100954291868200
74	100954390233700	L2jMobius High Priority ScheduledThread 4	0	SCHED_LOCAL_SCAN	RUNNING		ready.queue	60	256	100954390231400
75	100954490147100	L2jMobius High Priority ScheduledThread 12	0	SCHED_LOCAL_SCAN	RUNNING		ready.queue	0	256	100954490144000
76	100954590763600	L2jMobius High Priority ScheduledThread 2	0	SCHED_LOCAL_SCAN	RUNNING		ready.queue	0	256	100954590761200
77	100954690950400	L2jMobius High Priority ScheduledThread 2	0	SCHED_LOCAL_SCAN	RUNNING		ready.queue	6	256	100954690939300
78	100954789839800	L2jMobius High Priority ScheduledThread 2	0	SCHED_LOCAL_SCAN	RUNNING		ready.queue	14	256	100954789836700
79	100954889860100	L2jMobius High Priority ScheduledThread 2	0	SCHED_LOCAL_SCAN	RUNNING		ready.queue	0	256	100954889855200
80	100954989795400	L2jMobius High Priority ScheduledThread 8	0	SCHED_LOCAL_SCAN	RUNNING		ready.queue	0	256	100954989791700
81	100955090780700	L2jMobius High Priority ScheduledThread 11	0	SCHED_LOCAL_SCAN	RUNNING		ready.queue	0	256	100955090778800
82	100955190804300	L2jMobius High Priority ScheduledThread 13	0	SCHED_LOCAL_SCAN	RUNNING		ready.queue	13	256	100955190794200
83	100955289818600	L2jMobius High Priority ScheduledThread 1	0	SCHED_LOCAL_SCAN	RUNNING		ready.queue	1	256	100955289816900
84	100955390765100	L2jMobius High Priority ScheduledThread 3	0	HUMAN_REFRESH_BEGIN			local.pulse	1791245092656	9	0
85	100955390911000	L2jMobius High Priority ScheduledThread 3	110	LOCAL_CANDIDATE	OFFLINE		topology.eligible	44131	42673	-3488
86	100955390915100	L2jMobius High Priority ScheduledThread 3	129	LOCAL_CANDIDATE	OFFLINE		topology.eligible	44131	42673	-3488
87	100955390916000	L2jMobius High Priority ScheduledThread 3	142	LOCAL_CANDIDATE	OFFLINE		topology.eligible	44131	42673	-3488
88	100955390916800	L2jMobius High Priority ScheduledThread 3	151	LOCAL_CANDIDATE	OFFLINE		topology.eligible	44131	42673	-3488
89	100955390917500	L2jMobius High Priority ScheduledThread 3	160	LOCAL_CANDIDATE	OFFLINE		topology.eligible	44131	42673	-3488
90	100955390918100	L2jMobius High Priority ScheduledThread 3	175	LOCAL_CANDIDATE	OFFLINE		topology.eligible	44131	42673	-3488
91	100955390918900	L2jMobius High Priority ScheduledThread 3	229	LOCAL_CANDIDATE	OFFLINE		topology.eligible	44131	42673	-3488
92	100955390919500	L2jMobius High Priority ScheduledThread 3	242	LOCAL_CANDIDATE	OFFLINE		topology.eligible	44131	42673	-3488
93	100955391027500	L2jMobius High Priority ScheduledThread 3	0	HUMAN_REFRESH_SUMMARY			bounded	1	9	0
94	100955391104400	L2jMobius High Priority ScheduledThread 3	0	SCHED_LOCAL_SCAN	RUNNING		ready.queue	9	256	100955391103800
95	100955490278300	L2jMobius High Priority ScheduledThread 6	0	SCHED_LOCAL_SCAN	RUNNING		ready.queue	2	256	100955490274200
96	100955591325000	L2jMobius High Priority ScheduledThread 8	0	SCHED_LOCAL_SCAN	RUNNING		ready.queue	1	256	100955591322100
97	100955690192200	L2jMobius High Priority ScheduledThread 8	0	SCHED_LOCAL_SCAN	RUNNING		ready.queue	1	256	100955690189100
98	100955790182300	L2jMobius High Priority ScheduledThread 8	0	SCHED_LOCAL_SCAN	RUNNING		ready.queue	0	256	100955790177600
99	100955890167200	L2jMobius High Priority ScheduledThread 8	0	SCHED_LOCAL_SCAN	RUNNING		ready.queue	0	256	100955890164400
100	100955991171000	L2jMobius High Priority ScheduledThread 8	0	SCHED_LOCAL_SCAN	RUNNING		ready.queue	0	256	100955991168900
101	100956090156300	L2jMobius High Priority ScheduledThread 9	0	SCHED_LOCAL_SCAN	RUNNING		ready.queue	0	256	100956090154100
102	100956190247700	L2jMobius High Priority ScheduledThread 16	0	SCHED_LOCAL_SCAN	RUNNING		ready.queue	0	256	100956190234000
103	100956290357400	L2jMobius High Priority ScheduledThread 3	0	SCHED_LOCAL_SCAN	RUNNING		ready.queue	0	256	100956290353400
104	100956391371700	L2jMobius High Priority ScheduledThread 14	0	HUMAN_REFRESH_BEGIN			local.pulse	1791245093657	9	0
105	100956391713100	L2jMobius High Priority ScheduledThread 14	110	LOCAL_CANDIDATE	OFFLINE		topology.eligible	44131	42673	-3488
106	100956391718300	L2jMobius High Priority ScheduledThread 14	129	LOCAL_CANDIDATE	OFFLINE		topology.eligible	44131	42673	-3488
107	100956391719500	L2jMobius High Priority ScheduledThread 14	142	LOCAL_CANDIDATE	OFFLINE		topology.eligible	44131	42673	-3488
108	100956391720700	L2jMobius High Priority ScheduledThread 14	151	LOCAL_CANDIDATE	OFFLINE		topology.eligible	44131	42673	-3488
109	100956391721500	L2jMobius High Priority ScheduledThread 14	160	LOCAL_CANDIDATE	OFFLINE		topology.eligible	44131	42673	-3488
110	100956391722300	L2jMobius High Priority ScheduledThread 14	175	LOCAL_CANDIDATE	OFFLINE		topology.eligible	44131	42673	-3488
111	100956391723100	L2jMobius High Priority ScheduledThread 14	229	LOCAL_CANDIDATE	OFFLINE		topology.eligible	44131	42673	-3488
112	100956391723900	L2jMobius High Priority ScheduledThread 14	242	LOCAL_CANDIDATE	OFFLINE		topology.eligible	44131	42673	-3488
113	100956391869600	L2jMobius High Priority ScheduledThread 14	0	HUMAN_REFRESH_SUMMARY			bounded	1	9	0
114	100956391988100	L2jMobius High Priority ScheduledThread 14	0	SCHED_LOCAL_SCAN	RUNNING		ready.queue	9	256	100956391987600
115	100956490190200	L2jMobius High Priority ScheduledThread 11	0	SCHED_LOCAL_SCAN	RUNNING		ready.queue	1	256	100956490188100
116	100956590183300	L2jMobius High Priority ScheduledThread 1	0	SCHED_LOCAL_SCAN	RUNNING		ready.queue	0	256	100956590180100
117	100956690166600	L2jMobius High Priority ScheduledThread 1	0	SCHED_LOCAL_SCAN	RUNNING		ready.queue	0	256	100956690164000
118	100956791199700	L2jMobius High Priority ScheduledThread 1	0	SCHED_LOCAL_SCAN	RUNNING		ready.queue	0	256	100956791196100
119	100956890200200	L2jMobius High Priority ScheduledThread 1	0	SCHED_LOCAL_SCAN	RUNNING		ready.queue	0	256	100956890195800
120	100956990266200	L2jMobius High Priority ScheduledThread 1	0	SCHED_LOCAL_SCAN	RUNNING		ready.queue	0	256	100956990250800
121	100957090184600	L2jMobius High Priority ScheduledThread 15	0	SCHED_LOCAL_SCAN	RUNNING		ready.queue	0	256	100957090181500
122	100957190168300	L2jMobius High Priority ScheduledThread 15	0	SCHED_LOCAL_SCAN	RUNNING		ready.queue	0	256	100957190165400
123	100957290229200	L2jMobius High Priority ScheduledThread 11	0	SCHED_LOCAL_SCAN	RUNNING		ready.queue	0	256	100957290225900
124	100957390308100	L2jMobius High Priority ScheduledThread 10	0	SCHED_LOCAL_SCAN	RUNNING		ready.queue	1	256	100957390305900
125	100957490203700	L2jMobius High Priority ScheduledThread 13	0	HUMAN_REFRESH_BEGIN			local.pulse	1791245094756	9	0
126	100957490934600	L2jMobius High Priority ScheduledThread 13	110	LOCAL_CANDIDATE	OFFLINE		topology.eligible	44131	42673	-3488
127	100957490946100	L2jMobius High Priority ScheduledThread 13	129	LOCAL_CANDIDATE	OFFLINE		topology.eligible	44131	42673	-3488
128	100957490947400	L2jMobius High Priority ScheduledThread 13	142	LOCAL_CANDIDATE	OFFLINE		topology.eligible	44131	42673	-3488
129	100957490963800	L2jMobius High Priority ScheduledThread 13	151	LOCAL_CANDIDATE	OFFLINE		topology.eligible	44131	42673	-3488
130	100957490964900	L2jMobius High Priority ScheduledThread 13	160	LOCAL_CANDIDATE	OFFLINE		topology.eligible	44131	42673	-3488
131	100957490965900	L2jMobius High Priority ScheduledThread 13	175	LOCAL_CANDIDATE	OFFLINE		topology.eligible	44131	42673	-3488
132	100957490967400	L2jMobius High Priority ScheduledThread 13	229	LOCAL_CANDIDATE	OFFLINE		topology.eligible	44131	42673	-3488
133	100957490968900	L2jMobius High Priority ScheduledThread 13	242	LOCAL_CANDIDATE	OFFLINE		topology.eligible	44131	42673	-3488
134	100957491129400	L2jMobius High Priority ScheduledThread 13	0	HUMAN_REFRESH_SUMMARY			bounded	1	9	0
135	100957491271600	L2jMobius High Priority ScheduledThread 13	0	SCHED_LOCAL_SCAN	RUNNING		ready.queue	9	256	100957491269400
136	100957590423700	L2jMobius High Priority ScheduledThread 1	0	SCHED_LOCAL_SCAN	RUNNING		ready.queue	56	256	100957590421900
137	100957690430500	L2jMobius High Priority ScheduledThread 1	0	SCHED_LOCAL_SCAN	RUNNING		ready.queue	1	256	100957690426200
138	100957791395300	L2jMobius High Priority ScheduledThread 1	0	SCHED_LOCAL_SCAN	RUNNING		ready.queue	1	256	100957791387600
139	100957891408400	L2jMobius High Priority ScheduledThread 1	0	SCHED_LOCAL_SCAN	RUNNING		ready.queue	0	256	100957891406300
140	100957990156000	L2jMobius High Priority ScheduledThread 1	0	SCHED_LOCAL_SCAN	RUNNING		ready.queue	1	256	100957990141400
141	100958091129600	L2jMobius High Priority ScheduledThread 12	0	SCHED_LOCAL_SCAN	RUNNING		ready.queue	0	256	100958091127000
142	100958189970800	L2jMobius High Priority ScheduledThread 8	0	SCHED_LOCAL_SCAN	RUNNING		ready.queue	0	256	100958189966900
143	100958289941500	L2jMobius High Priority ScheduledThread 10	0	SCHED_LOCAL_SCAN	RUNNING		ready.queue	1	256	100958289938700
144	100958390939300	L2jMobius High Priority ScheduledThread 3	0	SCHED_LOCAL_SCAN	RUNNING		ready.queue	12	256	100958390936700
145	100958489983300	L2jMobius High Priority ScheduledThread 5	0	HUMAN_REFRESH_BEGIN			local.pulse	1791245095756	9	0
146	100958490281400	L2jMobius High Priority ScheduledThread 5	110	LOCAL_CANDIDATE	OFFLINE		topology.eligible	44131	42673	-3488
147	100958490285900	L2jMobius High Priority ScheduledThread 5	129	LOCAL_CANDIDATE	OFFLINE		topology.eligible	44131	42673	-3488
148	100958490286900	L2jMobius High Priority ScheduledThread 5	142	LOCAL_CANDIDATE	OFFLINE		topology.eligible	44131	42673	-3488
149	100958490287700	L2jMobius High Priority ScheduledThread 5	151	LOCAL_CANDIDATE	OFFLINE		topology.eligible	44131	42673	-3488
150	100958490288300	L2jMobius High Priority ScheduledThread 5	160	LOCAL_CANDIDATE	OFFLINE		topology.eligible	44131	42673	-3488
151	100958490289900	L2jMobius High Priority ScheduledThread 5	175	LOCAL_CANDIDATE	OFFLINE		topology.eligible	44131	42673	-3488
152	100958490291800	L2jMobius High Priority ScheduledThread 5	229	LOCAL_CANDIDATE	OFFLINE		topology.eligible	44131	42673	-3488
153	100958490292900	L2jMobius High Priority ScheduledThread 5	242	LOCAL_CANDIDATE	OFFLINE		topology.eligible	44131	42673	-3488
154	100958490386500	L2jMobius High Priority ScheduledThread 5	0	HUMAN_REFRESH_SUMMARY			bounded	1	9	0
155	100958490506300	L2jMobius High Priority ScheduledThread 5	0	SCHED_LOCAL_SCAN	RUNNING		ready.queue	9	256	100958490505400
156	100958589919900	L2jMobius High Priority ScheduledThread 11	0	SCHED_LOCAL_SCAN	RUNNING		ready.queue	9	256	100958589917000
157	100958690126600	L2jMobius High Priority ScheduledThread 4	0	SCHED_LOCAL_SCAN	RUNNING		ready.queue	0	256	100958690119400
158	100958790942800	L2jMobius High Priority ScheduledThread 4	0	SCHED_LOCAL_SCAN	RUNNING		ready.queue	0	256	100958790940300
159	100958889910300	L2jMobius High Priority ScheduledThread 4	0	SCHED_LOCAL_SCAN	RUNNING		ready.queue	0	256	100958889905800
160	100958990181900	L2jMobius High Priority ScheduledThread 4	0	SCHED_LOCAL_SCAN	RUNNING		ready.queue	1	256	100958990176300
161	100959090152200	L2jMobius High Priority ScheduledThread 2	0	SCHED_LOCAL_SCAN	RUNNING		ready.queue	0	256	100959090149800
162	100959191454600	L2jMobius High Priority ScheduledThread 2	0	SCHED_LOCAL_SCAN	RUNNING		ready.queue	0	256	100959191452500
163	100959291504100	L2jMobius High Priority ScheduledThread 3	0	SCHED_LOCAL_SCAN	RUNNING		ready.queue	0	256	100959291496300
164	100959389545000	L2jMobius High Priority ScheduledThread 1	0	SCHED_LOCAL_SCAN	RUNNING		ready.queue	0	256	100959389529500
165	100959491451600	L2jMobius High Priority ScheduledThread 12	0	HUMAN_REFRESH_BEGIN			local.pulse	1791245096757	9	0
166	100959491674500	L2jMobius High Priority ScheduledThread 12	110	LOCAL_CANDIDATE	OFFLINE		topology.eligible	44131	42673	-3488
167	100959491679800	L2jMobius High Priority ScheduledThread 12	129	LOCAL_CANDIDATE	OFFLINE		topology.eligible	44131	42673	-3488
168	100959491680900	L2jMobius High Priority ScheduledThread 12	142	LOCAL_CANDIDATE	OFFLINE		topology.eligible	44131	42673	-3488
169	100959491681600	L2jMobius High Priority ScheduledThread 12	151	LOCAL_CANDIDATE	OFFLINE		topology.eligible	44131	42673	-3488
170	100959491682300	L2jMobius High Priority ScheduledThread 12	160	LOCAL_CANDIDATE	OFFLINE		topology.eligible	44131	42673	-3488
171	100959491683200	L2jMobius High Priority ScheduledThread 12	175	LOCAL_CANDIDATE	OFFLINE		topology.eligible	44131	42673	-3488
172	100959491684000	L2jMobius High Priority ScheduledThread 12	229	LOCAL_CANDIDATE	OFFLINE		topology.eligible	44131	42673	-3488
173	100959491684800	L2jMobius High Priority ScheduledThread 12	242	LOCAL_CANDIDATE	OFFLINE		topology.eligible	44131	42673	-3488
174	100959491765500	L2jMobius High Priority ScheduledThread 12	0	HUMAN_REFRESH_SUMMARY			bounded	1	9	0
175	100959491854700	L2jMobius High Priority ScheduledThread 12	0	SCHED_LOCAL_SCAN	RUNNING		ready.queue	9	256	100959491854200
176	100959590481100	L2jMobius High Priority ScheduledThread 10	0	SCHED_LOCAL_SCAN	RUNNING		ready.queue	0	256	100959590479900
177	100959691246800	L2jMobius High Priority ScheduledThread 10	0	SCHED_LOCAL_SCAN	RUNNING		ready.queue	56	256	100959691245100
178	100959791195100	L2jMobius High Priority ScheduledThread 6	0	SCHED_LOCAL_SCAN	RUNNING		ready.queue	0	256	100959791191200
179	100959890243700	L2jMobius High Priority ScheduledThread 6	0	SCHED_LOCAL_SCAN	RUNNING		ready.queue	17	256	100959890242100
180	100959989844000	L2jMobius High Priority ScheduledThread 6	0	SCHED_LOCAL_SCAN	RUNNING		ready.queue	0	256	100959989841900
181	100960090916200	L2jMobius High Priority ScheduledThread 15	0	SCHED_LOCAL_SCAN	RUNNING		ready.queue	0	256	100960090909200
182	100960191436700	L2jMobius High Priority ScheduledThread 11	0	SCHED_LOCAL_SCAN	RUNNING		ready.queue	0	256	100960191432500
183	100960291447600	L2jMobius High Priority ScheduledThread 12	0	SCHED_LOCAL_SCAN	RUNNING		ready.queue	0	256	100960291445300
184	100960391118600	L2jMobius High Priority ScheduledThread 13	0	SCHED_LOCAL_SCAN	RUNNING		ready.queue	0	256	100960391115100
185	100960491197400	L2jMobius High Priority ScheduledThread 14	0	HUMAN_REFRESH_BEGIN			local.pulse	1791245097757	9	0
186	100960491328500	L2jMobius High Priority ScheduledThread 14	110	LOCAL_CANDIDATE	OFFLINE		topology.eligible	44131	42673	-3488
187	100960491332800	L2jMobius High Priority ScheduledThread 14	129	LOCAL_CANDIDATE	OFFLINE		topology.eligible	44131	42673	-3488
188	100960491334200	L2jMobius High Priority ScheduledThread 14	142	LOCAL_CANDIDATE	OFFLINE		topology.eligible	44131	42673	-3488
189	100960491335200	L2jMobius High Priority ScheduledThread 14	151	LOCAL_CANDIDATE	OFFLINE		topology.eligible	44131	42673	-3488
190	100960491336100	L2jMobius High Priority ScheduledThread 14	160	LOCAL_CANDIDATE	OFFLINE		topology.eligible	44131	42673	-3488
191	100960491336900	L2jMobius High Priority ScheduledThread 14	175	LOCAL_CANDIDATE	OFFLINE		topology.eligible	44131	42673	-3488
192	100960491338200	L2jMobius High Priority ScheduledThread 14	229	LOCAL_CANDIDATE	OFFLINE		topology.eligible	44131	42673	-3488
193	100960491338900	L2jMobius High Priority ScheduledThread 14	242	LOCAL_CANDIDATE	OFFLINE		topology.eligible	44131	42673	-3488
194	100960491423700	L2jMobius High Priority ScheduledThread 14	0	HUMAN_REFRESH_SUMMARY			bounded	1	9	0
195	100960491502200	L2jMobius High Priority ScheduledThread 14	0	SCHED_LOCAL_SCAN	RUNNING		ready.queue	24	256	100960491501500
196	100960590222900	L2jMobius High Priority ScheduledThread 6	0	SCHED_LOCAL_SCAN	RUNNING		ready.queue	1	256	100960590220800
197	100960690152600	L2jMobius High Priority ScheduledThread 6	0	SCHED_LOCAL_SCAN	RUNNING		ready.queue	1	256	100960690150300
198	100960791169600	L2jMobius High Priority ScheduledThread 6	0	SCHED_LOCAL_SCAN	RUNNING		ready.queue	0	256	100960791167400
199	100960890156000	L2jMobius High Priority ScheduledThread 6	0	SCHED_LOCAL_SCAN	RUNNING		ready.queue	0	256	100960890152900
200	100960991359900	L2jMobius High Priority ScheduledThread 6	0	SCHED_LOCAL_SCAN	RUNNING		ready.queue	0	256	100960991351400
201	100961090406100	L2jMobius High Priority ScheduledThread 9	0	SCHED_LOCAL_SCAN	RUNNING		ready.queue	0	256	100961090403000
202	100961190347600	L2jMobius High Priority ScheduledThread 9	0	SCHED_LOCAL_SCAN	RUNNING		ready.queue	0	256	100961190345900
203	100961291518600	L2jMobius High Priority ScheduledThread 14	0	SCHED_LOCAL_SCAN	RUNNING		ready.queue	0	256	100961291511400
204	100961390368200	L2jMobius High Priority ScheduledThread 10	0	SCHED_LOCAL_SCAN	RUNNING		ready.queue	0	256	100961390365800
205	100961490361900	L2jMobius High Priority ScheduledThread 5	0	SCHED_LOCAL_SCAN	RUNNING		ready.queue	0	256	100961490358400
206	100961590352300	L2jMobius High Priority ScheduledThread 6	0	HUMAN_REFRESH_BEGIN			local.pulse	1791245098856	9	0
207	100961590648100	L2jMobius High Priority ScheduledThread 6	110	LOCAL_CANDIDATE	OFFLINE		topology.eligible	44131	42673	-3488
208	100961590652200	L2jMobius High Priority ScheduledThread 6	129	LOCAL_CANDIDATE	OFFLINE		topology.eligible	44131	42673	-3488
209	100961590653600	L2jMobius High Priority ScheduledThread 6	142	LOCAL_CANDIDATE	OFFLINE		topology.eligible	44131	42673	-3488
210	100961590654400	L2jMobius High Priority ScheduledThread 6	151	LOCAL_CANDIDATE	OFFLINE		topology.eligible	44131	42673	-3488
211	100961590655500	L2jMobius High Priority ScheduledThread 6	160	LOCAL_CANDIDATE	OFFLINE		topology.eligible	44131	42673	-3488
212	100961590656200	L2jMobius High Priority ScheduledThread 6	175	LOCAL_CANDIDATE	OFFLINE		topology.eligible	44131	42673	-3488
213	100961590657100	L2jMobius High Priority ScheduledThread 6	229	LOCAL_CANDIDATE	OFFLINE		topology.eligible	44131	42673	-3488
214	100961590657900	L2jMobius High Priority ScheduledThread 6	242	LOCAL_CANDIDATE	OFFLINE		topology.eligible	44131	42673	-3488
215	100961590790500	L2jMobius High Priority ScheduledThread 6	0	HUMAN_REFRESH_SUMMARY			bounded	1	9	0
216	100961590927200	L2jMobius High Priority ScheduledThread 6	0	SCHED_LOCAL_SCAN	RUNNING		ready.queue	25	256	100961590926400
217	100961690322400	L2jMobius High Priority ScheduledThread 6	0	SCHED_LOCAL_SCAN	RUNNING		ready.queue	1	256	100961690309900
218	100961791368400	L2jMobius High Priority ScheduledThread 6	0	SCHED_LOCAL_SCAN	RUNNING		ready.queue	0	256	100961791356100
219	100961890376400	L2jMobius High Priority ScheduledThread 6	0	SCHED_LOCAL_SCAN	RUNNING		ready.queue	0	256	100961890369200
220	100961989641100	L2jMobius High Priority ScheduledThread 6	0	SCHED_LOCAL_SCAN	RUNNING		ready.queue	0	256	100961989630900
221	100962090642300	L2jMobius High Priority ScheduledThread 7	0	SCHED_LOCAL_SCAN	RUNNING		ready.queue	0	256	100962090633800
222	100962190834700	L2jMobius High Priority ScheduledThread 7	0	SCHED_LOCAL_SCAN	RUNNING		ready.queue	0	256	100962190831200
223	100962290962300	L2jMobius High Priority ScheduledThread 10	0	SCHED_LOCAL_SCAN	RUNNING		ready.queue	0	256	100962290960300
224	100962390418100	L2jMobius High Priority ScheduledThread 16	0	SCHED_LOCAL_SCAN	RUNNING		ready.queue	0	256	100962390409000
225	100962489781000	L2jMobius High Priority ScheduledThread 8	0	SCHED_LOCAL_SCAN	RUNNING		ready.queue	0	256	100962489778000
226	100962589628700	L2jMobius High Priority ScheduledThread 6	0	SCHED_LOCAL_SCAN	RUNNING		ready.queue	0	256	100962589625700
227	100962689585100	L2jMobius High Priority ScheduledThread 6	0	HUMAN_REFRESH_BEGIN			local.pulse	1791245099955	9	0
228	100962689785000	L2jMobius High Priority ScheduledThread 6	110	LOCAL_CANDIDATE	OFFLINE		topology.eligible	44131	42673	-3488
229	100962689788900	L2jMobius High Priority ScheduledThread 6	129	LOCAL_CANDIDATE	OFFLINE		topology.eligible	44131	42673	-3488
230	100962689790500	L2jMobius High Priority ScheduledThread 6	142	LOCAL_CANDIDATE	OFFLINE		topology.eligible	44131	42673	-3488
231	100962689791400	L2jMobius High Priority ScheduledThread 6	151	LOCAL_CANDIDATE	OFFLINE		topology.eligible	44131	42673	-3488
232	100962689792100	L2jMobius High Priority ScheduledThread 6	160	LOCAL_CANDIDATE	OFFLINE		topology.eligible	44131	42673	-3488
233	100962689792800	L2jMobius High Priority ScheduledThread 6	175	LOCAL_CANDIDATE	OFFLINE		topology.eligible	44131	42673	-3488
234	100962689793500	L2jMobius High Priority ScheduledThread 6	229	LOCAL_CANDIDATE	OFFLINE		topology.eligible	44131	42673	-3488
235	100962689794200	L2jMobius High Priority ScheduledThread 6	242	LOCAL_CANDIDATE	OFFLINE		topology.eligible	44131	42673	-3488
236	100962689893500	L2jMobius High Priority ScheduledThread 6	0	HUMAN_REFRESH_SUMMARY			bounded	1	9	0
237	100962689974600	L2jMobius High Priority ScheduledThread 6	0	SCHED_LOCAL_SCAN	RUNNING		ready.queue	25	256	100962689973600
238	100962789559200	L2jMobius High Priority ScheduledThread 6	0	SCHED_LOCAL_SCAN	RUNNING		ready.queue	0	256	100962789553900
239	100962889619400	L2jMobius High Priority ScheduledThread 6	0	SCHED_LOCAL_SCAN	RUNNING		ready.queue	0	256	100962889610000
240	100962989606200	L2jMobius High Priority ScheduledThread 6	0	SCHED_LOCAL_SCAN	RUNNING		ready.queue	0	256	100962989602400
241	100963089630900	L2jMobius High Priority ScheduledThread 10	0	SCHED_LOCAL_SCAN	RUNNING		ready.queue	0	256	100963089628400
242	100963191300000	L2jMobius High Priority ScheduledThread 16	0	SCHED_LOCAL_SCAN	RUNNING		ready.queue	1	256	100963191296300
243	100963289570400	L2jMobius High Priority ScheduledThread 15	0	SCHED_LOCAL_SCAN	RUNNING		ready.queue	0	256	100963289566800
244	100963391555700	L2jMobius High Priority ScheduledThread 9	0	SCHED_LOCAL_SCAN	RUNNING		ready.queue	0	256	100963391544900
245	100963490543100	L2jMobius High Priority ScheduledThread 1	0	SCHED_LOCAL_SCAN	RUNNING		ready.queue	0	256	100963490540400
246	100963589529400	L2jMobius High Priority ScheduledThread 6	0	SCHED_LOCAL_SCAN	RUNNING		ready.queue	0	256	100963589527800
247	100963690541800	L2jMobius High Priority ScheduledThread 6	0	HUMAN_REFRESH_BEGIN			local.pulse	1791245100956	9	0
248	100963690761900	L2jMobius High Priority ScheduledThread 6	110	LOCAL_CANDIDATE	OFFLINE		topology.eligible	44131	42673	-3488
249	100963690767800	L2jMobius High Priority ScheduledThread 6	129	LOCAL_CANDIDATE	OFFLINE		topology.eligible	44131	42673	-3488
250	100963690769000	L2jMobius High Priority ScheduledThread 6	142	LOCAL_CANDIDATE	OFFLINE		topology.eligible	44131	42673	-3488
251	100963690769900	L2jMobius High Priority ScheduledThread 6	151	LOCAL_CANDIDATE	OFFLINE		topology.eligible	44131	42673	-3488
252	100963690770700	L2jMobius High Priority ScheduledThread 6	160	LOCAL_CANDIDATE	OFFLINE		topology.eligible	44131	42673	-3488
253	100963690771500	L2jMobius High Priority ScheduledThread 6	175	LOCAL_CANDIDATE	OFFLINE		topology.eligible	44131	42673	-3488
254	100963690772400	L2jMobius High Priority ScheduledThread 6	229	LOCAL_CANDIDATE	OFFLINE		topology.eligible	44131	42673	-3488
255	100963690773200	L2jMobius High Priority ScheduledThread 6	242	LOCAL_CANDIDATE	OFFLINE		topology.eligible	44131	42673	-3488
256	100963690862400	L2jMobius High Priority ScheduledThread 6	0	HUMAN_REFRESH_SUMMARY			bounded	1	9	0
257	100963690982200	L2jMobius High Priority ScheduledThread 6	0	SCHED_LOCAL_SCAN	RUNNING		ready.queue	25	256	100963690981000
258	100963790559300	L2jMobius High Priority ScheduledThread 6	0	SCHED_LOCAL_SCAN	RUNNING		ready.queue	0	256	100963790556400
259	100963889623800	L2jMobius High Priority ScheduledThread 6	0	SCHED_LOCAL_SCAN	RUNNING		ready.queue	0	256	100963889621400
260	100963989658400	L2jMobius High Priority ScheduledThread 6	0	SCHED_LOCAL_SCAN	RUNNING		ready.queue	0	256	100963989655100
261	100964089663800	L2jMobius High Priority ScheduledThread 8	0	SCHED_LOCAL_SCAN	RUNNING		ready.queue	0	256	100964089644700
262	100964189534500	L2jMobius High Priority ScheduledThread 8	0	SCHED_LOCAL_SCAN	RUNNING		ready.queue	1	256	100964189531900
263	100964289516900	L2jMobius High Priority ScheduledThread 1	0	SCHED_LOCAL_SCAN	RUNNING		ready.queue	2	256	100964289515200
264	100964390492000	L2jMobius High Priority ScheduledThread 11	0	SCHED_LOCAL_SCAN	RUNNING		ready.queue	0	256	100964390489700
265	100964491078800	L2jMobius High Priority ScheduledThread 5	0	SCHED_LOCAL_SCAN	RUNNING		ready.queue	0	256	100964491076900
266	100964590057300	L2jMobius High Priority ScheduledThread 6	0	SCHED_LOCAL_SCAN	RUNNING		ready.queue	0	256	100964590054300
267	100964689933400	L2jMobius High Priority ScheduledThread 6	0	HUMAN_REFRESH_BEGIN			local.pulse	1791245101956	9	0
268	100964690125700	L2jMobius High Priority ScheduledThread 6	110	LOCAL_CANDIDATE	OFFLINE		topology.eligible	44131	42673	-3488
269	100964690129900	L2jMobius High Priority ScheduledThread 6	129	LOCAL_CANDIDATE	OFFLINE		topology.eligible	44131	42673	-3488
270	100964690158000	L2jMobius High Priority ScheduledThread 6	142	LOCAL_CANDIDATE	OFFLINE		topology.eligible	44131	42673	-3488
271	100964690158700	L2jMobius High Priority ScheduledThread 6	151	LOCAL_CANDIDATE	OFFLINE		topology.eligible	44131	42673	-3488
272	100964690159200	L2jMobius High Priority ScheduledThread 6	160	LOCAL_CANDIDATE	OFFLINE		topology.eligible	44131	42673	-3488
273	100964690159600	L2jMobius High Priority ScheduledThread 6	175	LOCAL_CANDIDATE	OFFLINE		topology.eligible	44131	42673	-3488
274	100964690160400	L2jMobius High Priority ScheduledThread 6	229	LOCAL_CANDIDATE	OFFLINE		topology.eligible	44131	42673	-3488
275	100964690161200	L2jMobius High Priority ScheduledThread 6	242	LOCAL_CANDIDATE	OFFLINE		topology.eligible	44131	42673	-3488
276	100964690242100	L2jMobius High Priority ScheduledThread 6	0	HUMAN_REFRESH_SUMMARY			bounded	1	9	0
277	100964690330100	L2jMobius High Priority ScheduledThread 6	0	SCHED_LOCAL_SCAN	RUNNING		ready.queue	9	256	100964690329600
278	100964788521400	L2jMobius Thread 9	110	SCHED_SIGNAL_ACCEPTED	SLEEPING	ACTIVE	background.native_context	100964788508400	5	0
279	100964789965000	L2jMobius High Priority ScheduledThread 6	0	SCHED_LOCAL_SCAN	RUNNING		ready.queue	27	256	100964789931300
280	100964790218200	L2jMobius High Priority ScheduledThread 6	110	SCHED_LOCAL_SCAN	SLEEPING	SLEEPING	STABLE	5	1	0
281	100964790228900	L2jMobius High Priority ScheduledThread 6	110	SCHED_LOCAL_PROMOTION_SELECTED	SLEEPING	SLEEPING	STABLE	5	100964789931300	0
282	100964790245300	L2jMobius High Priority ScheduledThread 6	110	SCHED_BOUNDARY_PLAN	MATERIALIZE	ACTIVE	execute	5	0	0
283	100964790258800	L2jMobius High Priority ScheduledThread 6	110	READY_PRESENCE_OFFLINE	OFFLINE	DEFERRED	presence.no_current_local_demand	0	0	0
284	100964790287000	L2jMobius High Priority ScheduledThread 6	110	SCHED_BOUNDARY_RESULT	MATERIALIZE	DEFERRED	presence.no_current_local_demand	5	100964789931300	0
285	100964790377400	L2jMobius High Priority ScheduledThread 6	110	SCHED_LOCAL_PROMOTION_SELECTED	SLEEPING	ACTIVE	DEFERRED	5	100964789931300	0
286	100964790384800	L2jMobius High Priority ScheduledThread 6	110	SCHED_BOUNDARY_PLAN	NO_PLAN	ACTIVE	DEFERRED	5	100965789931300	100964789931300
287	100964891255300	L2jMobius High Priority ScheduledThread 6	0	SCHED_LOCAL_SCAN	RUNNING		ready.queue	54	256	100964891227400
288	100964991435600	L2jMobius High Priority ScheduledThread 6	0	SCHED_LOCAL_SCAN	RUNNING		ready.queue	0	256	100964991423900
289	100965091389000	L2jMobius High Priority ScheduledThread 7	0	SCHED_LOCAL_SCAN	RUNNING		ready.queue	0	256	100965091383000
290	100965190240600	L2jMobius High Priority ScheduledThread 7	0	SCHED_LOCAL_SCAN	RUNNING		ready.queue	12	256	100965190224500
291	100965289778700	L2jMobius High Priority ScheduledThread 5	0	SCHED_LOCAL_SCAN	RUNNING		ready.queue	0	256	100965289770200
292	100965389788500	L2jMobius High Priority ScheduledThread 15	0	SCHED_LOCAL_SCAN	RUNNING		ready.queue	0	256	100965389773600
293	100965491389400	L2jMobius High Priority ScheduledThread 2	0	SCHED_LOCAL_SCAN	RUNNING		ready.queue	0	256	100965491356700
294	100965591355700	L2jMobius High Priority ScheduledThread 1	0	SCHED_LOCAL_SCAN	RUNNING		ready.queue	0	256	100965591344300
295	100965690375400	L2jMobius High Priority ScheduledThread 1	0	HUMAN_REFRESH_BEGIN			local.pulse	1791245102956	9	0
296	100965690961200	L2jMobius High Priority ScheduledThread 1	110	LOCAL_CANDIDATE	OFFLINE		topology.eligible	44131	42673	-3488
297	100965690965700	L2jMobius High Priority ScheduledThread 1	129	LOCAL_CANDIDATE	OFFLINE		topology.eligible	44131	42673	-3488
298	100965690966800	L2jMobius High Priority ScheduledThread 1	142	LOCAL_CANDIDATE	OFFLINE		topology.eligible	44131	42673	-3488
299	100965690967200	L2jMobius High Priority ScheduledThread 1	151	LOCAL_CANDIDATE	OFFLINE		topology.eligible	44131	42673	-3488
300	100965690967800	L2jMobius High Priority ScheduledThread 1	160	LOCAL_CANDIDATE	OFFLINE		topology.eligible	44131	42673	-3488
301	100965690968300	L2jMobius High Priority ScheduledThread 1	175	LOCAL_CANDIDATE	OFFLINE		topology.eligible	44131	42673	-3488
302	100965690968900	L2jMobius High Priority ScheduledThread 1	229	LOCAL_CANDIDATE	OFFLINE		topology.eligible	44131	42673	-3488
303	100965690969300	L2jMobius High Priority ScheduledThread 1	242	LOCAL_CANDIDATE	OFFLINE		topology.eligible	44131	42673	-3488
304	100965691118400	L2jMobius High Priority ScheduledThread 1	0	HUMAN_REFRESH_SUMMARY			bounded	1	9	0
305	100965691266400	L2jMobius High Priority ScheduledThread 1	0	SCHED_LOCAL_SCAN	RUNNING		ready.queue	9	256	100965691261500
306	100965791270300	L2jMobius High Priority ScheduledThread 1	0	SCHED_LOCAL_SCAN	RUNNING		ready.queue	19	256	100965791260500
307	100965791422600	L2jMobius High Priority ScheduledThread 1	110	SCHED_LOCAL_SCAN	SLEEPING	ACTIVE	DEFERRED	5	1	100965789931300
308	100965791428400	L2jMobius High Priority ScheduledThread 1	110	SCHED_LOCAL_PROMOTION_SELECTED	SLEEPING	ACTIVE	DEFERRED	5	100965791260500	0
309	100965791451400	L2jMobius High Priority ScheduledThread 1	110	SCHED_BOUNDARY_PLAN	MATERIALIZE	ACTIVE	execute	5	0	0
310	100965791487100	L2jMobius High Priority ScheduledThread 1	110	READY_PRESENCE_OFFLINE	OFFLINE	DEFERRED	presence.no_current_local_demand	0	0	0
311	100965791499000	L2jMobius High Priority ScheduledThread 1	110	SCHED_BOUNDARY_RESULT	MATERIALIZE	DEFERRED	presence.no_current_local_demand	5	100965791260500	0
312	100965891141200	L2jMobius High Priority ScheduledThread 1	0	SCHED_LOCAL_SCAN	RUNNING		ready.queue	3	256	100965891125200
313	100965990221000	L2jMobius High Priority ScheduledThread 1	0	SCHED_LOCAL_SCAN	RUNNING		ready.queue	0	256	100965990176200
314	100966090176400	L2jMobius High Priority ScheduledThread 14	0	SCHED_LOCAL_SCAN	RUNNING		ready.queue	1	256	100966090161800
315	100966189971600	L2jMobius High Priority ScheduledThread 14	0	SCHED_LOCAL_SCAN	RUNNING		ready.queue	2	256	100966189961400
316	100966291010700	L2jMobius High Priority ScheduledThread 8	0	SCHED_LOCAL_SCAN	RUNNING		ready.queue	14	256	100966290999600
317	100966390950400	L2jMobius High Priority ScheduledThread 3	0	SCHED_LOCAL_SCAN	RUNNING		ready.queue	0	256	100966390939500
318	100966490065300	L2jMobius High Priority ScheduledThread 10	0	SCHED_LOCAL_SCAN	RUNNING		ready.queue	0	256	100966490053200
319	100966589985900	L2jMobius High Priority ScheduledThread 11	0	SCHED_LOCAL_SCAN	RUNNING		ready.queue	0	256	100966589974100
320	100966689971500	L2jMobius High Priority ScheduledThread 11	0	HUMAN_REFRESH_BEGIN			local.pulse	1791245103956	9	0
321	100966690103700	L2jMobius High Priority ScheduledThread 11	110	LOCAL_CANDIDATE	OFFLINE		topology.eligible	44131	42673	-3488
322	100966690106600	L2jMobius High Priority ScheduledThread 11	129	LOCAL_CANDIDATE	OFFLINE		topology.eligible	44131	42673	-3488
323	100966690107200	L2jMobius High Priority ScheduledThread 11	142	LOCAL_CANDIDATE	OFFLINE		topology.eligible	44131	42673	-3488
324	100966690107700	L2jMobius High Priority ScheduledThread 11	151	LOCAL_CANDIDATE	OFFLINE		topology.eligible	44131	42673	-3488
325	100966690108300	L2jMobius High Priority ScheduledThread 11	160	LOCAL_CANDIDATE	OFFLINE		topology.eligible	44131	42673	-3488
326	100966690108800	L2jMobius High Priority ScheduledThread 11	175	LOCAL_CANDIDATE	OFFLINE		topology.eligible	44131	42673	-3488
327	100966690109300	L2jMobius High Priority ScheduledThread 11	229	LOCAL_CANDIDATE	OFFLINE		topology.eligible	44131	42673	-3488
328	100966690109800	L2jMobius High Priority ScheduledThread 11	242	LOCAL_CANDIDATE	OFFLINE		topology.eligible	44131	42673	-3488
329	100966690209700	L2jMobius High Priority ScheduledThread 11	0	HUMAN_REFRESH_SUMMARY			bounded	1	9	0
330	100966690294600	L2jMobius High Priority ScheduledThread 11	0	SCHED_LOCAL_SCAN	RUNNING		ready.queue	9	256	100966690289800
331	100966790931700	L2jMobius High Priority ScheduledThread 11	0	SCHED_LOCAL_SCAN	RUNNING		ready.queue	9	256	100966790922600
332	100966890966700	L2jMobius High Priority ScheduledThread 11	0	SCHED_LOCAL_SCAN	RUNNING		ready.queue	14	256	100966890956300
333	100966891054500	L2jMobius High Priority ScheduledThread 11	110	SCHED_LOCAL_SCAN	SLEEPING	ACTIVE	DEFERRED	5	1	100966791260500
334	100966891057000	L2jMobius High Priority ScheduledThread 11	110	SCHED_LOCAL_PROMOTION_SELECTED	SLEEPING	ACTIVE	DEFERRED	5	100966890956300	0
335	100966891060600	L2jMobius High Priority ScheduledThread 11	110	SCHED_BOUNDARY_PLAN	MATERIALIZE	ACTIVE	execute	5	0	0
336	100966891062200	L2jMobius High Priority ScheduledThread 11	110	READY_PRESENCE_OFFLINE	OFFLINE	DEFERRED	presence.no_current_local_demand	0	0	0
337	100966891065000	L2jMobius High Priority ScheduledThread 11	110	SCHED_BOUNDARY_RESULT	MATERIALIZE	DEFERRED	presence.no_current_local_demand	5	100966890956300	0
338	100966990961500	L2jMobius High Priority ScheduledThread 11	0	SCHED_LOCAL_SCAN	RUNNING		ready.queue	50	256	100966990953300
339	100967090975000	L2jMobius High Priority ScheduledThread 12	0	SCHED_LOCAL_SCAN	RUNNING		ready.queue	0	256	100967090967500
340	100967190103200	L2jMobius High Priority ScheduledThread 12	0	SCHED_LOCAL_SCAN	RUNNING		ready.queue	0	256	100967190062400
341	100967290020900	L2jMobius High Priority ScheduledThread 3	0	SCHED_LOCAL_SCAN	RUNNING		ready.queue	0	256	100967289988400
342	100967390012000	L2jMobius High Priority ScheduledThread 1	0	SCHED_LOCAL_SCAN	RUNNING		ready.queue	15	256	100967390001300
343	100967490042900	L2jMobius High Priority ScheduledThread 15	0	SCHED_LOCAL_SCAN	RUNNING		ready.queue	0	256	100967490028300
344	100967590084300	L2jMobius High Priority ScheduledThread 8	0	SCHED_LOCAL_SCAN	RUNNING		ready.queue	0	256	100967590072600
345	100967690154500	L2jMobius High Priority ScheduledThread 8	0	HUMAN_REFRESH_BEGIN			local.pulse	1791245104956	9	0
346	100967690469300	L2jMobius High Priority ScheduledThread 8	110	LOCAL_CANDIDATE	OFFLINE		topology.eligible	44131	42673	-3488
347	100967690472100	L2jMobius High Priority ScheduledThread 8	129	LOCAL_CANDIDATE	OFFLINE		topology.eligible	44131	42673	-3488
348	100967690472800	L2jMobius High Priority ScheduledThread 8	142	LOCAL_CANDIDATE	OFFLINE		topology.eligible	44131	42673	-3488
349	100967690473600	L2jMobius High Priority ScheduledThread 8	151	LOCAL_CANDIDATE	OFFLINE		topology.eligible	44131	42673	-3488
350	100967690474300	L2jMobius High Priority ScheduledThread 8	160	LOCAL_CANDIDATE	OFFLINE		topology.eligible	44131	42673	-3488
351	100967690475000	L2jMobius High Priority ScheduledThread 8	175	LOCAL_CANDIDATE	OFFLINE		topology.eligible	44131	42673	-3488
352	100967690476300	L2jMobius High Priority ScheduledThread 8	229	LOCAL_CANDIDATE	OFFLINE		topology.eligible	44131	42673	-3488
353	100967690477100	L2jMobius High Priority ScheduledThread 8	242	LOCAL_CANDIDATE	OFFLINE		topology.eligible	44131	42673	-3488
354	100967690560500	L2jMobius High Priority ScheduledThread 8	0	HUMAN_REFRESH_SUMMARY			bounded	1	9	0
355	100967690655700	L2jMobius High Priority ScheduledThread 8	0	SCHED_LOCAL_SCAN	RUNNING		ready.queue	9	256	100967690650300
356	100967791050400	L2jMobius High Priority ScheduledThread 8	0	SCHED_LOCAL_SCAN	RUNNING		ready.queue	9	256	100967791040200
357	100967891105400	L2jMobius High Priority ScheduledThread 8	0	SCHED_LOCAL_SCAN	RUNNING		ready.queue	12	256	100967891096100
358	100967895734100	L2jMobius Thread 14	142	SCHED_SIGNAL_ACCEPTED	SLEEPING	ACTIVE	background.native_context	100967895725000	5	0
359	100967991141500	L2jMobius High Priority ScheduledThread 8	0	SCHED_LOCAL_SCAN	RUNNING		ready.queue	2	256	100967991111100
360	100967991312800	L2jMobius High Priority ScheduledThread 8	142	SCHED_LOCAL_SCAN	SLEEPING	SLEEPING	STABLE	5	1	0
361	100967991325600	L2jMobius High Priority ScheduledThread 8	142	SCHED_LOCAL_PROMOTION_SELECTED	SLEEPING	SLEEPING	STABLE	5	100967991111100	0
362	100967991356100	L2jMobius High Priority ScheduledThread 8	142	SCHED_BOUNDARY_PLAN	MATERIALIZE	ACTIVE	execute	5	0	0
363	100967991360200	L2jMobius High Priority ScheduledThread 8	142	READY_PRESENCE_OFFLINE	OFFLINE	DEFERRED	presence.no_current_local_demand	0	0	0
364	100967991404000	L2jMobius High Priority ScheduledThread 8	142	SCHED_BOUNDARY_RESULT	MATERIALIZE	DEFERRED	presence.no_current_local_demand	5	100967991111100	0
365	100967991413900	L2jMobius High Priority ScheduledThread 8	110	SCHED_LOCAL_SCAN	SLEEPING	ACTIVE	DEFERRED	5	1	100967890956300
366	100967991416300	L2jMobius High Priority ScheduledThread 8	110	SCHED_LOCAL_PROMOTION_SELECTED	SLEEPING	ACTIVE	DEFERRED	5	100967991111100	0
367	100967991419100	L2jMobius High Priority ScheduledThread 8	110	SCHED_BOUNDARY_PLAN	MATERIALIZE	ACTIVE	execute	5	0	0
368	100967991420000	L2jMobius High Priority ScheduledThread 8	110	READY_PRESENCE_OFFLINE	OFFLINE	DEFERRED	presence.no_current_local_demand	0	0	0
369	100967991422400	L2jMobius High Priority ScheduledThread 8	110	SCHED_BOUNDARY_RESULT	MATERIALIZE	DEFERRED	presence.no_current_local_demand	5	100967991111100	0
370	100967991511900	L2jMobius High Priority ScheduledThread 8	142	SCHED_LOCAL_PROMOTION_SELECTED	SLEEPING	ACTIVE	DEFERRED	5	100967991111100	0
371	100967991513100	L2jMobius High Priority ScheduledThread 8	142	SCHED_BOUNDARY_PLAN	NO_PLAN	ACTIVE	DEFERRED	5	100968991111100	100967991111100
372	100968090118400	L2jMobius High Priority ScheduledThread 16	0	SCHED_LOCAL_SCAN	RUNNING		ready.queue	1	256	100968090101200
373	100968191039500	L2jMobius High Priority ScheduledThread 16	0	SCHED_LOCAL_SCAN	RUNNING		ready.queue	1	256	100968191031000
374	100968290085200	L2jMobius High Priority ScheduledThread 4	0	SCHED_LOCAL_SCAN	RUNNING		ready.queue	0	256	100968290078400
375	100968391059200	L2jMobius High Priority ScheduledThread 13	0	SCHED_LOCAL_SCAN	RUNNING		ready.queue	0	256	100968391049800
376	100968489986400	L2jMobius High Priority ScheduledThread 9	0	SCHED_LOCAL_SCAN	RUNNING		ready.queue	0	256	100968489973400
377	100968589990500	L2jMobius High Priority ScheduledThread 5	0	SCHED_LOCAL_SCAN	RUNNING		ready.queue	0	256	100968589980500
378	100968690962900	L2jMobius High Priority ScheduledThread 5	0	HUMAN_REFRESH_BEGIN			local.pulse	1791245105957	9	0
379	100968691117500	L2jMobius High Priority ScheduledThread 5	110	LOCAL_CANDIDATE	OFFLINE		topology.eligible	44131	42673	-3488
380	100968691119900	L2jMobius High Priority ScheduledThread 5	129	LOCAL_CANDIDATE	OFFLINE		topology.eligible	44131	42673	-3488
381	100968691120600	L2jMobius High Priority ScheduledThread 5	142	LOCAL_CANDIDATE	OFFLINE		topology.eligible	44131	42673	-3488
382	100968691121700	L2jMobius High Priority ScheduledThread 5	151	LOCAL_CANDIDATE	OFFLINE		topology.eligible	44131	42673	-3488
383	100968691122100	L2jMobius High Priority ScheduledThread 5	160	LOCAL_CANDIDATE	OFFLINE		topology.eligible	44131	42673	-3488
384	100968691122500	L2jMobius High Priority ScheduledThread 5	175	LOCAL_CANDIDATE	OFFLINE		topology.eligible	44131	42673	-3488
385	100968691123000	L2jMobius High Priority ScheduledThread 5	229	LOCAL_CANDIDATE	OFFLINE		topology.eligible	44131	42673	-3488
386	100968691123300	L2jMobius High Priority ScheduledThread 5	242	LOCAL_CANDIDATE	OFFLINE		topology.eligible	44131	42673	-3488
387	100968691203300	L2jMobius High Priority ScheduledThread 5	0	HUMAN_REFRESH_SUMMARY			bounded	1	9	0
388	100968691288800	L2jMobius High Priority ScheduledThread 5	0	SCHED_LOCAL_SCAN	RUNNING		ready.queue	9	256	100968691284000
389	100968789988100	L2jMobius High Priority ScheduledThread 5	0	SCHED_LOCAL_SCAN	RUNNING		ready.queue	9	256	100968789982600
390	100968890998100	L2jMobius High Priority ScheduledThread 5	0	SCHED_LOCAL_SCAN	RUNNING		ready.queue	16	256	100968890990000
391	100968990024100	L2jMobius High Priority ScheduledThread 5	0	SCHED_LOCAL_SCAN	RUNNING		ready.queue	0	256	100968990017100
392	100969091172200	L2jMobius High Priority ScheduledThread 14	0	SCHED_LOCAL_SCAN	RUNNING		ready.queue	4	256	100969091138900
393	100969091588900	L2jMobius High Priority ScheduledThread 14	110	SCHED_LOCAL_SCAN	SLEEPING	ACTIVE	DEFERRED	5	1	100968991111100
394	100969091596700	L2jMobius High Priority ScheduledThread 14	110	SCHED_LOCAL_PROMOTION_SELECTED	SLEEPING	ACTIVE	DEFERRED	5	100969091138900	0
395	100969091598400	L2jMobius High Priority ScheduledThread 14	110	SCHED_BOUNDARY_PLAN	MATERIALIZE	ACTIVE	execute	5	0	0
396	100969091600600	L2jMobius High Priority ScheduledThread 14	110	READY_PRESENCE_OFFLINE	OFFLINE	DEFERRED	presence.no_current_local_demand	0	0	0
397	100969091603500	L2jMobius High Priority ScheduledThread 14	110	SCHED_BOUNDARY_RESULT	MATERIALIZE	DEFERRED	presence.no_current_local_demand	5	100969091138900	0
398	100969091606100	L2jMobius High Priority ScheduledThread 14	142	SCHED_LOCAL_SCAN	SLEEPING	ACTIVE	DEFERRED	5	1	100968991111100
399	100969091608000	L2jMobius High Priority ScheduledThread 14	142	SCHED_LOCAL_PROMOTION_SELECTED	SLEEPING	ACTIVE	DEFERRED	5	100969091138900	0
400	100969091608600	L2jMobius High Priority ScheduledThread 14	142	SCHED_BOUNDARY_PLAN	MATERIALIZE	ACTIVE	execute	5	0	0
401	100969091609500	L2jMobius High Priority ScheduledThread 14	142	READY_PRESENCE_OFFLINE	OFFLINE	DEFERRED	presence.no_current_local_demand	0	0	0
402	100969091611300	L2jMobius High Priority ScheduledThread 14	142	SCHED_BOUNDARY_RESULT	MATERIALIZE	DEFERRED	presence.no_current_local_demand	5	100969091138900	0
403	100969191008300	L2jMobius High Priority ScheduledThread 14	0	SCHED_LOCAL_SCAN	RUNNING		ready.queue	0	256	100969191000800
404	100969290097000	L2jMobius High Priority ScheduledThread 7	0	SCHED_LOCAL_SCAN	RUNNING		ready.queue	0	256	100969290074700
405	100969390020800	L2jMobius High Priority ScheduledThread 3	0	SCHED_LOCAL_SCAN	RUNNING		ready.queue	0	256	100969390006300
406	100969491026400	L2jMobius High Priority ScheduledThread 15	0	SCHED_LOCAL_SCAN	RUNNING		ready.queue	9	256	100969491016000
407	100969589982200	L2jMobius High Priority ScheduledThread 4	0	SCHED_LOCAL_SCAN	RUNNING		ready.queue	0	256	100969589974900
408	100969691331400	L2jMobius High Priority ScheduledThread 4	0	HUMAN_REFRESH_BEGIN			local.pulse	1791245106957	9	0
409	100969691504600	L2jMobius High Priority ScheduledThread 4	110	LOCAL_CANDIDATE	OFFLINE		topology.eligible	44131	42673	-3488
410	100969691510800	L2jMobius High Priority ScheduledThread 4	129	LOCAL_CANDIDATE	OFFLINE		topology.eligible	44131	42673	-3488
411	100969691518100	L2jMobius High Priority ScheduledThread 4	142	LOCAL_CANDIDATE	OFFLINE		topology.eligible	44131	42673	-3488
412	100969691519300	L2jMobius High Priority ScheduledThread 4	151	LOCAL_CANDIDATE	OFFLINE		topology.eligible	44131	42673	-3488
413	100969691520300	L2jMobius High Priority ScheduledThread 4	160	LOCAL_CANDIDATE	OFFLINE		topology.eligible	44131	42673	-3488
414	100969691521000	L2jMobius High Priority ScheduledThread 4	175	LOCAL_CANDIDATE	OFFLINE		topology.eligible	44131	42673	-3488
415	100969691522700	L2jMobius High Priority ScheduledThread 4	229	LOCAL_CANDIDATE	OFFLINE		topology.eligible	44131	42673	-3488
416	100969691523400	L2jMobius High Priority ScheduledThread 4	242	LOCAL_CANDIDATE	OFFLINE		topology.eligible	44131	42673	-3488
417	100969691629200	L2jMobius High Priority ScheduledThread 4	0	HUMAN_REFRESH_SUMMARY			bounded	1	9	0
418	100969691765100	L2jMobius High Priority ScheduledThread 4	0	SCHED_LOCAL_SCAN	RUNNING		ready.queue	9	256	100969691759900
419	100969790511900	L2jMobius High Priority ScheduledThread 4	0	SCHED_LOCAL_SCAN	RUNNING		ready.queue	1	256	100969790460200
420	100969891372000	L2jMobius High Priority ScheduledThread 4	0	SCHED_LOCAL_SCAN	RUNNING		ready.queue	17	256	100969891356900
421	100969991366400	L2jMobius High Priority ScheduledThread 4	0	SCHED_LOCAL_SCAN	RUNNING		ready.queue	0	256	100969991356100
422	100970091474800	L2jMobius High Priority ScheduledThread 1	0	SCHED_LOCAL_SCAN	RUNNING		ready.queue	4	256	100970091433600
423	100970092080600	L2jMobius High Priority ScheduledThread 1	110	SCHED_LOCAL_SCAN	SLEEPING	ACTIVE	DEFERRED	5	1	100970091138900
424	100970092115000	L2jMobius High Priority ScheduledThread 1	110	SCHED_LOCAL_PROMOTION_SELECTED	SLEEPING	ACTIVE	DEFERRED	5	100970091433600	0
425	100970092125700	L2jMobius High Priority ScheduledThread 1	110	SCHED_BOUNDARY_PLAN	MATERIALIZE	ACTIVE	execute	5	0	0
426	100970092141100	L2jMobius High Priority ScheduledThread 1	110	READY_PRESENCE_OFFLINE	OFFLINE	DEFERRED	presence.no_current_local_demand	0	0	0
427	100970092182600	L2jMobius High Priority ScheduledThread 1	110	SCHED_BOUNDARY_RESULT	MATERIALIZE	DEFERRED	presence.no_current_local_demand	5	100970091433600	0
428	100970092189000	L2jMobius High Priority ScheduledThread 1	142	SCHED_LOCAL_SCAN	SLEEPING	ACTIVE	DEFERRED	5	1	100970091138900
429	100970092193700	L2jMobius High Priority ScheduledThread 1	142	SCHED_LOCAL_PROMOTION_SELECTED	SLEEPING	ACTIVE	DEFERRED	5	100970091433600	0
430	100970092195500	L2jMobius High Priority ScheduledThread 1	142	SCHED_BOUNDARY_PLAN	MATERIALIZE	ACTIVE	execute	5	0	0
431	100970092197700	L2jMobius High Priority ScheduledThread 1	142	READY_PRESENCE_OFFLINE	OFFLINE	DEFERRED	presence.no_current_local_demand	0	0	0
432	100970092205800	L2jMobius High Priority ScheduledThread 1	142	SCHED_BOUNDARY_RESULT	MATERIALIZE	DEFERRED	presence.no_current_local_demand	5	100970091433600	0
433	100970190397100	L2jMobius High Priority ScheduledThread 1	0	SCHED_LOCAL_SCAN	RUNNING		ready.queue	0	256	100970190370800
434	100970290367600	L2jMobius High Priority ScheduledThread 3	0	SCHED_LOCAL_SCAN	RUNNING		ready.queue	0	256	100970290356000
435	100970390329300	L2jMobius High Priority ScheduledThread 5	0	SCHED_LOCAL_SCAN	RUNNING		ready.queue	0	256	100970390320700
436	100970491458800	L2jMobius High Priority ScheduledThread 5	0	SCHED_LOCAL_SCAN	RUNNING		ready.queue	15	256	100970491436800
437	100970591536400	L2jMobius High Priority ScheduledThread 11	0	SCHED_LOCAL_SCAN	RUNNING		ready.queue	0	256	100970591505600
438	100970690431300	L2jMobius High Priority ScheduledThread 14	0	SCHED_LOCAL_SCAN	RUNNING		ready.queue	0	256	100970690421200
439	100970791438500	L2jMobius High Priority ScheduledThread 14	0	HUMAN_REFRESH_BEGIN			local.pulse	1791245108057	9	0
440	100970791708200	L2jMobius High Priority ScheduledThread 14	110	LOCAL_CANDIDATE	OFFLINE		topology.eligible	44131	42673	-3488
441	100970791712500	L2jMobius High Priority ScheduledThread 14	129	LOCAL_CANDIDATE	OFFLINE		topology.eligible	44131	42673	-3488
442	100970791713500	L2jMobius High Priority ScheduledThread 14	142	LOCAL_CANDIDATE	OFFLINE		topology.eligible	44131	42673	-3488
443	100970791714100	L2jMobius High Priority ScheduledThread 14	151	LOCAL_CANDIDATE	OFFLINE		topology.eligible	44131	42673	-3488
444	100970791714600	L2jMobius High Priority ScheduledThread 14	160	LOCAL_CANDIDATE	OFFLINE		topology.eligible	44131	42673	-3488
445	100970791715200	L2jMobius High Priority ScheduledThread 14	175	LOCAL_CANDIDATE	OFFLINE		topology.eligible	44131	42673	-3488
446	100970791715800	L2jMobius High Priority ScheduledThread 14	229	LOCAL_CANDIDATE	OFFLINE		topology.eligible	44131	42673	-3488
447	100970791716300	L2jMobius High Priority ScheduledThread 14	242	LOCAL_CANDIDATE	OFFLINE		topology.eligible	44131	42673	-3488
448	100970791874700	L2jMobius High Priority ScheduledThread 14	0	HUMAN_REFRESH_SUMMARY			bounded	1	9	0
449	100970792016400	L2jMobius High Priority ScheduledThread 14	0	SCHED_LOCAL_SCAN	RUNNING		ready.queue	9	256	100970792012200
450	100970891463200	L2jMobius High Priority ScheduledThread 14	0	SCHED_LOCAL_SCAN	RUNNING		ready.queue	19	256	100970891451800
451	100970990110000	L2jMobius High Priority ScheduledThread 14	0	SCHED_LOCAL_SCAN	RUNNING		ready.queue	0	256	100970990099700
452	100971090314000	L2jMobius High Priority ScheduledThread 16	0	SCHED_LOCAL_SCAN	RUNNING		ready.queue	0	256	100971090282100
453	100971191267800	L2jMobius High Priority ScheduledThread 16	0	SCHED_LOCAL_SCAN	RUNNING		ready.queue	59	256	100971191261700
454	100971191381900	L2jMobius High Priority ScheduledThread 16	110	SCHED_LOCAL_SCAN	SLEEPING	ACTIVE	DEFERRED	5	1	100971091433600
455	100971191388200	L2jMobius High Priority ScheduledThread 16	110	SCHED_LOCAL_PROMOTION_SELECTED	SLEEPING	ACTIVE	DEFERRED	5	100971191261700	0
456	100971191389900	L2jMobius High Priority ScheduledThread 16	110	SCHED_BOUNDARY_PLAN	MATERIALIZE	ACTIVE	execute	5	0	0
457	100971191392300	L2jMobius High Priority ScheduledThread 16	110	READY_PRESENCE_OFFLINE	OFFLINE	DEFERRED	presence.no_current_local_demand	0	0	0
458	100971191398200	L2jMobius High Priority ScheduledThread 16	110	SCHED_BOUNDARY_RESULT	MATERIALIZE	DEFERRED	presence.no_current_local_demand	5	100971191261700	0
459	100971191402400	L2jMobius High Priority ScheduledThread 16	142	SCHED_LOCAL_SCAN	SLEEPING	ACTIVE	DEFERRED	5	1	100971091433600
460	100971191403800	L2jMobius High Priority ScheduledThread 16	142	SCHED_LOCAL_PROMOTION_SELECTED	SLEEPING	ACTIVE	DEFERRED	5	100971191261700	0
461	100971191404700	L2jMobius High Priority ScheduledThread 16	142	SCHED_BOUNDARY_PLAN	MATERIALIZE	ACTIVE	execute	5	0	0
462	100971191405500	L2jMobius High Priority ScheduledThread 16	142	READY_PRESENCE_OFFLINE	OFFLINE	DEFERRED	presence.no_current_local_demand	0	0	0
463	100971191407100	L2jMobius High Priority ScheduledThread 16	142	SCHED_BOUNDARY_RESULT	MATERIALIZE	DEFERRED	presence.no_current_local_demand	5	100971191261700	0
464	100971291289100	L2jMobius High Priority ScheduledThread 10	0	SCHED_LOCAL_SCAN	RUNNING		ready.queue	0	256	100971291275300
465	100971390291500	L2jMobius High Priority ScheduledThread 4	0	SCHED_LOCAL_SCAN	RUNNING		ready.queue	0	256	100971390270500
466	100971490097100	L2jMobius High Priority ScheduledThread 11	0	SCHED_LOCAL_SCAN	RUNNING		ready.queue	0	256	100971490073800
467	100971590003000	L2jMobius High Priority ScheduledThread 12	0	SCHED_LOCAL_SCAN	RUNNING		ready.queue	0	256	100971589993500
468	100971690123700	L2jMobius High Priority ScheduledThread 12	0	SCHED_LOCAL_SCAN	RUNNING		ready.queue	0	256	100971690102500
469	100971790075400	L2jMobius High Priority ScheduledThread 9	0	SCHED_LOCAL_SCAN	RUNNING		ready.queue	0	256	100971790064800
470	100971890020400	L2jMobius High Priority ScheduledThread 9	0	HUMAN_REFRESH_BEGIN			local.pulse	1791245109156	9	0
471	100971890208600	L2jMobius High Priority ScheduledThread 9	110	LOCAL_CANDIDATE	OFFLINE		topology.eligible	44131	42673	-3488
472	100971890213300	L2jMobius High Priority ScheduledThread 9	129	LOCAL_CANDIDATE	OFFLINE		topology.eligible	44131	42673	-3488
473	100971890213900	L2jMobius High Priority ScheduledThread 9	142	LOCAL_CANDIDATE	OFFLINE		topology.eligible	44131	42673	-3488
474	100971890214500	L2jMobius High Priority ScheduledThread 9	151	LOCAL_CANDIDATE	OFFLINE		topology.eligible	44131	42673	-3488
475	100971890214900	L2jMobius High Priority ScheduledThread 9	160	LOCAL_CANDIDATE	OFFLINE		topology.eligible	44131	42673	-3488
476	100971890215300	L2jMobius High Priority ScheduledThread 9	175	LOCAL_CANDIDATE	OFFLINE		topology.eligible	44131	42673	-3488
477	100971890215800	L2jMobius High Priority ScheduledThread 9	229	LOCAL_CANDIDATE	OFFLINE		topology.eligible	44131	42673	-3488
478	100971890216200	L2jMobius High Priority ScheduledThread 9	242	LOCAL_CANDIDATE	OFFLINE		topology.eligible	44131	42673	-3488
479	100971890302800	L2jMobius High Priority ScheduledThread 9	0	HUMAN_REFRESH_SUMMARY			bounded	1	9	0
480	100971890380800	L2jMobius High Priority ScheduledThread 9	0	SCHED_LOCAL_SCAN	RUNNING		ready.queue	9	256	100971890375200
481	100971990012700	L2jMobius High Priority ScheduledThread 9	0	SCHED_LOCAL_SCAN	RUNNING		ready.queue	2	256	100971990005400
482	100972090202200	L2jMobius High Priority ScheduledThread 1	0	SCHED_LOCAL_SCAN	RUNNING		ready.queue	0	256	100972090160400
483	100972190035700	L2jMobius High Priority ScheduledThread 1	0	SCHED_LOCAL_SCAN	RUNNING		ready.queue	0	256	100972190026400
484	100972290057400	L2jMobius High Priority ScheduledThread 14	0	SCHED_LOCAL_SCAN	RUNNING		ready.queue	11	256	100972290043700
485	100972290434500	L2jMobius High Priority ScheduledThread 14	110	SCHED_LOCAL_SCAN	SLEEPING	ACTIVE	DEFERRED	5	1	100972191261700
486	100972290458400	L2jMobius High Priority ScheduledThread 14	110	SCHED_LOCAL_PROMOTION_SELECTED	SLEEPING	ACTIVE	DEFERRED	5	100972290043700	0
487	100972290465100	L2jMobius High Priority ScheduledThread 14	110	SCHED_BOUNDARY_PLAN	MATERIALIZE	ACTIVE	execute	5	0	0
488	100972290473900	L2jMobius High Priority ScheduledThread 14	110	READY_PRESENCE_OFFLINE	OFFLINE	DEFERRED	presence.no_current_local_demand	0	0	0
489	100972290503300	L2jMobius High Priority ScheduledThread 14	110	SCHED_BOUNDARY_RESULT	MATERIALIZE	DEFERRED	presence.no_current_local_demand	5	100972290043700	0
490	100972290509100	L2jMobius High Priority ScheduledThread 14	142	SCHED_LOCAL_SCAN	SLEEPING	ACTIVE	DEFERRED	5	1	100972191261700
491	100972290512700	L2jMobius High Priority ScheduledThread 14	142	SCHED_LOCAL_PROMOTION_SELECTED	SLEEPING	ACTIVE	DEFERRED	5	100972290043700	0
492	100972290514400	L2jMobius High Priority ScheduledThread 14	142	SCHED_BOUNDARY_PLAN	MATERIALIZE	ACTIVE	execute	5	0	0
493	100972290516200	L2jMobius High Priority ScheduledThread 14	142	READY_PRESENCE_OFFLINE	OFFLINE	DEFERRED	presence.no_current_local_demand	0	0	0
494	100972290524900	L2jMobius High Priority ScheduledThread 14	142	SCHED_BOUNDARY_RESULT	MATERIALIZE	DEFERRED	presence.no_current_local_demand	5	100972290043700	0
495	100972385606900	L2jMobius Thread 8	175	SCHED_SIGNAL_ACCEPTED	SLEEPING	ACTIVE	background.native_context	100972385588300	3	0
496	100972391035000	L2jMobius High Priority ScheduledThread 3	0	SCHED_LOCAL_SCAN	RUNNING		ready.queue	1	256	100972391024600
497	100972391069700	L2jMobius High Priority ScheduledThread 3	175	SCHED_LOCAL_SCAN	SLEEPING	SLEEPING	STABLE	3	1	0
498	100972391080800	L2jMobius High Priority ScheduledThread 3	175	SCHED_LOCAL_PROMOTION_SELECTED	SLEEPING	SLEEPING	STABLE	3	100972391024600	0
499	100972391091500	L2jMobius High Priority ScheduledThread 3	175	SCHED_BOUNDARY_PLAN	MATERIALIZE	ACTIVE	execute	3	0	0
500	100972391097500	L2jMobius High Priority ScheduledThread 3	175	READY_PRESENCE_OFFLINE	OFFLINE	DEFERRED	presence.no_current_local_demand	0	0	0
501	100972391171500	L2jMobius High Priority ScheduledThread 3	175	SCHED_BOUNDARY_RESULT	MATERIALIZE	DEFERRED	presence.no_current_local_demand	3	100972391024600	0
502	100972491067800	L2jMobius High Priority ScheduledThread 12	0	SCHED_LOCAL_SCAN	RUNNING		ready.queue	0	256	100972491056200
503	100972590226500	L2jMobius High Priority ScheduledThread 7	0	SCHED_LOCAL_SCAN	RUNNING		ready.queue	13	256	100972590215600
504	100972690172800	L2jMobius High Priority ScheduledThread 7	0	SCHED_LOCAL_SCAN	RUNNING		ready.queue	0	256	100972690160900
505	100972790179000	L2jMobius High Priority ScheduledThread 7	0	SCHED_LOCAL_SCAN	RUNNING		ready.queue	0	256	100972790171800
506	100972891141100	L2jMobius High Priority ScheduledThread 7	0	HUMAN_REFRESH_BEGIN			local.pulse	1791245110157	9	0
507	100972891241400	L2jMobius High Priority ScheduledThread 7	110	LOCAL_CANDIDATE	OFFLINE		topology.eligible	44131	42673	-3488
508	100972891245700	L2jMobius High Priority ScheduledThread 7	129	LOCAL_CANDIDATE	OFFLINE		topology.eligible	44131	42673	-3488
509	100972891246600	L2jMobius High Priority ScheduledThread 7	142	LOCAL_CANDIDATE	OFFLINE		topology.eligible	44131	42673	-3488
510	100972891247200	L2jMobius High Priority ScheduledThread 7	151	LOCAL_CANDIDATE	OFFLINE		topology.eligible	44131	42673	-3488
511	100972891247900	L2jMobius High Priority ScheduledThread 7	160	LOCAL_CANDIDATE	OFFLINE		topology.eligible	44131	42673	-3488
512	100972891248300	L2jMobius High Priority ScheduledThread 7	175	LOCAL_CANDIDATE	OFFLINE		topology.eligible	44131	42673	-3488
513	100972891248800	L2jMobius High Priority ScheduledThread 7	229	LOCAL_CANDIDATE	OFFLINE		topology.eligible	44131	42673	-3488
514	100972891249400	L2jMobius High Priority ScheduledThread 7	242	LOCAL_CANDIDATE	OFFLINE		topology.eligible	44131	42673	-3488
515	100972891316600	L2jMobius High Priority ScheduledThread 7	0	HUMAN_REFRESH_SUMMARY			bounded	1	9	0
516	100972891387300	L2jMobius High Priority ScheduledThread 7	0	SCHED_LOCAL_SCAN	RUNNING		ready.queue	9	256	100972891383000
517	100972990432500	L2jMobius High Priority ScheduledThread 7	0	SCHED_LOCAL_SCAN	RUNNING		ready.queue	20	256	100972990424500
518	100973091542500	L2jMobius High Priority ScheduledThread 13	0	SCHED_LOCAL_SCAN	RUNNING		ready.queue	0	256	100973091507600
519	100973190005000	L2jMobius High Priority ScheduledThread 13	0	SCHED_LOCAL_SCAN	RUNNING		ready.queue	0	256	100973189990100
520	100973290073900	L2jMobius High Priority ScheduledThread 3	0	SCHED_LOCAL_SCAN	RUNNING		ready.queue	0	256	100973290064000
521	100973391093900	L2jMobius High Priority ScheduledThread 5	0	SCHED_LOCAL_SCAN	RUNNING		ready.queue	6	256	100973391070800
522	100973391664200	L2jMobius High Priority ScheduledThread 5	110	SCHED_LOCAL_SCAN	SLEEPING	ACTIVE	DEFERRED	5	1	100973290043700
523	100973391682400	L2jMobius High Priority ScheduledThread 5	110	SCHED_LOCAL_PROMOTION_SELECTED	SLEEPING	ACTIVE	DEFERRED	5	100973391070800	0
524	100973391684000	L2jMobius High Priority ScheduledThread 5	110	SCHED_BOUNDARY_PLAN	MATERIALIZE	ACTIVE	execute	5	0	0
525	100973391686000	L2jMobius High Priority ScheduledThread 5	110	READY_PRESENCE_OFFLINE	OFFLINE	DEFERRED	presence.no_current_local_demand	0	0	0
526	100973391690400	L2jMobius High Priority ScheduledThread 5	110	SCHED_BOUNDARY_RESULT	MATERIALIZE	DEFERRED	presence.no_current_local_demand	5	100973391070800	0
527	100973391695600	L2jMobius High Priority ScheduledThread 5	142	SCHED_LOCAL_SCAN	SLEEPING	ACTIVE	DEFERRED	5	1	100973290043700
528	100973391700100	L2jMobius High Priority ScheduledThread 5	142	SCHED_LOCAL_PROMOTION_SELECTED	SLEEPING	ACTIVE	DEFERRED	5	100973391070800	0
529	100973391701400	L2jMobius High Priority ScheduledThread 5	142	SCHED_BOUNDARY_PLAN	MATERIALIZE	ACTIVE	execute	5	0	0
530	100973391702400	L2jMobius High Priority ScheduledThread 5	142	READY_PRESENCE_OFFLINE	OFFLINE	DEFERRED	presence.no_current_local_demand	0	0	0
531	100973391704700	L2jMobius High Priority ScheduledThread 5	142	SCHED_BOUNDARY_RESULT	MATERIALIZE	DEFERRED	presence.no_current_local_demand	5	100973391070800	0
532	100973391730300	L2jMobius High Priority ScheduledThread 5	175	SCHED_LOCAL_SCAN	SLEEPING	ACTIVE	DEFERRED	3	1	100973391024600
533	100973391732000	L2jMobius High Priority ScheduledThread 5	175	SCHED_LOCAL_PROMOTION_SELECTED	SLEEPING	ACTIVE	DEFERRED	3	100973391070800	0
534	100973391732800	L2jMobius High Priority ScheduledThread 5	175	SCHED_BOUNDARY_PLAN	MATERIALIZE	ACTIVE	execute	3	0	0
535	100973391733800	L2jMobius High Priority ScheduledThread 5	175	READY_PRESENCE_OFFLINE	OFFLINE	DEFERRED	presence.no_current_local_demand	0	0	0
536	100973391735800	L2jMobius High Priority ScheduledThread 5	175	SCHED_BOUNDARY_RESULT	MATERIALIZE	DEFERRED	presence.no_current_local_demand	3	100973391070800	0
537	100973490059500	L2jMobius High Priority ScheduledThread 8	0	SCHED_LOCAL_SCAN	RUNNING		ready.queue	0	256	100973490045900
538	100973590160600	L2jMobius High Priority ScheduledThread 14	0	SCHED_LOCAL_SCAN	RUNNING		ready.queue	0	256	100973590134100
539	100973691157600	L2jMobius High Priority ScheduledThread 2	0	SCHED_LOCAL_SCAN	RUNNING		ready.queue	13	256	100973691124800
540	100973790201800	L2jMobius High Priority ScheduledThread 2	0	SCHED_LOCAL_SCAN	RUNNING		ready.queue	0	256	100973790171200
541	100973891006200	L2jMobius High Priority ScheduledThread 2	0	HUMAN_REFRESH_BEGIN			local.pulse	1791245111157	9	0
542	100973891227400	L2jMobius High Priority ScheduledThread 2	110	LOCAL_CANDIDATE	OFFLINE		topology.eligible	44131	42673	-3488
543	100973891236000	L2jMobius High Priority ScheduledThread 2	129	LOCAL_CANDIDATE	OFFLINE		topology.eligible	44131	42673	-3488
544	100973891236900	L2jMobius High Priority ScheduledThread 2	142	LOCAL_CANDIDATE	OFFLINE		topology.eligible	44131	42673	-3488
545	100973891238000	L2jMobius High Priority ScheduledThread 2	151	LOCAL_CANDIDATE	OFFLINE		topology.eligible	44131	42673	-3488
546	100973891238600	L2jMobius High Priority ScheduledThread 2	160	LOCAL_CANDIDATE	OFFLINE		topology.eligible	44131	42673	-3488
547	100973891239300	L2jMobius High Priority ScheduledThread 2	175	LOCAL_CANDIDATE	OFFLINE		topology.eligible	44131	42673	-3488
548	100973891240000	L2jMobius High Priority ScheduledThread 2	229	LOCAL_CANDIDATE	OFFLINE		topology.eligible	44131	42673	-3488
549	100973891240600	L2jMobius High Priority ScheduledThread 2	242	LOCAL_CANDIDATE	OFFLINE		topology.eligible	44131	42673	-3488
550	100973891389500	L2jMobius High Priority ScheduledThread 2	0	HUMAN_REFRESH_SUMMARY			bounded	1	9	0
551	100973891522900	L2jMobius High Priority ScheduledThread 2	0	SCHED_LOCAL_SCAN	RUNNING		ready.queue	9	256	100973891517200
552	100973991066700	L2jMobius High Priority ScheduledThread 2	0	SCHED_LOCAL_SCAN	RUNNING		ready.queue	0	256	100973991057100
553	100974091073700	L2jMobius High Priority ScheduledThread 13	0	SCHED_LOCAL_SCAN	RUNNING		ready.queue	0	256	100974091065100
554	100974190015800	L2jMobius High Priority ScheduledThread 13	0	SCHED_LOCAL_SCAN	RUNNING		ready.queue	0	256	100974190005300
555	100974290077800	L2jMobius High Priority ScheduledThread 7	0	SCHED_LOCAL_SCAN	RUNNING		ready.queue	0	256	100974290070900
556	100974390035600	L2jMobius High Priority ScheduledThread 1	0	SCHED_LOCAL_SCAN	RUNNING		ready.queue	0	256	100974390025400
557	100974490036100	L2jMobius High Priority ScheduledThread 15	0	SCHED_LOCAL_SCAN	RUNNING		ready.queue	59	256	100974490026900
558	100974490216200	L2jMobius High Priority ScheduledThread 15	110	SCHED_LOCAL_SCAN	SLEEPING	ACTIVE	DEFERRED	5	1	100974391070800
559	100974490222900	L2jMobius High Priority ScheduledThread 15	110	SCHED_LOCAL_PROMOTION_SELECTED	SLEEPING	ACTIVE	DEFERRED	5	100974490026900	0
560	100974490224700	L2jMobius High Priority ScheduledThread 15	110	SCHED_BOUNDARY_PLAN	MATERIALIZE	ACTIVE	execute	5	0	0
561	100974490227700	L2jMobius High Priority ScheduledThread 15	110	READY_PRESENCE_OFFLINE	OFFLINE	DEFERRED	presence.no_current_local_demand	0	0	0
562	100974490236200	L2jMobius High Priority ScheduledThread 15	110	SCHED_BOUNDARY_RESULT	MATERIALIZE	DEFERRED	presence.no_current_local_demand	5	100974490026900	0
563	100974490239600	L2jMobius High Priority ScheduledThread 15	142	SCHED_LOCAL_SCAN	SLEEPING	ACTIVE	DEFERRED	5	1	100974391070800
564	100974490241500	L2jMobius High Priority ScheduledThread 15	142	SCHED_LOCAL_PROMOTION_SELECTED	SLEEPING	ACTIVE	DEFERRED	5	100974490026900	0
565	100974490242400	L2jMobius High Priority ScheduledThread 15	142	SCHED_BOUNDARY_PLAN	MATERIALIZE	ACTIVE	execute	5	0	0
566	100974490243400	L2jMobius High Priority ScheduledThread 15	142	READY_PRESENCE_OFFLINE	OFFLINE	DEFERRED	presence.no_current_local_demand	0	0	0
567	100974490245700	L2jMobius High Priority ScheduledThread 15	142	SCHED_BOUNDARY_RESULT	MATERIALIZE	DEFERRED	presence.no_current_local_demand	5	100974490026900	0
568	100974490257300	L2jMobius High Priority ScheduledThread 15	175	SCHED_LOCAL_SCAN	SLEEPING	ACTIVE	DEFERRED	3	1	100974391070800
569	100974490258700	L2jMobius High Priority ScheduledThread 15	175	SCHED_LOCAL_PROMOTION_SELECTED	SLEEPING	ACTIVE	DEFERRED	3	100974490026900	0
570	100974490259300	L2jMobius High Priority ScheduledThread 15	175	SCHED_BOUNDARY_PLAN	MATERIALIZE	ACTIVE	execute	3	0	0
571	100974490260300	L2jMobius High Priority ScheduledThread 15	175	READY_PRESENCE_OFFLINE	OFFLINE	DEFERRED	presence.no_current_local_demand	0	0	0
572	100974490262300	L2jMobius High Priority ScheduledThread 15	175	SCHED_BOUNDARY_RESULT	MATERIALIZE	DEFERRED	presence.no_current_local_demand	3	100974490026900	0
573	100974591124600	L2jMobius High Priority ScheduledThread 12	0	SCHED_LOCAL_SCAN	RUNNING		ready.queue	0	256	100974591093800
574	100974691430700	L2jMobius High Priority ScheduledThread 12	0	SCHED_LOCAL_SCAN	RUNNING		ready.queue	0	256	100974691421100
575	100974790382500	L2jMobius High Priority ScheduledThread 12	0	SCHED_LOCAL_SCAN	RUNNING		ready.queue	0	256	100974790375100
576	100974890408400	L2jMobius High Priority ScheduledThread 13	0	SCHED_LOCAL_SCAN	RUNNING		ready.queue	0	256	100974890395800
577	100974989965000	L2jMobius High Priority ScheduledThread 13	0	HUMAN_REFRESH_BEGIN			local.pulse	1791245112256	9	0
578	100974990141500	L2jMobius High Priority ScheduledThread 13	110	LOCAL_CANDIDATE	OFFLINE		topology.eligible	44131	42673	-3488
579	100974990146400	L2jMobius High Priority ScheduledThread 13	129	LOCAL_CANDIDATE	OFFLINE		topology.eligible	44131	42673	-3488
580	100974990147300	L2jMobius High Priority ScheduledThread 13	142	LOCAL_CANDIDATE	OFFLINE		topology.eligible	44131	42673	-3488
581	100974990148100	L2jMobius High Priority ScheduledThread 13	151	LOCAL_CANDIDATE	OFFLINE		topology.eligible	44131	42673	-3488
582	100974990148500	L2jMobius High Priority ScheduledThread 13	160	LOCAL_CANDIDATE	OFFLINE		topology.eligible	44131	42673	-3488
583	100974990149300	L2jMobius High Priority ScheduledThread 13	175	LOCAL_CANDIDATE	OFFLINE		topology.eligible	44131	42673	-3488
584	100974990150100	L2jMobius High Priority ScheduledThread 13	229	LOCAL_CANDIDATE	OFFLINE		topology.eligible	44131	42673	-3488
585	100974990150500	L2jMobius High Priority ScheduledThread 13	242	LOCAL_CANDIDATE	OFFLINE		topology.eligible	44131	42673	-3488
586	100974990241900	L2jMobius High Priority ScheduledThread 13	0	HUMAN_REFRESH_SUMMARY			bounded	1	9	0
587	100974990309900	L2jMobius High Priority ScheduledThread 13	0	SCHED_LOCAL_SCAN	RUNNING		ready.queue	9	256	100974990305200
588	100975089953600	L2jMobius High Priority ScheduledThread 16	0	SCHED_LOCAL_SCAN	RUNNING		ready.queue	1	256	100975089946100
589	100975191339600	L2jMobius High Priority ScheduledThread 16	0	SCHED_LOCAL_SCAN	RUNNING		ready.queue	17	256	100975191323400
590	100975289809800	L2jMobius High Priority ScheduledThread 2	0	SCHED_LOCAL_SCAN	RUNNING		ready.queue	0	256	100975289797700
591	100975390302600	L2jMobius High Priority ScheduledThread 3	0	SCHED_LOCAL_SCAN	RUNNING		ready.queue	0	256	100975390295900
592	100975491457800	L2jMobius High Priority ScheduledThread 10	0	SCHED_LOCAL_SCAN	RUNNING		ready.queue	56	256	100975491448800
593	100975491616300	L2jMobius High Priority ScheduledThread 10	110	SCHED_LOCAL_SCAN	SLEEPING	ACTIVE	DEFERRED	5	1	100975490026900
594	100975491624400	L2jMobius High Priority ScheduledThread 10	110	SCHED_LOCAL_PROMOTION_SELECTED	SLEEPING	ACTIVE	DEFERRED	5	100975491448800	0
595	100975491626400	L2jMobius High Priority ScheduledThread 10	110	SCHED_BOUNDARY_PLAN	MATERIALIZE	ACTIVE	execute	5	0	0
596	100975491630000	L2jMobius High Priority ScheduledThread 10	110	READY_PRESENCE_OFFLINE	OFFLINE	DEFERRED	presence.no_current_local_demand	0	0	0
597	100975491637000	L2jMobius High Priority ScheduledThread 10	110	SCHED_BOUNDARY_RESULT	MATERIALIZE	DEFERRED	presence.no_current_local_demand	5	100975491448800	0
598	100975491639800	L2jMobius High Priority ScheduledThread 10	142	SCHED_LOCAL_SCAN	SLEEPING	ACTIVE	DEFERRED	5	1	100975490026900
599	100975491642700	L2jMobius High Priority ScheduledThread 10	142	SCHED_LOCAL_PROMOTION_SELECTED	SLEEPING	ACTIVE	DEFERRED	5	100975491448800	0
600	100975491643800	L2jMobius High Priority ScheduledThread 10	142	SCHED_BOUNDARY_PLAN	MATERIALIZE	ACTIVE	execute	5	0	0
601	100975491644800	L2jMobius High Priority ScheduledThread 10	142	READY_PRESENCE_OFFLINE	OFFLINE	DEFERRED	presence.no_current_local_demand	0	0	0
602	100975491646900	L2jMobius High Priority ScheduledThread 10	142	SCHED_BOUNDARY_RESULT	MATERIALIZE	DEFERRED	presence.no_current_local_demand	5	100975491448800	0
603	100975491657200	L2jMobius High Priority ScheduledThread 10	175	SCHED_LOCAL_SCAN	SLEEPING	ACTIVE	DEFERRED	3	1	100975490026900
604	100975491658800	L2jMobius High Priority ScheduledThread 10	175	SCHED_LOCAL_PROMOTION_SELECTED	SLEEPING	ACTIVE	DEFERRED	3	100975491448800	0
605	100975491659400	L2jMobius High Priority ScheduledThread 10	175	SCHED_BOUNDARY_PLAN	MATERIALIZE	ACTIVE	execute	3	0	0
606	100975491660300	L2jMobius High Priority ScheduledThread 10	175	READY_PRESENCE_OFFLINE	OFFLINE	DEFERRED	presence.no_current_local_demand	0	0	0
607	100975491661700	L2jMobius High Priority ScheduledThread 10	175	SCHED_BOUNDARY_RESULT	MATERIALIZE	DEFERRED	presence.no_current_local_demand	3	100975491448800	0
608	100975591442400	L2jMobius High Priority ScheduledThread 5	0	SCHED_LOCAL_SCAN	RUNNING		ready.queue	0	256	100975591432400
609	100975690012400	L2jMobius High Priority ScheduledThread 5	0	SCHED_LOCAL_SCAN	RUNNING		ready.queue	0	256	100975689989800
610	100975791074400	L2jMobius High Priority ScheduledThread 5	0	SCHED_LOCAL_SCAN	RUNNING		ready.queue	13	256	100975791071200
611	100975889993800	L2jMobius High Priority ScheduledThread 5	0	SCHED_LOCAL_SCAN	RUNNING		ready.queue	1	256	100975889987600
612	100975991184100	L2jMobius High Priority ScheduledThread 5	0	HUMAN_REFRESH_BEGIN			local.pulse	1791245113257	9	0
613	100975991283400	L2jMobius High Priority ScheduledThread 5	110	LOCAL_CANDIDATE	OFFLINE		topology.eligible	44131	42673	-3488
614	100975991286700	L2jMobius High Priority ScheduledThread 5	129	LOCAL_CANDIDATE	OFFLINE		topology.eligible	44131	42673	-3488
615	100975991288100	L2jMobius High Priority ScheduledThread 5	142	LOCAL_CANDIDATE	OFFLINE		topology.eligible	44131	42673	-3488
616	100975991293400	L2jMobius High Priority ScheduledThread 5	151	LOCAL_CANDIDATE	OFFLINE		topology.eligible	44131	42673	-3488
617	100975991293900	L2jMobius High Priority ScheduledThread 5	160	LOCAL_CANDIDATE	OFFLINE		topology.eligible	44131	42673	-3488
618	100975991294400	L2jMobius High Priority ScheduledThread 5	175	LOCAL_CANDIDATE	OFFLINE		topology.eligible	44131	42673	-3488
619	100975991294800	L2jMobius High Priority ScheduledThread 5	229	LOCAL_CANDIDATE	OFFLINE		topology.eligible	44131	42673	-3488
620	100975991295200	L2jMobius High Priority ScheduledThread 5	242	LOCAL_CANDIDATE	OFFLINE		topology.eligible	44131	42673	-3488
621	100975991360300	L2jMobius High Priority ScheduledThread 5	0	HUMAN_REFRESH_SUMMARY			bounded	1	9	0
622	100975991423400	L2jMobius High Priority ScheduledThread 5	0	SCHED_LOCAL_SCAN	RUNNING		ready.queue	9	256	100975991422200
623	100976091182500	L2jMobius High Priority ScheduledThread 9	0	SCHED_LOCAL_SCAN	RUNNING		ready.queue	0	256	100976091180100
624	100976191256900	L2jMobius High Priority ScheduledThread 6	0	SCHED_LOCAL_SCAN	RUNNING		ready.queue	0	256	100976191248300
625	100976290231500	L2jMobius High Priority ScheduledThread 10	0	SCHED_LOCAL_SCAN	RUNNING		ready.queue	0	256	100976290228500
626	100976391199300	L2jMobius High Priority ScheduledThread 7	0	SCHED_LOCAL_SCAN	RUNNING		ready.queue	0	256	100976391197200
627	100976491219900	L2jMobius High Priority ScheduledThread 1	0	SCHED_LOCAL_SCAN	RUNNING		ready.queue	0	256	100976491214800
628	100976590247300	L2jMobius High Priority ScheduledThread 5	0	SCHED_LOCAL_SCAN	RUNNING		ready.queue	6	256	100976590244700
629	100976590274600	L2jMobius High Priority ScheduledThread 5	110	SCHED_LOCAL_SCAN	SLEEPING	ACTIVE	DEFERRED	5	1	100976491448800
630	100976590282100	L2jMobius High Priority ScheduledThread 5	110	SCHED_LOCAL_PROMOTION_SELECTED	SLEEPING	ACTIVE	DEFERRED	5	100976590244700	0
631	100976590288500	L2jMobius High Priority ScheduledThread 5	110	SCHED_BOUNDARY_PLAN	MATERIALIZE	ACTIVE	execute	5	0	0
632	100976590291800	L2jMobius High Priority ScheduledThread 5	110	READY_PRESENCE_OFFLINE	OFFLINE	DEFERRED	presence.no_current_local_demand	0	0	0
633	100976590294100	L2jMobius ScheduledThread 63	142	SCHED_BOUNDARY_PLAN	MATERIALIZE	ACTIVE	execute	5	0	0
634	100976590297700	L2jMobius ScheduledThread 63	142	READY_PRESENCE_OFFLINE	OFFLINE	DEFERRED	presence.no_current_local_demand	0	0	0
635	100976590301200	L2jMobius High Priority ScheduledThread 5	110	SCHED_BOUNDARY_RESULT	MATERIALIZE	DEFERRED	presence.no_current_local_demand	5	100976590244700	0
636	100976590303400	L2jMobius ScheduledThread 63	142	SCHED_BOUNDARY_RESULT	MATERIALIZE	DEFERRED	presence.no_current_local_demand	5	100976590230400	0
637	100976590306600	L2jMobius High Priority ScheduledThread 5	142	SCHED_LOCAL_SCAN	SLEEPING	ACTIVE	DEFERRED	5	4	100977590230400
638	100976590319900	L2jMobius High Priority ScheduledThread 5	175	SCHED_LOCAL_SCAN	SLEEPING	ACTIVE	DEFERRED	3	1	100976491448800
639	100976590320800	L2jMobius High Priority ScheduledThread 5	175	SCHED_LOCAL_PROMOTION_SELECTED	SLEEPING	ACTIVE	DEFERRED	3	100976590244700	0
640	100976590321700	L2jMobius High Priority ScheduledThread 5	175	SCHED_BOUNDARY_PLAN	MATERIALIZE	ACTIVE	execute	3	0	0
641	100976590322800	L2jMobius High Priority ScheduledThread 5	175	READY_PRESENCE_OFFLINE	OFFLINE	DEFERRED	presence.no_current_local_demand	0	0	0
642	100976590346500	L2jMobius High Priority ScheduledThread 5	175	SCHED_BOUNDARY_RESULT	MATERIALIZE	DEFERRED	presence.no_current_local_demand	3	100976590244700	0
643	100976691239800	L2jMobius High Priority ScheduledThread 5	0	SCHED_LOCAL_SCAN	RUNNING		ready.queue	1	256	100976691232900
644	100976691281300	L2jMobius High Priority ScheduledThread 5	175	SCHED_LOCAL_PROMOTION_SELECTED	SLEEPING	ACTIVE	DEFERRED	3	100976691232900	0
645	100976691288200	L2jMobius High Priority ScheduledThread 5	175	SCHED_BOUNDARY_PLAN	NO_PLAN	ACTIVE	DEFERRED	3	100977590244700	100976691232900
646	100976790250100	L2jMobius High Priority ScheduledThread 5	0	SCHED_LOCAL_SCAN	RUNNING		ready.queue	0	256	100976790216900
647	100976890216700	L2jMobius High Priority ScheduledThread 5	0	SCHED_LOCAL_SCAN	RUNNING		ready.queue	0	256	100976890214000
648	100976991275300	L2jMobius High Priority ScheduledThread 5	0	HUMAN_REFRESH_BEGIN			local.pulse	1791245114257	9	0
649	100976991528800	L2jMobius High Priority ScheduledThread 5	110	LOCAL_CANDIDATE	OFFLINE		topology.eligible	44131	42673	-3488
650	100976991532600	L2jMobius High Priority ScheduledThread 5	129	LOCAL_CANDIDATE	OFFLINE		topology.eligible	44131	42673	-3488
651	100976991534500	L2jMobius High Priority ScheduledThread 5	142	LOCAL_CANDIDATE	OFFLINE		topology.eligible	44131	42673	-3488
652	100976991535800	L2jMobius High Priority ScheduledThread 5	151	LOCAL_CANDIDATE	OFFLINE		topology.eligible	44131	42673	-3488
653	100976991536100	L2jMobius High Priority ScheduledThread 5	160	LOCAL_CANDIDATE	OFFLINE		topology.eligible	44131	42673	-3488
654	100976991536900	L2jMobius High Priority ScheduledThread 5	175	LOCAL_CANDIDATE	OFFLINE		topology.eligible	44131	42673	-3488
655	100976991537400	L2jMobius High Priority ScheduledThread 5	229	LOCAL_CANDIDATE	OFFLINE		topology.eligible	44131	42673	-3488
656	100976991537700	L2jMobius High Priority ScheduledThread 5	242	LOCAL_CANDIDATE	OFFLINE		topology.eligible	44131	42673	-3488
657	100976991652300	L2jMobius High Priority ScheduledThread 5	0	HUMAN_REFRESH_SUMMARY			bounded	1	9	0
658	100976991864300	L2jMobius High Priority ScheduledThread 5	0	SCHED_LOCAL_SCAN	RUNNING		ready.queue	9	256	100976991858600
659	100977090220100	L2jMobius High Priority ScheduledThread 12	0	SCHED_LOCAL_SCAN	RUNNING		ready.queue	1	256	100977090217000
660	100977191307300	L2jMobius High Priority ScheduledThread 13	0	SCHED_LOCAL_SCAN	RUNNING		ready.queue	0	256	100977191282900
661	100977290283300	L2jMobius High Priority ScheduledThread 1	0	SCHED_LOCAL_SCAN	RUNNING		ready.queue	1	256	100977290272300
662	100977390264800	L2jMobius High Priority ScheduledThread 4	0	SCHED_LOCAL_SCAN	RUNNING		ready.queue	0	256	100977390260700
663	100977490274000	L2jMobius High Priority ScheduledThread 11	0	SCHED_LOCAL_SCAN	RUNNING		ready.queue	0	256	100977490271500
664	100977589851900	L2jMobius High Priority ScheduledThread 10	0	SCHED_LOCAL_SCAN	RUNNING		ready.queue	53	256	100977589848500
665	100977689858100	L2jMobius High Priority ScheduledThread 10	0	SCHED_LOCAL_SCAN	RUNNING		ready.queue	6	256	100977689855000
666	100977689904300	L2jMobius High Priority ScheduledThread 10	142	SCHED_LOCAL_SCAN	SLEEPING	ACTIVE	DEFERRED	5	1	100977590230400
667	100977689918400	L2jMobius High Priority ScheduledThread 10	142	SCHED_LOCAL_PROMOTION_SELECTED	SLEEPING	ACTIVE	DEFERRED	5	100977689855000	0
668	100977689925800	L2jMobius High Priority ScheduledThread 10	142	SCHED_BOUNDARY_PLAN	MATERIALIZE	ACTIVE	execute	5	0	0
669	100977689930700	L2jMobius High Priority ScheduledThread 10	142	READY_PRESENCE_OFFLINE	OFFLINE	DEFERRED	presence.no_current_local_demand	0	0	0
670	100977689939400	L2jMobius High Priority ScheduledThread 10	142	SCHED_BOUNDARY_RESULT	MATERIALIZE	DEFERRED	presence.no_current_local_demand	5	100977689855000	0
671	100977689966200	L2jMobius High Priority ScheduledThread 10	110	SCHED_LOCAL_SCAN	SLEEPING	ACTIVE	DEFERRED	5	1	100977590244700
672	100977689970500	L2jMobius High Priority ScheduledThread 10	110	SCHED_LOCAL_PROMOTION_SELECTED	SLEEPING	ACTIVE	DEFERRED	5	100977689855000	0
673	100977689973200	L2jMobius High Priority ScheduledThread 10	110	SCHED_BOUNDARY_PLAN	MATERIALIZE	ACTIVE	execute	5	0	0
674	100977689974200	L2jMobius High Priority ScheduledThread 10	110	READY_PRESENCE_OFFLINE	OFFLINE	DEFERRED	presence.no_current_local_demand	0	0	0
675	100977689976700	L2jMobius High Priority ScheduledThread 10	110	SCHED_BOUNDARY_RESULT	MATERIALIZE	DEFERRED	presence.no_current_local_demand	5	100977689855000	0
676	100977689978800	L2jMobius High Priority ScheduledThread 10	175	SCHED_LOCAL_SCAN	SLEEPING	ACTIVE	DEFERRED	3	1	100977590244700
677	100977689980200	L2jMobius High Priority ScheduledThread 10	175	SCHED_LOCAL_PROMOTION_SELECTED	SLEEPING	ACTIVE	DEFERRED	3	100977689855000	0
678	100977689982300	L2jMobius High Priority ScheduledThread 10	175	SCHED_BOUNDARY_PLAN	MATERIALIZE	ACTIVE	execute	3	0	0
679	100977689983700	L2jMobius High Priority ScheduledThread 10	175	READY_PRESENCE_OFFLINE	OFFLINE	DEFERRED	presence.no_current_local_demand	0	0	0
680	100977689985700	L2jMobius High Priority ScheduledThread 10	175	SCHED_BOUNDARY_RESULT	MATERIALIZE	DEFERRED	presence.no_current_local_demand	3	100977689855000	0
681	100977689987000	L2jMobius High Priority ScheduledThread 10	142	SCHED_LOCAL_PROMOTION_SELECTED	SLEEPING	ACTIVE	DEFERRED	5	100977689855000	0
682	100977689989000	L2jMobius High Priority ScheduledThread 10	142	SCHED_BOUNDARY_PLAN	NO_PLAN	ACTIVE	DEFERRED	5	100978689855000	100977689855000
683	100977789592200	L2jMobius High Priority ScheduledThread 10	0	SCHED_LOCAL_SCAN	RUNNING		ready.queue	0	256	100977789586400
684	100977889622400	L2jMobius High Priority ScheduledThread 12	0	SCHED_LOCAL_SCAN	RUNNING		ready.queue	0	256	100977889615200
685	100977991436600	L2jMobius High Priority ScheduledThread 1	0	HUMAN_REFRESH_BEGIN			local.pulse	1791245115257	9	0
686	100977991664400	L2jMobius High Priority ScheduledThread 1	110	LOCAL_CANDIDATE	OFFLINE		topology.eligible	44131	42673	-3488
687	100977991668400	L2jMobius High Priority ScheduledThread 1	129	LOCAL_CANDIDATE	OFFLINE		topology.eligible	44131	42673	-3488
688	100977991669300	L2jMobius High Priority ScheduledThread 1	142	LOCAL_CANDIDATE	OFFLINE		topology.eligible	44131	42673	-3488
689	100977991669900	L2jMobius High Priority ScheduledThread 1	151	LOCAL_CANDIDATE	OFFLINE		topology.eligible	44131	42673	-3488
690	100977991670400	L2jMobius High Priority ScheduledThread 1	160	LOCAL_CANDIDATE	OFFLINE		topology.eligible	44131	42673	-3488
691	100977991671400	L2jMobius High Priority ScheduledThread 1	175	LOCAL_CANDIDATE	OFFLINE		topology.eligible	44131	42673	-3488
692	100977991671900	L2jMobius High Priority ScheduledThread 1	229	LOCAL_CANDIDATE	OFFLINE		topology.eligible	44131	42673	-3488
693	100977991672400	L2jMobius High Priority ScheduledThread 1	242	LOCAL_CANDIDATE	OFFLINE		topology.eligible	44131	42673	-3488
694	100977991800300	L2jMobius High Priority ScheduledThread 1	0	HUMAN_REFRESH_SUMMARY			bounded	1	9	0
695	100977991909700	L2jMobius High Priority ScheduledThread 1	0	SCHED_LOCAL_SCAN	RUNNING		ready.queue	9	256	100977991908700
696	100978091476700	L2jMobius High Priority ScheduledThread 16	0	SCHED_LOCAL_SCAN	RUNNING		ready.queue	0	256	100978091473400
697	100978191005600	L2jMobius High Priority ScheduledThread 16	0	SCHED_LOCAL_SCAN	RUNNING		ready.queue	0	256	100978191003100
698	100978290083700	L2jMobius High Priority ScheduledThread 5	0	SCHED_LOCAL_SCAN	RUNNING		ready.queue	0	256	100978290081000
699	100978390010900	L2jMobius High Priority ScheduledThread 6	0	SCHED_LOCAL_SCAN	RUNNING		ready.queue	0	256	100978390007400
700	100978490033000	L2jMobius High Priority ScheduledThread 6	0	SCHED_LOCAL_SCAN	RUNNING		ready.queue	0	256	100978490030800
701	100978590138200	L2jMobius High Priority ScheduledThread 10	0	SCHED_LOCAL_SCAN	RUNNING		ready.queue	12	256	100978590130300
702	100978690071800	L2jMobius High Priority ScheduledThread 7	0	SCHED_LOCAL_SCAN	RUNNING		ready.queue	7	256	100978690068500
703	100978791044200	L2jMobius High Priority ScheduledThread 7	0	SCHED_LOCAL_SCAN	RUNNING		ready.queue	7	256	100978791038500
704	100978890040800	L2jMobius High Priority ScheduledThread 7	0	SCHED_LOCAL_SCAN	RUNNING		ready.queue	7	256	100978890038500
705	100978930844200	L2jMobius ScheduledThread 3	110	SCHED_BOUNDARY_PLAN	MATERIALIZE	ACTIVE	execute	5	0	0
706	100978930855000	L2jMobius ScheduledThread 3	110	READY_PRESENCE_OFFLINE	OFFLINE	DEFERRED	presence.no_current_local_demand	0	0	0
707	100978930863300	L2jMobius ScheduledThread 3	110	SCHED_BOUNDARY_RESULT	MATERIALIZE	DEFERRED	presence.no_current_local_demand	5	100978929813200	0
708	100978930867000	L2jMobius ScheduledThread 3	175	SCHED_BOUNDARY_PLAN	MATERIALIZE	ACTIVE	execute	3	0	0
709	100978930870400	L2jMobius ScheduledThread 3	175	READY_PRESENCE_OFFLINE	OFFLINE	DEFERRED	presence.no_current_local_demand	0	0	0
710	100978930873300	L2jMobius ScheduledThread 3	175	SCHED_BOUNDARY_RESULT	MATERIALIZE	DEFERRED	presence.no_current_local_demand	3	100978929813200	0
711	100978930875900	L2jMobius ScheduledThread 3	142	SCHED_BOUNDARY_PLAN	MATERIALIZE	ACTIVE	execute	5	0	0
712	100978930877500	L2jMobius ScheduledThread 3	142	READY_PRESENCE_OFFLINE	OFFLINE	DEFERRED	presence.no_current_local_demand	0	0	0
713	100978930880300	L2jMobius ScheduledThread 3	142	SCHED_BOUNDARY_RESULT	MATERIALIZE	DEFERRED	presence.no_current_local_demand	5	100978929813200	0
714	100978991340200	L2jMobius High Priority ScheduledThread 7	0	HUMAN_REFRESH_BEGIN			local.pulse	1791245116257	9	0
715	100978991573200	L2jMobius High Priority ScheduledThread 7	110	LOCAL_CANDIDATE	OFFLINE		topology.eligible	44131	42673	-3488
716	100978991585500	L2jMobius High Priority ScheduledThread 7	129	LOCAL_CANDIDATE	OFFLINE		topology.eligible	44131	42673	-3488
717	100978991586300	L2jMobius High Priority ScheduledThread 7	142	LOCAL_CANDIDATE	OFFLINE		topology.eligible	44131	42673	-3488
718	100978991588500	L2jMobius High Priority ScheduledThread 7	151	LOCAL_CANDIDATE	OFFLINE		topology.eligible	44131	42673	-3488
719	100978991589600	L2jMobius High Priority ScheduledThread 7	160	LOCAL_CANDIDATE	OFFLINE		topology.eligible	44131	42673	-3488
720	100978991590000	L2jMobius High Priority ScheduledThread 7	175	LOCAL_CANDIDATE	OFFLINE		topology.eligible	44131	42673	-3488
721	100978991591800	L2jMobius High Priority ScheduledThread 7	229	LOCAL_CANDIDATE	OFFLINE		topology.eligible	44131	42673	-3488
722	100978991592600	L2jMobius High Priority ScheduledThread 7	242	LOCAL_CANDIDATE	OFFLINE		topology.eligible	44131	42673	-3488
723	100978991854500	L2jMobius High Priority ScheduledThread 7	0	HUMAN_REFRESH_SUMMARY			bounded	1	9	0
724	100978992091200	L2jMobius High Priority ScheduledThread 7	0	SCHED_LOCAL_SCAN	RUNNING		ready.queue	9	256	100978992088800
725	100979090413300	L2jMobius High Priority ScheduledThread 14	0	SCHED_LOCAL_SCAN	RUNNING		ready.queue	21	256	100979090410700
726	100979190486800	L2jMobius High Priority ScheduledThread 8	0	SCHED_LOCAL_SCAN	RUNNING		ready.queue	0	256	100979190483600
727	100979291634300	L2jMobius High Priority ScheduledThread 13	0	SCHED_LOCAL_SCAN	RUNNING		ready.queue	0	256	100979291626100
728	100979390439700	L2jMobius High Priority ScheduledThread 12	0	SCHED_LOCAL_SCAN	RUNNING		ready.queue	0	256	100979390437600
729	100979490445200	L2jMobius High Priority ScheduledThread 6	0	SCHED_LOCAL_SCAN	RUNNING		ready.queue	8	256	100979490441900
730	100979590517500	L2jMobius High Priority ScheduledThread 7	0	SCHED_LOCAL_SCAN	RUNNING		ready.queue	0	256	100979590508700
731	100979690590300	L2jMobius High Priority ScheduledThread 7	0	SCHED_LOCAL_SCAN	RUNNING		ready.queue	46	256	100979690584600
732	100979789706000	L2jMobius High Priority ScheduledThread 15	0	SCHED_LOCAL_SCAN	RUNNING		ready.queue	0	256	100979789692900
733	100979889524900	L2jMobius High Priority ScheduledThread 8	0	SCHED_LOCAL_SCAN	RUNNING		ready.queue	0	256	100979889520500
734	100979990744900	L2jMobius High Priority ScheduledThread 13	0	SCHED_LOCAL_SCAN	RUNNING		ready.queue	13	256	100979990737400
735	100979990847300	L2jMobius High Priority ScheduledThread 13	110	SCHED_LOCAL_SCAN	SLEEPING	ACTIVE	DEFERRED	5	1	100979929813200
736	100979990859600	L2jMobius High Priority ScheduledThread 13	110	SCHED_LOCAL_PROMOTION_SELECTED	SLEEPING	ACTIVE	DEFERRED	5	100979990737400	0
737	100979990861100	L2jMobius High Priority ScheduledThread 13	110	SCHED_BOUNDARY_PLAN	MATERIALIZE	ACTIVE	execute	5	0	0
738	100979990863200	L2jMobius High Priority ScheduledThread 13	110	READY_PRESENCE_OFFLINE	OFFLINE	DEFERRED	presence.no_current_local_demand	0	0	0
739	100979990867100	L2jMobius High Priority ScheduledThread 13	110	SCHED_BOUNDARY_RESULT	MATERIALIZE	DEFERRED	presence.no_current_local_demand	5	100979990737400	0
740	100979990869300	L2jMobius High Priority ScheduledThread 13	175	SCHED_LOCAL_SCAN	SLEEPING	ACTIVE	DEFERRED	3	1	100979929813200
741	100979990870300	L2jMobius High Priority ScheduledThread 13	175	SCHED_LOCAL_PROMOTION_SELECTED	SLEEPING	ACTIVE	DEFERRED	3	100979990737400	0
742	100979990870900	L2jMobius High Priority ScheduledThread 13	175	SCHED_BOUNDARY_PLAN	MATERIALIZE	ACTIVE	execute	3	0	0
743	100979990879500	L2jMobius High Priority ScheduledThread 13	175	READY_PRESENCE_OFFLINE	OFFLINE	DEFERRED	presence.no_current_local_demand	0	0	0
744	100979990936500	L2jMobius High Priority ScheduledThread 13	175	SCHED_BOUNDARY_RESULT	MATERIALIZE	DEFERRED	presence.no_current_local_demand	3	100979990737400	0
745	100979990937900	L2jMobius High Priority ScheduledThread 13	142	SCHED_LOCAL_SCAN	SLEEPING	ACTIVE	DEFERRED	5	1	100979929813200
746	100979990939300	L2jMobius High Priority ScheduledThread 13	142	SCHED_LOCAL_PROMOTION_SELECTED	SLEEPING	ACTIVE	DEFERRED	5	100979990737400	0
747	100979990939900	L2jMobius High Priority ScheduledThread 13	142	SCHED_BOUNDARY_PLAN	MATERIALIZE	ACTIVE	execute	5	0	0
748	100979990940900	L2jMobius High Priority ScheduledThread 13	142	READY_PRESENCE_OFFLINE	OFFLINE	DEFERRED	presence.no_current_local_demand	0	0	0
749	100979990943800	L2jMobius High Priority ScheduledThread 13	142	SCHED_BOUNDARY_RESULT	MATERIALIZE	DEFERRED	presence.no_current_local_demand	5	100979990737400	0
750	100980089662800	L2jMobius High Priority ScheduledThread 1	0	HUMAN_REFRESH_BEGIN			local.pulse	1791245117355	9	0
751	100980089839600	L2jMobius High Priority ScheduledThread 1	110	LOCAL_CANDIDATE	OFFLINE		topology.eligible	44131	42673	-3488
752	100980089845400	L2jMobius High Priority ScheduledThread 1	129	LOCAL_CANDIDATE	OFFLINE		topology.eligible	44131	42673	-3488
753	100980089846000	L2jMobius High Priority ScheduledThread 1	142	LOCAL_CANDIDATE	OFFLINE		topology.eligible	44131	42673	-3488
754	100980089846600	L2jMobius High Priority ScheduledThread 1	151	LOCAL_CANDIDATE	OFFLINE		topology.eligible	44131	42673	-3488
755	100980089847600	L2jMobius High Priority ScheduledThread 1	160	LOCAL_CANDIDATE	OFFLINE		topology.eligible	44131	42673	-3488
756	100980089848000	L2jMobius High Priority ScheduledThread 1	175	LOCAL_CANDIDATE	OFFLINE		topology.eligible	44131	42673	-3488
757	100980089848600	L2jMobius High Priority ScheduledThread 1	229	LOCAL_CANDIDATE	OFFLINE		topology.eligible	44131	42673	-3488
758	100980089849000	L2jMobius High Priority ScheduledThread 1	242	LOCAL_CANDIDATE	OFFLINE		topology.eligible	44131	42673	-3488
759	100980089948000	L2jMobius High Priority ScheduledThread 1	0	HUMAN_REFRESH_SUMMARY			bounded	1	9	0
760	100980090011500	L2jMobius High Priority ScheduledThread 1	0	SCHED_LOCAL_SCAN	RUNNING		ready.queue	9	256	100980090009400
761	100980191303700	L2jMobius High Priority ScheduledThread 1	0	SCHED_LOCAL_SCAN	RUNNING		ready.queue	2	256	100980191299200
762	100980291381900	L2jMobius High Priority ScheduledThread 11	0	SCHED_LOCAL_SCAN	RUNNING		ready.queue	0	256	100980291370100
763	100980391349100	L2jMobius High Priority ScheduledThread 5	0	SCHED_LOCAL_SCAN	RUNNING		ready.queue	0	256	100980391338400
764	100980490449900	L2jMobius High Priority ScheduledThread 7	0	SCHED_LOCAL_SCAN	RUNNING		ready.queue	0	256	100980490430900
765	100980591322300	L2jMobius High Priority ScheduledThread 13	0	SCHED_LOCAL_SCAN	RUNNING		ready.queue	1	256	100980591319400
766	100980690046100	L2jMobius High Priority ScheduledThread 4	0	SCHED_LOCAL_SCAN	RUNNING		ready.queue	0	256	100980690043700
767	100980789822500	L2jMobius High Priority ScheduledThread 4	0	SCHED_LOCAL_SCAN	RUNNING		ready.queue	46	256	100980789818700
768	100980889569700	L2jMobius High Priority ScheduledThread 6	0	SCHED_LOCAL_SCAN	RUNNING		ready.queue	0	256	100980889566800
769	100980989661900	L2jMobius High Priority ScheduledThread 6	0	SCHED_LOCAL_SCAN	RUNNING		ready.queue	1	256	100980989657600
770	100981089640900	L2jMobius High Priority ScheduledThread 2	0	HUMAN_REFRESH_BEGIN			local.pulse	1791245118355	9	0
771	100981089783400	L2jMobius High Priority ScheduledThread 2	110	LOCAL_CANDIDATE	OFFLINE		topology.eligible	44131	42673	-3488
772	100981089787100	L2jMobius High Priority ScheduledThread 2	129	LOCAL_CANDIDATE	OFFLINE		topology.eligible	44131	42673	-3488
773	100981089787800	L2jMobius High Priority ScheduledThread 2	142	LOCAL_CANDIDATE	OFFLINE		topology.eligible	44131	42673	-3488
774	100981089788600	L2jMobius High Priority ScheduledThread 2	151	LOCAL_CANDIDATE	OFFLINE		topology.eligible	44131	42673	-3488
775	100981089789100	L2jMobius High Priority ScheduledThread 2	160	LOCAL_CANDIDATE	OFFLINE		topology.eligible	44131	42673	-3488
776	100981089789600	L2jMobius High Priority ScheduledThread 2	175	LOCAL_CANDIDATE	OFFLINE		topology.eligible	44131	42673	-3488
777	100981089790500	L2jMobius High Priority ScheduledThread 2	229	LOCAL_CANDIDATE	OFFLINE		topology.eligible	44131	42673	-3488
778	100981089791000	L2jMobius High Priority ScheduledThread 2	242	LOCAL_CANDIDATE	OFFLINE		topology.eligible	44131	42673	-3488
779	100981089874700	L2jMobius High Priority ScheduledThread 2	0	HUMAN_REFRESH_SUMMARY			bounded	1	9	0
780	100981089953900	L2jMobius High Priority ScheduledThread 2	0	SCHED_LOCAL_SCAN	RUNNING		ready.queue	9	256	100981089951500
781	100981092689700	L2jMobius High Priority ScheduledThread 2	110	SCHED_LOCAL_SCAN	SLEEPING	ACTIVE	DEFERRED	5	1	100980990737400
782	100981092697600	L2jMobius High Priority ScheduledThread 2	110	SCHED_LOCAL_PROMOTION_SELECTED	SLEEPING	ACTIVE	DEFERRED	5	100981089951500	0
783	100981092698600	L2jMobius High Priority ScheduledThread 2	110	SCHED_BOUNDARY_PLAN	MATERIALIZE	ACTIVE	execute	5	0	0
784	100981092700400	L2jMobius High Priority ScheduledThread 2	110	READY_PRESENCE_OFFLINE	OFFLINE	DEFERRED	presence.no_current_local_demand	0	0	0
785	100981092708600	L2jMobius ScheduledThread 42	175	SCHED_BOUNDARY_PLAN	MATERIALIZE	ACTIVE	execute	3	0	0
786	100981092710300	L2jMobius High Priority ScheduledThread 2	110	SCHED_BOUNDARY_RESULT	MATERIALIZE	DEFERRED	presence.no_current_local_demand	5	100981089951500	0
787	100981092712000	L2jMobius ScheduledThread 42	175	READY_PRESENCE_OFFLINE	OFFLINE	DEFERRED	presence.no_current_local_demand	0	0	0
788	100981092712700	L2jMobius High Priority ScheduledThread 2	175	SCHED_LOCAL_SCAN	SLEEPING	ACTIVE	PROMOTION_PENDING	3	20	100980990737400
789	100981092715800	L2jMobius High Priority ScheduledThread 2	142	SCHED_LOCAL_SCAN	SLEEPING	ACTIVE	DEFERRED	5	1	100980990737400
790	100981092717500	L2jMobius High Priority ScheduledThread 2	142	SCHED_LOCAL_PROMOTION_SELECTED	SLEEPING	ACTIVE	DEFERRED	5	100981089951500	0
791	100981092719200	L2jMobius High Priority ScheduledThread 2	142	SCHED_BOUNDARY_PLAN	MATERIALIZE	ACTIVE	execute	5	0	0
792	100981092720500	L2jMobius ScheduledThread 42	175	SCHED_BOUNDARY_RESULT	MATERIALIZE	DEFERRED	presence.no_current_local_demand	3	100981090625000	0
793	100981092720900	L2jMobius High Priority ScheduledThread 2	142	READY_PRESENCE_OFFLINE	OFFLINE	DEFERRED	presence.no_current_local_demand	0	0	0
794	100981092736300	L2jMobius High Priority ScheduledThread 2	142	SCHED_BOUNDARY_RESULT	MATERIALIZE	DEFERRED	presence.no_current_local_demand	5	100981089951500	0
795	100981092739200	L2jMobius High Priority ScheduledThread 2	110	SCHED_LOCAL_PROMOTION_SELECTED	SLEEPING	ACTIVE	DEFERRED	5	100981089951500	0
796	100981092739800	L2jMobius High Priority ScheduledThread 2	110	SCHED_BOUNDARY_PLAN	NO_PLAN	ACTIVE	DEFERRED	5	100982089951500	100981089951500
797	100981092740800	L2jMobius High Priority ScheduledThread 2	142	SCHED_LOCAL_PROMOTION_SELECTED	SLEEPING	ACTIVE	DEFERRED	5	100981089951500	0
798	100981092741200	L2jMobius High Priority ScheduledThread 2	142	SCHED_BOUNDARY_PLAN	NO_PLAN	ACTIVE	DEFERRED	5	100982089951500	100981089951500
799	100981190918000	L2jMobius High Priority ScheduledThread 2	0	SCHED_LOCAL_SCAN	RUNNING		ready.queue	0	256	100981190902300
800	100981289853600	L2jMobius High Priority ScheduledThread 8	0	SCHED_LOCAL_SCAN	RUNNING		ready.queue	0	256	100981289850600
801	100981390896600	L2jMobius High Priority ScheduledThread 15	0	SCHED_LOCAL_SCAN	RUNNING		ready.queue	0	256	100981390894000
802	100981490208400	L2jMobius High Priority ScheduledThread 10	0	SCHED_LOCAL_SCAN	RUNNING		ready.queue	2	256	100981490205400
803	100981591238100	L2jMobius High Priority ScheduledThread 3	0	SCHED_LOCAL_SCAN	RUNNING		ready.queue	13	256	100981591227100
804	100981690298800	L2jMobius High Priority ScheduledThread 3	0	SCHED_LOCAL_SCAN	RUNNING		ready.queue	1	256	100981690293000
805	100981791171800	L2jMobius High Priority ScheduledThread 3	0	SCHED_LOCAL_SCAN	RUNNING		ready.queue	2	256	100981791166700
806	100981891171300	L2jMobius High Priority ScheduledThread 3	0	SCHED_LOCAL_SCAN	RUNNING		ready.queue	0	256	100981891167800
807	100981991201700	L2jMobius High Priority ScheduledThread 3	0	SCHED_LOCAL_SCAN	RUNNING		ready.queue	0	256	100981991196600
808	100982090719300	L2jMobius High Priority ScheduledThread 9	0	HUMAN_REFRESH_BEGIN			local.pulse	1791245119356	9	0
809	100982090933400	L2jMobius High Priority ScheduledThread 9	110	LOCAL_CANDIDATE	OFFLINE		topology.eligible	44131	42673	-3488
810	100982090942700	L2jMobius High Priority ScheduledThread 9	129	LOCAL_CANDIDATE	OFFLINE		topology.eligible	44131	42673	-3488
811	100982090943800	L2jMobius High Priority ScheduledThread 9	142	LOCAL_CANDIDATE	OFFLINE		topology.eligible	44131	42673	-3488
812	100982090944600	L2jMobius High Priority ScheduledThread 9	151	LOCAL_CANDIDATE	OFFLINE		topology.eligible	44131	42673	-3488
813	100982090945200	L2jMobius High Priority ScheduledThread 9	160	LOCAL_CANDIDATE	OFFLINE		topology.eligible	44131	42673	-3488
814	100982090945800	L2jMobius High Priority ScheduledThread 9	175	LOCAL_CANDIDATE	OFFLINE		topology.eligible	44131	42673	-3488
815	100982090946800	L2jMobius High Priority ScheduledThread 9	229	LOCAL_CANDIDATE	OFFLINE		topology.eligible	44131	42673	-3488
816	100982090947200	L2jMobius High Priority ScheduledThread 9	242	LOCAL_CANDIDATE	OFFLINE		topology.eligible	44131	42673	-3488
817	100982091071300	L2jMobius High Priority ScheduledThread 9	0	HUMAN_REFRESH_SUMMARY			bounded	1	9	0
818	100982091190600	L2jMobius High Priority ScheduledThread 9	0	SCHED_LOCAL_SCAN	RUNNING		ready.queue	9	256	100982091189100
819	100982189931300	L2jMobius High Priority ScheduledThread 9	0	SCHED_LOCAL_SCAN	RUNNING		ready.queue	20	256	100982189915400
820	100982190164700	L2jMobius High Priority ScheduledThread 9	110	SCHED_LOCAL_SCAN	SLEEPING	ACTIVE	DEFERRED	5	1	100982089951500
821	100982190198500	L2jMobius High Priority ScheduledThread 9	110	SCHED_LOCAL_PROMOTION_SELECTED	SLEEPING	ACTIVE	DEFERRED	5	100982189915400	0
822	100982190200700	L2jMobius High Priority ScheduledThread 9	110	SCHED_BOUNDARY_PLAN	MATERIALIZE	ACTIVE	execute	5	0	0
823	100982190208100	L2jMobius High Priority ScheduledThread 9	110	READY_PRESENCE_OFFLINE	OFFLINE	DEFERRED	presence.no_current_local_demand	0	0	0
824	100982190215100	L2jMobius High Priority ScheduledThread 9	110	SCHED_BOUNDARY_RESULT	MATERIALIZE	DEFERRED	presence.no_current_local_demand	5	100982189915400	0
825	100982190222100	L2jMobius High Priority ScheduledThread 9	142	SCHED_LOCAL_SCAN	SLEEPING	ACTIVE	DEFERRED	5	1	100982089951500
826	100982190226800	L2jMobius High Priority ScheduledThread 9	142	SCHED_LOCAL_PROMOTION_SELECTED	SLEEPING	ACTIVE	DEFERRED	5	100982189915400	0
827	100982190230200	L2jMobius High Priority ScheduledThread 9	142	SCHED_BOUNDARY_PLAN	MATERIALIZE	ACTIVE	execute	5	0	0
828	100982190231700	L2jMobius High Priority ScheduledThread 9	142	READY_PRESENCE_OFFLINE	OFFLINE	DEFERRED	presence.no_current_local_demand	0	0	0
829	100982190237500	L2jMobius High Priority ScheduledThread 9	142	SCHED_BOUNDARY_RESULT	MATERIALIZE	DEFERRED	presence.no_current_local_demand	5	100982189915400	0
830	100982190255500	L2jMobius High Priority ScheduledThread 9	175	SCHED_LOCAL_SCAN	SLEEPING	ACTIVE	DEFERRED	3	1	100982090625000
831	100982190257000	L2jMobius High Priority ScheduledThread 9	175	SCHED_LOCAL_PROMOTION_SELECTED	SLEEPING	ACTIVE	DEFERRED	3	100982189915400	0
832	100982190259400	L2jMobius High Priority ScheduledThread 9	175	SCHED_BOUNDARY_PLAN	MATERIALIZE	ACTIVE	execute	3	0	0
833	100982190260600	L2jMobius High Priority ScheduledThread 9	175	READY_PRESENCE_OFFLINE	OFFLINE	DEFERRED	presence.no_current_local_demand	0	0	0
834	100982190264400	L2jMobius High Priority ScheduledThread 9	175	SCHED_BOUNDARY_RESULT	MATERIALIZE	DEFERRED	presence.no_current_local_demand	3	100982189915400	0
835	100982289634700	L2jMobius High Priority ScheduledThread 10	0	SCHED_LOCAL_SCAN	RUNNING		ready.queue	0	256	100982289629900
836	100982389642300	L2jMobius High Priority ScheduledThread 11	0	SCHED_LOCAL_SCAN	RUNNING		ready.queue	0	256	100982389638300
837	100982490652200	L2jMobius High Priority ScheduledThread 1	0	SCHED_LOCAL_SCAN	RUNNING		ready.queue	2	256	100982490649800
838	100982589671100	L2jMobius High Priority ScheduledThread 7	0	SCHED_LOCAL_SCAN	RUNNING		ready.queue	0	256	100982589666800
839	100982691336400	L2jMobius High Priority ScheduledThread 7	0	SCHED_LOCAL_SCAN	RUNNING		ready.queue	17	256	100982691333200
840	100982790326800	L2jMobius High Priority ScheduledThread 7	0	SCHED_LOCAL_SCAN	RUNNING		ready.queue	1	256	100982790323000
841	100982890327700	L2jMobius High Priority ScheduledThread 7	0	SCHED_LOCAL_SCAN	RUNNING		ready.queue	47	256	100982890324200
842	100982990300300	L2jMobius High Priority ScheduledThread 7	0	SCHED_LOCAL_SCAN	RUNNING		ready.queue	0	256	100982990296800
843	100983091363900	L2jMobius High Priority ScheduledThread 4	0	HUMAN_REFRESH_BEGIN			local.pulse	1791245120357	9	0
844	100983091578700	L2jMobius High Priority ScheduledThread 4	110	LOCAL_CANDIDATE	OFFLINE		topology.eligible	44131	42673	-3488
845	100983091582500	L2jMobius High Priority ScheduledThread 4	129	LOCAL_CANDIDATE	OFFLINE		topology.eligible	44131	42673	-3488
846	100983091583200	L2jMobius High Priority ScheduledThread 4	142	LOCAL_CANDIDATE	OFFLINE		topology.eligible	44131	42673	-3488
847	100983091583700	L2jMobius High Priority ScheduledThread 4	151	LOCAL_CANDIDATE	OFFLINE		topology.eligible	44131	42673	-3488
848	100983091584400	L2jMobius High Priority ScheduledThread 4	160	LOCAL_CANDIDATE	OFFLINE		topology.eligible	44131	42673	-3488
849	100983091584800	L2jMobius High Priority ScheduledThread 4	175	LOCAL_CANDIDATE	OFFLINE		topology.eligible	44131	42673	-3488
850	100983091585300	L2jMobius High Priority ScheduledThread 4	229	LOCAL_CANDIDATE	OFFLINE		topology.eligible	44131	42673	-3488
851	100983091585900	L2jMobius High Priority ScheduledThread 4	242	LOCAL_CANDIDATE	OFFLINE		topology.eligible	44131	42673	-3488
852	100983091730100	L2jMobius High Priority ScheduledThread 4	0	HUMAN_REFRESH_SUMMARY			bounded	1	9	0
853	100983091826600	L2jMobius High Priority ScheduledThread 4	0	SCHED_LOCAL_SCAN	RUNNING		ready.queue	11	256	100983091825300
854	100983190342900	L2jMobius High Priority ScheduledThread 4	0	SCHED_LOCAL_SCAN	RUNNING		ready.queue	14	256	100983190337900
855	100983190420700	L2jMobius High Priority ScheduledThread 4	110	SCHED_LOCAL_SCAN	SLEEPING	ACTIVE	DEFERRED	5	1	100983189915400
856	100983190429600	L2jMobius High Priority ScheduledThread 4	110	SCHED_LOCAL_PROMOTION_SELECTED	SLEEPING	ACTIVE	DEFERRED	5	100983190337900	0
857	100983190430900	L2jMobius High Priority ScheduledThread 4	110	SCHED_BOUNDARY_PLAN	MATERIALIZE	ACTIVE	execute	5	0	0
858	100983190432700	L2jMobius High Priority ScheduledThread 4	110	READY_PRESENCE_OFFLINE	OFFLINE	DEFERRED	presence.no_current_local_demand	0	0	0
859	100983190436800	L2jMobius High Priority ScheduledThread 4	110	SCHED_BOUNDARY_RESULT	MATERIALIZE	DEFERRED	presence.no_current_local_demand	5	100983190337900	0
860	100983190440000	L2jMobius High Priority ScheduledThread 4	142	SCHED_LOCAL_SCAN	SLEEPING	ACTIVE	DEFERRED	5	1	100983189915400
861	100983190441200	L2jMobius High Priority ScheduledThread 4	142	SCHED_LOCAL_PROMOTION_SELECTED	SLEEPING	ACTIVE	DEFERRED	5	100983190337900	0
862	100983190441900	L2jMobius High Priority ScheduledThread 4	142	SCHED_BOUNDARY_PLAN	MATERIALIZE	ACTIVE	execute	5	0	0
863	100983190442700	L2jMobius High Priority ScheduledThread 4	142	READY_PRESENCE_OFFLINE	OFFLINE	DEFERRED	presence.no_current_local_demand	0	0	0
864	100983190444700	L2jMobius High Priority ScheduledThread 4	142	SCHED_BOUNDARY_RESULT	MATERIALIZE	DEFERRED	presence.no_current_local_demand	5	100983190337900	0
865	100983190451100	L2jMobius High Priority ScheduledThread 4	175	SCHED_LOCAL_SCAN	SLEEPING	ACTIVE	DEFERRED	3	1	100983189915400
866	100983190452300	L2jMobius High Priority ScheduledThread 4	175	SCHED_LOCAL_PROMOTION_SELECTED	SLEEPING	ACTIVE	DEFERRED	3	100983190337900	0
867	100983190452800	L2jMobius High Priority ScheduledThread 4	175	SCHED_BOUNDARY_PLAN	MATERIALIZE	ACTIVE	execute	3	0	0
868	100983190453800	L2jMobius High Priority ScheduledThread 4	175	READY_PRESENCE_OFFLINE	OFFLINE	DEFERRED	presence.no_current_local_demand	0	0	0
869	100983190455300	L2jMobius High Priority ScheduledThread 4	175	SCHED_BOUNDARY_RESULT	MATERIALIZE	DEFERRED	presence.no_current_local_demand	3	100983190337900	0
870	100983291411300	L2jMobius High Priority ScheduledThread 16	0	SCHED_LOCAL_SCAN	RUNNING		ready.queue	0	256	100983291400400
871	100983390306600	L2jMobius High Priority ScheduledThread 3	0	SCHED_LOCAL_SCAN	RUNNING		ready.queue	0	256	100983390303400
872	100983490236300	L2jMobius High Priority ScheduledThread 5	0	SCHED_LOCAL_SCAN	RUNNING		ready.queue	0	256	100983490233300
873	100983590285900	L2jMobius High Priority ScheduledThread 7	0	SCHED_LOCAL_SCAN	RUNNING		ready.queue	0	256	100983590275700
874	100983691284700	L2jMobius High Priority ScheduledThread 7	0	SCHED_LOCAL_SCAN	RUNNING		ready.queue	0	256	100983691281200
875	100983790342200	L2jMobius High Priority ScheduledThread 7	0	SCHED_LOCAL_SCAN	RUNNING		ready.queue	4	256	100983790336000
876	100983891265700	L2jMobius High Priority ScheduledThread 7	0	SCHED_LOCAL_SCAN	RUNNING		ready.queue	0	256	100983891263800
877	100983990364100	L2jMobius High Priority ScheduledThread 7	0	SCHED_LOCAL_SCAN	RUNNING		ready.queue	47	256	100983990361000
878	100984091364800	L2jMobius High Priority ScheduledThread 8	0	HUMAN_REFRESH_BEGIN			local.pulse	1791245121357	9	0
879	100984091687400	L2jMobius High Priority ScheduledThread 8	110	LOCAL_CANDIDATE	OFFLINE		topology.eligible	44131	42673	-3488
880	100984091693500	L2jMobius High Priority ScheduledThread 8	129	LOCAL_CANDIDATE	OFFLINE		topology.eligible	44131	42673	-3488
881	100984091694700	L2jMobius High Priority ScheduledThread 8	142	LOCAL_CANDIDATE	OFFLINE		topology.eligible	44131	42673	-3488
882	100984091695600	L2jMobius High Priority ScheduledThread 8	151	LOCAL_CANDIDATE	OFFLINE		topology.eligible	44131	42673	-3488
883	100984091695900	L2jMobius High Priority ScheduledThread 8	160	LOCAL_CANDIDATE	OFFLINE		topology.eligible	44131	42673	-3488
884	100984091696300	L2jMobius High Priority ScheduledThread 8	175	LOCAL_CANDIDATE	OFFLINE		topology.eligible	44131	42673	-3488
885	100984091697000	L2jMobius High Priority ScheduledThread 8	229	LOCAL_CANDIDATE	OFFLINE		topology.eligible	44131	42673	-3488
886	100984091698500	L2jMobius High Priority ScheduledThread 8	242	LOCAL_CANDIDATE	OFFLINE		topology.eligible	44131	42673	-3488
887	100984091897900	L2jMobius High Priority ScheduledThread 8	0	HUMAN_REFRESH_SUMMARY			bounded	1	9	0
888	100984092076400	L2jMobius High Priority ScheduledThread 8	0	SCHED_LOCAL_SCAN	RUNNING		ready.queue	9	256	100984092073200
889	100984191326900	L2jMobius High Priority ScheduledThread 8	0	SCHED_LOCAL_SCAN	RUNNING		ready.queue	2	256	100984191322400
890	100984192866400	L2jMobius ScheduledThread 11	110	SCHED_BOUNDARY_PLAN	MATERIALIZE	ACTIVE	execute	5	0	0
891	100984192874300	L2jMobius ScheduledThread 11	110	READY_PRESENCE_OFFLINE	OFFLINE	DEFERRED	presence.no_current_local_demand	0	0	0
892	100984192878800	L2jMobius ScheduledThread 11	110	SCHED_BOUNDARY_RESULT	MATERIALIZE	DEFERRED	presence.no_current_local_demand	5	100984191365500	0
893	100984192883300	L2jMobius ScheduledThread 11	142	SCHED_BOUNDARY_PLAN	MATERIALIZE	ACTIVE	execute	5	0	0
894	100984192884600	L2jMobius ScheduledThread 11	142	READY_PRESENCE_OFFLINE	OFFLINE	DEFERRED	presence.no_current_local_demand	0	0	0
895	100984192888900	L2jMobius ScheduledThread 11	142	SCHED_BOUNDARY_RESULT	MATERIALIZE	DEFERRED	presence.no_current_local_demand	5	100984191365500	0
896	100984192891900	L2jMobius ScheduledThread 11	175	SCHED_BOUNDARY_PLAN	MATERIALIZE	ACTIVE	execute	3	0	0
897	100984192893300	L2jMobius ScheduledThread 11	175	READY_PRESENCE_OFFLINE	OFFLINE	DEFERRED	presence.no_current_local_demand	0	0	0
898	100984192896000	L2jMobius ScheduledThread 11	175	SCHED_BOUNDARY_RESULT	MATERIALIZE	DEFERRED	presence.no_current_local_demand	3	100984191365500	0
899	100984290323900	L2jMobius High Priority ScheduledThread 9	0	SCHED_LOCAL_SCAN	RUNNING		ready.queue	0	256	100984290321100
900	100984390310300	L2jMobius High Priority ScheduledThread 10	0	SCHED_LOCAL_SCAN	RUNNING		ready.queue	0	256	100984390307000
901	100984490328600	L2jMobius High Priority ScheduledThread 6	0	SCHED_LOCAL_SCAN	RUNNING		ready.queue	0	256	100984490326400
902	100984590334900	L2jMobius High Priority ScheduledThread 3	0	SCHED_LOCAL_SCAN	RUNNING		ready.queue	0	256	100984590332100
903	100984690303400	L2jMobius High Priority ScheduledThread 3	0	SCHED_LOCAL_SCAN	RUNNING		ready.queue	0	256	100984690296400
904	100984790300400	L2jMobius High Priority ScheduledThread 3	0	SCHED_LOCAL_SCAN	RUNNING		ready.queue	0	256	100984790291400
905	100984890364100	L2jMobius High Priority ScheduledThread 3	0	SCHED_LOCAL_SCAN	RUNNING		ready.queue	0	256	100984890360100
906	100984990272600	L2jMobius High Priority ScheduledThread 3	0	SCHED_LOCAL_SCAN	RUNNING		ready.queue	0	256	100984990267600
907	100985091364400	L2jMobius High Priority ScheduledThread 12	0	HUMAN_REFRESH_BEGIN			local.pulse	1791245122357	9	0
908	100985091904900	L2jMobius High Priority ScheduledThread 12	110	LOCAL_CANDIDATE	OFFLINE		topology.eligible	44131	42673	-3488
909	100985091917000	L2jMobius High Priority ScheduledThread 12	129	LOCAL_CANDIDATE	OFFLINE		topology.eligible	44131	42673	-3488
910	100985091918200	L2jMobius High Priority ScheduledThread 12	142	LOCAL_CANDIDATE	OFFLINE		topology.eligible	44131	42673	-3488
911	100985091919200	L2jMobius High Priority ScheduledThread 12	151	LOCAL_CANDIDATE	OFFLINE		topology.eligible	44131	42673	-3488
912	100985091919500	L2jMobius High Priority ScheduledThread 12	160	LOCAL_CANDIDATE	OFFLINE		topology.eligible	44131	42673	-3488
913	100985091919900	L2jMobius High Priority ScheduledThread 12	175	LOCAL_CANDIDATE	OFFLINE		topology.eligible	44131	42673	-3488
914	100985091920700	L2jMobius High Priority ScheduledThread 12	229	LOCAL_CANDIDATE	OFFLINE		topology.eligible	44131	42673	-3488
915	100985091921800	L2jMobius High Priority ScheduledThread 12	242	LOCAL_CANDIDATE	OFFLINE		topology.eligible	44131	42673	-3488
916	100985092055100	L2jMobius High Priority ScheduledThread 12	0	HUMAN_REFRESH_SUMMARY			bounded	1	9	0
917	100985092154900	L2jMobius High Priority ScheduledThread 12	0	SCHED_LOCAL_SCAN	RUNNING		ready.queue	55	256	100985092153800
918	100985190449400	L2jMobius High Priority ScheduledThread 12	0	SCHED_LOCAL_SCAN	RUNNING		ready.queue	0	256	100985190446900
919	100985289666300	L2jMobius High Priority ScheduledThread 6	0	SCHED_LOCAL_SCAN	RUNNING		ready.queue	9	256	100985289606300
920	100985289885900	L2jMobius High Priority ScheduledThread 6	110	SCHED_LOCAL_SCAN	SLEEPING	ACTIVE	DEFERRED	5	1	100985191365500
921	100985289897700	L2jMobius High Priority ScheduledThread 6	110	SCHED_LOCAL_PROMOTION_SELECTED	SLEEPING	ACTIVE	DEFERRED	5	100985289606300	0
922	100985289901200	L2jMobius High Priority ScheduledThread 6	110	SCHED_BOUNDARY_PLAN	MATERIALIZE	ACTIVE	execute	5	0	0
923	100985289904800	L2jMobius High Priority ScheduledThread 6	110	READY_PRESENCE_OFFLINE	OFFLINE	DEFERRED	presence.no_current_local_demand	0	0	0
924	100985289923600	L2jMobius High Priority ScheduledThread 6	110	SCHED_BOUNDARY_RESULT	MATERIALIZE	DEFERRED	presence.no_current_local_demand	5	100985289606300	0
925	100985290003400	L2jMobius High Priority ScheduledThread 6	142	SCHED_LOCAL_SCAN	SLEEPING	ACTIVE	DEFERRED	5	1	100985191365500
926	100985290011300	L2jMobius High Priority ScheduledThread 6	142	SCHED_LOCAL_PROMOTION_SELECTED	SLEEPING	ACTIVE	DEFERRED	5	100985289606300	0
927	100985290013500	L2jMobius High Priority ScheduledThread 6	142	SCHED_BOUNDARY_PLAN	MATERIALIZE	ACTIVE	execute	5	0	0
928	100985290017600	L2jMobius High Priority ScheduledThread 6	142	READY_PRESENCE_OFFLINE	OFFLINE	DEFERRED	presence.no_current_local_demand	0	0	0
929	100985290027600	L2jMobius High Priority ScheduledThread 6	142	SCHED_BOUNDARY_RESULT	MATERIALIZE	DEFERRED	presence.no_current_local_demand	5	100985289606300	0
930	100985290030700	L2jMobius High Priority ScheduledThread 6	175	SCHED_LOCAL_SCAN	SLEEPING	ACTIVE	DEFERRED	3	1	100985191365500
931	100985290034700	L2jMobius High Priority ScheduledThread 6	175	SCHED_LOCAL_PROMOTION_SELECTED	SLEEPING	ACTIVE	DEFERRED	3	100985289606300	0
932	100985290037300	L2jMobius High Priority ScheduledThread 6	175	SCHED_BOUNDARY_PLAN	MATERIALIZE	ACTIVE	execute	3	0	0
933	100985290040000	L2jMobius High Priority ScheduledThread 6	175	READY_PRESENCE_OFFLINE	OFFLINE	DEFERRED	presence.no_current_local_demand	0	0	0
934	100985290046500	L2jMobius High Priority ScheduledThread 6	175	SCHED_BOUNDARY_RESULT	MATERIALIZE	DEFERRED	presence.no_current_local_demand	3	100985289606300	0
935	100985390499200	L2jMobius High Priority ScheduledThread 7	0	SCHED_LOCAL_SCAN	RUNNING		ready.queue	0	256	100985390497100
936	100985491272300	L2jMobius High Priority ScheduledThread 4	0	SCHED_LOCAL_SCAN	RUNNING		ready.queue	10	256	100985491261600
937	100985590132500	L2jMobius High Priority ScheduledThread 3	0	SCHED_LOCAL_SCAN	RUNNING		ready.queue	0	256	100985590128500
938	100985690101200	L2jMobius High Priority ScheduledThread 3	0	SCHED_LOCAL_SCAN	RUNNING		ready.queue	0	256	100985690097100
939	100985790120600	L2jMobius High Priority ScheduledThread 3	0	SCHED_LOCAL_SCAN	RUNNING		ready.queue	0	256	100985790114000
940	100985890078300	L2jMobius High Priority ScheduledThread 3	0	SCHED_LOCAL_SCAN	RUNNING		ready.queue	0	256	100985890075500
941	100985991079300	L2jMobius High Priority ScheduledThread 3	0	SCHED_LOCAL_SCAN	RUNNING		ready.queue	0	256	100985991077300
942	100986090154600	L2jMobius High Priority ScheduledThread 16	0	SCHED_LOCAL_SCAN	RUNNING		ready.queue	0	256	100986090146400
943	100986190121800	L2jMobius High Priority ScheduledThread 1	0	HUMAN_REFRESH_BEGIN			local.pulse	1791245123456	9	0
944	100986190648500	L2jMobius High Priority ScheduledThread 1	110	LOCAL_CANDIDATE	OFFLINE		topology.eligible	44131	42673	-3488
945	100986190662000	L2jMobius High Priority ScheduledThread 1	129	LOCAL_CANDIDATE	OFFLINE		topology.eligible	44131	42673	-3488
946	100986190664500	L2jMobius High Priority ScheduledThread 1	142	LOCAL_CANDIDATE	OFFLINE		topology.eligible	44131	42673	-3488
947	100986190665500	L2jMobius High Priority ScheduledThread 1	151	LOCAL_CANDIDATE	OFFLINE		topology.eligible	44131	42673	-3488
948	100986190666500	L2jMobius High Priority ScheduledThread 1	160	LOCAL_CANDIDATE	OFFLINE		topology.eligible	44131	42673	-3488
949	100986190668200	L2jMobius High Priority ScheduledThread 1	175	LOCAL_CANDIDATE	OFFLINE		topology.eligible	44131	42673	-3488
950	100986190670800	L2jMobius High Priority ScheduledThread 1	229	LOCAL_CANDIDATE	OFFLINE		topology.eligible	44131	42673	-3488
951	100986190672500	L2jMobius High Priority ScheduledThread 1	242	LOCAL_CANDIDATE	OFFLINE		topology.eligible	44131	42673	-3488
952	100986191048200	L2jMobius High Priority ScheduledThread 1	0	HUMAN_REFRESH_SUMMARY			bounded	1	9	0
953	100986191181600	L2jMobius High Priority ScheduledThread 1	0	SCHED_LOCAL_SCAN	RUNNING		ready.queue	55	256	100986191179800
954	100986291120800	L2jMobius High Priority ScheduledThread 8	0	SCHED_LOCAL_SCAN	RUNNING		ready.queue	15	256	100986291118200
955	100986291191300	L2jMobius High Priority ScheduledThread 8	110	SCHED_LOCAL_SCAN	SLEEPING	ACTIVE	DEFERRED	5	1	100986289606300
956	100986291199100	L2jMobius High Priority ScheduledThread 8	110	SCHED_LOCAL_PROMOTION_SELECTED	SLEEPING	ACTIVE	DEFERRED	5	100986291118200	0
957	100986291200200	L2jMobius High Priority ScheduledThread 8	110	SCHED_BOUNDARY_PLAN	MATERIALIZE	ACTIVE	execute	5	0	0
958	100986291202500	L2jMobius High Priority ScheduledThread 8	110	READY_PRESENCE_OFFLINE	OFFLINE	DEFERRED	presence.no_current_local_demand	0	0	0
959	100986291204700	L2jMobius High Priority ScheduledThread 8	110	SCHED_BOUNDARY_RESULT	MATERIALIZE	DEFERRED	presence.no_current_local_demand	5	100986291118200	0
960	100986291206900	L2jMobius High Priority ScheduledThread 8	142	SCHED_LOCAL_SCAN	SLEEPING	ACTIVE	DEFERRED	5	1	100986289606300
961	100986291211500	L2jMobius High Priority ScheduledThread 8	142	SCHED_LOCAL_PROMOTION_SELECTED	SLEEPING	ACTIVE	DEFERRED	5	100986291118200	0
962	100986291212300	L2jMobius High Priority ScheduledThread 8	142	SCHED_BOUNDARY_PLAN	MATERIALIZE	ACTIVE	execute	5	0	0
963	100986291213200	L2jMobius High Priority ScheduledThread 8	142	READY_PRESENCE_OFFLINE	OFFLINE	DEFERRED	presence.no_current_local_demand	0	0	0
964	100986291214600	L2jMobius High Priority ScheduledThread 8	142	SCHED_BOUNDARY_RESULT	MATERIALIZE	DEFERRED	presence.no_current_local_demand	5	100986291118200	0
965	100986291215800	L2jMobius High Priority ScheduledThread 8	175	SCHED_LOCAL_SCAN	SLEEPING	ACTIVE	DEFERRED	3	1	100986289606300
966	100986291217100	L2jMobius High Priority ScheduledThread 8	175	SCHED_LOCAL_PROMOTION_SELECTED	SLEEPING	ACTIVE	DEFERRED	3	100986291118200	0
967	100986291217700	L2jMobius High Priority ScheduledThread 8	175	SCHED_BOUNDARY_PLAN	MATERIALIZE	ACTIVE	execute	3	0	0
968	100986291218500	L2jMobius High Priority ScheduledThread 8	175	READY_PRESENCE_OFFLINE	OFFLINE	DEFERRED	presence.no_current_local_demand	0	0	0
969	100986291220000	L2jMobius High Priority ScheduledThread 8	175	SCHED_BOUNDARY_RESULT	MATERIALIZE	DEFERRED	presence.no_current_local_demand	3	100986291118200	0
970	100986390083900	L2jMobius High Priority ScheduledThread 9	0	SCHED_LOCAL_SCAN	RUNNING		ready.queue	14	256	100986390080600
971	100986390125100	L2jMobius High Priority ScheduledThread 9	110	SCHED_LOCAL_PROMOTION_SELECTED	SLEEPING	ACTIVE	DEFERRED	5	100986390080600	0
972	100986390130600	L2jMobius High Priority ScheduledThread 9	110	SCHED_BOUNDARY_PLAN	NO_PLAN	ACTIVE	DEFERRED	5	100987291118200	100986390080600
973	100986390133000	L2jMobius High Priority ScheduledThread 9	142	SCHED_LOCAL_PROMOTION_SELECTED	SLEEPING	ACTIVE	DEFERRED	5	100986390080600	0
974	100986390133600	L2jMobius High Priority ScheduledThread 9	142	SCHED_BOUNDARY_PLAN	NO_PLAN	ACTIVE	DEFERRED	5	100987291118200	100986390080600
975	100986390135600	L2jMobius High Priority ScheduledThread 9	175	SCHED_LOCAL_PROMOTION_SELECTED	SLEEPING	ACTIVE	DEFERRED	3	100986390080600	0
976	100986390136100	L2jMobius High Priority ScheduledThread 9	175	SCHED_BOUNDARY_PLAN	NO_PLAN	ACTIVE	DEFERRED	3	100987291118200	100986390080600
977	100986491133300	L2jMobius High Priority ScheduledThread 5	0	SCHED_LOCAL_SCAN	RUNNING		ready.queue	14	256	100986491130900
978	100986491169200	L2jMobius High Priority ScheduledThread 5	110	SCHED_LOCAL_PROMOTION_SELECTED	SLEEPING	ACTIVE	DEFERRED	5	100986491130900	0
979	100986491170500	L2jMobius High Priority ScheduledThread 5	110	SCHED_BOUNDARY_PLAN	NO_PLAN	ACTIVE	DEFERRED	5	100987291118200	100986491130900
980	100986491172200	L2jMobius High Priority ScheduledThread 5	142	SCHED_LOCAL_PROMOTION_SELECTED	SLEEPING	ACTIVE	DEFERRED	5	100986491130900	0
981	100986491172700	L2jMobius High Priority ScheduledThread 5	142	SCHED_BOUNDARY_PLAN	NO_PLAN	ACTIVE	DEFERRED	5	100987291118200	100986491130900
982	100986491173800	L2jMobius High Priority ScheduledThread 5	175	SCHED_LOCAL_PROMOTION_SELECTED	SLEEPING	ACTIVE	DEFERRED	3	100986491130900	0
983	100986491174300	L2jMobius High Priority ScheduledThread 5	175	SCHED_BOUNDARY_PLAN	NO_PLAN	ACTIVE	DEFERRED	3	100987291118200	100986491130900
984	100986590146300	L2jMobius High Priority ScheduledThread 10	0	SCHED_LOCAL_SCAN	RUNNING		ready.queue	14	256	100986590143200
985	100986590184200	L2jMobius High Priority ScheduledThread 10	110	SCHED_LOCAL_PROMOTION_SELECTED	SLEEPING	ACTIVE	DEFERRED	5	100986590143200	0
986	100986590186400	L2jMobius High Priority ScheduledThread 10	110	SCHED_BOUNDARY_PLAN	NO_PLAN	ACTIVE	DEFERRED	5	100987291118200	100986590143200
987	100986590207400	L2jMobius High Priority ScheduledThread 10	142	SCHED_LOCAL_PROMOTION_SELECTED	SLEEPING	ACTIVE	DEFERRED	5	100986590143200	0
988	100986590211000	L2jMobius High Priority ScheduledThread 10	142	SCHED_BOUNDARY_PLAN	NO_PLAN	ACTIVE	DEFERRED	5	100987291118200	100986590143200
989	100986590212700	L2jMobius High Priority ScheduledThread 10	175	SCHED_LOCAL_PROMOTION_SELECTED	SLEEPING	ACTIVE	DEFERRED	3	100986590143200	0
990	100986590213200	L2jMobius High Priority ScheduledThread 10	175	SCHED_BOUNDARY_PLAN	NO_PLAN	ACTIVE	DEFERRED	3	100987291118200	100986590143200
991	100986689985000	L2jMobius High Priority ScheduledThread 10	0	SCHED_LOCAL_SCAN	RUNNING		ready.queue	0	256	100986689979800
992	100986790973700	L2jMobius High Priority ScheduledThread 16	0	SCHED_LOCAL_SCAN	RUNNING		ready.queue	2	256	100986790970900
993	100986890005800	L2jMobius High Priority ScheduledThread 7	0	SCHED_LOCAL_SCAN	RUNNING		ready.queue	0	256	100986890000000
994	100986991021900	L2jMobius High Priority ScheduledThread 7	0	SCHED_LOCAL_SCAN	RUNNING		ready.queue	17	256	100986991019900
995	100987090019400	L2jMobius High Priority ScheduledThread 2	0	SCHED_LOCAL_SCAN	RUNNING		ready.queue	0	256	100987090017000
996	100987190005500	L2jMobius High Priority ScheduledThread 14	0	HUMAN_REFRESH_BEGIN			local.pulse	1791245124456	9	0
997	100987190146200	L2jMobius High Priority ScheduledThread 14	110	LOCAL_CANDIDATE	OFFLINE		topology.eligible	44131	42673	-3488
998	100987190150200	L2jMobius High Priority ScheduledThread 14	129	LOCAL_CANDIDATE	OFFLINE		topology.eligible	44131	42673	-3488
999	100987190150800	L2jMobius High Priority ScheduledThread 14	142	LOCAL_CANDIDATE	OFFLINE		topology.eligible	44131	42673	-3488
1000	100987190151200	L2jMobius High Priority ScheduledThread 14	151	LOCAL_CANDIDATE	OFFLINE		topology.eligible	44131	42673	-3488
1001	100987190151600	L2jMobius High Priority ScheduledThread 14	160	LOCAL_CANDIDATE	OFFLINE		topology.eligible	44131	42673	-3488
1002	100987190152000	L2jMobius High Priority ScheduledThread 14	175	LOCAL_CANDIDATE	OFFLINE		topology.eligible	44131	42673	-3488
1003	100987190152400	L2jMobius High Priority ScheduledThread 14	229	LOCAL_CANDIDATE	OFFLINE		topology.eligible	44131	42673	-3488
1004	100987190152900	L2jMobius High Priority ScheduledThread 14	242	LOCAL_CANDIDATE	OFFLINE		topology.eligible	44131	42673	-3488
1005	100987190225300	L2jMobius High Priority ScheduledThread 14	0	HUMAN_REFRESH_SUMMARY			bounded	1	9	0
1006	100987190332200	L2jMobius High Priority ScheduledThread 14	0	SCHED_LOCAL_SCAN	RUNNING		ready.queue	9	256	100987190331000
1007	100987291116600	L2jMobius High Priority ScheduledThread 15	0	SCHED_LOCAL_SCAN	RUNNING		ready.queue	44	256	100987291109400
1008	100987390065000	L2jMobius High Priority ScheduledThread 12	0	SCHED_LOCAL_SCAN	RUNNING		ready.queue	0	256	100987390062500
1009	100987395346100	L2jMobius ScheduledThread 17	110	SCHED_BOUNDARY_PLAN	MATERIALIZE	ACTIVE	execute	5	0	0
1010	100987395353700	L2jMobius ScheduledThread 17	110	READY_PRESENCE_OFFLINE	OFFLINE	DEFERRED	presence.no_current_local_demand	0	0	0
1011	100987395356900	L2jMobius ScheduledThread 17	110	SCHED_BOUNDARY_RESULT	MATERIALIZE	DEFERRED	presence.no_current_local_demand	5	100987391052000	0
1012	100987395359500	L2jMobius ScheduledThread 17	142	SCHED_BOUNDARY_PLAN	MATERIALIZE	ACTIVE	execute	5	0	0
1013	100987395361000	L2jMobius ScheduledThread 17	142	READY_PRESENCE_OFFLINE	OFFLINE	DEFERRED	presence.no_current_local_demand	0	0	0
1014	100987395362500	L2jMobius ScheduledThread 17	142	SCHED_BOUNDARY_RESULT	MATERIALIZE	DEFERRED	presence.no_current_local_demand	5	100987391052000	0
1015	100987395364000	L2jMobius ScheduledThread 17	175	SCHED_BOUNDARY_PLAN	MATERIALIZE	ACTIVE	execute	3	0	0
1016	100987395364800	L2jMobius ScheduledThread 17	175	READY_PRESENCE_OFFLINE	OFFLINE	DEFERRED	presence.no_current_local_demand	0	0	0
1017	100987395366300	L2jMobius ScheduledThread 17	175	SCHED_BOUNDARY_RESULT	MATERIALIZE	DEFERRED	presence.no_current_local_demand	3	100987391052000	0
1018	100987490110900	L2jMobius High Priority ScheduledThread 3	0	SCHED_LOCAL_SCAN	RUNNING		ready.queue	0	256	100987490094900
1019	100987590090900	L2jMobius High Priority ScheduledThread 6	0	SCHED_LOCAL_SCAN	RUNNING		ready.queue	0	256	100987590076600
1020	100987690100600	L2jMobius High Priority ScheduledThread 6	0	SCHED_LOCAL_SCAN	RUNNING		ready.queue	0	256	100987690095700
1021	100987790081200	L2jMobius High Priority ScheduledThread 6	0	SCHED_LOCAL_SCAN	RUNNING		ready.queue	0	256	100987790077700
1022	100987890045400	L2jMobius High Priority ScheduledThread 6	0	SCHED_LOCAL_SCAN	RUNNING		ready.queue	0	256	100987890043200
1023	100987991071700	L2jMobius High Priority ScheduledThread 6	0	SCHED_LOCAL_SCAN	RUNNING		ready.queue	0	256	100987991061700
1024	100988091083100	L2jMobius High Priority ScheduledThread 13	0	SCHED_LOCAL_SCAN	RUNNING		ready.queue	6	256	100988091080700
1025	100988191045500	L2jMobius High Priority ScheduledThread 13	0	HUMAN_REFRESH_BEGIN			local.pulse	1791245125457	9	0
1026	100988191228100	L2jMobius High Priority ScheduledThread 13	110	LOCAL_CANDIDATE	OFFLINE		topology.eligible	44131	42673	-3488
1027	100988191244700	L2jMobius High Priority ScheduledThread 13	129	LOCAL_CANDIDATE	OFFLINE		topology.eligible	44131	42673	-3488
1028	100988191254000	L2jMobius High Priority ScheduledThread 13	142	LOCAL_CANDIDATE	OFFLINE		topology.eligible	44131	42673	-3488
1029	100988191254700	L2jMobius High Priority ScheduledThread 13	151	LOCAL_CANDIDATE	OFFLINE		topology.eligible	44131	42673	-3488
1030	100988191255400	L2jMobius High Priority ScheduledThread 13	160	LOCAL_CANDIDATE	OFFLINE		topology.eligible	44131	42673	-3488
1031	100988191255900	L2jMobius High Priority ScheduledThread 13	175	LOCAL_CANDIDATE	OFFLINE		topology.eligible	44131	42673	-3488
1032	100988191256600	L2jMobius High Priority ScheduledThread 13	229	LOCAL_CANDIDATE	OFFLINE		topology.eligible	44131	42673	-3488
1033	100988191257300	L2jMobius High Priority ScheduledThread 13	242	LOCAL_CANDIDATE	OFFLINE		topology.eligible	44131	42673	-3488
1034	100988191332500	L2jMobius High Priority ScheduledThread 13	0	HUMAN_REFRESH_SUMMARY			bounded	1	9	0
1035	100988191405900	L2jMobius High Priority ScheduledThread 13	0	SCHED_LOCAL_SCAN	RUNNING		ready.queue	9	256	100988191405100
1036	100988291052300	L2jMobius High Priority ScheduledThread 7	0	SCHED_LOCAL_SCAN	RUNNING		ready.queue	9	256	100988291049800
1037	100988390099300	L2jMobius High Priority ScheduledThread 16	0	SCHED_LOCAL_SCAN	RUNNING		ready.queue	0	256	100988390094200
1038	100988490071300	L2jMobius High Priority ScheduledThread 4	0	SCHED_LOCAL_SCAN	RUNNING		ready.queue	0	256	100988490067600
1039	100988491526600	L2jMobius ScheduledThread 48	110	SCHED_BOUNDARY_PLAN	MATERIALIZE	ACTIVE	execute	5	0	0
1040	100988491565500	L2jMobius ScheduledThread 48	110	READY_PRESENCE_OFFLINE	OFFLINE	DEFERRED	presence.no_current_local_demand	0	0	0
1041	100988491567900	L2jMobius ScheduledThread 48	110	SCHED_BOUNDARY_RESULT	MATERIALIZE	DEFERRED	presence.no_current_local_demand	5	100988490077800	0
1042	100988491581000	L2jMobius ScheduledThread 48	142	SCHED_BOUNDARY_PLAN	MATERIALIZE	ACTIVE	execute	5	0	0
1043	100988491594400	L2jMobius ScheduledThread 48	142	READY_PRESENCE_OFFLINE	OFFLINE	DEFERRED	presence.no_current_local_demand	0	0	0
1044	100988491595700	L2jMobius ScheduledThread 48	142	SCHED_BOUNDARY_RESULT	MATERIALIZE	DEFERRED	presence.no_current_local_demand	5	100988490077800	0
1045	100988491605400	L2jMobius ScheduledThread 48	175	SCHED_BOUNDARY_PLAN	MATERIALIZE	ACTIVE	execute	3	0	0
1046	100988491606200	L2jMobius ScheduledThread 48	175	READY_PRESENCE_OFFLINE	OFFLINE	DEFERRED	presence.no_current_local_demand	0	0	0
1047	100988491607500	L2jMobius ScheduledThread 48	175	SCHED_BOUNDARY_RESULT	MATERIALIZE	DEFERRED	presence.no_current_local_demand	3	100988490077800	0
1048	100988590089200	L2jMobius High Priority ScheduledThread 12	0	SCHED_LOCAL_SCAN	RUNNING		ready.queue	0	256	100988590085400
1049	100988691135200	L2jMobius High Priority ScheduledThread 5	0	SCHED_LOCAL_SCAN	RUNNING		ready.queue	16	256	100988691132800
1050	100988790073100	L2jMobius High Priority ScheduledThread 5	0	SCHED_LOCAL_SCAN	RUNNING		ready.queue	0	256	100988790070400
1051	100988891093300	L2jMobius High Priority ScheduledThread 3	0	SCHED_LOCAL_SCAN	RUNNING		ready.queue	0	256	100988891089900
1052	100988991147100	L2jMobius High Priority ScheduledThread 3	0	SCHED_LOCAL_SCAN	RUNNING		ready.queue	0	256	100988991139100
1053	100989090139000	L2jMobius High Priority ScheduledThread 8	0	SCHED_LOCAL_SCAN	RUNNING		ready.queue	0	256	100989090135100
1054	100989189589100	L2jMobius High Priority ScheduledThread 8	0	SCHED_LOCAL_SCAN	RUNNING		ready.queue	16	256	100989189585600
1055	100989290483700	L2jMobius High Priority ScheduledThread 4	0	HUMAN_REFRESH_BEGIN			local.pulse	1791245126556	9	0
1056	100989290567800	L2jMobius High Priority ScheduledThread 4	110	LOCAL_CANDIDATE	OFFLINE		topology.eligible	44131	42673	-3488
1057	100989290571200	L2jMobius High Priority ScheduledThread 4	129	LOCAL_CANDIDATE	OFFLINE		topology.eligible	44131	42673	-3488
1058	100989290572200	L2jMobius High Priority ScheduledThread 4	142	LOCAL_CANDIDATE	OFFLINE		topology.eligible	44131	42673	-3488
1059	100989290572900	L2jMobius High Priority ScheduledThread 4	151	LOCAL_CANDIDATE	OFFLINE		topology.eligible	44131	42673	-3488
1060	100989290573300	L2jMobius High Priority ScheduledThread 4	160	LOCAL_CANDIDATE	OFFLINE		topology.eligible	44131	42673	-3488
1061	100989290573600	L2jMobius High Priority ScheduledThread 4	175	LOCAL_CANDIDATE	OFFLINE		topology.eligible	44131	42673	-3488
1062	100989290574000	L2jMobius High Priority ScheduledThread 4	229	LOCAL_CANDIDATE	OFFLINE		topology.eligible	44131	42673	-3488
1063	100989290574400	L2jMobius High Priority ScheduledThread 4	242	LOCAL_CANDIDATE	OFFLINE		topology.eligible	44131	42673	-3488
1064	100989290636900	L2jMobius High Priority ScheduledThread 4	0	HUMAN_REFRESH_SUMMARY			bounded	1	9	0
1065	100989290719900	L2jMobius High Priority ScheduledThread 4	0	SCHED_LOCAL_SCAN	RUNNING		ready.queue	9	256	100989290718900
1066	100989389529400	L2jMobius High Priority ScheduledThread 6	0	SCHED_LOCAL_SCAN	RUNNING		ready.queue	3	256	100989389522200
1067	100989491409200	L2jMobius High Priority ScheduledThread 12	0	SCHED_LOCAL_SCAN	RUNNING		ready.queue	8	256	100989491385200
1068	100989491709200	L2jMobius High Priority ScheduledThread 12	110	SCHED_LOCAL_SCAN	SLEEPING	ACTIVE	DEFERRED	5	1	100989490077800
1069	100989491919600	L2jMobius High Priority ScheduledThread 12	110	SCHED_LOCAL_PROMOTION_SELECTED	SLEEPING	ACTIVE	DEFERRED	5	100989491385200	0
1070	100989491924200	L2jMobius High Priority ScheduledThread 12	110	SCHED_BOUNDARY_PLAN	MATERIALIZE	ACTIVE	execute	5	0	0
1071	100989491930400	L2jMobius High Priority ScheduledThread 12	110	READY_PRESENCE_OFFLINE	OFFLINE	DEFERRED	presence.no_current_local_demand	0	0	0
1072	100989491956300	L2jMobius High Priority ScheduledThread 12	110	SCHED_BOUNDARY_RESULT	MATERIALIZE	DEFERRED	presence.no_current_local_demand	5	100989491385200	0
1073	100989491970000	L2jMobius High Priority ScheduledThread 12	142	SCHED_LOCAL_SCAN	SLEEPING	ACTIVE	DEFERRED	5	1	100989490077800
1074	100989492002700	L2jMobius High Priority ScheduledThread 12	142	SCHED_LOCAL_PROMOTION_SELECTED	SLEEPING	ACTIVE	DEFERRED	5	100989491385200	0
1075	100989492004200	L2jMobius High Priority ScheduledThread 12	142	SCHED_BOUNDARY_PLAN	MATERIALIZE	ACTIVE	execute	5	0	0
1076	100989492007000	L2jMobius High Priority ScheduledThread 12	142	READY_PRESENCE_OFFLINE	OFFLINE	DEFERRED	presence.no_current_local_demand	0	0	0
1077	100989492017800	L2jMobius High Priority ScheduledThread 12	142	SCHED_BOUNDARY_RESULT	MATERIALIZE	DEFERRED	presence.no_current_local_demand	5	100989491385200	0
1078	100989492024200	L2jMobius High Priority ScheduledThread 12	175	SCHED_LOCAL_SCAN	SLEEPING	ACTIVE	DEFERRED	3	1	100989490077800
1079	100989492028300	L2jMobius High Priority ScheduledThread 12	175	SCHED_LOCAL_PROMOTION_SELECTED	SLEEPING	ACTIVE	DEFERRED	3	100989491385200	0
1080	100989492028800	L2jMobius High Priority ScheduledThread 12	175	SCHED_BOUNDARY_PLAN	MATERIALIZE	ACTIVE	execute	3	0	0
1081	100989492032900	L2jMobius High Priority ScheduledThread 12	175	READY_PRESENCE_OFFLINE	OFFLINE	DEFERRED	presence.no_current_local_demand	0	0	0
1082	100989492041600	L2jMobius High Priority ScheduledThread 12	175	SCHED_BOUNDARY_RESULT	MATERIALIZE	DEFERRED	presence.no_current_local_demand	3	100989491385200	0
1083	100989590241000	L2jMobius High Priority ScheduledThread 14	0	SCHED_LOCAL_SCAN	RUNNING		ready.queue	0	256	100989590231000
1084	100989689833200	L2jMobius High Priority ScheduledThread 14	0	SCHED_LOCAL_SCAN	RUNNING		ready.queue	0	256	100989689829200
1085	100989789849700	L2jMobius High Priority ScheduledThread 1	0	SCHED_LOCAL_SCAN	RUNNING		ready.queue	0	256	100989789845500
1086	100989890832400	L2jMobius High Priority ScheduledThread 1	0	SCHED_LOCAL_SCAN	RUNNING		ready.queue	1	256	100989890826100
1087	100989991321500	L2jMobius High Priority ScheduledThread 1	0	SCHED_LOCAL_SCAN	RUNNING		ready.queue	0	256	100989991319100
1088	100990090449800	L2jMobius High Priority ScheduledThread 1	0	SCHED_LOCAL_SCAN	RUNNING		ready.queue	0	256	100990090437200
1089	100990190137500	L2jMobius High Priority ScheduledThread 1	0	SCHED_LOCAL_SCAN	RUNNING		ready.queue	16	256	100990190135500
1090	100990291387200	L2jMobius High Priority ScheduledThread 11	0	HUMAN_REFRESH_BEGIN			local.pulse	1791245127557	9	0
1091	100990292054400	L2jMobius High Priority ScheduledThread 11	110	LOCAL_CANDIDATE	OFFLINE		topology.eligible	44131	42673	-3488
1092	100990292069700	L2jMobius High Priority ScheduledThread 11	129	LOCAL_CANDIDATE	OFFLINE		topology.eligible	44131	42673	-3488
1093	100990292070700	L2jMobius High Priority ScheduledThread 11	142	LOCAL_CANDIDATE	OFFLINE		topology.eligible	44131	42673	-3488
1094	100990292071300	L2jMobius High Priority ScheduledThread 11	151	LOCAL_CANDIDATE	OFFLINE		topology.eligible	44131	42673	-3488
1095	100990292071700	L2jMobius High Priority ScheduledThread 11	160	LOCAL_CANDIDATE	OFFLINE		topology.eligible	44131	42673	-3488
1096	100990292072100	L2jMobius High Priority ScheduledThread 11	175	LOCAL_CANDIDATE	OFFLINE		topology.eligible	44131	42673	-3488
1097	100990292072900	L2jMobius High Priority ScheduledThread 11	229	LOCAL_CANDIDATE	OFFLINE		topology.eligible	44131	42673	-3488
1098	100990292073200	L2jMobius High Priority ScheduledThread 11	242	LOCAL_CANDIDATE	OFFLINE		topology.eligible	44131	42673	-3488
1099	100990292200200	L2jMobius High Priority ScheduledThread 11	0	HUMAN_REFRESH_SUMMARY			bounded	1	9	0
1100	100990292300400	L2jMobius High Priority ScheduledThread 11	0	SCHED_LOCAL_SCAN	RUNNING		ready.queue	9	256	100990292299000
1101	100990391379900	L2jMobius High Priority ScheduledThread 5	0	SCHED_LOCAL_SCAN	RUNNING		ready.queue	47	256	100990391375600
1102	100990490357900	L2jMobius High Priority ScheduledThread 10	0	SCHED_LOCAL_SCAN	RUNNING		ready.queue	0	256	100990490355500
1103	100990590341600	L2jMobius High Priority ScheduledThread 15	0	SCHED_LOCAL_SCAN	RUNNING		ready.queue	8	256	100990590338900
1104	100990590412900	L2jMobius High Priority ScheduledThread 15	110	SCHED_LOCAL_SCAN	SLEEPING	ACTIVE	DEFERRED	5	1	100990491385200
1105	100990590420200	L2jMobius High Priority ScheduledThread 15	110	SCHED_LOCAL_PROMOTION_SELECTED	SLEEPING	ACTIVE	DEFERRED	5	100990590338900	0
1106	100990590423600	L2jMobius High Priority ScheduledThread 15	110	SCHED_BOUNDARY_PLAN	MATERIALIZE	ACTIVE	execute	5	0	0
1107	100990590425600	L2jMobius High Priority ScheduledThread 15	110	READY_PRESENCE_OFFLINE	OFFLINE	DEFERRED	presence.no_current_local_demand	0	0	0
1108	100990590432600	L2jMobius ScheduledThread 24	142	SCHED_BOUNDARY_PLAN	MATERIALIZE	ACTIVE	execute	5	0	0
1109	100990590435700	L2jMobius ScheduledThread 24	142	READY_PRESENCE_OFFLINE	OFFLINE	DEFERRED	presence.no_current_local_demand	0	0	0
1110	100990590437400	L2jMobius High Priority ScheduledThread 15	110	SCHED_BOUNDARY_RESULT	MATERIALIZE	DEFERRED	presence.no_current_local_demand	5	100990590338900	0
1111	100990590443400	L2jMobius High Priority ScheduledThread 15	142	SCHED_LOCAL_SCAN	SLEEPING	ACTIVE	PROMOTION_PENDING	5	20	100990491385200
1112	100990590446900	L2jMobius High Priority ScheduledThread 15	175	SCHED_LOCAL_SCAN	SLEEPING	ACTIVE	DEFERRED	3	1	100990491385200
1113	100990590448300	L2jMobius High Priority ScheduledThread 15	175	SCHED_LOCAL_PROMOTION_SELECTED	SLEEPING	ACTIVE	DEFERRED	3	100990590338900	0
1114	100990590451500	L2jMobius High Priority ScheduledThread 15	175	SCHED_BOUNDARY_PLAN	MATERIALIZE	ACTIVE	execute	3	0	0
1115	100990590451200	L2jMobius ScheduledThread 24	142	SCHED_BOUNDARY_RESULT	MATERIALIZE	DEFERRED	presence.no_current_local_demand	5	100990590288300	0
1116	100990590452500	L2jMobius High Priority ScheduledThread 15	175	READY_PRESENCE_OFFLINE	OFFLINE	DEFERRED	presence.no_current_local_demand	0	0	0
1117	100990590455100	L2jMobius High Priority ScheduledThread 15	175	SCHED_BOUNDARY_RESULT	MATERIALIZE	DEFERRED	presence.no_current_local_demand	3	100990590338900	0
1118	100990690303900	L2jMobius High Priority ScheduledThread 15	0	SCHED_LOCAL_SCAN	RUNNING		ready.queue	0	256	100990690299500
1119	100990791333700	L2jMobius High Priority ScheduledThread 6	0	SCHED_LOCAL_SCAN	RUNNING		ready.queue	18	256	100990791331200
1120	100990891291300	L2jMobius High Priority ScheduledThread 6	0	SCHED_LOCAL_SCAN	RUNNING		ready.queue	0	256	100990891270100
1121	100990990067600	L2jMobius High Priority ScheduledThread 6	0	SCHED_LOCAL_SCAN	RUNNING		ready.queue	0	256	100990990065500
1122	100991090105500	L2jMobius High Priority ScheduledThread 13	0	SCHED_LOCAL_SCAN	RUNNING		ready.queue	0	256	100991090099800
1123	100991190262500	L2jMobius High Priority ScheduledThread 13	0	SCHED_LOCAL_SCAN	RUNNING		ready.queue	8	256	100991190259200
1124	100991290103800	L2jMobius High Priority ScheduledThread 10	0	SCHED_LOCAL_SCAN	RUNNING		ready.queue	0	256	100991290100300
1125	100991390087500	L2jMobius High Priority ScheduledThread 8	0	HUMAN_REFRESH_BEGIN			local.pulse	1791245128656	9	0
1126	100991390293500	L2jMobius High Priority ScheduledThread 8	110	LOCAL_CANDIDATE	OFFLINE		topology.eligible	44131	42673	-3488
1127	100991390297300	L2jMobius High Priority ScheduledThread 8	129	LOCAL_CANDIDATE	OFFLINE		topology.eligible	44131	42673	-3488
1128	100991390298000	L2jMobius High Priority ScheduledThread 8	142	LOCAL_CANDIDATE	OFFLINE		topology.eligible	44131	42673	-3488
1129	100991390298300	L2jMobius High Priority ScheduledThread 8	151	LOCAL_CANDIDATE	OFFLINE		topology.eligible	44131	42673	-3488
1130	100991390298600	L2jMobius High Priority ScheduledThread 8	160	LOCAL_CANDIDATE	OFFLINE		topology.eligible	44131	42673	-3488
1131	100991390298900	L2jMobius High Priority ScheduledThread 8	175	LOCAL_CANDIDATE	OFFLINE		topology.eligible	44131	42673	-3488
1132	100991390299200	L2jMobius High Priority ScheduledThread 8	229	LOCAL_CANDIDATE	OFFLINE		topology.eligible	44131	42673	-3488
1133	100991390299600	L2jMobius High Priority ScheduledThread 8	242	LOCAL_CANDIDATE	OFFLINE		topology.eligible	44131	42673	-3488
1134	100991390373800	L2jMobius High Priority ScheduledThread 8	0	HUMAN_REFRESH_SUMMARY			bounded	1	9	0
1135	100991390450100	L2jMobius High Priority ScheduledThread 8	0	SCHED_LOCAL_SCAN	RUNNING		ready.queue	9	256	100991390448700
1136	100991490652400	L2jMobius High Priority ScheduledThread 7	0	SCHED_LOCAL_SCAN	RUNNING		ready.queue	48	256	100991490648500
1137	100991589600500	L2jMobius High Priority ScheduledThread 11	0	SCHED_LOCAL_SCAN	RUNNING		ready.queue	0	256	100991589597300
1138	100991594518900	L2jMobius ScheduledThread 21	142	SCHED_BOUNDARY_PLAN	MATERIALIZE	ACTIVE	execute	5	0	0
1139	100991594529900	L2jMobius ScheduledThread 21	142	READY_PRESENCE_OFFLINE	OFFLINE	DEFERRED	presence.no_current_local_demand	0	0	0
1140	100991594535500	L2jMobius ScheduledThread 21	142	SCHED_BOUNDARY_RESULT	MATERIALIZE	DEFERRED	presence.no_current_local_demand	5	100991590596300	0
1141	100991594547500	L2jMobius ScheduledThread 21	110	SCHED_BOUNDARY_PLAN	MATERIALIZE	ACTIVE	execute	5	0	0
1142	100991594548400	L2jMobius ScheduledThread 21	110	READY_PRESENCE_OFFLINE	OFFLINE	DEFERRED	presence.no_current_local_demand	0	0	0
1143	100991594550300	L2jMobius ScheduledThread 21	110	SCHED_BOUNDARY_RESULT	MATERIALIZE	DEFERRED	presence.no_current_local_demand	5	100991590596300	0
1144	100991594552100	L2jMobius ScheduledThread 21	175	SCHED_BOUNDARY_PLAN	MATERIALIZE	ACTIVE	execute	3	0	0
1145	100991594553000	L2jMobius ScheduledThread 21	175	READY_PRESENCE_OFFLINE	OFFLINE	DEFERRED	presence.no_current_local_demand	0	0	0
1146	100991594554700	L2jMobius ScheduledThread 21	175	SCHED_BOUNDARY_RESULT	MATERIALIZE	DEFERRED	presence.no_current_local_demand	3	100991590596300	0
1147	100991690925100	L2jMobius High Priority ScheduledThread 16	0	SCHED_LOCAL_SCAN	RUNNING		ready.queue	0	256	100991690922000
1148	100991789905500	L2jMobius High Priority ScheduledThread 12	0	SCHED_LOCAL_SCAN	RUNNING		ready.queue	3	256	100991789901600
1149	100991889991800	L2jMobius High Priority ScheduledThread 13	0	SCHED_LOCAL_SCAN	RUNNING		ready.queue	1	256	100991889980700
1150	100991989902800	L2jMobius High Priority ScheduledThread 10	0	SCHED_LOCAL_SCAN	RUNNING		ready.queue	0	256	100991989895800
1151	100992089929500	L2jMobius High Priority ScheduledThread 14	0	SCHED_LOCAL_SCAN	RUNNING		ready.queue	0	256	100992089923500
1152	100992190913100	L2jMobius High Priority ScheduledThread 4	0	SCHED_LOCAL_SCAN	RUNNING		ready.queue	17	256	100992190909700
1153	100992291281100	L2jMobius High Priority ScheduledThread 8	0	SCHED_LOCAL_SCAN	RUNNING		ready.queue	0	256	100992291278000
1154	100992389756000	L2jMobius High Priority ScheduledThread 6	0	SCHED_LOCAL_SCAN	RUNNING		ready.queue	0	256	100992389751800
1155	100992489750800	L2jMobius High Priority ScheduledThread 16	0	HUMAN_REFRESH_BEGIN			local.pulse	1791245129755	9	0
1156	100992489904400	L2jMobius High Priority ScheduledThread 16	110	LOCAL_CANDIDATE	OFFLINE		topology.eligible	44131	42673	-3488
1157	100992489908100	L2jMobius High Priority ScheduledThread 16	129	LOCAL_CANDIDATE	OFFLINE		topology.eligible	44131	42673	-3488
1158	100992489908900	L2jMobius High Priority ScheduledThread 16	142	LOCAL_CANDIDATE	OFFLINE		topology.eligible	44131	42673	-3488
1159	100992489909400	L2jMobius High Priority ScheduledThread 16	151	LOCAL_CANDIDATE	OFFLINE		topology.eligible	44131	42673	-3488
1160	100992489909700	L2jMobius High Priority ScheduledThread 16	160	LOCAL_CANDIDATE	OFFLINE		topology.eligible	44131	42673	-3488
1161	100992489910000	L2jMobius High Priority ScheduledThread 16	175	LOCAL_CANDIDATE	OFFLINE		topology.eligible	44131	42673	-3488
1162	100992489910600	L2jMobius High Priority ScheduledThread 16	229	LOCAL_CANDIDATE	OFFLINE		topology.eligible	44131	42673	-3488
1163	100992489911100	L2jMobius High Priority ScheduledThread 16	242	LOCAL_CANDIDATE	OFFLINE		topology.eligible	44131	42673	-3488
1164	100992489986600	L2jMobius High Priority ScheduledThread 16	0	HUMAN_REFRESH_SUMMARY			bounded	1	9	0
1165	100992490114800	L2jMobius High Priority ScheduledThread 16	0	SCHED_LOCAL_SCAN	RUNNING		ready.queue	10	256	100992490112800
1166	100992590809000	L2jMobius High Priority ScheduledThread 10	0	SCHED_LOCAL_SCAN	RUNNING		ready.queue	2	256	100992590800600
1167	100992591209300	L2jMobius High Priority ScheduledThread 10	142	SCHED_LOCAL_SCAN	SLEEPING	ACTIVE	DEFERRED	5	1	100992590596300
1168	100992591232100	L2jMobius High Priority ScheduledThread 10	142	SCHED_LOCAL_PROMOTION_SELECTED	SLEEPING	ACTIVE	DEFERRED	5	100992590800600	0
1169	100992591234000	L2jMobius High Priority ScheduledThread 10	142	SCHED_BOUNDARY_PLAN	MATERIALIZE	ACTIVE	execute	5	0	0
1170	100992591236200	L2jMobius High Priority ScheduledThread 10	142	READY_PRESENCE_OFFLINE	OFFLINE	DEFERRED	presence.no_current_local_demand	0	0	0
1171	100992591240500	L2jMobius High Priority ScheduledThread 10	142	SCHED_BOUNDARY_RESULT	MATERIALIZE	DEFERRED	presence.no_current_local_demand	5	100992590800600	0
1172	100992591252300	L2jMobius High Priority ScheduledThread 10	110	SCHED_LOCAL_SCAN	SLEEPING	ACTIVE	DEFERRED	5	1	100992590596300
1173	100992591253900	L2jMobius High Priority ScheduledThread 10	110	SCHED_LOCAL_PROMOTION_SELECTED	SLEEPING	ACTIVE	DEFERRED	5	100992590800600	0
1174	100992591254400	L2jMobius High Priority ScheduledThread 10	110	SCHED_BOUNDARY_PLAN	MATERIALIZE	ACTIVE	execute	5	0	0
1175	100992591256700	L2jMobius High Priority ScheduledThread 10	110	READY_PRESENCE_OFFLINE	OFFLINE	DEFERRED	presence.no_current_local_demand	0	0	0
1176	100992591260700	L2jMobius High Priority ScheduledThread 10	110	SCHED_BOUNDARY_RESULT	MATERIALIZE	DEFERRED	presence.no_current_local_demand	5	100992590800600	0
1177	100992591261700	L2jMobius High Priority ScheduledThread 10	175	SCHED_LOCAL_SCAN	SLEEPING	ACTIVE	DEFERRED	3	1	100992590596300
1178	100992591263900	L2jMobius High Priority ScheduledThread 10	175	SCHED_LOCAL_PROMOTION_SELECTED	SLEEPING	ACTIVE	DEFERRED	3	100992590800600	0
1179	100992591264400	L2jMobius High Priority ScheduledThread 10	175	SCHED_BOUNDARY_PLAN	MATERIALIZE	ACTIVE	execute	3	0	0
1180	100992591266000	L2jMobius High Priority ScheduledThread 10	175	READY_PRESENCE_OFFLINE	OFFLINE	DEFERRED	presence.no_current_local_demand	0	0	0
1181	100992591269000	L2jMobius High Priority ScheduledThread 10	175	SCHED_BOUNDARY_RESULT	MATERIALIZE	DEFERRED	presence.no_current_local_demand	3	100992590800600	0
1182	100992690906400	L2jMobius High Priority ScheduledThread 10	0	SCHED_LOCAL_SCAN	RUNNING		ready.queue	1	256	100992690901100
1183	100992789894600	L2jMobius High Priority ScheduledThread 14	0	SCHED_LOCAL_SCAN	RUNNING		ready.queue	2	256	100992789892400
1184	100992889975100	L2jMobius High Priority ScheduledThread 15	0	SCHED_LOCAL_SCAN	RUNNING		ready.queue	0	256	100992889968500
1185	100992989921500	L2jMobius High Priority ScheduledThread 8	0	SCHED_LOCAL_SCAN	RUNNING		ready.queue	15	256	100992989919400
1186	100993089993700	L2jMobius High Priority ScheduledThread 1	0	SCHED_LOCAL_SCAN	RUNNING		ready.queue	0	256	100993089979900
1187	100993190416500	L2jMobius High Priority ScheduledThread 1	0	SCHED_LOCAL_SCAN	RUNNING		ready.queue	0	256	100993190414200
1188	100993290542700	L2jMobius High Priority ScheduledThread 1	0	SCHED_LOCAL_SCAN	RUNNING		ready.queue	16	256	100993290536800
1189	100993390405000	L2jMobius High Priority ScheduledThread 5	0	SCHED_LOCAL_SCAN	RUNNING		ready.queue	0	256	100993390403200
1190	100993489514900	L2jMobius High Priority ScheduledThread 3	0	HUMAN_REFRESH_BEGIN			local.pulse	1791245130755	9	0
1191	100993489641500	L2jMobius High Priority ScheduledThread 3	110	LOCAL_CANDIDATE	OFFLINE		topology.eligible	44131	42673	-3488
1192	100993489644400	L2jMobius High Priority ScheduledThread 3	129	LOCAL_CANDIDATE	OFFLINE		topology.eligible	44131	42673	-3488
1193	100993489645600	L2jMobius High Priority ScheduledThread 3	142	LOCAL_CANDIDATE	OFFLINE		topology.eligible	44131	42673	-3488
1194	100993489646100	L2jMobius High Priority ScheduledThread 3	151	LOCAL_CANDIDATE	OFFLINE		topology.eligible	44131	42673	-3488
1195	100993489646400	L2jMobius High Priority ScheduledThread 3	160	LOCAL_CANDIDATE	OFFLINE		topology.eligible	44131	42673	-3488
1196	100993489646700	L2jMobius High Priority ScheduledThread 3	175	LOCAL_CANDIDATE	OFFLINE		topology.eligible	44131	42673	-3488
1197	100993489647100	L2jMobius High Priority ScheduledThread 3	229	LOCAL_CANDIDATE	OFFLINE		topology.eligible	44131	42673	-3488
1198	100993489647500	L2jMobius High Priority ScheduledThread 3	242	LOCAL_CANDIDATE	OFFLINE		topology.eligible	44131	42673	-3488
1199	100993489717000	L2jMobius High Priority ScheduledThread 3	0	HUMAN_REFRESH_SUMMARY			bounded	1	9	0
1200	100993489783000	L2jMobius High Priority ScheduledThread 3	0	SCHED_LOCAL_SCAN	RUNNING		ready.queue	9	256	100993489782100
1201	100993589518700	L2jMobius High Priority ScheduledThread 10	0	SCHED_LOCAL_SCAN	RUNNING		ready.queue	9	256	100993589516100
1202	100993691375900	L2jMobius High Priority ScheduledThread 2	0	SCHED_LOCAL_SCAN	RUNNING		ready.queue	0	256	100993691361900
1203	100993691789600	L2jMobius ScheduledThread 23	142	SCHED_BOUNDARY_PLAN	MATERIALIZE	ACTIVE	execute	5	0	0
1204	100993691795900	L2jMobius ScheduledThread 23	142	READY_PRESENCE_OFFLINE	OFFLINE	DEFERRED	presence.no_current_local_demand	0	0	0
1205	100993691799500	L2jMobius ScheduledThread 23	142	SCHED_BOUNDARY_RESULT	MATERIALIZE	DEFERRED	presence.no_current_local_demand	5	100993691378900	0
1206	100993691811300	L2jMobius ScheduledThread 23	110	SCHED_BOUNDARY_PLAN	MATERIALIZE	ACTIVE	execute	5	0	0
1207	100993691812400	L2jMobius ScheduledThread 23	110	READY_PRESENCE_OFFLINE	OFFLINE	DEFERRED	presence.no_current_local_demand	0	0	0
1208	100993691815400	L2jMobius ScheduledThread 23	110	SCHED_BOUNDARY_RESULT	MATERIALIZE	DEFERRED	presence.no_current_local_demand	5	100993691378900	0
1209	100993691817300	L2jMobius ScheduledThread 23	175	SCHED_BOUNDARY_PLAN	MATERIALIZE	ACTIVE	execute	3	0	0
1210	100993691818000	L2jMobius ScheduledThread 23	175	READY_PRESENCE_OFFLINE	OFFLINE	DEFERRED	presence.no_current_local_demand	0	0	0
1211	100993691820100	L2jMobius ScheduledThread 23	175	SCHED_BOUNDARY_RESULT	MATERIALIZE	DEFERRED	presence.no_current_local_demand	3	100993691378900	0
1212	100993790841600	L2jMobius High Priority ScheduledThread 9	0	SCHED_LOCAL_SCAN	RUNNING		ready.queue	0	256	100993790837600
1213	100993891021900	L2jMobius High Priority ScheduledThread 16	0	SCHED_LOCAL_SCAN	RUNNING		ready.queue	0	256	100993890998300
1214	100993990401100	L2jMobius High Priority ScheduledThread 1	0	SCHED_LOCAL_SCAN	RUNNING		ready.queue	13	256	100993990398200
1215	100994090385600	L2jMobius High Priority ScheduledThread 7	0	SCHED_LOCAL_SCAN	RUNNING		ready.queue	2	256	100994090383000
1216	100994190350100	L2jMobius High Priority ScheduledThread 7	0	SCHED_LOCAL_SCAN	RUNNING		ready.queue	0	256	100994190347200
1217	100994290815000	L2jMobius High Priority ScheduledThread 13	0	SCHED_LOCAL_SCAN	RUNNING		ready.queue	15	256	100994290809100
1218	100994390532700	L2jMobius High Priority ScheduledThread 10	0	SCHED_LOCAL_SCAN	RUNNING		ready.queue	1	256	100994390528800
1219	100994490101100	L2jMobius High Priority ScheduledThread 9	0	HUMAN_REFRESH_BEGIN			local.pulse	1791245131756	9	0
1220	100994490299900	L2jMobius High Priority ScheduledThread 9	110	LOCAL_CANDIDATE	OFFLINE		topology.eligible	44131	42673	-3488
1221	100994490308700	L2jMobius High Priority ScheduledThread 9	129	LOCAL_CANDIDATE	OFFLINE		topology.eligible	44131	42673	-3488
1222	100994490309700	L2jMobius High Priority ScheduledThread 9	142	LOCAL_CANDIDATE	OFFLINE		topology.eligible	44131	42673	-3488
1223	100994490310200	L2jMobius High Priority ScheduledThread 9	151	LOCAL_CANDIDATE	OFFLINE		topology.eligible	44131	42673	-3488
1224	100994490310700	L2jMobius High Priority ScheduledThread 9	160	LOCAL_CANDIDATE	OFFLINE		topology.eligible	44131	42673	-3488
1225	100994490311200	L2jMobius High Priority ScheduledThread 9	175	LOCAL_CANDIDATE	OFFLINE		topology.eligible	44131	42673	-3488
1226	100994490311600	L2jMobius High Priority ScheduledThread 9	229	LOCAL_CANDIDATE	OFFLINE		topology.eligible	44131	42673	-3488
1227	100994490312200	L2jMobius High Priority ScheduledThread 9	242	LOCAL_CANDIDATE	OFFLINE		topology.eligible	44131	42673	-3488
1228	100994490426000	L2jMobius High Priority ScheduledThread 9	0	HUMAN_REFRESH_SUMMARY			bounded	1	9	0
1229	100994490516700	L2jMobius High Priority ScheduledThread 9	0	SCHED_LOCAL_SCAN	RUNNING		ready.queue	9	256	100994490515800
1230	100994589640300	L2jMobius High Priority ScheduledThread 12	0	SCHED_LOCAL_SCAN	RUNNING		ready.queue	2	256	100994589633300
1231	100994689747300	L2jMobius High Priority ScheduledThread 4	0	SCHED_LOCAL_SCAN	RUNNING		ready.queue	0	256	100994689738000
1232	100994789611100	L2jMobius High Priority ScheduledThread 4	0	SCHED_LOCAL_SCAN	RUNNING		ready.queue	55	256	100994789607700
1233	100994789669000	L2jMobius High Priority ScheduledThread 4	142	SCHED_LOCAL_SCAN	SLEEPING	ACTIVE	DEFERRED	5	1	100994691378900
1234	100994789677100	L2jMobius High Priority ScheduledThread 4	142	SCHED_LOCAL_PROMOTION_SELECTED	SLEEPING	ACTIVE	DEFERRED	5	100994789607700	0
1235	100994789680300	L2jMobius High Priority ScheduledThread 4	142	SCHED_BOUNDARY_PLAN	MATERIALIZE	ACTIVE	execute	5	0	0
1236	100994789682700	L2jMobius High Priority ScheduledThread 4	142	READY_PRESENCE_OFFLINE	OFFLINE	DEFERRED	presence.no_current_local_demand	0	0	0
1237	100994789686100	L2jMobius High Priority ScheduledThread 4	142	SCHED_BOUNDARY_RESULT	MATERIALIZE	DEFERRED	presence.no_current_local_demand	5	100994789607700	0
1238	100994789709300	L2jMobius High Priority ScheduledThread 4	110	SCHED_LOCAL_SCAN	SLEEPING	ACTIVE	DEFERRED	5	1	100994691378900
1239	100994789710800	L2jMobius High Priority ScheduledThread 4	110	SCHED_LOCAL_PROMOTION_SELECTED	SLEEPING	ACTIVE	DEFERRED	5	100994789607700	0
1240	100994789711800	L2jMobius High Priority ScheduledThread 4	110	SCHED_BOUNDARY_PLAN	MATERIALIZE	ACTIVE	execute	5	0	0
1241	100994789713000	L2jMobius High Priority ScheduledThread 4	110	READY_PRESENCE_OFFLINE	OFFLINE	DEFERRED	presence.no_current_local_demand	0	0	0
1242	100994789713300	L2jMobius ScheduledThread 10	175	SCHED_BOUNDARY_PLAN	MATERIALIZE	ACTIVE	execute	3	0	0
1243	100994789727000	L2jMobius High Priority ScheduledThread 4	110	SCHED_BOUNDARY_RESULT	MATERIALIZE	DEFERRED	presence.no_current_local_demand	5	100994789607700	0
1244	100994789728900	L2jMobius High Priority ScheduledThread 4	175	SCHED_LOCAL_SCAN	SLEEPING	ACTIVE	PROMOTION_PENDING	3	20	100994691378900
1245	100994789729700	L2jMobius ScheduledThread 10	175	READY_PRESENCE_OFFLINE	OFFLINE	DEFERRED	presence.no_current_local_demand	0	0	0
1246	100994789734600	L2jMobius ScheduledThread 10	175	SCHED_BOUNDARY_RESULT	MATERIALIZE	DEFERRED	presence.no_current_local_demand	3	100994789549900	0
1247	100994789773600	L2jMobius High Priority ScheduledThread 4	110	SCHED_LOCAL_PROMOTION_SELECTED	SLEEPING	ACTIVE	DEFERRED	5	100994789607700	0
1248	100994789774000	L2jMobius High Priority ScheduledThread 4	110	SCHED_BOUNDARY_PLAN	NO_PLAN	ACTIVE	DEFERRED	5	100995789607700	100994789607700
1249	100994889652400	L2jMobius High Priority ScheduledThread 4	0	SCHED_LOCAL_SCAN	RUNNING		ready.queue	1	256	100994889643600
1250	100994990252100	L2jMobius High Priority ScheduledThread 4	0	SCHED_LOCAL_SCAN	RUNNING		ready.queue	1	256	100994990250000
1251	100995089813500	L2jMobius High Priority ScheduledThread 6	0	SCHED_LOCAL_SCAN	RUNNING		ready.queue	13	256	100995089810900
1252	100995191177100	L2jMobius High Priority ScheduledThread 6	0	SCHED_LOCAL_SCAN	RUNNING		ready.queue	0	256	100995191174600
1253	100995290226200	L2jMobius High Priority ScheduledThread 6	0	SCHED_LOCAL_SCAN	RUNNING		ready.queue	0	256	100995290220000
1254	100995390232400	L2jMobius High Priority ScheduledThread 1	0	SCHED_LOCAL_SCAN	RUNNING		ready.queue	0	256	100995390228400
1255	100995490250500	L2jMobius High Priority ScheduledThread 3	0	HUMAN_REFRESH_BEGIN			local.pulse	1791245132756	9	0
1256	100995490397600	L2jMobius High Priority ScheduledThread 3	110	LOCAL_CANDIDATE	OFFLINE		topology.eligible	44131	42673	-3488
1257	100995490401600	L2jMobius High Priority ScheduledThread 3	129	LOCAL_CANDIDATE	OFFLINE		topology.eligible	44131	42673	-3488
1258	100995490402400	L2jMobius High Priority ScheduledThread 3	142	LOCAL_CANDIDATE	OFFLINE		topology.eligible	44131	42673	-3488
1259	100995490403000	L2jMobius High Priority ScheduledThread 3	151	LOCAL_CANDIDATE	OFFLINE		topology.eligible	44131	42673	-3488
1260	100995490403500	L2jMobius High Priority ScheduledThread 3	160	LOCAL_CANDIDATE	OFFLINE		topology.eligible	44131	42673	-3488
1261	100995490403900	L2jMobius High Priority ScheduledThread 3	175	LOCAL_CANDIDATE	OFFLINE		topology.eligible	44131	42673	-3488
1262	100995490404300	L2jMobius High Priority ScheduledThread 3	229	LOCAL_CANDIDATE	OFFLINE		topology.eligible	44131	42673	-3488
1263	100995490404800	L2jMobius High Priority ScheduledThread 3	242	LOCAL_CANDIDATE	OFFLINE		topology.eligible	44131	42673	-3488
1264	100995490487500	L2jMobius High Priority ScheduledThread 3	0	HUMAN_REFRESH_SUMMARY			bounded	1	9	0
1265	100995490575500	L2jMobius High Priority ScheduledThread 3	0	SCHED_LOCAL_SCAN	RUNNING		ready.queue	9	256	100995490574100
1266	100995591244200	L2jMobius High Priority ScheduledThread 14	0	SCHED_LOCAL_SCAN	RUNNING		ready.queue	2	256	100995591240700
1267	100995690358600	L2jMobius High Priority ScheduledThread 14	0	SCHED_LOCAL_SCAN	RUNNING		ready.queue	1	256	100995690304100
1268	100995790238000	L2jMobius High Priority ScheduledThread 11	0	SCHED_LOCAL_SCAN	RUNNING		ready.queue	0	256	100995790235000
1269	100995791393300	L2jMobius ScheduledThread 23	175	SCHED_BOUNDARY_PLAN	MATERIALIZE	ACTIVE	execute	3	0	0
1270	100995791401600	L2jMobius ScheduledThread 23	175	READY_PRESENCE_OFFLINE	OFFLINE	DEFERRED	presence.no_current_local_demand	0	0	0
1271	100995791405900	L2jMobius ScheduledThread 23	175	SCHED_BOUNDARY_RESULT	MATERIALIZE	DEFERRED	presence.no_current_local_demand	3	100995791239000	0
1272	100995802953400	L2jMobius ScheduledThread 23	142	SCHED_BOUNDARY_PLAN	MATERIALIZE	ACTIVE	execute	5	0	0
1273	100995802960500	L2jMobius ScheduledThread 23	142	READY_PRESENCE_OFFLINE	OFFLINE	DEFERRED	presence.no_current_local_demand	0	0	0
1274	100995802964200	L2jMobius ScheduledThread 23	142	SCHED_BOUNDARY_RESULT	MATERIALIZE	DEFERRED	presence.no_current_local_demand	5	100995791239000	0
1275	100995802974900	L2jMobius ScheduledThread 23	110	SCHED_BOUNDARY_PLAN	MATERIALIZE	ACTIVE	execute	5	0	0
1276	100995802975700	L2jMobius ScheduledThread 23	110	READY_PRESENCE_OFFLINE	OFFLINE	DEFERRED	presence.no_current_local_demand	0	0	0
1277	100995802977200	L2jMobius ScheduledThread 23	110	SCHED_BOUNDARY_RESULT	MATERIALIZE	DEFERRED	presence.no_current_local_demand	5	100995791239000	0
1278	100995891266500	L2jMobius High Priority ScheduledThread 5	0	SCHED_LOCAL_SCAN	RUNNING		ready.queue	0	256	100995891264100
1279	100995990251100	L2jMobius High Priority ScheduledThread 5	0	SCHED_LOCAL_SCAN	RUNNING		ready.queue	0	256	100995990244900
1280	100996091236400	L2jMobius High Priority ScheduledThread 2	0	SCHED_LOCAL_SCAN	RUNNING		ready.queue	0	256	100996091234600
1281	100996190132800	L2jMobius High Priority ScheduledThread 2	0	SCHED_LOCAL_SCAN	RUNNING		ready.queue	0	256	100996190130000
1282	100996291081700	L2jMobius High Priority ScheduledThread 13	0	SCHED_LOCAL_SCAN	RUNNING		ready.queue	0	256	100996291080100
1283	100996390157300	L2jMobius High Priority ScheduledThread 4	0	SCHED_LOCAL_SCAN	RUNNING		ready.queue	16	256	100996390154800
1284	100996490141400	L2jMobius High Priority ScheduledThread 14	0	HUMAN_REFRESH_BEGIN			local.pulse	1791245133756	9	0
1285	100996490290200	L2jMobius High Priority ScheduledThread 14	110	LOCAL_CANDIDATE	OFFLINE		topology.eligible	44131	42673	-3488
1286	100996490294200	L2jMobius High Priority ScheduledThread 14	129	LOCAL_CANDIDATE	OFFLINE		topology.eligible	44131	42673	-3488
1287	100996490294800	L2jMobius High Priority ScheduledThread 14	142	LOCAL_CANDIDATE	OFFLINE		topology.eligible	44131	42673	-3488
1288	100996490295300	L2jMobius High Priority ScheduledThread 14	151	LOCAL_CANDIDATE	OFFLINE		topology.eligible	44131	42673	-3488
1289	100996490295800	L2jMobius High Priority ScheduledThread 14	160	LOCAL_CANDIDATE	OFFLINE		topology.eligible	44131	42673	-3488
1290	100996490296200	L2jMobius High Priority ScheduledThread 14	175	LOCAL_CANDIDATE	OFFLINE		topology.eligible	44131	42673	-3488
1291	100996490297300	L2jMobius High Priority ScheduledThread 14	229	LOCAL_CANDIDATE	OFFLINE		topology.eligible	44131	42673	-3488
1292	100996490297800	L2jMobius High Priority ScheduledThread 14	242	LOCAL_CANDIDATE	OFFLINE		topology.eligible	44131	42673	-3488
1293	100996490379100	L2jMobius High Priority ScheduledThread 14	0	HUMAN_REFRESH_SUMMARY			bounded	1	9	0
1294	100996490472100	L2jMobius High Priority ScheduledThread 14	0	SCHED_LOCAL_SCAN	RUNNING		ready.queue	9	256	100996490470900
1295	100996591050800	L2jMobius High Priority ScheduledThread 9	0	SCHED_LOCAL_SCAN	RUNNING		ready.queue	1	256	100996591047800
1296	100996691367500	L2jMobius High Priority ScheduledThread 10	0	SCHED_LOCAL_SCAN	RUNNING		ready.queue	0	256	100996691362500
1297	100996790316100	L2jMobius High Priority ScheduledThread 1	0	SCHED_LOCAL_SCAN	RUNNING		ready.queue	0	256	100996790313300
1298	100996890313300	L2jMobius High Priority ScheduledThread 1	0	SCHED_LOCAL_SCAN	RUNNING		ready.queue	0	256	100996890310300
1299	100996890431700	L2jMobius ScheduledThread 29	175	SCHED_BOUNDARY_PLAN	MATERIALIZE	ACTIVE	execute	3	0	0
1300	100996890436200	L2jMobius ScheduledThread 29	175	READY_PRESENCE_OFFLINE	OFFLINE	DEFERRED	presence.no_current_local_demand	0	0	0
1301	100996890439000	L2jMobius ScheduledThread 29	175	SCHED_BOUNDARY_RESULT	MATERIALIZE	DEFERRED	presence.no_current_local_demand	3	100996890327300	0
1302	100996901204100	L2jMobius ScheduledThread 29	142	SCHED_BOUNDARY_PLAN	MATERIALIZE	ACTIVE	execute	5	0	0
1303	100996901228100	L2jMobius ScheduledThread 29	142	READY_PRESENCE_OFFLINE	OFFLINE	DEFERRED	presence.no_current_local_demand	0	0	0
1304	100996901241400	L2jMobius ScheduledThread 29	142	SCHED_BOUNDARY_RESULT	MATERIALIZE	DEFERRED	presence.no_current_local_demand	5	100996890327300	0
1305	100996901283700	L2jMobius ScheduledThread 29	110	SCHED_BOUNDARY_PLAN	MATERIALIZE	ACTIVE	execute	5	0	0
1306	100996901286200	L2jMobius ScheduledThread 29	110	READY_PRESENCE_OFFLINE	OFFLINE	DEFERRED	presence.no_current_local_demand	0	0	0
1307	100996901290300	L2jMobius ScheduledThread 29	110	SCHED_BOUNDARY_RESULT	MATERIALIZE	DEFERRED	presence.no_current_local_demand	5	100996890327300	0
1308	100996991374000	L2jMobius High Priority ScheduledThread 1	0	SCHED_LOCAL_SCAN	RUNNING		ready.queue	0	256	100996991370300
1309	100997090349800	L2jMobius High Priority ScheduledThread 8	0	SCHED_LOCAL_SCAN	RUNNING		ready.queue	0	256	100997090346200
1310	100997190302900	L2jMobius High Priority ScheduledThread 8	0	SCHED_LOCAL_SCAN	RUNNING		ready.queue	0	256	100997190301200
1311	100997289938100	L2jMobius High Priority ScheduledThread 4	0	SCHED_LOCAL_SCAN	RUNNING		ready.queue	0	256	100997289936500
1312	100997390943200	L2jMobius High Priority ScheduledThread 6	0	SCHED_LOCAL_SCAN	RUNNING		ready.queue	0	256	100997390940300
1313	100997491032900	L2jMobius High Priority ScheduledThread 6	0	HUMAN_REFRESH_BEGIN			local.pulse	1791245134757	9	0
1314	100997491161100	L2jMobius High Priority ScheduledThread 6	110	LOCAL_CANDIDATE	OFFLINE		topology.eligible	44131	42673	-3488
1315	100997491164400	L2jMobius High Priority ScheduledThread 6	129	LOCAL_CANDIDATE	OFFLINE		topology.eligible	44131	42673	-3488
1316	100997491165000	L2jMobius High Priority ScheduledThread 6	142	LOCAL_CANDIDATE	OFFLINE		topology.eligible	44131	42673	-3488
1317	100997491165400	L2jMobius High Priority ScheduledThread 6	151	LOCAL_CANDIDATE	OFFLINE		topology.eligible	44131	42673	-3488
1318	100997491165800	L2jMobius High Priority ScheduledThread 6	160	LOCAL_CANDIDATE	OFFLINE		topology.eligible	44131	42673	-3488
1319	100997491166100	L2jMobius High Priority ScheduledThread 6	175	LOCAL_CANDIDATE	OFFLINE		topology.eligible	44131	42673	-3488
1320	100997491166500	L2jMobius High Priority ScheduledThread 6	229	LOCAL_CANDIDATE	OFFLINE		topology.eligible	44131	42673	-3488
1321	100997491166800	L2jMobius High Priority ScheduledThread 6	242	LOCAL_CANDIDATE	OFFLINE		topology.eligible	44131	42673	-3488
1322	100997491246700	L2jMobius High Priority ScheduledThread 6	0	HUMAN_REFRESH_SUMMARY			bounded	1	9	0
1323	100997491325600	L2jMobius High Priority ScheduledThread 6	0	SCHED_LOCAL_SCAN	RUNNING		ready.queue	24	256	100997491324200
1324	100997591108900	L2jMobius High Priority ScheduledThread 3	0	SCHED_LOCAL_SCAN	RUNNING		ready.queue	1	256	100997591098500
1325	100997691099400	L2jMobius High Priority ScheduledThread 3	0	SCHED_LOCAL_SCAN	RUNNING		ready.queue	0	256	100997691094600
1326	100997791266900	L2jMobius High Priority ScheduledThread 12	0	SCHED_LOCAL_SCAN	RUNNING		ready.queue	1	256	100997791256400
1327	100997890098800	L2jMobius High Priority ScheduledThread 12	0	SCHED_LOCAL_SCAN	RUNNING		ready.queue	1	256	100997890094100
1328	100997990223300	L2jMobius High Priority ScheduledThread 12	0	SCHED_LOCAL_SCAN	RUNNING		ready.queue	0	256	100997990220000
1329	100997990342000	L2jMobius ScheduledThread 32	175	SCHED_BOUNDARY_PLAN	MATERIALIZE	ACTIVE	execute	3	0	0
1330	100997990353800	L2jMobius ScheduledThread 32	175	READY_PRESENCE_OFFLINE	OFFLINE	DEFERRED	presence.no_current_local_demand	0	0	0
1331	100997990357100	L2jMobius ScheduledThread 32	175	SCHED_BOUNDARY_RESULT	MATERIALIZE	DEFERRED	presence.no_current_local_demand	3	100997990232000	0
1332	100998000765900	L2jMobius ScheduledThread 32	142	SCHED_BOUNDARY_PLAN	MATERIALIZE	ACTIVE	execute	5	0	0
1333	100998000772500	L2jMobius ScheduledThread 32	142	READY_PRESENCE_OFFLINE	OFFLINE	DEFERRED	presence.no_current_local_demand	0	0	0
1334	100998000776300	L2jMobius ScheduledThread 32	142	SCHED_BOUNDARY_RESULT	MATERIALIZE	DEFERRED	presence.no_current_local_demand	5	100997990232000	0
1335	100998000792600	L2jMobius ScheduledThread 32	110	SCHED_BOUNDARY_PLAN	MATERIALIZE	ACTIVE	execute	5	0	0
1336	100998000794500	L2jMobius ScheduledThread 32	110	READY_PRESENCE_OFFLINE	OFFLINE	DEFERRED	presence.no_current_local_demand	0	0	0
1337	100998000796400	L2jMobius ScheduledThread 32	110	SCHED_BOUNDARY_RESULT	MATERIALIZE	DEFERRED	presence.no_current_local_demand	5	100997990232000	0
1338	100998090253000	L2jMobius High Priority ScheduledThread 5	0	SCHED_LOCAL_SCAN	RUNNING		ready.queue	0	256	100998090250300
1339	100998190296600	L2jMobius High Priority ScheduledThread 5	0	SCHED_LOCAL_SCAN	RUNNING		ready.queue	0	256	100998190293200
1340	100998290285700	L2jMobius High Priority ScheduledThread 10	0	SCHED_LOCAL_SCAN	RUNNING		ready.queue	13	256	100998290281600
1341	100998390258400	L2jMobius High Priority ScheduledThread 16	0	SCHED_LOCAL_SCAN	RUNNING		ready.queue	3	256	100998390256000
1342	100998491248800	L2jMobius High Priority ScheduledThread 3	0	HUMAN_REFRESH_BEGIN			local.pulse	1791245135757	9	0
1343	100998491516300	L2jMobius High Priority ScheduledThread 3	110	LOCAL_CANDIDATE	OFFLINE		topology.eligible	44131	42673	-3488
1344	100998491520600	L2jMobius High Priority ScheduledThread 3	129	LOCAL_CANDIDATE	OFFLINE		topology.eligible	44131	42673	-3488
1345	100998491521500	L2jMobius High Priority ScheduledThread 3	142	LOCAL_CANDIDATE	OFFLINE		topology.eligible	44131	42673	-3488
1346	100998491522000	L2jMobius High Priority ScheduledThread 3	151	LOCAL_CANDIDATE	OFFLINE		topology.eligible	44131	42673	-3488
1347	100998491522900	L2jMobius High Priority ScheduledThread 3	160	LOCAL_CANDIDATE	OFFLINE		topology.eligible	44131	42673	-3488
1348	100998491523400	L2jMobius High Priority ScheduledThread 3	175	LOCAL_CANDIDATE	OFFLINE		topology.eligible	44131	42673	-3488
1349	100998491523900	L2jMobius High Priority ScheduledThread 3	229	LOCAL_CANDIDATE	OFFLINE		topology.eligible	44131	42673	-3488
1350	100998491524400	L2jMobius High Priority ScheduledThread 3	242	LOCAL_CANDIDATE	OFFLINE		topology.eligible	44131	42673	-3488
1351	100998491657200	L2jMobius High Priority ScheduledThread 3	0	HUMAN_REFRESH_SUMMARY			bounded	1	9	0
1352	100998491777200	L2jMobius High Priority ScheduledThread 3	0	SCHED_LOCAL_SCAN	RUNNING		ready.queue	9	256	100998491776000
1353	100998590527000	L2jMobius High Priority ScheduledThread 14	0	SCHED_LOCAL_SCAN	RUNNING		ready.queue	26	256	100998590519600
1354	100998690253500	L2jMobius High Priority ScheduledThread 4	0	SCHED_LOCAL_SCAN	RUNNING		ready.queue	0	256	100998690249800
1355	100998791307700	L2jMobius High Priority ScheduledThread 4	0	SCHED_LOCAL_SCAN	RUNNING		ready.queue	1	256	100998791302900
1356	100998890282300	L2jMobius High Priority ScheduledThread 4	0	SCHED_LOCAL_SCAN	RUNNING		ready.queue	2	256	100998890278200
1357	100998990471400	L2jMobius High Priority ScheduledThread 4	0	SCHED_LOCAL_SCAN	RUNNING		ready.queue	0	256	100998990461800
1358	100998990620500	L2jMobius ScheduledThread 13	175	SCHED_BOUNDARY_PLAN	MATERIALIZE	ACTIVE	execute	3	0	0
1359	100998990625900	L2jMobius ScheduledThread 13	175	READY_PRESENCE_OFFLINE	OFFLINE	DEFERRED	presence.no_current_local_demand	0	0	0
1360	100998990629300	L2jMobius ScheduledThread 13	175	SCHED_BOUNDARY_RESULT	MATERIALIZE	DEFERRED	presence.no_current_local_demand	3	100998990485800	0
1361	100999000954900	L2jMobius ScheduledThread 13	142	SCHED_BOUNDARY_PLAN	MATERIALIZE	ACTIVE	execute	5	0	0
1362	100999000961500	L2jMobius ScheduledThread 13	142	READY_PRESENCE_OFFLINE	OFFLINE	DEFERRED	presence.no_current_local_demand	0	0	0
1363	100999000965400	L2jMobius ScheduledThread 13	142	SCHED_BOUNDARY_RESULT	MATERIALIZE	DEFERRED	presence.no_current_local_demand	5	100998990485800	0
1364	100999000975500	L2jMobius ScheduledThread 13	110	SCHED_BOUNDARY_PLAN	MATERIALIZE	ACTIVE	execute	5	0	0
1365	100999000976300	L2jMobius ScheduledThread 13	110	READY_PRESENCE_OFFLINE	OFFLINE	DEFERRED	presence.no_current_local_demand	0	0	0
1366	100999000977800	L2jMobius ScheduledThread 13	110	SCHED_BOUNDARY_RESULT	MATERIALIZE	DEFERRED	presence.no_current_local_demand	5	100998990485800	0
1367	100999090470100	L2jMobius High Priority ScheduledThread 16	0	SCHED_LOCAL_SCAN	RUNNING		ready.queue	0	256	100999090421300
1368	100999190049300	L2jMobius High Priority ScheduledThread 3	0	SCHED_LOCAL_SCAN	RUNNING		ready.queue	0	256	100999190046700
1369	100999290012300	L2jMobius High Priority ScheduledThread 11	0	SCHED_LOCAL_SCAN	RUNNING		ready.queue	0	256	100999290008800
1370	100999391036500	L2jMobius High Priority ScheduledThread 14	0	SCHED_LOCAL_SCAN	RUNNING		ready.queue	0	256	100999391033000
1371	100999491113100	L2jMobius High Priority ScheduledThread 13	0	HUMAN_REFRESH_BEGIN			local.pulse	1791245136757	9	0
1372	100999491230300	L2jMobius High Priority ScheduledThread 13	110	LOCAL_CANDIDATE	OFFLINE		topology.eligible	44131	42673	-3488
1373	100999491234800	L2jMobius High Priority ScheduledThread 13	129	LOCAL_CANDIDATE	OFFLINE		topology.eligible	44131	42673	-3488
1374	100999491236000	L2jMobius High Priority ScheduledThread 13	142	LOCAL_CANDIDATE	OFFLINE		topology.eligible	44131	42673	-3488
1375	100999491236700	L2jMobius High Priority ScheduledThread 13	151	LOCAL_CANDIDATE	OFFLINE		topology.eligible	44131	42673	-3488
1376	100999491237100	L2jMobius High Priority ScheduledThread 13	160	LOCAL_CANDIDATE	OFFLINE		topology.eligible	44131	42673	-3488
1377	100999491237500	L2jMobius High Priority ScheduledThread 13	175	LOCAL_CANDIDATE	OFFLINE		topology.eligible	44131	42673	-3488
1378	100999491237900	L2jMobius High Priority ScheduledThread 13	229	LOCAL_CANDIDATE	OFFLINE		topology.eligible	44131	42673	-3488
1379	100999491238400	L2jMobius High Priority ScheduledThread 13	242	LOCAL_CANDIDATE	OFFLINE		topology.eligible	44131	42673	-3488
1380	100999491314900	L2jMobius High Priority ScheduledThread 13	0	HUMAN_REFRESH_SUMMARY			bounded	1	9	0
1381	100999491385500	L2jMobius High Priority ScheduledThread 13	0	SCHED_LOCAL_SCAN	RUNNING		ready.queue	9	256	100999491384500
1382	100999591192300	L2jMobius High Priority ScheduledThread 1	0	SCHED_LOCAL_SCAN	RUNNING		ready.queue	10	256	100999591187400
1383	100999690138800	L2jMobius High Priority ScheduledThread 1	0	SCHED_LOCAL_SCAN	RUNNING		ready.queue	0	256	100999690135900
1384	100999790105100	L2jMobius High Priority ScheduledThread 1	0	SCHED_LOCAL_SCAN	RUNNING		ready.queue	0	256	100999790102300
1385	100999890144300	L2jMobius High Priority ScheduledThread 1	0	SCHED_LOCAL_SCAN	RUNNING		ready.queue	0	256	100999890141100
1386	100999991162600	L2jMobius High Priority ScheduledThread 1	0	SCHED_LOCAL_SCAN	RUNNING		ready.queue	0	256	100999991160900
1387	101000090227500	L2jMobius High Priority ScheduledThread 12	0	SCHED_LOCAL_SCAN	RUNNING		ready.queue	56	256	101000090224800
1388	101000090292900	L2jMobius High Priority ScheduledThread 12	175	SCHED_LOCAL_SCAN	SLEEPING	ACTIVE	DEFERRED	3	1	100999990485800
1389	101000090301300	L2jMobius High Priority ScheduledThread 12	175	SCHED_LOCAL_PROMOTION_SELECTED	SLEEPING	ACTIVE	DEFERRED	3	101000090224800	0
1390	101000090305000	L2jMobius High Priority ScheduledThread 12	175	SCHED_BOUNDARY_PLAN	MATERIALIZE	ACTIVE	execute	3	0	0
1391	101000090307000	L2jMobius High Priority ScheduledThread 12	175	READY_PRESENCE_OFFLINE	OFFLINE	DEFERRED	presence.no_current_local_demand	0	0	0
1392	101000090330200	L2jMobius High Priority ScheduledThread 12	175	SCHED_BOUNDARY_RESULT	MATERIALIZE	DEFERRED	presence.no_current_local_demand	3	101000090224800	0
1393	101000090375000	L2jMobius High Priority ScheduledThread 12	142	SCHED_LOCAL_SCAN	SLEEPING	ACTIVE	DEFERRED	5	1	100999990485800
1394	101000090376600	L2jMobius High Priority ScheduledThread 12	142	SCHED_LOCAL_PROMOTION_SELECTED	SLEEPING	ACTIVE	DEFERRED	5	101000090224800	0
1395	101000090377800	L2jMobius High Priority ScheduledThread 12	142	SCHED_BOUNDARY_PLAN	MATERIALIZE	ACTIVE	execute	5	0	0
1396	101000090379300	L2jMobius High Priority ScheduledThread 12	142	READY_PRESENCE_OFFLINE	OFFLINE	DEFERRED	presence.no_current_local_demand	0	0	0
1397	101000090381000	L2jMobius High Priority ScheduledThread 12	142	SCHED_BOUNDARY_RESULT	MATERIALIZE	DEFERRED	presence.no_current_local_demand	5	101000090224800	0
1398	101000090389300	L2jMobius High Priority ScheduledThread 12	110	SCHED_LOCAL_SCAN	SLEEPING	ACTIVE	DEFERRED	5	1	100999990485800
1399	101000090390300	L2jMobius High Priority ScheduledThread 12	110	SCHED_LOCAL_PROMOTION_SELECTED	SLEEPING	ACTIVE	DEFERRED	5	101000090224800	0
1400	101000090390800	L2jMobius High Priority ScheduledThread 12	110	SCHED_BOUNDARY_PLAN	MATERIALIZE	ACTIVE	execute	5	0	0
1401	101000090391500	L2jMobius High Priority ScheduledThread 12	110	READY_PRESENCE_OFFLINE	OFFLINE	DEFERRED	presence.no_current_local_demand	0	0	0
1402	101000090392900	L2jMobius High Priority ScheduledThread 12	110	SCHED_BOUNDARY_RESULT	MATERIALIZE	DEFERRED	presence.no_current_local_demand	5	101000090224800	0
1403	101000090398600	L2jMobius High Priority ScheduledThread 12	175	SCHED_LOCAL_PROMOTION_SELECTED	SLEEPING	ACTIVE	DEFERRED	3	101000090224800	0
1404	101000090399000	L2jMobius High Priority ScheduledThread 12	175	SCHED_BOUNDARY_PLAN	NO_PLAN	ACTIVE	DEFERRED	3	101001090224800	101000090224800
1405	101000189692000	L2jMobius High Priority ScheduledThread 12	0	SCHED_LOCAL_SCAN	RUNNING		ready.queue	0	256	101000189679700
1406	101000289599700	L2jMobius High Priority ScheduledThread 14	0	SCHED_LOCAL_SCAN	RUNNING		ready.queue	0	256	101000289597200
1407	101000389641800	L2jMobius High Priority ScheduledThread 10	0	SCHED_LOCAL_SCAN	RUNNING		ready.queue	0	256	101000389639700
1408	101000491191900	L2jMobius High Priority ScheduledThread 2	0	HUMAN_REFRESH_BEGIN			local.pulse	1791245137757	9	0
1409	101000491361900	L2jMobius High Priority ScheduledThread 2	110	LOCAL_CANDIDATE	OFFLINE		topology.eligible	44131	42673	-3488
1410	101000491366600	L2jMobius High Priority ScheduledThread 2	129	LOCAL_CANDIDATE	OFFLINE		topology.eligible	44131	42673	-3488
1411	101000491367200	L2jMobius High Priority ScheduledThread 2	142	LOCAL_CANDIDATE	OFFLINE		topology.eligible	44131	42673	-3488
1412	101000491367800	L2jMobius High Priority ScheduledThread 2	151	LOCAL_CANDIDATE	OFFLINE		topology.eligible	44131	42673	-3488
1413	101000491368300	L2jMobius High Priority ScheduledThread 2	160	LOCAL_CANDIDATE	OFFLINE		topology.eligible	44131	42673	-3488
1414	101000491368700	L2jMobius High Priority ScheduledThread 2	175	LOCAL_CANDIDATE	OFFLINE		topology.eligible	44131	42673	-3488
1415	101000491369200	L2jMobius High Priority ScheduledThread 2	229	LOCAL_CANDIDATE	OFFLINE		topology.eligible	44131	42673	-3488
1416	101000491369700	L2jMobius High Priority ScheduledThread 2	242	LOCAL_CANDIDATE	OFFLINE		topology.eligible	44131	42673	-3488
1417	101000491592500	L2jMobius High Priority ScheduledThread 2	0	HUMAN_REFRESH_SUMMARY			bounded	1	9	0
1418	101000491791300	L2jMobius High Priority ScheduledThread 2	0	SCHED_LOCAL_SCAN	RUNNING		ready.queue	9	256	101000491787300
1419	101000590198900	L2jMobius High Priority ScheduledThread 3	0	SCHED_LOCAL_SCAN	RUNNING		ready.queue	9	256	101000590196100
1420	101000689971600	L2jMobius High Priority ScheduledThread 3	0	SCHED_LOCAL_SCAN	RUNNING		ready.queue	17	256	101000689969700
1421	101000789997700	L2jMobius High Priority ScheduledThread 3	0	SCHED_LOCAL_SCAN	RUNNING		ready.queue	0	256	101000789991600
1422	101000890966000	L2jMobius High Priority ScheduledThread 3	0	SCHED_LOCAL_SCAN	RUNNING		ready.queue	0	256	101000890961700
1423	101000991101200	L2jMobius High Priority ScheduledThread 3	0	SCHED_LOCAL_SCAN	RUNNING		ready.queue	0	256	101000991097500
