source_family	coverage_key	entrance_status	entrance_kind	outside_anchor	inside_anchor	door_ids	door_default_statuses	floor_key	transition_source	geodata_status	planner_status	blocker	instance_id	room_territory	zone_refs	evidence_refs
TowerOfInsolence	003ce483f1390dd1f2c565980b102a4765c8263bc583596c4fcf793eb2b85ae1	UNPROVEN						z:888:1088		NOT_PROBED_CLOSED	BLOCKED	NATIVE_ENTRANCE_PATH_UNPROVEN	0	territory:888:1088:115292,13272|116168,13640|115680,14388|115132,14172	aden37_2318_05	data/spawns/Aden/TowerOfInsolence.xml|TOPOLOGY_CANDIDATES.tsv:003ce483f1390dd1f2c565980b102a4765c8263bc583596c4fcf793eb2b85ae1
TowerOfInsolence	01196fc406e6183446f2b1c4d9b3bed31d6fb0d1855ceda8c3f715f4b2a67b4f	UNPROVEN						z:896:1096		NOT_PROBED_CLOSED	BLOCKED	NATIVE_ENTRANCE_PATH_UNPROVEN	0	territory:896:1096:112324,17744|113000,17312|113404,17760|112972,18400	aden37_2318_08	data/spawns/Aden/TowerOfInsolence.xml|TOPOLOGY_CANDIDATES.tsv:01196fc406e6183446f2b1c4d9b3bed31d6fb0d1855ceda8c3f715f4b2a67b4f
CatacombOfTheWitch	018e0d62812dab482b8e9b660170a05ced934711f05188df1d023664ef6e1b58	UNPROVEN						z:-5464:-5264		NOT_PROBED_CLOSED	BLOCKED	NATIVE_ENTRANCE_PATH_UNPROVEN	0	territory:-5464:-5264:142524,81448|143203,81448|143203,83327|142524,83347	ssq13_2420_ssq05	data/spawns/Catacombs/CatacombOfTheWitch.xml|TOPOLOGY_CANDIDATES.tsv:018e0d62812dab482b8e9b660170a05ced934711f05188df1d023664ef6e1b58
NecropolisOfThePilgrims	01b1defa9522009b05e93ef24bdada3dc0bff4185eb02e7ee1b10dffc08f3433	UNPROVEN						z:-5449:-5299		NOT_PROBED_CLOSED	BLOCKED	NATIVE_ENTRANCE_PATH_UNPROVEN	0	territory:-5449:-5299:52667,123210|54012,123195|54010,123862|52673,123864	ssq07_2121_ssq16	data/spawns/Catacombs/NecropolisOfThePilgrims.xml|TOPOLOGY_CANDIDATES.tsv:01b1defa9522009b05e93ef24bdada3dc0bff4185eb02e7ee1b10dffc08f3433
NecropolisOfThePatriots	021822d8a1cb8c1c2a32ea67d313672c0050f2b59ffad0b9e49f785e635adb16	UNPROVEN						z:-5205:-5055		NOT_PROBED_CLOSED	BLOCKED	NATIVE_ENTRANCE_PATH_UNPROVEN	0	territory:-5205:-5055:-21684,81663|-21088,81659|-21094,82286|-21682,82282	ssq03_1920_ssq03	data/spawns/Catacombs/NecropolisOfThePatriots.xml|TOPOLOGY_CANDIDATES.tsv:021822d8a1cb8c1c2a32ea67d313672c0050f2b59ffad0b9e49f785e635adb16
NecropolisOfThePilgrims	0251d78e20131518ee9f324d0837b78f5748a549b99cbbcef4ab1b395db08918	UNPROVEN						z:-5449:-5299		NOT_PROBED_CLOSED	BLOCKED	NATIVE_ENTRANCE_PATH_UNPROVEN	0	territory:-5449:-5299:50625,116455|51260,116454|51259,117050|50631,117048	ssq07_2121_ssq28	data/spawns/Catacombs/NecropolisOfThePilgrims.xml|TOPOLOGY_CANDIDATES.tsv:0251d78e20131518ee9f324d0837b78f5748a549b99cbbcef4ab1b395db08918
NecropolisOfDevotion	02ba0f777f16cfc2ec39483b47b9c0d10fa018278b2901f14d50dc876e21f277	UNPROVEN						z:-4774:-4624		NOT_PROBED_CLOSED	BLOCKED	NATIVE_ENTRANCE_PATH_UNPROVEN	0	territory:-4774:-4624:-52241,83405|-51603,83405|-51593,84004|-52235,84020	ssq02_1820_ssq03	data/spawns/Catacombs/NecropolisOfDevotion.xml|TOPOLOGY_CANDIDATES.tsv:02ba0f777f16cfc2ec39483b47b9c0d10fa018278b2901f14d50dc876e21f277
DevilsIsle	02f3460b46ad2daccf3455d47afc90fc1a09f7d3ebe720d158edbd712be9f361	UNPROVEN						z:-3060:-2860		NOT_PROBED_CLOSED	BLOCKED	NATIVE_ENTRANCE_PATH_UNPROVEN	0	territory:-3060:-2860:50630,211383|51129,211383|51129,211858|50642,211858	giran08_2124_073	data/spawns/Giran/DevilsIsle.xml|TOPOLOGY_CANDIDATES.tsv:02f3460b46ad2daccf3455d47afc90fc1a09f7d3ebe720d158edbd712be9f361
TowerOfInsolence	0342f2ab29359668ef4eb46b5b9976e5cf11976d2c486f81c43bc9c2785dba8f	UNPROVEN				23180001|23180002	close|close	z:-2160:-1960		NOT_PROBED_CLOSED	BLOCKED	NATIVE_ENTRANCE_PATH_UNPROVEN	0	territory:-2160:-1960:114324,14992|114976,15004|115280,15128|115600,15432|115724,15728|115724,16388|115560,16720|115280,17008|114980,17136|114304,17144|114032,17024|113696,16700|113596,16416|113580,15720|113692,15436|114008,15108	aden35_2318_01	data/spawns/Aden/TowerOfInsolence.xml|TOPOLOGY_CANDIDATES.tsv:0342f2ab29359668ef4eb46b5b9976e5cf11976d2c486f81c43bc9c2785dba8f|data/Doors.xml#23180001|data/Doors.xml#23180002
NecropolisOfSacrifice	04199f10955f0df4ab3ac51c581586554a9794e478f60a5b3302cdea5d9b8999	UNPROVEN						z:-5119:-4969		NOT_PROBED_CLOSED	BLOCKED	NATIVE_ENTRANCE_PATH_UNPROVEN	0	territory:-5119:-4969:-46487,216906|-45115,216892|-45109,217549|-46483,217578	ssq01_1824_ssq11	data/spawns/Catacombs/NecropolisOfSacrifice.xml|TOPOLOGY_CANDIDATES.tsv:04199f10955f0df4ab3ac51c581586554a9794e478f60a5b3302cdea5d9b8999
NecropolisOfThePilgrims	047e45cfcece79be9e9372d1a84667df59730b1568819515811f589b23d27ee6	UNPROVEN						z:-5449:-5299		NOT_PROBED_CLOSED	BLOCKED	NATIVE_ENTRANCE_PATH_UNPROVEN	0	territory:-5449:-5299:52527,112901|53856,112912|53852,113581|52518,113563	ssq07_2121_ssq24	data/spawns/Catacombs/NecropolisOfThePilgrims.xml|TOPOLOGY_CANDIDATES.tsv:047e45cfcece79be9e9372d1a84667df59730b1568819515811f589b23d27ee6
NecropolisOfDevotion	0561637d99bf779d51d7d3167933861f5d2116b4fe5c41d950173a1b86763961	UNPROVEN						z:-4775:-4625		NOT_PROBED_CLOSED	BLOCKED	NATIVE_ENTRANCE_PATH_UNPROVEN	0	territory:-4775:-4625:-43827,78815|-43178,78819|-43174,80155|-43838,80155	ssq02_1820_ssq15	data/spawns/Catacombs/NecropolisOfDevotion.xml|TOPOLOGY_CANDIDATES.tsv:0561637d99bf779d51d7d3167933861f5d2116b4fe5c41d950173a1b86763961
CatacombOfTheForbiddenPath	0570910db17d9f20a9d86883f3b33b5d3ea8966bad3d5a12711d927830449601	UNPROVEN						z:-9616:-9416		NOT_PROBED_CLOSED	BLOCKED	NATIVE_ENTRANCE_PATH_UNPROVEN	0	territory:-9616:-9416:15968,-248894|16668,-248894|16687,-247499|15968,-247502	ssq12_2320_ssq05	data/spawns/Catacombs/CatacombOfTheForbiddenPath.xml|TOPOLOGY_CANDIDATES.tsv:0570910db17d9f20a9d86883f3b33b5d3ea8966bad3d5a12711d927830449601
CatacombOfTheApostate	05bbbe1f28986b0a9c5cc4d065f30252b3d0395e00c439a99235489800c85758	UNPROVEN						z:-8199:-8049		NOT_PROBED_CLOSED	BLOCKED	NATIVE_ENTRANCE_PATH_UNPROVEN	0	territory:-8199:-8049:-20536,-246475|-19904,-246474|-19895,-245871|-20536,-245874	ssq11_2220_ssq03	data/spawns/Catacombs/CatacombOfTheApostate.xml|TOPOLOGY_CANDIDATES.tsv:05bbbe1f28986b0a9c5cc4d065f30252b3d0395e00c439a99235489800c85758
IvoryTower	06ce1343592e93889b5c235279c9658a0d0f3d3eb2915207fee0c83a24e24164	UNPROVEN						z:-3720:-3120		NOT_PROBED_CLOSED	BLOCKED	NATIVE_ENTRANCE_PATH_UNPROVEN	0	territory:-3720:-3120:95548,11520|97332,13276|94972,16864|93984,13832	oren30_2218_06s	data/spawns/Oren/IvoryTower.xml|TOPOLOGY_CANDIDATES.tsv:06ce1343592e93889b5c235279c9658a0d0f3d3eb2915207fee0c83a24e24164
TowerOfInsolence	06de56e48e26f447faba1eec721d92abf4957d60c24c0b6fc537f2f3077bbe94	UNPROVEN						z:888:1088		NOT_PROBED_CLOSED	BLOCKED	NATIVE_ENTRANCE_PATH_UNPROVEN	0	territory:888:1088:116308,13744|116924,14372|116252,14872|115852,14504	aden37_2318_04	data/spawns/Aden/TowerOfInsolence.xml|TOPOLOGY_CANDIDATES.tsv:06de56e48e26f447faba1eec721d92abf4957d60c24c0b6fc537f2f3077bbe94
TowerOfInsolence	06fee8bd847287fd403eda1bae341e137fcd793b8841cf366dfcce412b2e3c64	UNPROVEN						z:3933:4283		NOT_PROBED_CLOSED	BLOCKED	NATIVE_ENTRANCE_PATH_UNPROVEN	0	territory:3933:4283:114524,17013|115433,16626|115802,17479|114863,17889	aden40_2318_06	data/spawns/Aden/TowerOfInsolence.xml|TOPOLOGY_CANDIDATES.tsv:06fee8bd847287fd403eda1bae341e137fcd793b8841cf366dfcce412b2e3c64
CatacombOfTheHeretic	0717538beb7cf9175429ef4cce0943160fa5d194492485a831862b7898d53416	UNPROVEN						z:-7943:-7793		NOT_PROBED_CLOSED	BLOCKED	NATIVE_ENTRANCE_PATH_UNPROVEN	0	territory:-7943:-7793:-51024,-246956|-50393,-246958|-50389,-245628|-51031,-245623	ssq06_2122_ssq07	data/spawns/Catacombs/CatacombOfTheHeretic.xml|TOPOLOGY_CANDIDATES.tsv:0717538beb7cf9175429ef4cce0943160fa5d194492485a831862b7898d53416
CatacombOfTheApostate	072a51911bfa6e6e8cfd555c2f8739004fdf6d54fb157714cee943f9f744a053	UNPROVEN						z:-8200:-8050		NOT_PROBED_CLOSED	BLOCKED	NATIVE_ENTRANCE_PATH_UNPROVEN	0	territory:-8200:-8050:-14825,-243409|-14197,-243401|-14199,-242039|-14821,-242031	ssq11_2220_ssq27	data/spawns/Catacombs/CatacombOfTheApostate.xml|TOPOLOGY_CANDIDATES.tsv:072a51911bfa6e6e8cfd555c2f8739004fdf6d54fb157714cee943f9f744a053
CatacombOfTheBranded	0745e827a771da9f6703d96bbd4de8f472ff4dc2330eec59eb48571d0fa5ab59	UNPROVEN						z:-5011:-4861		NOT_PROBED_CLOSED	BLOCKED	NATIVE_ENTRANCE_PATH_UNPROVEN	0	territory:-5011:-4861:46264,177731|46891,177730|46890,179080|46264,179074	ssq05_2123_ssq16	data/spawns/Catacombs/CatacombOfTheBranded.xml|TOPOLOGY_CANDIDATES.tsv:0745e827a771da9f6703d96bbd4de8f472ff4dc2330eec59eb48571d0fa5ab59
DevilsIsle	08c523a999bdf66ad7dea0a09490222fa3a336b438912802ca0b0a618d9a514a	UNPROVEN						z:-4500:-4200		NOT_PROBED_CLOSED	BLOCKED	NATIVE_ENTRANCE_PATH_UNPROVEN	0	territory:-4500:-4200:41608,200821|42037,200951|41787,201325|41315,201575|41288,201137	giran08_2124_006	data/spawns/Giran/DevilsIsle.xml|TOPOLOGY_CANDIDATES.tsv:08c523a999bdf66ad7dea0a09490222fa3a336b438912802ca0b0a618d9a514a
ImperialTomb	09edc98c74eb257722cb0c34e5609edf579db2b95d3dd3d07be8d3d0de716aee	UNPROVEN						z:-7313:-7013		NOT_PROBED_CLOSED	BLOCKED	NATIVE_ENTRANCE_PATH_UNPROVEN	0	territory:-7313:-7013:189041,-78487|189856,-78476|189845,-77747|189045,-77684	godard14_2515_14	data/spawns/Goddard/ImperialTomb.xml|TOPOLOGY_CANDIDATES.tsv:09edc98c74eb257722cb0c34e5609edf579db2b95d3dd3d07be8d3d0de716aee
CatacombOfTheForbiddenPath	0a2b26ef7a2e17ed34fa3acf32eb840cf4fc147085eabaacf42faf1674a21933	UNPROVEN						z:-9612:-9412		NOT_PROBED_CLOSED	BLOCKED	NATIVE_ENTRANCE_PATH_UNPROVEN	0	territory:-9612:-9412:17285,-248804|17881,-248788|17881,-248156|17289,-248144	ssq12_2320_ssq08	data/spawns/Catacombs/CatacombOfTheForbiddenPath.xml|TOPOLOGY_CANDIDATES.tsv:0a2b26ef7a2e17ed34fa3acf32eb840cf4fc147085eabaacf42faf1674a21933
NecropolisOfDevotion	0aa79d67e281338055910dfd67c12790147f5bb13de51275e3f05f3be76ef684	UNPROVEN						z:-4777:-4627		NOT_PROBED_CLOSED	BLOCKED	NATIVE_ENTRANCE_PATH_UNPROVEN	0	territory:-4777:-4627:-46529,83385|-45926,83383|-45933,84029|-46529,84028	ssq02_1820_ssq11	data/spawns/Catacombs/NecropolisOfDevotion.xml|TOPOLOGY_CANDIDATES.tsv:0aa79d67e281338055910dfd67c12790147f5bb13de51275e3f05f3be76ef684
ImperialTomb	0ac141f2d795f5695b18d40a6f99375d3215e37b2944778c1f91823987e055bf	UNPROVEN						z:-2784:-2484		NOT_PROBED_CLOSED	BLOCKED	NATIVE_ENTRANCE_PATH_UNPROVEN	0	territory:-2784:-2484:183025,-78004|182081,-77103|180769,-77070|179850,-78031|179838,-79343|180759,-80288|182097,-80297|183015,-79354	godard14_2515_03	data/spawns/Goddard/ImperialTomb.xml|TOPOLOGY_CANDIDATES.tsv:0ac141f2d795f5695b18d40a6f99375d3215e37b2944778c1f91823987e055bf
DevilsIsle	0b1f91e21cb2b235abb8b3eb20a445ea87670d29a906df5f912a90841ead973a	UNPROVEN						z:-3472:-3272		NOT_PROBED_CLOSED	BLOCKED	NATIVE_ENTRANCE_PATH_UNPROVEN	0	territory:-3472:-3272:48863,213936|49300,213936|49300,214250|48863,214250	giran08_2124_063	data/spawns/Giran/DevilsIsle.xml|TOPOLOGY_CANDIDATES.tsv:0b1f91e21cb2b235abb8b3eb20a445ea87670d29a906df5f912a90841ead973a
NecropolisOfDevotion	0b678446de013db1e8a875b00818ed3c9e7490f4e5f257843ee44b39d3fb6752	UNPROVEN						z:-4772:-4622		NOT_PROBED_CLOSED	BLOCKED	NATIVE_ENTRANCE_PATH_UNPROVEN	0	territory:-4772:-4622:-52247,80884|-51592,80879|-51577,82248|-52257,82243	ssq02_1820_ssq02	data/spawns/Catacombs/NecropolisOfDevotion.xml|TOPOLOGY_CANDIDATES.tsv:0b678446de013db1e8a875b00818ed3c9e7490f4e5f257843ee44b39d3fb6752
CatacombOfTheBranded	0c235544b98668cf693c8816b6d489ab06224314d74cf68832925b73e5ada40b	UNPROVEN						z:-5022:-4872		NOT_PROBED_CLOSED	BLOCKED	NATIVE_ENTRANCE_PATH_UNPROVEN	0	territory:-5022:-4872:55408,179181|56044,179181|56045,179786|55410,179788	ssq05_2123_ssq25	data/spawns/Catacombs/CatacombOfTheBranded.xml|TOPOLOGY_CANDIDATES.tsv:0c235544b98668cf693c8816b6d489ab06224314d74cf68832925b73e5ada40b
TowerOfInsolence	0c3a2b86325aa834f8d5d0d8b6d64194c2025dafebc7b1b37bbb0865d22bdc93	UNPROVEN						z:5956:6156		NOT_PROBED_CLOSED	BLOCKED	NATIVE_ENTRANCE_PATH_UNPROVEN	0	territory:5956:6156:111873,16667|112618,16573|112880,17186|112268,17580	aden28_2318_13	data/spawns/Aden/TowerOfInsolence.xml|TOPOLOGY_CANDIDATES.tsv:0c3a2b86325aa834f8d5d0d8b6d64194c2025dafebc7b1b37bbb0865d22bdc93
DevilsIsle	0c3d5b9b9615274b1783c86a245940b33ae4526460ff24a5007ef5f5d377dc9c	UNPROVEN						z:-3940:-3740		NOT_PROBED_CLOSED	BLOCKED	NATIVE_ENTRANCE_PATH_UNPROVEN	0	territory:-3940:-3740:43199,215819|44508,215819|44508,217017|43199,217017	giran08_2124_044	data/spawns/Giran/DevilsIsle.xml|TOPOLOGY_CANDIDATES.tsv:0c3d5b9b9615274b1783c86a245940b33ae4526460ff24a5007ef5f5d377dc9c
NecropolisOfTheSaints	0cb00eb3bfa59f181754186d27b1522be7877a1707d3d2b39f33ddc572a570b5	UNPROVEN						z:-5472:-5272		NOT_PROBED_CLOSED	BLOCKED	NATIVE_ENTRANCE_PATH_UNPROVEN	0	territory:-5472:-5272:88836,213488|89436,213508|89436,214168|88836,214144	ssq08_2224_ssq16	data/spawns/Catacombs/NecropolisOfTheSaints.xml|TOPOLOGY_CANDIDATES.tsv:0cb00eb3bfa59f181754186d27b1522be7877a1707d3d2b39f33ddc572a570b5
DevilsIsle	0cfb8358fd4e4c4b3fd43e1fc9f3b630ebcbd1f5bc7720a0eb912fe29255aedb	UNPROVEN						z:-3776:-3626		NOT_PROBED_CLOSED	BLOCKED	NATIVE_ENTRANCE_PATH_UNPROVEN	0	territory:-3776:-3626:43439,213259|43589,213249|43750,213760|43680,214092	giran08_2124_034	data/spawns/Giran/DevilsIsle.xml|TOPOLOGY_CANDIDATES.tsv:0cfb8358fd4e4c4b3fd43e1fc9f3b630ebcbd1f5bc7720a0eb912fe29255aedb
IvoryTower	0d2d0e4216e562a988c534784988eb194c8a0ebd5a2e5379e050dbce5d7f7a72	UNPROVEN						z:-3796:-3396		NOT_PROBED_CLOSED	BLOCKED	NATIVE_ENTRANCE_PATH_UNPROVEN	0	territory:-3796:-3396:78116,20592|79828,22864|78720,26556|75208,27024|74408,24180|75148,20488	oren30_2218_14	data/spawns/Oren/IvoryTower.xml|TOPOLOGY_CANDIDATES.tsv:0d2d0e4216e562a988c534784988eb194c8a0ebd5a2e5379e050dbce5d7f7a72
DevilsIsle	0d58be8322d126fd103d17999b53459ccfecb10ad6d1d475dad5c46a7fb01d5b	UNPROVEN						z:-3556:-3356		NOT_PROBED_CLOSED	BLOCKED	NATIVE_ENTRANCE_PATH_UNPROVEN	0	territory:-3556:-3356:48337,205663|48773,205879|48792,207687|48631,207962|48025,207901|47535,207469|47594,206175	giran08_2124_015	data/spawns/Giran/DevilsIsle.xml|TOPOLOGY_CANDIDATES.tsv:0d58be8322d126fd103d17999b53459ccfecb10ad6d1d475dad5c46a7fb01d5b
NecropolisOfThePilgrims	0dc9ac37cece3e233c64a886c72668e5b79a35f246b6ab33a8146bc4d63d9f7b	UNPROVEN						z:-5447:-5297		NOT_PROBED_CLOSED	BLOCKED	NATIVE_ENTRANCE_PATH_UNPROVEN	0	territory:-5447:-5297:46929,118916|48298,118922|48290,119576|46926,119575	ssq07_2121_ssq04	data/spawns/Catacombs/NecropolisOfThePilgrims.xml|TOPOLOGY_CANDIDATES.tsv:0dc9ac37cece3e233c64a886c72668e5b79a35f246b6ab33a8146bc4d63d9f7b
NecropolisOfTheSaints	0e3706c8baf57698997968f76fa1b970dca67950d026502eb692144644027b8e	UNPROVEN						z:-5476:-5276		NOT_PROBED_CLOSED	BLOCKED	NATIVE_ENTRANCE_PATH_UNPROVEN	0	territory:-5476:-5276:89979,218036|90579,218036|90575,218680|89987,218676	ssq08_2224_ssq24	data/spawns/Catacombs/NecropolisOfTheSaints.xml|TOPOLOGY_CANDIDATES.tsv:0e3706c8baf57698997968f76fa1b970dca67950d026502eb692144644027b8e
IvoryTower	0edead08b5b94aecca08262b44401057eb66c359f5ce6cb006cd26033bb005ed	UNPROVEN						z:-5356:-5156		NOT_PROBED_CLOSED	BLOCKED	NATIVE_ENTRANCE_PATH_UNPROVEN	0	territory:-5356:-5156:79664,16248|85768,19076|81972,22128|79012,18196	oren29_2218_26	data/spawns/Oren/IvoryTower.xml|TOPOLOGY_CANDIDATES.tsv:0edead08b5b94aecca08262b44401057eb66c359f5ce6cb006cd26033bb005ed
CatacombOfTheBranded	0eff5fa4ba80b251c37eef6bcaeb9eed0d1daf7bacfbd10fd6af420293c30b65	UNPROVEN						z:-5014:-4864		NOT_PROBED_CLOSED	BLOCKED	NATIVE_ENTRANCE_PATH_UNPROVEN	0	territory:-5014:-4864:51975,170953|53322,170952|53324,171573|51980,171574	ssq05_2123_ssq36	data/spawns/Catacombs/CatacombOfTheBranded.xml|TOPOLOGY_CANDIDATES.tsv:0eff5fa4ba80b251c37eef6bcaeb9eed0d1daf7bacfbd10fd6af420293c30b65
IvoryTower	0f728c2ad864ec9ae5a9273c97ab9b0870cd3d59a6707483c26cc43b71053d3f	UNPROVEN						z:-5436:-5236		NOT_PROBED_CLOSED	BLOCKED	NATIVE_ENTRANCE_PATH_UNPROVEN	0	territory:-5436:-5236:91192,14192|91420,16760|90212,18308|88008,17488|87660,14836|89680,13016	oren29_2218_29	data/spawns/Oren/IvoryTower.xml|TOPOLOGY_CANDIDATES.tsv:0f728c2ad864ec9ae5a9273c97ab9b0870cd3d59a6707483c26cc43b71053d3f
DevilsIsle	0f93cd0ce1e5c8bef14dcca968a6fcb9da976e0cd429964e95d45229043c2271	UNPROVEN						z:-3384:-3184		NOT_PROBED_CLOSED	BLOCKED	NATIVE_ENTRANCE_PATH_UNPROVEN	0	territory:-3384:-3184:48786,211389|49376,211385|49376,212506|48786,212510	giran08_2124_067	data/spawns/Giran/DevilsIsle.xml|TOPOLOGY_CANDIDATES.tsv:0f93cd0ce1e5c8bef14dcca968a6fcb9da976e0cd429964e95d45229043c2271
TowerOfInsolence	0fba33fad2c6c8580471455819693e85a290491cd541140da3794fc7f3a1bfd5	UNPROVEN						z:4934:5284		NOT_PROBED_CLOSED	BLOCKED	NATIVE_ENTRANCE_PATH_UNPROVEN	0	territory:4934:5284:114693,14991|115276,15069|114672,15698|114093,15107	aden41_2318_07	data/spawns/Aden/TowerOfInsolence.xml|TOPOLOGY_CANDIDATES.tsv:0fba33fad2c6c8580471455819693e85a290491cd541140da3794fc7f3a1bfd5
NecropolisOfSacrifice	104273f8252c8098e201bd1c13ba2639d43727fa1a1c6df0d575bd0a1e03aa21	UNPROVEN						z:-5127:-4977		NOT_PROBED_CLOSED	BLOCKED	NATIVE_ENTRANCE_PATH_UNPROVEN	0	territory:-5127:-4977:-50194,215802|-48820,215835|-48822,216474|-50194,216467	ssq01_1824_ssq26	data/spawns/Catacombs/NecropolisOfSacrifice.xml|TOPOLOGY_CANDIDATES.tsv:104273f8252c8098e201bd1c13ba2639d43727fa1a1c6df0d575bd0a1e03aa21
DevilsIsle	1168bd89e8693814315a56d2399c3ba11702ca0c4d429d6075f88425ec137089	UNPROVEN						z:-3796:-3596		NOT_PROBED_CLOSED	BLOCKED	NATIVE_ENTRANCE_PATH_UNPROVEN	0	territory:-3796:-3596:46292,215386|46518,215271|46993,215509|47358,216190|47188,216577|46315,216667	giran08_2124_054	data/spawns/Giran/DevilsIsle.xml|TOPOLOGY_CANDIDATES.tsv:1168bd89e8693814315a56d2399c3ba11702ca0c4d429d6075f88425ec137089
NecropolisOfDevotion	118d46324e7ff71ebc39b627b08b1a81b5cf101c5189474c37cd2f23a46370ea	UNPROVEN						z:-4776:-4626		NOT_PROBED_CLOSED	BLOCKED	NATIVE_ENTRANCE_PATH_UNPROVEN	0	territory:-4776:-4626:-44038,80890|-42201,80901|-42186,81551|-44037,81532	ssq02_1820_ssq16	data/spawns/Catacombs/NecropolisOfDevotion.xml|TOPOLOGY_CANDIDATES.tsv:118d46324e7ff71ebc39b627b08b1a81b5cf101c5189474c37cd2f23a46370ea
NecropolisOfThePatriots	119f3c4e36792807ad5b593444a3717b1c840ae6396eea5c8d94eb1bada98564	UNPROVEN						z:-5210:-5060		NOT_PROBED_CLOSED	BLOCKED	NATIVE_ENTRANCE_PATH_UNPROVEN	0	territory:-5210:-5060:-12680,78495|-10834,78504|-10834,79145|-12685,79134	ssq03_1920_ssq21	data/spawns/Catacombs/NecropolisOfThePatriots.xml|TOPOLOGY_CANDIDATES.tsv:119f3c4e36792807ad5b593444a3717b1c840ae6396eea5c8d94eb1bada98564
ImperialTomb	11e5c21033dc9a3f75ca7ebd9171001ae2f3349bac718a44c3aca9a2ea1829ab	UNPROVEN						z:-3423:-3123		NOT_PROBED_CLOSED	BLOCKED	NATIVE_ENTRANCE_PATH_UNPROVEN	0	territory:-3423:-3123:174736,-81498|175468,-81493|175512,-80681|174691,-80692	godard14_2515_09	data/spawns/Goddard/ImperialTomb.xml|TOPOLOGY_CANDIDATES.tsv:11e5c21033dc9a3f75ca7ebd9171001ae2f3349bac718a44c3aca9a2ea1829ab
DevilsIsle	121472eac71d68672f3b5cda59c2e36398dc158af9aad380c481122cbde509f9	UNPROVEN						z:-3812:-3612		NOT_PROBED_CLOSED	BLOCKED	NATIVE_ENTRANCE_PATH_UNPROVEN	0	territory:-3812:-3612:42538,204058|42829,203720|43790,204297|43759,204920|43002,205080	giran08_2124_011	data/spawns/Giran/DevilsIsle.xml|TOPOLOGY_CANDIDATES.tsv:121472eac71d68672f3b5cda59c2e36398dc158af9aad380c481122cbde509f9
ImperialTomb	121af166e52d46efe8e1e15df7401e723b15ecf3265639d4539316833f23d69a	UNPROVEN						z:-6005:-5705		NOT_PROBED_CLOSED	BLOCKED	NATIVE_ENTRANCE_PATH_UNPROVEN	0	territory:-6005:-5705:189047,-84252|189801,-84247|189857,-83452|189048,-83434	godard14_2515_18	data/spawns/Goddard/ImperialTomb.xml|TOPOLOGY_CANDIDATES.tsv:121af166e52d46efe8e1e15df7401e723b15ecf3265639d4539316833f23d69a
NecropolisOfWorship	1224136f8fc673f1b51bce29d9b8dbae414187e4e2fbfe964d2f5260636561aa	UNPROVEN						z:-5472:-5272		NOT_PROBED_CLOSED	BLOCKED	NATIVE_ENTRANCE_PATH_UNPROVEN	0	territory:-5472:-5272:118396,183204|119024,183204|119024,184698|118396,184698	ssq09_2323_ssq26	data/spawns/Catacombs/NecropolisOfWorship.xml|TOPOLOGY_CANDIDATES.tsv:1224136f8fc673f1b51bce29d9b8dbae414187e4e2fbfe964d2f5260636561aa
DevilsIsle	1293ef162e479b96da1b6c37577b14fd8551f340eeec8d90355b7a6403c50626	UNPROVEN						z:-3816:-3616		NOT_PROBED_CLOSED	BLOCKED	NATIVE_ENTRANCE_PATH_UNPROVEN	0	territory:-3816:-3616:50944,214948|51568,213856|51528,215760|51084,215756	giran08_2124_096	data/spawns/Giran/DevilsIsle.xml|TOPOLOGY_CANDIDATES.tsv:1293ef162e479b96da1b6c37577b14fd8551f340eeec8d90355b7a6403c50626
NecropolisOfSacrifice	12fd50f59675f62ca8f388a4df60992daa5f969c2e4e235e2531ccb2c7e5be39	UNPROVEN						z:-5121:-4971		NOT_PROBED_CLOSED	BLOCKED	NATIVE_ENTRANCE_PATH_UNPROVEN	0	territory:-5121:-4971:-50904,218854|-50256,218854|-50265,220703|-50910,220709	ssq01_1824_ssq20	data/spawns/Catacombs/NecropolisOfSacrifice.xml|TOPOLOGY_CANDIDATES.tsv:12fd50f59675f62ca8f388a4df60992daa5f969c2e4e235e2531ccb2c7e5be39
CatacombOfTheWitch	1355043de8707cff09cf6e5fe78b7823339c2be500b7ca2c0d84ab689a0265b8	UNPROVEN						z:-5464:-5264		NOT_PROBED_CLOSED	BLOCKED	NATIVE_ENTRANCE_PATH_UNPROVEN	0	territory:-5464:-5264:142916,87537|143596,87537|143596,89416|142916,89436	ssq13_2420_ssq24	data/spawns/Catacombs/CatacombOfTheWitch.xml|TOPOLOGY_CANDIDATES.tsv:1355043de8707cff09cf6e5fe78b7823339c2be500b7ca2c0d84ab689a0265b8
NecropolisOfTheSaints	1397bfd377efa65e7663748084dbe8c40217429cae76919f1105484a623ab84d	UNPROVEN						z:-5472:-5272		NOT_PROBED_CLOSED	BLOCKED	NATIVE_ENTRANCE_PATH_UNPROVEN	0	territory:-5472:-5272:87748,208892|88348,208908|88344,209560|87756,209552	ssq08_2224_ssq08	data/spawns/Catacombs/NecropolisOfTheSaints.xml|TOPOLOGY_CANDIDATES.tsv:1397bfd377efa65e7663748084dbe8c40217429cae76919f1105484a623ab84d
TowerOfInsolence	14348a8f43aa116e10eeab8a073fdd7589a668ccdc3a862e2fcae78181438da5	UNPROVEN						z:-5144:-4944		NOT_PROBED_CLOSED	BLOCKED	NATIVE_ENTRANCE_PATH_UNPROVEN	0	territory:-5144:-4944:112324,16666|113236,16408|114280,17364|114156,18423|113336,18063|112658,17408	aden33_2318_04	data/spawns/Aden/TowerOfInsolence.xml|TOPOLOGY_CANDIDATES.tsv:14348a8f43aa116e10eeab8a073fdd7589a668ccdc3a862e2fcae78181438da5
NecropolisOfThePatriots	14dd4475013e7cd5d1c5c9331eb07b94cd6ebff02b94bbe1a61fedb76633d015	UNPROVEN						z:-5202:-5052		NOT_PROBED_CLOSED	BLOCKED	NATIVE_ENTRANCE_PATH_UNPROVEN	0	territory:-5202:-5052:-11385,77069|-10770,77074|-10770,77672|-11386,77675	ssq03_1920_ssq22	data/spawns/Catacombs/NecropolisOfThePatriots.xml|TOPOLOGY_CANDIDATES.tsv:14dd4475013e7cd5d1c5c9331eb07b94cd6ebff02b94bbe1a61fedb76633d015
TowerOfInsolence	15119b73d21e29db70861babb85055c004c08da905b8c28ee8f46e9ccff1b94d	UNPROVEN						z:1912:2112		NOT_PROBED_CLOSED	BLOCKED	NATIVE_ENTRANCE_PATH_UNPROVEN	0	territory:1912:2112:112816,15535|113915,15528|113924,16612|112820,16596	aden38_2318_01	data/spawns/Aden/TowerOfInsolence.xml|TOPOLOGY_CANDIDATES.tsv:15119b73d21e29db70861babb85055c004c08da905b8c28ee8f46e9ccff1b94d
TowerOfInsolence	16542edc6c4a46e070e283bb57eaaa4a88e3d69b0c097b0362d927a4e3b45c71	UNPROVEN						z:896:1096		NOT_PROBED_CLOSED	BLOCKED	NATIVE_ENTRANCE_PATH_UNPROVEN	0	territory:896:1096:116288,17304|116984,17740|116312,18404|115864,17784	aden37_2318_11	data/spawns/Aden/TowerOfInsolence.xml|TOPOLOGY_CANDIDATES.tsv:16542edc6c4a46e070e283bb57eaaa4a88e3d69b0c097b0362d927a4e3b45c71
CatacombOfTheApostate	1675ffdf5bad34f9390a592a9b847c9336e5aba6759a7bccad4d4429d22c29e3	UNPROVEN						z:-8205:-8055		NOT_PROBED_CLOSED	BLOCKED	NATIVE_ENTRANCE_PATH_UNPROVEN	0	territory:-8205:-8055:-19259,-247741|-18590,-247746|-18590,-245916|-19256,-245921	ssq11_2220_ssq04	data/spawns/Catacombs/CatacombOfTheApostate.xml|TOPOLOGY_CANDIDATES.tsv:1675ffdf5bad34f9390a592a9b847c9336e5aba6759a7bccad4d4429d22c29e3
NecropolisOfThePatriots	1698853987f9bb87d15b011c39102b04b7ec29e85a5a34d7366b22a627c2eb24	UNPROVEN						z:-5212:-5062		NOT_PROBED_CLOSED	BLOCKED	NATIVE_ENTRANCE_PATH_UNPROVEN	0	territory:-5212:-5062:-13996,77358|-12640,77365|-12638,78024|-13995,78025	ssq03_1920_ssq15	data/spawns/Catacombs/NecropolisOfThePatriots.xml|TOPOLOGY_CANDIDATES.tsv:1698853987f9bb87d15b011c39102b04b7ec29e85a5a34d7366b22a627c2eb24
IvoryTower	16bac8f5d60fb97c6c1ab0007068ecc5c2215d6fdbd08fcd3b2c86cbc88bbb4d	UNPROVEN						z:-3048:-2548		NOT_PROBED_CLOSED	BLOCKED	NATIVE_ENTRANCE_PATH_UNPROVEN	0	territory:-3048:-2548:86480,1944|90504,2972|87476,5728|85944,6540	oren30_2218_19	data/spawns/Oren/IvoryTower.xml|TOPOLOGY_CANDIDATES.tsv:16bac8f5d60fb97c6c1ab0007068ecc5c2215d6fdbd08fcd3b2c86cbc88bbb4d
NecropolisOfSacrifice	16d3eaadb00606cc4275c2d29bbd8f38825e4bc3440f0dfbf9c5b1efa352b02b	UNPROVEN						z:-5120:-4970		NOT_PROBED_CLOSED	BLOCKED	NATIVE_ENTRANCE_PATH_UNPROVEN	0	territory:-5120:-4970:-52179,215532|-51556,215532|-51560,216123|-52179,216123	ssq01_1824_ssq28	data/spawns/Catacombs/NecropolisOfSacrifice.xml|TOPOLOGY_CANDIDATES.tsv:16d3eaadb00606cc4275c2d29bbd8f38825e4bc3440f0dfbf9c5b1efa352b02b
DevilsIsle	16ff11210a125a9bcc695726915aee8858bc63f6bb36435efe202e280a881c67	UNPROVEN						z:-2504:-2304		NOT_PROBED_CLOSED	BLOCKED	NATIVE_ENTRANCE_PATH_UNPROVEN	0	territory:-2504:-2304:53024,208754|54183,208754|54183,209567|53024,209567	giran08_2124_084	data/spawns/Giran/DevilsIsle.xml|TOPOLOGY_CANDIDATES.tsv:16ff11210a125a9bcc695726915aee8858bc63f6bb36435efe202e280a881c67
NecropolisOfWorship	1706ad38d6ace1a27af6b8c0f27a5b7b5870c6b28d83f1a934ead55747375a0e	UNPROVEN						z:-5472:-5272		NOT_PROBED_CLOSED	BLOCKED	NATIVE_ENTRANCE_PATH_UNPROVEN	0	territory:-5472:-5272:116991,181365|117618,181365|117618,182860|116991,182860	ssq09_2323_ssq24	data/spawns/Catacombs/NecropolisOfWorship.xml|TOPOLOGY_CANDIDATES.tsv:1706ad38d6ace1a27af6b8c0f27a5b7b5870c6b28d83f1a934ead55747375a0e
IvoryTower	17bdaca7e4dac646d981ac1af013ae1e415607610aef0cdb368e96ca7786a1b5	UNPROVEN						z:-4060:-3560		NOT_PROBED_CLOSED	BLOCKED	NATIVE_ENTRANCE_PATH_UNPROVEN	0	territory:-4060:-3560:75268,16644|77324,16176|77516,19112|74696,18908	oren30_2218_15s	data/spawns/Oren/IvoryTower.xml|TOPOLOGY_CANDIDATES.tsv:17bdaca7e4dac646d981ac1af013ae1e415607610aef0cdb368e96ca7786a1b5
CatacombOfTheHeretic	1833ad968ba9491b2f027f6fb2efa7a2daf55529d16426f42d8e8fa89b625b23	UNPROVEN						z:-7941:-7791		NOT_PROBED_CLOSED	BLOCKED	NATIVE_ENTRANCE_PATH_UNPROVEN	0	territory:-7941:-7791:-47417,-249176|-46103,-249176|-46102,-248549|-47418,-248559	ssq06_2122_ssq35	data/spawns/Catacombs/CatacombOfTheHeretic.xml|TOPOLOGY_CANDIDATES.tsv:1833ad968ba9491b2f027f6fb2efa7a2daf55529d16426f42d8e8fa89b625b23
NecropolisOfSacrifice	187426bb30110951b41e0ba9b26c3c554154d1306532d947be85c5fba4e36299	UNPROVEN						z:-5120:-4970		NOT_PROBED_CLOSED	BLOCKED	NATIVE_ENTRANCE_PATH_UNPROVEN	0	territory:-5120:-4970:-46504,209828|-45850,209831|-45848,210435|-46506,210436	ssq01_1824_ssq07	data/spawns/Catacombs/NecropolisOfSacrifice.xml|TOPOLOGY_CANDIDATES.tsv:187426bb30110951b41e0ba9b26c3c554154d1306532d947be85c5fba4e36299
DevilsIsle	197f72e29e8bdd3eb57c5280f1abe6fad853dbcc50b2cb9c7d90752deb700dd8	UNPROVEN						z:-2492:-2292		NOT_PROBED_CLOSED	BLOCKED	NATIVE_ENTRANCE_PATH_UNPROVEN	0	territory:-2492:-2292:51639,208195|52812,208195|52812,209649|51639,209649	giran08_2124_081	data/spawns/Giran/DevilsIsle.xml|TOPOLOGY_CANDIDATES.tsv:197f72e29e8bdd3eb57c5280f1abe6fad853dbcc50b2cb9c7d90752deb700dd8
DevilsIsle	1991e88e53e504fb9709fedcd57684a322d43eb02ed82a0ff46adaedc0009b1a	UNPROVEN						z:-3752:-3502		NOT_PROBED_CLOSED	BLOCKED	NATIVE_ENTRANCE_PATH_UNPROVEN	0	territory:-3752:-3502:49420,207132|49564,207048|49620,207332|49614,207749|49422,207760	giran08_2124_016	data/spawns/Giran/DevilsIsle.xml|TOPOLOGY_CANDIDATES.tsv:1991e88e53e504fb9709fedcd57684a322d43eb02ed82a0ff46adaedc0009b1a
TowerOfInsolence	19b705c8733ff6a4d1aa70e5014550f5753417b3e2ff3d8cd45bf9a167684460	UNPROVEN						z:2912:3112		NOT_PROBED_CLOSED	BLOCKED	NATIVE_ENTRANCE_PATH_UNPROVEN	0	territory:2912:3112:115224,14440|115764,14636|116320,15492|115376,15696|115144,15276	aden39_2318_06	data/spawns/Aden/TowerOfInsolence.xml|TOPOLOGY_CANDIDATES.tsv:19b705c8733ff6a4d1aa70e5014550f5753417b3e2ff3d8cd45bf9a167684460
CatacombOfTheForbiddenPath	19c0a589d1bc2d64301130c316e06bd7af82f637fe6b268853dfe15ed87427af	UNPROVEN						z:-9612:-9412		NOT_PROBED_CLOSED	BLOCKED	NATIVE_ENTRANCE_PATH_UNPROVEN	0	territory:-9612:-9412:22982,-248839|23578,-248823|23578,-248191|22986,-248179	ssq12_2320_ssq18	data/spawns/Catacombs/CatacombOfTheForbiddenPath.xml|TOPOLOGY_CANDIDATES.tsv:19c0a589d1bc2d64301130c316e06bd7af82f637fe6b268853dfe15ed87427af
IvoryTower	1a48fe91a8f183a8493b72ff084d7359ffd834a6030c9ebd465387c6f229da39	UNPROVEN						z:-3748:-3148		NOT_PROBED_CLOSED	BLOCKED	NATIVE_ENTRANCE_PATH_UNPROVEN	0	territory:-3748:-3148:92912,19272|93728,19796|94420,24088|91652,25852|90904,21688	oren30_2218_07	data/spawns/Oren/IvoryTower.xml|TOPOLOGY_CANDIDATES.tsv:1a48fe91a8f183a8493b72ff084d7359ffd834a6030c9ebd465387c6f229da39
DevilsIsle	1a5bf02c5550c83f7d43221a5533c6f9fb11a41cc2125432186dc17c255d31e4	UNPROVEN						z:-3056:-2706		NOT_PROBED_CLOSED	BLOCKED	NATIVE_ENTRANCE_PATH_UNPROVEN	0	territory:-3056:-2706:50673,210566|51054,210572|51054,211317|50667,211311	giran08_2124_075	data/spawns/Giran/DevilsIsle.xml|TOPOLOGY_CANDIDATES.tsv:1a5bf02c5550c83f7d43221a5533c6f9fb11a41cc2125432186dc17c255d31e4
NecropolisOfThePilgrims	1a644a094f10676256e9e90d6b2aff4c5ace3a8b54ef1bd5d7479da94407c3ff	UNPROVEN						z:-5446:-5296		NOT_PROBED_CLOSED	BLOCKED	NATIVE_ENTRANCE_PATH_UNPROVEN	0	territory:-5446:-5296:50615,123229|51256,123227|51251,123840|50615,123839	ssq07_2121_ssq14	data/spawns/Catacombs/NecropolisOfThePilgrims.xml|TOPOLOGY_CANDIDATES.tsv:1a644a094f10676256e9e90d6b2aff4c5ace3a8b54ef1bd5d7479da94407c3ff
TowerOfInsolence	1a92ae130e1bc8689e0de0eb417a153974cee25efb005a938b6dcae6b770fe33	UNPROVEN						z:2920:3270		NOT_PROBED_CLOSED	BLOCKED	NATIVE_ENTRANCE_PATH_UNPROVEN	0	territory:2920:3270:113630,18089|115557,18118|115798,18610|115196,18792|114091,18791|113473,18545	aden39_2318_07	data/spawns/Aden/TowerOfInsolence.xml|TOPOLOGY_CANDIDATES.tsv:1a92ae130e1bc8689e0de0eb417a153974cee25efb005a938b6dcae6b770fe33
NecropolisOfThePatriots	1b4ae8465a8abe493a5a5e630cbd0b6b24a15098fd3fa61943b3345e3bfba139	UNPROVEN						z:-5207:-5057		NOT_PROBED_CLOSED	BLOCKED	NATIVE_ENTRANCE_PATH_UNPROVEN	0	territory:-5207:-5057:-17090,81663|-16482,81658|-16487,82313|-17088,82306	ssq03_1920_ssq11	data/spawns/Catacombs/NecropolisOfThePatriots.xml|TOPOLOGY_CANDIDATES.tsv:1b4ae8465a8abe493a5a5e630cbd0b6b24a15098fd3fa61943b3345e3bfba139
TowerOfInsolence	1b9733df6a323cccb89ba0fdde88ad2648aed0800f7f68f8c5f771a87b4077d8	UNPROVEN						z:7956:8156		NOT_PROBED_CLOSED	BLOCKED	NATIVE_ENTRANCE_PATH_UNPROVEN	0	territory:7956:8156:115340,15564|115696,15368|115872,15808|115888,16304|115612,16660|115360,16444	aden30_2318_03	data/spawns/Aden/TowerOfInsolence.xml|TOPOLOGY_CANDIDATES.tsv:1b9733df6a323cccb89ba0fdde88ad2648aed0800f7f68f8c5f771a87b4077d8
CatacombOfDarkOmens	1c56d78ffdac1b0da447c1f7bd9a5e5e6504124a4c537474049ec9aeb883a57f	UNPROVEN						z:-4932:-4732		NOT_PROBED_CLOSED	BLOCKED	NATIVE_ENTRANCE_PATH_UNPROVEN	0	territory:-4932:-4732:-13720,15280|-13060,15288|-13052,16628|-13728,16632	ssq03_1918_ssq14	data/spawns/Catacombs/CatacombOfDarkOmens.xml|TOPOLOGY_CANDIDATES.tsv:1c56d78ffdac1b0da447c1f7bd9a5e5e6504124a4c537474049ec9aeb883a57f
IvoryTower	1efdf32e79e5f96cb692ebe8ca91b83fb7492c66a087ba318def9334fbcb1320	UNPROVEN						z:-4136:-3536		NOT_PROBED_CLOSED	BLOCKED	NATIVE_ENTRANCE_PATH_UNPROVEN	0	territory:-4136:-3536:73616,14628|77552,15676|78108,20588|75168,20496|73480,18608	oren30_2218_15	data/spawns/Oren/IvoryTower.xml|TOPOLOGY_CANDIDATES.tsv:1efdf32e79e5f96cb692ebe8ca91b83fb7492c66a087ba318def9334fbcb1320
NecropolisOfThePatriots	1efea4bba5b81c2a561533d3258518238916b263c144289587451b6ab186f89f	UNPROVEN						z:-5209:-5059		NOT_PROBED_CLOSED	BLOCKED	NATIVE_ENTRANCE_PATH_UNPROVEN	0	territory:-5209:-5059:-20335,81661|-19005,81656|-19006,82324|-20325,82308	ssq03_1920_ssq04	data/spawns/Catacombs/NecropolisOfThePatriots.xml|TOPOLOGY_CANDIDATES.tsv:1efea4bba5b81c2a561533d3258518238916b263c144289587451b6ab186f89f
CatacombOfTheHeretic	1f10b1e0161539b2693a8e7c25fe86d649c90e1e6317b0ab9241f893f1762c3f	UNPROVEN						z:-7938:-7788		NOT_PROBED_CLOSED	BLOCKED	NATIVE_ENTRANCE_PATH_UNPROVEN	0	territory:-7938:-7788:-47452,-244894|-46855,-244893|-46860,-244259|-47451,-244259	ssq06_2122_ssq26	data/spawns/Catacombs/CatacombOfTheHeretic.xml|TOPOLOGY_CANDIDATES.tsv:1f10b1e0161539b2693a8e7c25fe86d649c90e1e6317b0ab9241f893f1762c3f
CatacombOfTheWitch	1f561880f97126e32e40700300dca137db71500bd80bebf60a372495ecd8776f	UNPROVEN						z:-5464:-5264		NOT_PROBED_CLOSED	BLOCKED	NATIVE_ENTRANCE_PATH_UNPROVEN	0	territory:-5464:-5264:145109,89637|145721,89637|145721,90275|145108,90275	ssq13_2420_ssq27	data/spawns/Catacombs/CatacombOfTheWitch.xml|TOPOLOGY_CANDIDATES.tsv:1f561880f97126e32e40700300dca137db71500bd80bebf60a372495ecd8776f
IvoryTower	1f6e197c43cb1167e00878263f5670f6f11f77fa1c7039595c753e66fca56aa0	UNPROVEN						z:-5348:-5148		NOT_PROBED_CLOSED	BLOCKED	NATIVE_ENTRANCE_PATH_UNPROVEN	0	territory:-5348:-5148:80608,14032|82848,14204|82836,17716|79636,16232	oren29_2218_25	data/spawns/Oren/IvoryTower.xml|TOPOLOGY_CANDIDATES.tsv:1f6e197c43cb1167e00878263f5670f6f11f77fa1c7039595c753e66fca56aa0
TowerOfInsolence	1f7aa929a57feededa2de9de922bf54b65b6aedcc6ab900e2f35dac12613514d	UNPROVEN						z:-684:-484		NOT_PROBED_CLOSED	BLOCKED	NATIVE_ENTRANCE_PATH_UNPROVEN	0	territory:-684:-484:115180,13808|116020,14156|115516,15224|115004,14944	aden36_2318_09	data/spawns/Aden/TowerOfInsolence.xml|TOPOLOGY_CANDIDATES.tsv:1f7aa929a57feededa2de9de922bf54b65b6aedcc6ab900e2f35dac12613514d
NecropolisOfSacrifice	1fb9d0bbebef28d7a6755b1711ab21ade35d35b033ee80737666ce28cead72d4	UNPROVEN						z:-5121:-4971		NOT_PROBED_CLOSED	BLOCKED	NATIVE_ENTRANCE_PATH_UNPROVEN	0	territory:-5121:-4971:-43330,209922|-42679,209921|-42678,211805|-43330,211802	ssq01_1824_ssq02	data/spawns/Catacombs/NecropolisOfSacrifice.xml|TOPOLOGY_CANDIDATES.tsv:1fb9d0bbebef28d7a6755b1711ab21ade35d35b033ee80737666ce28cead72d4
NecropolisOfThePatriots	1fff8e2713e4428de21c69fe59eb7071bccba6c94f95fccdb7e3a5c0449f2684	UNPROVEN						z:-5205:-5055		NOT_PROBED_CLOSED	BLOCKED	NATIVE_ENTRANCE_PATH_UNPROVEN	0	territory:-5205:-5055:-19485,80383|-18884,80381|-18883,81024|-19486,81025	ssq03_1920_ssq06	data/spawns/Catacombs/NecropolisOfThePatriots.xml|TOPOLOGY_CANDIDATES.tsv:1fff8e2713e4428de21c69fe59eb7071bccba6c94f95fccdb7e3a5c0449f2684
CatacombOfTheBranded	204bf5fbbd0b1cd84112187024d666cd80e20889e665fdec18c1ffa7f13dad09	UNPROVEN						z:-5013:-4863		NOT_PROBED_CLOSED	BLOCKED	NATIVE_ENTRANCE_PATH_UNPROVEN	0	territory:-5013:-4863:50888,174598|51491,174598|51486,175236|50885,175235	ssq05_2123_ssq11	data/spawns/Catacombs/CatacombOfTheBranded.xml|TOPOLOGY_CANDIDATES.tsv:204bf5fbbd0b1cd84112187024d666cd80e20889e665fdec18c1ffa7f13dad09
CatacombOfTheBranded	205714bc055cbdc0623ac4a42269f59152b7078a9c22b716290386dcfc4f403f	UNPROVEN						z:-5014:-4864		NOT_PROBED_CLOSED	BLOCKED	NATIVE_ENTRANCE_PATH_UNPROVEN	0	territory:-5014:-4864:46302,171254|48142,171258|48140,171913|46300,171917	ssq05_2123_ssq07	data/spawns/Catacombs/CatacombOfTheBranded.xml|TOPOLOGY_CANDIDATES.tsv:205714bc055cbdc0623ac4a42269f59152b7078a9c22b716290386dcfc4f403f
NecropolisOfMartyrdom	2080129e73c88403e827ddd95f20cffde7bba2c56776201f8cf70c75a473b7fd	UNPROVEN						z:-4860:-4660		NOT_PROBED_CLOSED	BLOCKED	NATIVE_ENTRANCE_PATH_UNPROVEN	0	territory:-4860:-4660:119676,137048|121036,137080|121052,137752|119688,137720	ssq10_2322_ssq04	data/spawns/Catacombs/NecropolisOfMartyrdom.xml|TOPOLOGY_CANDIDATES.tsv:2080129e73c88403e827ddd95f20cffde7bba2c56776201f8cf70c75a473b7fd
CatacombOfDarkOmens	217066659815bde21ba98e7ad637d0e41fbcfcabab72e10a1d6c33ba75dfad9c	UNPROVEN						z:-4936:-4736		NOT_PROBED_CLOSED	BLOCKED	NATIVE_ENTRANCE_PATH_UNPROVEN	0	territory:-4936:-4736:-13728,13200|-13064,13200|-13072,13800|-13720,13808	ssq03_1918_ssq15	data/spawns/Catacombs/CatacombOfDarkOmens.xml|TOPOLOGY_CANDIDATES.tsv:217066659815bde21ba98e7ad637d0e41fbcfcabab72e10a1d6c33ba75dfad9c
IvoryTower	217709509636896b5442c4cab66946681d072c6d82c2dcabf1eddf099051eaec	UNPROVEN						z:-3780:-3480		NOT_PROBED_CLOSED	BLOCKED	NATIVE_ENTRANCE_PATH_UNPROVEN	0	territory:-3780:-3480:93504,120|98056,44|98116,4884|96020,4616|93264,3452	oren31_2218_04	data/spawns/Oren/IvoryTower.xml|TOPOLOGY_CANDIDATES.tsv:217709509636896b5442c4cab66946681d072c6d82c2dcabf1eddf099051eaec
NecropolisOfTheSaints	21c1af5b755e64f43abc4d48ae457dcaeb28f3a2d06908561482c05ae2558405	UNPROVEN						z:-5472:-5272		NOT_PROBED_CLOSED	BLOCKED	NATIVE_ENTRANCE_PATH_UNPROVEN	0	territory:-5472:-5272:93447,214574|94051,214578|94043,215230|93443,215242	ssq08_2224_ssq19	data/spawns/Catacombs/NecropolisOfTheSaints.xml|TOPOLOGY_CANDIDATES.tsv:21c1af5b755e64f43abc4d48ae457dcaeb28f3a2d06908561482c05ae2558405
TowerOfInsolence	21dd5b73d1286b655f16b3d3666130f6057e5e0d7495e9cc9534a2b49f876deb	UNPROVEN						z:5948:6148		NOT_PROBED_CLOSED	BLOCKED	NATIVE_ENTRANCE_PATH_UNPROVEN	0	territory:5948:6148:112324,17684|112974,17290|113424,17752|112999,18372	aden28_2318_12	data/spawns/Aden/TowerOfInsolence.xml|TOPOLOGY_CANDIDATES.tsv:21dd5b73d1286b655f16b3d3666130f6057e5e0d7495e9cc9534a2b49f876deb
IvoryTower	226106c6653b35fb70c062dfb393942555e0ac499450918fea6706b15a41f36c	UNPROVEN						z:-4008:-2708		NOT_PROBED_CLOSED	BLOCKED	NATIVE_ENTRANCE_PATH_UNPROVEN	0	territory:-4008:-2708:92196,8776|96640,9676|97980,10272|98048,18088|94764,16956|91924,11044	oren30_2218_06	data/spawns/Oren/IvoryTower.xml|TOPOLOGY_CANDIDATES.tsv:226106c6653b35fb70c062dfb393942555e0ac499450918fea6706b15a41f36c
TowerOfInsolence	22894ed980b07d9ed7524684bbd0c3385a9aa278ab60c773f9653e8dd34873a7	UNPROVEN						z:888:1088		NOT_PROBED_CLOSED	BLOCKED	NATIVE_ENTRANCE_PATH_UNPROVEN	0	territory:888:1088:115300,14424|116260,15200|116476,16280|116296,16916|115296,16512	aden37_2318_03	data/spawns/Aden/TowerOfInsolence.xml|TOPOLOGY_CANDIDATES.tsv:22894ed980b07d9ed7524684bbd0c3385a9aa278ab60c773f9653e8dd34873a7
NecropolisOfSacrifice	24200e656cbe6d203b91ed80eeafd780fc30f35bd6fa89a87c6ee5f26a7f9d98	UNPROVEN						z:-5115:-4965		NOT_PROBED_CLOSED	BLOCKED	NATIVE_ENTRANCE_PATH_UNPROVEN	0	territory:-5115:-4965:-44683,209918|-44020,209918|-44030,211793|-44683,211795	ssq01_1824_ssq06	data/spawns/Catacombs/NecropolisOfSacrifice.xml|TOPOLOGY_CANDIDATES.tsv:24200e656cbe6d203b91ed80eeafd780fc30f35bd6fa89a87c6ee5f26a7f9d98
CatacombOfTheApostate	245c4d2c36c72c11043e56fe9288223870f69234ae6ea13c8a40526a5fa0300f	UNPROVEN						z:-8196:-8046		NOT_PROBED_CLOSED	BLOCKED	NATIVE_ENTRANCE_PATH_UNPROVEN	0	territory:-8196:-8046:-11300,-240803|-10694,-240799|-10695,-240161|-11294,-240161	ssq11_2220_ssq23	data/spawns/Catacombs/CatacombOfTheApostate.xml|TOPOLOGY_CANDIDATES.tsv:245c4d2c36c72c11043e56fe9288223870f69234ae6ea13c8a40526a5fa0300f
DevilsIsle	249a7831febb71267b349c4a78047ce2a4967ba751ecbd6d6090bb710f54ca14	UNPROVEN						z:-3632:-3432		NOT_PROBED_CLOSED	BLOCKED	NATIVE_ENTRANCE_PATH_UNPROVEN	0	territory:-3632:-3432:48397,218429|49158,218215|49559,218856|48972,219565|48430,219304	giran08_2124_057	data/spawns/Giran/DevilsIsle.xml|TOPOLOGY_CANDIDATES.tsv:249a7831febb71267b349c4a78047ce2a4967ba751ecbd6d6090bb710f54ca14
NecropolisOfSacrifice	249f18a0a95fdea3e77c5b7f35d32ff0030ae000f355d1d260b3bd405c7683b0	UNPROVEN						z:-5119:-4969		NOT_PROBED_CLOSED	BLOCKED	NATIVE_ENTRANCE_PATH_UNPROVEN	0	territory:-5119:-4969:-49970,209793|-48619,209811|-48623,210453|-49974,210453	ssq01_1824_ssq35	data/spawns/Catacombs/NecropolisOfSacrifice.xml|TOPOLOGY_CANDIDATES.tsv:249f18a0a95fdea3e77c5b7f35d32ff0030ae000f355d1d260b3bd405c7683b0
TowerOfInsolence	24f120d6ef183ba4092b62202e07debb05f940f4b29915bc707450f25f68d331	UNPROVEN						z:-692:-492		NOT_PROBED_CLOSED	BLOCKED	NATIVE_ENTRANCE_PATH_UNPROVEN	0	territory:-692:-492:115844,15896|117436,15624|117420,16456|115824,16208	aden36_2318_07	data/spawns/Aden/TowerOfInsolence.xml|TOPOLOGY_CANDIDATES.tsv:24f120d6ef183ba4092b62202e07debb05f940f4b29915bc707450f25f68d331
DevilsIsle	24f298f8535b7f3ab04b423a1f31a8eaddc4eb10355216e08f63d31a5a904173	UNPROVEN						z:-4268:-3918		NOT_PROBED_CLOSED	BLOCKED	NATIVE_ENTRANCE_PATH_UNPROVEN	0	territory:-4268:-3918:41938,201923|42319,201754|42475,202032|42158,202642|41856,202672	giran08_2124_008	data/spawns/Giran/DevilsIsle.xml|TOPOLOGY_CANDIDATES.tsv:24f298f8535b7f3ab04b423a1f31a8eaddc4eb10355216e08f63d31a5a904173
NecropolisOfMartyrdom	25b4d8712a378b3a94b41e2b2ead70258c7c0acd435aad08669bbb9acecaf212	UNPROVEN						z:-4864:-4664		NOT_PROBED_CLOSED	BLOCKED	NATIVE_ENTRANCE_PATH_UNPROVEN	0	territory:-4864:-4664:120566,135809|121170,135801|121158,136453|120568,136449	ssq10_2322_ssq06	data/spawns/Catacombs/NecropolisOfMartyrdom.xml|TOPOLOGY_CANDIDATES.tsv:25b4d8712a378b3a94b41e2b2ead70258c7c0acd435aad08669bbb9acecaf212
CatacombOfTheWitch	25c4cceb85a64afa16b7b0e9f45f60ba39f91ca897ddb0b228620c1b20b75648	UNPROVEN						z:-5464:-5264		NOT_PROBED_CLOSED	BLOCKED	NATIVE_ENTRANCE_PATH_UNPROVEN	0	territory:-5464:-5264:145102,79366|145715,79366|145715,80003|145102,80003	ssq13_2420_ssq03	data/spawns/Catacombs/CatacombOfTheWitch.xml|TOPOLOGY_CANDIDATES.tsv:25c4cceb85a64afa16b7b0e9f45f60ba39f91ca897ddb0b228620c1b20b75648
NecropolisOfMartyrdom	2667a812e0761a158b3828cd6be5ed7c269e6adb626ea671cfdaad9a1b0565b1	UNPROVEN						z:-4872:-4672		NOT_PROBED_CLOSED	BLOCKED	NATIVE_ENTRANCE_PATH_UNPROVEN	0	territory:-4872:-4672:118608,134356|119320,134348|119280,135712|118620,135704	ssq10_2322_ssq02	data/spawns/Catacombs/NecropolisOfMartyrdom.xml|TOPOLOGY_CANDIDATES.tsv:2667a812e0761a158b3828cd6be5ed7c269e6adb626ea671cfdaad9a1b0565b1
CatacombOfTheHeretic	269fe5493d1dd3df4d6f36d46af2be96eb6f4b22d1b1f86284dd0ba4ac20cba9	UNPROVEN						z:-7948:-7798		NOT_PROBED_CLOSED	BLOCKED	NATIVE_ENTRANCE_PATH_UNPROVEN	0	territory:-7948:-7798:-43595,-247862|-42266,-247868|-42263,-247240|-43593,-247237	ssq06_2122_ssq30	data/spawns/Catacombs/CatacombOfTheHeretic.xml|TOPOLOGY_CANDIDATES.tsv:269fe5493d1dd3df4d6f36d46af2be96eb6f4b22d1b1f86284dd0ba4ac20cba9
DevilsIsle	26cdc2a0529f8dbd600d5562ed30c3751a6d07d85bb89f83e12203b85e9cd4cc	UNPROVEN						z:-2740:-2540		NOT_PROBED_CLOSED	BLOCKED	NATIVE_ENTRANCE_PATH_UNPROVEN	0	territory:-2740:-2540:49135,207867|51120,207877|51116,209461|49131,209451	giran08_2124_078	data/spawns/Giran/DevilsIsle.xml|TOPOLOGY_CANDIDATES.tsv:26cdc2a0529f8dbd600d5562ed30c3751a6d07d85bb89f83e12203b85e9cd4cc
NecropolisOfTheSaints	28006d2f7dec79379a60a30c20ccb82a0d524a2f4513c2c22ade3ab1f72c74fe	UNPROVEN						z:-5480:-5280		NOT_PROBED_CLOSED	BLOCKED	NATIVE_ENTRANCE_PATH_UNPROVEN	0	territory:-5480:-5280:91506,215777|92190,215773|92178,217125|91510,217141	ssq08_2224_ssq26	data/spawns/Catacombs/NecropolisOfTheSaints.xml|TOPOLOGY_CANDIDATES.tsv:28006d2f7dec79379a60a30c20ccb82a0d524a2f4513c2c22ade3ab1f72c74fe
DevilsIsle	28f24d17defb1e40d4c3f2720984755d1506822b57d5f79609094d76b122082c	UNPROVEN						z:-3056:-2856		NOT_PROBED_CLOSED	BLOCKED	NATIVE_ENTRANCE_PATH_UNPROVEN	0	territory:-3056:-2856:51216,210670|52631,210682|52643,211856|51227,211845	giran08_2124_074	data/spawns/Giran/DevilsIsle.xml|TOPOLOGY_CANDIDATES.tsv:28f24d17defb1e40d4c3f2720984755d1506822b57d5f79609094d76b122082c
NecropolisOfTheDisciples	29463d5f8a204936fd6d1f7fb1a3720537980f8b77de364f59621fe0ad79847a	UNPROVEN						z:-4940:-4740		NOT_PROBED_CLOSED	BLOCKED	NATIVE_ENTRANCE_PATH_UNPROVEN	0	territory:-4940:-4740:180134,-11345|180821,-11345|180821,-9511|180134,-9511	ssq14_2517_ssq31	data/spawns/Catacombs/NecropolisOfTheDisciples.xml|TOPOLOGY_CANDIDATES.tsv:29463d5f8a204936fd6d1f7fb1a3720537980f8b77de364f59621fe0ad79847a
TowerOfInsolence	29545a8470779c4c7100df8f085148ffff6d114c7957cc1beff974f30510082a	UNPROVEN						z:896:1096		NOT_PROBED_CLOSED	BLOCKED	NATIVE_ENTRANCE_PATH_UNPROVEN	0	territory:896:1096:112320,14392|112992,13736|113456,14508|113024,14888	aden37_2318_07	data/spawns/Aden/TowerOfInsolence.xml|TOPOLOGY_CANDIDATES.tsv:29545a8470779c4c7100df8f085148ffff6d114c7957cc1beff974f30510082a
TowerOfInsolence	29e0f904e6b1dcc9bad64bd5d4149a4465e5576a2fb110db2c22772d0172ea9b	UNPROVEN						z:6961:7161		NOT_PROBED_CLOSED	BLOCKED	NATIVE_ENTRANCE_PATH_UNPROVEN	0	territory:6961:7161:114772,13805|115710,14092|114835,14859|114204,14333	aden29_2318_04	data/spawns/Aden/TowerOfInsolence.xml|TOPOLOGY_CANDIDATES.tsv:29e0f904e6b1dcc9bad64bd5d4149a4465e5576a2fb110db2c22772d0172ea9b
NecropolisOfSacrifice	29f4cdd25506f6a5d8cacaa5f260d6660de78166003b55ae62d0468230bcb454	UNPROVEN						z:-5115:-4965		NOT_PROBED_CLOSED	BLOCKED	NATIVE_ENTRANCE_PATH_UNPROVEN	0	territory:-5115:-4965:-47589,220129|-46950,220133|-46952,220727|-47587,220732	ssq01_1824_ssq19	data/spawns/Catacombs/NecropolisOfSacrifice.xml|TOPOLOGY_CANDIDATES.tsv:29f4cdd25506f6a5d8cacaa5f260d6660de78166003b55ae62d0468230bcb454
CatacombOfDarkOmens	29fd6a1983a590ef1852e4494d0bbec47da30170733ad290193248466fd12c88	UNPROVEN						z:-4936:-4736		NOT_PROBED_CLOSED	BLOCKED	NATIVE_ENTRANCE_PATH_UNPROVEN	0	territory:-4936:-4736:-14768,13216|-14184,13216|-14188,13788|-14780,13780	ssq03_1918_ssq02	data/spawns/Catacombs/CatacombOfDarkOmens.xml|TOPOLOGY_CANDIDATES.tsv:29fd6a1983a590ef1852e4494d0bbec47da30170733ad290193248466fd12c88
CatacombOfDarkOmens	2a19e379290b17275b21d585162c1802c615d197748f6bc37f7f8ea90399fca0	UNPROVEN						z:-4932:-4732		NOT_PROBED_CLOSED	BLOCKED	NATIVE_ENTRANCE_PATH_UNPROVEN	0	territory:-4932:-4732:-9112,14320|-8464,14292|-8464,14864|-9108,14888	ssq03_1918_ssq17	data/spawns/Catacombs/CatacombOfDarkOmens.xml|TOPOLOGY_CANDIDATES.tsv:2a19e379290b17275b21d585162c1802c615d197748f6bc37f7f8ea90399fca0
DevilsIsle	2a5ab13cb674a6200d5ff19cdef2fff2b687abc8bfe7472307a2a83934f68d47	UNPROVEN						z:-3764:-3564		NOT_PROBED_CLOSED	BLOCKED	NATIVE_ENTRANCE_PATH_UNPROVEN	0	territory:-3764:-3564:42805,214266|43627,214195|43386,214355|42805,214405	giran08_2124_035	data/spawns/Giran/DevilsIsle.xml|TOPOLOGY_CANDIDATES.tsv:2a5ab13cb674a6200d5ff19cdef2fff2b687abc8bfe7472307a2a83934f68d47
CatacombOfTheApostate	2a60a9b26103a40f7de9897aadf34e0919bcf3bb07fe3e936d66c82f65e1764d	UNPROVEN						z:-8201:-8051		NOT_PROBED_CLOSED	BLOCKED	NATIVE_ENTRANCE_PATH_UNPROVEN	0	territory:-8201:-8051:-11681,-250964|-11010,-250967|-11000,-249104|-11681,-249110	ssq11_2220_ssq34	data/spawns/Catacombs/CatacombOfTheApostate.xml|TOPOLOGY_CANDIDATES.tsv:2a60a9b26103a40f7de9897aadf34e0919bcf3bb07fe3e936d66c82f65e1764d
NecropolisOfTheDisciples	2a66a50f8960e89c914744b256f1a0c60b17c1264b6418653f99d5d4457cc30b	UNPROVEN						z:-4936:-4736		NOT_PROBED_CLOSED	BLOCKED	NATIVE_ENTRANCE_PATH_UNPROVEN	0	territory:-4936:-4736:178018,-17932|178680,-17926|178680,-17310|178018,-17316	ssq14_2517_ssq09	data/spawns/Catacombs/NecropolisOfTheDisciples.xml|TOPOLOGY_CANDIDATES.tsv:2a66a50f8960e89c914744b256f1a0c60b17c1264b6418653f99d5d4457cc30b
CatacombOfTheWitch	2abf69ec00b777339013198cc5df9487fdf0bad19fd0a760d3cf8d7811b62347	UNPROVEN						z:-5464:-5264		NOT_PROBED_CLOSED	BLOCKED	NATIVE_ENTRANCE_PATH_UNPROVEN	0	territory:-5464:-5264:149482,85069|150162,85069|150162,86948|149482,86968	ssq13_2420_ssq29	data/spawns/Catacombs/CatacombOfTheWitch.xml|TOPOLOGY_CANDIDATES.tsv:2abf69ec00b777339013198cc5df9487fdf0bad19fd0a760d3cf8d7811b62347
CatacombOfTheHeretic	2b4188b0ab61c62d92bc2a5b9f5fa158012530c67a76406d8201fd513420c6f2	UNPROVEN						z:-7945:-7795		NOT_PROBED_CLOSED	BLOCKED	NATIVE_ENTRANCE_PATH_UNPROVEN	0	territory:-7945:-7795:-47473,-250571|-46840,-250563|-46837,-249971|-47474,-249963	ssq06_2122_ssq34	data/spawns/Catacombs/CatacombOfTheHeretic.xml|TOPOLOGY_CANDIDATES.tsv:2b4188b0ab61c62d92bc2a5b9f5fa158012530c67a76406d8201fd513420c6f2
DevilsIsle	2b62b01782e484a9d8d6e20d934acfea0f6de17efa4df7d313283b5a09099b66	UNPROVEN						z:-3464:-3264		NOT_PROBED_CLOSED	BLOCKED	NATIVE_ENTRANCE_PATH_UNPROVEN	0	territory:-3464:-3264:49464,213202|50764,213202|50764,214368|49464,214368	giran08_2124_066	data/spawns/Giran/DevilsIsle.xml|TOPOLOGY_CANDIDATES.tsv:2b62b01782e484a9d8d6e20d934acfea0f6de17efa4df7d313283b5a09099b66
CatacombOfTheForbiddenPath	2bd572419a9adb3789fbf99af637c351ea1cc4e00638d2c4b99cda4e95cb16f5	UNPROVEN						z:-9612:-9412		NOT_PROBED_CLOSED	BLOCKED	NATIVE_ENTRANCE_PATH_UNPROVEN	0	territory:-9612:-9412:20385,-246710|21053,-246686|21057,-244814|20393,-244806	ssq12_2320_ssq13	data/spawns/Catacombs/CatacombOfTheForbiddenPath.xml|TOPOLOGY_CANDIDATES.tsv:2bd572419a9adb3789fbf99af637c351ea1cc4e00638d2c4b99cda4e95cb16f5
DevilsIsle	2cc58b1a38dda7cf0aa18860b2be2703dcc532783244b93a793fd59feba10895	UNPROVEN						z:-3464:-3264		NOT_PROBED_CLOSED	BLOCKED	NATIVE_ENTRANCE_PATH_UNPROVEN	0	territory:-3464:-3264:48846,212831|49319,212831|49319,213840|48846,213840	giran08_2124_064	data/spawns/Giran/DevilsIsle.xml|TOPOLOGY_CANDIDATES.tsv:2cc58b1a38dda7cf0aa18860b2be2703dcc532783244b93a793fd59feba10895
IvoryTower	2d32bdebdb137fca96b7641029a87234cadf94cd94de1fd0e23f322a20bf834e	UNPROVEN						z:-3652:-3052		NOT_PROBED_CLOSED	BLOCKED	NATIVE_ENTRANCE_PATH_UNPROVEN	0	territory:-3652:-3052:74760,7460|77336,3776|82516,8340|78816,11160	oren30_2218_17	data/spawns/Oren/IvoryTower.xml|TOPOLOGY_CANDIDATES.tsv:2d32bdebdb137fca96b7641029a87234cadf94cd94de1fd0e23f322a20bf834e
CatacombOfTheHeretic	2d7a858e21c84292c89bb6802b547411244cd7b09a6583651a09c8c7675163c5	UNPROVEN						z:-7949:-7799		NOT_PROBED_CLOSED	BLOCKED	NATIVE_ENTRANCE_PATH_UNPROVEN	0	territory:-7949:-7799:-46021,-240251|-44694,-240246|-44696,-239624|-46026,-239619	ssq06_2122_ssq20	data/spawns/Catacombs/CatacombOfTheHeretic.xml|TOPOLOGY_CANDIDATES.tsv:2d7a858e21c84292c89bb6802b547411244cd7b09a6583651a09c8c7675163c5
NecropolisOfTheDisciples	2d8cff9cca38c2cab30f31564fbae980ed35c9ad51e8ce63c59163f6827f9b11	UNPROVEN						z:-4936:-4736		NOT_PROBED_CLOSED	BLOCKED	NATIVE_ENTRANCE_PATH_UNPROVEN	0	territory:-4936:-4736:176947,-17912|177610,-17907|177610,-17290|176947,-17296	ssq14_2517_ssq08	data/spawns/Catacombs/NecropolisOfTheDisciples.xml|TOPOLOGY_CANDIDATES.tsv:2d8cff9cca38c2cab30f31564fbae980ed35c9ad51e8ce63c59163f6827f9b11
NecropolisOfTheSaints	2ddd5ca1723fbd4350de8c15401970a76c6fa6fc0893f627545d24b5a500fc0f	UNPROVEN						z:-5468:-5268		NOT_PROBED_CLOSED	BLOCKED	NATIVE_ENTRANCE_PATH_UNPROVEN	0	territory:-5468:-5268:93448,219212|94044,219220|94048,219844|93452,219860	ssq08_2224_ssq21	data/spawns/Catacombs/NecropolisOfTheSaints.xml|TOPOLOGY_CANDIDATES.tsv:2ddd5ca1723fbd4350de8c15401970a76c6fa6fc0893f627545d24b5a500fc0f
NecropolisOfDevotion	2e22b7f7fee9eda5e1d9c2e823756d16d622f4bcb08e1445862175439878dcf0	UNPROVEN						z:-4776:-4626		NOT_PROBED_CLOSED	BLOCKED	NATIVE_ENTRANCE_PATH_UNPROVEN	0	territory:-4776:-4626:-46517,78792|-45920,78795|-45929,79416|-46523,79409	ssq02_1820_ssq14	data/spawns/Catacombs/NecropolisOfDevotion.xml|TOPOLOGY_CANDIDATES.tsv:2e22b7f7fee9eda5e1d9c2e823756d16d622f4bcb08e1445862175439878dcf0
CatacombOfTheWitch	2ef967be2a098437fd8e58c550857afe8091c8a25be3697b99bf185492cc32bf	UNPROVEN						z:-5464:-5264		NOT_PROBED_CLOSED	BLOCKED	NATIVE_ENTRANCE_PATH_UNPROVEN	0	territory:-5464:-5264:146179,85061|146791,85061|146791,85698|146178,85698	ssq13_2420_ssq28	data/spawns/Catacombs/CatacombOfTheWitch.xml|TOPOLOGY_CANDIDATES.tsv:2ef967be2a098437fd8e58c550857afe8091c8a25be3697b99bf185492cc32bf
TowerOfInsolence	2fada487fac12271c0037c27232db643d1db664520c072236253f2e23e60d04e	UNPROVEN						z:-684:-484		NOT_PROBED_CLOSED	BLOCKED	NATIVE_ENTRANCE_PATH_UNPROVEN	0	territory:-684:-484:112844,14432|114072,13680|114348,14880|114044,15016	aden36_2318_10	data/spawns/Aden/TowerOfInsolence.xml|TOPOLOGY_CANDIDATES.tsv:2fada487fac12271c0037c27232db643d1db664520c072236253f2e23e60d04e
CatacombOfTheForbiddenPath	2fb0193af98dcc2f57a373809e996e944851147ae1009baf6466d69ed21bdf5b	UNPROVEN						z:-9612:-9412		NOT_PROBED_CLOSED	BLOCKED	NATIVE_ENTRANCE_PATH_UNPROVEN	0	territory:-9612:-9412:12721,-247378|14645,-247366|14637,-246714|12717,-246698	ssq12_2320_ssq01	data/spawns/Catacombs/CatacombOfTheForbiddenPath.xml|TOPOLOGY_CANDIDATES.tsv:2fb0193af98dcc2f57a373809e996e944851147ae1009baf6466d69ed21bdf5b
NecropolisOfThePilgrims	2fc61e68b781ea77503e4b76b5cac89f35a2cd3827afaa0af9ae47ee7fd55488	UNPROVEN						z:-5446:-5296		NOT_PROBED_CLOSED	BLOCKED	NATIVE_ENTRANCE_PATH_UNPROVEN	0	territory:-5446:-5296:49540,118633|50167,118633|50172,119228|49539,119225	ssq07_2121_ssq11	data/spawns/Catacombs/NecropolisOfThePilgrims.xml|TOPOLOGY_CANDIDATES.tsv:2fc61e68b781ea77503e4b76b5cac89f35a2cd3827afaa0af9ae47ee7fd55488
CatacombOfTheWitch	2fd48d343710dce716912c2370807654009adadced6c2d68776afd9fdc073c8d	UNPROVEN						z:-5464:-5264		NOT_PROBED_CLOSED	BLOCKED	NATIVE_ENTRANCE_PATH_UNPROVEN	0	territory:-5464:-5264:146177,83964|146789,83964|146789,84601|146177,84601	ssq13_2420_ssq16	data/spawns/Catacombs/CatacombOfTheWitch.xml|TOPOLOGY_CANDIDATES.tsv:2fd48d343710dce716912c2370807654009adadced6c2d68776afd9fdc073c8d
DevilsIsle	2fe934bf9b1f2ea6ecf22537baf8dcedf20c87d8ad40e836b43f2b6de832b486	UNPROVEN						z:-3620:-3420		NOT_PROBED_CLOSED	BLOCKED	NATIVE_ENTRANCE_PATH_UNPROVEN	0	territory:-3620:-3420:45982,220162|46833,219847|47189,220185|47166,220974|46576,221032|46003,220831	giran08_2124_052	data/spawns/Giran/DevilsIsle.xml|TOPOLOGY_CANDIDATES.tsv:2fe934bf9b1f2ea6ecf22537baf8dcedf20c87d8ad40e836b43f2b6de832b486
TowerOfInsolence	30885b273c841b3ff2e45627702f91ce28efb1211a34f19a7c8caa56a88c6f1a	UNPROVEN						z:4938:5288		NOT_PROBED_CLOSED	BLOCKED	NATIVE_ENTRANCE_PATH_UNPROVEN	0	territory:4938:5288:116067,15011|116352,15796|116355,16403|116118,17012|115014,16046	aden41_2318_05	data/spawns/Aden/TowerOfInsolence.xml|TOPOLOGY_CANDIDATES.tsv:30885b273c841b3ff2e45627702f91ce28efb1211a34f19a7c8caa56a88c6f1a
CatacombOfDarkOmens	30d33bf4c637d6c2112a24eb565ceff18de4b973af6bffab037eff1e0e63a783	UNPROVEN						z:-4936:-4736		NOT_PROBED_CLOSED	BLOCKED	NATIVE_ENTRANCE_PATH_UNPROVEN	0	territory:-4936:-4736:-18248,14324|-17624,14352|-17632,14932|-18244,14924	ssq03_1918_ssq04	data/spawns/Catacombs/CatacombOfDarkOmens.xml|TOPOLOGY_CANDIDATES.tsv:30d33bf4c637d6c2112a24eb565ceff18de4b973af6bffab037eff1e0e63a783
NecropolisOfDevotion	30f61be39ea53798d6fec605169f35a8e1427b88f158921d1da411e814f847b5	UNPROVEN						z:-4775:-4625		NOT_PROBED_CLOSED	BLOCKED	NATIVE_ENTRANCE_PATH_UNPROVEN	0	territory:-4775:-4625:-47635,78803|-46991,78804|-46993,79402|-47633,79404	ssq02_1820_ssq07	data/spawns/Catacombs/NecropolisOfDevotion.xml|TOPOLOGY_CANDIDATES.tsv:30f61be39ea53798d6fec605169f35a8e1427b88f158921d1da411e814f847b5
CatacombOfTheHeretic	3126ff3f19cb0b0cbb14edcb694d39b8bab6ee74acad32feb6bbb6c28e1e192a	UNPROVEN						z:-7942:-7792		NOT_PROBED_CLOSED	BLOCKED	NATIVE_ENTRANCE_PATH_UNPROVEN	0	territory:-7942:-7792:-42837,-244899|-42253,-244899|-42248,-244253|-42836,-244259	ssq06_2122_ssq28	data/spawns/Catacombs/CatacombOfTheHeretic.xml|TOPOLOGY_CANDIDATES.tsv:3126ff3f19cb0b0cbb14edcb694d39b8bab6ee74acad32feb6bbb6c28e1e192a
ImperialTomb	31d3d6cc3b1f562a81bcb068e458e4002891231f4493f98c8b2c7fda824e3e4f	UNPROVEN						z:-2775:-2475		NOT_PROBED_CLOSED	BLOCKED	NATIVE_ENTRANCE_PATH_UNPROVEN	0	territory:-2775:-2475:174676,-75761|175457,-75739|175449,-74942|174703,-74937	godard14_2515_06	data/spawns/Goddard/ImperialTomb.xml|TOPOLOGY_CANDIDATES.tsv:31d3d6cc3b1f562a81bcb068e458e4002891231f4493f98c8b2c7fda824e3e4f
DevilsIsle	32030ead7ab63c0f3ff5d307a14b57b2a86c3321c3f1ad8481366bf277784961	UNPROVEN						z:-3808:-3608		NOT_PROBED_CLOSED	BLOCKED	NATIVE_ENTRANCE_PATH_UNPROVEN	0	territory:-3808:-3608:45112,212320|46048,212280|46280,212392|46224,212980|45261,212938|45068,212504	giran08_2124_039	data/spawns/Giran/DevilsIsle.xml|TOPOLOGY_CANDIDATES.tsv:32030ead7ab63c0f3ff5d307a14b57b2a86c3321c3f1ad8481366bf277784961
CatacombOfTheWitch	322088d8e2413ec8dda897f962f50d2dacb62b8186742192ee398919d69b780f	UNPROVEN						z:-5464:-5264		NOT_PROBED_CLOSED	BLOCKED	NATIVE_ENTRANCE_PATH_UNPROVEN	0	territory:-5464:-5264:144338,87774|145809,87774|145809,88411|144338,88411	ssq13_2420_ssq25	data/spawns/Catacombs/CatacombOfTheWitch.xml|TOPOLOGY_CANDIDATES.tsv:322088d8e2413ec8dda897f962f50d2dacb62b8186742192ee398919d69b780f
TowerOfInsolence	3236e8990f1472c15614db024530c684181800f170aa76aad579a7afa547e103	UNPROVEN						z:4940:5290		NOT_PROBED_CLOSED	BLOCKED	NATIVE_ENTRANCE_PATH_UNPROVEN	0	territory:4940:5290:115677,16833|116066,17170|115415,17670|115180,17333	aden41_2318_04	data/spawns/Aden/TowerOfInsolence.xml|TOPOLOGY_CANDIDATES.tsv:3236e8990f1472c15614db024530c684181800f170aa76aad579a7afa547e103
DevilsIsle	32ffd656856492185c94d6c7133ced9213917612717010ad6c360198304dd9a6	UNPROVEN						z:-3624:-3424		NOT_PROBED_CLOSED	BLOCKED	NATIVE_ENTRANCE_PATH_UNPROVEN	0	territory:-3624:-3424:47212,211356|47601,211356|47583,211710|47521,211813|47269,211811	giran08_2124_027	data/spawns/Giran/DevilsIsle.xml|TOPOLOGY_CANDIDATES.tsv:32ffd656856492185c94d6c7133ced9213917612717010ad6c360198304dd9a6
ImperialTomb	33630bee515c5257b2db0fe8e1ab7526b102194ef25d2285429494b0241be946	UNPROVEN						z:-2778:-2478		NOT_PROBED_CLOSED	BLOCKED	NATIVE_ENTRANCE_PATH_UNPROVEN	0	territory:-2778:-2478:177505,-75734|178286,-75713|178278,-74915|177532,-74910	godard14_2515_05	data/spawns/Goddard/ImperialTomb.xml|TOPOLOGY_CANDIDATES.tsv:33630bee515c5257b2db0fe8e1ab7526b102194ef25d2285429494b0241be946
NecropolisOfTheDisciples	336edb6d4915e749622dc1cad9a9460ed58ed3de51b25825840f9699e1bcb62f	UNPROVEN						z:-4936:-4736		NOT_PROBED_CLOSED	BLOCKED	NATIVE_ENTRANCE_PATH_UNPROVEN	0	territory:-4936:-4736:178019,-13303|178682,-13297|178682,-12681|178019,-12686	ssq14_2517_ssq12	data/spawns/Catacombs/NecropolisOfTheDisciples.xml|TOPOLOGY_CANDIDATES.tsv:336edb6d4915e749622dc1cad9a9460ed58ed3de51b25825840f9699e1bcb62f
NecropolisOfMartyrdom	33bbac33c48859b4b7e4b4b86eb42e3905a0419369f3de6524a3e0439076bce9	UNPROVEN						z:-4864:-4664		NOT_PROBED_CLOSED	BLOCKED	NATIVE_ENTRANCE_PATH_UNPROVEN	0	territory:-4864:-4664:128638,132457|129242,132449|129230,133101|128639,133097	ssq10_2322_ssq19	data/spawns/Catacombs/NecropolisOfMartyrdom.xml|TOPOLOGY_CANDIDATES.tsv:33bbac33c48859b4b7e4b4b86eb42e3905a0419369f3de6524a3e0439076bce9
CatacombOfDarkOmens	340044959286187ac023ca9379947f01dc67f50a16489c05a6e33e19d41fbc3d	UNPROVEN						z:-4932:-4732		NOT_PROBED_CLOSED	BLOCKED	NATIVE_ENTRANCE_PATH_UNPROVEN	0	territory:-4932:-4732:-11708,17772|-10352,17796|-10348,18456|-11720,18412	ssq03_1918_ssq12	data/spawns/Catacombs/CatacombOfDarkOmens.xml|TOPOLOGY_CANDIDATES.tsv:340044959286187ac023ca9379947f01dc67f50a16489c05a6e33e19d41fbc3d
TowerOfInsolence	3413c5fcc9c6f53a135987ee7e42e4c866885bbbdb2596a1be8a4f7c804c5e6a	UNPROVEN						z:-3644:-3444		NOT_PROBED_CLOSED	BLOCKED	NATIVE_ENTRANCE_PATH_UNPROVEN	0	territory:-3644:-3444:113844,16052|114576,15244|115488,16116|114684,16904	aden34_2318_01	data/spawns/Aden/TowerOfInsolence.xml|TOPOLOGY_CANDIDATES.tsv:3413c5fcc9c6f53a135987ee7e42e4c866885bbbdb2596a1be8a4f7c804c5e6a
CatacombOfTheBranded	34983e4180282ea7b921031376e8ee75c5ad0a6cc0369484154c55f6a4ef7d60	UNPROVEN						z:-5014:-4864		NOT_PROBED_CLOSED	BLOCKED	NATIVE_ENTRANCE_PATH_UNPROVEN	0	territory:-5014:-4864:54677,170020|55307,170018|55301,171367|54680,171368	ssq05_2123_ssq38	data/spawns/Catacombs/CatacombOfTheBranded.xml|TOPOLOGY_CANDIDATES.tsv:34983e4180282ea7b921031376e8ee75c5ad0a6cc0369484154c55f6a4ef7d60
NecropolisOfTheSaints	351543fd990f16534e3f9feff79cf097f87195566857f2cadd00256ad7d3a326	UNPROVEN						z:-5472:-5272		NOT_PROBED_CLOSED	BLOCKED	NATIVE_ENTRANCE_PATH_UNPROVEN	0	territory:-5472:-5272:92440,211332|93820,211336|93816,212016|92444,212012	ssq08_2224_ssq14	data/spawns/Catacombs/NecropolisOfTheSaints.xml|TOPOLOGY_CANDIDATES.tsv:351543fd990f16534e3f9feff79cf097f87195566857f2cadd00256ad7d3a326
TowerOfInsolence	3588e5c8988f06d4ceca49d27d88268620bb3386e6b0302e6a5fd62535cfe891	UNPROVEN						z:1904:2104		NOT_PROBED_CLOSED	BLOCKED	NATIVE_ENTRANCE_PATH_UNPROVEN	0	territory:1904:2104:114093,14243|115256,14256|115240,15260|114119,15214	aden38_2318_02	data/spawns/Aden/TowerOfInsolence.xml|TOPOLOGY_CANDIDATES.tsv:3588e5c8988f06d4ceca49d27d88268620bb3386e6b0302e6a5fd62535cfe891
DevilsIsle	36715714c54c1ca62f741941cd479566c7e96713cc74fb23d00a80c9074f76f6	UNPROVEN						z:-4048:-3848		NOT_PROBED_CLOSED	BLOCKED	NATIVE_ENTRANCE_PATH_UNPROVEN	0	territory:-4048:-3848:51296,205421|51788,205266|51496,205621|51072,205896	giran08_2124_020	data/spawns/Giran/DevilsIsle.xml|TOPOLOGY_CANDIDATES.tsv:36715714c54c1ca62f741941cd479566c7e96713cc74fb23d00a80c9074f76f6
NecropolisOfSacrifice	367ef00209b76ec30dc5a704036dfd16a49dc04aeb337843683594ac5b0ea7a6	UNPROVEN						z:-5120:-4970		NOT_PROBED_CLOSED	BLOCKED	NATIVE_ENTRANCE_PATH_UNPROVEN	0	territory:-5120:-4970:-52187,214440|-51556,214442|-51555,215047|-52188,215043	ssq01_1824_ssq32	data/spawns/Catacombs/NecropolisOfSacrifice.xml|TOPOLOGY_CANDIDATES.tsv:367ef00209b76ec30dc5a704036dfd16a49dc04aeb337843683594ac5b0ea7a6
DevilsIsle	36d876c83cca0fb5e4428f1f3bd24cd3f986ef164dc203a85b5ddd4f94560940	UNPROVEN						z:-3683:-3483		NOT_PROBED_CLOSED	BLOCKED	NATIVE_ENTRANCE_PATH_UNPROVEN	0	territory:-3683:-3483:46427,204961|47040,205041|47151,206130|46967,206686|45939,206427|45717,206109|45717,205188	giran08_2124_013	data/spawns/Giran/DevilsIsle.xml|TOPOLOGY_CANDIDATES.tsv:36d876c83cca0fb5e4428f1f3bd24cd3f986ef164dc203a85b5ddd4f94560940
NecropolisOfTheDisciples	37579b30c23046c4efee2de604cf13258673fe729c3580f01b9442c1494b7424	UNPROVEN						z:-4936:-4736		NOT_PROBED_CLOSED	BLOCKED	NATIVE_ENTRANCE_PATH_UNPROVEN	0	territory:-4936:-4736:177994,-16054|179457,-16054|179457,-15357|177994,-15357	ssq14_2517_ssq10	data/spawns/Catacombs/NecropolisOfTheDisciples.xml|TOPOLOGY_CANDIDATES.tsv:37579b30c23046c4efee2de604cf13258673fe729c3580f01b9442c1494b7424
NecropolisOfTheDisciples	378cb6a28e9789124c8fba40d62080444db4b2ff6c2b84ec4fa9d173c13dad9f	UNPROVEN						z:-4936:-4736		NOT_PROBED_CLOSED	BLOCKED	NATIVE_ENTRANCE_PATH_UNPROVEN	0	territory:-4936:-4736:172323,-7640|172985,-7635|172985,-7018|172323,-7024	ssq14_2517_ssq23	data/spawns/Catacombs/NecropolisOfTheDisciples.xml|TOPOLOGY_CANDIDATES.tsv:378cb6a28e9789124c8fba40d62080444db4b2ff6c2b84ec4fa9d173c13dad9f
NecropolisOfThePilgrims	383b2f11c773c501d5a80426f02246aa3b5b679afc413d936d9506c496b0b173	UNPROVEN						z:-5448:-5298		NOT_PROBED_CLOSED	BLOCKED	NATIVE_ENTRANCE_PATH_UNPROVEN	0	territory:-5448:-5298:46202,120836|46841,120836|46842,121436|46197,121437	ssq07_2121_ssq06	data/spawns/Catacombs/NecropolisOfThePilgrims.xml|TOPOLOGY_CANDIDATES.tsv:383b2f11c773c501d5a80426f02246aa3b5b679afc413d936d9506c496b0b173
TowerOfInsolence	385751f2260dd472c5fdd9450da8010dc6346d76c94eb644dcc540d3582e8609	UNPROVEN						z:2921:3271		NOT_PROBED_CLOSED	BLOCKED	NATIVE_ENTRANCE_PATH_UNPROVEN	0	territory:2921:3271:114168,14322|114719,14269|114587,14937|114032,15014|113713,14527	aden39_2318_02	data/spawns/Aden/TowerOfInsolence.xml|TOPOLOGY_CANDIDATES.tsv:385751f2260dd472c5fdd9450da8010dc6346d76c94eb644dcc540d3582e8609
NecropolisOfSacrifice	385a239327b15485053be27b74d7984c016b3526dad61ecf9f4a3839ac240a1e	UNPROVEN						z:-5120:-4970		NOT_PROBED_CLOSED	BLOCKED	NATIVE_ENTRANCE_PATH_UNPROVEN	0	territory:-5120:-4970:-44658,215480|-43282,215499|-43282,216153|-44645,216148	ssq01_1824_ssq12	data/spawns/Catacombs/NecropolisOfSacrifice.xml|TOPOLOGY_CANDIDATES.tsv:385a239327b15485053be27b74d7984c016b3526dad61ecf9f4a3839ac240a1e
NecropolisOfTheDisciples	387b0be3d56a392ad8b1e89bb751d3ff04d49c51af805ff1878d0fca66a221fc	UNPROVEN						z:-4936:-4736		NOT_PROBED_CLOSED	BLOCKED	NATIVE_ENTRANCE_PATH_UNPROVEN	0	territory:-4936:-4736:178029,-10358|179492,-10358|179492,-9661|178029,-9661	ssq14_2517_ssq30	data/spawns/Catacombs/NecropolisOfTheDisciples.xml|TOPOLOGY_CANDIDATES.tsv:387b0be3d56a392ad8b1e89bb751d3ff04d49c51af805ff1878d0fca66a221fc
TowerOfInsolence	38b68e68ac3353a432b2e59274e5363fbe08702192539d9234c73338c8a1b557	UNPROVEN						z:3930:4280		NOT_PROBED_CLOSED	BLOCKED	NATIVE_ENTRANCE_PATH_UNPROVEN	0	territory:3930:4280:115235,15268|116040,14944|116445,15878|115613,16210	aden40_2318_04	data/spawns/Aden/TowerOfInsolence.xml|TOPOLOGY_CANDIDATES.tsv:38b68e68ac3353a432b2e59274e5363fbe08702192539d9234c73338c8a1b557
NecropolisOfDevotion	38ff42ddcc0311b1e4e682f952561258eb8ef1f8251a8ca79ff79b861c4cb0e6	UNPROVEN						z:-4778:-4628		NOT_PROBED_CLOSED	BLOCKED	NATIVE_ENTRANCE_PATH_UNPROVEN	0	territory:-4778:-4628:-46551,80831|-45880,80831|-45878,82156|-46564,82157	ssq02_1820_ssq12	data/spawns/Catacombs/NecropolisOfDevotion.xml|TOPOLOGY_CANDIDATES.tsv:38ff42ddcc0311b1e4e682f952561258eb8ef1f8251a8ca79ff79b861c4cb0e6
CatacombOfTheApostate	392ea33b266f0084d650762d84ca357606cc48ac03269bd8e2abe6b15a422362	UNPROVEN						z:-8199:-8049		NOT_PROBED_CLOSED	BLOCKED	NATIVE_ENTRANCE_PATH_UNPROVEN	0	territory:-8199:-8049:-15920,-240777|-15283,-240773|-15273,-240185|-15916,-240185	ssq11_2220_ssq20	data/spawns/Catacombs/CatacombOfTheApostate.xml|TOPOLOGY_CANDIDATES.tsv:392ea33b266f0084d650762d84ca357606cc48ac03269bd8e2abe6b15a422362
CatacombOfTheHeretic	394d01a43ab95d6a6bdd5ada12d3fd6871e4283eaad2edaac6c3fd0c1d1fb7d4	UNPROVEN						z:-7943:-7793		NOT_PROBED_CLOSED	BLOCKED	NATIVE_ENTRANCE_PATH_UNPROVEN	0	territory:-7943:-7793:-49996,-250421|-49357,-250435|-49353,-248609|-49997,-248607	ssq06_2122_ssq03	data/spawns/Catacombs/CatacombOfTheHeretic.xml|TOPOLOGY_CANDIDATES.tsv:394d01a43ab95d6a6bdd5ada12d3fd6871e4283eaad2edaac6c3fd0c1d1fb7d4
NecropolisOfTheSaints	396084bbf6aac8a47ed1aae708c6f946f1c0ef0fe689e83be8e3d0892e73d3a3	UNPROVEN						z:-5472:-5272		NOT_PROBED_CLOSED	BLOCKED	NATIVE_ENTRANCE_PATH_UNPROVEN	0	territory:-5472:-5272:83104,210548|83776,210552|83788,211920|83116,211924	ssq08_2224_ssq02	data/spawns/Catacombs/NecropolisOfTheSaints.xml|TOPOLOGY_CANDIDATES.tsv:396084bbf6aac8a47ed1aae708c6f946f1c0ef0fe689e83be8e3d0892e73d3a3
NecropolisOfThePatriots	3a1c061a9e55ce326ab3c6cac426430805cf9b094b381a8b903b475faf1806fb	UNPROVEN						z:-5211:-5061		NOT_PROBED_CLOSED	BLOCKED	NATIVE_ENTRANCE_PATH_UNPROVEN	0	territory:-5211:-5061:-21394,78949|-20744,78947|-20746,80286|-21396,80291	ssq03_1920_ssq02	data/spawns/Catacombs/NecropolisOfThePatriots.xml|TOPOLOGY_CANDIDATES.tsv:3a1c061a9e55ce326ab3c6cac426430805cf9b094b381a8b903b475faf1806fb
NecropolisOfMartyrdom	3a9be162209ff07747c647274580c372ca56a71a99d20de49f45da16ba737dc8	UNPROVEN						z:-4864:-4664		NOT_PROBED_CLOSED	BLOCKED	NATIVE_ENTRANCE_PATH_UNPROVEN	0	territory:-4864:-4664:122955,137122|123559,137114|123547,137766|122956,137762	ssq10_2322_ssq10	data/spawns/Catacombs/NecropolisOfMartyrdom.xml|TOPOLOGY_CANDIDATES.tsv:3a9be162209ff07747c647274580c372ca56a71a99d20de49f45da16ba737dc8
CatacombOfTheHeretic	3b2d40192a6c2a5e067e68d31a54c58188a4360eda047f54279411613611688f	UNPROVEN						z:-7943:-7793		NOT_PROBED_CLOSED	BLOCKED	NATIVE_ENTRANCE_PATH_UNPROVEN	0	territory:-7943:-7793:-48557,-244873|-47925,-244876|-47927,-244280|-48557,-244273	ssq06_2122_ssq16	data/spawns/Catacombs/CatacombOfTheHeretic.xml|TOPOLOGY_CANDIDATES.tsv:3b2d40192a6c2a5e067e68d31a54c58188a4360eda047f54279411613611688f
CatacombOfTheApostate	3b5553f9452f89ab745d128364dcfa51e89e20dc5c936d210c083c328e10ba2d	UNPROVEN						z:-8199:-8049		NOT_PROBED_CLOSED	BLOCKED	NATIVE_ENTRANCE_PATH_UNPROVEN	0	territory:-8199:-8049:-14817,-240794|-14217,-240799|-14210,-240164|-14818,-240165	ssq11_2220_ssq21	data/spawns/Catacombs/CatacombOfTheApostate.xml|TOPOLOGY_CANDIDATES.tsv:3b5553f9452f89ab745d128364dcfa51e89e20dc5c936d210c083c328e10ba2d
NecropolisOfMartyrdom	3bd8505b98417cedfb4364148527b687fd04da86cea7b39b26ca23936ef0ea44	UNPROVEN						z:-4872:-4672		NOT_PROBED_CLOSED	BLOCKED	NATIVE_ENTRANCE_PATH_UNPROVEN	0	territory:-4872:-4672:125382,136341|126094,136333|126054,137697|125394,137689	ssq10_2322_ssq16	data/spawns/Catacombs/NecropolisOfMartyrdom.xml|TOPOLOGY_CANDIDATES.tsv:3bd8505b98417cedfb4364148527b687fd04da86cea7b39b26ca23936ef0ea44
NecropolisOfThePatriots	3befc0d846cd6c1108f82c3fb51a0d8223b76ce7fe2ab49b6181cc0f794d32b3	UNPROVEN						z:-5214:-5064		NOT_PROBED_CLOSED	BLOCKED	NATIVE_ENTRANCE_PATH_UNPROVEN	0	territory:-5214:-5064:-14855,78190|-14222,78193|-14225,78799|-14859,78796	ssq03_1920_ssq16	data/spawns/Catacombs/NecropolisOfThePatriots.xml|TOPOLOGY_CANDIDATES.tsv:3befc0d846cd6c1108f82c3fb51a0d8223b76ce7fe2ab49b6181cc0f794d32b3
CatacombOfTheForbiddenPath	3c15ba00387af7117c32f024f88eed56f6d86f611737c06770c690d4832f824d	UNPROVEN						z:-9612:-9412		NOT_PROBED_CLOSED	BLOCKED	NATIVE_ENTRANCE_PATH_UNPROVEN	0	territory:-9612:-9412:12645,-244198|13241,-244182|13241,-243550|12649,-243538	ssq12_2320_ssq03	data/spawns/Catacombs/CatacombOfTheForbiddenPath.xml|TOPOLOGY_CANDIDATES.tsv:3c15ba00387af7117c32f024f88eed56f6d86f611737c06770c690d4832f824d
IvoryTower	3c52992cdb950669fe043d64d2b960271e3973cd80d9dd6117cfc63a0f3c1a77	UNPROVEN						z:-5368:-5068		NOT_PROBED_CLOSED	BLOCKED	NATIVE_ENTRANCE_PATH_UNPROVEN	0	territory:-5368:-5068:87980,17520|90184,18284|89864,20844|88228,21936|87536,18752	oren29_2218_28	data/spawns/Oren/IvoryTower.xml|TOPOLOGY_CANDIDATES.tsv:3c52992cdb950669fe043d64d2b960271e3973cd80d9dd6117cfc63a0f3c1a77
NecropolisOfTheDisciples	3d7e77b408a6d678ac86110cb0876b78f851e293d80e7353d6217172fdc1616b	UNPROVEN						z:-4932:-4732		NOT_PROBED_CLOSED	BLOCKED	NATIVE_ENTRANCE_PATH_UNPROVEN	0	territory:-4932:-4732:175034,-12276|175687,-12276|175687,-10810|175034,-10810	ssq14_2517_ssq20	data/spawns/Catacombs/NecropolisOfTheDisciples.xml|TOPOLOGY_CANDIDATES.tsv:3d7e77b408a6d678ac86110cb0876b78f851e293d80e7353d6217172fdc1616b
CatacombOfTheHeretic	3d93145133cdb9d41a7fc1536050a20015ca4abd5e2409a1331f7851f773d4d4	UNPROVEN						z:-7945:-7795		NOT_PROBED_CLOSED	BLOCKED	NATIVE_ENTRANCE_PATH_UNPROVEN	0	territory:-7945:-7795:-44993,-248091|-44330,-248093|-44325,-246247|-44988,-246249	ssq06_2122_ssq36	data/spawns/Catacombs/CatacombOfTheHeretic.xml|TOPOLOGY_CANDIDATES.tsv:3d93145133cdb9d41a7fc1536050a20015ca4abd5e2409a1331f7851f773d4d4
CatacombOfTheBranded	3ec8ab2927080b096f96c20296ca0d3bfc9b17df037e97b8e9560d5708cc2a34	UNPROVEN						z:-5014:-4864		NOT_PROBED_CLOSED	BLOCKED	NATIVE_ENTRANCE_PATH_UNPROVEN	0	territory:-5014:-4864:54448,172083|56298,172079|56293,172756|54449,172753	ssq05_2123_ssq40	data/spawns/Catacombs/CatacombOfTheBranded.xml|TOPOLOGY_CANDIDATES.tsv:3ec8ab2927080b096f96c20296ca0d3bfc9b17df037e97b8e9560d5708cc2a34
NecropolisOfTheSaints	3ec95888f5d87f3a6a17cba0da5683eb7ab878c8318be1ac6591acbca98739e7	UNPROVEN						z:-5484:-5284		NOT_PROBED_CLOSED	BLOCKED	NATIVE_ENTRANCE_PATH_UNPROVEN	0	territory:-5484:-5284:88836,208888|89428,208896|89432,209548|88840,209540	ssq08_2224_ssq10	data/spawns/Catacombs/NecropolisOfTheSaints.xml|TOPOLOGY_CANDIDATES.tsv:3ec95888f5d87f3a6a17cba0da5683eb7ab878c8318be1ac6591acbca98739e7
NecropolisOfTheDisciples	3f09e7b9f6a783e6bf6e24979d24f6f7f5a504d9e9dbc1e27426b334985d418e	UNPROVEN						z:-4936:-4736		NOT_PROBED_CLOSED	BLOCKED	NATIVE_ENTRANCE_PATH_UNPROVEN	0	territory:-4936:-4736:182644,-13338|183306,-13333|183306,-12717|182644,-12722	ssq14_2517_ssq17	data/spawns/Catacombs/NecropolisOfTheDisciples.xml|TOPOLOGY_CANDIDATES.tsv:3f09e7b9f6a783e6bf6e24979d24f6f7f5a504d9e9dbc1e27426b334985d418e
DevilsIsle	3f1497cd3cf69b18164eb3d88db78887a2740cf95547b345ccd5111286ca01a5	UNPROVEN						z:-4004:-3754		NOT_PROBED_CLOSED	BLOCKED	NATIVE_ENTRANCE_PATH_UNPROVEN	0	territory:-4004:-3754:44651,215939|45506,215904|45800,216139|45755,216622|44699,216573	giran08_2124_043	data/spawns/Giran/DevilsIsle.xml|TOPOLOGY_CANDIDATES.tsv:3f1497cd3cf69b18164eb3d88db78887a2740cf95547b345ccd5111286ca01a5
DevilsIsle	3f6dc2670fb114808c8d7b12356d821c937080fcf8f541427361b6aae446fa31	UNPROVEN						z:-2496:-2296		NOT_PROBED_CLOSED	BLOCKED	NATIVE_ENTRANCE_PATH_UNPROVEN	0	territory:-2496:-2296:53037,210358|53946,210358|53946,211161|53027,211152	giran08_2124_085	data/spawns/Giran/DevilsIsle.xml|TOPOLOGY_CANDIDATES.tsv:3f6dc2670fb114808c8d7b12356d821c937080fcf8f541427361b6aae446fa31
TowerOfInsolence	403a97d5d0f4793379684a5187d3741e246d08732c7873c25d2f40ca2a53d99f	UNPROVEN						z:-688:-488		NOT_PROBED_CLOSED	BLOCKED	NATIVE_ENTRANCE_PATH_UNPROVEN	0	territory:-688:-488:111900,15636|113436,15896|113424,16200|111856,16500	aden36_2318_01	data/spawns/Aden/TowerOfInsolence.xml|TOPOLOGY_CANDIDATES.tsv:403a97d5d0f4793379684a5187d3741e246d08732c7873c25d2f40ca2a53d99f
DevilsIsle	40af9f40b57ea9cd42e3aaf70d0b04039c0bffc549aa7c89f7d859df43630ca2	UNPROVEN						z:-3380:-3180		NOT_PROBED_CLOSED	BLOCKED	NATIVE_ENTRANCE_PATH_UNPROVEN	0	territory:-3380:-3180:52092,214964|52344,214960|52596,215340|51824,215360	giran08_2124_097	data/spawns/Giran/DevilsIsle.xml|TOPOLOGY_CANDIDATES.tsv:40af9f40b57ea9cd42e3aaf70d0b04039c0bffc549aa7c89f7d859df43630ca2
NecropolisOfThePatriots	411bb1eea7867f144db6f36cc7ea18b97668a7051bbabc15949574a2696730bf	UNPROVEN						z:-5212:-5062		NOT_PROBED_CLOSED	BLOCKED	NATIVE_ENTRANCE_PATH_UNPROVEN	0	territory:-5212:-5062:-17427,84778|-16766,84774|-16775,86105|-17438,86102	ssq03_1920_ssq26	data/spawns/Catacombs/NecropolisOfThePatriots.xml|TOPOLOGY_CANDIDATES.tsv:411bb1eea7867f144db6f36cc7ea18b97668a7051bbabc15949574a2696730bf
NecropolisOfSacrifice	419347cbcb442f2e7dc003dad442ccd3a4153e30e087c42fee7fb31fe613ef14	UNPROVEN						z:-5116:-4966		NOT_PROBED_CLOSED	BLOCKED	NATIVE_ENTRANCE_PATH_UNPROVEN	0	territory:-5116:-4966:-52200,216878|-51528,216882|-51541,218202|-52219,218203	ssq01_1824_ssq22	data/spawns/Catacombs/NecropolisOfSacrifice.xml|TOPOLOGY_CANDIDATES.tsv:419347cbcb442f2e7dc003dad442ccd3a4153e30e087c42fee7fb31fe613ef14
CatacombOfTheBranded	4193b9085223359f9148e1553a7a9cbbdd6e367dce325446f593864c986ab8fd	UNPROVEN						z:-5015:-4865		NOT_PROBED_CLOSED	BLOCKED	NATIVE_ENTRANCE_PATH_UNPROVEN	0	territory:-5015:-4865:56582,169989|57176,169978|57174,170620|56577,170613	ssq05_2123_ssq39	data/spawns/Catacombs/CatacombOfTheBranded.xml|TOPOLOGY_CANDIDATES.tsv:4193b9085223359f9148e1553a7a9cbbdd6e367dce325446f593864c986ab8fd
DevilsIsle	41f9a2919fea6b533d03885dcf0c001cb4391f65f69e69e261f87d359902a408	UNPROVEN						z:-2500:-2300		NOT_PROBED_CLOSED	BLOCKED	NATIVE_ENTRANCE_PATH_UNPROVEN	0	territory:-2500:-2300:52995,209651|54689,209647|54689,210278|52995,210282	giran08_2124_083	data/spawns/Giran/DevilsIsle.xml|TOPOLOGY_CANDIDATES.tsv:41f9a2919fea6b533d03885dcf0c001cb4391f65f69e69e261f87d359902a408
CatacombOfTheHeretic	420e0649ca6d8ecf25fb5ab2e233b62e5dac8f898c44d2669347ff29ff05a5f9	UNPROVEN						z:-7943:-7793		NOT_PROBED_CLOSED	BLOCKED	NATIVE_ENTRANCE_PATH_UNPROVEN	0	territory:-7943:-7793:-52202,-241007|-51557,-241003|-51564,-239725|-52198,-239720	ssq06_2122_ssq13	data/spawns/Catacombs/CatacombOfTheHeretic.xml|TOPOLOGY_CANDIDATES.tsv:420e0649ca6d8ecf25fb5ab2e233b62e5dac8f898c44d2669347ff29ff05a5f9
IvoryTower	42a564e97d407a738d1ed79765a2ba140fc3cd666f9812c902fc26e086171872	UNPROVEN						z:-3728:-3528		NOT_PROBED_CLOSED	BLOCKED	NATIVE_ENTRANCE_PATH_UNPROVEN	0	territory:-3728:-3528:74840,9208|75988,10004|76172,12848|74808,12932	oren30_2218_16s	data/spawns/Oren/IvoryTower.xml|TOPOLOGY_CANDIDATES.tsv:42a564e97d407a738d1ed79765a2ba140fc3cd666f9812c902fc26e086171872
NecropolisOfSacrifice	42c21eb147079f78824965a17a0dbedea6d72e506956825143889371e3d30763	UNPROVEN						z:-5121:-4971		NOT_PROBED_CLOSED	BLOCKED	NATIVE_ENTRANCE_PATH_UNPROVEN	0	territory:-5121:-4971:-47595,209823|-46951,209825|-46955,210420|-47597,210429	ssq01_1824_ssq36	data/spawns/Catacombs/NecropolisOfSacrifice.xml|TOPOLOGY_CANDIDATES.tsv:42c21eb147079f78824965a17a0dbedea6d72e506956825143889371e3d30763
NecropolisOfSacrifice	43d851df785841e3406a683d8a14e1163de5924f8676e4890647d9b196dfd14b	UNPROVEN						z:-5120:-4970		NOT_PROBED_CLOSED	BLOCKED	NATIVE_ENTRANCE_PATH_UNPROVEN	0	territory:-5120:-4970:-52189,220137|-51553,220135|-51546,220724|-52192,220725	ssq01_1824_ssq21	data/spawns/Catacombs/NecropolisOfSacrifice.xml|TOPOLOGY_CANDIDATES.tsv:43d851df785841e3406a683d8a14e1163de5924f8676e4890647d9b196dfd14b
DevilsIsle	43ebc61747fc037eabbc58fc45e1aaefee66d68b7d45600150da4f8f200622c1	UNPROVEN						z:-4032:-3732		NOT_PROBED_CLOSED	BLOCKED	NATIVE_ENTRANCE_PATH_UNPROVEN	0	territory:-4032:-3732:51820,205340|52535,205305|52535,205436|51705,205528	giran08_2124_021	data/spawns/Giran/DevilsIsle.xml|TOPOLOGY_CANDIDATES.tsv:43ebc61747fc037eabbc58fc45e1aaefee66d68b7d45600150da4f8f200622c1
TowerOfInsolence	448c9e186db2db4ceb90572e0086d2e6c828e9bf8ffa0bb10f691c7166622b6c	UNPROVEN						z:2920:3120		NOT_PROBED_CLOSED	BLOCKED	NATIVE_ENTRANCE_PATH_UNPROVEN	0	territory:2920:3120:112716,15928|113156,15980|113488,16772|112980,17004|112784,16584	aden39_2318_04	data/spawns/Aden/TowerOfInsolence.xml|TOPOLOGY_CANDIDATES.tsv:448c9e186db2db4ceb90572e0086d2e6c828e9bf8ffa0bb10f691c7166622b6c
NecropolisOfTheSaints	448da77da57467971067762bfbbb7fbbd8530d5d9bf7dc3c262707308d52d5a5	UNPROVEN						z:-5468:-5268		NOT_PROBED_CLOSED	BLOCKED	NATIVE_ENTRANCE_PATH_UNPROVEN	0	territory:-5468:-5268:85220,213467|86568,213444|86576,214164|85220,214156	ssq08_2224_ssq04	data/spawns/Catacombs/NecropolisOfTheSaints.xml|TOPOLOGY_CANDIDATES.tsv:448da77da57467971067762bfbbb7fbbd8530d5d9bf7dc3c262707308d52d5a5
DevilsIsle	44d106775916043501d3f16389b0107edfbf2fa3577f6d190e5d7b4f3a95ebdb	UNPROVEN						z:-3384:-3034		NOT_PROBED_CLOSED	BLOCKED	NATIVE_ENTRANCE_PATH_UNPROVEN	0	territory:-3384:-3034:49514,211415|50184,211420|50184,211815|49514,211810	giran08_2124_072	data/spawns/Giran/DevilsIsle.xml|TOPOLOGY_CANDIDATES.tsv:44d106775916043501d3f16389b0107edfbf2fa3577f6d190e5d7b4f3a95ebdb
TowerOfInsolence	457afc7a1392e9098a4596d7ffd935db575d4a61cef7511ec80d0b00e3a50fb5	UNPROVEN						z:-3648:-3448		NOT_PROBED_CLOSED	BLOCKED	NATIVE_ENTRANCE_PATH_UNPROVEN	0	territory:-3648:-3448:115212,13852|115964,14152|116612,14784|116880,15536|115756,15752|115012,15040	aden34_2318_05	data/spawns/Aden/TowerOfInsolence.xml|TOPOLOGY_CANDIDATES.tsv:457afc7a1392e9098a4596d7ffd935db575d4a61cef7511ec80d0b00e3a50fb5
DevilsIsle	469706f42aed03ca8752f5135e0f622e4907f8441cd8dee6ce1feaaf0afe6a52	UNPROVEN						z:-4064:-3714		NOT_PROBED_CLOSED	BLOCKED	NATIVE_ENTRANCE_PATH_UNPROVEN	0	territory:-4064:-3714:41798,202736|42167,202710|42387,203261|42096,203546|41755,203316|41664,202992	t21_244_009	data/spawns/Giran/DevilsIsle.xml|TOPOLOGY_CANDIDATES.tsv:469706f42aed03ca8752f5135e0f622e4907f8441cd8dee6ce1feaaf0afe6a52
NecropolisOfSacrifice	469d9b019e3d08345ffcf0bd3a7e8e1f1ec9c0573612b12574f94aa07faca809	UNPROVEN						z:-5119:-4969		NOT_PROBED_CLOSED	BLOCKED	NATIVE_ENTRANCE_PATH_UNPROVEN	0	territory:-5119:-4969:-47577,214434|-46950,214432|-46955,215033|-47576,215038	ssq01_1824_ssq30	data/spawns/Catacombs/NecropolisOfSacrifice.xml|TOPOLOGY_CANDIDATES.tsv:469d9b019e3d08345ffcf0bd3a7e8e1f1ec9c0573612b12574f94aa07faca809
CatacombOfTheHeretic	469ef1a912f672d5fb64029f93fb93fa9cc12e08301b84e54a21c0c2da5c0706	UNPROVEN						z:-7953:-7803		NOT_PROBED_CLOSED	BLOCKED	NATIVE_ENTRANCE_PATH_UNPROVEN	0	territory:-7953:-7803:-44952,-243609|-44299,-243613|-44291,-241782|-44950,-241786	ssq06_2122_ssq24	data/spawns/Catacombs/CatacombOfTheHeretic.xml|TOPOLOGY_CANDIDATES.tsv:469ef1a912f672d5fb64029f93fb93fa9cc12e08301b84e54a21c0c2da5c0706
NecropolisOfTheSaints	48af8faa2858e8d26089141b4734082d5de438b2ed7d1547570f8cda886dda45	UNPROVEN						z:-5480:-5280		NOT_PROBED_CLOSED	BLOCKED	NATIVE_ENTRANCE_PATH_UNPROVEN	0	territory:-5480:-5280:91800,212508|92484,212504|92472,213856|91804,213872	ssq08_2224_ssq17	data/spawns/Catacombs/NecropolisOfTheSaints.xml|TOPOLOGY_CANDIDATES.tsv:48af8faa2858e8d26089141b4734082d5de438b2ed7d1547570f8cda886dda45
CatacombOfTheHeretic	48c287dc67f97df661603678bd498459d5376cfe42b5952e58b654252eb44c0b	UNPROVEN						z:-7938:-7788		NOT_PROBED_CLOSED	BLOCKED	NATIVE_ENTRANCE_PATH_UNPROVEN	0	territory:-7938:-7788:-43922,-240286|-43338,-240289|-43340,-239657|-43929,-239659	ssq06_2122_ssq21	data/spawns/Catacombs/CatacombOfTheHeretic.xml|TOPOLOGY_CANDIDATES.tsv:48c287dc67f97df661603678bd498459d5376cfe42b5952e58b654252eb44c0b
NecropolisOfMartyrdom	4908724b6fd903b2de5617bbe3dab8650509a721620ad654296b61504325440c	UNPROVEN						z:-4864:-4664		NOT_PROBED_CLOSED	BLOCKED	NATIVE_ENTRANCE_PATH_UNPROVEN	0	territory:-4864:-4664:128647,137077|129251,137069|129239,137721|128649,137717	ssq10_2322_ssq18	data/spawns/Catacombs/NecropolisOfMartyrdom.xml|TOPOLOGY_CANDIDATES.tsv:4908724b6fd903b2de5617bbe3dab8650509a721620ad654296b61504325440c
NecropolisOfSacrifice	4a5c4a30c49c037c31cc44159f41afce721597bab4d742ceef01e3fa47ba365e	UNPROVEN						z:-5119:-4969		NOT_PROBED_CLOSED	BLOCKED	NATIVE_ENTRANCE_PATH_UNPROVEN	0	territory:-5119:-4969:-42844,215541|-42225,215543|-42199,216889|-42850,216889	ssq01_1824_ssq13	data/spawns/Catacombs/NecropolisOfSacrifice.xml|TOPOLOGY_CANDIDATES.tsv:4a5c4a30c49c037c31cc44159f41afce721597bab4d742ceef01e3fa47ba365e
CatacombOfTheWitch	4aaf987767efa5870bbaabda437a6a0161371538ada8d829c423b1a12a597b92	UNPROVEN						z:-5476:-5276		NOT_PROBED_CLOSED	BLOCKED	NATIVE_ENTRANCE_PATH_UNPROVEN	0	territory:-5476:-5276:144097,85003|144736,85003|144736,86463|144097,86463	ssq13_2420_ssq21	data/spawns/Catacombs/CatacombOfTheWitch.xml|TOPOLOGY_CANDIDATES.tsv:4aaf987767efa5870bbaabda437a6a0161371538ada8d829c423b1a12a597b92
IvoryTower	4b2913db19c188b1c443f53280728dddd18943b52d524eac1580d066b61abfbc	UNPROVEN						z:-3792:-3292		NOT_PROBED_CLOSED	BLOCKED	NATIVE_ENTRANCE_PATH_UNPROVEN	0	territory:-3792:-3292:88732,64|93464,100|93260,3220|88732,1164	oren31_2218_03	data/spawns/Oren/IvoryTower.xml|TOPOLOGY_CANDIDATES.tsv:4b2913db19c188b1c443f53280728dddd18943b52d524eac1580d066b61abfbc
CatacombOfTheBranded	4babb777e37a9765fa10ea31b18d7ffdf6a371bb7c105855ed15d77c7ebd9d7d	UNPROVEN						z:-5014:-4864		NOT_PROBED_CLOSED	BLOCKED	NATIVE_ENTRANCE_PATH_UNPROVEN	0	territory:-5014:-4864:49764,171144|50366,171143|50367,171767|49762,171769	ssq05_2123_ssq05	data/spawns/Catacombs/CatacombOfTheBranded.xml|TOPOLOGY_CANDIDATES.tsv:4babb777e37a9765fa10ea31b18d7ffdf6a371bb7c105855ed15d77c7ebd9d7d
CatacombOfTheBranded	4c23e39a46e3f0aa455ab8d7d23809bc969a59fe0fbe55ed84352077fbd732bf	UNPROVEN						z:-5013:-4863		NOT_PROBED_CLOSED	BLOCKED	NATIVE_ENTRANCE_PATH_UNPROVEN	0	territory:-5013:-4863:53114,177575|54452,177574|54458,178206|53110,178204	ssq05_2123_ssq28	data/spawns/Catacombs/CatacombOfTheBranded.xml|TOPOLOGY_CANDIDATES.tsv:4c23e39a46e3f0aa455ab8d7d23809bc969a59fe0fbe55ed84352077fbd732bf
TowerOfInsolence	4c2b59d00cddc6b6d35a6d78885865f345bc896692847ee3a0fce31db365a19e	UNPROVEN						z:896:1096		NOT_PROBED_CLOSED	BLOCKED	NATIVE_ENTRANCE_PATH_UNPROVEN	0	territory:896:1096:113604,17852|114156,18080|114012,18872|113128,18504	aden37_2318_09	data/spawns/Aden/TowerOfInsolence.xml|TOPOLOGY_CANDIDATES.tsv:4c2b59d00cddc6b6d35a6d78885865f345bc896692847ee3a0fce31db365a19e
NecropolisOfMartyrdom	4c3e6885af6c3318278589eb5caf4eef278a0f9eaa59c6146f9ebf72ac8083bd	UNPROVEN						z:-4864:-4664		NOT_PROBED_CLOSED	BLOCKED	NATIVE_ENTRANCE_PATH_UNPROVEN	0	territory:-4864:-4664:124021,137112|124625,137104|124613,137756|124022,137752	ssq10_2322_ssq11	data/spawns/Catacombs/NecropolisOfMartyrdom.xml|TOPOLOGY_CANDIDATES.tsv:4c3e6885af6c3318278589eb5caf4eef278a0f9eaa59c6146f9ebf72ac8083bd
TowerOfInsolence	4c652ae78e260a44351f9dae808e1675f320410a866cb173c5f6096c81d80195	UNPROVEN				23180005|23180006	close|close	z:6948:7148		NOT_PROBED_CLOSED	BLOCKED	NATIVE_ENTRANCE_PATH_UNPROVEN	0	territory:6948:7148:113468,14144|114724,15352|113972,16116|112712,14844	aden29_2318_p09	data/spawns/Aden/TowerOfInsolence.xml|TOPOLOGY_CANDIDATES.tsv:4c652ae78e260a44351f9dae808e1675f320410a866cb173c5f6096c81d80195|data/Doors.xml#23180005|data/Doors.xml#23180006
CatacombOfTheBranded	4c82aa9092c063826bda32ac0a17218e00430a9766adc0b4175815deef8ca3ff	UNPROVEN						z:-5013:-4863		NOT_PROBED_CLOSED	BLOCKED	NATIVE_ENTRANCE_PATH_UNPROVEN	0	territory:-5013:-4863:48787,169989|50129,169992|50129,170612|48790,170616	ssq05_2123_ssq02	data/spawns/Catacombs/CatacombOfTheBranded.xml|TOPOLOGY_CANDIDATES.tsv:4c82aa9092c063826bda32ac0a17218e00430a9766adc0b4175815deef8ca3ff
NecropolisOfDevotion	4c95f843fa9172d2f6ad0aa6922404a17058a1934de9b95c8347046b57e21c97	UNPROVEN						z:-4777:-4627		NOT_PROBED_CLOSED	BLOCKED	NATIVE_ENTRANCE_PATH_UNPROVEN	0	territory:-4777:-4627:-50977,80854|-49097,80853|-49096,81519|-50985,81507	ssq02_1820_ssq05	data/spawns/Catacombs/NecropolisOfDevotion.xml|TOPOLOGY_CANDIDATES.tsv:4c95f843fa9172d2f6ad0aa6922404a17058a1934de9b95c8347046b57e21c97
NecropolisOfWorship	4e7798c51196e4169e0dc2a0c082c673cba17c29786c310ef8350d5bc4c6222e	UNPROVEN						z:-5472:-5272		NOT_PROBED_CLOSED	BLOCKED	NATIVE_ENTRANCE_PATH_UNPROVEN	0	territory:-5472:-5272:116974,173678|117626,173678|117626,174330|116974,174330	ssq09_2323_ssq09	data/spawns/Catacombs/NecropolisOfWorship.xml|TOPOLOGY_CANDIDATES.tsv:4e7798c51196e4169e0dc2a0c082c673cba17c29786c310ef8350d5bc4c6222e
NecropolisOfSacrifice	4ebc0ce46945ce7715b986108531b3d139ec55b2f2fef3cddfbfd93fe6dab87e	UNPROVEN						z:-5122:-4972		NOT_PROBED_CLOSED	BLOCKED	NATIVE_ENTRANCE_PATH_UNPROVEN	0	territory:-5122:-4972:-41880,220131|-41250,220127|-41252,220717|-41878,220719	ssq01_1824_ssq16	data/spawns/Catacombs/NecropolisOfSacrifice.xml|TOPOLOGY_CANDIDATES.tsv:4ebc0ce46945ce7715b986108531b3d139ec55b2f2fef3cddfbfd93fe6dab87e
NecropolisOfMartyrdom	4ee3ec4e852d5a76105439f3d11dccbfff624237bb9b861b571d512bb02f9047	UNPROVEN						z:-4864:-4664		NOT_PROBED_CLOSED	BLOCKED	NATIVE_ENTRANCE_PATH_UNPROVEN	0	territory:-4864:-4664:119475,135947|120079,135939|120067,136591|119476,136587	ssq10_2322_ssq05	data/spawns/Catacombs/NecropolisOfMartyrdom.xml|TOPOLOGY_CANDIDATES.tsv:4ee3ec4e852d5a76105439f3d11dccbfff624237bb9b861b571d512bb02f9047
ImperialTomb	4f0b1780f352370bcdae7327900003d8ffa285bbab4a98df714c44c3d27777a7	UNPROVEN						z:-6647:-6347		NOT_PROBED_CLOSED	BLOCKED	NATIVE_ENTRANCE_PATH_UNPROVEN	0	territory:-6647:-6347:186143,-78512|186962,-78497|186952,-77690|186140,-77695	godard14_2515_13	data/spawns/Goddard/ImperialTomb.xml|TOPOLOGY_CANDIDATES.tsv:4f0b1780f352370bcdae7327900003d8ffa285bbab4a98df714c44c3d27777a7
ImperialTomb	4f3be7fae963d8c88704f4a863f9d63b2215cd09008cb725f31a6114d3a12345	UNPROVEN						z:-5372:-5072		NOT_PROBED_CLOSED	BLOCKED	NATIVE_ENTRANCE_PATH_UNPROVEN	0	territory:-5372:-5072:186151,-84243|186911,-84241|186965,-83467|186141,-83455	godard14_2515_19	data/spawns/Goddard/ImperialTomb.xml|TOPOLOGY_CANDIDATES.tsv:4f3be7fae963d8c88704f4a863f9d63b2215cd09008cb725f31a6114d3a12345
NecropolisOfSacrifice	4f64fdce56d363b17118751d435d404c138b1b4157d9bb92c8bee2171b0f3acf	UNPROVEN						z:-5122:-4972		NOT_PROBED_CLOSED	BLOCKED	NATIVE_ENTRANCE_PATH_UNPROVEN	0	territory:-5122:-4972:-49430,218216|-48109,218222|-48116,218884|-49433,218892	ssq01_1824_ssq24	data/spawns/Catacombs/NecropolisOfSacrifice.xml|TOPOLOGY_CANDIDATES.tsv:4f64fdce56d363b17118751d435d404c138b1b4157d9bb92c8bee2171b0f3acf
NecropolisOfSacrifice	500370478e36f602011a23047ebf3a3cc44c9f0ba608aff1a1fd1135a12d310c	UNPROVEN						z:-5120:-4970		NOT_PROBED_CLOSED	BLOCKED	NATIVE_ENTRANCE_PATH_UNPROVEN	0	territory:-5120:-4970:-48883,216939|-47023,216942|-47028,217590|-48864,217596	ssq01_1824_ssq25	data/spawns/Catacombs/NecropolisOfSacrifice.xml|TOPOLOGY_CANDIDATES.tsv:500370478e36f602011a23047ebf3a3cc44c9f0ba608aff1a1fd1135a12d310c
CatacombOfTheApostate	50625251b1d82d0e173de6140459f920b613940c2cfb516a738ae20e100015ce	UNPROVEN						z:-8198:-8048		NOT_PROBED_CLOSED	BLOCKED	NATIVE_ENTRANCE_PATH_UNPROVEN	0	territory:-8198:-8048:-10235,-251089|-9581,-251083|-9580,-250487|-10227,-250490	ssq11_2220_ssq33	data/spawns/Catacombs/CatacombOfTheApostate.xml|TOPOLOGY_CANDIDATES.tsv:50625251b1d82d0e173de6140459f920b613940c2cfb516a738ae20e100015ce
NecropolisOfTheDisciples	50edbeaeb650efa8c863d56194efc0a0010d0aa8ac3713bce2c237816a11e17e	UNPROVEN						z:-4940:-4740		NOT_PROBED_CLOSED	BLOCKED	NATIVE_ENTRANCE_PATH_UNPROVEN	0	territory:-4940:-4740:174808,-15417|175495,-15417|175495,-13583|174808,-13583	ssq14_2517_ssq04	data/spawns/Catacombs/NecropolisOfTheDisciples.xml|TOPOLOGY_CANDIDATES.tsv:50edbeaeb650efa8c863d56194efc0a0010d0aa8ac3713bce2c237816a11e17e
CatacombOfTheApostate	513fc6da7b04f723b444988615cf7624e3f6f93024a2d73b5f5242f170ef0e25	UNPROVEN						z:-8196:-8046		NOT_PROBED_CLOSED	BLOCKED	NATIVE_ENTRANCE_PATH_UNPROVEN	0	territory:-8196:-8046:-10874,-247737|-9514,-247735|-9512,-247117|-10867,-247117	ssq11_2220_ssq32	data/spawns/Catacombs/CatacombOfTheApostate.xml|TOPOLOGY_CANDIDATES.tsv:513fc6da7b04f723b444988615cf7624e3f6f93024a2d73b5f5242f170ef0e25
DevilsIsle	5152587f5d52d68aa3307d15f3b4f9f462ccb45febe3eb2227b4da0dd97c8a15	UNPROVEN						z:-3732:-3532		NOT_PROBED_CLOSED	BLOCKED	NATIVE_ENTRANCE_PATH_UNPROVEN	0	territory:-3732:-3532:45945,206769|46193,206927|46272,207953|46009,208176|45346,208091|45172,207837|45299,207282|45585,206916	giran08_2124_014	data/spawns/Giran/DevilsIsle.xml|TOPOLOGY_CANDIDATES.tsv:5152587f5d52d68aa3307d15f3b4f9f462ccb45febe3eb2227b4da0dd97c8a15
TowerOfInsolence	516eed16801fe4480840055e03d5e2be0785a54a2523021322c491ea5b450012	UNPROVEN						z:-5103:-4903		NOT_PROBED_CLOSED	BLOCKED	NATIVE_ENTRANCE_PATH_UNPROVEN	0	territory:-5103:-4903:115159,13688|116005,14066|116634,14726|116953,15467|115980,15715|115077,14717	aden33_2318_02	data/spawns/Aden/TowerOfInsolence.xml|TOPOLOGY_CANDIDATES.tsv:516eed16801fe4480840055e03d5e2be0785a54a2523021322c491ea5b450012
DevilsIsle	516fe93c4e16a4610b09d4c0d809e33c47119036f21e29bef7f2577db4f02c88	UNPROVEN						z:-4300:-3700		NOT_PROBED_CLOSED	BLOCKED	NATIVE_ENTRANCE_PATH_UNPROVEN	0	territory:-4300:-3700:51467,213833|52733,213849|53106,214227|52936,215063|52350,215077	giran08_2124_094	data/spawns/Giran/DevilsIsle.xml|TOPOLOGY_CANDIDATES.tsv:516fe93c4e16a4610b09d4c0d809e33c47119036f21e29bef7f2577db4f02c88
TowerOfInsolence	51c1b286f156a3bfa45512302f70858a9582f1d472e1621910e7c1c5a62040d4	UNPROVEN						z:-3644:-3444		NOT_PROBED_CLOSED	BLOCKED	NATIVE_ENTRANCE_PATH_UNPROVEN	0	territory:-3644:-3444:112381,16669|113600,16448|114304,17152|114072,18352|113269,17990|112729,17452	aden34_2318_03	data/spawns/Aden/TowerOfInsolence.xml|TOPOLOGY_CANDIDATES.tsv:51c1b286f156a3bfa45512302f70858a9582f1d472e1621910e7c1c5a62040d4
CatacombOfTheBranded	523eb9b033a631cbf9fd28cea7e727f1d691b589c2a15bcac70332b0166b0d01	UNPROVEN						z:-5018:-4868		NOT_PROBED_CLOSED	BLOCKED	NATIVE_ENTRANCE_PATH_UNPROVEN	0	territory:-5018:-4868:53360,173864|53977,173866|53986,175199|53366,175202	ssq05_2123_ssq33	data/spawns/Catacombs/CatacombOfTheBranded.xml|TOPOLOGY_CANDIDATES.tsv:523eb9b033a631cbf9fd28cea7e727f1d691b589c2a15bcac70332b0166b0d01
CatacombOfTheApostate	5300571cf1c6ca7f0169b40424c2ac55c2faed18ec626fae259603c180327635	UNPROVEN						z:-8200:-8050		NOT_PROBED_CLOSED	BLOCKED	NATIVE_ENTRANCE_PATH_UNPROVEN	0	territory:-8200:-8050:-17773,-248379|-16424,-248379|-16435,-247748|-17777,-247752	ssq11_2220_ssq10	data/spawns/Catacombs/CatacombOfTheApostate.xml|TOPOLOGY_CANDIDATES.tsv:5300571cf1c6ca7f0169b40424c2ac55c2faed18ec626fae259603c180327635
CatacombOfTheHeretic	546d3f99ff24ffb26b4b346c222f3b26650110211c1a9cafaf73e8377904e81f	UNPROVEN						z:-7941:-7791		NOT_PROBED_CLOSED	BLOCKED	NATIVE_ENTRANCE_PATH_UNPROVEN	0	territory:-7941:-7791:-48555,-245965|-47932,-245967|-47918,-245368|-48550,-245372	ssq06_2122_ssq06	data/spawns/Catacombs/CatacombOfTheHeretic.xml|TOPOLOGY_CANDIDATES.tsv:546d3f99ff24ffb26b4b346c222f3b26650110211c1a9cafaf73e8377904e81f
DevilsIsle	54b4a5284bb69a860c5ba3a6e78feba8e96ad2082d1959c5929c0368e51adaad	UNPROVEN						z:-2736:-2536		NOT_PROBED_CLOSED	BLOCKED	NATIVE_ENTRANCE_PATH_UNPROVEN	0	territory:-2736:-2536:50608,209718|51145,209718|51150,210201|50614,210201	giran08_2124_076	data/spawns/Giran/DevilsIsle.xml|TOPOLOGY_CANDIDATES.tsv:54b4a5284bb69a860c5ba3a6e78feba8e96ad2082d1959c5929c0368e51adaad
NecropolisOfMartyrdom	55498f75b3f89b093438b5d2aca054326ba862b1400c9d4ea01e82e4e8e2a737	UNPROVEN						z:-4864:-4664		NOT_PROBED_CLOSED	BLOCKED	NATIVE_ENTRANCE_PATH_UNPROVEN	0	territory:-4864:-4664:119732,132514|120458,132508|120437,134430|119729,134425	ssq10_2322_ssq01	data/spawns/Catacombs/NecropolisOfMartyrdom.xml|TOPOLOGY_CANDIDATES.tsv:55498f75b3f89b093438b5d2aca054326ba862b1400c9d4ea01e82e4e8e2a737
NecropolisOfSacrifice	557af73c900d6b66ddff163692dad0c30ca803f6f4da1663d4d0a9212f9d261c	UNPROVEN						z:-5130:-4980		NOT_PROBED_CLOSED	BLOCKED	NATIVE_ENTRANCE_PATH_UNPROVEN	0	territory:-5130:-4980:-44341,213439|-43722,213439|-43719,214816|-44347,214805	ssq01_1824_ssq05	data/spawns/Catacombs/NecropolisOfSacrifice.xml|TOPOLOGY_CANDIDATES.tsv:557af73c900d6b66ddff163692dad0c30ca803f6f4da1663d4d0a9212f9d261c
CatacombOfTheHeretic	55ec6aa3e806603201289dadbc8daab00781aec3f432c7eb9bf7eee5e72c7e57	UNPROVEN						z:-7940:-7790		NOT_PROBED_CLOSED	BLOCKED	NATIVE_ENTRANCE_PATH_UNPROVEN	0	territory:-7940:-7790:-43819,-250558|-43197,-250559|-43188,-249233|-43823,-249232	ssq06_2122_ssq32	data/spawns/Catacombs/CatacombOfTheHeretic.xml|TOPOLOGY_CANDIDATES.tsv:55ec6aa3e806603201289dadbc8daab00781aec3f432c7eb9bf7eee5e72c7e57
DevilsIsle	562889de3bc9c19b5901bd74debf8b1fe224143496bda9511051d7afe2397efa	UNPROVEN						z:-2496:-2296		NOT_PROBED_CLOSED	BLOCKED	NATIVE_ENTRANCE_PATH_UNPROVEN	0	territory:-2496:-2296:54853,209648|55245,209648|55245,210250|54853,210250	giran08_2124_086	data/spawns/Giran/DevilsIsle.xml|TOPOLOGY_CANDIDATES.tsv:562889de3bc9c19b5901bd74debf8b1fe224143496bda9511051d7afe2397efa
NecropolisOfThePilgrims	5632cfb1cce511d2b39feb92e258d2364ba7880a14d9d96489cc197eca26109c	UNPROVEN						z:-5455:-5305		NOT_PROBED_CLOSED	BLOCKED	NATIVE_ENTRANCE_PATH_UNPROVEN	0	territory:-5455:-5305:52739,119531|53388,119534|53370,121317|52731,121315	ssq07_2121_ssq19	data/spawns/Catacombs/NecropolisOfThePilgrims.xml|TOPOLOGY_CANDIDATES.tsv:5632cfb1cce511d2b39feb92e258d2364ba7880a14d9d96489cc197eca26109c
NecropolisOfTheSaints	56baaab98d4698275fd093787b729fbef13802670f6ac5ceca571cd22a8d6218	UNPROVEN						z:-5480:-5280		NOT_PROBED_CLOSED	BLOCKED	NATIVE_ENTRANCE_PATH_UNPROVEN	0	territory:-5480:-5280:89136,216475|89820,216471|89808,217823|89140,217839	ssq08_2224_ssq27	data/spawns/Catacombs/NecropolisOfTheSaints.xml|TOPOLOGY_CANDIDATES.tsv:56baaab98d4698275fd093787b729fbef13802670f6ac5ceca571cd22a8d6218
NecropolisOfThePilgrims	57959750134e973f8d5848e8723c1fd737726d1115debea0e806fe250f346842	UNPROVEN						z:-5446:-5296		NOT_PROBED_CLOSED	BLOCKED	NATIVE_ENTRANCE_PATH_UNPROVEN	0	territory:-5446:-5296:44919,119975|45569,119976|45566,121316|44927,121315	ssq07_2121_ssq02	data/spawns/Catacombs/NecropolisOfThePilgrims.xml|TOPOLOGY_CANDIDATES.tsv:57959750134e973f8d5848e8723c1fd737726d1115debea0e806fe250f346842
DevilsIsle	5844391794232531818c2c53bfb29285a8d3e1ef5f5eb50853c2777358e80b63	UNPROVEN						z:-3636:-3436		NOT_PROBED_CLOSED	BLOCKED	NATIVE_ENTRANCE_PATH_UNPROVEN	0	territory:-3636:-3436:47595,208720|47989,209095|47953,209562|47595,209768|46617,209740|46484,208783|46702,208565	giran08_2124_025	data/spawns/Giran/DevilsIsle.xml|TOPOLOGY_CANDIDATES.tsv:5844391794232531818c2c53bfb29285a8d3e1ef5f5eb50853c2777358e80b63
DevilsIsle	5864c5a21d13b5080a6dea92abf0d222a6adfd4e963806af132f4aecbcfbf454	UNPROVEN						z:-3772:-3572		NOT_PROBED_CLOSED	BLOCKED	NATIVE_ENTRANCE_PATH_UNPROVEN	0	territory:-3772:-3572:49163,207966|50907,207966|50907,209418|49163,209418	giran08_2124_017	data/spawns/Giran/DevilsIsle.xml|TOPOLOGY_CANDIDATES.tsv:5864c5a21d13b5080a6dea92abf0d222a6adfd4e963806af132f4aecbcfbf454
CatacombOfTheWitch	58a5792e0f4846c168219a76807dd86f743eff87bc8861c1b5b74f611d7c092e	UNPROVEN						z:-5468:-5268		NOT_PROBED_CLOSED	BLOCKED	NATIVE_ENTRANCE_PATH_UNPROVEN	0	territory:-5468:-5268:148645,81447|150525,81447|150525,82142|148645,82142	ssq13_2420_ssq15	data/spawns/Catacombs/CatacombOfTheWitch.xml|TOPOLOGY_CANDIDATES.tsv:58a5792e0f4846c168219a76807dd86f743eff87bc8861c1b5b74f611d7c092e
NecropolisOfThePatriots	58c12a75046452e4b831cec2b77cfd4c331380b295d2aab0865bcec45fa49ef9	UNPROVEN						z:-5207:-5057		NOT_PROBED_CLOSED	BLOCKED	NATIVE_ENTRANCE_PATH_UNPROVEN	0	territory:-5207:-5057:-14729,80393|-14076,80409|-14090,82254|-14747,82261	ssq03_1920_ssq18	data/spawns/Catacombs/NecropolisOfThePatriots.xml|TOPOLOGY_CANDIDATES.tsv:58c12a75046452e4b831cec2b77cfd4c331380b295d2aab0865bcec45fa49ef9
DevilsIsle	58e7efa4ffc5c3fe89bc3822fc5e5d5bb589d903243cee5f4328d0c7f229951b	UNPROVEN						z:-4304:-3704		NOT_PROBED_CLOSED	BLOCKED	NATIVE_ENTRANCE_PATH_UNPROVEN	0	territory:-4304:-3704:51600,214652|51720,214064|52168,214852|51604,215588	giran08_2124_095	data/spawns/Giran/DevilsIsle.xml|TOPOLOGY_CANDIDATES.tsv:58e7efa4ffc5c3fe89bc3822fc5e5d5bb589d903243cee5f4328d0c7f229951b
NecropolisOfWorship	58fba6c9b4e4d94dcb5c542fd390b8bd58a632ae10176372f60e9afed1eb43a2	UNPROVEN						z:-5472:-5272		NOT_PROBED_CLOSED	BLOCKED	NATIVE_ENTRANCE_PATH_UNPROVEN	0	territory:-5472:-5272:113435,177267|114063,177267|114063,178762|113435,178762	ssq09_2323_ssq05	data/spawns/Catacombs/NecropolisOfWorship.xml|TOPOLOGY_CANDIDATES.tsv:58fba6c9b4e4d94dcb5c542fd390b8bd58a632ae10176372f60e9afed1eb43a2
NecropolisOfWorship	58fbbfeaf2481377ebcf20be01e91f6771a72b147557e9ea4b91ed43dd18eb72	UNPROVEN						z:-5472:-5272		NOT_PROBED_CLOSED	BLOCKED	NATIVE_ENTRANCE_PATH_UNPROVEN	0	territory:-5472:-5272:115898,173683|116551,173683|116551,174336|115898,174336	ssq09_2323_ssq07	data/spawns/Catacombs/NecropolisOfWorship.xml|TOPOLOGY_CANDIDATES.tsv:58fbbfeaf2481377ebcf20be01e91f6771a72b147557e9ea4b91ed43dd18eb72
NecropolisOfThePatriots	5a59986eb13c2872301329179e2881be9a24e29246b1a25199935920d60e2280	UNPROVEN						z:-5204:-5054		NOT_PROBED_CLOSED	BLOCKED	NATIVE_ENTRANCE_PATH_UNPROVEN	0	territory:-5204:-5054:-19287,84039|-18695,84036|-18695,84667|-19289,84665	ssq03_1920_ssq32	data/spawns/Catacombs/NecropolisOfThePatriots.xml|TOPOLOGY_CANDIDATES.tsv:5a59986eb13c2872301329179e2881be9a24e29246b1a25199935920d60e2280
CatacombOfTheApostate	5acceca200d29d2455dd8ed9fa93cb94c76f40ee4e84bf5ad632284616105136	UNPROVEN						z:-8198:-8048		NOT_PROBED_CLOSED	BLOCKED	NATIVE_ENTRANCE_PATH_UNPROVEN	0	territory:-8198:-8048:-10230,-246484|-9587,-246475|-9584,-245875|-10230,-245869	ssq11_2220_ssq31	data/spawns/Catacombs/CatacombOfTheApostate.xml|TOPOLOGY_CANDIDATES.tsv:5acceca200d29d2455dd8ed9fa93cb94c76f40ee4e84bf5ad632284616105136
CatacombOfTheApostate	5aea64959cc3502b4b0d8f422efcecaf0d26bc759e0db6a153a8a17a2f5ac315	UNPROVEN						z:-8201:-8051		NOT_PROBED_CLOSED	BLOCKED	NATIVE_ENTRANCE_PATH_UNPROVEN	0	territory:-8201:-8051:-14811,-245410|-14210,-245407|-14208,-244774|-14807,-244774	ssq11_2220_ssq28	data/spawns/Catacombs/CatacombOfTheApostate.xml|TOPOLOGY_CANDIDATES.tsv:5aea64959cc3502b4b0d8f422efcecaf0d26bc759e0db6a153a8a17a2f5ac315
NecropolisOfThePatriots	5b33ae70cbe06073e909d4865f72db38cf5bd0687155ab6f3a39103994fc3440	UNPROVEN						z:-5207:-5057		NOT_PROBED_CLOSED	BLOCKED	NATIVE_ENTRANCE_PATH_UNPROVEN	0	territory:-5207:-5057:-16013,77079|-15367,77080|-15366,77676|-16004,77672	ssq03_1920_ssq14	data/spawns/Catacombs/NecropolisOfThePatriots.xml|TOPOLOGY_CANDIDATES.tsv:5b33ae70cbe06073e909d4865f72db38cf5bd0687155ab6f3a39103994fc3440
DevilsIsle	5bb65a568a31ac59423e5f35080cd466b59bae6997312e4f1982f863d61680c5	UNPROVEN						z:-4284:-3684		NOT_PROBED_CLOSED	BLOCKED	NATIVE_ENTRANCE_PATH_UNPROVEN	0	territory:-4284:-3684:52552,215124|53776,215236|53996,215800|54063,216656|52804,216540	giran08_2124_093	data/spawns/Giran/DevilsIsle.xml|TOPOLOGY_CANDIDATES.tsv:5bb65a568a31ac59423e5f35080cd466b59bae6997312e4f1982f863d61680c5
NecropolisOfDevotion	5bbf966f9ce625e2febbeb646361a069baa0f4ee7555e7e479cc3e94b3968457	UNPROVEN						z:-4776:-4626		NOT_PROBED_CLOSED	BLOCKED	NATIVE_ENTRANCE_PATH_UNPROVEN	0	territory:-4776:-4626:-46503,79746|-45161,79718|-45173,80416|-46511,80388	ssq02_1820_ssq13	data/spawns/Catacombs/NecropolisOfDevotion.xml|TOPOLOGY_CANDIDATES.tsv:5bbf966f9ce625e2febbeb646361a069baa0f4ee7555e7e479cc3e94b3968457
CatacombOfTheBranded	5c061c15eff3f38fbc952b797dc9c6d48052a5b7b31ebcd2dfe41e999a3478d7	UNPROVEN						z:-5013:-4863		NOT_PROBED_CLOSED	BLOCKED	NATIVE_ENTRANCE_PATH_UNPROVEN	0	territory:-5013:-4863:46284,174601|46878,174603|46887,175227|46280,175232	ssq05_2123_ssq08	data/spawns/Catacombs/CatacombOfTheBranded.xml|TOPOLOGY_CANDIDATES.tsv:5c061c15eff3f38fbc952b797dc9c6d48052a5b7b31ebcd2dfe41e999a3478d7
TowerOfInsolence	5ca2e6703bc6853ba0e330cbd3b822b54d49d85936333584d1e1cf7303fd44a0	UNPROVEN						z:2912:3112		NOT_PROBED_CLOSED	BLOCKED	NATIVE_ENTRANCE_PATH_UNPROVEN	0	territory:2912:3112:115224,14440|115764,14636|116320,15492|115376,15696|115144,15276	aden39_2318_p06	data/spawns/Aden/TowerOfInsolence.xml|TOPOLOGY_CANDIDATES.tsv:5ca2e6703bc6853ba0e330cbd3b822b54d49d85936333584d1e1cf7303fd44a0
NecropolisOfThePilgrims	5d2bbf5dd9f3aa05ae7d4995ab41e28b2866fb18b8346685b9e500033971f005	UNPROVEN						z:-5442:-5292		NOT_PROBED_CLOSED	BLOCKED	NATIVE_ENTRANCE_PATH_UNPROVEN	0	territory:-5442:-5292:55226,117544|55860,117538|55862,118132|55233,118133	ssq07_2121_ssq21	data/spawns/Catacombs/NecropolisOfThePilgrims.xml|TOPOLOGY_CANDIDATES.tsv:5d2bbf5dd9f3aa05ae7d4995ab41e28b2866fb18b8346685b9e500033971f005
NecropolisOfThePatriots	5d3cd04379ef25e8a5b7376ea4651eb14131f5f8932c01edeae680bb4de34324	UNPROVEN						z:-5208:-5058		NOT_PROBED_CLOSED	BLOCKED	NATIVE_ENTRANCE_PATH_UNPROVEN	0	territory:-5208:-5058:-17085,82758|-16491,82753|-16492,83397|-17086,83399	ssq03_1920_ssq25	data/spawns/Catacombs/NecropolisOfThePatriots.xml|TOPOLOGY_CANDIDATES.tsv:5d3cd04379ef25e8a5b7376ea4651eb14131f5f8932c01edeae680bb4de34324
NecropolisOfDevotion	5d931d2554ab1325a6573184f44ad61c991864fb37e0e1938b6b7ca2a5a7bf29	UNPROVEN						z:-4775:-4625		NOT_PROBED_CLOSED	BLOCKED	NATIVE_ENTRANCE_PATH_UNPROVEN	0	territory:-4775:-4625:-46404,87252|-44619,87290|-44618,87874|-46409,87915	ssq02_1820_ssq25	data/spawns/Catacombs/NecropolisOfDevotion.xml|TOPOLOGY_CANDIDATES.tsv:5d931d2554ab1325a6573184f44ad61c991864fb37e0e1938b6b7ca2a5a7bf29
CatacombOfTheWitch	5e91fbc729b811c8dda389082a25454e0184e7e29f60aab77c23656e282372c2	UNPROVEN						z:-5464:-5264		NOT_PROBED_CLOSED	BLOCKED	NATIVE_ENTRANCE_PATH_UNPROVEN	0	territory:-5464:-5264:142515,83977|143986,83977|143986,84614|142515,84614	ssq13_2420_ssq08	data/spawns/Catacombs/CatacombOfTheWitch.xml|TOPOLOGY_CANDIDATES.tsv:5e91fbc729b811c8dda389082a25454e0184e7e29f60aab77c23656e282372c2
DevilsIsle	5ff4440a1e081d06c2712b6a67db76d20c0da55c985cdeea113aadb33c336b32	UNPROVEN						z:-3380:-3180		NOT_PROBED_CLOSED	BLOCKED	NATIVE_ENTRANCE_PATH_UNPROVEN	0	territory:-3380:-3180:51128,212089|52041,212074|52056,212943|51143,212958	giran08_2124_070	data/spawns/Giran/DevilsIsle.xml|TOPOLOGY_CANDIDATES.tsv:5ff4440a1e081d06c2712b6a67db76d20c0da55c985cdeea113aadb33c336b32
NecropolisOfTheDisciples	602209bcafc49701c110fad81f8069733822562d1c76e4da8b4943dc85a1461c	UNPROVEN						z:-4936:-4736		NOT_PROBED_CLOSED	BLOCKED	NATIVE_ENTRANCE_PATH_UNPROVEN	0	territory:-4936:-4736:176917,-12235|177580,-12229|177580,-11613|176917,-11619	ssq14_2517_ssq21	data/spawns/Catacombs/NecropolisOfTheDisciples.xml|TOPOLOGY_CANDIDATES.tsv:602209bcafc49701c110fad81f8069733822562d1c76e4da8b4943dc85a1461c
IvoryTower	60eb63e76289052af6c2fece8ac28f51d1d4ba311e708f210d5b3c323341b327	UNPROVEN						z:-3740:-3440		NOT_PROBED_CLOSED	BLOCKED	NATIVE_ENTRANCE_PATH_UNPROVEN	0	territory:-3740:-3440:86740,27880|92640,26572|94212,28916|89740,30084|87108,29572	oren30_2218_09	data/spawns/Oren/IvoryTower.xml|TOPOLOGY_CANDIDATES.tsv:60eb63e76289052af6c2fece8ac28f51d1d4ba311e708f210d5b3c323341b327
CatacombOfTheWitch	6164c05545d1fd083289c9f9856953f62a8a81713486b7012fadca97b311b1ab	UNPROVEN						z:-5464:-5264		NOT_PROBED_CLOSED	BLOCKED	NATIVE_ENTRANCE_PATH_UNPROVEN	0	territory:-5464:-5264:149498,87452|150111,87452|150111,88089|149498,88089	ssq13_2420_ssq32	data/spawns/Catacombs/CatacombOfTheWitch.xml|TOPOLOGY_CANDIDATES.tsv:6164c05545d1fd083289c9f9856953f62a8a81713486b7012fadca97b311b1ab
TowerOfInsolence	61abcaf9558faaf3ac5d0be9d003799ec606019dadd1287a095f7ca2e8104b01	UNPROVEN						z:3931:4281		NOT_PROBED_CLOSED	BLOCKED	NATIVE_ENTRANCE_PATH_UNPROVEN	0	territory:3931:4281:115709,16496|116467,16174|116271,16790|116010,17230	aden40_2318_07	data/spawns/Aden/TowerOfInsolence.xml|TOPOLOGY_CANDIDATES.tsv:61abcaf9558faaf3ac5d0be9d003799ec606019dadd1287a095f7ca2e8104b01
ImperialTomb	6291986d89ade1f56ea171601d5c82af79d58892ac598929e87d8c28b42a7331	UNPROVEN						z:-6631:-6331		NOT_PROBED_CLOSED	BLOCKED	NATIVE_ENTRANCE_PATH_UNPROVEN	0	territory:-6631:-6331:179922,-82573|181354,-82571|181280,-82101|179926,-82053	godard14_2515_22	data/spawns/Goddard/ImperialTomb.xml|TOPOLOGY_CANDIDATES.tsv:6291986d89ade1f56ea171601d5c82af79d58892ac598929e87d8c28b42a7331
TowerOfInsolence	639007d287a2a0d44ffd0b66ffb75c9057514271c7cfb223ba5180bb0cf59f4f	UNPROVEN						z:6956:7156		NOT_PROBED_CLOSED	BLOCKED	NATIVE_ENTRANCE_PATH_UNPROVEN	0	territory:6956:7156:114568,16784|115376,15948|115828,16396|115000,17220	aden29_2318_07	data/spawns/Aden/TowerOfInsolence.xml|TOPOLOGY_CANDIDATES.tsv:639007d287a2a0d44ffd0b66ffb75c9057514271c7cfb223ba5180bb0cf59f4f
NecropolisOfTheSaints	63db0a0b15d305c2a40239c4fb4fb167cd36c771faa8a6a43d4c8ba60cbc66d0	UNPROVEN						z:-5476:-5276		NOT_PROBED_CLOSED	BLOCKED	NATIVE_ENTRANCE_PATH_UNPROVEN	0	territory:-5476:-5276:88920,211676|90832,211672|90832,212356|88936,212328	ssq08_2224_ssq15	data/spawns/Catacombs/NecropolisOfTheSaints.xml|TOPOLOGY_CANDIDATES.tsv:63db0a0b15d305c2a40239c4fb4fb167cd36c771faa8a6a43d4c8ba60cbc66d0
CatacombOfTheHeretic	64752e6a8e450dbda6025ef317a53ef167d657e3eaab053100f3124d051e42bc	UNPROVEN						z:-7942:-7792		NOT_PROBED_CLOSED	BLOCKED	NATIVE_ENTRANCE_PATH_UNPROVEN	0	territory:-7942:-7792:-51341,-250441|-50707,-250441|-50704,-248628|-51358,-248623	ssq06_2122_ssq02	data/spawns/Catacombs/CatacombOfTheHeretic.xml|TOPOLOGY_CANDIDATES.tsv:64752e6a8e450dbda6025ef317a53ef167d657e3eaab053100f3124d051e42bc
TowerOfInsolence	650569408733ceb3a2f5abba15458e3382fdba95367e9247e13e48d72edad13b	UNPROVEN						z:7964:8164		NOT_PROBED_CLOSED	BLOCKED	NATIVE_ENTRANCE_PATH_UNPROVEN	0	territory:7964:8164:114152,16772|115120,16776|115212,17160|114856,17312|114388,17304|113944,17120	aden30_2318_02	data/spawns/Aden/TowerOfInsolence.xml|TOPOLOGY_CANDIDATES.tsv:650569408733ceb3a2f5abba15458e3382fdba95367e9247e13e48d72edad13b
CatacombOfTheBranded	6537dde269cff4ed4f47f22ac0a01d348978cd9b61100ddedd8a756af46dae04	UNPROVEN						z:-5014:-4864		NOT_PROBED_CLOSED	BLOCKED	NATIVE_ENTRANCE_PATH_UNPROVEN	0	territory:-5014:-4864:48148,172723|48782,172734|48784,174073|48150,174068	ssq05_2123_ssq09	data/spawns/Catacombs/CatacombOfTheBranded.xml|TOPOLOGY_CANDIDATES.tsv:6537dde269cff4ed4f47f22ac0a01d348978cd9b61100ddedd8a756af46dae04
TowerOfInsolence	654e5d244a01edb4a9da37317405e13f0706513c8ba085dd7ff924fa1ef20448	UNPROVEN						z:5944:6144		NOT_PROBED_CLOSED	BLOCKED	NATIVE_ENTRANCE_PATH_UNPROVEN	0	territory:5944:6144:115280,13272|116176,13652|115696,14312|115124,14076	aden28_2318_06	data/spawns/Aden/TowerOfInsolence.xml|TOPOLOGY_CANDIDATES.tsv:654e5d244a01edb4a9da37317405e13f0706513c8ba085dd7ff924fa1ef20448
NecropolisOfTheDisciples	65543779448d3090c1a2555758b90bbfa25091db8bce8cafe682e65bff43416b	UNPROVEN						z:-4936:-4736		NOT_PROBED_CLOSED	BLOCKED	NATIVE_ENTRANCE_PATH_UNPROVEN	0	territory:-4936:-4736:178023,-12249|178685,-12244|178685,-11627|178023,-11633	ssq14_2517_ssq28	data/spawns/Catacombs/NecropolisOfTheDisciples.xml|TOPOLOGY_CANDIDATES.tsv:65543779448d3090c1a2555758b90bbfa25091db8bce8cafe682e65bff43416b
CatacombOfTheWitch	6595370864f4cca65d8316dbaa990d2066aeedf69bba2fff6ccd9d4f2af9e64e	UNPROVEN						z:-5464:-5264		NOT_PROBED_CLOSED	BLOCKED	NATIVE_ENTRANCE_PATH_UNPROVEN	0	territory:-5464:-5264:148009,89336|149480,89336|149480,89974|148009,89974	ssq13_2420_ssq37	data/spawns/Catacombs/CatacombOfTheWitch.xml|TOPOLOGY_CANDIDATES.tsv:6595370864f4cca65d8316dbaa990d2066aeedf69bba2fff6ccd9d4f2af9e64e
ImperialTomb	65f2c33fbfea3c51738dfccd4e13b58595d4063e2b61a2db72080dc997568db5	UNPROVEN						z:-6012:-5712		NOT_PROBED_CLOSED	BLOCKED	NATIVE_ENTRANCE_PATH_UNPROVEN	0	territory:-6012:-5712:183282,-78507|184060,-78506|184047,-77708|183290,-77713	godard14_2515_12	data/spawns/Goddard/ImperialTomb.xml|TOPOLOGY_CANDIDATES.tsv:65f2c33fbfea3c51738dfccd4e13b58595d4063e2b61a2db72080dc997568db5
CatacombOfTheWitch	6665bd3a9444af4723f70e85f8c5406073c64b5e6f03b36c8ee29e1e1a66824f	UNPROVEN						z:-5464:-5264		NOT_PROBED_CLOSED	BLOCKED	NATIVE_ENTRANCE_PATH_UNPROVEN	0	territory:-5464:-5264:141569,79370|142182,79370|142182,80007|141569,80007	ssq13_2420_ssq01	data/spawns/Catacombs/CatacombOfTheWitch.xml|TOPOLOGY_CANDIDATES.tsv:6665bd3a9444af4723f70e85f8c5406073c64b5e6f03b36c8ee29e1e1a66824f
DevilsIsle	67251873fdfc8d605e12e97c420cdf0810ee8a6a76152a49a963c5f08336a09b	UNPROVEN						z:-4672:-4472		NOT_PROBED_CLOSED	BLOCKED	NATIVE_ENTRANCE_PATH_UNPROVEN	0	territory:-4672:-4472:41398,198549|41699,198574|41793,199508|41343,199505	giran08_2124_002	data/spawns/Giran/DevilsIsle.xml|TOPOLOGY_CANDIDATES.tsv:67251873fdfc8d605e12e97c420cdf0810ee8a6a76152a49a963c5f08336a09b
TowerOfInsolence	67517b42fff71f659760bc0cbd02a561f180bcfc77f11840c54f78f583aafafe	UNPROVEN						z:6964:7164		NOT_PROBED_CLOSED	BLOCKED	NATIVE_ENTRANCE_PATH_UNPROVEN	0	territory:6964:7164:113728,16421|114292,16961|113297,17958|112784,17388	aden29_2318_05	data/spawns/Aden/TowerOfInsolence.xml|TOPOLOGY_CANDIDATES.tsv:67517b42fff71f659760bc0cbd02a561f180bcfc77f11840c54f78f583aafafe
TowerOfInsolence	67666036b83d7efb25ec1ff2678ab2bfbc1b83a485b6e4e104a1a40a591ac3dc	UNPROVEN						z:-2164:-1964		NOT_PROBED_CLOSED	BLOCKED	NATIVE_ENTRANCE_PATH_UNPROVEN	0	territory:-2164:-1964:116615,14792|116979,15548|115949,15704|115028,14724|115189,13775|115987,14105	aden35_2318_03	data/spawns/Aden/TowerOfInsolence.xml|TOPOLOGY_CANDIDATES.tsv:67666036b83d7efb25ec1ff2678ab2bfbc1b83a485b6e4e104a1a40a591ac3dc
IvoryTower	677505be3ec46b587600ef85ba4f212e6954804aa539d3449b48eda4857a42c7	UNPROVEN						z:-3776:-3376		NOT_PROBED_CLOSED	BLOCKED	NATIVE_ENTRANCE_PATH_UNPROVEN	0	territory:-3776:-3376:77664,27740|80084,27544|82684,28776|78952,29596|77084,28936	oren30_2218_12	data/spawns/Oren/IvoryTower.xml|TOPOLOGY_CANDIDATES.tsv:677505be3ec46b587600ef85ba4f212e6954804aa539d3449b48eda4857a42c7
CatacombOfTheWitch	68e78c6124a1bd093e806244b2319cab2ba72e7e74f28f7eef3a4861b285dcfc	UNPROVEN						z:-5468:-5268		NOT_PROBED_CLOSED	BLOCKED	NATIVE_ENTRANCE_PATH_UNPROVEN	0	territory:-5468:-5268:146202,88214|148081,88214|148081,88909|146202,88909	ssq13_2420_ssq34	data/spawns/Catacombs/CatacombOfTheWitch.xml|TOPOLOGY_CANDIDATES.tsv:68e78c6124a1bd093e806244b2319cab2ba72e7e74f28f7eef3a4861b285dcfc
NecropolisOfWorship	68efb656fe3409bf20cfb91d3ba6b88b198708036f9f21085cdd716bcc80b6f5	UNPROVEN						z:-5472:-5272		NOT_PROBED_CLOSED	BLOCKED	NATIVE_ENTRANCE_PATH_UNPROVEN	0	territory:-5472:-5272:119410,173648|120862,173648|120862,174303|119410,174303	ssq09_2323_ssq14	data/spawns/Catacombs/NecropolisOfWorship.xml|TOPOLOGY_CANDIDATES.tsv:68efb656fe3409bf20cfb91d3ba6b88b198708036f9f21085cdd716bcc80b6f5
TowerOfInsolence	690e95aa835d9fd6e2ca13e8de6c32f1d385ae2559c2439834f2582e978a946a	UNPROVEN						z:-5104:-4904		NOT_PROBED_CLOSED	BLOCKED	NATIVE_ENTRANCE_PATH_UNPROVEN	0	territory:-5104:-4904:113424,14015|114040,13766|114265,14706|113316,15674|112377,15513|112636,14849	aden33_2318_01	data/spawns/Aden/TowerOfInsolence.xml|TOPOLOGY_CANDIDATES.tsv:690e95aa835d9fd6e2ca13e8de6c32f1d385ae2559c2439834f2582e978a946a
NecropolisOfSacrifice	693b725b08696205f8e16aa099b24387d75342f70ca5226c15bd438228188a8f	UNPROVEN						z:-5123:-4973		NOT_PROBED_CLOSED	BLOCKED	NATIVE_ENTRANCE_PATH_UNPROVEN	0	territory:-5123:-4973:-52190,211900|-51556,211910|-51525,213282|-52220,213285	ssq01_1824_ssq33	data/spawns/Catacombs/NecropolisOfSacrifice.xml|TOPOLOGY_CANDIDATES.tsv:693b725b08696205f8e16aa099b24387d75342f70ca5226c15bd438228188a8f
DevilsIsle	69828cd3aecca42272b95365dafb7e8d863da600feea6ea864914b4d720ba996	UNPROVEN						z:-3856:-3656		NOT_PROBED_CLOSED	BLOCKED	NATIVE_ENTRANCE_PATH_UNPROVEN	0	territory:-3856:-3656:43511,218426|43711,218426|43711,218759|43511,218759	giran08_2124_049	data/spawns/Giran/DevilsIsle.xml|TOPOLOGY_CANDIDATES.tsv:69828cd3aecca42272b95365dafb7e8d863da600feea6ea864914b4d720ba996
TowerOfInsolence	6a1beb51f646ae5e352917c58a29cd9ed8460e1fb24405e635874813432a0de3	UNPROVEN						z:5948:6148		NOT_PROBED_CLOSED	BLOCKED	NATIVE_ENTRANCE_PATH_UNPROVEN	0	territory:5948:6148:116296,13720|116996,14428|116300,14876|115864,14420	aden28_2318_07	data/spawns/Aden/TowerOfInsolence.xml|TOPOLOGY_CANDIDATES.tsv:6a1beb51f646ae5e352917c58a29cd9ed8460e1fb24405e635874813432a0de3
TowerOfInsolence	6a521f786f34a2c436ec4dc1310a9e567ca865e804b1655e010bc142ec35d318	UNPROVEN						z:5958:6158		NOT_PROBED_CLOSED	BLOCKED	NATIVE_ENTRANCE_PATH_UNPROVEN	0	territory:5958:6158:114503,15495|114955,15605|115226,15918|115226,16213|114944,16539|114475,16618|114114,16342|114059,15913	aden28_2318_01	data/spawns/Aden/TowerOfInsolence.xml|TOPOLOGY_CANDIDATES.tsv:6a521f786f34a2c436ec4dc1310a9e567ca865e804b1655e010bc142ec35d318
CatacombOfDarkOmens	6a61dca2ed30eb045db8f4132bf0cca57f42047e563f09e8ff2a4175eca19381	UNPROVEN						z:-4944:-4744		NOT_PROBED_CLOSED	BLOCKED	NATIVE_ENTRANCE_PATH_UNPROVEN	0	territory:-4944:-4744:-11504,13160|-10144,13192|-10144,13856|-11484,13844	ssq03_1918_ssq16	data/spawns/Catacombs/CatacombOfDarkOmens.xml|TOPOLOGY_CANDIDATES.tsv:6a61dca2ed30eb045db8f4132bf0cca57f42047e563f09e8ff2a4175eca19381
TowerOfInsolence	6a90c8588f82d7004c07ccec870523a5b0e61a78a87ccc5ac0c098d482ed17d8	UNPROVEN						z:3932:4282		NOT_PROBED_CLOSED	BLOCKED	NATIVE_ENTRANCE_PATH_UNPROVEN	0	territory:3932:4282:113541,14650|114501,14244|114830,15099|113866,15458	aden40_2318_02	data/spawns/Aden/TowerOfInsolence.xml|TOPOLOGY_CANDIDATES.tsv:6a90c8588f82d7004c07ccec870523a5b0e61a78a87ccc5ac0c098d482ed17d8
DevilsIsle	6b09ee1d3852d548b02efb72213b220e20a424398d38ad0ff39519861ead121e	UNPROVEN						z:-3964:-3664		NOT_PROBED_CLOSED	BLOCKED	NATIVE_ENTRANCE_PATH_UNPROVEN	0	territory:-3964:-3664:45215,215339|45657,215270|45639,215694|45405,215850|44660,215802	giran08_2124_042	data/spawns/Giran/DevilsIsle.xml|TOPOLOGY_CANDIDATES.tsv:6b09ee1d3852d548b02efb72213b220e20a424398d38ad0ff39519861ead121e
ImperialTomb	6b6f6c2545639fb2f48a151575e87c2f1d6a7c12ecf0ecddcf3f68baa4f38e72	UNPROVEN						z:-5367:-5067		NOT_PROBED_CLOSED	BLOCKED	NATIVE_ENTRANCE_PATH_UNPROVEN	0	territory:-5367:-5067:183286,-81378|184046,-81378|184034,-80596|183293,-80595	godard14_2515_15	data/spawns/Goddard/ImperialTomb.xml|TOPOLOGY_CANDIDATES.tsv:6b6f6c2545639fb2f48a151575e87c2f1d6a7c12ecf0ecddcf3f68baa4f38e72
DevilsIsle	6b786e1c0dd0685449ed5efc28804cc12d6e2395ad1fe8afad8e6e5fea168af4	UNPROVEN						z:-3752:-3552		NOT_PROBED_CLOSED	BLOCKED	NATIVE_ENTRANCE_PATH_UNPROVEN	0	territory:-3752:-3552:41707,211982|42025,211917|42463,212012|42702,212346|42593,212977|42301,213144|41821,213081|41600,212602	giran08_2124_036	data/spawns/Giran/DevilsIsle.xml|TOPOLOGY_CANDIDATES.tsv:6b786e1c0dd0685449ed5efc28804cc12d6e2395ad1fe8afad8e6e5fea168af4
CatacombOfDarkOmens	6c1f8868af8fe2f7ca6a5c73aa8471f85003a3bfe451eb5a240beaf133f44445	UNPROVEN						z:-4944:-4744		NOT_PROBED_CLOSED	BLOCKED	NATIVE_ENTRANCE_PATH_UNPROVEN	0	territory:-4944:-4744:-13604,21640|-11740,21652|-11740,22316|-13588,22328	ssq03_1918_ssq24	data/spawns/Catacombs/CatacombOfDarkOmens.xml|TOPOLOGY_CANDIDATES.tsv:6c1f8868af8fe2f7ca6a5c73aa8471f85003a3bfe451eb5a240beaf133f44445
CatacombOfTheWitch	6c9c6a21765a07d06cd6ebce512b5a0c0fc2a57088a0693837e0148b9b00a598	UNPROVEN						z:-5476:-5276		NOT_PROBED_CLOSED	BLOCKED	NATIVE_ENTRANCE_PATH_UNPROVEN	0	territory:-5476:-5276:146151,81356|146791,81356|146791,82815|146151,82815	ssq13_2420_ssq14	data/spawns/Catacombs/CatacombOfTheWitch.xml|TOPOLOGY_CANDIDATES.tsv:6c9c6a21765a07d06cd6ebce512b5a0c0fc2a57088a0693837e0148b9b00a598
CatacombOfTheHeretic	6cde780c2cbbdb9dd999f82453dceeea31f2b3cff8b86d0f73c06085292e4412	UNPROVEN						z:-7943:-7793		NOT_PROBED_CLOSED	BLOCKED	NATIVE_ENTRANCE_PATH_UNPROVEN	0	territory:-7943:-7793:-42836,-240296|-42251,-240298|-42253,-239648|-42835,-239664	ssq06_2122_ssq22	data/spawns/Catacombs/CatacombOfTheHeretic.xml|TOPOLOGY_CANDIDATES.tsv:6cde780c2cbbdb9dd999f82453dceeea31f2b3cff8b86d0f73c06085292e4412
CatacombOfTheApostate	6d0dcd5ed67655007721ba2c0b972316cab7cffeded255f71b8af8ca783d875e	UNPROVEN						z:-8200:-8050		NOT_PROBED_CLOSED	BLOCKED	NATIVE_ENTRANCE_PATH_UNPROVEN	0	territory:-8200:-8050:-10193,-245414|-9600,-245413|-9601,-244760|-10191,-244631	ssq11_2220_ssq30	data/spawns/Catacombs/CatacombOfTheApostate.xml|TOPOLOGY_CANDIDATES.tsv:6d0dcd5ed67655007721ba2c0b972316cab7cffeded255f71b8af8ca783d875e
TowerOfInsolence	6d48dc991277ed445252780a48d0ece15862a8b2f63ae10388d2a9137c06b077	UNPROVEN						z:1908:2108		NOT_PROBED_CLOSED	BLOCKED	NATIVE_ENTRANCE_PATH_UNPROVEN	0	territory:1908:2108:115453,14443|115999,14752|116301,15327|115460,15336	aden38_2318_03	data/spawns/Aden/TowerOfInsolence.xml|TOPOLOGY_CANDIDATES.tsv:6d48dc991277ed445252780a48d0ece15862a8b2f63ae10388d2a9137c06b077
CatacombOfTheWitch	6d947d93a37ed27349566f1b7f0d67dfe78c1a75273883cda59d084aad0dbb0d	UNPROVEN						z:-5464:-5264		NOT_PROBED_CLOSED	BLOCKED	NATIVE_ENTRANCE_PATH_UNPROVEN	0	territory:-5464:-5264:145102,85063|145714,85063|145714,85700|145102,85700	ssq13_2420_ssq22	data/spawns/Catacombs/CatacombOfTheWitch.xml|TOPOLOGY_CANDIDATES.tsv:6d947d93a37ed27349566f1b7f0d67dfe78c1a75273883cda59d084aad0dbb0d
CatacombOfTheWitch	6ead3c51df4695e4fee80b1f3986f607a9e71c8458ad89d7171e6ceed451d81f	UNPROVEN						z:-5464:-5264		NOT_PROBED_CLOSED	BLOCKED	NATIVE_ENTRANCE_PATH_UNPROVEN	0	territory:-5464:-5264:142248,85056|143719,85056|143719,85693|142248,85693	ssq13_2420_ssq20	data/spawns/Catacombs/CatacombOfTheWitch.xml|TOPOLOGY_CANDIDATES.tsv:6ead3c51df4695e4fee80b1f3986f607a9e71c8458ad89d7171e6ceed451d81f
NecropolisOfTheDisciples	6ee4b4d0cc9254f0a8ffad27875cba2da3c16d119187420a20833d0eec8fc493	UNPROVEN						z:-4936:-4736		NOT_PROBED_CLOSED	BLOCKED	NATIVE_ENTRANCE_PATH_UNPROVEN	0	territory:-4936:-4736:172324,-13299|172986,-13293|172986,-12677|172324,-12683	ssq14_2517_ssq03	data/spawns/Catacombs/NecropolisOfTheDisciples.xml|TOPOLOGY_CANDIDATES.tsv:6ee4b4d0cc9254f0a8ffad27875cba2da3c16d119187420a20833d0eec8fc493
DevilsIsle	6f7f1765f89ae95fe51f279645166ee23e5b29e9077aa1a66718d748a8f7f77d	UNPROVEN						z:-4000:-3800		NOT_PROBED_CLOSED	BLOCKED	NATIVE_ENTRANCE_PATH_UNPROVEN	0	territory:-4000:-3800:44786,217500|45659,217482|45838,217615|45797,218245|44787,218239	giran08_2124_047	data/spawns/Giran/DevilsIsle.xml|TOPOLOGY_CANDIDATES.tsv:6f7f1765f89ae95fe51f279645166ee23e5b29e9077aa1a66718d748a8f7f77d
TowerOfInsolence	6f913b14ecac5fd981c4e5e94361d3a3af215cff3e76ab01d90923b901815a5c	UNPROVEN						z:1912:2112		NOT_PROBED_CLOSED	BLOCKED	NATIVE_ENTRANCE_PATH_UNPROVEN	0	territory:1912:2112:114120,16884|115196,16872|115184,17868|114132,17880	aden38_2318_05	data/spawns/Aden/TowerOfInsolence.xml|TOPOLOGY_CANDIDATES.tsv:6f913b14ecac5fd981c4e5e94361d3a3af215cff3e76ab01d90923b901815a5c
DevilsIsle	700cb41de222c3911513268efe8cccbd305fe9c5842062da45c391b578797e06	UNPROVEN						z:-3380:-3180		NOT_PROBED_CLOSED	BLOCKED	NATIVE_ENTRANCE_PATH_UNPROVEN	0	territory:-3380:-3180:52188,211564|52570,211568|52570,212596|52188,212592	t121_24_071	data/spawns/Giran/DevilsIsle.xml|TOPOLOGY_CANDIDATES.tsv:700cb41de222c3911513268efe8cccbd305fe9c5842062da45c391b578797e06
IvoryTower	702c7711f00e2a477fe96a0053bc31b2420fcd7c87cedf616e2cf3ce71f68466	UNPROVEN						z:-3780:-3480		NOT_PROBED_CLOSED	BLOCKED	NATIVE_ENTRANCE_PATH_UNPROVEN	0	territory:-3780:-3480:81420,28160|86660,27900|87040,29600|85056,29872	oren30_2218_11	data/spawns/Oren/IvoryTower.xml|TOPOLOGY_CANDIDATES.tsv:702c7711f00e2a477fe96a0053bc31b2420fcd7c87cedf616e2cf3ce71f68466
NecropolisOfThePilgrims	703997ba81bcd919a63f6cb79425f7be3ac85182e20ca455737b40e385daac2e	UNPROVEN						z:-5448:-5298		NOT_PROBED_CLOSED	BLOCKED	NATIVE_ENTRANCE_PATH_UNPROVEN	0	territory:-5448:-5298:54507,121813|55841,121807|55840,122455|54509,122462	ssq07_2121_ssq18	data/spawns/Catacombs/NecropolisOfThePilgrims.xml|TOPOLOGY_CANDIDATES.tsv:703997ba81bcd919a63f6cb79425f7be3ac85182e20ca455737b40e385daac2e
NecropolisOfWorship	70e3a4d6c20b88d7d0e984a82f8ce91bdc41283508118c9e8f915ee86f210a87	UNPROVEN						z:-5472:-5272		NOT_PROBED_CLOSED	BLOCKED	NATIVE_ENTRANCE_PATH_UNPROVEN	0	territory:-5472:-5272:121574,179378|122227,179378|122227,180030|121574,180030	ssq09_2323_ssq22	data/spawns/Catacombs/NecropolisOfWorship.xml|TOPOLOGY_CANDIDATES.tsv:70e3a4d6c20b88d7d0e984a82f8ce91bdc41283508118c9e8f915ee86f210a87
NecropolisOfMartyrdom	711b18f1824e10b364c5b805707dc522112445583bc732b42b721f8e88258e2f	UNPROVEN						z:-4864:-4664		NOT_PROBED_CLOSED	BLOCKED	NATIVE_ENTRANCE_PATH_UNPROVEN	0	territory:-4864:-4664:121680,135797|123554,135808|123546,136451|121665,136440	ssq10_2322_ssq07	data/spawns/Catacombs/NecropolisOfMartyrdom.xml|TOPOLOGY_CANDIDATES.tsv:711b18f1824e10b364c5b805707dc522112445583bc732b42b721f8e88258e2f
TowerOfInsolence	718018ba8d519cb8a92397499b86ec4463fda9b502102dd709a44d17c68ea13a	UNPROVEN						z:1912:2112		NOT_PROBED_CLOSED	BLOCKED	NATIVE_ENTRANCE_PATH_UNPROVEN	0	territory:1912:2112:114056,15524|115260,15524|115260,16608|114056,16608	aden38_2318_04	data/spawns/Aden/TowerOfInsolence.xml|TOPOLOGY_CANDIDATES.tsv:718018ba8d519cb8a92397499b86ec4463fda9b502102dd709a44d17c68ea13a
ImperialTomb	72007cc387f17e963e4fcf2c446ac6bf0ff8aede47d0437f2bf5d0e22d4781e5	UNPROVEN						z:-2778:-2478		NOT_PROBED_CLOSED	BLOCKED	NATIVE_ENTRANCE_PATH_UNPROVEN	0	territory:-2778:-2478:179362,-75558|181659,-75562|181570,-75066|179360,-75074	godard14_2515_04	data/spawns/Goddard/ImperialTomb.xml|TOPOLOGY_CANDIDATES.tsv:72007cc387f17e963e4fcf2c446ac6bf0ff8aede47d0437f2bf5d0e22d4781e5
DevilsIsle	727636f611ea22b87fae9606c959d08838740b18ecadf47081a5b50bf6b18a29	UNPROVEN						z:-2748:-2548		NOT_PROBED_CLOSED	BLOCKED	NATIVE_ENTRANCE_PATH_UNPROVEN	0	territory:-2748:-2548:49128,209812|50504,209812|50504,210920|49128,210920	giran08_2124_077	data/spawns/Giran/DevilsIsle.xml|TOPOLOGY_CANDIDATES.tsv:727636f611ea22b87fae9606c959d08838740b18ecadf47081a5b50bf6b18a29
CatacombOfTheBranded	72b81b0dc2dfccdbc42954c717780cf4ffd2204767e7b767e19dfe946b47f251	UNPROVEN						z:-5012:-4862		NOT_PROBED_CLOSED	BLOCKED	NATIVE_ENTRANCE_PATH_UNPROVEN	0	territory:-5012:-4862:46288,176652|47630,176651|47634,177276|46296,177275	ssq05_2123_ssq15	data/spawns/Catacombs/CatacombOfTheBranded.xml|TOPOLOGY_CANDIDATES.tsv:72b81b0dc2dfccdbc42954c717780cf4ffd2204767e7b767e19dfe946b47f251
CatacombOfTheForbiddenPath	72d2f371cf9eb7a0682e2dfe07db0e0da800a0d1eff188b8178f5a77f872843e	UNPROVEN						z:-9612:-9412		NOT_PROBED_CLOSED	BLOCKED	NATIVE_ENTRANCE_PATH_UNPROVEN	0	territory:-9612:-9412:12713,-246026|14637,-246014|14629,-245362|12710,-245346	ssq12_2320_ssq02	data/spawns/Catacombs/CatacombOfTheForbiddenPath.xml|TOPOLOGY_CANDIDATES.tsv:72d2f371cf9eb7a0682e2dfe07db0e0da800a0d1eff188b8178f5a77f872843e
CatacombOfDarkOmens	7338fa69271c2aa06f4638de0f4d66bb5d66385ca3694558772212cf16b2f97e	UNPROVEN						z:-4932:-4732		NOT_PROBED_CLOSED	BLOCKED	NATIVE_ENTRANCE_PATH_UNPROVEN	0	territory:-4932:-4732:-16104,14604|-14184,14600|-14196,15283|-16108,15288	ssq03_1918_ssq03	data/spawns/Catacombs/CatacombOfDarkOmens.xml|TOPOLOGY_CANDIDATES.tsv:7338fa69271c2aa06f4638de0f4d66bb5d66385ca3694558772212cf16b2f97e
TowerOfInsolence	73869e4a8432f00797b9d0ee379e3a86b2b661549df62ed8a1043f5933d6fb5e	UNPROVEN						z:7952:8152		NOT_PROBED_CLOSED	BLOCKED	NATIVE_ENTRANCE_PATH_UNPROVEN	0	territory:7952:8152:114524,15444|115032,15640|115236,16200|114792,16680|114232,16472|114008,15936	aden30_2318_01	data/spawns/Aden/TowerOfInsolence.xml|TOPOLOGY_CANDIDATES.tsv:73869e4a8432f00797b9d0ee379e3a86b2b661549df62ed8a1043f5933d6fb5e
CatacombOfTheApostate	73d7d571c6cd5effdfe4cb1fdd0b54462a9082b2e03eef77a4d1e43bbebffe05	UNPROVEN						z:-8199:-8049		NOT_PROBED_CLOSED	BLOCKED	NATIVE_ENTRANCE_PATH_UNPROVEN	0	territory:-8199:-8049:-20251,-242391|-18889,-242388|-18894,-241773|-20252,-241771	ssq11_2220_ssq16	data/spawns/Catacombs/CatacombOfTheApostate.xml|TOPOLOGY_CANDIDATES.tsv:73d7d571c6cd5effdfe4cb1fdd0b54462a9082b2e03eef77a4d1e43bbebffe05
ImperialTomb	7404957fd9f2ac9aa8910274bf7046fc23522b8596a9e4379742fa931bc9a877	UNPROVEN						z:-3422:-3122		NOT_PROBED_CLOSED	BLOCKED	NATIVE_ENTRANCE_PATH_UNPROVEN	0	territory:-3422:-3122:177556,-78584|178370,-78567|178368,-77809|177552,-77791	godard14_2515_07	data/spawns/Goddard/ImperialTomb.xml|TOPOLOGY_CANDIDATES.tsv:7404957fd9f2ac9aa8910274bf7046fc23522b8596a9e4379742fa931bc9a877
DevilsIsle	7428ed8d09596a3467e9da7f3a2509092ee79fb866a1197cba7ec2955ee4234a	UNPROVEN						z:-3460:-3260		NOT_PROBED_CLOSED	BLOCKED	NATIVE_ENTRANCE_PATH_UNPROVEN	0	territory:-3460:-3260:47262,213191|48665,213191|48665,214357|47262,214357	giran08_2124_065	data/spawns/Giran/DevilsIsle.xml|TOPOLOGY_CANDIDATES.tsv:7428ed8d09596a3467e9da7f3a2509092ee79fb866a1197cba7ec2955ee4234a
NecropolisOfThePatriots	7445824917f3eaf28d41f3ef8c6aa7f31fcc18c46f3840bc8db26ae1c532a4e0	UNPROVEN						z:-5212:-5062		NOT_PROBED_CLOSED	BLOCKED	NATIVE_ENTRANCE_PATH_UNPROVEN	0	territory:-5212:-5062:-18345,80379|-16535,80380|-16544,81027|-18334,81015	ssq03_1920_ssq10	data/spawns/Catacombs/NecropolisOfThePatriots.xml|TOPOLOGY_CANDIDATES.tsv:7445824917f3eaf28d41f3ef8c6aa7f31fcc18c46f3840bc8db26ae1c532a4e0
CatacombOfTheBranded	7639d8696718e48cc3dafa8c50ec92735a03348904e1c3dd832f070382046531	UNPROVEN						z:-5020:-4870		NOT_PROBED_CLOSED	BLOCKED	NATIVE_ENTRANCE_PATH_UNPROVEN	0	territory:-5020:-4870:46279,175670|46876,175669|46878,176331|46277,176331	ssq05_2123_ssq14	data/spawns/Catacombs/CatacombOfTheBranded.xml|TOPOLOGY_CANDIDATES.tsv:7639d8696718e48cc3dafa8c50ec92735a03348904e1c3dd832f070382046531
NecropolisOfTheDisciples	76609c1a29686f09aa087ddb862be12239d42c2298f850bcd088997d08acbf2e	UNPROVEN						z:-4936:-4736		NOT_PROBED_CLOSED	BLOCKED	NATIVE_ENTRANCE_PATH_UNPROVEN	0	territory:-4936:-4736:181839,-14740|183302,-14740|183302,-14043|181839,-14043	ssq14_2517_ssq15	data/spawns/Catacombs/NecropolisOfTheDisciples.xml|TOPOLOGY_CANDIDATES.tsv:76609c1a29686f09aa087ddb862be12239d42c2298f850bcd088997d08acbf2e
DevilsIsle	7690ff7815711ed728f8fed1e7e9923ebdc4e7614a4194af0cba11c40eac3265	UNPROVEN						z:-2496:-2296		NOT_PROBED_CLOSED	BLOCKED	NATIVE_ENTRANCE_PATH_UNPROVEN	0	territory:-2496:-2296:51645,210291|52794,210291|52794,211698|51645,211698	giran08_2124_082	data/spawns/Giran/DevilsIsle.xml|TOPOLOGY_CANDIDATES.tsv:7690ff7815711ed728f8fed1e7e9923ebdc4e7614a4194af0cba11c40eac3265
TowerOfInsolence	77324c0847de13e0481c5e7c550ab1fc653d768dd31d85b844dc142eced73900	UNPROVEN						z:2919:3269		NOT_PROBED_CLOSED	BLOCKED	NATIVE_ENTRANCE_PATH_UNPROVEN	0	territory:2919:3269:113932,17199|115027,17082|115431,17608|114290,17847|113710,17623	aden39_2318_05	data/spawns/Aden/TowerOfInsolence.xml|TOPOLOGY_CANDIDATES.tsv:77324c0847de13e0481c5e7c550ab1fc653d768dd31d85b844dc142eced73900
NecropolisOfTheSaints	77f9210e2ca1201c4291ed96e543b99ff0a877ffdc32da0184a1a6e52a9a686a	UNPROVEN						z:-5472:-5272		NOT_PROBED_CLOSED	BLOCKED	NATIVE_ENTRANCE_PATH_UNPROVEN	0	territory:-5472:-5272:93444,213488|94048,213492|94040,214144|93440,214156	ssq08_2224_ssq18	data/spawns/Catacombs/NecropolisOfTheSaints.xml|TOPOLOGY_CANDIDATES.tsv:77f9210e2ca1201c4291ed96e543b99ff0a877ffdc32da0184a1a6e52a9a686a
DevilsIsle	788a7343bc908a787d6139976c2772b5c2f8102052170f0f471f15dc190357d9	UNPROVEN						z:-3816:-3606		NOT_PROBED_CLOSED	BLOCKED	NATIVE_ENTRANCE_PATH_UNPROVEN	0	territory:-3816:-3606:44871,205705|45051,205765|44992,206663|44792,206623	giran08_2124_012	data/spawns/Giran/DevilsIsle.xml|TOPOLOGY_CANDIDATES.tsv:788a7343bc908a787d6139976c2772b5c2f8102052170f0f471f15dc190357d9
NecropolisOfThePilgrims	7899965a2fe2b89495d62605478f9c2466b14bd904a875fb7310b24ab7a4ac73	UNPROVEN						z:-5452:-5302		NOT_PROBED_CLOSED	BLOCKED	NATIVE_ENTRANCE_PATH_UNPROVEN	0	territory:-5452:-5302:50628,117546|51256,117549|51271,118139|50630,118140	ssq07_2121_ssq27	data/spawns/Catacombs/NecropolisOfThePilgrims.xml|TOPOLOGY_CANDIDATES.tsv:7899965a2fe2b89495d62605478f9c2466b14bd904a875fb7310b24ab7a4ac73
NecropolisOfTheDisciples	78c86af43e16f4b7f6508cd2121a7597ee32a353736244cffb506f90020f99f0	UNPROVEN						z:-4936:-4736		NOT_PROBED_CLOSED	BLOCKED	NATIVE_ENTRANCE_PATH_UNPROVEN	0	territory:-4936:-4736:172315,-11289|173778,-11289|173778,-10592|172315,-10592	ssq14_2517_ssq19	data/spawns/Catacombs/NecropolisOfTheDisciples.xml|TOPOLOGY_CANDIDATES.tsv:78c86af43e16f4b7f6508cd2121a7597ee32a353736244cffb506f90020f99f0
CatacombOfTheWitch	78f753890e270ff7e50bd97b11d403e195aaede3087870eb590dc0a09d7d55dc	UNPROVEN						z:-5464:-5264		NOT_PROBED_CLOSED	BLOCKED	NATIVE_ENTRANCE_PATH_UNPROVEN	0	territory:-5464:-5264:150787,85027|151400,85027|151400,85664|150787,85664	ssq13_2420_ssq30	data/spawns/Catacombs/CatacombOfTheWitch.xml|TOPOLOGY_CANDIDATES.tsv:78f753890e270ff7e50bd97b11d403e195aaede3087870eb590dc0a09d7d55dc
NecropolisOfTheSaints	78f969afd9b10da798464d80f3a08ea94de50ac922c68e68cfd17598fd38351a	UNPROVEN						z:-5476:-5276		NOT_PROBED_CLOSED	BLOCKED	NATIVE_ENTRANCE_PATH_UNPROVEN	0	territory:-5476:-5276:88848,219199|89448,219199|89444,219843|88856,219839	ssq08_2224_ssq25	data/spawns/Catacombs/NecropolisOfTheSaints.xml|TOPOLOGY_CANDIDATES.tsv:78f969afd9b10da798464d80f3a08ea94de50ac922c68e68cfd17598fd38351a
NecropolisOfWorship	7990e5adbbcd8347f0d3d636c4e0c395b9cdbc116a2ab7dbfdcf50e99b3d9e52	UNPROVEN						z:-5472:-5272		NOT_PROBED_CLOSED	BLOCKED	NATIVE_ENTRANCE_PATH_UNPROVEN	0	territory:-5472:-5272:116960,183996|117612,183996|117612,184648|116960,184648	ssq09_2323_ssq25	data/spawns/Catacombs/NecropolisOfWorship.xml|TOPOLOGY_CANDIDATES.tsv:7990e5adbbcd8347f0d3d636c4e0c395b9cdbc116a2ab7dbfdcf50e99b3d9e52
TowerOfInsolence	79fb02dd5bf06a305b3867705014763e51ea450e8e20e5f147665b972d587618	UNPROVEN						z:4943:5293		NOT_PROBED_CLOSED	BLOCKED	NATIVE_ENTRANCE_PATH_UNPROVEN	0	territory:4943:5293:113580,16847|113835,17111|113504,17468|113226,17194	aden41_2318_02	data/spawns/Aden/TowerOfInsolence.xml|TOPOLOGY_CANDIDATES.tsv:79fb02dd5bf06a305b3867705014763e51ea450e8e20e5f147665b972d587618
CatacombOfTheApostate	7a578e8eaccc938841ee3582dc914fc003c3644c152c776528f783bba420c281	UNPROVEN						z:-8202:-8052		NOT_PROBED_CLOSED	BLOCKED	NATIVE_ENTRANCE_PATH_UNPROVEN	0	territory:-8202:-8052:-15928,-245394|-15279,-245396|-15271,-244788|-15927,-244791	ssq11_2220_ssq12	data/spawns/Catacombs/CatacombOfTheApostate.xml|TOPOLOGY_CANDIDATES.tsv:7a578e8eaccc938841ee3582dc914fc003c3644c152c776528f783bba420c281
TowerOfInsolence	7ab80eb28ebca089ca50c74175a18fe32717a68bbc8aa71081e19b0f610381f1	UNPROVEN						z:5956:6156		NOT_PROBED_CLOSED	BLOCKED	NATIVE_ENTRANCE_PATH_UNPROVEN	0	territory:5956:6156:114336,18117|114967,18117|115155,18880|114148,18880	aden28_2318_10	data/spawns/Aden/TowerOfInsolence.xml|TOPOLOGY_CANDIDATES.tsv:7ab80eb28ebca089ca50c74175a18fe32717a68bbc8aa71081e19b0f610381f1
NecropolisOfWorship	7afcb02ec83ea380db585fb78f3581469fd5a7ebbaf1f8f1fbacaebca3613cb2	UNPROVEN						z:-5472:-5272		NOT_PROBED_CLOSED	BLOCKED	NATIVE_ENTRANCE_PATH_UNPROVEN	0	territory:-5472:-5272:111512,176699|112963,176699|112963,177354|111512,177354	ssq09_2323_ssq02	data/spawns/Catacombs/NecropolisOfWorship.xml|TOPOLOGY_CANDIDATES.tsv:7afcb02ec83ea380db585fb78f3581469fd5a7ebbaf1f8f1fbacaebca3613cb2
TowerOfInsolence	7b2db06d73589ca0009eb1d301de548c4b1d17aec3f9a6798605dc5a6d0f7acd	UNPROVEN				23180005|23180006	close|close	z:6948:7148		NOT_PROBED_CLOSED	BLOCKED	NATIVE_ENTRANCE_PATH_UNPROVEN	0	territory:6948:7148:113468,14144|114724,15352|113972,16116|112712,14844	aden29_2318_08	data/spawns/Aden/TowerOfInsolence.xml|TOPOLOGY_CANDIDATES.tsv:7b2db06d73589ca0009eb1d301de548c4b1d17aec3f9a6798605dc5a6d0f7acd|data/Doors.xml#23180005|data/Doors.xml#23180006
NecropolisOfWorship	7c350a6b37163be0239bc8aeef100edb1ff9b66e80d97f6d17d874a95e4689b3	UNPROVEN						z:-5472:-5272		NOT_PROBED_CLOSED	BLOCKED	NATIVE_ENTRANCE_PATH_UNPROVEN	0	territory:-5472:-5272:121561,173689|122214,173689|122214,174341|121561,174341	ssq09_2323_ssq16	data/spawns/Catacombs/NecropolisOfWorship.xml|TOPOLOGY_CANDIDATES.tsv:7c350a6b37163be0239bc8aeef100edb1ff9b66e80d97f6d17d874a95e4689b3
CatacombOfTheApostate	7c5628622e705f7eb1738296bcb08b2e5d4acb891d2e3f67b7b152ff50ea1547	UNPROVEN						z:-8194:-8044		NOT_PROBED_CLOSED	BLOCKED	NATIVE_ENTRANCE_PATH_UNPROVEN	0	territory:-8194:-8044:-15918,-251083|-15280,-251087|-15279,-250483|-15919,-250491	ssq11_2220_ssq08	data/spawns/Catacombs/CatacombOfTheApostate.xml|TOPOLOGY_CANDIDATES.tsv:7c5628622e705f7eb1738296bcb08b2e5d4acb891d2e3f67b7b152ff50ea1547
NecropolisOfSacrifice	7c6e748edc33a7a99e9eb3cc9b3ad8236f019a14a14d051369ed9d1f5d22fb5f	UNPROVEN						z:-5125:-4975		NOT_PROBED_CLOSED	BLOCKED	NATIVE_ENTRANCE_PATH_UNPROVEN	0	territory:-5125:-4975:-47588,210923|-46949,210923|-46947,211508|-47574,211509	ssq01_1824_ssq37	data/spawns/Catacombs/NecropolisOfSacrifice.xml|TOPOLOGY_CANDIDATES.tsv:7c6e748edc33a7a99e9eb3cc9b3ad8236f019a14a14d051369ed9d1f5d22fb5f
CatacombOfDarkOmens	7dfc2c399528baa43266e8c624430b3df77c51b3bb27d6f65547b4b3af53af63	UNPROVEN						z:-4932:-4732		NOT_PROBED_CLOSED	BLOCKED	NATIVE_ENTRANCE_PATH_UNPROVEN	0	territory:-4932:-4732:-13716,17840|-13080,17836|-13088,18412|-13676,18408	ssq03_1918_ssq11	data/spawns/Catacombs/CatacombOfDarkOmens.xml|TOPOLOGY_CANDIDATES.tsv:7dfc2c399528baa43266e8c624430b3df77c51b3bb27d6f65547b4b3af53af63
NecropolisOfTheSaints	7e9733ead1355749a2961b0e276a04adf1df331b246ea20b762f4849b03772fb	UNPROVEN						z:-5476:-5276		NOT_PROBED_CLOSED	BLOCKED	NATIVE_ENTRANCE_PATH_UNPROVEN	0	territory:-5476:-5276:90184,219180|91528,219200|91524,219860|90172,219844	ssq08_2224_ssq22	data/spawns/Catacombs/NecropolisOfTheSaints.xml|TOPOLOGY_CANDIDATES.tsv:7e9733ead1355749a2961b0e276a04adf1df331b246ea20b762f4849b03772fb
CatacombOfDarkOmens	7f454d5811f41b890ec042792bd330a83e0852b3f542269e6cbeb1749cdff084	UNPROVEN						z:-4940:-4740		NOT_PROBED_CLOSED	BLOCKED	NATIVE_ENTRANCE_PATH_UNPROVEN	0	territory:-4940:-4740:-12448,15256|-10548,15252|-10556,15932|-12428,15904	ssq03_1918_ssq13	data/spawns/Catacombs/CatacombOfDarkOmens.xml|TOPOLOGY_CANDIDATES.tsv:7f454d5811f41b890ec042792bd330a83e0852b3f542269e6cbeb1749cdff084
TowerOfInsolence	7f80d8980ae00ec702cadf9323fa41b5cb405300ac44c0bd1f691a55e5631e0a	UNPROVEN						z:-5136:-4936		NOT_PROBED_CLOSED	BLOCKED	NATIVE_ENTRANCE_PATH_UNPROVEN	0	territory:-5136:-4936:116004,16464|116932,16612|116540,17564|116052,18008|115224,18440|114996,17440	aden33_2318_03	data/spawns/Aden/TowerOfInsolence.xml|TOPOLOGY_CANDIDATES.tsv:7f80d8980ae00ec702cadf9323fa41b5cb405300ac44c0bd1f691a55e5631e0a
NecropolisOfTheDisciples	7fd4873b14003bbd5d09e0ddb9bac2a455a1c56f48af09509e498630fde216f7	UNPROVEN						z:-4936:-4736		NOT_PROBED_CLOSED	BLOCKED	NATIVE_ENTRANCE_PATH_UNPROVEN	0	territory:-4936:-4736:176192,-15248|177655,-15248|177655,-14551|176192,-14551	ssq14_2517_ssq06	data/spawns/Catacombs/NecropolisOfTheDisciples.xml|TOPOLOGY_CANDIDATES.tsv:7fd4873b14003bbd5d09e0ddb9bac2a455a1c56f48af09509e498630fde216f7
DevilsIsle	7fe0706d470228a62720986855a125848ec58eeb01c4f0eefbbacd2d8bcc75c8	UNPROVEN						z:-3632:-3432		NOT_PROBED_CLOSED	BLOCKED	NATIVE_ENTRANCE_PATH_UNPROVEN	0	territory:-3632:-3432:45467,210166|47622,209897|48052,210294|47959,211029|46123,211234|45549,211055|45316,210481	giran08_2124_026	data/spawns/Giran/DevilsIsle.xml|TOPOLOGY_CANDIDATES.tsv:7fe0706d470228a62720986855a125848ec58eeb01c4f0eefbbacd2d8bcc75c8
TowerOfInsolence	7ffe5c84d595e689e79b19d10be8bd133d976750d480a32268937ee7a7161ac2	UNPROVEN						z:4941:5291		NOT_PROBED_CLOSED	BLOCKED	NATIVE_ENTRANCE_PATH_UNPROVEN	0	territory:4941:5291:114638,16375|114851,16819|114387,17230|114288,17839|113621,17548	aden41_2318_03	data/spawns/Aden/TowerOfInsolence.xml|TOPOLOGY_CANDIDATES.tsv:7ffe5c84d595e689e79b19d10be8bd133d976750d480a32268937ee7a7161ac2
CatacombOfTheApostate	802a326016a398cb5b4a5d63fc168bdddf5f6c1fad2a185587f96785e65114dd	UNPROVEN						z:-8176:-8026		NOT_PROBED_CLOSED	BLOCKED	NATIVE_ENTRANCE_PATH_UNPROVEN	0	territory:-8176:-8026:-19387,-249962|-18729,-249958|-18735,-249368|-19383,-249370	ssq11_2220_ssq06	data/spawns/Catacombs/CatacombOfTheApostate.xml|TOPOLOGY_CANDIDATES.tsv:802a326016a398cb5b4a5d63fc168bdddf5f6c1fad2a185587f96785e65114dd
NecropolisOfTheSaints	809f5e4ba10b73180dd208d8cb6d3851a6882386fe1a37280f48e682f36471ef	UNPROVEN						z:-5484:-5284		NOT_PROBED_CLOSED	BLOCKED	NATIVE_ENTRANCE_PATH_UNPROVEN	0	territory:-5484:-5284:85572,208848|86940,208856|86944,209528|85584,209516	ssq08_2224_ssq06	data/spawns/Catacombs/NecropolisOfTheSaints.xml|TOPOLOGY_CANDIDATES.tsv:809f5e4ba10b73180dd208d8cb6d3851a6882386fe1a37280f48e682f36471ef
CatacombOfTheBranded	80e4b1c9dcbb766b46f9b0ec5bd86f99f0a0fba3eb657d9bcce27cf0f49f6bf5	UNPROVEN						z:-5018:-4868		NOT_PROBED_CLOSED	BLOCKED	NATIVE_ENTRANCE_PATH_UNPROVEN	0	territory:-5018:-4868:48772,177778|50603,177778|50600,178437|48761,178448	ssq05_2123_ssq19	data/spawns/Catacombs/CatacombOfTheBranded.xml|TOPOLOGY_CANDIDATES.tsv:80e4b1c9dcbb766b46f9b0ec5bd86f99f0a0fba3eb657d9bcce27cf0f49f6bf5
CatacombOfTheBranded	8197e4ee3f62cb09661b7bd469c4bbf01fd8ed893918823614a7d74e7ec8f61f	UNPROVEN						z:-5011:-4861		NOT_PROBED_CLOSED	BLOCKED	NATIVE_ENTRANCE_PATH_UNPROVEN	0	territory:-5011:-4861:56566,180307|57198,180304|57202,180912|56568,180902	ssq05_2123_ssq23	data/spawns/Catacombs/CatacombOfTheBranded.xml|TOPOLOGY_CANDIDATES.tsv:8197e4ee3f62cb09661b7bd469c4bbf01fd8ed893918823614a7d74e7ec8f61f
NecropolisOfDevotion	8207454758980f05f3d773a4b894c8fa5d01b024f06ca6a26b2ef22249208c89	UNPROVEN						z:-4777:-4627		NOT_PROBED_CLOSED	BLOCKED	NATIVE_ENTRANCE_PATH_UNPROVEN	0	territory:-4777:-4627:-42879,86939|-41569,86947|-41573,87591|-42873,87590	ssq02_1820_ssq21	data/spawns/Catacombs/NecropolisOfDevotion.xml|TOPOLOGY_CANDIDATES.tsv:8207454758980f05f3d773a4b894c8fa5d01b024f06ca6a26b2ef22249208c89
IvoryTower	826227efbf2948c04487057bd960297ace2de34c8f9549a58e8774fd20a8e1f9	UNPROVEN						z:-3684:-3484		NOT_PROBED_CLOSED	BLOCKED	NATIVE_ENTRANCE_PATH_UNPROVEN	0	territory:-3684:-3484:87092,24592|89076,24576|90572,24784|89820,25680|86984,25836	oren30_2218_10s	data/spawns/Oren/IvoryTower.xml|TOPOLOGY_CANDIDATES.tsv:826227efbf2948c04487057bd960297ace2de34c8f9549a58e8774fd20a8e1f9
IvoryTower	836b18073c7b36f772a1be511371c3e9a4beadb17fc64a8472b4ee9f25dee336	UNPROVEN						z:-3784:-3384		NOT_PROBED_CLOSED	BLOCKED	NATIVE_ENTRANCE_PATH_UNPROVEN	0	territory:-3784:-3384:76124,21648|78024,21444|78024,23672|75892,25312	oren30_2218_14s	data/spawns/Oren/IvoryTower.xml|TOPOLOGY_CANDIDATES.tsv:836b18073c7b36f772a1be511371c3e9a4beadb17fc64a8472b4ee9f25dee336
NecropolisOfMartyrdom	8479ef4ef6bf91c5436a2c5fa4e157e7892bf48e58f704ac4c9d1d03ea4a8949	UNPROVEN						z:-4864:-4664		NOT_PROBED_CLOSED	BLOCKED	NATIVE_ENTRANCE_PATH_UNPROVEN	0	territory:-4864:-4664:124063,132467|124667,132459|124655,133111|124064,133107	ssq10_2322_ssq14	data/spawns/Catacombs/NecropolisOfMartyrdom.xml|TOPOLOGY_CANDIDATES.tsv:8479ef4ef6bf91c5436a2c5fa4e157e7892bf48e58f704ac4c9d1d03ea4a8949
DevilsIsle	854e7ba9648bfb44a6bd4bdce7f22b29ff3b541fcae131819401ec43b1ba1313	UNPROVEN						z:-3964:-3364		NOT_PROBED_CLOSED	BLOCKED	NATIVE_ENTRANCE_PATH_UNPROVEN	0	territory:-3964:-3364:55250,210873|55762,211217|55934,212274|55686,212533|54639,212740|54276,212407|54160,211696|54332,211108	giran08_2124_088	data/spawns/Giran/DevilsIsle.xml|TOPOLOGY_CANDIDATES.tsv:854e7ba9648bfb44a6bd4bdce7f22b29ff3b541fcae131819401ec43b1ba1313
CatacombOfTheHeretic	8551e5f54dd93d0a5c2a517f25ecf403fca63a285025defeeb9c03cb1fd615ce	UNPROVEN						z:-7941:-7791		NOT_PROBED_CLOSED	BLOCKED	NATIVE_ENTRANCE_PATH_UNPROVEN	0	territory:-7941:-7791:-47451,-240285|-46858,-240291|-46861,-239653|-47452,-239654	ssq06_2122_ssq19	data/spawns/Catacombs/CatacombOfTheHeretic.xml|TOPOLOGY_CANDIDATES.tsv:8551e5f54dd93d0a5c2a517f25ecf403fca63a285025defeeb9c03cb1fd615ce
CatacombOfDarkOmens	86b6d12a1bbaf7be0e157b05d5dbaa5742f00c7e5370a49930d8b68cb9457f87	UNPROVEN						z:-4932:-4732		NOT_PROBED_CLOSED	BLOCKED	NATIVE_ENTRANCE_PATH_UNPROVEN	0	territory:-4932:-4732:-9084,18868|-8484,18892|-8488,19528|-9084,19548	ssq03_1918_ssq21	data/spawns/Catacombs/CatacombOfDarkOmens.xml|TOPOLOGY_CANDIDATES.tsv:86b6d12a1bbaf7be0e157b05d5dbaa5742f00c7e5370a49930d8b68cb9457f87
NecropolisOfDevotion	86bfc47323b1b2f75cc689838f2f8b99ded18c0fe30799234e9dc998287e88cc	UNPROVEN						z:-4778:-4628		NOT_PROBED_CLOSED	BLOCKED	NATIVE_ENTRANCE_PATH_UNPROVEN	0	territory:-4778:-4628:-49989,78774|-48655,78780|-48659,79435|-49992,79418	ssq02_1820_ssq06	data/spawns/Catacombs/NecropolisOfDevotion.xml|TOPOLOGY_CANDIDATES.tsv:86bfc47323b1b2f75cc689838f2f8b99ded18c0fe30799234e9dc998287e88cc
NecropolisOfThePatriots	86ccd96e16d27702d29add3f96eefe62feaa500de415f3de0bb030ca99fc250e	UNPROVEN						z:-5207:-5057		NOT_PROBED_CLOSED	BLOCKED	NATIVE_ENTRANCE_PATH_UNPROVEN	0	territory:-5207:-5057:-21627,84032|-19836,84025|-19834,84678|-21631,84670	ssq03_1920_ssq31	data/spawns/Catacombs/NecropolisOfThePatriots.xml|TOPOLOGY_CANDIDATES.tsv:86ccd96e16d27702d29add3f96eefe62feaa500de415f3de0bb030ca99fc250e
CatacombOfTheBranded	871f824b82a0cd7eca5eb52def9ac701d1e96799d80d700cb1b95f5f379b2640	UNPROVEN						z:-4992:-4842		NOT_PROBED_CLOSED	BLOCKED	NATIVE_ENTRANCE_PATH_UNPROVEN	0	territory:-4992:-4842:50891,180292|51490,180292|51483,180923|50888,180921	ssq05_2123_ssq20	data/spawns/Catacombs/CatacombOfTheBranded.xml|TOPOLOGY_CANDIDATES.tsv:871f824b82a0cd7eca5eb52def9ac701d1e96799d80d700cb1b95f5f379b2640
NecropolisOfTheSaints	884387a7ac45d5c40571626df2749d986146c84b72b15636bf5c552251ec2841	UNPROVEN						z:-5476:-5276		NOT_PROBED_CLOSED	BLOCKED	NATIVE_ENTRANCE_PATH_UNPROVEN	0	territory:-5476:-5276:88837,214578|89437,214578|89433,215222|88845,215218	ssq08_2224_ssq29	data/spawns/Catacombs/NecropolisOfTheSaints.xml|TOPOLOGY_CANDIDATES.tsv:884387a7ac45d5c40571626df2749d986146c84b72b15636bf5c552251ec2841
CatacombOfTheForbiddenPath	884eceed8a8e551b905f2f701d22028b2f3e910fc5eb2ffe414d91692c314a19	UNPROVEN						z:-9612:-9412		NOT_PROBED_CLOSED	BLOCKED	NATIVE_ENTRANCE_PATH_UNPROVEN	0	territory:-9612:-9412:18338,-248817|18934,-248801|18934,-248169|18342,-248157	ssq12_2320_ssq09	data/spawns/Catacombs/CatacombOfTheForbiddenPath.xml|TOPOLOGY_CANDIDATES.tsv:884eceed8a8e551b905f2f701d22028b2f3e910fc5eb2ffe414d91692c314a19
DevilsIsle	88a99d2166a845e449a21e588f005d89c57c41cfca6a08eba3fef00ca90dfd21	UNPROVEN						z:-3788:-3588		NOT_PROBED_CLOSED	BLOCKED	NATIVE_ENTRANCE_PATH_UNPROVEN	0	territory:-3788:-3588:43447,209837|43776,209816|44274,210102|44290,210816|43352,210867|43006,210651|43006,210002	giran08_2124_029	data/spawns/Giran/DevilsIsle.xml|TOPOLOGY_CANDIDATES.tsv:88a99d2166a845e449a21e588f005d89c57c41cfca6a08eba3fef00ca90dfd21
IvoryTower	88cebd072cae93586e45269199ed5b8c53f92d8ea343eca7e33399069fb50234	UNPROVEN						z:-5348:-5048		NOT_PROBED_CLOSED	BLOCKED	NATIVE_ENTRANCE_PATH_UNPROVEN	0	territory:-5348:-5048:79892,15052|82008,15024|84252,20204|82604,22312|80436,20496|79172,18188	oren01_qm2218_01	data/spawns/Oren/IvoryTower.xml|TOPOLOGY_CANDIDATES.tsv:88cebd072cae93586e45269199ed5b8c53f92d8ea343eca7e33399069fb50234
DevilsIsle	88e3561b0e2a4a9fd5f2e3f59bd490d323f5ad9a0c4b8919eb787b1084917de3	UNPROVEN						z:-3800:-3600		NOT_PROBED_CLOSED	BLOCKED	NATIVE_ENTRANCE_PATH_UNPROVEN	0	territory:-3800:-3600:45103,213855|46096,213838|46303,214020|46206,214658|45479,214679	giran08_2124_041	data/spawns/Giran/DevilsIsle.xml|TOPOLOGY_CANDIDATES.tsv:88e3561b0e2a4a9fd5f2e3f59bd490d323f5ad9a0c4b8919eb787b1084917de3
NecropolisOfTheDisciples	896000f461abfd4566de4180cf54fb9a2c66e2ac1c3d5afbcf80f7fc0f170f3a	UNPROVEN						z:-4936:-4736		NOT_PROBED_CLOSED	BLOCKED	NATIVE_ENTRANCE_PATH_UNPROVEN	0	territory:-4936:-4736:176932,-13301|177594,-13295|177594,-12679|176932,-12685	ssq14_2517_ssq07	data/spawns/Catacombs/NecropolisOfTheDisciples.xml|TOPOLOGY_CANDIDATES.tsv:896000f461abfd4566de4180cf54fb9a2c66e2ac1c3d5afbcf80f7fc0f170f3a
DevilsIsle	89c65b1f432cc04d377d0d234a97ceb72e3c740e32ae812a8bbf5284841cadb8	UNPROVEN						z:-3632:-3432		NOT_PROBED_CLOSED	BLOCKED	NATIVE_ENTRANCE_PATH_UNPROVEN	0	territory:-3632:-3432:49156,219671|49775,219367|50478,219833|49993,220764|49237,221006|48781,220949|48667,220208	giran08_2124_056	data/spawns/Giran/DevilsIsle.xml|TOPOLOGY_CANDIDATES.tsv:89c65b1f432cc04d377d0d234a97ceb72e3c740e32ae812a8bbf5284841cadb8
ImperialTomb	8a09c0c169c64214e17f02473b122a8fdce16e5f54939a9e845496e4788b18ab	UNPROVEN						z:-6011:-5711		NOT_PROBED_CLOSED	BLOCKED	NATIVE_ENTRANCE_PATH_UNPROVEN	0	territory:-6011:-5711:183299,-84273|184050,-84275|184080,-83473|183288,-83466	godard14_2515_20	data/spawns/Goddard/ImperialTomb.xml|TOPOLOGY_CANDIDATES.tsv:8a09c0c169c64214e17f02473b122a8fdce16e5f54939a9e845496e4788b18ab
NecropolisOfThePilgrims	8a0d3904dd13cfafb9fe0ec4bf28b336933d352afc7e32d9b33d1b14bfc11f6b	UNPROVEN						z:-5445:-5295		NOT_PROBED_CLOSED	BLOCKED	NATIVE_ENTRANCE_PATH_UNPROVEN	0	territory:-5445:-5295:55240,123240|55867,123235|55866,123837|55242,123826	ssq07_2121_ssq17	data/spawns/Catacombs/NecropolisOfThePilgrims.xml|TOPOLOGY_CANDIDATES.tsv:8a0d3904dd13cfafb9fe0ec4bf28b336933d352afc7e32d9b33d1b14bfc11f6b
TowerOfInsolence	8ae09d0670f968dec80834b9a02c48b9b3fd6b530ae9067d880f4445cd17ea47	UNPROVEN						z:2956:3156		NOT_PROBED_CLOSED	BLOCKED	NATIVE_ENTRANCE_PATH_UNPROVEN	0	territory:2956:3156:113672,16116|113864,15608|114312,15368|114800,15560|115032,16092|114864,16564|114408,16792|113924,16660	aden39_2318_p01	data/spawns/Aden/TowerOfInsolence.xml|TOPOLOGY_CANDIDATES.tsv:8ae09d0670f968dec80834b9a02c48b9b3fd6b530ae9067d880f4445cd17ea47
NecropolisOfThePilgrims	8b7069c5c6bc7659d2706bddbd2fa6321d4475934d058188721aaf83d7773839	UNPROVEN						z:-5446:-5296		NOT_PROBED_CLOSED	BLOCKED	NATIVE_ENTRANCE_PATH_UNPROVEN	0	territory:-5446:-5296:55233,118638|55862,118635|55863,119233|55236,119234	ssq07_2121_ssq20	data/spawns/Catacombs/NecropolisOfThePilgrims.xml|TOPOLOGY_CANDIDATES.tsv:8b7069c5c6bc7659d2706bddbd2fa6321d4475934d058188721aaf83d7773839
NecropolisOfTheSaints	8bbe04371658abf29fd994fba76fd813389ad1379b7b3c4b1571aa7a0bce145e	UNPROVEN						z:-5472:-5272		NOT_PROBED_CLOSED	BLOCKED	NATIVE_ENTRANCE_PATH_UNPROVEN	0	territory:-5472:-5272:92156,208836|92840,208840|92812,210196|92164,210200	ssq08_2224_ssq12	data/spawns/Catacombs/NecropolisOfTheSaints.xml|TOPOLOGY_CANDIDATES.tsv:8bbe04371658abf29fd994fba76fd813389ad1379b7b3c4b1571aa7a0bce145e
NecropolisOfWorship	8bf5c9ab497b55dd2b3d5e831d86425c5e3539c33d0250e49a2350d532a29d55	UNPROVEN						z:-5472:-5272		NOT_PROBED_CLOSED	BLOCKED	NATIVE_ENTRANCE_PATH_UNPROVEN	0	territory:-5472:-5272:116931,180365|118383,180365|118383,181020|116931,181020	ssq09_2323_ssq20	data/spawns/Catacombs/NecropolisOfWorship.xml|TOPOLOGY_CANDIDATES.tsv:8bf5c9ab497b55dd2b3d5e831d86425c5e3539c33d0250e49a2350d532a29d55
NecropolisOfSacrifice	8ceba941fa7876d6a28cdb8a1950a3590ea6bfaf6c6cd2b51584c53f3ee0f876	UNPROVEN						z:-5122:-4972		NOT_PROBED_CLOSED	BLOCKED	NATIVE_ENTRANCE_PATH_UNPROVEN	0	territory:-5122:-4972:-44012,218008|-43345,218011|-43356,219814|-44013,219791	ssq01_1824_ssq17	data/spawns/Catacombs/NecropolisOfSacrifice.xml|TOPOLOGY_CANDIDATES.tsv:8ceba941fa7876d6a28cdb8a1950a3590ea6bfaf6c6cd2b51584c53f3ee0f876
IvoryTower	8d4153ce23c75d9e574fc98fe45fad9a5e36c476f0b97ede27ccca32667ce485	UNPROVEN						z:-3656:-3456		NOT_PROBED_CLOSED	BLOCKED	NATIVE_ENTRANCE_PATH_UNPROVEN	0	territory:-3656:-3456:81212,23856|84432,24668|83220,26232|81664,26016	oren30_2218_13s	data/spawns/Oren/IvoryTower.xml|TOPOLOGY_CANDIDATES.tsv:8d4153ce23c75d9e574fc98fe45fad9a5e36c476f0b97ede27ccca32667ce485
CatacombOfDarkOmens	8e0887e961bc1591c6c86bfe5b8c2b8df9bb17d6f6f9e45e3b4ff270b7707f6a	UNPROVEN						z:-4940:-4740		NOT_PROBED_CLOSED	BLOCKED	NATIVE_ENTRANCE_PATH_UNPROVEN	0	territory:-4940:-4740:-9116,13220|-8440,13204|-8488,13788|-9100,13808	ssq03_1918_ssq18	data/spawns/Catacombs/CatacombOfDarkOmens.xml|TOPOLOGY_CANDIDATES.tsv:8e0887e961bc1591c6c86bfe5b8c2b8df9bb17d6f6f9e45e3b4ff270b7707f6a
TowerOfInsolence	8e0b749a8334003e9d88a0c5eef301e220d7c83e40680c62d7ee5e8b9e6801d3	UNPROVEN						z:7960:8160		NOT_PROBED_CLOSED	BLOCKED	NATIVE_ENTRANCE_PATH_UNPROVEN	0	territory:7960:8160:114896,14828|115324,15012|114988,15364|114256,15356|114024,14996|114392,14828	aden30_2318_05	data/spawns/Aden/TowerOfInsolence.xml|TOPOLOGY_CANDIDATES.tsv:8e0b749a8334003e9d88a0c5eef301e220d7c83e40680c62d7ee5e8b9e6801d3
NecropolisOfThePilgrims	8e15c857afc41fd76cb6a2f8d9d66fa30fde8cce76ce37d1a4eebf32534224a7	UNPROVEN						z:-5449:-5299		NOT_PROBED_CLOSED	BLOCKED	NATIVE_ENTRANCE_PATH_UNPROVEN	0	territory:-5449:-5299:48285,120029|50093,120046|50092,120694|48284,120697	ssq07_2121_ssq10	data/spawns/Catacombs/NecropolisOfThePilgrims.xml|TOPOLOGY_CANDIDATES.tsv:8e15c857afc41fd76cb6a2f8d9d66fa30fde8cce76ce37d1a4eebf32534224a7
NecropolisOfThePatriots	8e1ca3afe95a535a3b94ef764f66a700c838156fcad46b6067ad6822179dca28	UNPROVEN						z:-5207:-5057		NOT_PROBED_CLOSED	BLOCKED	NATIVE_ENTRANCE_PATH_UNPROVEN	0	territory:-5207:-5057:-16019,78438|-15363,78436|-15369,79741|-16044,79747	ssq03_1920_ssq13	data/spawns/Catacombs/NecropolisOfThePatriots.xml|TOPOLOGY_CANDIDATES.tsv:8e1ca3afe95a535a3b94ef764f66a700c838156fcad46b6067ad6822179dca28
TowerOfInsolence	8e322dae5c6d372f9bad251f2a49d8fb96c2d4b05d086eb82f2727941510c8c8	UNPROVEN						z:7960:8160		NOT_PROBED_CLOSED	BLOCKED	NATIVE_ENTRANCE_PATH_UNPROVEN	0	territory:7960:8160:113540,15472|113916,15788|113948,16504|113588,16760|113400,16300|113400,15828	aden30_2318_04	data/spawns/Aden/TowerOfInsolence.xml|TOPOLOGY_CANDIDATES.tsv:8e322dae5c6d372f9bad251f2a49d8fb96c2d4b05d086eb82f2727941510c8c8
TowerOfInsolence	8e6a36e274c4d89be92e1b2fd85187db98691a10b0aaa8ce668005f706474275	UNPROVEN						z:-684:-484		NOT_PROBED_CLOSED	BLOCKED	NATIVE_ENTRANCE_PATH_UNPROVEN	0	territory:-684:-484:112368,16640|113472,16352|113644,16700|112960,17732	aden36_2318_03	data/spawns/Aden/TowerOfInsolence.xml|TOPOLOGY_CANDIDATES.tsv:8e6a36e274c4d89be92e1b2fd85187db98691a10b0aaa8ce668005f706474275
DevilsIsle	8e98797f6fb795a46cd4d96275faf2210f860cf51c880126e3cca40161c3889f	UNPROVEN						z:-3412:-3212		NOT_PROBED_CLOSED	BLOCKED	NATIVE_ENTRANCE_PATH_UNPROVEN	0	territory:-3412:-3212:51636,216352|52804,216352|52804,218148|51636,218148	giran08_2124_098	data/spawns/Giran/DevilsIsle.xml|TOPOLOGY_CANDIDATES.tsv:8e98797f6fb795a46cd4d96275faf2210f860cf51c880126e3cca40161c3889f
DevilsIsle	8f6454d7218e4df02a4bb6dd4de956a378e6956608d434d524a20d9d4e630622	UNPROVEN						z:-4252:-4052		NOT_PROBED_CLOSED	BLOCKED	NATIVE_ENTRANCE_PATH_UNPROVEN	0	territory:-4252:-4052:55017,214940|55309,214940|55382,215249|54958,215249	giran08_2124_091	data/spawns/Giran/DevilsIsle.xml|TOPOLOGY_CANDIDATES.tsv:8f6454d7218e4df02a4bb6dd4de956a378e6956608d434d524a20d9d4e630622
NecropolisOfThePilgrims	8fb0d9d00cc09982d1a1a86a29b6ed82acd36fff09cee636f606faadf3404f15	UNPROVEN						z:-5452:-5302		NOT_PROBED_CLOSED	BLOCKED	NATIVE_ENTRANCE_PATH_UNPROVEN	0	territory:-5452:-5302:46207,121977|46858,121973|46860,123794|46202,123799	ssq07_2121_ssq07	data/spawns/Catacombs/NecropolisOfThePilgrims.xml|TOPOLOGY_CANDIDATES.tsv:8fb0d9d00cc09982d1a1a86a29b6ed82acd36fff09cee636f606faadf3404f15
CatacombOfTheApostate	8fb8f38f2c49ba479c4b3120e93ebae8791d85155ce8e0d9af59bbc28ac19db6	UNPROVEN						z:-8196:-8046		NOT_PROBED_CLOSED	BLOCKED	NATIVE_ENTRANCE_PATH_UNPROVEN	0	territory:-8196:-8046:-20529,-240788|-19885,-240790|-19879,-240182|-20529,-240183	ssq11_2220_ssq17	data/spawns/Catacombs/CatacombOfTheApostate.xml|TOPOLOGY_CANDIDATES.tsv:8fb8f38f2c49ba479c4b3120e93ebae8791d85155ce8e0d9af59bbc28ac19db6
NecropolisOfWorship	8ff5998d4bd031a6bc444930295b4929f22e2869aadecdc45f0681d67935267e	UNPROVEN						z:-5472:-5272		NOT_PROBED_CLOSED	BLOCKED	NATIVE_ENTRANCE_PATH_UNPROVEN	0	territory:-5472:-5272:121569,178303|122221,178303|122221,178955|121569,178955	ssq09_2323_ssq18	data/spawns/Catacombs/NecropolisOfWorship.xml|TOPOLOGY_CANDIDATES.tsv:8ff5998d4bd031a6bc444930295b4929f22e2869aadecdc45f0681d67935267e
NecropolisOfDevotion	9061db9f3f04592aba61c6506384e7a673d8d46dfd24e140bf8615990f1fb979	UNPROVEN						z:-4775:-4625		NOT_PROBED_CLOSED	BLOCKED	NATIVE_ENTRANCE_PATH_UNPROVEN	0	territory:-4775:-4625:-41924,78784|-41307,78782|-41312,79432|-41922,79431	ssq02_1820_ssq18	data/spawns/Catacombs/NecropolisOfDevotion.xml|TOPOLOGY_CANDIDATES.tsv:9061db9f3f04592aba61c6506384e7a673d8d46dfd24e140bf8615990f1fb979
NecropolisOfSacrifice	906a324392d4e7872727a76b2d5fc318713e1444ea616d4be5615ff371f5d2d8	UNPROVEN						z:-5132:-4982		NOT_PROBED_CLOSED	BLOCKED	NATIVE_ENTRANCE_PATH_UNPROVEN	0	territory:-5132:-4982:-50187,214392|-48832,214403|-48832,215072|-50181,215051	ssq01_1824_ssq31	data/spawns/Catacombs/NecropolisOfSacrifice.xml|TOPOLOGY_CANDIDATES.tsv:906a324392d4e7872727a76b2d5fc318713e1444ea616d4be5615ff371f5d2d8
CatacombOfTheBranded	9124b15443de563b85089c0cd3f57bc9e1cf86c881a4ae561a0e004df6055626	UNPROVEN						z:-5014:-4864		NOT_PROBED_CLOSED	BLOCKED	NATIVE_ENTRANCE_PATH_UNPROVEN	0	territory:-5014:-4864:48983,175721|49606,175711|49605,177056|48986,177055	ssq05_2123_ssq13	data/spawns/Catacombs/CatacombOfTheBranded.xml|TOPOLOGY_CANDIDATES.tsv:9124b15443de563b85089c0cd3f57bc9e1cf86c881a4ae561a0e004df6055626
TowerOfInsolence	931ad9adfb27a552120adb4bf91b8d6201a63323cdd5ff114dc80bf0ec0fbd92	UNPROVEN						z:4944:5144		NOT_PROBED_CLOSED	BLOCKED	NATIVE_ENTRANCE_PATH_UNPROVEN	0	territory:4944:5144:115112,14328|115720,14628|116048,14884|115656,15276|115088,14740	aden41_2318_06	data/spawns/Aden/TowerOfInsolence.xml|TOPOLOGY_CANDIDATES.tsv:931ad9adfb27a552120adb4bf91b8d6201a63323cdd5ff114dc80bf0ec0fbd92
CatacombOfTheBranded	9323e43120a5bc93ae0ad78cdea921c029e0942481ad8e065aa6be9a5af1ce5d	UNPROVEN						z:-5016:-4866		NOT_PROBED_CLOSED	BLOCKED	NATIVE_ENTRANCE_PATH_UNPROVEN	0	territory:-5016:-4866:51972,174586|52562,174584|52569,175227|51973,175234	ssq05_2123_ssq34	data/spawns/Catacombs/CatacombOfTheBranded.xml|TOPOLOGY_CANDIDATES.tsv:9323e43120a5bc93ae0ad78cdea921c029e0942481ad8e065aa6be9a5af1ce5d
DevilsIsle	93d3857fae924cae1a747693dea8c5a867f36fcafc9db07c912b3011fa3541a8	UNPROVEN						z:-3380:-3180		NOT_PROBED_CLOSED	BLOCKED	NATIVE_ENTRANCE_PATH_UNPROVEN	0	territory:-3380:-3180:47185,211923|48604,211923|48604,213089|47185,213089	giran08_2124_068	data/spawns/Giran/DevilsIsle.xml|TOPOLOGY_CANDIDATES.tsv:93d3857fae924cae1a747693dea8c5a867f36fcafc9db07c912b3011fa3541a8
CatacombOfTheWitch	93ea5773b02cb3d9b1591918df07457a8d5e90ce32e85a90e3827e79e8258def	UNPROVEN						z:-5464:-5264		NOT_PROBED_CLOSED	BLOCKED	NATIVE_ENTRANCE_PATH_UNPROVEN	0	territory:-5464:-5264:140475,89672|141088,89672|141088,90309|140475,90309	ssq13_2420_ssq26	data/spawns/Catacombs/CatacombOfTheWitch.xml|TOPOLOGY_CANDIDATES.tsv:93ea5773b02cb3d9b1591918df07457a8d5e90ce32e85a90e3827e79e8258def
TowerOfInsolence	9443fe7b41f131fadf6c2f3cf168e168c96187c028c6cd2ea947a4ddcef53668	UNPROVEN						z:4940:5290		NOT_PROBED_CLOSED	BLOCKED	NATIVE_ENTRANCE_PATH_UNPROVEN	0	territory:4940:5290:113224,15134|114182,16067|113200,17042|113047,16428|113241,15939	aden41_2318_01	data/spawns/Aden/TowerOfInsolence.xml|TOPOLOGY_CANDIDATES.tsv:9443fe7b41f131fadf6c2f3cf168e168c96187c028c6cd2ea947a4ddcef53668
DevilsIsle	94518b187e35bdf69bc512f8f6cc303c15d418e3e3b9a762701f154537adffa8	UNPROVEN						z:-3764:-3564		NOT_PROBED_CLOSED	BLOCKED	NATIVE_ENTRANCE_PATH_UNPROVEN	0	territory:-3764:-3564:42232,209877|42778,210050|42735,210704|42341,210985|41576,210798|41576,210193	giran08_2124_030	data/spawns/Giran/DevilsIsle.xml|TOPOLOGY_CANDIDATES.tsv:94518b187e35bdf69bc512f8f6cc303c15d418e3e3b9a762701f154537adffa8
NecropolisOfWorship	94716881ae3c6ae661786d46677b662f7a5b51f226f78ede99bbbb88b339de5e	UNPROVEN						z:-5472:-5272		NOT_PROBED_CLOSED	BLOCKED	NATIVE_ENTRANCE_PATH_UNPROVEN	0	territory:-5472:-5272:111283,178288|111936,178288|111936,178940|111283,178940	ssq09_2323_ssq03	data/spawns/Catacombs/NecropolisOfWorship.xml|TOPOLOGY_CANDIDATES.tsv:94716881ae3c6ae661786d46677b662f7a5b51f226f78ede99bbbb88b339de5e
DevilsIsle	9484cfd23515ac20668af36353d9763802f997c6b43a3be9c838df6609507f1f	UNPROVEN						z:-4696:-4096		NOT_PROBED_CLOSED	BLOCKED	NATIVE_ENTRANCE_PATH_UNPROVEN	0	territory:-4696:-4096:39370,196737|43657,196725|43342,197448|41584,198218|39779,197379	giran08_2124_001	data/spawns/Giran/DevilsIsle.xml|TOPOLOGY_CANDIDATES.tsv:9484cfd23515ac20668af36353d9763802f997c6b43a3be9c838df6609507f1f
CatacombOfTheWitch	948ae59ba7af0725983f8830e06be7bdda824c1bc447187dfb61ee78d7ff857d	UNPROVEN						z:-5476:-5276		NOT_PROBED_CLOSED	BLOCKED	NATIVE_ENTRANCE_PATH_UNPROVEN	0	territory:-5476:-5276:147569,83155|148209,83155|148209,84615|147569,84615	ssq13_2420_ssq17	data/spawns/Catacombs/CatacombOfTheWitch.xml|TOPOLOGY_CANDIDATES.tsv:948ae59ba7af0725983f8830e06be7bdda824c1bc447187dfb61ee78d7ff857d
CatacombOfTheHeretic	94a5a45975d2f101d5b5179959331b2070ee77f74f6ec28d56dec2052a382bf6	UNPROVEN						z:-7943:-7793		NOT_PROBED_CLOSED	BLOCKED	NATIVE_ENTRANCE_PATH_UNPROVEN	0	territory:-7943:-7793:-47470,-245961|-46828,-245959|-46832,-245364|-47471,-245356	ssq06_2122_ssq37	data/spawns/Catacombs/CatacombOfTheHeretic.xml|TOPOLOGY_CANDIDATES.tsv:94a5a45975d2f101d5b5179959331b2070ee77f74f6ec28d56dec2052a382bf6
NecropolisOfDevotion	951ca360be86b10a4de3dfd7c06020f0a35287d3e5686b5a207d2bbe939a8540	UNPROVEN						z:-4771:-4621		NOT_PROBED_CLOSED	BLOCKED	NATIVE_ENTRANCE_PATH_UNPROVEN	0	territory:-4771:-4621:-46522,89076|-45912,89075|-45915,89712|-46525,89722	ssq02_1820_ssq24	data/spawns/Catacombs/NecropolisOfDevotion.xml|TOPOLOGY_CANDIDATES.tsv:951ca360be86b10a4de3dfd7c06020f0a35287d3e5686b5a207d2bbe939a8540
NecropolisOfTheDisciples	9571d6fa6b737f47385e19a189fe96a548243c35295e20acf05934bae2390105	UNPROVEN						z:-4936:-4736		NOT_PROBED_CLOSED	BLOCKED	NATIVE_ENTRANCE_PATH_UNPROVEN	0	territory:-4936:-4736:174135,-17960|175597,-17960|175597,-17263|174135,-17263	ssq14_2517_ssq01	data/spawns/Catacombs/NecropolisOfTheDisciples.xml|TOPOLOGY_CANDIDATES.tsv:9571d6fa6b737f47385e19a189fe96a548243c35295e20acf05934bae2390105
CatacombOfTheForbiddenPath	977658cb85b0c8faca60bfbd96572a5598c92e5f3c767317f3c4d67870f3c675	UNPROVEN						z:-9616:-9416		NOT_PROBED_CLOSED	BLOCKED	NATIVE_ENTRANCE_PATH_UNPROVEN	0	territory:-9616:-9416:15601,-245206|16301,-245206|16319,-243811|15601,-243814	ssq12_2320_ssq04	data/spawns/Catacombs/CatacombOfTheForbiddenPath.xml|TOPOLOGY_CANDIDATES.tsv:977658cb85b0c8faca60bfbd96572a5598c92e5f3c767317f3c4d67870f3c675
DevilsIsle	97b1b84919a2b242be257b4be5fe294fcd15d0afbab3c6a6c9d6e6a259407eb8	UNPROVEN						z:-3940:-3740		NOT_PROBED_CLOSED	BLOCKED	NATIVE_ENTRANCE_PATH_UNPROVEN	0	territory:-3940:-3740:43211,214537|44492,214537|44492,215693|43211,215693	giran08_2124_045	data/spawns/Giran/DevilsIsle.xml|TOPOLOGY_CANDIDATES.tsv:97b1b84919a2b242be257b4be5fe294fcd15d0afbab3c6a6c9d6e6a259407eb8
DevilsIsle	988c5b202cf5994fb1ddea793f374fdd6296de4d5b61ae3aadfd4d284b4f5b7a	UNPROVEN						z:-4324:-4074		NOT_PROBED_CLOSED	BLOCKED	NATIVE_ENTRANCE_PATH_UNPROVEN	0	territory:-4324:-4074:41370,201591|41778,201370|42284,201739|41916,201908	giran08_2124_007	data/spawns/Giran/DevilsIsle.xml|TOPOLOGY_CANDIDATES.tsv:988c5b202cf5994fb1ddea793f374fdd6296de4d5b61ae3aadfd4d284b4f5b7a
NecropolisOfTheDisciples	98915e24c919181f8eb356385156020ae26b83e66b55339e798436ede2899236	UNPROVEN						z:-4936:-4736		NOT_PROBED_CLOSED	BLOCKED	NATIVE_ENTRANCE_PATH_UNPROVEN	0	territory:-4936:-4736:178007,-7629|178669,-7624|178669,-7008|178007,-7013	ssq14_2517_ssq27	data/spawns/Catacombs/NecropolisOfTheDisciples.xml|TOPOLOGY_CANDIDATES.tsv:98915e24c919181f8eb356385156020ae26b83e66b55339e798436ede2899236
NecropolisOfThePilgrims	98c701dfa87f7d722edfb4695491399adcf207c4d043029bd4e3ebb7b830c2e5	UNPROVEN						z:-5454:-5304		NOT_PROBED_CLOSED	BLOCKED	NATIVE_ENTRANCE_PATH_UNPROVEN	0	territory:-5454:-5304:52755,115453|54557,115438|54546,116087|52759,116088	ssq07_2121_ssq25	data/spawns/Catacombs/NecropolisOfThePilgrims.xml|TOPOLOGY_CANDIDATES.tsv:98c701dfa87f7d722edfb4695491399adcf207c4d043029bd4e3ebb7b830c2e5
NecropolisOfTheDisciples	98dc729128d936662b0ae53543aef32a7830fe165083acf660f11c84154bd3cc	UNPROVEN						z:-4936:-4736		NOT_PROBED_CLOSED	BLOCKED	NATIVE_ENTRANCE_PATH_UNPROVEN	0	territory:-4936:-4736:172340,-12217|173002,-12212|173002,-11596|172340,-11601	ssq14_2517_ssq18	data/spawns/Catacombs/NecropolisOfTheDisciples.xml|TOPOLOGY_CANDIDATES.tsv:98dc729128d936662b0ae53543aef32a7830fe165083acf660f11c84154bd3cc
CatacombOfTheForbiddenPath	991f96a2c75272e2b57d065ad61bdfb1033133c81c3d3760f3057e481f08a74f	UNPROVEN						z:-9612:-9412		NOT_PROBED_CLOSED	BLOCKED	NATIVE_ENTRANCE_PATH_UNPROVEN	0	territory:-9612:-9412:17269,-244182|17865,-244166|17865,-243534|17273,-243522	ssq12_2320_ssq07	data/spawns/Catacombs/CatacombOfTheForbiddenPath.xml|TOPOLOGY_CANDIDATES.tsv:991f96a2c75272e2b57d065ad61bdfb1033133c81c3d3760f3057e481f08a74f
CatacombOfDarkOmens	99e132ee75236751bf4e6edf95ce2f90558947d71db12bd847baceadb4a06b66	UNPROVEN						z:-4936:-4736		NOT_PROBED_CLOSED	BLOCKED	NATIVE_ENTRANCE_PATH_UNPROVEN	0	territory:-4936:-4736:-9088,23488|-8492,23496|-8480,24136|-9092,24136	ssq03_1918_ssq29	data/spawns/Catacombs/CatacombOfDarkOmens.xml|TOPOLOGY_CANDIDATES.tsv:99e132ee75236751bf4e6edf95ce2f90558947d71db12bd847baceadb4a06b66
TowerOfInsolence	9a32fbd45b777193b3b14810db668d4a171a5fd735f47bf59f825eb17c062b4c	UNPROVEN						z:1912:2112		NOT_PROBED_CLOSED	BLOCKED	NATIVE_ENTRANCE_PATH_UNPROVEN	0	territory:1912:2112:112971,16823|113872,16824|113866,17656|113288,17378	aden38_2318_06	data/spawns/Aden/TowerOfInsolence.xml|TOPOLOGY_CANDIDATES.tsv:9a32fbd45b777193b3b14810db668d4a171a5fd735f47bf59f825eb17c062b4c
CatacombOfTheBranded	9b44a589b3f6a39b1df71d1495ed578875a34818b0bb16ae9c0b4223fac6a978	UNPROVEN						z:-5015:-4865		NOT_PROBED_CLOSED	BLOCKED	NATIVE_ENTRANCE_PATH_UNPROVEN	0	territory:-5015:-4865:55270,175741|55934,175738|55938,177569|55271,177574	ssq05_2123_ssq30	data/spawns/Catacombs/CatacombOfTheBranded.xml|TOPOLOGY_CANDIDATES.tsv:9b44a589b3f6a39b1df71d1495ed578875a34818b0bb16ae9c0b4223fac6a978
NecropolisOfTheDisciples	9b6c4f185e9e8261c9d32307d6a2212dd57c5c9f37c331e5eac6db69e4ec545b	UNPROVEN						z:-4936:-4736		NOT_PROBED_CLOSED	BLOCKED	NATIVE_ENTRANCE_PATH_UNPROVEN	0	territory:-4936:-4736:182616,-7617|183279,-7611|183279,-6995|182616,-7000	ssq14_2517_ssq35	data/spawns/Catacombs/NecropolisOfTheDisciples.xml|TOPOLOGY_CANDIDATES.tsv:9b6c4f185e9e8261c9d32307d6a2212dd57c5c9f37c331e5eac6db69e4ec545b
CatacombOfDarkOmens	9b8d3dea4ec11568368c764553833f3e3fd6f7027c0eedf85ecf249763b16f25	UNPROVEN						z:-4940:-4740		NOT_PROBED_CLOSED	BLOCKED	NATIVE_ENTRANCE_PATH_UNPROVEN	0	territory:-4940:-4740:-16676,15892|-15304,15900|-15352,16528|-16664,16544	ssq03_1918_ssq09	data/spawns/Catacombs/CatacombOfDarkOmens.xml|TOPOLOGY_CANDIDATES.tsv:9b8d3dea4ec11568368c764553833f3e3fd6f7027c0eedf85ecf249763b16f25
CatacombOfTheBranded	9bb754a12392fb1ad1f56699cdce80f2870dc886d644ae600f4a9b1f7fc4aea2	UNPROVEN						z:-5010:-4860		NOT_PROBED_CLOSED	BLOCKED	NATIVE_ENTRANCE_PATH_UNPROVEN	0	territory:-5010:-4860:46275,180286|46879,180289|46881,180934|46275,180933	ssq05_2123_ssq17	data/spawns/Catacombs/CatacombOfTheBranded.xml|TOPOLOGY_CANDIDATES.tsv:9bb754a12392fb1ad1f56699cdce80f2870dc886d644ae600f4a9b1f7fc4aea2
NecropolisOfThePilgrims	9c4a68ea206f4977b1871da83fcc01fd5b4e1fb6a90873716f1a6924972c59d5	UNPROVEN						z:-5441:-5291		NOT_PROBED_CLOSED	BLOCKED	NATIVE_ENTRANCE_PATH_UNPROVEN	0	territory:-5441:-5291:46087,119750|46725,119743|46725,120349|46088,120346	ssq07_2121_ssq05	data/spawns/Catacombs/NecropolisOfThePilgrims.xml|TOPOLOGY_CANDIDATES.tsv:9c4a68ea206f4977b1871da83fcc01fd5b4e1fb6a90873716f1a6924972c59d5
IvoryTower	9c9a03a33dab4491f7f6fe50216baa521d564296e505b590a60bd8228e005bb2	UNPROVEN						z:-4012:-3412		NOT_PROBED_CLOSED	BLOCKED	NATIVE_ENTRANCE_PATH_UNPROVEN	0	territory:-4012:-3412:74588,7416|79248,11704|76844,15436|74612,14840	oren30_2218_16	data/spawns/Oren/IvoryTower.xml|TOPOLOGY_CANDIDATES.tsv:9c9a03a33dab4491f7f6fe50216baa521d564296e505b590a60bd8228e005bb2
CatacombOfTheBranded	9da517900ac19022dead563a37b1befd7fd9e46f1de864cdaab24bc68117d1c6	UNPROVEN						z:-5015:-4865		NOT_PROBED_CLOSED	BLOCKED	NATIVE_ENTRANCE_PATH_UNPROVEN	0	territory:-5015:-4865:56579,174584|57180,174586|57179,175232|56577,175228	ssq05_2123_ssq32	data/spawns/Catacombs/CatacombOfTheBranded.xml|TOPOLOGY_CANDIDATES.tsv:9da517900ac19022dead563a37b1befd7fd9e46f1de864cdaab24bc68117d1c6
NecropolisOfMartyrdom	9da97f9c8e94f89a46c35a68c4e5c4270fc504f9a3d1ad2662130021727e0762	UNPROVEN						z:-4864:-4664		NOT_PROBED_CLOSED	BLOCKED	NATIVE_ENTRANCE_PATH_UNPROVEN	0	territory:-4864:-4664:122964,132470|123568,132462|123556,133114|122966,133110	ssq10_2322_ssq09	data/spawns/Catacombs/NecropolisOfMartyrdom.xml|TOPOLOGY_CANDIDATES.tsv:9da97f9c8e94f89a46c35a68c4e5c4270fc504f9a3d1ad2662130021727e0762
NecropolisOfSacrifice	9e4ce8f0eb7208dc21e1099ba2912438729b7209a2ef564e4384a3181bf8c8a8	UNPROVEN						z:-5122:-4972		NOT_PROBED_CLOSED	BLOCKED	NATIVE_ENTRANCE_PATH_UNPROVEN	0	territory:-5122:-4972:-46486,215524|-45854,215517|-45858,216128|-46488,216126	ssq01_1824_ssq10	data/spawns/Catacombs/NecropolisOfSacrifice.xml|TOPOLOGY_CANDIDATES.tsv:9e4ce8f0eb7208dc21e1099ba2912438729b7209a2ef564e4384a3181bf8c8a8
DevilsIsle	9e55866a98bd50589854bf43a66d62494afb3901b68d7d0436fe12ff2e2c4ba5	UNPROVEN						z:-3924:-3324		NOT_PROBED_CLOSED	BLOCKED	NATIVE_ENTRANCE_PATH_UNPROVEN	0	territory:-3924:-3324:54616,211740|55200,211688|55384,212244|54728,212320	giran08_2124_089	data/spawns/Giran/DevilsIsle.xml|TOPOLOGY_CANDIDATES.tsv:9e55866a98bd50589854bf43a66d62494afb3901b68d7d0436fe12ff2e2c4ba5
NecropolisOfTheSaints	9e67c902b54c5c894804138c71ef264a1d7399b88b4aa19cb697aba9b57a7640	UNPROVEN						z:-5472:-5272		NOT_PROBED_CLOSED	BLOCKED	NATIVE_ENTRANCE_PATH_UNPROVEN	0	territory:-5472:-5272:90214,214630|90898,214634|90886,216558|90198,216543	ssq08_2224_ssq28	data/spawns/Catacombs/NecropolisOfTheSaints.xml|TOPOLOGY_CANDIDATES.tsv:9e67c902b54c5c894804138c71ef264a1d7399b88b4aa19cb697aba9b57a7640
CatacombOfDarkOmens	9e844be5ff4e2478a6997a58e7deecc9a9c2f609a4ca48c7a598b9716976830f	UNPROVEN						z:-4928:-4728		NOT_PROBED_CLOSED	BLOCKED	NATIVE_ENTRANCE_PATH_UNPROVEN	0	territory:-4928:-4728:-19420,14552|-18752,14568|-18784,15884|-19408,15924	ssq03_1918_ssq05	data/spawns/Catacombs/CatacombOfDarkOmens.xml|TOPOLOGY_CANDIDATES.tsv:9e844be5ff4e2478a6997a58e7deecc9a9c2f609a4ca48c7a598b9716976830f
NecropolisOfWorship	9ea56376de2bea9b72d95b9ee9bec1b619b2c8c41d6b5be8fa81fae3054075ea	UNPROVEN						z:-5472:-5272		NOT_PROBED_CLOSED	BLOCKED	NATIVE_ENTRANCE_PATH_UNPROVEN	0	territory:-5472:-5272:115893,178277|116545,178277|116545,178929|115893,178929	ssq09_2323_ssq08	data/spawns/Catacombs/NecropolisOfWorship.xml|TOPOLOGY_CANDIDATES.tsv:9ea56376de2bea9b72d95b9ee9bec1b619b2c8c41d6b5be8fa81fae3054075ea
CatacombOfTheHeretic	9eb17f02f0375d3bc9173adb55a62155d62b69418fd4dc8deb6e427af6972a9a	UNPROVEN						z:-7946:-7796		NOT_PROBED_CLOSED	BLOCKED	NATIVE_ENTRANCE_PATH_UNPROVEN	0	territory:-7946:-7796:-51092,-240280|-49780,-240283|-49774,-239646|-51089,-239644	ssq06_2122_ssq14	data/spawns/Catacombs/CatacombOfTheHeretic.xml|TOPOLOGY_CANDIDATES.tsv:9eb17f02f0375d3bc9173adb55a62155d62b69418fd4dc8deb6e427af6972a9a
TowerOfInsolence	9f2999152d0bde899d8b5a16fa8617a86157cce0d00bbcefc7ab867222c379b0	UNPROVEN						z:-3648:-3448		NOT_PROBED_CLOSED	BLOCKED	NATIVE_ENTRANCE_PATH_UNPROVEN	0	territory:-3648:-3448:115784,16456|116960,16724|116620,17392|115972,18032|115200,18348|115048,17148	aden34_2318_04	data/spawns/Aden/TowerOfInsolence.xml|TOPOLOGY_CANDIDATES.tsv:9f2999152d0bde899d8b5a16fa8617a86157cce0d00bbcefc7ab867222c379b0
NecropolisOfWorship	a0233c0d7b45c440bf85441d1d6aef79ae12c57a4d3a58ae5b10df25d84b085e	UNPROVEN						z:-5480:-5280		NOT_PROBED_CLOSED	BLOCKED	NATIVE_ENTRANCE_PATH_UNPROVEN	0	territory:-5480:-5280:114443,173767|115079,173767|115079,175749|114443,175749	ssq09_2323_ssq04	data/spawns/Catacombs/NecropolisOfWorship.xml|TOPOLOGY_CANDIDATES.tsv:a0233c0d7b45c440bf85441d1d6aef79ae12c57a4d3a58ae5b10df25d84b085e
TowerOfInsolence	a04b0f6f0d8c6311214baec81c6ffe8c363c300c0da5839e63d0d101c8e6e42e	UNPROVEN						z:-2156:-1956		NOT_PROBED_CLOSED	BLOCKED	NATIVE_ENTRANCE_PATH_UNPROVEN	0	territory:-2156:-1956:113288,14124|114140,13764|114304,14672|113308,15716|112288,15496|112744,14672	aden35_2318_02	data/spawns/Aden/TowerOfInsolence.xml|TOPOLOGY_CANDIDATES.tsv:a04b0f6f0d8c6311214baec81c6ffe8c363c300c0da5839e63d0d101c8e6e42e
TowerOfInsolence	a0fd2dfd963165a69744cb028e70ccd57093933f29c20adb8318b068dec750ac	UNPROVEN						z:3930:4280		NOT_PROBED_CLOSED	BLOCKED	NATIVE_ENTRANCE_PATH_UNPROVEN	0	territory:3930:4280:114754,14241|115354,14328|115830,14698|115109,14989	aden40_2318_03	data/spawns/Aden/TowerOfInsolence.xml|TOPOLOGY_CANDIDATES.tsv:a0fd2dfd963165a69744cb028e70ccd57093933f29c20adb8318b068dec750ac
TowerOfInsolence	a10b944a62366cf5f20fbc4387a5c05e05557830df1d262e58e046b6985f8b3e	UNPROVEN						z:892:1092		NOT_PROBED_CLOSED	BLOCKED	NATIVE_ENTRANCE_PATH_UNPROVEN	0	territory:892:1092:115120,18072|115660,17856|116180,18500|115292,18872	aden37_2318_10	data/spawns/Aden/TowerOfInsolence.xml|TOPOLOGY_CANDIDATES.tsv:a10b944a62366cf5f20fbc4387a5c05e05557830df1d262e58e046b6985f8b3e
NecropolisOfMartyrdom	a10e474bcb15bd23078c7c1d4b34f6103758c635452032d0db72b31b955c859f	UNPROVEN						z:-4864:-4664		NOT_PROBED_CLOSED	BLOCKED	NATIVE_ENTRANCE_PATH_UNPROVEN	0	territory:-4864:-4664:118332,137084|118936,137076|118924,137728|118333,137724	ssq10_2322_ssq03	data/spawns/Catacombs/NecropolisOfMartyrdom.xml|TOPOLOGY_CANDIDATES.tsv:a10e474bcb15bd23078c7c1d4b34f6103758c635452032d0db72b31b955c859f
TowerOfInsolence	a1d013d31102ce30d0fc91ccd3fa6a3aa76c31cbd92736057d0cc3e4060d1032	UNPROVEN						z:888:1088		NOT_PROBED_CLOSED	BLOCKED	NATIVE_ENTRANCE_PATH_UNPROVEN	0	territory:888:1088:112808,15872|114000,15936|113992,17812|113556,17640|113028,16992	aden37_2318_01	data/spawns/Aden/TowerOfInsolence.xml|TOPOLOGY_CANDIDATES.tsv:a1d013d31102ce30d0fc91ccd3fa6a3aa76c31cbd92736057d0cc3e4060d1032
DevilsIsle	a206ebee3f09f8cb8bc231a0cc80295f6b5d6569695443d74b440ac5b0cf6e69	UNPROVEN						z:-3864:-3664		NOT_PROBED_CLOSED	BLOCKED	NATIVE_ENTRANCE_PATH_UNPROVEN	0	territory:-3864:-3664:42566,203960|42116,203583|42454,203289|42903,203588	giran08_2124_010	data/spawns/Giran/DevilsIsle.xml|TOPOLOGY_CANDIDATES.tsv:a206ebee3f09f8cb8bc231a0cc80295f6b5d6569695443d74b440ac5b0cf6e69
NecropolisOfDevotion	a24022627a896ea598e9ac514de8adddd16eec3e50004cb48d862037e49b6269	UNPROVEN						z:-4774:-4624		NOT_PROBED_CLOSED	BLOCKED	NATIVE_ENTRANCE_PATH_UNPROVEN	0	territory:-4774:-4624:-47612,79887|-46978,79897|-46977,80481|-47619,80482	ssq02_1820_ssq08	data/spawns/Catacombs/NecropolisOfDevotion.xml|TOPOLOGY_CANDIDATES.tsv:a24022627a896ea598e9ac514de8adddd16eec3e50004cb48d862037e49b6269
NecropolisOfThePilgrims	a2b2bd9318bf34be14ca59afb06708c136422fe82cd490f32d74aeea0fed5d55	UNPROVEN						z:-5448:-5298		NOT_PROBED_CLOSED	BLOCKED	NATIVE_ENTRANCE_PATH_UNPROVEN	0	territory:-5448:-5298:50599,114371|51232,114374|51236,115688|50588,115688	ssq07_2121_ssq29	data/spawns/Catacombs/NecropolisOfThePilgrims.xml|TOPOLOGY_CANDIDATES.tsv:a2b2bd9318bf34be14ca59afb06708c136422fe82cd490f32d74aeea0fed5d55
CatacombOfTheHeretic	a2f6d0154f4bbf73d63e9a0683e4b8290028beeb542a382e602b50a0013ea084	UNPROVEN						z:-7943:-7793		NOT_PROBED_CLOSED	BLOCKED	NATIVE_ENTRANCE_PATH_UNPROVEN	0	territory:-7943:-7793:-53166,-244874|-52539,-244878|-52539,-244273|-53176,-244274	ssq06_2122_ssq10	data/spawns/Catacombs/CatacombOfTheHeretic.xml|TOPOLOGY_CANDIDATES.tsv:a2f6d0154f4bbf73d63e9a0683e4b8290028beeb542a382e602b50a0013ea084
DevilsIsle	a32f22aea8b15cc2eeb525c588fefd40acd21d8b275939f4927d4516df322823	UNPROVEN						z:-3636:-3436		NOT_PROBED_CLOSED	BLOCKED	NATIVE_ENTRANCE_PATH_UNPROVEN	0	territory:-3636:-3436:45671,209399|45922,209399|45994,209823|45610,209823	giran08_2124_028	data/spawns/Giran/DevilsIsle.xml|TOPOLOGY_CANDIDATES.tsv:a32f22aea8b15cc2eeb525c588fefd40acd21d8b275939f4927d4516df322823
DevilsIsle	a369af9a2363f4ba9b2c0046daf460d585b71c87ecfba95258b53bf8ee2dc112	UNPROVEN						z:-3376:-3176		NOT_PROBED_CLOSED	BLOCKED	NATIVE_ENTRANCE_PATH_UNPROVEN	0	territory:-3376:-3176:49559,211921|50962,211921|50962,213087|49559,213087	giran08_2124_069	data/spawns/Giran/DevilsIsle.xml|TOPOLOGY_CANDIDATES.tsv:a369af9a2363f4ba9b2c0046daf460d585b71c87ecfba95258b53bf8ee2dc112
IvoryTower	a3a17076dfae712baba70a529e995b596df9e184904a6dc5d108cd0f8330764f	UNPROVEN						z:-3124:-2724		NOT_PROBED_CLOSED	BLOCKED	NATIVE_ENTRANCE_PATH_UNPROVEN	0	territory:-3124:-2724:91580,3496|92688,3848|92752,5820|88564,6468	oren30_2218_21	data/spawns/Oren/IvoryTower.xml|TOPOLOGY_CANDIDATES.tsv:a3a17076dfae712baba70a529e995b596df9e184904a6dc5d108cd0f8330764f
CatacombOfTheHeretic	a3f640a6527b85545c367d46432098d1ccbf9ced756ace03612340e3cd468115	UNPROVEN						z:-7946:-7796		NOT_PROBED_CLOSED	BLOCKED	NATIVE_ENTRANCE_PATH_UNPROVEN	0	territory:-7946:-7796:-53127,-243006|-51795,-243023|-51783,-242381|-53123,-242374	ssq06_2122_ssq11	data/spawns/Catacombs/CatacombOfTheHeretic.xml|TOPOLOGY_CANDIDATES.tsv:a3f640a6527b85545c367d46432098d1ccbf9ced756ace03612340e3cd468115
DevilsIsle	a3f66dacb508d794811a19c07acce29d3767d7e8b988acc0ac1f9fbae7acaad9	UNPROVEN						z:-3936:-3736		NOT_PROBED_CLOSED	BLOCKED	NATIVE_ENTRANCE_PATH_UNPROVEN	0	territory:-3936:-3736:43209,217145|44491,217145|44502,218305|43220,218305	giran08_2124_048	data/spawns/Giran/DevilsIsle.xml|TOPOLOGY_CANDIDATES.tsv:a3f66dacb508d794811a19c07acce29d3767d7e8b988acc0ac1f9fbae7acaad9
NecropolisOfTheDisciples	a4535642a196c0f5076b9ddafd10fb63a4a32c7f791586b568895371cf89d6b5	UNPROVEN						z:-4936:-4736		NOT_PROBED_CLOSED	BLOCKED	NATIVE_ENTRANCE_PATH_UNPROVEN	0	territory:-4936:-4736:172299,-16533|173762,-16533|173762,-15836|172299,-15836	ssq14_2517_ssq02	data/spawns/Catacombs/NecropolisOfTheDisciples.xml|TOPOLOGY_CANDIDATES.tsv:a4535642a196c0f5076b9ddafd10fb63a4a32c7f791586b568895371cf89d6b5
TowerOfInsolence	a459320841eef2e4481f0e7c7a2c394622ea2ff8576ab18f297822ddd5d8a515	UNPROVEN						z:896:1096		NOT_PROBED_CLOSED	BLOCKED	NATIVE_ENTRANCE_PATH_UNPROVEN	0	territory:896:1096:113140,13640|114004,13280|114172,14184|113632,14408	aden37_2318_06	data/spawns/Aden/TowerOfInsolence.xml|TOPOLOGY_CANDIDATES.tsv:a459320841eef2e4481f0e7c7a2c394622ea2ff8576ab18f297822ddd5d8a515
NecropolisOfTheDisciples	a53cfb7370364aea9b1f11e93889d5eb2c3791d555f359a809a7a49916429c1e	UNPROVEN						z:-4936:-4736		NOT_PROBED_CLOSED	BLOCKED	NATIVE_ENTRANCE_PATH_UNPROVEN	0	territory:-4936:-4736:181878,-9062|183340,-9062|183340,-8365|181878,-8365	ssq14_2517_ssq34	data/spawns/Catacombs/NecropolisOfTheDisciples.xml|TOPOLOGY_CANDIDATES.tsv:a53cfb7370364aea9b1f11e93889d5eb2c3791d555f359a809a7a49916429c1e
CatacombOfTheBranded	a615a0bcaa244a185b340b0b25e5e966cc589ab0a5f9b992738f452f8140786f	UNPROVEN						z:-5013:-4863		NOT_PROBED_CLOSED	BLOCKED	NATIVE_ENTRANCE_PATH_UNPROVEN	0	territory:-5013:-4863:49406,173314|50077,173309|50075,175152|49414,175146	ssq05_2123_ssq10	data/spawns/Catacombs/CatacombOfTheBranded.xml|TOPOLOGY_CANDIDATES.tsv:a615a0bcaa244a185b340b0b25e5e966cc589ab0a5f9b992738f452f8140786f
NecropolisOfTheDisciples	a68177c88d086893edfc76cf1591c97aadc13ed955b772e9e06fff6de0fde64a	UNPROVEN						z:-4912:-4712		NOT_PROBED_CLOSED	BLOCKED	NATIVE_ENTRANCE_PATH_UNPROVEN	0	territory:-4912:-4712:174819,-10128|176718,-10128|176710,-9466|174811,-9466	ssq14_2517_ssq25	data/spawns/Catacombs/NecropolisOfTheDisciples.xml|TOPOLOGY_CANDIDATES.tsv:a68177c88d086893edfc76cf1591c97aadc13ed955b772e9e06fff6de0fde64a
CatacombOfTheHeretic	a702a89b36a7b4d36a70c7cc925de62ad9cd076da41f3bea815c3a5716271a0a	UNPROVEN						z:-7947:-7797		NOT_PROBED_CLOSED	BLOCKED	NATIVE_ENTRANCE_PATH_UNPROVEN	0	territory:-7947:-7797:-47468,-242874|-46840,-242878|-46840,-241549|-47465,-241553	ssq06_2122_ssq25	data/spawns/Catacombs/CatacombOfTheHeretic.xml|TOPOLOGY_CANDIDATES.tsv:a702a89b36a7b4d36a70c7cc925de62ad9cd076da41f3bea815c3a5716271a0a
NecropolisOfSacrifice	a73f4154f15fc5bbf409624ddef47949a91cea229baf32f2ea483e45ca8a42b2	UNPROVEN						z:-5123:-4973		NOT_PROBED_CLOSED	BLOCKED	NATIVE_ENTRANCE_PATH_UNPROVEN	0	territory:-5123:-4973:-42551,213167|-41176,213162|-41175,213832|-42546,213815	ssq01_1824_ssq03	data/spawns/Catacombs/NecropolisOfSacrifice.xml|TOPOLOGY_CANDIDATES.tsv:a73f4154f15fc5bbf409624ddef47949a91cea229baf32f2ea483e45ca8a42b2
CatacombOfTheBranded	a806b07c63477c3803dc24b94e62176f77ca6e71ef9011a62bf0e796d43bd63f	UNPROVEN						z:-5001:-4851		NOT_PROBED_CLOSED	BLOCKED	NATIVE_ENTRANCE_PATH_UNPROVEN	0	territory:-5001:-4851:56558,175707|57195,175701|57196,176289|56564,176292	ssq05_2123_ssq31	data/spawns/Catacombs/CatacombOfTheBranded.xml|TOPOLOGY_CANDIDATES.tsv:a806b07c63477c3803dc24b94e62176f77ca6e71ef9011a62bf0e796d43bd63f
CatacombOfDarkOmens	a83989a52d6a07fc441551d144afc07e5023e44f960498bba4a1ca60cc74b771	UNPROVEN						z:-4936:-4736		NOT_PROBED_CLOSED	BLOCKED	NATIVE_ENTRANCE_PATH_UNPROVEN	0	territory:-4936:-4736:-10364,18796|-9684,18788|-9704,20164|-10360,20196	ssq03_1918_ssq22	data/spawns/Catacombs/CatacombOfDarkOmens.xml|TOPOLOGY_CANDIDATES.tsv:a83989a52d6a07fc441551d144afc07e5023e44f960498bba4a1ca60cc74b771
CatacombOfTheWitch	a8deacbd9baf25852c87b84907c2ce4ee32a618c4b01b6d423fa4dd43ef51bc5	UNPROVEN						z:-5464:-5264		NOT_PROBED_CLOSED	BLOCKED	NATIVE_ENTRANCE_PATH_UNPROVEN	0	territory:-5464:-5264:149640,88547|150252,88547|150252,89184|149640,89184	ssq13_2420_ssq35	data/spawns/Catacombs/CatacombOfTheWitch.xml|TOPOLOGY_CANDIDATES.tsv:a8deacbd9baf25852c87b84907c2ce4ee32a618c4b01b6d423fa4dd43ef51bc5
NecropolisOfWorship	aa28866125c681348afba683e51d8d444045c0bc2a27ee1c77dbd580a2786610	UNPROVEN						z:-5472:-5272		NOT_PROBED_CLOSED	BLOCKED	NATIVE_ENTRANCE_PATH_UNPROVEN	0	territory:-5472:-5272:121570,183989|122222,183989|122222,184641|121570,184641	ssq09_2323_ssq27	data/spawns/Catacombs/NecropolisOfWorship.xml|TOPOLOGY_CANDIDATES.tsv:aa28866125c681348afba683e51d8d444045c0bc2a27ee1c77dbd580a2786610
DevilsIsle	aa3465328a9f7c4f498131a4414b595733a8f47b822ed76187f1c3c96a3e8554	UNPROVEN						z:-2740:-2390		NOT_PROBED_CLOSED	BLOCKED	NATIVE_ENTRANCE_PATH_UNPROVEN	0	territory:-2740:-2390:51239,209755|51970,209755|51970,210166|51239,210166	giran08_2124_079	data/spawns/Giran/DevilsIsle.xml|TOPOLOGY_CANDIDATES.tsv:aa3465328a9f7c4f498131a4414b595733a8f47b822ed76187f1c3c96a3e8554
CatacombOfTheApostate	aa67af71520e0bd13991a7d9b4a1c53124715102d36a44fc7992b1d73862e145	UNPROVEN						z:-8198:-8048		NOT_PROBED_CLOSED	BLOCKED	NATIVE_ENTRANCE_PATH_UNPROVEN	0	territory:-8198:-8048:-18519,-250782|-17166,-250777|-17162,-250155|-18516,-250154	ssq11_2220_ssq07	data/spawns/Catacombs/CatacombOfTheApostate.xml|TOPOLOGY_CANDIDATES.tsv:aa67af71520e0bd13991a7d9b4a1c53124715102d36a44fc7992b1d73862e145
NecropolisOfThePatriots	aace0651738c0bed9365771216062fee8a957424a515d1d1a3ccbc0c8e8372e1	UNPROVEN						z:-5209:-5059		NOT_PROBED_CLOSED	BLOCKED	NATIVE_ENTRANCE_PATH_UNPROVEN	0	territory:-5209:-5059:-11417,81680|-10771,81676|-10774,82277|-11416,82274	ssq03_1920_ssq19	data/spawns/Catacombs/NecropolisOfThePatriots.xml|TOPOLOGY_CANDIDATES.tsv:aace0651738c0bed9365771216062fee8a957424a515d1d1a3ccbc0c8e8372e1
TowerOfInsolence	ab194214ac2720f8cd32aa40d8d654a9abaa67d731081b54ae4d419d4ec1f8d6	UNPROVEN						z:4936:5136		NOT_PROBED_CLOSED	BLOCKED	NATIVE_ENTRANCE_PATH_UNPROVEN	0	territory:4936:5136:116072,14900|116456,15804|116464,16420|116144,17168|114948,16048	aden41_2318_p05	data/spawns/Aden/TowerOfInsolence.xml|TOPOLOGY_CANDIDATES.tsv:ab194214ac2720f8cd32aa40d8d654a9abaa67d731081b54ae4d419d4ec1f8d6
DevilsIsle	abe6ab0befb2a33740ddcdc4472c2a807a4bdd0fb4f907915b76940b98f9bd7d	UNPROVEN						z:-4268:-4068		NOT_PROBED_CLOSED	BLOCKED	NATIVE_ENTRANCE_PATH_UNPROVEN	0	territory:-4268:-4068:54999,213442|55327,213424|55254,214539|55072,214539	giran08_2124_090	data/spawns/Giran/DevilsIsle.xml|TOPOLOGY_CANDIDATES.tsv:abe6ab0befb2a33740ddcdc4472c2a807a4bdd0fb4f907915b76940b98f9bd7d
NecropolisOfThePatriots	ac2cef4d607bd471546c7d3f11057d2025087a5b344658e07cc52fd9e070bdc4	UNPROVEN						z:-5209:-5009		NOT_PROBED_CLOSED	BLOCKED	NATIVE_ENTRANCE_PATH_UNPROVEN	0	territory:-5209:-5009:-21691,87349|-21090,87349|-21091,87996|-21689,88001	ssq03_1920_ssq30	data/spawns/Catacombs/NecropolisOfThePatriots.xml|TOPOLOGY_CANDIDATES.tsv:ac2cef4d607bd471546c7d3f11057d2025087a5b344658e07cc52fd9e070bdc4
CatacombOfTheApostate	aca55a8252d93ee24ba599e92ede085e84a64426e61a16daaf94265ec9ffd3e9	UNPROVEN						z:-8200:-8050		NOT_PROBED_CLOSED	BLOCKED	NATIVE_ENTRANCE_PATH_UNPROVEN	0	territory:-8200:-8050:-18376,-241770|-17755,-241773|-17752,-240414|-18382,-240415	ssq11_2220_ssq18	data/spawns/Catacombs/CatacombOfTheApostate.xml|TOPOLOGY_CANDIDATES.tsv:aca55a8252d93ee24ba599e92ede085e84a64426e61a16daaf94265ec9ffd3e9
NecropolisOfDevotion	acbe32f79f8e2b9390e8dd6e4965e2e35411891ad8601d828b9f872c8f59bdf8	UNPROVEN						z:-4773:-4623		NOT_PROBED_CLOSED	BLOCKED	NATIVE_ENTRANCE_PATH_UNPROVEN	0	territory:-4773:-4623:-41910,89080|-41309,89082|-41310,89721|-41913,89717	ssq02_1820_ssq22	data/spawns/Catacombs/NecropolisOfDevotion.xml|TOPOLOGY_CANDIDATES.tsv:acbe32f79f8e2b9390e8dd6e4965e2e35411891ad8601d828b9f872c8f59bdf8
NecropolisOfThePilgrims	ace7e3e7be869491f028068e93da6fd0023dc9d7ba28be769ba5fca1a5a93997	UNPROVEN						z:-5447:-5297		NOT_PROBED_CLOSED	BLOCKED	NATIVE_ENTRANCE_PATH_UNPROVEN	0	territory:-5447:-5297:55248,112934|55869,112927|55868,113531|55246,113532	ssq07_2121_ssq23	data/spawns/Catacombs/NecropolisOfThePilgrims.xml|TOPOLOGY_CANDIDATES.tsv:ace7e3e7be869491f028068e93da6fd0023dc9d7ba28be769ba5fca1a5a93997
NecropolisOfTheSaints	ad10e0995d8374a676a7760face274739b089dc8489a1d45bae8217027b5e30e	UNPROVEN						z:-5468:-5268		NOT_PROBED_CLOSED	BLOCKED	NATIVE_ENTRANCE_PATH_UNPROVEN	0	territory:-5468:-5268:84236,208892|84820,208896|84820,209532|84236,209540	ssq08_2224_ssq01	data/spawns/Catacombs/NecropolisOfTheSaints.xml|TOPOLOGY_CANDIDATES.tsv:ad10e0995d8374a676a7760face274739b089dc8489a1d45bae8217027b5e30e
CatacombOfTheApostate	ad73506392073893cbc5888980d0b62a4300e1c35e90db88b2d498faeb528d6d	UNPROVEN						z:-8197:-8047		NOT_PROBED_CLOSED	BLOCKED	NATIVE_ENTRANCE_PATH_UNPROVEN	0	territory:-8197:-8047:-15918,-246482|-15271,-246479|-15272,-245876|-15919,-245876	ssq11_2220_ssq11	data/spawns/Catacombs/CatacombOfTheApostate.xml|TOPOLOGY_CANDIDATES.tsv:ad73506392073893cbc5888980d0b62a4300e1c35e90db88b2d498faeb528d6d
NecropolisOfWorship	ae90bd513af522c35fa092b77bb742e853d706733dfa929cda5058474db50ae8	UNPROVEN						z:-5480:-5280		NOT_PROBED_CLOSED	BLOCKED	NATIVE_ENTRANCE_PATH_UNPROVEN	0	territory:-5480:-5280:113096,173751|113732,173751|113732,175733|113096,175733	ssq09_2323_ssq01	data/spawns/Catacombs/NecropolisOfWorship.xml|TOPOLOGY_CANDIDATES.tsv:ae90bd513af522c35fa092b77bb742e853d706733dfa929cda5058474db50ae8
CatacombOfDarkOmens	aed610a29344921720313019a259e98365ba35c6e2f66edb1a68e073a7cee29f	UNPROVEN						z:-4940:-4740		NOT_PROBED_CLOSED	BLOCKED	NATIVE_ENTRANCE_PATH_UNPROVEN	0	territory:-4940:-4740:-18124,15412|-17484,15416|-17492,16016|-18104,16004	ssq03_1918_ssq08	data/spawns/Catacombs/CatacombOfDarkOmens.xml|TOPOLOGY_CANDIDATES.tsv:aed610a29344921720313019a259e98365ba35c6e2f66edb1a68e073a7cee29f
TowerOfInsolence	aee695736587eb7f9d5232fdf1a28630fb003092ab1577eb3dd963c385199618	UNPROVEN						z:2924:3124		NOT_PROBED_CLOSED	BLOCKED	NATIVE_ENTRANCE_PATH_UNPROVEN	0	territory:2924:3124:113916,17198|115032,17075|115492,17676|114288,17856|113688,17632	aden39_2318_p05	data/spawns/Aden/TowerOfInsolence.xml|TOPOLOGY_CANDIDATES.tsv:aee695736587eb7f9d5232fdf1a28630fb003092ab1577eb3dd963c385199618
NecropolisOfWorship	af1165352137f194a3165d9528df2f8d5bbdb7e8e6e25830a4cede029958483f	UNPROVEN						z:-5469:-5269		NOT_PROBED_CLOSED	BLOCKED	NATIVE_ENTRANCE_PATH_UNPROVEN	0	territory:-5469:-5269:119409,181499|121387,181499|121387,182143|119409,182143	ssq09_2323_ssq23	data/spawns/Catacombs/NecropolisOfWorship.xml|TOPOLOGY_CANDIDATES.tsv:af1165352137f194a3165d9528df2f8d5bbdb7e8e6e25830a4cede029958483f
NecropolisOfThePatriots	af15056a326e50744d40b6b44ca1a9eb88a748b5f853b13ff8ff25862f9059dd	UNPROVEN						z:-5210:-5060		NOT_PROBED_CLOSED	BLOCKED	NATIVE_ENTRANCE_PATH_UNPROVEN	0	territory:-5210:-5060:-17079,77061|-16501,77059|-16499,77702|-17076,77697	ssq03_1920_ssq09	data/spawns/Catacombs/NecropolisOfThePatriots.xml|TOPOLOGY_CANDIDATES.tsv:af15056a326e50744d40b6b44ca1a9eb88a748b5f853b13ff8ff25862f9059dd
NecropolisOfTheSaints	af1690bf711fbcca2f953382be167d98957393a5148e4d2c8864fba48eb4d960	UNPROVEN						z:-5472:-5272		NOT_PROBED_CLOSED	BLOCKED	NATIVE_ENTRANCE_PATH_UNPROVEN	0	territory:-5472:-5272:83148,213516|83740,213520|83744,214148|83152,214152	ssq08_2224_ssq05	data/spawns/Catacombs/NecropolisOfTheSaints.xml|TOPOLOGY_CANDIDATES.tsv:af1690bf711fbcca2f953382be167d98957393a5148e4d2c8864fba48eb4d960
CatacombOfTheForbiddenPath	afb096aad540b996de788a2dfb0c1deb90c614985823adadf118e11c5c75e6f0	UNPROVEN						z:-9612:-9412		NOT_PROBED_CLOSED	BLOCKED	NATIVE_ENTRANCE_PATH_UNPROVEN	0	territory:-9612:-9412:20461,-244289|21841,-244273|21829,-243581|20457,-243593	ssq12_2320_ssq15	data/spawns/Catacombs/CatacombOfTheForbiddenPath.xml|TOPOLOGY_CANDIDATES.tsv:afb096aad540b996de788a2dfb0c1deb90c614985823adadf118e11c5c75e6f0
ImperialTomb	afd63c757206e9f4a0987356fd15d174987464ad7fab6e8d8d0094cc54bb38ed	UNPROVEN						z:-6668:-6368		NOT_PROBED_CLOSED	BLOCKED	NATIVE_ENTRANCE_PATH_UNPROVEN	0	territory:-6668:-6368:189032,-81361|189850,-81343|189847,-80621|189054,-80555	godard14_2515_17	data/spawns/Goddard/ImperialTomb.xml|TOPOLOGY_CANDIDATES.tsv:afd63c757206e9f4a0987356fd15d174987464ad7fab6e8d8d0094cc54bb38ed
NecropolisOfSacrifice	b106f8906a55e56e55238a8aecd493ce1fbb06bfb1b9fe728c27e58200625350	UNPROVEN						z:-5126:-4976		NOT_PROBED_CLOSED	BLOCKED	NATIVE_ENTRANCE_PATH_UNPROVEN	0	territory:-5126:-4976:-47556,212263|-46894,212262|-46906,213615|-47565,213619	ssq01_1824_ssq39	data/spawns/Catacombs/NecropolisOfSacrifice.xml|TOPOLOGY_CANDIDATES.tsv:b106f8906a55e56e55238a8aecd493ce1fbb06bfb1b9fe728c27e58200625350
IvoryTower	b12a931541520ca6a8a655adf498f150eefeaeadf528066a0e7c6698aabd3076	UNPROVEN						z:-3768:-3468		NOT_PROBED_CLOSED	BLOCKED	NATIVE_ENTRANCE_PATH_UNPROVEN	0	territory:-3768:-3468:79824,22932|84808,24488|84668,26676|81832,27084|78752,26572	oren30_2218_13	data/spawns/Oren/IvoryTower.xml|TOPOLOGY_CANDIDATES.tsv:b12a931541520ca6a8a655adf498f150eefeaeadf528066a0e7c6698aabd3076
NecropolisOfMartyrdom	b2602a2517c706f906197e6ef04d25738abcfd2d6ac6b3eb770cdceae25a3196	UNPROVEN						z:-4872:-4672		NOT_PROBED_CLOSED	BLOCKED	NATIVE_ENTRANCE_PATH_UNPROVEN	0	territory:-4872:-4672:121006,133629|121718,133621|121678,134985|121018,134977	ssq10_2322_ssq08	data/spawns/Catacombs/NecropolisOfMartyrdom.xml|TOPOLOGY_CANDIDATES.tsv:b2602a2517c706f906197e6ef04d25738abcfd2d6ac6b3eb770cdceae25a3196
DevilsIsle	b30369f621b577fce042a3e884f5b5fd77e629a9ae959c2c9f0c83e40dd3e5e6	UNPROVEN						z:-3800:-3600		NOT_PROBED_CLOSED	BLOCKED	NATIVE_ENTRANCE_PATH_UNPROVEN	0	territory:-3800:-3600:45296,213219|46136,213081|46289,213374|46158,213669|45105,213668	giran08_2124_040	data/spawns/Giran/DevilsIsle.xml|TOPOLOGY_CANDIDATES.tsv:b30369f621b577fce042a3e884f5b5fd77e629a9ae959c2c9f0c83e40dd3e5e6
DevilsIsle	b37c391b398857bcfb574d04e563e0426ad2b20e216e81c4d009650761fb655c	UNPROVEN						z:-4680:-4480		NOT_PROBED_CLOSED	BLOCKED	NATIVE_ENTRANCE_PATH_UNPROVEN	0	territory:-4680:-4480:41212,199522|41567,199506|41873,200295|41372,200376|40870,200074|40788,199731	giran08_2124_003	data/spawns/Giran/DevilsIsle.xml|TOPOLOGY_CANDIDATES.tsv:b37c391b398857bcfb574d04e563e0426ad2b20e216e81c4d009650761fb655c
NecropolisOfSacrifice	b389c6596e572e2b78ff68aaf68089596e4af64c4e2d56a4269c2c05f6f77d7b	UNPROVEN						z:-5123:-4973		NOT_PROBED_CLOSED	BLOCKED	NATIVE_ENTRANCE_PATH_UNPROVEN	0	territory:-5123:-4973:-52197,209822|-51554,209826|-51554,210435|-52210,210440	ssq01_1824_ssq34	data/spawns/Catacombs/NecropolisOfSacrifice.xml|TOPOLOGY_CANDIDATES.tsv:b389c6596e572e2b78ff68aaf68089596e4af64c4e2d56a4269c2c05f6f77d7b
DevilsIsle	b3c506f879469832e1f5e977350b9dfd81b4d3d7b431250ff68d7522e4a58b10	UNPROVEN						z:-3628:-3428		NOT_PROBED_CLOSED	BLOCKED	NATIVE_ENTRANCE_PATH_UNPROVEN	0	territory:-3628:-3428:48420,219337|48850,219568|48359,220581|47990,220581|47967,219867	giran08_2124_058	data/spawns/Giran/DevilsIsle.xml|TOPOLOGY_CANDIDATES.tsv:b3c506f879469832e1f5e977350b9dfd81b4d3d7b431250ff68d7522e4a58b10
NecropolisOfThePatriots	b49400574ce87ac955dba4d92d9d6e7845efd22c607afef4c8c8351873f4d70f	UNPROVEN						z:-5214:-5064		NOT_PROBED_CLOSED	BLOCKED	NATIVE_ENTRANCE_PATH_UNPROVEN	0	territory:-5214:-5064:-19828,85511|-19165,85511|-19182,86832|-19846,86836	ssq03_1920_ssq29	data/spawns/Catacombs/NecropolisOfThePatriots.xml|TOPOLOGY_CANDIDATES.tsv:b49400574ce87ac955dba4d92d9d6e7845efd22c607afef4c8c8351873f4d70f
CatacombOfTheBranded	b4a5941fc179322a76fb53f68f0f2863bacf88caf237d8ac135451a69284fee7	UNPROVEN						z:-5015:-4865		NOT_PROBED_CLOSED	BLOCKED	NATIVE_ENTRANCE_PATH_UNPROVEN	0	territory:-5015:-4865:55276,178105|55919,178106|55916,178700|55284,178697	ssq05_2123_ssq26	data/spawns/Catacombs/CatacombOfTheBranded.xml|TOPOLOGY_CANDIDATES.tsv:b4a5941fc179322a76fb53f68f0f2863bacf88caf237d8ac135451a69284fee7
IvoryTower	b4dc0a9e8ac31e99fcc982f49cf8f9d3e9690a5a31e86fb2ef9332d13d72950d	UNPROVEN						z:-3792:-3592		NOT_PROBED_CLOSED	BLOCKED	NATIVE_ENTRANCE_PATH_UNPROVEN	0	territory:-3792:-3592:96652,6860|98064,6516|97996,10176|96652,9572	oren30_2218_05	data/spawns/Oren/IvoryTower.xml|TOPOLOGY_CANDIDATES.tsv:b4dc0a9e8ac31e99fcc982f49cf8f9d3e9690a5a31e86fb2ef9332d13d72950d
IvoryTower	b4f1f792d747a3a77b4fa2dfa1904ee5f9979a70889d89df6d082c4be2ef7203	UNPROVEN						z:-3260:-2860		NOT_PROBED_CLOSED	BLOCKED	NATIVE_ENTRANCE_PATH_UNPROVEN	0	territory:-3260:-2860:92724,4372|94848,5820|95724,7476|95068,8624|92784,5780	oren30_2218_22	data/spawns/Oren/IvoryTower.xml|TOPOLOGY_CANDIDATES.tsv:b4f1f792d747a3a77b4fa2dfa1904ee5f9979a70889d89df6d082c4be2ef7203
DevilsIsle	b518232112aaf0c6a53e36cfd935397e9b47d2f7bd8f135f0a077945aeda115c	UNPROVEN						z:-3792:-3592		NOT_PROBED_CLOSED	BLOCKED	NATIVE_ENTRANCE_PATH_UNPROVEN	0	territory:-3792:-3592:46287,216779|46934,216830|47171,216990|47302,217417|46887,218156|46467,218328|46156,218312	giran08_2124_053	data/spawns/Giran/DevilsIsle.xml|TOPOLOGY_CANDIDATES.tsv:b518232112aaf0c6a53e36cfd935397e9b47d2f7bd8f135f0a077945aeda115c
CatacombOfTheApostate	b54585d5af32ec21e2cfb9ddfb9610c678c7879d73404eda35c0d8105732f7d2	UNPROVEN						z:-8197:-8047		NOT_PROBED_CLOSED	BLOCKED	NATIVE_ENTRANCE_PATH_UNPROVEN	0	territory:-8197:-8047:-14561,-248089|-13183,-248084|-13183,-247466|-14565,-247469	ssq11_2220_ssq37	data/spawns/Catacombs/CatacombOfTheApostate.xml|TOPOLOGY_CANDIDATES.tsv:b54585d5af32ec21e2cfb9ddfb9610c678c7879d73404eda35c0d8105732f7d2
NecropolisOfThePilgrims	b55e03b17460fcd154516bdf80a1d4e60569201287fc0c75c56a5f79f9706548	UNPROVEN						z:-5444:-5294		NOT_PROBED_CLOSED	BLOCKED	NATIVE_ENTRANCE_PATH_UNPROVEN	0	territory:-5444:-5294:50615,112937|51268,112927|51269,113541|50621,113540	ssq07_2121_ssq30	data/spawns/Catacombs/NecropolisOfThePilgrims.xml|TOPOLOGY_CANDIDATES.tsv:b55e03b17460fcd154516bdf80a1d4e60569201287fc0c75c56a5f79f9706548
CatacombOfTheForbiddenPath	b56a5054b7041ab56a681fcc6ae6005158ad385f55bc9da3ef1b60fc2b01a278	UNPROVEN						z:-9616:-9416		NOT_PROBED_CLOSED	BLOCKED	NATIVE_ENTRANCE_PATH_UNPROVEN	0	territory:-9616:-9416:22942,-246961|23642,-246961|23661,-245566|22942,-245569	ssq12_2320_ssq16	data/spawns/Catacombs/CatacombOfTheForbiddenPath.xml|TOPOLOGY_CANDIDATES.tsv:b56a5054b7041ab56a681fcc6ae6005158ad385f55bc9da3ef1b60fc2b01a278
NecropolisOfDevotion	b695be51c9a749593f72def9b2c9067e9ff0e51b776b3dea880f8e2c0f4e32b2	UNPROVEN						z:-4782:-4632		NOT_PROBED_CLOSED	BLOCKED	NATIVE_ENTRANCE_PATH_UNPROVEN	0	territory:-4782:-4632:-45154,82652|-44501,82666|-44491,84005|-45146,84003	ssq02_1820_ssq17	data/spawns/Catacombs/NecropolisOfDevotion.xml|TOPOLOGY_CANDIDATES.tsv:b695be51c9a749593f72def9b2c9067e9ff0e51b776b3dea880f8e2c0f4e32b2
NecropolisOfThePilgrims	b6a5c3b2510ee08d20bd2b4491d2aedb0a116ecfe54c10a8d5c492396223411f	UNPROVEN						z:-5444:-5294		NOT_PROBED_CLOSED	BLOCKED	NATIVE_ENTRANCE_PATH_UNPROVEN	0	territory:-5444:-5294:44931,118632|45573,118629|45573,119228|44933,119224	ssq07_2121_ssq03	data/spawns/Catacombs/NecropolisOfThePilgrims.xml|TOPOLOGY_CANDIDATES.tsv:b6a5c3b2510ee08d20bd2b4491d2aedb0a116ecfe54c10a8d5c492396223411f
CatacombOfTheWitch	b6e9c4183ef1110e944d31fd85628f4ecd262675609830d50aff76528693c088	UNPROVEN						z:-5464:-5264		NOT_PROBED_CLOSED	BLOCKED	NATIVE_ENTRANCE_PATH_UNPROVEN	0	territory:-5464:-5264:150780,83948|151392,83948|151392,84585|150780,84585	ssq13_2420_ssq18	data/spawns/Catacombs/CatacombOfTheWitch.xml|TOPOLOGY_CANDIDATES.tsv:b6e9c4183ef1110e944d31fd85628f4ecd262675609830d50aff76528693c088
NecropolisOfDevotion	b73f90dd9f0a8fbf1ea1c9a407f9aa4c1952fe6a7d77ad9f376106254428ee3e	UNPROVEN						z:-4776:-4626		NOT_PROBED_CLOSED	BLOCKED	NATIVE_ENTRANCE_PATH_UNPROVEN	0	territory:-4776:-4626:-43551,88099|-42868,88095|-42882,89427|-43535,89427	ssq02_1820_ssq23	data/spawns/Catacombs/NecropolisOfDevotion.xml|TOPOLOGY_CANDIDATES.tsv:b73f90dd9f0a8fbf1ea1c9a407f9aa4c1952fe6a7d77ad9f376106254428ee3e
CatacombOfTheBranded	b8ae942a25b3c950918c1e55146a198e72975b01b00f6fa716e06f63da428a3c	UNPROVEN						z:-5012:-4862		NOT_PROBED_CLOSED	BLOCKED	NATIVE_ENTRANCE_PATH_UNPROVEN	0	territory:-5012:-4862:51944,180310|52602,180305|52597,180900|51942,180903	ssq05_2123_ssq21	data/spawns/Catacombs/CatacombOfTheBranded.xml|TOPOLOGY_CANDIDATES.tsv:b8ae942a25b3c950918c1e55146a198e72975b01b00f6fa716e06f63da428a3c
CatacombOfTheApostate	ba3a26fad14a005429ac9f9194c3adf902e27fa84939698a1dd1c4fb61f3999f	UNPROVEN						z:-8200:-8050		NOT_PROBED_CLOSED	BLOCKED	NATIVE_ENTRANCE_PATH_UNPROVEN	0	territory:-8200:-8050:-17370,-245266|-16703,-245256|-16703,-243426|-17379,-243437	ssq11_2220_ssq13	data/spawns/Catacombs/CatacombOfTheApostate.xml|TOPOLOGY_CANDIDATES.tsv:ba3a26fad14a005429ac9f9194c3adf902e27fa84939698a1dd1c4fb61f3999f
CatacombOfTheHeretic	ba9a2d7814542bd1ea0fe3487d83f6c28ecac9b2f18e85c1279955d8216296de	UNPROVEN						z:-7920:-7770		NOT_PROBED_CLOSED	BLOCKED	NATIVE_ENTRANCE_PATH_UNPROVEN	0	territory:-7920:-7770:-45669,-244911|-44345,-244888|-44343,-244265|-45663,-244252	ssq06_2122_ssq27	data/spawns/Catacombs/CatacombOfTheHeretic.xml|TOPOLOGY_CANDIDATES.tsv:ba9a2d7814542bd1ea0fe3487d83f6c28ecac9b2f18e85c1279955d8216296de
NecropolisOfSacrifice	babce96fc2ad7ff8b83a6b2ab978d13f155259307cdb526e2a022968ad5da531	UNPROVEN						z:-5118:-4968		NOT_PROBED_CLOSED	BLOCKED	NATIVE_ENTRANCE_PATH_UNPROVEN	0	territory:-5118:-4968:-50929,217734|-50283,217737|-50280,218333|-50923,218334	ssq01_1824_ssq23	data/spawns/Catacombs/NecropolisOfSacrifice.xml|TOPOLOGY_CANDIDATES.tsv:babce96fc2ad7ff8b83a6b2ab978d13f155259307cdb526e2a022968ad5da531
CatacombOfTheApostate	baf7c5bee5495fc82d9614cb1277f881acf7ed956ca4afae2322a8fdf2288852	UNPROVEN						z:-8196:-8046		NOT_PROBED_CLOSED	BLOCKED	NATIVE_ENTRANCE_PATH_UNPROVEN	0	territory:-8196:-8046:-14830,-251081|-14205,-251080|-14203,-250492|-14829,-250481	ssq11_2220_ssq36	data/spawns/Catacombs/CatacombOfTheApostate.xml|TOPOLOGY_CANDIDATES.tsv:baf7c5bee5495fc82d9614cb1277f881acf7ed956ca4afae2322a8fdf2288852
CatacombOfTheApostate	bb7d467de57251fd9ea2aeab8205264bf4f4772af37c1eeacc4b744a0b44de82	UNPROVEN						z:-8200:-8050		NOT_PROBED_CLOSED	BLOCKED	NATIVE_ENTRANCE_PATH_UNPROVEN	0	territory:-8200:-8050:-13051,-245405|-11686,-245397|-11685,-244778|-13047,-244785	ssq11_2220_ssq29	data/spawns/Catacombs/CatacombOfTheApostate.xml|TOPOLOGY_CANDIDATES.tsv:bb7d467de57251fd9ea2aeab8205264bf4f4772af37c1eeacc4b744a0b44de82
CatacombOfTheApostate	bb9940c1a587258ea647b64a91d3e2f6bdaa8cb7c4e868cf42a787cba803ebdb	UNPROVEN						z:-8199:-8049		NOT_PROBED_CLOSED	BLOCKED	NATIVE_ENTRANCE_PATH_UNPROVEN	0	territory:-8199:-8049:-17187,-249684|-15351,-249679|-15346,-249001|-17199,-249019	ssq11_2220_ssq09	data/spawns/Catacombs/CatacombOfTheApostate.xml|TOPOLOGY_CANDIDATES.tsv:bb9940c1a587258ea647b64a91d3e2f6bdaa8cb7c4e868cf42a787cba803ebdb
CatacombOfTheApostate	bbbecb5b9657054418d4b6732ebdb3fe8117124189e9dd02dd108e91ae5a8d98	UNPROVEN						z:-8197:-8047		NOT_PROBED_CLOSED	BLOCKED	NATIVE_ENTRANCE_PATH_UNPROVEN	0	territory:-8197:-8047:-16568,-242040|-15217,-242039|-15211,-241418|-16577,-241421	ssq11_2220_ssq19	data/spawns/Catacombs/CatacombOfTheApostate.xml|TOPOLOGY_CANDIDATES.tsv:bbbecb5b9657054418d4b6732ebdb3fe8117124189e9dd02dd108e91ae5a8d98
CatacombOfTheApostate	bc7e9784940b3766aa645824acb6989f785a3fcbb0abd8b062e87dc1e65f5c22	UNPROVEN						z:-8198:-8048		NOT_PROBED_CLOSED	BLOCKED	NATIVE_ENTRANCE_PATH_UNPROVEN	0	territory:-8198:-8048:-19256,-248881|-18596,-248883|-18597,-248273|-19252,-248276	ssq11_2220_ssq05	data/spawns/Catacombs/CatacombOfTheApostate.xml|TOPOLOGY_CANDIDATES.tsv:bc7e9784940b3766aa645824acb6989f785a3fcbb0abd8b062e87dc1e65f5c22
CatacombOfDarkOmens	bd24d593d8c239a09d3769216f8bd048f4289c98853b80b60b66aea7a82fcc88	UNPROVEN						z:-4936:-4736		NOT_PROBED_CLOSED	BLOCKED	NATIVE_ENTRANCE_PATH_UNPROVEN	0	territory:-4936:-4736:-13608,20296|-11712,20324|-11728,20984|-13592,20964	ssq03_1918_ssq25	data/spawns/Catacombs/CatacombOfDarkOmens.xml|TOPOLOGY_CANDIDATES.tsv:bd24d593d8c239a09d3769216f8bd048f4289c98853b80b60b66aea7a82fcc88
DevilsIsle	bea70c8b55217f2d3a4c2703670943170cdbe33f28e803cc412a669c5f252768	UNPROVEN						z:-4040:-3840		NOT_PROBED_CLOSED	BLOCKED	NATIVE_ENTRANCE_PATH_UNPROVEN	0	territory:-4040:-3840:50122,206397|51336,206122|51611,206511|51582,206907|50342,207082|50067,206566	giran08_2124_019	data/spawns/Giran/DevilsIsle.xml|TOPOLOGY_CANDIDATES.tsv:bea70c8b55217f2d3a4c2703670943170cdbe33f28e803cc412a669c5f252768
CatacombOfTheBranded	bf33a0f3f7dfb98e1063f7dda9f921ce70ee8dfbb39d0332639986da20bd70ab	UNPROVEN						z:-5011:-4861		NOT_PROBED_CLOSED	BLOCKED	NATIVE_ENTRANCE_PATH_UNPROVEN	0	territory:-5011:-4861:51969,169983|52574,169980|52571,170622|51965,170622	ssq05_2123_ssq37	data/spawns/Catacombs/CatacombOfTheBranded.xml|TOPOLOGY_CANDIDATES.tsv:bf33a0f3f7dfb98e1063f7dda9f921ce70ee8dfbb39d0332639986da20bd70ab
CatacombOfTheForbiddenPath	bfbb33cd9684101a5aec5771dbf1077b8b410f21cdeb9da0904c6b9eb6de6894	UNPROVEN						z:-9616:-9416		NOT_PROBED_CLOSED	BLOCKED	NATIVE_ENTRANCE_PATH_UNPROVEN	0	territory:-9616:-9416:18289,-247179|18989,-247178|19007,-245784|18289,-245787	ssq12_2320_ssq11	data/spawns/Catacombs/CatacombOfTheForbiddenPath.xml|TOPOLOGY_CANDIDATES.tsv:bfbb33cd9684101a5aec5771dbf1077b8b410f21cdeb9da0904c6b9eb6de6894
TowerOfInsolence	c009026cbd1e5bf534699dd0f5900a4c8a004c5387249784fba64fb4f3cb8f73	UNPROVEN						z:6965:7165		NOT_PROBED_CLOSED	BLOCKED	NATIVE_ENTRANCE_PATH_UNPROVEN	0	territory:6965:7165:114453,17147|115096,17795|114505,18378|113553,18097	aden29_2318_02	data/spawns/Aden/TowerOfInsolence.xml|TOPOLOGY_CANDIDATES.tsv:c009026cbd1e5bf534699dd0f5900a4c8a004c5387249784fba64fb4f3cb8f73
NecropolisOfWorship	c0176c6e1ad4fab485880e66134ebcebe64d16b89a1bbc3a22c58fe5f3c95ca1	UNPROVEN						z:-5472:-5272		NOT_PROBED_CLOSED	BLOCKED	NATIVE_ENTRANCE_PATH_UNPROVEN	0	territory:-5472:-5272:121596,175493|122223,175493|122223,176987|121596,176987	ssq09_2323_ssq17	data/spawns/Catacombs/NecropolisOfWorship.xml|TOPOLOGY_CANDIDATES.tsv:c0176c6e1ad4fab485880e66134ebcebe64d16b89a1bbc3a22c58fe5f3c95ca1
TowerOfInsolence	c021ca40e4797a812d4cd7230e3d8a478bdbe34dfa78c2c027ec0c09785940c9	UNPROVEN						z:4940:5140		NOT_PROBED_CLOSED	BLOCKED	NATIVE_ENTRANCE_PATH_UNPROVEN	0	territory:4940:5140:114640,16340|115820,17528|114932,17908|114272,17952|113484,17588	aden41_2318_p03	data/spawns/Aden/TowerOfInsolence.xml|TOPOLOGY_CANDIDATES.tsv:c021ca40e4797a812d4cd7230e3d8a478bdbe34dfa78c2c027ec0c09785940c9
CatacombOfTheWitch	c0292cae2c0ad407aa2ac552bb91dcc5813bf2c7c9453b01a9ba568baf4e7172	UNPROVEN						z:-5464:-5264		NOT_PROBED_CLOSED	BLOCKED	NATIVE_ENTRANCE_PATH_UNPROVEN	0	territory:-5464:-5264:146125,80319|147596,80319|147596,80956|146125,80956	ssq13_2420_ssq13	data/spawns/Catacombs/CatacombOfTheWitch.xml|TOPOLOGY_CANDIDATES.tsv:c0292cae2c0ad407aa2ac552bb91dcc5813bf2c7c9453b01a9ba568baf4e7172
NecropolisOfDevotion	c0f09858c2d456c296d6eb1e924e42996b11b63ecfcc6e8d6f5511bd5efc8fdd	UNPROVEN						z:-4771:-4621		NOT_PROBED_CLOSED	BLOCKED	NATIVE_ENTRANCE_PATH_UNPROVEN	0	territory:-4771:-4621:-47622,83409|-46998,83409|-46996,84008|-47622,84007	ssq02_1820_ssq10	data/spawns/Catacombs/NecropolisOfDevotion.xml|TOPOLOGY_CANDIDATES.tsv:c0f09858c2d456c296d6eb1e924e42996b11b63ecfcc6e8d6f5511bd5efc8fdd
CatacombOfTheHeretic	c15efcd00acaa34cfd34d184c09d1d4a9b1e9999ec1bb3da1a51a0f9df7548c3	UNPROVEN						z:-7943:-7793		NOT_PROBED_CLOSED	BLOCKED	NATIVE_ENTRANCE_PATH_UNPROVEN	0	territory:-7943:-7793:-52883,-247575|-51561,-247575|-51557,-246946|-52882,-246928	ssq06_2122_ssq08	data/spawns/Catacombs/CatacombOfTheHeretic.xml|TOPOLOGY_CANDIDATES.tsv:c15efcd00acaa34cfd34d184c09d1d4a9b1e9999ec1bb3da1a51a0f9df7548c3
DevilsIsle	c21df20b630eacb47dd381e413b1bc189cfa722f42388c2f5ed89f6c95b1ac4a	UNPROVEN						z:-3772:-3572		NOT_PROBED_CLOSED	BLOCKED	NATIVE_ENTRANCE_PATH_UNPROVEN	0	territory:-3772:-3572:42983,212134|43466,212134|43643,212286|43573,213029|43296,213165|43036,213047|42918,212823	giran08_2124_032	data/spawns/Giran/DevilsIsle.xml|TOPOLOGY_CANDIDATES.tsv:c21df20b630eacb47dd381e413b1bc189cfa722f42388c2f5ed89f6c95b1ac4a
CatacombOfDarkOmens	c235761895f13ad2d37b21d717804d357b7e76b552c0b86f89a1eccef7168dd0	UNPROVEN						z:-4940:-4740		NOT_PROBED_CLOSED	BLOCKED	NATIVE_ENTRANCE_PATH_UNPROVEN	0	territory:-4940:-4740:-19400,17820|-18768,17816|-18784,18408|-19388,18420	ssq03_1918_ssq06	data/spawns/Catacombs/CatacombOfDarkOmens.xml|TOPOLOGY_CANDIDATES.tsv:c235761895f13ad2d37b21d717804d357b7e76b552c0b86f89a1eccef7168dd0
CatacombOfTheWitch	c24ab94db26083d4b72336580a98d7934abb69b5c0b876f0a8d5db7dd5882338	UNPROVEN						z:-5464:-5264		NOT_PROBED_CLOSED	BLOCKED	NATIVE_ENTRANCE_PATH_UNPROVEN	0	territory:-5464:-5264:140432,86478|141903,86478|141903,87115|140432,87115	ssq13_2420_ssq23	data/spawns/Catacombs/CatacombOfTheWitch.xml|TOPOLOGY_CANDIDATES.tsv:c24ab94db26083d4b72336580a98d7934abb69b5c0b876f0a8d5db7dd5882338
NecropolisOfThePatriots	c304386c5ee2897b53315a2758781a8f936b44a0e678c93b2b3007fe79b5d79d	UNPROVEN						z:-5207:-5057		NOT_PROBED_CLOSED	BLOCKED	NATIVE_ENTRANCE_PATH_UNPROVEN	0	territory:-5207:-5057:-16007,81688|-15386,81691|-15387,82284|-16008,82285	ssq03_1920_ssq12	data/spawns/Catacombs/NecropolisOfThePatriots.xml|TOPOLOGY_CANDIDATES.tsv:c304386c5ee2897b53315a2758781a8f936b44a0e678c93b2b3007fe79b5d79d
ImperialTomb	c33b905ac0194e9ae4520c619769ebd88f586f33f3edd4d933fee3307869e5a1	UNPROVEN						z:-6641:-6341		NOT_PROBED_CLOSED	BLOCKED	NATIVE_ENTRANCE_PATH_UNPROVEN	0	territory:-6641:-6341:180806,-84051|181277,-84137|181323,-82707|180852,-82704	godard14_2515_21	data/spawns/Goddard/ImperialTomb.xml|TOPOLOGY_CANDIDATES.tsv:c33b905ac0194e9ae4520c619769ebd88f586f33f3edd4d933fee3307869e5a1
NecropolisOfWorship	c340c2d4dccfda9aa87812c1fe6f4c0b85ee4317e6b0637f0fbb7ad0cbfd4d02	UNPROVEN						z:-5472:-5272		NOT_PROBED_CLOSED	BLOCKED	NATIVE_ENTRANCE_PATH_UNPROVEN	0	territory:-5472:-5272:116969,178293|117621,178293|117621,178945|116969,178945	ssq09_2323_ssq11	data/spawns/Catacombs/NecropolisOfWorship.xml|TOPOLOGY_CANDIDATES.tsv:c340c2d4dccfda9aa87812c1fe6f4c0b85ee4317e6b0637f0fbb7ad0cbfd4d02
IvoryTower	c35993418a2d542bd25a737cae178ae5c317a2cf28dd78a67f9fff172fe6c9a5	UNPROVEN						z:-5360:-5160		NOT_PROBED_CLOSED	BLOCKED	NATIVE_ENTRANCE_PATH_UNPROVEN	0	territory:-5360:-5160:87492,18724|88196,21964|85752,22296|81996,22184|85816,19128	oren29_2218_27	data/spawns/Oren/IvoryTower.xml|TOPOLOGY_CANDIDATES.tsv:c35993418a2d542bd25a737cae178ae5c317a2cf28dd78a67f9fff172fe6c9a5
NecropolisOfWorship	c52c6f1fbf76e93e3726eef1bd137f1c9d591678d4fcd96b5249bfbb0f7f5c24	UNPROVEN						z:-5472:-5272		NOT_PROBED_CLOSED	BLOCKED	NATIVE_ENTRANCE_PATH_UNPROVEN	0	territory:-5472:-5272:115195,177054|116646,177054|116646,177709|115195,177709	ssq09_2323_ssq06	data/spawns/Catacombs/NecropolisOfWorship.xml|TOPOLOGY_CANDIDATES.tsv:c52c6f1fbf76e93e3726eef1bd137f1c9d591678d4fcd96b5249bfbb0f7f5c24
NecropolisOfDevotion	c627437aa0dd177a96cdbf02a5c6ae657c495e0adb44ff204c9e226f3804e234	UNPROVEN						z:-4777:-4627		NOT_PROBED_CLOSED	BLOCKED	NATIVE_ENTRANCE_PATH_UNPROVEN	0	territory:-4777:-4627:-41915,83403|-41322,83401|-41312,84034|-41917,84031	ssq02_1820_ssq19	data/spawns/Catacombs/NecropolisOfDevotion.xml|TOPOLOGY_CANDIDATES.tsv:c627437aa0dd177a96cdbf02a5c6ae657c495e0adb44ff204c9e226f3804e234
CatacombOfTheHeretic	c6277e6931362db77ef6c7bdc6b56c7e48ae3a3d5560fd37476795f553885f5d	UNPROVEN						z:-7943:-7793		NOT_PROBED_CLOSED	BLOCKED	NATIVE_ENTRANCE_PATH_UNPROVEN	0	territory:-7943:-7793:-48550,-250571|-47916,-250566|-47919,-249976|-48547,-249979	ssq06_2122_ssq04	data/spawns/Catacombs/CatacombOfTheHeretic.xml|TOPOLOGY_CANDIDATES.tsv:c6277e6931362db77ef6c7bdc6b56c7e48ae3a3d5560fd37476795f553885f5d
CatacombOfTheApostate	c6352748a351e6acedffbc6d63b474d4076e62d061645b44084ea7de13c22f34	UNPROVEN						z:-8201:-8051		NOT_PROBED_CLOSED	BLOCKED	NATIVE_ENTRANCE_PATH_UNPROVEN	0	territory:-8201:-8051:-12316,-244126|-11648,-244123|-11651,-242297|-12314,-242293	ssq11_2220_ssq26	data/spawns/Catacombs/CatacombOfTheApostate.xml|TOPOLOGY_CANDIDATES.tsv:c6352748a351e6acedffbc6d63b474d4076e62d061645b44084ea7de13c22f34
TowerOfInsolence	c73ba8b86e19409817d24d33029c7bc1d5bc0bd8e8eb63881652f193dfeb05f6	UNPROVEN						z:-2160:-1960		NOT_PROBED_CLOSED	BLOCKED	NATIVE_ENTRANCE_PATH_UNPROVEN	0	territory:-2160:-1960:115991,16420|116975,16560|116639,17348|116019,18019|115168,18367|115056,17415	aden35_2318_04	data/spawns/Aden/TowerOfInsolence.xml|TOPOLOGY_CANDIDATES.tsv:c73ba8b86e19409817d24d33029c7bc1d5bc0bd8e8eb63881652f193dfeb05f6
NecropolisOfTheSaints	c7a2a11f3df138ec526812d9d51fb0973553010fc91eefe387e3571e7527e9cf	UNPROVEN						z:-5476:-5276		NOT_PROBED_CLOSED	BLOCKED	NATIVE_ENTRANCE_PATH_UNPROVEN	0	territory:-5476:-5276:91048,217928|91648,217928|91644,218572|91056,218568	ssq08_2224_ssq23	data/spawns/Catacombs/NecropolisOfTheSaints.xml|TOPOLOGY_CANDIDATES.tsv:c7a2a11f3df138ec526812d9d51fb0973553010fc91eefe387e3571e7527e9cf
CatacombOfDarkOmens	c7f22f88c6dcf287c654bcd8034efc5215a3ea97cee820bee17c17f934230d24	UNPROVEN						z:-4936:-4736		NOT_PROBED_CLOSED	BLOCKED	NATIVE_ENTRANCE_PATH_UNPROVEN	0	territory:-4936:-4736:-13696,18872|-13108,18876|-13100,19520|-13692,19528	ssq03_1918_ssq26	data/spawns/Catacombs/CatacombOfDarkOmens.xml|TOPOLOGY_CANDIDATES.tsv:c7f22f88c6dcf287c654bcd8034efc5215a3ea97cee820bee17c17f934230d24
CatacombOfTheForbiddenPath	c852c90e3d3b96543796121037623d8378bb443e58c7647b1cadfd394f483e7d	UNPROVEN						z:-9612:-9412		NOT_PROBED_CLOSED	BLOCKED	NATIVE_ENTRANCE_PATH_UNPROVEN	0	territory:-9612:-9412:18341,-244205|18937,-244189|18937,-243557|18345,-243545	ssq12_2320_ssq12	data/spawns/Catacombs/CatacombOfTheForbiddenPath.xml|TOPOLOGY_CANDIDATES.tsv:c852c90e3d3b96543796121037623d8378bb443e58c7647b1cadfd394f483e7d
NecropolisOfThePatriots	c87a68ce2f8a5cc3c464778cd80a08821a1c4045deacbd817f82e9dd27be6130	UNPROVEN						z:-5203:-5053		NOT_PROBED_CLOSED	BLOCKED	NATIVE_ENTRANCE_PATH_UNPROVEN	0	territory:-5203:-5053:-21693,82764|-21093,82763|-21089,83387|-21688,83387	ssq03_1920_ssq23	data/spawns/Catacombs/NecropolisOfThePatriots.xml|TOPOLOGY_CANDIDATES.tsv:c87a68ce2f8a5cc3c464778cd80a08821a1c4045deacbd817f82e9dd27be6130
IvoryTower	c8e4a4105a1261682a119f1031aa650838e08c09b0e70fb3d51b049cb8b931c0	UNPROVEN						z:-3156:-2656		NOT_PROBED_CLOSED	BLOCKED	NATIVE_ENTRANCE_PATH_UNPROVEN	0	territory:-3156:-2656:78688,3120|84184,2100|84432,6744|81416,5976	oren30_2218_18	data/spawns/Oren/IvoryTower.xml|TOPOLOGY_CANDIDATES.tsv:c8e4a4105a1261682a119f1031aa650838e08c09b0e70fb3d51b049cb8b931c0
NecropolisOfSacrifice	c9066716f29906e1c526d9aec7352f96bff02562df2ed21c326c64edf16fabb7	UNPROVEN						z:-5118:-4968		NOT_PROBED_CLOSED	BLOCKED	NATIVE_ENTRANCE_PATH_UNPROVEN	0	territory:-5118:-4968:-50907,211899|-49050,211884|-49060,212536|-50908,212530	ssq01_1824_ssq38	data/spawns/Catacombs/NecropolisOfSacrifice.xml|TOPOLOGY_CANDIDATES.tsv:c9066716f29906e1c526d9aec7352f96bff02562df2ed21c326c64edf16fabb7
NecropolisOfTheSaints	c9433d255a21c6984058f34c9f1d28a15a37ebc064fed6a3f1938a241f0e06ac	UNPROVEN						z:-5472:-5272		NOT_PROBED_CLOSED	BLOCKED	NATIVE_ENTRANCE_PATH_UNPROVEN	0	territory:-5472:-5272:87708,210780|88392,210776|88376,212140|87728,212112	ssq08_2224_ssq07	data/spawns/Catacombs/NecropolisOfTheSaints.xml|TOPOLOGY_CANDIDATES.tsv:c9433d255a21c6984058f34c9f1d28a15a37ebc064fed6a3f1938a241f0e06ac
TowerOfInsolence	c98d04e9094cb21800b191e5a5443e4798b5b00fb6c82b831a037fc5579b364d	UNPROVEN						z:5956:6156		NOT_PROBED_CLOSED	BLOCKED	NATIVE_ENTRANCE_PATH_UNPROVEN	0	territory:5956:6156:115871,17721|116315,17252|116990,17677|116265,18409	aden28_2318_09	data/spawns/Aden/TowerOfInsolence.xml|TOPOLOGY_CANDIDATES.tsv:c98d04e9094cb21800b191e5a5443e4798b5b00fb6c82b831a037fc5579b364d
IvoryTower	c9e3afcc6dac028a689820ed2de1d0f154d6006a9a192a509fb629479c255a4a	UNPROVEN						z:-5396:-5096		NOT_PROBED_CLOSED	BLOCKED	NATIVE_ENTRANCE_PATH_UNPROVEN	0	territory:-5396:-5096:88572,15016|91048,15508|89376,20648|86664,22120|86512,20164	oren01_qm2218_02	data/spawns/Oren/IvoryTower.xml|TOPOLOGY_CANDIDATES.tsv:c9e3afcc6dac028a689820ed2de1d0f154d6006a9a192a509fb629479c255a4a
CatacombOfTheHeretic	ca1cdf8cdacb1fc45b6a296a52d7034e9d8f71215023a1af2ac990b206b670a3	UNPROVEN						z:-7939:-7789		NOT_PROBED_CLOSED	BLOCKED	NATIVE_ENTRANCE_PATH_UNPROVEN	0	territory:-7939:-7789:-49285,-241676|-47980,-241686|-47980,-241055|-49293,-241049	ssq06_2122_ssq17	data/spawns/Catacombs/CatacombOfTheHeretic.xml|TOPOLOGY_CANDIDATES.tsv:ca1cdf8cdacb1fc45b6a296a52d7034e9d8f71215023a1af2ac990b206b670a3
NecropolisOfThePilgrims	ca6fbb1618f66c6e00ac7032bcc7d83ea25c37f79dc134b0eb4c35174f0eb8ec	UNPROVEN						z:-5424:-5274		NOT_PROBED_CLOSED	BLOCKED	NATIVE_ENTRANCE_PATH_UNPROVEN	0	territory:-5424:-5274:49543,123242|50173,123240|50172,123837|49534,123835	ssq07_2121_ssq08	data/spawns/Catacombs/NecropolisOfThePilgrims.xml|TOPOLOGY_CANDIDATES.tsv:ca6fbb1618f66c6e00ac7032bcc7d83ea25c37f79dc134b0eb4c35174f0eb8ec
NecropolisOfThePatriots	cad87c7b023189e5a671f14ef5245239667cd7986633f9e217496097bc34d2c8	UNPROVEN						z:-5213:-5063		NOT_PROBED_CLOSED	BLOCKED	NATIVE_ENTRANCE_PATH_UNPROVEN	0	territory:-5213:-5063:-18561,86078|-17883,86079|-17896,87874|-18550,87876	ssq03_1920_ssq28	data/spawns/Catacombs/NecropolisOfThePatriots.xml|TOPOLOGY_CANDIDATES.tsv:cad87c7b023189e5a671f14ef5245239667cd7986633f9e217496097bc34d2c8
NecropolisOfTheDisciples	cb7f6969284cedd1cdd951acd120eb0a9ee23642d533dfa93c117b3c25658742	UNPROVEN						z:-4932:-4732		NOT_PROBED_CLOSED	BLOCKED	NATIVE_ENTRANCE_PATH_UNPROVEN	0	territory:-4932:-4732:173752,-8398|174404,-8398|174404,-6932|173752,-6932	ssq14_2517_ssq24	data/spawns/Catacombs/NecropolisOfTheDisciples.xml|TOPOLOGY_CANDIDATES.tsv:cb7f6969284cedd1cdd951acd120eb0a9ee23642d533dfa93c117b3c25658742
CatacombOfTheApostate	cb9d6ccd933ddc43ae94eaec5a26b379ec37c39091a966e1e0ef67554724fbd7	UNPROVEN						z:-8203:-8053		NOT_PROBED_CLOSED	BLOCKED	NATIVE_ENTRANCE_PATH_UNPROVEN	0	territory:-8203:-8053:-12675,-247469|-12054,-247468|-12061,-246104|-12678,-246105	ssq11_2220_ssq38	data/spawns/Catacombs/CatacombOfTheApostate.xml|TOPOLOGY_CANDIDATES.tsv:cb9d6ccd933ddc43ae94eaec5a26b379ec37c39091a966e1e0ef67554724fbd7
DevilsIsle	cc17488fb251d241e69c50facae343b9b18fc74439ad08edd30bd0d5e83f6d11	UNPROVEN						z:-3620:-3420		NOT_PROBED_CLOSED	BLOCKED	NATIVE_ENTRANCE_PATH_UNPROVEN	0	territory:-3620:-3420:48914,215051|49206,215066|50235,215681|50495,216417|49751,216839|49030,216486|48646,215826	giran08_2124_061	data/spawns/Giran/DevilsIsle.xml|TOPOLOGY_CANDIDATES.tsv:cc17488fb251d241e69c50facae343b9b18fc74439ad08edd30bd0d5e83f6d11
NecropolisOfDevotion	cc445996fb6dfcda078c1cdc9601a9b6dc57fec0a43f62f49d5e4491cc8bae90	UNPROVEN						z:-4777:-4627		NOT_PROBED_CLOSED	BLOCKED	NATIVE_ENTRANCE_PATH_UNPROVEN	0	territory:-4777:-4627:-46381,85923|-44591,85934|-44598,86572|-46376,86566	ssq02_1820_ssq26	data/spawns/Catacombs/NecropolisOfDevotion.xml|TOPOLOGY_CANDIDATES.tsv:cc445996fb6dfcda078c1cdc9601a9b6dc57fec0a43f62f49d5e4491cc8bae90
NecropolisOfDevotion	cc83473fdeb209c66182b291efa580ddabb2fb986e5c0bcecd6438f2e2df032b	UNPROVEN						z:-4789:-4639		NOT_PROBED_CLOSED	BLOCKED	NATIVE_ENTRANCE_PATH_UNPROVEN	0	territory:-4789:-4639:-43187,84427|-42526,84439|-42536,85753|-43190,85752	ssq02_1820_ssq28	data/spawns/Catacombs/NecropolisOfDevotion.xml|TOPOLOGY_CANDIDATES.tsv:cc83473fdeb209c66182b291efa580ddabb2fb986e5c0bcecd6438f2e2df032b
CatacombOfDarkOmens	ccaa508332213007e3784b5b51e695c0a1009aa2a8b799d1e134b604ae38529b	UNPROVEN						z:-4940:-4740		NOT_PROBED_CLOSED	BLOCKED	NATIVE_ENTRANCE_PATH_UNPROVEN	0	territory:-4940:-4740:-17420,13468|-16052,13500|-16068,14164|-17392,14156	ssq03_1918_ssq01	data/spawns/Catacombs/CatacombOfDarkOmens.xml|TOPOLOGY_CANDIDATES.tsv:ccaa508332213007e3784b5b51e695c0a1009aa2a8b799d1e134b604ae38529b
TowerOfInsolence	ccf6294d235e42a22c702a855d36274bd356b4e50e56221c02942ea0c0d2ce42	UNPROVEN						z:888:1088		NOT_PROBED_CLOSED	BLOCKED	NATIVE_ENTRANCE_PATH_UNPROVEN	0	territory:888:1088:114440,15116|114888,15112|114900,17876|114432,17872	aden37_2318_02	data/spawns/Aden/TowerOfInsolence.xml|TOPOLOGY_CANDIDATES.tsv:ccf6294d235e42a22c702a855d36274bd356b4e50e56221c02942ea0c0d2ce42
CatacombOfTheWitch	cd4cf7817a3c5e111d539b9858099c8716c7fb199d73e2b94f4329985a405e3f	UNPROVEN						z:-5464:-5264		NOT_PROBED_CLOSED	BLOCKED	NATIVE_ENTRANCE_PATH_UNPROVEN	0	territory:-5464:-5264:140482,83959|141095,83959|141095,84596|140482,84596	ssq13_2420_ssq07	data/spawns/Catacombs/CatacombOfTheWitch.xml|TOPOLOGY_CANDIDATES.tsv:cd4cf7817a3c5e111d539b9858099c8716c7fb199d73e2b94f4329985a405e3f
CatacombOfTheApostate	cd8ac97a02164976d3c5bf313842a3814677de8a9815c8f233c0e696bc338f9b	UNPROVEN						z:-8198:-8048		NOT_PROBED_CLOSED	BLOCKED	NATIVE_ENTRANCE_PATH_UNPROVEN	0	territory:-8198:-8048:-20521,-249727|-19891,-249726|-19894,-248378|-20521,-248376	ssq11_2220_ssq02	data/spawns/Catacombs/CatacombOfTheApostate.xml|TOPOLOGY_CANDIDATES.tsv:cd8ac97a02164976d3c5bf313842a3814677de8a9815c8f233c0e696bc338f9b
CatacombOfTheBranded	cda59e43da99c778f3fe73649e871f921ce1ea9ba567f6f6d81c052990d1396d	UNPROVEN						z:-5012:-4862		NOT_PROBED_CLOSED	BLOCKED	NATIVE_ENTRANCE_PATH_UNPROVEN	0	territory:-5012:-4862:50554,172009|51176,171998|51177,173345|50553,173340	ssq05_2123_ssq04	data/spawns/Catacombs/CatacombOfTheBranded.xml|TOPOLOGY_CANDIDATES.tsv:cda59e43da99c778f3fe73649e871f921ce1ea9ba567f6f6d81c052990d1396d
NecropolisOfSacrifice	cdca5a39d03a31b8abcb2ca0d31b43d8f0f3269f15f600f4d166bb0854eb0460	UNPROVEN						z:-5123:-4973		NOT_PROBED_CLOSED	BLOCKED	NATIVE_ENTRANCE_PATH_UNPROVEN	0	territory:-5123:-4973:-41895,215524|-41251,215529|-41248,216125|-41897,216128	ssq01_1824_ssq14	data/spawns/Catacombs/NecropolisOfSacrifice.xml|TOPOLOGY_CANDIDATES.tsv:cdca5a39d03a31b8abcb2ca0d31b43d8f0f3269f15f600f4d166bb0854eb0460
NecropolisOfDevotion	ceb4c7486cd52e5389b6236e6cbe0f3d4f41607c8e9f9238fcf57cff156d10f5	UNPROVEN						z:-4776:-4626		NOT_PROBED_CLOSED	BLOCKED	NATIVE_ENTRANCE_PATH_UNPROVEN	0	territory:-4776:-4626:-46516,84475|-45928,84477|-45928,85124|-46523,85124	ssq02_1820_ssq27	data/spawns/Catacombs/NecropolisOfDevotion.xml|TOPOLOGY_CANDIDATES.tsv:ceb4c7486cd52e5389b6236e6cbe0f3d4f41607c8e9f9238fcf57cff156d10f5
TowerOfInsolence	ceec90fbef6e18a424096cdf560b7e877c1c69f1b4dc59f24f17ce013a492489	UNPROVEN						z:-676:-476		NOT_PROBED_CLOSED	BLOCKED	NATIVE_ENTRANCE_PATH_UNPROVEN	0	territory:-676:-476:114972,17220|115240,17088|116504,17604|115272,18452	aden36_2318_05	data/spawns/Aden/TowerOfInsolence.xml|TOPOLOGY_CANDIDATES.tsv:ceec90fbef6e18a424096cdf560b7e877c1c69f1b4dc59f24f17ce013a492489
CatacombOfTheBranded	cfa17f17b8754d3001e801becfde5e22cf74430435940e650b7f849516e8707a	UNPROVEN						z:-5014:-4864		NOT_PROBED_CLOSED	BLOCKED	NATIVE_ENTRANCE_PATH_UNPROVEN	0	territory:-5014:-4864:52018,178835|53855,178838|53854,179502|52015,179499	ssq05_2123_ssq27	data/spawns/Catacombs/CatacombOfTheBranded.xml|TOPOLOGY_CANDIDATES.tsv:cfa17f17b8754d3001e801becfde5e22cf74430435940e650b7f849516e8707a
NecropolisOfSacrifice	cfc0892ab01a37c847c100bc5dc5592762925c48aec6476166069b227310e975	UNPROVEN						z:-5118:-4968		NOT_PROBED_CLOSED	BLOCKED	NATIVE_ENTRANCE_PATH_UNPROVEN	0	territory:-5118:-4968:-46494,214431|-45856,214431|-45849,215037|-46494,215031	ssq01_1824_ssq09	data/spawns/Catacombs/NecropolisOfSacrifice.xml|TOPOLOGY_CANDIDATES.tsv:cfc0892ab01a37c847c100bc5dc5592762925c48aec6476166069b227310e975
CatacombOfTheApostate	cfd6914dfd15a4669ea5f0635d4bf10fa661a093b34ebd2584972721383d1a43	UNPROVEN						z:-8201:-8051		NOT_PROBED_CLOSED	BLOCKED	NATIVE_ENTRANCE_PATH_UNPROVEN	0	territory:-8201:-8051:-20528,-245385|-19876,-245386|-19878,-244782|-20525,-244783	ssq11_2220_ssq15	data/spawns/Catacombs/CatacombOfTheApostate.xml|TOPOLOGY_CANDIDATES.tsv:cfd6914dfd15a4669ea5f0635d4bf10fa661a093b34ebd2584972721383d1a43
NecropolisOfDevotion	d0343040bae3880bc51970774797fdc13be5b5e77c6c02eb41c6788438b5ce55	UNPROVEN						z:-4783:-4633		NOT_PROBED_CLOSED	BLOCKED	NATIVE_ENTRANCE_PATH_UNPROVEN	0	territory:-4783:-4633:-50203,83372|-48882,83395|-48887,84048|-50214,84030	ssq02_1820_ssq04	data/spawns/Catacombs/NecropolisOfDevotion.xml|TOPOLOGY_CANDIDATES.tsv:d0343040bae3880bc51970774797fdc13be5b5e77c6c02eb41c6788438b5ce55
CatacombOfTheBranded	d0628157dfbf27b37518ac4e9be0eff8402eba03f6606027a8d265a27c77bc9b	UNPROVEN						z:-5014:-4864		NOT_PROBED_CLOSED	BLOCKED	NATIVE_ENTRANCE_PATH_UNPROVEN	0	territory:-5014:-4864:48674,171271|49265,171277|49264,171897|48675,171906	ssq05_2123_ssq06	data/spawns/Catacombs/CatacombOfTheBranded.xml|TOPOLOGY_CANDIDATES.tsv:d0628157dfbf27b37518ac4e9be0eff8402eba03f6606027a8d265a27c77bc9b
ImperialTomb	d0acb54fb45f64c750753b3fcfd7ec07489674aec3197c13bb9676815d6386f4	UNPROVEN						z:-4072:-3772		NOT_PROBED_CLOSED	BLOCKED	NATIVE_ENTRANCE_PATH_UNPROVEN	0	territory:-4072:-3772:177583,-81446|178337,-81443|178350,-80638|177570,-80645	godard14_2515_10	data/spawns/Goddard/ImperialTomb.xml|TOPOLOGY_CANDIDATES.tsv:d0acb54fb45f64c750753b3fcfd7ec07489674aec3197c13bb9676815d6386f4
TowerOfInsolence	d0b63b05f9bc023f251bd17ad80fdca0503c795cdb6e0d0aa828a65d911ca60a	UNPROVEN						z:-676:-476		NOT_PROBED_CLOSED	BLOCKED	NATIVE_ENTRANCE_PATH_UNPROVEN	0	territory:-676:-476:114312,16372|114888,16368|115040,16736|114012,16508	aden36_2318_12	data/spawns/Aden/TowerOfInsolence.xml|TOPOLOGY_CANDIDATES.tsv:d0b63b05f9bc023f251bd17ad80fdca0503c795cdb6e0d0aa828a65d911ca60a
TowerOfInsolence	d0f8724d210c1d8272a60fd370b61321c8c117d355c07f45d9d13a058456d7c5	UNPROVEN						z:5956:6156		NOT_PROBED_CLOSED	BLOCKED	NATIVE_ENTRANCE_PATH_UNPROVEN	0	territory:5956:6156:113542,17815|114192,18096|114023,18859|113110,18465	aden28_2318_11	data/spawns/Aden/TowerOfInsolence.xml|TOPOLOGY_CANDIDATES.tsv:d0f8724d210c1d8272a60fd370b61321c8c117d355c07f45d9d13a058456d7c5
DevilsIsle	d11d2a30ca183a08744a7a92dbf9f5113b10bfba8206f58f4942b991153ad936	UNPROVEN						z:-3780:-3580		NOT_PROBED_CLOSED	BLOCKED	NATIVE_ENTRANCE_PATH_UNPROVEN	0	territory:-3780:-3580:49427,209611|50885,209630|50885,211183|49135,211181	giran08_2124_018	data/spawns/Giran/DevilsIsle.xml|TOPOLOGY_CANDIDATES.tsv:d11d2a30ca183a08744a7a92dbf9f5113b10bfba8206f58f4942b991153ad936
NecropolisOfTheSaints	d13dd7471980b9a8221b3eeb056ea93f660097260879f39bca610307789ab473	UNPROVEN						z:-5472:-5272		NOT_PROBED_CLOSED	BLOCKED	NATIVE_ENTRANCE_PATH_UNPROVEN	0	territory:-5472:-5272:92152,217908|94032,217936|94028,218560|92140,218560	ssq08_2224_ssq20	data/spawns/Catacombs/NecropolisOfTheSaints.xml|TOPOLOGY_CANDIDATES.tsv:d13dd7471980b9a8221b3eeb056ea93f660097260879f39bca610307789ab473
CatacombOfTheHeretic	d23410a80df3f79b504497bbc648d0b97bb3976ce9b395a8107d00beeceb8bc0	UNPROVEN						z:-7946:-7796		NOT_PROBED_CLOSED	BLOCKED	NATIVE_ENTRANCE_PATH_UNPROVEN	0	territory:-7946:-7796:-53165,-240271|-52537,-240269|-52543,-239667|-53159,-239672	ssq06_2122_ssq12	data/spawns/Catacombs/CatacombOfTheHeretic.xml|TOPOLOGY_CANDIDATES.tsv:d23410a80df3f79b504497bbc648d0b97bb3976ce9b395a8107d00beeceb8bc0
TowerOfInsolence	d2bc674eb203ec3e045d2948a4f93b064fce2b434317deec15762a805228ed7c	UNPROVEN						z:4940:5140		NOT_PROBED_CLOSED	BLOCKED	NATIVE_ENTRANCE_PATH_UNPROVEN	0	territory:4940:5140:113200,14904|114336,16040|113140,17208|112844,16440|112844,15724	aden41_2318_p01	data/spawns/Aden/TowerOfInsolence.xml|TOPOLOGY_CANDIDATES.tsv:d2bc674eb203ec3e045d2948a4f93b064fce2b434317deec15762a805228ed7c
NecropolisOfTheSaints	d2d1d69cf3ffd49a2fdde6751f5677d30043d28a3d9d69d71e214983325a68f4	UNPROVEN						z:-5472:-5272		NOT_PROBED_CLOSED	BLOCKED	NATIVE_ENTRANCE_PATH_UNPROVEN	0	territory:-5472:-5272:85176,211004|85860,211008|85848,212932|85160,212917	ssq08_2224_ssq03	data/spawns/Catacombs/NecropolisOfTheSaints.xml|TOPOLOGY_CANDIDATES.tsv:d2d1d69cf3ffd49a2fdde6751f5677d30043d28a3d9d69d71e214983325a68f4
IvoryTower	d3061c6a2f46433e1f69cd799a08ea41f4d523d5d8dad5f9da541e22d5a991a6	UNPROVEN						z:-5400:-5100		NOT_PROBED_CLOSED	BLOCKED	NATIVE_ENTRANCE_PATH_UNPROVEN	0	territory:-5400:-5100:85980,10492|89420,11424|89652,13040|87664,14836|85692,13784	oren29_2218_23	data/spawns/Oren/IvoryTower.xml|TOPOLOGY_CANDIDATES.tsv:d3061c6a2f46433e1f69cd799a08ea41f4d523d5d8dad5f9da541e22d5a991a6
NecropolisOfTheDisciples	d3199fa6b595a10717fa474059d4ef0703adc8b3c80f247468ba4369dd67445f	UNPROVEN						z:-4932:-4732		NOT_PROBED_CLOSED	BLOCKED	NATIVE_ENTRANCE_PATH_UNPROVEN	0	territory:-4932:-4732:178983,-14113|179636,-14113|179636,-12647|178983,-12647	ssq14_2517_ssq11	data/spawns/Catacombs/NecropolisOfTheDisciples.xml|TOPOLOGY_CANDIDATES.tsv:d3199fa6b595a10717fa474059d4ef0703adc8b3c80f247468ba4369dd67445f
NecropolisOfSacrifice	d4073cf3c220895dec6ded9ed8bd950f62a4d05d390bd3ce18d21772ef81b337	UNPROVEN						z:-5120:-4970		NOT_PROBED_CLOSED	BLOCKED	NATIVE_ENTRANCE_PATH_UNPROVEN	0	territory:-5120:-4970:-46234,212833|-44847,212827|-44851,213440|-46230,213458	ssq01_1824_ssq08	data/spawns/Catacombs/NecropolisOfSacrifice.xml|TOPOLOGY_CANDIDATES.tsv:d4073cf3c220895dec6ded9ed8bd950f62a4d05d390bd3ce18d21772ef81b337
NecropolisOfSacrifice	d5041f3a3148fe12be60e328f52bdfc078cea8f945e41ccccc763e37e1a75f2d	UNPROVEN						z:-5121:-4971		NOT_PROBED_CLOSED	BLOCKED	NATIVE_ENTRANCE_PATH_UNPROVEN	0	territory:-5121:-4971:-42645,218212|-41261,218207|-41257,218868|-42640,218880	ssq01_1824_ssq15	data/spawns/Catacombs/NecropolisOfSacrifice.xml|TOPOLOGY_CANDIDATES.tsv:d5041f3a3148fe12be60e328f52bdfc078cea8f945e41ccccc763e37e1a75f2d
NecropolisOfMartyrdom	d550246a389c6f43379d2036f15211c22a3a85c10b2c00986e000e4ffc4af926	UNPROVEN						z:-4872:-4672		NOT_PROBED_CLOSED	BLOCKED	NATIVE_ENTRANCE_PATH_UNPROVEN	0	territory:-4872:-4672:126724,132508|127436,132500|127396,133864|126736,133856	ssq10_2322_ssq15	data/spawns/Catacombs/NecropolisOfMartyrdom.xml|TOPOLOGY_CANDIDATES.tsv:d550246a389c6f43379d2036f15211c22a3a85c10b2c00986e000e4ffc4af926
NecropolisOfTheDisciples	d56cedfa3cc2bbeac7f7c4615a0af014d1c6045344121c74562a2ee4d6677c66	UNPROVEN						z:-4936:-4736		NOT_PROBED_CLOSED	BLOCKED	NATIVE_ENTRANCE_PATH_UNPROVEN	0	territory:-4936:-4736:176933,-7645|177596,-7640|177596,-7024|176933,-7029	ssq14_2517_ssq26	data/spawns/Catacombs/NecropolisOfTheDisciples.xml|TOPOLOGY_CANDIDATES.tsv:d56cedfa3cc2bbeac7f7c4615a0af014d1c6045344121c74562a2ee4d6677c66
IvoryTower	d5b4aace46a13bf5c66b49a562eecffc1c91c755a4f31a1b40394e7c82560172	UNPROVEN						z:-3684:-3284		NOT_PROBED_CLOSED	BLOCKED	NATIVE_ENTRANCE_PATH_UNPROVEN	0	territory:-3684:-3284:93096,19640|93488,22340|92056,23380|91340,21996	oren30_2218_07s	data/spawns/Oren/IvoryTower.xml|TOPOLOGY_CANDIDATES.tsv:d5b4aace46a13bf5c66b49a562eecffc1c91c755a4f31a1b40394e7c82560172
NecropolisOfSacrifice	d63bf243e2e507045eaa3c694c4938ad6dab9eb376cbe5980b3d81c334f903c1	UNPROVEN						z:-5128:-4978		NOT_PROBED_CLOSED	BLOCKED	NATIVE_ENTRANCE_PATH_UNPROVEN	0	territory:-5128:-4978:-51029,216645|-50387,216637|-50395,217240|-51029,217233	ssq01_1824_ssq27	data/spawns/Catacombs/NecropolisOfSacrifice.xml|TOPOLOGY_CANDIDATES.tsv:d63bf243e2e507045eaa3c694c4938ad6dab9eb376cbe5980b3d81c334f903c1
NecropolisOfWorship	d63d69956c2aaccdfe831b77c17690dd7b4866865aabdf6e9893316c0a61a728	UNPROVEN						z:-5472:-5272		NOT_PROBED_CLOSED	BLOCKED	NATIVE_ENTRANCE_PATH_UNPROVEN	0	territory:-5472:-5272:119693,179337|120321,179337|120321,180832|119693,180832	ssq09_2323_ssq21	data/spawns/Catacombs/NecropolisOfWorship.xml|TOPOLOGY_CANDIDATES.tsv:d63d69956c2aaccdfe831b77c17690dd7b4866865aabdf6e9893316c0a61a728
NecropolisOfMartyrdom	d6e14d0aa209ccea45b0d1e2c4b9feeae9876b2b6874be9878326f1a9ee419a8	UNPROVEN						z:-4860:-4660		NOT_PROBED_CLOSED	BLOCKED	NATIVE_ENTRANCE_PATH_UNPROVEN	0	territory:-4860:-4660:124046,133401|125406,133433|125422,134105|124058,134073	ssq10_2322_ssq13	data/spawns/Catacombs/NecropolisOfMartyrdom.xml|TOPOLOGY_CANDIDATES.tsv:d6e14d0aa209ccea45b0d1e2c4b9feeae9876b2b6874be9878326f1a9ee419a8
IvoryTower	d7439646ef4c7b5864738bb88f6425a0a35b6f5827ece8f9229de9f9a076a54c	UNPROVEN						z:-5343:-5143		NOT_PROBED_CLOSED	BLOCKED	NATIVE_ENTRANCE_PATH_UNPROVEN	0	territory:-5343:-5143:82402,10252|84925,10418|84940,10855|85801,10823|85857,12677|84859,12656|84879,13557|81376,14063	oren29_2218_24	data/spawns/Oren/IvoryTower.xml|TOPOLOGY_CANDIDATES.tsv:d7439646ef4c7b5864738bb88f6425a0a35b6f5827ece8f9229de9f9a076a54c
CatacombOfDarkOmens	d769c34b3fada55ab7005c5f3336bd95b54edefa23a0b23fe99b7ed8ddf22186	UNPROVEN						z:-4932:-4732		NOT_PROBED_CLOSED	BLOCKED	NATIVE_ENTRANCE_PATH_UNPROVEN	0	territory:-4932:-4732:-10716,22476|-10044,22480|-10064,23832|-10716,23852	ssq03_1918_ssq28	data/spawns/Catacombs/CatacombOfDarkOmens.xml|TOPOLOGY_CANDIDATES.tsv:d769c34b3fada55ab7005c5f3336bd95b54edefa23a0b23fe99b7ed8ddf22186
IvoryTower	d81dc06dc0a72225664b7ae4009c3ed32f4c71e97814452e9c0176b9ced7ff8a	UNPROVEN						z:-3652:-2952		NOT_PROBED_CLOSED	BLOCKED	NATIVE_ENTRANCE_PATH_UNPROVEN	0	territory:-3652:-2952:88504,6496|91808,5960|91436,8904|85928,8792|85788,8064	oren30_2218_20	data/spawns/Oren/IvoryTower.xml|TOPOLOGY_CANDIDATES.tsv:d81dc06dc0a72225664b7ae4009c3ed32f4c71e97814452e9c0176b9ced7ff8a
CatacombOfDarkOmens	d8b1462dc0bd83a6da563d9b632914eca0b8c5c71ea1f23875f25380ba7e04f6	UNPROVEN						z:-4944:-4744		NOT_PROBED_CLOSED	BLOCKED	NATIVE_ENTRANCE_PATH_UNPROVEN	0	territory:-4944:-4744:-13692,23488|-13092,23488|-13080,24132|-13684,24136	ssq03_1918_ssq27	data/spawns/Catacombs/CatacombOfDarkOmens.xml|TOPOLOGY_CANDIDATES.tsv:d8b1462dc0bd83a6da563d9b632914eca0b8c5c71ea1f23875f25380ba7e04f6
IvoryTower	da6487ed57902620b752e2d06954ed2091323be022c07260a908ab252cc246b3	UNPROVEN						z:-3760:-3460		NOT_PROBED_CLOSED	BLOCKED	NATIVE_ENTRANCE_PATH_UNPROVEN	0	territory:-3760:-3460:85748,24320|91192,23184|91656,25812|85548,26744	oren30_2218_10	data/spawns/Oren/IvoryTower.xml|TOPOLOGY_CANDIDATES.tsv:da6487ed57902620b752e2d06954ed2091323be022c07260a908ab252cc246b3
DevilsIsle	dad828b80defa2994537f4a4fd0fac61605cc7634efeb982a005fc0292f4a96b	UNPROVEN						z:-2492:-2292		NOT_PROBED_CLOSED	BLOCKED	NATIVE_ENTRANCE_PATH_UNPROVEN	0	territory:-2492:-2292:54847,210380|55238,210370|55238,210714|54847,210714	giran08_2124_087	data/spawns/Giran/DevilsIsle.xml|TOPOLOGY_CANDIDATES.tsv:dad828b80defa2994537f4a4fd0fac61605cc7634efeb982a005fc0292f4a96b
NecropolisOfThePatriots	db63466cbab9d2fdd5ade11453c84172e5048d13d7a357399e5b93a0a0d64689	UNPROVEN						z:-5209:-5059		NOT_PROBED_CLOSED	BLOCKED	NATIVE_ENTRANCE_PATH_UNPROVEN	0	territory:-5209:-5059:-18194,83901|-17602,83894|-17601,84548|-18197,84546	ssq03_1920_ssq33	data/spawns/Catacombs/NecropolisOfThePatriots.xml|TOPOLOGY_CANDIDATES.tsv:db63466cbab9d2fdd5ade11453c84172e5048d13d7a357399e5b93a0a0d64689
NecropolisOfWorship	db8443af0c7935ae665ab0114f5395993f394eb6846a445670ba8d0976f8451f	UNPROVEN						z:-5480:-5280		NOT_PROBED_CLOSED	BLOCKED	NATIVE_ENTRANCE_PATH_UNPROVEN	0	territory:-5480:-5280:119065,175764|119701,175764|119701,177746|119065,177746	ssq09_2323_ssq13	data/spawns/Catacombs/NecropolisOfWorship.xml|TOPOLOGY_CANDIDATES.tsv:db8443af0c7935ae665ab0114f5395993f394eb6846a445670ba8d0976f8451f
NecropolisOfSacrifice	dbaaf975e67cad82fb5b78543f955c98d5d8c36fd21b510065b68b803cc14001	UNPROVEN						z:-5120:-4970		NOT_PROBED_CLOSED	BLOCKED	NATIVE_ENTRANCE_PATH_UNPROVEN	0	territory:-5120:-4970:-46487,220127|-45855,220133|-45849,220736|-46496,220732	ssq01_1824_ssq18	data/spawns/Catacombs/NecropolisOfSacrifice.xml|TOPOLOGY_CANDIDATES.tsv:dbaaf975e67cad82fb5b78543f955c98d5d8c36fd21b510065b68b803cc14001
DevilsIsle	dbb270207b4530672de64be595047960ccc156bca0b2cb30d48d2d2812593e7e	UNPROVEN						z:-3660:-3460		NOT_PROBED_CLOSED	BLOCKED	NATIVE_ENTRANCE_PATH_UNPROVEN	0	territory:-3660:-3460:45213,219877|45834,220143|45834,220842|44626,220897|44372,220729|44451,220042	giran08_2124_051	data/spawns/Giran/DevilsIsle.xml|TOPOLOGY_CANDIDATES.tsv:dbb270207b4530672de64be595047960ccc156bca0b2cb30d48d2d2812593e7e
CatacombOfTheWitch	dc05eb4356c6746aa1fc04007916a2ba3378e9120eecb418dcb381c89805bc87	UNPROVEN						z:-5464:-5264		NOT_PROBED_CLOSED	BLOCKED	NATIVE_ENTRANCE_PATH_UNPROVEN	0	territory:-5464:-5264:145094,83939|145707,83939|145707,84576|145094,84576	ssq13_2420_ssq09	data/spawns/Catacombs/CatacombOfTheWitch.xml|TOPOLOGY_CANDIDATES.tsv:dc05eb4356c6746aa1fc04007916a2ba3378e9120eecb418dcb381c89805bc87
NecropolisOfThePilgrims	dc745992c70c9e68e28db5e437e6b870f6686c90da3112803e1a9d29ea9723fb	UNPROVEN						z:-5453:-5303		NOT_PROBED_CLOSED	BLOCKED	NATIVE_ENTRANCE_PATH_UNPROVEN	0	territory:-5453:-5303:55223,114711|55887,114712|55873,116046|55232,116049	ssq07_2121_ssq22	data/spawns/Catacombs/NecropolisOfThePilgrims.xml|TOPOLOGY_CANDIDATES.tsv:dc745992c70c9e68e28db5e437e6b870f6686c90da3112803e1a9d29ea9723fb
CatacombOfTheWitch	dcda17343118d6e43aa6d3d4bff4b5068325587dd249dc26f270f28e6c1d6da5	UNPROVEN						z:-5464:-5264		NOT_PROBED_CLOSED	BLOCKED	NATIVE_ENTRANCE_PATH_UNPROVEN	0	territory:-5464:-5264:146167,89642|146780,89642|146780,90279|146167,90279	ssq13_2420_ssq36	data/spawns/Catacombs/CatacombOfTheWitch.xml|TOPOLOGY_CANDIDATES.tsv:dcda17343118d6e43aa6d3d4bff4b5068325587dd249dc26f270f28e6c1d6da5
NecropolisOfThePilgrims	dd57615c82dfa48d972393090a559dbacf590bd2af2696e3c3dcbfbb6496c4bb	UNPROVEN						z:-5446:-5296		NOT_PROBED_CLOSED	BLOCKED	NATIVE_ENTRANCE_PATH_UNPROVEN	0	territory:-5446:-5296:51584,122480|52229,122484|52213,123827|51594,123820	ssq07_2121_ssq15	data/spawns/Catacombs/NecropolisOfThePilgrims.xml|TOPOLOGY_CANDIDATES.tsv:dd57615c82dfa48d972393090a559dbacf590bd2af2696e3c3dcbfbb6496c4bb
IvoryTower	dd5d7f7ccf6765b6d39befc0feeed15e243535479cfc22640fc9e20eb639685b	UNPROVEN						z:-3564:-3064		NOT_PROBED_CLOSED	BLOCKED	NATIVE_ENTRANCE_PATH_UNPROVEN	0	territory:-3564:-3064:76964,5248|78868,6520|78084,9956|75384,7524	oren30_2218_17s	data/spawns/Oren/IvoryTower.xml|TOPOLOGY_CANDIDATES.tsv:dd5d7f7ccf6765b6d39befc0feeed15e243535479cfc22640fc9e20eb639685b
CatacombOfTheWitch	dec22513bf13a8f919d59d678199b8644de11221475c1d4eea33e7b837932972	UNPROVEN						z:-5476:-5276		NOT_PROBED_CLOSED	BLOCKED	NATIVE_ENTRANCE_PATH_UNPROVEN	0	territory:-5476:-5276:148876,79360|149515,79360|149515,80819|148876,80819	ssq13_2420_ssq11	data/spawns/Catacombs/CatacombOfTheWitch.xml|TOPOLOGY_CANDIDATES.tsv:dec22513bf13a8f919d59d678199b8644de11221475c1d4eea33e7b837932972
NecropolisOfTheDisciples	def3994e0a94d5db4b6c3466afc397d96a14562142a4be920b490970ae1fc9a8	UNPROVEN						z:-4936:-4736		NOT_PROBED_CLOSED	BLOCKED	NATIVE_ENTRANCE_PATH_UNPROVEN	0	territory:-4936:-4736:180016,-7630|181479,-7630|181479,-6933|180016,-6933	ssq14_2517_ssq33	data/spawns/Catacombs/NecropolisOfTheDisciples.xml|TOPOLOGY_CANDIDATES.tsv:def3994e0a94d5db4b6c3466afc397d96a14562142a4be920b490970ae1fc9a8
IvoryTower	df39dd4d43c4a41d96b7e0208df83c991ea0f109b37f56f9f88b32cbd6f579fb	UNPROVEN						z:-3052:-2852		NOT_PROBED_CLOSED	BLOCKED	NATIVE_ENTRANCE_PATH_UNPROVEN	0	territory:-3052:-2852:81272,2980|82572,2668|83236,4192|81148,5396	oren30_2218_18s	data/spawns/Oren/IvoryTower.xml|TOPOLOGY_CANDIDATES.tsv:df39dd4d43c4a41d96b7e0208df83c991ea0f109b37f56f9f88b32cbd6f579fb
NecropolisOfWorship	df5e1795cb488ec6e8fbd8e64b11d272baf94be8182a631bbb7567fea4aa4969	UNPROVEN						z:-5472:-5272		NOT_PROBED_CLOSED	BLOCKED	NATIVE_ENTRANCE_PATH_UNPROVEN	0	territory:-5472:-5272:118071,173673|118723,173673|118723,174325|118071,174325	ssq09_2323_ssq12	data/spawns/Catacombs/NecropolisOfWorship.xml|TOPOLOGY_CANDIDATES.tsv:df5e1795cb488ec6e8fbd8e64b11d272baf94be8182a631bbb7567fea4aa4969
CatacombOfTheHeretic	dfcac57c4795218ba5a38a146b3d4639cdf79dad75bedfb31ed2c431d7725f2e	UNPROVEN						z:-7945:-7795		NOT_PROBED_CLOSED	BLOCKED	NATIVE_ENTRANCE_PATH_UNPROVEN	0	territory:-7945:-7795:-42866,-250576|-42225,-250568|-42225,-249971|-42863,-249969	ssq06_2122_ssq31	data/spawns/Catacombs/CatacombOfTheHeretic.xml|TOPOLOGY_CANDIDATES.tsv:dfcac57c4795218ba5a38a146b3d4639cdf79dad75bedfb31ed2c431d7725f2e
CatacombOfTheBranded	e01ea1475687892b690c0ee70aa3dba6c67869b2307e426401ce9544d24eb6bf	UNPROVEN						z:-4992:-4842		NOT_PROBED_CLOSED	BLOCKED	NATIVE_ENTRANCE_PATH_UNPROVEN	0	territory:-4992:-4842:50888,169989|51476,169981|51474,170622|50884,170617	ssq05_2123_ssq03	data/spawns/Catacombs/CatacombOfTheBranded.xml|TOPOLOGY_CANDIDATES.tsv:e01ea1475687892b690c0ee70aa3dba6c67869b2307e426401ce9544d24eb6bf
NecropolisOfThePatriots	e039eaed99e3355f48def08b07f91e7066ad21b29ad5a9d52c425bf0ab161e86	UNPROVEN						z:-5207:-5057		NOT_PROBED_CLOSED	BLOCKED	NATIVE_ENTRANCE_PATH_UNPROVEN	0	territory:-5207:-5057:-17084,87357|-16484,87357|-16486,87997|-17089,87997	ssq03_1920_ssq27	data/spawns/Catacombs/NecropolisOfThePatriots.xml|TOPOLOGY_CANDIDATES.tsv:e039eaed99e3355f48def08b07f91e7066ad21b29ad5a9d52c425bf0ab161e86
CatacombOfTheForbiddenPath	e0b3b8efa6142ad0d6fe0ba8c4cd2f249ceaef6aff291a80ecb185f106d272b9	UNPROVEN						z:-9612:-9412		NOT_PROBED_CLOSED	BLOCKED	NATIVE_ENTRANCE_PATH_UNPROVEN	0	territory:-9612:-9412:22937,-244218|23533,-244202|23533,-243570|22941,-243558	ssq12_2320_ssq17	data/spawns/Catacombs/CatacombOfTheForbiddenPath.xml|TOPOLOGY_CANDIDATES.tsv:e0b3b8efa6142ad0d6fe0ba8c4cd2f249ceaef6aff291a80ecb185f106d272b9
DevilsIsle	e10f1a2e01f362b2d97892f669543d5569aac52b9e6c11a27325b0e4c233b459	UNPROVEN						z:-3748:-3548		NOT_PROBED_CLOSED	BLOCKED	NATIVE_ENTRANCE_PATH_UNPROVEN	0	territory:-3748:-3548:43898,212426|44276,212318|44575,212458|44515,212667|43891,212680	giran08_2124_033	data/spawns/Giran/DevilsIsle.xml|TOPOLOGY_CANDIDATES.tsv:e10f1a2e01f362b2d97892f669543d5569aac52b9e6c11a27325b0e4c233b459
CatacombOfTheApostate	e136e59f166960ab1e3c9fc415b7df623983cdbbf4cdc879dd3fa233b7b1a8fb	UNPROVEN						z:-8201:-8051		NOT_PROBED_CLOSED	BLOCKED	NATIVE_ENTRANCE_PATH_UNPROVEN	0	territory:-8201:-8051:-13024,-250960|-12350,-250960|-12350,-249117|-13025,-249115	ssq11_2220_ssq35	data/spawns/Catacombs/CatacombOfTheApostate.xml|TOPOLOGY_CANDIDATES.tsv:e136e59f166960ab1e3c9fc415b7df623983cdbbf4cdc879dd3fa233b7b1a8fb
CatacombOfTheWitch	e184ed4a4a40241dc73ce2ac264eb51d838681cbeceabffecb1d616dc32b6f40	UNPROVEN						z:-5464:-5264		NOT_PROBED_CLOSED	BLOCKED	NATIVE_ENTRANCE_PATH_UNPROVEN	0	territory:-5464:-5264:146171,79359|146784,79359|146784,79996|146171,79996	ssq13_2420_ssq10	data/spawns/Catacombs/CatacombOfTheWitch.xml|TOPOLOGY_CANDIDATES.tsv:e184ed4a4a40241dc73ce2ac264eb51d838681cbeceabffecb1d616dc32b6f40
ImperialTomb	e1f713cd1471a176f5fb632d686a3e55bd626f8a1180d5eed57ed3736e81d610	UNPROVEN						z:-4715:-4415		NOT_PROBED_CLOSED	BLOCKED	NATIVE_ENTRANCE_PATH_UNPROVEN	0	territory:-4715:-4415:180439,-81438|181196,-81441|181202,-80595|180441,-80597	godard14_2515_11	data/spawns/Goddard/ImperialTomb.xml|TOPOLOGY_CANDIDATES.tsv:e1f713cd1471a176f5fb632d686a3e55bd626f8a1180d5eed57ed3736e81d610
DevilsIsle	e20d55d2d2c4588c8a08d2ff32b7c879a7df36ec6b2b367cb23b8c97beca8e0a	UNPROVEN						z:-3968:-3768		NOT_PROBED_CLOSED	BLOCKED	NATIVE_ENTRANCE_PATH_UNPROVEN	0	territory:-3968:-3768:44775,216905|45752,216795|45793,217258|45565,217383|44778,217394	giran08_2124_046	data/spawns/Giran/DevilsIsle.xml|TOPOLOGY_CANDIDATES.tsv:e20d55d2d2c4588c8a08d2ff32b7c879a7df36ec6b2b367cb23b8c97beca8e0a
TowerOfInsolence	e2b6adc79412bda9e5aa245ac1c38ba4fb0c10c888aeb23f82f4ffc78e4667d6	UNPROVEN						z:6965:7165		NOT_PROBED_CLOSED	BLOCKED	NATIVE_ENTRANCE_PATH_UNPROVEN	0	territory:6965:7165:114453,17147|115096,17795|114505,18378|113553,18097	aden29_2318_p02	data/spawns/Aden/TowerOfInsolence.xml|TOPOLOGY_CANDIDATES.tsv:e2b6adc79412bda9e5aa245ac1c38ba4fb0c10c888aeb23f82f4ffc78e4667d6
NecropolisOfThePilgrims	e31904cfc982921fd1bba3c06e4284eb61f9305d2928ae14468e82bfaca3b837	UNPROVEN						z:-5448:-5298		NOT_PROBED_CLOSED	BLOCKED	NATIVE_ENTRANCE_PATH_UNPROVEN	0	territory:-5448:-5298:50632,118630|51269,118626|51268,119224|50629,119228	ssq07_2121_ssq12	data/spawns/Catacombs/NecropolisOfThePilgrims.xml|TOPOLOGY_CANDIDATES.tsv:e31904cfc982921fd1bba3c06e4284eb61f9305d2928ae14468e82bfaca3b837
NecropolisOfThePilgrims	e333efc3257a9126db47f4948d6a4e79b507b78b66bdc5f18afdf9e5ddc769bf	UNPROVEN						z:-5455:-5305		NOT_PROBED_CLOSED	BLOCKED	NATIVE_ENTRANCE_PATH_UNPROVEN	0	territory:-5455:-5305:47660,121325|49020,121314|49008,121978|47659,121974	ssq07_2121_ssq09	data/spawns/Catacombs/NecropolisOfThePilgrims.xml|TOPOLOGY_CANDIDATES.tsv:e333efc3257a9126db47f4948d6a4e79b507b78b66bdc5f18afdf9e5ddc769bf
NecropolisOfThePatriots	e3353ff868d2c7ea0752f913ade326509ad4d436d5a222f4db28fde325478e78	UNPROVEN						z:-5184:-5034		NOT_PROBED_CLOSED	BLOCKED	NATIVE_ENTRANCE_PATH_UNPROVEN	0	territory:-5184:-5034:-18994,78247|-18345,78250|-18352,79525|-18994,79523	ssq03_1920_ssq08	data/spawns/Catacombs/NecropolisOfThePatriots.xml|TOPOLOGY_CANDIDATES.tsv:e3353ff868d2c7ea0752f913ade326509ad4d436d5a222f4db28fde325478e78
CatacombOfTheApostate	e392be820532e1a36ef8d550614a58ccfe16e1d3bfa66c585fc66247f557f263	UNPROVEN						z:-8199:-8049		NOT_PROBED_CLOSED	BLOCKED	NATIVE_ENTRANCE_PATH_UNPROVEN	0	territory:-8199:-8049:-10212,-243181|-9596,-243180|-9598,-241809|-10217,-241807	ssq11_2220_ssq25	data/spawns/Catacombs/CatacombOfTheApostate.xml|TOPOLOGY_CANDIDATES.tsv:e392be820532e1a36ef8d550614a58ccfe16e1d3bfa66c585fc66247f557f263
DevilsIsle	e39d7e1d3993532559223e574d2cda9163661478cf146a67c50d04f848a9bca3	UNPROVEN						z:-3800:-3600		NOT_PROBED_CLOSED	BLOCKED	NATIVE_ENTRANCE_PATH_UNPROVEN	0	territory:-3800:-3600:53067,206478|54472,206453|54498,207025|53054,206973	giran08_2124_023	data/spawns/Giran/DevilsIsle.xml|TOPOLOGY_CANDIDATES.tsv:e39d7e1d3993532559223e574d2cda9163661478cf146a67c50d04f848a9bca3
NecropolisOfTheDisciples	e3c63a9803e278d9745c5330710047e64b86096db0a43fc358443dbc42f1793c	UNPROVEN						z:-4932:-4732		NOT_PROBED_CLOSED	BLOCKED	NATIVE_ENTRANCE_PATH_UNPROVEN	0	territory:-4932:-4732:172320,-10196|172972,-10196|172972,-8730|172320,-8730	ssq14_2517_ssq22	data/spawns/Catacombs/NecropolisOfTheDisciples.xml|TOPOLOGY_CANDIDATES.tsv:e3c63a9803e278d9745c5330710047e64b86096db0a43fc358443dbc42f1793c
CatacombOfTheBranded	e4c1f8160d3a094af6f75562dd28e69ea614bd7ed2df5adadc584f78b394a82f	UNPROVEN						z:-5017:-4867		NOT_PROBED_CLOSED	BLOCKED	NATIVE_ENTRANCE_PATH_UNPROVEN	0	territory:-5017:-4867:56570,178210|57190,178209|57191,179551|56568,179557	ssq05_2123_ssq24	data/spawns/Catacombs/CatacombOfTheBranded.xml|TOPOLOGY_CANDIDATES.tsv:e4c1f8160d3a094af6f75562dd28e69ea614bd7ed2df5adadc584f78b394a82f
CatacombOfTheBranded	e503c58a44e7952104bc7df8af122c1c313aba70cf6e0cd316d121fc8d106218	UNPROVEN						z:-5016:-4866		NOT_PROBED_CLOSED	BLOCKED	NATIVE_ENTRANCE_PATH_UNPROVEN	0	territory:-5016:-4866:51940,175694|52611,175691|52607,176307|51943,176300	ssq05_2123_ssq29	data/spawns/Catacombs/CatacombOfTheBranded.xml|TOPOLOGY_CANDIDATES.tsv:e503c58a44e7952104bc7df8af122c1c313aba70cf6e0cd316d121fc8d106218
CatacombOfTheBranded	e515215941a45b1efb5938508744b1722d205de959c81afec7c1577b7d09fa4a	UNPROVEN						z:-5013:-4863		NOT_PROBED_CLOSED	BLOCKED	NATIVE_ENTRANCE_PATH_UNPROVEN	0	territory:-5013:-4863:51959,172036|52570,172033|52575,173382|51944,173394	ssq05_2123_ssq35	data/spawns/Catacombs/CatacombOfTheBranded.xml|TOPOLOGY_CANDIDATES.tsv:e515215941a45b1efb5938508744b1722d205de959c81afec7c1577b7d09fa4a
DevilsIsle	e58074c0aa57c35f3102d656a580833d5da7a4659ca9aa9bc800a6cf36eb1545	UNPROVEN						z:-4684:-4334		NOT_PROBED_CLOSED	BLOCKED	NATIVE_ENTRANCE_PATH_UNPROVEN	0	territory:-4684:-4334:41406,200402|41896,200319|42041,200457|42028,200913|41642,200771	giran08_2124_004	data/spawns/Giran/DevilsIsle.xml|TOPOLOGY_CANDIDATES.tsv:e58074c0aa57c35f3102d656a580833d5da7a4659ca9aa9bc800a6cf36eb1545
CatacombOfTheApostate	e5ce541bb9ba4283dd13decb242e72b01561fbb666b8f23f2058c2d02eb7292f	UNPROVEN						z:-8200:-8050		NOT_PROBED_CLOSED	BLOCKED	NATIVE_ENTRANCE_PATH_UNPROVEN	0	territory:-8200:-8050:-10202,-240798|-9607,-240808|-9607,-240163|-10204,-240160	ssq11_2220_ssq24	data/spawns/Catacombs/CatacombOfTheApostate.xml|TOPOLOGY_CANDIDATES.tsv:e5ce541bb9ba4283dd13decb242e72b01561fbb666b8f23f2058c2d02eb7292f
DevilsIsle	e63eebe6d2e8eb9e622a464b362dcc2f0ba45de5d83afa2854c9df22a5013dff	UNPROVEN						z:-2504:-2304		NOT_PROBED_CLOSED	BLOCKED	NATIVE_ENTRANCE_PATH_UNPROVEN	0	territory:-2504:-2304:52345,209743|52846,209743|52836,210194|52345,210194	giran08_2124_080	data/spawns/Giran/DevilsIsle.xml|TOPOLOGY_CANDIDATES.tsv:e63eebe6d2e8eb9e622a464b362dcc2f0ba45de5d83afa2854c9df22a5013dff
DevilsIsle	e667f5ba6ea5fcda728a4fad75cb3957a2025bc29fda7070a0d17bc713272f9b	UNPROVEN						z:-4116:-3716		NOT_PROBED_CLOSED	BLOCKED	NATIVE_ENTRANCE_PATH_UNPROVEN	0	territory:-4116:-3716:54083,215627|56094,215643|56124,216708|54102,216687	giran08_2124_092	data/spawns/Giran/DevilsIsle.xml|TOPOLOGY_CANDIDATES.tsv:e667f5ba6ea5fcda728a4fad75cb3957a2025bc29fda7070a0d17bc713272f9b
CatacombOfTheWitch	e6c98357ce039a3d5d1bf7bec639a7ea70f650de0c699c08d397a1ee139b888e	UNPROVEN						z:-5476:-5276		NOT_PROBED_CLOSED	BLOCKED	NATIVE_ENTRANCE_PATH_UNPROVEN	0	territory:-5476:-5276:145076,81200|145716,81200|145716,82659|145076,82659	ssq13_2420_ssq06	data/spawns/Catacombs/CatacombOfTheWitch.xml|TOPOLOGY_CANDIDATES.tsv:e6c98357ce039a3d5d1bf7bec639a7ea70f650de0c699c08d397a1ee139b888e
IvoryTower	e738d4b60f3823a942515a982c86cd7b570c4980b61bf37a2ad753a2f88a8dde	UNPROVEN						z:-3784:-3384		NOT_PROBED_CLOSED	BLOCKED	NATIVE_ENTRANCE_PATH_UNPROVEN	0	territory:-3784:-3384:95148,25552|98068,25752|98080,29676|94324,29120|92608,26500	oren30_2218_08	data/spawns/Oren/IvoryTower.xml|TOPOLOGY_CANDIDATES.tsv:e738d4b60f3823a942515a982c86cd7b570c4980b61bf37a2ad753a2f88a8dde
TowerOfInsolence	e741c1e880ee994f8258f4f2e449da067cd9c7afd55cdb853dc6dc6752fc1007	UNPROVEN						z:2920:3270		NOT_PROBED_CLOSED	BLOCKED	NATIVE_ENTRANCE_PATH_UNPROVEN	0	territory:2920:3270:112993,15121|113494,15355|113304,15690|112809,15508	aden39_2318_03	data/spawns/Aden/TowerOfInsolence.xml|TOPOLOGY_CANDIDATES.tsv:e741c1e880ee994f8258f4f2e449da067cd9c7afd55cdb853dc6dc6752fc1007
DevilsIsle	e74dd9a156141e260fb4b89fcab976459e6f63e10ebf6fd06c98df6da7d53289	UNPROVEN						z:-3940:-3740		NOT_PROBED_CLOSED	BLOCKED	NATIVE_ENTRANCE_PATH_UNPROVEN	0	territory:-3940:-3740:43012,218850|43708,218850|43719,219260|43001,219260	giran08_2124_050	data/spawns/Giran/DevilsIsle.xml|TOPOLOGY_CANDIDATES.tsv:e74dd9a156141e260fb4b89fcab976459e6f63e10ebf6fd06c98df6da7d53289
TowerOfInsolence	e7f97694c0258eaf2a2045dfc78ce2382c9ff2936041c63010ed28d2b558398f	UNPROVEN						z:-3664:-3464		NOT_PROBED_CLOSED	BLOCKED	NATIVE_ENTRANCE_PATH_UNPROVEN	0	territory:-3664:-3464:113360,14132|114088,13760|114324,15004|113584,15724|112380,15556|112720,14688	aden34_2318_02	data/spawns/Aden/TowerOfInsolence.xml|TOPOLOGY_CANDIDATES.tsv:e7f97694c0258eaf2a2045dfc78ce2382c9ff2936041c63010ed28d2b558398f
NecropolisOfTheDisciples	e836f1fba6ede4d085c51ab828ff9dc4903d035dcaa740757cda845eb74aac59	UNPROVEN						z:-4936:-4736		NOT_PROBED_CLOSED	BLOCKED	NATIVE_ENTRANCE_PATH_UNPROVEN	0	territory:-4936:-4736:182628,-17916|183290,-17910|183290,-17294|182628,-17300	ssq14_2517_ssq14	data/spawns/Catacombs/NecropolisOfTheDisciples.xml|TOPOLOGY_CANDIDATES.tsv:e836f1fba6ede4d085c51ab828ff9dc4903d035dcaa740757cda845eb74aac59
CatacombOfTheForbiddenPath	e943b5ab1505873459a4a1bf43f2f8506264cfb2aa319fb7375fc5761fd2a72c	UNPROVEN						z:-9612:-9412		NOT_PROBED_CLOSED	BLOCKED	NATIVE_ENTRANCE_PATH_UNPROVEN	0	territory:-9612:-9412:19420,-248830|20016,-248814|20016,-248182|19424,-248170	ssq12_2320_ssq10	data/spawns/Catacombs/CatacombOfTheForbiddenPath.xml|TOPOLOGY_CANDIDATES.tsv:e943b5ab1505873459a4a1bf43f2f8506264cfb2aa319fb7375fc5761fd2a72c
NecropolisOfThePatriots	e9e1632a956118cefee2ec00b86c8ec3cf93e8ca4f14fe3e585c3d8e9c31e8fd	UNPROVEN						z:-5203:-5053		NOT_PROBED_CLOSED	BLOCKED	NATIVE_ENTRANCE_PATH_UNPROVEN	0	territory:-5203:-5053:-19149,82738|-17845,82751|-17832,83393|-19148,83393	ssq03_1920_ssq24	data/spawns/Catacombs/NecropolisOfThePatriots.xml|TOPOLOGY_CANDIDATES.tsv:e9e1632a956118cefee2ec00b86c8ec3cf93e8ca4f14fe3e585c3d8e9c31e8fd
NecropolisOfThePilgrims	ea699838ef8177dfba3d37063f4d3008dfa069aa4be9251323b0af396a11ec64	UNPROVEN						z:-5450:-5300		NOT_PROBED_CLOSED	BLOCKED	NATIVE_ENTRANCE_PATH_UNPROVEN	0	territory:-5450:-5300:50656,120516|51988,120491|51978,121147|50646,121154	ssq07_2121_ssq13	data/spawns/Catacombs/NecropolisOfThePilgrims.xml|TOPOLOGY_CANDIDATES.tsv:ea699838ef8177dfba3d37063f4d3008dfa069aa4be9251323b0af396a11ec64
IvoryTower	ea83e4c8aa662d895919dbcf6c755a130a48f677aa32a95e011154a4126cc4f1	UNPROVEN						z:-3484:-3084		NOT_PROBED_CLOSED	BLOCKED	NATIVE_ENTRANCE_PATH_UNPROVEN	0	territory:-3484:-3084:87572,7484|90528,7604|91048,8604|87888,8520	oren30_2218_20s	data/spawns/Oren/IvoryTower.xml|TOPOLOGY_CANDIDATES.tsv:ea83e4c8aa662d895919dbcf6c755a130a48f677aa32a95e011154a4126cc4f1
ImperialTomb	eb19b9fba767b54ef29e9070e90f8ae3a97599034874e6b86557c0973e831edb	UNPROVEN						z:-2770:-2470		NOT_PROBED_CLOSED	BLOCKED	NATIVE_ENTRANCE_PATH_UNPROVEN	0	territory:-2770:-2470:174679,-78607|175464,-78600|175477,-77837|174673,-77829	godard14_2515_08	data/spawns/Goddard/ImperialTomb.xml|TOPOLOGY_CANDIDATES.tsv:eb19b9fba767b54ef29e9070e90f8ae3a97599034874e6b86557c0973e831edb
CatacombOfDarkOmens	eb203284e061baee99a1777d58478e74cebcf6efb603671879607a2d09168f75	UNPROVEN						z:-4932:-4732		NOT_PROBED_CLOSED	BLOCKED	NATIVE_ENTRANCE_PATH_UNPROVEN	0	territory:-4932:-4732:-9100,15620|-8404,15632|-8429,17005|-9069,17019	ssq03_1918_ssq19	data/spawns/Catacombs/CatacombOfDarkOmens.xml|TOPOLOGY_CANDIDATES.tsv:eb203284e061baee99a1777d58478e74cebcf6efb603671879607a2d09168f75
NecropolisOfThePilgrims	eb6f8dcc53daadf710c0611dde9c67a01ddd70c5df1326dc8077e338dd7f4635	UNPROVEN						z:-5444:-5294		NOT_PROBED_CLOSED	BLOCKED	NATIVE_ENTRANCE_PATH_UNPROVEN	0	territory:-5444:-5294:52289,117521|53640,117520|53639,118161|52289,118156	ssq07_2121_ssq26	data/spawns/Catacombs/NecropolisOfThePilgrims.xml|TOPOLOGY_CANDIDATES.tsv:eb6f8dcc53daadf710c0611dde9c67a01ddd70c5df1326dc8077e338dd7f4635
CatacombOfTheBranded	eb76f9cea5c2844773fc180f67431ce9624bdeef56cbda6da27e6b8e9919bb64	UNPROVEN						z:-5016:-4866		NOT_PROBED_CLOSED	BLOCKED	NATIVE_ENTRANCE_PATH_UNPROVEN	0	territory:-5016:-4866:50891,175684|51483,175683|51484,176316|50888,176311	ssq05_2123_ssq12	data/spawns/Catacombs/CatacombOfTheBranded.xml|TOPOLOGY_CANDIDATES.tsv:eb76f9cea5c2844773fc180f67431ce9624bdeef56cbda6da27e6b8e9919bb64
NecropolisOfTheDisciples	ec304a871208105104bd8ec64a9e1b768fed420b006e1f5126e211c0b849607e	UNPROVEN						z:-4940:-4740		NOT_PROBED_CLOSED	BLOCKED	NATIVE_ENTRANCE_PATH_UNPROVEN	0	territory:-4940:-4740:180118,-16999|180805,-16999|180805,-15166|180118,-15166	ssq14_2517_ssq13	data/spawns/Catacombs/NecropolisOfTheDisciples.xml|TOPOLOGY_CANDIDATES.tsv:ec304a871208105104bd8ec64a9e1b768fed420b006e1f5126e211c0b849607e
TowerOfInsolence	ec3250071bcce17be04edec53f17c75d1aea67462237a967aaceccc7cd08c8f5	UNPROVEN						z:-684:-484		NOT_PROBED_CLOSED	BLOCKED	NATIVE_ENTRANCE_PATH_UNPROVEN	0	territory:-684:-484:115788,16344|117352,16724|117052,17388|115428,16992	aden36_2318_06	data/spawns/Aden/TowerOfInsolence.xml|TOPOLOGY_CANDIDATES.tsv:ec3250071bcce17be04edec53f17c75d1aea67462237a967aaceccc7cd08c8f5
CatacombOfDarkOmens	ec538c7fad18330ba13931691978b7c775e0ae170d5ce068fbf985c23a458112	UNPROVEN						z:-4932:-4732		NOT_PROBED_CLOSED	BLOCKED	NATIVE_ENTRANCE_PATH_UNPROVEN	0	territory:-4932:-4732:-10072,21344|-8724,21324|-8716,22000|-10064,21992	ssq03_1918_ssq23	data/spawns/Catacombs/CatacombOfDarkOmens.xml|TOPOLOGY_CANDIDATES.tsv:ec538c7fad18330ba13931691978b7c775e0ae170d5ce068fbf985c23a458112
NecropolisOfWorship	ec6d47e41ee05a7d5335691864c7d949c478c62edadb5b17574329076e37566d	UNPROVEN						z:-5472:-5272		NOT_PROBED_CLOSED	BLOCKED	NATIVE_ENTRANCE_PATH_UNPROVEN	0	territory:-5472:-5272:119055,178315|120506,178315|120506,178970|119055,178970	ssq09_2323_ssq15	data/spawns/Catacombs/NecropolisOfWorship.xml|TOPOLOGY_CANDIDATES.tsv:ec6d47e41ee05a7d5335691864c7d949c478c62edadb5b17574329076e37566d
NecropolisOfTheSaints	ecaf1084c8dbb1130b582bf41524f43b5a035e9bb84f3f2417f0aaa30966df8f	UNPROVEN						z:-5468:-5268		NOT_PROBED_CLOSED	BLOCKED	NATIVE_ENTRANCE_PATH_UNPROVEN	0	territory:-5468:-5268:93440,208896|94040,208904|94032,209544|93448,209540	ssq08_2224_ssq13	data/spawns/Catacombs/NecropolisOfTheSaints.xml|TOPOLOGY_CANDIDATES.tsv:ecaf1084c8dbb1130b582bf41524f43b5a035e9bb84f3f2417f0aaa30966df8f
NecropolisOfWorship	edbde84759d6a963e5bf26859e80c257c77bf70b29d2cc8ddceb3616f9a9c63c	UNPROVEN						z:-5472:-5272		NOT_PROBED_CLOSED	BLOCKED	NATIVE_ENTRANCE_PATH_UNPROVEN	0	territory:-5472:-5272:116952,179371|117604,179371|117604,180023|116952,180023	ssq09_2323_ssq19	data/spawns/Catacombs/NecropolisOfWorship.xml|TOPOLOGY_CANDIDATES.tsv:edbde84759d6a963e5bf26859e80c257c77bf70b29d2cc8ddceb3616f9a9c63c
CatacombOfTheForbiddenPath	ee37c43adfb8cde7dcc8d4cb00f469a2f7578e75eefaa9937b6293bf90efc5bc	UNPROVEN						z:-9612:-9412		NOT_PROBED_CLOSED	BLOCKED	NATIVE_ENTRANCE_PATH_UNPROVEN	0	territory:-9612:-9412:16253,-246366|17633,-246350|17621,-245658|16249,-245670	ssq12_2320_ssq06	data/spawns/Catacombs/CatacombOfTheForbiddenPath.xml|TOPOLOGY_CANDIDATES.tsv:ee37c43adfb8cde7dcc8d4cb00f469a2f7578e75eefaa9937b6293bf90efc5bc
TowerOfInsolence	ee7127508c6d3d4aa824832a6862603af88f4985b57f8ea0b777e50183355763	UNPROVEN						z:-680:-480		NOT_PROBED_CLOSED	BLOCKED	NATIVE_ENTRANCE_PATH_UNPROVEN	0	territory:-680:-480:115660,15348|116320,14336|116924,15488|115816,15728	aden36_2318_08	data/spawns/Aden/TowerOfInsolence.xml|TOPOLOGY_CANDIDATES.tsv:ee7127508c6d3d4aa824832a6862603af88f4985b57f8ea0b777e50183355763
TowerOfInsolence	ee88100ca74c331deca64694d2ea2a15ba38f077573cde74fd343896b2aa8869	UNPROVEN						z:5948:6148		NOT_PROBED_CLOSED	BLOCKED	NATIVE_ENTRANCE_PATH_UNPROVEN	0	territory:5948:6148:114148,13253|115136,13253|114970,14039|114339,14039	aden28_2318_08	data/spawns/Aden/TowerOfInsolence.xml|TOPOLOGY_CANDIDATES.tsv:ee88100ca74c331deca64694d2ea2a15ba38f077573cde74fd343896b2aa8869
CatacombOfTheHeretic	eec2658ea1178ff8d42a90b2419f8a57944b7f90abb1ae0a068e03bdff17f70f	UNPROVEN						z:-7942:-7792		NOT_PROBED_CLOSED	BLOCKED	NATIVE_ENTRANCE_PATH_UNPROVEN	0	territory:-7942:-7792:-53154,-245965|-52531,-245966|-52528,-245364|-53159,-245367	ssq06_2122_ssq09	data/spawns/Catacombs/CatacombOfTheHeretic.xml|TOPOLOGY_CANDIDATES.tsv:eec2658ea1178ff8d42a90b2419f8a57944b7f90abb1ae0a068e03bdff17f70f
CatacombOfDarkOmens	eef33c692705577acb29b565882efa9a00919a79e4bf20638aaa407da85dd220	UNPROVEN						z:-4932:-4732		NOT_PROBED_CLOSED	BLOCKED	NATIVE_ENTRANCE_PATH_UNPROVEN	0	territory:-4932:-4732:-9112,17828|-8452,17816|-8472,18416|-9108,18420	ssq03_1918_ssq20	data/spawns/Catacombs/CatacombOfDarkOmens.xml|TOPOLOGY_CANDIDATES.tsv:eef33c692705577acb29b565882efa9a00919a79e4bf20638aaa407da85dd220
CatacombOfTheWitch	ef106f07b09da06bd1a83ce0eaeeb211c1319537f95d3b8a97f3c164adfe46c7	UNPROVEN						z:-5464:-5264		NOT_PROBED_CLOSED	BLOCKED	NATIVE_ENTRANCE_PATH_UNPROVEN	0	territory:-5464:-5264:150776,89633|151389,89633|151389,90270|150776,90270	ssq13_2420_ssq38	data/spawns/Catacombs/CatacombOfTheWitch.xml|TOPOLOGY_CANDIDATES.tsv:ef106f07b09da06bd1a83ce0eaeeb211c1319537f95d3b8a97f3c164adfe46c7
NecropolisOfSacrifice	ef221442725a9c339d8699d521e211754b3b33ffadeff767f2f0c7a9cfbbb92e	UNPROVEN						z:-5122:-4922		NOT_PROBED_CLOSED	BLOCKED	NATIVE_ENTRANCE_PATH_UNPROVEN	0	territory:-5122:-4922:-41900,214432|-41245,214436|-41248,215036|-41902,215039	ssq01_1824_ssq04	data/spawns/Catacombs/NecropolisOfSacrifice.xml|TOPOLOGY_CANDIDATES.tsv:ef221442725a9c339d8699d521e211754b3b33ffadeff767f2f0c7a9cfbbb92e
TowerOfInsolence	ef6addf07ea8a98e78d368dd2ac8a0df50070717f442d9f664a5537cd51d62a1	UNPROVEN						z:6960:7160		NOT_PROBED_CLOSED	BLOCKED	NATIVE_ENTRANCE_PATH_UNPROVEN	0	territory:6960:7160:115977,14164|116525,14738|115551,15709|114967,15184	aden29_2318_06	data/spawns/Aden/TowerOfInsolence.xml|TOPOLOGY_CANDIDATES.tsv:ef6addf07ea8a98e78d368dd2ac8a0df50070717f442d9f664a5537cd51d62a1
CatacombOfTheHeretic	ef8af15ea4c4466e87e2f1491f1d5e4ab69425f3e606150efec38c2a0b03c161	UNPROVEN						z:-7942:-7792		NOT_PROBED_CLOSED	BLOCKED	NATIVE_ENTRANCE_PATH_UNPROVEN	0	territory:-7942:-7792:-45622,-250581|-44269,-250586|-44270,-249957|-45618,-249962	ssq06_2122_ssq33	data/spawns/Catacombs/CatacombOfTheHeretic.xml|TOPOLOGY_CANDIDATES.tsv:ef8af15ea4c4466e87e2f1491f1d5e4ab69425f3e606150efec38c2a0b03c161
TowerOfInsolence	effd2cca2ad123f46081ad1ab1f1b5b62ee9efe05ce57472cef0629213546966	UNPROVEN						z:3932:4282		NOT_PROBED_CLOSED	BLOCKED	NATIVE_ENTRANCE_PATH_UNPROVEN	0	territory:3932:4282:113987,15776|114959,15385|115356,16327|114380,16731	aden40_2318_05	data/spawns/Aden/TowerOfInsolence.xml|TOPOLOGY_CANDIDATES.tsv:effd2cca2ad123f46081ad1ab1f1b5b62ee9efe05ce57472cef0629213546966
CatacombOfTheApostate	f03c160b3903294d7d14961a0cc1204121197b73057b407408f4e6bff5c3b0e6	UNPROVEN						z:-8199:-8049		NOT_PROBED_CLOSED	BLOCKED	NATIVE_ENTRANCE_PATH_UNPROVEN	0	territory:-8199:-8049:-18727,-245279|-18045,-245275|-18048,-243428|-18722,-243430	ssq11_2220_ssq14	data/spawns/Catacombs/CatacombOfTheApostate.xml|TOPOLOGY_CANDIDATES.tsv:f03c160b3903294d7d14961a0cc1204121197b73057b407408f4e6bff5c3b0e6
CatacombOfTheWitch	f03f5bff8405d80feb31278463caa08a05677661f7876f5c91f5bd39ae270e41	UNPROVEN						z:-5464:-5264		NOT_PROBED_CLOSED	BLOCKED	NATIVE_ENTRANCE_PATH_UNPROVEN	0	territory:-5464:-5264:142874,79313|144345,79313|144345,79950|142874,79950	ssq13_2420_ssq02	data/spawns/Catacombs/CatacombOfTheWitch.xml|TOPOLOGY_CANDIDATES.tsv:f03f5bff8405d80feb31278463caa08a05677661f7876f5c91f5bd39ae270e41
NecropolisOfThePatriots	f06292775cab87b70f50243081b4468fd80b000fa422ad7f657eaa1ff91d8d47	UNPROVEN						z:-5210:-5060		NOT_PROBED_CLOSED	BLOCKED	NATIVE_ENTRANCE_PATH_UNPROVEN	0	territory:-5210:-5060:-20285,77154|-19619,77151|-19619,78964|-20282,78963	ssq03_1920_ssq07	data/spawns/Catacombs/NecropolisOfThePatriots.xml|TOPOLOGY_CANDIDATES.tsv:f06292775cab87b70f50243081b4468fd80b000fa422ad7f657eaa1ff91d8d47
NecropolisOfWorship	f0b80a7acabc51cdee30df663f1bdd581fe5ebc9f657a210e008ea78b8fcea10	UNPROVEN						z:-5472:-5272		NOT_PROBED_CLOSED	BLOCKED	NATIVE_ENTRANCE_PATH_UNPROVEN	0	territory:-5472:-5272:116991,175291|117618,175291|117618,176786|116991,176786	ssq09_2323_ssq10	data/spawns/Catacombs/NecropolisOfWorship.xml|TOPOLOGY_CANDIDATES.tsv:f0b80a7acabc51cdee30df663f1bdd581fe5ebc9f657a210e008ea78b8fcea10
NecropolisOfDevotion	f1f2986f0b88ff489e67d1b16e1e5e90e4568970eb1708d315d3382c56080a11	UNPROVEN						z:-4779:-4629		NOT_PROBED_CLOSED	BLOCKED	NATIVE_ENTRANCE_PATH_UNPROVEN	0	territory:-4779:-4629:-41916,84486|-41313,84482|-41309,85132|-41918,85123	ssq02_1820_ssq20	data/spawns/Catacombs/NecropolisOfDevotion.xml|TOPOLOGY_CANDIDATES.tsv:f1f2986f0b88ff489e67d1b16e1e5e90e4568970eb1708d315d3382c56080a11
TowerOfInsolence	f21fa626e858f6d2ac7bae98e62d544d1e250fd2e3589d5c9b0f615c45e8b714	UNPROVEN						z:-676:-476		NOT_PROBED_CLOSED	BLOCKED	NATIVE_ENTRANCE_PATH_UNPROVEN	0	territory:-676:-476:112228,14680|113692,15068|113492,15728|111944,15352	aden36_2318_02	data/spawns/Aden/TowerOfInsolence.xml|TOPOLOGY_CANDIDATES.tsv:f21fa626e858f6d2ac7bae98e62d544d1e250fd2e3589d5c9b0f615c45e8b714
NecropolisOfTheDisciples	f26788993852b94f7917b772a7ffb0ba30fa0d1f8f9156bc4e2bb2e82a90ef23	UNPROVEN						z:-4936:-4736		NOT_PROBED_CLOSED	BLOCKED	NATIVE_ENTRANCE_PATH_UNPROVEN	0	territory:-4936:-4736:180024,-13358|181487,-13358|181487,-12661|180024,-12661	ssq14_2517_ssq16	data/spawns/Catacombs/NecropolisOfTheDisciples.xml|TOPOLOGY_CANDIDATES.tsv:f26788993852b94f7917b772a7ffb0ba30fa0d1f8f9156bc4e2bb2e82a90ef23
DevilsIsle	f2bab688353fa77725ffe3cd5bee6044a08242bc0ed5aebcf3771ea7947e1b56	UNPROVEN						z:-3764:-3564		NOT_PROBED_CLOSED	BLOCKED	NATIVE_ENTRANCE_PATH_UNPROVEN	0	territory:-3764:-3564:42443,211319|42784,211446|43051,211604|42950,211716|42346,211433	giran08_2124_031	data/spawns/Giran/DevilsIsle.xml|TOPOLOGY_CANDIDATES.tsv:f2bab688353fa77725ffe3cd5bee6044a08242bc0ed5aebcf3771ea7947e1b56
CatacombOfTheWitch	f2db938438ec64243ad19691962023fd0e8d0338621dbb6767ed4cd6512886cb	UNPROVEN						z:-5464:-5264		NOT_PROBED_CLOSED	BLOCKED	NATIVE_ENTRANCE_PATH_UNPROVEN	0	territory:-5464:-5264:140443,85047|141056,85047|141056,85684|140443,85684	ssq13_2420_ssq19	data/spawns/Catacombs/CatacombOfTheWitch.xml|TOPOLOGY_CANDIDATES.tsv:f2db938438ec64243ad19691962023fd0e8d0338621dbb6767ed4cd6512886cb
NecropolisOfSacrifice	f302fa8f87350d4463c0cb19e3ee8dd1829aa200980678304214ce89e36b2efc	UNPROVEN						z:-5115:-4965		NOT_PROBED_CLOSED	BLOCKED	NATIVE_ENTRANCE_PATH_UNPROVEN	0	territory:-5115:-4965:-47580,215523|-46946,215521|-46950,216119|-47577,216123	ssq01_1824_ssq29	data/spawns/Catacombs/NecropolisOfSacrifice.xml|TOPOLOGY_CANDIDATES.tsv:f302fa8f87350d4463c0cb19e3ee8dd1829aa200980678304214ce89e36b2efc
TowerOfInsolence	f308077bf314dea85e77333e9de15c7061ede8141c0e573e07893feaf673a040	UNPROVEN						z:2956:3156		NOT_PROBED_CLOSED	BLOCKED	NATIVE_ENTRANCE_PATH_UNPROVEN	0	territory:2956:3156:113672,16116|113864,15608|114312,15368|114800,15560|115032,16092|114864,16564|114408,16792|113924,16660	aden39_2318_01	data/spawns/Aden/TowerOfInsolence.xml|TOPOLOGY_CANDIDATES.tsv:f308077bf314dea85e77333e9de15c7061ede8141c0e573e07893feaf673a040
NecropolisOfDevotion	f35696f9e24ed1f86e76f43204e750f485103e41492c05534f7d5c080173230b	UNPROVEN						z:-4775:-4625		NOT_PROBED_CLOSED	BLOCKED	NATIVE_ENTRANCE_PATH_UNPROVEN	0	territory:-4775:-4625:-47607,81253|-46949,81250|-46954,82593|-47608,82590	ssq02_1820_ssq09	data/spawns/Catacombs/NecropolisOfDevotion.xml|TOPOLOGY_CANDIDATES.tsv:f35696f9e24ed1f86e76f43204e750f485103e41492c05534f7d5c080173230b
NecropolisOfMartyrdom	f3a40ed82c7d833926578ea398cedc572cbb8d1043371204aa7e765ea7bd31a0	UNPROVEN						z:-4872:-4672		NOT_PROBED_CLOSED	BLOCKED	NATIVE_ENTRANCE_PATH_UNPROVEN	0	territory:-4872:-4672:123993,134516|124705,134508|124665,135872|124005,135864	ssq10_2322_ssq12	data/spawns/Catacombs/NecropolisOfMartyrdom.xml|TOPOLOGY_CANDIDATES.tsv:f3a40ed82c7d833926578ea398cedc572cbb8d1043371204aa7e765ea7bd31a0
TowerOfInsolence	f3dac0a8425b271bd215a74f5e1e490d0d63330fb6282c687af1efc2631e74ca	UNPROVEN						z:-680:-480		NOT_PROBED_CLOSED	BLOCKED	NATIVE_ENTRANCE_PATH_UNPROVEN	0	territory:-680:-480:114256,15312|115352,15500|114868,15704|114420,15688	aden36_2318_11	data/spawns/Aden/TowerOfInsolence.xml|TOPOLOGY_CANDIDATES.tsv:f3dac0a8425b271bd215a74f5e1e490d0d63330fb6282c687af1efc2631e74ca
TowerOfInsolence	f472d34d58785e2d78e6b082dd2a829581096e282b9799b301c36d5e8280056b	UNPROVEN						z:5944:6144		NOT_PROBED_CLOSED	BLOCKED	NATIVE_ENTRANCE_PATH_UNPROVEN	0	territory:5944:6144:111869,15586|112576,15699|112576,16405|111869,16555	aden28_2318_14	data/spawns/Aden/TowerOfInsolence.xml|TOPOLOGY_CANDIDATES.tsv:f472d34d58785e2d78e6b082dd2a829581096e282b9799b301c36d5e8280056b
NecropolisOfThePatriots	f47e09a8e2bb60a2337fd18f7c4ffc0360e6bbbd73c896548b889ab158189f6b	UNPROVEN						z:-5206:-5056		NOT_PROBED_CLOSED	BLOCKED	NATIVE_ENTRANCE_PATH_UNPROVEN	0	territory:-5206:-5056:-13259,79747|-11909,79781|-11926,80415|-13257,80425	ssq03_1920_ssq20	data/spawns/Catacombs/NecropolisOfThePatriots.xml|TOPOLOGY_CANDIDATES.tsv:f47e09a8e2bb60a2337fd18f7c4ffc0360e6bbbd73c896548b889ab158189f6b
CatacombOfTheHeretic	f480dbf0728ab35071ff572106ed6bb2b40c28ea7fae324e32504b3b73bc3319	UNPROVEN						z:-7944:-7794		NOT_PROBED_CLOSED	BLOCKED	NATIVE_ENTRANCE_PATH_UNPROVEN	0	territory:-7944:-7794:-49201,-247221|-47871,-247227|-47877,-246588|-49196,-246601	ssq06_2122_ssq05	data/spawns/Catacombs/CatacombOfTheHeretic.xml|TOPOLOGY_CANDIDATES.tsv:f480dbf0728ab35071ff572106ed6bb2b40c28ea7fae324e32504b3b73bc3319
CatacombOfTheHeretic	f53cab9a4f34dbadc8e7cba40355a84a509e1c4bf6c84cc7d6a9e458756820bf	UNPROVEN						z:-7942:-7792		NOT_PROBED_CLOSED	BLOCKED	NATIVE_ENTRANCE_PATH_UNPROVEN	0	territory:-7942:-7792:-48565,-240267|-47933,-240265|-47918,-239676|-48563,-239674	ssq06_2122_ssq18	data/spawns/Catacombs/CatacombOfTheHeretic.xml|TOPOLOGY_CANDIDATES.tsv:f53cab9a4f34dbadc8e7cba40355a84a509e1c4bf6c84cc7d6a9e458756820bf
NecropolisOfTheDisciples	f58f261c18c9f3405cca7cafe9b503a2e185eebfc72dacd79d19ad7247f79c35	UNPROVEN						z:-4932:-4732		NOT_PROBED_CLOSED	BLOCKED	NATIVE_ENTRANCE_PATH_UNPROVEN	0	territory:-4932:-4732:175984,-17952|176636,-17952|176636,-16486|175984,-16486	ssq14_2517_ssq05	data/spawns/Catacombs/NecropolisOfTheDisciples.xml|TOPOLOGY_CANDIDATES.tsv:f58f261c18c9f3405cca7cafe9b503a2e185eebfc72dacd79d19ad7247f79c35
CatacombOfTheHeretic	f5a568d449bf8aac21b677908ffb564433e3dbfcad602283ca1c986579a3c89a	UNPROVEN						z:-7945:-7795		NOT_PROBED_CLOSED	BLOCKED	NATIVE_ENTRANCE_PATH_UNPROVEN	0	territory:-7945:-7795:-51059,-243981|-50417,-243974|-50409,-242185|-51068,-242181	ssq06_2122_ssq15	data/spawns/Catacombs/CatacombOfTheHeretic.xml|TOPOLOGY_CANDIDATES.tsv:f5a568d449bf8aac21b677908ffb564433e3dbfcad602283ca1c986579a3c89a
DevilsIsle	f5fe8b6b1af5e3a4b087be25da9edc3539c9950978d4b28b3ca70b022f7694e7	UNPROVEN						z:-3752:-3552		NOT_PROBED_CLOSED	BLOCKED	NATIVE_ENTRANCE_PATH_UNPROVEN	0	territory:-3752:-3552:42015,213410|42328,213424|42468,214999|41833,214943	giran08_2124_037	data/spawns/Giran/DevilsIsle.xml|TOPOLOGY_CANDIDATES.tsv:f5fe8b6b1af5e3a4b087be25da9edc3539c9950978d4b28b3ca70b022f7694e7
DevilsIsle	f684983fdb6a1ba7d13241fbff9c98d186a37ab45566b6004a4d9c38c06055bf	UNPROVEN						z:-3628:-3428		NOT_PROBED_CLOSED	BLOCKED	NATIVE_ENTRANCE_PATH_UNPROVEN	0	territory:-3628:-3428:48233,215539|48448,215631|48694,216445|48402,216813|47965,216268|47919,215716	giran08_2124_060	data/spawns/Giran/DevilsIsle.xml|TOPOLOGY_CANDIDATES.tsv:f684983fdb6a1ba7d13241fbff9c98d186a37ab45566b6004a4d9c38c06055bf
NecropolisOfTheSaints	f6a8eac07a5ab0e42bd94f7316a7bd91e4941ceda6dba78b07526b9e2db4e99f	UNPROVEN						z:-5468:-5268		NOT_PROBED_CLOSED	BLOCKED	NATIVE_ENTRANCE_PATH_UNPROVEN	0	territory:-5468:-5268:88928,210340|90802,210342|90811,210998|88924,211000	ssq08_2224_ssq11	data/spawns/Catacombs/NecropolisOfTheSaints.xml|TOPOLOGY_CANDIDATES.tsv:f6a8eac07a5ab0e42bd94f7316a7bd91e4941ceda6dba78b07526b9e2db4e99f
DevilsIsle	f6b78cd1050f37ba9023d939461f91c58fcf2dcc5e9d6a32e0bcc5ff2873c55d	UNPROVEN						z:-3616:-3416		NOT_PROBED_CLOSED	BLOCKED	NATIVE_ENTRANCE_PATH_UNPROVEN	0	territory:-3616:-3416:48769,216497|49476,217003|49537,217372|49168,217894|48639,217901|48363,217717|48409,216888	giran08_2124_059	data/spawns/Giran/DevilsIsle.xml|TOPOLOGY_CANDIDATES.tsv:f6b78cd1050f37ba9023d939461f91c58fcf2dcc5e9d6a32e0bcc5ff2873c55d
NecropolisOfMartyrdom	f6e1c6ec47f0d11ad716675c2c59f1cf0d7bcb024becbd89f7537e2b99b2df24	UNPROVEN						z:-4876:-4676		NOT_PROBED_CLOSED	BLOCKED	NATIVE_ENTRANCE_PATH_UNPROVEN	0	territory:-4876:-4676:126511,134584|128385,134594|128377,135238|126497,135226	ssq10_2322_ssq17	data/spawns/Catacombs/NecropolisOfMartyrdom.xml|TOPOLOGY_CANDIDATES.tsv:f6e1c6ec47f0d11ad716675c2c59f1cf0d7bcb024becbd89f7537e2b99b2df24
CatacombOfTheApostate	f703a3d167addf7061dd58131d771f0a99a7688f81a36d6ced1f9126b6cd4edf	UNPROVEN						z:-8200:-8050		NOT_PROBED_CLOSED	BLOCKED	NATIVE_ENTRANCE_PATH_UNPROVEN	0	territory:-8200:-8050:-14833,-246473|-14189,-246470|-14194,-245879|-14835,-245877	ssq11_2220_ssq39	data/spawns/Catacombs/CatacombOfTheApostate.xml|TOPOLOGY_CANDIDATES.tsv:f703a3d167addf7061dd58131d771f0a99a7688f81a36d6ced1f9126b6cd4edf
CatacombOfTheBranded	f7de819075a243ab89deec37916d61be0a4f4546a56d11def456507ad2691e79	UNPROVEN						z:-4992:-4842		NOT_PROBED_CLOSED	BLOCKED	NATIVE_ENTRANCE_PATH_UNPROVEN	0	territory:-4992:-4842:47672,179552|48295,179548|48297,180890|47668,180892	ssq05_2123_ssq18	data/spawns/Catacombs/CatacombOfTheBranded.xml|TOPOLOGY_CANDIDATES.tsv:f7de819075a243ab89deec37916d61be0a4f4546a56d11def456507ad2691e79
CatacombOfTheHeretic	f826b941ce682025856a88facc2769e5fa657536a105d7d6b709a25e9cc7337c	UNPROVEN						z:-7942:-7792		NOT_PROBED_CLOSED	BLOCKED	NATIVE_ENTRANCE_PATH_UNPROVEN	0	territory:-7942:-7792:-42868,-245964|-42224,-245964|-42223,-245357|-42859,-245358	ssq06_2122_ssq29	data/spawns/Catacombs/CatacombOfTheHeretic.xml|TOPOLOGY_CANDIDATES.tsv:f826b941ce682025856a88facc2769e5fa657536a105d7d6b709a25e9cc7337c
DevilsIsle	f847b1b8d2b3b5b1bda757a6f7e500dcbed73cd257895a7d92cf09a840e98e76	UNPROVEN						z:-3632:-3432		NOT_PROBED_CLOSED	BLOCKED	NATIVE_ENTRANCE_PATH_UNPROVEN	0	territory:-3632:-3432:48360,208115|48535,208115|48535,209136|48360,209136	giran08_2124_024	data/spawns/Giran/DevilsIsle.xml|TOPOLOGY_CANDIDATES.tsv:f847b1b8d2b3b5b1bda757a6f7e500dcbed73cd257895a7d92cf09a840e98e76
CatacombOfTheWitch	f9c1843c0c6b0bf4a5ac427104b57edb4db79ee75c29ba1d1fbc02d659eeabf5	UNPROVEN						z:-5476:-5276		NOT_PROBED_CLOSED	BLOCKED	NATIVE_ENTRANCE_PATH_UNPROVEN	0	territory:-5476:-5276:140464,80964|141103,80964|141103,82423|140464,82423	ssq13_2420_ssq04	data/spawns/Catacombs/CatacombOfTheWitch.xml|TOPOLOGY_CANDIDATES.tsv:f9c1843c0c6b0bf4a5ac427104b57edb4db79ee75c29ba1d1fbc02d659eeabf5
CatacombOfTheWitch	f9f3c9dc77615632096b1dd13504c0348fdbbfa5db068f1f3fdfe0ed5bf7368b	UNPROVEN						z:-5464:-5264		NOT_PROBED_CLOSED	BLOCKED	NATIVE_ENTRANCE_PATH_UNPROVEN	0	territory:-5464:-5264:147265,86936|148736,86936|148736,87573|147265,87573	ssq13_2420_ssq31	data/spawns/Catacombs/CatacombOfTheWitch.xml|TOPOLOGY_CANDIDATES.tsv:f9f3c9dc77615632096b1dd13504c0348fdbbfa5db068f1f3fdfe0ed5bf7368b
ImperialTomb	fa744c535286dc2ceeee001ecf20ad67e675f22b9029361dfad7fe01e4076890	UNPROVEN						z:-6015:-5715		NOT_PROBED_CLOSED	BLOCKED	NATIVE_ENTRANCE_PATH_UNPROVEN	0	territory:-6015:-5715:186142,-81378|186961,-81360|186957,-80639|186164,-80573	godard14_2515_16	data/spawns/Goddard/ImperialTomb.xml|TOPOLOGY_CANDIDATES.tsv:fa744c535286dc2ceeee001ecf20ad67e675f22b9029361dfad7fe01e4076890
DevilsIsle	fa92c35d572b5318b07c7af1d618c57b943e69fefaeb4022160783faa9bf6448	UNPROVEN						z:-3732:-3532		NOT_PROBED_CLOSED	BLOCKED	NATIVE_ENTRANCE_PATH_UNPROVEN	0	territory:-3732:-3532:46101,211469|46353,211477|46204,212057|45209,212124|45508,211736	giran08_2124_038	data/spawns/Giran/DevilsIsle.xml|TOPOLOGY_CANDIDATES.tsv:fa92c35d572b5318b07c7af1d618c57b943e69fefaeb4022160783faa9bf6448
CatacombOfTheWitch	fb275fc58e7188d6f584ea4f746c4a7c579ac977c2ad9d38b01d3eb9e3eda48d	UNPROVEN						z:-5464:-5264		NOT_PROBED_CLOSED	BLOCKED	NATIVE_ENTRANCE_PATH_UNPROVEN	0	territory:-5464:-5264:150748,79393|151360,79393|151360,80030|150748,80030	ssq13_2420_ssq12	data/spawns/Catacombs/CatacombOfTheWitch.xml|TOPOLOGY_CANDIDATES.tsv:fb275fc58e7188d6f584ea4f746c4a7c579ac977c2ad9d38b01d3eb9e3eda48d
NecropolisOfThePatriots	fc3bbc4eeb4e29c0d2d65833fc2bf67c5e060999148fbc624b2113514f428af4	UNPROVEN						z:-5206:-5056		NOT_PROBED_CLOSED	BLOCKED	NATIVE_ENTRANCE_PATH_UNPROVEN	0	territory:-5206:-5056:-14733,79290|-14095,79288|-14092,79884|-14742,79877	ssq03_1920_ssq17	data/spawns/Catacombs/NecropolisOfThePatriots.xml|TOPOLOGY_CANDIDATES.tsv:fc3bbc4eeb4e29c0d2d65833fc2bf67c5e060999148fbc624b2113514f428af4
TowerOfInsolence	fc4d05b1ad121911097cf69e80083b4b290e75600bbbabb33f45382a560bd306	UNPROVEN						z:4935:5285		NOT_PROBED_CLOSED	BLOCKED	NATIVE_ENTRANCE_PATH_UNPROVEN	0	territory:4935:5285:113647,14631|114116,14437|114108,14805|113616,15210|113315,14937	aden41_2318_08	data/spawns/Aden/TowerOfInsolence.xml|TOPOLOGY_CANDIDATES.tsv:fc4d05b1ad121911097cf69e80083b4b290e75600bbbabb33f45382a560bd306
CatacombOfTheForbiddenPath	fc53a9b52e5295704683e24ba347f210a2b2132b6683a5aa0a58925afb8faf59	UNPROVEN						z:-9612:-9412		NOT_PROBED_CLOSED	BLOCKED	NATIVE_ENTRANCE_PATH_UNPROVEN	0	territory:-9612:-9412:20791,-248885|22171,-248869|22159,-248177|20787,-248189	ssq12_2320_ssq14	data/spawns/Catacombs/CatacombOfTheForbiddenPath.xml|TOPOLOGY_CANDIDATES.tsv:fc53a9b52e5295704683e24ba347f210a2b2132b6683a5aa0a58925afb8faf59
CatacombOfTheHeretic	fc7f210dd1c8901dc821703def3567767a0efdbf48083ea460e1d27c279675f8	UNPROVEN						z:-7945:-7795		NOT_PROBED_CLOSED	BLOCKED	NATIVE_ENTRANCE_PATH_UNPROVEN	0	territory:-7945:-7795:-42866,-242657|-42216,-242655|-42225,-241315|-42870,-241320	ssq06_2122_ssq23	data/spawns/Catacombs/CatacombOfTheHeretic.xml|TOPOLOGY_CANDIDATES.tsv:fc7f210dd1c8901dc821703def3567767a0efdbf48083ea460e1d27c279675f8
NecropolisOfTheSaints	fd040cb045d35c4ded05535e8300c818a7a1ddb1379f5728206d3a69967454e8	UNPROVEN						z:-5468:-5268		NOT_PROBED_CLOSED	BLOCKED	NATIVE_ENTRANCE_PATH_UNPROVEN	0	territory:-5468:-5268:87748,213520|88348,213516|88352,214148|87744,214156	ssq08_2224_ssq09	data/spawns/Catacombs/NecropolisOfTheSaints.xml|TOPOLOGY_CANDIDATES.tsv:fd040cb045d35c4ded05535e8300c818a7a1ddb1379f5728206d3a69967454e8
CatacombOfDarkOmens	fd374dd39de6508cbf9efba6273205ae53f7c7303aeb62f55d27dbce2388ac59	UNPROVEN						z:-4936:-4736		NOT_PROBED_CLOSED	BLOCKED	NATIVE_ENTRANCE_PATH_UNPROVEN	0	territory:-4936:-4736:-14824,17820|-14148,17808|-14152,18420|-14812,18424	ssq03_1918_ssq10	data/spawns/Catacombs/CatacombOfDarkOmens.xml|TOPOLOGY_CANDIDATES.tsv:fd374dd39de6508cbf9efba6273205ae53f7c7303aeb62f55d27dbce2388ac59
CatacombOfDarkOmens	fef21342eab7ed869fcb6b9312cc81f23d9dac824e2a1d7077ab8f61da8866e1	UNPROVEN						z:-4936:-4736		NOT_PROBED_CLOSED	BLOCKED	NATIVE_ENTRANCE_PATH_UNPROVEN	0	territory:-4936:-4736:-18152,16544|-17480,16560|-17488,18440|-18128,18424	ssq03_1918_ssq07	data/spawns/Catacombs/CatacombOfDarkOmens.xml|TOPOLOGY_CANDIDATES.tsv:fef21342eab7ed869fcb6b9312cc81f23d9dac824e2a1d7077ab8f61da8866e1
DevilsIsle	ff510820d435e13ea81ec3caae8cd3afa3893f5256f729498f7828fbbddaece4	UNPROVEN						z:-3552:-3352		NOT_PROBED_CLOSED	BLOCKED	NATIVE_ENTRANCE_PATH_UNPROVEN	0	territory:-3552:-3352:48852,214396|49315,214404|49324,214596|48852,214596	giran08_2124_062	data/spawns/Giran/DevilsIsle.xml|TOPOLOGY_CANDIDATES.tsv:ff510820d435e13ea81ec3caae8cd3afa3893f5256f729498f7828fbbddaece4
NecropolisOfThePatriots	ff981976a7c597d287a794181ea6d4bfd41e6be1c8c06cd88e0c8b3943d52c85	UNPROVEN						z:-5208:-5058		NOT_PROBED_CLOSED	BLOCKED	NATIVE_ENTRANCE_PATH_UNPROVEN	0	territory:-5208:-5058:-20569,80509|-19968,80514|-19968,81150|-20567,81149	ssq03_1920_ssq05	data/spawns/Catacombs/NecropolisOfThePatriots.xml|TOPOLOGY_CANDIDATES.tsv:ff981976a7c597d287a794181ea6d4bfd41e6be1c8c06cd88e0c8b3943d52c85
DevilsIsle	fff91d22664d3a915cf1cbfc7b4554f17f91dac99946b9c93e9f3b2895a5b7b3	UNPROVEN						z:-3628:-3428		NOT_PROBED_CLOSED	BLOCKED	NATIVE_ENTRANCE_PATH_UNPROVEN	0	territory:-3628:-3428:47790,220792|48632,220818|48683,220992|47828,220980	giran08_2124_055	data/spawns/Giran/DevilsIsle.xml|TOPOLOGY_CANDIDATES.tsv:fff91d22664d3a915cf1cbfc7b4554f17f91dac99946b9c93e9f3b2895a5b7b3
TowerOfInsolence	ffff49da4f018b69a3289531c44367fa749af97777191885509a1e934639606c	UNPROVEN						z:-688:-488		NOT_PROBED_CLOSED	BLOCKED	NATIVE_ENTRANCE_PATH_UNPROVEN	0	territory:-688:-488:113732,16836|114352,17188|114100,18300|113384,18032	aden36_2318_04	data/spawns/Aden/TowerOfInsolence.xml|TOPOLOGY_CANDIDATES.tsv:ffff49da4f018b69a3289531c44367fa749af97777191885509a1e934639606c
