family	coverage_key	source_family	source_path	source_group	room_territory	floor_key	anchor_id	anchor_x	anchor_y	anchor_z	local_x	local_y	local_z	validation_status	collision_proof	candidate_attempts	entrance_class	access_status	internal_component_id
TOWER_OF_INSOLENCE	003ce483f1390dd1f2c565980b102a4765c8263bc583596c4fcf793eb2b85ae1	TowerOfInsolence	data/spawns/Aden/TowerOfInsolence.xml	aden37_2318_05	territory:888:1088:115292,13272|116168,13640|115680,14388|115132,14172	z:888:1088	generated.farm.003ce483f1390dd1f2c56598.anchor	115568	13868	928	115584	13868	928	VALID	STATIC_XML_CLEAR	1	NOBLESSE_CONDITIONAL	REACHABLE_CONDITIONAL	component.466c51ee761838d01643a1cf
TOWER_OF_INSOLENCE	01196fc406e6183446f2b1c4d9b3bed31d6fb0d1855ceda8c3f715f4b2a67b4f	TowerOfInsolence	data/spawns/Aden/TowerOfInsolence.xml	aden37_2318_08	territory:896:1096:112324,17744|113000,17312|113404,17760|112972,18400	z:896:1096	generated.farm.01196fc406e6183446f2b1c4.anchor	112925	17804	928	112941	17804	928	VALID	STATIC_XML_CLEAR	1	NOBLESSE_CONDITIONAL	REACHABLE_CONDITIONAL	component.466c51ee761838d01643a1cf
SSQ_CATACOMBS_NECROPOLIS	018e0d62812dab482b8e9b660170a05ced934711f05188df1d023664ef6e1b58	CatacombOfTheWitch	data/spawns/Catacombs/CatacombOfTheWitch.xml	ssq13_2420_ssq05	territory:-5464:-5264:142524,81448|143203,81448|143203,83327|142524,83347	z:-5464:-5264	generated.farm.018e0d62812dab482b8e9b66.anchor	142864	82392	-5424	142880	82392	-5424	VALID	STATIC_XML_CLEAR	1	SCRIPT_CONDITIONAL	NATIVE_CONDITION_UNMODELED	component.acae4dfbcc94433b54ab8989
SSQ_CATACOMBS_NECROPOLIS	01b1defa9522009b05e93ef24bdada3dc0bff4185eb02e7ee1b10dffc08f3433	NecropolisOfThePilgrims	data/spawns/Catacombs/NecropolisOfThePilgrims.xml	ssq07_2121_ssq16	territory:-5449:-5299:52667,123210|54012,123195|54010,123862|52673,123864	z:-5449:-5299	generated.farm.01b1defa9522009b05e93ef2.anchor	53340	123533	-5408	53356	123533	-5408	VALID	STATIC_XML_CLEAR	1	SCRIPT_CONDITIONAL	NATIVE_CONDITION_UNMODELED	component.cbddc918f33160dda52bb64d
SSQ_CATACOMBS_NECROPOLIS	021822d8a1cb8c1c2a32ea67d313672c0050f2b59ffad0b9e49f785e635adb16	NecropolisOfThePatriots	data/spawns/Catacombs/NecropolisOfThePatriots.xml	ssq03_1920_ssq03	territory:-5205:-5055:-21684,81663|-21088,81659|-21094,82286|-21682,82282	z:-5205:-5055	generated.farm.021822d8a1cb8c1c2a32ea67.anchor	-21387	81972	-5168	-21371	81972	-5168	VALID	STATIC_XML_CLEAR	1	SCRIPT_CONDITIONAL	NATIVE_CONDITION_UNMODELED	component.888b1c386bb56285d9aedda1
SSQ_CATACOMBS_NECROPOLIS	0251d78e20131518ee9f324d0837b78f5748a549b99cbbcef4ab1b395db08918	NecropolisOfThePilgrims	data/spawns/Catacombs/NecropolisOfThePilgrims.xml	ssq07_2121_ssq28	territory:-5449:-5299:50625,116455|51260,116454|51259,117050|50631,117048	z:-5449:-5299	generated.farm.0251d78e20131518ee9f324d.anchor	50944	116752	-5408	50960	116752	-5408	VALID	STATIC_XML_CLEAR	1	SCRIPT_CONDITIONAL	NATIVE_CONDITION_UNMODELED	component.cbddc918f33160dda52bb64d
SSQ_CATACOMBS_NECROPOLIS	02ba0f777f16cfc2ec39483b47b9c0d10fa018278b2901f14d50dc876e21f277	NecropolisOfDevotion	data/spawns/Catacombs/NecropolisOfDevotion.xml	ssq02_1820_ssq03	territory:-4774:-4624:-52241,83405|-51603,83405|-51593,84004|-52235,84020	z:-4774:-4624	generated.farm.02ba0f777f16cfc2ec39483b.anchor	-51918	83708	-4736	-51902	83708	-4736	VALID	STATIC_XML_CLEAR	1	SCRIPT_CONDITIONAL	NATIVE_CONDITION_UNMODELED	component.4f51ad139140e844e92eec35
DEVILS_ISLE	02f3460b46ad2daccf3455d47afc90fc1a09f7d3ebe720d158edbd712be9f361	DevilsIsle	data/spawns/Giran/DevilsIsle.xml	giran08_2124_073	territory:-3060:-2860:50630,211383|51129,211383|51129,211858|50642,211858	z:-3060:-2860	generated.farm.02f3460b46ad2daccf3455d4.anchor	50882	211620	-3024	50898	211620	-3024	VALID	STATIC_XML_CLEAR	1	NORMAL	GEODATA_INTERNAL_BLOCKED	component.ff2770f1156bc4ee6cac8379
TOWER_OF_INSOLENCE	0342f2ab29359668ef4eb46b5b9976e5cf11976d2c486f81c43bc9c2785dba8f	TowerOfInsolence	data/spawns/Aden/TowerOfInsolence.xml	aden35_2318_01	territory:-2160:-1960:114324,14992|114976,15004|115280,15128|115600,15432|115724,15728|115724,16388|115560,16720|115280,17008|114980,17136|114304,17144|114032,17024|113696,16700|113596,16416|113580,15720|113692,15436|114008,15108	z:-2160:-1960	generated.farm.0342f2ab29359668ef4eb46b.anchor	114647	16068	-2120	114663	16068	-2120	VALID	STATIC_XML_CLEAR	1	NORMAL	DOOR_STATE_BLOCKED	component.a8733388f98d1c365934382d
SSQ_CATACOMBS_NECROPOLIS	04199f10955f0df4ab3ac51c581586554a9794e478f60a5b3302cdea5d9b8999	NecropolisOfSacrifice	data/spawns/Catacombs/NecropolisOfSacrifice.xml	ssq01_1824_ssq11	territory:-5119:-4969:-46487,216906|-45115,216892|-45109,217549|-46483,217578	z:-5119:-4969	generated.farm.04199f10955f0df4ab3ac51c.anchor	-45798	217231	-5080	-45782	217231	-5080	VALID	STATIC_XML_CLEAR	1	SCRIPT_CONDITIONAL	NATIVE_CONDITION_UNMODELED	component.ce7bae4e503482cb2b998003
SSQ_CATACOMBS_NECROPOLIS	047e45cfcece79be9e9372d1a84667df59730b1568819515811f589b23d27ee6	NecropolisOfThePilgrims	data/spawns/Catacombs/NecropolisOfThePilgrims.xml	ssq07_2121_ssq24	territory:-5449:-5299:52527,112901|53856,112912|53852,113581|52518,113563	z:-5449:-5299	generated.farm.047e45cfcece79be9e9372d1.anchor	53188	113239	-5408	53204	113239	-5408	VALID	STATIC_XML_CLEAR	1	SCRIPT_CONDITIONAL	NATIVE_CONDITION_UNMODELED	component.cbddc918f33160dda52bb64d
SSQ_CATACOMBS_NECROPOLIS	0561637d99bf779d51d7d3167933861f5d2116b4fe5c41d950173a1b86763961	NecropolisOfDevotion	data/spawns/Catacombs/NecropolisOfDevotion.xml	ssq02_1820_ssq15	territory:-4775:-4625:-43827,78815|-43178,78819|-43174,80155|-43838,80155	z:-4775:-4625	generated.farm.0561637d99bf779d51d7d316.anchor	-43504	79486	-4736	-43488	79486	-4736	VALID	STATIC_XML_CLEAR	1	SCRIPT_CONDITIONAL	NATIVE_CONDITION_UNMODELED	component.4f51ad139140e844e92eec35
SSQ_CATACOMBS_NECROPOLIS	0570910db17d9f20a9d86883f3b33b5d3ea8966bad3d5a12711d927830449601	CatacombOfTheForbiddenPath	data/spawns/Catacombs/CatacombOfTheForbiddenPath.xml	ssq12_2320_ssq05	territory:-9616:-9416:15968,-248894|16668,-248894|16687,-247499|15968,-247502	z:-9616:-9416	generated.farm.0570910db17d9f20a9d86883.anchor	16323	-248197	-9576	16339	-248197	-9576	VALID	STATIC_XML_CLEAR	1	SCRIPT_CONDITIONAL	NATIVE_CONDITION_UNMODELED	component.137ee57453c450cb1450f091
SSQ_CATACOMBS_NECROPOLIS	05bbbe1f28986b0a9c5cc4d065f30252b3d0395e00c439a99235489800c85758	CatacombOfTheApostate	data/spawns/Catacombs/CatacombOfTheApostate.xml	ssq11_2220_ssq03	territory:-8199:-8049:-20536,-246475|-19904,-246474|-19895,-245871|-20536,-245874	z:-8199:-8049	generated.farm.05bbbe1f28986b0a9c5cc4d0.anchor	-20218	-246174	-8160	-20202	-246174	-8160	VALID	STATIC_XML_CLEAR	1	SCRIPT_CONDITIONAL	NATIVE_CONDITION_UNMODELED	component.034a5b9796857e6f481e60f0
IVORY_TOWER	06ce1343592e93889b5c235279c9658a0d0f3d3eb2915207fee0c83a24e24164	IvoryTower	data/spawns/Oren/IvoryTower.xml	oren30_2218_06s	territory:-3720:-3120:95548,11520|97332,13276|94972,16864|93984,13832	z:-3720:-3120	generated.farm.06ce1343592e93889b5c2352.anchor	95459	13873	-3512	95475	13873	-3512	VALID	STATIC_XML_CLEAR	1	NORMAL	CONTENT_TELEPORT_SEMANTIC_BLOCKED	component.c4b636c9eb8016830063ad9d
TOWER_OF_INSOLENCE	06de56e48e26f447faba1eec721d92abf4957d60c24c0b6fc537f2f3077bbe94	TowerOfInsolence	data/spawns/Aden/TowerOfInsolence.xml	aden37_2318_04	territory:888:1088:116308,13744|116924,14372|116252,14872|115852,14504	z:888:1088	generated.farm.06de56e48e26f447faba1eec.anchor	116334	14373	928	116350	14373	928	VALID	STATIC_XML_CLEAR	1	NOBLESSE_CONDITIONAL	REACHABLE_CONDITIONAL	component.466c51ee761838d01643a1cf
TOWER_OF_INSOLENCE	06fee8bd847287fd403eda1bae341e137fcd793b8841cf366dfcce412b2e3c64	TowerOfInsolence	data/spawns/Aden/TowerOfInsolence.xml	aden40_2318_06	territory:3933:4283:114524,17013|115433,16626|115802,17479|114863,17889	z:3933:4283	generated.farm.06fee8bd847287fd403eda1b.anchor	115156	17252	3960	115172	17252	3960	VALID	STATIC_XML_CLEAR	1	NORMAL	GEODATA_INTERNAL_BLOCKED	component.a1b53bce22fbf4c9b69281cd
SSQ_CATACOMBS_NECROPOLIS	0717538beb7cf9175429ef4cce0943160fa5d194492485a831862b7898d53416	CatacombOfTheHeretic	data/spawns/Catacombs/CatacombOfTheHeretic.xml	ssq06_2122_ssq07	territory:-7943:-7793:-51024,-246956|-50393,-246958|-50389,-245628|-51031,-245623	z:-7943:-7793	generated.farm.0717538beb7cf9175429ef4c.anchor	-50709	-246291	-7904	-50693	-246291	-7904	VALID	STATIC_XML_CLEAR	1	SCRIPT_CONDITIONAL	NATIVE_CONDITION_UNMODELED	component.ac3253d25593857c65682608
SSQ_CATACOMBS_NECROPOLIS	072a51911bfa6e6e8cfd555c2f8739004fdf6d54fb157714cee943f9f744a053	CatacombOfTheApostate	data/spawns/Catacombs/CatacombOfTheApostate.xml	ssq11_2220_ssq27	territory:-8200:-8050:-14825,-243409|-14197,-243401|-14199,-242039|-14821,-242031	z:-8200:-8050	generated.farm.072a51911bfa6e6e8cfd555c.anchor	-14510	-242720	-8160	-14494	-242720	-8160	VALID	STATIC_XML_CLEAR	1	SCRIPT_CONDITIONAL	NATIVE_CONDITION_UNMODELED	component.5a779e70e10a9bf13f9ef7c3
SSQ_CATACOMBS_NECROPOLIS	0745e827a771da9f6703d96bbd4de8f472ff4dc2330eec59eb48571d0fa5ab59	CatacombOfTheBranded	data/spawns/Catacombs/CatacombOfTheBranded.xml	ssq05_2123_ssq16	territory:-5011:-4861:46264,177731|46891,177730|46890,179080|46264,179074	z:-5011:-4861	generated.farm.0745e827a771da9f6703d96b.anchor	46577	178404	-4976	46593	178404	-4976	VALID	STATIC_XML_CLEAR	1	SCRIPT_CONDITIONAL	NATIVE_CONDITION_UNMODELED	component.423662c72ad86bfe886c3b61
DEVILS_ISLE	08c523a999bdf66ad7dea0a09490222fa3a336b438912802ca0b0a618d9a514a	DevilsIsle	data/spawns/Giran/DevilsIsle.xml	giran08_2124_006	territory:-4500:-4200:41608,200821|42037,200951|41787,201325|41315,201575|41288,201137	z:-4500:-4200	generated.farm.08c523a999bdf66ad7dea0a0.anchor	41607	201162	-4336	41623	201162	-4336	VALID	STATIC_XML_CLEAR	1	NORMAL	REACHABLE_ORDINARY	component.d483d98f35fc6805675221f7
IMPERIAL_TOMB	09edc98c74eb257722cb0c34e5609edf579db2b95d3dd3d07be8d3d0de716aee	ImperialTomb	data/spawns/Goddard/ImperialTomb.xml	godard14_2515_14	territory:-7313:-7013:189041,-78487|189856,-78476|189845,-77747|189045,-77684	z:-7313:-7013	generated.farm.09edc98c74eb257722cb0c34.anchor	189447	-78098	-7256	189463	-78098	-7256	VALID	STATIC_XML_CLEAR	1	NOBLESSE_CONDITIONAL	REACHABLE_CONDITIONAL	component.30e5cb07315a67a8381cbe8d
SSQ_CATACOMBS_NECROPOLIS	0a2b26ef7a2e17ed34fa3acf32eb840cf4fc147085eabaacf42faf1674a21933	CatacombOfTheForbiddenPath	data/spawns/Catacombs/CatacombOfTheForbiddenPath.xml	ssq12_2320_ssq08	territory:-9612:-9412:17285,-248804|17881,-248788|17881,-248156|17289,-248144	z:-9612:-9412	generated.farm.0a2b26ef7a2e17ed34fa3acf.anchor	17584	-248473	-9576	17600	-248473	-9576	VALID	STATIC_XML_CLEAR	1	SCRIPT_CONDITIONAL	NATIVE_CONDITION_UNMODELED	component.137ee57453c450cb1450f091
SSQ_CATACOMBS_NECROPOLIS	0aa79d67e281338055910dfd67c12790147f5bb13de51275e3f05f3be76ef684	NecropolisOfDevotion	data/spawns/Catacombs/NecropolisOfDevotion.xml	ssq02_1820_ssq11	territory:-4777:-4627:-46529,83385|-45926,83383|-45933,84029|-46529,84028	z:-4777:-4627	generated.farm.0aa79d67e281338055910dfd.anchor	-46229	83706	-4736	-46213	83706	-4736	VALID	STATIC_XML_CLEAR	1	SCRIPT_CONDITIONAL	NATIVE_CONDITION_UNMODELED	component.4f51ad139140e844e92eec35
IMPERIAL_TOMB	0ac141f2d795f5695b18d40a6f99375d3215e37b2944778c1f91823987e055bf	ImperialTomb	data/spawns/Goddard/ImperialTomb.xml	godard14_2515_03	territory:-2784:-2484:183025,-78004|182081,-77103|180769,-77070|179850,-78031|179838,-79343|180759,-80288|182097,-80297|183015,-79354	z:-2784:-2484	generated.farm.0ac141f2d795f5695b18d40a.anchor	181429	-78686	-2728	181445	-78686	-2728	VALID	STATIC_XML_CLEAR	1	NOBLESSE_CONDITIONAL	REACHABLE_CONDITIONAL	component.30e5cb07315a67a8381cbe8d
DEVILS_ISLE	0b1f91e21cb2b235abb8b3eb20a445ea87670d29a906df5f912a90841ead973a	DevilsIsle	data/spawns/Giran/DevilsIsle.xml	giran08_2124_063	territory:-3472:-3272:48863,213936|49300,213936|49300,214250|48863,214250	z:-3472:-3272	generated.farm.0b1f91e21cb2b235abb8b3eb.anchor	49082	214093	-3424	49098	214093	-3424	VALID	STATIC_XML_CLEAR	1	NORMAL	GEODATA_INTERNAL_BLOCKED	component.b1474d324cb4546b583f5011
SSQ_CATACOMBS_NECROPOLIS	0b678446de013db1e8a875b00818ed3c9e7490f4e5f257843ee44b39d3fb6752	NecropolisOfDevotion	data/spawns/Catacombs/NecropolisOfDevotion.xml	ssq02_1820_ssq02	territory:-4772:-4622:-52247,80884|-51592,80879|-51577,82248|-52257,82243	z:-4772:-4622	generated.farm.0b678446de013db1e8a875b0.anchor	-51918	81564	-4736	-51902	81564	-4736	VALID	STATIC_XML_CLEAR	1	SCRIPT_CONDITIONAL	NATIVE_CONDITION_UNMODELED	component.4f51ad139140e844e92eec35
SSQ_CATACOMBS_NECROPOLIS	0c235544b98668cf693c8816b6d489ab06224314d74cf68832925b73e5ada40b	CatacombOfTheBranded	data/spawns/Catacombs/CatacombOfTheBranded.xml	ssq05_2123_ssq25	territory:-5022:-4872:55408,179181|56044,179181|56045,179786|55410,179788	z:-5022:-4872	generated.farm.0c235544b98668cf693c8816.anchor	55727	179484	-4976	55743	179484	-4976	VALID	STATIC_XML_CLEAR	1	SCRIPT_CONDITIONAL	NATIVE_CONDITION_UNMODELED	component.423662c72ad86bfe886c3b61
TOWER_OF_INSOLENCE	0c3a2b86325aa834f8d5d0d8b6d64194c2025dafebc7b1b37bbb0865d22bdc93	TowerOfInsolence	data/spawns/Aden/TowerOfInsolence.xml	aden28_2318_13	territory:5956:6156:111873,16667|112618,16573|112880,17186|112268,17580	z:5956:6156	generated.farm.0c3a2b86325aa834f8d5d0d8.anchor	112410	17002	5984	112426	17002	5984	VALID	STATIC_XML_CLEAR	1	NOBLESSE_CONDITIONAL	REACHABLE_CONDITIONAL	component.94d63f443e7d478ef61f2020
DEVILS_ISLE	0c3d5b9b9615274b1783c86a245940b33ae4526460ff24a5007ef5f5d377dc9c	DevilsIsle	data/spawns/Giran/DevilsIsle.xml	giran08_2124_044	territory:-3940:-3740:43199,215819|44508,215819|44508,217017|43199,217017	z:-3940:-3740	generated.farm.0c3d5b9b9615274b1783c86a.anchor	43854	216418	-3904	43870	216418	-3904	VALID	STATIC_XML_CLEAR	1	NORMAL	REACHABLE_ORDINARY	component.7dad6e3e96728c2a7ff7af09
SSQ_CATACOMBS_NECROPOLIS	0cb00eb3bfa59f181754186d27b1522be7877a1707d3d2b39f33ddc572a570b5	NecropolisOfTheSaints	data/spawns/Catacombs/NecropolisOfTheSaints.xml	ssq08_2224_ssq16	territory:-5472:-5272:88836,213488|89436,213508|89436,214168|88836,214144	z:-5472:-5272	generated.farm.0cb00eb3bfa59f181754186d.anchor	89136	213827	-5432	89152	213827	-5432	VALID	STATIC_XML_CLEAR	1	SCRIPT_CONDITIONAL	NATIVE_CONDITION_UNMODELED	component.25ffd0d249e9435bb5e4c376
DEVILS_ISLE	0cfb8358fd4e4c4b3fd43e1fc9f3b630ebcbd1f5bc7720a0eb912fe29255aedb	DevilsIsle	data/spawns/Giran/DevilsIsle.xml	giran08_2124_034	territory:-3776:-3626:43439,213259|43589,213249|43750,213760|43680,214092	z:-3776:-3626	generated.farm.0cfb8358fd4e4c4b3fd43e1f.anchor	43614	213590	-3712	43630	213590	-3712	VALID	STATIC_XML_CLEAR	1	NORMAL	REACHABLE_ORDINARY	component.7dad6e3e96728c2a7ff7af09
IVORY_TOWER	0d2d0e4216e562a988c534784988eb194c8a0ebd5a2e5379e050dbce5d7f7a72	IvoryTower	data/spawns/Oren/IvoryTower.xml	oren30_2218_14	territory:-3796:-3396:78116,20592|79828,22864|78720,26556|75208,27024|74408,24180|75148,20488	z:-3796:-3396	generated.farm.0d2d0e4216e562a988c53478.anchor	76905	23617	-3512	76921	23617	-3504	VALID	STATIC_XML_CLEAR	1	NORMAL	CONTENT_TELEPORT_SEMANTIC_BLOCKED	component.9462096dfe4139d831fce33f
DEVILS_ISLE	0d58be8322d126fd103d17999b53459ccfecb10ad6d1d475dad5c46a7fb01d5b	DevilsIsle	data/spawns/Giran/DevilsIsle.xml	giran08_2124_015	territory:-3556:-3356:48337,205663|48773,205879|48792,207687|48631,207962|48025,207901|47535,207469|47594,206175	z:-3556:-3356	generated.farm.0d58be8322d126fd103d1799.anchor	48241	206962	-3520	48257	206962	-3520	VALID	STATIC_XML_CLEAR	1	NORMAL	REACHABLE_ORDINARY	component.7dad6e3e96728c2a7ff7af09
SSQ_CATACOMBS_NECROPOLIS	0dc9ac37cece3e233c64a886c72668e5b79a35f246b6ab33a8146bc4d63d9f7b	NecropolisOfThePilgrims	data/spawns/Catacombs/NecropolisOfThePilgrims.xml	ssq07_2121_ssq04	territory:-5447:-5297:46929,118916|48298,118922|48290,119576|46926,119575	z:-5447:-5297	generated.farm.0dc9ac37cece3e233c64a886.anchor	47611	119247	-5408	47627	119247	-5408	VALID	STATIC_XML_CLEAR	1	SCRIPT_CONDITIONAL	NATIVE_CONDITION_UNMODELED	component.cbddc918f33160dda52bb64d
SSQ_CATACOMBS_NECROPOLIS	0e3706c8baf57698997968f76fa1b970dca67950d026502eb692144644027b8e	NecropolisOfTheSaints	data/spawns/Catacombs/NecropolisOfTheSaints.xml	ssq08_2224_ssq24	territory:-5476:-5276:89979,218036|90579,218036|90575,218680|89987,218676	z:-5476:-5276	generated.farm.0e3706c8baf57698997968f7.anchor	90280	218357	-5432	90296	218357	-5432	VALID	STATIC_XML_CLEAR	1	SCRIPT_CONDITIONAL	NATIVE_CONDITION_UNMODELED	component.25ffd0d249e9435bb5e4c376
IVORY_TOWER	0edead08b5b94aecca08262b44401057eb66c359f5ce6cb006cd26033bb005ed	IvoryTower	data/spawns/Oren/IvoryTower.xml	oren29_2218_26	territory:-5356:-5156:79664,16248|85768,19076|81972,22128|79012,18196	z:-5356:-5156	generated.farm.0edead08b5b94aecca08262b.anchor	81604	18912	-5288	81620	18912	-5288	VALID	STATIC_XML_CLEAR	1	NORMAL	CONTENT_TELEPORT_SEMANTIC_BLOCKED	component.a5d1f0d47d881f7cd428946a
SSQ_CATACOMBS_NECROPOLIS	0eff5fa4ba80b251c37eef6bcaeb9eed0d1daf7bacfbd10fd6af420293c30b65	CatacombOfTheBranded	data/spawns/Catacombs/CatacombOfTheBranded.xml	ssq05_2123_ssq36	territory:-5014:-4864:51975,170953|53322,170952|53324,171573|51980,171574	z:-5014:-4864	generated.farm.0eff5fa4ba80b251c37eef6b.anchor	52650	171263	-4976	52666	171263	-4976	VALID	STATIC_XML_CLEAR	1	SCRIPT_CONDITIONAL	NATIVE_CONDITION_UNMODELED	component.423662c72ad86bfe886c3b61
IVORY_TOWER	0f728c2ad864ec9ae5a9273c97ab9b0870cd3d59a6707483c26cc43b71053d3f	IvoryTower	data/spawns/Oren/IvoryTower.xml	oren29_2218_29	territory:-5436:-5236:91192,14192|91420,16760|90212,18308|88008,17488|87660,14836|89680,13016	z:-5436:-5236	generated.farm.0f728c2ad864ec9ae5a9273c.anchor	89695	15767	-5288	89711	15767	-5288	VALID	STATIC_XML_CLEAR	1	NORMAL	CONTENT_TELEPORT_SEMANTIC_BLOCKED	component.8fae88a9ca6151ec84e486c8
DEVILS_ISLE	0f93cd0ce1e5c8bef14dcca968a6fcb9da976e0cd429964e95d45229043c2271	DevilsIsle	data/spawns/Giran/DevilsIsle.xml	giran08_2124_067	territory:-3384:-3184:48786,211389|49376,211385|49376,212506|48786,212510	z:-3384:-3184	generated.farm.0f93cd0ce1e5c8bef14dcca9.anchor	49081	211948	-3344	49097	211948	-3344	VALID	STATIC_XML_CLEAR	1	NORMAL	GEODATA_INTERNAL_BLOCKED	component.ff2770f1156bc4ee6cac8379
TOWER_OF_INSOLENCE	0fba33fad2c6c8580471455819693e85a290491cd541140da3794fc7f3a1bfd5	TowerOfInsolence	data/spawns/Aden/TowerOfInsolence.xml	aden41_2318_07	territory:4934:5284:114693,14991|115276,15069|114672,15698|114093,15107	z:4934:5284	generated.farm.0fba33fad2c6c85804714558.anchor	114684	15216	4976	114700	15216	4976	VALID	STATIC_XML_CLEAR	1	NORMAL	GEODATA_INTERNAL_BLOCKED	component.b49333e93c1de47f30a8441c
SSQ_CATACOMBS_NECROPOLIS	104273f8252c8098e201bd1c13ba2639d43727fa1a1c6df0d575bd0a1e03aa21	NecropolisOfSacrifice	data/spawns/Catacombs/NecropolisOfSacrifice.xml	ssq01_1824_ssq26	territory:-5127:-4977:-50194,215802|-48820,215835|-48822,216474|-50194,216467	z:-5127:-4977	generated.farm.104273f8252c8098e201bd1c.anchor	-49508	216144	-5080	-49492	216144	-5080	VALID	STATIC_XML_CLEAR	1	SCRIPT_CONDITIONAL	NATIVE_CONDITION_UNMODELED	component.ce7bae4e503482cb2b998003
DEVILS_ISLE	1168bd89e8693814315a56d2399c3ba11702ca0c4d429d6075f88425ec137089	DevilsIsle	data/spawns/Giran/DevilsIsle.xml	giran08_2124_054	territory:-3796:-3596:46292,215386|46518,215271|46993,215509|47358,216190|47188,216577|46315,216667	z:-3796:-3596	generated.farm.1168bd89e8693814315a56d2.anchor	46777	215933	-3752	46793	215933	-3752	VALID	STATIC_XML_CLEAR	1	NORMAL	REACHABLE_ORDINARY	component.7dad6e3e96728c2a7ff7af09
SSQ_CATACOMBS_NECROPOLIS	118d46324e7ff71ebc39b627b08b1a81b5cf101c5189474c37cd2f23a46370ea	NecropolisOfDevotion	data/spawns/Catacombs/NecropolisOfDevotion.xml	ssq02_1820_ssq16	territory:-4776:-4626:-44038,80890|-42201,80901|-42186,81551|-44037,81532	z:-4776:-4626	generated.farm.118d46324e7ff71ebc39b627.anchor	-43116	81218	-4736	-43100	81218	-4736	VALID	STATIC_XML_CLEAR	1	SCRIPT_CONDITIONAL	NATIVE_CONDITION_UNMODELED	component.4f51ad139140e844e92eec35
SSQ_CATACOMBS_NECROPOLIS	119f3c4e36792807ad5b593444a3717b1c840ae6396eea5c8d94eb1bada98564	NecropolisOfThePatriots	data/spawns/Catacombs/NecropolisOfThePatriots.xml	ssq03_1920_ssq21	territory:-5210:-5060:-12680,78495|-10834,78504|-10834,79145|-12685,79134	z:-5210:-5060	generated.farm.119f3c4e36792807ad5b5934.anchor	-11758	78820	-5168	-11742	78820	-5168	VALID	STATIC_XML_CLEAR	1	SCRIPT_CONDITIONAL	NATIVE_CONDITION_UNMODELED	component.888b1c386bb56285d9aedda1
IMPERIAL_TOMB	11e5c21033dc9a3f75ca7ebd9171001ae2f3349bac718a44c3aca9a2ea1829ab	ImperialTomb	data/spawns/Goddard/ImperialTomb.xml	godard14_2515_09	territory:-3423:-3123:174736,-81498|175468,-81493|175512,-80681|174691,-80692	z:-3423:-3123	generated.farm.11e5c21033dc9a3f75ca7ebd.anchor	175102	-81091	-3376	175118	-81091	-3376	VALID	STATIC_XML_CLEAR	1	NOBLESSE_CONDITIONAL	REACHABLE_CONDITIONAL	component.30e5cb07315a67a8381cbe8d
DEVILS_ISLE	121472eac71d68672f3b5cda59c2e36398dc158af9aad380c481122cbde509f9	DevilsIsle	data/spawns/Giran/DevilsIsle.xml	giran08_2124_011	territory:-3812:-3612:42538,204058|42829,203720|43790,204297|43759,204920|43002,205080	z:-3812:-3612	generated.farm.121472eac71d68672f3b5cda.anchor	43184	204415	-3752	43200	204415	-3752	VALID	STATIC_XML_CLEAR	1	NORMAL	REACHABLE_ORDINARY	component.d483d98f35fc6805675221f7
IMPERIAL_TOMB	121af166e52d46efe8e1e15df7401e723b15ecf3265639d4539316833f23d69a	ImperialTomb	data/spawns/Goddard/ImperialTomb.xml	godard14_2515_18	territory:-6005:-5705:189047,-84252|189801,-84247|189857,-83452|189048,-83434	z:-6005:-5705	generated.farm.121af166e52d46efe8e1e15d.anchor	189438	-83846	-5960	189454	-83846	-5960	VALID	STATIC_XML_CLEAR	1	NOBLESSE_CONDITIONAL	REACHABLE_CONDITIONAL	component.30e5cb07315a67a8381cbe8d
SSQ_CATACOMBS_NECROPOLIS	1224136f8fc673f1b51bce29d9b8dbae414187e4e2fbfe964d2f5260636561aa	NecropolisOfWorship	data/spawns/Catacombs/NecropolisOfWorship.xml	ssq09_2323_ssq26	territory:-5472:-5272:118396,183204|119024,183204|119024,184698|118396,184698	z:-5472:-5272	generated.farm.1224136f8fc673f1b51bce29.anchor	118710	183951	-5432	118726	183951	-5432	VALID	STATIC_XML_CLEAR	1	SCRIPT_CONDITIONAL	NATIVE_CONDITION_UNMODELED	component.b57dbd6b545f82c91f9e3a34
DEVILS_ISLE	1293ef162e479b96da1b6c37577b14fd8551f340eeec8d90355b7a6403c50626	DevilsIsle	data/spawns/Giran/DevilsIsle.xml	giran08_2124_096	territory:-3816:-3616:50944,214948|51568,213856|51528,215760|51084,215756	z:-3816:-3616	generated.farm.1293ef162e479b96da1b6c37.anchor	51281	215080	-3744	51297	215080	-3744	VALID	STATIC_XML_CLEAR	1	NORMAL	GEODATA_INTERNAL_BLOCKED	component.e0e9de08aed8a4181106cd3d
SSQ_CATACOMBS_NECROPOLIS	12fd50f59675f62ca8f388a4df60992daa5f969c2e4e235e2531ccb2c7e5be39	NecropolisOfSacrifice	data/spawns/Catacombs/NecropolisOfSacrifice.xml	ssq01_1824_ssq20	territory:-5121:-4971:-50904,218854|-50256,218854|-50265,220703|-50910,220709	z:-5121:-4971	generated.farm.12fd50f59675f62ca8f388a4.anchor	-50584	219780	-5080	-50568	219780	-5080	VALID	STATIC_XML_CLEAR	1	SCRIPT_CONDITIONAL	NATIVE_CONDITION_UNMODELED	component.ce7bae4e503482cb2b998003
SSQ_CATACOMBS_NECROPOLIS	1355043de8707cff09cf6e5fe78b7823339c2be500b7ca2c0d84ab689a0265b8	CatacombOfTheWitch	data/spawns/Catacombs/CatacombOfTheWitch.xml	ssq13_2420_ssq24	territory:-5464:-5264:142916,87537|143596,87537|143596,89416|142916,89436	z:-5464:-5264	generated.farm.1355043de8707cff09cf6e5f.anchor	143256	88482	-5424	143272	88482	-5424	VALID	STATIC_XML_CLEAR	1	SCRIPT_CONDITIONAL	NATIVE_CONDITION_UNMODELED	component.acae4dfbcc94433b54ab8989
SSQ_CATACOMBS_NECROPOLIS	1397bfd377efa65e7663748084dbe8c40217429cae76919f1105484a623ab84d	NecropolisOfTheSaints	data/spawns/Catacombs/NecropolisOfTheSaints.xml	ssq08_2224_ssq08	territory:-5472:-5272:87748,208892|88348,208908|88344,209560|87756,209552	z:-5472:-5272	generated.farm.1397bfd377efa65e76637480.anchor	88049	209228	-5432	88065	209228	-5432	VALID	STATIC_XML_CLEAR	1	SCRIPT_CONDITIONAL	NATIVE_CONDITION_UNMODELED	component.25ffd0d249e9435bb5e4c376
TOWER_OF_INSOLENCE	14348a8f43aa116e10eeab8a073fdd7589a668ccdc3a862e2fcae78181438da5	TowerOfInsolence	data/spawns/Aden/TowerOfInsolence.xml	aden33_2318_04	territory:-5144:-4944:112324,16666|113236,16408|114280,17364|114156,18423|113336,18063|112658,17408	z:-5144:-4944	generated.farm.14348a8f43aa116e10eeab8a.anchor	113332	17389	-5096	113348	17389	-5096	VALID	STATIC_XML_CLEAR	1	NORMAL	GEODATA_INTERNAL_BLOCKED	component.7d72d38887eee2fb71e3b558
SSQ_CATACOMBS_NECROPOLIS	14dd4475013e7cd5d1c5c9331eb07b94cd6ebff02b94bbe1a61fedb76633d015	NecropolisOfThePatriots	data/spawns/Catacombs/NecropolisOfThePatriots.xml	ssq03_1920_ssq22	territory:-5202:-5052:-11385,77069|-10770,77074|-10770,77672|-11386,77675	z:-5202:-5052	generated.farm.14dd4475013e7cd5d1c5c933.anchor	-11078	77372	-5168	-11062	77372	-5168	VALID	STATIC_XML_CLEAR	1	SCRIPT_CONDITIONAL	NATIVE_CONDITION_UNMODELED	component.888b1c386bb56285d9aedda1
TOWER_OF_INSOLENCE	15119b73d21e29db70861babb85055c004c08da905b8c28ee8f46e9ccff1b94d	TowerOfInsolence	data/spawns/Aden/TowerOfInsolence.xml	aden38_2318_01	territory:1912:2112:112816,15535|113915,15528|113924,16612|112820,16596	z:1912:2112	generated.farm.15119b73d21e29db70861bab.anchor	113369	16068	1944	113385	16068	1944	VALID	STATIC_XML_CLEAR	1	NORMAL	GEODATA_INTERNAL_BLOCKED	component.148d85709c0454e8e65cf118
TOWER_OF_INSOLENCE	16542edc6c4a46e070e283bb57eaaa4a88e3d69b0c097b0362d927a4e3b45c71	TowerOfInsolence	data/spawns/Aden/TowerOfInsolence.xml	aden37_2318_11	territory:896:1096:116288,17304|116984,17740|116312,18404|115864,17784	z:896:1096	generated.farm.16542edc6c4a46e070e283bb.anchor	116362	17808	928	116378	17808	928	VALID	STATIC_XML_CLEAR	1	NOBLESSE_CONDITIONAL	REACHABLE_CONDITIONAL	component.466c51ee761838d01643a1cf
SSQ_CATACOMBS_NECROPOLIS	1675ffdf5bad34f9390a592a9b847c9336e5aba6759a7bccad4d4429d22c29e3	CatacombOfTheApostate	data/spawns/Catacombs/CatacombOfTheApostate.xml	ssq11_2220_ssq04	territory:-8205:-8055:-19259,-247741|-18590,-247746|-18590,-245916|-19256,-245921	z:-8205:-8055	generated.farm.1675ffdf5bad34f9390a592a.anchor	-18924	-246831	-8160	-18908	-246831	-8160	VALID	STATIC_XML_CLEAR	1	SCRIPT_CONDITIONAL	NATIVE_CONDITION_UNMODELED	component.034a5b9796857e6f481e60f0
SSQ_CATACOMBS_NECROPOLIS	1698853987f9bb87d15b011c39102b04b7ec29e85a5a34d7366b22a627c2eb24	NecropolisOfThePatriots	data/spawns/Catacombs/NecropolisOfThePatriots.xml	ssq03_1920_ssq15	territory:-5212:-5062:-13996,77358|-12640,77365|-12638,78024|-13995,78025	z:-5212:-5062	generated.farm.1698853987f9bb87d15b011c.anchor	-13317	77693	-5168	-13301	77693	-5168	VALID	STATIC_XML_CLEAR	1	SCRIPT_CONDITIONAL	NATIVE_CONDITION_UNMODELED	component.888b1c386bb56285d9aedda1
IVORY_TOWER	16bac8f5d60fb97c6c1ab0007068ecc5c2215d6fdbd08fcd3b2c86cbc88bbb4d	IvoryTower	data/spawns/Oren/IvoryTower.xml	oren30_2218_19	territory:-3048:-2548:86480,1944|90504,2972|87476,5728|85944,6540	z:-3048:-2548	generated.farm.16bac8f5d60fb97c6c1ab000.anchor	87601	4296	-2776	87617	4296	-2776	VALID	STATIC_XML_CLEAR	1	NORMAL	CONTENT_TELEPORT_SEMANTIC_BLOCKED	component.b1dc9e88bd1824f6a094e9e6
SSQ_CATACOMBS_NECROPOLIS	16d3eaadb00606cc4275c2d29bbd8f38825e4bc3440f0dfbf9c5b1efa352b02b	NecropolisOfSacrifice	data/spawns/Catacombs/NecropolisOfSacrifice.xml	ssq01_1824_ssq28	territory:-5120:-4970:-52179,215532|-51556,215532|-51560,216123|-52179,216123	z:-5120:-4970	generated.farm.16d3eaadb00606cc4275c2d2.anchor	-51868	215828	-5080	-51852	215828	-5080	VALID	STATIC_XML_CLEAR	1	SCRIPT_CONDITIONAL	NATIVE_CONDITION_UNMODELED	component.ce7bae4e503482cb2b998003
DEVILS_ISLE	16ff11210a125a9bcc695726915aee8858bc63f6bb36435efe202e280a881c67	DevilsIsle	data/spawns/Giran/DevilsIsle.xml	giran08_2124_084	territory:-2504:-2304:53024,208754|54183,208754|54183,209567|53024,209567	z:-2504:-2304	generated.farm.16ff11210a125a9bcc695726.anchor	53604	208957	-2464	53620	208957	-2464	VALID	STATIC_XML_CLEAR	3	NORMAL	GEODATA_INTERNAL_BLOCKED	component.ff2770f1156bc4ee6cac8379
SSQ_CATACOMBS_NECROPOLIS	1706ad38d6ace1a27af6b8c0f27a5b7b5870c6b28d83f1a934ead55747375a0e	NecropolisOfWorship	data/spawns/Catacombs/NecropolisOfWorship.xml	ssq09_2323_ssq24	territory:-5472:-5272:116991,181365|117618,181365|117618,182860|116991,182860	z:-5472:-5272	generated.farm.1706ad38d6ace1a27af6b8c0.anchor	117304	182112	-5432	117320	182112	-5432	VALID	STATIC_XML_CLEAR	1	SCRIPT_CONDITIONAL	NATIVE_CONDITION_UNMODELED	component.b57dbd6b545f82c91f9e3a34
IVORY_TOWER	17bdaca7e4dac646d981ac1af013ae1e415607610aef0cdb368e96ca7786a1b5	IvoryTower	data/spawns/Oren/IvoryTower.xml	oren30_2218_15s	territory:-4060:-3560:75268,16644|77324,16176|77516,19112|74696,18908	z:-4060:-3560	generated.farm.17bdaca7e4dac646d981ac1a.anchor	76201	17710	-3848	76217	17710	-3848	VALID	STATIC_XML_CLEAR	1	NORMAL	CONTENT_TELEPORT_SEMANTIC_BLOCKED	component.bc032ee979ec8dbc31a95c72
SSQ_CATACOMBS_NECROPOLIS	1833ad968ba9491b2f027f6fb2efa7a2daf55529d16426f42d8e8fa89b625b23	CatacombOfTheHeretic	data/spawns/Catacombs/CatacombOfTheHeretic.xml	ssq06_2122_ssq35	territory:-7941:-7791:-47417,-249176|-46103,-249176|-46102,-248549|-47418,-248559	z:-7941:-7791	generated.farm.1833ad968ba9491b2f027f6f.anchor	-46760	-248865	-7904	-46744	-248865	-7904	VALID	STATIC_XML_CLEAR	1	SCRIPT_CONDITIONAL	NATIVE_CONDITION_UNMODELED	component.ac3253d25593857c65682608
SSQ_CATACOMBS_NECROPOLIS	187426bb30110951b41e0ba9b26c3c554154d1306532d947be85c5fba4e36299	NecropolisOfSacrifice	data/spawns/Catacombs/NecropolisOfSacrifice.xml	ssq01_1824_ssq07	territory:-5120:-4970:-46504,209828|-45850,209831|-45848,210435|-46506,210436	z:-5120:-4970	generated.farm.187426bb30110951b41e0ba9.anchor	-46177	210132	-5080	-46161	210132	-5080	VALID	STATIC_XML_CLEAR	1	SCRIPT_CONDITIONAL	NATIVE_CONDITION_UNMODELED	component.ce7bae4e503482cb2b998003
DEVILS_ISLE	197f72e29e8bdd3eb57c5280f1abe6fad853dbcc50b2cb9c7d90752deb700dd8	DevilsIsle	data/spawns/Giran/DevilsIsle.xml	giran08_2124_081	territory:-2492:-2292:51639,208195|52812,208195|52812,209649|51639,209649	z:-2492:-2292	generated.farm.197f72e29e8bdd3eb57c5280.anchor	52226	208922	-2464	52242	208922	-2464	VALID	STATIC_XML_CLEAR	1	NORMAL	GEODATA_INTERNAL_BLOCKED	component.ff2770f1156bc4ee6cac8379
DEVILS_ISLE	1991e88e53e504fb9709fedcd57684a322d43eb02ed82a0ff46adaedc0009b1a	DevilsIsle	data/spawns/Giran/DevilsIsle.xml	giran08_2124_016	territory:-3752:-3502:49420,207132|49564,207048|49620,207332|49614,207749|49422,207760	z:-3752:-3502	generated.farm.1991e88e53e504fb9709fedc.anchor	49528	207404	-3592	49544	207404	-3592	VALID	STATIC_XML_CLEAR	1	NORMAL	REACHABLE_ORDINARY	component.7dad6e3e96728c2a7ff7af09
TOWER_OF_INSOLENCE	19b705c8733ff6a4d1aa70e5014550f5753417b3e2ff3d8cd45bf9a167684460	TowerOfInsolence	data/spawns/Aden/TowerOfInsolence.xml	aden39_2318_06	territory:2912:3112:115224,14440|115764,14636|116320,15492|115376,15696|115144,15276	z:2912:3112	generated.farm.19b705c8733ff6a4d1aa70e5.anchor	115566	15108	2952	115582	15108	2952	VALID	STATIC_XML_CLEAR	1	NORMAL	GEODATA_INTERNAL_BLOCKED	component.981e489f57bd103042d6460d
SSQ_CATACOMBS_NECROPOLIS	19c0a589d1bc2d64301130c316e06bd7af82f637fe6b268853dfe15ed87427af	CatacombOfTheForbiddenPath	data/spawns/Catacombs/CatacombOfTheForbiddenPath.xml	ssq12_2320_ssq18	territory:-9612:-9412:22982,-248839|23578,-248823|23578,-248191|22986,-248179	z:-9612:-9412	generated.farm.19c0a589d1bc2d64301130c3.anchor	23281	-248508	-9576	23297	-248508	-9576	VALID	STATIC_XML_CLEAR	1	SCRIPT_CONDITIONAL	NATIVE_CONDITION_UNMODELED	component.137ee57453c450cb1450f091
IVORY_TOWER	1a48fe91a8f183a8493b72ff084d7359ffd834a6030c9ebd465387c6f229da39	IvoryTower	data/spawns/Oren/IvoryTower.xml	oren30_2218_07	territory:-3748:-3148:92912,19272|93728,19796|94420,24088|91652,25852|90904,21688	z:-3748:-3148	generated.farm.1a48fe91a8f183a8493b72ff.anchor	92723	22139	-3376	92739	22139	-3376	VALID	STATIC_XML_CLEAR	1	NORMAL	CONTENT_TELEPORT_SEMANTIC_BLOCKED	component.35a2999e53afdccb3407af95
DEVILS_ISLE	1a5bf02c5550c83f7d43221a5533c6f9fb11a41cc2125432186dc17c255d31e4	DevilsIsle	data/spawns/Giran/DevilsIsle.xml	giran08_2124_075	territory:-3056:-2706:50673,210566|51054,210572|51054,211317|50667,211311	z:-3056:-2706	generated.farm.1a5bf02c5550c83f7d43221a.anchor	50862	210942	-2904	50878	210942	-2904	VALID	STATIC_XML_CLEAR	1	NORMAL	GEODATA_INTERNAL_BLOCKED	component.ff2770f1156bc4ee6cac8379
SSQ_CATACOMBS_NECROPOLIS	1a644a094f10676256e9e90d6b2aff4c5ace3a8b54ef1bd5d7479da94407c3ff	NecropolisOfThePilgrims	data/spawns/Catacombs/NecropolisOfThePilgrims.xml	ssq07_2121_ssq14	territory:-5446:-5296:50615,123229|51256,123227|51251,123840|50615,123839	z:-5446:-5296	generated.farm.1a644a094f10676256e9e90d.anchor	50934	123534	-5408	50950	123534	-5408	VALID	STATIC_XML_CLEAR	1	SCRIPT_CONDITIONAL	NATIVE_CONDITION_UNMODELED	component.cbddc918f33160dda52bb64d
TOWER_OF_INSOLENCE	1a92ae130e1bc8689e0de0eb417a153974cee25efb005a938b6dcae6b770fe33	TowerOfInsolence	data/spawns/Aden/TowerOfInsolence.xml	aden39_2318_07	territory:2920:3270:113630,18089|115557,18118|115798,18610|115196,18792|114091,18791|113473,18545	z:2920:3270	generated.farm.1a92ae130e1bc8689e0de0eb.anchor	114624	18491	2952	114640	18491	2952	VALID	STATIC_XML_CLEAR	1	NORMAL	GEODATA_INTERNAL_BLOCKED	component.65aeb66c83afa711b591c761
SSQ_CATACOMBS_NECROPOLIS	1b4ae8465a8abe493a5a5e630cbd0b6b24a15098fd3fa61943b3345e3bfba139	NecropolisOfThePatriots	data/spawns/Catacombs/NecropolisOfThePatriots.xml	ssq03_1920_ssq11	territory:-5207:-5057:-17090,81663|-16482,81658|-16487,82313|-17088,82306	z:-5207:-5057	generated.farm.1b4ae8465a8abe493a5a5e63.anchor	-16787	81985	-5168	-16771	81985	-5168	VALID	STATIC_XML_CLEAR	1	SCRIPT_CONDITIONAL	NATIVE_CONDITION_UNMODELED	component.888b1c386bb56285d9aedda1
TOWER_OF_INSOLENCE	1b9733df6a323cccb89ba0fdde88ad2648aed0800f7f68f8c5f771a87b4077d8	TowerOfInsolence	data/spawns/Aden/TowerOfInsolence.xml	aden30_2318_03	territory:7956:8156:115340,15564|115696,15368|115872,15808|115888,16304|115612,16660|115360,16444	z:7956:8156	generated.farm.1b9733df6a323cccb89ba0fd.anchor	115628	16025	7992	115644	16025	7992	VALID	STATIC_XML_CLEAR	1	NORMAL	GEODATA_INTERNAL_BLOCKED	component.848b494c890f445d0623a3ca
SSQ_CATACOMBS_NECROPOLIS	1c56d78ffdac1b0da447c1f7bd9a5e5e6504124a4c537474049ec9aeb883a57f	CatacombOfDarkOmens	data/spawns/Catacombs/CatacombOfDarkOmens.xml	ssq03_1918_ssq14	territory:-4932:-4732:-13720,15280|-13060,15288|-13052,16628|-13728,16632	z:-4932:-4732	generated.farm.1c56d78ffdac1b0da447c1f7.anchor	-13390	15957	-4896	-13374	15957	-4896	VALID	STATIC_XML_CLEAR	1	SCRIPT_CONDITIONAL	NATIVE_CONDITION_UNMODELED	component.7ff0aa2ef025df3eed1760f6
IVORY_TOWER	1efdf32e79e5f96cb692ebe8ca91b83fb7492c66a087ba318def9334fbcb1320	IvoryTower	data/spawns/Oren/IvoryTower.xml	oren30_2218_15	territory:-4136:-3536:73616,14628|77552,15676|78108,20588|75168,20496|73480,18608	z:-4136:-3536	generated.farm.1efdf32e79e5f96cb692ebe8.anchor	75585	17999	-3736	75601	17999	-3736	VALID	STATIC_XML_CLEAR	1	NORMAL	CONTENT_TELEPORT_SEMANTIC_BLOCKED	component.bc032ee979ec8dbc31a95c72
SSQ_CATACOMBS_NECROPOLIS	1efea4bba5b81c2a561533d3258518238916b263c144289587451b6ab186f89f	NecropolisOfThePatriots	data/spawns/Catacombs/NecropolisOfThePatriots.xml	ssq03_1920_ssq04	territory:-5209:-5059:-20335,81661|-19005,81656|-19006,82324|-20325,82308	z:-5209:-5059	generated.farm.1efea4bba5b81c2a561533d3.anchor	-19668	81987	-5168	-19652	81987	-5168	VALID	STATIC_XML_CLEAR	1	SCRIPT_CONDITIONAL	NATIVE_CONDITION_UNMODELED	component.888b1c386bb56285d9aedda1
SSQ_CATACOMBS_NECROPOLIS	1f10b1e0161539b2693a8e7c25fe86d649c90e1e6317b0ab9241f893f1762c3f	CatacombOfTheHeretic	data/spawns/Catacombs/CatacombOfTheHeretic.xml	ssq06_2122_ssq26	territory:-7938:-7788:-47452,-244894|-46855,-244893|-46860,-244259|-47451,-244259	z:-7938:-7788	generated.farm.1f10b1e0161539b2693a8e7c.anchor	-47154	-244576	-7904	-47138	-244576	-7904	VALID	STATIC_XML_CLEAR	1	SCRIPT_CONDITIONAL	NATIVE_CONDITION_UNMODELED	component.ac3253d25593857c65682608
SSQ_CATACOMBS_NECROPOLIS	1f561880f97126e32e40700300dca137db71500bd80bebf60a372495ecd8776f	CatacombOfTheWitch	data/spawns/Catacombs/CatacombOfTheWitch.xml	ssq13_2420_ssq27	territory:-5464:-5264:145109,89637|145721,89637|145721,90275|145108,90275	z:-5464:-5264	generated.farm.1f561880f97126e32e407003.anchor	145415	89956	-5424	145431	89956	-5424	VALID	STATIC_XML_CLEAR	1	SCRIPT_CONDITIONAL	NATIVE_CONDITION_UNMODELED	component.acae4dfbcc94433b54ab8989
IVORY_TOWER	1f6e197c43cb1167e00878263f5670f6f11f77fa1c7039595c753e66fca56aa0	IvoryTower	data/spawns/Oren/IvoryTower.xml	oren29_2218_25	territory:-5348:-5148:80608,14032|82848,14204|82836,17716|79636,16232	z:-5348:-5148	generated.farm.1f6e197c43cb1167e0087826.anchor	81482	15546	-5288	81498	15546	-5288	VALID	STATIC_XML_CLEAR	1	NORMAL	CONTENT_TELEPORT_SEMANTIC_BLOCKED	component.a5d1f0d47d881f7cd428946a
TOWER_OF_INSOLENCE	1f7aa929a57feededa2de9de922bf54b65b6aedcc6ab900e2f35dac12613514d	TowerOfInsolence	data/spawns/Aden/TowerOfInsolence.xml	aden36_2318_09	territory:-684:-484:115180,13808|116020,14156|115516,15224|115004,14944	z:-684:-484	generated.farm.1f7aa929a57feededa2de9de.anchor	115430	14533	-640	115446	14533	-640	VALID	STATIC_XML_CLEAR	1	NORMAL	GEODATA_INTERNAL_BLOCKED	component.e9d26713aa8e26fbb5ba32d9
SSQ_CATACOMBS_NECROPOLIS	1fb9d0bbebef28d7a6755b1711ab21ade35d35b033ee80737666ce28cead72d4	NecropolisOfSacrifice	data/spawns/Catacombs/NecropolisOfSacrifice.xml	ssq01_1824_ssq02	territory:-5121:-4971:-43330,209922|-42679,209921|-42678,211805|-43330,211802	z:-5121:-4971	generated.farm.1fb9d0bbebef28d7a6755b17.anchor	-43004	210862	-5080	-42988	210862	-5080	VALID	STATIC_XML_CLEAR	1	SCRIPT_CONDITIONAL	NATIVE_CONDITION_UNMODELED	component.ce7bae4e503482cb2b998003
SSQ_CATACOMBS_NECROPOLIS	1fff8e2713e4428de21c69fe59eb7071bccba6c94f95fccdb7e3a5c0449f2684	NecropolisOfThePatriots	data/spawns/Catacombs/NecropolisOfThePatriots.xml	ssq03_1920_ssq06	territory:-5205:-5055:-19485,80383|-18884,80381|-18883,81024|-19486,81025	z:-5205:-5055	generated.farm.1fff8e2713e4428de21c69fe.anchor	-19184	80703	-5168	-19168	80703	-5168	VALID	STATIC_XML_CLEAR	1	SCRIPT_CONDITIONAL	NATIVE_CONDITION_UNMODELED	component.888b1c386bb56285d9aedda1
SSQ_CATACOMBS_NECROPOLIS	204bf5fbbd0b1cd84112187024d666cd80e20889e665fdec18c1ffa7f13dad09	CatacombOfTheBranded	data/spawns/Catacombs/CatacombOfTheBranded.xml	ssq05_2123_ssq11	territory:-5013:-4863:50888,174598|51491,174598|51486,175236|50885,175235	z:-5013:-4863	generated.farm.204bf5fbbd0b1cd841121870.anchor	51188	174917	-4976	51204	174917	-4976	VALID	STATIC_XML_CLEAR	1	SCRIPT_CONDITIONAL	NATIVE_CONDITION_UNMODELED	component.423662c72ad86bfe886c3b61
SSQ_CATACOMBS_NECROPOLIS	205714bc055cbdc0623ac4a42269f59152b7078a9c22b716290386dcfc4f403f	CatacombOfTheBranded	data/spawns/Catacombs/CatacombOfTheBranded.xml	ssq05_2123_ssq07	territory:-5014:-4864:46302,171254|48142,171258|48140,171913|46300,171917	z:-5014:-4864	generated.farm.205714bc055cbdc0623ac4a4.anchor	47221	171586	-4976	47237	171586	-4976	VALID	STATIC_XML_CLEAR	1	SCRIPT_CONDITIONAL	NATIVE_CONDITION_UNMODELED	component.423662c72ad86bfe886c3b61
SSQ_CATACOMBS_NECROPOLIS	2080129e73c88403e827ddd95f20cffde7bba2c56776201f8cf70c75a473b7fd	NecropolisOfMartyrdom	data/spawns/Catacombs/NecropolisOfMartyrdom.xml	ssq10_2322_ssq04	territory:-4860:-4660:119676,137048|121036,137080|121052,137752|119688,137720	z:-4860:-4660	generated.farm.2080129e73c88403e827ddd9.anchor	120363	137400	-4824	120379	137400	-4824	VALID	STATIC_XML_CLEAR	1	SCRIPT_CONDITIONAL	NATIVE_CONDITION_UNMODELED	component.7f829cb88cce9a71650cf187
SSQ_CATACOMBS_NECROPOLIS	217066659815bde21ba98e7ad637d0e41fbcfcabab72e10a1d6c33ba75dfad9c	CatacombOfDarkOmens	data/spawns/Catacombs/CatacombOfDarkOmens.xml	ssq03_1918_ssq15	territory:-4936:-4736:-13728,13200|-13064,13200|-13072,13800|-13720,13808	z:-4936:-4736	generated.farm.217066659815bde21ba98e7a.anchor	-13396	13502	-4896	-13380	13502	-4896	VALID	STATIC_XML_CLEAR	1	SCRIPT_CONDITIONAL	NATIVE_CONDITION_UNMODELED	component.7ff0aa2ef025df3eed1760f6
IVORY_TOWER	217709509636896b5442c4cab66946681d072c6d82c2dcabf1eddf099051eaec	IvoryTower	data/spawns/Oren/IvoryTower.xml	oren31_2218_04	territory:-3780:-3480:93504,120|98056,44|98116,4884|96020,4616|93264,3452	z:-3780:-3480	generated.farm.217709509636896b5442c4ca.anchor	95792	2623	-3720	95808	2623	-3720	VALID	STATIC_XML_CLEAR	1	NORMAL	CONTENT_TELEPORT_SEMANTIC_BLOCKED	component.4ae08505bb51f71e975b32ab
SSQ_CATACOMBS_NECROPOLIS	21c1af5b755e64f43abc4d48ae457dcaeb28f3a2d06908561482c05ae2558405	NecropolisOfTheSaints	data/spawns/Catacombs/NecropolisOfTheSaints.xml	ssq08_2224_ssq19	territory:-5472:-5272:93447,214574|94051,214578|94043,215230|93443,215242	z:-5472:-5272	generated.farm.21c1af5b755e64f43abc4d48.anchor	93746	214906	-5432	93762	214906	-5432	VALID	STATIC_XML_CLEAR	1	SCRIPT_CONDITIONAL	NATIVE_CONDITION_UNMODELED	component.25ffd0d249e9435bb5e4c376
TOWER_OF_INSOLENCE	21dd5b73d1286b655f16b3d3666130f6057e5e0d7495e9cc9534a2b49f876deb	TowerOfInsolence	data/spawns/Aden/TowerOfInsolence.xml	aden28_2318_12	territory:5948:6148:112324,17684|112974,17290|113424,17752|112999,18372	z:5948:6148	generated.farm.21dd5b73d1286b655f16b3d3.anchor	112930	17774	5984	112946	17774	5984	VALID	STATIC_XML_CLEAR	1	NOBLESSE_CONDITIONAL	REACHABLE_CONDITIONAL	component.94d63f443e7d478ef61f2020
IVORY_TOWER	226106c6653b35fb70c062dfb393942555e0ac499450918fea6706b15a41f36c	IvoryTower	data/spawns/Oren/IvoryTower.xml	oren30_2218_06	territory:-4008:-2708:92196,8776|96640,9676|97980,10272|98048,18088|94764,16956|91924,11044	z:-4008:-2708	generated.farm.226106c6653b35fb70c062df.anchor	95259	12469	-3536	95275	12469	-3536	VALID	STATIC_XML_CLEAR	1	NORMAL	CONTENT_TELEPORT_SEMANTIC_BLOCKED	component.c4b636c9eb8016830063ad9d
TOWER_OF_INSOLENCE	22894ed980b07d9ed7524684bbd0c3385a9aa278ab60c773f9653e8dd34873a7	TowerOfInsolence	data/spawns/Aden/TowerOfInsolence.xml	aden37_2318_03	territory:888:1088:115300,14424|116260,15200|116476,16280|116296,16916|115296,16512	z:888:1088	generated.farm.22894ed980b07d9ed7524684.anchor	115926	15866	928	115942	15866	928	VALID	STATIC_XML_CLEAR	1	NOBLESSE_CONDITIONAL	REACHABLE_CONDITIONAL	component.466c51ee761838d01643a1cf
SSQ_CATACOMBS_NECROPOLIS	24200e656cbe6d203b91ed80eeafd780fc30f35bd6fa89a87c6ee5f26a7f9d98	NecropolisOfSacrifice	data/spawns/Catacombs/NecropolisOfSacrifice.xml	ssq01_1824_ssq06	territory:-5115:-4965:-44683,209918|-44020,209918|-44030,211793|-44683,211795	z:-5115:-4965	generated.farm.24200e656cbe6d203b91ed80.anchor	-44354	210856	-5080	-44338	210856	-5080	VALID	STATIC_XML_CLEAR	1	SCRIPT_CONDITIONAL	NATIVE_CONDITION_UNMODELED	component.ce7bae4e503482cb2b998003
SSQ_CATACOMBS_NECROPOLIS	245c4d2c36c72c11043e56fe9288223870f69234ae6ea13c8a40526a5fa0300f	CatacombOfTheApostate	data/spawns/Catacombs/CatacombOfTheApostate.xml	ssq11_2220_ssq23	territory:-8196:-8046:-11300,-240803|-10694,-240799|-10695,-240161|-11294,-240161	z:-8196:-8046	generated.farm.245c4d2c36c72c11043e56fe.anchor	-10996	-240481	-8160	-10980	-240481	-8160	VALID	STATIC_XML_CLEAR	1	SCRIPT_CONDITIONAL	NATIVE_CONDITION_UNMODELED	component.8cc66fc483e1de46aa83df99
DEVILS_ISLE	249a7831febb71267b349c4a78047ce2a4967ba751ecbd6d6090bb710f54ca14	DevilsIsle	data/spawns/Giran/DevilsIsle.xml	giran08_2124_057	territory:-3632:-3432:48397,218429|49158,218215|49559,218856|48972,219565|48430,219304	z:-3632:-3432	generated.farm.249a7831febb71267b349c4a.anchor	48903	218874	-3584	48919	218874	-3584	VALID	STATIC_XML_CLEAR	1	NORMAL	GEODATA_INTERNAL_BLOCKED	component.7f1849df7353a6814d7442f4
SSQ_CATACOMBS_NECROPOLIS	249f18a0a95fdea3e77c5b7f35d32ff0030ae000f355d1d260b3bd405c7683b0	NecropolisOfSacrifice	data/spawns/Catacombs/NecropolisOfSacrifice.xml	ssq01_1824_ssq35	territory:-5119:-4969:-49970,209793|-48619,209811|-48623,210453|-49974,210453	z:-5119:-4969	generated.farm.249f18a0a95fdea3e77c5b7f.anchor	-49296	210128	-5080	-49280	210128	-5080	VALID	STATIC_XML_CLEAR	1	SCRIPT_CONDITIONAL	NATIVE_CONDITION_UNMODELED	component.ce7bae4e503482cb2b998003
TOWER_OF_INSOLENCE	24f120d6ef183ba4092b62202e07debb05f940f4b29915bc707450f25f68d331	TowerOfInsolence	data/spawns/Aden/TowerOfInsolence.xml	aden36_2318_07	territory:-692:-492:115844,15896|117436,15624|117420,16456|115824,16208	z:-692:-492	generated.farm.24f120d6ef183ba4092b6220.anchor	116631	16046	-640	116647	16046	-640	VALID	STATIC_XML_CLEAR	1	NORMAL	GEODATA_INTERNAL_BLOCKED	component.e9d26713aa8e26fbb5ba32d9
DEVILS_ISLE	24f298f8535b7f3ab04b423a1f31a8eaddc4eb10355216e08f63d31a5a904173	DevilsIsle	data/spawns/Giran/DevilsIsle.xml	giran08_2124_008	territory:-4268:-3918:41938,201923|42319,201754|42475,202032|42158,202642|41856,202672	z:-4268:-3918	generated.farm.24f298f8535b7f3ab04b423a.anchor	42149	202205	-4112	42165	202205	-4112	VALID	STATIC_XML_CLEAR	1	NORMAL	REACHABLE_ORDINARY	component.d483d98f35fc6805675221f7
SSQ_CATACOMBS_NECROPOLIS	25b4d8712a378b3a94b41e2b2ead70258c7c0acd435aad08669bbb9acecaf212	NecropolisOfMartyrdom	data/spawns/Catacombs/NecropolisOfMartyrdom.xml	ssq10_2322_ssq06	territory:-4864:-4664:120566,135809|121170,135801|121158,136453|120568,136449	z:-4864:-4664	generated.farm.25b4d8712a378b3a94b41e2b.anchor	120866	136128	-4824	120882	136128	-4824	VALID	STATIC_XML_CLEAR	1	SCRIPT_CONDITIONAL	NATIVE_CONDITION_UNMODELED	component.7f829cb88cce9a71650cf187
SSQ_CATACOMBS_NECROPOLIS	25c4cceb85a64afa16b7b0e9f45f60ba39f91ca897ddb0b228620c1b20b75648	CatacombOfTheWitch	data/spawns/Catacombs/CatacombOfTheWitch.xml	ssq13_2420_ssq03	territory:-5464:-5264:145102,79366|145715,79366|145715,80003|145102,80003	z:-5464:-5264	generated.farm.25c4cceb85a64afa16b7b0e9.anchor	145408	79684	-5424	145424	79684	-5424	VALID	STATIC_XML_CLEAR	1	SCRIPT_CONDITIONAL	NATIVE_CONDITION_UNMODELED	component.acae4dfbcc94433b54ab8989
SSQ_CATACOMBS_NECROPOLIS	2667a812e0761a158b3828cd6be5ed7c269e6adb626ea671cfdaad9a1b0565b1	NecropolisOfMartyrdom	data/spawns/Catacombs/NecropolisOfMartyrdom.xml	ssq10_2322_ssq02	territory:-4872:-4672:118608,134356|119320,134348|119280,135712|118620,135704	z:-4872:-4672	generated.farm.2667a812e0761a158b3828cd.anchor	118957	135030	-4824	118973	135030	-4824	VALID	STATIC_XML_CLEAR	1	SCRIPT_CONDITIONAL	NATIVE_CONDITION_UNMODELED	component.7f829cb88cce9a71650cf187
SSQ_CATACOMBS_NECROPOLIS	269fe5493d1dd3df4d6f36d46af2be96eb6f4b22d1b1f86284dd0ba4ac20cba9	CatacombOfTheHeretic	data/spawns/Catacombs/CatacombOfTheHeretic.xml	ssq06_2122_ssq30	territory:-7948:-7798:-43595,-247862|-42266,-247868|-42263,-247240|-43593,-247237	z:-7948:-7798	generated.farm.269fe5493d1dd3df4d6f36d4.anchor	-42929	-247552	-7904	-42913	-247552	-7904	VALID	STATIC_XML_CLEAR	1	SCRIPT_CONDITIONAL	NATIVE_CONDITION_UNMODELED	component.ac3253d25593857c65682608
DEVILS_ISLE	26cdc2a0529f8dbd600d5562ed30c3751a6d07d85bb89f83e12203b85e9cd4cc	DevilsIsle	data/spawns/Giran/DevilsIsle.xml	giran08_2124_078	territory:-2740:-2540:49135,207867|51120,207877|51116,209461|49131,209451	z:-2740:-2540	generated.farm.26cdc2a0529f8dbd600d5562.anchor	50127	208268	-2704	50143	208268	-2704	VALID	STATIC_XML_CLEAR	3	NORMAL	GEODATA_INTERNAL_BLOCKED	component.e6486aaf726eb88a26331312
SSQ_CATACOMBS_NECROPOLIS	28006d2f7dec79379a60a30c20ccb82a0d524a2f4513c2c22ade3ab1f72c74fe	NecropolisOfTheSaints	data/spawns/Catacombs/NecropolisOfTheSaints.xml	ssq08_2224_ssq26	territory:-5480:-5280:91506,215777|92190,215773|92178,217125|91510,217141	z:-5480:-5280	generated.farm.28006d2f7dec79379a60a30c.anchor	91846	216454	-5432	91862	216454	-5432	VALID	STATIC_XML_CLEAR	1	SCRIPT_CONDITIONAL	NATIVE_CONDITION_UNMODELED	component.25ffd0d249e9435bb5e4c376
DEVILS_ISLE	28f24d17defb1e40d4c3f2720984755d1506822b57d5f79609094d76b122082c	DevilsIsle	data/spawns/Giran/DevilsIsle.xml	giran08_2124_074	territory:-3056:-2856:51216,210670|52631,210682|52643,211856|51227,211845	z:-3056:-2856	generated.farm.28f24d17defb1e40d4c3f272.anchor	51929	211263	-3024	51945	211263	-3024	VALID	STATIC_XML_CLEAR	1	NORMAL	GEODATA_INTERNAL_BLOCKED	component.f8a915a58ecee07bec545d7b
SSQ_CATACOMBS_NECROPOLIS	29463d5f8a204936fd6d1f7fb1a3720537980f8b77de364f59621fe0ad79847a	NecropolisOfTheDisciples	data/spawns/Catacombs/NecropolisOfTheDisciples.xml	ssq14_2517_ssq31	territory:-4940:-4740:180134,-11345|180821,-11345|180821,-9511|180134,-9511	z:-4940:-4740	generated.farm.29463d5f8a204936fd6d1f7f.anchor	180478	-10428	-4896	180494	-10428	-4896	VALID	STATIC_XML_CLEAR	1	SCRIPT_CONDITIONAL	NATIVE_CONDITION_UNMODELED	component.a0f27b0f5d7a1a00f782ed4b
TOWER_OF_INSOLENCE	29545a8470779c4c7100df8f085148ffff6d114c7957cc1beff974f30510082a	TowerOfInsolence	data/spawns/Aden/TowerOfInsolence.xml	aden37_2318_07	territory:896:1096:112320,14392|112992,13736|113456,14508|113024,14888	z:896:1096	generated.farm.29545a8470779c4c7100df8f.anchor	112948	14381	928	112964	14381	928	VALID	STATIC_XML_CLEAR	1	NOBLESSE_CONDITIONAL	REACHABLE_CONDITIONAL	component.466c51ee761838d01643a1cf
TOWER_OF_INSOLENCE	29e0f904e6b1dcc9bad64bd5d4149a4465e5576a2fb110db2c22772d0172ea9b	TowerOfInsolence	data/spawns/Aden/TowerOfInsolence.xml	aden29_2318_04	territory:6961:7161:114772,13805|115710,14092|114835,14859|114204,14333	z:6961:7161	generated.farm.29e0f904e6b1dcc9bad64bd5.anchor	114880	14272	6992	114896	14272	6992	VALID	STATIC_XML_CLEAR	1	NORMAL	GEODATA_INTERNAL_BLOCKED	component.e8b7fcd9ec1c3e4343dc48be
SSQ_CATACOMBS_NECROPOLIS	29f4cdd25506f6a5d8cacaa5f260d6660de78166003b55ae62d0468230bcb454	NecropolisOfSacrifice	data/spawns/Catacombs/NecropolisOfSacrifice.xml	ssq01_1824_ssq19	territory:-5115:-4965:-47589,220129|-46950,220133|-46952,220727|-47587,220732	z:-5115:-4965	generated.farm.29f4cdd25506f6a5d8cacaa5.anchor	-47270	220430	-5080	-47254	220430	-5080	VALID	STATIC_XML_CLEAR	1	SCRIPT_CONDITIONAL	NATIVE_CONDITION_UNMODELED	component.ce7bae4e503482cb2b998003
SSQ_CATACOMBS_NECROPOLIS	29fd6a1983a590ef1852e4494d0bbec47da30170733ad290193248466fd12c88	CatacombOfDarkOmens	data/spawns/Catacombs/CatacombOfDarkOmens.xml	ssq03_1918_ssq02	territory:-4936:-4736:-14768,13216|-14184,13216|-14188,13788|-14780,13780	z:-4936:-4736	generated.farm.29fd6a1983a590ef1852e449.anchor	-14480	13500	-4896	-14464	13500	-4896	VALID	STATIC_XML_CLEAR	1	SCRIPT_CONDITIONAL	NATIVE_CONDITION_UNMODELED	component.7ff0aa2ef025df3eed1760f6
SSQ_CATACOMBS_NECROPOLIS	2a19e379290b17275b21d585162c1802c615d197748f6bc37f7f8ea90399fca0	CatacombOfDarkOmens	data/spawns/Catacombs/CatacombOfDarkOmens.xml	ssq03_1918_ssq17	territory:-4932:-4732:-9112,14320|-8464,14292|-8464,14864|-9108,14888	z:-4932:-4732	generated.farm.2a19e379290b17275b21d585.anchor	-8787	14591	-4896	-8771	14591	-4896	VALID	STATIC_XML_CLEAR	1	SCRIPT_CONDITIONAL	NATIVE_CONDITION_UNMODELED	component.7ff0aa2ef025df3eed1760f6
DEVILS_ISLE	2a5ab13cb674a6200d5ff19cdef2fff2b687abc8bfe7472307a2a83934f68d47	DevilsIsle	data/spawns/Giran/DevilsIsle.xml	giran08_2124_035	territory:-3764:-3564:42805,214266|43627,214195|43386,214355|42805,214405	z:-3764:-3564	generated.farm.2a5ab13cb674a6200d5ff19c.anchor	43156	214305	-3688	43172	214305	-3688	VALID	STATIC_XML_CLEAR	1	NORMAL	REACHABLE_ORDINARY	component.7dad6e3e96728c2a7ff7af09
SSQ_CATACOMBS_NECROPOLIS	2a60a9b26103a40f7de9897aadf34e0919bcf3bb07fe3e936d66c82f65e1764d	CatacombOfTheApostate	data/spawns/Catacombs/CatacombOfTheApostate.xml	ssq11_2220_ssq34	territory:-8201:-8051:-11681,-250964|-11010,-250967|-11000,-249104|-11681,-249110	z:-8201:-8051	generated.farm.2a60a9b26103a40f7de9897a.anchor	-11343	-250036	-8160	-11327	-250036	-8160	VALID	STATIC_XML_CLEAR	1	SCRIPT_CONDITIONAL	NATIVE_CONDITION_UNMODELED	component.57f0e0e922696c300bda0f84
SSQ_CATACOMBS_NECROPOLIS	2a66a50f8960e89c914744b256f1a0c60b17c1264b6418653f99d5d4457cc30b	NecropolisOfTheDisciples	data/spawns/Catacombs/NecropolisOfTheDisciples.xml	ssq14_2517_ssq09	territory:-4936:-4736:178018,-17932|178680,-17926|178680,-17310|178018,-17316	z:-4936:-4736	generated.farm.2a66a50f8960e89c914744b2.anchor	178349	-17621	-4896	178365	-17621	-4896	VALID	STATIC_XML_CLEAR	1	SCRIPT_CONDITIONAL	NATIVE_CONDITION_UNMODELED	component.a0f27b0f5d7a1a00f782ed4b
SSQ_CATACOMBS_NECROPOLIS	2abf69ec00b777339013198cc5df9487fdf0bad19fd0a760d3cf8d7811b62347	CatacombOfTheWitch	data/spawns/Catacombs/CatacombOfTheWitch.xml	ssq13_2420_ssq29	territory:-5464:-5264:149482,85069|150162,85069|150162,86948|149482,86968	z:-5464:-5264	generated.farm.2abf69ec00b777339013198c.anchor	149822	86014	-5424	149838	86014	-5424	VALID	STATIC_XML_CLEAR	1	SCRIPT_CONDITIONAL	NATIVE_CONDITION_UNMODELED	component.acae4dfbcc94433b54ab8989
SSQ_CATACOMBS_NECROPOLIS	2b4188b0ab61c62d92bc2a5b9f5fa158012530c67a76406d8201fd513420c6f2	CatacombOfTheHeretic	data/spawns/Catacombs/CatacombOfTheHeretic.xml	ssq06_2122_ssq34	territory:-7945:-7795:-47473,-250571|-46840,-250563|-46837,-249971|-47474,-249963	z:-7945:-7795	generated.farm.2b4188b0ab61c62d92bc2a5b.anchor	-47156	-250267	-7904	-47140	-250267	-7904	VALID	STATIC_XML_CLEAR	1	SCRIPT_CONDITIONAL	NATIVE_CONDITION_UNMODELED	component.ac3253d25593857c65682608
DEVILS_ISLE	2b62b01782e484a9d8d6e20d934acfea0f6de17efa4df7d313283b5a09099b66	DevilsIsle	data/spawns/Giran/DevilsIsle.xml	giran08_2124_066	territory:-3464:-3264:49464,213202|50764,213202|50764,214368|49464,214368	z:-3464:-3264	generated.farm.2b62b01782e484a9d8d6e20d.anchor	50114	213785	-3364	50130	213785	-3364	VALID	STATIC_XML_CLEAR	1	NORMAL	GEODATA_INTERNAL_BLOCKED	component.9d855ecdaec0c033d5dd0519
SSQ_CATACOMBS_NECROPOLIS	2bd572419a9adb3789fbf99af637c351ea1cc4e00638d2c4b99cda4e95cb16f5	CatacombOfTheForbiddenPath	data/spawns/Catacombs/CatacombOfTheForbiddenPath.xml	ssq12_2320_ssq13	territory:-9612:-9412:20385,-246710|21053,-246686|21057,-244814|20393,-244806	z:-9612:-9412	generated.farm.2bd572419a9adb3789fbf99a.anchor	20722	-245754	-9576	20738	-245754	-9576	VALID	STATIC_XML_CLEAR	1	SCRIPT_CONDITIONAL	NATIVE_CONDITION_UNMODELED	component.137ee57453c450cb1450f091
DEVILS_ISLE	2cc58b1a38dda7cf0aa18860b2be2703dcc532783244b93a793fd59feba10895	DevilsIsle	data/spawns/Giran/DevilsIsle.xml	giran08_2124_064	territory:-3464:-3264:48846,212831|49319,212831|49319,213840|48846,213840	z:-3464:-3264	generated.farm.2cc58b1a38dda7cf0aa18860.anchor	49082	213336	-3424	49098	213336	-3424	VALID	STATIC_XML_CLEAR	1	NORMAL	GEODATA_INTERNAL_BLOCKED	component.b1474d324cb4546b583f5011
IVORY_TOWER	2d32bdebdb137fca96b7641029a87234cadf94cd94de1fd0e23f322a20bf834e	IvoryTower	data/spawns/Oren/IvoryTower.xml	oren30_2218_17	territory:-3652:-3052:74760,7460|77336,3776|82516,8340|78816,11160	z:-3652:-3052	generated.farm.2d32bdebdb137fca96b76410.anchor	78357	7684	-3248	78373	7684	-3248	VALID	STATIC_XML_CLEAR	1	NORMAL	CONTENT_TELEPORT_SEMANTIC_BLOCKED	component.d2540f22de6143b2d3545771
SSQ_CATACOMBS_NECROPOLIS	2d7a858e21c84292c89bb6802b547411244cd7b09a6583651a09c8c7675163c5	CatacombOfTheHeretic	data/spawns/Catacombs/CatacombOfTheHeretic.xml	ssq06_2122_ssq20	territory:-7949:-7799:-46021,-240251|-44694,-240246|-44696,-239624|-46026,-239619	z:-7949:-7799	generated.farm.2d7a858e21c84292c89bb680.anchor	-45359	-239935	-7904	-45343	-239935	-7904	VALID	STATIC_XML_CLEAR	1	SCRIPT_CONDITIONAL	NATIVE_CONDITION_UNMODELED	component.ac3253d25593857c65682608
SSQ_CATACOMBS_NECROPOLIS	2d8cff9cca38c2cab30f31564fbae980ed35c9ad51e8ce63c59163f6827f9b11	NecropolisOfTheDisciples	data/spawns/Catacombs/NecropolisOfTheDisciples.xml	ssq14_2517_ssq08	territory:-4936:-4736:176947,-17912|177610,-17907|177610,-17290|176947,-17296	z:-4936:-4736	generated.farm.2d8cff9cca38c2cab30f3156.anchor	177278	-17601	-4896	177294	-17601	-4896	VALID	STATIC_XML_CLEAR	1	SCRIPT_CONDITIONAL	NATIVE_CONDITION_UNMODELED	component.a0f27b0f5d7a1a00f782ed4b
SSQ_CATACOMBS_NECROPOLIS	2ddd5ca1723fbd4350de8c15401970a76c6fa6fc0893f627545d24b5a500fc0f	NecropolisOfTheSaints	data/spawns/Catacombs/NecropolisOfTheSaints.xml	ssq08_2224_ssq21	territory:-5468:-5268:93448,219212|94044,219220|94048,219844|93452,219860	z:-5468:-5268	generated.farm.2ddd5ca1723fbd4350de8c15.anchor	93748	219534	-5432	93764	219534	-5432	VALID	STATIC_XML_CLEAR	1	SCRIPT_CONDITIONAL	NATIVE_CONDITION_UNMODELED	component.25ffd0d249e9435bb5e4c376
SSQ_CATACOMBS_NECROPOLIS	2e22b7f7fee9eda5e1d9c2e823756d16d622f4bcb08e1445862175439878dcf0	NecropolisOfDevotion	data/spawns/Catacombs/NecropolisOfDevotion.xml	ssq02_1820_ssq14	territory:-4776:-4626:-46517,78792|-45920,78795|-45929,79416|-46523,79409	z:-4776:-4626	generated.farm.2e22b7f7fee9eda5e1d9c2e8.anchor	-46222	79103	-4736	-46206	79103	-4736	VALID	STATIC_XML_CLEAR	1	SCRIPT_CONDITIONAL	NATIVE_CONDITION_UNMODELED	component.4f51ad139140e844e92eec35
SSQ_CATACOMBS_NECROPOLIS	2ef967be2a098437fd8e58c550857afe8091c8a25be3697b99bf185492cc32bf	CatacombOfTheWitch	data/spawns/Catacombs/CatacombOfTheWitch.xml	ssq13_2420_ssq28	territory:-5464:-5264:146179,85061|146791,85061|146791,85698|146178,85698	z:-5464:-5264	generated.farm.2ef967be2a098437fd8e58c5.anchor	146485	85380	-5424	146501	85380	-5424	VALID	STATIC_XML_CLEAR	1	SCRIPT_CONDITIONAL	NATIVE_CONDITION_UNMODELED	component.acae4dfbcc94433b54ab8989
TOWER_OF_INSOLENCE	2fada487fac12271c0037c27232db643d1db664520c072236253f2e23e60d04e	TowerOfInsolence	data/spawns/Aden/TowerOfInsolence.xml	aden36_2318_10	territory:-684:-484:112844,14432|114072,13680|114348,14880|114044,15016	z:-684:-484	generated.farm.2fada487fac12271c0037c27.anchor	113827	14502	-640	113843	14502	-640	VALID	STATIC_XML_CLEAR	1	NORMAL	GEODATA_INTERNAL_BLOCKED	component.e3a795c7ee3945430982959b
SSQ_CATACOMBS_NECROPOLIS	2fb0193af98dcc2f57a373809e996e944851147ae1009baf6466d69ed21bdf5b	CatacombOfTheForbiddenPath	data/spawns/Catacombs/CatacombOfTheForbiddenPath.xml	ssq12_2320_ssq01	territory:-9612:-9412:12721,-247378|14645,-247366|14637,-246714|12717,-246698	z:-9612:-9412	generated.farm.2fb0193af98dcc2f57a37380.anchor	13680	-247039	-9576	13696	-247039	-9576	VALID	STATIC_XML_CLEAR	1	SCRIPT_CONDITIONAL	NATIVE_CONDITION_UNMODELED	component.137ee57453c450cb1450f091
SSQ_CATACOMBS_NECROPOLIS	2fc61e68b781ea77503e4b76b5cac89f35a2cd3827afaa0af9ae47ee7fd55488	NecropolisOfThePilgrims	data/spawns/Catacombs/NecropolisOfThePilgrims.xml	ssq07_2121_ssq11	territory:-5446:-5296:49540,118633|50167,118633|50172,119228|49539,119225	z:-5446:-5296	generated.farm.2fc61e68b781ea77503e4b76.anchor	49854	118930	-5408	49870	118930	-5408	VALID	STATIC_XML_CLEAR	1	SCRIPT_CONDITIONAL	NATIVE_CONDITION_UNMODELED	component.cbddc918f33160dda52bb64d
SSQ_CATACOMBS_NECROPOLIS	2fd48d343710dce716912c2370807654009adadced6c2d68776afd9fdc073c8d	CatacombOfTheWitch	data/spawns/Catacombs/CatacombOfTheWitch.xml	ssq13_2420_ssq16	territory:-5464:-5264:146177,83964|146789,83964|146789,84601|146177,84601	z:-5464:-5264	generated.farm.2fd48d343710dce716912c23.anchor	146483	84282	-5424	146499	84282	-5424	VALID	STATIC_XML_CLEAR	1	SCRIPT_CONDITIONAL	NATIVE_CONDITION_UNMODELED	component.acae4dfbcc94433b54ab8989
DEVILS_ISLE	2fe934bf9b1f2ea6ecf22537baf8dcedf20c87d8ad40e836b43f2b6de832b486	DevilsIsle	data/spawns/Giran/DevilsIsle.xml	giran08_2124_052	territory:-3620:-3420:45982,220162|46833,219847|47189,220185|47166,220974|46576,221032|46003,220831	z:-3620:-3420	generated.farm.2fe934bf9b1f2ea6ecf22537.anchor	46625	220505	-3584	46641	220505	-3584	VALID	STATIC_XML_CLEAR	1	NORMAL	REACHABLE_ORDINARY	component.7dad6e3e96728c2a7ff7af09
TOWER_OF_INSOLENCE	30885b273c841b3ff2e45627702f91ce28efb1211a34f19a7c8caa56a88c6f1a	TowerOfInsolence	data/spawns/Aden/TowerOfInsolence.xml	aden41_2318_05	territory:4938:5288:116067,15011|116352,15796|116355,16403|116118,17012|115014,16046	z:4938:5288	generated.farm.30885b273c841b3ff2e45627.anchor	115981	16054	4976	115997	16054	4976	VALID	STATIC_XML_CLEAR	1	NORMAL	GEODATA_INTERNAL_BLOCKED	component.99dcad1a15840c409f9d1a6a
SSQ_CATACOMBS_NECROPOLIS	30d33bf4c637d6c2112a24eb565ceff18de4b973af6bffab037eff1e0e63a783	CatacombOfDarkOmens	data/spawns/Catacombs/CatacombOfDarkOmens.xml	ssq03_1918_ssq04	territory:-4936:-4736:-18248,14324|-17624,14352|-17632,14932|-18244,14924	z:-4936:-4736	generated.farm.30d33bf4c637d6c2112a24eb.anchor	-17937	14633	-4896	-17921	14633	-4896	VALID	STATIC_XML_CLEAR	1	SCRIPT_CONDITIONAL	NATIVE_CONDITION_UNMODELED	component.7ff0aa2ef025df3eed1760f6
SSQ_CATACOMBS_NECROPOLIS	30f61be39ea53798d6fec605169f35a8e1427b88f158921d1da411e814f847b5	NecropolisOfDevotion	data/spawns/Catacombs/NecropolisOfDevotion.xml	ssq02_1820_ssq07	territory:-4775:-4625:-47635,78803|-46991,78804|-46993,79402|-47633,79404	z:-4775:-4625	generated.farm.30f61be39ea53798d6fec605.anchor	-47313	79103	-4736	-47297	79103	-4736	VALID	STATIC_XML_CLEAR	1	SCRIPT_CONDITIONAL	NATIVE_CONDITION_UNMODELED	component.4f51ad139140e844e92eec35
SSQ_CATACOMBS_NECROPOLIS	3126ff3f19cb0b0cbb14edcb694d39b8bab6ee74acad32feb6bbb6c28e1e192a	CatacombOfTheHeretic	data/spawns/Catacombs/CatacombOfTheHeretic.xml	ssq06_2122_ssq28	territory:-7942:-7792:-42837,-244899|-42253,-244899|-42248,-244253|-42836,-244259	z:-7942:-7792	generated.farm.3126ff3f19cb0b0cbb14edcb.anchor	-42544	-244578	-7904	-42528	-244578	-7904	VALID	STATIC_XML_CLEAR	1	SCRIPT_CONDITIONAL	NATIVE_CONDITION_UNMODELED	component.ac3253d25593857c65682608
IMPERIAL_TOMB	31d3d6cc3b1f562a81bcb068e458e4002891231f4493f98c8b2c7fda824e3e4f	ImperialTomb	data/spawns/Goddard/ImperialTomb.xml	godard14_2515_06	territory:-2775:-2475:174676,-75761|175457,-75739|175449,-74942|174703,-74937	z:-2775:-2475	generated.farm.31d3d6cc3b1f562a81bcb068.anchor	175071	-75345	-2728	175087	-75345	-2728	VALID	STATIC_XML_CLEAR	1	NOBLESSE_CONDITIONAL	REACHABLE_CONDITIONAL	component.30e5cb07315a67a8381cbe8d
DEVILS_ISLE	32030ead7ab63c0f3ff5d307a14b57b2a86c3321c3f1ad8481366bf277784961	DevilsIsle	data/spawns/Giran/DevilsIsle.xml	giran08_2124_039	territory:-3808:-3608:45112,212320|46048,212280|46280,212392|46224,212980|45261,212938|45068,212504	z:-3808:-3608	generated.farm.32030ead7ab63c0f3ff5d307.anchor	45666	212569	-3752	45682	212569	-3752	VALID	STATIC_XML_CLEAR	1	NORMAL	REACHABLE_ORDINARY	component.7dad6e3e96728c2a7ff7af09
SSQ_CATACOMBS_NECROPOLIS	322088d8e2413ec8dda897f962f50d2dacb62b8186742192ee398919d69b780f	CatacombOfTheWitch	data/spawns/Catacombs/CatacombOfTheWitch.xml	ssq13_2420_ssq25	territory:-5464:-5264:144338,87774|145809,87774|145809,88411|144338,88411	z:-5464:-5264	generated.farm.322088d8e2413ec8dda897f9.anchor	145074	88092	-5424	145090	88092	-5424	VALID	STATIC_XML_CLEAR	1	SCRIPT_CONDITIONAL	NATIVE_CONDITION_UNMODELED	component.acae4dfbcc94433b54ab8989
TOWER_OF_INSOLENCE	3236e8990f1472c15614db024530c684181800f170aa76aad579a7afa547e103	TowerOfInsolence	data/spawns/Aden/TowerOfInsolence.xml	aden41_2318_04	territory:4940:5290:115677,16833|116066,17170|115415,17670|115180,17333	z:4940:5290	generated.farm.3236e8990f1472c15614db02.anchor	115584	17252	4976	115600	17252	4976	VALID	STATIC_XML_CLEAR	1	NORMAL	GEODATA_INTERNAL_BLOCKED	component.a8d7176ce477e121053ae874
DEVILS_ISLE	32ffd656856492185c94d6c7133ced9213917612717010ad6c360198304dd9a6	DevilsIsle	data/spawns/Giran/DevilsIsle.xml	giran08_2124_027	territory:-3624:-3424:47212,211356|47601,211356|47583,211710|47521,211813|47269,211811	z:-3624:-3424	generated.farm.32ffd656856492185c94d6c7.anchor	47437	211609	-3592	47453	211609	-3592	VALID	STATIC_XML_CLEAR	1	NORMAL	GEODATA_INTERNAL_BLOCKED	component.80d09a3ec083a851c10fe6af
IMPERIAL_TOMB	33630bee515c5257b2db0fe8e1ab7526b102194ef25d2285429494b0241be946	ImperialTomb	data/spawns/Goddard/ImperialTomb.xml	godard14_2515_05	territory:-2778:-2478:177505,-75734|178286,-75713|178278,-74915|177532,-74910	z:-2778:-2478	generated.farm.33630bee515c5257b2db0fe8.anchor	177900	-75318	-2728	177916	-75318	-2728	VALID	STATIC_XML_CLEAR	1	NOBLESSE_CONDITIONAL	REACHABLE_CONDITIONAL	component.30e5cb07315a67a8381cbe8d
SSQ_CATACOMBS_NECROPOLIS	336edb6d4915e749622dc1cad9a9460ed58ed3de51b25825840f9699e1bcb62f	NecropolisOfTheDisciples	data/spawns/Catacombs/NecropolisOfTheDisciples.xml	ssq14_2517_ssq12	territory:-4936:-4736:178019,-13303|178682,-13297|178682,-12681|178019,-12686	z:-4936:-4736	generated.farm.336edb6d4915e749622dc1ca.anchor	178350	-12992	-4896	178366	-12992	-4896	VALID	STATIC_XML_CLEAR	1	SCRIPT_CONDITIONAL	NATIVE_CONDITION_UNMODELED	component.a0f27b0f5d7a1a00f782ed4b
SSQ_CATACOMBS_NECROPOLIS	33bbac33c48859b4b7e4b4b86eb42e3905a0419369f3de6524a3e0439076bce9	NecropolisOfMartyrdom	data/spawns/Catacombs/NecropolisOfMartyrdom.xml	ssq10_2322_ssq19	territory:-4864:-4664:128638,132457|129242,132449|129230,133101|128639,133097	z:-4864:-4664	generated.farm.33bbac33c48859b4b7e4b4b8.anchor	128937	132776	-4824	128953	132776	-4824	VALID	STATIC_XML_CLEAR	1	SCRIPT_CONDITIONAL	NATIVE_CONDITION_UNMODELED	component.7f829cb88cce9a71650cf187
SSQ_CATACOMBS_NECROPOLIS	340044959286187ac023ca9379947f01dc67f50a16489c05a6e33e19d41fbc3d	CatacombOfDarkOmens	data/spawns/Catacombs/CatacombOfDarkOmens.xml	ssq03_1918_ssq12	territory:-4932:-4732:-11708,17772|-10352,17796|-10348,18456|-11720,18412	z:-4932:-4732	generated.farm.340044959286187ac023ca93.anchor	-11032	18109	-4896	-11016	18109	-4896	VALID	STATIC_XML_CLEAR	1	SCRIPT_CONDITIONAL	NATIVE_CONDITION_UNMODELED	component.7ff0aa2ef025df3eed1760f6
TOWER_OF_INSOLENCE	3413c5fcc9c6f53a135987ee7e42e4c866885bbbdb2596a1be8a4f7c804c5e6a	TowerOfInsolence	data/spawns/Aden/TowerOfInsolence.xml	aden34_2318_01	territory:-3644:-3444:113844,16052|114576,15244|115488,16116|114684,16904	z:-3644:-3444	generated.farm.3413c5fcc9c6f53a135987ee.anchor	114648	16079	-3608	114664	16079	-3608	VALID	STATIC_XML_CLEAR	1	NORMAL	GEODATA_INTERNAL_BLOCKED	component.946bc50fb4f9b7d5dc1e33a8
SSQ_CATACOMBS_NECROPOLIS	34983e4180282ea7b921031376e8ee75c5ad0a6cc0369484154c55f6a4ef7d60	CatacombOfTheBranded	data/spawns/Catacombs/CatacombOfTheBranded.xml	ssq05_2123_ssq38	territory:-5014:-4864:54677,170020|55307,170018|55301,171367|54680,171368	z:-5014:-4864	generated.farm.34983e4180282ea7b9210313.anchor	54991	170693	-4976	55007	170693	-4976	VALID	STATIC_XML_CLEAR	1	SCRIPT_CONDITIONAL	NATIVE_CONDITION_UNMODELED	component.423662c72ad86bfe886c3b61
SSQ_CATACOMBS_NECROPOLIS	351543fd990f16534e3f9feff79cf097f87195566857f2cadd00256ad7d3a326	NecropolisOfTheSaints	data/spawns/Catacombs/NecropolisOfTheSaints.xml	ssq08_2224_ssq14	territory:-5472:-5272:92440,211332|93820,211336|93816,212016|92444,212012	z:-5472:-5272	generated.farm.351543fd990f16534e3f9fef.anchor	93130	211674	-5432	93146	211674	-5432	VALID	STATIC_XML_CLEAR	1	SCRIPT_CONDITIONAL	NATIVE_CONDITION_UNMODELED	component.25ffd0d249e9435bb5e4c376
TOWER_OF_INSOLENCE	3588e5c8988f06d4ceca49d27d88268620bb3386e6b0302e6a5fd62535cfe891	TowerOfInsolence	data/spawns/Aden/TowerOfInsolence.xml	aden38_2318_02	territory:1904:2104:114093,14243|115256,14256|115240,15260|114119,15214	z:1904:2104	generated.farm.3588e5c8988f06d4ceca49d2.anchor	114677	14743	1944	114693	14743	1944	VALID	STATIC_XML_CLEAR	1	NORMAL	GEODATA_INTERNAL_BLOCKED	component.54ac5c46bc7ab0a2267920e7
DEVILS_ISLE	36715714c54c1ca62f741941cd479566c7e96713cc74fb23d00a80c9074f76f6	DevilsIsle	data/spawns/Giran/DevilsIsle.xml	giran08_2124_020	territory:-4048:-3848:51296,205421|51788,205266|51496,205621|51072,205896	z:-4048:-3848	generated.farm.36715714c54c1ca62f741941.anchor	51413	205551	-4000	51429	205551	-4000	VALID	STATIC_XML_CLEAR	1	NORMAL	DOOR_STATE_BLOCKED	component.384e4c8741007db93511437a
SSQ_CATACOMBS_NECROPOLIS	367ef00209b76ec30dc5a704036dfd16a49dc04aeb337843683594ac5b0ea7a6	NecropolisOfSacrifice	data/spawns/Catacombs/NecropolisOfSacrifice.xml	ssq01_1824_ssq32	territory:-5120:-4970:-52187,214440|-51556,214442|-51555,215047|-52188,215043	z:-5120:-4970	generated.farm.367ef00209b76ec30dc5a704.anchor	-51872	214743	-5080	-51856	214743	-5080	VALID	STATIC_XML_CLEAR	1	SCRIPT_CONDITIONAL	NATIVE_CONDITION_UNMODELED	component.ce7bae4e503482cb2b998003
DEVILS_ISLE	36d876c83cca0fb5e4428f1f3bd24cd3f986ef164dc203a85b5ddd4f94560940	DevilsIsle	data/spawns/Giran/DevilsIsle.xml	giran08_2124_013	territory:-3683:-3483:46427,204961|47040,205041|47151,206130|46967,206686|45939,206427|45717,206109|45717,205188	z:-3683:-3483	generated.farm.36d876c83cca0fb5e4428f1f.anchor	46423	205792	-3616	46439	205792	-3616	VALID	STATIC_XML_CLEAR	1	NORMAL	REACHABLE_ORDINARY	component.7dad6e3e96728c2a7ff7af09
SSQ_CATACOMBS_NECROPOLIS	37579b30c23046c4efee2de604cf13258673fe729c3580f01b9442c1494b7424	NecropolisOfTheDisciples	data/spawns/Catacombs/NecropolisOfTheDisciples.xml	ssq14_2517_ssq10	territory:-4936:-4736:177994,-16054|179457,-16054|179457,-15357|177994,-15357	z:-4936:-4736	generated.farm.37579b30c23046c4efee2de6.anchor	178726	-15706	-4896	178742	-15706	-4896	VALID	STATIC_XML_CLEAR	1	SCRIPT_CONDITIONAL	NATIVE_CONDITION_UNMODELED	component.a0f27b0f5d7a1a00f782ed4b
SSQ_CATACOMBS_NECROPOLIS	378cb6a28e9789124c8fba40d62080444db4b2ff6c2b84ec4fa9d173c13dad9f	NecropolisOfTheDisciples	data/spawns/Catacombs/NecropolisOfTheDisciples.xml	ssq14_2517_ssq23	territory:-4936:-4736:172323,-7640|172985,-7635|172985,-7018|172323,-7024	z:-4936:-4736	generated.farm.378cb6a28e9789124c8fba40.anchor	172654	-7329	-4896	172670	-7329	-4896	VALID	STATIC_XML_CLEAR	1	SCRIPT_CONDITIONAL	NATIVE_CONDITION_UNMODELED	component.a0f27b0f5d7a1a00f782ed4b
SSQ_CATACOMBS_NECROPOLIS	383b2f11c773c501d5a80426f02246aa3b5b679afc413d936d9506c496b0b173	NecropolisOfThePilgrims	data/spawns/Catacombs/NecropolisOfThePilgrims.xml	ssq07_2121_ssq06	territory:-5448:-5298:46202,120836|46841,120836|46842,121436|46197,121437	z:-5448:-5298	generated.farm.383b2f11c773c501d5a80426.anchor	46520	121136	-5408	46536	121136	-5408	VALID	STATIC_XML_CLEAR	1	SCRIPT_CONDITIONAL	NATIVE_CONDITION_UNMODELED	component.cbddc918f33160dda52bb64d
TOWER_OF_INSOLENCE	385751f2260dd472c5fdd9450da8010dc6346d76c94eb644dcc540d3582e8609	TowerOfInsolence	data/spawns/Aden/TowerOfInsolence.xml	aden39_2318_02	territory:2921:3271:114168,14322|114719,14269|114587,14937|114032,15014|113713,14527	z:2921:3271	generated.farm.385751f2260dd472c5fdd945.anchor	114244	14614	2952	114260	14614	2952	VALID	STATIC_XML_CLEAR	1	NORMAL	GEODATA_INTERNAL_BLOCKED	component.3e4361aad8ffbf3a73a94f46
SSQ_CATACOMBS_NECROPOLIS	385a239327b15485053be27b74d7984c016b3526dad61ecf9f4a3839ac240a1e	NecropolisOfSacrifice	data/spawns/Catacombs/NecropolisOfSacrifice.xml	ssq01_1824_ssq12	territory:-5120:-4970:-44658,215480|-43282,215499|-43282,216153|-44645,216148	z:-5120:-4970	generated.farm.385a239327b15485053be27b.anchor	-43967	215820	-5080	-43951	215820	-5080	VALID	STATIC_XML_CLEAR	1	SCRIPT_CONDITIONAL	NATIVE_CONDITION_UNMODELED	component.ce7bae4e503482cb2b998003
SSQ_CATACOMBS_NECROPOLIS	387b0be3d56a392ad8b1e89bb751d3ff04d49c51af805ff1878d0fca66a221fc	NecropolisOfTheDisciples	data/spawns/Catacombs/NecropolisOfTheDisciples.xml	ssq14_2517_ssq30	territory:-4936:-4736:178029,-10358|179492,-10358|179492,-9661|178029,-9661	z:-4936:-4736	generated.farm.387b0be3d56a392ad8b1e89b.anchor	178760	-10010	-4896	178776	-10010	-4896	VALID	STATIC_XML_CLEAR	1	SCRIPT_CONDITIONAL	NATIVE_CONDITION_UNMODELED	component.a0f27b0f5d7a1a00f782ed4b
TOWER_OF_INSOLENCE	38b68e68ac3353a432b2e59274e5363fbe08702192539d9234c73338c8a1b557	TowerOfInsolence	data/spawns/Aden/TowerOfInsolence.xml	aden40_2318_04	territory:3930:4280:115235,15268|116040,14944|116445,15878|115613,16210	z:3930:4280	generated.farm.38b68e68ac3353a432b2e592.anchor	115833	15575	3960	115849	15575	3960	VALID	STATIC_XML_CLEAR	1	NORMAL	GEODATA_INTERNAL_BLOCKED	component.a1b53bce22fbf4c9b69281cd
SSQ_CATACOMBS_NECROPOLIS	38ff42ddcc0311b1e4e682f952561258eb8ef1f8251a8ca79ff79b861c4cb0e6	NecropolisOfDevotion	data/spawns/Catacombs/NecropolisOfDevotion.xml	ssq02_1820_ssq12	territory:-4778:-4628:-46551,80831|-45880,80831|-45878,82156|-46564,82157	z:-4778:-4628	generated.farm.38ff42ddcc0311b1e4e682f9.anchor	-46218	81494	-4736	-46202	81494	-4736	VALID	STATIC_XML_CLEAR	1	SCRIPT_CONDITIONAL	NATIVE_CONDITION_UNMODELED	component.4f51ad139140e844e92eec35
SSQ_CATACOMBS_NECROPOLIS	392ea33b266f0084d650762d84ca357606cc48ac03269bd8e2abe6b15a422362	CatacombOfTheApostate	data/spawns/Catacombs/CatacombOfTheApostate.xml	ssq11_2220_ssq20	territory:-8199:-8049:-15920,-240777|-15283,-240773|-15273,-240185|-15916,-240185	z:-8199:-8049	generated.farm.392ea33b266f0084d650762d.anchor	-15598	-240480	-8160	-15582	-240480	-8160	VALID	STATIC_XML_CLEAR	1	SCRIPT_CONDITIONAL	NATIVE_CONDITION_UNMODELED	component.194e37a0cd5f379b003b8008
SSQ_CATACOMBS_NECROPOLIS	394d01a43ab95d6a6bdd5ada12d3fd6871e4283eaad2edaac6c3fd0c1d1fb7d4	CatacombOfTheHeretic	data/spawns/Catacombs/CatacombOfTheHeretic.xml	ssq06_2122_ssq03	territory:-7943:-7793:-49996,-250421|-49357,-250435|-49353,-248609|-49997,-248607	z:-7943:-7793	generated.farm.394d01a43ab95d6a6bdd5ada.anchor	-49676	-249518	-7904	-49660	-249518	-7904	VALID	STATIC_XML_CLEAR	1	SCRIPT_CONDITIONAL	NATIVE_CONDITION_UNMODELED	component.ac3253d25593857c65682608
SSQ_CATACOMBS_NECROPOLIS	396084bbf6aac8a47ed1aae708c6f946f1c0ef0fe689e83be8e3d0892e73d3a3	NecropolisOfTheSaints	data/spawns/Catacombs/NecropolisOfTheSaints.xml	ssq08_2224_ssq02	territory:-5472:-5272:83104,210548|83776,210552|83788,211920|83116,211924	z:-5472:-5272	generated.farm.396084bbf6aac8a47ed1aae7.anchor	83446	211236	-5432	83462	211236	-5432	VALID	STATIC_XML_CLEAR	1	SCRIPT_CONDITIONAL	NATIVE_CONDITION_UNMODELED	component.25ffd0d249e9435bb5e4c376
SSQ_CATACOMBS_NECROPOLIS	3a1c061a9e55ce326ab3c6cac426430805cf9b094b381a8b903b475faf1806fb	NecropolisOfThePatriots	data/spawns/Catacombs/NecropolisOfThePatriots.xml	ssq03_1920_ssq02	territory:-5211:-5061:-21394,78949|-20744,78947|-20746,80286|-21396,80291	z:-5211:-5061	generated.farm.3a1c061a9e55ce326ab3c6ca.anchor	-21070	79618	-5168	-21054	79618	-5168	VALID	STATIC_XML_CLEAR	1	SCRIPT_CONDITIONAL	NATIVE_CONDITION_UNMODELED	component.888b1c386bb56285d9aedda1
SSQ_CATACOMBS_NECROPOLIS	3a9be162209ff07747c647274580c372ca56a71a99d20de49f45da16ba737dc8	NecropolisOfMartyrdom	data/spawns/Catacombs/NecropolisOfMartyrdom.xml	ssq10_2322_ssq10	territory:-4864:-4664:122955,137122|123559,137114|123547,137766|122956,137762	z:-4864:-4664	generated.farm.3a9be162209ff07747c64727.anchor	123254	137441	-4824	123270	137441	-4824	VALID	STATIC_XML_CLEAR	1	SCRIPT_CONDITIONAL	NATIVE_CONDITION_UNMODELED	component.7f829cb88cce9a71650cf187
SSQ_CATACOMBS_NECROPOLIS	3b2d40192a6c2a5e067e68d31a54c58188a4360eda047f54279411613611688f	CatacombOfTheHeretic	data/spawns/Catacombs/CatacombOfTheHeretic.xml	ssq06_2122_ssq16	territory:-7943:-7793:-48557,-244873|-47925,-244876|-47927,-244280|-48557,-244273	z:-7943:-7793	generated.farm.3b2d40192a6c2a5e067e68d3.anchor	-48242	-244576	-7904	-48226	-244576	-7904	VALID	STATIC_XML_CLEAR	1	SCRIPT_CONDITIONAL	NATIVE_CONDITION_UNMODELED	component.ac3253d25593857c65682608
SSQ_CATACOMBS_NECROPOLIS	3b5553f9452f89ab745d128364dcfa51e89e20dc5c936d210c083c328e10ba2d	CatacombOfTheApostate	data/spawns/Catacombs/CatacombOfTheApostate.xml	ssq11_2220_ssq21	territory:-8199:-8049:-14817,-240794|-14217,-240799|-14210,-240164|-14818,-240165	z:-8199:-8049	generated.farm.3b5553f9452f89ab745d1283.anchor	-14516	-240480	-8160	-14500	-240480	-8160	VALID	STATIC_XML_CLEAR	1	SCRIPT_CONDITIONAL	NATIVE_CONDITION_UNMODELED	component.194e37a0cd5f379b003b8008
SSQ_CATACOMBS_NECROPOLIS	3bd8505b98417cedfb4364148527b687fd04da86cea7b39b26ca23936ef0ea44	NecropolisOfMartyrdom	data/spawns/Catacombs/NecropolisOfMartyrdom.xml	ssq10_2322_ssq16	territory:-4872:-4672:125382,136341|126094,136333|126054,137697|125394,137689	z:-4872:-4672	generated.farm.3bd8505b98417cedfb436414.anchor	125731	137015	-4824	125747	137015	-4824	VALID	STATIC_XML_CLEAR	1	SCRIPT_CONDITIONAL	NATIVE_CONDITION_UNMODELED	component.7f829cb88cce9a71650cf187
SSQ_CATACOMBS_NECROPOLIS	3befc0d846cd6c1108f82c3fb51a0d8223b76ce7fe2ab49b6181cc0f794d32b3	NecropolisOfThePatriots	data/spawns/Catacombs/NecropolisOfThePatriots.xml	ssq03_1920_ssq16	territory:-5214:-5064:-14855,78190|-14222,78193|-14225,78799|-14859,78796	z:-5214:-5064	generated.farm.3befc0d846cd6c1108f82c3f.anchor	-14540	78494	-5168	-14524	78494	-5168	VALID	STATIC_XML_CLEAR	1	SCRIPT_CONDITIONAL	NATIVE_CONDITION_UNMODELED	component.888b1c386bb56285d9aedda1
SSQ_CATACOMBS_NECROPOLIS	3c15ba00387af7117c32f024f88eed56f6d86f611737c06770c690d4832f824d	CatacombOfTheForbiddenPath	data/spawns/Catacombs/CatacombOfTheForbiddenPath.xml	ssq12_2320_ssq03	territory:-9612:-9412:12645,-244198|13241,-244182|13241,-243550|12649,-243538	z:-9612:-9412	generated.farm.3c15ba00387af7117c32f024.anchor	12944	-243867	-9576	12960	-243867	-9576	VALID	STATIC_XML_CLEAR	1	SCRIPT_CONDITIONAL	NATIVE_CONDITION_UNMODELED	component.137ee57453c450cb1450f091
IVORY_TOWER	3c52992cdb950669fe043d64d2b960271e3973cd80d9dd6117cfc63a0f3c1a77	IvoryTower	data/spawns/Oren/IvoryTower.xml	oren29_2218_28	territory:-5368:-5068:87980,17520|90184,18284|89864,20844|88228,21936|87536,18752	z:-5368:-5068	generated.farm.3c52992cdb950669fe043d64.anchor	88758	19467	-5272	88774	19467	-5272	VALID	STATIC_XML_CLEAR	1	NORMAL	CONTENT_TELEPORT_SEMANTIC_BLOCKED	component.8fae88a9ca6151ec84e486c8
SSQ_CATACOMBS_NECROPOLIS	3d7e77b408a6d678ac86110cb0876b78f851e293d80e7353d6217172fdc1616b	NecropolisOfTheDisciples	data/spawns/Catacombs/NecropolisOfTheDisciples.xml	ssq14_2517_ssq20	territory:-4932:-4732:175034,-12276|175687,-12276|175687,-10810|175034,-10810	z:-4932:-4732	generated.farm.3d7e77b408a6d678ac86110c.anchor	175360	-11543	-4896	175376	-11543	-4896	VALID	STATIC_XML_CLEAR	1	SCRIPT_CONDITIONAL	NATIVE_CONDITION_UNMODELED	component.a0f27b0f5d7a1a00f782ed4b
SSQ_CATACOMBS_NECROPOLIS	3d93145133cdb9d41a7fc1536050a20015ca4abd5e2409a1331f7851f773d4d4	CatacombOfTheHeretic	data/spawns/Catacombs/CatacombOfTheHeretic.xml	ssq06_2122_ssq36	territory:-7945:-7795:-44993,-248091|-44330,-248093|-44325,-246247|-44988,-246249	z:-7945:-7795	generated.farm.3d93145133cdb9d41a7fc153.anchor	-44659	-247170	-7904	-44643	-247170	-7904	VALID	STATIC_XML_CLEAR	1	SCRIPT_CONDITIONAL	NATIVE_CONDITION_UNMODELED	component.ac3253d25593857c65682608
SSQ_CATACOMBS_NECROPOLIS	3ec8ab2927080b096f96c20296ca0d3bfc9b17df037e97b8e9560d5708cc2a34	CatacombOfTheBranded	data/spawns/Catacombs/CatacombOfTheBranded.xml	ssq05_2123_ssq40	territory:-5014:-4864:54448,172083|56298,172079|56293,172756|54449,172753	z:-5014:-4864	generated.farm.3ec8ab2927080b096f96c202.anchor	55372	172418	-4976	55388	172418	-4976	VALID	STATIC_XML_CLEAR	1	SCRIPT_CONDITIONAL	NATIVE_CONDITION_UNMODELED	component.423662c72ad86bfe886c3b61
SSQ_CATACOMBS_NECROPOLIS	3ec95888f5d87f3a6a17cba0da5683eb7ab878c8318be1ac6591acbca98739e7	NecropolisOfTheSaints	data/spawns/Catacombs/NecropolisOfTheSaints.xml	ssq08_2224_ssq10	territory:-5484:-5284:88836,208888|89428,208896|89432,209548|88840,209540	z:-5484:-5284	generated.farm.3ec95888f5d87f3a6a17cba0.anchor	89134	209218	-5432	89150	209218	-5432	VALID	STATIC_XML_CLEAR	1	SCRIPT_CONDITIONAL	NATIVE_CONDITION_UNMODELED	component.25ffd0d249e9435bb5e4c376
SSQ_CATACOMBS_NECROPOLIS	3f09e7b9f6a783e6bf6e24979d24f6f7f5a504d9e9dbc1e27426b334985d418e	NecropolisOfTheDisciples	data/spawns/Catacombs/NecropolisOfTheDisciples.xml	ssq14_2517_ssq17	territory:-4936:-4736:182644,-13338|183306,-13333|183306,-12717|182644,-12722	z:-4936:-4736	generated.farm.3f09e7b9f6a783e6bf6e2497.anchor	182975	-13028	-4896	182991	-13028	-4896	VALID	STATIC_XML_CLEAR	1	SCRIPT_CONDITIONAL	NATIVE_CONDITION_UNMODELED	component.a0f27b0f5d7a1a00f782ed4b
DEVILS_ISLE	3f1497cd3cf69b18164eb3d88db78887a2740cf95547b345ccd5111286ca01a5	DevilsIsle	data/spawns/Giran/DevilsIsle.xml	giran08_2124_043	territory:-4004:-3754:44651,215939|45506,215904|45800,216139|45755,216622|44699,216573	z:-4004:-3754	generated.farm.3f1497cd3cf69b18164eb3d8.anchor	45282	216235	-3904	45298	216235	-3904	VALID	STATIC_XML_CLEAR	1	NORMAL	REACHABLE_ORDINARY	component.7dad6e3e96728c2a7ff7af09
DEVILS_ISLE	3f6dc2670fb114808c8d7b12356d821c937080fcf8f541427361b6aae446fa31	DevilsIsle	data/spawns/Giran/DevilsIsle.xml	giran08_2124_085	territory:-2496:-2296:53037,210358|53946,210358|53946,211161|53027,211152	z:-2496:-2296	generated.farm.3f6dc2670fb114808c8d7b12.anchor	53489	210757	-2456	53505	210757	-2456	VALID	STATIC_XML_CLEAR	1	NORMAL	GEODATA_INTERNAL_BLOCKED	component.ff2770f1156bc4ee6cac8379
TOWER_OF_INSOLENCE	403a97d5d0f4793379684a5187d3741e246d08732c7873c25d2f40ca2a53d99f	TowerOfInsolence	data/spawns/Aden/TowerOfInsolence.xml	aden36_2318_01	territory:-688:-488:111900,15636|113436,15896|113424,16200|111856,16500	z:-688:-488	generated.farm.403a97d5d0f4793379684a51.anchor	112654	16058	-640	112670	16058	-640	VALID	STATIC_XML_CLEAR	1	NORMAL	GEODATA_INTERNAL_BLOCKED	component.e3a795c7ee3945430982959b
DEVILS_ISLE	40af9f40b57ea9cd42e3aaf70d0b04039c0bffc549aa7c89f7d859df43630ca2	DevilsIsle	data/spawns/Giran/DevilsIsle.xml	giran08_2124_097	territory:-3380:-3180:52092,214964|52344,214960|52596,215340|51824,215360	z:-3380:-3180	generated.farm.40af9f40b57ea9cd42e3aaf7.anchor	52214	215156	-3336	52230	215156	-3336	VALID	STATIC_XML_CLEAR	1	NORMAL	GEODATA_INTERNAL_BLOCKED	component.0c7a220129ea30c810b4135c
SSQ_CATACOMBS_NECROPOLIS	411bb1eea7867f144db6f36cc7ea18b97668a7051bbabc15949574a2696730bf	NecropolisOfThePatriots	data/spawns/Catacombs/NecropolisOfThePatriots.xml	ssq03_1920_ssq26	territory:-5212:-5062:-17427,84778|-16766,84774|-16775,86105|-17438,86102	z:-5212:-5062	generated.farm.411bb1eea7867f144db6f36c.anchor	-17102	85440	-5168	-17086	85440	-5168	VALID	STATIC_XML_CLEAR	1	SCRIPT_CONDITIONAL	NATIVE_CONDITION_UNMODELED	component.888b1c386bb56285d9aedda1
SSQ_CATACOMBS_NECROPOLIS	419347cbcb442f2e7dc003dad442ccd3a4153e30e087c42fee7fb31fe613ef14	NecropolisOfSacrifice	data/spawns/Catacombs/NecropolisOfSacrifice.xml	ssq01_1824_ssq22	territory:-5116:-4966:-52200,216878|-51528,216882|-51541,218202|-52219,218203	z:-5116:-4966	generated.farm.419347cbcb442f2e7dc003da.anchor	-51872	217541	-5080	-51856	217541	-5080	VALID	STATIC_XML_CLEAR	1	SCRIPT_CONDITIONAL	NATIVE_CONDITION_UNMODELED	component.ce7bae4e503482cb2b998003
SSQ_CATACOMBS_NECROPOLIS	4193b9085223359f9148e1553a7a9cbbdd6e367dce325446f593864c986ab8fd	CatacombOfTheBranded	data/spawns/Catacombs/CatacombOfTheBranded.xml	ssq05_2123_ssq39	territory:-5015:-4865:56582,169989|57176,169978|57174,170620|56577,170613	z:-5015:-4865	generated.farm.4193b9085223359f9148e155.anchor	56877	170300	-4976	56893	170300	-4976	VALID	STATIC_XML_CLEAR	1	SCRIPT_CONDITIONAL	NATIVE_CONDITION_UNMODELED	component.423662c72ad86bfe886c3b61
DEVILS_ISLE	41f9a2919fea6b533d03885dcf0c001cb4391f65f69e69e261f87d359902a408	DevilsIsle	data/spawns/Giran/DevilsIsle.xml	giran08_2124_083	territory:-2500:-2300:52995,209651|54689,209647|54689,210278|52995,210282	z:-2500:-2300	generated.farm.41f9a2919fea6b533d03885d.anchor	53842	209964	-2464	53858	209964	-2464	VALID	STATIC_XML_CLEAR	1	NORMAL	GEODATA_INTERNAL_BLOCKED	component.ff2770f1156bc4ee6cac8379
SSQ_CATACOMBS_NECROPOLIS	420e0649ca6d8ecf25fb5ab2e233b62e5dac8f898c44d2669347ff29ff05a5f9	CatacombOfTheHeretic	data/spawns/Catacombs/CatacombOfTheHeretic.xml	ssq06_2122_ssq13	territory:-7943:-7793:-52202,-241007|-51557,-241003|-51564,-239725|-52198,-239720	z:-7943:-7793	generated.farm.420e0649ca6d8ecf25fb5ab2.anchor	-51880	-240364	-7904	-51864	-240364	-7904	VALID	STATIC_XML_CLEAR	1	SCRIPT_CONDITIONAL	NATIVE_CONDITION_UNMODELED	component.ac3253d25593857c65682608
IVORY_TOWER	42a564e97d407a738d1ed79765a2ba140fc3cd666f9812c902fc26e086171872	IvoryTower	data/spawns/Oren/IvoryTower.xml	oren30_2218_16s	territory:-3728:-3528:74840,9208|75988,10004|76172,12848|74808,12932	z:-3728:-3528	generated.farm.42a564e97d407a738d1ed797.anchor	75452	11248	-3576	75468	11248	-3576	VALID	STATIC_XML_CLEAR	1	NORMAL	CONTENT_TELEPORT_SEMANTIC_BLOCKED	component.f8be83cd6851b2be5f0852e5
SSQ_CATACOMBS_NECROPOLIS	42c21eb147079f78824965a17a0dbedea6d72e506956825143889371e3d30763	NecropolisOfSacrifice	data/spawns/Catacombs/NecropolisOfSacrifice.xml	ssq01_1824_ssq36	territory:-5121:-4971:-47595,209823|-46951,209825|-46955,210420|-47597,210429	z:-5121:-4971	generated.farm.42c21eb147079f78824965a1.anchor	-47274	210124	-5080	-47258	210124	-5080	VALID	STATIC_XML_CLEAR	1	SCRIPT_CONDITIONAL	NATIVE_CONDITION_UNMODELED	component.ce7bae4e503482cb2b998003
SSQ_CATACOMBS_NECROPOLIS	43d851df785841e3406a683d8a14e1163de5924f8676e4890647d9b196dfd14b	NecropolisOfSacrifice	data/spawns/Catacombs/NecropolisOfSacrifice.xml	ssq01_1824_ssq21	territory:-5120:-4970:-52189,220137|-51553,220135|-51546,220724|-52192,220725	z:-5120:-4970	generated.farm.43d851df785841e3406a683d.anchor	-51870	220430	-5080	-51854	220430	-5080	VALID	STATIC_XML_CLEAR	1	SCRIPT_CONDITIONAL	NATIVE_CONDITION_UNMODELED	component.ce7bae4e503482cb2b998003
DEVILS_ISLE	43ebc61747fc037eabbc58fc45e1aaefee66d68b7d45600150da4f8f200622c1	DevilsIsle	data/spawns/Giran/DevilsIsle.xml	giran08_2124_021	territory:-4032:-3732:51820,205340|52535,205305|52535,205436|51705,205528	z:-4032:-3732	generated.farm.43ebc61747fc037eabbc58fc.anchor	52149	205402	-3880	52165	205402	-3880	VALID	STATIC_XML_CLEAR	1	NORMAL	DOOR_STATE_BLOCKED	component.384e4c8741007db93511437a
TOWER_OF_INSOLENCE	448c9e186db2db4ceb90572e0086d2e6c828e9bf8ffa0bb10f691c7166622b6c	TowerOfInsolence	data/spawns/Aden/TowerOfInsolence.xml	aden39_2318_04	territory:2920:3120:112716,15928|113156,15980|113488,16772|112980,17004|112784,16584	z:2920:3120	generated.farm.448c9e186db2db4ceb90572e.anchor	113025	16454	2952	113041	16454	2952	VALID	STATIC_XML_CLEAR	1	NORMAL	GEODATA_INTERNAL_BLOCKED	component.ab0b71385621755366b939dd
SSQ_CATACOMBS_NECROPOLIS	448da77da57467971067762bfbbb7fbbd8530d5d9bf7dc3c262707308d52d5a5	NecropolisOfTheSaints	data/spawns/Catacombs/NecropolisOfTheSaints.xml	ssq08_2224_ssq04	territory:-5468:-5268:85220,213467|86568,213444|86576,214164|85220,214156	z:-5468:-5268	generated.farm.448da77da57467971067762b.anchor	85896	213808	-5432	85912	213808	-5432	VALID	STATIC_XML_CLEAR	1	SCRIPT_CONDITIONAL	NATIVE_CONDITION_UNMODELED	component.25ffd0d249e9435bb5e4c376
DEVILS_ISLE	44d106775916043501d3f16389b0107edfbf2fa3577f6d190e5d7b4f3a95ebdb	DevilsIsle	data/spawns/Giran/DevilsIsle.xml	giran08_2124_072	territory:-3384:-3034:49514,211415|50184,211420|50184,211815|49514,211810	z:-3384:-3034	generated.farm.44d106775916043501d3f163.anchor	49849	211615	-3224	49865	211615	-3216	VALID	STATIC_XML_CLEAR	1	NORMAL	GEODATA_INTERNAL_BLOCKED	component.ff2770f1156bc4ee6cac8379
TOWER_OF_INSOLENCE	457afc7a1392e9098a4596d7ffd935db575d4a61cef7511ec80d0b00e3a50fb5	TowerOfInsolence	data/spawns/Aden/TowerOfInsolence.xml	aden34_2318_05	territory:-3648:-3448:115212,13852|115964,14152|116612,14784|116880,15536|115756,15752|115012,15040	z:-3648:-3448	generated.farm.457afc7a1392e9098a4596d7.anchor	115906	14853	-3608	115922	14853	-3608	VALID	STATIC_XML_CLEAR	1	NORMAL	GEODATA_INTERNAL_BLOCKED	component.488fca21d485086ec9218476
DEVILS_ISLE	469706f42aed03ca8752f5135e0f622e4907f8441cd8dee6ce1feaaf0afe6a52	DevilsIsle	data/spawns/Giran/DevilsIsle.xml	t21_244_009	territory:-4064:-3714:41798,202736|42167,202710|42387,203261|42096,203546|41755,203316|41664,202992	z:-4064:-3714	generated.farm.469706f42aed03ca8752f513.anchor	41978	203094	-3920	41994	203094	-3920	VALID	STATIC_XML_CLEAR	1	NORMAL	REACHABLE_ORDINARY	component.d483d98f35fc6805675221f7
SSQ_CATACOMBS_NECROPOLIS	469d9b019e3d08345ffcf0bd3a7e8e1f1ec9c0573612b12574f94aa07faca809	NecropolisOfSacrifice	data/spawns/Catacombs/NecropolisOfSacrifice.xml	ssq01_1824_ssq30	territory:-5119:-4969:-47577,214434|-46950,214432|-46955,215033|-47576,215038	z:-5119:-4969	generated.farm.469d9b019e3d08345ffcf0bd.anchor	-47264	214734	-5080	-47248	214734	-5080	VALID	STATIC_XML_CLEAR	1	SCRIPT_CONDITIONAL	NATIVE_CONDITION_UNMODELED	component.ce7bae4e503482cb2b998003
SSQ_CATACOMBS_NECROPOLIS	469ef1a912f672d5fb64029f93fb93fa9cc12e08301b84e54a21c0c2da5c0706	CatacombOfTheHeretic	data/spawns/Catacombs/CatacombOfTheHeretic.xml	ssq06_2122_ssq24	territory:-7953:-7803:-44952,-243609|-44299,-243613|-44291,-241782|-44950,-241786	z:-7953:-7803	generated.farm.469ef1a912f672d5fb64029f.anchor	-44623	-242698	-7904	-44607	-242698	-7904	VALID	STATIC_XML_CLEAR	1	SCRIPT_CONDITIONAL	NATIVE_CONDITION_UNMODELED	component.ac3253d25593857c65682608
SSQ_CATACOMBS_NECROPOLIS	48af8faa2858e8d26089141b4734082d5de438b2ed7d1547570f8cda886dda45	NecropolisOfTheSaints	data/spawns/Catacombs/NecropolisOfTheSaints.xml	ssq08_2224_ssq17	territory:-5480:-5280:91800,212508|92484,212504|92472,213856|91804,213872	z:-5480:-5280	generated.farm.48af8faa2858e8d26089141b.anchor	92140	213185	-5432	92156	213185	-5432	VALID	STATIC_XML_CLEAR	1	SCRIPT_CONDITIONAL	NATIVE_CONDITION_UNMODELED	component.25ffd0d249e9435bb5e4c376
SSQ_CATACOMBS_NECROPOLIS	48c287dc67f97df661603678bd498459d5376cfe42b5952e58b654252eb44c0b	CatacombOfTheHeretic	data/spawns/Catacombs/CatacombOfTheHeretic.xml	ssq06_2122_ssq21	territory:-7938:-7788:-43922,-240286|-43338,-240289|-43340,-239657|-43929,-239659	z:-7938:-7788	generated.farm.48c287dc67f97df661603678.anchor	-43632	-239973	-7904	-43616	-239973	-7904	VALID	STATIC_XML_CLEAR	1	SCRIPT_CONDITIONAL	NATIVE_CONDITION_UNMODELED	component.ac3253d25593857c65682608
SSQ_CATACOMBS_NECROPOLIS	4908724b6fd903b2de5617bbe3dab8650509a721620ad654296b61504325440c	NecropolisOfMartyrdom	data/spawns/Catacombs/NecropolisOfMartyrdom.xml	ssq10_2322_ssq18	territory:-4864:-4664:128647,137077|129251,137069|129239,137721|128649,137717	z:-4864:-4664	generated.farm.4908724b6fd903b2de5617bb.anchor	128946	137396	-4824	128962	137396	-4824	VALID	STATIC_XML_CLEAR	1	SCRIPT_CONDITIONAL	NATIVE_CONDITION_UNMODELED	component.7f829cb88cce9a71650cf187
SSQ_CATACOMBS_NECROPOLIS	4a5c4a30c49c037c31cc44159f41afce721597bab4d742ceef01e3fa47ba365e	NecropolisOfSacrifice	data/spawns/Catacombs/NecropolisOfSacrifice.xml	ssq01_1824_ssq13	territory:-5119:-4969:-42844,215541|-42225,215543|-42199,216889|-42850,216889	z:-5119:-4969	generated.farm.4a5c4a30c49c037c31cc4415.anchor	-42530	216216	-5080	-42514	216216	-5080	VALID	STATIC_XML_CLEAR	1	SCRIPT_CONDITIONAL	NATIVE_CONDITION_UNMODELED	component.ce7bae4e503482cb2b998003
SSQ_CATACOMBS_NECROPOLIS	4aaf987767efa5870bbaabda437a6a0161371538ada8d829c423b1a12a597b92	CatacombOfTheWitch	data/spawns/Catacombs/CatacombOfTheWitch.xml	ssq13_2420_ssq21	territory:-5476:-5276:144097,85003|144736,85003|144736,86463|144097,86463	z:-5476:-5276	generated.farm.4aaf987767efa5870bbaabda.anchor	144416	85733	-5424	144432	85733	-5424	VALID	STATIC_XML_CLEAR	1	SCRIPT_CONDITIONAL	NATIVE_CONDITION_UNMODELED	component.acae4dfbcc94433b54ab8989
IVORY_TOWER	4b2913db19c188b1c443f53280728dddd18943b52d524eac1580d066b61abfbc	IvoryTower	data/spawns/Oren/IvoryTower.xml	oren31_2218_03	territory:-3792:-3292:88732,64|93464,100|93260,3220|88732,1164	z:-3792:-3292	generated.farm.4b2913db19c188b1c443f532.anchor	91047	1137	-3720	91063	1137	-3720	VALID	STATIC_XML_CLEAR	1	NORMAL	CONTENT_TELEPORT_SEMANTIC_BLOCKED	component.7f7c7e3463ddb1498660f223
SSQ_CATACOMBS_NECROPOLIS	4babb777e37a9765fa10ea31b18d7ffdf6a371bb7c105855ed15d77c7ebd9d7d	CatacombOfTheBranded	data/spawns/Catacombs/CatacombOfTheBranded.xml	ssq05_2123_ssq05	territory:-5014:-4864:49764,171144|50366,171143|50367,171767|49762,171769	z:-5014:-4864	generated.farm.4babb777e37a9765fa10ea31.anchor	50065	171456	-4976	50081	171456	-4976	VALID	STATIC_XML_CLEAR	1	SCRIPT_CONDITIONAL	NATIVE_CONDITION_UNMODELED	component.423662c72ad86bfe886c3b61
SSQ_CATACOMBS_NECROPOLIS	4c23e39a46e3f0aa455ab8d7d23809bc969a59fe0fbe55ed84352077fbd732bf	CatacombOfTheBranded	data/spawns/Catacombs/CatacombOfTheBranded.xml	ssq05_2123_ssq28	territory:-5013:-4863:53114,177575|54452,177574|54458,178206|53110,178204	z:-5013:-4863	generated.farm.4c23e39a46e3f0aa455ab8d7.anchor	53784	177890	-4976	53800	177890	-4976	VALID	STATIC_XML_CLEAR	1	SCRIPT_CONDITIONAL	NATIVE_CONDITION_UNMODELED	component.423662c72ad86bfe886c3b61
TOWER_OF_INSOLENCE	4c2b59d00cddc6b6d35a6d78885865f345bc896692847ee3a0fce31db365a19e	TowerOfInsolence	data/spawns/Aden/TowerOfInsolence.xml	aden37_2318_09	territory:896:1096:113604,17852|114156,18080|114012,18872|113128,18504	z:896:1096	generated.farm.4c2b59d00cddc6b6d35a6d78.anchor	113725	18327	928	113741	18327	928	VALID	STATIC_XML_CLEAR	1	NOBLESSE_CONDITIONAL	REACHABLE_CONDITIONAL	component.466c51ee761838d01643a1cf
SSQ_CATACOMBS_NECROPOLIS	4c3e6885af6c3318278589eb5caf4eef278a0f9eaa59c6146f9ebf72ac8083bd	NecropolisOfMartyrdom	data/spawns/Catacombs/NecropolisOfMartyrdom.xml	ssq10_2322_ssq11	territory:-4864:-4664:124021,137112|124625,137104|124613,137756|124022,137752	z:-4864:-4664	generated.farm.4c3e6885af6c3318278589eb.anchor	124320	137431	-4824	124336	137431	-4824	VALID	STATIC_XML_CLEAR	1	SCRIPT_CONDITIONAL	NATIVE_CONDITION_UNMODELED	component.7f829cb88cce9a71650cf187
TOWER_OF_INSOLENCE	4c652ae78e260a44351f9dae808e1675f320410a866cb173c5f6096c81d80195	TowerOfInsolence	data/spawns/Aden/TowerOfInsolence.xml	aden29_2318_p09	territory:6948:7148:113468,14144|114724,15352|113972,16116|112712,14844	z:6948:7148	generated.farm.4c652ae78e260a44351f9dae.anchor	113719	15114	6992	113735	15114	6992	VALID	STATIC_XML_CLEAR	1	NORMAL	DOOR_STATE_BLOCKED	component.2734a93c786099e74e868117
SSQ_CATACOMBS_NECROPOLIS	4c82aa9092c063826bda32ac0a17218e00430a9766adc0b4175815deef8ca3ff	CatacombOfTheBranded	data/spawns/Catacombs/CatacombOfTheBranded.xml	ssq05_2123_ssq02	territory:-5013:-4863:48787,169989|50129,169992|50129,170612|48790,170616	z:-5013:-4863	generated.farm.4c82aa9092c063826bda32ac.anchor	49459	170302	-4976	49475	170302	-4976	VALID	STATIC_XML_CLEAR	1	SCRIPT_CONDITIONAL	NATIVE_CONDITION_UNMODELED	component.423662c72ad86bfe886c3b61
SSQ_CATACOMBS_NECROPOLIS	4c95f843fa9172d2f6ad0aa6922404a17058a1934de9b95c8347046b57e21c97	NecropolisOfDevotion	data/spawns/Catacombs/NecropolisOfDevotion.xml	ssq02_1820_ssq05	territory:-4777:-4627:-50977,80854|-49097,80853|-49096,81519|-50985,81507	z:-4777:-4627	generated.farm.4c95f843fa9172d2f6ad0aa6.anchor	-50039	81183	-4736	-50023	81183	-4736	VALID	STATIC_XML_CLEAR	1	SCRIPT_CONDITIONAL	NATIVE_CONDITION_UNMODELED	component.4f51ad139140e844e92eec35
SSQ_CATACOMBS_NECROPOLIS	4e7798c51196e4169e0dc2a0c082c673cba17c29786c310ef8350d5bc4c6222e	NecropolisOfWorship	data/spawns/Catacombs/NecropolisOfWorship.xml	ssq09_2323_ssq09	territory:-5472:-5272:116974,173678|117626,173678|117626,174330|116974,174330	z:-5472:-5272	generated.farm.4e7798c51196e4169e0dc2a0.anchor	117300	174004	-5432	117316	174004	-5432	VALID	STATIC_XML_CLEAR	1	SCRIPT_CONDITIONAL	NATIVE_CONDITION_UNMODELED	component.b57dbd6b545f82c91f9e3a34
SSQ_CATACOMBS_NECROPOLIS	4ebc0ce46945ce7715b986108531b3d139ec55b2f2fef3cddfbfd93fe6dab87e	NecropolisOfSacrifice	data/spawns/Catacombs/NecropolisOfSacrifice.xml	ssq01_1824_ssq16	territory:-5122:-4972:-41880,220131|-41250,220127|-41252,220717|-41878,220719	z:-5122:-4972	generated.farm.4ebc0ce46945ce7715b98610.anchor	-41565	220424	-5080	-41549	220424	-5080	VALID	STATIC_XML_CLEAR	1	SCRIPT_CONDITIONAL	NATIVE_CONDITION_UNMODELED	component.ce7bae4e503482cb2b998003
SSQ_CATACOMBS_NECROPOLIS	4ee3ec4e852d5a76105439f3d11dccbfff624237bb9b861b571d512bb02f9047	NecropolisOfMartyrdom	data/spawns/Catacombs/NecropolisOfMartyrdom.xml	ssq10_2322_ssq05	territory:-4864:-4664:119475,135947|120079,135939|120067,136591|119476,136587	z:-4864:-4664	generated.farm.4ee3ec4e852d5a76105439f3.anchor	119774	136266	-4824	119790	136266	-4824	VALID	STATIC_XML_CLEAR	1	SCRIPT_CONDITIONAL	NATIVE_CONDITION_UNMODELED	component.7f829cb88cce9a71650cf187
IMPERIAL_TOMB	4f0b1780f352370bcdae7327900003d8ffa285bbab4a98df714c44c3d27777a7	ImperialTomb	data/spawns/Goddard/ImperialTomb.xml	godard14_2515_13	territory:-6647:-6347:186143,-78512|186962,-78497|186952,-77690|186140,-77695	z:-6647:-6347	generated.farm.4f0b1780f352370bcdae7327.anchor	186549	-78098	-6608	186565	-78098	-6608	VALID	STATIC_XML_CLEAR	1	NOBLESSE_CONDITIONAL	REACHABLE_CONDITIONAL	component.30e5cb07315a67a8381cbe8d
IMPERIAL_TOMB	4f3be7fae963d8c88704f4a863f9d63b2215cd09008cb725f31a6114d3a12345	ImperialTomb	data/spawns/Goddard/ImperialTomb.xml	godard14_2515_19	territory:-5372:-5072:186151,-84243|186911,-84241|186965,-83467|186141,-83455	z:-5372:-5072	generated.farm.4f3be7fae963d8c88704f4a8.anchor	186542	-83852	-5320	186558	-83852	-5320	VALID	STATIC_XML_CLEAR	1	NOBLESSE_CONDITIONAL	REACHABLE_CONDITIONAL	component.30e5cb07315a67a8381cbe8d
SSQ_CATACOMBS_NECROPOLIS	4f64fdce56d363b17118751d435d404c138b1b4157d9bb92c8bee2171b0f3acf	NecropolisOfSacrifice	data/spawns/Catacombs/NecropolisOfSacrifice.xml	ssq01_1824_ssq24	territory:-5122:-4972:-49430,218216|-48109,218222|-48116,218884|-49433,218892	z:-5122:-4972	generated.farm.4f64fdce56d363b17118751d.anchor	-48772	218554	-5080	-48756	218554	-5080	VALID	STATIC_XML_CLEAR	1	SCRIPT_CONDITIONAL	NATIVE_CONDITION_UNMODELED	component.ce7bae4e503482cb2b998003
SSQ_CATACOMBS_NECROPOLIS	500370478e36f602011a23047ebf3a3cc44c9f0ba608aff1a1fd1135a12d310c	NecropolisOfSacrifice	data/spawns/Catacombs/NecropolisOfSacrifice.xml	ssq01_1824_ssq25	territory:-5120:-4970:-48883,216939|-47023,216942|-47028,217590|-48864,217596	z:-5120:-4970	generated.farm.500370478e36f602011a2304.anchor	-47950	217267	-5080	-47934	217267	-5080	VALID	STATIC_XML_CLEAR	1	SCRIPT_CONDITIONAL	NATIVE_CONDITION_UNMODELED	component.ce7bae4e503482cb2b998003
SSQ_CATACOMBS_NECROPOLIS	50625251b1d82d0e173de6140459f920b613940c2cfb516a738ae20e100015ce	CatacombOfTheApostate	data/spawns/Catacombs/CatacombOfTheApostate.xml	ssq11_2220_ssq33	territory:-8198:-8048:-10235,-251089|-9581,-251083|-9580,-250487|-10227,-250490	z:-8198:-8048	generated.farm.50625251b1d82d0e173de614.anchor	-9906	-250787	-8160	-9890	-250787	-8160	VALID	STATIC_XML_CLEAR	1	SCRIPT_CONDITIONAL	NATIVE_CONDITION_UNMODELED	component.57f0e0e922696c300bda0f84
SSQ_CATACOMBS_NECROPOLIS	50edbeaeb650efa8c863d56194efc0a0010d0aa8ac3713bce2c237816a11e17e	NecropolisOfTheDisciples	data/spawns/Catacombs/NecropolisOfTheDisciples.xml	ssq14_2517_ssq04	territory:-4940:-4740:174808,-15417|175495,-15417|175495,-13583|174808,-13583	z:-4940:-4740	generated.farm.50edbeaeb650efa8c863d561.anchor	175152	-14500	-4896	175168	-14500	-4896	VALID	STATIC_XML_CLEAR	1	SCRIPT_CONDITIONAL	NATIVE_CONDITION_UNMODELED	component.a0f27b0f5d7a1a00f782ed4b
SSQ_CATACOMBS_NECROPOLIS	513fc6da7b04f723b444988615cf7624e3f6f93024a2d73b5f5242f170ef0e25	CatacombOfTheApostate	data/spawns/Catacombs/CatacombOfTheApostate.xml	ssq11_2220_ssq32	territory:-8196:-8046:-10874,-247737|-9514,-247735|-9512,-247117|-10867,-247117	z:-8196:-8046	generated.farm.513fc6da7b04f723b4449886.anchor	-10192	-247426	-8160	-10176	-247426	-8160	VALID	STATIC_XML_CLEAR	1	SCRIPT_CONDITIONAL	NATIVE_CONDITION_UNMODELED	component.bfd024dcd7492db175e85241
DEVILS_ISLE	5152587f5d52d68aa3307d15f3b4f9f462ccb45febe3eb2227b4da0dd97c8a15	DevilsIsle	data/spawns/Giran/DevilsIsle.xml	giran08_2124_014	territory:-3732:-3532:45945,206769|46193,206927|46272,207953|46009,208176|45346,208091|45172,207837|45299,207282|45585,206916	z:-3732:-3532	generated.farm.5152587f5d52d68aa3307d15.anchor	45728	207494	-3696	45744	207494	-3696	VALID	STATIC_XML_CLEAR	1	NORMAL	REACHABLE_ORDINARY	component.7dad6e3e96728c2a7ff7af09
TOWER_OF_INSOLENCE	516eed16801fe4480840055e03d5e2be0785a54a2523021322c491ea5b450012	TowerOfInsolence	data/spawns/Aden/TowerOfInsolence.xml	aden33_2318_02	territory:-5103:-4903:115159,13688|116005,14066|116634,14726|116953,15467|115980,15715|115077,14717	z:-5103:-4903	generated.farm.516eed16801fe4480840055e.anchor	115968	14730	-5096	115984	14730	-5096	VALID	STATIC_XML_CLEAR	1	NORMAL	GEODATA_INTERNAL_BLOCKED	component.fb9dec3b69df9d1947954269
DEVILS_ISLE	516fe93c4e16a4610b09d4c0d809e33c47119036f21e29bef7f2577db4f02c88	DevilsIsle	data/spawns/Giran/DevilsIsle.xml	giran08_2124_094	territory:-4300:-3700:51467,213833|52733,213849|53106,214227|52936,215063|52350,215077	z:-4300:-3700	generated.farm.516fe93c4e16a4610b09d4c0.anchor	52518	214410	-4216	52534	214410	-4216	VALID	STATIC_XML_CLEAR	1	NORMAL	GEODATA_INTERNAL_BLOCKED	component.7288e58e5a4e371b26d447a6
TOWER_OF_INSOLENCE	51c1b286f156a3bfa45512302f70858a9582f1d472e1621910e7c1c5a62040d4	TowerOfInsolence	data/spawns/Aden/TowerOfInsolence.xml	aden34_2318_03	territory:-3644:-3444:112381,16669|113600,16448|114304,17152|114072,18352|113269,17990|112729,17452	z:-3644:-3444	generated.farm.51c1b286f156a3bfa4551230.anchor	113392	17344	-3608	113408	17344	-3608	VALID	STATIC_XML_CLEAR	1	NORMAL	GEODATA_INTERNAL_BLOCKED	component.946bc50fb4f9b7d5dc1e33a8
SSQ_CATACOMBS_NECROPOLIS	523eb9b033a631cbf9fd28cea7e727f1d691b589c2a15bcac70332b0166b0d01	CatacombOfTheBranded	data/spawns/Catacombs/CatacombOfTheBranded.xml	ssq05_2123_ssq33	territory:-5018:-4868:53360,173864|53977,173866|53986,175199|53366,175202	z:-5018:-4868	generated.farm.523eb9b033a631cbf9fd28ce.anchor	53672	174533	-4976	53688	174533	-4976	VALID	STATIC_XML_CLEAR	1	SCRIPT_CONDITIONAL	NATIVE_CONDITION_UNMODELED	component.423662c72ad86bfe886c3b61
SSQ_CATACOMBS_NECROPOLIS	5300571cf1c6ca7f0169b40424c2ac55c2faed18ec626fae259603c180327635	CatacombOfTheApostate	data/spawns/Catacombs/CatacombOfTheApostate.xml	ssq11_2220_ssq10	territory:-8200:-8050:-17773,-248379|-16424,-248379|-16435,-247748|-17777,-247752	z:-8200:-8050	generated.farm.5300571cf1c6ca7f0169b404.anchor	-17102	-248064	-8160	-17086	-248064	-8160	VALID	STATIC_XML_CLEAR	1	SCRIPT_CONDITIONAL	NATIVE_CONDITION_UNMODELED	component.034a5b9796857e6f481e60f0
SSQ_CATACOMBS_NECROPOLIS	546d3f99ff24ffb26b4b346c222f3b26650110211c1a9cafaf73e8377904e81f	CatacombOfTheHeretic	data/spawns/Catacombs/CatacombOfTheHeretic.xml	ssq06_2122_ssq06	territory:-7941:-7791:-48555,-245965|-47932,-245967|-47918,-245368|-48550,-245372	z:-7941:-7791	generated.farm.546d3f99ff24ffb26b4b346c.anchor	-48239	-245668	-7904	-48223	-245668	-7904	VALID	STATIC_XML_CLEAR	1	SCRIPT_CONDITIONAL	NATIVE_CONDITION_UNMODELED	component.ac3253d25593857c65682608
DEVILS_ISLE	54b4a5284bb69a860c5ba3a6e78feba8e96ad2082d1959c5929c0368e51adaad	DevilsIsle	data/spawns/Giran/DevilsIsle.xml	giran08_2124_076	territory:-2736:-2536:50608,209718|51145,209718|51150,210201|50614,210201	z:-2736:-2536	generated.farm.54b4a5284bb69a860c5ba3a6.anchor	50879	209960	-2704	50895	209960	-2704	VALID	STATIC_XML_CLEAR	1	NORMAL	GEODATA_INTERNAL_BLOCKED	component.ff2770f1156bc4ee6cac8379
SSQ_CATACOMBS_NECROPOLIS	55498f75b3f89b093438b5d2aca054326ba862b1400c9d4ea01e82e4e8e2a737	NecropolisOfMartyrdom	data/spawns/Catacombs/NecropolisOfMartyrdom.xml	ssq10_2322_ssq01	territory:-4864:-4664:119732,132514|120458,132508|120437,134430|119729,134425	z:-4864:-4664	generated.farm.55498f75b3f89b093438b5d2.anchor	120089	133469	-4824	120105	133469	-4824	VALID	STATIC_XML_CLEAR	1	SCRIPT_CONDITIONAL	NATIVE_CONDITION_UNMODELED	component.7f829cb88cce9a71650cf187
SSQ_CATACOMBS_NECROPOLIS	557af73c900d6b66ddff163692dad0c30ca803f6f4da1663d4d0a9212f9d261c	NecropolisOfSacrifice	data/spawns/Catacombs/NecropolisOfSacrifice.xml	ssq01_1824_ssq05	territory:-5130:-4980:-44341,213439|-43722,213439|-43719,214816|-44347,214805	z:-5130:-4980	generated.farm.557af73c900d6b66ddff1636.anchor	-44032	214125	-5080	-44016	214125	-5080	VALID	STATIC_XML_CLEAR	1	SCRIPT_CONDITIONAL	NATIVE_CONDITION_UNMODELED	component.ce7bae4e503482cb2b998003
SSQ_CATACOMBS_NECROPOLIS	55ec6aa3e806603201289dadbc8daab00781aec3f432c7eb9bf7eee5e72c7e57	CatacombOfTheHeretic	data/spawns/Catacombs/CatacombOfTheHeretic.xml	ssq06_2122_ssq32	territory:-7940:-7790:-43819,-250558|-43197,-250559|-43188,-249233|-43823,-249232	z:-7940:-7790	generated.farm.55ec6aa3e806603201289dad.anchor	-43507	-249896	-7904	-43491	-249896	-7904	VALID	STATIC_XML_CLEAR	1	SCRIPT_CONDITIONAL	NATIVE_CONDITION_UNMODELED	component.ac3253d25593857c65682608
DEVILS_ISLE	562889de3bc9c19b5901bd74debf8b1fe224143496bda9511051d7afe2397efa	DevilsIsle	data/spawns/Giran/DevilsIsle.xml	giran08_2124_086	territory:-2496:-2296:54853,209648|55245,209648|55245,210250|54853,210250	z:-2496:-2296	generated.farm.562889de3bc9c19b5901bd74.anchor	55049	209949	-2464	55065	209949	-2464	VALID	STATIC_XML_CLEAR	1	NORMAL	GEODATA_INTERNAL_BLOCKED	component.ff2770f1156bc4ee6cac8379
SSQ_CATACOMBS_NECROPOLIS	5632cfb1cce511d2b39feb92e258d2364ba7880a14d9d96489cc197eca26109c	NecropolisOfThePilgrims	data/spawns/Catacombs/NecropolisOfThePilgrims.xml	ssq07_2121_ssq19	territory:-5455:-5305:52739,119531|53388,119534|53370,121317|52731,121315	z:-5455:-5305	generated.farm.5632cfb1cce511d2b39feb92.anchor	53057	120424	-5408	53073	120424	-5408	VALID	STATIC_XML_CLEAR	1	SCRIPT_CONDITIONAL	NATIVE_CONDITION_UNMODELED	component.cbddc918f33160dda52bb64d
SSQ_CATACOMBS_NECROPOLIS	56baaab98d4698275fd093787b729fbef13802670f6ac5ceca571cd22a8d6218	NecropolisOfTheSaints	data/spawns/Catacombs/NecropolisOfTheSaints.xml	ssq08_2224_ssq27	territory:-5480:-5280:89136,216475|89820,216471|89808,217823|89140,217839	z:-5480:-5280	generated.farm.56baaab98d4698275fd09378.anchor	89476	217152	-5432	89492	217152	-5432	VALID	STATIC_XML_CLEAR	1	SCRIPT_CONDITIONAL	NATIVE_CONDITION_UNMODELED	component.25ffd0d249e9435bb5e4c376
SSQ_CATACOMBS_NECROPOLIS	57959750134e973f8d5848e8723c1fd737726d1115debea0e806fe250f346842	NecropolisOfThePilgrims	data/spawns/Catacombs/NecropolisOfThePilgrims.xml	ssq07_2121_ssq02	territory:-5446:-5296:44919,119975|45569,119976|45566,121316|44927,121315	z:-5446:-5296	generated.farm.57959750134e973f8d5848e8.anchor	45245	120646	-5408	45261	120646	-5408	VALID	STATIC_XML_CLEAR	1	SCRIPT_CONDITIONAL	NATIVE_CONDITION_UNMODELED	component.cbddc918f33160dda52bb64d
DEVILS_ISLE	5844391794232531818c2c53bfb29285a8d3e1ef5f5eb50853c2777358e80b63	DevilsIsle	data/spawns/Giran/DevilsIsle.xml	giran08_2124_025	territory:-3636:-3436:47595,208720|47989,209095|47953,209562|47595,209768|46617,209740|46484,208783|46702,208565	z:-3636:-3436	generated.farm.5844391794232531818c2c53.anchor	47276	209176	-3584	47292	209176	-3584	VALID	STATIC_XML_CLEAR	1	NORMAL	REACHABLE_ORDINARY	component.7dad6e3e96728c2a7ff7af09
DEVILS_ISLE	5864c5a21d13b5080a6dea92abf0d222a6adfd4e963806af132f4aecbcfbf454	DevilsIsle	data/spawns/Giran/DevilsIsle.xml	giran08_2124_017	territory:-3772:-3572:49163,207966|50907,207966|50907,209418|49163,209418	z:-3772:-3572	generated.farm.5864c5a21d13b5080a6dea92.anchor	50035	208692	-3728	50051	208692	-3728	VALID	STATIC_XML_CLEAR	1	NORMAL	REACHABLE_ORDINARY	component.7dad6e3e96728c2a7ff7af09
SSQ_CATACOMBS_NECROPOLIS	58a5792e0f4846c168219a76807dd86f743eff87bc8861c1b5b74f611d7c092e	CatacombOfTheWitch	data/spawns/Catacombs/CatacombOfTheWitch.xml	ssq13_2420_ssq15	territory:-5468:-5268:148645,81447|150525,81447|150525,82142|148645,82142	z:-5468:-5268	generated.farm.58a5792e0f4846c168219a76.anchor	149585	81794	-5424	149601	81794	-5424	VALID	STATIC_XML_CLEAR	1	SCRIPT_CONDITIONAL	NATIVE_CONDITION_UNMODELED	component.acae4dfbcc94433b54ab8989
SSQ_CATACOMBS_NECROPOLIS	58c12a75046452e4b831cec2b77cfd4c331380b295d2aab0865bcec45fa49ef9	NecropolisOfThePatriots	data/spawns/Catacombs/NecropolisOfThePatriots.xml	ssq03_1920_ssq18	territory:-5207:-5057:-14729,80393|-14076,80409|-14090,82254|-14747,82261	z:-5207:-5057	generated.farm.58c12a75046452e4b831cec2.anchor	-14410	81329	-5168	-14394	81329	-5168	VALID	STATIC_XML_CLEAR	1	SCRIPT_CONDITIONAL	NATIVE_CONDITION_UNMODELED	component.888b1c386bb56285d9aedda1
DEVILS_ISLE	58e7efa4ffc5c3fe89bc3822fc5e5d5bb589d903243cee5f4328d0c7f229951b	DevilsIsle	data/spawns/Giran/DevilsIsle.xml	giran08_2124_095	territory:-4304:-3704:51600,214652|51720,214064|52168,214852|51604,215588	z:-4304:-3704	generated.farm.58e7efa4ffc5c3fe89bc3822.anchor	51773	214789	-4004	51789	214789	-4004	VALID	STATIC_XML_CLEAR	1	NORMAL	GEODATA_INTERNAL_BLOCKED	component.a3730900eb9d63e154c8510c
SSQ_CATACOMBS_NECROPOLIS	58fba6c9b4e4d94dcb5c542fd390b8bd58a632ae10176372f60e9afed1eb43a2	NecropolisOfWorship	data/spawns/Catacombs/NecropolisOfWorship.xml	ssq09_2323_ssq05	territory:-5472:-5272:113435,177267|114063,177267|114063,178762|113435,178762	z:-5472:-5272	generated.farm.58fba6c9b4e4d94dcb5c542f.anchor	113749	178014	-5432	113765	178014	-5432	VALID	STATIC_XML_CLEAR	1	SCRIPT_CONDITIONAL	NATIVE_CONDITION_UNMODELED	component.b57dbd6b545f82c91f9e3a34
SSQ_CATACOMBS_NECROPOLIS	58fbbfeaf2481377ebcf20be01e91f6771a72b147557e9ea4b91ed43dd18eb72	NecropolisOfWorship	data/spawns/Catacombs/NecropolisOfWorship.xml	ssq09_2323_ssq07	territory:-5472:-5272:115898,173683|116551,173683|116551,174336|115898,174336	z:-5472:-5272	generated.farm.58fbbfeaf2481377ebcf20be.anchor	116224	174010	-5432	116240	174010	-5432	VALID	STATIC_XML_CLEAR	1	SCRIPT_CONDITIONAL	NATIVE_CONDITION_UNMODELED	component.b57dbd6b545f82c91f9e3a34
SSQ_CATACOMBS_NECROPOLIS	5a59986eb13c2872301329179e2881be9a24e29246b1a25199935920d60e2280	NecropolisOfThePatriots	data/spawns/Catacombs/NecropolisOfThePatriots.xml	ssq03_1920_ssq32	territory:-5204:-5054:-19287,84039|-18695,84036|-18695,84667|-19289,84665	z:-5204:-5054	generated.farm.5a59986eb13c287230132917.anchor	-18992	84352	-5168	-18976	84352	-5168	VALID	STATIC_XML_CLEAR	1	SCRIPT_CONDITIONAL	NATIVE_CONDITION_UNMODELED	component.888b1c386bb56285d9aedda1
SSQ_CATACOMBS_NECROPOLIS	5acceca200d29d2455dd8ed9fa93cb94c76f40ee4e84bf5ad632284616105136	CatacombOfTheApostate	data/spawns/Catacombs/CatacombOfTheApostate.xml	ssq11_2220_ssq31	territory:-8198:-8048:-10230,-246484|-9587,-246475|-9584,-245875|-10230,-245869	z:-8198:-8048	generated.farm.5acceca200d29d2455dd8ed9.anchor	-9908	-246176	-8160	-9892	-246176	-8160	VALID	STATIC_XML_CLEAR	1	SCRIPT_CONDITIONAL	NATIVE_CONDITION_UNMODELED	component.bfd024dcd7492db175e85241
SSQ_CATACOMBS_NECROPOLIS	5aea64959cc3502b4b0d8f422efcecaf0d26bc759e0db6a153a8a17a2f5ac315	CatacombOfTheApostate	data/spawns/Catacombs/CatacombOfTheApostate.xml	ssq11_2220_ssq28	territory:-8201:-8051:-14811,-245410|-14210,-245407|-14208,-244774|-14807,-244774	z:-8201:-8051	generated.farm.5aea64959cc3502b4b0d8f42.anchor	-14509	-245091	-8160	-14493	-245091	-8160	VALID	STATIC_XML_CLEAR	1	SCRIPT_CONDITIONAL	NATIVE_CONDITION_UNMODELED	component.5a779e70e10a9bf13f9ef7c3
SSQ_CATACOMBS_NECROPOLIS	5b33ae70cbe06073e909d4865f72db38cf5bd0687155ab6f3a39103994fc3440	NecropolisOfThePatriots	data/spawns/Catacombs/NecropolisOfThePatriots.xml	ssq03_1920_ssq14	territory:-5207:-5057:-16013,77079|-15367,77080|-15366,77676|-16004,77672	z:-5207:-5057	generated.farm.5b33ae70cbe06073e909d486.anchor	-15688	77377	-5168	-15672	77377	-5168	VALID	STATIC_XML_CLEAR	1	SCRIPT_CONDITIONAL	NATIVE_CONDITION_UNMODELED	component.888b1c386bb56285d9aedda1
DEVILS_ISLE	5bb65a568a31ac59423e5f35080cd466b59bae6997312e4f1982f863d61680c5	DevilsIsle	data/spawns/Giran/DevilsIsle.xml	giran08_2124_093	territory:-4284:-3684:52552,215124|53776,215236|53996,215800|54063,216656|52804,216540	z:-4284:-3684	generated.farm.5bb65a568a31ac59423e5f35.anchor	53438	215871	-4056	53454	215871	-4056	VALID	STATIC_XML_CLEAR	1	NORMAL	GEODATA_INTERNAL_BLOCKED	component.50c3f385fb3b32cb843cf330
SSQ_CATACOMBS_NECROPOLIS	5bbf966f9ce625e2febbeb646361a069baa0f4ee7555e7e479cc3e94b3968457	NecropolisOfDevotion	data/spawns/Catacombs/NecropolisOfDevotion.xml	ssq02_1820_ssq13	territory:-4776:-4626:-46503,79746|-45161,79718|-45173,80416|-46511,80388	z:-4776:-4626	generated.farm.5bbf966f9ce625e2febbeb64.anchor	-45837	80067	-4736	-45821	80067	-4736	VALID	STATIC_XML_CLEAR	1	SCRIPT_CONDITIONAL	NATIVE_CONDITION_UNMODELED	component.4f51ad139140e844e92eec35
SSQ_CATACOMBS_NECROPOLIS	5c061c15eff3f38fbc952b797dc9c6d48052a5b7b31ebcd2dfe41e999a3478d7	CatacombOfTheBranded	data/spawns/Catacombs/CatacombOfTheBranded.xml	ssq05_2123_ssq08	territory:-5013:-4863:46284,174601|46878,174603|46887,175227|46280,175232	z:-5013:-4863	generated.farm.5c061c15eff3f38fbc952b79.anchor	46582	174916	-4976	46598	174916	-4976	VALID	STATIC_XML_CLEAR	1	SCRIPT_CONDITIONAL	NATIVE_CONDITION_UNMODELED	component.423662c72ad86bfe886c3b61
TOWER_OF_INSOLENCE	5ca2e6703bc6853ba0e330cbd3b822b54d49d85936333584d1e1cf7303fd44a0	TowerOfInsolence	data/spawns/Aden/TowerOfInsolence.xml	aden39_2318_p06	territory:2912:3112:115224,14440|115764,14636|116320,15492|115376,15696|115144,15276	z:2912:3112	generated.farm.5ca2e6703bc6853ba0e330cb.anchor	115566	15108	2952	115582	15108	2952	VALID	STATIC_XML_CLEAR	1	NORMAL	GEODATA_INTERNAL_BLOCKED	component.98a8a24346b966deaefb6dea
SSQ_CATACOMBS_NECROPOLIS	5d2bbf5dd9f3aa05ae7d4995ab41e28b2866fb18b8346685b9e500033971f005	NecropolisOfThePilgrims	data/spawns/Catacombs/NecropolisOfThePilgrims.xml	ssq07_2121_ssq21	territory:-5442:-5292:55226,117544|55860,117538|55862,118132|55233,118133	z:-5442:-5292	generated.farm.5d2bbf5dd9f3aa05ae7d4995.anchor	55545	117837	-5408	55561	117837	-5408	VALID	STATIC_XML_CLEAR	1	SCRIPT_CONDITIONAL	NATIVE_CONDITION_UNMODELED	component.cbddc918f33160dda52bb64d
SSQ_CATACOMBS_NECROPOLIS	5d3cd04379ef25e8a5b7376ea4651eb14131f5f8932c01edeae680bb4de34324	NecropolisOfThePatriots	data/spawns/Catacombs/NecropolisOfThePatriots.xml	ssq03_1920_ssq25	territory:-5208:-5058:-17085,82758|-16491,82753|-16492,83397|-17086,83399	z:-5208:-5058	generated.farm.5d3cd04379ef25e8a5b7376e.anchor	-16788	83077	-5168	-16772	83077	-5168	VALID	STATIC_XML_CLEAR	1	SCRIPT_CONDITIONAL	NATIVE_CONDITION_UNMODELED	component.888b1c386bb56285d9aedda1
SSQ_CATACOMBS_NECROPOLIS	5d931d2554ab1325a6573184f44ad61c991864fb37e0e1938b6b7ca2a5a7bf29	NecropolisOfDevotion	data/spawns/Catacombs/NecropolisOfDevotion.xml	ssq02_1820_ssq25	territory:-4775:-4625:-46404,87252|-44619,87290|-44618,87874|-46409,87915	z:-4775:-4625	generated.farm.5d931d2554ab1325a6573184.anchor	-45512	87583	-4736	-45496	87583	-4736	VALID	STATIC_XML_CLEAR	1	SCRIPT_CONDITIONAL	NATIVE_CONDITION_UNMODELED	component.4f51ad139140e844e92eec35
SSQ_CATACOMBS_NECROPOLIS	5e91fbc729b811c8dda389082a25454e0184e7e29f60aab77c23656e282372c2	CatacombOfTheWitch	data/spawns/Catacombs/CatacombOfTheWitch.xml	ssq13_2420_ssq08	territory:-5464:-5264:142515,83977|143986,83977|143986,84614|142515,84614	z:-5464:-5264	generated.farm.5e91fbc729b811c8dda38908.anchor	143250	84296	-5424	143266	84296	-5424	VALID	STATIC_XML_CLEAR	1	SCRIPT_CONDITIONAL	NATIVE_CONDITION_UNMODELED	component.acae4dfbcc94433b54ab8989
DEVILS_ISLE	5ff4440a1e081d06c2712b6a67db76d20c0da55c985cdeea113aadb33c336b32	DevilsIsle	data/spawns/Giran/DevilsIsle.xml	giran08_2124_070	territory:-3380:-3180:51128,212089|52041,212074|52056,212943|51143,212958	z:-3380:-3180	generated.farm.5ff4440a1e081d06c2712b6a.anchor	51592	212516	-3344	51608	212516	-3344	VALID	STATIC_XML_CLEAR	1	NORMAL	GEODATA_INTERNAL_BLOCKED	component.514a021d15b99172d5b2cb46
SSQ_CATACOMBS_NECROPOLIS	602209bcafc49701c110fad81f8069733822562d1c76e4da8b4943dc85a1461c	NecropolisOfTheDisciples	data/spawns/Catacombs/NecropolisOfTheDisciples.xml	ssq14_2517_ssq21	territory:-4936:-4736:176917,-12235|177580,-12229|177580,-11613|176917,-11619	z:-4936:-4736	generated.farm.602209bcafc49701c110fad8.anchor	177248	-11924	-4896	177264	-11924	-4896	VALID	STATIC_XML_CLEAR	1	SCRIPT_CONDITIONAL	NATIVE_CONDITION_UNMODELED	component.a0f27b0f5d7a1a00f782ed4b
IVORY_TOWER	60eb63e76289052af6c2fece8ac28f51d1d4ba311e708f210d5b3c323341b327	IvoryTower	data/spawns/Oren/IvoryTower.xml	oren30_2218_09	territory:-3740:-3440:86740,27880|92640,26572|94212,28916|89740,30084|87108,29572	z:-3740:-3440	generated.farm.60eb63e76289052af6c2fece.anchor	90088	28605	-3592	90104	28605	-3592	VALID	STATIC_XML_CLEAR	1	NORMAL	CONTENT_TELEPORT_SEMANTIC_BLOCKED	component.2ca384505d84e0a0dc8e1bed
SSQ_CATACOMBS_NECROPOLIS	6164c05545d1fd083289c9f9856953f62a8a81713486b7012fadca97b311b1ab	CatacombOfTheWitch	data/spawns/Catacombs/CatacombOfTheWitch.xml	ssq13_2420_ssq32	territory:-5464:-5264:149498,87452|150111,87452|150111,88089|149498,88089	z:-5464:-5264	generated.farm.6164c05545d1fd083289c9f9.anchor	149804	87770	-5424	149820	87770	-5424	VALID	STATIC_XML_CLEAR	1	SCRIPT_CONDITIONAL	NATIVE_CONDITION_UNMODELED	component.acae4dfbcc94433b54ab8989
TOWER_OF_INSOLENCE	61abcaf9558faaf3ac5d0be9d003799ec606019dadd1287a095f7ca2e8104b01	TowerOfInsolence	data/spawns/Aden/TowerOfInsolence.xml	aden40_2318_07	territory:3931:4281:115709,16496|116467,16174|116271,16790|116010,17230	z:3931:4281	generated.farm.61abcaf9558faaf3ac5d0be9.anchor	116114	16672	3960	116130	16672	3960	VALID	STATIC_XML_CLEAR	1	NORMAL	GEODATA_INTERNAL_BLOCKED	component.a1b53bce22fbf4c9b69281cd
IMPERIAL_TOMB	6291986d89ade1f56ea171601d5c82af79d58892ac598929e87d8c28b42a7331	ImperialTomb	data/spawns/Goddard/ImperialTomb.xml	godard14_2515_22	territory:-6631:-6331:179922,-82573|181354,-82571|181280,-82101|179926,-82053	z:-6631:-6331	generated.farm.6291986d89ade1f56ea17160.anchor	180620	-82324	-6592	180636	-82324	-6592	VALID	STATIC_XML_CLEAR	1	NOBLESSE_CONDITIONAL	REACHABLE_CONDITIONAL	component.30e5cb07315a67a8381cbe8d
TOWER_OF_INSOLENCE	639007d287a2a0d44ffd0b66ffb75c9057514271c7cfb223ba5180bb0cf59f4f	TowerOfInsolence	data/spawns/Aden/TowerOfInsolence.xml	aden29_2318_07	territory:6956:7156:114568,16784|115376,15948|115828,16396|115000,17220	z:6956:7156	generated.farm.639007d287a2a0d44ffd0b66.anchor	115193	16587	6992	115209	16587	6992	VALID	STATIC_XML_CLEAR	1	NORMAL	GEODATA_INTERNAL_BLOCKED	component.56d061874338bcf28d664082
SSQ_CATACOMBS_NECROPOLIS	63db0a0b15d305c2a40239c4fb4fb167cd36c771faa8a6a43d4c8ba60cbc66d0	NecropolisOfTheSaints	data/spawns/Catacombs/NecropolisOfTheSaints.xml	ssq08_2224_ssq15	territory:-5476:-5276:88920,211676|90832,211672|90832,212356|88936,212328	z:-5476:-5276	generated.farm.63db0a0b15d305c2a40239c4.anchor	89880	212008	-5432	89896	212008	-5432	VALID	STATIC_XML_CLEAR	1	SCRIPT_CONDITIONAL	NATIVE_CONDITION_UNMODELED	component.25ffd0d249e9435bb5e4c376
SSQ_CATACOMBS_NECROPOLIS	64752e6a8e450dbda6025ef317a53ef167d657e3eaab053100f3124d051e42bc	CatacombOfTheHeretic	data/spawns/Catacombs/CatacombOfTheHeretic.xml	ssq06_2122_ssq02	territory:-7942:-7792:-51341,-250441|-50707,-250441|-50704,-248628|-51358,-248623	z:-7942:-7792	generated.farm.64752e6a8e450dbda6025ef3.anchor	-51028	-249533	-7904	-51012	-249533	-7904	VALID	STATIC_XML_CLEAR	1	SCRIPT_CONDITIONAL	NATIVE_CONDITION_UNMODELED	component.ac3253d25593857c65682608
TOWER_OF_INSOLENCE	650569408733ceb3a2f5abba15458e3382fdba95367e9247e13e48d72edad13b	TowerOfInsolence	data/spawns/Aden/TowerOfInsolence.xml	aden30_2318_02	territory:7964:8164:114152,16772|115120,16776|115212,17160|114856,17312|114388,17304|113944,17120	z:7964:8164	generated.farm.650569408733ceb3a2f5abba.anchor	114612	17074	7992	114628	17074	7992	VALID	STATIC_XML_CLEAR	1	NORMAL	GEODATA_INTERNAL_BLOCKED	component.848b494c890f445d0623a3ca
SSQ_CATACOMBS_NECROPOLIS	6537dde269cff4ed4f47f22ac0a01d348978cd9b61100ddedd8a756af46dae04	CatacombOfTheBranded	data/spawns/Catacombs/CatacombOfTheBranded.xml	ssq05_2123_ssq09	territory:-5014:-4864:48148,172723|48782,172734|48784,174073|48150,174068	z:-5014:-4864	generated.farm.6537dde269cff4ed4f47f22a.anchor	48466	173400	-4976	48482	173400	-4976	VALID	STATIC_XML_CLEAR	1	SCRIPT_CONDITIONAL	NATIVE_CONDITION_UNMODELED	component.423662c72ad86bfe886c3b61
TOWER_OF_INSOLENCE	654e5d244a01edb4a9da37317405e13f0706513c8ba085dd7ff924fa1ef20448	TowerOfInsolence	data/spawns/Aden/TowerOfInsolence.xml	aden28_2318_06	territory:5944:6144:115280,13272|116176,13652|115696,14312|115124,14076	z:5944:6144	generated.farm.654e5d244a01edb4a9da3731.anchor	115569	13828	5984	115585	13828	5984	VALID	STATIC_XML_CLEAR	1	NOBLESSE_CONDITIONAL	REACHABLE_CONDITIONAL	component.e93153ddee636cfa2f8c5c66
SSQ_CATACOMBS_NECROPOLIS	65543779448d3090c1a2555758b90bbfa25091db8bce8cafe682e65bff43416b	NecropolisOfTheDisciples	data/spawns/Catacombs/NecropolisOfTheDisciples.xml	ssq14_2517_ssq28	territory:-4936:-4736:178023,-12249|178685,-12244|178685,-11627|178023,-11633	z:-4936:-4736	generated.farm.65543779448d3090c1a25557.anchor	178354	-11938	-4896	178370	-11938	-4896	VALID	STATIC_XML_CLEAR	1	SCRIPT_CONDITIONAL	NATIVE_CONDITION_UNMODELED	component.a0f27b0f5d7a1a00f782ed4b
SSQ_CATACOMBS_NECROPOLIS	6595370864f4cca65d8316dbaa990d2066aeedf69bba2fff6ccd9d4f2af9e64e	CatacombOfTheWitch	data/spawns/Catacombs/CatacombOfTheWitch.xml	ssq13_2420_ssq37	territory:-5464:-5264:148009,89336|149480,89336|149480,89974|148009,89974	z:-5464:-5264	generated.farm.6595370864f4cca65d8316db.anchor	148744	89655	-5424	148760	89655	-5424	VALID	STATIC_XML_CLEAR	1	SCRIPT_CONDITIONAL	NATIVE_CONDITION_UNMODELED	component.acae4dfbcc94433b54ab8989
IMPERIAL_TOMB	65f2c33fbfea3c51738dfccd4e13b58595d4063e2b61a2db72080dc997568db5	ImperialTomb	data/spawns/Goddard/ImperialTomb.xml	godard14_2515_12	territory:-6012:-5712:183282,-78507|184060,-78506|184047,-77708|183290,-77713	z:-6012:-5712	generated.farm.65f2c33fbfea3c51738dfccd.anchor	183670	-78108	-5960	183686	-78108	-5960	VALID	STATIC_XML_CLEAR	1	NOBLESSE_CONDITIONAL	REACHABLE_CONDITIONAL	component.30e5cb07315a67a8381cbe8d
SSQ_CATACOMBS_NECROPOLIS	6665bd3a9444af4723f70e85f8c5406073c64b5e6f03b36c8ee29e1e1a66824f	CatacombOfTheWitch	data/spawns/Catacombs/CatacombOfTheWitch.xml	ssq13_2420_ssq01	territory:-5464:-5264:141569,79370|142182,79370|142182,80007|141569,80007	z:-5464:-5264	generated.farm.6665bd3a9444af4723f70e85.anchor	141876	79688	-5424	141892	79688	-5424	VALID	STATIC_XML_CLEAR	1	SCRIPT_CONDITIONAL	NATIVE_CONDITION_UNMODELED	component.556d2544d72d0cb183ee5510
DEVILS_ISLE	67251873fdfc8d605e12e97c420cdf0810ee8a6a76152a49a963c5f08336a09b	DevilsIsle	data/spawns/Giran/DevilsIsle.xml	giran08_2124_002	territory:-4672:-4472:41398,198549|41699,198574|41793,199508|41343,199505	z:-4672:-4472	generated.farm.67251873fdfc8d605e12e97c.anchor	41558	199034	-4616	41574	199034	-4616	VALID	STATIC_XML_CLEAR	1	NORMAL	REACHABLE_ORDINARY	component.d483d98f35fc6805675221f7
TOWER_OF_INSOLENCE	67517b42fff71f659760bc0cbd02a561f180bcfc77f11840c54f78f583aafafe	TowerOfInsolence	data/spawns/Aden/TowerOfInsolence.xml	aden29_2318_05	territory:6964:7164:113728,16421|114292,16961|113297,17958|112784,17388	z:6964:7164	generated.farm.67517b42fff71f659760bc0c.anchor	113525	17182	6992	113541	17182	6992	VALID	STATIC_XML_CLEAR	1	NORMAL	GEODATA_INTERNAL_BLOCKED	component.4879280a7cad4a073fbf1aca
TOWER_OF_INSOLENCE	67666036b83d7efb25ec1ff2678ab2bfbc1b83a485b6e4e104a1a40a591ac3dc	TowerOfInsolence	data/spawns/Aden/TowerOfInsolence.xml	aden35_2318_03	territory:-2164:-1964:116615,14792|116979,15548|115949,15704|115028,14724|115189,13775|115987,14105	z:-2164:-1964	generated.farm.67666036b83d7efb25ec1ff2.anchor	115958	14775	-2120	115974	14775	-2120	VALID	STATIC_XML_CLEAR	1	NOBLESSE_CONDITIONAL	REACHABLE_CONDITIONAL	component.96415efbcc108b6a74b823ec
IVORY_TOWER	677505be3ec46b587600ef85ba4f212e6954804aa539d3449b48eda4857a42c7	IvoryTower	data/spawns/Oren/IvoryTower.xml	oren30_2218_12	territory:-3776:-3376:77664,27740|80084,27544|82684,28776|78952,29596|77084,28936	z:-3776:-3376	generated.farm.677505be3ec46b587600ef85.anchor	79294	28518	-3544	79310	28518	-3552	VALID	STATIC_XML_CLEAR	1	NORMAL	CONTENT_TELEPORT_SEMANTIC_BLOCKED	component.35de35b4fa09ef2b85efdcce
SSQ_CATACOMBS_NECROPOLIS	68e78c6124a1bd093e806244b2319cab2ba72e7e74f28f7eef3a4861b285dcfc	CatacombOfTheWitch	data/spawns/Catacombs/CatacombOfTheWitch.xml	ssq13_2420_ssq34	territory:-5468:-5268:146202,88214|148081,88214|148081,88909|146202,88909	z:-5468:-5268	generated.farm.68e78c6124a1bd093e806244.anchor	147142	88562	-5424	147158	88562	-5424	VALID	STATIC_XML_CLEAR	1	SCRIPT_CONDITIONAL	NATIVE_CONDITION_UNMODELED	component.acae4dfbcc94433b54ab8989
SSQ_CATACOMBS_NECROPOLIS	68efb656fe3409bf20cfb91d3ba6b88b198708036f9f21085cdd716bcc80b6f5	NecropolisOfWorship	data/spawns/Catacombs/NecropolisOfWorship.xml	ssq09_2323_ssq14	territory:-5472:-5272:119410,173648|120862,173648|120862,174303|119410,174303	z:-5472:-5272	generated.farm.68efb656fe3409bf20cfb91d.anchor	120136	173976	-5432	120152	173976	-5432	VALID	STATIC_XML_CLEAR	1	SCRIPT_CONDITIONAL	NATIVE_CONDITION_UNMODELED	component.b57dbd6b545f82c91f9e3a34
TOWER_OF_INSOLENCE	690e95aa835d9fd6e2ca13e8de6c32f1d385ae2559c2439834f2582e978a946a	TowerOfInsolence	data/spawns/Aden/TowerOfInsolence.xml	aden33_2318_01	territory:-5104:-4904:113424,14015|114040,13766|114265,14706|113316,15674|112377,15513|112636,14849	z:-5104:-4904	generated.farm.690e95aa835d9fd6e2ca13e8.anchor	113343	14754	-5096	113359	14754	-5096	VALID	STATIC_XML_CLEAR	1	NORMAL	GEODATA_INTERNAL_BLOCKED	component.94bd25199037b679c0a710fa
SSQ_CATACOMBS_NECROPOLIS	693b725b08696205f8e16aa099b24387d75342f70ca5226c15bd438228188a8f	NecropolisOfSacrifice	data/spawns/Catacombs/NecropolisOfSacrifice.xml	ssq01_1824_ssq33	territory:-5123:-4973:-52190,211900|-51556,211910|-51525,213282|-52220,213285	z:-5123:-4973	generated.farm.693b725b08696205f8e16aa0.anchor	-51873	212594	-5080	-51857	212594	-5080	VALID	STATIC_XML_CLEAR	1	SCRIPT_CONDITIONAL	NATIVE_CONDITION_UNMODELED	component.ce7bae4e503482cb2b998003
DEVILS_ISLE	69828cd3aecca42272b95365dafb7e8d863da600feea6ea864914b4d720ba996	DevilsIsle	data/spawns/Giran/DevilsIsle.xml	giran08_2124_049	territory:-3856:-3656:43511,218426|43711,218426|43711,218759|43511,218759	z:-3856:-3656	generated.farm.69828cd3aecca42272b95365.anchor	43611	218592	-3824	43627	218592	-3824	VALID	STATIC_XML_CLEAR	1	NORMAL	REACHABLE_ORDINARY	component.7dad6e3e96728c2a7ff7af09
TOWER_OF_INSOLENCE	6a1beb51f646ae5e352917c58a29cd9ed8460e1fb24405e635874813432a0de3	TowerOfInsolence	data/spawns/Aden/TowerOfInsolence.xml	aden28_2318_07	territory:5948:6148:116296,13720|116996,14428|116300,14876|115864,14420	z:5948:6148	generated.farm.6a1beb51f646ae5e352917c5.anchor	116364	14361	5984	116380	14361	5984	VALID	STATIC_XML_CLEAR	1	NOBLESSE_CONDITIONAL	REACHABLE_CONDITIONAL	component.e93153ddee636cfa2f8c5c66
TOWER_OF_INSOLENCE	6a521f786f34a2c436ec4dc1310a9e567ca865e804b1655e010bc142ec35d318	TowerOfInsolence	data/spawns/Aden/TowerOfInsolence.xml	aden28_2318_01	territory:5958:6158:114503,15495|114955,15605|115226,15918|115226,16213|114944,16539|114475,16618|114114,16342|114059,15913	z:5958:6158	generated.farm.6a521f786f34a2c436ec4dc1.anchor	114688	16080	5984	114704	16080	5984	VALID	STATIC_XML_CLEAR	1	NORMAL	GEODATA_INTERNAL_BLOCKED	component.964a08b5c7c91ad95f692205
SSQ_CATACOMBS_NECROPOLIS	6a61dca2ed30eb045db8f4132bf0cca57f42047e563f09e8ff2a4175eca19381	CatacombOfDarkOmens	data/spawns/Catacombs/CatacombOfDarkOmens.xml	ssq03_1918_ssq16	territory:-4944:-4744:-11504,13160|-10144,13192|-10144,13856|-11484,13844	z:-4944:-4744	generated.farm.6a61dca2ed30eb045db8f413.anchor	-10819	13513	-4896	-10803	13513	-4896	VALID	STATIC_XML_CLEAR	1	SCRIPT_CONDITIONAL	NATIVE_CONDITION_UNMODELED	component.7ff0aa2ef025df3eed1760f6
TOWER_OF_INSOLENCE	6a90c8588f82d7004c07ccec870523a5b0e61a78a87ccc5ac0c098d482ed17d8	TowerOfInsolence	data/spawns/Aden/TowerOfInsolence.xml	aden40_2318_02	territory:3932:4282:113541,14650|114501,14244|114830,15099|113866,15458	z:3932:4282	generated.farm.6a90c8588f82d7004c07ccec.anchor	114184	14863	3960	114200	14863	3960	VALID	STATIC_XML_CLEAR	1	NORMAL	GEODATA_INTERNAL_BLOCKED	component.870b8836a21aafd218abada8
DEVILS_ISLE	6b09ee1d3852d548b02efb72213b220e20a424398d38ad0ff39519861ead121e	DevilsIsle	data/spawns/Giran/DevilsIsle.xml	giran08_2124_042	territory:-3964:-3664:45215,215339|45657,215270|45639,215694|45405,215850|44660,215802	z:-3964:-3664	generated.farm.6b09ee1d3852d548b02efb72.anchor	45315	215591	-3904	45331	215591	-3904	VALID	STATIC_XML_CLEAR	1	NORMAL	REACHABLE_ORDINARY	component.7dad6e3e96728c2a7ff7af09
IMPERIAL_TOMB	6b6f6c2545639fb2f48a151575e87c2f1d6a7c12ecf0ecddcf3f68baa4f38e72	ImperialTomb	data/spawns/Goddard/ImperialTomb.xml	godard14_2515_15	territory:-5367:-5067:183286,-81378|184046,-81378|184034,-80596|183293,-80595	z:-5367:-5067	generated.farm.6b6f6c2545639fb2f48a1515.anchor	183665	-80987	-5320	183681	-80987	-5312	VALID	STATIC_XML_CLEAR	1	NOBLESSE_CONDITIONAL	REACHABLE_CONDITIONAL	component.30e5cb07315a67a8381cbe8d
DEVILS_ISLE	6b786e1c0dd0685449ed5efc28804cc12d6e2395ad1fe8afad8e6e5fea168af4	DevilsIsle	data/spawns/Giran/DevilsIsle.xml	giran08_2124_036	territory:-3752:-3552:41707,211982|42025,211917|42463,212012|42702,212346|42593,212977|42301,213144|41821,213081|41600,212602	z:-3752:-3552	generated.farm.6b786e1c0dd0685449ed5efc.anchor	42152	212508	-3712	42168	212508	-3712	VALID	STATIC_XML_CLEAR	1	NORMAL	REACHABLE_ORDINARY	component.7dad6e3e96728c2a7ff7af09
SSQ_CATACOMBS_NECROPOLIS	6c1f8868af8fe2f7ca6a5c73aa8471f85003a3bfe451eb5a240beaf133f44445	CatacombOfDarkOmens	data/spawns/Catacombs/CatacombOfDarkOmens.xml	ssq03_1918_ssq24	territory:-4944:-4744:-13604,21640|-11740,21652|-11740,22316|-13588,22328	z:-4944:-4744	generated.farm.6c1f8868af8fe2f7ca6a5c73.anchor	-12668	21984	-4896	-12652	21984	-4896	VALID	STATIC_XML_CLEAR	1	SCRIPT_CONDITIONAL	NATIVE_CONDITION_UNMODELED	component.7ff0aa2ef025df3eed1760f6
SSQ_CATACOMBS_NECROPOLIS	6c9c6a21765a07d06cd6ebce512b5a0c0fc2a57088a0693837e0148b9b00a598	CatacombOfTheWitch	data/spawns/Catacombs/CatacombOfTheWitch.xml	ssq13_2420_ssq14	territory:-5476:-5276:146151,81356|146791,81356|146791,82815|146151,82815	z:-5476:-5276	generated.farm.6c9c6a21765a07d06cd6ebce.anchor	146471	82086	-5424	146487	82086	-5424	VALID	STATIC_XML_CLEAR	1	SCRIPT_CONDITIONAL	NATIVE_CONDITION_UNMODELED	component.acae4dfbcc94433b54ab8989
SSQ_CATACOMBS_NECROPOLIS	6cde780c2cbbdb9dd999f82453dceeea31f2b3cff8b86d0f73c06085292e4412	CatacombOfTheHeretic	data/spawns/Catacombs/CatacombOfTheHeretic.xml	ssq06_2122_ssq22	territory:-7943:-7793:-42836,-240296|-42251,-240298|-42253,-239648|-42835,-239664	z:-7943:-7793	generated.farm.6cde780c2cbbdb9dd999f824.anchor	-42544	-239976	-7904	-42528	-239976	-7904	VALID	STATIC_XML_CLEAR	1	SCRIPT_CONDITIONAL	NATIVE_CONDITION_UNMODELED	component.ac3253d25593857c65682608
SSQ_CATACOMBS_NECROPOLIS	6d0dcd5ed67655007721ba2c0b972316cab7cffeded255f71b8af8ca783d875e	CatacombOfTheApostate	data/spawns/Catacombs/CatacombOfTheApostate.xml	ssq11_2220_ssq30	territory:-8200:-8050:-10193,-245414|-9600,-245413|-9601,-244760|-10191,-244631	z:-8200:-8050	generated.farm.6d0dcd5ed67655007721ba2c.anchor	-9896	-245054	-8160	-9880	-245054	-8160	VALID	STATIC_XML_CLEAR	1	SCRIPT_CONDITIONAL	NATIVE_CONDITION_UNMODELED	component.bfd024dcd7492db175e85241
TOWER_OF_INSOLENCE	6d48dc991277ed445252780a48d0ece15862a8b2f63ae10388d2a9137c06b077	TowerOfInsolence	data/spawns/Aden/TowerOfInsolence.xml	aden38_2318_03	territory:1908:2108:115453,14443|115999,14752|116301,15327|115460,15336	z:1908:2108	generated.farm.6d48dc991277ed445252780a.anchor	115803	14964	1944	115819	14964	1944	VALID	STATIC_XML_CLEAR	1	NORMAL	GEODATA_INTERNAL_BLOCKED	component.54ac5c46bc7ab0a2267920e7
SSQ_CATACOMBS_NECROPOLIS	6d947d93a37ed27349566f1b7f0d67dfe78c1a75273883cda59d084aad0dbb0d	CatacombOfTheWitch	data/spawns/Catacombs/CatacombOfTheWitch.xml	ssq13_2420_ssq22	territory:-5464:-5264:145102,85063|145714,85063|145714,85700|145102,85700	z:-5464:-5264	generated.farm.6d947d93a37ed27349566f1b.anchor	145408	85382	-5424	145424	85382	-5424	VALID	STATIC_XML_CLEAR	1	SCRIPT_CONDITIONAL	NATIVE_CONDITION_UNMODELED	component.acae4dfbcc94433b54ab8989
SSQ_CATACOMBS_NECROPOLIS	6ead3c51df4695e4fee80b1f3986f607a9e71c8458ad89d7171e6ceed451d81f	CatacombOfTheWitch	data/spawns/Catacombs/CatacombOfTheWitch.xml	ssq13_2420_ssq20	territory:-5464:-5264:142248,85056|143719,85056|143719,85693|142248,85693	z:-5464:-5264	generated.farm.6ead3c51df4695e4fee80b1f.anchor	142984	85374	-5424	143000	85374	-5424	VALID	STATIC_XML_CLEAR	1	SCRIPT_CONDITIONAL	NATIVE_CONDITION_UNMODELED	component.acae4dfbcc94433b54ab8989
SSQ_CATACOMBS_NECROPOLIS	6ee4b4d0cc9254f0a8ffad27875cba2da3c16d119187420a20833d0eec8fc493	NecropolisOfTheDisciples	data/spawns/Catacombs/NecropolisOfTheDisciples.xml	ssq14_2517_ssq03	territory:-4936:-4736:172324,-13299|172986,-13293|172986,-12677|172324,-12683	z:-4936:-4736	generated.farm.6ee4b4d0cc9254f0a8ffad27.anchor	172655	-12988	-4896	172671	-12988	-4896	VALID	STATIC_XML_CLEAR	1	SCRIPT_CONDITIONAL	NATIVE_CONDITION_UNMODELED	component.a0f27b0f5d7a1a00f782ed4b
DEVILS_ISLE	6f7f1765f89ae95fe51f279645166ee23e5b29e9077aa1a66718d748a8f7f77d	DevilsIsle	data/spawns/Giran/DevilsIsle.xml	giran08_2124_047	territory:-4000:-3800:44786,217500|45659,217482|45838,217615|45797,218245|44787,218239	z:-4000:-3800	generated.farm.6f7f1765f89ae95fe51f2796.anchor	45373	217816	-3952	45389	217816	-3952	VALID	STATIC_XML_CLEAR	1	NORMAL	REACHABLE_ORDINARY	component.7dad6e3e96728c2a7ff7af09
TOWER_OF_INSOLENCE	6f913b14ecac5fd981c4e5e94361d3a3af215cff3e76ab01d90923b901815a5c	TowerOfInsolence	data/spawns/Aden/TowerOfInsolence.xml	aden38_2318_05	territory:1912:2112:114120,16884|115196,16872|115184,17868|114132,17880	z:1912:2112	generated.farm.6f913b14ecac5fd981c4e5e9.anchor	114658	17376	1944	114674	17376	1944	VALID	STATIC_XML_CLEAR	1	NORMAL	GEODATA_INTERNAL_BLOCKED	component.35504e4157b16a215cfb93bc
DEVILS_ISLE	700cb41de222c3911513268efe8cccbd305fe9c5842062da45c391b578797e06	DevilsIsle	data/spawns/Giran/DevilsIsle.xml	t121_24_071	territory:-3380:-3180:52188,211564|52570,211568|52570,212596|52188,212592	z:-3380:-3180	generated.farm.700cb41de222c3911513268e.anchor	52379	212080	-3344	52395	212080	-3344	VALID	STATIC_XML_CLEAR	1	NORMAL	GEODATA_INTERNAL_BLOCKED	component.514a021d15b99172d5b2cb46
IVORY_TOWER	702c7711f00e2a477fe96a0053bc31b2420fcd7c87cedf616e2cf3ce71f68466	IvoryTower	data/spawns/Oren/IvoryTower.xml	oren30_2218_11	territory:-3780:-3480:81420,28160|86660,27900|87040,29600|85056,29872	z:-3780:-3480	generated.farm.702c7711f00e2a477fe96a00.anchor	84230	28886	-3480	84246	28886	-3480	VALID	STATIC_XML_CLEAR	2	NORMAL	CONTENT_TELEPORT_SEMANTIC_BLOCKED	component.b41ca99b7e22a3d1a08d3828
SSQ_CATACOMBS_NECROPOLIS	703997ba81bcd919a63f6cb79425f7be3ac85182e20ca455737b40e385daac2e	NecropolisOfThePilgrims	data/spawns/Catacombs/NecropolisOfThePilgrims.xml	ssq07_2121_ssq18	territory:-5448:-5298:54507,121813|55841,121807|55840,122455|54509,122462	z:-5448:-5298	generated.farm.703997ba81bcd919a63f6cb7.anchor	55174	122134	-5408	55190	122134	-5408	VALID	STATIC_XML_CLEAR	1	SCRIPT_CONDITIONAL	NATIVE_CONDITION_UNMODELED	component.cbddc918f33160dda52bb64d
SSQ_CATACOMBS_NECROPOLIS	70e3a4d6c20b88d7d0e984a82f8ce91bdc41283508118c9e8f915ee86f210a87	NecropolisOfWorship	data/spawns/Catacombs/NecropolisOfWorship.xml	ssq09_2323_ssq22	territory:-5472:-5272:121574,179378|122227,179378|122227,180030|121574,180030	z:-5472:-5272	generated.farm.70e3a4d6c20b88d7d0e984a8.anchor	121900	179704	-5432	121916	179704	-5432	VALID	STATIC_XML_CLEAR	1	SCRIPT_CONDITIONAL	NATIVE_CONDITION_UNMODELED	component.b57dbd6b545f82c91f9e3a34
SSQ_CATACOMBS_NECROPOLIS	711b18f1824e10b364c5b805707dc522112445583bc732b42b721f8e88258e2f	NecropolisOfMartyrdom	data/spawns/Catacombs/NecropolisOfMartyrdom.xml	ssq10_2322_ssq07	territory:-4864:-4664:121680,135797|123554,135808|123546,136451|121665,136440	z:-4864:-4664	generated.farm.711b18f1824e10b364c5b805.anchor	122611	136124	-4824	122627	136124	-4824	VALID	STATIC_XML_CLEAR	1	SCRIPT_CONDITIONAL	NATIVE_CONDITION_UNMODELED	component.7f829cb88cce9a71650cf187
TOWER_OF_INSOLENCE	718018ba8d519cb8a92397499b86ec4463fda9b502102dd709a44d17c68ea13a	TowerOfInsolence	data/spawns/Aden/TowerOfInsolence.xml	aden38_2318_04	territory:1912:2112:114056,15524|115260,15524|115260,16608|114056,16608	z:1912:2112	generated.farm.718018ba8d519cb8a9239749.anchor	114658	16066	1944	114674	16066	1944	VALID	STATIC_XML_CLEAR	1	NORMAL	GEODATA_INTERNAL_BLOCKED	component.bed164ebfebf48c80530384e
IMPERIAL_TOMB	72007cc387f17e963e4fcf2c446ac6bf0ff8aede47d0437f2bf5d0e22d4781e5	ImperialTomb	data/spawns/Goddard/ImperialTomb.xml	godard14_2515_04	territory:-2778:-2478:179362,-75558|181659,-75562|181570,-75066|179360,-75074	z:-2778:-2478	generated.farm.72007cc387f17e963e4fcf2c.anchor	180488	-75315	-2728	180504	-75315	-2728	VALID	STATIC_XML_CLEAR	1	NOBLESSE_CONDITIONAL	REACHABLE_CONDITIONAL	component.30e5cb07315a67a8381cbe8d
DEVILS_ISLE	727636f611ea22b87fae9606c959d08838740b18ecadf47081a5b50bf6b18a29	DevilsIsle	data/spawns/Giran/DevilsIsle.xml	giran08_2124_077	territory:-2748:-2548:49128,209812|50504,209812|50504,210920|49128,210920	z:-2748:-2548	generated.farm.727636f611ea22b87fae9606.anchor	49816	210366	-2704	49832	210366	-2704	VALID	STATIC_XML_CLEAR	1	NORMAL	GEODATA_INTERNAL_BLOCKED	component.ff2770f1156bc4ee6cac8379
SSQ_CATACOMBS_NECROPOLIS	72b81b0dc2dfccdbc42954c717780cf4ffd2204767e7b767e19dfe946b47f251	CatacombOfTheBranded	data/spawns/Catacombs/CatacombOfTheBranded.xml	ssq05_2123_ssq15	territory:-5012:-4862:46288,176652|47630,176651|47634,177276|46296,177275	z:-5012:-4862	generated.farm.72b81b0dc2dfccdbc42954c7.anchor	46962	176964	-4976	46978	176964	-4976	VALID	STATIC_XML_CLEAR	1	SCRIPT_CONDITIONAL	NATIVE_CONDITION_UNMODELED	component.423662c72ad86bfe886c3b61
SSQ_CATACOMBS_NECROPOLIS	72d2f371cf9eb7a0682e2dfe07db0e0da800a0d1eff188b8178f5a77f872843e	CatacombOfTheForbiddenPath	data/spawns/Catacombs/CatacombOfTheForbiddenPath.xml	ssq12_2320_ssq02	territory:-9612:-9412:12713,-246026|14637,-246014|14629,-245362|12710,-245346	z:-9612:-9412	generated.farm.72d2f371cf9eb7a0682e2dfe.anchor	13672	-245687	-9576	13688	-245687	-9576	VALID	STATIC_XML_CLEAR	1	SCRIPT_CONDITIONAL	NATIVE_CONDITION_UNMODELED	component.137ee57453c450cb1450f091
SSQ_CATACOMBS_NECROPOLIS	7338fa69271c2aa06f4638de0f4d66bb5d66385ca3694558772212cf16b2f97e	CatacombOfDarkOmens	data/spawns/Catacombs/CatacombOfDarkOmens.xml	ssq03_1918_ssq03	territory:-4932:-4732:-16104,14604|-14184,14600|-14196,15283|-16108,15288	z:-4932:-4732	generated.farm.7338fa69271c2aa06f4638de.anchor	-15148	14944	-4896	-15132	14944	-4896	VALID	STATIC_XML_CLEAR	1	SCRIPT_CONDITIONAL	NATIVE_CONDITION_UNMODELED	component.7ff0aa2ef025df3eed1760f6
TOWER_OF_INSOLENCE	73869e4a8432f00797b9d0ee379e3a86b2b661549df62ed8a1043f5933d6fb5e	TowerOfInsolence	data/spawns/Aden/TowerOfInsolence.xml	aden30_2318_01	territory:7952:8152:114524,15444|115032,15640|115236,16200|114792,16680|114232,16472|114008,15936	z:7952:8152	generated.farm.73869e4a8432f00797b9d0ee.anchor	114637	16062	7992	114653	16062	7992	VALID	STATIC_XML_CLEAR	1	NORMAL	GEODATA_INTERNAL_BLOCKED	component.848b494c890f445d0623a3ca
SSQ_CATACOMBS_NECROPOLIS	73d7d571c6cd5effdfe4cb1fdd0b54462a9082b2e03eef77a4d1e43bbebffe05	CatacombOfTheApostate	data/spawns/Catacombs/CatacombOfTheApostate.xml	ssq11_2220_ssq16	territory:-8199:-8049:-20251,-242391|-18889,-242388|-18894,-241773|-20252,-241771	z:-8199:-8049	generated.farm.73d7d571c6cd5effdfe4cb1f.anchor	-19572	-242081	-8160	-19556	-242081	-8160	VALID	STATIC_XML_CLEAR	1	SCRIPT_CONDITIONAL	NATIVE_CONDITION_UNMODELED	component.5e8eee847c805f9535725bcd
IMPERIAL_TOMB	7404957fd9f2ac9aa8910274bf7046fc23522b8596a9e4379742fa931bc9a877	ImperialTomb	data/spawns/Goddard/ImperialTomb.xml	godard14_2515_07	territory:-3422:-3122:177556,-78584|178370,-78567|178368,-77809|177552,-77791	z:-3422:-3122	generated.farm.7404957fd9f2ac9aa8910274.anchor	177962	-78188	-3376	177978	-78188	-3376	VALID	STATIC_XML_CLEAR	1	NOBLESSE_CONDITIONAL	REACHABLE_CONDITIONAL	component.30e5cb07315a67a8381cbe8d
DEVILS_ISLE	7428ed8d09596a3467e9da7f3a2509092ee79fb866a1197cba7ec2955ee4234a	DevilsIsle	data/spawns/Giran/DevilsIsle.xml	giran08_2124_065	territory:-3460:-3260:47262,213191|48665,213191|48665,214357|47262,214357	z:-3460:-3260	generated.farm.7428ed8d09596a3467e9da7f.anchor	47964	213774	-3424	47980	213774	-3424	VALID	STATIC_XML_CLEAR	1	NORMAL	GEODATA_INTERNAL_BLOCKED	component.b1474d324cb4546b583f5011
SSQ_CATACOMBS_NECROPOLIS	7445824917f3eaf28d41f3ef8c6aa7f31fcc18c46f3840bc8db26ae1c532a4e0	NecropolisOfThePatriots	data/spawns/Catacombs/NecropolisOfThePatriots.xml	ssq03_1920_ssq10	territory:-5212:-5062:-18345,80379|-16535,80380|-16544,81027|-18334,81015	z:-5212:-5062	generated.farm.7445824917f3eaf28d41f3ef.anchor	-17440	80700	-5168	-17424	80700	-5168	VALID	STATIC_XML_CLEAR	1	SCRIPT_CONDITIONAL	NATIVE_CONDITION_UNMODELED	component.888b1c386bb56285d9aedda1
SSQ_CATACOMBS_NECROPOLIS	7639d8696718e48cc3dafa8c50ec92735a03348904e1c3dd832f070382046531	CatacombOfTheBranded	data/spawns/Catacombs/CatacombOfTheBranded.xml	ssq05_2123_ssq14	territory:-5020:-4870:46279,175670|46876,175669|46878,176331|46277,176331	z:-5020:-4870	generated.farm.7639d8696718e48cc3dafa8c.anchor	46578	176000	-4976	46594	176000	-4976	VALID	STATIC_XML_CLEAR	1	SCRIPT_CONDITIONAL	NATIVE_CONDITION_UNMODELED	component.423662c72ad86bfe886c3b61
SSQ_CATACOMBS_NECROPOLIS	76609c1a29686f09aa087ddb862be12239d42c2298f850bcd088997d08acbf2e	NecropolisOfTheDisciples	data/spawns/Catacombs/NecropolisOfTheDisciples.xml	ssq14_2517_ssq15	territory:-4936:-4736:181839,-14740|183302,-14740|183302,-14043|181839,-14043	z:-4936:-4736	generated.farm.76609c1a29686f09aa087ddb.anchor	182570	-14392	-4896	182586	-14392	-4896	VALID	STATIC_XML_CLEAR	1	SCRIPT_CONDITIONAL	NATIVE_CONDITION_UNMODELED	component.a0f27b0f5d7a1a00f782ed4b
DEVILS_ISLE	7690ff7815711ed728f8fed1e7e9923ebdc4e7614a4194af0cba11c40eac3265	DevilsIsle	data/spawns/Giran/DevilsIsle.xml	giran08_2124_082	territory:-2496:-2296:51645,210291|52794,210291|52794,211698|51645,211698	z:-2496:-2296	generated.farm.7690ff7815711ed728f8fed1.anchor	52220	210994	-2464	52236	210994	-2464	VALID	STATIC_XML_CLEAR	1	NORMAL	GEODATA_INTERNAL_BLOCKED	component.ff2770f1156bc4ee6cac8379
TOWER_OF_INSOLENCE	77324c0847de13e0481c5e7c550ab1fc653d768dd31d85b844dc142eced73900	TowerOfInsolence	data/spawns/Aden/TowerOfInsolence.xml	aden39_2318_05	territory:2919:3269:113932,17199|115027,17082|115431,17608|114290,17847|113710,17623	z:2919:3269	generated.farm.77324c0847de13e0481c5e7c.anchor	114478	17472	2952	114494	17472	2952	VALID	STATIC_XML_CLEAR	1	NORMAL	GEODATA_INTERNAL_BLOCKED	component.8480beb21a0a2a685ff4a89a
SSQ_CATACOMBS_NECROPOLIS	77f9210e2ca1201c4291ed96e543b99ff0a877ffdc32da0184a1a6e52a9a686a	NecropolisOfTheSaints	data/spawns/Catacombs/NecropolisOfTheSaints.xml	ssq08_2224_ssq18	territory:-5472:-5272:93444,213488|94048,213492|94040,214144|93440,214156	z:-5472:-5272	generated.farm.77f9210e2ca1201c4291ed96.anchor	93743	213820	-5432	93759	213820	-5432	VALID	STATIC_XML_CLEAR	1	SCRIPT_CONDITIONAL	NATIVE_CONDITION_UNMODELED	component.25ffd0d249e9435bb5e4c376
DEVILS_ISLE	788a7343bc908a787d6139976c2772b5c2f8102052170f0f471f15dc190357d9	DevilsIsle	data/spawns/Giran/DevilsIsle.xml	giran08_2124_012	territory:-3816:-3606:44871,205705|45051,205765|44992,206663|44792,206623	z:-3816:-3606	generated.farm.788a7343bc908a787d613997.anchor	44926	206189	-3712	44942	206189	-3712	VALID	STATIC_XML_CLEAR	1	NORMAL	REACHABLE_ORDINARY	component.7dad6e3e96728c2a7ff7af09
SSQ_CATACOMBS_NECROPOLIS	7899965a2fe2b89495d62605478f9c2466b14bd904a875fb7310b24ab7a4ac73	NecropolisOfThePilgrims	data/spawns/Catacombs/NecropolisOfThePilgrims.xml	ssq07_2121_ssq27	territory:-5452:-5302:50628,117546|51256,117549|51271,118139|50630,118140	z:-5452:-5302	generated.farm.7899965a2fe2b89495d62605.anchor	50946	117844	-5408	50962	117844	-5408	VALID	STATIC_XML_CLEAR	1	SCRIPT_CONDITIONAL	NATIVE_CONDITION_UNMODELED	component.cbddc918f33160dda52bb64d
SSQ_CATACOMBS_NECROPOLIS	78c86af43e16f4b7f6508cd2121a7597ee32a353736244cffb506f90020f99f0	NecropolisOfTheDisciples	data/spawns/Catacombs/NecropolisOfTheDisciples.xml	ssq14_2517_ssq19	territory:-4936:-4736:172315,-11289|173778,-11289|173778,-10592|172315,-10592	z:-4936:-4736	generated.farm.78c86af43e16f4b7f6508cd2.anchor	173046	-10940	-4896	173062	-10940	-4896	VALID	STATIC_XML_CLEAR	1	SCRIPT_CONDITIONAL	NATIVE_CONDITION_UNMODELED	component.a0f27b0f5d7a1a00f782ed4b
SSQ_CATACOMBS_NECROPOLIS	78f753890e270ff7e50bd97b11d403e195aaede3087870eb590dc0a09d7d55dc	CatacombOfTheWitch	data/spawns/Catacombs/CatacombOfTheWitch.xml	ssq13_2420_ssq30	territory:-5464:-5264:150787,85027|151400,85027|151400,85664|150787,85664	z:-5464:-5264	generated.farm.78f753890e270ff7e50bd97b.anchor	151094	85346	-5424	151110	85346	-5424	VALID	STATIC_XML_CLEAR	1	SCRIPT_CONDITIONAL	NATIVE_CONDITION_UNMODELED	component.acae4dfbcc94433b54ab8989
SSQ_CATACOMBS_NECROPOLIS	78f969afd9b10da798464d80f3a08ea94de50ac922c68e68cfd17598fd38351a	NecropolisOfTheSaints	data/spawns/Catacombs/NecropolisOfTheSaints.xml	ssq08_2224_ssq25	territory:-5476:-5276:88848,219199|89448,219199|89444,219843|88856,219839	z:-5476:-5276	generated.farm.78f969afd9b10da798464d80.anchor	89149	219520	-5432	89165	219520	-5432	VALID	STATIC_XML_CLEAR	1	SCRIPT_CONDITIONAL	NATIVE_CONDITION_UNMODELED	component.25ffd0d249e9435bb5e4c376
SSQ_CATACOMBS_NECROPOLIS	7990e5adbbcd8347f0d3d636c4e0c395b9cdbc116a2ab7dbfdcf50e99b3d9e52	NecropolisOfWorship	data/spawns/Catacombs/NecropolisOfWorship.xml	ssq09_2323_ssq25	territory:-5472:-5272:116960,183996|117612,183996|117612,184648|116960,184648	z:-5472:-5272	generated.farm.7990e5adbbcd8347f0d3d636.anchor	117286	184322	-5432	117302	184322	-5432	VALID	STATIC_XML_CLEAR	1	SCRIPT_CONDITIONAL	NATIVE_CONDITION_UNMODELED	component.b57dbd6b545f82c91f9e3a34
TOWER_OF_INSOLENCE	79fb02dd5bf06a305b3867705014763e51ea450e8e20e5f147665b972d587618	TowerOfInsolence	data/spawns/Aden/TowerOfInsolence.xml	aden41_2318_02	territory:4943:5293:113580,16847|113835,17111|113504,17468|113226,17194	z:4943:5293	generated.farm.79fb02dd5bf06a305b386770.anchor	113536	17155	4976	113552	17155	4976	VALID	STATIC_XML_CLEAR	1	NORMAL	GEODATA_INTERNAL_BLOCKED	component.a8d7176ce477e121053ae874
SSQ_CATACOMBS_NECROPOLIS	7a578e8eaccc938841ee3582dc914fc003c3644c152c776528f783bba420c281	CatacombOfTheApostate	data/spawns/Catacombs/CatacombOfTheApostate.xml	ssq11_2220_ssq12	territory:-8202:-8052:-15928,-245394|-15279,-245396|-15271,-244788|-15927,-244791	z:-8202:-8052	generated.farm.7a578e8eaccc938841ee3582.anchor	-15601	-245092	-8160	-15585	-245092	-8160	VALID	STATIC_XML_CLEAR	1	SCRIPT_CONDITIONAL	NATIVE_CONDITION_UNMODELED	component.5a779e70e10a9bf13f9ef7c3
TOWER_OF_INSOLENCE	7ab80eb28ebca089ca50c74175a18fe32717a68bbc8aa71081e19b0f610381f1	TowerOfInsolence	data/spawns/Aden/TowerOfInsolence.xml	aden28_2318_10	territory:5956:6156:114336,18117|114967,18117|115155,18880|114148,18880	z:5956:6156	generated.farm.7ab80eb28ebca089ca50c741.anchor	114652	18498	5984	114668	18498	5984	VALID	STATIC_XML_CLEAR	1	NOBLESSE_CONDITIONAL	REACHABLE_CONDITIONAL	component.94d63f443e7d478ef61f2020
SSQ_CATACOMBS_NECROPOLIS	7afcb02ec83ea380db585fb78f3581469fd5a7ebbaf1f8f1fbacaebca3613cb2	NecropolisOfWorship	data/spawns/Catacombs/NecropolisOfWorship.xml	ssq09_2323_ssq02	territory:-5472:-5272:111512,176699|112963,176699|112963,177354|111512,177354	z:-5472:-5272	generated.farm.7afcb02ec83ea380db585fb7.anchor	112238	177026	-5432	112254	177026	-5432	VALID	STATIC_XML_CLEAR	1	SCRIPT_CONDITIONAL	NATIVE_CONDITION_UNMODELED	component.4fd587eeb9e2b2554eb355a8
TOWER_OF_INSOLENCE	7b2db06d73589ca0009eb1d301de548c4b1d17aec3f9a6798605dc5a6d0f7acd	TowerOfInsolence	data/spawns/Aden/TowerOfInsolence.xml	aden29_2318_08	territory:6948:7148:113468,14144|114724,15352|113972,16116|112712,14844	z:6948:7148	generated.farm.7b2db06d73589ca0009eb1d3.anchor	113719	15114	6992	113735	15114	6992	VALID	STATIC_XML_CLEAR	1	NORMAL	DOOR_STATE_BLOCKED	component.fc91cea7d8200aaf68984d54
SSQ_CATACOMBS_NECROPOLIS	7c350a6b37163be0239bc8aeef100edb1ff9b66e80d97f6d17d874a95e4689b3	NecropolisOfWorship	data/spawns/Catacombs/NecropolisOfWorship.xml	ssq09_2323_ssq16	territory:-5472:-5272:121561,173689|122214,173689|122214,174341|121561,174341	z:-5472:-5272	generated.farm.7c350a6b37163be0239bc8ae.anchor	121888	174015	-5432	121904	174015	-5432	VALID	STATIC_XML_CLEAR	1	SCRIPT_CONDITIONAL	NATIVE_CONDITION_UNMODELED	component.b57dbd6b545f82c91f9e3a34
SSQ_CATACOMBS_NECROPOLIS	7c5628622e705f7eb1738296bcb08b2e5d4acb891d2e3f67b7b152ff50ea1547	CatacombOfTheApostate	data/spawns/Catacombs/CatacombOfTheApostate.xml	ssq11_2220_ssq08	territory:-8194:-8044:-15918,-251083|-15280,-251087|-15279,-250483|-15919,-250491	z:-8194:-8044	generated.farm.7c5628622e705f7eb1738296.anchor	-15599	-250786	-8160	-15583	-250786	-8160	VALID	STATIC_XML_CLEAR	1	SCRIPT_CONDITIONAL	NATIVE_CONDITION_UNMODELED	component.034a5b9796857e6f481e60f0
SSQ_CATACOMBS_NECROPOLIS	7c6e748edc33a7a99e9eb3cc9b3ad8236f019a14a14d051369ed9d1f5d22fb5f	NecropolisOfSacrifice	data/spawns/Catacombs/NecropolisOfSacrifice.xml	ssq01_1824_ssq37	territory:-5125:-4975:-47588,210923|-46949,210923|-46947,211508|-47574,211509	z:-5125:-4975	generated.farm.7c6e748edc33a7a99e9eb3cc.anchor	-47264	211216	-5080	-47248	211216	-5080	VALID	STATIC_XML_CLEAR	1	SCRIPT_CONDITIONAL	NATIVE_CONDITION_UNMODELED	component.ce7bae4e503482cb2b998003
SSQ_CATACOMBS_NECROPOLIS	7dfc2c399528baa43266e8c624430b3df77c51b3bb27d6f65547b4b3af53af63	CatacombOfDarkOmens	data/spawns/Catacombs/CatacombOfDarkOmens.xml	ssq03_1918_ssq11	territory:-4932:-4732:-13716,17840|-13080,17836|-13088,18412|-13676,18408	z:-4932:-4732	generated.farm.7dfc2c399528baa43266e8c6.anchor	-13390	18124	-4896	-13374	18124	-4896	VALID	STATIC_XML_CLEAR	1	SCRIPT_CONDITIONAL	NATIVE_CONDITION_UNMODELED	component.7ff0aa2ef025df3eed1760f6
SSQ_CATACOMBS_NECROPOLIS	7e9733ead1355749a2961b0e276a04adf1df331b246ea20b762f4849b03772fb	NecropolisOfTheSaints	data/spawns/Catacombs/NecropolisOfTheSaints.xml	ssq08_2224_ssq22	territory:-5476:-5276:90184,219180|91528,219200|91524,219860|90172,219844	z:-5476:-5276	generated.farm.7e9733ead1355749a2961b0e.anchor	90852	219521	-5432	90868	219521	-5432	VALID	STATIC_XML_CLEAR	1	SCRIPT_CONDITIONAL	NATIVE_CONDITION_UNMODELED	component.25ffd0d249e9435bb5e4c376
SSQ_CATACOMBS_NECROPOLIS	7f454d5811f41b890ec042792bd330a83e0852b3f542269e6cbeb1749cdff084	CatacombOfDarkOmens	data/spawns/Catacombs/CatacombOfDarkOmens.xml	ssq03_1918_ssq13	territory:-4940:-4740:-12448,15256|-10548,15252|-10556,15932|-12428,15904	z:-4940:-4740	generated.farm.7f454d5811f41b890ec04279.anchor	-11495	15586	-4896	-11479	15586	-4896	VALID	STATIC_XML_CLEAR	1	SCRIPT_CONDITIONAL	NATIVE_CONDITION_UNMODELED	component.7ff0aa2ef025df3eed1760f6
TOWER_OF_INSOLENCE	7f80d8980ae00ec702cadf9323fa41b5cb405300ac44c0bd1f691a55e5631e0a	TowerOfInsolence	data/spawns/Aden/TowerOfInsolence.xml	aden33_2318_03	territory:-5136:-4936:116004,16464|116932,16612|116540,17564|116052,18008|115224,18440|114996,17440	z:-5136:-4936	generated.farm.7f80d8980ae00ec702cadf93.anchor	115958	17421	-5096	115974	17421	-5096	VALID	STATIC_XML_CLEAR	1	NORMAL	GEODATA_INTERNAL_BLOCKED	component.ce6e96b241335674ad178a1d
SSQ_CATACOMBS_NECROPOLIS	7fd4873b14003bbd5d09e0ddb9bac2a455a1c56f48af09509e498630fde216f7	NecropolisOfTheDisciples	data/spawns/Catacombs/NecropolisOfTheDisciples.xml	ssq14_2517_ssq06	territory:-4936:-4736:176192,-15248|177655,-15248|177655,-14551|176192,-14551	z:-4936:-4736	generated.farm.7fd4873b14003bbd5d09e0dd.anchor	176924	-14900	-4896	176940	-14900	-4896	VALID	STATIC_XML_CLEAR	1	SCRIPT_CONDITIONAL	NATIVE_CONDITION_UNMODELED	component.a0f27b0f5d7a1a00f782ed4b
DEVILS_ISLE	7fe0706d470228a62720986855a125848ec58eeb01c4f0eefbbacd2d8bcc75c8	DevilsIsle	data/spawns/Giran/DevilsIsle.xml	giran08_2124_026	territory:-3632:-3432:45467,210166|47622,209897|48052,210294|47959,211029|46123,211234|45549,211055|45316,210481	z:-3632:-3432	generated.farm.7fe0706d470228a627209868.anchor	46584	210594	-3592	46600	210594	-3592	VALID	STATIC_XML_CLEAR	1	NORMAL	REACHABLE_ORDINARY	component.7dad6e3e96728c2a7ff7af09
TOWER_OF_INSOLENCE	7ffe5c84d595e689e79b19d10be8bd133d976750d480a32268937ee7a7161ac2	TowerOfInsolence	data/spawns/Aden/TowerOfInsolence.xml	aden41_2318_03	territory:4941:5291:114638,16375|114851,16819|114387,17230|114288,17839|113621,17548	z:4941:5291	generated.farm.7ffe5c84d595e689e79b19d1.anchor	114357	17162	4976	114373	17162	4976	VALID	STATIC_XML_CLEAR	1	NORMAL	GEODATA_INTERNAL_BLOCKED	component.a8d7176ce477e121053ae874
SSQ_CATACOMBS_NECROPOLIS	802a326016a398cb5b4a5d63fc168bdddf5f6c1fad2a185587f96785e65114dd	CatacombOfTheApostate	data/spawns/Catacombs/CatacombOfTheApostate.xml	ssq11_2220_ssq06	territory:-8176:-8026:-19387,-249962|-18729,-249958|-18735,-249368|-19383,-249370	z:-8176:-8026	generated.farm.802a326016a398cb5b4a5d63.anchor	-19058	-249664	-8160	-19042	-249664	-8160	VALID	STATIC_XML_CLEAR	1	SCRIPT_CONDITIONAL	NATIVE_CONDITION_UNMODELED	component.034a5b9796857e6f481e60f0
SSQ_CATACOMBS_NECROPOLIS	809f5e4ba10b73180dd208d8cb6d3851a6882386fe1a37280f48e682f36471ef	NecropolisOfTheSaints	data/spawns/Catacombs/NecropolisOfTheSaints.xml	ssq08_2224_ssq06	territory:-5484:-5284:85572,208848|86940,208856|86944,209528|85584,209516	z:-5484:-5284	generated.farm.809f5e4ba10b73180dd208d8.anchor	86260	209187	-5432	86276	209187	-5432	VALID	STATIC_XML_CLEAR	1	SCRIPT_CONDITIONAL	NATIVE_CONDITION_UNMODELED	component.25ffd0d249e9435bb5e4c376
SSQ_CATACOMBS_NECROPOLIS	80e4b1c9dcbb766b46f9b0ec5bd86f99f0a0fba3eb657d9bcce27cf0f49f6bf5	CatacombOfTheBranded	data/spawns/Catacombs/CatacombOfTheBranded.xml	ssq05_2123_ssq19	territory:-5018:-4868:48772,177778|50603,177778|50600,178437|48761,178448	z:-5018:-4868	generated.farm.80e4b1c9dcbb766b46f9b0ec.anchor	49684	178110	-4976	49700	178110	-4976	VALID	STATIC_XML_CLEAR	1	SCRIPT_CONDITIONAL	NATIVE_CONDITION_UNMODELED	component.423662c72ad86bfe886c3b61
SSQ_CATACOMBS_NECROPOLIS	8197e4ee3f62cb09661b7bd469c4bbf01fd8ed893918823614a7d74e7ec8f61f	CatacombOfTheBranded	data/spawns/Catacombs/CatacombOfTheBranded.xml	ssq05_2123_ssq23	territory:-5011:-4861:56566,180307|57198,180304|57202,180912|56568,180902	z:-5011:-4861	generated.farm.8197e4ee3f62cb09661b7bd4.anchor	56884	180606	-4976	56900	180606	-4976	VALID	STATIC_XML_CLEAR	1	SCRIPT_CONDITIONAL	NATIVE_CONDITION_UNMODELED	component.423662c72ad86bfe886c3b61
SSQ_CATACOMBS_NECROPOLIS	8207454758980f05f3d773a4b894c8fa5d01b024f06ca6a26b2ef22249208c89	NecropolisOfDevotion	data/spawns/Catacombs/NecropolisOfDevotion.xml	ssq02_1820_ssq21	territory:-4777:-4627:-42879,86939|-41569,86947|-41573,87591|-42873,87590	z:-4777:-4627	generated.farm.8207454758980f05f3d773a4.anchor	-42224	87267	-4736	-42208	87267	-4736	VALID	STATIC_XML_CLEAR	1	SCRIPT_CONDITIONAL	NATIVE_CONDITION_UNMODELED	component.4f51ad139140e844e92eec35
IVORY_TOWER	826227efbf2948c04487057bd960297ace2de34c8f9549a58e8774fd20a8e1f9	IvoryTower	data/spawns/Oren/IvoryTower.xml	oren30_2218_10s	territory:-3684:-3484:87092,24592|89076,24576|90572,24784|89820,25680|86984,25836	z:-3684:-3484	generated.farm.826227efbf2948c04487057b.anchor	88709	25094	-3568	88725	25094	-3568	VALID	STATIC_XML_CLEAR	1	NORMAL	CONTENT_TELEPORT_SEMANTIC_BLOCKED	component.fb641ea8a924ba7ec8c316a2
IVORY_TOWER	836b18073c7b36f772a1be511371c3e9a4beadb17fc64a8472b4ee9f25dee336	IvoryTower	data/spawns/Oren/IvoryTower.xml	oren30_2218_14s	territory:-3784:-3384:76124,21648|78024,21444|78024,23672|75892,25312	z:-3784:-3384	generated.farm.836b18073c7b36f772a1be51.anchor	77016	23019	-3488	77032	23019	-3488	VALID	STATIC_XML_CLEAR	1	NORMAL	CONTENT_TELEPORT_SEMANTIC_BLOCKED	component.9462096dfe4139d831fce33f
SSQ_CATACOMBS_NECROPOLIS	8479ef4ef6bf91c5436a2c5fa4e157e7892bf48e58f704ac4c9d1d03ea4a8949	NecropolisOfMartyrdom	data/spawns/Catacombs/NecropolisOfMartyrdom.xml	ssq10_2322_ssq14	territory:-4864:-4664:124063,132467|124667,132459|124655,133111|124064,133107	z:-4864:-4664	generated.farm.8479ef4ef6bf91c5436a2c5f.anchor	124362	132786	-4824	124378	132786	-4824	VALID	STATIC_XML_CLEAR	1	SCRIPT_CONDITIONAL	NATIVE_CONDITION_UNMODELED	component.7f829cb88cce9a71650cf187
DEVILS_ISLE	854e7ba9648bfb44a6bd4bdce7f22b29ff3b541fcae131819401ec43b1ba1313	DevilsIsle	data/spawns/Giran/DevilsIsle.xml	giran08_2124_088	territory:-3964:-3364:55250,210873|55762,211217|55934,212274|55686,212533|54639,212740|54276,212407|54160,211696|54332,211108	z:-3964:-3364	generated.farm.854e7ba9648bfb44a6bd4bdc.anchor	55005	211856	-3880	55021	211856	-3880	VALID	STATIC_XML_CLEAR	1	NORMAL	GEODATA_INTERNAL_BLOCKED	component.ff2770f1156bc4ee6cac8379
SSQ_CATACOMBS_NECROPOLIS	8551e5f54dd93d0a5c2a517f25ecf403fca63a285025defeeb9c03cb1fd615ce	CatacombOfTheHeretic	data/spawns/Catacombs/CatacombOfTheHeretic.xml	ssq06_2122_ssq19	territory:-7941:-7791:-47451,-240285|-46858,-240291|-46861,-239653|-47452,-239654	z:-7941:-7791	generated.farm.8551e5f54dd93d0a5c2a517f.anchor	-47156	-239971	-7904	-47140	-239971	-7904	VALID	STATIC_XML_CLEAR	1	SCRIPT_CONDITIONAL	NATIVE_CONDITION_UNMODELED	component.ac3253d25593857c65682608
SSQ_CATACOMBS_NECROPOLIS	86b6d12a1bbaf7be0e157b05d5dbaa5742f00c7e5370a49930d8b68cb9457f87	CatacombOfDarkOmens	data/spawns/Catacombs/CatacombOfDarkOmens.xml	ssq03_1918_ssq21	territory:-4932:-4732:-9084,18868|-8484,18892|-8488,19528|-9084,19548	z:-4932:-4732	generated.farm.86b6d12a1bbaf7be0e157b05.anchor	-8785	19209	-4896	-8769	19209	-4896	VALID	STATIC_XML_CLEAR	1	SCRIPT_CONDITIONAL	NATIVE_CONDITION_UNMODELED	component.7ff0aa2ef025df3eed1760f6
SSQ_CATACOMBS_NECROPOLIS	86bfc47323b1b2f75cc689838f2f8b99ded18c0fe30799234e9dc998287e88cc	NecropolisOfDevotion	data/spawns/Catacombs/NecropolisOfDevotion.xml	ssq02_1820_ssq06	territory:-4778:-4628:-49989,78774|-48655,78780|-48659,79435|-49992,79418	z:-4778:-4628	generated.farm.86bfc47323b1b2f75cc68983.anchor	-49324	79102	-4736	-49308	79102	-4736	VALID	STATIC_XML_CLEAR	1	SCRIPT_CONDITIONAL	NATIVE_CONDITION_UNMODELED	component.4f51ad139140e844e92eec35
SSQ_CATACOMBS_NECROPOLIS	86ccd96e16d27702d29add3f96eefe62feaa500de415f3de0bb030ca99fc250e	NecropolisOfThePatriots	data/spawns/Catacombs/NecropolisOfThePatriots.xml	ssq03_1920_ssq31	territory:-5207:-5057:-21627,84032|-19836,84025|-19834,84678|-21631,84670	z:-5207:-5057	generated.farm.86ccd96e16d27702d29add3f.anchor	-20732	84351	-5168	-20716	84351	-5168	VALID	STATIC_XML_CLEAR	1	SCRIPT_CONDITIONAL	NATIVE_CONDITION_UNMODELED	component.888b1c386bb56285d9aedda1
SSQ_CATACOMBS_NECROPOLIS	871f824b82a0cd7eca5eb52def9ac701d1e96799d80d700cb1b95f5f379b2640	CatacombOfTheBranded	data/spawns/Catacombs/CatacombOfTheBranded.xml	ssq05_2123_ssq20	territory:-4992:-4842:50891,180292|51490,180292|51483,180923|50888,180921	z:-4992:-4842	generated.farm.871f824b82a0cd7eca5eb52d.anchor	51188	180607	-4976	51204	180607	-4976	VALID	STATIC_XML_CLEAR	1	SCRIPT_CONDITIONAL	NATIVE_CONDITION_UNMODELED	component.423662c72ad86bfe886c3b61
SSQ_CATACOMBS_NECROPOLIS	884387a7ac45d5c40571626df2749d986146c84b72b15636bf5c552251ec2841	NecropolisOfTheSaints	data/spawns/Catacombs/NecropolisOfTheSaints.xml	ssq08_2224_ssq29	territory:-5476:-5276:88837,214578|89437,214578|89433,215222|88845,215218	z:-5476:-5276	generated.farm.884387a7ac45d5c40571626d.anchor	89138	214899	-5432	89154	214899	-5432	VALID	STATIC_XML_CLEAR	1	SCRIPT_CONDITIONAL	NATIVE_CONDITION_UNMODELED	component.25ffd0d249e9435bb5e4c376
SSQ_CATACOMBS_NECROPOLIS	884eceed8a8e551b905f2f701d22028b2f3e910fc5eb2ffe414d91692c314a19	CatacombOfTheForbiddenPath	data/spawns/Catacombs/CatacombOfTheForbiddenPath.xml	ssq12_2320_ssq09	territory:-9612:-9412:18338,-248817|18934,-248801|18934,-248169|18342,-248157	z:-9612:-9412	generated.farm.884eceed8a8e551b905f2f70.anchor	18637	-248486	-9576	18653	-248486	-9576	VALID	STATIC_XML_CLEAR	1	SCRIPT_CONDITIONAL	NATIVE_CONDITION_UNMODELED	component.137ee57453c450cb1450f091
DEVILS_ISLE	88a99d2166a845e449a21e588f005d89c57c41cfca6a08eba3fef00ca90dfd21	DevilsIsle	data/spawns/Giran/DevilsIsle.xml	giran08_2124_029	territory:-3788:-3588:43447,209837|43776,209816|44274,210102|44290,210816|43352,210867|43006,210651|43006,210002	z:-3788:-3588	generated.farm.88a99d2166a845e449a21e58.anchor	43593	210299	-3712	43609	210299	-3712	VALID	STATIC_XML_CLEAR	1	NORMAL	REACHABLE_ORDINARY	component.7dad6e3e96728c2a7ff7af09
IVORY_TOWER	88cebd072cae93586e45269199ed5b8c53f92d8ea343eca7e33399069fb50234	IvoryTower	data/spawns/Oren/IvoryTower.xml	oren01_qm2218_01	territory:-5348:-5048:79892,15052|82008,15024|84252,20204|82604,22312|80436,20496|79172,18188	z:-5348:-5048	generated.farm.88cebd072cae93586e452691.anchor	81394	18546	-5288	81410	18546	-5288	VALID	STATIC_XML_CLEAR	1	NORMAL	CONTENT_TELEPORT_SEMANTIC_BLOCKED	component.a5d1f0d47d881f7cd428946a
DEVILS_ISLE	88e3561b0e2a4a9fd5f2e3f59bd490d323f5ad9a0c4b8919eb787b1084917de3	DevilsIsle	data/spawns/Giran/DevilsIsle.xml	giran08_2124_041	territory:-3800:-3600:45103,213855|46096,213838|46303,214020|46206,214658|45479,214679	z:-3800:-3600	generated.farm.88e3561b0e2a4a9fd5f2e3f5.anchor	45837	214210	-3752	45853	214210	-3752	VALID	STATIC_XML_CLEAR	1	NORMAL	REACHABLE_ORDINARY	component.7dad6e3e96728c2a7ff7af09
SSQ_CATACOMBS_NECROPOLIS	896000f461abfd4566de4180cf54fb9a2c66e2ac1c3d5afbcf80f7fc0f170f3a	NecropolisOfTheDisciples	data/spawns/Catacombs/NecropolisOfTheDisciples.xml	ssq14_2517_ssq07	territory:-4936:-4736:176932,-13301|177594,-13295|177594,-12679|176932,-12685	z:-4936:-4736	generated.farm.896000f461abfd4566de4180.anchor	177263	-12990	-4896	177279	-12990	-4896	VALID	STATIC_XML_CLEAR	1	SCRIPT_CONDITIONAL	NATIVE_CONDITION_UNMODELED	component.a0f27b0f5d7a1a00f782ed4b
DEVILS_ISLE	89c65b1f432cc04d377d0d234a97ceb72e3c740e32ae812a8bbf5284841cadb8	DevilsIsle	data/spawns/Giran/DevilsIsle.xml	giran08_2124_056	territory:-3632:-3432:49156,219671|49775,219367|50478,219833|49993,220764|49237,221006|48781,220949|48667,220208	z:-3632:-3432	generated.farm.89c65b1f432cc04d377d0d23.anchor	49441	220257	-3584	49457	220257	-3584	VALID	STATIC_XML_CLEAR	1	NORMAL	REACHABLE_ORDINARY	component.7dad6e3e96728c2a7ff7af09
IMPERIAL_TOMB	8a09c0c169c64214e17f02473b122a8fdce16e5f54939a9e845496e4788b18ab	ImperialTomb	data/spawns/Goddard/ImperialTomb.xml	godard14_2515_20	territory:-6011:-5711:183299,-84273|184050,-84275|184080,-83473|183288,-83466	z:-6011:-5711	generated.farm.8a09c0c169c64214e17f0247.anchor	183679	-83872	-5960	183695	-83872	-5960	VALID	STATIC_XML_CLEAR	1	NOBLESSE_CONDITIONAL	REACHABLE_CONDITIONAL	component.30e5cb07315a67a8381cbe8d
SSQ_CATACOMBS_NECROPOLIS	8a0d3904dd13cfafb9fe0ec4bf28b336933d352afc7e32d9b33d1b14bfc11f6b	NecropolisOfThePilgrims	data/spawns/Catacombs/NecropolisOfThePilgrims.xml	ssq07_2121_ssq17	territory:-5445:-5295:55240,123240|55867,123235|55866,123837|55242,123826	z:-5445:-5295	generated.farm.8a0d3904dd13cfafb9fe0ec4.anchor	55554	123534	-5408	55570	123534	-5408	VALID	STATIC_XML_CLEAR	1	SCRIPT_CONDITIONAL	NATIVE_CONDITION_UNMODELED	component.cbddc918f33160dda52bb64d
TOWER_OF_INSOLENCE	8ae09d0670f968dec80834b9a02c48b9b3fd6b530ae9067d880f4445cd17ea47	TowerOfInsolence	data/spawns/Aden/TowerOfInsolence.xml	aden39_2318_p01	territory:2956:3156:113672,16116|113864,15608|114312,15368|114800,15560|115032,16092|114864,16564|114408,16792|113924,16660	z:2956:3156	generated.farm.8ae09d0670f968dec80834b9.anchor	114360	16095	2992	114376	16095	2992	VALID	STATIC_XML_CLEAR	1	NORMAL	GEODATA_INTERNAL_BLOCKED	component.284eb05fd35453d42bfe8d48
SSQ_CATACOMBS_NECROPOLIS	8b7069c5c6bc7659d2706bddbd2fa6321d4475934d058188721aaf83d7773839	NecropolisOfThePilgrims	data/spawns/Catacombs/NecropolisOfThePilgrims.xml	ssq07_2121_ssq20	territory:-5446:-5296:55233,118638|55862,118635|55863,119233|55236,119234	z:-5446:-5296	generated.farm.8b7069c5c6bc7659d2706bdd.anchor	55548	118935	-5408	55564	118935	-5408	VALID	STATIC_XML_CLEAR	1	SCRIPT_CONDITIONAL	NATIVE_CONDITION_UNMODELED	component.cbddc918f33160dda52bb64d
SSQ_CATACOMBS_NECROPOLIS	8bbe04371658abf29fd994fba76fd813389ad1379b7b3c4b1571aa7a0bce145e	NecropolisOfTheSaints	data/spawns/Catacombs/NecropolisOfTheSaints.xml	ssq08_2224_ssq12	territory:-5472:-5272:92156,208836|92840,208840|92812,210196|92164,210200	z:-5472:-5272	generated.farm.8bbe04371658abf29fd994fb.anchor	92493	209518	-5432	92509	209518	-5432	VALID	STATIC_XML_CLEAR	1	SCRIPT_CONDITIONAL	NATIVE_CONDITION_UNMODELED	component.25ffd0d249e9435bb5e4c376
SSQ_CATACOMBS_NECROPOLIS	8bf5c9ab497b55dd2b3d5e831d86425c5e3539c33d0250e49a2350d532a29d55	NecropolisOfWorship	data/spawns/Catacombs/NecropolisOfWorship.xml	ssq09_2323_ssq20	territory:-5472:-5272:116931,180365|118383,180365|118383,181020|116931,181020	z:-5472:-5272	generated.farm.8bf5c9ab497b55dd2b3d5e83.anchor	117657	180692	-5432	117673	180692	-5432	VALID	STATIC_XML_CLEAR	1	SCRIPT_CONDITIONAL	NATIVE_CONDITION_UNMODELED	component.b57dbd6b545f82c91f9e3a34
SSQ_CATACOMBS_NECROPOLIS	8ceba941fa7876d6a28cdb8a1950a3590ea6bfaf6c6cd2b51584c53f3ee0f876	NecropolisOfSacrifice	data/spawns/Catacombs/NecropolisOfSacrifice.xml	ssq01_1824_ssq17	territory:-5122:-4972:-44012,218008|-43345,218011|-43356,219814|-44013,219791	z:-5122:-4972	generated.farm.8ceba941fa7876d6a28cdb8a.anchor	-43682	218906	-5080	-43666	218906	-5080	VALID	STATIC_XML_CLEAR	1	SCRIPT_CONDITIONAL	NATIVE_CONDITION_UNMODELED	component.ce7bae4e503482cb2b998003
IVORY_TOWER	8d4153ce23c75d9e574fc98fe45fad9a5e36c476f0b97ede27ccca32667ce485	IvoryTower	data/spawns/Oren/IvoryTower.xml	oren30_2218_13s	territory:-3656:-3456:81212,23856|84432,24668|83220,26232|81664,26016	z:-3656:-3456	generated.farm.8d4153ce23c75d9e574fc98f.anchor	82632	25193	-3520	82648	25193	-3520	VALID	STATIC_XML_CLEAR	1	NORMAL	CONTENT_TELEPORT_SEMANTIC_BLOCKED	component.35de35b4fa09ef2b85efdcce
SSQ_CATACOMBS_NECROPOLIS	8e0887e961bc1591c6c86bfe5b8c2b8df9bb17d6f6f9e45e3b4ff270b7707f6a	CatacombOfDarkOmens	data/spawns/Catacombs/CatacombOfDarkOmens.xml	ssq03_1918_ssq18	territory:-4940:-4740:-9116,13220|-8440,13204|-8488,13788|-9100,13808	z:-4940:-4740	generated.farm.8e0887e961bc1591c6c86bfe.anchor	-8786	13505	-4896	-8770	13505	-4896	VALID	STATIC_XML_CLEAR	1	SCRIPT_CONDITIONAL	NATIVE_CONDITION_UNMODELED	component.7ff0aa2ef025df3eed1760f6
TOWER_OF_INSOLENCE	8e0b749a8334003e9d88a0c5eef301e220d7c83e40680c62d7ee5e8b9e6801d3	TowerOfInsolence	data/spawns/Aden/TowerOfInsolence.xml	aden30_2318_05	territory:7960:8160:114896,14828|115324,15012|114988,15364|114256,15356|114024,14996|114392,14828	z:7960:8160	generated.farm.8e0b749a8334003e9d88a0c5.anchor	114647	15064	7992	114663	15064	7992	VALID	STATIC_XML_CLEAR	1	NORMAL	GEODATA_INTERNAL_BLOCKED	component.848b494c890f445d0623a3ca
SSQ_CATACOMBS_NECROPOLIS	8e15c857afc41fd76cb6a2f8d9d66fa30fde8cce76ce37d1a4eebf32534224a7	NecropolisOfThePilgrims	data/spawns/Catacombs/NecropolisOfThePilgrims.xml	ssq07_2121_ssq10	territory:-5449:-5299:48285,120029|50093,120046|50092,120694|48284,120697	z:-5449:-5299	generated.farm.8e15c857afc41fd76cb6a2f8.anchor	49188	120366	-5408	49204	120366	-5408	VALID	STATIC_XML_CLEAR	1	SCRIPT_CONDITIONAL	NATIVE_CONDITION_UNMODELED	component.cbddc918f33160dda52bb64d
SSQ_CATACOMBS_NECROPOLIS	8e1ca3afe95a535a3b94ef764f66a700c838156fcad46b6067ad6822179dca28	NecropolisOfThePatriots	data/spawns/Catacombs/NecropolisOfThePatriots.xml	ssq03_1920_ssq13	territory:-5207:-5057:-16019,78438|-15363,78436|-15369,79741|-16044,79747	z:-5207:-5057	generated.farm.8e1ca3afe95a535a3b94ef76.anchor	-15699	79090	-5168	-15683	79090	-5168	VALID	STATIC_XML_CLEAR	1	SCRIPT_CONDITIONAL	NATIVE_CONDITION_UNMODELED	component.888b1c386bb56285d9aedda1
TOWER_OF_INSOLENCE	8e322dae5c6d372f9bad251f2a49d8fb96c2d4b05d086eb82f2727941510c8c8	TowerOfInsolence	data/spawns/Aden/TowerOfInsolence.xml	aden30_2318_04	territory:7960:8160:113540,15472|113916,15788|113948,16504|113588,16760|113400,16300|113400,15828	z:7960:8160	generated.farm.8e322dae5c6d372f9bad251f.anchor	113632	16109	7992	113648	16109	7992	VALID	STATIC_XML_CLEAR	1	NORMAL	GEODATA_INTERNAL_BLOCKED	component.848b494c890f445d0623a3ca
TOWER_OF_INSOLENCE	8e6a36e274c4d89be92e1b2fd85187db98691a10b0aaa8ce668005f706474275	TowerOfInsolence	data/spawns/Aden/TowerOfInsolence.xml	aden36_2318_03	territory:-684:-484:112368,16640|113472,16352|113644,16700|112960,17732	z:-684:-484	generated.farm.8e6a36e274c4d89be92e1b2f.anchor	113111	16856	-640	113127	16856	-640	VALID	STATIC_XML_CLEAR	1	NORMAL	GEODATA_INTERNAL_BLOCKED	component.e3a795c7ee3945430982959b
DEVILS_ISLE	8e98797f6fb795a46cd4d96275faf2210f860cf51c880126e3cca40161c3889f	DevilsIsle	data/spawns/Giran/DevilsIsle.xml	giran08_2124_098	territory:-3412:-3212:51636,216352|52804,216352|52804,218148|51636,218148	z:-3412:-3212	generated.farm.8e98797f6fb795a46cd4d962.anchor	52220	217250	-3336	52236	217250	-3336	VALID	STATIC_XML_CLEAR	1	NORMAL	GEODATA_INTERNAL_BLOCKED	component.eb2609cd8e5675ab3a2183ae
DEVILS_ISLE	8f6454d7218e4df02a4bb6dd4de956a378e6956608d434d524a20d9d4e630622	DevilsIsle	data/spawns/Giran/DevilsIsle.xml	giran08_2124_091	territory:-4252:-4052:55017,214940|55309,214940|55382,215249|54958,215249	z:-4252:-4052	generated.farm.8f6454d7218e4df02a4bb6dd.anchor	55166	215094	-4216	55182	215094	-4216	VALID	STATIC_XML_CLEAR	1	NORMAL	GEODATA_INTERNAL_BLOCKED	component.50c3f385fb3b32cb843cf330
SSQ_CATACOMBS_NECROPOLIS	8fb0d9d00cc09982d1a1a86a29b6ed82acd36fff09cee636f606faadf3404f15	NecropolisOfThePilgrims	data/spawns/Catacombs/NecropolisOfThePilgrims.xml	ssq07_2121_ssq07	territory:-5452:-5302:46207,121977|46858,121973|46860,123794|46202,123799	z:-5452:-5302	generated.farm.8fb0d9d00cc09982d1a1a86a.anchor	46532	122886	-5408	46548	122886	-5408	VALID	STATIC_XML_CLEAR	1	SCRIPT_CONDITIONAL	NATIVE_CONDITION_UNMODELED	component.cbddc918f33160dda52bb64d
SSQ_CATACOMBS_NECROPOLIS	8fb8f38f2c49ba479c4b3120e93ebae8791d85155ce8e0d9af59bbc28ac19db6	CatacombOfTheApostate	data/spawns/Catacombs/CatacombOfTheApostate.xml	ssq11_2220_ssq17	territory:-8196:-8046:-20529,-240788|-19885,-240790|-19879,-240182|-20529,-240183	z:-8196:-8046	generated.farm.8fb8f38f2c49ba479c4b3120.anchor	-20206	-240486	-8160	-20190	-240486	-8160	VALID	STATIC_XML_CLEAR	1	SCRIPT_CONDITIONAL	NATIVE_CONDITION_UNMODELED	component.5e8eee847c805f9535725bcd
SSQ_CATACOMBS_NECROPOLIS	8ff5998d4bd031a6bc444930295b4929f22e2869aadecdc45f0681d67935267e	NecropolisOfWorship	data/spawns/Catacombs/NecropolisOfWorship.xml	ssq09_2323_ssq18	territory:-5472:-5272:121569,178303|122221,178303|122221,178955|121569,178955	z:-5472:-5272	generated.farm.8ff5998d4bd031a6bc444930.anchor	121895	178629	-5432	121911	178629	-5432	VALID	STATIC_XML_CLEAR	1	SCRIPT_CONDITIONAL	NATIVE_CONDITION_UNMODELED	component.b57dbd6b545f82c91f9e3a34
SSQ_CATACOMBS_NECROPOLIS	9061db9f3f04592aba61c6506384e7a673d8d46dfd24e140bf8615990f1fb979	NecropolisOfDevotion	data/spawns/Catacombs/NecropolisOfDevotion.xml	ssq02_1820_ssq18	territory:-4775:-4625:-41924,78784|-41307,78782|-41312,79432|-41922,79431	z:-4775:-4625	generated.farm.9061db9f3f04592aba61c650.anchor	-41616	79107	-4736	-41600	79107	-4736	VALID	STATIC_XML_CLEAR	1	SCRIPT_CONDITIONAL	NATIVE_CONDITION_UNMODELED	component.4f51ad139140e844e92eec35
SSQ_CATACOMBS_NECROPOLIS	906a324392d4e7872727a76b2d5fc318713e1444ea616d4be5615ff371f5d2d8	NecropolisOfSacrifice	data/spawns/Catacombs/NecropolisOfSacrifice.xml	ssq01_1824_ssq31	territory:-5132:-4982:-50187,214392|-48832,214403|-48832,215072|-50181,215051	z:-5132:-4982	generated.farm.906a324392d4e7872727a76b.anchor	-49508	214730	-5080	-49492	214730	-5080	VALID	STATIC_XML_CLEAR	1	SCRIPT_CONDITIONAL	NATIVE_CONDITION_UNMODELED	component.ce7bae4e503482cb2b998003
SSQ_CATACOMBS_NECROPOLIS	9124b15443de563b85089c0cd3f57bc9e1cf86c881a4ae561a0e004df6055626	CatacombOfTheBranded	data/spawns/Catacombs/CatacombOfTheBranded.xml	ssq05_2123_ssq13	territory:-5014:-4864:48983,175721|49606,175711|49605,177056|48986,177055	z:-5014:-4864	generated.farm.9124b15443de563b85089c0c.anchor	49295	176386	-4976	49311	176386	-4976	VALID	STATIC_XML_CLEAR	1	SCRIPT_CONDITIONAL	NATIVE_CONDITION_UNMODELED	component.423662c72ad86bfe886c3b61
TOWER_OF_INSOLENCE	931ad9adfb27a552120adb4bf91b8d6201a63323cdd5ff114dc80bf0ec0fbd92	TowerOfInsolence	data/spawns/Aden/TowerOfInsolence.xml	aden41_2318_06	territory:4944:5144:115112,14328|115720,14628|116048,14884|115656,15276|115088,14740	z:4944:5144	generated.farm.931ad9adfb27a552120adb4b.anchor	115525	14771	4976	115541	14771	4976	VALID	STATIC_XML_CLEAR	1	NORMAL	GEODATA_INTERNAL_BLOCKED	component.b49333e93c1de47f30a8441c
SSQ_CATACOMBS_NECROPOLIS	9323e43120a5bc93ae0ad78cdea921c029e0942481ad8e065aa6be9a5af1ce5d	CatacombOfTheBranded	data/spawns/Catacombs/CatacombOfTheBranded.xml	ssq05_2123_ssq34	territory:-5016:-4866:51972,174586|52562,174584|52569,175227|51973,175234	z:-5016:-4866	generated.farm.9323e43120a5bc93ae0ad78c.anchor	52269	174908	-4976	52285	174908	-4976	VALID	STATIC_XML_CLEAR	1	SCRIPT_CONDITIONAL	NATIVE_CONDITION_UNMODELED	component.423662c72ad86bfe886c3b61
DEVILS_ISLE	93d3857fae924cae1a747693dea8c5a867f36fcafc9db07c912b3011fa3541a8	DevilsIsle	data/spawns/Giran/DevilsIsle.xml	giran08_2124_068	territory:-3380:-3180:47185,211923|48604,211923|48604,213089|47185,213089	z:-3380:-3180	generated.farm.93d3857fae924cae1a747693.anchor	47894	212506	-3344	47910	212506	-3344	VALID	STATIC_XML_CLEAR	1	NORMAL	GEODATA_INTERNAL_BLOCKED	component.b1474d324cb4546b583f5011
SSQ_CATACOMBS_NECROPOLIS	93ea5773b02cb3d9b1591918df07457a8d5e90ce32e85a90e3827e79e8258def	CatacombOfTheWitch	data/spawns/Catacombs/CatacombOfTheWitch.xml	ssq13_2420_ssq26	territory:-5464:-5264:140475,89672|141088,89672|141088,90309|140475,90309	z:-5464:-5264	generated.farm.93ea5773b02cb3d9b1591918.anchor	140782	89990	-5424	140798	89990	-5424	VALID	STATIC_XML_CLEAR	1	SCRIPT_CONDITIONAL	NATIVE_CONDITION_UNMODELED	component.acae4dfbcc94433b54ab8989
TOWER_OF_INSOLENCE	9443fe7b41f131fadf6c2f3cf168e168c96187c028c6cd2ea947a4ddcef53668	TowerOfInsolence	data/spawns/Aden/TowerOfInsolence.xml	aden41_2318_01	territory:4940:5290:113224,15134|114182,16067|113200,17042|113047,16428|113241,15939	z:4940:5290	generated.farm.9443fe7b41f131fadf6c2f3c.anchor	113379	16122	4976	113395	16122	4976	VALID	STATIC_XML_CLEAR	1	NORMAL	GEODATA_INTERNAL_BLOCKED	component.a8d7176ce477e121053ae874
DEVILS_ISLE	94518b187e35bdf69bc512f8f6cc303c15d418e3e3b9a762701f154537adffa8	DevilsIsle	data/spawns/Giran/DevilsIsle.xml	giran08_2124_030	territory:-3764:-3564:42232,209877|42778,210050|42735,210704|42341,210985|41576,210798|41576,210193	z:-3764:-3564	generated.farm.94518b187e35bdf69bc512f8.anchor	42206	210434	-3712	42222	210434	-3712	VALID	STATIC_XML_CLEAR	1	NORMAL	REACHABLE_ORDINARY	component.7dad6e3e96728c2a7ff7af09
SSQ_CATACOMBS_NECROPOLIS	94716881ae3c6ae661786d46677b662f7a5b51f226f78ede99bbbb88b339de5e	NecropolisOfWorship	data/spawns/Catacombs/NecropolisOfWorship.xml	ssq09_2323_ssq03	territory:-5472:-5272:111283,178288|111936,178288|111936,178940|111283,178940	z:-5472:-5272	generated.farm.94716881ae3c6ae661786d46.anchor	111610	178614	-5432	111626	178614	-5432	VALID	STATIC_XML_CLEAR	1	SCRIPT_CONDITIONAL	NATIVE_CONDITION_UNMODELED	component.4fd587eeb9e2b2554eb355a8
DEVILS_ISLE	9484cfd23515ac20668af36353d9763802f997c6b43a3be9c838df6609507f1f	DevilsIsle	data/spawns/Giran/DevilsIsle.xml	giran08_2124_001	territory:-4696:-4096:39370,196737|43657,196725|43342,197448|41584,198218|39779,197379	z:-4696:-4096	generated.farm.9484cfd23515ac20668af363.anchor	41546	197301	-4616	41562	197301	-4616	VALID	STATIC_XML_CLEAR	1	NORMAL	REACHABLE_ORDINARY	component.d483d98f35fc6805675221f7
SSQ_CATACOMBS_NECROPOLIS	948ae59ba7af0725983f8830e06be7bdda824c1bc447187dfb61ee78d7ff857d	CatacombOfTheWitch	data/spawns/Catacombs/CatacombOfTheWitch.xml	ssq13_2420_ssq17	territory:-5476:-5276:147569,83155|148209,83155|148209,84615|147569,84615	z:-5476:-5276	generated.farm.948ae59ba7af0725983f8830.anchor	147889	83885	-5424	147905	83885	-5424	VALID	STATIC_XML_CLEAR	1	SCRIPT_CONDITIONAL	NATIVE_CONDITION_UNMODELED	component.acae4dfbcc94433b54ab8989
SSQ_CATACOMBS_NECROPOLIS	94a5a45975d2f101d5b5179959331b2070ee77f74f6ec28d56dec2052a382bf6	CatacombOfTheHeretic	data/spawns/Catacombs/CatacombOfTheHeretic.xml	ssq06_2122_ssq37	territory:-7943:-7793:-47470,-245961|-46828,-245959|-46832,-245364|-47471,-245356	z:-7943:-7793	generated.farm.94a5a45975d2f101d5b51799.anchor	-47150	-245660	-7904	-47134	-245660	-7904	VALID	STATIC_XML_CLEAR	1	SCRIPT_CONDITIONAL	NATIVE_CONDITION_UNMODELED	component.ac3253d25593857c65682608
SSQ_CATACOMBS_NECROPOLIS	951ca360be86b10a4de3dfd7c06020f0a35287d3e5686b5a207d2bbe939a8540	NecropolisOfDevotion	data/spawns/Catacombs/NecropolisOfDevotion.xml	ssq02_1820_ssq24	territory:-4771:-4621:-46522,89076|-45912,89075|-45915,89712|-46525,89722	z:-4771:-4621	generated.farm.951ca360be86b10a4de3dfd7.anchor	-46218	89396	-4736	-46202	89396	-4736	VALID	STATIC_XML_CLEAR	1	SCRIPT_CONDITIONAL	NATIVE_CONDITION_UNMODELED	component.4f51ad139140e844e92eec35
SSQ_CATACOMBS_NECROPOLIS	9571d6fa6b737f47385e19a189fe96a548243c35295e20acf05934bae2390105	NecropolisOfTheDisciples	data/spawns/Catacombs/NecropolisOfTheDisciples.xml	ssq14_2517_ssq01	territory:-4936:-4736:174135,-17960|175597,-17960|175597,-17263|174135,-17263	z:-4936:-4736	generated.farm.9571d6fa6b737f47385e19a1.anchor	174866	-17612	-4896	174882	-17612	-4896	VALID	STATIC_XML_CLEAR	1	SCRIPT_CONDITIONAL	NATIVE_CONDITION_UNMODELED	component.a0f27b0f5d7a1a00f782ed4b
SSQ_CATACOMBS_NECROPOLIS	977658cb85b0c8faca60bfbd96572a5598c92e5f3c767317f3c4d67870f3c675	CatacombOfTheForbiddenPath	data/spawns/Catacombs/CatacombOfTheForbiddenPath.xml	ssq12_2320_ssq04	territory:-9616:-9416:15601,-245206|16301,-245206|16319,-243811|15601,-243814	z:-9616:-9416	generated.farm.977658cb85b0c8faca60bfbd.anchor	15956	-244509	-9576	15972	-244509	-9576	VALID	STATIC_XML_CLEAR	1	SCRIPT_CONDITIONAL	NATIVE_CONDITION_UNMODELED	component.137ee57453c450cb1450f091
DEVILS_ISLE	97b1b84919a2b242be257b4be5fe294fcd15d0afbab3c6a6c9d6e6a259407eb8	DevilsIsle	data/spawns/Giran/DevilsIsle.xml	giran08_2124_045	territory:-3940:-3740:43211,214537|44492,214537|44492,215693|43211,215693	z:-3940:-3740	generated.farm.97b1b84919a2b242be257b4b.anchor	43852	215115	-3904	43868	215115	-3904	VALID	STATIC_XML_CLEAR	1	NORMAL	REACHABLE_ORDINARY	component.7dad6e3e96728c2a7ff7af09
DEVILS_ISLE	988c5b202cf5994fb1ddea793f374fdd6296de4d5b61ae3aadfd4d284b4f5b7a	DevilsIsle	data/spawns/Giran/DevilsIsle.xml	giran08_2124_007	territory:-4324:-4074:41370,201591|41778,201370|42284,201739|41916,201908	z:-4324:-4074	generated.farm.988c5b202cf5994fb1ddea79.anchor	41837	201652	-4232	41853	201652	-4232	VALID	STATIC_XML_CLEAR	1	NORMAL	REACHABLE_ORDINARY	component.d483d98f35fc6805675221f7
SSQ_CATACOMBS_NECROPOLIS	98915e24c919181f8eb356385156020ae26b83e66b55339e798436ede2899236	NecropolisOfTheDisciples	data/spawns/Catacombs/NecropolisOfTheDisciples.xml	ssq14_2517_ssq27	territory:-4936:-4736:178007,-7629|178669,-7624|178669,-7008|178007,-7013	z:-4936:-4736	generated.farm.98915e24c919181f8eb35638.anchor	178338	-7318	-4896	178354	-7318	-4896	VALID	STATIC_XML_CLEAR	1	SCRIPT_CONDITIONAL	NATIVE_CONDITION_UNMODELED	component.a0f27b0f5d7a1a00f782ed4b
SSQ_CATACOMBS_NECROPOLIS	98c701dfa87f7d722edfb4695491399adcf207c4d043029bd4e3ebb7b830c2e5	NecropolisOfThePilgrims	data/spawns/Catacombs/NecropolisOfThePilgrims.xml	ssq07_2121_ssq25	territory:-5454:-5304:52755,115453|54557,115438|54546,116087|52759,116088	z:-5454:-5304	generated.farm.98c701dfa87f7d722edfb469.anchor	53654	115766	-5408	53670	115766	-5408	VALID	STATIC_XML_CLEAR	1	SCRIPT_CONDITIONAL	NATIVE_CONDITION_UNMODELED	component.cbddc918f33160dda52bb64d
SSQ_CATACOMBS_NECROPOLIS	98dc729128d936662b0ae53543aef32a7830fe165083acf660f11c84154bd3cc	NecropolisOfTheDisciples	data/spawns/Catacombs/NecropolisOfTheDisciples.xml	ssq14_2517_ssq18	territory:-4936:-4736:172340,-12217|173002,-12212|173002,-11596|172340,-11601	z:-4936:-4736	generated.farm.98dc729128d936662b0ae535.anchor	172671	-11906	-4896	172687	-11906	-4896	VALID	STATIC_XML_CLEAR	1	SCRIPT_CONDITIONAL	NATIVE_CONDITION_UNMODELED	component.a0f27b0f5d7a1a00f782ed4b
SSQ_CATACOMBS_NECROPOLIS	991f96a2c75272e2b57d065ad61bdfb1033133c81c3d3760f3057e481f08a74f	CatacombOfTheForbiddenPath	data/spawns/Catacombs/CatacombOfTheForbiddenPath.xml	ssq12_2320_ssq07	territory:-9612:-9412:17269,-244182|17865,-244166|17865,-243534|17273,-243522	z:-9612:-9412	generated.farm.991f96a2c75272e2b57d065a.anchor	17568	-243851	-9576	17584	-243851	-9576	VALID	STATIC_XML_CLEAR	1	SCRIPT_CONDITIONAL	NATIVE_CONDITION_UNMODELED	component.137ee57453c450cb1450f091
SSQ_CATACOMBS_NECROPOLIS	99e132ee75236751bf4e6edf95ce2f90558947d71db12bd847baceadb4a06b66	CatacombOfDarkOmens	data/spawns/Catacombs/CatacombOfDarkOmens.xml	ssq03_1918_ssq29	territory:-4936:-4736:-9088,23488|-8492,23496|-8480,24136|-9092,24136	z:-4936:-4736	generated.farm.99e132ee75236751bf4e6edf.anchor	-8788	23814	-4896	-8772	23814	-4896	VALID	STATIC_XML_CLEAR	1	SCRIPT_CONDITIONAL	NATIVE_CONDITION_UNMODELED	component.7ff0aa2ef025df3eed1760f6
TOWER_OF_INSOLENCE	9a32fbd45b777193b3b14810db668d4a171a5fd735f47bf59f825eb17c062b4c	TowerOfInsolence	data/spawns/Aden/TowerOfInsolence.xml	aden38_2318_06	territory:1912:2112:112971,16823|113872,16824|113866,17656|113288,17378	z:1912:2112	generated.farm.9a32fbd45b777193b3b14810.anchor	113499	17170	1944	113515	17170	1944	VALID	STATIC_XML_CLEAR	1	NORMAL	GEODATA_INTERNAL_BLOCKED	component.35504e4157b16a215cfb93bc
SSQ_CATACOMBS_NECROPOLIS	9b44a589b3f6a39b1df71d1495ed578875a34818b0bb16ae9c0b4223fac6a978	CatacombOfTheBranded	data/spawns/Catacombs/CatacombOfTheBranded.xml	ssq05_2123_ssq30	territory:-5015:-4865:55270,175741|55934,175738|55938,177569|55271,177574	z:-5015:-4865	generated.farm.9b44a589b3f6a39b1df71d14.anchor	55603	176656	-4976	55619	176656	-4976	VALID	STATIC_XML_CLEAR	1	SCRIPT_CONDITIONAL	NATIVE_CONDITION_UNMODELED	component.423662c72ad86bfe886c3b61
SSQ_CATACOMBS_NECROPOLIS	9b6c4f185e9e8261c9d32307d6a2212dd57c5c9f37c331e5eac6db69e4ec545b	NecropolisOfTheDisciples	data/spawns/Catacombs/NecropolisOfTheDisciples.xml	ssq14_2517_ssq35	territory:-4936:-4736:182616,-7617|183279,-7611|183279,-6995|182616,-7000	z:-4936:-4736	generated.farm.9b6c4f185e9e8261c9d32307.anchor	182948	-7306	-4896	182964	-7306	-4896	VALID	STATIC_XML_CLEAR	1	SCRIPT_CONDITIONAL	NATIVE_CONDITION_UNMODELED	component.a0f27b0f5d7a1a00f782ed4b
SSQ_CATACOMBS_NECROPOLIS	9b8d3dea4ec11568368c764553833f3e3fd6f7027c0eedf85ecf249763b16f25	CatacombOfDarkOmens	data/spawns/Catacombs/CatacombOfDarkOmens.xml	ssq03_1918_ssq09	territory:-4940:-4740:-16676,15892|-15304,15900|-15352,16528|-16664,16544	z:-4940:-4740	generated.farm.9b8d3dea4ec11568368c7645.anchor	-15999	16216	-4896	-15983	16216	-4896	VALID	STATIC_XML_CLEAR	1	SCRIPT_CONDITIONAL	NATIVE_CONDITION_UNMODELED	component.7ff0aa2ef025df3eed1760f6
SSQ_CATACOMBS_NECROPOLIS	9bb754a12392fb1ad1f56699cdce80f2870dc886d644ae600f4a9b1f7fc4aea2	CatacombOfTheBranded	data/spawns/Catacombs/CatacombOfTheBranded.xml	ssq05_2123_ssq17	territory:-5010:-4860:46275,180286|46879,180289|46881,180934|46275,180933	z:-5010:-4860	generated.farm.9bb754a12392fb1ad1f56699.anchor	46578	180610	-4976	46594	180610	-4976	VALID	STATIC_XML_CLEAR	1	SCRIPT_CONDITIONAL	NATIVE_CONDITION_UNMODELED	component.423662c72ad86bfe886c3b61
SSQ_CATACOMBS_NECROPOLIS	9c4a68ea206f4977b1871da83fcc01fd5b4e1fb6a90873716f1a6924972c59d5	NecropolisOfThePilgrims	data/spawns/Catacombs/NecropolisOfThePilgrims.xml	ssq07_2121_ssq05	territory:-5441:-5291:46087,119750|46725,119743|46725,120349|46088,120346	z:-5441:-5291	generated.farm.9c4a68ea206f4977b1871da8.anchor	46406	120047	-5408	46422	120047	-5408	VALID	STATIC_XML_CLEAR	1	SCRIPT_CONDITIONAL	NATIVE_CONDITION_UNMODELED	component.cbddc918f33160dda52bb64d
IVORY_TOWER	9c9a03a33dab4491f7f6fe50216baa521d564296e505b590a60bd8228e005bb2	IvoryTower	data/spawns/Oren/IvoryTower.xml	oren30_2218_16	territory:-4012:-3412:74588,7416|79248,11704|76844,15436|74612,14840	z:-4012:-3412	generated.farm.9c9a03a33dab4491f7f6fe50.anchor	76323	12349	-3528	76339	12349	-3528	VALID	STATIC_XML_CLEAR	1	NORMAL	CONTENT_TELEPORT_SEMANTIC_BLOCKED	component.f8be83cd6851b2be5f0852e5
SSQ_CATACOMBS_NECROPOLIS	9da517900ac19022dead563a37b1befd7fd9e46f1de864cdaab24bc68117d1c6	CatacombOfTheBranded	data/spawns/Catacombs/CatacombOfTheBranded.xml	ssq05_2123_ssq32	territory:-5015:-4865:56579,174584|57180,174586|57179,175232|56577,175228	z:-5015:-4865	generated.farm.9da517900ac19022dead563a.anchor	56879	174908	-4976	56895	174908	-4976	VALID	STATIC_XML_CLEAR	1	SCRIPT_CONDITIONAL	NATIVE_CONDITION_UNMODELED	component.423662c72ad86bfe886c3b61
SSQ_CATACOMBS_NECROPOLIS	9da97f9c8e94f89a46c35a68c4e5c4270fc504f9a3d1ad2662130021727e0762	NecropolisOfMartyrdom	data/spawns/Catacombs/NecropolisOfMartyrdom.xml	ssq10_2322_ssq09	territory:-4864:-4664:122964,132470|123568,132462|123556,133114|122966,133110	z:-4864:-4664	generated.farm.9da97f9c8e94f89a46c35a68.anchor	123264	132789	-4824	123280	132789	-4824	VALID	STATIC_XML_CLEAR	1	SCRIPT_CONDITIONAL	NATIVE_CONDITION_UNMODELED	component.7f829cb88cce9a71650cf187
SSQ_CATACOMBS_NECROPOLIS	9e4ce8f0eb7208dc21e1099ba2912438729b7209a2ef564e4384a3181bf8c8a8	NecropolisOfSacrifice	data/spawns/Catacombs/NecropolisOfSacrifice.xml	ssq01_1824_ssq10	territory:-5122:-4972:-46486,215524|-45854,215517|-45858,216128|-46488,216126	z:-5122:-4972	generated.farm.9e4ce8f0eb7208dc21e1099b.anchor	-46172	215824	-5080	-46156	215824	-5080	VALID	STATIC_XML_CLEAR	1	SCRIPT_CONDITIONAL	NATIVE_CONDITION_UNMODELED	component.ce7bae4e503482cb2b998003
DEVILS_ISLE	9e55866a98bd50589854bf43a66d62494afb3901b68d7d0436fe12ff2e2c4ba5	DevilsIsle	data/spawns/Giran/DevilsIsle.xml	giran08_2124_089	territory:-3924:-3324:54616,211740|55200,211688|55384,212244|54728,212320	z:-3924:-3324	generated.farm.9e55866a98bd50589854bf43.anchor	54982	211998	-3880	54998	211998	-3880	VALID	STATIC_XML_CLEAR	1	NORMAL	GEODATA_INTERNAL_BLOCKED	component.ff2770f1156bc4ee6cac8379
SSQ_CATACOMBS_NECROPOLIS	9e67c902b54c5c894804138c71ef264a1d7399b88b4aa19cb697aba9b57a7640	NecropolisOfTheSaints	data/spawns/Catacombs/NecropolisOfTheSaints.xml	ssq08_2224_ssq28	territory:-5472:-5272:90214,214630|90898,214634|90886,216558|90198,216543	z:-5472:-5272	generated.farm.9e67c902b54c5c894804138c.anchor	90549	215591	-5432	90565	215591	-5432	VALID	STATIC_XML_CLEAR	1	SCRIPT_CONDITIONAL	NATIVE_CONDITION_UNMODELED	component.25ffd0d249e9435bb5e4c376
SSQ_CATACOMBS_NECROPOLIS	9e844be5ff4e2478a6997a58e7deecc9a9c2f609a4ca48c7a598b9716976830f	CatacombOfDarkOmens	data/spawns/Catacombs/CatacombOfDarkOmens.xml	ssq03_1918_ssq05	territory:-4928:-4728:-19420,14552|-18752,14568|-18784,15884|-19408,15924	z:-4928:-4728	generated.farm.9e844be5ff4e2478a6997a58.anchor	-19091	15232	-4896	-19075	15232	-4896	VALID	STATIC_XML_CLEAR	1	SCRIPT_CONDITIONAL	NATIVE_CONDITION_UNMODELED	component.7ff0aa2ef025df3eed1760f6
SSQ_CATACOMBS_NECROPOLIS	9ea56376de2bea9b72d95b9ee9bec1b619b2c8c41d6b5be8fa81fae3054075ea	NecropolisOfWorship	data/spawns/Catacombs/NecropolisOfWorship.xml	ssq09_2323_ssq08	territory:-5472:-5272:115893,178277|116545,178277|116545,178929|115893,178929	z:-5472:-5272	generated.farm.9ea56376de2bea9b72d95b9e.anchor	116219	178603	-5432	116235	178603	-5432	VALID	STATIC_XML_CLEAR	1	SCRIPT_CONDITIONAL	NATIVE_CONDITION_UNMODELED	component.b57dbd6b545f82c91f9e3a34
SSQ_CATACOMBS_NECROPOLIS	9eb17f02f0375d3bc9173adb55a62155d62b69418fd4dc8deb6e427af6972a9a	CatacombOfTheHeretic	data/spawns/Catacombs/CatacombOfTheHeretic.xml	ssq06_2122_ssq14	territory:-7946:-7796:-51092,-240280|-49780,-240283|-49774,-239646|-51089,-239644	z:-7946:-7796	generated.farm.9eb17f02f0375d3bc9173adb.anchor	-50434	-239963	-7904	-50418	-239963	-7904	VALID	STATIC_XML_CLEAR	1	SCRIPT_CONDITIONAL	NATIVE_CONDITION_UNMODELED	component.ac3253d25593857c65682608
TOWER_OF_INSOLENCE	9f2999152d0bde899d8b5a16fa8617a86157cce0d00bbcefc7ab867222c379b0	TowerOfInsolence	data/spawns/Aden/TowerOfInsolence.xml	aden34_2318_04	territory:-3648:-3448:115784,16456|116960,16724|116620,17392|115972,18032|115200,18348|115048,17148	z:-3648:-3448	generated.farm.9f2999152d0bde899d8b5a16.anchor	115931	17350	-3608	115947	17350	-3608	VALID	STATIC_XML_CLEAR	1	NORMAL	GEODATA_INTERNAL_BLOCKED	component.719bcb4e534c2f6b7029f8a1
SSQ_CATACOMBS_NECROPOLIS	a0233c0d7b45c440bf85441d1d6aef79ae12c57a4d3a58ae5b10df25d84b085e	NecropolisOfWorship	data/spawns/Catacombs/NecropolisOfWorship.xml	ssq09_2323_ssq04	territory:-5480:-5280:114443,173767|115079,173767|115079,175749|114443,175749	z:-5480:-5280	generated.farm.a0233c0d7b45c440bf85441d.anchor	114761	174758	-5432	114777	174758	-5432	VALID	STATIC_XML_CLEAR	1	SCRIPT_CONDITIONAL	NATIVE_CONDITION_UNMODELED	component.b57dbd6b545f82c91f9e3a34
TOWER_OF_INSOLENCE	a04b0f6f0d8c6311214baec81c6ffe8c363c300c0da5839e63d0d101c8e6e42e	TowerOfInsolence	data/spawns/Aden/TowerOfInsolence.xml	aden35_2318_02	territory:-2156:-1956:113288,14124|114140,13764|114304,14672|113308,15716|112288,15496|112744,14672	z:-2156:-1956	generated.farm.a04b0f6f0d8c6311214baec8.anchor	113345	14741	-2120	113361	14741	-2120	VALID	STATIC_XML_CLEAR	1	NOBLESSE_CONDITIONAL	REACHABLE_CONDITIONAL	component.96415efbcc108b6a74b823ec
TOWER_OF_INSOLENCE	a0fd2dfd963165a69744cb028e70ccd57093933f29c20adb8318b068dec750ac	TowerOfInsolence	data/spawns/Aden/TowerOfInsolence.xml	aden40_2318_03	territory:3930:4280:114754,14241|115354,14328|115830,14698|115109,14989	z:3930:4280	generated.farm.a0fd2dfd963165a69744cb02.anchor	115262	14564	3960	115278	14564	3960	VALID	STATIC_XML_CLEAR	1	NORMAL	GEODATA_INTERNAL_BLOCKED	component.08ab30e2a238ce50b034934d
TOWER_OF_INSOLENCE	a10b944a62366cf5f20fbc4387a5c05e05557830df1d262e58e046b6985f8b3e	TowerOfInsolence	data/spawns/Aden/TowerOfInsolence.xml	aden37_2318_10	territory:892:1092:115120,18072|115660,17856|116180,18500|115292,18872	z:892:1092	generated.farm.a10b944a62366cf5f20fbc43.anchor	115563	18325	928	115579	18325	928	VALID	STATIC_XML_CLEAR	1	NOBLESSE_CONDITIONAL	REACHABLE_CONDITIONAL	component.466c51ee761838d01643a1cf
SSQ_CATACOMBS_NECROPOLIS	a10e474bcb15bd23078c7c1d4b34f6103758c635452032d0db72b31b955c859f	NecropolisOfMartyrdom	data/spawns/Catacombs/NecropolisOfMartyrdom.xml	ssq10_2322_ssq03	territory:-4864:-4664:118332,137084|118936,137076|118924,137728|118333,137724	z:-4864:-4664	generated.farm.a10e474bcb15bd23078c7c1d.anchor	118631	137403	-4824	118647	137403	-4824	VALID	STATIC_XML_CLEAR	1	SCRIPT_CONDITIONAL	NATIVE_CONDITION_UNMODELED	component.7f829cb88cce9a71650cf187
TOWER_OF_INSOLENCE	a1d013d31102ce30d0fc91ccd3fa6a3aa76c31cbd92736057d0cc3e4060d1032	TowerOfInsolence	data/spawns/Aden/TowerOfInsolence.xml	aden37_2318_01	territory:888:1088:112808,15872|114000,15936|113992,17812|113556,17640|113028,16992	z:888:1088	generated.farm.a1d013d31102ce30d0fc91cc.anchor	113477	16850	928	113493	16850	928	VALID	STATIC_XML_CLEAR	1	NOBLESSE_CONDITIONAL	REACHABLE_CONDITIONAL	component.466c51ee761838d01643a1cf
DEVILS_ISLE	a206ebee3f09f8cb8bc231a0cc80295f6b5d6569695443d74b440ac5b0cf6e69	DevilsIsle	data/spawns/Giran/DevilsIsle.xml	giran08_2124_010	territory:-3864:-3664:42566,203960|42116,203583|42454,203289|42903,203588	z:-3864:-3664	generated.farm.a206ebee3f09f8cb8bc231a0.anchor	42510	203605	-3816	42526	203605	-3816	VALID	STATIC_XML_CLEAR	1	NORMAL	REACHABLE_ORDINARY	component.d483d98f35fc6805675221f7
SSQ_CATACOMBS_NECROPOLIS	a24022627a896ea598e9ac514de8adddd16eec3e50004cb48d862037e49b6269	NecropolisOfDevotion	data/spawns/Catacombs/NecropolisOfDevotion.xml	ssq02_1820_ssq08	territory:-4774:-4624:-47612,79887|-46978,79897|-46977,80481|-47619,80482	z:-4774:-4624	generated.farm.a24022627a896ea598e9ac51.anchor	-47296	80187	-4736	-47280	80187	-4736	VALID	STATIC_XML_CLEAR	1	SCRIPT_CONDITIONAL	NATIVE_CONDITION_UNMODELED	component.4f51ad139140e844e92eec35
SSQ_CATACOMBS_NECROPOLIS	a2b2bd9318bf34be14ca59afb06708c136422fe82cd490f32d74aeea0fed5d55	NecropolisOfThePilgrims	data/spawns/Catacombs/NecropolisOfThePilgrims.xml	ssq07_2121_ssq29	territory:-5448:-5298:50599,114371|51232,114374|51236,115688|50588,115688	z:-5448:-5298	generated.farm.a2b2bd9318bf34be14ca59af.anchor	50914	115030	-5408	50930	115030	-5408	VALID	STATIC_XML_CLEAR	1	SCRIPT_CONDITIONAL	NATIVE_CONDITION_UNMODELED	component.cbddc918f33160dda52bb64d
SSQ_CATACOMBS_NECROPOLIS	a2f6d0154f4bbf73d63e9a0683e4b8290028beeb542a382e602b50a0013ea084	CatacombOfTheHeretic	data/spawns/Catacombs/CatacombOfTheHeretic.xml	ssq06_2122_ssq10	territory:-7943:-7793:-53166,-244874|-52539,-244878|-52539,-244273|-53176,-244274	z:-7943:-7793	generated.farm.a2f6d0154f4bbf73d63e9a06.anchor	-52855	-244575	-7904	-52839	-244575	-7904	VALID	STATIC_XML_CLEAR	1	SCRIPT_CONDITIONAL	NATIVE_CONDITION_UNMODELED	component.ac3253d25593857c65682608
DEVILS_ISLE	a32f22aea8b15cc2eeb525c588fefd40acd21d8b275939f4927d4516df322823	DevilsIsle	data/spawns/Giran/DevilsIsle.xml	giran08_2124_028	territory:-3636:-3436:45671,209399|45922,209399|45994,209823|45610,209823	z:-3636:-3436	generated.farm.a32f22aea8b15cc2eeb525c5.anchor	45799	209611	-3592	45815	209611	-3592	VALID	STATIC_XML_CLEAR	1	NORMAL	GEODATA_INTERNAL_BLOCKED	component.d1068b113ac36bb702759435
DEVILS_ISLE	a369af9a2363f4ba9b2c0046daf460d585b71c87ecfba95258b53bf8ee2dc112	DevilsIsle	data/spawns/Giran/DevilsIsle.xml	giran08_2124_069	territory:-3376:-3176:49559,211921|50962,211921|50962,213087|49559,213087	z:-3376:-3176	generated.farm.a369af9a2363f4ba9b2c0046.anchor	50260	212504	-3344	50276	212504	-3344	VALID	STATIC_XML_CLEAR	1	NORMAL	GEODATA_INTERNAL_BLOCKED	component.ff2770f1156bc4ee6cac8379
IVORY_TOWER	a3a17076dfae712baba70a529e995b596df9e184904a6dc5d108cd0f8330764f	IvoryTower	data/spawns/Oren/IvoryTower.xml	oren30_2218_21	territory:-3124:-2724:91580,3496|92688,3848|92752,5820|88564,6468	z:-3124:-2724	generated.farm.a3a17076dfae712baba70a52.anchor	91396	4908	-2856	91412	4908	-2856	VALID	STATIC_XML_CLEAR	1	NORMAL	CONTENT_TELEPORT_SEMANTIC_BLOCKED	component.b1dc9e88bd1824f6a094e9e6
SSQ_CATACOMBS_NECROPOLIS	a3f640a6527b85545c367d46432098d1ccbf9ced756ace03612340e3cd468115	CatacombOfTheHeretic	data/spawns/Catacombs/CatacombOfTheHeretic.xml	ssq06_2122_ssq11	territory:-7946:-7796:-53127,-243006|-51795,-243023|-51783,-242381|-53123,-242374	z:-7946:-7796	generated.farm.a3f640a6527b85545c367d46.anchor	-52457	-242696	-7904	-52441	-242696	-7904	VALID	STATIC_XML_CLEAR	1	SCRIPT_CONDITIONAL	NATIVE_CONDITION_UNMODELED	component.ac3253d25593857c65682608
DEVILS_ISLE	a3f66dacb508d794811a19c07acce29d3767d7e8b988acc0ac1f9fbae7acaad9	DevilsIsle	data/spawns/Giran/DevilsIsle.xml	giran08_2124_048	territory:-3936:-3736:43209,217145|44491,217145|44502,218305|43220,218305	z:-3936:-3736	generated.farm.a3f66dacb508d794811a19c0.anchor	43856	217725	-3904	43872	217725	-3904	VALID	STATIC_XML_CLEAR	1	NORMAL	REACHABLE_ORDINARY	component.7dad6e3e96728c2a7ff7af09
SSQ_CATACOMBS_NECROPOLIS	a4535642a196c0f5076b9ddafd10fb63a4a32c7f791586b568895371cf89d6b5	NecropolisOfTheDisciples	data/spawns/Catacombs/NecropolisOfTheDisciples.xml	ssq14_2517_ssq02	territory:-4936:-4736:172299,-16533|173762,-16533|173762,-15836|172299,-15836	z:-4936:-4736	generated.farm.a4535642a196c0f5076b9dda.anchor	173030	-16184	-4896	173046	-16184	-4896	VALID	STATIC_XML_CLEAR	1	SCRIPT_CONDITIONAL	NATIVE_CONDITION_UNMODELED	component.a0f27b0f5d7a1a00f782ed4b
TOWER_OF_INSOLENCE	a459320841eef2e4481f0e7c7a2c394622ea2ff8576ab18f297822ddd5d8a515	TowerOfInsolence	data/spawns/Aden/TowerOfInsolence.xml	aden37_2318_06	territory:896:1096:113140,13640|114004,13280|114172,14184|113632,14408	z:896:1096	generated.farm.a459320841eef2e4481f0e7c.anchor	113737	13878	928	113753	13878	928	VALID	STATIC_XML_CLEAR	1	NOBLESSE_CONDITIONAL	REACHABLE_CONDITIONAL	component.466c51ee761838d01643a1cf
SSQ_CATACOMBS_NECROPOLIS	a53cfb7370364aea9b1f11e93889d5eb2c3791d555f359a809a7a49916429c1e	NecropolisOfTheDisciples	data/spawns/Catacombs/NecropolisOfTheDisciples.xml	ssq14_2517_ssq34	territory:-4936:-4736:181878,-9062|183340,-9062|183340,-8365|181878,-8365	z:-4936:-4736	generated.farm.a53cfb7370364aea9b1f11e9.anchor	182609	-8714	-4896	182625	-8714	-4896	VALID	STATIC_XML_CLEAR	1	SCRIPT_CONDITIONAL	NATIVE_CONDITION_UNMODELED	component.a0f27b0f5d7a1a00f782ed4b
SSQ_CATACOMBS_NECROPOLIS	a615a0bcaa244a185b340b0b25e5e966cc589ab0a5f9b992738f452f8140786f	CatacombOfTheBranded	data/spawns/Catacombs/CatacombOfTheBranded.xml	ssq05_2123_ssq10	territory:-5013:-4863:49406,173314|50077,173309|50075,175152|49414,175146	z:-5013:-4863	generated.farm.a615a0bcaa244a185b340b0b.anchor	49743	174230	-4976	49759	174230	-4976	VALID	STATIC_XML_CLEAR	1	SCRIPT_CONDITIONAL	NATIVE_CONDITION_UNMODELED	component.423662c72ad86bfe886c3b61
SSQ_CATACOMBS_NECROPOLIS	a68177c88d086893edfc76cf1591c97aadc13ed955b772e9e06fff6de0fde64a	NecropolisOfTheDisciples	data/spawns/Catacombs/NecropolisOfTheDisciples.xml	ssq14_2517_ssq25	territory:-4912:-4712:174819,-10128|176718,-10128|176710,-9466|174811,-9466	z:-4912:-4712	generated.farm.a68177c88d086893edfc76cf.anchor	175764	-9797	-4896	175780	-9797	-4896	VALID	STATIC_XML_CLEAR	1	SCRIPT_CONDITIONAL	NATIVE_CONDITION_UNMODELED	component.a0f27b0f5d7a1a00f782ed4b
SSQ_CATACOMBS_NECROPOLIS	a702a89b36a7b4d36a70c7cc925de62ad9cd076da41f3bea815c3a5716271a0a	CatacombOfTheHeretic	data/spawns/Catacombs/CatacombOfTheHeretic.xml	ssq06_2122_ssq25	territory:-7947:-7797:-47468,-242874|-46840,-242878|-46840,-241549|-47465,-241553	z:-7947:-7797	generated.farm.a702a89b36a7b4d36a70c7cc.anchor	-47153	-242214	-7904	-47137	-242214	-7904	VALID	STATIC_XML_CLEAR	1	SCRIPT_CONDITIONAL	NATIVE_CONDITION_UNMODELED	component.ac3253d25593857c65682608
SSQ_CATACOMBS_NECROPOLIS	a73f4154f15fc5bbf409624ddef47949a91cea229baf32f2ea483e45ca8a42b2	NecropolisOfSacrifice	data/spawns/Catacombs/NecropolisOfSacrifice.xml	ssq01_1824_ssq03	territory:-5123:-4973:-42551,213167|-41176,213162|-41175,213832|-42546,213815	z:-5123:-4973	generated.farm.a73f4154f15fc5bbf409624d.anchor	-41862	213494	-5080	-41846	213494	-5080	VALID	STATIC_XML_CLEAR	1	SCRIPT_CONDITIONAL	NATIVE_CONDITION_UNMODELED	component.ce7bae4e503482cb2b998003
SSQ_CATACOMBS_NECROPOLIS	a806b07c63477c3803dc24b94e62176f77ca6e71ef9011a62bf0e796d43bd63f	CatacombOfTheBranded	data/spawns/Catacombs/CatacombOfTheBranded.xml	ssq05_2123_ssq31	territory:-5001:-4851:56558,175707|57195,175701|57196,176289|56564,176292	z:-5001:-4851	generated.farm.a806b07c63477c3803dc24b9.anchor	56878	175997	-4976	56894	175997	-4976	VALID	STATIC_XML_CLEAR	1	SCRIPT_CONDITIONAL	NATIVE_CONDITION_UNMODELED	component.423662c72ad86bfe886c3b61
SSQ_CATACOMBS_NECROPOLIS	a83989a52d6a07fc441551d144afc07e5023e44f960498bba4a1ca60cc74b771	CatacombOfDarkOmens	data/spawns/Catacombs/CatacombOfDarkOmens.xml	ssq03_1918_ssq22	territory:-4936:-4736:-10364,18796|-9684,18788|-9704,20164|-10360,20196	z:-4936:-4736	generated.farm.a83989a52d6a07fc441551d1.anchor	-10028	19486	-4896	-10012	19486	-4896	VALID	STATIC_XML_CLEAR	1	SCRIPT_CONDITIONAL	NATIVE_CONDITION_UNMODELED	component.7ff0aa2ef025df3eed1760f6
SSQ_CATACOMBS_NECROPOLIS	a8deacbd9baf25852c87b84907c2ce4ee32a618c4b01b6d423fa4dd43ef51bc5	CatacombOfTheWitch	data/spawns/Catacombs/CatacombOfTheWitch.xml	ssq13_2420_ssq35	territory:-5464:-5264:149640,88547|150252,88547|150252,89184|149640,89184	z:-5464:-5264	generated.farm.a8deacbd9baf25852c87b849.anchor	149946	88866	-5424	149962	88866	-5424	VALID	STATIC_XML_CLEAR	1	SCRIPT_CONDITIONAL	NATIVE_CONDITION_UNMODELED	component.acae4dfbcc94433b54ab8989
SSQ_CATACOMBS_NECROPOLIS	aa28866125c681348afba683e51d8d444045c0bc2a27ee1c77dbd580a2786610	NecropolisOfWorship	data/spawns/Catacombs/NecropolisOfWorship.xml	ssq09_2323_ssq27	territory:-5472:-5272:121570,183989|122222,183989|122222,184641|121570,184641	z:-5472:-5272	generated.farm.aa28866125c681348afba683.anchor	121896	184315	-5432	121912	184315	-5432	VALID	STATIC_XML_CLEAR	1	SCRIPT_CONDITIONAL	NATIVE_CONDITION_UNMODELED	component.b57dbd6b545f82c91f9e3a34
DEVILS_ISLE	aa3465328a9f7c4f498131a4414b595733a8f47b822ed76187f1c3c96a3e8554	DevilsIsle	data/spawns/Giran/DevilsIsle.xml	giran08_2124_079	territory:-2740:-2390:51239,209755|51970,209755|51970,210166|51239,210166	z:-2740:-2390	generated.farm.aa3465328a9f7c4f498131a4.anchor	51604	209960	-2608	51620	209960	-2608	VALID	STATIC_XML_CLEAR	1	NORMAL	GEODATA_INTERNAL_BLOCKED	component.ff2770f1156bc4ee6cac8379
SSQ_CATACOMBS_NECROPOLIS	aa67af71520e0bd13991a7d9b4a1c53124715102d36a44fc7992b1d73862e145	CatacombOfTheApostate	data/spawns/Catacombs/CatacombOfTheApostate.xml	ssq11_2220_ssq07	territory:-8198:-8048:-18519,-250782|-17166,-250777|-17162,-250155|-18516,-250154	z:-8198:-8048	generated.farm.aa67af71520e0bd13991a7d9.anchor	-17841	-250467	-8160	-17825	-250467	-8160	VALID	STATIC_XML_CLEAR	1	SCRIPT_CONDITIONAL	NATIVE_CONDITION_UNMODELED	component.034a5b9796857e6f481e60f0
SSQ_CATACOMBS_NECROPOLIS	aace0651738c0bed9365771216062fee8a957424a515d1d1a3ccbc0c8e8372e1	NecropolisOfThePatriots	data/spawns/Catacombs/NecropolisOfThePatriots.xml	ssq03_1920_ssq19	territory:-5209:-5059:-11417,81680|-10771,81676|-10774,82277|-11416,82274	z:-5209:-5059	generated.farm.aace0651738c0bed93657712.anchor	-11094	81977	-5168	-11078	81977	-5168	VALID	STATIC_XML_CLEAR	1	SCRIPT_CONDITIONAL	NATIVE_CONDITION_UNMODELED	component.888b1c386bb56285d9aedda1
TOWER_OF_INSOLENCE	ab194214ac2720f8cd32aa40d8d654a9abaa67d731081b54ae4d419d4ec1f8d6	TowerOfInsolence	data/spawns/Aden/TowerOfInsolence.xml	aden41_2318_p05	territory:4936:5136:116072,14900|116456,15804|116464,16420|116144,17168|114948,16048	z:4936:5136	generated.farm.ab194214ac2720f8cd32aa40.anchor	116017	16068	4976	116033	16068	4976	VALID	STATIC_XML_CLEAR	1	NORMAL	GEODATA_INTERNAL_BLOCKED	component.99dcad1a15840c409f9d1a6a
DEVILS_ISLE	abe6ab0befb2a33740ddcdc4472c2a807a4bdd0fb4f907915b76940b98f9bd7d	DevilsIsle	data/spawns/Giran/DevilsIsle.xml	giran08_2124_090	territory:-4268:-4068:54999,213442|55327,213424|55254,214539|55072,214539	z:-4268:-4068	generated.farm.abe6ab0befb2a33740ddcdc4.anchor	55163	213986	-4216	55179	213986	-4216	VALID	STATIC_XML_CLEAR	1	NORMAL	GEODATA_INTERNAL_BLOCKED	component.50c3f385fb3b32cb843cf330
SSQ_CATACOMBS_NECROPOLIS	ac2cef4d607bd471546c7d3f11057d2025087a5b344658e07cc52fd9e070bdc4	NecropolisOfThePatriots	data/spawns/Catacombs/NecropolisOfThePatriots.xml	ssq03_1920_ssq30	territory:-5209:-5009:-21691,87349|-21090,87349|-21091,87996|-21689,88001	z:-5209:-5009	generated.farm.ac2cef4d607bd471546c7d3f.anchor	-21390	87674	-5168	-21374	87674	-5168	VALID	STATIC_XML_CLEAR	1	SCRIPT_CONDITIONAL	NATIVE_CONDITION_UNMODELED	component.888b1c386bb56285d9aedda1
SSQ_CATACOMBS_NECROPOLIS	aca55a8252d93ee24ba599e92ede085e84a64426e61a16daaf94265ec9ffd3e9	CatacombOfTheApostate	data/spawns/Catacombs/CatacombOfTheApostate.xml	ssq11_2220_ssq18	territory:-8200:-8050:-18376,-241770|-17755,-241773|-17752,-240414|-18382,-240415	z:-8200:-8050	generated.farm.aca55a8252d93ee24ba599e9.anchor	-18066	-241093	-8160	-18050	-241093	-8160	VALID	STATIC_XML_CLEAR	1	SCRIPT_CONDITIONAL	NATIVE_CONDITION_UNMODELED	component.194e37a0cd5f379b003b8008
SSQ_CATACOMBS_NECROPOLIS	acbe32f79f8e2b9390e8dd6e4965e2e35411891ad8601d828b9f872c8f59bdf8	NecropolisOfDevotion	data/spawns/Catacombs/NecropolisOfDevotion.xml	ssq02_1820_ssq22	territory:-4773:-4623:-41910,89080|-41309,89082|-41310,89721|-41913,89717	z:-4773:-4623	generated.farm.acbe32f79f8e2b9390e8dd6e.anchor	-41610	89400	-4736	-41594	89400	-4736	VALID	STATIC_XML_CLEAR	1	SCRIPT_CONDITIONAL	NATIVE_CONDITION_UNMODELED	component.4f51ad139140e844e92eec35
SSQ_CATACOMBS_NECROPOLIS	ace7e3e7be869491f028068e93da6fd0023dc9d7ba28be769ba5fca1a5a93997	NecropolisOfThePilgrims	data/spawns/Catacombs/NecropolisOfThePilgrims.xml	ssq07_2121_ssq23	territory:-5447:-5297:55248,112934|55869,112927|55868,113531|55246,113532	z:-5447:-5297	generated.farm.ace7e3e7be869491f028068e.anchor	55558	113231	-5408	55574	113231	-5408	VALID	STATIC_XML_CLEAR	1	SCRIPT_CONDITIONAL	NATIVE_CONDITION_UNMODELED	component.cbddc918f33160dda52bb64d
SSQ_CATACOMBS_NECROPOLIS	ad10e0995d8374a676a7760face274739b089dc8489a1d45bae8217027b5e30e	NecropolisOfTheSaints	data/spawns/Catacombs/NecropolisOfTheSaints.xml	ssq08_2224_ssq01	territory:-5468:-5268:84236,208892|84820,208896|84820,209532|84236,209540	z:-5468:-5268	generated.farm.ad10e0995d8374a676a7760f.anchor	84528	209215	-5432	84544	209215	-5432	VALID	STATIC_XML_CLEAR	1	SCRIPT_CONDITIONAL	NATIVE_CONDITION_UNMODELED	component.306e57f18c8c278bc15c19c7
SSQ_CATACOMBS_NECROPOLIS	ad73506392073893cbc5888980d0b62a4300e1c35e90db88b2d498faeb528d6d	CatacombOfTheApostate	data/spawns/Catacombs/CatacombOfTheApostate.xml	ssq11_2220_ssq11	territory:-8197:-8047:-15918,-246482|-15271,-246479|-15272,-245876|-15919,-245876	z:-8197:-8047	generated.farm.ad73506392073893cbc58889.anchor	-15595	-246178	-8160	-15579	-246178	-8160	VALID	STATIC_XML_CLEAR	1	SCRIPT_CONDITIONAL	NATIVE_CONDITION_UNMODELED	component.5a779e70e10a9bf13f9ef7c3
SSQ_CATACOMBS_NECROPOLIS	ae90bd513af522c35fa092b77bb742e853d706733dfa929cda5058474db50ae8	NecropolisOfWorship	data/spawns/Catacombs/NecropolisOfWorship.xml	ssq09_2323_ssq01	territory:-5480:-5280:113096,173751|113732,173751|113732,175733|113096,175733	z:-5480:-5280	generated.farm.ae90bd513af522c35fa092b7.anchor	113414	174742	-5432	113430	174742	-5432	VALID	STATIC_XML_CLEAR	1	SCRIPT_CONDITIONAL	NATIVE_CONDITION_UNMODELED	component.b57dbd6b545f82c91f9e3a34
SSQ_CATACOMBS_NECROPOLIS	aed610a29344921720313019a259e98365ba35c6e2f66edb1a68e073a7cee29f	CatacombOfDarkOmens	data/spawns/Catacombs/CatacombOfDarkOmens.xml	ssq03_1918_ssq08	territory:-4940:-4740:-18124,15412|-17484,15416|-17492,16016|-18104,16004	z:-4940:-4740	generated.farm.aed610a29344921720313019.anchor	-17801	15712	-4896	-17785	15712	-4896	VALID	STATIC_XML_CLEAR	1	SCRIPT_CONDITIONAL	NATIVE_CONDITION_UNMODELED	component.7ff0aa2ef025df3eed1760f6
TOWER_OF_INSOLENCE	aee695736587eb7f9d5232fdf1a28630fb003092ab1577eb3dd963c385199618	TowerOfInsolence	data/spawns/Aden/TowerOfInsolence.xml	aden39_2318_p05	territory:2924:3124:113916,17198|115032,17075|115492,17676|114288,17856|113688,17632	z:2924:3124	generated.farm.aee695736587eb7f9d5232fd.anchor	114483	17487	2952	114499	17487	2952	VALID	STATIC_XML_CLEAR	1	NORMAL	GEODATA_INTERNAL_BLOCKED	component.8480beb21a0a2a685ff4a89a
SSQ_CATACOMBS_NECROPOLIS	af1165352137f194a3165d9528df2f8d5bbdb7e8e6e25830a4cede029958483f	NecropolisOfWorship	data/spawns/Catacombs/NecropolisOfWorship.xml	ssq09_2323_ssq23	territory:-5469:-5269:119409,181499|121387,181499|121387,182143|119409,182143	z:-5469:-5269	generated.farm.af1165352137f194a3165d95.anchor	120398	181821	-5432	120414	181821	-5432	VALID	STATIC_XML_CLEAR	1	SCRIPT_CONDITIONAL	NATIVE_CONDITION_UNMODELED	component.b57dbd6b545f82c91f9e3a34
SSQ_CATACOMBS_NECROPOLIS	af15056a326e50744d40b6b44ca1a9eb88a748b5f853b13ff8ff25862f9059dd	NecropolisOfThePatriots	data/spawns/Catacombs/NecropolisOfThePatriots.xml	ssq03_1920_ssq09	territory:-5210:-5060:-17079,77061|-16501,77059|-16499,77702|-17076,77697	z:-5210:-5060	generated.farm.af15056a326e50744d40b6b4.anchor	-16789	77380	-5168	-16773	77380	-5168	VALID	STATIC_XML_CLEAR	1	SCRIPT_CONDITIONAL	NATIVE_CONDITION_UNMODELED	component.888b1c386bb56285d9aedda1
SSQ_CATACOMBS_NECROPOLIS	af1690bf711fbcca2f953382be167d98957393a5148e4d2c8864fba48eb4d960	NecropolisOfTheSaints	data/spawns/Catacombs/NecropolisOfTheSaints.xml	ssq08_2224_ssq05	territory:-5472:-5272:83148,213516|83740,213520|83744,214148|83152,214152	z:-5472:-5272	generated.farm.af1690bf711fbcca2f953382.anchor	83446	213834	-5432	83462	213834	-5432	VALID	STATIC_XML_CLEAR	1	SCRIPT_CONDITIONAL	NATIVE_CONDITION_UNMODELED	component.25ffd0d249e9435bb5e4c376
SSQ_CATACOMBS_NECROPOLIS	afb096aad540b996de788a2dfb0c1deb90c614985823adadf118e11c5c75e6f0	CatacombOfTheForbiddenPath	data/spawns/Catacombs/CatacombOfTheForbiddenPath.xml	ssq12_2320_ssq15	territory:-9612:-9412:20461,-244289|21841,-244273|21829,-243581|20457,-243593	z:-9612:-9412	generated.farm.afb096aad540b996de788a2d.anchor	21147	-243934	-9576	21163	-243934	-9576	VALID	STATIC_XML_CLEAR	1	SCRIPT_CONDITIONAL	NATIVE_CONDITION_UNMODELED	component.137ee57453c450cb1450f091
IMPERIAL_TOMB	afd63c757206e9f4a0987356fd15d174987464ad7fab6e8d8d0094cc54bb38ed	ImperialTomb	data/spawns/Goddard/ImperialTomb.xml	godard14_2515_17	territory:-6668:-6368:189032,-81361|189850,-81343|189847,-80621|189054,-80555	z:-6668:-6368	generated.farm.afd63c757206e9f4a0987356.anchor	189446	-80970	-6608	189462	-80970	-6608	VALID	STATIC_XML_CLEAR	1	NOBLESSE_CONDITIONAL	REACHABLE_CONDITIONAL	component.30e5cb07315a67a8381cbe8d
SSQ_CATACOMBS_NECROPOLIS	b106f8906a55e56e55238a8aecd493ce1fbb06bfb1b9fe728c27e58200625350	NecropolisOfSacrifice	data/spawns/Catacombs/NecropolisOfSacrifice.xml	ssq01_1824_ssq39	territory:-5126:-4976:-47556,212263|-46894,212262|-46906,213615|-47565,213619	z:-5126:-4976	generated.farm.b106f8906a55e56e55238a8a.anchor	-47230	212940	-5080	-47214	212940	-5080	VALID	STATIC_XML_CLEAR	1	SCRIPT_CONDITIONAL	NATIVE_CONDITION_UNMODELED	component.ce7bae4e503482cb2b998003
IVORY_TOWER	b12a931541520ca6a8a655adf498f150eefeaeadf528066a0e7c6698aabd3076	IvoryTower	data/spawns/Oren/IvoryTower.xml	oren30_2218_13	territory:-3768:-3468:79824,22932|84808,24488|84668,26676|81832,27084|78752,26572	z:-3768:-3468	generated.farm.b12a931541520ca6a8a655ad.anchor	81977	25550	-3488	81993	25550	-3488	VALID	STATIC_XML_CLEAR	1	NORMAL	CONTENT_TELEPORT_SEMANTIC_BLOCKED	component.35de35b4fa09ef2b85efdcce
SSQ_CATACOMBS_NECROPOLIS	b2602a2517c706f906197e6ef04d25738abcfd2d6ac6b3eb770cdceae25a3196	NecropolisOfMartyrdom	data/spawns/Catacombs/NecropolisOfMartyrdom.xml	ssq10_2322_ssq08	territory:-4872:-4672:121006,133629|121718,133621|121678,134985|121018,134977	z:-4872:-4672	generated.farm.b2602a2517c706f906197e6e.anchor	121355	134303	-4824	121371	134303	-4824	VALID	STATIC_XML_CLEAR	1	SCRIPT_CONDITIONAL	NATIVE_CONDITION_UNMODELED	component.7f829cb88cce9a71650cf187
DEVILS_ISLE	b30369f621b577fce042a3e884f5b5fd77e629a9ae959c2c9f0c83e40dd3e5e6	DevilsIsle	data/spawns/Giran/DevilsIsle.xml	giran08_2124_040	territory:-3800:-3600:45296,213219|46136,213081|46289,213374|46158,213669|45105,213668	z:-3800:-3600	generated.farm.b30369f621b577fce042a3e8.anchor	45797	213402	-3752	45813	213402	-3752	VALID	STATIC_XML_CLEAR	1	NORMAL	REACHABLE_ORDINARY	component.7dad6e3e96728c2a7ff7af09
DEVILS_ISLE	b37c391b398857bcfb574d04e563e0426ad2b20e216e81c4d009650761fb655c	DevilsIsle	data/spawns/Giran/DevilsIsle.xml	giran08_2124_003	territory:-4680:-4480:41212,199522|41567,199506|41873,200295|41372,200376|40870,200074|40788,199731	z:-4680:-4480	generated.farm.b37c391b398857bcfb574d04.anchor	41280	199917	-4632	41296	199917	-4632	VALID	STATIC_XML_CLEAR	1	NORMAL	REACHABLE_ORDINARY	component.d483d98f35fc6805675221f7
SSQ_CATACOMBS_NECROPOLIS	b389c6596e572e2b78ff68aaf68089596e4af64c4e2d56a4269c2c05f6f77d7b	NecropolisOfSacrifice	data/spawns/Catacombs/NecropolisOfSacrifice.xml	ssq01_1824_ssq34	territory:-5123:-4973:-52197,209822|-51554,209826|-51554,210435|-52210,210440	z:-5123:-4973	generated.farm.b389c6596e572e2b78ff68aa.anchor	-51879	210131	-5080	-51863	210131	-5080	VALID	STATIC_XML_CLEAR	1	SCRIPT_CONDITIONAL	NATIVE_CONDITION_UNMODELED	component.ce7bae4e503482cb2b998003
DEVILS_ISLE	b3c506f879469832e1f5e977350b9dfd81b4d3d7b431250ff68d7522e4a58b10	DevilsIsle	data/spawns/Giran/DevilsIsle.xml	giran08_2124_058	territory:-3628:-3428:48420,219337|48850,219568|48359,220581|47990,220581|47967,219867	z:-3628:-3428	generated.farm.b3c506f879469832e1f5e977.anchor	48317	219987	-3584	48333	219987	-3584	VALID	STATIC_XML_CLEAR	1	NORMAL	GEODATA_INTERNAL_BLOCKED	component.7f1849df7353a6814d7442f4
SSQ_CATACOMBS_NECROPOLIS	b49400574ce87ac955dba4d92d9d6e7845efd22c607afef4c8c8351873f4d70f	NecropolisOfThePatriots	data/spawns/Catacombs/NecropolisOfThePatriots.xml	ssq03_1920_ssq29	territory:-5214:-5064:-19828,85511|-19165,85511|-19182,86832|-19846,86836	z:-5214:-5064	generated.farm.b49400574ce87ac955dba4d9.anchor	-19505	86172	-5168	-19489	86172	-5168	VALID	STATIC_XML_CLEAR	1	SCRIPT_CONDITIONAL	NATIVE_CONDITION_UNMODELED	component.888b1c386bb56285d9aedda1
SSQ_CATACOMBS_NECROPOLIS	b4a5941fc179322a76fb53f68f0f2863bacf88caf237d8ac135451a69284fee7	CatacombOfTheBranded	data/spawns/Catacombs/CatacombOfTheBranded.xml	ssq05_2123_ssq26	territory:-5015:-4865:55276,178105|55919,178106|55916,178700|55284,178697	z:-5015:-4865	generated.farm.b4a5941fc179322a76fb53f6.anchor	55599	178402	-4976	55615	178402	-4976	VALID	STATIC_XML_CLEAR	1	SCRIPT_CONDITIONAL	NATIVE_CONDITION_UNMODELED	component.423662c72ad86bfe886c3b61
IVORY_TOWER	b4dc0a9e8ac31e99fcc982f49cf8f9d3e9690a5a31e86fb2ef9332d13d72950d	IvoryTower	data/spawns/Oren/IvoryTower.xml	oren30_2218_05	territory:-3792:-3592:96652,6860|98064,6516|97996,10176|96652,9572	z:-3792:-3592	generated.farm.b4dc0a9e8ac31e99fcc982f4.anchor	97341	8281	-3696	97357	8281	-3696	VALID	STATIC_XML_CLEAR	1	NORMAL	CONTENT_TELEPORT_SEMANTIC_BLOCKED	component.e2f36de935ce4bcb9fedd7d1
IVORY_TOWER	b4f1f792d747a3a77b4fa2dfa1904ee5f9979a70889d89df6d082c4be2ef7203	IvoryTower	data/spawns/Oren/IvoryTower.xml	oren30_2218_22	territory:-3260:-2860:92724,4372|94848,5820|95724,7476|95068,8624|92784,5780	z:-3260:-2860	generated.farm.b4f1f792d747a3a77b4fa2df.anchor	94230	6414	-3016	94246	6414	-3016	VALID	STATIC_XML_CLEAR	1	NORMAL	CONTENT_TELEPORT_SEMANTIC_BLOCKED	component.b1dc9e88bd1824f6a094e9e6
DEVILS_ISLE	b518232112aaf0c6a53e36cfd935397e9b47d2f7bd8f135f0a077945aeda115c	DevilsIsle	data/spawns/Giran/DevilsIsle.xml	giran08_2124_053	territory:-3792:-3592:46287,216779|46934,216830|47171,216990|47302,217417|46887,218156|46467,218328|46156,218312	z:-3792:-3592	generated.farm.b518232112aaf0c6a53e36cf.anchor	46743	217545	-3752	46759	217545	-3752	VALID	STATIC_XML_CLEAR	1	NORMAL	REACHABLE_ORDINARY	component.7dad6e3e96728c2a7ff7af09
SSQ_CATACOMBS_NECROPOLIS	b54585d5af32ec21e2cfb9ddfb9610c678c7879d73404eda35c0d8105732f7d2	CatacombOfTheApostate	data/spawns/Catacombs/CatacombOfTheApostate.xml	ssq11_2220_ssq37	territory:-8197:-8047:-14561,-248089|-13183,-248084|-13183,-247466|-14565,-247469	z:-8197:-8047	generated.farm.b54585d5af32ec21e2cfb9dd.anchor	-13873	-247777	-8160	-13857	-247777	-8160	VALID	STATIC_XML_CLEAR	1	SCRIPT_CONDITIONAL	NATIVE_CONDITION_UNMODELED	component.5a779e70e10a9bf13f9ef7c3
SSQ_CATACOMBS_NECROPOLIS	b55e03b17460fcd154516bdf80a1d4e60569201287fc0c75c56a5f79f9706548	NecropolisOfThePilgrims	data/spawns/Catacombs/NecropolisOfThePilgrims.xml	ssq07_2121_ssq30	territory:-5444:-5294:50615,112937|51268,112927|51269,113541|50621,113540	z:-5444:-5294	generated.farm.b55e03b17460fcd154516bdf.anchor	50943	113236	-5408	50959	113236	-5408	VALID	STATIC_XML_CLEAR	1	SCRIPT_CONDITIONAL	NATIVE_CONDITION_UNMODELED	component.cbddc918f33160dda52bb64d
SSQ_CATACOMBS_NECROPOLIS	b56a5054b7041ab56a681fcc6ae6005158ad385f55bc9da3ef1b60fc2b01a278	CatacombOfTheForbiddenPath	data/spawns/Catacombs/CatacombOfTheForbiddenPath.xml	ssq12_2320_ssq16	territory:-9616:-9416:22942,-246961|23642,-246961|23661,-245566|22942,-245569	z:-9616:-9416	generated.farm.b56a5054b7041ab56a681fcc.anchor	23297	-246264	-9576	23313	-246264	-9576	VALID	STATIC_XML_CLEAR	1	SCRIPT_CONDITIONAL	NATIVE_CONDITION_UNMODELED	component.137ee57453c450cb1450f091
SSQ_CATACOMBS_NECROPOLIS	b695be51c9a749593f72def9b2c9067e9ff0e51b776b3dea880f8e2c0f4e32b2	NecropolisOfDevotion	data/spawns/Catacombs/NecropolisOfDevotion.xml	ssq02_1820_ssq17	territory:-4782:-4632:-45154,82652|-44501,82666|-44491,84005|-45146,84003	z:-4782:-4632	generated.farm.b695be51c9a749593f72def9.anchor	-44823	83332	-4736	-44807	83332	-4736	VALID	STATIC_XML_CLEAR	1	SCRIPT_CONDITIONAL	NATIVE_CONDITION_UNMODELED	component.4f51ad139140e844e92eec35
SSQ_CATACOMBS_NECROPOLIS	b6a5c3b2510ee08d20bd2b4491d2aedb0a116ecfe54c10a8d5c492396223411f	NecropolisOfThePilgrims	data/spawns/Catacombs/NecropolisOfThePilgrims.xml	ssq07_2121_ssq03	territory:-5444:-5294:44931,118632|45573,118629|45573,119228|44933,119224	z:-5444:-5294	generated.farm.b6a5c3b2510ee08d20bd2b44.anchor	45252	118928	-5408	45268	118928	-5408	VALID	STATIC_XML_CLEAR	1	SCRIPT_CONDITIONAL	NATIVE_CONDITION_UNMODELED	component.cbddc918f33160dda52bb64d
SSQ_CATACOMBS_NECROPOLIS	b6e9c4183ef1110e944d31fd85628f4ecd262675609830d50aff76528693c088	CatacombOfTheWitch	data/spawns/Catacombs/CatacombOfTheWitch.xml	ssq13_2420_ssq18	territory:-5464:-5264:150780,83948|151392,83948|151392,84585|150780,84585	z:-5464:-5264	generated.farm.b6e9c4183ef1110e944d31fd.anchor	151086	84266	-5424	151102	84266	-5424	VALID	STATIC_XML_CLEAR	1	SCRIPT_CONDITIONAL	NATIVE_CONDITION_UNMODELED	component.acae4dfbcc94433b54ab8989
SSQ_CATACOMBS_NECROPOLIS	b73f90dd9f0a8fbf1ea1c9a407f9aa4c1952fe6a7d77ad9f376106254428ee3e	NecropolisOfDevotion	data/spawns/Catacombs/NecropolisOfDevotion.xml	ssq02_1820_ssq23	territory:-4776:-4626:-43551,88099|-42868,88095|-42882,89427|-43535,89427	z:-4776:-4626	generated.farm.b73f90dd9f0a8fbf1ea1c9a4.anchor	-43209	88762	-4736	-43193	88762	-4736	VALID	STATIC_XML_CLEAR	1	SCRIPT_CONDITIONAL	NATIVE_CONDITION_UNMODELED	component.4f51ad139140e844e92eec35
SSQ_CATACOMBS_NECROPOLIS	b8ae942a25b3c950918c1e55146a198e72975b01b00f6fa716e06f63da428a3c	CatacombOfTheBranded	data/spawns/Catacombs/CatacombOfTheBranded.xml	ssq05_2123_ssq21	territory:-5012:-4862:51944,180310|52602,180305|52597,180900|51942,180903	z:-5012:-4862	generated.farm.b8ae942a25b3c950918c1e55.anchor	52271	180604	-4976	52287	180604	-4976	VALID	STATIC_XML_CLEAR	1	SCRIPT_CONDITIONAL	NATIVE_CONDITION_UNMODELED	component.423662c72ad86bfe886c3b61
SSQ_CATACOMBS_NECROPOLIS	ba3a26fad14a005429ac9f9194c3adf902e27fa84939698a1dd1c4fb61f3999f	CatacombOfTheApostate	data/spawns/Catacombs/CatacombOfTheApostate.xml	ssq11_2220_ssq13	territory:-8200:-8050:-17370,-245266|-16703,-245256|-16703,-243426|-17379,-243437	z:-8200:-8050	generated.farm.ba3a26fad14a005429ac9f91.anchor	-17039	-244346	-8160	-17023	-244346	-8160	VALID	STATIC_XML_CLEAR	1	SCRIPT_CONDITIONAL	NATIVE_CONDITION_UNMODELED	component.5a779e70e10a9bf13f9ef7c3
SSQ_CATACOMBS_NECROPOLIS	ba9a2d7814542bd1ea0fe3487d83f6c28ecac9b2f18e85c1279955d8216296de	CatacombOfTheHeretic	data/spawns/Catacombs/CatacombOfTheHeretic.xml	ssq06_2122_ssq27	territory:-7920:-7770:-45669,-244911|-44345,-244888|-44343,-244265|-45663,-244252	z:-7920:-7770	generated.farm.ba9a2d7814542bd1ea0fe348.anchor	-45005	-244579	-7904	-44989	-244579	-7904	VALID	STATIC_XML_CLEAR	1	SCRIPT_CONDITIONAL	NATIVE_CONDITION_UNMODELED	component.ac3253d25593857c65682608
SSQ_CATACOMBS_NECROPOLIS	babce96fc2ad7ff8b83a6b2ab978d13f155259307cdb526e2a022968ad5da531	NecropolisOfSacrifice	data/spawns/Catacombs/NecropolisOfSacrifice.xml	ssq01_1824_ssq23	territory:-5118:-4968:-50929,217734|-50283,217737|-50280,218333|-50923,218334	z:-5118:-4968	generated.farm.babce96fc2ad7ff8b83a6b2a.anchor	-50604	218034	-5080	-50588	218034	-5080	VALID	STATIC_XML_CLEAR	1	SCRIPT_CONDITIONAL	NATIVE_CONDITION_UNMODELED	component.ce7bae4e503482cb2b998003
SSQ_CATACOMBS_NECROPOLIS	baf7c5bee5495fc82d9614cb1277f881acf7ed956ca4afae2322a8fdf2288852	CatacombOfTheApostate	data/spawns/Catacombs/CatacombOfTheApostate.xml	ssq11_2220_ssq36	territory:-8196:-8046:-14830,-251081|-14205,-251080|-14203,-250492|-14829,-250481	z:-8196:-8046	generated.farm.baf7c5bee5495fc82d9614cb.anchor	-14517	-250784	-8160	-14501	-250784	-8160	VALID	STATIC_XML_CLEAR	1	SCRIPT_CONDITIONAL	NATIVE_CONDITION_UNMODELED	component.034a5b9796857e6f481e60f0
SSQ_CATACOMBS_NECROPOLIS	bb7d467de57251fd9ea2aeab8205264bf4f4772af37c1eeacc4b744a0b44de82	CatacombOfTheApostate	data/spawns/Catacombs/CatacombOfTheApostate.xml	ssq11_2220_ssq29	territory:-8200:-8050:-13051,-245405|-11686,-245397|-11685,-244778|-13047,-244785	z:-8200:-8050	generated.farm.bb7d467de57251fd9ea2aeab.anchor	-12367	-245091	-8160	-12351	-245091	-8160	VALID	STATIC_XML_CLEAR	1	SCRIPT_CONDITIONAL	NATIVE_CONDITION_UNMODELED	component.8cc66fc483e1de46aa83df99
SSQ_CATACOMBS_NECROPOLIS	bb9940c1a587258ea647b64a91d3e2f6bdaa8cb7c4e868cf42a787cba803ebdb	CatacombOfTheApostate	data/spawns/Catacombs/CatacombOfTheApostate.xml	ssq11_2220_ssq09	territory:-8199:-8049:-17187,-249684|-15351,-249679|-15346,-249001|-17199,-249019	z:-8199:-8049	generated.farm.bb9940c1a587258ea647b64a.anchor	-16271	-249346	-8160	-16255	-249346	-8160	VALID	STATIC_XML_CLEAR	1	SCRIPT_CONDITIONAL	NATIVE_CONDITION_UNMODELED	component.034a5b9796857e6f481e60f0
SSQ_CATACOMBS_NECROPOLIS	bbbecb5b9657054418d4b6732ebdb3fe8117124189e9dd02dd108e91ae5a8d98	CatacombOfTheApostate	data/spawns/Catacombs/CatacombOfTheApostate.xml	ssq11_2220_ssq19	territory:-8197:-8047:-16568,-242040|-15217,-242039|-15211,-241418|-16577,-241421	z:-8197:-8047	generated.farm.bbbecb5b9657054418d4b673.anchor	-15893	-241730	-8160	-15877	-241730	-8160	VALID	STATIC_XML_CLEAR	1	SCRIPT_CONDITIONAL	NATIVE_CONDITION_UNMODELED	component.194e37a0cd5f379b003b8008
SSQ_CATACOMBS_NECROPOLIS	bc7e9784940b3766aa645824acb6989f785a3fcbb0abd8b062e87dc1e65f5c22	CatacombOfTheApostate	data/spawns/Catacombs/CatacombOfTheApostate.xml	ssq11_2220_ssq05	territory:-8198:-8048:-19256,-248881|-18596,-248883|-18597,-248273|-19252,-248276	z:-8198:-8048	generated.farm.bc7e9784940b3766aa645824.anchor	-18925	-248578	-8160	-18909	-248578	-8160	VALID	STATIC_XML_CLEAR	1	SCRIPT_CONDITIONAL	NATIVE_CONDITION_UNMODELED	component.034a5b9796857e6f481e60f0
SSQ_CATACOMBS_NECROPOLIS	bd24d593d8c239a09d3769216f8bd048f4289c98853b80b60b66aea7a82fcc88	CatacombOfDarkOmens	data/spawns/Catacombs/CatacombOfDarkOmens.xml	ssq03_1918_ssq25	territory:-4936:-4736:-13608,20296|-11712,20324|-11728,20984|-13592,20964	z:-4936:-4736	generated.farm.bd24d593d8c239a09d376921.anchor	-12660	20642	-4896	-12644	20642	-4896	VALID	STATIC_XML_CLEAR	1	SCRIPT_CONDITIONAL	NATIVE_CONDITION_UNMODELED	component.7ff0aa2ef025df3eed1760f6
DEVILS_ISLE	bea70c8b55217f2d3a4c2703670943170cdbe33f28e803cc412a669c5f252768	DevilsIsle	data/spawns/Giran/DevilsIsle.xml	giran08_2124_019	territory:-4040:-3840:50122,206397|51336,206122|51611,206511|51582,206907|50342,207082|50067,206566	z:-4040:-3840	generated.farm.bea70c8b55217f2d3a4c2703.anchor	50843	206598	-4000	50859	206598	-4000	VALID	STATIC_XML_CLEAR	1	NORMAL	REACHABLE_ORDINARY	component.7dad6e3e96728c2a7ff7af09
SSQ_CATACOMBS_NECROPOLIS	bf33a0f3f7dfb98e1063f7dda9f921ce70ee8dfbb39d0332639986da20bd70ab	CatacombOfTheBranded	data/spawns/Catacombs/CatacombOfTheBranded.xml	ssq05_2123_ssq37	territory:-5011:-4861:51969,169983|52574,169980|52571,170622|51965,170622	z:-5011:-4861	generated.farm.bf33a0f3f7dfb98e1063f7dd.anchor	52270	170302	-4976	52286	170302	-4976	VALID	STATIC_XML_CLEAR	1	SCRIPT_CONDITIONAL	NATIVE_CONDITION_UNMODELED	component.423662c72ad86bfe886c3b61
SSQ_CATACOMBS_NECROPOLIS	bfbb33cd9684101a5aec5771dbf1077b8b410f21cdeb9da0904c6b9eb6de6894	CatacombOfTheForbiddenPath	data/spawns/Catacombs/CatacombOfTheForbiddenPath.xml	ssq12_2320_ssq11	territory:-9616:-9416:18289,-247179|18989,-247178|19007,-245784|18289,-245787	z:-9616:-9416	generated.farm.bfbb33cd9684101a5aec5771.anchor	18644	-246482	-9576	18660	-246482	-9576	VALID	STATIC_XML_CLEAR	1	SCRIPT_CONDITIONAL	NATIVE_CONDITION_UNMODELED	component.137ee57453c450cb1450f091
TOWER_OF_INSOLENCE	c009026cbd1e5bf534699dd0f5900a4c8a004c5387249784fba64fb4f3cb8f73	TowerOfInsolence	data/spawns/Aden/TowerOfInsolence.xml	aden29_2318_02	territory:6965:7165:114453,17147|115096,17795|114505,18378|113553,18097	z:6965:7165	generated.farm.c009026cbd1e5bf534699dd0.anchor	114402	17854	6992	114418	17854	6992	VALID	STATIC_XML_CLEAR	1	NORMAL	GEODATA_INTERNAL_BLOCKED	component.4879280a7cad4a073fbf1aca
SSQ_CATACOMBS_NECROPOLIS	c0176c6e1ad4fab485880e66134ebcebe64d16b89a1bbc3a22c58fe5f3c95ca1	NecropolisOfWorship	data/spawns/Catacombs/NecropolisOfWorship.xml	ssq09_2323_ssq17	territory:-5472:-5272:121596,175493|122223,175493|122223,176987|121596,176987	z:-5472:-5272	generated.farm.c0176c6e1ad4fab485880e66.anchor	121910	176240	-5432	121926	176240	-5432	VALID	STATIC_XML_CLEAR	1	SCRIPT_CONDITIONAL	NATIVE_CONDITION_UNMODELED	component.b57dbd6b545f82c91f9e3a34
TOWER_OF_INSOLENCE	c021ca40e4797a812d4cd7230e3d8a478bdbe34dfa78c2c027ec0c09785940c9	TowerOfInsolence	data/spawns/Aden/TowerOfInsolence.xml	aden41_2318_p03	territory:4940:5140:114640,16340|115820,17528|114932,17908|114272,17952|113484,17588	z:4940:5140	generated.farm.c021ca40e4797a812d4cd723.anchor	114630	17463	4976	114646	17463	4976	VALID	STATIC_XML_CLEAR	1	NORMAL	GEODATA_INTERNAL_BLOCKED	component.a8d7176ce477e121053ae874
SSQ_CATACOMBS_NECROPOLIS	c0292cae2c0ad407aa2ac552bb91dcc5813bf2c7c9453b01a9ba568baf4e7172	CatacombOfTheWitch	data/spawns/Catacombs/CatacombOfTheWitch.xml	ssq13_2420_ssq13	territory:-5464:-5264:146125,80319|147596,80319|147596,80956|146125,80956	z:-5464:-5264	generated.farm.c0292cae2c0ad407aa2ac552.anchor	146860	80638	-5424	146876	80638	-5424	VALID	STATIC_XML_CLEAR	1	SCRIPT_CONDITIONAL	NATIVE_CONDITION_UNMODELED	component.acae4dfbcc94433b54ab8989
SSQ_CATACOMBS_NECROPOLIS	c0f09858c2d456c296d6eb1e924e42996b11b63ecfcc6e8d6f5511bd5efc8fdd	NecropolisOfDevotion	data/spawns/Catacombs/NecropolisOfDevotion.xml	ssq02_1820_ssq10	territory:-4771:-4621:-47622,83409|-46998,83409|-46996,84008|-47622,84007	z:-4771:-4621	generated.farm.c0f09858c2d456c296d6eb1e.anchor	-47310	83708	-4736	-47294	83708	-4736	VALID	STATIC_XML_CLEAR	1	SCRIPT_CONDITIONAL	NATIVE_CONDITION_UNMODELED	component.4f51ad139140e844e92eec35
SSQ_CATACOMBS_NECROPOLIS	c15efcd00acaa34cfd34d184c09d1d4a9b1e9999ec1bb3da1a51a0f9df7548c3	CatacombOfTheHeretic	data/spawns/Catacombs/CatacombOfTheHeretic.xml	ssq06_2122_ssq08	territory:-7943:-7793:-52883,-247575|-51561,-247575|-51557,-246946|-52882,-246928	z:-7943:-7793	generated.farm.c15efcd00acaa34cfd34d184.anchor	-52221	-247256	-7904	-52205	-247256	-7904	VALID	STATIC_XML_CLEAR	1	SCRIPT_CONDITIONAL	NATIVE_CONDITION_UNMODELED	component.ac3253d25593857c65682608
DEVILS_ISLE	c21df20b630eacb47dd381e413b1bc189cfa722f42388c2f5ed89f6c95b1ac4a	DevilsIsle	data/spawns/Giran/DevilsIsle.xml	giran08_2124_032	territory:-3772:-3572:42983,212134|43466,212134|43643,212286|43573,213029|43296,213165|43036,213047|42918,212823	z:-3772:-3572	generated.farm.c21df20b630eacb47dd381e4.anchor	43274	212660	-3712	43290	212660	-3712	VALID	STATIC_XML_CLEAR	1	NORMAL	REACHABLE_ORDINARY	component.7dad6e3e96728c2a7ff7af09
SSQ_CATACOMBS_NECROPOLIS	c235761895f13ad2d37b21d717804d357b7e76b552c0b86f89a1eccef7168dd0	CatacombOfDarkOmens	data/spawns/Catacombs/CatacombOfDarkOmens.xml	ssq03_1918_ssq06	territory:-4940:-4740:-19400,17820|-18768,17816|-18784,18408|-19388,18420	z:-4940:-4740	generated.farm.c235761895f13ad2d37b21d7.anchor	-19085	18116	-4896	-19069	18116	-4896	VALID	STATIC_XML_CLEAR	1	SCRIPT_CONDITIONAL	NATIVE_CONDITION_UNMODELED	component.7ff0aa2ef025df3eed1760f6
SSQ_CATACOMBS_NECROPOLIS	c24ab94db26083d4b72336580a98d7934abb69b5c0b876f0a8d5db7dd5882338	CatacombOfTheWitch	data/spawns/Catacombs/CatacombOfTheWitch.xml	ssq13_2420_ssq23	territory:-5464:-5264:140432,86478|141903,86478|141903,87115|140432,87115	z:-5464:-5264	generated.farm.c24ab94db26083d4b7233658.anchor	141168	86796	-5424	141184	86796	-5424	VALID	STATIC_XML_CLEAR	1	SCRIPT_CONDITIONAL	NATIVE_CONDITION_UNMODELED	component.acae4dfbcc94433b54ab8989
SSQ_CATACOMBS_NECROPOLIS	c304386c5ee2897b53315a2758781a8f936b44a0e678c93b2b3007fe79b5d79d	NecropolisOfThePatriots	data/spawns/Catacombs/NecropolisOfThePatriots.xml	ssq03_1920_ssq12	territory:-5207:-5057:-16007,81688|-15386,81691|-15387,82284|-16008,82285	z:-5207:-5057	generated.farm.c304386c5ee2897b53315a27.anchor	-15697	81987	-5168	-15681	81987	-5168	VALID	STATIC_XML_CLEAR	1	SCRIPT_CONDITIONAL	NATIVE_CONDITION_UNMODELED	component.888b1c386bb56285d9aedda1
IMPERIAL_TOMB	c33b905ac0194e9ae4520c619769ebd88f586f33f3edd4d933fee3307869e5a1	ImperialTomb	data/spawns/Goddard/ImperialTomb.xml	godard14_2515_21	territory:-6641:-6341:180806,-84051|181277,-84137|181323,-82707|180852,-82704	z:-6641:-6341	generated.farm.c33b905ac0194e9ae4520c61.anchor	181064	-83400	-6592	181080	-83400	-6592	VALID	STATIC_XML_CLEAR	1	NOBLESSE_CONDITIONAL	REACHABLE_CONDITIONAL	component.30e5cb07315a67a8381cbe8d
SSQ_CATACOMBS_NECROPOLIS	c340c2d4dccfda9aa87812c1fe6f4c0b85ee4317e6b0637f0fbb7ad0cbfd4d02	NecropolisOfWorship	data/spawns/Catacombs/NecropolisOfWorship.xml	ssq09_2323_ssq11	territory:-5472:-5272:116969,178293|117621,178293|117621,178945|116969,178945	z:-5472:-5272	generated.farm.c340c2d4dccfda9aa87812c1.anchor	117295	178619	-5432	117311	178619	-5432	VALID	STATIC_XML_CLEAR	1	SCRIPT_CONDITIONAL	NATIVE_CONDITION_UNMODELED	component.b57dbd6b545f82c91f9e3a34
IVORY_TOWER	c35993418a2d542bd25a737cae178ae5c317a2cf28dd78a67f9fff172fe6c9a5	IvoryTower	data/spawns/Oren/IvoryTower.xml	oren29_2218_27	territory:-5360:-5160:87492,18724|88196,21964|85752,22296|81996,22184|85816,19128	z:-5360:-5160	generated.farm.c35993418a2d542bd25a737c.anchor	85850	20859	-5288	85866	20859	-5288	VALID	STATIC_XML_CLEAR	1	NORMAL	CONTENT_TELEPORT_SEMANTIC_BLOCKED	component.8fae88a9ca6151ec84e486c8
SSQ_CATACOMBS_NECROPOLIS	c52c6f1fbf76e93e3726eef1bd137f1c9d591678d4fcd96b5249bfbb0f7f5c24	NecropolisOfWorship	data/spawns/Catacombs/NecropolisOfWorship.xml	ssq09_2323_ssq06	territory:-5472:-5272:115195,177054|116646,177054|116646,177709|115195,177709	z:-5472:-5272	generated.farm.c52c6f1fbf76e93e3726eef1.anchor	115920	177382	-5432	115936	177382	-5432	VALID	STATIC_XML_CLEAR	1	SCRIPT_CONDITIONAL	NATIVE_CONDITION_UNMODELED	component.b57dbd6b545f82c91f9e3a34
SSQ_CATACOMBS_NECROPOLIS	c627437aa0dd177a96cdbf02a5c6ae657c495e0adb44ff204c9e226f3804e234	NecropolisOfDevotion	data/spawns/Catacombs/NecropolisOfDevotion.xml	ssq02_1820_ssq19	territory:-4777:-4627:-41915,83403|-41322,83401|-41312,84034|-41917,84031	z:-4777:-4627	generated.farm.c627437aa0dd177a96cdbf02.anchor	-41616	83717	-4736	-41600	83717	-4736	VALID	STATIC_XML_CLEAR	1	SCRIPT_CONDITIONAL	NATIVE_CONDITION_UNMODELED	component.4f51ad139140e844e92eec35
SSQ_CATACOMBS_NECROPOLIS	c6277e6931362db77ef6c7bdc6b56c7e48ae3a3d5560fd37476795f553885f5d	CatacombOfTheHeretic	data/spawns/Catacombs/CatacombOfTheHeretic.xml	ssq06_2122_ssq04	territory:-7943:-7793:-48550,-250571|-47916,-250566|-47919,-249976|-48547,-249979	z:-7943:-7793	generated.farm.c6277e6931362db77ef6c7bd.anchor	-48233	-250273	-7904	-48217	-250273	-7904	VALID	STATIC_XML_CLEAR	1	SCRIPT_CONDITIONAL	NATIVE_CONDITION_UNMODELED	component.ac3253d25593857c65682608
SSQ_CATACOMBS_NECROPOLIS	c6352748a351e6acedffbc6d63b474d4076e62d061645b44084ea7de13c22f34	CatacombOfTheApostate	data/spawns/Catacombs/CatacombOfTheApostate.xml	ssq11_2220_ssq26	territory:-8201:-8051:-12316,-244126|-11648,-244123|-11651,-242297|-12314,-242293	z:-8201:-8051	generated.farm.c6352748a351e6acedffbc6d.anchor	-11982	-243210	-8160	-11966	-243210	-8160	VALID	STATIC_XML_CLEAR	1	SCRIPT_CONDITIONAL	NATIVE_CONDITION_UNMODELED	component.8cc66fc483e1de46aa83df99
TOWER_OF_INSOLENCE	c73ba8b86e19409817d24d33029c7bc1d5bc0bd8e8eb63881652f193dfeb05f6	TowerOfInsolence	data/spawns/Aden/TowerOfInsolence.xml	aden35_2318_04	territory:-2160:-1960:115991,16420|116975,16560|116639,17348|116019,18019|115168,18367|115056,17415	z:-2160:-1960	generated.farm.c73ba8b86e19409817d24d33.anchor	115975	17355	-2120	115991	17355	-2120	VALID	STATIC_XML_CLEAR	1	NOBLESSE_CONDITIONAL	REACHABLE_CONDITIONAL	component.96415efbcc108b6a74b823ec
SSQ_CATACOMBS_NECROPOLIS	c7a2a11f3df138ec526812d9d51fb0973553010fc91eefe387e3571e7527e9cf	NecropolisOfTheSaints	data/spawns/Catacombs/NecropolisOfTheSaints.xml	ssq08_2224_ssq23	territory:-5476:-5276:91048,217928|91648,217928|91644,218572|91056,218568	z:-5476:-5276	generated.farm.c7a2a11f3df138ec526812d9.anchor	91349	218249	-5432	91365	218249	-5432	VALID	STATIC_XML_CLEAR	1	SCRIPT_CONDITIONAL	NATIVE_CONDITION_UNMODELED	component.25ffd0d249e9435bb5e4c376
SSQ_CATACOMBS_NECROPOLIS	c7f22f88c6dcf287c654bcd8034efc5215a3ea97cee820bee17c17f934230d24	CatacombOfDarkOmens	data/spawns/Catacombs/CatacombOfDarkOmens.xml	ssq03_1918_ssq26	territory:-4936:-4736:-13696,18872|-13108,18876|-13100,19520|-13692,19528	z:-4936:-4736	generated.farm.c7f22f88c6dcf287c654bcd8.anchor	-13399	19199	-4896	-13383	19199	-4896	VALID	STATIC_XML_CLEAR	1	SCRIPT_CONDITIONAL	NATIVE_CONDITION_UNMODELED	component.7ff0aa2ef025df3eed1760f6
SSQ_CATACOMBS_NECROPOLIS	c852c90e3d3b96543796121037623d8378bb443e58c7647b1cadfd394f483e7d	CatacombOfTheForbiddenPath	data/spawns/Catacombs/CatacombOfTheForbiddenPath.xml	ssq12_2320_ssq12	territory:-9612:-9412:18341,-244205|18937,-244189|18937,-243557|18345,-243545	z:-9612:-9412	generated.farm.c852c90e3d3b965437961210.anchor	18640	-243874	-9576	18656	-243874	-9576	VALID	STATIC_XML_CLEAR	1	SCRIPT_CONDITIONAL	NATIVE_CONDITION_UNMODELED	component.137ee57453c450cb1450f091
SSQ_CATACOMBS_NECROPOLIS	c87a68ce2f8a5cc3c464778cd80a08821a1c4045deacbd817f82e9dd27be6130	NecropolisOfThePatriots	data/spawns/Catacombs/NecropolisOfThePatriots.xml	ssq03_1920_ssq23	territory:-5203:-5053:-21693,82764|-21093,82763|-21089,83387|-21688,83387	z:-5203:-5053	generated.farm.c87a68ce2f8a5cc3c464778c.anchor	-21391	83075	-5168	-21375	83075	-5168	VALID	STATIC_XML_CLEAR	1	SCRIPT_CONDITIONAL	NATIVE_CONDITION_UNMODELED	component.888b1c386bb56285d9aedda1
IVORY_TOWER	c8e4a4105a1261682a119f1031aa650838e08c09b0e70fb3d51b049cb8b931c0	IvoryTower	data/spawns/Oren/IvoryTower.xml	oren30_2218_18	territory:-3156:-2656:78688,3120|84184,2100|84432,6744|81416,5976	z:-3156:-2656	generated.farm.c8e4a4105a1261682a119f10.anchor	82180	4485	-2912	82196	4485	-2912	VALID	STATIC_XML_CLEAR	1	NORMAL	CONTENT_TELEPORT_SEMANTIC_BLOCKED	component.50ed1d337907b77c09e2b3ba
SSQ_CATACOMBS_NECROPOLIS	c9066716f29906e1c526d9aec7352f96bff02562df2ed21c326c64edf16fabb7	NecropolisOfSacrifice	data/spawns/Catacombs/NecropolisOfSacrifice.xml	ssq01_1824_ssq38	territory:-5118:-4968:-50907,211899|-49050,211884|-49060,212536|-50908,212530	z:-5118:-4968	generated.farm.c9066716f29906e1c526d9ae.anchor	-49981	212212	-5080	-49965	212212	-5080	VALID	STATIC_XML_CLEAR	1	SCRIPT_CONDITIONAL	NATIVE_CONDITION_UNMODELED	component.ce7bae4e503482cb2b998003
SSQ_CATACOMBS_NECROPOLIS	c9433d255a21c6984058f34c9f1d28a15a37ebc064fed6a3f1938a241f0e06ac	NecropolisOfTheSaints	data/spawns/Catacombs/NecropolisOfTheSaints.xml	ssq08_2224_ssq07	territory:-5472:-5272:87708,210780|88392,210776|88376,212140|87728,212112	z:-5472:-5272	generated.farm.c9433d255a21c6984058f34c.anchor	88051	211452	-5432	88067	211452	-5432	VALID	STATIC_XML_CLEAR	1	SCRIPT_CONDITIONAL	NATIVE_CONDITION_UNMODELED	component.25ffd0d249e9435bb5e4c376
TOWER_OF_INSOLENCE	c98d04e9094cb21800b191e5a5443e4798b5b00fb6c82b831a037fc5579b364d	TowerOfInsolence	data/spawns/Aden/TowerOfInsolence.xml	aden28_2318_09	territory:5956:6156:115871,17721|116315,17252|116990,17677|116265,18409	z:5956:6156	generated.farm.c98d04e9094cb21800b191e5.anchor	116360	17765	5984	116376	17765	5984	VALID	STATIC_XML_CLEAR	1	NOBLESSE_CONDITIONAL	REACHABLE_CONDITIONAL	component.94d63f443e7d478ef61f2020
IVORY_TOWER	c9e3afcc6dac028a689820ed2de1d0f154d6006a9a192a509fb629479c255a4a	IvoryTower	data/spawns/Oren/IvoryTower.xml	oren01_qm2218_02	territory:-5396:-5096:88572,15016|91048,15508|89376,20648|86664,22120|86512,20164	z:-5396:-5096	generated.farm.c9e3afcc6dac028a689820ed.anchor	88434	18691	-5288	88450	18691	-5288	VALID	STATIC_XML_CLEAR	1	NORMAL	CONTENT_TELEPORT_SEMANTIC_BLOCKED	component.8fae88a9ca6151ec84e486c8
SSQ_CATACOMBS_NECROPOLIS	ca1cdf8cdacb1fc45b6a296a52d7034e9d8f71215023a1af2ac990b206b670a3	CatacombOfTheHeretic	data/spawns/Catacombs/CatacombOfTheHeretic.xml	ssq06_2122_ssq17	territory:-7939:-7789:-49285,-241676|-47980,-241686|-47980,-241055|-49293,-241049	z:-7939:-7789	generated.farm.ca1cdf8cdacb1fc45b6a296a.anchor	-48634	-241366	-7904	-48618	-241366	-7904	VALID	STATIC_XML_CLEAR	1	SCRIPT_CONDITIONAL	NATIVE_CONDITION_UNMODELED	component.ac3253d25593857c65682608
SSQ_CATACOMBS_NECROPOLIS	ca6fbb1618f66c6e00ac7032bcc7d83ea25c37f79dc134b0eb4c35174f0eb8ec	NecropolisOfThePilgrims	data/spawns/Catacombs/NecropolisOfThePilgrims.xml	ssq07_2121_ssq08	territory:-5424:-5274:49543,123242|50173,123240|50172,123837|49534,123835	z:-5424:-5274	generated.farm.ca6fbb1618f66c6e00ac7032.anchor	49856	123538	-5408	49872	123538	-5408	VALID	STATIC_XML_CLEAR	1	SCRIPT_CONDITIONAL	NATIVE_CONDITION_UNMODELED	component.cbddc918f33160dda52bb64d
SSQ_CATACOMBS_NECROPOLIS	cad87c7b023189e5a671f14ef5245239667cd7986633f9e217496097bc34d2c8	NecropolisOfThePatriots	data/spawns/Catacombs/NecropolisOfThePatriots.xml	ssq03_1920_ssq28	territory:-5213:-5063:-18561,86078|-17883,86079|-17896,87874|-18550,87876	z:-5213:-5063	generated.farm.cad87c7b023189e5a671f14e.anchor	-18222	86977	-5168	-18206	86977	-5168	VALID	STATIC_XML_CLEAR	1	SCRIPT_CONDITIONAL	NATIVE_CONDITION_UNMODELED	component.888b1c386bb56285d9aedda1
SSQ_CATACOMBS_NECROPOLIS	cb7f6969284cedd1cdd951acd120eb0a9ee23642d533dfa93c117b3c25658742	NecropolisOfTheDisciples	data/spawns/Catacombs/NecropolisOfTheDisciples.xml	ssq14_2517_ssq24	territory:-4932:-4732:173752,-8398|174404,-8398|174404,-6932|173752,-6932	z:-4932:-4732	generated.farm.cb7f6969284cedd1cdd951ac.anchor	174078	-7665	-4896	174094	-7665	-4896	VALID	STATIC_XML_CLEAR	1	SCRIPT_CONDITIONAL	NATIVE_CONDITION_UNMODELED	component.a0f27b0f5d7a1a00f782ed4b
SSQ_CATACOMBS_NECROPOLIS	cb9d6ccd933ddc43ae94eaec5a26b379ec37c39091a966e1e0ef67554724fbd7	CatacombOfTheApostate	data/spawns/Catacombs/CatacombOfTheApostate.xml	ssq11_2220_ssq38	territory:-8203:-8053:-12675,-247469|-12054,-247468|-12061,-246104|-12678,-246105	z:-8203:-8053	generated.farm.cb9d6ccd933ddc43ae94eaec.anchor	-12367	-246786	-8160	-12351	-246786	-8160	VALID	STATIC_XML_CLEAR	1	SCRIPT_CONDITIONAL	NATIVE_CONDITION_UNMODELED	component.bfd024dcd7492db175e85241
DEVILS_ISLE	cc17488fb251d241e69c50facae343b9b18fc74439ad08edd30bd0d5e83f6d11	DevilsIsle	data/spawns/Giran/DevilsIsle.xml	giran08_2124_061	territory:-3620:-3420:48914,215051|49206,215066|50235,215681|50495,216417|49751,216839|49030,216486|48646,215826	z:-3620:-3420	generated.farm.cc17488fb251d241e69c50fa.anchor	49468	215909	-3584	49484	215909	-3584	VALID	STATIC_XML_CLEAR	1	NORMAL	GEODATA_INTERNAL_BLOCKED	component.b1474d324cb4546b583f5011
SSQ_CATACOMBS_NECROPOLIS	cc445996fb6dfcda078c1cdc9601a9b6dc57fec0a43f62f49d5e4491cc8bae90	NecropolisOfDevotion	data/spawns/Catacombs/NecropolisOfDevotion.xml	ssq02_1820_ssq26	territory:-4777:-4627:-46381,85923|-44591,85934|-44598,86572|-46376,86566	z:-4777:-4627	generated.farm.cc445996fb6dfcda078c1cdc.anchor	-45486	86249	-4736	-45470	86249	-4736	VALID	STATIC_XML_CLEAR	1	SCRIPT_CONDITIONAL	NATIVE_CONDITION_UNMODELED	component.4f51ad139140e844e92eec35
SSQ_CATACOMBS_NECROPOLIS	cc83473fdeb209c66182b291efa580ddabb2fb986e5c0bcecd6438f2e2df032b	NecropolisOfDevotion	data/spawns/Catacombs/NecropolisOfDevotion.xml	ssq02_1820_ssq28	territory:-4789:-4639:-43187,84427|-42526,84439|-42536,85753|-43190,85752	z:-4789:-4639	generated.farm.cc83473fdeb209c66182b291.anchor	-42860	85093	-4736	-42844	85093	-4736	VALID	STATIC_XML_CLEAR	1	SCRIPT_CONDITIONAL	NATIVE_CONDITION_UNMODELED	component.4f51ad139140e844e92eec35
SSQ_CATACOMBS_NECROPOLIS	ccaa508332213007e3784b5b51e695c0a1009aa2a8b799d1e134b604ae38529b	CatacombOfDarkOmens	data/spawns/Catacombs/CatacombOfDarkOmens.xml	ssq03_1918_ssq01	territory:-4940:-4740:-17420,13468|-16052,13500|-16068,14164|-17392,14156	z:-4940:-4740	generated.farm.ccaa508332213007e3784b5b.anchor	-16733	13822	-4896	-16717	13822	-4896	VALID	STATIC_XML_CLEAR	1	SCRIPT_CONDITIONAL	NATIVE_CONDITION_UNMODELED	component.7ff0aa2ef025df3eed1760f6
TOWER_OF_INSOLENCE	ccf6294d235e42a22c702a855d36274bd356b4e50e56221c02942ea0c0d2ce42	TowerOfInsolence	data/spawns/Aden/TowerOfInsolence.xml	aden37_2318_02	territory:888:1088:114440,15116|114888,15112|114900,17876|114432,17872	z:888:1088	generated.farm.ccf6294d235e42a22c702a85.anchor	114665	16494	928	114681	16494	928	VALID	STATIC_XML_CLEAR	1	NOBLESSE_CONDITIONAL	REACHABLE_CONDITIONAL	component.466c51ee761838d01643a1cf
SSQ_CATACOMBS_NECROPOLIS	cd4cf7817a3c5e111d539b9858099c8716c7fb199d73e2b94f4329985a405e3f	CatacombOfTheWitch	data/spawns/Catacombs/CatacombOfTheWitch.xml	ssq13_2420_ssq07	territory:-5464:-5264:140482,83959|141095,83959|141095,84596|140482,84596	z:-5464:-5264	generated.farm.cd4cf7817a3c5e111d539b98.anchor	140788	84278	-5424	140804	84278	-5424	VALID	STATIC_XML_CLEAR	1	SCRIPT_CONDITIONAL	NATIVE_CONDITION_UNMODELED	component.acae4dfbcc94433b54ab8989
SSQ_CATACOMBS_NECROPOLIS	cd8ac97a02164976d3c5bf313842a3814677de8a9815c8f233c0e696bc338f9b	CatacombOfTheApostate	data/spawns/Catacombs/CatacombOfTheApostate.xml	ssq11_2220_ssq02	territory:-8198:-8048:-20521,-249727|-19891,-249726|-19894,-248378|-20521,-248376	z:-8198:-8048	generated.farm.cd8ac97a02164976d3c5bf31.anchor	-20207	-249052	-8160	-20191	-249052	-8160	VALID	STATIC_XML_CLEAR	1	SCRIPT_CONDITIONAL	NATIVE_CONDITION_UNMODELED	component.034a5b9796857e6f481e60f0
SSQ_CATACOMBS_NECROPOLIS	cda59e43da99c778f3fe73649e871f921ce1ea9ba567f6f6d81c052990d1396d	CatacombOfTheBranded	data/spawns/Catacombs/CatacombOfTheBranded.xml	ssq05_2123_ssq04	territory:-5012:-4862:50554,172009|51176,171998|51177,173345|50553,173340	z:-5012:-4862	generated.farm.cda59e43da99c778f3fe7364.anchor	50865	172673	-4976	50881	172673	-4976	VALID	STATIC_XML_CLEAR	1	SCRIPT_CONDITIONAL	NATIVE_CONDITION_UNMODELED	component.423662c72ad86bfe886c3b61
SSQ_CATACOMBS_NECROPOLIS	cdca5a39d03a31b8abcb2ca0d31b43d8f0f3269f15f600f4d166bb0854eb0460	NecropolisOfSacrifice	data/spawns/Catacombs/NecropolisOfSacrifice.xml	ssq01_1824_ssq14	territory:-5123:-4973:-41895,215524|-41251,215529|-41248,216125|-41897,216128	z:-5123:-4973	generated.farm.cdca5a39d03a31b8abcb2ca0.anchor	-41573	215826	-5080	-41557	215826	-5080	VALID	STATIC_XML_CLEAR	1	SCRIPT_CONDITIONAL	NATIVE_CONDITION_UNMODELED	component.ce7bae4e503482cb2b998003
SSQ_CATACOMBS_NECROPOLIS	ceb4c7486cd52e5389b6236e6cbe0f3d4f41607c8e9f9238fcf57cff156d10f5	NecropolisOfDevotion	data/spawns/Catacombs/NecropolisOfDevotion.xml	ssq02_1820_ssq27	territory:-4776:-4626:-46516,84475|-45928,84477|-45928,85124|-46523,85124	z:-4776:-4626	generated.farm.ceb4c7486cd52e5389b6236e.anchor	-46224	84800	-4736	-46208	84800	-4736	VALID	STATIC_XML_CLEAR	1	SCRIPT_CONDITIONAL	NATIVE_CONDITION_UNMODELED	component.4f51ad139140e844e92eec35
TOWER_OF_INSOLENCE	ceec90fbef6e18a424096cdf560b7e877c1c69f1b4dc59f24f17ce013a492489	TowerOfInsolence	data/spawns/Aden/TowerOfInsolence.xml	aden36_2318_05	territory:-676:-476:114972,17220|115240,17088|116504,17604|115272,18452	z:-676:-476	generated.farm.ceec90fbef6e18a424096cdf.anchor	115497	17591	-640	115513	17591	-640	VALID	STATIC_XML_CLEAR	1	NORMAL	GEODATA_INTERNAL_BLOCKED	component.e9d26713aa8e26fbb5ba32d9
SSQ_CATACOMBS_NECROPOLIS	cfa17f17b8754d3001e801becfde5e22cf74430435940e650b7f849516e8707a	CatacombOfTheBranded	data/spawns/Catacombs/CatacombOfTheBranded.xml	ssq05_2123_ssq27	territory:-5014:-4864:52018,178835|53855,178838|53854,179502|52015,179499	z:-5014:-4864	generated.farm.cfa17f17b8754d3001e801be.anchor	52936	179168	-4976	52952	179168	-4976	VALID	STATIC_XML_CLEAR	1	SCRIPT_CONDITIONAL	NATIVE_CONDITION_UNMODELED	component.423662c72ad86bfe886c3b61
SSQ_CATACOMBS_NECROPOLIS	cfc0892ab01a37c847c100bc5dc5592762925c48aec6476166069b227310e975	NecropolisOfSacrifice	data/spawns/Catacombs/NecropolisOfSacrifice.xml	ssq01_1824_ssq09	territory:-5118:-4968:-46494,214431|-45856,214431|-45849,215037|-46494,215031	z:-5118:-4968	generated.farm.cfc0892ab01a37c847c100bc.anchor	-46173	214732	-5080	-46157	214732	-5080	VALID	STATIC_XML_CLEAR	1	SCRIPT_CONDITIONAL	NATIVE_CONDITION_UNMODELED	component.ce7bae4e503482cb2b998003
SSQ_CATACOMBS_NECROPOLIS	cfd6914dfd15a4669ea5f0635d4bf10fa661a093b34ebd2584972721383d1a43	CatacombOfTheApostate	data/spawns/Catacombs/CatacombOfTheApostate.xml	ssq11_2220_ssq15	territory:-8201:-8051:-20528,-245385|-19876,-245386|-19878,-244782|-20525,-244783	z:-8201:-8051	generated.farm.cfd6914dfd15a4669ea5f063.anchor	-20202	-245084	-8160	-20186	-245084	-8160	VALID	STATIC_XML_CLEAR	1	SCRIPT_CONDITIONAL	NATIVE_CONDITION_UNMODELED	component.034a5b9796857e6f481e60f0
SSQ_CATACOMBS_NECROPOLIS	d0343040bae3880bc51970774797fdc13be5b5e77c6c02eb41c6788438b5ce55	NecropolisOfDevotion	data/spawns/Catacombs/NecropolisOfDevotion.xml	ssq02_1820_ssq04	territory:-4783:-4633:-50203,83372|-48882,83395|-48887,84048|-50214,84030	z:-4783:-4633	generated.farm.d0343040bae3880bc5197077.anchor	-49546	83711	-4736	-49530	83711	-4736	VALID	STATIC_XML_CLEAR	1	SCRIPT_CONDITIONAL	NATIVE_CONDITION_UNMODELED	component.4f51ad139140e844e92eec35
SSQ_CATACOMBS_NECROPOLIS	d0628157dfbf27b37518ac4e9be0eff8402eba03f6606027a8d265a27c77bc9b	CatacombOfTheBranded	data/spawns/Catacombs/CatacombOfTheBranded.xml	ssq05_2123_ssq06	territory:-5014:-4864:48674,171271|49265,171277|49264,171897|48675,171906	z:-5014:-4864	generated.farm.d0628157dfbf27b37518ac4e.anchor	48970	171588	-4976	48986	171588	-4976	VALID	STATIC_XML_CLEAR	1	SCRIPT_CONDITIONAL	NATIVE_CONDITION_UNMODELED	component.423662c72ad86bfe886c3b61
IMPERIAL_TOMB	d0acb54fb45f64c750753b3fcfd7ec07489674aec3197c13bb9676815d6386f4	ImperialTomb	data/spawns/Goddard/ImperialTomb.xml	godard14_2515_10	territory:-4072:-3772:177583,-81446|178337,-81443|178350,-80638|177570,-80645	z:-4072:-3772	generated.farm.d0acb54fb45f64c750753b3f.anchor	177960	-81043	-4024	177976	-81043	-4024	VALID	STATIC_XML_CLEAR	1	NOBLESSE_CONDITIONAL	REACHABLE_CONDITIONAL	component.30e5cb07315a67a8381cbe8d
TOWER_OF_INSOLENCE	d0b63b05f9bc023f251bd17ad80fdca0503c795cdb6e0d0aa828a65d911ca60a	TowerOfInsolence	data/spawns/Aden/TowerOfInsolence.xml	aden36_2318_12	territory:-676:-476:114312,16372|114888,16368|115040,16736|114012,16508	z:-676:-476	generated.farm.d0b63b05f9bc023f251bd17a.anchor	114563	16496	-640	114579	16496	-640	VALID	STATIC_XML_CLEAR	1	NORMAL	GEODATA_INTERNAL_BLOCKED	component.e3a795c7ee3945430982959b
TOWER_OF_INSOLENCE	d0f8724d210c1d8272a60fd370b61321c8c117d355c07f45d9d13a058456d7c5	TowerOfInsolence	data/spawns/Aden/TowerOfInsolence.xml	aden28_2318_11	territory:5956:6156:113542,17815|114192,18096|114023,18859|113110,18465	z:5956:6156	generated.farm.d0f8724d210c1d8272a60fd3.anchor	113717	18309	5984	113733	18309	5984	VALID	STATIC_XML_CLEAR	1	NOBLESSE_CONDITIONAL	REACHABLE_CONDITIONAL	component.94d63f443e7d478ef61f2020
DEVILS_ISLE	d11d2a30ca183a08744a7a92dbf9f5113b10bfba8206f58f4942b991153ad936	DevilsIsle	data/spawns/Giran/DevilsIsle.xml	giran08_2124_018	territory:-3780:-3580:49427,209611|50885,209630|50885,211183|49135,211181	z:-3780:-3580	generated.farm.d11d2a30ca183a08744a7a92.anchor	50083	210401	-3728	50099	210401	-3728	VALID	STATIC_XML_CLEAR	1	NORMAL	REACHABLE_ORDINARY	component.7dad6e3e96728c2a7ff7af09
SSQ_CATACOMBS_NECROPOLIS	d13dd7471980b9a8221b3eeb056ea93f660097260879f39bca610307789ab473	NecropolisOfTheSaints	data/spawns/Catacombs/NecropolisOfTheSaints.xml	ssq08_2224_ssq20	territory:-5472:-5272:92152,217908|94032,217936|94028,218560|92140,218560	z:-5472:-5272	generated.farm.d13dd7471980b9a8221b3eeb.anchor	93088	218241	-5432	93104	218241	-5432	VALID	STATIC_XML_CLEAR	1	SCRIPT_CONDITIONAL	NATIVE_CONDITION_UNMODELED	component.25ffd0d249e9435bb5e4c376
SSQ_CATACOMBS_NECROPOLIS	d23410a80df3f79b504497bbc648d0b97bb3976ce9b395a8107d00beeceb8bc0	CatacombOfTheHeretic	data/spawns/Catacombs/CatacombOfTheHeretic.xml	ssq06_2122_ssq12	territory:-7946:-7796:-53165,-240271|-52537,-240269|-52543,-239667|-53159,-239672	z:-7946:-7796	generated.farm.d23410a80df3f79b504497bb.anchor	-52851	-239970	-7904	-52835	-239970	-7904	VALID	STATIC_XML_CLEAR	1	SCRIPT_CONDITIONAL	NATIVE_CONDITION_UNMODELED	component.ac3253d25593857c65682608
TOWER_OF_INSOLENCE	d2bc674eb203ec3e045d2948a4f93b064fce2b434317deec15762a805228ed7c	TowerOfInsolence	data/spawns/Aden/TowerOfInsolence.xml	aden41_2318_p01	territory:4940:5140:113200,14904|114336,16040|113140,17208|112844,16440|112844,15724	z:4940:5140	generated.farm.d2bc674eb203ec3e045d2948.anchor	113273	16063	4976	113289	16063	4976	VALID	STATIC_XML_CLEAR	1	NORMAL	GEODATA_INTERNAL_BLOCKED	component.a8d7176ce477e121053ae874
SSQ_CATACOMBS_NECROPOLIS	d2d1d69cf3ffd49a2fdde6751f5677d30043d28a3d9d69d71e214983325a68f4	NecropolisOfTheSaints	data/spawns/Catacombs/NecropolisOfTheSaints.xml	ssq08_2224_ssq03	territory:-5472:-5272:85176,211004|85860,211008|85848,212932|85160,212917	z:-5472:-5272	generated.farm.d2d1d69cf3ffd49a2fdde675.anchor	85511	211965	-5432	85527	211965	-5432	VALID	STATIC_XML_CLEAR	1	SCRIPT_CONDITIONAL	NATIVE_CONDITION_UNMODELED	component.25ffd0d249e9435bb5e4c376
IVORY_TOWER	d3061c6a2f46433e1f69cd799a08ea41f4d523d5d8dad5f9da541e22d5a991a6	IvoryTower	data/spawns/Oren/IvoryTower.xml	oren29_2218_23	territory:-5400:-5100:85980,10492|89420,11424|89652,13040|87664,14836|85692,13784	z:-5400:-5100	generated.farm.d3061c6a2f46433e1f69cd79.anchor	87682	12715	-5288	87698	12715	-5288	VALID	STATIC_XML_CLEAR	1	NORMAL	CONTENT_TELEPORT_SEMANTIC_BLOCKED	component.8fae88a9ca6151ec84e486c8
SSQ_CATACOMBS_NECROPOLIS	d3199fa6b595a10717fa474059d4ef0703adc8b3c80f247468ba4369dd67445f	NecropolisOfTheDisciples	data/spawns/Catacombs/NecropolisOfTheDisciples.xml	ssq14_2517_ssq11	territory:-4932:-4732:178983,-14113|179636,-14113|179636,-12647|178983,-12647	z:-4932:-4732	generated.farm.d3199fa6b595a10717fa4740.anchor	179310	-13380	-4896	179326	-13380	-4896	VALID	STATIC_XML_CLEAR	1	SCRIPT_CONDITIONAL	NATIVE_CONDITION_UNMODELED	component.a0f27b0f5d7a1a00f782ed4b
SSQ_CATACOMBS_NECROPOLIS	d4073cf3c220895dec6ded9ed8bd950f62a4d05d390bd3ce18d21772ef81b337	NecropolisOfSacrifice	data/spawns/Catacombs/NecropolisOfSacrifice.xml	ssq01_1824_ssq08	territory:-5120:-4970:-46234,212833|-44847,212827|-44851,213440|-46230,213458	z:-5120:-4970	generated.farm.d4073cf3c220895dec6ded9e.anchor	-45540	213140	-5080	-45524	213140	-5080	VALID	STATIC_XML_CLEAR	1	SCRIPT_CONDITIONAL	NATIVE_CONDITION_UNMODELED	component.ce7bae4e503482cb2b998003
SSQ_CATACOMBS_NECROPOLIS	d5041f3a3148fe12be60e328f52bdfc078cea8f945e41ccccc763e37e1a75f2d	NecropolisOfSacrifice	data/spawns/Catacombs/NecropolisOfSacrifice.xml	ssq01_1824_ssq15	territory:-5121:-4971:-42645,218212|-41261,218207|-41257,218868|-42640,218880	z:-5121:-4971	generated.farm.d5041f3a3148fe12be60e328.anchor	-41951	218542	-5080	-41935	218542	-5080	VALID	STATIC_XML_CLEAR	1	SCRIPT_CONDITIONAL	NATIVE_CONDITION_UNMODELED	component.ce7bae4e503482cb2b998003
SSQ_CATACOMBS_NECROPOLIS	d550246a389c6f43379d2036f15211c22a3a85c10b2c00986e000e4ffc4af926	NecropolisOfMartyrdom	data/spawns/Catacombs/NecropolisOfMartyrdom.xml	ssq10_2322_ssq15	territory:-4872:-4672:126724,132508|127436,132500|127396,133864|126736,133856	z:-4872:-4672	generated.farm.d550246a389c6f43379d2036.anchor	127073	133182	-4824	127089	133182	-4824	VALID	STATIC_XML_CLEAR	1	SCRIPT_CONDITIONAL	NATIVE_CONDITION_UNMODELED	component.7f829cb88cce9a71650cf187
SSQ_CATACOMBS_NECROPOLIS	d56cedfa3cc2bbeac7f7c4615a0af014d1c6045344121c74562a2ee4d6677c66	NecropolisOfTheDisciples	data/spawns/Catacombs/NecropolisOfTheDisciples.xml	ssq14_2517_ssq26	territory:-4936:-4736:176933,-7645|177596,-7640|177596,-7024|176933,-7029	z:-4936:-4736	generated.farm.d56cedfa3cc2bbeac7f7c461.anchor	177264	-7334	-4896	177280	-7334	-4896	VALID	STATIC_XML_CLEAR	1	SCRIPT_CONDITIONAL	NATIVE_CONDITION_UNMODELED	component.a0f27b0f5d7a1a00f782ed4b
IVORY_TOWER	d5b4aace46a13bf5c66b49a562eecffc1c91c755a4f31a1b40394e7c82560172	IvoryTower	data/spawns/Oren/IvoryTower.xml	oren30_2218_07s	territory:-3684:-3284:93096,19640|93488,22340|92056,23380|91340,21996	z:-3684:-3284	generated.farm.d5b4aace46a13bf5c66b49a5.anchor	92495	21839	-3512	92511	21839	-3504	VALID	STATIC_XML_CLEAR	1	NORMAL	CONTENT_TELEPORT_SEMANTIC_BLOCKED	component.35a2999e53afdccb3407af95
SSQ_CATACOMBS_NECROPOLIS	d63bf243e2e507045eaa3c694c4938ad6dab9eb376cbe5980b3d81c334f903c1	NecropolisOfSacrifice	data/spawns/Catacombs/NecropolisOfSacrifice.xml	ssq01_1824_ssq27	territory:-5128:-4978:-51029,216645|-50387,216637|-50395,217240|-51029,217233	z:-5128:-4978	generated.farm.d63bf243e2e507045eaa3c69.anchor	-50710	216939	-5080	-50694	216939	-5080	VALID	STATIC_XML_CLEAR	1	SCRIPT_CONDITIONAL	NATIVE_CONDITION_UNMODELED	component.ce7bae4e503482cb2b998003
SSQ_CATACOMBS_NECROPOLIS	d63d69956c2aaccdfe831b77c17690dd7b4866865aabdf6e9893316c0a61a728	NecropolisOfWorship	data/spawns/Catacombs/NecropolisOfWorship.xml	ssq09_2323_ssq21	territory:-5472:-5272:119693,179337|120321,179337|120321,180832|119693,180832	z:-5472:-5272	generated.farm.d63d69956c2aaccdfe831b77.anchor	120007	180084	-5432	120023	180084	-5432	VALID	STATIC_XML_CLEAR	1	SCRIPT_CONDITIONAL	NATIVE_CONDITION_UNMODELED	component.b57dbd6b545f82c91f9e3a34
SSQ_CATACOMBS_NECROPOLIS	d6e14d0aa209ccea45b0d1e2c4b9feeae9876b2b6874be9878326f1a9ee419a8	NecropolisOfMartyrdom	data/spawns/Catacombs/NecropolisOfMartyrdom.xml	ssq10_2322_ssq13	territory:-4860:-4660:124046,133401|125406,133433|125422,134105|124058,134073	z:-4860:-4660	generated.farm.d6e14d0aa209ccea45b0d1e2.anchor	124733	133753	-4824	124749	133753	-4824	VALID	STATIC_XML_CLEAR	1	SCRIPT_CONDITIONAL	NATIVE_CONDITION_UNMODELED	component.7f829cb88cce9a71650cf187
IVORY_TOWER	d7439646ef4c7b5864738bb88f6425a0a35b6f5827ece8f9229de9f9a076a54c	IvoryTower	data/spawns/Oren/IvoryTower.xml	oren29_2218_24	territory:-5343:-5143:82402,10252|84925,10418|84940,10855|85801,10823|85857,12677|84859,12656|84879,13557|81376,14063	z:-5343:-5143	generated.farm.d7439646ef4c7b5864738bb8.anchor	84380	11913	-5288	84396	11913	-5288	VALID	STATIC_XML_CLEAR	1	NORMAL	CONTENT_TELEPORT_SEMANTIC_BLOCKED	component.8fae88a9ca6151ec84e486c8
SSQ_CATACOMBS_NECROPOLIS	d769c34b3fada55ab7005c5f3336bd95b54edefa23a0b23fe99b7ed8ddf22186	CatacombOfDarkOmens	data/spawns/Catacombs/CatacombOfDarkOmens.xml	ssq03_1918_ssq28	territory:-4932:-4732:-10716,22476|-10044,22480|-10064,23832|-10716,23852	z:-4932:-4732	generated.farm.d769c34b3fada55ab7005c5f.anchor	-10385	23160	-4896	-10369	23160	-4896	VALID	STATIC_XML_CLEAR	1	SCRIPT_CONDITIONAL	NATIVE_CONDITION_UNMODELED	component.7ff0aa2ef025df3eed1760f6
IVORY_TOWER	d81dc06dc0a72225664b7ae4009c3ed32f4c71e97814452e9c0176b9ced7ff8a	IvoryTower	data/spawns/Oren/IvoryTower.xml	oren30_2218_20	territory:-3652:-2952:88504,6496|91808,5960|91436,8904|85928,8792|85788,8064	z:-3652:-2952	generated.farm.d81dc06dc0a72225664b7ae4.anchor	88693	7643	-3136	88709	7643	-3136	VALID	STATIC_XML_CLEAR	1	NORMAL	CONTENT_TELEPORT_SEMANTIC_BLOCKED	component.b1dc9e88bd1824f6a094e9e6
SSQ_CATACOMBS_NECROPOLIS	d8b1462dc0bd83a6da563d9b632914eca0b8c5c71ea1f23875f25380ba7e04f6	CatacombOfDarkOmens	data/spawns/Catacombs/CatacombOfDarkOmens.xml	ssq03_1918_ssq27	territory:-4944:-4744:-13692,23488|-13092,23488|-13080,24132|-13684,24136	z:-4944:-4744	generated.farm.d8b1462dc0bd83a6da563d9b.anchor	-13387	23811	-4896	-13371	23811	-4896	VALID	STATIC_XML_CLEAR	1	SCRIPT_CONDITIONAL	NATIVE_CONDITION_UNMODELED	component.7ff0aa2ef025df3eed1760f6
IVORY_TOWER	da6487ed57902620b752e2d06954ed2091323be022c07260a908ab252cc246b3	IvoryTower	data/spawns/Oren/IvoryTower.xml	oren30_2218_10	territory:-3760:-3460:85748,24320|91192,23184|91656,25812|85548,26744	z:-3760:-3460	generated.farm.da6487ed57902620b752e2d0.anchor	88536	25015	-3576	88552	25015	-3576	VALID	STATIC_XML_CLEAR	1	NORMAL	CONTENT_TELEPORT_SEMANTIC_BLOCKED	component.fb641ea8a924ba7ec8c316a2
DEVILS_ISLE	dad828b80defa2994537f4a4fd0fac61605cc7634efeb982a005fc0292f4a96b	DevilsIsle	data/spawns/Giran/DevilsIsle.xml	giran08_2124_087	territory:-2492:-2292:54847,210380|55238,210370|55238,210714|54847,210714	z:-2492:-2292	generated.farm.dad828b80defa2994537f4a4.anchor	55042	210544	-2464	55058	210544	-2464	VALID	STATIC_XML_CLEAR	1	NORMAL	GEODATA_INTERNAL_BLOCKED	component.ff2770f1156bc4ee6cac8379
SSQ_CATACOMBS_NECROPOLIS	db63466cbab9d2fdd5ade11453c84172e5048d13d7a357399e5b93a0a0d64689	NecropolisOfThePatriots	data/spawns/Catacombs/NecropolisOfThePatriots.xml	ssq03_1920_ssq33	territory:-5209:-5059:-18194,83901|-17602,83894|-17601,84548|-18197,84546	z:-5209:-5059	generated.farm.db63466cbab9d2fdd5ade114.anchor	-17898	84222	-5168	-17882	84222	-5168	VALID	STATIC_XML_CLEAR	1	SCRIPT_CONDITIONAL	NATIVE_CONDITION_UNMODELED	component.888b1c386bb56285d9aedda1
SSQ_CATACOMBS_NECROPOLIS	db8443af0c7935ae665ab0114f5395993f394eb6846a445670ba8d0976f8451f	NecropolisOfWorship	data/spawns/Catacombs/NecropolisOfWorship.xml	ssq09_2323_ssq13	territory:-5480:-5280:119065,175764|119701,175764|119701,177746|119065,177746	z:-5480:-5280	generated.farm.db8443af0c7935ae665ab011.anchor	119383	176755	-5432	119399	176755	-5432	VALID	STATIC_XML_CLEAR	1	SCRIPT_CONDITIONAL	NATIVE_CONDITION_UNMODELED	component.b57dbd6b545f82c91f9e3a34
SSQ_CATACOMBS_NECROPOLIS	dbaaf975e67cad82fb5b78543f955c98d5d8c36fd21b510065b68b803cc14001	NecropolisOfSacrifice	data/spawns/Catacombs/NecropolisOfSacrifice.xml	ssq01_1824_ssq18	territory:-5120:-4970:-46487,220127|-45855,220133|-45849,220736|-46496,220732	z:-5120:-4970	generated.farm.dbaaf975e67cad82fb5b7854.anchor	-46172	220432	-5080	-46156	220432	-5080	VALID	STATIC_XML_CLEAR	1	SCRIPT_CONDITIONAL	NATIVE_CONDITION_UNMODELED	component.ce7bae4e503482cb2b998003
DEVILS_ISLE	dbb270207b4530672de64be595047960ccc156bca0b2cb30d48d2d2812593e7e	DevilsIsle	data/spawns/Giran/DevilsIsle.xml	giran08_2124_051	territory:-3660:-3460:45213,219877|45834,220143|45834,220842|44626,220897|44372,220729|44451,220042	z:-3660:-3460	generated.farm.dbb270207b4530672de64be5.anchor	45055	220422	-3584	45071	220422	-3584	VALID	STATIC_XML_CLEAR	1	NORMAL	REACHABLE_ORDINARY	component.7dad6e3e96728c2a7ff7af09
SSQ_CATACOMBS_NECROPOLIS	dc05eb4356c6746aa1fc04007916a2ba3378e9120eecb418dcb381c89805bc87	CatacombOfTheWitch	data/spawns/Catacombs/CatacombOfTheWitch.xml	ssq13_2420_ssq09	territory:-5464:-5264:145094,83939|145707,83939|145707,84576|145094,84576	z:-5464:-5264	generated.farm.dc05eb4356c6746aa1fc0400.anchor	145400	84258	-5424	145416	84258	-5424	VALID	STATIC_XML_CLEAR	1	SCRIPT_CONDITIONAL	NATIVE_CONDITION_UNMODELED	component.acae4dfbcc94433b54ab8989
SSQ_CATACOMBS_NECROPOLIS	dc745992c70c9e68e28db5e437e6b870f6686c90da3112803e1a9d29ea9723fb	NecropolisOfThePilgrims	data/spawns/Catacombs/NecropolisOfThePilgrims.xml	ssq07_2121_ssq22	territory:-5453:-5303:55223,114711|55887,114712|55873,116046|55232,116049	z:-5453:-5303	generated.farm.dc745992c70c9e68e28db5e4.anchor	55554	115380	-5408	55570	115380	-5408	VALID	STATIC_XML_CLEAR	1	SCRIPT_CONDITIONAL	NATIVE_CONDITION_UNMODELED	component.cbddc918f33160dda52bb64d
SSQ_CATACOMBS_NECROPOLIS	dcda17343118d6e43aa6d3d4bff4b5068325587dd249dc26f270f28e6c1d6da5	CatacombOfTheWitch	data/spawns/Catacombs/CatacombOfTheWitch.xml	ssq13_2420_ssq36	territory:-5464:-5264:146167,89642|146780,89642|146780,90279|146167,90279	z:-5464:-5264	generated.farm.dcda17343118d6e43aa6d3d4.anchor	146474	89960	-5424	146490	89960	-5424	VALID	STATIC_XML_CLEAR	1	SCRIPT_CONDITIONAL	NATIVE_CONDITION_UNMODELED	component.acae4dfbcc94433b54ab8989
SSQ_CATACOMBS_NECROPOLIS	dd57615c82dfa48d972393090a559dbacf590bd2af2696e3c3dcbfbb6496c4bb	NecropolisOfThePilgrims	data/spawns/Catacombs/NecropolisOfThePilgrims.xml	ssq07_2121_ssq15	territory:-5446:-5296:51584,122480|52229,122484|52213,123827|51594,123820	z:-5446:-5296	generated.farm.dd57615c82dfa48d97239309.anchor	51905	123153	-5408	51921	123153	-5408	VALID	STATIC_XML_CLEAR	1	SCRIPT_CONDITIONAL	NATIVE_CONDITION_UNMODELED	component.cbddc918f33160dda52bb64d
IVORY_TOWER	dd5d7f7ccf6765b6d39befc0feeed15e243535479cfc22640fc9e20eb639685b	IvoryTower	data/spawns/Oren/IvoryTower.xml	oren30_2218_17s	territory:-3564:-3064:76964,5248|78868,6520|78084,9956|75384,7524	z:-3564:-3064	generated.farm.dd5d7f7ccf6765b6d39befc0.anchor	77325	7312	-3248	77341	7312	-3240	VALID	STATIC_XML_CLEAR	1	NORMAL	CONTENT_TELEPORT_SEMANTIC_BLOCKED	component.d2540f22de6143b2d3545771
SSQ_CATACOMBS_NECROPOLIS	dec22513bf13a8f919d59d678199b8644de11221475c1d4eea33e7b837932972	CatacombOfTheWitch	data/spawns/Catacombs/CatacombOfTheWitch.xml	ssq13_2420_ssq11	territory:-5476:-5276:148876,79360|149515,79360|149515,80819|148876,80819	z:-5476:-5276	generated.farm.dec22513bf13a8f919d59d67.anchor	149196	80090	-5424	149212	80090	-5424	VALID	STATIC_XML_CLEAR	1	SCRIPT_CONDITIONAL	NATIVE_CONDITION_UNMODELED	component.acae4dfbcc94433b54ab8989
SSQ_CATACOMBS_NECROPOLIS	def3994e0a94d5db4b6c3466afc397d96a14562142a4be920b490970ae1fc9a8	NecropolisOfTheDisciples	data/spawns/Catacombs/NecropolisOfTheDisciples.xml	ssq14_2517_ssq33	territory:-4936:-4736:180016,-7630|181479,-7630|181479,-6933|180016,-6933	z:-4936:-4736	generated.farm.def3994e0a94d5db4b6c3466.anchor	180748	-7282	-4896	180764	-7282	-4896	VALID	STATIC_XML_CLEAR	1	SCRIPT_CONDITIONAL	NATIVE_CONDITION_UNMODELED	component.a0f27b0f5d7a1a00f782ed4b
IVORY_TOWER	df39dd4d43c4a41d96b7e0208df83c991ea0f109b37f56f9f88b32cbd6f579fb	IvoryTower	data/spawns/Oren/IvoryTower.xml	oren30_2218_18s	territory:-3052:-2852:81272,2980|82572,2668|83236,4192|81148,5396	z:-3052:-2852	generated.farm.df39dd4d43c4a41d96b7e020.anchor	82057	3809	-2904	82073	3809	-2904	VALID	STATIC_XML_CLEAR	1	NORMAL	CONTENT_TELEPORT_SEMANTIC_BLOCKED	component.50ed1d337907b77c09e2b3ba
SSQ_CATACOMBS_NECROPOLIS	df5e1795cb488ec6e8fbd8e64b11d272baf94be8182a631bbb7567fea4aa4969	NecropolisOfWorship	data/spawns/Catacombs/NecropolisOfWorship.xml	ssq09_2323_ssq12	territory:-5472:-5272:118071,173673|118723,173673|118723,174325|118071,174325	z:-5472:-5272	generated.farm.df5e1795cb488ec6e8fbd8e6.anchor	118397	173999	-5432	118413	173999	-5432	VALID	STATIC_XML_CLEAR	1	SCRIPT_CONDITIONAL	NATIVE_CONDITION_UNMODELED	component.b57dbd6b545f82c91f9e3a34
SSQ_CATACOMBS_NECROPOLIS	dfcac57c4795218ba5a38a146b3d4639cdf79dad75bedfb31ed2c431d7725f2e	CatacombOfTheHeretic	data/spawns/Catacombs/CatacombOfTheHeretic.xml	ssq06_2122_ssq31	territory:-7945:-7795:-42866,-250576|-42225,-250568|-42225,-249971|-42863,-249969	z:-7945:-7795	generated.farm.dfcac57c4795218ba5a38a14.anchor	-42545	-250271	-7904	-42529	-250271	-7904	VALID	STATIC_XML_CLEAR	1	SCRIPT_CONDITIONAL	NATIVE_CONDITION_UNMODELED	component.ac3253d25593857c65682608
SSQ_CATACOMBS_NECROPOLIS	e01ea1475687892b690c0ee70aa3dba6c67869b2307e426401ce9544d24eb6bf	CatacombOfTheBranded	data/spawns/Catacombs/CatacombOfTheBranded.xml	ssq05_2123_ssq03	territory:-4992:-4842:50888,169989|51476,169981|51474,170622|50884,170617	z:-4992:-4842	generated.farm.e01ea1475687892b690c0ee7.anchor	51180	170302	-4976	51196	170302	-4976	VALID	STATIC_XML_CLEAR	1	SCRIPT_CONDITIONAL	NATIVE_CONDITION_UNMODELED	component.423662c72ad86bfe886c3b61
SSQ_CATACOMBS_NECROPOLIS	e039eaed99e3355f48def08b07f91e7066ad21b29ad5a9d52c425bf0ab161e86	NecropolisOfThePatriots	data/spawns/Catacombs/NecropolisOfThePatriots.xml	ssq03_1920_ssq27	territory:-5207:-5057:-17084,87357|-16484,87357|-16486,87997|-17089,87997	z:-5207:-5057	generated.farm.e039eaed99e3355f48def08b.anchor	-16786	87677	-5168	-16770	87677	-5168	VALID	STATIC_XML_CLEAR	1	SCRIPT_CONDITIONAL	NATIVE_CONDITION_UNMODELED	component.888b1c386bb56285d9aedda1
SSQ_CATACOMBS_NECROPOLIS	e0b3b8efa6142ad0d6fe0ba8c4cd2f249ceaef6aff291a80ecb185f106d272b9	CatacombOfTheForbiddenPath	data/spawns/Catacombs/CatacombOfTheForbiddenPath.xml	ssq12_2320_ssq17	territory:-9612:-9412:22937,-244218|23533,-244202|23533,-243570|22941,-243558	z:-9612:-9412	generated.farm.e0b3b8efa6142ad0d6fe0ba8.anchor	23236	-243887	-9576	23252	-243887	-9576	VALID	STATIC_XML_CLEAR	1	SCRIPT_CONDITIONAL	NATIVE_CONDITION_UNMODELED	component.137ee57453c450cb1450f091
DEVILS_ISLE	e10f1a2e01f362b2d97892f669543d5569aac52b9e6c11a27325b0e4c233b459	DevilsIsle	data/spawns/Giran/DevilsIsle.xml	giran08_2124_033	territory:-3748:-3548:43898,212426|44276,212318|44575,212458|44515,212667|43891,212680	z:-3748:-3548	generated.farm.e10f1a2e01f362b2d97892f6.anchor	44231	212510	-3712	44247	212510	-3712	VALID	STATIC_XML_CLEAR	1	NORMAL	GEODATA_INTERNAL_BLOCKED	component.2bda33c24983dfdfa54626de
SSQ_CATACOMBS_NECROPOLIS	e136e59f166960ab1e3c9fc415b7df623983cdbbf4cdc879dd3fa233b7b1a8fb	CatacombOfTheApostate	data/spawns/Catacombs/CatacombOfTheApostate.xml	ssq11_2220_ssq35	territory:-8201:-8051:-13024,-250960|-12350,-250960|-12350,-249117|-13025,-249115	z:-8201:-8051	generated.farm.e136e59f166960ab1e3c9fc4.anchor	-12687	-250038	-8160	-12671	-250038	-8160	VALID	STATIC_XML_CLEAR	1	SCRIPT_CONDITIONAL	NATIVE_CONDITION_UNMODELED	component.034a5b9796857e6f481e60f0
SSQ_CATACOMBS_NECROPOLIS	e184ed4a4a40241dc73ce2ac264eb51d838681cbeceabffecb1d616dc32b6f40	CatacombOfTheWitch	data/spawns/Catacombs/CatacombOfTheWitch.xml	ssq13_2420_ssq10	territory:-5464:-5264:146171,79359|146784,79359|146784,79996|146171,79996	z:-5464:-5264	generated.farm.e184ed4a4a40241dc73ce2ac.anchor	146478	79678	-5424	146494	79678	-5424	VALID	STATIC_XML_CLEAR	1	SCRIPT_CONDITIONAL	NATIVE_CONDITION_UNMODELED	component.acae4dfbcc94433b54ab8989
IMPERIAL_TOMB	e1f713cd1471a176f5fb632d686a3e55bd626f8a1180d5eed57ed3736e81d610	ImperialTomb	data/spawns/Goddard/ImperialTomb.xml	godard14_2515_11	territory:-4715:-4415:180439,-81438|181196,-81441|181202,-80595|180441,-80597	z:-4715:-4415	generated.farm.e1f713cd1471a176f5fb632d.anchor	180820	-81018	-4672	180836	-81018	-4672	VALID	STATIC_XML_CLEAR	1	NOBLESSE_CONDITIONAL	REACHABLE_CONDITIONAL	component.30e5cb07315a67a8381cbe8d
DEVILS_ISLE	e20d55d2d2c4588c8a08d2ff32b7c879a7df36ec6b2b367cb23b8c97beca8e0a	DevilsIsle	data/spawns/Giran/DevilsIsle.xml	giran08_2124_046	territory:-3968:-3768:44775,216905|45752,216795|45793,217258|45565,217383|44778,217394	z:-3968:-3768	generated.farm.e20d55d2d2c4588c8a08d2ff.anchor	45333	217147	-3920	45349	217147	-3920	VALID	STATIC_XML_CLEAR	1	NORMAL	REACHABLE_ORDINARY	component.7dad6e3e96728c2a7ff7af09
TOWER_OF_INSOLENCE	e2b6adc79412bda9e5aa245ac1c38ba4fb0c10c888aeb23f82f4ffc78e4667d6	TowerOfInsolence	data/spawns/Aden/TowerOfInsolence.xml	aden29_2318_p02	territory:6965:7165:114453,17147|115096,17795|114505,18378|113553,18097	z:6965:7165	generated.farm.e2b6adc79412bda9e5aa245a.anchor	114402	17854	6992	114418	17854	6992	VALID	STATIC_XML_CLEAR	1	NORMAL	GEODATA_INTERNAL_BLOCKED	component.f12616d86f8fb5a9c3e5427c
SSQ_CATACOMBS_NECROPOLIS	e31904cfc982921fd1bba3c06e4284eb61f9305d2928ae14468e82bfaca3b837	NecropolisOfThePilgrims	data/spawns/Catacombs/NecropolisOfThePilgrims.xml	ssq07_2121_ssq12	territory:-5448:-5298:50632,118630|51269,118626|51268,119224|50629,119228	z:-5448:-5298	generated.farm.e31904cfc982921fd1bba3c0.anchor	50950	118927	-5408	50966	118927	-5408	VALID	STATIC_XML_CLEAR	1	SCRIPT_CONDITIONAL	NATIVE_CONDITION_UNMODELED	component.cbddc918f33160dda52bb64d
SSQ_CATACOMBS_NECROPOLIS	e333efc3257a9126db47f4948d6a4e79b507b78b66bdc5f18afdf9e5ddc769bf	NecropolisOfThePilgrims	data/spawns/Catacombs/NecropolisOfThePilgrims.xml	ssq07_2121_ssq09	territory:-5455:-5305:47660,121325|49020,121314|49008,121978|47659,121974	z:-5455:-5305	generated.farm.e333efc3257a9126db47f494.anchor	48337	121648	-5408	48353	121648	-5408	VALID	STATIC_XML_CLEAR	1	SCRIPT_CONDITIONAL	NATIVE_CONDITION_UNMODELED	component.cbddc918f33160dda52bb64d
SSQ_CATACOMBS_NECROPOLIS	e3353ff868d2c7ea0752f913ade326509ad4d436d5a222f4db28fde325478e78	NecropolisOfThePatriots	data/spawns/Catacombs/NecropolisOfThePatriots.xml	ssq03_1920_ssq08	territory:-5184:-5034:-18994,78247|-18345,78250|-18352,79525|-18994,79523	z:-5184:-5034	generated.farm.e3353ff868d2c7ea0752f913.anchor	-18671	78886	-5168	-18655	78886	-5168	VALID	STATIC_XML_CLEAR	1	SCRIPT_CONDITIONAL	NATIVE_CONDITION_UNMODELED	component.888b1c386bb56285d9aedda1
SSQ_CATACOMBS_NECROPOLIS	e392be820532e1a36ef8d550614a58ccfe16e1d3bfa66c585fc66247f557f263	CatacombOfTheApostate	data/spawns/Catacombs/CatacombOfTheApostate.xml	ssq11_2220_ssq25	territory:-8199:-8049:-10212,-243181|-9596,-243180|-9598,-241809|-10217,-241807	z:-8199:-8049	generated.farm.e392be820532e1a36ef8d550.anchor	-9906	-242494	-8160	-9890	-242494	-8160	VALID	STATIC_XML_CLEAR	1	SCRIPT_CONDITIONAL	NATIVE_CONDITION_UNMODELED	component.8cc66fc483e1de46aa83df99
DEVILS_ISLE	e39d7e1d3993532559223e574d2cda9163661478cf146a67c50d04f848a9bca3	DevilsIsle	data/spawns/Giran/DevilsIsle.xml	giran08_2124_023	territory:-3800:-3600:53067,206478|54472,206453|54498,207025|53054,206973	z:-3800:-3600	generated.farm.e39d7e1d3993532559223e57.anchor	53773	206732	-3720	53789	206732	-3720	VALID	STATIC_XML_CLEAR	1	NORMAL	DOOR_STATE_BLOCKED	component.036167f3256ba4e4fbd11299
SSQ_CATACOMBS_NECROPOLIS	e3c63a9803e278d9745c5330710047e64b86096db0a43fc358443dbc42f1793c	NecropolisOfTheDisciples	data/spawns/Catacombs/NecropolisOfTheDisciples.xml	ssq14_2517_ssq22	territory:-4932:-4732:172320,-10196|172972,-10196|172972,-8730|172320,-8730	z:-4932:-4732	generated.farm.e3c63a9803e278d9745c5330.anchor	172646	-9463	-4896	172662	-9463	-4896	VALID	STATIC_XML_CLEAR	1	SCRIPT_CONDITIONAL	NATIVE_CONDITION_UNMODELED	component.a0f27b0f5d7a1a00f782ed4b
SSQ_CATACOMBS_NECROPOLIS	e4c1f8160d3a094af6f75562dd28e69ea614bd7ed2df5adadc584f78b394a82f	CatacombOfTheBranded	data/spawns/Catacombs/CatacombOfTheBranded.xml	ssq05_2123_ssq24	territory:-5017:-4867:56570,178210|57190,178209|57191,179551|56568,179557	z:-5017:-4867	generated.farm.e4c1f8160d3a094af6f75562.anchor	56880	178882	-4976	56896	178882	-4976	VALID	STATIC_XML_CLEAR	1	SCRIPT_CONDITIONAL	NATIVE_CONDITION_UNMODELED	component.423662c72ad86bfe886c3b61
SSQ_CATACOMBS_NECROPOLIS	e503c58a44e7952104bc7df8af122c1c313aba70cf6e0cd316d121fc8d106218	CatacombOfTheBranded	data/spawns/Catacombs/CatacombOfTheBranded.xml	ssq05_2123_ssq29	territory:-5016:-4866:51940,175694|52611,175691|52607,176307|51943,176300	z:-5016:-4866	generated.farm.e503c58a44e7952104bc7df8.anchor	52275	175998	-4976	52291	175998	-4976	VALID	STATIC_XML_CLEAR	1	SCRIPT_CONDITIONAL	NATIVE_CONDITION_UNMODELED	component.423662c72ad86bfe886c3b61
SSQ_CATACOMBS_NECROPOLIS	e515215941a45b1efb5938508744b1722d205de959c81afec7c1577b7d09fa4a	CatacombOfTheBranded	data/spawns/Catacombs/CatacombOfTheBranded.xml	ssq05_2123_ssq35	territory:-5013:-4863:51959,172036|52570,172033|52575,173382|51944,173394	z:-5013:-4863	generated.farm.e515215941a45b1efb593850.anchor	52262	172711	-4976	52278	172711	-4976	VALID	STATIC_XML_CLEAR	1	SCRIPT_CONDITIONAL	NATIVE_CONDITION_UNMODELED	component.423662c72ad86bfe886c3b61
DEVILS_ISLE	e58074c0aa57c35f3102d656a580833d5da7a4659ca9aa9bc800a6cf36eb1545	DevilsIsle	data/spawns/Giran/DevilsIsle.xml	giran08_2124_004	territory:-4684:-4334:41406,200402|41896,200319|42041,200457|42028,200913|41642,200771	z:-4684:-4334	generated.farm.e58074c0aa57c35f3102d656.anchor	41803	200572	-4552	41819	200572	-4552	VALID	STATIC_XML_CLEAR	1	NORMAL	REACHABLE_ORDINARY	component.d483d98f35fc6805675221f7
SSQ_CATACOMBS_NECROPOLIS	e5ce541bb9ba4283dd13decb242e72b01561fbb666b8f23f2058c2d02eb7292f	CatacombOfTheApostate	data/spawns/Catacombs/CatacombOfTheApostate.xml	ssq11_2220_ssq24	territory:-8200:-8050:-10202,-240798|-9607,-240808|-9607,-240163|-10204,-240160	z:-8200:-8050	generated.farm.e5ce541bb9ba4283dd13decb.anchor	-9905	-240482	-8160	-9889	-240482	-8160	VALID	STATIC_XML_CLEAR	1	SCRIPT_CONDITIONAL	NATIVE_CONDITION_UNMODELED	component.8cc66fc483e1de46aa83df99
DEVILS_ISLE	e63eebe6d2e8eb9e622a464b362dcc2f0ba45de5d83afa2854c9df22a5013dff	DevilsIsle	data/spawns/Giran/DevilsIsle.xml	giran08_2124_080	territory:-2504:-2304:52345,209743|52846,209743|52836,210194|52345,210194	z:-2504:-2304	generated.farm.e63eebe6d2e8eb9e622a464b.anchor	52593	209968	-2464	52609	209968	-2464	VALID	STATIC_XML_CLEAR	1	NORMAL	GEODATA_INTERNAL_BLOCKED	component.ff2770f1156bc4ee6cac8379
DEVILS_ISLE	e667f5ba6ea5fcda728a4fad75cb3957a2025bc29fda7070a0d17bc713272f9b	DevilsIsle	data/spawns/Giran/DevilsIsle.xml	giran08_2124_092	territory:-4116:-3716:54083,215627|56094,215643|56124,216708|54102,216687	z:-4116:-3716	generated.farm.e667f5ba6ea5fcda728a4fad.anchor	55101	216166	-4056	55117	216166	-4056	VALID	STATIC_XML_CLEAR	1	NORMAL	GEODATA_INTERNAL_BLOCKED	component.50c3f385fb3b32cb843cf330
SSQ_CATACOMBS_NECROPOLIS	e6c98357ce039a3d5d1bf7bec639a7ea70f650de0c699c08d397a1ee139b888e	CatacombOfTheWitch	data/spawns/Catacombs/CatacombOfTheWitch.xml	ssq13_2420_ssq06	territory:-5476:-5276:145076,81200|145716,81200|145716,82659|145076,82659	z:-5476:-5276	generated.farm.e6c98357ce039a3d5d1bf7be.anchor	145396	81930	-5424	145412	81930	-5424	VALID	STATIC_XML_CLEAR	1	SCRIPT_CONDITIONAL	NATIVE_CONDITION_UNMODELED	component.acae4dfbcc94433b54ab8989
IVORY_TOWER	e738d4b60f3823a942515a982c86cd7b570c4980b61bf37a2ad753a2f88a8dde	IvoryTower	data/spawns/Oren/IvoryTower.xml	oren30_2218_08	territory:-3784:-3384:95148,25552|98068,25752|98080,29676|94324,29120|92608,26500	z:-3784:-3384	generated.farm.e738d4b60f3823a942515a98.anchor	95646	27320	-3648	95662	27320	-3648	VALID	STATIC_XML_CLEAR	1	NORMAL	CONTENT_TELEPORT_SEMANTIC_BLOCKED	component.fe5d45a3c502b32d7ca56e5d
TOWER_OF_INSOLENCE	e741c1e880ee994f8258f4f2e449da067cd9c7afd55cdb853dc6dc6752fc1007	TowerOfInsolence	data/spawns/Aden/TowerOfInsolence.xml	aden39_2318_03	territory:2920:3270:112993,15121|113494,15355|113304,15690|112809,15508	z:2920:3270	generated.farm.e741c1e880ee994f8258f4f2.anchor	113150	15418	2952	113166	15418	2952	VALID	STATIC_XML_CLEAR	1	NORMAL	GEODATA_INTERNAL_BLOCKED	component.ab0b71385621755366b939dd
DEVILS_ISLE	e74dd9a156141e260fb4b89fcab976459e6f63e10ebf6fd06c98df6da7d53289	DevilsIsle	data/spawns/Giran/DevilsIsle.xml	giran08_2124_050	territory:-3940:-3740:43012,218850|43708,218850|43719,219260|43001,219260	z:-3940:-3740	generated.farm.e74dd9a156141e260fb4b89f.anchor	43360	219055	-3904	43376	219055	-3904	VALID	STATIC_XML_CLEAR	1	NORMAL	REACHABLE_ORDINARY	component.7dad6e3e96728c2a7ff7af09
TOWER_OF_INSOLENCE	e7f97694c0258eaf2a2045dfc78ce2382c9ff2936041c63010ed28d2b558398f	TowerOfInsolence	data/spawns/Aden/TowerOfInsolence.xml	aden34_2318_02	territory:-3664:-3464:113360,14132|114088,13760|114324,15004|113584,15724|112380,15556|112720,14688	z:-3664:-3464	generated.farm.e7f97694c0258eaf2a2045df.anchor	113409	14811	-3608	113425	14811	-3608	VALID	STATIC_XML_CLEAR	1	NORMAL	GEODATA_INTERNAL_BLOCKED	component.103ac2ffcc09f7b3f0b89045
SSQ_CATACOMBS_NECROPOLIS	e836f1fba6ede4d085c51ab828ff9dc4903d035dcaa740757cda845eb74aac59	NecropolisOfTheDisciples	data/spawns/Catacombs/NecropolisOfTheDisciples.xml	ssq14_2517_ssq14	territory:-4936:-4736:182628,-17916|183290,-17910|183290,-17294|182628,-17300	z:-4936:-4736	generated.farm.e836f1fba6ede4d085c51ab8.anchor	182959	-17605	-4896	182975	-17605	-4896	VALID	STATIC_XML_CLEAR	1	SCRIPT_CONDITIONAL	NATIVE_CONDITION_UNMODELED	component.a0f27b0f5d7a1a00f782ed4b
SSQ_CATACOMBS_NECROPOLIS	e943b5ab1505873459a4a1bf43f2f8506264cfb2aa319fb7375fc5761fd2a72c	CatacombOfTheForbiddenPath	data/spawns/Catacombs/CatacombOfTheForbiddenPath.xml	ssq12_2320_ssq10	territory:-9612:-9412:19420,-248830|20016,-248814|20016,-248182|19424,-248170	z:-9612:-9412	generated.farm.e943b5ab1505873459a4a1bf.anchor	19719	-248499	-9576	19735	-248499	-9576	VALID	STATIC_XML_CLEAR	1	SCRIPT_CONDITIONAL	NATIVE_CONDITION_UNMODELED	component.137ee57453c450cb1450f091
SSQ_CATACOMBS_NECROPOLIS	e9e1632a956118cefee2ec00b86c8ec3cf93e8ca4f14fe3e585c3d8e9c31e8fd	NecropolisOfThePatriots	data/spawns/Catacombs/NecropolisOfThePatriots.xml	ssq03_1920_ssq24	territory:-5203:-5053:-19149,82738|-17845,82751|-17832,83393|-19148,83393	z:-5203:-5053	generated.farm.e9e1632a956118cefee2ec00.anchor	-18494	83069	-5168	-18478	83069	-5168	VALID	STATIC_XML_CLEAR	1	SCRIPT_CONDITIONAL	NATIVE_CONDITION_UNMODELED	component.888b1c386bb56285d9aedda1
SSQ_CATACOMBS_NECROPOLIS	ea699838ef8177dfba3d37063f4d3008dfa069aa4be9251323b0af396a11ec64	NecropolisOfThePilgrims	data/spawns/Catacombs/NecropolisOfThePilgrims.xml	ssq07_2121_ssq13	territory:-5450:-5300:50656,120516|51988,120491|51978,121147|50646,121154	z:-5450:-5300	generated.farm.ea699838ef8177dfba3d3706.anchor	51317	120827	-5408	51333	120827	-5408	VALID	STATIC_XML_CLEAR	1	SCRIPT_CONDITIONAL	NATIVE_CONDITION_UNMODELED	component.cbddc918f33160dda52bb64d
IVORY_TOWER	ea83e4c8aa662d895919dbcf6c755a130a48f677aa32a95e011154a4126cc4f1	IvoryTower	data/spawns/Oren/IvoryTower.xml	oren30_2218_20s	territory:-3484:-3084:87572,7484|90528,7604|91048,8604|87888,8520	z:-3484:-3084	generated.farm.ea83e4c8aa662d895919dbcf.anchor	89259	8053	-3184	89275	8053	-3184	VALID	STATIC_XML_CLEAR	1	NORMAL	CONTENT_TELEPORT_SEMANTIC_BLOCKED	component.b1dc9e88bd1824f6a094e9e6
IMPERIAL_TOMB	eb19b9fba767b54ef29e9070e90f8ae3a97599034874e6b86557c0973e831edb	ImperialTomb	data/spawns/Goddard/ImperialTomb.xml	godard14_2515_08	territory:-2770:-2470:174679,-78607|175464,-78600|175477,-77837|174673,-77829	z:-2770:-2470	generated.farm.eb19b9fba767b54ef29e9070.anchor	175073	-78218	-2728	175089	-78218	-2728	VALID	STATIC_XML_CLEAR	1	NOBLESSE_CONDITIONAL	REACHABLE_CONDITIONAL	component.30e5cb07315a67a8381cbe8d
SSQ_CATACOMBS_NECROPOLIS	eb203284e061baee99a1777d58478e74cebcf6efb603671879607a2d09168f75	CatacombOfDarkOmens	data/spawns/Catacombs/CatacombOfDarkOmens.xml	ssq03_1918_ssq19	territory:-4932:-4732:-9100,15620|-8404,15632|-8429,17005|-9069,17019	z:-4932:-4732	generated.farm.eb203284e061baee99a1777d.anchor	-8750	16319	-4896	-8734	16319	-4896	VALID	STATIC_XML_CLEAR	1	SCRIPT_CONDITIONAL	NATIVE_CONDITION_UNMODELED	component.7ff0aa2ef025df3eed1760f6
SSQ_CATACOMBS_NECROPOLIS	eb6f8dcc53daadf710c0611dde9c67a01ddd70c5df1326dc8077e338dd7f4635	NecropolisOfThePilgrims	data/spawns/Catacombs/NecropolisOfThePilgrims.xml	ssq07_2121_ssq26	territory:-5444:-5294:52289,117521|53640,117520|53639,118161|52289,118156	z:-5444:-5294	generated.farm.eb6f8dcc53daadf710c0611d.anchor	52964	117840	-5408	52980	117840	-5408	VALID	STATIC_XML_CLEAR	1	SCRIPT_CONDITIONAL	NATIVE_CONDITION_UNMODELED	component.cbddc918f33160dda52bb64d
SSQ_CATACOMBS_NECROPOLIS	eb76f9cea5c2844773fc180f67431ce9624bdeef56cbda6da27e6b8e9919bb64	CatacombOfTheBranded	data/spawns/Catacombs/CatacombOfTheBranded.xml	ssq05_2123_ssq12	territory:-5016:-4866:50891,175684|51483,175683|51484,176316|50888,176311	z:-5016:-4866	generated.farm.eb76f9cea5c2844773fc180f.anchor	51186	175998	-4976	51202	175998	-4976	VALID	STATIC_XML_CLEAR	1	SCRIPT_CONDITIONAL	NATIVE_CONDITION_UNMODELED	component.423662c72ad86bfe886c3b61
SSQ_CATACOMBS_NECROPOLIS	ec304a871208105104bd8ec64a9e1b768fed420b006e1f5126e211c0b849607e	NecropolisOfTheDisciples	data/spawns/Catacombs/NecropolisOfTheDisciples.xml	ssq14_2517_ssq13	territory:-4940:-4740:180118,-16999|180805,-16999|180805,-15166|180118,-15166	z:-4940:-4740	generated.farm.ec304a871208105104bd8ec6.anchor	180462	-16082	-4896	180478	-16082	-4896	VALID	STATIC_XML_CLEAR	1	SCRIPT_CONDITIONAL	NATIVE_CONDITION_UNMODELED	component.a0f27b0f5d7a1a00f782ed4b
TOWER_OF_INSOLENCE	ec3250071bcce17be04edec53f17c75d1aea67462237a967aaceccc7cd08c8f5	TowerOfInsolence	data/spawns/Aden/TowerOfInsolence.xml	aden36_2318_06	territory:-684:-484:115788,16344|117352,16724|117052,17388|115428,16992	z:-684:-484	generated.farm.ec3250071bcce17be04edec5.anchor	116405	16862	-640	116421	16862	-640	VALID	STATIC_XML_CLEAR	1	NORMAL	GEODATA_INTERNAL_BLOCKED	component.e9d26713aa8e26fbb5ba32d9
SSQ_CATACOMBS_NECROPOLIS	ec538c7fad18330ba13931691978b7c775e0ae170d5ce068fbf985c23a458112	CatacombOfDarkOmens	data/spawns/Catacombs/CatacombOfDarkOmens.xml	ssq03_1918_ssq23	territory:-4932:-4732:-10072,21344|-8724,21324|-8716,22000|-10064,21992	z:-4932:-4732	generated.farm.ec538c7fad18330ba1393169.anchor	-9394	21665	-4896	-9378	21665	-4896	VALID	STATIC_XML_CLEAR	1	SCRIPT_CONDITIONAL	NATIVE_CONDITION_UNMODELED	component.7ff0aa2ef025df3eed1760f6
SSQ_CATACOMBS_NECROPOLIS	ec6d47e41ee05a7d5335691864c7d949c478c62edadb5b17574329076e37566d	NecropolisOfWorship	data/spawns/Catacombs/NecropolisOfWorship.xml	ssq09_2323_ssq15	territory:-5472:-5272:119055,178315|120506,178315|120506,178970|119055,178970	z:-5472:-5272	generated.farm.ec6d47e41ee05a7d53356918.anchor	119780	178642	-5432	119796	178642	-5432	VALID	STATIC_XML_CLEAR	1	SCRIPT_CONDITIONAL	NATIVE_CONDITION_UNMODELED	component.b57dbd6b545f82c91f9e3a34
SSQ_CATACOMBS_NECROPOLIS	ecaf1084c8dbb1130b582bf41524f43b5a035e9bb84f3f2417f0aaa30966df8f	NecropolisOfTheSaints	data/spawns/Catacombs/NecropolisOfTheSaints.xml	ssq08_2224_ssq13	territory:-5468:-5268:93440,208896|94040,208904|94032,209544|93448,209540	z:-5468:-5268	generated.farm.ecaf1084c8dbb1130b582bf4.anchor	93740	209221	-5432	93756	209221	-5432	VALID	STATIC_XML_CLEAR	1	SCRIPT_CONDITIONAL	NATIVE_CONDITION_UNMODELED	component.25ffd0d249e9435bb5e4c376
SSQ_CATACOMBS_NECROPOLIS	edbde84759d6a963e5bf26859e80c257c77bf70b29d2cc8ddceb3616f9a9c63c	NecropolisOfWorship	data/spawns/Catacombs/NecropolisOfWorship.xml	ssq09_2323_ssq19	territory:-5472:-5272:116952,179371|117604,179371|117604,180023|116952,180023	z:-5472:-5272	generated.farm.edbde84759d6a963e5bf2685.anchor	117278	179697	-5432	117294	179697	-5432	VALID	STATIC_XML_CLEAR	1	SCRIPT_CONDITIONAL	NATIVE_CONDITION_UNMODELED	component.b57dbd6b545f82c91f9e3a34
SSQ_CATACOMBS_NECROPOLIS	ee37c43adfb8cde7dcc8d4cb00f469a2f7578e75eefaa9937b6293bf90efc5bc	CatacombOfTheForbiddenPath	data/spawns/Catacombs/CatacombOfTheForbiddenPath.xml	ssq12_2320_ssq06	territory:-9612:-9412:16253,-246366|17633,-246350|17621,-245658|16249,-245670	z:-9612:-9412	generated.farm.ee37c43adfb8cde7dcc8d4cb.anchor	16939	-246011	-9576	16955	-246011	-9576	VALID	STATIC_XML_CLEAR	1	SCRIPT_CONDITIONAL	NATIVE_CONDITION_UNMODELED	component.137ee57453c450cb1450f091
TOWER_OF_INSOLENCE	ee7127508c6d3d4aa824832a6862603af88f4985b57f8ea0b777e50183355763	TowerOfInsolence	data/spawns/Aden/TowerOfInsolence.xml	aden36_2318_08	territory:-680:-480:115660,15348|116320,14336|116924,15488|115816,15728	z:-680:-480	generated.farm.ee7127508c6d3d4aa824832a.anchor	116180	15225	-640	116196	15225	-640	VALID	STATIC_XML_CLEAR	1	NORMAL	GEODATA_INTERNAL_BLOCKED	component.e9d26713aa8e26fbb5ba32d9
TOWER_OF_INSOLENCE	ee88100ca74c331deca64694d2ea2a15ba38f077573cde74fd343896b2aa8869	TowerOfInsolence	data/spawns/Aden/TowerOfInsolence.xml	aden28_2318_08	territory:5948:6148:114148,13253|115136,13253|114970,14039|114339,14039	z:5948:6148	generated.farm.ee88100ca74c331deca64694.anchor	114648	13646	5984	114664	13646	5984	VALID	STATIC_XML_CLEAR	1	NOBLESSE_CONDITIONAL	REACHABLE_CONDITIONAL	component.e93153ddee636cfa2f8c5c66
SSQ_CATACOMBS_NECROPOLIS	eec2658ea1178ff8d42a90b2419f8a57944b7f90abb1ae0a068e03bdff17f70f	CatacombOfTheHeretic	data/spawns/Catacombs/CatacombOfTheHeretic.xml	ssq06_2122_ssq09	territory:-7942:-7792:-53154,-245965|-52531,-245966|-52528,-245364|-53159,-245367	z:-7942:-7792	generated.farm.eec2658ea1178ff8d42a90b2.anchor	-52843	-245666	-7904	-52827	-245666	-7904	VALID	STATIC_XML_CLEAR	1	SCRIPT_CONDITIONAL	NATIVE_CONDITION_UNMODELED	component.ac3253d25593857c65682608
SSQ_CATACOMBS_NECROPOLIS	eef33c692705577acb29b565882efa9a00919a79e4bf20638aaa407da85dd220	CatacombOfDarkOmens	data/spawns/Catacombs/CatacombOfDarkOmens.xml	ssq03_1918_ssq20	territory:-4932:-4732:-9112,17828|-8452,17816|-8472,18416|-9108,18420	z:-4932:-4732	generated.farm.eef33c692705577acb29b565.anchor	-8786	18120	-4896	-8770	18120	-4896	VALID	STATIC_XML_CLEAR	1	SCRIPT_CONDITIONAL	NATIVE_CONDITION_UNMODELED	component.7ff0aa2ef025df3eed1760f6
SSQ_CATACOMBS_NECROPOLIS	ef106f07b09da06bd1a83ce0eaeeb211c1319537f95d3b8a97f3c164adfe46c7	CatacombOfTheWitch	data/spawns/Catacombs/CatacombOfTheWitch.xml	ssq13_2420_ssq38	territory:-5464:-5264:150776,89633|151389,89633|151389,90270|150776,90270	z:-5464:-5264	generated.farm.ef106f07b09da06bd1a83ce0.anchor	151082	89952	-5424	151098	89952	-5424	VALID	STATIC_XML_CLEAR	1	SCRIPT_CONDITIONAL	NATIVE_CONDITION_UNMODELED	component.acae4dfbcc94433b54ab8989
SSQ_CATACOMBS_NECROPOLIS	ef221442725a9c339d8699d521e211754b3b33ffadeff767f2f0c7a9cfbbb92e	NecropolisOfSacrifice	data/spawns/Catacombs/NecropolisOfSacrifice.xml	ssq01_1824_ssq04	territory:-5122:-4922:-41900,214432|-41245,214436|-41248,215036|-41902,215039	z:-5122:-4922	generated.farm.ef221442725a9c339d8699d5.anchor	-41574	214736	-5080	-41558	214736	-5080	VALID	STATIC_XML_CLEAR	1	SCRIPT_CONDITIONAL	NATIVE_CONDITION_UNMODELED	component.ce7bae4e503482cb2b998003
TOWER_OF_INSOLENCE	ef6addf07ea8a98e78d368dd2ac8a0df50070717f442d9f664a5537cd51d62a1	TowerOfInsolence	data/spawns/Aden/TowerOfInsolence.xml	aden29_2318_06	territory:6960:7160:115977,14164|116525,14738|115551,15709|114967,15184	z:6960:7160	generated.farm.ef6addf07ea8a98e78d368dd.anchor	115755	14949	6992	115771	14949	6992	VALID	STATIC_XML_CLEAR	1	NORMAL	GEODATA_INTERNAL_BLOCKED	component.e8b7fcd9ec1c3e4343dc48be
SSQ_CATACOMBS_NECROPOLIS	ef8af15ea4c4466e87e2f1491f1d5e4ab69425f3e606150efec38c2a0b03c161	CatacombOfTheHeretic	data/spawns/Catacombs/CatacombOfTheHeretic.xml	ssq06_2122_ssq33	territory:-7942:-7792:-45622,-250581|-44269,-250586|-44270,-249957|-45618,-249962	z:-7942:-7792	generated.farm.ef8af15ea4c4466e87e2f149.anchor	-44945	-250272	-7904	-44929	-250272	-7904	VALID	STATIC_XML_CLEAR	1	SCRIPT_CONDITIONAL	NATIVE_CONDITION_UNMODELED	component.ac3253d25593857c65682608
TOWER_OF_INSOLENCE	effd2cca2ad123f46081ad1ab1f1b5b62ee9efe05ce57472cef0629213546966	TowerOfInsolence	data/spawns/Aden/TowerOfInsolence.xml	aden40_2318_05	territory:3932:4282:113987,15776|114959,15385|115356,16327|114380,16731	z:3932:4282	generated.farm.effd2cca2ad123f46081ad1a.anchor	114670	16055	3960	114686	16055	3960	VALID	STATIC_XML_CLEAR	1	NORMAL	GEODATA_INTERNAL_BLOCKED	component.a0282e1e05ca25f2327ea3cc
SSQ_CATACOMBS_NECROPOLIS	f03c160b3903294d7d14961a0cc1204121197b73057b407408f4e6bff5c3b0e6	CatacombOfTheApostate	data/spawns/Catacombs/CatacombOfTheApostate.xml	ssq11_2220_ssq14	territory:-8199:-8049:-18727,-245279|-18045,-245275|-18048,-243428|-18722,-243430	z:-8199:-8049	generated.farm.f03c160b3903294d7d14961a.anchor	-18386	-244353	-8160	-18370	-244353	-8160	VALID	STATIC_XML_CLEAR	1	SCRIPT_CONDITIONAL	NATIVE_CONDITION_UNMODELED	component.034a5b9796857e6f481e60f0
SSQ_CATACOMBS_NECROPOLIS	f03f5bff8405d80feb31278463caa08a05677661f7876f5c91f5bd39ae270e41	CatacombOfTheWitch	data/spawns/Catacombs/CatacombOfTheWitch.xml	ssq13_2420_ssq02	territory:-5464:-5264:142874,79313|144345,79313|144345,79950|142874,79950	z:-5464:-5264	generated.farm.f03f5bff8405d80feb312784.anchor	143610	79632	-5424	143626	79632	-5424	VALID	STATIC_XML_CLEAR	1	SCRIPT_CONDITIONAL	NATIVE_CONDITION_UNMODELED	component.acae4dfbcc94433b54ab8989
SSQ_CATACOMBS_NECROPOLIS	f06292775cab87b70f50243081b4468fd80b000fa422ad7f657eaa1ff91d8d47	NecropolisOfThePatriots	data/spawns/Catacombs/NecropolisOfThePatriots.xml	ssq03_1920_ssq07	territory:-5210:-5060:-20285,77154|-19619,77151|-19619,78964|-20282,78963	z:-5210:-5060	generated.farm.f06292775cab87b70f502430.anchor	-19951	78058	-5168	-19935	78058	-5168	VALID	STATIC_XML_CLEAR	1	SCRIPT_CONDITIONAL	NATIVE_CONDITION_UNMODELED	component.888b1c386bb56285d9aedda1
SSQ_CATACOMBS_NECROPOLIS	f0b80a7acabc51cdee30df663f1bdd581fe5ebc9f657a210e008ea78b8fcea10	NecropolisOfWorship	data/spawns/Catacombs/NecropolisOfWorship.xml	ssq09_2323_ssq10	territory:-5472:-5272:116991,175291|117618,175291|117618,176786|116991,176786	z:-5472:-5272	generated.farm.f0b80a7acabc51cdee30df66.anchor	117304	176038	-5432	117320	176038	-5432	VALID	STATIC_XML_CLEAR	1	SCRIPT_CONDITIONAL	NATIVE_CONDITION_UNMODELED	component.b57dbd6b545f82c91f9e3a34
SSQ_CATACOMBS_NECROPOLIS	f1f2986f0b88ff489e67d1b16e1e5e90e4568970eb1708d315d3382c56080a11	NecropolisOfDevotion	data/spawns/Catacombs/NecropolisOfDevotion.xml	ssq02_1820_ssq20	territory:-4779:-4629:-41916,84486|-41313,84482|-41309,85132|-41918,85123	z:-4779:-4629	generated.farm.f1f2986f0b88ff489e67d1b1.anchor	-41614	84806	-4736	-41598	84806	-4736	VALID	STATIC_XML_CLEAR	1	SCRIPT_CONDITIONAL	NATIVE_CONDITION_UNMODELED	component.4f51ad139140e844e92eec35
TOWER_OF_INSOLENCE	f21fa626e858f6d2ac7bae98e62d544d1e250fd2e3589d5c9b0f615c45e8b714	TowerOfInsolence	data/spawns/Aden/TowerOfInsolence.xml	aden36_2318_02	territory:-676:-476:112228,14680|113692,15068|113492,15728|111944,15352	z:-676:-476	generated.farm.f21fa626e858f6d2ac7bae98.anchor	112839	15207	-640	112855	15207	-640	VALID	STATIC_XML_CLEAR	1	NORMAL	GEODATA_INTERNAL_BLOCKED	component.e3a795c7ee3945430982959b
SSQ_CATACOMBS_NECROPOLIS	f26788993852b94f7917b772a7ffb0ba30fa0d1f8f9156bc4e2bb2e82a90ef23	NecropolisOfTheDisciples	data/spawns/Catacombs/NecropolisOfTheDisciples.xml	ssq14_2517_ssq16	territory:-4936:-4736:180024,-13358|181487,-13358|181487,-12661|180024,-12661	z:-4936:-4736	generated.farm.f26788993852b94f7917b772.anchor	180756	-13010	-4896	180772	-13010	-4896	VALID	STATIC_XML_CLEAR	1	SCRIPT_CONDITIONAL	NATIVE_CONDITION_UNMODELED	component.a0f27b0f5d7a1a00f782ed4b
DEVILS_ISLE	f2bab688353fa77725ffe3cd5bee6044a08242bc0ed5aebcf3771ea7947e1b56	DevilsIsle	data/spawns/Giran/DevilsIsle.xml	giran08_2124_031	territory:-3764:-3564:42443,211319|42784,211446|43051,211604|42950,211716|42346,211433	z:-3764:-3564	generated.farm.f2bab688353fa77725ffe3cd.anchor	42715	211504	-3712	42731	211504	-3712	VALID	STATIC_XML_CLEAR	1	NORMAL	REACHABLE_ORDINARY	component.7dad6e3e96728c2a7ff7af09
SSQ_CATACOMBS_NECROPOLIS	f2db938438ec64243ad19691962023fd0e8d0338621dbb6767ed4cd6512886cb	CatacombOfTheWitch	data/spawns/Catacombs/CatacombOfTheWitch.xml	ssq13_2420_ssq19	territory:-5464:-5264:140443,85047|141056,85047|141056,85684|140443,85684	z:-5464:-5264	generated.farm.f2db938438ec64243ad19691.anchor	140750	85366	-5424	140766	85366	-5424	VALID	STATIC_XML_CLEAR	1	SCRIPT_CONDITIONAL	NATIVE_CONDITION_UNMODELED	component.acae4dfbcc94433b54ab8989
SSQ_CATACOMBS_NECROPOLIS	f302fa8f87350d4463c0cb19e3ee8dd1829aa200980678304214ce89e36b2efc	NecropolisOfSacrifice	data/spawns/Catacombs/NecropolisOfSacrifice.xml	ssq01_1824_ssq29	territory:-5115:-4965:-47580,215523|-46946,215521|-46950,216119|-47577,216123	z:-5115:-4965	generated.farm.f302fa8f87350d4463c0cb19.anchor	-47263	215822	-5080	-47247	215822	-5080	VALID	STATIC_XML_CLEAR	1	SCRIPT_CONDITIONAL	NATIVE_CONDITION_UNMODELED	component.ce7bae4e503482cb2b998003
TOWER_OF_INSOLENCE	f308077bf314dea85e77333e9de15c7061ede8141c0e573e07893feaf673a040	TowerOfInsolence	data/spawns/Aden/TowerOfInsolence.xml	aden39_2318_01	territory:2956:3156:113672,16116|113864,15608|114312,15368|114800,15560|115032,16092|114864,16564|114408,16792|113924,16660	z:2956:3156	generated.farm.f308077bf314dea85e77333e.anchor	114360	16095	2992	114376	16095	2992	VALID	STATIC_XML_CLEAR	1	NORMAL	GEODATA_INTERNAL_BLOCKED	component.d6e85b031054e8ad7611a779
SSQ_CATACOMBS_NECROPOLIS	f35696f9e24ed1f86e76f43204e750f485103e41492c05534f7d5c080173230b	NecropolisOfDevotion	data/spawns/Catacombs/NecropolisOfDevotion.xml	ssq02_1820_ssq09	territory:-4775:-4625:-47607,81253|-46949,81250|-46954,82593|-47608,82590	z:-4775:-4625	generated.farm.f35696f9e24ed1f86e76f432.anchor	-47280	81922	-4736	-47264	81922	-4736	VALID	STATIC_XML_CLEAR	1	SCRIPT_CONDITIONAL	NATIVE_CONDITION_UNMODELED	component.4f51ad139140e844e92eec35
SSQ_CATACOMBS_NECROPOLIS	f3a40ed82c7d833926578ea398cedc572cbb8d1043371204aa7e765ea7bd31a0	NecropolisOfMartyrdom	data/spawns/Catacombs/NecropolisOfMartyrdom.xml	ssq10_2322_ssq12	territory:-4872:-4672:123993,134516|124705,134508|124665,135872|124005,135864	z:-4872:-4672	generated.farm.f3a40ed82c7d833926578ea3.anchor	124342	135190	-4824	124358	135190	-4824	VALID	STATIC_XML_CLEAR	1	SCRIPT_CONDITIONAL	NATIVE_CONDITION_UNMODELED	component.7f829cb88cce9a71650cf187
TOWER_OF_INSOLENCE	f3dac0a8425b271bd215a74f5e1e490d0d63330fb6282c687af1efc2631e74ca	TowerOfInsolence	data/spawns/Aden/TowerOfInsolence.xml	aden36_2318_11	territory:-680:-480:114256,15312|115352,15500|114868,15704|114420,15688	z:-680:-480	generated.farm.f3dac0a8425b271bd215a74f.anchor	114724	15551	-640	114740	15551	-640	VALID	STATIC_XML_CLEAR	1	NORMAL	GEODATA_INTERNAL_BLOCKED	component.e9d26713aa8e26fbb5ba32d9
TOWER_OF_INSOLENCE	f472d34d58785e2d78e6b082dd2a829581096e282b9799b301c36d5e8280056b	TowerOfInsolence	data/spawns/Aden/TowerOfInsolence.xml	aden28_2318_14	territory:5944:6144:111869,15586|112576,15699|112576,16405|111869,16555	z:5944:6144	generated.farm.f472d34d58785e2d78e6b082.anchor	112222	16061	5984	112238	16061	5984	VALID	STATIC_XML_CLEAR	1	NOBLESSE_CONDITIONAL	REACHABLE_CONDITIONAL	component.94d63f443e7d478ef61f2020
SSQ_CATACOMBS_NECROPOLIS	f47e09a8e2bb60a2337fd18f7c4ffc0360e6bbbd73c896548b889ab158189f6b	NecropolisOfThePatriots	data/spawns/Catacombs/NecropolisOfThePatriots.xml	ssq03_1920_ssq20	territory:-5206:-5056:-13259,79747|-11909,79781|-11926,80415|-13257,80425	z:-5206:-5056	generated.farm.f47e09a8e2bb60a2337fd18f.anchor	-12588	80092	-5168	-12572	80092	-5168	VALID	STATIC_XML_CLEAR	1	SCRIPT_CONDITIONAL	NATIVE_CONDITION_UNMODELED	component.888b1c386bb56285d9aedda1
SSQ_CATACOMBS_NECROPOLIS	f480dbf0728ab35071ff572106ed6bb2b40c28ea7fae324e32504b3b73bc3319	CatacombOfTheHeretic	data/spawns/Catacombs/CatacombOfTheHeretic.xml	ssq06_2122_ssq05	territory:-7944:-7794:-49201,-247221|-47871,-247227|-47877,-246588|-49196,-246601	z:-7944:-7794	generated.farm.f480dbf0728ab35071ff5721.anchor	-48536	-246909	-7904	-48520	-246909	-7904	VALID	STATIC_XML_CLEAR	1	SCRIPT_CONDITIONAL	NATIVE_CONDITION_UNMODELED	component.ac3253d25593857c65682608
SSQ_CATACOMBS_NECROPOLIS	f53cab9a4f34dbadc8e7cba40355a84a509e1c4bf6c84cc7d6a9e458756820bf	CatacombOfTheHeretic	data/spawns/Catacombs/CatacombOfTheHeretic.xml	ssq06_2122_ssq18	territory:-7942:-7792:-48565,-240267|-47933,-240265|-47918,-239676|-48563,-239674	z:-7942:-7792	generated.farm.f53cab9a4f34dbadc8e7cba4.anchor	-48245	-239970	-7904	-48229	-239970	-7904	VALID	STATIC_XML_CLEAR	1	SCRIPT_CONDITIONAL	NATIVE_CONDITION_UNMODELED	component.ac3253d25593857c65682608
SSQ_CATACOMBS_NECROPOLIS	f58f261c18c9f3405cca7cafe9b503a2e185eebfc72dacd79d19ad7247f79c35	NecropolisOfTheDisciples	data/spawns/Catacombs/NecropolisOfTheDisciples.xml	ssq14_2517_ssq05	territory:-4932:-4732:175984,-17952|176636,-17952|176636,-16486|175984,-16486	z:-4932:-4732	generated.farm.f58f261c18c9f3405cca7caf.anchor	176310	-17219	-4896	176326	-17219	-4896	VALID	STATIC_XML_CLEAR	1	SCRIPT_CONDITIONAL	NATIVE_CONDITION_UNMODELED	component.a0f27b0f5d7a1a00f782ed4b
SSQ_CATACOMBS_NECROPOLIS	f5a568d449bf8aac21b677908ffb564433e3dbfcad602283ca1c986579a3c89a	CatacombOfTheHeretic	data/spawns/Catacombs/CatacombOfTheHeretic.xml	ssq06_2122_ssq15	territory:-7945:-7795:-51059,-243981|-50417,-243974|-50409,-242185|-51068,-242181	z:-7945:-7795	generated.farm.f5a568d449bf8aac21b67790.anchor	-50738	-243080	-7904	-50722	-243080	-7904	VALID	STATIC_XML_CLEAR	1	SCRIPT_CONDITIONAL	NATIVE_CONDITION_UNMODELED	component.ac3253d25593857c65682608
DEVILS_ISLE	f5fe8b6b1af5e3a4b087be25da9edc3539c9950978d4b28b3ca70b022f7694e7	DevilsIsle	data/spawns/Giran/DevilsIsle.xml	giran08_2124_037	territory:-3752:-3552:42015,213410|42328,213424|42468,214999|41833,214943	z:-3752:-3552	generated.farm.f5fe8b6b1af5e3a4b087be25.anchor	42161	214194	-3712	42177	214194	-3712	VALID	STATIC_XML_CLEAR	1	NORMAL	GEODATA_INTERNAL_BLOCKED	component.8943ce66837310b6760542dc
DEVILS_ISLE	f684983fdb6a1ba7d13241fbff9c98d186a37ab45566b6004a4d9c38c06055bf	DevilsIsle	data/spawns/Giran/DevilsIsle.xml	giran08_2124_060	territory:-3628:-3428:48233,215539|48448,215631|48694,216445|48402,216813|47965,216268|47919,215716	z:-3628:-3428	generated.farm.f684983fdb6a1ba7d13241fb.anchor	48277	216069	-3584	48293	216069	-3584	VALID	STATIC_XML_CLEAR	1	NORMAL	GEODATA_INTERNAL_BLOCKED	component.7f1849df7353a6814d7442f4
SSQ_CATACOMBS_NECROPOLIS	f6a8eac07a5ab0e42bd94f7316a7bd91e4941ceda6dba78b07526b9e2db4e99f	NecropolisOfTheSaints	data/spawns/Catacombs/NecropolisOfTheSaints.xml	ssq08_2224_ssq11	territory:-5468:-5268:88928,210340|90802,210342|90811,210998|88924,211000	z:-5468:-5268	generated.farm.f6a8eac07a5ab0e42bd94f73.anchor	89866	210670	-5432	89882	210670	-5432	VALID	STATIC_XML_CLEAR	1	SCRIPT_CONDITIONAL	NATIVE_CONDITION_UNMODELED	component.25ffd0d249e9435bb5e4c376
DEVILS_ISLE	f6b78cd1050f37ba9023d939461f91c58fcf2dcc5e9d6a32e0bcc5ff2873c55d	DevilsIsle	data/spawns/Giran/DevilsIsle.xml	giran08_2124_059	territory:-3616:-3416:48769,216497|49476,217003|49537,217372|49168,217894|48639,217901|48363,217717|48409,216888	z:-3616:-3416	generated.farm.f6b78cd1050f37ba9023d939.anchor	48909	217325	-3584	48925	217325	-3584	VALID	STATIC_XML_CLEAR	1	NORMAL	GEODATA_INTERNAL_BLOCKED	component.7f1849df7353a6814d7442f4
SSQ_CATACOMBS_NECROPOLIS	f6e1c6ec47f0d11ad716675c2c59f1cf0d7bcb024becbd89f7537e2b99b2df24	NecropolisOfMartyrdom	data/spawns/Catacombs/NecropolisOfMartyrdom.xml	ssq10_2322_ssq17	territory:-4876:-4676:126511,134584|128385,134594|128377,135238|126497,135226	z:-4876:-4676	generated.farm.f6e1c6ec47f0d11ad716675c.anchor	127442	134910	-4824	127458	134910	-4824	VALID	STATIC_XML_CLEAR	1	SCRIPT_CONDITIONAL	NATIVE_CONDITION_UNMODELED	component.7f829cb88cce9a71650cf187
SSQ_CATACOMBS_NECROPOLIS	f703a3d167addf7061dd58131d771f0a99a7688f81a36d6ced1f9126b6cd4edf	CatacombOfTheApostate	data/spawns/Catacombs/CatacombOfTheApostate.xml	ssq11_2220_ssq39	territory:-8200:-8050:-14833,-246473|-14189,-246470|-14194,-245879|-14835,-245877	z:-8200:-8050	generated.farm.f703a3d167addf7061dd5813.anchor	-14513	-246175	-8160	-14497	-246175	-8160	VALID	STATIC_XML_CLEAR	1	SCRIPT_CONDITIONAL	NATIVE_CONDITION_UNMODELED	component.5a779e70e10a9bf13f9ef7c3
SSQ_CATACOMBS_NECROPOLIS	f7de819075a243ab89deec37916d61be0a4f4546a56d11def456507ad2691e79	CatacombOfTheBranded	data/spawns/Catacombs/CatacombOfTheBranded.xml	ssq05_2123_ssq18	territory:-4992:-4842:47672,179552|48295,179548|48297,180890|47668,180892	z:-4992:-4842	generated.farm.f7de819075a243ab89deec37.anchor	47983	180220	-4976	47999	180220	-4976	VALID	STATIC_XML_CLEAR	1	SCRIPT_CONDITIONAL	NATIVE_CONDITION_UNMODELED	component.423662c72ad86bfe886c3b61
SSQ_CATACOMBS_NECROPOLIS	f826b941ce682025856a88facc2769e5fa657536a105d7d6b709a25e9cc7337c	CatacombOfTheHeretic	data/spawns/Catacombs/CatacombOfTheHeretic.xml	ssq06_2122_ssq29	territory:-7942:-7792:-42868,-245964|-42224,-245964|-42223,-245357|-42859,-245358	z:-7942:-7792	generated.farm.f826b941ce682025856a88fa.anchor	-42544	-245661	-7904	-42528	-245661	-7904	VALID	STATIC_XML_CLEAR	1	SCRIPT_CONDITIONAL	NATIVE_CONDITION_UNMODELED	component.ac3253d25593857c65682608
DEVILS_ISLE	f847b1b8d2b3b5b1bda757a6f7e500dcbed73cd257895a7d92cf09a840e98e76	DevilsIsle	data/spawns/Giran/DevilsIsle.xml	giran08_2124_024	territory:-3632:-3432:48360,208115|48535,208115|48535,209136|48360,209136	z:-3632:-3432	generated.farm.f847b1b8d2b3b5b1bda757a6.anchor	48448	208626	-3552	48464	208626	-3552	VALID	STATIC_XML_CLEAR	1	NORMAL	REACHABLE_ORDINARY	component.7dad6e3e96728c2a7ff7af09
SSQ_CATACOMBS_NECROPOLIS	f9c1843c0c6b0bf4a5ac427104b57edb4db79ee75c29ba1d1fbc02d659eeabf5	CatacombOfTheWitch	data/spawns/Catacombs/CatacombOfTheWitch.xml	ssq13_2420_ssq04	territory:-5476:-5276:140464,80964|141103,80964|141103,82423|140464,82423	z:-5476:-5276	generated.farm.f9c1843c0c6b0bf4a5ac4271.anchor	140784	81694	-5424	140800	81694	-5424	VALID	STATIC_XML_CLEAR	1	SCRIPT_CONDITIONAL	NATIVE_CONDITION_UNMODELED	component.acae4dfbcc94433b54ab8989
SSQ_CATACOMBS_NECROPOLIS	f9f3c9dc77615632096b1dd13504c0348fdbbfa5db068f1f3fdfe0ed5bf7368b	CatacombOfTheWitch	data/spawns/Catacombs/CatacombOfTheWitch.xml	ssq13_2420_ssq31	territory:-5464:-5264:147265,86936|148736,86936|148736,87573|147265,87573	z:-5464:-5264	generated.farm.f9f3c9dc77615632096b1dd1.anchor	148000	87254	-5424	148016	87254	-5424	VALID	STATIC_XML_CLEAR	1	SCRIPT_CONDITIONAL	NATIVE_CONDITION_UNMODELED	component.acae4dfbcc94433b54ab8989
IMPERIAL_TOMB	fa744c535286dc2ceeee001ecf20ad67e675f22b9029361dfad7fe01e4076890	ImperialTomb	data/spawns/Goddard/ImperialTomb.xml	godard14_2515_16	territory:-6015:-5715:186142,-81378|186961,-81360|186957,-80639|186164,-80573	z:-6015:-5715	generated.farm.fa744c535286dc2ceeee001e.anchor	186556	-80988	-5960	186572	-80988	-5960	VALID	STATIC_XML_CLEAR	1	NOBLESSE_CONDITIONAL	REACHABLE_CONDITIONAL	component.30e5cb07315a67a8381cbe8d
DEVILS_ISLE	fa92c35d572b5318b07c7af1d618c57b943e69fefaeb4022160783faa9bf6448	DevilsIsle	data/spawns/Giran/DevilsIsle.xml	giran08_2124_038	territory:-3732:-3532:46101,211469|46353,211477|46204,212057|45209,212124|45508,211736	z:-3732:-3532	generated.farm.fa92c35d572b5318b07c7af1.anchor	45875	211773	-3640	45891	211773	-3640	VALID	STATIC_XML_CLEAR	1	NORMAL	REACHABLE_ORDINARY	component.7dad6e3e96728c2a7ff7af09
SSQ_CATACOMBS_NECROPOLIS	fb275fc58e7188d6f584ea4f746c4a7c579ac977c2ad9d38b01d3eb9e3eda48d	CatacombOfTheWitch	data/spawns/Catacombs/CatacombOfTheWitch.xml	ssq13_2420_ssq12	territory:-5464:-5264:150748,79393|151360,79393|151360,80030|150748,80030	z:-5464:-5264	generated.farm.fb275fc58e7188d6f584ea4f.anchor	151054	79712	-5424	151070	79712	-5424	VALID	STATIC_XML_CLEAR	1	SCRIPT_CONDITIONAL	NATIVE_CONDITION_UNMODELED	component.acae4dfbcc94433b54ab8989
SSQ_CATACOMBS_NECROPOLIS	fc3bbc4eeb4e29c0d2d65833fc2bf67c5e060999148fbc624b2113514f428af4	NecropolisOfThePatriots	data/spawns/Catacombs/NecropolisOfThePatriots.xml	ssq03_1920_ssq17	territory:-5206:-5056:-14733,79290|-14095,79288|-14092,79884|-14742,79877	z:-5206:-5056	generated.farm.fc3bbc4eeb4e29c0d2d65833.anchor	-14416	79585	-5168	-14400	79585	-5168	VALID	STATIC_XML_CLEAR	1	SCRIPT_CONDITIONAL	NATIVE_CONDITION_UNMODELED	component.888b1c386bb56285d9aedda1
TOWER_OF_INSOLENCE	fc4d05b1ad121911097cf69e80083b4b290e75600bbbabb33f45382a560bd306	TowerOfInsolence	data/spawns/Aden/TowerOfInsolence.xml	aden41_2318_08	territory:4935:5285:113647,14631|114116,14437|114108,14805|113616,15210|113315,14937	z:4935:5285	generated.farm.fc4d05b1ad121911097cf69e.anchor	113760	14804	4976	113776	14804	4976	VALID	STATIC_XML_CLEAR	1	NORMAL	GEODATA_INTERNAL_BLOCKED	component.b49333e93c1de47f30a8441c
SSQ_CATACOMBS_NECROPOLIS	fc53a9b52e5295704683e24ba347f210a2b2132b6683a5aa0a58925afb8faf59	CatacombOfTheForbiddenPath	data/spawns/Catacombs/CatacombOfTheForbiddenPath.xml	ssq12_2320_ssq14	territory:-9612:-9412:20791,-248885|22171,-248869|22159,-248177|20787,-248189	z:-9612:-9412	generated.farm.fc53a9b52e5295704683e24b.anchor	21477	-248530	-9576	21493	-248530	-9576	VALID	STATIC_XML_CLEAR	1	SCRIPT_CONDITIONAL	NATIVE_CONDITION_UNMODELED	component.137ee57453c450cb1450f091
SSQ_CATACOMBS_NECROPOLIS	fc7f210dd1c8901dc821703def3567767a0efdbf48083ea460e1d27c279675f8	CatacombOfTheHeretic	data/spawns/Catacombs/CatacombOfTheHeretic.xml	ssq06_2122_ssq23	territory:-7945:-7795:-42866,-242657|-42216,-242655|-42225,-241315|-42870,-241320	z:-7945:-7795	generated.farm.fc7f210dd1c8901dc821703d.anchor	-42544	-241987	-7904	-42528	-241987	-7904	VALID	STATIC_XML_CLEAR	1	SCRIPT_CONDITIONAL	NATIVE_CONDITION_UNMODELED	component.ac3253d25593857c65682608
SSQ_CATACOMBS_NECROPOLIS	fd040cb045d35c4ded05535e8300c818a7a1ddb1379f5728206d3a69967454e8	NecropolisOfTheSaints	data/spawns/Catacombs/NecropolisOfTheSaints.xml	ssq08_2224_ssq09	territory:-5468:-5268:87748,213520|88348,213516|88352,214148|87744,214156	z:-5468:-5268	generated.farm.fd040cb045d35c4ded05535e.anchor	88048	213835	-5432	88064	213835	-5432	VALID	STATIC_XML_CLEAR	1	SCRIPT_CONDITIONAL	NATIVE_CONDITION_UNMODELED	component.25ffd0d249e9435bb5e4c376
SSQ_CATACOMBS_NECROPOLIS	fd374dd39de6508cbf9efba6273205ae53f7c7303aeb62f55d27dbce2388ac59	CatacombOfDarkOmens	data/spawns/Catacombs/CatacombOfDarkOmens.xml	ssq03_1918_ssq10	territory:-4936:-4736:-14824,17820|-14148,17808|-14152,18420|-14812,18424	z:-4936:-4736	generated.farm.fd374dd39de6508cbf9efba6.anchor	-14484	18118	-4896	-14468	18118	-4896	VALID	STATIC_XML_CLEAR	1	SCRIPT_CONDITIONAL	NATIVE_CONDITION_UNMODELED	component.7ff0aa2ef025df3eed1760f6
SSQ_CATACOMBS_NECROPOLIS	fef21342eab7ed869fcb6b9312cc81f23d9dac824e2a1d7077ab8f61da8866e1	CatacombOfDarkOmens	data/spawns/Catacombs/CatacombOfDarkOmens.xml	ssq03_1918_ssq07	territory:-4936:-4736:-18152,16544|-17480,16560|-17488,18440|-18128,18424	z:-4936:-4736	generated.farm.fef21342eab7ed869fcb6b93.anchor	-17812	17492	-4896	-17796	17492	-4896	VALID	STATIC_XML_CLEAR	1	SCRIPT_CONDITIONAL	NATIVE_CONDITION_UNMODELED	component.7ff0aa2ef025df3eed1760f6
DEVILS_ISLE	ff510820d435e13ea81ec3caae8cd3afa3893f5256f729498f7828fbbddaece4	DevilsIsle	data/spawns/Giran/DevilsIsle.xml	giran08_2124_062	territory:-3552:-3352:48852,214396|49315,214404|49324,214596|48852,214596	z:-3552:-3352	generated.farm.ff510820d435e13ea81ec3ca.anchor	49086	214498	-3504	49102	214498	-3504	VALID	STATIC_XML_CLEAR	1	NORMAL	GEODATA_INTERNAL_BLOCKED	component.b1474d324cb4546b583f5011
SSQ_CATACOMBS_NECROPOLIS	ff981976a7c597d287a794181ea6d4bfd41e6be1c8c06cd88e0c8b3943d52c85	NecropolisOfThePatriots	data/spawns/Catacombs/NecropolisOfThePatriots.xml	ssq03_1920_ssq05	territory:-5208:-5058:-20569,80509|-19968,80514|-19968,81150|-20567,81149	z:-5208:-5058	generated.farm.ff981976a7c597d287a79418.anchor	-20268	80830	-5168	-20252	80830	-5168	VALID	STATIC_XML_CLEAR	1	SCRIPT_CONDITIONAL	NATIVE_CONDITION_UNMODELED	component.888b1c386bb56285d9aedda1
DEVILS_ISLE	fff91d22664d3a915cf1cbfc7b4554f17f91dac99946b9c93e9f3b2895a5b7b3	DevilsIsle	data/spawns/Giran/DevilsIsle.xml	giran08_2124_055	territory:-3628:-3428:47790,220792|48632,220818|48683,220992|47828,220980	z:-3628:-3428	generated.farm.fff91d22664d3a915cf1cbfc.anchor	48233	220896	-3584	48249	220896	-3584	VALID	STATIC_XML_CLEAR	1	NORMAL	REACHABLE_ORDINARY	component.7dad6e3e96728c2a7ff7af09
TOWER_OF_INSOLENCE	ffff49da4f018b69a3289531c44367fa749af97777191885509a1e934639606c	TowerOfInsolence	data/spawns/Aden/TowerOfInsolence.xml	aden36_2318_04	territory:-688:-488:113732,16836|114352,17188|114100,18300|113384,18032	z:-688:-488	generated.farm.ffff49da4f018b69a3289531.anchor	113892	17589	-640	113908	17589	-640	VALID	STATIC_XML_CLEAR	1	NORMAL	GEODATA_INTERNAL_BLOCKED	component.e3a795c7ee3945430982959b
