connector_id	connector_kind	from_type	from_id	to_type	to_id	instance_id	from_x	from_y	from_z	to_x	to_y	to_z	map_region_from	map_region_to	straight_distance	validation_status	path_length	path_segments	source_refs	reason
connector.002098efc35e426f72b5e9da	ANCHOR_TO_DEST	ANCHOR	generated.farm.58fb59f14eb6728f01dd73f2.anchor	DEST	dest.a93a05bb8dc5f577fcad0b87	0	46781	145524	-3680	42514	143917	-5385	916	916	4868	NO_PATH	0	0	data/spawns/Dion/ExecutionGrounds.xml|data/teleporters/dungeon/31120.xml	NO_PATH
connector.00226606de048483f108c773	ANCHOR_TO_DEST	ANCHOR	generated.farm.f0514c14d379407f1823f1e7.anchor	DEST	dest.bf858e6767aedc4b3744d67b	0	151576	-62206	-3232	150561	-57489	-2976	1538	1538	4832	NO_PATH	0	0	data/spawns/Goddard/GardenOfBeasts.xml|data/teleporters/clanhall/Goddard/35461.xml	NO_PATH
connector.005ee6bb882d1160109e495e	ANCHOR_TO_DEST	ANCHOR	generated.farm.9325a61d37584f81c64ce8a6.anchor	DEST	dest.c198460adf168f69d59928b8	0	155053	-10779	-4160	155310	-16339	-3320	924	924	5629	NO_PATH	0	0	data/spawns/Aden/BlazingSwamp.xml|data/teleporters/clanhall/Aden/35439.xml	NO_PATH
connector.0074f529e8dfe97f03891206	DEST_TO_ANCHOR	DEST	dest.676f59b862d33902959c4f11	ANCHOR	generated.farm.115e665f5c027e4ca2fb1b2d.anchor	0	11235	-24026	-3640	6184	-21181	-3432	1924	1924	5801	NO_PATH	0	0	data/teleporters/town/31320.xml|data/spawns/Rune/PrimevalIsle.xml	NO_PATH
connector.0076f61022ea2946d7660531	DEST_TO_ANCHOR	DEST	dest.ac389c02ab4f56bc2f4d3487	ANCHOR	generated.farm.21c8e0a71fc1a30fb94fd849.anchor	0	64328	26803	-3768	57402	30692	-3768	922	922	7944	NO_PATH	0	0	data/teleporters/town/30177.xml|data/spawns/Oren/SeaOfSpores.xml	NO_PATH
connector.00d0628b85e55cd51c92a0d3	ANCHOR_TO_GK	ANCHOR	generated.farm.475038779aaee6a2e82aa06b.anchor	GK	spawn.adbf2ddde00443bc89450f43	0	175552	-186630	-1280	178884	-184227	-336	921	921	4216	PATH_SEGMENT_BLOCKED	0	0	data/spawns/DwarvenTerritory/DwarvenStarting.xml|data/spawns/Others/25_12.xml	PATH_SEGMENT_BLOCKED
connector.00d9031298638ff5de0b4e12	DEST_TO_ANCHOR	DEST	dest.fab7b56737a57f4e742112eb	ANCHOR	generated.farm.4cc36c1a22a101feee890b27.anchor	0	65307	-71445	-3696	67087	-72136	-3824	1537	1537	1914	VALID_DIRECT	1914	1	data/teleporters/clanhall/Rune/35576.xml|data/spawns/Rune/ValleyOfSaints.xml	GEOENGINE_PROVEN
connector.00e427e2bc5fab851ffb7609	DEST_TO_ANCHOR	DEST	dest.99c640dbaf880872599d4081	ANCHOR	generated.farm.10cd601a791fee9db8ebd1df.anchor	0	-9959	176184	-4160	-14434	177008	-5304	912	912	4692	NO_PATH	0	0	data/teleporters/clanhall/Gludio/35386.xml|data/spawns/Gludio/Wasteland.xml	NO_PATH
connector.014fa8831a57a1b084218a36	ANCHOR_TO_DEST	ANCHOR	generated.farm.6a87fbbb6822f42a7b78be7d.anchor	DEST	dest.45565ac66d6cf494a00dc6e5	0	81540	-44675	-3232	89513	-44800	-2136	1537	1537	8049	NO_PATH	0	0	data/spawns/Rune/SwampOfScreams.xml|data/teleporters/town/31320.xml	NO_PATH
connector.01932c8980e283f3d9a00dac	DEST_TO_ANCHOR	DEST	dest.97e884732d1831265eceeb3b	ANCHOR	population.farming.orc.20535	0	-44836	-112524	-235	-49106	-115854	-160	920	920	5416	NO_PATH	0	0	data/teleporters/town/32163.xml|data/spawns/OrcTerritory/OrcStarting.xml	NO_PATH
connector.01e23ac08d1c607dfb0357f2	GK_TO_ANCHOR	GK	spawn.5ec71ae062fb709719b08cec	ANCHOR	generated.farm.cd306da76ff484653e1f8b63.anchor	0	11504	-23344	-3644	4679	-19352	-3616	1924	1924	7907	NO_PATH	0	0	data/spawns/Others/20_17.xml|data/spawns/Rune/PrimevalIsle.xml	NO_PATH
connector.0207198c958ca242eb7e5601	DEST_TO_ANCHOR	DEST	dest.137141ac05b457adc3dbb8d1	ANCHOR	generated.farm.f0514c14d379407f1823f1e7.anchor	0	146990	-67128	-3640	151576	-62206	-3232	1538	1538	6740	NO_PATH	0	0	data/teleporters/clanhall/Goddard/35467.xml|data/spawns/Goddard/GardenOfBeasts.xml	NO_PATH
connector.02368e13a8221bc1ba49b49f	DEST_TO_ANCHOR	DEST	dest.a11b765b1fdfbe59148d95d8	ANCHOR	generated.farm.e72c2c1fdf7715981415fcdb.anchor	0	-45158	-112583	-240	-49543	-110784	-240	920	920	4740	NO_PATH	0	0	data/teleporters/town/30320.xml|data/spawns/OrcTerritory/OrcStarting.xml	NO_PATH
connector.023d5049ed46ba07fa9e0a7e	ANCHOR_TO_DEST	ANCHOR	population.farming.human-mystic.20481	DEST	dest.f2250fc66d2e1e4512042557	0	-86478	251343	-3600	-84318	244579	-3730	910	910	7102	NO_PATH	0	0	data/spawns/TalkingIsland/TalkingIslandMonsters.xml|data/teleporters/town/32163.xml	NO_PATH
connector.02424629abf2675ad70ae707	DEST_TO_ANCHOR	DEST	dest.9637163d36bdf4ac9032ff74	ANCHOR	generated.farm.c9688432b997ec0243ec1b3f.anchor	0	147458	2408	219	148203	-1884	-4592	924	924	6491	NO_PATH	0	0	data/teleporters/doorman/35271.xml|data/spawns/Aden/BlazingSwamp.xml	NO_PATH
connector.025527539e1c64e7dfef95f4	ANCHOR_TO_DEST	ANCHOR	generated.farm.6bce7187cbe16e4accd6425c.anchor	DEST	dest.c198460adf168f69d59928b8	0	154819	-21497	-1608	155310	-16339	-3320	924	924	5457	NO_PATH	0	0	data/spawns/Aden/BlazingSwamp.xml|data/teleporters/clanhall/Aden/35439.xml	NO_PATH
connector.02582852e842a9a12d5b0060	GK_TO_ANCHOR	GK	spawn.79dc0be68e2c487320847dde	ANCHOR	generated.farm.5603e92e1fee2a50869a1471.anchor	0	191391	57074	-7616	185546	58931	-7232	924	924	6145	NO_PATH	0	0	data/spawns/Others/25_19.xml|data/spawns/Aden/GiantsCave.xml	NO_PATH
connector.027966081631db0b750a7732	DEST_TO_ANCHOR	DEST	dest.1b10b6e3a3cf02df43ce107b	ANCHOR	generated.farm.00e6dc6ffd09813c59b5a8f3.anchor	0	78721	253309	-9840	79871	255930	-9848	926	926	2863	PATH_SEGMENT_BLOCKED	0	0	data/teleporters/town/30899.xml|data/spawns/Innadril/GardenOfEva.xml	PATH_SEGMENT_BLOCKED
connector.02f03ec9fb57aef22fd4e2b6	DEST_TO_ANCHOR	DEST	dest.b3ded18bbb6e7117c0af9e78	ANCHOR	generated.farm.876a7287c4ce725f1e7eb176.anchor	0	84092	-80084	-3504	79660	-78562	-4040	1537	1537	4717	NO_PATH	0	0	data/teleporters/town/31320.xml|data/spawns/Rune/ValleyOfSaints.xml	NO_PATH
connector.037338d50cfd6ced3622fb39	DEST_TO_ANCHOR	DEST	dest.6a1ddd6bd7f4610f50be2cf8	ANCHOR	generated.farm.8a7bb9fc5fe46b8eedb998ea.anchor	0	144866	-57464	-2976	143516	-61360	-3152	1538	1538	4128	NO_PATH	0	0	data/teleporters/clanhall/Goddard/35461.xml|data/spawns/Goddard/GardenOfBeasts.xml	NO_PATH
connector.037b444062921c9c6c5b4ec6	ANCHOR_TO_DEST	ANCHOR	generated.farm.721be9c9f82200fe629be486.anchor	DEST	dest.18657e72d3afd42f45908db0	0	148815	-63396	-3160	153460	-70055	-3312	1538	1538	8121	NO_PATH	0	0	data/spawns/Goddard/GardenOfBeasts.xml|data/teleporters/chamberlain/35363.xml	NO_PATH
connector.03a154821275282ecb852e80	ANCHOR_TO_DEST	ANCHOR	population.route.human-mystic.b2	DEST	dest.1336b2e6b9a96915db9adc85	0	-89240	249912	-3568	-84141	244623	-3728	910	910	7349	NO_PATH	0	0	data/stats/players/templates/StartingClass/HumanMystic.xml|data/spawns/TalkingIsland/TalkingIslandMonsters.xml|data/teleporters/town/30134.xml	NO_PATH
connector.03a7c883863c3afc6fb56b5c	GK_TO_ANCHOR	GK	spawn.ee82a6e3aa92a4ff7f32794c	ANCHOR	population.route.human-mystic.a1	0	-84108	244604	-3728	-89304	249848	-3568	910	910	7385	NO_PATH	0	0	data/spawns/Others/17_25.xml|data/stats/players/templates/StartingClass/HumanMystic.xml|data/spawns/TalkingIsland/TalkingIslandMonsters.xml	NO_PATH
connector.03c771ee1f475a05660e9960	ANCHOR_TO_GK	ANCHOR	generated.farm.40fce0c0c643f3fbfe83b21f.anchor	GK	spawn.c3b887fab1e752991ad6afef	0	149848	-63337	-3408	148381	-56525	-2760	1538	1538	6999	NO_PATH	0	0	data/spawns/Goddard/GardenOfBeasts.xml|data/spawns/Others/24_16.xml	NO_PATH
connector.03cad63021099b044c7e9690	ANCHOR_TO_DEST	ANCHOR	generated.farm.2ee25f6a341f505bb40de2fc.anchor	DEST	dest.25e28532f79c5963d8bce2a5	0	124818	55785	-3360	124904	61992	-3973	923	923	6238	NO_PATH	0	0	data/spawns/Hunters/EnchantedValley.xml|data/teleporters/clanhall/Aden/35443.xml	NO_PATH
connector.03ee1f43d964d0cc746d22be	DEST_TO_ANCHOR	DEST	dest.cc433c3076642e927f9055c3	ANCHOR	generated.farm.21b9887f8ee2edf13d4afe09.anchor	0	69340	-50203	-3314	71042	-55479	-3136	1537	1537	5547	NO_PATH	0	0	data/teleporters/clanhall/Rune/35640.xml|data/spawns/Rune/SwampOfScreams.xml	NO_PATH
connector.0410130c5f63116dd6993a6c	GK_TO_ANCHOR	GK	spawn.165f3a69ba65d2f92b214384	ANCHOR	generated.farm.2375efd4a61538412f238d7c.anchor	0	147412	3355	-46	152789	-2636	-4544	924	924	9222	NO_PATH	0	0	data/spawns/Castles/Aden.xml|data/spawns/Aden/BlazingSwamp.xml	NO_PATH
connector.04155c4b3da8689f281f63e7	GK_TO_ANCHOR	GK	spawn.63121d2ce78453f15ff12866	ANCHOR	giran.gatekeeper.30080	0	78652	148280	-3580	83396	147904	-3404	918	918	4763	NO_PATH	0	0	data/spawns/Others/22_22.xml|data/stats/npcs/30000-30099.xml|data/spawns/Others/22_22.xml|data/teleporters/town/30080.xml	NO_PATH
connector.0454a69d53e305ff656b8f83	ANCHOR_TO_DEST	ANCHOR	generated.farm.a32843d9945a633fb0d082ee.anchor	DEST	dest.9637163d36bdf4ac9032ff74	0	150739	-2129	-4568	147458	2408	219	924	924	7367	NO_PATH	0	0	data/spawns/Aden/BlazingSwamp.xml|data/teleporters/doorman/35271.xml	NO_PATH
connector.047601894e5a80a571fe4348	DEST_TO_ANCHOR	DEST	dest.05dff68273ca1da96f284fdb	ANCHOR	generated.farm.c893f0fcd2f7e357defa4600.anchor	0	84413	234334	-3656	85114	241269	-4896	926	926	7080	NO_PATH	0	0	data/teleporters/town/30899.xml|data/spawns/Innadril/GardenOfEva.xml	NO_PATH
connector.04800cc915f9018c1f6f0bc7	ANCHOR_TO_GK	ANCHOR	generated.farm.44b1ade2814caaa457678dfb.anchor	GK	spawn.2c9dd5f04731e37d775ed3ac	0	155467	-47545	-3824	147808	-45328	-2083	1538	1538	8162	NO_PATH	0	0	data/spawns/Goddard/GardenOfBeasts.xml|data/spawns/Castles/Goddard.xml	NO_PATH
connector.04c445ea53bb762a4772ac9a	DEST_TO_ANCHOR	DEST	dest.93fb345339f51516004ccb05	ANCHOR	generated.farm.2b8fcfeff71ff7b46af34fef.anchor	0	124651	207877	-3184	124999	201345	-2704	926	926	6559	NO_PATH	0	0	data/teleporters/chamberlain/35316.xml|data/spawns/Innadril/AlligatorBeach.xml	NO_PATH
connector.04da2fee4e26b618aba39de4	ANCHOR_TO_DEST	ANCHOR	generated.farm.8a9e1e8a2b6103753d39cc70.anchor	DEST	dest.b3ded18bbb6e7117c0af9e78	0	80203	-76691	-4016	84092	-80084	-3504	1537	1537	5187	NO_PATH	0	0	data/spawns/Rune/ValleyOfSaints.xml|data/teleporters/town/31320.xml	NO_PATH
connector.052992af5de8f144f59c2449	DEST_TO_ANCHOR	DEST	dest.4284b435762f397cce85fcfb	ANCHOR	generated.farm.c34d4845871d5a78bc5d3cd1.anchor	0	144880	-113468	-2560	149010	-111922	-2160	1538	1538	4428	NO_PATH	0	0	data/teleporters/others/Varka.xml|data/spawns/Goddard/HotSprings.xml	NO_PATH
connector.054e8427f26dde711eae6e41	DEST_TO_ANCHOR	DEST	dest.1e879a713772907ce9c92b95	ANCHOR	generated.farm.acbc1fbb53cc203c35e3437c.anchor	0	91539	-12204	-2440	93241	-8879	-2904	922	922	3765	VALID_PATH	3814	3	data/teleporters/town/30177.xml|data/spawns/Oren/OutlawForest.xml	GEOENGINE_PROVEN
connector.0567d5f5d5b7ee3e3b29629c	ANCHOR_TO_DEST	ANCHOR	generated.farm.5b305330a32f8784c91ab144.anchor	DEST	dest.9d74188a88fecd721cf1e45e	0	28013	53902	-3304	21362	51122	-3688	914	914	7219	NO_PATH	0	0	data/spawns/ElvenTerritory/ElvenStarting.xml|data/teleporters/town/30146.xml	NO_PATH
connector.05753108028b754b82390e47	ANCHOR_TO_DEST	ANCHOR	population.route.dwarf.a3	DEST	dest.9c5be74df9759b32cc4ea701	0	112996	-173691	-608	115120	-178224	-880	921	921	5014	NO_PATH	0	0	data/stats/players/templates/StartingClass/DwarvenFighter.xml|data/spawns/DwarvenTerritory/DwarvenStarting.xml|data/teleporters/town/30256.xml	NO_PATH
connector.05a1ceef8b38b8d7cd124394	GK_TO_ANCHOR	GK	spawn.cd48f4a126ad9fb6d9a60ca2	ANCHOR	population.route.dwarf.a3	0	115072	-178176	-880	112996	-173691	-608	921	921	4950	NO_PATH	0	0	data/spawns/Others/23_12.xml|data/stats/players/templates/StartingClass/DwarvenFighter.xml|data/spawns/DwarvenTerritory/DwarvenStarting.xml	NO_PATH
connector.05a672a9cfd33d6153479f66	DEST_TO_ANCHOR	DEST	dest.0feab79a64ec9659f5c1d1c5	ANCHOR	generated.farm.51ef3428c5b2ea2ef8ac5ada.anchor	0	124904	61992	-3920	121090	55588	-4560	923	923	7482	NO_PATH	0	0	data/teleporters/town/30233.xml|data/spawns/Hunters/EnchantedValley.xml	NO_PATH
connector.05eb57b56445568e2c2b48c9	GK_TO_ANCHOR	GK	spawn.03ea56153c3f4ab07c49f3d3	ANCHOR	giran.castle.attacker.staging	0	115575	144864	-2567	112122	144855	-2751	918	918	3458	PATH_SEGMENT_BLOCKED	0	0	data/spawns/Castles/Giran.xml|data/html/admin/teleports/CastleAreas/giran.htm|data/zones/castle_siege.xml|data/zones/castle_hall.xml	PATH_SEGMENT_BLOCKED
connector.06131d280d76ea82a269b716	ANCHOR_TO_DEST	ANCHOR	generated.farm.dfd7a9e53a647fe939cd530a.anchor	DEST	dest.6a1ddd6bd7f4610f50be2cf8	0	141197	-58115	-3064	144866	-57464	-2976	1538	1538	3728	NO_PATH	0	0	data/spawns/Goddard/GardenOfBeasts.xml|data/teleporters/clanhall/Goddard/35461.xml	NO_PATH
connector.06293b3fc64e2d4b47dd8c4b	ANCHOR_TO_DEST	ANCHOR	generated.farm.5eb9ca10f507264114a7bd47.anchor	DEST	dest.4f5494441b06f6ad17ab7b81	0	155056	-48692	-3672	148748	-48951	-687	1538	1538	6984	NO_PATH	0	0	data/spawns/Goddard/GardenOfBeasts.xml|data/teleporters/doorman/35359.xml	NO_PATH
connector.06295a26980cdfe1165ceea4	GK_TO_ANCHOR	GK	spawn.206b6e6944c7ff3757a380be	ANCHOR	generated.farm.c9688432b997ec0243ec1b3f.anchor	0	147362	6111	-400	148203	-1884	-4592	924	924	9067	NO_PATH	0	0	data/spawns/Castles/Aden.xml|data/spawns/Aden/BlazingSwamp.xml	NO_PATH
connector.0634d8f6d9a9b7fc442fd9c1	ANCHOR_TO_GK	ANCHOR	generated.farm.c6b91d878955fb4a74840c96.anchor	GK	spawn.fba52e3020863a6709bad42b	0	154440	-47418	-3776	148612	-49004	-688	1538	1538	6784	NO_PATH	0	0	data/spawns/Goddard/GardenOfBeasts.xml|data/spawns/Castles/Goddard.xml	NO_PATH
connector.067c90af788ae39035dcf74f	GK_TO_ANCHOR	GK	spawn.4ec1cadaeec07b1cea645215	ANCHOR	generated.farm.c6b91d878955fb4a74840c96.anchor	0	149272	-48088	-2382	154440	-47418	-3776	1538	1538	5395	NO_PATH	0	0	data/spawns/Castles/Goddard.xml|data/spawns/Goddard/GardenOfBeasts.xml	NO_PATH
connector.06965e03e836e3854b1fb292	ANCHOR_TO_DEST	ANCHOR	generated.farm.76760877434123ebddb05ba3.anchor	DEST	dest.390dce2c80e6f8dcb183685e	0	138008	-49020	-3240	146181	-49209	-686	1538	1538	8565	NO_PATH	0	0	data/spawns/Goddard/GardenOfBeasts.xml|data/teleporters/doorman/35360.xml	NO_PATH
connector.069738e0900cf81d8a5f9f07	ANCHOR_TO_DEST	ANCHOR	generated.farm.a0abc859a574ede81641f47b.anchor	DEST	dest.4b5c5793c1f48563fea006af	0	157129	-48341	-3168	165054	-47861	-3560	1538	1538	7950	NO_PATH	0	0	data/spawns/Goddard/GardenOfBeasts.xml|data/teleporters/clanhall/Goddard/35463.xml	NO_PATH
connector.06e672b36deea198673c5203	ANCHOR_TO_GK	ANCHOR	generated.farm.f5d8df78a09e41d99d10034a.anchor	GK	spawn.ac82aef55922d501c77db6ea	0	14485	116441	-3728	17722	119749	-9068	916	916	7067	NO_PATH	0	0	data/spawns/Dion/CrumaMarshlands.xml|data/spawns/Others/20_21.xml	NO_PATH
connector.06f05e0492fa3e0752d44605	ANCHOR_TO_DEST	ANCHOR	generated.farm.81c6855121cf6afa88828282.anchor	DEST	dest.4bf9406ebda63490a2e4f866	0	142148	-59521	-3184	147728	-56331	-2776	1538	1538	6441	NO_PATH	0	0	data/spawns/Goddard/GardenOfBeasts.xml|data/teleporters/clanhall/Goddard/35461.xml	NO_PATH
connector.06f3332dc5d553746fa0b438	ANCHOR_TO_DEST	ANCHOR	giran.castle.attacker.staging	DEST	dest.b4a1ae4df8c995cd286084c9	0	112122	144855	-2751	113123	144869	-2835	918	918	1005	PATH_SEGMENT_BLOCKED	0	0	data/html/admin/teleports/CastleAreas/giran.htm|data/zones/castle_siege.xml|data/zones/castle_hall.xml|data/teleporters/doorman/35180.xml	PATH_SEGMENT_BLOCKED
connector.06f9b3e578fde9798db86089	DEST_TO_ANCHOR	DEST	dest.1b10b6e3a3cf02df43ce107b	ANCHOR	generated.farm.6bf88f1fc40b2a15d6780862.anchor	0	78721	253309	-9840	80633	255284	-10360	926	926	2798	VALID_PATH	3075	4	data/teleporters/town/30899.xml|data/spawns/Innadril/GardenOfEva.xml	GEOENGINE_PROVEN
connector.0713ec4642bc476a293056b8	ANCHOR_TO_DEST	ANCHOR	generated.farm.971e95449ef3a39381151685.anchor	DEST	dest.6ae64a2dea927cc4882b9be3	0	79178	250328	-10360	79248	247390	-8816	926	926	3320	NO_PATH	0	0	data/spawns/Innadril/GardenOfEva.xml|data/teleporters/town/30899.xml	NO_PATH
connector.0842401c676d4311eea4e8d1	ANCHOR_TO_GK	ANCHOR	generated.farm.3bbbcdb43022c7bf23796fb4.anchor	GK	spawn.5ec71ae062fb709719b08cec	0	15590	-17440	-3224	11504	-23344	-3644	1924	1924	7193	NO_PATH	0	0	data/spawns/Rune/PrimevalIsle.xml|data/spawns/Others/20_17.xml	NO_PATH
connector.0892f0c07264083cee4cf8d9	ANCHOR_TO_DEST	ANCHOR	giran.city.center	DEST	dest.c109f018f56e30d5971c5075	0	82480	149087	-3350	81525	143821	-3528	918	918	5355	NO_PATH	0	0	data/mapregion/giran_castle_town.xml|data/teleporters/clanhall/Giran/35457.xml	NO_PATH
connector.08ae992984dfbddb731e00a0	ANCHOR_TO_GK	ANCHOR	generated.farm.3ec423fd29deeac7ab56455f.anchor	GK	spawn.b01963fa374b638f50531674	0	138496	-51209	-2736	146312	-49004	-688	1538	1538	8376	NO_PATH	0	0	data/spawns/Goddard/GardenOfBeasts.xml|data/spawns/Castles/Goddard.xml	NO_PATH
connector.08ea027a9e6dee9524551bc3	ANCHOR_TO_GK	ANCHOR	generated.farm.44b1ade2814caaa457678dfb.anchor	GK	spawn.4ec1cadaeec07b1cea645215	0	155467	-47545	-3824	149272	-48088	-2382	1538	1538	6384	NO_PATH	0	0	data/spawns/Goddard/GardenOfBeasts.xml|data/spawns/Castles/Goddard.xml	NO_PATH
connector.0902beb3d39269277c0c0912	DEST_TO_ANCHOR	DEST	dest.60157b30f93203373e08dd6a	ANCHOR	generated.farm.12923521d58d7301f63fd56a.anchor	0	111965	-154172	-1528	117133	-149832	-2352	1714	1714	6799	NO_PATH	0	0	data/teleporters/clanhall/Schuttgart/35580.xml|data/spawns/Others/PlunderousPlains.xml	NO_PATH
connector.091fe7531f7f5cb9c9d41e27	ANCHOR_TO_DEST	ANCHOR	generated.farm.d8f73f15f7b61b931200f06d.anchor	DEST	dest.21e9c9b1510df61032cbc4cc	0	80565	250265	-10872	77868	250400	-9328	926	926	3111	NO_PATH	0	0	data/spawns/Innadril/GardenOfEva.xml|data/teleporters/town/30899.xml	NO_PATH
connector.092d8e1109ca923d05dcae44	DEST_TO_ANCHOR	DEST	dest.84cfda71508181370e4e1e94	ANCHOR	generated.farm.5ab36622a62ce01d64b9675c.anchor	0	50568	152408	-2656	46621	148391	-3688	916	916	5726	NO_PATH	0	0	data/teleporters/town/30059.xml|data/spawns/Dion/ExecutionGrounds.xml	NO_PATH
connector.09a054c2de295b6911bc91f9	ANCHOR_TO_GK	ANCHOR	generated.farm.c6b91d878955fb4a74840c96.anchor	GK	spawn.d18a9ba08e5427b0fcccb4f0	0	154440	-47418	-3776	148664	-49168	-672	1538	1538	6787	NO_PATH	0	0	data/spawns/Goddard/GardenOfBeasts.xml|data/spawns/Castles/Goddard.xml	NO_PATH
connector.0a12b99edcb44e9bb5dd83bf	DEST_TO_ANCHOR	DEST	dest.3dd86fe06a72ce612785df72	ANCHOR	generated.farm.4cc36c1a22a101feee890b27.anchor	0	65307	-71445	-3688	67087	-72136	-3824	1537	1537	1915	VALID_DIRECT	1915	1	data/teleporters/town/31320.xml|data/spawns/Rune/ValleyOfSaints.xml	GEOENGINE_PROVEN
connector.0a28c0957fcac6c2de87220b	DEST_TO_ANCHOR	DEST	dest.cc433c3076642e927f9055c3	ANCHOR	generated.farm.5af31eb84f758f557543b4e3.anchor	0	69340	-50203	-3314	72138	-45334	-3224	1537	1537	5617	NO_PATH	0	0	data/teleporters/clanhall/Rune/35640.xml|data/spawns/Rune/SwampOfScreams.xml	NO_PATH
connector.0a2eac89b75ffe5dc79562cd	GK_TO_ANCHOR	GK	spawn.48598069a7e03782845dcce6	ANCHOR	generated.farm.3ed60488890fc56b8a93d524.anchor	0	146275	4468	-400	145214	-1914	-4592	924	924	7709	NO_PATH	0	0	data/spawns/Castles/Aden.xml|data/spawns/Aden/BlazingSwamp.xml	NO_PATH
connector.0a87337729ca26ce144703d3	DEST_TO_ANCHOR	DEST	dest.02fff12e5eb887fc34e8ce91	ANCHOR	generated.farm.c9688432b997ec0243ec1b3f.anchor	0	147456	6058	-407	148203	-1884	-4592	924	924	9009	NO_PATH	0	0	data/teleporters/doorman/35269.xml|data/spawns/Aden/BlazingSwamp.xml	NO_PATH
connector.0aa3a21871aa72379086215b	ANCHOR_TO_DEST	ANCHOR	generated.farm.44b1ade2814caaa457678dfb.anchor	DEST	dest.4f5494441b06f6ad17ab7b81	0	155467	-47545	-3824	148748	-48951	-687	1538	1538	7548	NO_PATH	0	0	data/spawns/Goddard/GardenOfBeasts.xml|data/teleporters/doorman/35359.xml	NO_PATH
connector.0b14140728a713ce3e641e82	ANCHOR_TO_DEST	ANCHOR	generated.farm.5e5aca3a954f1bc9c48910db.anchor	DEST	dest.bf858e6767aedc4b3744d67b	0	155435	-55803	-3120	150561	-57489	-2976	1538	1538	5160	NO_PATH	0	0	data/spawns/Goddard/GardenOfBeasts.xml|data/teleporters/clanhall/Goddard/35461.xml	NO_PATH
connector.0b3393a4614584ecf3c09426	ANCHOR_TO_GK	ANCHOR	generated.farm.115e665f5c027e4ca2fb1b2d.anchor	GK	spawn.5ec71ae062fb709719b08cec	0	6184	-21181	-3432	11504	-23344	-3644	1924	1924	5747	NO_PATH	0	0	data/spawns/Rune/PrimevalIsle.xml|data/spawns/Others/20_17.xml	NO_PATH
connector.0b3904a1f285d69634ed8c4b	GK_TO_ANCHOR	GK	spawn.4eb4de1255938bc6529e2121	ANCHOR	generated.farm.c6b91d878955fb4a74840c96.anchor	0	147264	-45632	-2083	154440	-47418	-3776	1538	1538	7587	NO_PATH	0	0	data/spawns/Castles/Goddard.xml|data/spawns/Goddard/GardenOfBeasts.xml	NO_PATH
connector.0b3a6d585bbd96f7fa6c9a03	DEST_TO_ANCHOR	DEST	dest.d4313d5eea5aa2d626abb520	ANCHOR	population.ingress.human-mystic.03	0	-84752	243122	-3728	-90918	248070	-3568	910	910	7908	NO_PATH	0	0	data/teleporters/others/32614.xml|data/stats/players/templates/StartingClass/HumanMystic.xml	NO_PATH
connector.0b3cf3b583046f67700561b8	ANCHOR_TO_GK	ANCHOR	generated.farm.580d4fbf531862b4ef832098.anchor	GK	spawn.4eb4de1255938bc6529e2121	0	154735	-43714	-3720	147264	-45632	-2083	1538	1538	7886	NO_PATH	0	0	data/spawns/Goddard/GardenOfBeasts.xml|data/spawns/Castles/Goddard.xml	NO_PATH
connector.0b5b3b72c1004de1870b5cf4	ANCHOR_TO_DEST	ANCHOR	generated.farm.102f0f5b8696c901c945c359.anchor	DEST	dest.ecd982a3f5b0851c65fc7acc	0	75719	-54466	-3136	76911	-55295	-5824	1537	1537	3056	NO_PATH	0	0	data/spawns/Rune/SwampOfScreams.xml|data/teleporters/clanhall/Rune/35568.xml	NO_PATH
connector.0b6752dfbc88453890e907ab	GK_TO_ANCHOR	GK	spawn.ad98f94eca5e47f60d3fee70	ANCHOR	generated.farm.c89c06bdfdd089fa8039eae4.anchor	0	110848	174016	-5437	111986	172674	-3760	926	926	2431	NO_PATH	0	0	data/spawns/Others/23_23.xml|data/spawns/Innadril/AlligatorIsland.xml	NO_PATH
connector.0b95ee3e2435e70709dd9a15	DEST_TO_ANCHOR	DEST	dest.45565ac66d6cf494a00dc6e5	ANCHOR	generated.farm.7edd10e7b625d4439929ed74.anchor	0	89513	-44800	-2136	82622	-45855	-3184	1537	1537	7050	NO_PATH	0	0	data/teleporters/town/31320.xml|data/spawns/Rune/SwampOfScreams.xml	NO_PATH
connector.0b9aa76b6dc7a83f745d248c	GK_TO_ANCHOR	GK	spawn.d18a9ba08e5427b0fcccb4f0	ANCHOR	generated.farm.9ce01b6c387257511e5c6df4.anchor	0	148664	-49168	-672	156116	-46618	-3760	1538	1538	8460	NO_PATH	0	0	data/spawns/Castles/Goddard.xml|data/spawns/Goddard/GardenOfBeasts.xml	NO_PATH
connector.0b9f3f030c65e838147b18f4	DEST_TO_ANCHOR	DEST	dest.0078633d4fd88238ef4fcba7	ANCHOR	generated.farm.44b1ade2814caaa457678dfb.anchor	0	148736	-49201	-688	155467	-47545	-3824	1538	1538	7609	NO_PATH	0	0	data/teleporters/doorman/35359.xml|data/spawns/Goddard/GardenOfBeasts.xml	NO_PATH
connector.0babf57e7d8fe2b99ef0a971	DEST_TO_ANCHOR	DEST	dest.5a41f45cf22daa12bbd6a4c0	ANCHOR	generated.farm.df677844f3af094815e984cc.anchor	0	178591	-184615	-360	175556	-188129	-1672	921	921	4826	NO_PATH	0	0	data/teleporters/town/30540.xml|data/spawns/DwarvenTerritory/DwarvenStarting.xml	NO_PATH
connector.0bbe7e5e5f6e22c16218419f	DEST_TO_ANCHOR	DEST	dest.ecd982a3f5b0851c65fc7acc	ANCHOR	generated.farm.102f0f5b8696c901c945c359.anchor	0	76911	-55295	-5824	75719	-54466	-3136	1537	1537	3056	NO_PATH	0	0	data/teleporters/clanhall/Rune/35568.xml|data/spawns/Rune/SwampOfScreams.xml	NO_PATH
connector.0bcae4f92fbfc04cd900d2f7	ANCHOR_TO_DEST	ANCHOR	generated.farm.007f9057c1ee101b364fff57.anchor	DEST	dest.fb425c42143da7dbe6caa9bd	0	155476	-49469	-3352	148928	-48245	-2383	1538	1538	6732	NO_PATH	0	0	data/spawns/Goddard/GardenOfBeasts.xml|data/teleporters/doorman/35358.xml	NO_PATH
connector.0be171de4ba98f2abbc96d8a	ANCHOR_TO_DEST	ANCHOR	population.route.dwarf.a4	DEST	dest.8d3b8a0f8679baa430ed780e	0	113508	-174203	-608	115113	-178212	-901	921	921	4329	NO_PATH	0	0	data/stats/players/templates/StartingClass/DwarvenFighter.xml|data/spawns/DwarvenTerritory/DwarvenStarting.xml|data/teleporters/town/32163.xml	NO_PATH
connector.0be1ce276bba18a3362354f4	DEST_TO_ANCHOR	DEST	dest.c5b83c9fbef62a1041c22fe6	ANCHOR	generated.farm.195346187bb8cfab214a6820.anchor	0	184742	19745	-3168	180254	15860	-3168	924	924	5936	NO_PATH	0	0	data/teleporters/clanhall/Aden/35441.xml|data/spawns/Aden/Cemetery.xml	NO_PATH
connector.0bfddc246400bf68b5621e7a	ANCHOR_TO_GK	ANCHOR	giran.route.north	GK	spawn.c820b1421abc88c924e18183	0	85000	143000	-4072	81876	145392	-3520	918	918	3974	NO_PATH	0	0	data/mapregion/giran_castle_town.xml|data/spawns/Others/22_22.xml	NO_PATH
connector.0c9e8eb2a68ff0baa987a204	GK_TO_ANCHOR	GK	spawn.06384715e69ff99fb3fa7140	ANCHOR	giran.gatekeeper.30080	0	83568	145264	-3388	83396	147904	-3404	918	918	2646	PATH_SEGMENT_BLOCKED	0	0	data/spawns/Others/22_22.xml|data/stats/npcs/30000-30099.xml|data/spawns/Others/22_22.xml|data/teleporters/town/30080.xml	PATH_SEGMENT_BLOCKED
connector.0cd886ed00aff48ef536df61	ANCHOR_TO_GK	ANCHOR	generated.farm.1a8d5255f1d68b98358f16fc.anchor	GK	spawn.c1f761b8b05451d19bb5847b	0	70230	76786	-3696	77312	78400	-5123	922	922	7403	NO_PATH	0	0	data/spawns/Oren/TimakOutpost.xml|data/spawns/Others/22_20.xml	NO_PATH
connector.0cef4dc9ae7c1385c2b391c2	ANCHOR_TO_DEST	ANCHOR	generated.farm.4cc36c1a22a101feee890b27.anchor	DEST	dest.fab7b56737a57f4e742112eb	0	67087	-72136	-3824	65307	-71445	-3696	1537	1537	1914	VALID_DIRECT	1914	1	data/spawns/Rune/ValleyOfSaints.xml|data/teleporters/clanhall/Rune/35576.xml	GEOENGINE_PROVEN
connector.0d1336515d882d6dd3ae2c2f	ANCHOR_TO_DEST	ANCHOR	population.route.human-mystic.a2	DEST	dest.1336b2e6b9a96915db9adc85	0	-89144	249976	-3568	-84141	244623	-3728	910	910	7329	NO_PATH	0	0	data/stats/players/templates/StartingClass/HumanMystic.xml|data/spawns/TalkingIsland/TalkingIslandMonsters.xml|data/teleporters/town/30134.xml	NO_PATH
connector.0d29098bcccf38c9cc753944	DEST_TO_ANCHOR	DEST	dest.c8ca5c4eb70fd303de8c9345	ANCHOR	generated.farm.4e76dc23218e129a890c3248.anchor	0	79414	71496	-3448	71264	70956	-3688	922	922	8172	NO_PATH	0	0	data/teleporters/town/30177.xml|data/spawns/Oren/TimakOutpost.xml	NO_PATH
connector.0d5e188832d7f255ad693c8a	DEST_TO_ANCHOR	DEST	dest.4284b435762f397cce85fcfb	ANCHOR	generated.farm.4475282a85a97a4b396b967b.anchor	0	144880	-113468	-2560	149140	-108937	-2536	1538	1538	6220	NO_PATH	0	0	data/teleporters/others/Varka.xml|data/spawns/Goddard/HotSprings.xml	NO_PATH
connector.0d7604eca3a5ab2a37952478	ANCHOR_TO_DEST	ANCHOR	population.ingress.human-mystic.03	DEST	dest.d4313d5eea5aa2d626abb520	0	-90918	248070	-3568	-84752	243122	-3728	910	910	7908	NO_PATH	0	0	data/stats/players/templates/StartingClass/HumanMystic.xml|data/teleporters/others/32614.xml	NO_PATH
connector.0d959c9da81610baefd7fb85	ANCHOR_TO_GK	ANCHOR	generated.farm.3ed60488890fc56b8a93d524.anchor	GK	spawn.886ea7c1f785b55b69ec0767	0	145214	-1914	-4592	147408	2320	221	924	924	6776	NO_PATH	0	0	data/spawns/Aden/BlazingSwamp.xml|data/spawns/Castles/Aden.xml	NO_PATH
connector.0d9f3b12350397b79012deed	GK_TO_ANCHOR	GK	spawn.fba52e3020863a6709bad42b	ANCHOR	generated.farm.c6b91d878955fb4a74840c96.anchor	0	148612	-49004	-688	154440	-47418	-3776	1538	1538	6784	NO_PATH	0	0	data/spawns/Castles/Goddard.xml|data/spawns/Goddard/GardenOfBeasts.xml	NO_PATH
connector.0de3e07ff1ce81185543ba66	DEST_TO_ANCHOR	DEST	dest.30c6d78f26daf398ac196b3b	ANCHOR	generated.farm.3c0d8abca8bd8b3c5196c8b9.anchor	0	168779	-18790	-3184	173277	-23788	-3608	924	924	6738	NO_PATH	0	0	data/teleporters/clanhall/Aden/35421.xml|data/spawns/Aden/FieldsOfMassacre.xml	NO_PATH
connector.0e212be9a394f9196bbbc549	ANCHOR_TO_DEST	ANCHOR	generated.farm.2f5a4686e378172f8cb75ec4.anchor	DEST	dest.fb425c42143da7dbe6caa9bd	0	154309	-46007	-3744	148928	-48245	-2383	1538	1538	5985	NO_PATH	0	0	data/spawns/Goddard/GardenOfBeasts.xml|data/teleporters/doorman/35358.xml	NO_PATH
connector.0e4013d8f5edd281091d8a47	ANCHOR_TO_DEST	ANCHOR	generated.farm.5ca91d92e71a0bcc1a94a29a.anchor	DEST	dest.a1d7bc7e70d2a60843030a75	0	107510	40014	-3680	104426	33746	-3800	923	923	6987	NO_PATH	0	0	data/spawns/Hunters/EnchantedValley.xml|data/teleporters/town/30233.xml	NO_PATH
connector.0e4efc8c8b6d352148051fdd	ANCHOR_TO_GK	ANCHOR	giran.gatekeeper.30080	GK	spawn.eb2a0cf2960a2810f8a6efa9	0	83396	147904	-3404	83396	147904	-3404	918	918	0	NO_MOVEMENT	0	0	data/stats/npcs/30000-30099.xml|data/spawns/Others/22_22.xml|data/teleporters/town/30080.xml|data/spawns/Others/22_22.xml	NO_MOVEMENT
connector.0e923bcf7b97e0e7913232cc	DEST_TO_ANCHOR	DEST	dest.818f1d4dc9597a3b7b746723	ANCHOR	generated.farm.681e3332d0683f9cf7778dc6.anchor	0	-99586	237637	-3568	-97185	245366	-3688	910	910	8095	NO_PATH	0	0	data/teleporters/town/30006.xml|data/spawns/TalkingIsland/TalkingIslandMonsters.xml	NO_PATH
connector.0ea0dac06b191914c95529f8	DEST_TO_ANCHOR	DEST	dest.388ea2f92227db8e8dece50a	ANCHOR	generated.farm.2375efd4a61538412f238d7c.anchor	0	149283	4610	-432	152789	-2636	-4544	924	924	9040	NO_PATH	0	0	data/teleporters/doorman/35270.xml|data/spawns/Aden/BlazingSwamp.xml	NO_PATH
connector.0ecb37830947cc6c3e4821ca	DEST_TO_ANCHOR	DEST	dest.1336b2e6b9a96915db9adc85	ANCHOR	population.farming.human-mystic.20481	0	-84141	244623	-3728	-86478	251343	-3600	910	910	7116	NO_PATH	0	0	data/teleporters/town/30134.xml|data/spawns/TalkingIsland/TalkingIslandMonsters.xml	NO_PATH
connector.0edd2894ebe15205e333cddd	DEST_TO_ANCHOR	DEST	dest.99c640dbaf880872599d4081	ANCHOR	generated.farm.cbe97db63c47e9e0de70290e.anchor	0	-9959	176184	-4160	-13876	180175	-5384	912	912	5725	NO_PATH	0	0	data/teleporters/clanhall/Gludio/35386.xml|data/spawns/Gludio/Wasteland.xml	NO_PATH
connector.0ee6426568570b2ce387cc32	ANCHOR_TO_DEST	ANCHOR	generated.farm.e72c2c1fdf7715981415fcdb.anchor	DEST	dest.97e884732d1831265eceeb3b	0	-49543	-110784	-240	-44836	-112524	-235	920	920	5019	NO_PATH	0	0	data/spawns/OrcTerritory/OrcStarting.xml|data/teleporters/town/32163.xml	NO_PATH
connector.0f5215df9fa9099c1ca172f2	GK_TO_ANCHOR	GK	spawn.165f3a69ba65d2f92b214384	ANCHOR	generated.farm.3ed60488890fc56b8a93d524.anchor	0	147412	3355	-46	145214	-1914	-4592	924	924	7298	NO_PATH	0	0	data/spawns/Castles/Aden.xml|data/spawns/Aden/BlazingSwamp.xml	NO_PATH
connector.0f57f0cd4dea5a9c09bcb961	DEST_TO_ANCHOR	DEST	dest.6fb5021ca4d18a28277cff29	ANCHOR	generated.farm.102f0f5b8696c901c945c359.anchor	0	71814	-57054	-3088	75719	-54466	-3136	1537	1537	4685	NO_PATH	0	0	data/teleporters/chamberlain/35509.xml|data/spawns/Rune/SwampOfScreams.xml	NO_PATH
connector.0f75ed97ff8bf73c6cadc2e5	ANCHOR_TO_DEST	ANCHOR	generated.farm.35bc24702a1ca5060701b348.anchor	DEST	dest.3a4f442d133fa1a426799f77	0	77675	124357	-2792	73024	118485	-3696	923	923	7546	NO_PATH	0	0	data/spawns/Giran/BrekasStronghold.xml|data/teleporters/town/30233.xml	NO_PATH
connector.0f967f50badda57ec0fae948	DEST_TO_ANCHOR	DEST	dest.1336b2e6b9a96915db9adc85	ANCHOR	population.route.human-mystic.a2	0	-84141	244623	-3728	-89144	249976	-3568	910	910	7329	NO_PATH	0	0	data/teleporters/town/30134.xml|data/stats/players/templates/StartingClass/HumanMystic.xml|data/spawns/TalkingIsland/TalkingIslandMonsters.xml	NO_PATH
connector.10226d597eaf6c1093d3ed91	DEST_TO_ANCHOR	DEST	dest.b3ded18bbb6e7117c0af9e78	ANCHOR	generated.farm.d488eb2bfd869b5f6a241e2f.anchor	0	84092	-80084	-3504	87177	-73288	-3632	1537	1537	7465	NO_PATH	0	0	data/teleporters/town/31320.xml|data/spawns/Rune/ValleyOfSaints.xml	NO_PATH
connector.105fec73773d41ef08f0b4e7	DEST_TO_ANCHOR	DEST	dest.6fb5021ca4d18a28277cff29	ANCHOR	generated.farm.21b9887f8ee2edf13d4afe09.anchor	0	71814	-57054	-3088	71042	-55479	-3136	1537	1537	1755	VALID_PATH	2121	7	data/teleporters/chamberlain/35509.xml|data/spawns/Rune/SwampOfScreams.xml	GEOENGINE_PROVEN
connector.109334de9ebded0e05e94e49	DEST_TO_ANCHOR	DEST	dest.97e884732d1831265eceeb3b	ANCHOR	population.route.orc.a2	0	-44836	-112524	-235	-52637	-113715	-80	920	920	7893	NO_PATH	0	0	data/teleporters/town/32163.xml|data/stats/players/templates/StartingClass/OrcFighter.xml|data/stats/players/templates/StartingClass/OrcMystic.xml|data/spawns/OrcTerritory/OrcStarting.xml	NO_PATH
connector.10cb10a82e2a489acac46aa8	DEST_TO_ANCHOR	DEST	dest.5fe38c8e1f8672000e17c3fe	ANCHOR	generated.farm.76760877434123ebddb05ba3.anchor	0	145514	-48241	-2383	138008	-49020	-3240	1538	1538	7595	NO_PATH	0	0	data/teleporters/doorman/35357.xml|data/spawns/Goddard/GardenOfBeasts.xml	NO_PATH
connector.10e0bf7e617933c96c2028b0	GK_TO_ANCHOR	GK	spawn.bb061baa4175fd891ed344c3	ANCHOR	generated.farm.e47439edce6317c8c5af5c29.anchor	0	117872	132800	-4829	117413	128329	-2832	918	923	4919	NO_PATH	0	0	data/spawns/Others/23_22.xml|data/spawns/Giran/GorgonFlowerGarden.xml	NO_PATH
connector.10e11715a1b87253c8dba4c3	GK_TO_ANCHOR	GK	spawn.844ddb7500852ef9c1ed2526	ANCHOR	generated.farm.c6076add103259c1f91ba953.anchor	0	147966	-55228	-2728	140696	-57173	-2944	1538	1538	7529	NO_PATH	0	0	data/spawns/Others/24_16.xml|data/spawns/Goddard/GardenOfBeasts.xml	NO_PATH
connector.111097ebe91fb341435c53c2	GK_TO_ANCHOR	GK	spawn.fd9f47ca0ec8168b909eabac	ANCHOR	generated.farm.8714c855f530d031d32c2e9b.anchor	0	107680	-52112	-2405	109809	-45451	-2336	1538	1538	6994	NO_PATH	0	0	data/spawns/Others/23_16.xml|data/spawns/Goddard/VarkaSlenosOutpost.xml	NO_PATH
connector.1119ab946fb444bc14e407c1	ANCHOR_TO_DEST	ANCHOR	population.route.human-mystic.a1	DEST	dest.1336b2e6b9a96915db9adc85	0	-89304	249848	-3568	-84141	244623	-3728	910	910	7348	NO_PATH	0	0	data/stats/players/templates/StartingClass/HumanMystic.xml|data/spawns/TalkingIsland/TalkingIslandMonsters.xml|data/teleporters/town/30134.xml	NO_PATH
connector.11348d90659478db36a16730	DEST_TO_ANCHOR	DEST	dest.bf858e6767aedc4b3744d67b	ANCHOR	generated.farm.d5293ad13f4722d653be46d7.anchor	0	150561	-57489	-2976	151869	-61029	-3120	1538	1538	3777	NO_PATH	0	0	data/teleporters/clanhall/Goddard/35461.xml|data/spawns/Goddard/GardenOfBeasts.xml	NO_PATH
connector.117c91d2a07ddb568f68781a	GK_TO_ANCHOR	GK	spawn.c820b1421abc88c924e18183	ANCHOR	giran.city.center	0	81876	145392	-3520	82480	149087	-3350	918	918	3748	NO_PATH	0	0	data/spawns/Others/22_22.xml|data/mapregion/giran_castle_town.xml	NO_PATH
connector.11b0cd4bc5e252f610b9435a	ANCHOR_TO_DEST	ANCHOR	generated.farm.0f3b8c82251c8dddfa049825.anchor	DEST	dest.f2522fd691ccf61f81ae16ec	0	83555	254562	-10872	82951	252354	-10592	926	926	2307	VALID_PATH	2654	3	data/spawns/Innadril/GardenOfEva.xml|data/teleporters/town/30899.xml	GEOENGINE_PROVEN
connector.11b4ba10ffbf9f650aa4ab11	ANCHOR_TO_GK	ANCHOR	generated.farm.3ed60488890fc56b8a93d524.anchor	GK	spawn.a3d2ceef49ab21d925ba7a10	0	145214	-1914	-4592	145725	4799	-425	924	924	7918	NO_PATH	0	0	data/spawns/Aden/BlazingSwamp.xml|data/spawns/Castles/Aden.xml	NO_PATH
connector.11d1b00598b5946b71fb8fcc	DEST_TO_ANCHOR	DEST	dest.cd7635f1c7137701ac3c258f	ANCHOR	generated.farm.72a70565cf896eeca73c9be5.anchor	0	-4190	-80040	-2696	828	-80910	-2656	920	920	5094	NO_PATH	0	0	data/teleporters/town/30576.xml|data/spawns/OrcTerritory/OrcStarting.xml	NO_PATH
connector.11dc481f1c1523e0ea9c4867	DEST_TO_ANCHOR	DEST	dest.fbea6002af7dc7c3e4d7d167	ANCHOR	generated.farm.475038779aaee6a2e82aa06b.anchor	0	175499	-181586	-904	175552	-186630	-1280	921	921	5059	NO_PATH	0	0	data/teleporters/town/30540.xml|data/spawns/DwarvenTerritory/DwarvenStarting.xml	NO_PATH
connector.11ebc01b7ede56f36ea8ff96	ANCHOR_TO_GK	ANCHOR	generated.farm.2f5a4686e378172f8cb75ec4.anchor	GK	spawn.2c9dd5f04731e37d775ed3ac	0	154309	-46007	-3744	147808	-45328	-2083	1538	1538	6745	NO_PATH	0	0	data/spawns/Goddard/GardenOfBeasts.xml|data/spawns/Castles/Goddard.xml	NO_PATH
connector.1202d1a38ab11271df6c25c7	DEST_TO_ANCHOR	DEST	dest.8650bf421ef61bebc6d6fea5	ANCHOR	generated.farm.c89c06bdfdd089fa8039eae4.anchor	0	111273	174015	-5417	111986	172674	-3760	926	926	2248	NO_PATH	0	0	data/teleporters/dungeon/31097.xml|data/spawns/Innadril/AlligatorIsland.xml	NO_PATH
connector.121e70fe2ff3091f498f3b9d	ANCHOR_TO_GK	ANCHOR	generated.farm.7f3bc4923037a86b5311ef60.anchor	GK	spawn.844ddb7500852ef9c1ed2526	0	154266	-57607	-3368	147966	-55228	-2728	1538	1538	6765	NO_PATH	0	0	data/spawns/Goddard/GardenOfBeasts.xml|data/spawns/Others/24_16.xml	NO_PATH
connector.1220ef5ecea638a35b3956a1	GK_TO_ANCHOR	GK	spawn.eb2a0cf2960a2810f8a6efa9	ANCHOR	giran.city.center	0	83396	147904	-3404	82480	149087	-3350	918	918	1498	VALID_DIRECT	1498	1	data/spawns/Others/22_22.xml|data/mapregion/giran_castle_town.xml	GEOENGINE_PROVEN
connector.123ccaf32cac5242e81c3aad	ANCHOR_TO_DEST	ANCHOR	generated.farm.c41d5bd8bc6f8468bc43ecc5.anchor	DEST	dest.996bf59649987d0a0df38a32	0	117464	199169	-3720	115583	192261	-3488	926	926	7164	VALID_DIRECT	7164	1	data/spawns/Innadril/AlligatorBeach.xml|data/teleporters/town/30899.xml	GEOENGINE_PROVEN
connector.12427d8faf39fa7ffe76eb49	ANCHOR_TO_GK	ANCHOR	generated.farm.5eb9ca10f507264114a7bd47.anchor	GK	spawn.c5db474f615ec7563feee08e	0	155056	-48692	-3672	147408	-49296	-2120	1538	1538	7828	NO_PATH	0	0	data/spawns/Goddard/GardenOfBeasts.xml|data/spawns/Castles/Goddard.xml	NO_PATH
connector.125cff632b27cfac81779f0e	GK_TO_ANCHOR	GK	spawn.7dd418081a38ac69b21350fe	ANCHOR	generated.farm.2821cf96ec95f62bb3d5bec7.anchor	0	17877	113970	-11672	20661	114027	-3712	916	916	8434	NO_PATH	0	0	data/spawns/Others/20_21.xml|data/spawns/Dion/CrumaMarshlands.xml	NO_PATH
connector.1268ed613f662e5bb5070d4c	ANCHOR_TO_DEST	ANCHOR	generated.farm.4558cfcfd7ce6b634def74b4.anchor	DEST	dest.2381ef3e82eb4c230b417890	0	192004	56865	-4720	191754	56760	-7624	924	924	2917	NO_PATH	0	0	data/spawns/Aden/GiantsCave.xml|data/teleporters/clanhall/Aden/35449.xml	NO_PATH
connector.1290ee193e18a7c609372b30	DEST_TO_ANCHOR	DEST	dest.c5b83c9fbef62a1041c22fe6	ANCHOR	generated.farm.e42bb456a398ee48d7a2ed77.anchor	0	184742	19745	-3168	182246	22328	-3168	924	924	3592	VALID_PATH	3693	3	data/teleporters/clanhall/Aden/35441.xml|data/spawns/Aden/Cemetery.xml	GEOENGINE_PROVEN
connector.12a04b1499d5ce029a6c5351	ANCHOR_TO_GK	ANCHOR	generated.farm.a32843d9945a633fb0d082ee.anchor	GK	spawn.48598069a7e03782845dcce6	0	150739	-2129	-4568	146275	4468	-400	924	924	8990	NO_PATH	0	0	data/spawns/Aden/BlazingSwamp.xml|data/spawns/Castles/Aden.xml	NO_PATH
connector.12a1d197729572f94f56b0d9	DEST_TO_ANCHOR	DEST	dest.f2250fc66d2e1e4512042557	ANCHOR	population.route.human-mystic.b2	0	-84318	244579	-3730	-89240	249912	-3568	910	910	7260	NO_PATH	0	0	data/teleporters/town/32163.xml|data/stats/players/templates/StartingClass/HumanMystic.xml|data/spawns/TalkingIsland/TalkingIslandMonsters.xml	NO_PATH
connector.12ab3da40b1f84adc376d9a9	ANCHOR_TO_DEST	ANCHOR	generated.farm.c89c06bdfdd089fa8039eae4.anchor	DEST	dest.8650bf421ef61bebc6d6fea5	0	111986	172674	-3760	111273	174015	-5417	926	926	2248	NO_PATH	0	0	data/spawns/Innadril/AlligatorIsland.xml|data/teleporters/dungeon/31097.xml	NO_PATH
connector.12be0e47afacad337c33f635	DEST_TO_ANCHOR	DEST	dest.75c9d3fb9a76edd9c2a47378	ANCHOR	giran.route.north	0	83551	147945	-3400	85000	143000	-4072	918	918	5197	NO_PATH	0	0	data/teleporters/town/30836.xml|data/mapregion/giran_castle_town.xml	NO_PATH
connector.12d0ba98ddaaa6eadca6d718	ANCHOR_TO_DEST	ANCHOR	generated.farm.7687a7a08e9e2c021b1ed490.anchor	DEST	dest.b8a1497da34f2dc4d98f0ddd	0	138248	-47069	-3008	146026	-48241	-2383	1538	1538	7891	NO_PATH	0	0	data/spawns/Goddard/GardenOfBeasts.xml|data/teleporters/doorman/35357.xml	NO_PATH
connector.1317f6e30c90145b61f1a553	ANCHOR_TO_DEST	ANCHOR	generated.farm.e47439edce6317c8c5af5c29.anchor	DEST	dest.5271eb776e9039b6d48707c5	0	117413	128329	-2832	118308	132800	-4833	923	918	4980	NO_PATH	0	0	data/spawns/Giran/GorgonFlowerGarden.xml|data/teleporters/dungeon/31100.xml	NO_PATH
connector.13263684306006aeaae53161	GK_TO_ANCHOR	GK	spawn.0ee92d8baebbdfb84d872803	ANCHOR	population.route.orc.a3	0	-45264	-112512	-240	-50845	-113715	-168	920	920	5710	NO_PATH	0	0	data/spawns/Others/18_14.xml|data/stats/players/templates/StartingClass/OrcFighter.xml|data/stats/players/templates/StartingClass/OrcMystic.xml|data/spawns/OrcTerritory/OrcStarting.xml	NO_PATH
connector.1331917c1120109f261437b7	DEST_TO_ANCHOR	DEST	dest.d4313d5eea5aa2d626abb520	ANCHOR	population.route.human-mystic.guard.30733	0	-84752	243122	-3728	-87847	250564	-3616	910	910	8061	NO_PATH	0	0	data/teleporters/others/32614.xml|data/stats/players/templates/StartingClass/HumanMystic.xml|data/spawns/TalkingIsland/TalkingIslandMonsters.xml|data/stats/npcs/30700-30799.xml	NO_PATH
connector.13812f4e112c04f34b124fdc	ANCHOR_TO_DEST	ANCHOR	generated.farm.5eb9ca10f507264114a7bd47.anchor	DEST	dest.a1e4693884e8683fb171a478	0	155056	-48692	-3672	153996	-50182	-2992	1538	1538	1951	VALID_PATH	2807	4	data/spawns/Goddard/GardenOfBeasts.xml|data/teleporters/chamberlain/35363.xml	GEOENGINE_PROVEN
connector.139ed920a0b7b0a42661f457	DEST_TO_ANCHOR	DEST	dest.1b10b6e3a3cf02df43ce107b	ANCHOR	generated.farm.3df9f87e624a3183e2db8982.anchor	0	78721	253309	-9840	78231	253507	-9848	926	926	529	PATH_SEGMENT_BLOCKED	0	0	data/teleporters/town/30899.xml|data/spawns/Innadril/GardenOfEva.xml	PATH_SEGMENT_BLOCKED
connector.13d880220f5ec4fe9891655b	GK_TO_ANCHOR	GK	spawn.c1f761b8b05451d19bb5847b	ANCHOR	generated.farm.1a8d5255f1d68b98358f16fc.anchor	0	77312	78400	-5123	70230	76786	-3696	922	922	7403	NO_PATH	0	0	data/spawns/Others/22_20.xml|data/spawns/Oren/TimakOutpost.xml	NO_PATH
connector.13fb0a672db5beddb8f3d74c	DEST_TO_ANCHOR	DEST	dest.9637163d36bdf4ac9032ff74	ANCHOR	generated.farm.a32843d9945a633fb0d082ee.anchor	0	147458	2408	219	150739	-2129	-4568	924	924	7367	NO_PATH	0	0	data/teleporters/doorman/35271.xml|data/spawns/Aden/BlazingSwamp.xml	NO_PATH
connector.14037c3ef320790e0827fc08	ANCHOR_TO_DEST	ANCHOR	population.route.human-mystic.b1	DEST	dest.d4313d5eea5aa2d626abb520	0	-90072	248328	-3568	-84752	243122	-3728	910	910	7446	NO_PATH	0	0	data/stats/players/templates/StartingClass/HumanMystic.xml|data/spawns/TalkingIsland/TalkingIslandMonsters.xml|data/teleporters/others/32614.xml	NO_PATH
connector.1450acaad50893b820a9b1ba	DEST_TO_ANCHOR	DEST	dest.9c5be74df9759b32cc4ea701	ANCHOR	population.route.dwarf.a3	0	115120	-178224	-880	112996	-173691	-608	921	921	5014	NO_PATH	0	0	data/teleporters/town/30256.xml|data/stats/players/templates/StartingClass/DwarvenFighter.xml|data/spawns/DwarvenTerritory/DwarvenStarting.xml	NO_PATH
connector.14717632d950617d7703b4dc	GK_TO_ANCHOR	GK	spawn.51c3beb6cc7ad616365893a6	ANCHOR	generated.farm.580d4fbf531862b4ef832098.anchor	0	149024	-48080	-2382	154735	-43714	-3720	1538	1538	7313	NO_PATH	0	0	data/spawns/Castles/Goddard.xml|data/spawns/Goddard/GardenOfBeasts.xml	NO_PATH
connector.14d1b9ce5067bdad65c0a9f3	ANCHOR_TO_DEST	ANCHOR	generated.farm.8a7bb9fc5fe46b8eedb998ea.anchor	DEST	dest.6a1ddd6bd7f4610f50be2cf8	0	143516	-61360	-3152	144866	-57464	-2976	1538	1538	4128	NO_PATH	0	0	data/spawns/Goddard/GardenOfBeasts.xml|data/teleporters/clanhall/Goddard/35461.xml	NO_PATH
connector.152fed07e3a120198df12929	ANCHOR_TO_DEST	ANCHOR	generated.farm.492aa8ba93bfda1335dbfbc3.anchor	DEST	dest.d58c71398b5a731b53392034	0	189074	-58440	-2904	183140	-53307	-1896	1538	1538	7911	NO_PATH	0	0	data/spawns/Goddard/WallOfArgos.xml|data/teleporters/town/31275.xml	NO_PATH
connector.1530207a7370b60fe703b6b1	ANCHOR_TO_GK	ANCHOR	generated.farm.007f9057c1ee101b364fff57.anchor	GK	spawn.51c3beb6cc7ad616365893a6	0	155476	-49469	-3352	149024	-48080	-2382	1538	1538	6671	NO_PATH	0	0	data/spawns/Goddard/GardenOfBeasts.xml|data/spawns/Castles/Goddard.xml	NO_PATH
connector.1542d7bdc0a6371870896e80	ANCHOR_TO_GK	ANCHOR	generated.farm.f0514c14d379407f1823f1e7.anchor	GK	spawn.ac310663c394c7d6add8412b	0	151576	-62206	-3232	149024	-55456	-2765	1538	1538	7232	NO_PATH	0	0	data/spawns/Goddard/GardenOfBeasts.xml|data/spawns/Others/24_16.xml	NO_PATH
connector.154458f8529b267f8fa7700a	ANCHOR_TO_DEST	ANCHOR	generated.farm.ed8992f2edcbacf7c4f24608.anchor	DEST	dest.8d3b8a0f8679baa430ed780e	0	117968	-173208	-432	115113	-178212	-901	921	921	5781	NO_PATH	0	0	data/spawns/DwarvenTerritory/DwarvenStarting.xml|data/teleporters/town/32163.xml	NO_PATH
connector.1546c8b406e9193c4a21817a	ANCHOR_TO_DEST	ANCHOR	generated.farm.f5d8df78a09e41d99d10034a.anchor	DEST	dest.80d0bbcf9155ac3f563b0893	0	14485	116441	-3728	17253	114232	-3440	916	916	3554	VALID_PATH	4334	6	data/spawns/Dion/CrumaMarshlands.xml|data/teleporters/others/30484.xml	GEOENGINE_PROVEN
connector.159ab0707dc814f7bf155745	ANCHOR_TO_DEST	ANCHOR	generated.farm.5eb9ca10f507264114a7bd47.anchor	DEST	dest.fb425c42143da7dbe6caa9bd	0	155056	-48692	-3672	148928	-48245	-2383	1538	1538	6279	NO_PATH	0	0	data/spawns/Goddard/GardenOfBeasts.xml|data/teleporters/doorman/35358.xml	NO_PATH
connector.15e200dcad82b53a90efcb0c	ANCHOR_TO_GK	ANCHOR	population.route.dwarf.a3	GK	spawn.cd48f4a126ad9fb6d9a60ca2	0	112996	-173691	-608	115072	-178176	-880	921	921	4950	NO_PATH	0	0	data/stats/players/templates/StartingClass/DwarvenFighter.xml|data/spawns/DwarvenTerritory/DwarvenStarting.xml|data/spawns/Others/23_12.xml	NO_PATH
connector.15fafd589c3ffbac9412ef01	DEST_TO_ANCHOR	DEST	dest.e1ed15a8c14e439c5ff4fe76	ANCHOR	generated.farm.c9688432b997ec0243ec1b3f.anchor	0	146374	4599	-403	148203	-1884	-4592	924	924	7933	NO_PATH	0	0	data/teleporters/doorman/35268.xml|data/spawns/Aden/BlazingSwamp.xml	NO_PATH
connector.1605e800b2ef3d36332f2658	GK_TO_ANCHOR	GK	spawn.6d40136e98f143a65dfe3117	ANCHOR	generated.farm.0eb995760d6a84b18285948e.anchor	0	184458	61446	-3992	182592	61008	-7232	924	924	3765	NO_PATH	0	0	data/spawns/Others/25_19.xml|data/spawns/Aden/GiantsCave.xml	NO_PATH
connector.162460ca6f13e5e72044b5ba	GK_TO_ANCHOR	GK	spawn.2c9dd5f04731e37d775ed3ac	ANCHOR	generated.farm.c6b91d878955fb4a74840c96.anchor	0	147808	-45328	-2083	154440	-47418	-3776	1538	1538	7157	NO_PATH	0	0	data/spawns/Castles/Goddard.xml|data/spawns/Goddard/GardenOfBeasts.xml	NO_PATH
connector.1650de403c0a3f7dd4a36ba8	ANCHOR_TO_DEST	ANCHOR	generated.farm.15d7dac0e28f4f00c7a38ba5.anchor	DEST	dest.e58785de760af9858aee2c0d	0	183253	58935	-7232	183985	61424	-3992	924	924	4151	NO_PATH	0	0	data/spawns/Aden/GiantsCave.xml|data/teleporters/clanhall/Aden/35443.xml	NO_PATH
connector.16a3cf38b239d28648281626	DEST_TO_ANCHOR	DEST	dest.6ae64a2dea927cc4882b9be3	ANCHOR	generated.farm.dfb4a481eb32c06d6cf72d76.anchor	0	79248	247390	-8816	80443	248745	-10360	926	926	2377	NO_PATH	0	0	data/teleporters/town/30899.xml|data/spawns/Innadril/GardenOfEva.xml	NO_PATH
connector.16b7d1de2a76af9320e82259	DEST_TO_ANCHOR	DEST	dest.75c9d3fb9a76edd9c2a47378	ANCHOR	giran.gatekeeper.30080	0	83551	147945	-3400	83396	147904	-3404	918	918	161	VALID_DIRECT	161	1	data/teleporters/town/30836.xml|data/stats/npcs/30000-30099.xml|data/spawns/Others/22_22.xml|data/teleporters/town/30080.xml	GEOENGINE_PROVEN
connector.175dfb51dcecfb7a9ace9d45	DEST_TO_ANCHOR	DEST	dest.7e3b02b7daf1c1b37110fcaa	ANCHOR	generated.farm.7d12125ba9ed8b8ea2c4bf48.anchor	0	82693	242220	-6712	84380	244301	-7952	926	926	2952	NO_PATH	0	0	data/teleporters/town/30899.xml|data/spawns/Innadril/GardenOfEva.xml	NO_PATH
connector.17779217f462189cb206c92b	ANCHOR_TO_DEST	ANCHOR	generated.farm.da644be526423dccebdee263.anchor	DEST	dest.4c8e1b10064333c3b31e6a23	0	67440	113243	-3640	73024	118485	-3720	923	923	7660	NO_PATH	0	0	data/spawns/Giran/DeathPass.xml|data/teleporters/clanhall/Giran/35455.xml	NO_PATH
connector.177cf34723be1e87e06220c7	ANCHOR_TO_DEST	ANCHOR	generated.farm.2858169cdabc7fc416a5b193.anchor	DEST	dest.ac389c02ab4f56bc2f4d3487	0	56415	28315	-5048	64328	26803	-3768	922	922	8158	NO_PATH	0	0	data/spawns/Oren/SeaOfSpores.xml|data/teleporters/town/30177.xml	NO_PATH
connector.178aaf25818abe66761ff4c7	ANCHOR_TO_DEST	ANCHOR	generated.farm.35bc24702a1ca5060701b348.anchor	DEST	dest.4c8e1b10064333c3b31e6a23	0	77675	124357	-2792	73024	118485	-3720	923	923	7549	NO_PATH	0	0	data/spawns/Giran/BrekasStronghold.xml|data/teleporters/clanhall/Giran/35455.xml	NO_PATH
connector.1800d3d9f63d25b88e53cb80	GK_TO_ANCHOR	GK	spawn.4ec1cadaeec07b1cea645215	ANCHOR	generated.farm.007f9057c1ee101b364fff57.anchor	0	149272	-48088	-2382	155476	-49469	-3352	1538	1538	6430	NO_PATH	0	0	data/spawns/Castles/Goddard.xml|data/spawns/Goddard/GardenOfBeasts.xml	NO_PATH
connector.1821c9a91c0b524c64db5861	GK_TO_ANCHOR	GK	spawn.0ee92d8baebbdfb84d872803	ANCHOR	generated.farm.2f28e5148a38d8f4c4959a1d.anchor	0	-45264	-112512	-240	-39917	-109286	-1800	920	920	6437	NO_PATH	0	0	data/spawns/Others/18_14.xml|data/spawns/OrcTerritory/OrcStarting.xml	NO_PATH
connector.1890289e4bbfc356473017d1	ANCHOR_TO_GK	ANCHOR	generated.farm.5e5aca3a954f1bc9c48910db.anchor	GK	spawn.844ddb7500852ef9c1ed2526	0	155435	-55803	-3120	147966	-55228	-2728	1538	1538	7502	NO_PATH	0	0	data/spawns/Goddard/GardenOfBeasts.xml|data/spawns/Others/24_16.xml	NO_PATH
connector.189607f0decbceb62473bf25	DEST_TO_ANCHOR	DEST	dest.99c640dbaf880872599d4081	ANCHOR	generated.farm.3335cfb78d7580a7fd825f1a.anchor	0	-9959	176184	-4160	-13154	179542	-5328	912	912	4781	NO_PATH	0	0	data/teleporters/clanhall/Gludio/35386.xml|data/spawns/Gludio/Wasteland.xml	NO_PATH
connector.189731633701cbbad9894f8a	DEST_TO_ANCHOR	DEST	dest.18657e72d3afd42f45908db0	ANCHOR	generated.farm.f020c8af030fa89ae2f5f53a.anchor	0	153460	-70055	-3312	151209	-63042	-3408	1538	1538	7367	NO_PATH	0	0	data/teleporters/chamberlain/35363.xml|data/spawns/Goddard/GardenOfBeasts.xml	NO_PATH
connector.18b307aa219d6b04fc2b175a	ANCHOR_TO_GK	ANCHOR	giran.city.center	GK	spawn.c820b1421abc88c924e18183	0	82480	149087	-3350	81876	145392	-3520	918	918	3748	NO_PATH	0	0	data/mapregion/giran_castle_town.xml|data/spawns/Others/22_22.xml	NO_PATH
connector.18d1466811be5262de239a15	DEST_TO_ANCHOR	DEST	dest.a11b765b1fdfbe59148d95d8	ANCHOR	population.route.orc.a2	0	-45158	-112583	-240	-52637	-113715	-80	920	920	7566	NO_PATH	0	0	data/teleporters/town/30320.xml|data/stats/players/templates/StartingClass/OrcFighter.xml|data/stats/players/templates/StartingClass/OrcMystic.xml|data/spawns/OrcTerritory/OrcStarting.xml	NO_PATH
connector.18d21f901fca9ff4c3f5207c	GK_TO_ANCHOR	GK	spawn.5ec71ae062fb709719b08cec	ANCHOR	generated.farm.d0025fb737eaea0f751f7382.anchor	0	11504	-23344	-3644	4711	-19437	-3608	1924	1924	7837	NO_PATH	0	0	data/spawns/Others/20_17.xml|data/spawns/Rune/PrimevalIsle.xml	NO_PATH
connector.18d2ea6bbc3e7b1b2b42c335	ANCHOR_TO_GK	ANCHOR	generated.farm.3ed60488890fc56b8a93d524.anchor	GK	spawn.a2c2a6ac58e1b452764dc8e1	0	145214	-1914	-4592	147552	2128	221	924	924	6706	NO_PATH	0	0	data/spawns/Aden/BlazingSwamp.xml|data/spawns/Castles/Aden.xml	NO_PATH
connector.18d9d7cd5f669bd875bbaf9e	ANCHOR_TO_DEST	ANCHOR	generated.farm.e48977c07c1cb84d6b71856f.anchor	DEST	dest.2381ef3e82eb4c230b417890	0	193399	61399	-6104	191754	56760	-7624	924	924	5152	NO_PATH	0	0	data/spawns/Aden/GiantsCave.xml|data/teleporters/clanhall/Aden/35449.xml	NO_PATH
connector.191f1b6ef35d97eaf138c913	ANCHOR_TO_DEST	ANCHOR	generated.farm.43b6d9eeadfec551235c2869.anchor	DEST	dest.84cfda71508181370e4e1e94	0	46195	152284	-2776	50568	152408	-2656	916	916	4377	NO_PATH	0	0	data/spawns/Dion/ExecutionGrounds.xml|data/teleporters/town/30059.xml	NO_PATH
connector.195c67384bba065e66d68591	DEST_TO_ANCHOR	DEST	dest.60157b30f93203373e08dd6a	ANCHOR	generated.farm.dd523eee6e4a71d8ae8b855e.anchor	0	111965	-154172	-1528	113217	-159900	-1584	1714	1714	5864	NO_PATH	0	0	data/teleporters/clanhall/Schuttgart/35580.xml|data/spawns/Others/PlunderousPlains.xml	NO_PATH
connector.19ad2520d9bf11375cea084f	ANCHOR_TO_DEST	ANCHOR	generated.farm.8bdb8e21ba7fe07c52cc76c1.anchor	DEST	dest.0feab79a64ec9659f5c1d1c5	0	123686	59051	-4576	124904	61992	-3920	923	923	3251	PATH_SEGMENT_BLOCKED	0	0	data/spawns/Hunters/EnchantedValley.xml|data/teleporters/town/30233.xml	PATH_SEGMENT_BLOCKED
connector.19af7498541f2682db6808cb	DEST_TO_ANCHOR	DEST	dest.cc433c3076642e927f9055c3	ANCHOR	generated.farm.3a339f8c4f55cae891392f7a.anchor	0	69340	-50203	-3314	73765	-51246	-3136	1537	1537	4550	NO_PATH	0	0	data/teleporters/clanhall/Rune/35640.xml|data/spawns/Rune/SwampOfScreams.xml	NO_PATH
connector.19d03f6f5ce4f93f46ff7f17	DEST_TO_ANCHOR	DEST	dest.1b10b6e3a3cf02df43ce107b	ANCHOR	generated.farm.5d791ad9988806db40054ae6.anchor	0	78721	253309	-9840	77323	253751	-9336	926	926	1551	NO_PATH	0	0	data/teleporters/town/30899.xml|data/spawns/Innadril/GardenOfEva.xml	NO_PATH
connector.1a0f2a9b8b4be3b7061d8bb9	GK_TO_ANCHOR	GK	spawn.fba52e3020863a6709bad42b	ANCHOR	generated.farm.5646fdca6ae25d5f7b8df80f.anchor	0	148612	-49004	-688	154200	-44838	-3744	1538	1538	7611	NO_PATH	0	0	data/spawns/Castles/Goddard.xml|data/spawns/Goddard/GardenOfBeasts.xml	NO_PATH
connector.1a434f5fc959239d33202115	DEST_TO_ANCHOR	DEST	dest.ecd982a3f5b0851c65fc7acc	ANCHOR	generated.farm.f504105979f402c6b5137135.anchor	0	76911	-55295	-5824	74212	-55001	-3104	1537	1537	3844	NO_PATH	0	0	data/teleporters/clanhall/Rune/35568.xml|data/spawns/Rune/SwampOfScreams.xml	NO_PATH
connector.1a54c20eb1d3b766a705ea8f	DEST_TO_ANCHOR	DEST	dest.4f5494441b06f6ad17ab7b81	ANCHOR	generated.farm.580d4fbf531862b4ef832098.anchor	0	148748	-48951	-687	154735	-43714	-3720	1538	1538	8513	NO_PATH	0	0	data/teleporters/doorman/35359.xml|data/spawns/Goddard/GardenOfBeasts.xml	NO_PATH
connector.1a5e4b785548bb823197e8ce	ANCHOR_TO_DEST	ANCHOR	generated.farm.f88dd4bcfb535df8e10320bf.anchor	DEST	dest.21e9c9b1510df61032cbc4cc	0	77985	250562	-9848	77868	250400	-9328	926	926	558	NO_PATH	0	0	data/spawns/Innadril/GardenOfEva.xml|data/teleporters/town/30899.xml	NO_PATH
connector.1a8c7a0ca118975dbb9c2641	ANCHOR_TO_DEST	ANCHOR	generated.farm.281ad65cf9ea081ecd614114.anchor	DEST	dest.996bf59649987d0a0df38a32	0	114784	199506	-3736	115583	192261	-3488	926	926	7294	NO_PATH	0	0	data/spawns/Innadril/AlligatorBeach.xml|data/teleporters/town/30899.xml	NO_PATH
connector.1aca6b1239bbe2cfc44f1ff1	DEST_TO_ANCHOR	DEST	dest.64a9b2aee4d5a6eb51ab26f9	ANCHOR	generated.farm.f5d8df78a09e41d99d10034a.anchor	0	17781	113999	-11672	14485	116441	-3728	916	916	8941	NO_PATH	0	0	data/teleporters/others/30485.xml|data/spawns/Dion/CrumaMarshlands.xml	NO_PATH
connector.1adeae58cdbf7f512e662e2f	ANCHOR_TO_DEST	ANCHOR	giran.gatekeeper.30080	DEST	dest.c109f018f56e30d5971c5075	0	83396	147904	-3404	81525	143821	-3528	918	918	4493	NO_PATH	0	0	data/stats/npcs/30000-30099.xml|data/spawns/Others/22_22.xml|data/teleporters/town/30080.xml|data/teleporters/clanhall/Giran/35457.xml	NO_PATH
connector.1b06b1bf572bd2fc71558653	DEST_TO_ANCHOR	DEST	dest.ecd982a3f5b0851c65fc7acc	ANCHOR	generated.farm.3d1a05fe6d4f5d23162a5e89.anchor	0	76911	-55295	-5824	78581	-58255	-2304	1537	1537	4893	NO_PATH	0	0	data/teleporters/clanhall/Rune/35568.xml|data/spawns/Rune/SwampOfScreams.xml	NO_PATH
connector.1b37b39be747236db295e01c	GK_TO_ANCHOR	GK	spawn.ac310663c394c7d6add8412b	ANCHOR	generated.farm.5e5aca3a954f1bc9c48910db.anchor	0	149024	-55456	-2765	155435	-55803	-3120	1538	1538	6431	NO_PATH	0	0	data/spawns/Others/24_16.xml|data/spawns/Goddard/GardenOfBeasts.xml	NO_PATH
connector.1b5e0ce354fc8f222aed16c6	ANCHOR_TO_DEST	ANCHOR	generated.farm.580d4fbf531862b4ef832098.anchor	DEST	dest.989f1f1ebece5846171b7e0c	0	154735	-43714	-3720	149430	-48245	-2383	1538	1538	7104	NO_PATH	0	0	data/spawns/Goddard/GardenOfBeasts.xml|data/teleporters/doorman/35358.xml	NO_PATH
connector.1b9df94f9b097ad097501bf7	ANCHOR_TO_GK	ANCHOR	generated.farm.8a7bb9fc5fe46b8eedb998ea.anchor	GK	spawn.844ddb7500852ef9c1ed2526	0	143516	-61360	-3152	147966	-55228	-2728	1538	1538	7589	NO_PATH	0	0	data/spawns/Goddard/GardenOfBeasts.xml|data/spawns/Others/24_16.xml	NO_PATH
connector.1bad1159bf24d26b9e9197bc	DEST_TO_ANCHOR	DEST	dest.6ae64a2dea927cc4882b9be3	ANCHOR	generated.farm.971e95449ef3a39381151685.anchor	0	79248	247390	-8816	79178	250328	-10360	926	926	3320	NO_PATH	0	0	data/teleporters/town/30899.xml|data/spawns/Innadril/GardenOfEva.xml	NO_PATH
connector.1bb49c0cbc9821649d0e3580	DEST_TO_ANCHOR	DEST	dest.bc80e599e9387f3e2d5d3f90	ANCHOR	generated.farm.707c42bb4115156c23a71f69.anchor	0	69340	-50203	-3288	72229	-52660	-3112	1537	1537	3797	VALID_PATH	3863	4	data/teleporters/town/31320.xml|data/spawns/Rune/SwampOfScreams.xml	GEOENGINE_PROVEN
connector.1bbc26e97f8897952e58512a	DEST_TO_ANCHOR	DEST	dest.18657e72d3afd42f45908db0	ANCHOR	generated.farm.f0514c14d379407f1823f1e7.anchor	0	153460	-70055	-3312	151576	-62206	-3232	1538	1538	8073	NO_PATH	0	0	data/teleporters/chamberlain/35363.xml|data/spawns/Goddard/GardenOfBeasts.xml	NO_PATH
connector.1bbddbb1c2f90574f1c45473	ANCHOR_TO_GK	ANCHOR	giran.gatekeeper.30080	GK	spawn.86b0d293ddbb17f33befc233	0	83396	147904	-3404	81920	151968	-3520	918	918	4326	NO_PATH	0	0	data/stats/npcs/30000-30099.xml|data/spawns/Others/22_22.xml|data/teleporters/town/30080.xml|data/spawns/Others/22_22.xml	NO_PATH
connector.1bd5e53e7426b1c5f7e6254c	DEST_TO_ANCHOR	DEST	dest.18657e72d3afd42f45908db0	ANCHOR	generated.farm.49b24db872a5ff00e26bd029.anchor	0	153460	-70055	-3312	150638	-63299	-3424	1538	1538	7323	NO_PATH	0	0	data/teleporters/chamberlain/35363.xml|data/spawns/Goddard/GardenOfBeasts.xml	NO_PATH
connector.1bfb4b54d479c6c02ffff67b	DEST_TO_ANCHOR	DEST	dest.1b10b6e3a3cf02df43ce107b	ANCHOR	generated.farm.4cd53c45c6e037a8566c222c.anchor	0	78721	253309	-9840	79876	252068	-10872	926	926	1985	PATH_SEGMENT_BLOCKED	0	0	data/teleporters/town/30899.xml|data/spawns/Innadril/GardenOfEva.xml	PATH_SEGMENT_BLOCKED
connector.1c0255d4838b818aecb967e2	DEST_TO_ANCHOR	DEST	dest.6a1ddd6bd7f4610f50be2cf8	ANCHOR	generated.farm.afa946c77c6be59d634b7d89.anchor	0	144866	-57464	-2976	142079	-60649	-3312	1538	1538	4246	VALID_PATH	4424	4	data/teleporters/clanhall/Goddard/35461.xml|data/spawns/Goddard/GardenOfBeasts.xml	GEOENGINE_PROVEN
connector.1c093d1c215bf503ab0afa3d	ANCHOR_TO_DEST	ANCHOR	generated.farm.5d791ad9988806db40054ae6.anchor	DEST	dest.1b10b6e3a3cf02df43ce107b	0	77323	253751	-9336	78721	253309	-9840	926	926	1551	NO_PATH	0	0	data/spawns/Innadril/GardenOfEva.xml|data/teleporters/town/30899.xml	NO_PATH
connector.1c0ee405c45755f1895d0eee	ANCHOR_TO_GK	ANCHOR	generated.farm.8a7bb9fc5fe46b8eedb998ea.anchor	GK	spawn.94983ae1f1c3f9665c08d90a	0	143516	-61360	-3152	146416	-55568	-2765	1538	1538	6489	NO_PATH	0	0	data/spawns/Goddard/GardenOfBeasts.xml|data/spawns/Others/24_16.xml	NO_PATH
connector.1c119a1d32d2ad693556a55a	DEST_TO_ANCHOR	DEST	dest.a11b765b1fdfbe59148d95d8	ANCHOR	population.route.orc.a4	0	-45158	-112583	-240	-50077	-115763	-160	920	920	5858	NO_PATH	0	0	data/teleporters/town/30320.xml|data/stats/players/templates/StartingClass/OrcFighter.xml|data/stats/players/templates/StartingClass/OrcMystic.xml|data/spawns/OrcTerritory/OrcStarting.xml	NO_PATH
connector.1c16bf48d40e2e838f7c5c59	ANCHOR_TO_GK	ANCHOR	generated.farm.c9688432b997ec0243ec1b3f.anchor	GK	spawn.48598069a7e03782845dcce6	0	148203	-1884	-4592	146275	4468	-400	924	924	7851	NO_PATH	0	0	data/spawns/Aden/BlazingSwamp.xml|data/spawns/Castles/Aden.xml	NO_PATH
connector.1c6b19cd6ac73ddb3272970e	ANCHOR_TO_DEST	ANCHOR	generated.farm.298219c53607a679d1a095b6.anchor	DEST	dest.31e0d667e844b374039dd29f	0	-22721	-132248	-712	-25309	-131569	-680	920	920	2676	VALID_DIRECT	2676	1	data/spawns/OrcTerritory/OrcStarting.xml|data/teleporters/town/30576.xml	GEOENGINE_PROVEN
connector.1c7835559da4f56cf7660b19	ANCHOR_TO_DEST	ANCHOR	generated.farm.40fce0c0c643f3fbfe83b21f.anchor	DEST	dest.137141ac05b457adc3dbb8d1	0	149848	-63337	-3408	146990	-67128	-3640	1538	1538	4754	NO_PATH	0	0	data/spawns/Goddard/GardenOfBeasts.xml|data/teleporters/clanhall/Goddard/35467.xml	NO_PATH
connector.1cbd166b41b4734406e96947	ANCHOR_TO_DEST	ANCHOR	generated.farm.21c8e0a71fc1a30fb94fd849.anchor	DEST	dest.ac389c02ab4f56bc2f4d3487	0	57402	30692	-3768	64328	26803	-3768	922	922	7944	NO_PATH	0	0	data/spawns/Oren/SeaOfSpores.xml|data/teleporters/town/30177.xml	NO_PATH
connector.1ce7000bbf409c1413444ca6	DEST_TO_ANCHOR	DEST	dest.45565ac66d6cf494a00dc6e5	ANCHOR	generated.farm.6a87fbbb6822f42a7b78be7d.anchor	0	89513	-44800	-2136	81540	-44675	-3232	1537	1537	8049	NO_PATH	0	0	data/teleporters/town/31320.xml|data/spawns/Rune/SwampOfScreams.xml	NO_PATH
connector.1d173a61ff0bcd3b864b32f2	DEST_TO_ANCHOR	DEST	dest.a1e4693884e8683fb171a478	ANCHOR	generated.farm.c6b91d878955fb4a74840c96.anchor	0	153996	-50182	-2992	154440	-47418	-3776	1538	1538	2908	PATH_SEGMENT_BLOCKED	0	0	data/teleporters/chamberlain/35363.xml|data/spawns/Goddard/GardenOfBeasts.xml	PATH_SEGMENT_BLOCKED
connector.1d4a04689af333db09803d17	ANCHOR_TO_GK	ANCHOR	giran.city.center	GK	spawn.06384715e69ff99fb3fa7140	0	82480	149087	-3350	83568	145264	-3388	918	918	3975	NO_PATH	0	0	data/mapregion/giran_castle_town.xml|data/spawns/Others/22_22.xml	NO_PATH
connector.1d5a9e397b3773e7b7e0f96c	ANCHOR_TO_DEST	ANCHOR	generated.farm.4e76dc23218e129a890c3248.anchor	DEST	dest.cb2469dc00b61367686fc5e5	0	71264	70956	-3688	67097	68815	-3648	922	922	4686	NO_PATH	0	0	data/spawns/Oren/TimakOutpost.xml|data/teleporters/town/30177.xml	NO_PATH
connector.1dc325f42e43c1838c58f254	ANCHOR_TO_DEST	ANCHOR	generated.farm.27840444dac2f1f9126e8733.anchor	DEST	dest.6fb5021ca4d18a28277cff29	0	74283	-52777	-3136	71814	-57054	-3088	1537	1537	4939	NO_PATH	0	0	data/spawns/Rune/SwampOfScreams.xml|data/teleporters/chamberlain/35509.xml	NO_PATH
connector.1dfad7ce72f9a3768091871d	DEST_TO_ANCHOR	DEST	dest.570688a19e61bb9b1ec8a54b	ANCHOR	generated.farm.4c99bd428d6bae74750f6eec.anchor	0	125740	-40864	-3736	125318	-38385	-3720	1538	1538	2515	VALID_DIRECT	2515	1	data/teleporters/clanhall/Goddard/35605.xml|data/spawns/Goddard/VarkaSlenosOutpost.xml	GEOENGINE_PROVEN
connector.1e00cc02481ba09e420a5d44	GK_TO_ANCHOR	GK	spawn.5ec71ae062fb709719b08cec	ANCHOR	generated.farm.08e2f276ceac7d79452a6ad6.anchor	0	11504	-23344	-3644	7200	-19044	-3696	1924	1924	6085	NO_PATH	0	0	data/spawns/Others/20_17.xml|data/spawns/Rune/PrimevalIsle.xml	NO_PATH
connector.1e00e2bb8ff80132ee355fdb	ANCHOR_TO_DEST	ANCHOR	generated.farm.c3b247104b95dbf97c3a1a05.anchor	DEST	dest.e58785de760af9858aee2c0d	0	179926	61690	-4224	183985	61424	-3992	924	924	4075	NO_PATH	0	0	data/spawns/Aden/GiantsCave.xml|data/teleporters/clanhall/Aden/35443.xml	NO_PATH
connector.1e156ebe3a4cf3381d9fb76a	DEST_TO_ANCHOR	DEST	dest.ecd982a3f5b0851c65fc7acc	ANCHOR	generated.farm.8cda05acaad33b936c956b81.anchor	0	76911	-55295	-5824	76531	-58372	-2264	1537	1537	4721	NO_PATH	0	0	data/teleporters/clanhall/Rune/35568.xml|data/spawns/Rune/SwampOfScreams.xml	NO_PATH
connector.1e67dc6909a44a7f5ac57539	ANCHOR_TO_GK	ANCHOR	generated.farm.3ed60488890fc56b8a93d524.anchor	GK	spawn.5ca082539ed558dfea594787	0	145214	-1914	-4592	149208	4339	-440	924	924	8503	NO_PATH	0	0	data/spawns/Aden/BlazingSwamp.xml|data/spawns/Castles/Aden.xml	NO_PATH
connector.1e76deb6f17717f2d87b6134	DEST_TO_ANCHOR	DEST	dest.d58c71398b5a731b53392034	ANCHOR	generated.farm.2fb3f6c5e8d24fbe41923829.anchor	0	183140	-53307	-1896	187400	-56792	-3160	1538	1538	5648	NO_PATH	0	0	data/teleporters/town/31275.xml|data/spawns/Goddard/WallOfArgos.xml	NO_PATH
connector.1eb9f0bb06dd260c50d1ac8b	DEST_TO_ANCHOR	DEST	dest.21e9c9b1510df61032cbc4cc	ANCHOR	generated.farm.f88dd4bcfb535df8e10320bf.anchor	0	77868	250400	-9328	77985	250562	-9848	926	926	558	NO_PATH	0	0	data/teleporters/town/30899.xml|data/spawns/Innadril/GardenOfEva.xml	NO_PATH
connector.1eeb793e4d762c296b4cd09c	ANCHOR_TO_DEST	ANCHOR	generated.farm.55a21c4d7990e8c7b6e62d66.anchor	DEST	dest.163f0aea44efeffae77fffed	0	152204	-61559	-2984	148024	-55281	-2728	1538	1538	7547	NO_PATH	0	0	data/spawns/Goddard/GardenOfBeasts.xml|data/teleporters/others/Varka.xml	NO_PATH
connector.1f095814d67f5cadaded6167	ANCHOR_TO_DEST	ANCHOR	generated.farm.7d12125ba9ed8b8ea2c4bf48.anchor	DEST	dest.7e3b02b7daf1c1b37110fcaa	0	84380	244301	-7952	82693	242220	-6712	926	926	2952	NO_PATH	0	0	data/spawns/Innadril/GardenOfEva.xml|data/teleporters/town/30899.xml	NO_PATH
connector.1f4cfd2dbf0584307718f220	ANCHOR_TO_DEST	ANCHOR	generated.farm.3c0d8abca8bd8b3c5196c8b9.anchor	DEST	dest.39364e45f68dbae38ace3746	0	173277	-23788	-3608	171902	-17595	-4905	924	924	6476	NO_PATH	0	0	data/spawns/Aden/FieldsOfMassacre.xml|data/teleporters/dungeon/31109.xml	NO_PATH
connector.1f7f333e8758c912f1b9594f	DEST_TO_ANCHOR	DEST	dest.6f4c5951ec7be753e0cfc142	ANCHOR	generated.farm.04e218bf7a292c494b8eec81.anchor	0	132997	-60608	-2960	132360	-56567	-3032	1538	1538	4092	NO_PATH	0	0	data/teleporters/town/31275.xml|data/spawns/Goddard/GardenOfBeasts.xml	NO_PATH
connector.1f7f686cfb6e38cf4268cab8	ANCHOR_TO_GK	ANCHOR	generated.farm.2f5a4686e378172f8cb75ec4.anchor	GK	spawn.4eb4de1255938bc6529e2121	0	154309	-46007	-3744	147264	-45632	-2083	1538	1538	7248	NO_PATH	0	0	data/spawns/Goddard/GardenOfBeasts.xml|data/spawns/Castles/Goddard.xml	NO_PATH
connector.1fa3102a9e58a50c0a76f8c0	ANCHOR_TO_DEST	ANCHOR	generated.farm.d488eb2bfd869b5f6a241e2f.anchor	DEST	dest.b3ded18bbb6e7117c0af9e78	0	87177	-73288	-3632	84092	-80084	-3504	1537	1537	7465	NO_PATH	0	0	data/spawns/Rune/ValleyOfSaints.xml|data/teleporters/town/31320.xml	NO_PATH
connector.1fd11baac634d8cea0f42da1	DEST_TO_ANCHOR	DEST	dest.8c09bbc7bfb0f2b227b81f0b	ANCHOR	generated.farm.63219ca1a8fdc4e5a980373d.anchor	0	114674	44150	-3376	120368	40952	-4568	923	923	6639	NO_PATH	0	0	data/teleporters/town/30233.xml|data/spawns/Hunters/EnchantedValley.xml	NO_PATH
connector.1fe5cae02a642b7282048221	GK_TO_ANCHOR	GK	spawn.0ee92d8baebbdfb84d872803	ANCHOR	population.route.orc.a4	0	-45264	-112512	-240	-50077	-115763	-160	920	920	5809	NO_PATH	0	0	data/spawns/Others/18_14.xml|data/stats/players/templates/StartingClass/OrcFighter.xml|data/stats/players/templates/StartingClass/OrcMystic.xml|data/spawns/OrcTerritory/OrcStarting.xml	NO_PATH
connector.20086c0930099be976d625b0	ANCHOR_TO_DEST	ANCHOR	generated.farm.dc654c03706cdd2779fe3c51.anchor	DEST	dest.ecd982a3f5b0851c65fc7acc	0	77722	-58286	-2336	76911	-55295	-5824	1537	1537	4666	NO_PATH	0	0	data/spawns/Rune/SwampOfScreams.xml|data/teleporters/clanhall/Rune/35568.xml	NO_PATH
connector.202a31f5ad8a354c28fc1a3a	GK_TO_ANCHOR	GK	spawn.20dced4d6f0f7ea9ce91caf7	ANCHOR	generated.farm.3c0d8abca8bd8b3c5196c8b9.anchor	0	172672	-17600	-4897	173277	-23788	-3608	924	924	6350	NO_PATH	0	0	data/spawns/Others/25_17.xml|data/spawns/Aden/FieldsOfMassacre.xml	NO_PATH
connector.204bfd27981deb0453941d08	ANCHOR_TO_DEST	ANCHOR	generated.farm.27840444dac2f1f9126e8733.anchor	DEST	dest.cc433c3076642e927f9055c3	0	74283	-52777	-3136	69340	-50203	-3314	1537	1537	5576	NO_PATH	0	0	data/spawns/Rune/SwampOfScreams.xml|data/teleporters/clanhall/Rune/35640.xml	NO_PATH
connector.207dc4bce4eb619553a4e9b2	DEST_TO_ANCHOR	DEST	dest.d4313d5eea5aa2d626abb520	ANCHOR	generated.farm.432802d3c2901d9686cb1651.anchor	0	-84752	243122	-3728	-90610	248293	-3568	910	910	7816	NO_PATH	0	0	data/teleporters/others/32614.xml|data/spawns/Others/Gremlins.xml	NO_PATH
connector.208be36175407d298098df6d	ANCHOR_TO_DEST	ANCHOR	generated.farm.6bfea28fdd5a551b0ace0695.anchor	DEST	dest.4b5c5793c1f48563fea006af	0	157216	-49502	-3160	165054	-47861	-3560	1538	1538	8018	NO_PATH	0	0	data/spawns/Goddard/GardenOfBeasts.xml|data/teleporters/clanhall/Goddard/35463.xml	NO_PATH
connector.20ac031a2ed29e85971ba043	ANCHOR_TO_GK	ANCHOR	generated.farm.f0514c14d379407f1823f1e7.anchor	GK	spawn.c3b887fab1e752991ad6afef	0	151576	-62206	-3232	148381	-56525	-2760	1538	1538	6535	NO_PATH	0	0	data/spawns/Goddard/GardenOfBeasts.xml|data/spawns/Others/24_16.xml	NO_PATH
connector.20d103ac3d4a113a4e9d856f	GK_TO_ANCHOR	GK	spawn.adbf2ddde00443bc89450f43	ANCHOR	generated.farm.ccd05d96d24167ee9a70c395.anchor	0	178884	-184227	-336	173397	-189657	-2016	921	921	7901	NO_PATH	0	0	data/spawns/Others/25_12.xml|data/spawns/DwarvenTerritory/DwarvenStarting.xml	NO_PATH
connector.20d4a8e0c5aa5d1b54e6249a	DEST_TO_ANCHOR	DEST	dest.e58785de760af9858aee2c0d	ANCHOR	generated.farm.6559dce0043f6b61716d4bf2.anchor	0	183985	61424	-3992	183905	61010	-7232	924	924	3268	NO_PATH	0	0	data/teleporters/clanhall/Aden/35443.xml|data/spawns/Aden/GiantsCave.xml	NO_PATH
connector.20e6b93bde3185b47c9cddc1	DEST_TO_ANCHOR	DEST	dest.496c0381eb49089f27e0045e	ANCHOR	generated.farm.b8dc7dea93ca3b11590a97ba.anchor	0	-47506	179572	-3669	-44438	185251	-3632	911	911	6455	NO_PATH	0	0	data/teleporters/town/30320.xml|data/spawns/Gludio/Wasteland.xml	NO_PATH
connector.21040fd273f0458812388731	DEST_TO_ANCHOR	DEST	dest.f5af57707bd63455b08b5b2d	ANCHOR	generated.farm.353983a2bd19f4688dffa3cd.anchor	0	104426	33746	-3825	109680	39254	-4584	923	923	7650	NO_PATH	0	0	data/teleporters/clanhall/Aden/35421.xml|data/spawns/Hunters/EnchantedValley.xml	NO_PATH
connector.213a8b544213e9caf43e8d2c	DEST_TO_ANCHOR	DEST	dest.d58c71398b5a731b53392034	ANCHOR	generated.farm.07fac18dc6b3e21e49a39ee9.anchor	0	183140	-53307	-1896	184754	-50681	-3088	1538	1538	3305	NO_PATH	0	0	data/teleporters/town/31275.xml|data/spawns/Goddard/WallOfArgos.xml	NO_PATH
connector.214534a4a03103e62e9e2d55	GK_TO_ANCHOR	GK	spawn.79dc0be68e2c487320847dde	ANCHOR	generated.farm.e48977c07c1cb84d6b71856f.anchor	0	191391	57074	-7616	193399	61399	-6104	924	924	5003	NO_PATH	0	0	data/spawns/Others/25_19.xml|data/spawns/Aden/GiantsCave.xml	NO_PATH
connector.21aae11448efac775c6e3482	ANCHOR_TO_GK	ANCHOR	generated.farm.580d4fbf531862b4ef832098.anchor	GK	spawn.51c3beb6cc7ad616365893a6	0	154735	-43714	-3720	149024	-48080	-2382	1538	1538	7313	NO_PATH	0	0	data/spawns/Goddard/GardenOfBeasts.xml|data/spawns/Castles/Goddard.xml	NO_PATH
connector.21ced9a1718a978076eb66c8	DEST_TO_ANCHOR	DEST	dest.bf858e6767aedc4b3744d67b	ANCHOR	generated.farm.176740852fbe88d3adf9cb96.anchor	0	150561	-57489	-2976	155557	-57365	-3168	1538	1538	5002	NO_PATH	0	0	data/teleporters/clanhall/Goddard/35461.xml|data/spawns/Goddard/GardenOfBeasts.xml	NO_PATH
connector.225521dd30d8ae14d9619bf1	DEST_TO_ANCHOR	DEST	dest.1336b2e6b9a96915db9adc85	ANCHOR	population.route.human-mystic.b2	0	-84141	244623	-3728	-89240	249912	-3568	910	910	7349	NO_PATH	0	0	data/teleporters/town/30134.xml|data/stats/players/templates/StartingClass/HumanMystic.xml|data/spawns/TalkingIsland/TalkingIslandMonsters.xml	NO_PATH
connector.2272ad318acac6c0b566cc86	DEST_TO_ANCHOR	DEST	dest.f2250fc66d2e1e4512042557	ANCHOR	population.route.human-mystic.a2	0	-84318	244579	-3730	-89144	249976	-3568	910	910	7242	NO_PATH	0	0	data/teleporters/town/32163.xml|data/stats/players/templates/StartingClass/HumanMystic.xml|data/spawns/TalkingIsland/TalkingIslandMonsters.xml	NO_PATH
connector.22c9b2b97b281826c3bb1ca6	ANCHOR_TO_GK	ANCHOR	generated.farm.8a7bb9fc5fe46b8eedb998ea.anchor	GK	spawn.c3b887fab1e752991ad6afef	0	143516	-61360	-3152	148381	-56525	-2760	1538	1538	6871	NO_PATH	0	0	data/spawns/Goddard/GardenOfBeasts.xml|data/spawns/Others/24_16.xml	NO_PATH
connector.22cbd15013c4b551e4bf525b	ANCHOR_TO_DEST	ANCHOR	generated.farm.57a38f13450e54452b749339.anchor	DEST	dest.dba239778a263299c9f59019	0	52710	55450	-3320	46934	51467	-2977	914	914	7025	NO_PATH	0	0	data/spawns/ElvenTerritory/ElvenStarting.xml|data/teleporters/town/32163.xml	NO_PATH
connector.22fb869b4a9bf020c40449e3	ANCHOR_TO_GK	ANCHOR	generated.farm.007f9057c1ee101b364fff57.anchor	GK	spawn.fba52e3020863a6709bad42b	0	155476	-49469	-3352	148612	-49004	-688	1538	1538	7378	NO_PATH	0	0	data/spawns/Goddard/GardenOfBeasts.xml|data/spawns/Castles/Goddard.xml	NO_PATH
connector.2330efc2fc010cd2a0e61135	ANCHOR_TO_DEST	ANCHOR	generated.farm.0d55a388c9e742aed6fae852.anchor	DEST	dest.6ae64a2dea927cc4882b9be3	0	81910	249421	-10872	79248	247390	-8816	926	926	3930	NO_PATH	0	0	data/spawns/Innadril/GardenOfEva.xml|data/teleporters/town/30899.xml	NO_PATH
connector.234fa210a37b28ee69549d45	DEST_TO_ANCHOR	DEST	dest.f2522fd691ccf61f81ae16ec	ANCHOR	generated.farm.a82ebdfea096fa4de12aa744.anchor	0	82951	252354	-10592	85282	252122	-10872	926	926	2360	VALID_PATH	2554	3	data/teleporters/town/30899.xml|data/spawns/Innadril/GardenOfEva.xml	GEOENGINE_PROVEN
connector.23502a7c25bb219cea7c9f35	ANCHOR_TO_GK	ANCHOR	generated.farm.3ec423fd29deeac7ab56455f.anchor	GK	spawn.4946ea02365506ad1599c2fd	0	138496	-51209	-2736	146280	-49180	-672	1538	1538	8305	NO_PATH	0	0	data/spawns/Goddard/GardenOfBeasts.xml|data/spawns/Castles/Goddard.xml	NO_PATH
connector.235222c872813fe2bd6d10d2	DEST_TO_ANCHOR	DEST	dest.f2250fc66d2e1e4512042557	ANCHOR	population.farming.human-mystic.20481	0	-84318	244579	-3730	-86478	251343	-3600	910	910	7102	NO_PATH	0	0	data/teleporters/town/32163.xml|data/spawns/TalkingIsland/TalkingIslandMonsters.xml	NO_PATH
connector.23a914fb1db6d82f20595627	ANCHOR_TO_DEST	ANCHOR	generated.farm.ea72d768f3c8ec3d79c1a530.anchor	DEST	dest.8d3b8a0f8679baa430ed780e	0	116056	-175091	-1016	115113	-178212	-901	921	921	3263	PATH_SEGMENT_BLOCKED	0	0	data/spawns/DwarvenTerritory/DwarvenStarting.xml|data/teleporters/town/32163.xml	PATH_SEGMENT_BLOCKED
connector.23c41bdb5ef475608526dcee	ANCHOR_TO_GK	ANCHOR	generated.farm.580d4fbf531862b4ef832098.anchor	GK	spawn.d18a9ba08e5427b0fcccb4f0	0	154735	-43714	-3720	148664	-49168	-672	1538	1538	8712	NO_PATH	0	0	data/spawns/Goddard/GardenOfBeasts.xml|data/spawns/Castles/Goddard.xml	NO_PATH
connector.240784b1ade518fc16328d4d	ANCHOR_TO_GK	ANCHOR	giran.castle.defender.staging	GK	spawn.88a10d723a42ef43b5be5a87	0	116540	146655	-1866	115220	144930	-2527	918	918	2271	NO_PATH	0	0	data/zones/castle_hall.xml|data/zones/castle_siege.xml|data/spawns/Castles/Giran.xml	NO_PATH
connector.2418f487cebd736e372925e3	ANCHOR_TO_GK	ANCHOR	generated.farm.dfd7a9e53a647fe939cd530a.anchor	GK	spawn.844ddb7500852ef9c1ed2526	0	141197	-58115	-3064	147966	-55228	-2728	1538	1538	7367	NO_PATH	0	0	data/spawns/Goddard/GardenOfBeasts.xml|data/spawns/Others/24_16.xml	NO_PATH
connector.2428786f4c31b4eca71b2d2a	ANCHOR_TO_GK	ANCHOR	generated.farm.2f28e5148a38d8f4c4959a1d.anchor	GK	spawn.0ee92d8baebbdfb84d872803	0	-39917	-109286	-1800	-45264	-112512	-240	920	920	6437	NO_PATH	0	0	data/spawns/OrcTerritory/OrcStarting.xml|data/spawns/Others/18_14.xml	NO_PATH
connector.243657b14a0352ffd2a4bf78	ANCHOR_TO_DEST	ANCHOR	giran.gatekeeper.30080	DEST	dest.75c9d3fb9a76edd9c2a47378	0	83396	147904	-3404	83551	147945	-3400	918	918	161	VALID_DIRECT	161	1	data/stats/npcs/30000-30099.xml|data/spawns/Others/22_22.xml|data/teleporters/town/30080.xml|data/teleporters/town/30836.xml	GEOENGINE_PROVEN
connector.2450ee9c5d729a0f74485fb7	ANCHOR_TO_DEST	ANCHOR	generated.farm.c6834d9dece486c4b598a963.anchor	DEST	dest.7e3b02b7daf1c1b37110fcaa	0	84384	244782	-7392	82693	242220	-6712	926	926	3145	VALID_PATH	3997	4	data/spawns/Innadril/GardenOfEva.xml|data/teleporters/town/30899.xml	GEOENGINE_PROVEN
connector.246c2c6c632c90ce86e159f7	ANCHOR_TO_DEST	ANCHOR	generated.farm.3ec423fd29deeac7ab56455f.anchor	DEST	dest.08fda93b82ab29b126fc3432	0	138496	-51209	-2736	146177	-48942	-687	1538	1538	8267	NO_PATH	0	0	data/spawns/Goddard/GardenOfBeasts.xml|data/teleporters/doorman/35360.xml	NO_PATH
connector.249fa4afe72119d498484f58	ANCHOR_TO_DEST	ANCHOR	population.route.dwarf.a1	DEST	dest.8d3b8a0f8679baa430ed780e	0	110436	-173947	-528	115113	-178212	-901	921	921	6341	NO_PATH	0	0	data/stats/players/templates/StartingClass/DwarvenFighter.xml|data/spawns/DwarvenTerritory/DwarvenStarting.xml|data/teleporters/town/32163.xml	NO_PATH
connector.24b84fb70c8b2c4417860888	DEST_TO_ANCHOR	DEST	dest.0feab79a64ec9659f5c1d1c5	ANCHOR	generated.farm.2ee25f6a341f505bb40de2fc.anchor	0	124904	61992	-3920	124818	55785	-3360	923	923	6233	NO_PATH	0	0	data/teleporters/town/30233.xml|data/spawns/Hunters/EnchantedValley.xml	NO_PATH
connector.24ca66f2c5fb6415018c6b81	ANCHOR_TO_DEST	ANCHOR	generated.farm.d53c67cedf4cb3c8d303ef63.anchor	DEST	dest.570688a19e61bb9b1ec8a54b	0	124374	-43552	-3280	125740	-40864	-3736	1538	1538	3050	PATH_SEGMENT_BLOCKED	0	0	data/spawns/Goddard/VarkaSlenosOutpost.xml|data/teleporters/clanhall/Goddard/35605.xml	PATH_SEGMENT_BLOCKED
connector.24fd59063550f14771ce86a6	ANCHOR_TO_DEST	ANCHOR	generated.farm.47071e4fa643b6ddd10b56d6.anchor	DEST	dest.b3ded18bbb6e7117c0af9e78	0	84330	-75762	-3480	84092	-80084	-3504	1537	1537	4329	NO_PATH	0	0	data/spawns/Rune/ValleyOfSaints.xml|data/teleporters/town/31320.xml	NO_PATH
connector.25058e64959eca42445ac2a5	DEST_TO_ANCHOR	DEST	dest.7fa58ae181a6369bbf9510b0	ANCHOR	generated.farm.f5d8df78a09e41d99d10034a.anchor	0	17731	119465	-9067	14485	116441	-3728	916	916	6942	NO_PATH	0	0	data/teleporters/others/31843.xml|data/spawns/Dion/CrumaMarshlands.xml	NO_PATH
connector.2509e99ffa843d2d1a5075a5	ANCHOR_TO_DEST	ANCHOR	generated.farm.4c99bd428d6bae74750f6eec.anchor	DEST	dest.570688a19e61bb9b1ec8a54b	0	125318	-38385	-3720	125740	-40864	-3736	1538	1538	2515	VALID_DIRECT	2515	1	data/spawns/Goddard/VarkaSlenosOutpost.xml|data/teleporters/clanhall/Goddard/35605.xml	GEOENGINE_PROVEN
connector.25802d0f7b9edb372bf8ab79	ANCHOR_TO_GK	ANCHOR	generated.farm.7def1e4c245b5e409416950d.anchor	GK	spawn.79dc0be68e2c487320847dde	0	193447	59405	-4976	191391	57074	-7616	924	924	4079	NO_PATH	0	0	data/spawns/Aden/GiantsCave.xml|data/spawns/Others/25_19.xml	NO_PATH
connector.25a42879c542298ec1c99a1e	ANCHOR_TO_DEST	ANCHOR	generated.farm.5ca91d92e71a0bcc1a94a29a.anchor	DEST	dest.f5af57707bd63455b08b5b2d	0	107510	40014	-3680	104426	33746	-3825	923	923	6988	NO_PATH	0	0	data/spawns/Hunters/EnchantedValley.xml|data/teleporters/clanhall/Aden/35421.xml	NO_PATH
connector.25ad387c85cf20ce52fe9498	GK_TO_ANCHOR	GK	spawn.cd48f4a126ad9fb6d9a60ca2	ANCHOR	generated.farm.70ea4f43449ef725189d7fbf.anchor	0	115072	-178176	-880	119336	-180368	-2368	921	921	5021	NO_PATH	0	0	data/spawns/Others/23_12.xml|data/spawns/DwarvenTerritory/DwarvenStarting.xml	NO_PATH
connector.26242461cdc957c9bbd5d2b7	ANCHOR_TO_DEST	ANCHOR	generated.farm.55a21c4d7990e8c7b6e62d66.anchor	DEST	dest.b5edee75f7edd44ad47a86fe	0	152204	-61559	-2984	147731	-58930	-2976	1538	1538	5189	NO_PATH	0	0	data/spawns/Goddard/GardenOfBeasts.xml|data/teleporters/clanhall/Goddard/35463.xml	NO_PATH
connector.26242b80f9a64d4b79480692	ANCHOR_TO_GK	ANCHOR	generated.farm.2f5a4686e378172f8cb75ec4.anchor	GK	spawn.4ec1cadaeec07b1cea645215	0	154309	-46007	-3744	149272	-48088	-2382	1538	1538	5618	NO_PATH	0	0	data/spawns/Goddard/GardenOfBeasts.xml|data/spawns/Castles/Goddard.xml	NO_PATH
connector.26284355df6a1634621b99ef	DEST_TO_ANCHOR	DEST	dest.d4313d5eea5aa2d626abb520	ANCHOR	generated.farm.bfb0335de417bc81a7e9b231.anchor	0	-84752	243122	-3728	-88052	241579	-3600	910	910	3646	NO_PATH	0	0	data/teleporters/others/32614.xml|data/spawns/TalkingIsland/TalkingIslandMonsters.xml	NO_PATH
connector.26668e314038ec0fede80031	ANCHOR_TO_DEST	ANCHOR	generated.farm.f90942dd27180d0a2bda5235.anchor	DEST	dest.60157b30f93203373e08dd6a	0	108711	-155313	-2152	111965	-154172	-1528	1714	1714	3505	VALID_PATH	3755	5	data/spawns/Others/PlunderousPlains.xml|data/teleporters/clanhall/Schuttgart/35580.xml	GEOENGINE_PROVEN
connector.26c5bd6ed7eb84686422d174	DEST_TO_ANCHOR	DEST	dest.868209e8a0412a795262ab4a	ANCHOR	generated.farm.2f5a4686e378172f8cb75ec4.anchor	0	147459	-45221	-2084	154309	-46007	-3744	1538	1538	7092	NO_PATH	0	0	data/teleporters/doorman/35356.xml|data/spawns/Goddard/GardenOfBeasts.xml	NO_PATH
connector.26f822341c26910639259920	ANCHOR_TO_DEST	ANCHOR	generated.farm.4cd53c45c6e037a8566c222c.anchor	DEST	dest.1b10b6e3a3cf02df43ce107b	0	79876	252068	-10872	78721	253309	-9840	926	926	1985	NO_PATH	0	0	data/spawns/Innadril/GardenOfEva.xml|data/teleporters/town/30899.xml	NO_PATH
connector.271333de8a0da47f961126f3	ANCHOR_TO_GK	ANCHOR	generated.farm.5646fdca6ae25d5f7b8df80f.anchor	GK	spawn.d18a9ba08e5427b0fcccb4f0	0	154200	-44838	-3744	148664	-49168	-672	1538	1538	7671	NO_PATH	0	0	data/spawns/Goddard/GardenOfBeasts.xml|data/spawns/Castles/Goddard.xml	NO_PATH
connector.2746df3e541baf06110841ef	GK_TO_ANCHOR	GK	spawn.b3ade47a783cc4d199b36042	ANCHOR	generated.farm.ba96ca8a81c8241efff36e8c.anchor	0	42608	143952	-5379	46727	141231	-3256	916	916	5374	NO_PATH	0	0	data/spawns/Others/21_22.xml|data/spawns/Dion/ExecutionGrounds.xml	NO_PATH
connector.2789ec1fc6138c1b1a29a918	DEST_TO_ANCHOR	DEST	dest.60157b30f93203373e08dd6a	ANCHOR	generated.farm.f90942dd27180d0a2bda5235.anchor	0	111965	-154172	-1528	108711	-155313	-2152	1714	1714	3505	VALID_PATH	3724	3	data/teleporters/clanhall/Schuttgart/35580.xml|data/spawns/Others/PlunderousPlains.xml	GEOENGINE_PROVEN
connector.27980f3fefaabac3050e56bb	ANCHOR_TO_GK	ANCHOR	generated.farm.df677844f3af094815e984cc.anchor	GK	spawn.adbf2ddde00443bc89450f43	0	175556	-188129	-1672	178884	-184227	-336	921	921	5300	NO_PATH	0	0	data/spawns/DwarvenTerritory/DwarvenStarting.xml|data/spawns/Others/25_12.xml	NO_PATH
connector.279e5209bed78bd47e637625	DEST_TO_ANCHOR	DEST	dest.fab7b56737a57f4e742112eb	ANCHOR	generated.farm.a870f32abb9dbeb0708ce688.anchor	0	65307	-71445	-3696	69705	-72656	-3800	1537	1537	4563	VALID_DIRECT	4563	1	data/teleporters/clanhall/Rune/35576.xml|data/spawns/Rune/ValleyOfSaints.xml	GEOENGINE_PROVEN
connector.27e190d3588783b84e90e618	DEST_TO_ANCHOR	DEST	dest.2922b91d3ca04e1143da7fa0	ANCHOR	generated.farm.a55e8e8a7f41817966994e74.anchor	0	183543	-14974	-2776	188271	-18211	-1216	924	924	5939	NO_PATH	0	0	data/teleporters/town/30848.xml|data/spawns/Aden/FieldsOfMassacre.xml	NO_PATH
connector.27f07ae2474f5cad54512ba3	ANCHOR_TO_DEST	ANCHOR	population.route.orc.a4	DEST	dest.a11b765b1fdfbe59148d95d8	0	-50077	-115763	-160	-45158	-112583	-240	920	920	5858	NO_PATH	0	0	data/stats/players/templates/StartingClass/OrcFighter.xml|data/stats/players/templates/StartingClass/OrcMystic.xml|data/spawns/OrcTerritory/OrcStarting.xml|data/teleporters/town/30320.xml	NO_PATH
connector.280df4acfc17be30e369f218	DEST_TO_ANCHOR	DEST	dest.6fb5021ca4d18a28277cff29	ANCHOR	generated.farm.27840444dac2f1f9126e8733.anchor	0	71814	-57054	-3088	74283	-52777	-3136	1537	1537	4939	NO_PATH	0	0	data/teleporters/chamberlain/35509.xml|data/spawns/Rune/SwampOfScreams.xml	NO_PATH
connector.283c6cc6263298ba2c689c30	ANCHOR_TO_DEST	ANCHOR	generated.farm.94c542b65d93000ba6993464.anchor	DEST	dest.e58785de760af9858aee2c0d	0	186194	61013	-7232	183985	61424	-3992	924	924	3943	NO_PATH	0	0	data/spawns/Aden/GiantsCave.xml|data/teleporters/clanhall/Aden/35443.xml	NO_PATH
connector.283f63b2efffa788fcf56578	ANCHOR_TO_DEST	ANCHOR	generated.farm.f0f6a8fe02640b27815e4133.anchor	DEST	dest.4c8e1b10064333c3b31e6a23	0	79005	121244	-2168	73024	118485	-3720	923	923	6768	NO_PATH	0	0	data/spawns/Giran/BrekasStronghold.xml|data/teleporters/clanhall/Giran/35455.xml	NO_PATH
connector.284e7bdc4eff564b15da6ff8	DEST_TO_ANCHOR	DEST	dest.9c5be74df9759b32cc4ea701	ANCHOR	generated.farm.ed8992f2edcbacf7c4f24608.anchor	0	115120	-178224	-880	117968	-173208	-432	921	921	5786	NO_PATH	0	0	data/teleporters/town/30256.xml|data/spawns/DwarvenTerritory/DwarvenStarting.xml	NO_PATH
connector.2855717dff5ec33d9e848ed4	ANCHOR_TO_DEST	ANCHOR	population.route.human-mystic.b1	DEST	dest.1336b2e6b9a96915db9adc85	0	-90072	248328	-3568	-84141	244623	-3728	910	910	6995	NO_PATH	0	0	data/stats/players/templates/StartingClass/HumanMystic.xml|data/spawns/TalkingIsland/TalkingIslandMonsters.xml|data/teleporters/town/30134.xml	NO_PATH
connector.288f00473c671d9becf22c6e	ANCHOR_TO_DEST	ANCHOR	generated.farm.3ec423fd29deeac7ab56455f.anchor	DEST	dest.b8a1497da34f2dc4d98f0ddd	0	138496	-51209	-2736	146026	-48241	-2383	1538	1538	8102	NO_PATH	0	0	data/spawns/Goddard/GardenOfBeasts.xml|data/teleporters/doorman/35357.xml	NO_PATH
connector.291fcbc5e70c842fc64dad83	ANCHOR_TO_GK	ANCHOR	generated.farm.5ef4a6e960b28ed3443a8fb2.anchor	GK	spawn.a2b1a0034271ecd190ca3b91	0	148038	-84240	-5376	149824	-79840	-5579	1538	1538	4753	NO_PATH	0	0	data/spawns/Goddard/KetraOrcOutpost.xml|data/spawns/Others/24_15.xml	NO_PATH
connector.2961d5943f7c1cee757ea293	ANCHOR_TO_DEST	ANCHOR	generated.farm.707c42bb4115156c23a71f69.anchor	DEST	dest.cc433c3076642e927f9055c3	0	72229	-52660	-3112	69340	-50203	-3314	1537	1537	3798	PATH_SEGMENT_BLOCKED	0	0	data/spawns/Rune/SwampOfScreams.xml|data/teleporters/clanhall/Rune/35640.xml	PATH_SEGMENT_BLOCKED
connector.2a28681068f32b5ca5aadebd	ANCHOR_TO_DEST	ANCHOR	generated.farm.9017c6d044923a6e02026807.anchor	DEST	dest.25e28532f79c5963d8bce2a5	0	123216	54644	-3680	124904	61992	-3973	923	923	7546	NO_PATH	0	0	data/spawns/Hunters/EnchantedValley.xml|data/teleporters/clanhall/Aden/35443.xml	NO_PATH
connector.2a51c86d25f763939a67448e	ANCHOR_TO_DEST	ANCHOR	generated.farm.c9688432b997ec0243ec1b3f.anchor	DEST	dest.9c88beb7b9796ecb4f3bc769	0	148203	-1884	-4592	148575	4607	-403	924	924	7735	NO_PATH	0	0	data/spawns/Aden/BlazingSwamp.xml|data/teleporters/doorman/35270.xml	NO_PATH
connector.2ab910c4a380dc18196ae59c	GK_TO_ANCHOR	GK	spawn.165f3a69ba65d2f92b214384	ANCHOR	generated.farm.a32843d9945a633fb0d082ee.anchor	0	147412	3355	-46	150739	-2129	-4568	924	924	7849	NO_PATH	0	0	data/spawns/Castles/Aden.xml|data/spawns/Aden/BlazingSwamp.xml	NO_PATH
connector.2b029ee6062b87fdeb5aa1ce	ANCHOR_TO_DEST	ANCHOR	generated.farm.591067a5298457e013a6dfbd.anchor	DEST	dest.4346aa20af328c9ba9f6af99	0	181604	-10285	-3368	181726	-7524	-3464	924	924	2766	VALID_DIRECT	2766	1	data/spawns/Aden/FieldsOfMassacre.xml|data/teleporters/clanhall/Aden/35439.xml	GEOENGINE_PROVEN
connector.2b228dd9e800f50c64b4db25	ANCHOR_TO_DEST	ANCHOR	generated.farm.8fec35df912b586c4d90ffe6.anchor	DEST	dest.c5b83c9fbef62a1041c22fe6	0	182254	18300	-3168	184742	19745	-3168	924	924	2878	VALID_PATH	2900	3	data/spawns/Aden/Cemetery.xml|data/teleporters/clanhall/Aden/35441.xml	GEOENGINE_PROVEN
connector.2b7666e36f1ee1f386269099	ANCHOR_TO_DEST	ANCHOR	generated.farm.c89c06bdfdd089fa8039eae4.anchor	DEST	dest.84fddc45bf299ba53671698b	0	111986	172674	-3760	113708	178387	-3232	926	926	5991	NO_PATH	0	0	data/spawns/Innadril/AlligatorIsland.xml|data/teleporters/town/30899.xml	NO_PATH
connector.2b8caa041097b5eeb96ff024	ANCHOR_TO_DEST	ANCHOR	elven.farming.oren04-2019-03s	DEST	dest.9d74188a88fecd721cf1e45e	0	22682	46784	-3624	21362	51122	-3688	914	914	4535	VALID_DIRECT	4535	1	data/spawns/ElvenTerritory/ElvenStarting.xml|data/teleporters/town/30146.xml	GEOENGINE_PROVEN
connector.2ba1dc0ac33ce2c54d3db75d	ANCHOR_TO_GK	ANCHOR	generated.farm.5e5aca3a954f1bc9c48910db.anchor	GK	spawn.ac310663c394c7d6add8412b	0	155435	-55803	-3120	149024	-55456	-2765	1538	1538	6431	NO_PATH	0	0	data/spawns/Goddard/GardenOfBeasts.xml|data/spawns/Others/24_16.xml	NO_PATH
connector.2ba44fac0511b6c988364777	ANCHOR_TO_GK	ANCHOR	generated.farm.721be9c9f82200fe629be486.anchor	GK	spawn.c3b887fab1e752991ad6afef	0	148815	-63396	-3160	148381	-56525	-2760	1538	1538	6897	NO_PATH	0	0	data/spawns/Goddard/GardenOfBeasts.xml|data/spawns/Others/24_16.xml	NO_PATH
connector.2bdf9fec902448b977e76cb6	GK_TO_ANCHOR	GK	spawn.844ddb7500852ef9c1ed2526	ANCHOR	generated.farm.dfd7a9e53a647fe939cd530a.anchor	0	147966	-55228	-2728	141197	-58115	-3064	1538	1538	7367	NO_PATH	0	0	data/spawns/Others/24_16.xml|data/spawns/Goddard/GardenOfBeasts.xml	NO_PATH
connector.2c2c872c0385fa577de5c79a	DEST_TO_ANCHOR	DEST	dest.cc433c3076642e927f9055c3	ANCHOR	generated.farm.707c42bb4115156c23a71f69.anchor	0	69340	-50203	-3314	72229	-52660	-3112	1537	1537	3798	VALID_PATH	3866	4	data/teleporters/clanhall/Rune/35640.xml|data/spawns/Rune/SwampOfScreams.xml	GEOENGINE_PROVEN
connector.2c482bd2c82b485c2371a510	DEST_TO_ANCHOR	DEST	dest.676f59b862d33902959c4f11	ANCHOR	generated.farm.cd306da76ff484653e1f8b63.anchor	0	11235	-24026	-3640	4679	-19352	-3616	1924	1924	8052	NO_PATH	0	0	data/teleporters/town/31320.xml|data/spawns/Rune/PrimevalIsle.xml	NO_PATH
connector.2ca569c06eae745789538a0f	ANCHOR_TO_DEST	ANCHOR	population.route.human-mystic.guard.30733	DEST	dest.f2250fc66d2e1e4512042557	0	-87847	250564	-3616	-84318	244579	-3730	910	910	6949	NO_PATH	0	0	data/stats/players/templates/StartingClass/HumanMystic.xml|data/spawns/TalkingIsland/TalkingIslandMonsters.xml|data/stats/npcs/30700-30799.xml|data/teleporters/town/32163.xml	NO_PATH
connector.2cba8249801509107d8cfc5d	ANCHOR_TO_GK	ANCHOR	generated.farm.5ab36622a62ce01d64b9675c.anchor	GK	spawn.b3ade47a783cc4d199b36042	0	46621	148391	-3688	42608	143952	-5379	916	916	6219	NO_PATH	0	0	data/spawns/Dion/ExecutionGrounds.xml|data/spawns/Others/21_22.xml	NO_PATH
connector.2cc5c6d730a9f4644047d4f0	ANCHOR_TO_GK	ANCHOR	giran.castle.attacker.staging	GK	spawn.8ce27205fe8c38ddf75a6732	0	112122	144855	-2751	117095	144997	-2539	918	918	4980	NO_PATH	0	0	data/html/admin/teleports/CastleAreas/giran.htm|data/zones/castle_siege.xml|data/zones/castle_hall.xml|data/spawns/Castles/Giran.xml	NO_PATH
connector.2cc95cd808d0c7efdb6719ff	DEST_TO_ANCHOR	DEST	dest.ffb129dafff574e80a4d7eca	ANCHOR	generated.farm.77743197e238ebb0e1e3eac2.anchor	0	179299	-182831	-224	175207	-189475	-2304	921	921	8076	NO_PATH	0	0	data/teleporters/others/32654.xml|data/spawns/DwarvenTerritory/DwarvenStarting.xml	NO_PATH
connector.2d223dbd04b0c4c97a80bdde	DEST_TO_ANCHOR	DEST	dest.285de1592f4b8592a440458c	ANCHOR	generated.farm.5646fdca6ae25d5f7b8df80f.anchor	0	147459	-45789	-2084	154200	-44838	-3744	1538	1538	7008	NO_PATH	0	0	data/teleporters/doorman/35356.xml|data/spawns/Goddard/GardenOfBeasts.xml	NO_PATH
connector.2d46db81a3b8d96dea403e0b	ANCHOR_TO_DEST	ANCHOR	generated.farm.0bf24506d0bad253a1bef230.anchor	DEST	dest.c5b83c9fbef62a1041c22fe6	0	182250	24732	-3168	184742	19745	-3168	924	924	5575	NO_PATH	0	0	data/spawns/Aden/Cemetery.xml|data/teleporters/clanhall/Aden/35441.xml	NO_PATH
connector.2d8724298827fe564ceee6b2	ANCHOR_TO_GK	ANCHOR	generated.farm.47669c1f7a73c81d26c75bbf.anchor	GK	spawn.f3a49ab4f7a73dfdea27ae5e	0	140747	-57774	-3032	147134	-56576	-2760	1538	1538	6505	NO_PATH	0	0	data/spawns/Goddard/GardenOfBeasts.xml|data/spawns/Others/24_16.xml	NO_PATH
connector.2d98ed78b144f60145ff60d6	GK_TO_ANCHOR	GK	spawn.2c9dd5f04731e37d775ed3ac	ANCHOR	generated.farm.580d4fbf531862b4ef832098.anchor	0	147808	-45328	-2083	154735	-43714	-3720	1538	1538	7299	NO_PATH	0	0	data/spawns/Castles/Goddard.xml|data/spawns/Goddard/GardenOfBeasts.xml	NO_PATH
connector.2dab120d73de3e90671f355b	ANCHOR_TO_DEST	ANCHOR	elven.farming.oren04-2019-10s	DEST	dest.9d74188a88fecd721cf1e45e	0	16057	52260	-3544	21362	51122	-3688	914	914	5428	NO_PATH	0	0	data/spawns/ElvenTerritory/ElvenStarting.xml|data/teleporters/town/30146.xml	NO_PATH
connector.2db7179a5d973642eb69c697	ANCHOR_TO_GK	ANCHOR	generated.farm.e47439edce6317c8c5af5c29.anchor	GK	spawn.ed193302d05a74e407ff76e4	0	117413	128329	-2832	118640	132800	-4832	923	918	5050	NO_PATH	0	0	data/spawns/Giran/GorgonFlowerGarden.xml|data/spawns/Others/23_22.xml	NO_PATH
connector.2dd4cb595846a9823dc619c9	ANCHOR_TO_DEST	ANCHOR	generated.farm.18c908cb2b87127780e52b0c.anchor	DEST	dest.99c640dbaf880872599d4081	0	-15168	178488	-5304	-9959	176184	-4160	912	912	5810	NO_PATH	0	0	data/spawns/Gludio/Wasteland.xml|data/teleporters/clanhall/Gludio/35386.xml	NO_PATH
connector.2df41d78858e79dde49fd951	ANCHOR_TO_DEST	ANCHOR	generated.farm.3ed60488890fc56b8a93d524.anchor	DEST	dest.9637163d36bdf4ac9032ff74	0	145214	-1914	-4592	147458	2408	219	924	924	6846	NO_PATH	0	0	data/spawns/Aden/BlazingSwamp.xml|data/teleporters/doorman/35271.xml	NO_PATH
connector.2df7aec5e278ffcf6cc398ba	DEST_TO_ANCHOR	DEST	dest.c198460adf168f69d59928b8	ANCHOR	generated.farm.fbed469f3eed03272ceee80b.anchor	0	155310	-16339	-3320	155439	-8903	-4096	924	924	7478	NO_PATH	0	0	data/teleporters/clanhall/Aden/35439.xml|data/spawns/Aden/BlazingSwamp.xml	NO_PATH
connector.2e71e4afb15b8abec44c17a8	ANCHOR_TO_GK	ANCHOR	generated.farm.344969dd30e86158807cebbf.anchor	GK	spawn.94983ae1f1c3f9665c08d90a	0	142551	-60911	-3176	146416	-55568	-2765	1538	1538	6608	NO_PATH	0	0	data/spawns/Goddard/GardenOfBeasts.xml|data/spawns/Others/24_16.xml	NO_PATH
connector.2e9cf5b5811ef92f88435b51	DEST_TO_ANCHOR	DEST	dest.45565ac66d6cf494a00dc6e5	ANCHOR	generated.farm.16abcafacb34a0b79dde55a9.anchor	0	89513	-44800	-2136	82436	-41567	-3240	1537	1537	7859	NO_PATH	0	0	data/teleporters/town/31320.xml|data/spawns/Rune/SwampOfScreams.xml	NO_PATH
connector.2e9fe9a498afac42c4402b89	DEST_TO_ANCHOR	DEST	dest.f2522fd691ccf61f81ae16ec	ANCHOR	generated.farm.105f2a6ba5cc70543d1b8d52.anchor	0	82951	252354	-10592	83711	249691	-10872	926	926	2784	VALID_PATH	3001	3	data/teleporters/town/30899.xml|data/spawns/Innadril/GardenOfEva.xml	GEOENGINE_PROVEN
connector.2eadf1d9c39b8699a3173c37	DEST_TO_ANCHOR	DEST	dest.fbea6002af7dc7c3e4d7d167	ANCHOR	generated.farm.1bc0806803391550b59b5dd7.anchor	0	175499	-181586	-904	173413	-187077	-488	921	921	5889	NO_PATH	0	0	data/teleporters/town/30540.xml|data/spawns/DwarvenTerritory/DwarvenStarting.xml	NO_PATH
connector.2ec1c31765b4e7f24f1329c2	ANCHOR_TO_DEST	ANCHOR	generated.farm.2f5a4686e378172f8cb75ec4.anchor	DEST	dest.868209e8a0412a795262ab4a	0	154309	-46007	-3744	147459	-45221	-2084	1538	1538	7092	NO_PATH	0	0	data/spawns/Goddard/GardenOfBeasts.xml|data/teleporters/doorman/35356.xml	NO_PATH
connector.2f0128f319602a30c1ac66e6	ANCHOR_TO_DEST	ANCHOR	generated.farm.f03e3b3fef47d2beb2d4b031.anchor	DEST	dest.1e879a713772907ce9c92b95	0	92646	-15865	-2040	91539	-12204	-2440	922	922	3846	NO_PATH	0	0	data/spawns/Oren/OutlawForest.xml|data/teleporters/town/30177.xml	NO_PATH
connector.2f1196ab2defae9e5bd76967	ANCHOR_TO_DEST	ANCHOR	generated.farm.580d4fbf531862b4ef832098.anchor	DEST	dest.4f5494441b06f6ad17ab7b81	0	154735	-43714	-3720	148748	-48951	-687	1538	1538	8513	NO_PATH	0	0	data/spawns/Goddard/GardenOfBeasts.xml|data/teleporters/doorman/35359.xml	NO_PATH
connector.2f47e6497022c4d7b085bb85	ANCHOR_TO_DEST	ANCHOR	population.farming.dwarf.20533	DEST	dest.8d3b8a0f8679baa430ed780e	0	114966	-172886	-672	115113	-178212	-901	921	921	5333	NO_PATH	0	0	data/spawns/DwarvenTerritory/DwarvenStarting.xml|data/teleporters/town/32163.xml	NO_PATH
connector.2f545e64544f588cb73cbdd3	GK_TO_ANCHOR	GK	spawn.3a0446a892f0598177d3c757	ANCHOR	generated.farm.76760877434123ebddb05ba3.anchor	0	145904	-48096	-2382	138008	-49020	-3240	1538	1538	7997	NO_PATH	0	0	data/spawns/Castles/Goddard.xml|data/spawns/Goddard/GardenOfBeasts.xml	NO_PATH
connector.2f59e86a5c8940d4828d663a	GK_TO_ANCHOR	GK	spawn.b3ade47a783cc4d199b36042	ANCHOR	generated.farm.ec2d2835a7dbe9c4d32fa12f.anchor	0	42608	143952	-5379	39730	146346	-3888	916	916	4030	NO_PATH	0	0	data/spawns/Others/21_22.xml|data/spawns/Dion/ExecutionGrounds.xml	NO_PATH
connector.2fa28f4669df7e2778e0537f	DEST_TO_ANCHOR	DEST	dest.9d74188a88fecd721cf1e45e	ANCHOR	generated.farm.a7ec54193cb98b68586d9c8e.anchor	0	21362	51122	-3688	17881	57101	-3472	914	914	6922	VALID_DIRECT	6922	1	data/teleporters/town/30146.xml|data/spawns/ElvenTerritory/ElvenStarting.xml	GEOENGINE_PROVEN
connector.302797c24708fe5a6319b088	GK_TO_ANCHOR	GK	spawn.844ddb7500852ef9c1ed2526	ANCHOR	generated.farm.d5293ad13f4722d653be46d7.anchor	0	147966	-55228	-2728	151869	-61029	-3120	1538	1538	7003	NO_PATH	0	0	data/spawns/Others/24_16.xml|data/spawns/Goddard/GardenOfBeasts.xml	NO_PATH
connector.3030aaa0041b1b79257b41ab	DEST_TO_ANCHOR	DEST	dest.d58c71398b5a731b53392034	ANCHOR	generated.farm.e0ee5ca00ddafb3b26cbff72.anchor	0	183140	-53307	-1896	177298	-50602	-3336	1538	1538	6597	NO_PATH	0	0	data/teleporters/town/31275.xml|data/spawns/Goddard/WallOfArgos.xml	NO_PATH
connector.3036859389da919e2b77b737	DEST_TO_ANCHOR	DEST	dest.fb425c42143da7dbe6caa9bd	ANCHOR	generated.farm.44b1ade2814caaa457678dfb.anchor	0	148928	-48245	-2383	155467	-47545	-3824	1538	1538	6733	NO_PATH	0	0	data/teleporters/doorman/35358.xml|data/spawns/Goddard/GardenOfBeasts.xml	NO_PATH
connector.305c75f7abfb2e322301987d	ANCHOR_TO_DEST	ANCHOR	generated.farm.3ed60488890fc56b8a93d524.anchor	DEST	dest.9c88beb7b9796ecb4f3bc769	0	145214	-1914	-4592	148575	4607	-403	924	924	8448	NO_PATH	0	0	data/spawns/Aden/BlazingSwamp.xml|data/teleporters/doorman/35270.xml	NO_PATH
connector.30e8c4e7930ac7965179c9fc	ANCHOR_TO_DEST	ANCHOR	generated.farm.4ebfbc87cab37239bdc88f91.anchor	DEST	dest.1e879a713772907ce9c92b95	0	93690	-17289	-1768	91539	-12204	-2440	922	922	5562	NO_PATH	0	0	data/spawns/Oren/OutlawForest.xml|data/teleporters/town/30177.xml	NO_PATH
connector.313046ab73a92f21b5f1f080	GK_TO_ANCHOR	GK	spawn.ee82a6e3aa92a4ff7f32794c	ANCHOR	population.route.human-mystic.a2	0	-84108	244604	-3728	-89144	249976	-3568	910	910	7366	NO_PATH	0	0	data/spawns/Others/17_25.xml|data/stats/players/templates/StartingClass/HumanMystic.xml|data/spawns/TalkingIsland/TalkingIslandMonsters.xml	NO_PATH
connector.315b4c147910c1d660f316c1	DEST_TO_ANCHOR	DEST	dest.84cfda71508181370e4e1e94	ANCHOR	generated.farm.5fccb445823732eb20d39a29.anchor	0	50568	152408	-2656	49739	151047	-3568	916	916	1837	PATH_SEGMENT_BLOCKED	0	0	data/teleporters/town/30059.xml|data/spawns/Dion/ExecutionGrounds.xml	PATH_SEGMENT_BLOCKED
connector.3182520a63d2e193cfb5cbc1	DEST_TO_ANCHOR	DEST	dest.5a41f45cf22daa12bbd6a4c0	ANCHOR	generated.farm.475038779aaee6a2e82aa06b.anchor	0	178591	-184615	-360	175552	-186630	-1280	921	921	3761	VALID_PATH	4235	7	data/teleporters/town/30540.xml|data/spawns/DwarvenTerritory/DwarvenStarting.xml	GEOENGINE_PROVEN
connector.31890c615d988d084401b827	ANCHOR_TO_DEST	ANCHOR	generated.farm.b01f8305e35e40a0b1ac65c4.anchor	DEST	dest.4284b435762f397cce85fcfb	0	150983	-115580	-1528	144880	-113468	-2560	1538	1538	6541	NO_PATH	0	0	data/spawns/Goddard/HotSprings.xml|data/teleporters/others/Varka.xml	NO_PATH
connector.31a880ec3f90ecb6043d3966	GK_TO_ANCHOR	GK	spawn.a3d2ceef49ab21d925ba7a10	ANCHOR	generated.farm.c9688432b997ec0243ec1b3f.anchor	0	145725	4799	-425	148203	-1884	-4592	924	924	8257	NO_PATH	0	0	data/spawns/Castles/Aden.xml|data/spawns/Aden/BlazingSwamp.xml	NO_PATH
connector.31c804d2c77ea311edfbc434	DEST_TO_ANCHOR	DEST	dest.e3baac14371de72d8b2e3755	ANCHOR	generated.farm.3ed60488890fc56b8a93d524.anchor	0	147458	2010	217	145214	-1914	-4592	924	924	6600	NO_PATH	0	0	data/teleporters/doorman/35271.xml|data/spawns/Aden/BlazingSwamp.xml	NO_PATH
connector.31dbc35bb28497087fcfab11	ANCHOR_TO_DEST	ANCHOR	giran.city.center	DEST	dest.4b64a4031d67faa11ec89832	0	82480	149087	-3350	88342	147329	-3400	918	918	6121	NO_PATH	0	0	data/mapregion/giran_castle_town.xml|data/teleporters/clanhall/Giran/35459.xml	NO_PATH
connector.31e4cb0113780087d07fbfae	DEST_TO_ANCHOR	DEST	dest.0078633d4fd88238ef4fcba7	ANCHOR	generated.farm.5646fdca6ae25d5f7b8df80f.anchor	0	148736	-49201	-688	154200	-44838	-3744	1538	1538	7631	NO_PATH	0	0	data/teleporters/doorman/35359.xml|data/spawns/Goddard/GardenOfBeasts.xml	NO_PATH
connector.321ec9fc4c2eaf9e43c77c60	ANCHOR_TO_DEST	ANCHOR	generated.farm.2e7d51b912888ea425839836.anchor	DEST	dest.6ae64a2dea927cc4882b9be3	0	82332	248089	-10360	79248	247390	-8816	926	926	3520	NO_PATH	0	0	data/spawns/Innadril/GardenOfEva.xml|data/teleporters/town/30899.xml	NO_PATH
connector.322d7c074dc2368977d305c5	ANCHOR_TO_DEST	ANCHOR	generated.farm.2375efd4a61538412f238d7c.anchor	DEST	dest.388ea2f92227db8e8dece50a	0	152789	-2636	-4544	149283	4610	-432	924	924	9040	NO_PATH	0	0	data/spawns/Aden/BlazingSwamp.xml|data/teleporters/doorman/35270.xml	NO_PATH
connector.3236115c1095c5302493dd5e	ANCHOR_TO_DEST	ANCHOR	generated.farm.c64f2217749128d4b5141e7e.anchor	DEST	dest.1e37a52b0127138a8808c287	0	190036	54081	-4368	189664	46042	-4264	924	924	8049	NO_PATH	0	0	data/spawns/Aden/GiantsCave.xml|data/teleporters/chamberlain/35274.xml	NO_PATH
connector.3268406ed552e205bbf4f8fa	DEST_TO_ANCHOR	DEST	dest.496c0381eb49089f27e0045e	ANCHOR	generated.farm.f0d9c7a52966b80171ef9407.anchor	0	-47506	179572	-3669	-44941	180738	-3664	911	911	2818	VALID_PATH	3069	3	data/teleporters/town/30320.xml|data/spawns/Gludio/Wasteland.xml	GEOENGINE_PROVEN
connector.3274f473facf121474b175fe	DEST_TO_ANCHOR	DEST	dest.2381ef3e82eb4c230b417890	ANCHOR	generated.farm.85634b6a1ea05c2a88bec73e.anchor	0	191754	56760	-7624	192009	58238	-4808	924	924	3191	NO_PATH	0	0	data/teleporters/clanhall/Aden/35449.xml|data/spawns/Aden/GiantsCave.xml	NO_PATH
connector.3287c2e308d36ac55080d87a	ANCHOR_TO_GK	ANCHOR	generated.farm.e72c2c1fdf7715981415fcdb.anchor	GK	spawn.0ee92d8baebbdfb84d872803	0	-49543	-110784	-240	-45264	-112512	-240	920	920	4615	NO_PATH	0	0	data/spawns/OrcTerritory/OrcStarting.xml|data/spawns/Others/18_14.xml	NO_PATH
connector.32b6f998f319877b068a28e3	DEST_TO_ANCHOR	DEST	dest.97e884732d1831265eceeb3b	ANCHOR	generated.farm.2f28e5148a38d8f4c4959a1d.anchor	0	-44836	-112524	-235	-39917	-109286	-1800	920	920	6094	NO_PATH	0	0	data/teleporters/town/32163.xml|data/spawns/OrcTerritory/OrcStarting.xml	NO_PATH
connector.32bc659274e4c3c8b1c99059	ANCHOR_TO_DEST	ANCHOR	generated.farm.edb7b86868588ed7faadd4d3.anchor	DEST	dest.45565ac66d6cf494a00dc6e5	0	82326	-41565	-3240	89513	-44800	-2136	1537	1537	7959	NO_PATH	0	0	data/spawns/Rune/SwampOfScreams.xml|data/teleporters/town/31320.xml	NO_PATH
connector.32c9cf09765c026c11d610bd	DEST_TO_ANCHOR	DEST	dest.4b5c5793c1f48563fea006af	ANCHOR	generated.farm.a0abc859a574ede81641f47b.anchor	0	165054	-47861	-3560	157129	-48341	-3168	1538	1538	7950	NO_PATH	0	0	data/teleporters/clanhall/Goddard/35463.xml|data/spawns/Goddard/GardenOfBeasts.xml	NO_PATH
connector.32ce38981eec367af3602050	ANCHOR_TO_GK	ANCHOR	giran.gatekeeper.30080	GK	spawn.63121d2ce78453f15ff12866	0	83396	147904	-3404	78652	148280	-3580	918	918	4763	NO_PATH	0	0	data/stats/npcs/30000-30099.xml|data/spawns/Others/22_22.xml|data/teleporters/town/30080.xml|data/spawns/Others/22_22.xml	NO_PATH
connector.32f149d2641023bb031e7edf	ANCHOR_TO_DEST	ANCHOR	generated.farm.ccd05d96d24167ee9a70c395.anchor	DEST	dest.5a41f45cf22daa12bbd6a4c0	0	173397	-189657	-2016	178591	-184615	-360	921	921	7426	NO_PATH	0	0	data/spawns/DwarvenTerritory/DwarvenStarting.xml|data/teleporters/town/30540.xml	NO_PATH
connector.32f9ad60088200c331645252	ANCHOR_TO_DEST	ANCHOR	generated.farm.5241a753fc2261cfc117ac7b.anchor	DEST	dest.4284b435762f397cce85fcfb	0	146876	-112049	-2344	144880	-113468	-2560	1538	1538	2459	VALID_DIRECT	2459	1	data/spawns/Goddard/HotSprings.xml|data/teleporters/others/Varka.xml	GEOENGINE_PROVEN
connector.3303332cdfdb895239037112	GK_TO_ANCHOR	GK	spawn.6d40136e98f143a65dfe3117	ANCHOR	generated.farm.c3b247104b95dbf97c3a1a05.anchor	0	184458	61446	-3992	179926	61690	-4224	924	924	4545	NO_PATH	0	0	data/spawns/Others/25_19.xml|data/spawns/Aden/GiantsCave.xml	NO_PATH
connector.332ef2c7074824ac6ad4c504	GK_TO_ANCHOR	GK	spawn.a2c2a6ac58e1b452764dc8e1	ANCHOR	generated.farm.c9688432b997ec0243ec1b3f.anchor	0	147552	2128	221	148203	-1884	-4592	924	924	6300	NO_PATH	0	0	data/spawns/Castles/Aden.xml|data/spawns/Aden/BlazingSwamp.xml	NO_PATH
connector.334aa72c9c43bae720fd49ea	ANCHOR_TO_DEST	ANCHOR	generated.farm.ac48f1e84577a9f3b395a8df.anchor	DEST	dest.698f76618645d240ff17b97f	0	-88304	103102	-3400	-89763	105359	-3576	911	911	2694	VALID_DIRECT	2694	1	data/spawns/Gludin/TurekOrcs.xml|data/teleporters/town/30320.xml	GEOENGINE_PROVEN
connector.339cd20e708665cb989cd2d2	ANCHOR_TO_GK	ANCHOR	generated.farm.76760877434123ebddb05ba3.anchor	GK	spawn.3a0446a892f0598177d3c757	0	138008	-49020	-3240	145904	-48096	-2382	1538	1538	7997	NO_PATH	0	0	data/spawns/Goddard/GardenOfBeasts.xml|data/spawns/Castles/Goddard.xml	NO_PATH
connector.33b2eea26e5ef73167388e34	ANCHOR_TO_DEST	ANCHOR	giran.city.center	DEST	dest.0d0316ad3328c2a0c97eaa42	0	82480	149087	-3350	81548	152633	-3528	918	918	3671	NO_PATH	0	0	data/mapregion/giran_castle_town.xml|data/teleporters/clanhall/Giran/35455.xml	NO_PATH
connector.33e5b14a8319012e3b1e9c36	GK_TO_ANCHOR	GK	spawn.ac310663c394c7d6add8412b	ANCHOR	generated.farm.55a21c4d7990e8c7b6e62d66.anchor	0	149024	-55456	-2765	152204	-61559	-2984	1538	1538	6886	NO_PATH	0	0	data/spawns/Others/24_16.xml|data/spawns/Goddard/GardenOfBeasts.xml	NO_PATH
connector.33f271976ac99fd0c6486046	ANCHOR_TO_DEST	ANCHOR	generated.farm.a6dc139881aefcd2efd3f3af.anchor	DEST	dest.cd7635f1c7137701ac3c258f	0	896	-82915	-2560	-4190	-80040	-2696	920	920	5844	NO_PATH	0	0	data/spawns/OrcTerritory/OrcStarting.xml|data/teleporters/town/30576.xml	NO_PATH
connector.34206d6c858aac99a49bb14d	DEST_TO_ANCHOR	DEST	dest.8c09bbc7bfb0f2b227b81f0b	ANCHOR	generated.farm.dc5d2d4b093743fe7252925e.anchor	0	114674	44150	-3376	120559	47637	-3944	923	923	6865	NO_PATH	0	0	data/teleporters/town/30233.xml|data/spawns/Hunters/EnchantedValley.xml	NO_PATH
connector.346462a9c03bcf2bcb6d7d6a	DEST_TO_ANCHOR	DEST	dest.9d74188a88fecd721cf1e45e	ANCHOR	elven.farming.oren04-2019-07s	0	21362	51122	-3688	19248	43340	-3712	914	914	8065	NO_PATH	0	0	data/teleporters/town/30146.xml|data/spawns/ElvenTerritory/ElvenStarting.xml	NO_PATH
connector.357484742a799f1f42b4d3fe	DEST_TO_ANCHOR	DEST	dest.a93a05bb8dc5f577fcad0b87	ANCHOR	generated.farm.ec2d2835a7dbe9c4d32fa12f.anchor	0	42514	143917	-5385	39730	146346	-3888	916	916	3987	NO_PATH	0	0	data/teleporters/dungeon/31120.xml|data/spawns/Dion/ExecutionGrounds.xml	NO_PATH
connector.3596684dfb0ef336b2d90079	GK_TO_ANCHOR	GK	spawn.ac82aef55922d501c77db6ea	ANCHOR	generated.farm.2821cf96ec95f62bb3d5bec7.anchor	0	17722	119749	-9068	20661	114027	-3712	916	916	8371	NO_PATH	0	0	data/spawns/Others/20_21.xml|data/spawns/Dion/CrumaMarshlands.xml	NO_PATH
connector.35d6dd2e317d4d89fece29f8	ANCHOR_TO_GK	ANCHOR	generated.farm.5646fdca6ae25d5f7b8df80f.anchor	GK	spawn.fba52e3020863a6709bad42b	0	154200	-44838	-3744	148612	-49004	-688	1538	1538	7611	NO_PATH	0	0	data/spawns/Goddard/GardenOfBeasts.xml|data/spawns/Castles/Goddard.xml	NO_PATH
connector.35f6e41de717f9a9651585e2	ANCHOR_TO_DEST	ANCHOR	generated.farm.55a21c4d7990e8c7b6e62d66.anchor	DEST	dest.4bf9406ebda63490a2e4f866	0	152204	-61559	-2984	147728	-56331	-2776	1538	1538	6886	NO_PATH	0	0	data/spawns/Goddard/GardenOfBeasts.xml|data/teleporters/clanhall/Goddard/35461.xml	NO_PATH
connector.3602bc57ea8b90cba1f277e1	DEST_TO_ANCHOR	DEST	dest.f5af57707bd63455b08b5b2d	ANCHOR	generated.farm.84775e27285f7385514d76aa.anchor	0	104426	33746	-3825	107512	38458	-4616	923	923	5688	NO_PATH	0	0	data/teleporters/clanhall/Aden/35421.xml|data/spawns/Hunters/EnchantedValley.xml	NO_PATH
connector.3783ed22b494f7957d3aefab	GK_TO_ANCHOR	GK	spawn.c3b887fab1e752991ad6afef	ANCHOR	generated.farm.7f3bc4923037a86b5311ef60.anchor	0	148381	-56525	-2760	154266	-57607	-3368	1538	1538	6015	NO_PATH	0	0	data/spawns/Others/24_16.xml|data/spawns/Goddard/GardenOfBeasts.xml	NO_PATH
connector.37975aa1354662279d037a1f	DEST_TO_ANCHOR	DEST	dest.18657e72d3afd42f45908db0	ANCHOR	generated.farm.40fce0c0c643f3fbfe83b21f.anchor	0	153460	-70055	-3312	149848	-63337	-3408	1538	1538	7629	NO_PATH	0	0	data/teleporters/chamberlain/35363.xml|data/spawns/Goddard/GardenOfBeasts.xml	NO_PATH
connector.37ec7c2cbd99027a02766eb2	DEST_TO_ANCHOR	DEST	dest.4f5494441b06f6ad17ab7b81	ANCHOR	generated.farm.007f9057c1ee101b364fff57.anchor	0	148748	-48951	-687	155476	-49469	-3352	1538	1538	7256	NO_PATH	0	0	data/teleporters/doorman/35359.xml|data/spawns/Goddard/GardenOfBeasts.xml	NO_PATH
connector.380547ece54404129121f68c	ANCHOR_TO_GK	ANCHOR	generated.farm.176740852fbe88d3adf9cb96.anchor	GK	spawn.ac310663c394c7d6add8412b	0	155557	-57365	-3168	149024	-55456	-2765	1538	1538	6819	NO_PATH	0	0	data/spawns/Goddard/GardenOfBeasts.xml|data/spawns/Others/24_16.xml	NO_PATH
connector.3854c21857c6111d4d9b65d6	ANCHOR_TO_DEST	ANCHOR	generated.farm.21b9887f8ee2edf13d4afe09.anchor	DEST	dest.bc80e599e9387f3e2d5d3f90	0	71042	-55479	-3136	69340	-50203	-3288	1537	1537	5546	NO_PATH	0	0	data/spawns/Rune/SwampOfScreams.xml|data/teleporters/town/31320.xml	NO_PATH
connector.38c2b2fd26395c6b85958ae7	DEST_TO_ANCHOR	DEST	dest.bc80e599e9387f3e2d5d3f90	ANCHOR	generated.farm.27840444dac2f1f9126e8733.anchor	0	69340	-50203	-3288	74283	-52777	-3136	1537	1537	5576	NO_PATH	0	0	data/teleporters/town/31320.xml|data/spawns/Rune/SwampOfScreams.xml	NO_PATH
connector.38cdd81ed5e79f1b2c29499d	DEST_TO_ANCHOR	DEST	dest.45565ac66d6cf494a00dc6e5	ANCHOR	generated.farm.8f0179c69efdde951eef0b90.anchor	0	89513	-44800	-2136	89354	-50926	-2592	1537	1537	6146	NO_PATH	0	0	data/teleporters/town/31320.xml|data/spawns/Rune/SwampOfScreams.xml	NO_PATH
connector.38ff06468558b40653c90b4f	ANCHOR_TO_DEST	ANCHOR	generated.farm.353983a2bd19f4688dffa3cd.anchor	DEST	dest.f5af57707bd63455b08b5b2d	0	109680	39254	-4584	104426	33746	-3825	923	923	7650	NO_PATH	0	0	data/spawns/Hunters/EnchantedValley.xml|data/teleporters/clanhall/Aden/35421.xml	NO_PATH
connector.392b6280f007d0e628f9eb34	ANCHOR_TO_DEST	ANCHOR	generated.farm.0497bbb2471a172c40a07476.anchor	DEST	dest.cd7635f1c7137701ac3c258f	0	915	-86149	-2160	-4190	-80040	-2696	920	920	7980	NO_PATH	0	0	data/spawns/OrcTerritory/OrcStarting.xml|data/teleporters/town/30576.xml	NO_PATH
connector.395399d83a42d1ac243df0aa	ANCHOR_TO_DEST	ANCHOR	generated.farm.aa29c1792ab359df7ec6bdd3.anchor	DEST	dest.c22f3e4ebc26119cb4e14b22	0	144241	-204346	-3128	136910	-205082	-3664	921	921	7388	VALID_DIRECT	7388	1	data/spawns/DwarvenTerritory/DwarvenStarting.xml|data/teleporters/town/30540.xml	GEOENGINE_PROVEN
connector.395dc7236714286f9705aee2	ANCHOR_TO_DEST	ANCHOR	generated.farm.f5d8df78a09e41d99d10034a.anchor	DEST	dest.59a3cd50203fa32e05464f28	0	14485	116441	-3728	17691	111726	-6583	916	916	6377	NO_PATH	0	0	data/spawns/Dion/CrumaMarshlands.xml|data/teleporters/others/31843.xml	NO_PATH
connector.396f5b0789a799849c274aac	ANCHOR_TO_DEST	ANCHOR	generated.farm.44e3b54dc8695e07422bdf6f.anchor	DEST	dest.9b179fe51bfb83ea154beacf	0	106352	135516	-3416	113553	134813	-3540	918	918	7237	NO_PATH	0	0	data/spawns/Giran/GorgonFlowerGarden.xml|data/teleporters/town/30836.xml	NO_PATH
connector.3981363885fe5ee6009363e4	DEST_TO_ANCHOR	DEST	dest.6ae64a2dea927cc4882b9be3	ANCHOR	generated.farm.740f5eda2548b39299ec2eef.anchor	0	79248	247390	-8816	79980	248153	-9848	926	926	1478	NO_PATH	0	0	data/teleporters/town/30899.xml|data/spawns/Innadril/GardenOfEva.xml	NO_PATH
connector.39a81b8806411be037d6d394	ANCHOR_TO_DEST	ANCHOR	giran.route.north	DEST	dest.c109f018f56e30d5971c5075	0	85000	143000	-4072	81525	143821	-3528	918	918	3612	VALID_PATH	3979	6	data/mapregion/giran_castle_town.xml|data/teleporters/clanhall/Giran/35457.xml	GEOENGINE_PROVEN
connector.39d9849ba62e6584d87c8524	ANCHOR_TO_DEST	ANCHOR	generated.farm.16abcafacb34a0b79dde55a9.anchor	DEST	dest.45565ac66d6cf494a00dc6e5	0	82436	-41567	-3240	89513	-44800	-2136	1537	1537	7859	NO_PATH	0	0	data/spawns/Rune/SwampOfScreams.xml|data/teleporters/town/31320.xml	NO_PATH
connector.3a00adc4fe87f96150b80aa7	ANCHOR_TO_DEST	ANCHOR	generated.farm.f88dd4bcfb535df8e10320bf.anchor	DEST	dest.6ae64a2dea927cc4882b9be3	0	77985	250562	-9848	79248	247390	-8816	926	926	3567	NO_PATH	0	0	data/spawns/Innadril/GardenOfEva.xml|data/teleporters/town/30899.xml	NO_PATH
connector.3a144636abd0302c6447fc53	DEST_TO_ANCHOR	DEST	dest.60157b30f93203373e08dd6a	ANCHOR	generated.farm.c559aedb44e0cf87e1fb32c9.anchor	0	111965	-154172	-1528	108605	-150431	-2328	1714	1714	5092	NO_PATH	0	0	data/teleporters/clanhall/Schuttgart/35580.xml|data/spawns/Others/PlunderousPlains.xml	NO_PATH
connector.3a1a06722ce1aa6a9bc1d6c3	ANCHOR_TO_GK	ANCHOR	generated.farm.cd306da76ff484653e1f8b63.anchor	GK	spawn.5ec71ae062fb709719b08cec	0	4679	-19352	-3616	11504	-23344	-3644	1924	1924	7907	NO_PATH	0	0	data/spawns/Rune/PrimevalIsle.xml|data/spawns/Others/20_17.xml	NO_PATH
connector.3a256da83c5700776b36d852	ANCHOR_TO_DEST	ANCHOR	generated.farm.49b24db872a5ff00e26bd029.anchor	DEST	dest.bf858e6767aedc4b3744d67b	0	150638	-63299	-3424	150561	-57489	-2976	1538	1538	5828	NO_PATH	0	0	data/spawns/Goddard/GardenOfBeasts.xml|data/teleporters/clanhall/Goddard/35461.xml	NO_PATH
connector.3a344256db63c7fe272dbca6	ANCHOR_TO_GK	ANCHOR	generated.farm.2f5a4686e378172f8cb75ec4.anchor	GK	spawn.d18a9ba08e5427b0fcccb4f0	0	154309	-46007	-3744	148664	-49168	-672	1538	1538	7163	NO_PATH	0	0	data/spawns/Goddard/GardenOfBeasts.xml|data/spawns/Castles/Goddard.xml	NO_PATH
connector.3a77af25fe114dc8be216b32	DEST_TO_ANCHOR	DEST	dest.99c640dbaf880872599d4081	ANCHOR	generated.farm.5dc4820c3eac4a6394b06b56.anchor	0	-9959	176184	-4160	-14160	179196	-5304	912	912	5295	NO_PATH	0	0	data/teleporters/clanhall/Gludio/35386.xml|data/spawns/Gludio/Wasteland.xml	NO_PATH
connector.3aa1b93b5e4a7758ce6020d0	DEST_TO_ANCHOR	DEST	dest.1e37a52b0127138a8808c287	ANCHOR	generated.farm.c64f2217749128d4b5141e7e.anchor	0	189664	46042	-4264	190036	54081	-4368	924	924	8049	NO_PATH	0	0	data/teleporters/chamberlain/35274.xml|data/spawns/Aden/GiantsCave.xml	NO_PATH
connector.3aad3afdc65be0825074e1cb	ANCHOR_TO_DEST	ANCHOR	generated.farm.7e05f4b455d51dddfaf626dc.anchor	DEST	dest.60157b30f93203373e08dd6a	0	110516	-157305	-2056	111965	-154172	-1528	1714	1714	3493	VALID_PATH	3791	3	data/spawns/Others/PlunderousPlains.xml|data/teleporters/clanhall/Schuttgart/35580.xml	GEOENGINE_PROVEN
connector.3ab4f84b0cd3e7e7cf0b3598	ANCHOR_TO_GK	ANCHOR	generated.farm.c9688432b997ec0243ec1b3f.anchor	GK	spawn.812dcd239de56605b0f9a40f	0	148203	-1884	-4592	148636	4756	-400	924	924	7865	NO_PATH	0	0	data/spawns/Aden/BlazingSwamp.xml|data/spawns/Castles/Aden.xml	NO_PATH
connector.3b51b6cbe19f07f426dc325c	ANCHOR_TO_DEST	ANCHOR	generated.farm.9ce01b6c387257511e5c6df4.anchor	DEST	dest.0078633d4fd88238ef4fcba7	0	156116	-46618	-3760	148736	-49201	-688	1538	1538	8401	NO_PATH	0	0	data/spawns/Goddard/GardenOfBeasts.xml|data/teleporters/doorman/35359.xml	NO_PATH
connector.3b7800522ff0c0d7d6c0f927	DEST_TO_ANCHOR	DEST	dest.163f0aea44efeffae77fffed	ANCHOR	generated.farm.dfd7a9e53a647fe939cd530a.anchor	0	148024	-55281	-2728	141197	-58115	-3064	1538	1538	7400	NO_PATH	0	0	data/teleporters/others/Varka.xml|data/spawns/Goddard/GardenOfBeasts.xml	NO_PATH
connector.3b94dac356c9205460f799b6	ANCHOR_TO_GK	ANCHOR	generated.farm.c9688432b997ec0243ec1b3f.anchor	GK	spawn.206b6e6944c7ff3757a380be	0	148203	-1884	-4592	147362	6111	-400	924	924	9067	NO_PATH	0	0	data/spawns/Aden/BlazingSwamp.xml|data/spawns/Castles/Aden.xml	NO_PATH
connector.3b9aaf35da4d8bc3c7ed6c49	ANCHOR_TO_DEST	ANCHOR	generated.farm.b82f7a0510c47f1e27010d9a.anchor	DEST	dest.21e9c9b1510df61032cbc4cc	0	78801	252643	-10360	77868	250400	-9328	926	926	2640	NO_PATH	0	0	data/spawns/Innadril/GardenOfEva.xml|data/teleporters/town/30899.xml	NO_PATH
connector.3be72418e33ed1527aa69fa8	DEST_TO_ANCHOR	DEST	dest.5fe38c8e1f8672000e17c3fe	ANCHOR	generated.farm.b98bdaf85c5429eec94dc264.anchor	0	145514	-48241	-2383	139056	-52350	-2768	1538	1538	7665	NO_PATH	0	0	data/teleporters/doorman/35357.xml|data/spawns/Goddard/GardenOfBeasts.xml	NO_PATH
connector.3becef82a8b10e986f7a5790	DEST_TO_ANCHOR	DEST	dest.4284b435762f397cce85fcfb	ANCHOR	generated.farm.b01f8305e35e40a0b1ac65c4.anchor	0	144880	-113468	-2560	150983	-115580	-1528	1538	1538	6541	NO_PATH	0	0	data/teleporters/others/Varka.xml|data/spawns/Goddard/HotSprings.xml	NO_PATH
connector.3c25565237f24f0a27c1720e	DEST_TO_ANCHOR	DEST	dest.cc433c3076642e927f9055c3	ANCHOR	generated.farm.27840444dac2f1f9126e8733.anchor	0	69340	-50203	-3314	74283	-52777	-3136	1537	1537	5576	NO_PATH	0	0	data/teleporters/clanhall/Rune/35640.xml|data/spawns/Rune/SwampOfScreams.xml	NO_PATH
connector.3c30ec76995e08aa5e35c1a6	DEST_TO_ANCHOR	DEST	dest.1336b2e6b9a96915db9adc85	ANCHOR	generated.farm.bfb0335de417bc81a7e9b231.anchor	0	-84141	244623	-3728	-88052	241579	-3600	910	910	4958	NO_PATH	0	0	data/teleporters/town/30134.xml|data/spawns/TalkingIsland/TalkingIslandMonsters.xml	NO_PATH
connector.3c5cf53544e87aa33dab2019	ANCHOR_TO_GK	ANCHOR	generated.farm.8a7bb9fc5fe46b8eedb998ea.anchor	GK	spawn.f3a49ab4f7a73dfdea27ae5e	0	143516	-61360	-3152	147134	-56576	-2760	1538	1538	6011	NO_PATH	0	0	data/spawns/Goddard/GardenOfBeasts.xml|data/spawns/Others/24_16.xml	NO_PATH
connector.3c6d22e1f2fff909907b796c	ANCHOR_TO_DEST	ANCHOR	generated.farm.f5db9c424aa8e977ede6cca2.anchor	DEST	dest.b5edee75f7edd44ad47a86fe	0	146195	-63284	-3232	147731	-58930	-2976	1538	1538	4625	NO_PATH	0	0	data/spawns/Goddard/GardenOfBeasts.xml|data/teleporters/clanhall/Goddard/35463.xml	NO_PATH
connector.3c9a3b945c7ad1c3ce4e4338	DEST_TO_ANCHOR	DEST	dest.33a887d0d5f35cb08e9af0e1	ANCHOR	generated.farm.a4122c4a8bed91d0e6a70bc3.anchor	0	105007	-140874	-3360	107302	-145184	-3656	1714	1714	4892	NO_PATH	0	0	data/teleporters/chamberlain/35555.xml|data/spawns/Others/PlunderousPlains.xml	NO_PATH
connector.3cac06943c6f402b9c50c75f	DEST_TO_ANCHOR	DEST	dest.0078633d4fd88238ef4fcba7	ANCHOR	generated.farm.007f9057c1ee101b364fff57.anchor	0	148736	-49201	-688	155476	-49469	-3352	1538	1538	7253	NO_PATH	0	0	data/teleporters/doorman/35359.xml|data/spawns/Goddard/GardenOfBeasts.xml	NO_PATH
connector.3cb287b9826c1ab1f588720d	DEST_TO_ANCHOR	DEST	dest.99c640dbaf880872599d4081	ANCHOR	generated.farm.296747f0e4abc2502739687a.anchor	0	-9959	176184	-4160	-13701	178024	-5304	912	912	4324	NO_PATH	0	0	data/teleporters/clanhall/Gludio/35386.xml|data/spawns/Gludio/Wasteland.xml	NO_PATH
connector.3cb54b4c5cbeec943a9eb2a5	DEST_TO_ANCHOR	DEST	dest.c22f3e4ebc26119cb4e14b22	ANCHOR	generated.farm.3a61798ba87fc8273b664399.anchor	0	136910	-205082	-3664	140022	-212652	-3560	921	921	8186	NO_PATH	0	0	data/teleporters/town/30540.xml|data/spawns/DwarvenTerritory/DwarvenStarting.xml	NO_PATH
connector.3cd4c530a1fb5d47ffab80c5	DEST_TO_ANCHOR	DEST	dest.64a9b2aee4d5a6eb51ab26f9	ANCHOR	generated.farm.2821cf96ec95f62bb3d5bec7.anchor	0	17781	113999	-11672	20661	114027	-3712	916	916	8466	NO_PATH	0	0	data/teleporters/others/30485.xml|data/spawns/Dion/CrumaMarshlands.xml	NO_PATH
connector.3cf3ce012a9201237071dec5	GK_TO_ANCHOR	GK	spawn.c3b887fab1e752991ad6afef	ANCHOR	generated.farm.d5293ad13f4722d653be46d7.anchor	0	148381	-56525	-2760	151869	-61029	-3120	1538	1538	5709	NO_PATH	0	0	data/spawns/Others/24_16.xml|data/spawns/Goddard/GardenOfBeasts.xml	NO_PATH
connector.3d167ed685f1413bb8fd864d	DEST_TO_ANCHOR	DEST	dest.25e28532f79c5963d8bce2a5	ANCHOR	generated.farm.8bdb8e21ba7fe07c52cc76c1.anchor	0	124904	61992	-3973	123686	59051	-4576	923	923	3240	VALID_PATH	3831	5	data/teleporters/clanhall/Aden/35443.xml|data/spawns/Hunters/EnchantedValley.xml	GEOENGINE_PROVEN
connector.3d31a716881b958a6732ef31	DEST_TO_ANCHOR	DEST	dest.b5edee75f7edd44ad47a86fe	ANCHOR	generated.farm.55a21c4d7990e8c7b6e62d66.anchor	0	147731	-58930	-2976	152204	-61559	-2984	1538	1538	5189	NO_PATH	0	0	data/teleporters/clanhall/Goddard/35463.xml|data/spawns/Goddard/GardenOfBeasts.xml	NO_PATH
connector.3d31f13e8f024e076396503d	ANCHOR_TO_DEST	ANCHOR	generated.farm.475038779aaee6a2e82aa06b.anchor	DEST	dest.5a41f45cf22daa12bbd6a4c0	0	175552	-186630	-1280	178591	-184615	-360	921	921	3761	VALID_PATH	4212	6	data/spawns/DwarvenTerritory/DwarvenStarting.xml|data/teleporters/town/30540.xml	GEOENGINE_PROVEN
connector.3d86e57c9391c7968d2be7ea	DEST_TO_ANCHOR	DEST	dest.9c88beb7b9796ecb4f3bc769	ANCHOR	generated.farm.a32843d9945a633fb0d082ee.anchor	0	148575	4607	-403	150739	-2129	-4568	924	924	8210	NO_PATH	0	0	data/teleporters/doorman/35270.xml|data/spawns/Aden/BlazingSwamp.xml	NO_PATH
connector.3ddf4ae425cec33c1f889498	DEST_TO_ANCHOR	DEST	dest.05dff68273ca1da96f284fdb	ANCHOR	generated.farm.f3fd4678fef37c7c3d4873a6.anchor	0	84413	234334	-3656	85212	241424	-7160	926	926	7949	NO_PATH	0	0	data/teleporters/town/30899.xml|data/spawns/Innadril/GardenOfEva.xml	NO_PATH
connector.3e0f2a9d56394a0f51f8cf7e	DEST_TO_ANCHOR	DEST	dest.506a7d783a0110ccf138860e	ANCHOR	generated.farm.71e9ed0e781508b1ff50393a.anchor	0	-42256	198333	-2800	-42286	193693	-3112	911	911	4651	VALID_DIRECT	4651	1	data/teleporters/town/30320.xml|data/spawns/Gludio/Wasteland.xml	GEOENGINE_PROVEN
connector.3e1332006120d7b922f8fb2d	ANCHOR_TO_DEST	ANCHOR	generated.farm.c9688432b997ec0243ec1b3f.anchor	DEST	dest.02fff12e5eb887fc34e8ce91	0	148203	-1884	-4592	147456	6058	-407	924	924	9009	NO_PATH	0	0	data/spawns/Aden/BlazingSwamp.xml|data/teleporters/doorman/35269.xml	NO_PATH
connector.3e4de7a06fd1ad0ea5a2766b	ANCHOR_TO_DEST	ANCHOR	generated.farm.1a9cc6a6a5d77d8609d19658.anchor	DEST	dest.45565ac66d6cf494a00dc6e5	0	81595	-44769	-3232	89513	-44800	-2136	1537	1537	7994	NO_PATH	0	0	data/spawns/Rune/SwampOfScreams.xml|data/teleporters/town/31320.xml	NO_PATH
connector.3e50d90bfdb08066d54b7758	GK_TO_ANCHOR	GK	spawn.ed193302d05a74e407ff76e4	ANCHOR	generated.farm.e47439edce6317c8c5af5c29.anchor	0	118640	132800	-4832	117413	128329	-2832	918	923	5050	NO_PATH	0	0	data/spawns/Others/23_22.xml|data/spawns/Giran/GorgonFlowerGarden.xml	NO_PATH
connector.3e5de04b83d3f2e75b4a9908	ANCHOR_TO_DEST	ANCHOR	generated.farm.2f5a4686e378172f8cb75ec4.anchor	DEST	dest.285de1592f4b8592a440458c	0	154309	-46007	-3744	147459	-45789	-2084	1538	1538	7052	NO_PATH	0	0	data/spawns/Goddard/GardenOfBeasts.xml|data/teleporters/doorman/35356.xml	NO_PATH
connector.3e8150e522a6bd463fc630ff	DEST_TO_ANCHOR	DEST	dest.9d74188a88fecd721cf1e45e	ANCHOR	generated.farm.5b305330a32f8784c91ab144.anchor	0	21362	51122	-3688	28013	53902	-3304	914	914	7219	NO_PATH	0	0	data/teleporters/town/30146.xml|data/spawns/ElvenTerritory/ElvenStarting.xml	NO_PATH
connector.3e9ba6f7b15039a956dbec67	GK_TO_ANCHOR	GK	spawn.0ee92d8baebbdfb84d872803	ANCHOR	generated.farm.e72c2c1fdf7715981415fcdb.anchor	0	-45264	-112512	-240	-49543	-110784	-240	920	920	4615	NO_PATH	0	0	data/spawns/Others/18_14.xml|data/spawns/OrcTerritory/OrcStarting.xml	NO_PATH
connector.3ebeeb2d5d946d7067522c12	GK_TO_ANCHOR	GK	spawn.86b0d293ddbb17f33befc233	ANCHOR	giran.gatekeeper.30080	0	81920	151968	-3520	83396	147904	-3404	918	918	4326	NO_PATH	0	0	data/spawns/Others/22_22.xml|data/stats/npcs/30000-30099.xml|data/spawns/Others/22_22.xml|data/teleporters/town/30080.xml	NO_PATH
connector.3eca6eeaf831a635d3cd5946	DEST_TO_ANCHOR	DEST	dest.84cfda71508181370e4e1e94	ANCHOR	generated.farm.43b6d9eeadfec551235c2869.anchor	0	50568	152408	-2656	46195	152284	-2776	916	916	4377	NO_PATH	0	0	data/teleporters/town/30059.xml|data/spawns/Dion/ExecutionGrounds.xml	NO_PATH
connector.3eca8c62b4c68c32afce742d	ANCHOR_TO_DEST	ANCHOR	generated.farm.3ed60488890fc56b8a93d524.anchor	DEST	dest.e1ed15a8c14e439c5ff4fe76	0	145214	-1914	-4592	146374	4599	-403	924	924	7831	NO_PATH	0	0	data/spawns/Aden/BlazingSwamp.xml|data/teleporters/doorman/35268.xml	NO_PATH
connector.3fb4627e9e97059e9c137651	GK_TO_ANCHOR	GK	spawn.48598069a7e03782845dcce6	ANCHOR	generated.farm.a32843d9945a633fb0d082ee.anchor	0	146275	4468	-400	150739	-2129	-4568	924	924	8990	NO_PATH	0	0	data/spawns/Castles/Aden.xml|data/spawns/Aden/BlazingSwamp.xml	NO_PATH
connector.3fc51a88a31ecf208d5e0f95	GK_TO_ANCHOR	GK	spawn.fba52e3020863a6709bad42b	ANCHOR	generated.farm.007f9057c1ee101b364fff57.anchor	0	148612	-49004	-688	155476	-49469	-3352	1538	1538	7378	NO_PATH	0	0	data/spawns/Castles/Goddard.xml|data/spawns/Goddard/GardenOfBeasts.xml	NO_PATH
connector.4039592e40d76525a12dd330	DEST_TO_ANCHOR	DEST	dest.698f76618645d240ff17b97f	ANCHOR	generated.farm.a50317edaaaaf13d713fc202.anchor	0	-89763	105359	-3576	-93480	106247	-3648	911	911	3823	NO_PATH	0	0	data/teleporters/town/30320.xml|data/spawns/Gludin/TurekOrcs.xml	NO_PATH
connector.407143e06eb2fa086519239b	ANCHOR_TO_DEST	ANCHOR	generated.farm.fbed469f3eed03272ceee80b.anchor	DEST	dest.c198460adf168f69d59928b8	0	155439	-8903	-4096	155310	-16339	-3320	924	924	7478	NO_PATH	0	0	data/spawns/Aden/BlazingSwamp.xml|data/teleporters/clanhall/Aden/35439.xml	NO_PATH
connector.40f93de607217b6739cfb4a5	ANCHOR_TO_DEST	ANCHOR	generated.farm.0eb995760d6a84b18285948e.anchor	DEST	dest.e58785de760af9858aee2c0d	0	182592	61008	-7232	183985	61424	-3992	924	924	3552	NO_PATH	0	0	data/spawns/Aden/GiantsCave.xml|data/teleporters/clanhall/Aden/35443.xml	NO_PATH
connector.412890e10ce1ab4e35709a1d	DEST_TO_ANCHOR	DEST	dest.9384a3e4ce145b2a1d684ad3	ANCHOR	generated.farm.2821cf96ec95f62bb3d5bec7.anchor	0	17225	114173	-3440	20661	114027	-3712	916	916	3450	NO_PATH	0	0	data/teleporters/town/30059.xml|data/spawns/Dion/CrumaMarshlands.xml	NO_PATH
connector.4153dd8bd88297433549d3ca	DEST_TO_ANCHOR	DEST	dest.a1e4693884e8683fb171a478	ANCHOR	generated.farm.1410fcecaf888ad87f8cfe85.anchor	0	153996	-50182	-2992	156752	-50472	-3104	1538	1538	2774	VALID_DIRECT	2774	1	data/teleporters/chamberlain/35363.xml|data/spawns/Goddard/GardenOfBeasts.xml	GEOENGINE_PROVEN
connector.4197d3783885e0cb1142a19b	ANCHOR_TO_DEST	ANCHOR	population.route.human-mystic.b2	DEST	dest.f2250fc66d2e1e4512042557	0	-89240	249912	-3568	-84318	244579	-3730	910	910	7260	NO_PATH	0	0	data/stats/players/templates/StartingClass/HumanMystic.xml|data/spawns/TalkingIsland/TalkingIslandMonsters.xml|data/teleporters/town/32163.xml	NO_PATH
connector.41cd327e481644efab91b968	DEST_TO_ANCHOR	DEST	dest.4284b435762f397cce85fcfb	ANCHOR	generated.farm.5241a753fc2261cfc117ac7b.anchor	0	144880	-113468	-2560	146876	-112049	-2344	1538	1538	2459	VALID_DIRECT	2459	1	data/teleporters/others/Varka.xml|data/spawns/Goddard/HotSprings.xml	GEOENGINE_PROVEN
connector.42046dbeb5f3ee7e8907d2c8	ANCHOR_TO_DEST	ANCHOR	generated.farm.c1f6acc47946c796b2f8753d.anchor	DEST	dest.1e879a713772907ce9c92b95	0	96858	-16379	-2000	91539	-12204	-2440	922	922	6777	NO_PATH	0	0	data/spawns/Oren/OutlawForest.xml|data/teleporters/town/30177.xml	NO_PATH
connector.42a1ca9acd35bb99446c1a97	GK_TO_ANCHOR	GK	spawn.0ee92d8baebbdfb84d872803	ANCHOR	population.route.orc.a2	0	-45264	-112512	-240	-52637	-113715	-80	920	920	7473	NO_PATH	0	0	data/spawns/Others/18_14.xml|data/stats/players/templates/StartingClass/OrcFighter.xml|data/stats/players/templates/StartingClass/OrcMystic.xml|data/spawns/OrcTerritory/OrcStarting.xml	NO_PATH
connector.42c32eaaa2ff79eb3401a345	DEST_TO_ANCHOR	DEST	dest.6ae64a2dea927cc4882b9be3	ANCHOR	generated.farm.d68d358156705a43ae085088.anchor	0	79248	247390	-8816	79371	247379	-9336	926	926	535	VALID_PATH	2225	5	data/teleporters/town/30899.xml|data/spawns/Innadril/GardenOfEva.xml	GEOENGINE_PROVEN
connector.42cf1bb114c84b3bebec67d7	GK_TO_ANCHOR	GK	spawn.c3b887fab1e752991ad6afef	ANCHOR	generated.farm.81c6855121cf6afa88828282.anchor	0	148381	-56525	-2760	142148	-59521	-3184	1538	1538	6929	NO_PATH	0	0	data/spawns/Others/24_16.xml|data/spawns/Goddard/GardenOfBeasts.xml	NO_PATH
connector.42d39cd8d9e25b6d3ec06bc3	DEST_TO_ANCHOR	DEST	dest.80d0bbcf9155ac3f563b0893	ANCHOR	generated.farm.2821cf96ec95f62bb3d5bec7.anchor	0	17253	114232	-3440	20661	114027	-3712	916	916	3425	NO_PATH	0	0	data/teleporters/others/30484.xml|data/spawns/Dion/CrumaMarshlands.xml	NO_PATH
connector.42d999736816b29fc6e7fc69	ANCHOR_TO_GK	ANCHOR	generated.farm.7f3bc4923037a86b5311ef60.anchor	GK	spawn.c3b887fab1e752991ad6afef	0	154266	-57607	-3368	148381	-56525	-2760	1538	1538	6015	NO_PATH	0	0	data/spawns/Goddard/GardenOfBeasts.xml|data/spawns/Others/24_16.xml	NO_PATH
connector.42e47bc492232b80a72dc437	GK_TO_ANCHOR	GK	spawn.fba52e3020863a6709bad42b	ANCHOR	generated.farm.580d4fbf531862b4ef832098.anchor	0	148612	-49004	-688	154735	-43714	-3720	1538	1538	8642	NO_PATH	0	0	data/spawns/Castles/Goddard.xml|data/spawns/Goddard/GardenOfBeasts.xml	NO_PATH
connector.4314379235544874f0b93f13	ANCHOR_TO_DEST	ANCHOR	generated.farm.503e413b02be4b3ce35cf918.anchor	DEST	dest.f2522fd691ccf61f81ae16ec	0	84928	253644	-10872	82951	252354	-10592	926	926	2378	VALID_DIRECT	2378	1	data/spawns/Innadril/GardenOfEva.xml|data/teleporters/town/30899.xml	GEOENGINE_PROVEN
connector.438a818842048b0aaf39d78a	GK_TO_ANCHOR	GK	spawn.5ca082539ed558dfea594787	ANCHOR	generated.farm.c9688432b997ec0243ec1b3f.anchor	0	149208	4339	-440	148203	-1884	-4592	924	924	7549	NO_PATH	0	0	data/spawns/Castles/Aden.xml|data/spawns/Aden/BlazingSwamp.xml	NO_PATH
connector.43a08f99c9a7dd4834c99c16	DEST_TO_ANCHOR	DEST	dest.5a41f45cf22daa12bbd6a4c0	ANCHOR	generated.farm.77743197e238ebb0e1e3eac2.anchor	0	178591	-184615	-360	175207	-189475	-2304	921	921	6233	NO_PATH	0	0	data/teleporters/town/30540.xml|data/spawns/DwarvenTerritory/DwarvenStarting.xml	NO_PATH
connector.43cae7d30a0309b2a8ccb9d7	DEST_TO_ANCHOR	DEST	dest.84cfda71508181370e4e1e94	ANCHOR	generated.farm.8d87d35a90f72a3211bda91f.anchor	0	50568	152408	-2656	47544	152757	-2800	916	916	3048	VALID_PATH	3159	4	data/teleporters/town/30059.xml|data/spawns/Dion/ExecutionGrounds.xml	GEOENGINE_PROVEN
connector.43de697fc2d33ba94c7ae2d4	ANCHOR_TO_DEST	ANCHOR	generated.farm.8a8233a432c4ee53ae61df70.anchor	DEST	dest.a93a05bb8dc5f577fcad0b87	0	43859	149867	-3736	42514	143917	-5385	916	916	6320	NO_PATH	0	0	data/spawns/Dion/ExecutionGrounds.xml|data/teleporters/dungeon/31120.xml	NO_PATH
connector.441b938e65ea7fefdb36669a	ANCHOR_TO_DEST	ANCHOR	generated.farm.2375cb206c6e030fba6f3396.anchor	DEST	dest.6fb5021ca4d18a28277cff29	0	69373	-56615	-3096	71814	-57054	-3088	1537	1537	2481	PATH_SEGMENT_BLOCKED	0	0	data/spawns/Rune/SwampOfScreams.xml|data/teleporters/chamberlain/35509.xml	PATH_SEGMENT_BLOCKED
connector.44b9c78f5d9900923f5f102d	GK_TO_ANCHOR	GK	spawn.844ddb7500852ef9c1ed2526	ANCHOR	generated.farm.5e5aca3a954f1bc9c48910db.anchor	0	147966	-55228	-2728	155435	-55803	-3120	1538	1538	7502	NO_PATH	0	0	data/spawns/Others/24_16.xml|data/spawns/Goddard/GardenOfBeasts.xml	NO_PATH
connector.44c03e1b89c2ff08ae5f4a15	ANCHOR_TO_DEST	ANCHOR	generated.farm.17b9477b5932a2d62a5f479c.anchor	DEST	dest.698f76618645d240ff17b97f	0	-97264	106785	-3392	-89763	105359	-3576	911	911	7638	NO_PATH	0	0	data/spawns/Gludin/TurekOrcs.xml|data/teleporters/town/30320.xml	NO_PATH
connector.44f5739f3a8df4b73dc1abe4	ANCHOR_TO_GK	ANCHOR	generated.farm.580d4fbf531862b4ef832098.anchor	GK	spawn.4ec1cadaeec07b1cea645215	0	154735	-43714	-3720	149272	-48088	-2382	1538	1538	7126	NO_PATH	0	0	data/spawns/Goddard/GardenOfBeasts.xml|data/spawns/Castles/Goddard.xml	NO_PATH
connector.451023a2db11ef2219590809	DEST_TO_ANCHOR	DEST	dest.4f5494441b06f6ad17ab7b81	ANCHOR	generated.farm.c6b91d878955fb4a74840c96.anchor	0	148748	-48951	-687	154440	-47418	-3776	1538	1538	6656	NO_PATH	0	0	data/teleporters/doorman/35359.xml|data/spawns/Goddard/GardenOfBeasts.xml	NO_PATH
connector.4513392cc0fb8a3e18ade9b8	DEST_TO_ANCHOR	DEST	dest.570688a19e61bb9b1ec8a54b	ANCHOR	generated.farm.7abf96c5570d839c7807942c.anchor	0	125740	-40864	-3736	120536	-42456	-3200	1538	1538	5469	NO_PATH	0	0	data/teleporters/clanhall/Goddard/35605.xml|data/spawns/Goddard/VarkaSlenosOutpost.xml	NO_PATH
connector.459d0cb02a4f854fbe74a739	ANCHOR_TO_GK	ANCHOR	giran.castle.defender.staging	GK	spawn.8ce27205fe8c38ddf75a6732	0	116540	146655	-1866	117095	144997	-2539	918	918	1874	NO_PATH	0	0	data/zones/castle_hall.xml|data/zones/castle_siege.xml|data/spawns/Castles/Giran.xml	NO_PATH
connector.45a8dd9e94aea2d4cbd9f18f	DEST_TO_ANCHOR	DEST	dest.c109f018f56e30d5971c5075	ANCHOR	giran.gatekeeper.30080	0	81525	143821	-3528	83396	147904	-3404	918	918	4493	NO_PATH	0	0	data/teleporters/clanhall/Giran/35457.xml|data/stats/npcs/30000-30099.xml|data/spawns/Others/22_22.xml|data/teleporters/town/30080.xml	NO_PATH
connector.45c292e8a761efb89fdecc35	GK_TO_ANCHOR	GK	spawn.eb2a0cf2960a2810f8a6efa9	ANCHOR	giran.gatekeeper.30080	0	83396	147904	-3404	83396	147904	-3404	918	918	0	NO_MOVEMENT	0	0	data/spawns/Others/22_22.xml|data/stats/npcs/30000-30099.xml|data/spawns/Others/22_22.xml|data/teleporters/town/30080.xml	NO_MOVEMENT
connector.45e8d2ec61ae0d6f50452b81	ANCHOR_TO_DEST	ANCHOR	generated.farm.48397c0d3e43caec906b5c4e.anchor	DEST	dest.c5b83c9fbef62a1041c22fe6	0	182250	15896	-3168	184742	19745	-3168	924	924	4586	NO_PATH	0	0	data/spawns/Aden/Cemetery.xml|data/teleporters/clanhall/Aden/35441.xml	NO_PATH
connector.46150153cc7fc502703820e9	ANCHOR_TO_DEST	ANCHOR	generated.farm.3a339f8c4f55cae891392f7a.anchor	DEST	dest.cc433c3076642e927f9055c3	0	73765	-51246	-3136	69340	-50203	-3314	1537	1537	4550	NO_PATH	0	0	data/spawns/Rune/SwampOfScreams.xml|data/teleporters/clanhall/Rune/35640.xml	NO_PATH
connector.4633f2e4812ed949169725a3	ANCHOR_TO_GK	ANCHOR	generated.farm.57a38f13450e54452b749339.anchor	GK	spawn.c1a8e0b5f59219febffb093b	0	52710	55450	-3320	46926	51511	-2976	914	914	7007	NO_PATH	0	0	data/spawns/ElvenTerritory/ElvenStarting.xml|data/spawns/Others/21_19.xml	NO_PATH
connector.46757f93f29dfc2262a3891b	ANCHOR_TO_GK	ANCHOR	generated.farm.7687a7a08e9e2c021b1ed490.anchor	GK	spawn.43f1cdc4737c7dec127ed004	0	138248	-47069	-3008	145640	-48096	-2382	1538	1538	7490	NO_PATH	0	0	data/spawns/Goddard/GardenOfBeasts.xml|data/spawns/Castles/Goddard.xml	NO_PATH
connector.4686f19d8e63aa8e306ffc08	ANCHOR_TO_GK	ANCHOR	generated.farm.0eb995760d6a84b18285948e.anchor	GK	spawn.6d40136e98f143a65dfe3117	0	182592	61008	-7232	184458	61446	-3992	924	924	3765	NO_PATH	0	0	data/spawns/Aden/GiantsCave.xml|data/spawns/Others/25_19.xml	NO_PATH
connector.4696a8783ba971dc335c1022	ANCHOR_TO_DEST	ANCHOR	generated.farm.740f5eda2548b39299ec2eef.anchor	DEST	dest.21e9c9b1510df61032cbc4cc	0	79980	248153	-9848	77868	250400	-9328	926	926	3128	VALID_PATH	3431	5	data/spawns/Innadril/GardenOfEva.xml|data/teleporters/town/30899.xml	GEOENGINE_PROVEN
connector.472a3b7408b011efa6eaa93b	DEST_TO_ANCHOR	DEST	dest.b4a1ae4df8c995cd286084c9	ANCHOR	giran.castle.attacker.staging	0	113123	144869	-2835	112122	144855	-2751	918	918	1005	PATH_SEGMENT_BLOCKED	0	0	data/teleporters/doorman/35180.xml|data/html/admin/teleports/CastleAreas/giran.htm|data/zones/castle_siege.xml|data/zones/castle_hall.xml	PATH_SEGMENT_BLOCKED
connector.4735fc66c2d44ff2797b0170	DEST_TO_ANCHOR	DEST	dest.bf858e6767aedc4b3744d67b	ANCHOR	generated.farm.f0514c14d379407f1823f1e7.anchor	0	150561	-57489	-2976	151576	-62206	-3232	1538	1538	4832	NO_PATH	0	0	data/teleporters/clanhall/Goddard/35461.xml|data/spawns/Goddard/GardenOfBeasts.xml	NO_PATH
connector.4737b2fae817428c0eff63bd	DEST_TO_ANCHOR	DEST	dest.989f1f1ebece5846171b7e0c	ANCHOR	generated.farm.2f5a4686e378172f8cb75ec4.anchor	0	149430	-48245	-2383	154309	-46007	-3744	1538	1538	5538	NO_PATH	0	0	data/teleporters/doorman/35358.xml|data/spawns/Goddard/GardenOfBeasts.xml	NO_PATH
connector.4794aecf6ec67dbe2495ad96	GK_TO_ANCHOR	GK	spawn.94983ae1f1c3f9665c08d90a	ANCHOR	generated.farm.81c6855121cf6afa88828282.anchor	0	146416	-55568	-2765	142148	-59521	-3184	1538	1538	5833	NO_PATH	0	0	data/spawns/Others/24_16.xml|data/spawns/Goddard/GardenOfBeasts.xml	NO_PATH
connector.47b52382f51fe97ffaee0b90	ANCHOR_TO_DEST	ANCHOR	generated.farm.1bc0806803391550b59b5dd7.anchor	DEST	dest.ffb129dafff574e80a4d7eca	0	173413	-187077	-488	179299	-182831	-224	921	921	7263	NO_PATH	0	0	data/spawns/DwarvenTerritory/DwarvenStarting.xml|data/teleporters/others/32654.xml	NO_PATH
connector.47f0ce1c2c0408bdcdfb85ba	ANCHOR_TO_DEST	ANCHOR	generated.farm.580d4fbf531862b4ef832098.anchor	DEST	dest.285de1592f4b8592a440458c	0	154735	-43714	-3720	147459	-45789	-2084	1538	1538	7741	NO_PATH	0	0	data/spawns/Goddard/GardenOfBeasts.xml|data/teleporters/doorman/35356.xml	NO_PATH
connector.484050a86e363ce290580662	DEST_TO_ANCHOR	DEST	dest.bc15f24e05184431bde3e1fc	ANCHOR	giran.gatekeeper.30080	0	77305	148636	-3592	83396	147904	-3404	918	918	6138	NO_PATH	0	0	data/teleporters/clanhall/Giran/35457.xml|data/stats/npcs/30000-30099.xml|data/spawns/Others/22_22.xml|data/teleporters/town/30080.xml	NO_PATH
connector.484f9c88154dbb25777636c8	ANCHOR_TO_DEST	ANCHOR	generated.farm.c6b91d878955fb4a74840c96.anchor	DEST	dest.0078633d4fd88238ef4fcba7	0	154440	-47418	-3776	148736	-49201	-688	1538	1538	6727	NO_PATH	0	0	data/spawns/Goddard/GardenOfBeasts.xml|data/teleporters/doorman/35359.xml	NO_PATH
connector.4872893da9b5fea6ba52667a	DEST_TO_ANCHOR	DEST	dest.b5edee75f7edd44ad47a86fe	ANCHOR	generated.farm.40fce0c0c643f3fbfe83b21f.anchor	0	147731	-58930	-2976	149848	-63337	-3408	1538	1538	4909	NO_PATH	0	0	data/teleporters/clanhall/Goddard/35463.xml|data/spawns/Goddard/GardenOfBeasts.xml	NO_PATH
connector.487b511eb0ad3cfa121013ba	GK_TO_ANCHOR	GK	spawn.f3a49ab4f7a73dfdea27ae5e	ANCHOR	generated.farm.81c6855121cf6afa88828282.anchor	0	147134	-56576	-2760	142148	-59521	-3184	1538	1538	5807	NO_PATH	0	0	data/spawns/Others/24_16.xml|data/spawns/Goddard/GardenOfBeasts.xml	NO_PATH
connector.48adfb890b88ec9ddfdc7a22	DEST_TO_ANCHOR	DEST	dest.a11b765b1fdfbe59148d95d8	ANCHOR	generated.farm.2f28e5148a38d8f4c4959a1d.anchor	0	-45158	-112583	-240	-39917	-109286	-1800	920	920	6386	NO_PATH	0	0	data/teleporters/town/30320.xml|data/spawns/OrcTerritory/OrcStarting.xml	NO_PATH
connector.48b71375d57054d457fe1a6f	ANCHOR_TO_DEST	ANCHOR	generated.farm.dfd7a9e53a647fe939cd530a.anchor	DEST	dest.4bf9406ebda63490a2e4f866	0	141197	-58115	-3064	147728	-56331	-2776	1538	1538	6777	NO_PATH	0	0	data/spawns/Goddard/GardenOfBeasts.xml|data/teleporters/clanhall/Goddard/35461.xml	NO_PATH
connector.48c32d41a33adbfb38d344c3	ANCHOR_TO_DEST	ANCHOR	generated.farm.68ac03db1d45016496b071a9.anchor	DEST	dest.84cfda71508181370e4e1e94	0	54175	151597	-2456	50568	152408	-2656	916	916	3703	NO_PATH	0	0	data/spawns/Dion/ExecutionGrounds.xml|data/teleporters/town/30059.xml	NO_PATH
connector.48d6aba574a5713f66d10c58	ANCHOR_TO_GK	ANCHOR	generated.farm.9ce01b6c387257511e5c6df4.anchor	GK	spawn.51c3beb6cc7ad616365893a6	0	156116	-46618	-3760	149024	-48080	-2382	1538	1538	7372	NO_PATH	0	0	data/spawns/Goddard/GardenOfBeasts.xml|data/spawns/Castles/Goddard.xml	NO_PATH
connector.48d7faf8847c84a387399569	DEST_TO_ANCHOR	DEST	dest.45565ac66d6cf494a00dc6e5	ANCHOR	generated.farm.edb7b86868588ed7faadd4d3.anchor	0	89513	-44800	-2136	82326	-41565	-3240	1537	1537	7959	NO_PATH	0	0	data/teleporters/town/31320.xml|data/spawns/Rune/SwampOfScreams.xml	NO_PATH
connector.48eb00b491afa17b7b8c8833	ANCHOR_TO_DEST	ANCHOR	generated.farm.ee48dae8f473d2481ec8baf7.anchor	DEST	dest.8c09bbc7bfb0f2b227b81f0b	0	114619	40508	-4568	114674	44150	-3376	923	923	3833	NO_PATH	0	0	data/spawns/Hunters/EnchantedValley.xml|data/teleporters/town/30233.xml	NO_PATH
connector.4901c4721ab94c34c59382c6	DEST_TO_ANCHOR	DEST	dest.6ae64a2dea927cc4882b9be3	ANCHOR	generated.farm.2e7d51b912888ea425839836.anchor	0	79248	247390	-8816	82332	248089	-10360	926	926	3520	NO_PATH	0	0	data/teleporters/town/30899.xml|data/spawns/Innadril/GardenOfEva.xml	NO_PATH
connector.499d10be7c2d0e6461d193dd	GK_TO_ANCHOR	GK	spawn.c5db474f615ec7563feee08e	ANCHOR	generated.farm.007f9057c1ee101b364fff57.anchor	0	147408	-49296	-2120	155476	-49469	-3352	1538	1538	8164	NO_PATH	0	0	data/spawns/Castles/Goddard.xml|data/spawns/Goddard/GardenOfBeasts.xml	NO_PATH
connector.49a1bcccaf2adef93a847a2a	ANCHOR_TO_GK	ANCHOR	generated.farm.3c0d8abca8bd8b3c5196c8b9.anchor	GK	spawn.32a71cec01cdd84fa8a137c1	0	173277	-23788	-3608	177598	-18610	-2238	924	924	6882	NO_PATH	0	0	data/spawns/Aden/FieldsOfMassacre.xml|data/spawns/Others/25_17.xml	NO_PATH
connector.49c7cbdf02492c20544969d3	DEST_TO_ANCHOR	DEST	dest.0a3082f7cc8ee57406948adb	ANCHOR	giran.route.north	0	81749	149171	-3464	85000	143000	-4072	918	918	7002	NO_PATH	0	0	data/teleporters/chamberlain/35184.xml|data/mapregion/giran_castle_town.xml	NO_PATH
connector.49d19eab4b970a26789b4c24	GK_TO_ANCHOR	GK	spawn.ee82a6e3aa92a4ff7f32794c	ANCHOR	population.route.human-mystic.b1	0	-84108	244604	-3728	-90072	248328	-3568	910	910	7033	NO_PATH	0	0	data/spawns/Others/17_25.xml|data/stats/players/templates/StartingClass/HumanMystic.xml|data/spawns/TalkingIsland/TalkingIslandMonsters.xml	NO_PATH
connector.49fc0df698911c77a2be264a	DEST_TO_ANCHOR	DEST	dest.ffb129dafff574e80a4d7eca	ANCHOR	generated.farm.475038779aaee6a2e82aa06b.anchor	0	179299	-182831	-224	175552	-186630	-1280	921	921	5440	NO_PATH	0	0	data/teleporters/others/32654.xml|data/spawns/DwarvenTerritory/DwarvenStarting.xml	NO_PATH
connector.4a3bfd3acca17494d1d03a21	DEST_TO_ANCHOR	DEST	dest.310df8d1b7641040b46f5dc8	ANCHOR	generated.farm.f5d8df78a09e41d99d10034a.anchor	0	17719	115590	-6584	14485	116441	-3728	916	916	4398	NO_PATH	0	0	data/teleporters/others/30486.xml|data/spawns/Dion/CrumaMarshlands.xml	NO_PATH
connector.4a55ea512fcf46f7cd5e84e1	ANCHOR_TO_DEST	ANCHOR	giran.city.center	DEST	dest.0a3082f7cc8ee57406948adb	0	82480	149087	-3350	81749	149171	-3464	918	918	745	VALID_DIRECT	745	1	data/mapregion/giran_castle_town.xml|data/teleporters/chamberlain/35184.xml	GEOENGINE_PROVEN
connector.4a9c8fe9f25cc95a6be93a16	DEST_TO_ANCHOR	DEST	dest.137141ac05b457adc3dbb8d1	ANCHOR	generated.farm.721be9c9f82200fe629be486.anchor	0	146990	-67128	-3640	148815	-63396	-3160	1538	1538	4182	NO_PATH	0	0	data/teleporters/clanhall/Goddard/35467.xml|data/spawns/Goddard/GardenOfBeasts.xml	NO_PATH
connector.4abf6b25ec32c3caf16841b2	GK_TO_ANCHOR	GK	spawn.886ea7c1f785b55b69ec0767	ANCHOR	generated.farm.c9688432b997ec0243ec1b3f.anchor	0	147408	2320	221	148203	-1884	-4592	924	924	6440	NO_PATH	0	0	data/spawns/Castles/Aden.xml|data/spawns/Aden/BlazingSwamp.xml	NO_PATH
connector.4ac5207715c1b5a7795304d0	ANCHOR_TO_DEST	ANCHOR	generated.farm.dae3e42619c5b51dd06b78d6.anchor	DEST	dest.4c8e1b10064333c3b31e6a23	0	71356	121144	-3600	73024	118485	-3720	923	923	3142	PATH_SEGMENT_BLOCKED	0	0	data/spawns/Giran/DeathPass.xml|data/teleporters/clanhall/Giran/35455.xml	PATH_SEGMENT_BLOCKED
connector.4b093eba3ebae7f102d01531	DEST_TO_ANCHOR	DEST	dest.1e879a713772907ce9c92b95	ANCHOR	generated.farm.4ebfbc87cab37239bdc88f91.anchor	0	91539	-12204	-2440	93690	-17289	-1768	922	922	5562	NO_PATH	0	0	data/teleporters/town/30177.xml|data/spawns/Oren/OutlawForest.xml	NO_PATH
connector.4b39db2561c937e0ff4314a0	ANCHOR_TO_DEST	ANCHOR	generated.farm.5646fdca6ae25d5f7b8df80f.anchor	DEST	dest.868209e8a0412a795262ab4a	0	154200	-44838	-3744	147459	-45221	-2084	1538	1538	6953	NO_PATH	0	0	data/spawns/Goddard/GardenOfBeasts.xml|data/teleporters/doorman/35356.xml	NO_PATH
connector.4b46ac785d216959da4e8fef	ANCHOR_TO_DEST	ANCHOR	generated.farm.cbe97db63c47e9e0de70290e.anchor	DEST	dest.99c640dbaf880872599d4081	0	-13876	180175	-5384	-9959	176184	-4160	912	912	5725	NO_PATH	0	0	data/spawns/Gludio/Wasteland.xml|data/teleporters/clanhall/Gludio/35386.xml	NO_PATH
connector.4b4fe25dfecb262f917a1ded	ANCHOR_TO_DEST	ANCHOR	generated.farm.3ec423fd29deeac7ab56455f.anchor	DEST	dest.5fe38c8e1f8672000e17c3fe	0	138496	-51209	-2736	145514	-48241	-2383	1538	1538	7628	NO_PATH	0	0	data/spawns/Goddard/GardenOfBeasts.xml|data/teleporters/doorman/35357.xml	NO_PATH
connector.4b5433b48fac150b101e11f5	ANCHOR_TO_GK	ANCHOR	generated.farm.c3b247104b95dbf97c3a1a05.anchor	GK	spawn.6d40136e98f143a65dfe3117	0	179926	61690	-4224	184458	61446	-3992	924	924	4545	NO_PATH	0	0	data/spawns/Aden/GiantsCave.xml|data/spawns/Others/25_19.xml	NO_PATH
connector.4bbce3b71e550cf03975c5cc	ANCHOR_TO_DEST	ANCHOR	population.route.orc.a2	DEST	dest.97e884732d1831265eceeb3b	0	-52637	-113715	-80	-44836	-112524	-235	920	920	7893	NO_PATH	0	0	data/stats/players/templates/StartingClass/OrcFighter.xml|data/stats/players/templates/StartingClass/OrcMystic.xml|data/spawns/OrcTerritory/OrcStarting.xml|data/teleporters/town/32163.xml	NO_PATH
connector.4bead87c5c78eee20d9009fd	GK_TO_ANCHOR	GK	spawn.51c3beb6cc7ad616365893a6	ANCHOR	generated.farm.007f9057c1ee101b364fff57.anchor	0	149024	-48080	-2382	155476	-49469	-3352	1538	1538	6671	NO_PATH	0	0	data/spawns/Castles/Goddard.xml|data/spawns/Goddard/GardenOfBeasts.xml	NO_PATH
connector.4c07a6c4c63e56d9f1a085ca	ANCHOR_TO_GK	ANCHOR	generated.farm.d5293ad13f4722d653be46d7.anchor	GK	spawn.844ddb7500852ef9c1ed2526	0	151869	-61029	-3120	147966	-55228	-2728	1538	1538	7003	NO_PATH	0	0	data/spawns/Goddard/GardenOfBeasts.xml|data/spawns/Others/24_16.xml	NO_PATH
connector.4c20590ac2f01198ac09ea2e	ANCHOR_TO_DEST	ANCHOR	generated.farm.5e5aca3a954f1bc9c48910db.anchor	DEST	dest.163f0aea44efeffae77fffed	0	155435	-55803	-3120	148024	-55281	-2728	1538	1538	7440	NO_PATH	0	0	data/spawns/Goddard/GardenOfBeasts.xml|data/teleporters/others/Varka.xml	NO_PATH
connector.4c3cd4bcfe587dbe400143b1	ANCHOR_TO_DEST	ANCHOR	generated.farm.d8f73f15f7b61b931200f06d.anchor	DEST	dest.6ae64a2dea927cc4882b9be3	0	80565	250265	-10872	79248	247390	-8816	926	926	3772	NO_PATH	0	0	data/spawns/Innadril/GardenOfEva.xml|data/teleporters/town/30899.xml	NO_PATH
connector.4c3e23f08ca168eb4e28192f	DEST_TO_ANCHOR	DEST	dest.c198460adf168f69d59928b8	ANCHOR	generated.farm.f1730e68364f26634a051e3a.anchor	0	155310	-16339	-3320	156822	-14595	-2768	924	924	2374	PATH_SEGMENT_BLOCKED	0	0	data/teleporters/clanhall/Aden/35439.xml|data/spawns/Aden/BlazingSwamp.xml	PATH_SEGMENT_BLOCKED
connector.4c6328e44f814417226719dc	DEST_TO_ANCHOR	DEST	dest.7e3b02b7daf1c1b37110fcaa	ANCHOR	generated.farm.f3fd4678fef37c7c3d4873a6.anchor	0	82693	242220	-6712	85212	241424	-7160	926	926	2680	VALID_PATH	2818	3	data/teleporters/town/30899.xml|data/spawns/Innadril/GardenOfEva.xml	GEOENGINE_PROVEN
connector.4c6586b85a93b99ede6fab4c	DEST_TO_ANCHOR	DEST	dest.5fe38c8e1f8672000e17c3fe	ANCHOR	generated.farm.3ec423fd29deeac7ab56455f.anchor	0	145514	-48241	-2383	138496	-51209	-2736	1538	1538	7628	NO_PATH	0	0	data/teleporters/doorman/35357.xml|data/spawns/Goddard/GardenOfBeasts.xml	NO_PATH
connector.4c8044145288f8e042da3d11	ANCHOR_TO_DEST	ANCHOR	generated.farm.2f5a4686e378172f8cb75ec4.anchor	DEST	dest.0078633d4fd88238ef4fcba7	0	154309	-46007	-3744	148736	-49201	-688	1538	1538	7114	NO_PATH	0	0	data/spawns/Goddard/GardenOfBeasts.xml|data/teleporters/doorman/35359.xml	NO_PATH
connector.4c889c2284e41f0dde5759a4	DEST_TO_ANCHOR	DEST	dest.a1d7bc7e70d2a60843030a75	ANCHOR	generated.farm.5ca91d92e71a0bcc1a94a29a.anchor	0	104426	33746	-3800	107510	40014	-3680	923	923	6987	NO_PATH	0	0	data/teleporters/town/30233.xml|data/spawns/Hunters/EnchantedValley.xml	NO_PATH
connector.4c8acf3b92ab3d56685e60a3	DEST_TO_ANCHOR	DEST	dest.8c09bbc7bfb0f2b227b81f0b	ANCHOR	generated.farm.d9ae1b8c61abed952b52e748.anchor	0	114674	44150	-3376	112370	41394	-4632	923	923	3806	PATH_SEGMENT_BLOCKED	0	0	data/teleporters/town/30233.xml|data/spawns/Hunters/EnchantedValley.xml	PATH_SEGMENT_BLOCKED
connector.4c92d1ffbd8544c275abdec5	GK_TO_ANCHOR	GK	spawn.ac310663c394c7d6add8412b	ANCHOR	generated.farm.f020c8af030fa89ae2f5f53a.anchor	0	149024	-55456	-2765	151209	-63042	-3408	1538	1538	7921	NO_PATH	0	0	data/spawns/Others/24_16.xml|data/spawns/Goddard/GardenOfBeasts.xml	NO_PATH
connector.4c9e9576613fd63c2cfc6815	DEST_TO_ANCHOR	DEST	dest.9c88beb7b9796ecb4f3bc769	ANCHOR	generated.farm.c9688432b997ec0243ec1b3f.anchor	0	148575	4607	-403	148203	-1884	-4592	924	924	7735	NO_PATH	0	0	data/teleporters/doorman/35270.xml|data/spawns/Aden/BlazingSwamp.xml	NO_PATH
connector.4cfa66df5afca55941883cb6	DEST_TO_ANCHOR	DEST	dest.bc80e599e9387f3e2d5d3f90	ANCHOR	generated.farm.cb65033f6bce8b06e457404b.anchor	0	69340	-50203	-3288	74241	-46831	-3192	1537	1537	5950	NO_PATH	0	0	data/teleporters/town/31320.xml|data/spawns/Rune/SwampOfScreams.xml	NO_PATH
connector.4d31d6301e077cadb6847c8b	ANCHOR_TO_DEST	ANCHOR	generated.farm.d68d358156705a43ae085088.anchor	DEST	dest.6ae64a2dea927cc4882b9be3	0	79371	247379	-9336	79248	247390	-8816	926	926	535	VALID_PATH	2204	5	data/spawns/Innadril/GardenOfEva.xml|data/teleporters/town/30899.xml	GEOENGINE_PROVEN
connector.4d573796ed458bb70680b2fc	ANCHOR_TO_DEST	ANCHOR	generated.farm.707c42bb4115156c23a71f69.anchor	DEST	dest.bc80e599e9387f3e2d5d3f90	0	72229	-52660	-3112	69340	-50203	-3288	1537	1537	3797	VALID_PATH	3913	5	data/spawns/Rune/SwampOfScreams.xml|data/teleporters/town/31320.xml	GEOENGINE_PROVEN
connector.4d89322569d334f3b2ed04a1	GK_TO_ANCHOR	GK	spawn.f3a49ab4f7a73dfdea27ae5e	ANCHOR	generated.farm.dfd7a9e53a647fe939cd530a.anchor	0	147134	-56576	-2760	141197	-58115	-3064	1538	1538	6141	NO_PATH	0	0	data/spawns/Others/24_16.xml|data/spawns/Goddard/GardenOfBeasts.xml	NO_PATH
connector.4d8a49edb2269625fa9f8cf5	ANCHOR_TO_DEST	ANCHOR	generated.farm.5603e92e1fee2a50869a1471.anchor	DEST	dest.2381ef3e82eb4c230b417890	0	185546	58931	-7232	191754	56760	-7624	924	924	6589	NO_PATH	0	0	data/spawns/Aden/GiantsCave.xml|data/teleporters/clanhall/Aden/35449.xml	NO_PATH
connector.4d8ce399cba7a7ffc61ad686	ANCHOR_TO_DEST	ANCHOR	generated.farm.78e488c84e348a45c43ec98b.anchor	DEST	dest.c5b83c9fbef62a1041c22fe6	0	180270	24708	-3168	184742	19745	-3168	924	924	6681	NO_PATH	0	0	data/spawns/Aden/Cemetery.xml|data/teleporters/clanhall/Aden/35441.xml	NO_PATH
connector.4dad94dc45edde4a7bffbae9	GK_TO_ANCHOR	GK	spawn.fba52e3020863a6709bad42b	ANCHOR	generated.farm.9ce01b6c387257511e5c6df4.anchor	0	148612	-49004	-688	156116	-46618	-3760	1538	1538	8453	NO_PATH	0	0	data/spawns/Castles/Goddard.xml|data/spawns/Goddard/GardenOfBeasts.xml	NO_PATH
connector.4dbc133a980f493e69cd1cd9	ANCHOR_TO_DEST	ANCHOR	generated.farm.767ab0103be8f05fd8f3dccb.anchor	DEST	dest.8c09bbc7bfb0f2b227b81f0b	0	111189	40255	-3696	114674	44150	-3376	923	923	5237	NO_PATH	0	0	data/spawns/Hunters/EnchantedValley.xml|data/teleporters/town/30233.xml	NO_PATH
connector.4dd67a41907b74050265b870	DEST_TO_ANCHOR	DEST	dest.570688a19e61bb9b1ec8a54b	ANCHOR	generated.farm.d53c67cedf4cb3c8d303ef63.anchor	0	125740	-40864	-3736	124374	-43552	-3280	1538	1538	3050	VALID_PATH	3070	3	data/teleporters/clanhall/Goddard/35605.xml|data/spawns/Goddard/VarkaSlenosOutpost.xml	GEOENGINE_PROVEN
connector.4ddf9b57c9bcac8d42486a18	DEST_TO_ANCHOR	DEST	dest.163f0aea44efeffae77fffed	ANCHOR	generated.farm.5e5aca3a954f1bc9c48910db.anchor	0	148024	-55281	-2728	155435	-55803	-3120	1538	1538	7440	NO_PATH	0	0	data/teleporters/others/Varka.xml|data/spawns/Goddard/GardenOfBeasts.xml	NO_PATH
connector.4decd63f9df8e92350516b7d	ANCHOR_TO_DEST	ANCHOR	giran.gatekeeper.30080	DEST	dest.4b64a4031d67faa11ec89832	0	83396	147904	-3404	88342	147329	-3400	918	918	4980	NO_PATH	0	0	data/stats/npcs/30000-30099.xml|data/spawns/Others/22_22.xml|data/teleporters/town/30080.xml|data/teleporters/clanhall/Giran/35459.xml	NO_PATH
connector.4ded076b10ac8282ae69071b	ANCHOR_TO_GK	ANCHOR	population.farming.orc.20535	GK	spawn.0ee92d8baebbdfb84d872803	0	-49106	-115854	-160	-45264	-112512	-240	920	920	5093	NO_PATH	0	0	data/spawns/OrcTerritory/OrcStarting.xml|data/spawns/Others/18_14.xml	NO_PATH
connector.4e19025cf31f150eed491e0c	GK_TO_ANCHOR	GK	spawn.c3b887fab1e752991ad6afef	ANCHOR	generated.farm.8a7bb9fc5fe46b8eedb998ea.anchor	0	148381	-56525	-2760	143516	-61360	-3152	1538	1538	6871	NO_PATH	0	0	data/spawns/Others/24_16.xml|data/spawns/Goddard/GardenOfBeasts.xml	NO_PATH
connector.4e27a93fb23339e51234f416	DEST_TO_ANCHOR	DEST	dest.698f76618645d240ff17b97f	ANCHOR	generated.farm.c73866a146c1285c183d3cc3.anchor	0	-89763	105359	-3576	-95141	102337	-3552	911	911	6169	NO_PATH	0	0	data/teleporters/town/30320.xml|data/spawns/Gludin/TurekOrcs.xml	NO_PATH
connector.4e3e1cde266447b496dcec2b	GK_TO_ANCHOR	GK	spawn.32a71cec01cdd84fa8a137c1	ANCHOR	generated.farm.0daa9a698ee69b94550e62d2.anchor	0	177598	-18610	-2238	182975	-12951	-2984	924	924	7842	NO_PATH	0	0	data/spawns/Others/25_17.xml|data/spawns/Aden/FieldsOfMassacre.xml	NO_PATH
connector.4e4c8535a74f51c513687b40	DEST_TO_ANCHOR	DEST	dest.75e56aae5714c3f5988ec346	ANCHOR	giran.castle.attacker.staging	0	112568	144869	-2835	112122	144855	-2751	918	918	455	VALID_DIRECT	455	1	data/teleporters/doorman/35180.xml|data/html/admin/teleports/CastleAreas/giran.htm|data/zones/castle_siege.xml|data/zones/castle_hall.xml	GEOENGINE_PROVEN
connector.4e5fd117cc86ceac8eb8f79a	ANCHOR_TO_GK	ANCHOR	generated.farm.2f5a4686e378172f8cb75ec4.anchor	GK	spawn.51c3beb6cc7ad616365893a6	0	154309	-46007	-3744	149024	-48080	-2382	1538	1538	5839	NO_PATH	0	0	data/spawns/Goddard/GardenOfBeasts.xml|data/spawns/Castles/Goddard.xml	NO_PATH
connector.4eb30ac913985209aaeac262	GK_TO_ANCHOR	GK	spawn.c820b1421abc88c924e18183	ANCHOR	giran.gatekeeper.30080	0	81876	145392	-3520	83396	147904	-3404	918	918	2939	NO_PATH	0	0	data/spawns/Others/22_22.xml|data/stats/npcs/30000-30099.xml|data/spawns/Others/22_22.xml|data/teleporters/town/30080.xml	NO_PATH
connector.4eb7e1e34ff4550869b35b33	ANCHOR_TO_DEST	ANCHOR	generated.farm.dae3e42619c5b51dd06b78d6.anchor	DEST	dest.3a4f442d133fa1a426799f77	0	71356	121144	-3600	73024	118485	-3696	923	923	3141	VALID_PATH	3345	3	data/spawns/Giran/DeathPass.xml|data/teleporters/town/30233.xml	GEOENGINE_PROVEN
connector.4eda0a292016bb696b1442e3	GK_TO_ANCHOR	GK	spawn.6d40136e98f143a65dfe3117	ANCHOR	generated.farm.6559dce0043f6b61716d4bf2.anchor	0	184458	61446	-3992	183905	61010	-7232	924	924	3316	NO_PATH	0	0	data/spawns/Others/25_19.xml|data/spawns/Aden/GiantsCave.xml	NO_PATH
connector.4edd5b79a2736fcb6c51c5e7	DEST_TO_ANCHOR	DEST	dest.ecd982a3f5b0851c65fc7acc	ANCHOR	generated.farm.dc654c03706cdd2779fe3c51.anchor	0	76911	-55295	-5824	77722	-58286	-2336	1537	1537	4666	NO_PATH	0	0	data/teleporters/clanhall/Rune/35568.xml|data/spawns/Rune/SwampOfScreams.xml	NO_PATH
connector.4ef38a138b24d3740d2e3eb2	ANCHOR_TO_DEST	ANCHOR	generated.farm.27840444dac2f1f9126e8733.anchor	DEST	dest.bc80e599e9387f3e2d5d3f90	0	74283	-52777	-3136	69340	-50203	-3288	1537	1537	5576	NO_PATH	0	0	data/spawns/Rune/SwampOfScreams.xml|data/teleporters/town/31320.xml	NO_PATH
connector.4f0f42c7d927d4aef8134700	ANCHOR_TO_DEST	ANCHOR	generated.farm.bfb0335de417bc81a7e9b231.anchor	DEST	dest.f2250fc66d2e1e4512042557	0	-88052	241579	-3600	-84318	244579	-3730	910	910	4792	NO_PATH	0	0	data/spawns/TalkingIsland/TalkingIslandMonsters.xml|data/teleporters/town/32163.xml	NO_PATH
connector.4f1887e22574cb506c2b707e	GK_TO_ANCHOR	GK	spawn.cd48f4a126ad9fb6d9a60ca2	ANCHOR	population.route.dwarf.a1	0	115072	-178176	-880	110436	-173947	-528	921	921	6285	NO_PATH	0	0	data/spawns/Others/23_12.xml|data/stats/players/templates/StartingClass/DwarvenFighter.xml|data/spawns/DwarvenTerritory/DwarvenStarting.xml	NO_PATH
connector.4f1b6c2775407049553d6626	GK_TO_ANCHOR	GK	spawn.6d40136e98f143a65dfe3117	ANCHOR	generated.farm.5603e92e1fee2a50869a1471.anchor	0	184458	61446	-3992	185546	58931	-7232	924	924	4244	NO_PATH	0	0	data/spawns/Others/25_19.xml|data/spawns/Aden/GiantsCave.xml	NO_PATH
connector.4f3c672743654e8236985628	ANCHOR_TO_DEST	ANCHOR	generated.farm.f504105979f402c6b5137135.anchor	DEST	dest.ecd982a3f5b0851c65fc7acc	0	74212	-55001	-3104	76911	-55295	-5824	1537	1537	3844	NO_PATH	0	0	data/spawns/Rune/SwampOfScreams.xml|data/teleporters/clanhall/Rune/35568.xml	NO_PATH
connector.4f469e76d70df70cd04ca908	ANCHOR_TO_DEST	ANCHOR	generated.farm.721be9c9f82200fe629be486.anchor	DEST	dest.137141ac05b457adc3dbb8d1	0	148815	-63396	-3160	146990	-67128	-3640	1538	1538	4182	NO_PATH	0	0	data/spawns/Goddard/GardenOfBeasts.xml|data/teleporters/clanhall/Goddard/35467.xml	NO_PATH
connector.4fab2f002f1cf95b42453f14	ANCHOR_TO_GK	ANCHOR	giran.castle.attacker.staging	GK	spawn.03ea56153c3f4ab07c49f3d3	0	112122	144855	-2751	115575	144864	-2567	918	918	3458	PATH_SEGMENT_BLOCKED	0	0	data/html/admin/teleports/CastleAreas/giran.htm|data/zones/castle_siege.xml|data/zones/castle_hall.xml|data/spawns/Castles/Giran.xml	PATH_SEGMENT_BLOCKED
connector.4fb3734061d69cf0221ac712	DEST_TO_ANCHOR	DEST	dest.f5af57707bd63455b08b5b2d	ANCHOR	generated.farm.5ca91d92e71a0bcc1a94a29a.anchor	0	104426	33746	-3825	107510	40014	-3680	923	923	6988	NO_PATH	0	0	data/teleporters/clanhall/Aden/35421.xml|data/spawns/Hunters/EnchantedValley.xml	NO_PATH
connector.4fc485ee2ecaf4eb3c389384	DEST_TO_ANCHOR	DEST	dest.a11b765b1fdfbe59148d95d8	ANCHOR	generated.farm.08bede9fa450ab087be0458b.anchor	0	-45158	-112583	-240	-40560	-117892	-1920	920	920	7222	NO_PATH	0	0	data/teleporters/town/30320.xml|data/spawns/OrcTerritory/OrcStarting.xml	NO_PATH
connector.4fcefc5b08d4487cec57154e	GK_TO_ANCHOR	GK	spawn.8ce27205fe8c38ddf75a6732	ANCHOR	giran.castle.attacker.staging	0	117095	144997	-2539	112122	144855	-2751	918	918	4980	NO_PATH	0	0	data/spawns/Castles/Giran.xml|data/html/admin/teleports/CastleAreas/giran.htm|data/zones/castle_siege.xml|data/zones/castle_hall.xml	NO_PATH
connector.5002cc153e8084bd808593e5	ANCHOR_TO_DEST	ANCHOR	generated.farm.0daa9a698ee69b94550e62d2.anchor	DEST	dest.4346aa20af328c9ba9f6af99	0	182975	-12951	-2984	181726	-7524	-3464	924	924	5590	NO_PATH	0	0	data/spawns/Aden/FieldsOfMassacre.xml|data/teleporters/clanhall/Aden/35439.xml	NO_PATH
connector.500e934bd1ad5245da270d28	GK_TO_ANCHOR	GK	spawn.d18a9ba08e5427b0fcccb4f0	ANCHOR	generated.farm.5646fdca6ae25d5f7b8df80f.anchor	0	148664	-49168	-672	154200	-44838	-3744	1538	1538	7671	NO_PATH	0	0	data/spawns/Castles/Goddard.xml|data/spawns/Goddard/GardenOfBeasts.xml	NO_PATH
connector.507cef1fafb4c79895a74e35	ANCHOR_TO_GK	ANCHOR	population.route.dwarf.a1	GK	spawn.cd48f4a126ad9fb6d9a60ca2	0	110436	-173947	-528	115072	-178176	-880	921	921	6285	NO_PATH	0	0	data/stats/players/templates/StartingClass/DwarvenFighter.xml|data/spawns/DwarvenTerritory/DwarvenStarting.xml|data/spawns/Others/23_12.xml	NO_PATH
connector.50a6520e9f4af0d69ed0e75d	ANCHOR_TO_DEST	ANCHOR	generated.farm.f020c8af030fa89ae2f5f53a.anchor	DEST	dest.bf858e6767aedc4b3744d67b	0	151209	-63042	-3408	150561	-57489	-2976	1538	1538	5608	NO_PATH	0	0	data/spawns/Goddard/GardenOfBeasts.xml|data/teleporters/clanhall/Goddard/35461.xml	NO_PATH
connector.50ca239c8940e62d05a1624d	ANCHOR_TO_DEST	ANCHOR	generated.farm.f0826fb3f948c2b1f46661a0.anchor	DEST	dest.c8fc06108a2386fe7db50f9d	0	-55738	181868	-2984	-54026	179504	-4650	911	911	3361	NO_PATH	0	0	data/spawns/Gludio/Wasteland.xml|data/teleporters/town/30320.xml	NO_PATH
connector.50dae30f1946ae86583e041b	GK_TO_ANCHOR	GK	spawn.79dc0be68e2c487320847dde	ANCHOR	generated.farm.3333c096958cf6fc5bc9510f.anchor	0	191391	57074	-7616	190605	59422	-4976	924	924	3620	NO_PATH	0	0	data/spawns/Others/25_19.xml|data/spawns/Aden/GiantsCave.xml	NO_PATH
connector.50e2ecc4077d7172d038a02e	DEST_TO_ANCHOR	DEST	dest.e58785de760af9858aee2c0d	ANCHOR	generated.farm.10ad9aaebcc9de4d4457e1b3.anchor	0	183985	61424	-3992	185071	61012	-7232	924	924	3442	NO_PATH	0	0	data/teleporters/clanhall/Aden/35443.xml|data/spawns/Aden/GiantsCave.xml	NO_PATH
connector.510bdccbe81931cfee6e681a	DEST_TO_ANCHOR	DEST	dest.a1d7bc7e70d2a60843030a75	ANCHOR	generated.farm.353983a2bd19f4688dffa3cd.anchor	0	104426	33746	-3800	109680	39254	-4584	923	923	7653	NO_PATH	0	0	data/teleporters/town/30233.xml|data/spawns/Hunters/EnchantedValley.xml	NO_PATH
connector.51130720fbf7f5cd51e2f740	ANCHOR_TO_DEST	ANCHOR	generated.farm.9ce01b6c387257511e5c6df4.anchor	DEST	dest.4f5494441b06f6ad17ab7b81	0	156116	-46618	-3760	148748	-48951	-687	1538	1538	8318	NO_PATH	0	0	data/spawns/Goddard/GardenOfBeasts.xml|data/teleporters/doorman/35359.xml	NO_PATH
connector.51181afab7228fc824f8adb4	DEST_TO_ANCHOR	DEST	dest.4bf9406ebda63490a2e4f866	ANCHOR	generated.farm.d5293ad13f4722d653be46d7.anchor	0	147728	-56331	-2776	151869	-61029	-3120	1538	1538	6272	NO_PATH	0	0	data/teleporters/clanhall/Goddard/35461.xml|data/spawns/Goddard/GardenOfBeasts.xml	NO_PATH
connector.512668f20f726e57bdd13889	ANCHOR_TO_DEST	ANCHOR	generated.farm.5fccb445823732eb20d39a29.anchor	DEST	dest.84cfda71508181370e4e1e94	0	49739	151047	-3568	50568	152408	-2656	916	916	1837	NO_PATH	0	0	data/spawns/Dion/ExecutionGrounds.xml|data/teleporters/town/30059.xml	NO_PATH
connector.5147fe3bb0079a9c94c8974d	ANCHOR_TO_DEST	ANCHOR	generated.farm.3ed60488890fc56b8a93d524.anchor	DEST	dest.aeaabba5efe922a1d9fd6540	0	145214	-1914	-4592	145616	4614	-436	924	924	7750	NO_PATH	0	0	data/spawns/Aden/BlazingSwamp.xml|data/teleporters/doorman/35268.xml	NO_PATH
connector.518dff516779fda23d33539d	DEST_TO_ANCHOR	DEST	dest.6ae64a2dea927cc4882b9be3	ANCHOR	generated.farm.0d55a388c9e742aed6fae852.anchor	0	79248	247390	-8816	81910	249421	-10872	926	926	3930	NO_PATH	0	0	data/teleporters/town/30899.xml|data/spawns/Innadril/GardenOfEva.xml	NO_PATH
connector.51ed63a15347885a7c8c92e2	GK_TO_ANCHOR	GK	spawn.c6e70b66e1038a8ef815635e	ANCHOR	giran.castle.defender.staging	0	112661	144757	-2817	116540	146655	-1866	918	918	4422	NO_PATH	0	0	data/spawns/Castles/Giran.xml|data/zones/castle_hall.xml|data/zones/castle_siege.xml	NO_PATH
connector.51fe27bafe8ab84fbe89c0ae	ANCHOR_TO_DEST	ANCHOR	generated.farm.40fce0c0c643f3fbfe83b21f.anchor	DEST	dest.18657e72d3afd42f45908db0	0	149848	-63337	-3408	153460	-70055	-3312	1538	1538	7629	NO_PATH	0	0	data/spawns/Goddard/GardenOfBeasts.xml|data/teleporters/chamberlain/35363.xml	NO_PATH
connector.522581b04d0b6feb42057def	ANCHOR_TO_DEST	ANCHOR	generated.farm.2fb3f6c5e8d24fbe41923829.anchor	DEST	dest.297a3c86d4d368e358ba0f7c	0	187400	-56792	-3160	191257	-59388	-2898	1538	1538	4657	NO_PATH	0	0	data/spawns/Goddard/WallOfArgos.xml|data/teleporters/town/31275.xml	NO_PATH
connector.5231a5e92ee0be0ee9328efd	DEST_TO_ANCHOR	DEST	dest.676f59b862d33902959c4f11	ANCHOR	generated.farm.7a05c033eabc7172e800caf4.anchor	0	11235	-24026	-3640	14176	-18036	-3120	1924	1924	6694	NO_PATH	0	0	data/teleporters/town/31320.xml|data/spawns/Rune/PrimevalIsle.xml	NO_PATH
connector.526eb1768d461296bf0352c9	DEST_TO_ANCHOR	DEST	dest.fab7b56737a57f4e742112eb	ANCHOR	generated.farm.5029ee4e740ac07b4f22377a.anchor	0	65307	-71445	-3696	70602	-70395	-3784	1537	1537	5399	NO_PATH	0	0	data/teleporters/clanhall/Rune/35576.xml|data/spawns/Rune/ValleyOfSaints.xml	NO_PATH
connector.52905b51ecb9712f928c03e4	ANCHOR_TO_DEST	ANCHOR	generated.farm.e88dc5c43b17ba3082defa26.anchor	DEST	dest.1e879a713772907ce9c92b95	0	91755	-17769	-2048	91539	-12204	-2440	922	922	5583	NO_PATH	0	0	data/spawns/Oren/OutlawForest.xml|data/teleporters/town/30177.xml	NO_PATH
connector.52a8d7dcdcc6fe67cfac2500	ANCHOR_TO_GK	ANCHOR	generated.farm.8a8233a432c4ee53ae61df70.anchor	GK	spawn.b3ade47a783cc4d199b36042	0	43859	149867	-3736	42608	143952	-5379	916	916	6266	NO_PATH	0	0	data/spawns/Dion/ExecutionGrounds.xml|data/spawns/Others/21_22.xml	NO_PATH
connector.52ea8043e759072824af5c04	DEST_TO_ANCHOR	DEST	dest.b5edee75f7edd44ad47a86fe	ANCHOR	generated.farm.f0514c14d379407f1823f1e7.anchor	0	147731	-58930	-2976	151576	-62206	-3232	1538	1538	5058	NO_PATH	0	0	data/teleporters/clanhall/Goddard/35463.xml|data/spawns/Goddard/GardenOfBeasts.xml	NO_PATH
connector.5303c08564fd1cee413a7c47	ANCHOR_TO_GK	ANCHOR	giran.gatekeeper.30080	GK	spawn.bd6e9b7fa656f1e550ded751	0	83396	147904	-3404	81133	151537	-3512	918	918	4282	NO_PATH	0	0	data/stats/npcs/30000-30099.xml|data/spawns/Others/22_22.xml|data/teleporters/town/30080.xml|data/spawns/Others/22_22.xml	NO_PATH
connector.530754480266195e9b768142	DEST_TO_ANCHOR	DEST	dest.e58785de760af9858aee2c0d	ANCHOR	generated.farm.c3b247104b95dbf97c3a1a05.anchor	0	183985	61424	-3992	179926	61690	-4224	924	924	4075	NO_PATH	0	0	data/teleporters/clanhall/Aden/35443.xml|data/spawns/Aden/GiantsCave.xml	NO_PATH
connector.5318b19935592235ee86aec4	ANCHOR_TO_DEST	ANCHOR	generated.farm.c4e48a1504dd20a757507919.anchor	DEST	dest.84cfda71508181370e4e1e94	0	51275	153625	-3544	50568	152408	-2656	916	916	1665	NO_PATH	0	0	data/spawns/Dion/ExecutionGrounds.xml|data/teleporters/town/30059.xml	NO_PATH
connector.533b7fb78eea853827faab88	ANCHOR_TO_DEST	ANCHOR	giran.route.north	DEST	dest.4b64a4031d67faa11ec89832	0	85000	143000	-4072	88342	147329	-3400	918	918	5511	NO_PATH	0	0	data/mapregion/giran_castle_town.xml|data/teleporters/clanhall/Giran/35459.xml	NO_PATH
connector.5387c114169e8f9a31fb6d52	GK_TO_ANCHOR	GK	spawn.4eb4de1255938bc6529e2121	ANCHOR	generated.farm.5646fdca6ae25d5f7b8df80f.anchor	0	147264	-45632	-2083	154200	-44838	-3744	1538	1538	7177	NO_PATH	0	0	data/spawns/Castles/Goddard.xml|data/spawns/Goddard/GardenOfBeasts.xml	NO_PATH
connector.538d050015f088afc77eea04	DEST_TO_ANCHOR	DEST	dest.a1e4693884e8683fb171a478	ANCHOR	generated.farm.6bfea28fdd5a551b0ace0695.anchor	0	153996	-50182	-2992	157216	-49502	-3160	1538	1538	3296	VALID_PATH	3389	3	data/teleporters/chamberlain/35363.xml|data/spawns/Goddard/GardenOfBeasts.xml	GEOENGINE_PROVEN
connector.541531a9e2de95b34d8f7e7b	ANCHOR_TO_DEST	ANCHOR	generated.farm.f504105979f402c6b5137135.anchor	DEST	dest.6fb5021ca4d18a28277cff29	0	74212	-55001	-3104	71814	-57054	-3088	1537	1537	3157	PATH_SEGMENT_BLOCKED	0	0	data/spawns/Rune/SwampOfScreams.xml|data/teleporters/chamberlain/35509.xml	PATH_SEGMENT_BLOCKED
connector.545aebdd44df5bb264bd18f8	DEST_TO_ANCHOR	DEST	dest.6f4c5951ec7be753e0cfc142	ANCHOR	generated.farm.b19ec60768520c7b4f62c4ea.anchor	0	132997	-60608	-2960	132175	-57330	-2960	1538	1538	3380	VALID_PATH	3588	4	data/teleporters/town/31275.xml|data/spawns/Goddard/GardenOfBeasts.xml	GEOENGINE_PROVEN
connector.545e7b2c745973e6e799a754	ANCHOR_TO_DEST	ANCHOR	generated.farm.a32843d9945a633fb0d082ee.anchor	DEST	dest.388ea2f92227db8e8dece50a	0	150739	-2129	-4568	149283	4610	-432	924	924	8040	NO_PATH	0	0	data/spawns/Aden/BlazingSwamp.xml|data/teleporters/doorman/35270.xml	NO_PATH
connector.546b04a6b3688ba96d2fe082	DEST_TO_ANCHOR	DEST	dest.1e879a713772907ce9c92b95	ANCHOR	generated.farm.f03e3b3fef47d2beb2d4b031.anchor	0	91539	-12204	-2440	92646	-15865	-2040	922	922	3846	NO_PATH	0	0	data/teleporters/town/30177.xml|data/spawns/Oren/OutlawForest.xml	NO_PATH
connector.5498dd57054505f6e12dc9d6	DEST_TO_ANCHOR	DEST	dest.9c5be74df9759b32cc4ea701	ANCHOR	population.route.dwarf.a4	0	115120	-178224	-880	113508	-174203	-608	921	921	4341	NO_PATH	0	0	data/teleporters/town/30256.xml|data/stats/players/templates/StartingClass/DwarvenFighter.xml|data/spawns/DwarvenTerritory/DwarvenStarting.xml	NO_PATH
connector.54cc7b2f932156b2a8e258ec	GK_TO_ANCHOR	GK	spawn.886ea7c1f785b55b69ec0767	ANCHOR	generated.farm.2375efd4a61538412f238d7c.anchor	0	147408	2320	221	152789	-2636	-4544	924	924	8731	NO_PATH	0	0	data/spawns/Castles/Aden.xml|data/spawns/Aden/BlazingSwamp.xml	NO_PATH
connector.55100f4e0498550e60c1844d	DEST_TO_ANCHOR	DEST	dest.3a4f442d133fa1a426799f77	ANCHOR	generated.farm.da644be526423dccebdee263.anchor	0	73024	118485	-3696	67440	113243	-3640	923	923	7660	NO_PATH	0	0	data/teleporters/town/30233.xml|data/spawns/Giran/DeathPass.xml	NO_PATH
connector.55149f707af460405891fd99	ANCHOR_TO_GK	ANCHOR	generated.farm.f020c8af030fa89ae2f5f53a.anchor	GK	spawn.ac310663c394c7d6add8412b	0	151209	-63042	-3408	149024	-55456	-2765	1538	1538	7921	NO_PATH	0	0	data/spawns/Goddard/GardenOfBeasts.xml|data/spawns/Others/24_16.xml	NO_PATH
connector.55227676a0b3e6641063a1ce	ANCHOR_TO_GK	ANCHOR	generated.farm.0d33d07139f10f0c09fb738f.anchor	GK	spawn.79dc0be68e2c487320847dde	0	192004	55596	-4600	191391	57074	-7616	924	924	3415	NO_PATH	0	0	data/spawns/Aden/GiantsCave.xml|data/spawns/Others/25_19.xml	NO_PATH
connector.552791659a3bd8ab115edd41	ANCHOR_TO_DEST	ANCHOR	generated.farm.657154ad8ac2d407ba01cb84.anchor	DEST	dest.f8724494639bcf7319d21959	0	-16009	200985	-3920	-16526	208032	-3664	911	911	7071	NO_PATH	0	0	data/spawns/Gludio/Wasteland.xml|data/teleporters/clanhall/Gludin/35398.xml	NO_PATH
connector.5544bc5c7ea74861c91da365	ANCHOR_TO_DEST	ANCHOR	generated.farm.a32843d9945a633fb0d082ee.anchor	DEST	dest.e3baac14371de72d8b2e3755	0	150739	-2129	-4568	147458	2010	217	924	924	7127	NO_PATH	0	0	data/spawns/Aden/BlazingSwamp.xml|data/teleporters/doorman/35271.xml	NO_PATH
connector.5560eb9179af73dffa2a9ac2	GK_TO_ANCHOR	GK	spawn.adbf2ddde00443bc89450f43	ANCHOR	generated.farm.77743197e238ebb0e1e3eac2.anchor	0	178884	-184227	-336	175207	-189475	-2304	921	921	6704	NO_PATH	0	0	data/spawns/Others/25_12.xml|data/spawns/DwarvenTerritory/DwarvenStarting.xml	NO_PATH
connector.557ef7fc90cb3f1b68ed8895	ANCHOR_TO_DEST	ANCHOR	generated.farm.9152a58fd4b906eff01954ae.anchor	DEST	dest.698f76618645d240ff17b97f	0	-90451	100320	-3552	-89763	105359	-3576	911	911	5086	VALID_DIRECT	5086	1	data/spawns/Gludin/TurekOrcs.xml|data/teleporters/town/30320.xml	GEOENGINE_PROVEN
connector.55bdc5c5cbd64b417507a948	DEST_TO_ANCHOR	DEST	dest.868209e8a0412a795262ab4a	ANCHOR	generated.farm.5646fdca6ae25d5f7b8df80f.anchor	0	147459	-45221	-2084	154200	-44838	-3744	1538	1538	6953	NO_PATH	0	0	data/teleporters/doorman/35356.xml|data/spawns/Goddard/GardenOfBeasts.xml	NO_PATH
connector.55dc02ef8cef7cf605fbad79	ANCHOR_TO_GK	ANCHOR	generated.farm.1f2d65065f3689e8bd7c528b.anchor	GK	spawn.94983ae1f1c3f9665c08d90a	0	140490	-58449	-3248	146416	-55568	-2765	1538	1538	6607	NO_PATH	0	0	data/spawns/Goddard/GardenOfBeasts.xml|data/spawns/Others/24_16.xml	NO_PATH
connector.55e22932f7ced281bcb6108f	GK_TO_ANCHOR	GK	spawn.51c3beb6cc7ad616365893a6	ANCHOR	generated.farm.2f5a4686e378172f8cb75ec4.anchor	0	149024	-48080	-2382	154309	-46007	-3744	1538	1538	5839	NO_PATH	0	0	data/spawns/Castles/Goddard.xml|data/spawns/Goddard/GardenOfBeasts.xml	NO_PATH
connector.5607c9074bcef02c67a2b25a	ANCHOR_TO_DEST	ANCHOR	generated.farm.7ac8a91de59dc0378a93f4bc.anchor	DEST	dest.4284b435762f397cce85fcfb	0	150575	-112018	-2224	144880	-113468	-2560	1538	1538	5887	NO_PATH	0	0	data/spawns/Goddard/HotSprings.xml|data/teleporters/others/Varka.xml	NO_PATH
connector.5619ef883987e2d8635629f5	DEST_TO_ANCHOR	DEST	dest.1e879a713772907ce9c92b95	ANCHOR	generated.farm.c1f6acc47946c796b2f8753d.anchor	0	91539	-12204	-2440	96858	-16379	-2000	922	922	6777	NO_PATH	0	0	data/teleporters/town/30177.xml|data/spawns/Oren/OutlawForest.xml	NO_PATH
connector.5638f4aa4218806aea60bd50	DEST_TO_ANCHOR	DEST	dest.163f0aea44efeffae77fffed	ANCHOR	generated.farm.c6076add103259c1f91ba953.anchor	0	148024	-55281	-2728	140696	-57173	-2944	1538	1538	7572	NO_PATH	0	0	data/teleporters/others/Varka.xml|data/spawns/Goddard/GardenOfBeasts.xml	NO_PATH
connector.56c4190b09d35a589d7ad104	DEST_TO_ANCHOR	DEST	dest.7e3b02b7daf1c1b37110fcaa	ANCHOR	generated.farm.c893f0fcd2f7e357defa4600.anchor	0	82693	242220	-6712	85114	241269	-4896	926	926	3173	NO_PATH	0	0	data/teleporters/town/30899.xml|data/spawns/Innadril/GardenOfEva.xml	NO_PATH
connector.56ca1583e96f460681ca88e4	DEST_TO_ANCHOR	DEST	dest.676f59b862d33902959c4f11	ANCHOR	generated.farm.3bbbcdb43022c7bf23796fb4.anchor	0	11235	-24026	-3640	15590	-17440	-3224	1924	1924	7907	NO_PATH	0	0	data/teleporters/town/31320.xml|data/spawns/Rune/PrimevalIsle.xml	NO_PATH
connector.5705858f18408d6287a2566a	ANCHOR_TO_DEST	ANCHOR	generated.farm.9ce01b6c387257511e5c6df4.anchor	DEST	dest.989f1f1ebece5846171b7e0c	0	156116	-46618	-3760	149430	-48245	-2383	1538	1538	7018	NO_PATH	0	0	data/spawns/Goddard/GardenOfBeasts.xml|data/teleporters/doorman/35358.xml	NO_PATH
connector.57066e59b14d49649db50d2a	DEST_TO_ANCHOR	DEST	dest.a93a05bb8dc5f577fcad0b87	ANCHOR	generated.farm.cfefa9f2c17ef6a1e6e80a8a.anchor	0	42514	143917	-5385	43438	147029	-3608	916	916	3701	NO_PATH	0	0	data/teleporters/dungeon/31120.xml|data/spawns/Dion/ExecutionGrounds.xml	NO_PATH
connector.57133c242e8a2d5090855cf2	DEST_TO_ANCHOR	DEST	dest.4c8e1b10064333c3b31e6a23	ANCHOR	generated.farm.da644be526423dccebdee263.anchor	0	73024	118485	-3720	67440	113243	-3640	923	923	7660	NO_PATH	0	0	data/teleporters/clanhall/Giran/35455.xml|data/spawns/Giran/DeathPass.xml	NO_PATH
connector.571e372f4769dc06224b4f65	DEST_TO_ANCHOR	DEST	dest.59a3cd50203fa32e05464f28	ANCHOR	generated.farm.f5d8df78a09e41d99d10034a.anchor	0	17691	111726	-6583	14485	116441	-3728	916	916	6377	NO_PATH	0	0	data/teleporters/others/31843.xml|data/spawns/Dion/CrumaMarshlands.xml	NO_PATH
connector.577d9389cd7052ab995bd73a	DEST_TO_ANCHOR	DEST	dest.f2522fd691ccf61f81ae16ec	ANCHOR	generated.farm.503e413b02be4b3ce35cf918.anchor	0	82951	252354	-10592	84928	253644	-10872	926	926	2378	VALID_DIRECT	2378	1	data/teleporters/town/30899.xml|data/spawns/Innadril/GardenOfEva.xml	GEOENGINE_PROVEN
connector.57839e5e1c1494b279096132	DEST_TO_ANCHOR	DEST	dest.c5b83c9fbef62a1041c22fe6	ANCHOR	generated.farm.079a0cb66fadcb6801c9a79b.anchor	0	184742	19745	-3168	180274	18276	-3168	924	924	4704	NO_PATH	0	0	data/teleporters/clanhall/Aden/35441.xml|data/spawns/Aden/Cemetery.xml	NO_PATH
connector.5792c20981c194cf6fb0c59a	ANCHOR_TO_DEST	ANCHOR	generated.farm.d13bbfb6ea5b5fdd203afabc.anchor	DEST	dest.6f4c5951ec7be753e0cfc142	0	134454	-59926	-3416	132997	-60608	-2960	1538	1538	1673	PATH_SEGMENT_BLOCKED	0	0	data/spawns/Goddard/GardenOfBeasts.xml|data/teleporters/town/31275.xml	PATH_SEGMENT_BLOCKED
connector.57a36a840a73339472fab0de	DEST_TO_ANCHOR	DEST	dest.388ea2f92227db8e8dece50a	ANCHOR	generated.farm.c9688432b997ec0243ec1b3f.anchor	0	149283	4610	-432	148203	-1884	-4592	924	924	7788	NO_PATH	0	0	data/teleporters/doorman/35270.xml|data/spawns/Aden/BlazingSwamp.xml	NO_PATH
connector.57d0f8cfc190dc5437379d80	ANCHOR_TO_GK	ANCHOR	generated.farm.15d7dac0e28f4f00c7a38ba5.anchor	GK	spawn.6d40136e98f143a65dfe3117	0	183253	58935	-7232	184458	61446	-3992	924	924	4273	NO_PATH	0	0	data/spawns/Aden/GiantsCave.xml|data/spawns/Others/25_19.xml	NO_PATH
connector.57dac900f93f6d9e55c098df	ANCHOR_TO_DEST	ANCHOR	giran.castle.attacker.staging	DEST	dest.c5c2ba9b85987c62b9625da7	0	112122	144855	-2751	115727	145096	-2579	918	918	3618	NO_PATH	0	0	data/html/admin/teleports/CastleAreas/giran.htm|data/zones/castle_siege.xml|data/zones/castle_hall.xml|data/teleporters/doorman/35181.xml	NO_PATH
connector.580b7e86951dcf576aae66b1	ANCHOR_TO_DEST	ANCHOR	generated.farm.10ad9aaebcc9de4d4457e1b3.anchor	DEST	dest.e58785de760af9858aee2c0d	0	185071	61012	-7232	183985	61424	-3992	924	924	3442	NO_PATH	0	0	data/spawns/Aden/GiantsCave.xml|data/teleporters/clanhall/Aden/35443.xml	NO_PATH
connector.580bf3ae42f25c0e6187e648	ANCHOR_TO_DEST	ANCHOR	generated.farm.344969dd30e86158807cebbf.anchor	DEST	dest.4bf9406ebda63490a2e4f866	0	142551	-60911	-3176	147728	-56331	-2776	1538	1538	6924	NO_PATH	0	0	data/spawns/Goddard/GardenOfBeasts.xml|data/teleporters/clanhall/Goddard/35461.xml	NO_PATH
connector.584c6c391852f3387b5ba692	ANCHOR_TO_DEST	ANCHOR	generated.farm.876a7287c4ce725f1e7eb176.anchor	DEST	dest.b3ded18bbb6e7117c0af9e78	0	79660	-78562	-4040	84092	-80084	-3504	1537	1537	4717	NO_PATH	0	0	data/spawns/Rune/ValleyOfSaints.xml|data/teleporters/town/31320.xml	NO_PATH
connector.58b3e7bed73a78165f7c3596	ANCHOR_TO_GK	ANCHOR	generated.farm.47669c1f7a73c81d26c75bbf.anchor	GK	spawn.94983ae1f1c3f9665c08d90a	0	140747	-57774	-3032	146416	-55568	-2765	1538	1538	6089	NO_PATH	0	0	data/spawns/Goddard/GardenOfBeasts.xml|data/spawns/Others/24_16.xml	NO_PATH
connector.58d75c3dc187cad729f03b2a	DEST_TO_ANCHOR	DEST	dest.75b290f31a633ba9220d1886	ANCHOR	giran.castle.attacker.staging	0	115209	145089	-2604	112122	144855	-2751	918	918	3100	PATH_SEGMENT_BLOCKED	0	0	data/teleporters/doorman/35181.xml|data/html/admin/teleports/CastleAreas/giran.htm|data/zones/castle_siege.xml|data/zones/castle_hall.xml	PATH_SEGMENT_BLOCKED
connector.58e8232a460938217ca68153	ANCHOR_TO_DEST	ANCHOR	generated.farm.b98bdaf85c5429eec94dc264.anchor	DEST	dest.08fda93b82ab29b126fc3432	0	139056	-52350	-2768	146177	-48942	-687	1538	1538	8165	NO_PATH	0	0	data/spawns/Goddard/GardenOfBeasts.xml|data/teleporters/doorman/35360.xml	NO_PATH
connector.5926f324ae80937a050caae0	ANCHOR_TO_DEST	ANCHOR	generated.farm.b8ea931365f22ec6ab1adec2.anchor	DEST	dest.84cfda71508181370e4e1e94	0	50206	146952	-3576	50568	152408	-2656	916	916	5545	NO_PATH	0	0	data/spawns/Dion/ExecutionGrounds.xml|data/teleporters/town/30059.xml	NO_PATH
connector.59741144d323be73f79cf5ec	ANCHOR_TO_DEST	ANCHOR	generated.farm.6cc54f41492a8ebff56a5815.anchor	DEST	dest.0371d016bb679a0dcf384e08	0	119130	-144099	-3016	121618	-141554	-1496	1714	1714	3871	NO_PATH	0	0	data/spawns/Others/PlunderousPlains.xml|data/teleporters/town/31964.xml	NO_PATH
connector.59a86d17ddaf2719669207c4	DEST_TO_ANCHOR	DEST	dest.b8a1497da34f2dc4d98f0ddd	ANCHOR	generated.farm.76760877434123ebddb05ba3.anchor	0	146026	-48241	-2383	138008	-49020	-3240	1538	1538	8102	NO_PATH	0	0	data/teleporters/doorman/35357.xml|data/spawns/Goddard/GardenOfBeasts.xml	NO_PATH
connector.59ae7af46ee563ad65297061	ANCHOR_TO_DEST	ANCHOR	generated.farm.c108283b09b4139540c4a963.anchor	DEST	dest.b3ded18bbb6e7117c0af9e78	0	85420	-74375	-3576	84092	-80084	-3504	1537	1537	5862	NO_PATH	0	0	data/spawns/Rune/ValleyOfSaints.xml|data/teleporters/town/31320.xml	NO_PATH
connector.59ce4b5060b591158129e62d	ANCHOR_TO_DEST	ANCHOR	generated.farm.f9b63f921f23f478d0a06cd7.anchor	DEST	dest.6a1ddd6bd7f4610f50be2cf8	0	141706	-60265	-3328	144866	-57464	-2976	1538	1538	4238	VALID_PATH	4420	4	data/spawns/Goddard/GardenOfBeasts.xml|data/teleporters/clanhall/Goddard/35461.xml	GEOENGINE_PROVEN
connector.59e5683c75da67c119ced468	ANCHOR_TO_GK	ANCHOR	giran.city.center	GK	spawn.63121d2ce78453f15ff12866	0	82480	149087	-3350	78652	148280	-3580	918	918	3919	NO_PATH	0	0	data/mapregion/giran_castle_town.xml|data/spawns/Others/22_22.xml	NO_PATH
connector.5af2f86c003757b696e6eff9	DEST_TO_ANCHOR	DEST	dest.4bf9406ebda63490a2e4f866	ANCHOR	generated.farm.dfd7a9e53a647fe939cd530a.anchor	0	147728	-56331	-2776	141197	-58115	-3064	1538	1538	6777	NO_PATH	0	0	data/teleporters/clanhall/Goddard/35461.xml|data/spawns/Goddard/GardenOfBeasts.xml	NO_PATH
connector.5af3af27fe54996e46d592fd	GK_TO_ANCHOR	GK	spawn.4ec1cadaeec07b1cea645215	ANCHOR	generated.farm.9ce01b6c387257511e5c6df4.anchor	0	149272	-48088	-2382	156116	-46618	-3760	1538	1538	7135	NO_PATH	0	0	data/spawns/Castles/Goddard.xml|data/spawns/Goddard/GardenOfBeasts.xml	NO_PATH
connector.5af90dec498954dee240d9f9	ANCHOR_TO_DEST	ANCHOR	generated.farm.44b1ade2814caaa457678dfb.anchor	DEST	dest.989f1f1ebece5846171b7e0c	0	155467	-47545	-3824	149430	-48245	-2383	1538	1538	6246	NO_PATH	0	0	data/spawns/Goddard/GardenOfBeasts.xml|data/teleporters/doorman/35358.xml	NO_PATH
connector.5b12dc1b658993d0adc10bee	ANCHOR_TO_DEST	ANCHOR	generated.farm.9ce01b6c387257511e5c6df4.anchor	DEST	dest.fb425c42143da7dbe6caa9bd	0	156116	-46618	-3760	148928	-48245	-2383	1538	1538	7498	NO_PATH	0	0	data/spawns/Goddard/GardenOfBeasts.xml|data/teleporters/doorman/35358.xml	NO_PATH
connector.5b1d88ef831150bb70c54d17	DEST_TO_ANCHOR	DEST	dest.676f59b862d33902959c4f11	ANCHOR	generated.farm.0cce9bd32252cc6b834283c9.anchor	0	11235	-24026	-3640	5527	-19685	-3608	1924	1924	7172	NO_PATH	0	0	data/teleporters/town/31320.xml|data/spawns/Rune/PrimevalIsle.xml	NO_PATH
connector.5c1a8e691d155d90058b888b	ANCHOR_TO_DEST	ANCHOR	generated.farm.8d87d35a90f72a3211bda91f.anchor	DEST	dest.84cfda71508181370e4e1e94	0	47544	152757	-2800	50568	152408	-2656	916	916	3048	VALID_PATH	3163	3	data/spawns/Dion/ExecutionGrounds.xml|data/teleporters/town/30059.xml	GEOENGINE_PROVEN
connector.5c1bd2f440c842c326ed49a1	ANCHOR_TO_DEST	ANCHOR	generated.farm.5ab36622a62ce01d64b9675c.anchor	DEST	dest.a93a05bb8dc5f577fcad0b87	0	46621	148391	-3688	42514	143917	-5385	916	916	6306	NO_PATH	0	0	data/spawns/Dion/ExecutionGrounds.xml|data/teleporters/dungeon/31120.xml	NO_PATH
connector.5c50b14125e6aa84b24eb469	ANCHOR_TO_DEST	ANCHOR	generated.farm.2821cf96ec95f62bb3d5bec7.anchor	DEST	dest.16e6331ad2364d9f9c9d48db	0	20661	114027	-3712	17776	108288	-9056	916	916	8356	NO_PATH	0	0	data/spawns/Dion/CrumaMarshlands.xml|data/teleporters/others/30487.xml	NO_PATH
connector.5c5450482676815472c34c72	DEST_TO_ANCHOR	DEST	dest.60157b30f93203373e08dd6a	ANCHOR	generated.farm.05aa0db26a7a3df923b2f303.anchor	0	111965	-154172	-1528	107659	-157238	-2104	1714	1714	5318	VALID_DIRECT	5318	1	data/teleporters/clanhall/Schuttgart/35580.xml|data/spawns/Others/PlunderousPlains.xml	GEOENGINE_PROVEN
connector.5c7f8f62a5b2cdfadb153839	ANCHOR_TO_GK	ANCHOR	generated.farm.ed8992f2edcbacf7c4f24608.anchor	GK	spawn.cd48f4a126ad9fb6d9a60ca2	0	117968	-173208	-432	115072	-178176	-880	921	921	5768	NO_PATH	0	0	data/spawns/DwarvenTerritory/DwarvenStarting.xml|data/spawns/Others/23_12.xml	NO_PATH
connector.5ca5028f91108693aa089d15	ANCHOR_TO_DEST	ANCHOR	generated.farm.3bbbcdb43022c7bf23796fb4.anchor	DEST	dest.676f59b862d33902959c4f11	0	15590	-17440	-3224	11235	-24026	-3640	1924	1924	7907	NO_PATH	0	0	data/spawns/Rune/PrimevalIsle.xml|data/teleporters/town/31320.xml	NO_PATH
connector.5cae0d079fa643b4ecbb267a	DEST_TO_ANCHOR	DEST	dest.1b10b6e3a3cf02df43ce107b	ANCHOR	generated.farm.b82f7a0510c47f1e27010d9a.anchor	0	78721	253309	-9840	78801	252643	-10360	926	926	849	VALID_PATH	1766	5	data/teleporters/town/30899.xml|data/spawns/Innadril/GardenOfEva.xml	GEOENGINE_PROVEN
connector.5cc2a090b2ce75cdc0700f9d	DEST_TO_ANCHOR	DEST	dest.c22f3e4ebc26119cb4e14b22	ANCHOR	generated.farm.8417f5d804225e6423448125.anchor	0	136910	-205082	-3664	132017	-208635	-3592	921	921	6048	NO_PATH	0	0	data/teleporters/town/30540.xml|data/spawns/DwarvenTerritory/DwarvenStarting.xml	NO_PATH
connector.5d2a198c02458ec4a6ba8f65	DEST_TO_ANCHOR	DEST	dest.bc80e599e9387f3e2d5d3f90	ANCHOR	generated.farm.9057155f8085e9c45c1b48a1.anchor	0	69340	-50203	-3288	72229	-45281	-3224	1537	1537	5708	NO_PATH	0	0	data/teleporters/town/31320.xml|data/spawns/Rune/SwampOfScreams.xml	NO_PATH
connector.5d4044facb6696d3a76d525d	DEST_TO_ANCHOR	DEST	dest.bf858e6767aedc4b3744d67b	ANCHOR	generated.farm.7f3bc4923037a86b5311ef60.anchor	0	150561	-57489	-2976	154266	-57607	-3368	1538	1538	3728	NO_PATH	0	0	data/teleporters/clanhall/Goddard/35461.xml|data/spawns/Goddard/GardenOfBeasts.xml	NO_PATH
connector.5d811ec1db783d01b9f4b59a	DEST_TO_ANCHOR	DEST	dest.c5c2ba9b85987c62b9625da7	ANCHOR	giran.castle.defender.staging	0	115727	145096	-2579	116540	146655	-1866	918	918	1898	NO_PATH	0	0	data/teleporters/doorman/35181.xml|data/zones/castle_hall.xml|data/zones/castle_siege.xml	NO_PATH
connector.5dd6b2aa8dbd86ab23fa629a	GK_TO_ANCHOR	GK	spawn.8ef878364403533c0fbb46d6	ANCHOR	generated.farm.f5d8df78a09e41d99d10034a.anchor	0	17719	115430	-6582	14485	116441	-3728	916	916	4431	NO_PATH	0	0	data/spawns/Others/20_21.xml|data/spawns/Dion/CrumaMarshlands.xml	NO_PATH
connector.5dfd408f44bb3cc4b56056e9	DEST_TO_ANCHOR	DEST	dest.2381ef3e82eb4c230b417890	ANCHOR	generated.farm.0d33d07139f10f0c09fb738f.anchor	0	191754	56760	-7624	192004	55596	-4600	924	924	3250	NO_PATH	0	0	data/teleporters/clanhall/Aden/35449.xml|data/spawns/Aden/GiantsCave.xml	NO_PATH
connector.5e1c416e8b2eb5e0e21ad500	ANCHOR_TO_DEST	ANCHOR	generated.farm.d0025fb737eaea0f751f7382.anchor	DEST	dest.676f59b862d33902959c4f11	0	4711	-19437	-3608	11235	-24026	-3640	1924	1924	7977	NO_PATH	0	0	data/spawns/Rune/PrimevalIsle.xml|data/teleporters/town/31320.xml	NO_PATH
connector.5e2ca0b0a4675d170a6aff6b	ANCHOR_TO_GK	ANCHOR	generated.farm.c9688432b997ec0243ec1b3f.anchor	GK	spawn.165f3a69ba65d2f92b214384	0	148203	-1884	-4592	147412	3355	-46	924	924	6982	NO_PATH	0	0	data/spawns/Aden/BlazingSwamp.xml|data/spawns/Castles/Aden.xml	NO_PATH
connector.5e31f2f4bb816bd85328de8e	ANCHOR_TO_DEST	ANCHOR	generated.farm.ec2d2835a7dbe9c4d32fa12f.anchor	DEST	dest.a93a05bb8dc5f577fcad0b87	0	39730	146346	-3888	42514	143917	-5385	916	916	3987	NO_PATH	0	0	data/spawns/Dion/ExecutionGrounds.xml|data/teleporters/dungeon/31120.xml	NO_PATH
connector.5e35d46abbb202b69d1f6af1	DEST_TO_ANCHOR	DEST	dest.9c88beb7b9796ecb4f3bc769	ANCHOR	generated.farm.3ed60488890fc56b8a93d524.anchor	0	148575	4607	-403	145214	-1914	-4592	924	924	8448	NO_PATH	0	0	data/teleporters/doorman/35270.xml|data/spawns/Aden/BlazingSwamp.xml	NO_PATH
connector.5e6ce6f3b8126e07f1681e87	ANCHOR_TO_GK	ANCHOR	generated.farm.5646fdca6ae25d5f7b8df80f.anchor	GK	spawn.2c9dd5f04731e37d775ed3ac	0	154200	-44838	-3744	147808	-45328	-2083	1538	1538	6623	NO_PATH	0	0	data/spawns/Goddard/GardenOfBeasts.xml|data/spawns/Castles/Goddard.xml	NO_PATH
connector.5e76d1bf3d63761ce9aaea57	ANCHOR_TO_DEST	ANCHOR	generated.farm.ed8992f2edcbacf7c4f24608.anchor	DEST	dest.9c5be74df9759b32cc4ea701	0	117968	-173208	-432	115120	-178224	-880	921	921	5786	NO_PATH	0	0	data/spawns/DwarvenTerritory/DwarvenStarting.xml|data/teleporters/town/30256.xml	NO_PATH
connector.5e835f5fee6c61239aa28267	GK_TO_ANCHOR	GK	spawn.165f3a69ba65d2f92b214384	ANCHOR	generated.farm.c9688432b997ec0243ec1b3f.anchor	0	147412	3355	-46	148203	-1884	-4592	924	924	6982	NO_PATH	0	0	data/spawns/Castles/Aden.xml|data/spawns/Aden/BlazingSwamp.xml	NO_PATH
connector.5ea5c7f51973d876f20c0fe8	GK_TO_ANCHOR	GK	spawn.c3b887fab1e752991ad6afef	ANCHOR	generated.farm.40fce0c0c643f3fbfe83b21f.anchor	0	148381	-56525	-2760	149848	-63337	-3408	1538	1538	6999	NO_PATH	0	0	data/spawns/Others/24_16.xml|data/spawns/Goddard/GardenOfBeasts.xml	NO_PATH
connector.5ec22d6f2c45b0ce5eed2f9a	DEST_TO_ANCHOR	DEST	dest.c5c2ba9b85987c62b9625da7	ANCHOR	giran.castle.attacker.staging	0	115727	145096	-2579	112122	144855	-2751	918	918	3618	NO_PATH	0	0	data/teleporters/doorman/35181.xml|data/html/admin/teleports/CastleAreas/giran.htm|data/zones/castle_siege.xml|data/zones/castle_hall.xml	NO_PATH
connector.5ec77632c1d28ce19e13a8f1	GK_TO_ANCHOR	GK	spawn.94983ae1f1c3f9665c08d90a	ANCHOR	generated.farm.47669c1f7a73c81d26c75bbf.anchor	0	146416	-55568	-2765	140747	-57774	-3032	1538	1538	6089	NO_PATH	0	0	data/spawns/Others/24_16.xml|data/spawns/Goddard/GardenOfBeasts.xml	NO_PATH
connector.5ed33d6804960f97e168ce1f	ANCHOR_TO_DEST	ANCHOR	generated.farm.5646fdca6ae25d5f7b8df80f.anchor	DEST	dest.989f1f1ebece5846171b7e0c	0	154200	-44838	-3744	149430	-48245	-2383	1538	1538	6018	NO_PATH	0	0	data/spawns/Goddard/GardenOfBeasts.xml|data/teleporters/doorman/35358.xml	NO_PATH
connector.5efd3342385293b220585218	ANCHOR_TO_DEST	ANCHOR	generated.farm.c73866a146c1285c183d3cc3.anchor	DEST	dest.698f76618645d240ff17b97f	0	-95141	102337	-3552	-89763	105359	-3576	911	911	6169	NO_PATH	0	0	data/spawns/Gludin/TurekOrcs.xml|data/teleporters/town/30320.xml	NO_PATH
connector.5f6e0dc4cd39d2a51a8e4b8a	ANCHOR_TO_DEST	ANCHOR	generated.farm.1a8d5255f1d68b98358f16fc.anchor	DEST	dest.71054a9ec5cdc000914695cb	0	70230	76786	-3696	77225	78362	-5119	922	922	7311	NO_PATH	0	0	data/spawns/Oren/TimakOutpost.xml|data/teleporters/dungeon/31122.xml	NO_PATH
connector.5f7772c93b8910b0360214bb	ANCHOR_TO_DEST	ANCHOR	generated.farm.296747f0e4abc2502739687a.anchor	DEST	dest.99c640dbaf880872599d4081	0	-13701	178024	-5304	-9959	176184	-4160	912	912	4324	NO_PATH	0	0	data/spawns/Gludio/Wasteland.xml|data/teleporters/clanhall/Gludio/35386.xml	NO_PATH
connector.5f7cb1dff965f19d8d058574	DEST_TO_ANCHOR	DEST	dest.e58785de760af9858aee2c0d	ANCHOR	generated.farm.15d7dac0e28f4f00c7a38ba5.anchor	0	183985	61424	-3992	183253	58935	-7232	924	924	4151	NO_PATH	0	0	data/teleporters/clanhall/Aden/35443.xml|data/spawns/Aden/GiantsCave.xml	NO_PATH
connector.5f8b5a66f8674987ebf71edb	ANCHOR_TO_GK	ANCHOR	generated.farm.b98bdaf85c5429eec94dc264.anchor	GK	spawn.43f1cdc4737c7dec127ed004	0	139056	-52350	-2768	145640	-48096	-2382	1538	1538	7849	NO_PATH	0	0	data/spawns/Goddard/GardenOfBeasts.xml|data/spawns/Castles/Goddard.xml	NO_PATH
connector.5fb1e7834a69d4879f241de2	DEST_TO_ANCHOR	DEST	dest.97e884732d1831265eceeb3b	ANCHOR	population.route.orc.a3	0	-44836	-112524	-235	-50845	-113715	-168	920	920	6127	NO_PATH	0	0	data/teleporters/town/32163.xml|data/stats/players/templates/StartingClass/OrcFighter.xml|data/stats/players/templates/StartingClass/OrcMystic.xml|data/spawns/OrcTerritory/OrcStarting.xml	NO_PATH
connector.604775ce439fa1147f0dc0b3	ANCHOR_TO_DEST	ANCHOR	generated.farm.e0ee5ca00ddafb3b26cbff72.anchor	DEST	dest.d58c71398b5a731b53392034	0	177298	-50602	-3336	183140	-53307	-1896	1538	1538	6597	NO_PATH	0	0	data/spawns/Goddard/WallOfArgos.xml|data/teleporters/town/31275.xml	NO_PATH
connector.605909b6beb77e7d19c4aeda	DEST_TO_ANCHOR	DEST	dest.388ea2f92227db8e8dece50a	ANCHOR	generated.farm.a32843d9945a633fb0d082ee.anchor	0	149283	4610	-432	150739	-2129	-4568	924	924	8040	NO_PATH	0	0	data/teleporters/doorman/35270.xml|data/spawns/Aden/BlazingSwamp.xml	NO_PATH
connector.607972cbb52957b5a46e29a0	DEST_TO_ANCHOR	DEST	dest.08fda93b82ab29b126fc3432	ANCHOR	generated.farm.b98bdaf85c5429eec94dc264.anchor	0	146177	-48942	-687	139056	-52350	-2768	1538	1538	8165	NO_PATH	0	0	data/teleporters/doorman/35360.xml|data/spawns/Goddard/GardenOfBeasts.xml	NO_PATH
connector.60950d7f477210579fe7451a	GK_TO_ANCHOR	GK	spawn.51c3beb6cc7ad616365893a6	ANCHOR	generated.farm.9ce01b6c387257511e5c6df4.anchor	0	149024	-48080	-2382	156116	-46618	-3760	1538	1538	7372	NO_PATH	0	0	data/spawns/Castles/Goddard.xml|data/spawns/Goddard/GardenOfBeasts.xml	NO_PATH
connector.60b3b17eedcd4adc58bcf50d	DEST_TO_ANCHOR	DEST	dest.d4313d5eea5aa2d626abb520	ANCHOR	population.ingress.human-mystic.02	0	-84752	243122	-3728	-90954	248118	-3568	910	910	7966	NO_PATH	0	0	data/teleporters/others/32614.xml|data/stats/players/templates/StartingClass/HumanMystic.xml	NO_PATH
connector.60e086bc4f8c97db861efd4d	DEST_TO_ANCHOR	DEST	dest.60157b30f93203373e08dd6a	ANCHOR	generated.farm.7e05f4b455d51dddfaf626dc.anchor	0	111965	-154172	-1528	110516	-157305	-2056	1714	1714	3493	VALID_PATH	3573	4	data/teleporters/clanhall/Schuttgart/35580.xml|data/spawns/Others/PlunderousPlains.xml	GEOENGINE_PROVEN
connector.60f0d03cfbccc5c6d067aa7f	ANCHOR_TO_DEST	ANCHOR	generated.farm.580d4fbf531862b4ef832098.anchor	DEST	dest.fb425c42143da7dbe6caa9bd	0	154735	-43714	-3720	148928	-48245	-2383	1538	1538	7486	NO_PATH	0	0	data/spawns/Goddard/GardenOfBeasts.xml|data/teleporters/doorman/35358.xml	NO_PATH
connector.60f796e0dbf419e202b9e506	GK_TO_ANCHOR	GK	spawn.886ea7c1f785b55b69ec0767	ANCHOR	generated.farm.a32843d9945a633fb0d082ee.anchor	0	147408	2320	221	150739	-2129	-4568	924	924	7337	NO_PATH	0	0	data/spawns/Castles/Aden.xml|data/spawns/Aden/BlazingSwamp.xml	NO_PATH
connector.6172e32cce38b27eececc1f3	ANCHOR_TO_DEST	ANCHOR	generated.farm.05002a214aeeec9a439af6c7.anchor	DEST	dest.c22f3e4ebc26119cb4e14b22	0	137776	-212286	-3608	136910	-205082	-3664	921	921	7257	NO_PATH	0	0	data/spawns/DwarvenTerritory/DwarvenStarting.xml|data/teleporters/town/30540.xml	NO_PATH
connector.618d8d170ba80c45a0f74bab	ANCHOR_TO_DEST	ANCHOR	generated.farm.178044c17f297ebf3f957eda.anchor	DEST	dest.137141ac05b457adc3dbb8d1	0	143755	-62697	-3392	146990	-67128	-3640	1538	1538	5492	NO_PATH	0	0	data/spawns/Goddard/GardenOfBeasts.xml|data/teleporters/clanhall/Goddard/35467.xml	NO_PATH
connector.61b1347bc49ca53688eae1ac	ANCHOR_TO_GK	ANCHOR	generated.farm.c6b91d878955fb4a74840c96.anchor	GK	spawn.51c3beb6cc7ad616365893a6	0	154440	-47418	-3776	149024	-48080	-2382	1538	1538	5632	NO_PATH	0	0	data/spawns/Goddard/GardenOfBeasts.xml|data/spawns/Castles/Goddard.xml	NO_PATH
connector.61de3ba14f32424a07a07410	ANCHOR_TO_DEST	ANCHOR	generated.farm.2fb3f6c5e8d24fbe41923829.anchor	DEST	dest.d58c71398b5a731b53392034	0	187400	-56792	-3160	183140	-53307	-1896	1538	1538	5648	NO_PATH	0	0	data/spawns/Goddard/WallOfArgos.xml|data/teleporters/town/31275.xml	NO_PATH
connector.62096e1ad747bcaf64221cf3	ANCHOR_TO_DEST	ANCHOR	generated.farm.f0f6a8fe02640b27815e4133.anchor	DEST	dest.3a4f442d133fa1a426799f77	0	79005	121244	-2168	73024	118485	-3696	923	923	6762	NO_PATH	0	0	data/spawns/Giran/BrekasStronghold.xml|data/teleporters/town/30233.xml	NO_PATH
connector.621a0edac58d3631a92fb6e6	GK_TO_ANCHOR	GK	spawn.812dcd239de56605b0f9a40f	ANCHOR	generated.farm.3ed60488890fc56b8a93d524.anchor	0	148636	4756	-400	145214	-1914	-4592	924	924	8590	NO_PATH	0	0	data/spawns/Castles/Aden.xml|data/spawns/Aden/BlazingSwamp.xml	NO_PATH
connector.624552a7c6a50ebebc3f54fe	ANCHOR_TO_GK	ANCHOR	generated.farm.5eb9ca10f507264114a7bd47.anchor	GK	spawn.51c3beb6cc7ad616365893a6	0	155056	-48692	-3672	149024	-48080	-2382	1538	1538	6199	NO_PATH	0	0	data/spawns/Goddard/GardenOfBeasts.xml|data/spawns/Castles/Goddard.xml	NO_PATH
connector.626cdc1ed4ad503bbb4f54e5	ANCHOR_TO_DEST	ANCHOR	generated.farm.4ce227949d0e8325be86ee6f.anchor	DEST	dest.6f4c5951ec7be753e0cfc142	0	135009	-56914	-3096	132997	-60608	-2960	1538	1538	4209	NO_PATH	0	0	data/spawns/Goddard/GardenOfBeasts.xml|data/teleporters/town/31275.xml	NO_PATH
connector.629549bb55d8d25b69bc7511	GK_TO_ANCHOR	GK	spawn.5ec71ae062fb709719b08cec	ANCHOR	generated.farm.3bbbcdb43022c7bf23796fb4.anchor	0	11504	-23344	-3644	15590	-17440	-3224	1924	1924	7193	NO_PATH	0	0	data/spawns/Others/20_17.xml|data/spawns/Rune/PrimevalIsle.xml	NO_PATH
connector.62b0bb2ac852bd0020bb8064	ANCHOR_TO_DEST	ANCHOR	generated.farm.afa946c77c6be59d634b7d89.anchor	DEST	dest.6a1ddd6bd7f4610f50be2cf8	0	142079	-60649	-3312	144866	-57464	-2976	1538	1538	4246	VALID_PATH	4376	4	data/spawns/Goddard/GardenOfBeasts.xml|data/teleporters/clanhall/Goddard/35461.xml	GEOENGINE_PROVEN
connector.62b758e05398101346285b20	ANCHOR_TO_DEST	ANCHOR	generated.farm.44b1ade2814caaa457678dfb.anchor	DEST	dest.0078633d4fd88238ef4fcba7	0	155467	-47545	-3824	148736	-49201	-688	1538	1538	7609	NO_PATH	0	0	data/spawns/Goddard/GardenOfBeasts.xml|data/teleporters/doorman/35359.xml	NO_PATH
connector.631762a177258804d3f837d5	DEST_TO_ANCHOR	DEST	dest.4b5c5793c1f48563fea006af	ANCHOR	generated.farm.51c51b85a452e63c767b5399.anchor	0	165054	-47861	-3560	158276	-47226	-3304	1538	1538	6813	NO_PATH	0	0	data/teleporters/clanhall/Goddard/35463.xml|data/spawns/Goddard/GardenOfBeasts.xml	NO_PATH
connector.6329bb4c280af9c91ddd4374	GK_TO_ANCHOR	GK	spawn.e5d13b091f3fbcdcd0c90dd5	ANCHOR	generated.farm.f5d8df78a09e41d99d10034a.anchor	0	17555	113967	-11675	14485	116441	-3728	916	916	8872	NO_PATH	0	0	data/spawns/Others/20_21.xml|data/spawns/Dion/CrumaMarshlands.xml	NO_PATH
connector.63589d11fc0442cc2d9ec032	GK_TO_ANCHOR	GK	spawn.a2c2a6ac58e1b452764dc8e1	ANCHOR	generated.farm.3ed60488890fc56b8a93d524.anchor	0	147552	2128	221	145214	-1914	-4592	924	924	6706	NO_PATH	0	0	data/spawns/Castles/Aden.xml|data/spawns/Aden/BlazingSwamp.xml	NO_PATH
connector.63796a20ee6d09b6c1f597a7	GK_TO_ANCHOR	GK	spawn.d18a9ba08e5427b0fcccb4f0	ANCHOR	generated.farm.c6b91d878955fb4a74840c96.anchor	0	148664	-49168	-672	154440	-47418	-3776	1538	1538	6787	NO_PATH	0	0	data/spawns/Castles/Goddard.xml|data/spawns/Goddard/GardenOfBeasts.xml	NO_PATH
connector.638d0ad52195c732619764da	DEST_TO_ANCHOR	DEST	dest.3a4f442d133fa1a426799f77	ANCHOR	generated.farm.dae3e42619c5b51dd06b78d6.anchor	0	73024	118485	-3696	71356	121144	-3600	923	923	3141	VALID_PATH	3287	6	data/teleporters/town/30233.xml|data/spawns/Giran/DeathPass.xml	GEOENGINE_PROVEN
connector.6399af689df6c18ba8332b39	ANCHOR_TO_DEST	ANCHOR	generated.farm.21b9887f8ee2edf13d4afe09.anchor	DEST	dest.6fb5021ca4d18a28277cff29	0	71042	-55479	-3136	71814	-57054	-3088	1537	1537	1755	PATH_SEGMENT_BLOCKED	0	0	data/spawns/Rune/SwampOfScreams.xml|data/teleporters/chamberlain/35509.xml	PATH_SEGMENT_BLOCKED
connector.63b39e6497f34575af2c4ae4	ANCHOR_TO_GK	ANCHOR	generated.farm.5646fdca6ae25d5f7b8df80f.anchor	GK	spawn.4eb4de1255938bc6529e2121	0	154200	-44838	-3744	147264	-45632	-2083	1538	1538	7177	NO_PATH	0	0	data/spawns/Goddard/GardenOfBeasts.xml|data/spawns/Castles/Goddard.xml	NO_PATH
connector.63b584c5988f314f4e792d00	DEST_TO_ANCHOR	DEST	dest.163f0aea44efeffae77fffed	ANCHOR	generated.farm.81c6855121cf6afa88828282.anchor	0	148024	-55281	-2728	142148	-59521	-3184	1538	1538	7261	NO_PATH	0	0	data/teleporters/others/Varka.xml|data/spawns/Goddard/GardenOfBeasts.xml	NO_PATH
connector.640fa4d460e53cfe593cb364	ANCHOR_TO_DEST	ANCHOR	population.route.orc.a4	DEST	dest.97e884732d1831265eceeb3b	0	-50077	-115763	-160	-44836	-112524	-235	920	920	6162	NO_PATH	0	0	data/stats/players/templates/StartingClass/OrcFighter.xml|data/stats/players/templates/StartingClass/OrcMystic.xml|data/spawns/OrcTerritory/OrcStarting.xml|data/teleporters/town/32163.xml	NO_PATH
connector.6461f4375e08df828c62c42e	ANCHOR_TO_GK	ANCHOR	generated.farm.4776ec4a5cfec6bf4d175100.anchor	GK	spawn.ac310663c394c7d6add8412b	0	156944	-55300	-3112	149024	-55456	-2765	1538	1538	7930	NO_PATH	0	0	data/spawns/Goddard/GardenOfBeasts.xml|data/spawns/Others/24_16.xml	NO_PATH
connector.64bf71134bd0b61be34cca32	ANCHOR_TO_DEST	ANCHOR	generated.farm.105f2a6ba5cc70543d1b8d52.anchor	DEST	dest.f2522fd691ccf61f81ae16ec	0	83711	249691	-10872	82951	252354	-10592	926	926	2784	VALID_PATH	3001	3	data/spawns/Innadril/GardenOfEva.xml|data/teleporters/town/30899.xml	GEOENGINE_PROVEN
connector.64f9aa5e13d641b7db3b5fcc	ANCHOR_TO_GK	ANCHOR	generated.farm.b98bdaf85c5429eec94dc264.anchor	GK	spawn.3a0446a892f0598177d3c757	0	139056	-52350	-2768	145904	-48096	-2382	1538	1538	8071	NO_PATH	0	0	data/spawns/Goddard/GardenOfBeasts.xml|data/spawns/Castles/Goddard.xml	NO_PATH
connector.6557679006e4ef4908877aaf	GK_TO_ANCHOR	GK	spawn.adbf2ddde00443bc89450f43	ANCHOR	generated.farm.475038779aaee6a2e82aa06b.anchor	0	178884	-184227	-336	175552	-186630	-1280	921	921	4216	VALID_PATH	4709	9	data/spawns/Others/25_12.xml|data/spawns/DwarvenTerritory/DwarvenStarting.xml	GEOENGINE_PROVEN
connector.65ac41a7949859cd170e738f	ANCHOR_TO_GK	ANCHOR	generated.farm.31da5576b79c7d3e8c70da21.anchor	GK	spawn.5ec71ae062fb709719b08cec	0	6057	-17408	-3696	11504	-23344	-3644	1924	1924	8057	NO_PATH	0	0	data/spawns/Rune/PrimevalIsle.xml|data/spawns/Others/20_17.xml	NO_PATH
connector.65c8eb05f2950a6a12fae5c8	DEST_TO_ANCHOR	DEST	dest.4284b435762f397cce85fcfb	ANCHOR	generated.farm.5503deaff7039892e29f17da.anchor	0	144880	-113468	-2560	149374	-113643	-2040	1538	1538	4528	NO_PATH	0	0	data/teleporters/others/Varka.xml|data/spawns/Goddard/HotSprings.xml	NO_PATH
connector.65e9c55b553f32e7766f5339	ANCHOR_TO_DEST	ANCHOR	population.route.dwarf.a3	DEST	dest.8d3b8a0f8679baa430ed780e	0	112996	-173691	-608	115113	-178212	-901	921	921	5001	NO_PATH	0	0	data/stats/players/templates/StartingClass/DwarvenFighter.xml|data/spawns/DwarvenTerritory/DwarvenStarting.xml|data/teleporters/town/32163.xml	NO_PATH
connector.66639b97c749985ea79329b2	DEST_TO_ANCHOR	DEST	dest.6ae64a2dea927cc4882b9be3	ANCHOR	generated.farm.d8f73f15f7b61b931200f06d.anchor	0	79248	247390	-8816	80565	250265	-10872	926	926	3772	NO_PATH	0	0	data/teleporters/town/30899.xml|data/spawns/Innadril/GardenOfEva.xml	NO_PATH
connector.66c1d4d98a1bd9fac25973bf	ANCHOR_TO_DEST	ANCHOR	generated.farm.949cc8840a4b22536e78e91c.anchor	DEST	dest.6f4c5951ec7be753e0cfc142	0	136062	-59976	-3392	132997	-60608	-2960	1538	1538	3160	PATH_SEGMENT_BLOCKED	0	0	data/spawns/Goddard/GardenOfBeasts.xml|data/teleporters/town/31275.xml	PATH_SEGMENT_BLOCKED
connector.670b6e17137aa04cb56e640b	DEST_TO_ANCHOR	DEST	dest.c198460adf168f69d59928b8	ANCHOR	generated.farm.6bce7187cbe16e4accd6425c.anchor	0	155310	-16339	-3320	154819	-21497	-1608	924	924	5457	NO_PATH	0	0	data/teleporters/clanhall/Aden/35439.xml|data/spawns/Aden/BlazingSwamp.xml	NO_PATH
connector.6731ec94d5a861d673bd03d2	GK_TO_ANCHOR	GK	spawn.b3ade47a783cc4d199b36042	ANCHOR	generated.farm.cfefa9f2c17ef6a1e6e80a8a.anchor	0	42608	143952	-5379	43438	147029	-3608	916	916	3646	NO_PATH	0	0	data/spawns/Others/21_22.xml|data/spawns/Dion/ExecutionGrounds.xml	NO_PATH
connector.67328ecea41d6922658d097d	ANCHOR_TO_DEST	ANCHOR	generated.farm.f5d8df78a09e41d99d10034a.anchor	DEST	dest.7fa58ae181a6369bbf9510b0	0	14485	116441	-3728	17731	119465	-9067	916	916	6942	NO_PATH	0	0	data/spawns/Dion/CrumaMarshlands.xml|data/teleporters/others/31843.xml	NO_PATH
connector.67b8060ef259ef6dba65eda4	DEST_TO_ANCHOR	DEST	dest.b8a1497da34f2dc4d98f0ddd	ANCHOR	generated.farm.b98bdaf85c5429eec94dc264.anchor	0	146026	-48241	-2383	139056	-52350	-2768	1538	1538	8101	NO_PATH	0	0	data/teleporters/doorman/35357.xml|data/spawns/Goddard/GardenOfBeasts.xml	NO_PATH
connector.67c937f3b1c3d6fbb21416e4	DEST_TO_ANCHOR	DEST	dest.dba239778a263299c9f59019	ANCHOR	generated.farm.5ee423a52e35fbb905b7ecb0.anchor	0	46934	51467	-2977	54714	51620	-3592	914	914	7806	NO_PATH	0	0	data/teleporters/town/32163.xml|data/spawns/ElvenTerritory/ElvenStarting.xml	NO_PATH
connector.67e7646229f75da4c5add1c3	DEST_TO_ANCHOR	DEST	dest.ecd982a3f5b0851c65fc7acc	ANCHOR	generated.farm.27840444dac2f1f9126e8733.anchor	0	76911	-55295	-5824	74283	-52777	-3136	1537	1537	4525	NO_PATH	0	0	data/teleporters/clanhall/Rune/35568.xml|data/spawns/Rune/SwampOfScreams.xml	NO_PATH
connector.67ea65fc8ae8f8277e58b18e	ANCHOR_TO_DEST	ANCHOR	generated.farm.b19ec60768520c7b4f62c4ea.anchor	DEST	dest.6f4c5951ec7be753e0cfc142	0	132175	-57330	-2960	132997	-60608	-2960	1538	1538	3380	PATH_SEGMENT_BLOCKED	0	0	data/spawns/Goddard/GardenOfBeasts.xml|data/teleporters/town/31275.xml	PATH_SEGMENT_BLOCKED
connector.67f2171bbbcc9f61fcf8735d	DEST_TO_ANCHOR	DEST	dest.a93a05bb8dc5f577fcad0b87	ANCHOR	generated.farm.ba96ca8a81c8241efff36e8c.anchor	0	42514	143917	-5385	46727	141231	-3256	916	916	5432	NO_PATH	0	0	data/teleporters/dungeon/31120.xml|data/spawns/Dion/ExecutionGrounds.xml	NO_PATH
connector.67fb349947ecc7302f58284a	ANCHOR_TO_DEST	ANCHOR	generated.farm.2f5a4686e378172f8cb75ec4.anchor	DEST	dest.989f1f1ebece5846171b7e0c	0	154309	-46007	-3744	149430	-48245	-2383	1538	1538	5538	NO_PATH	0	0	data/spawns/Goddard/GardenOfBeasts.xml|data/teleporters/doorman/35358.xml	NO_PATH
connector.684c171d05d390816d51a4f3	ANCHOR_TO_DEST	ANCHOR	generated.farm.a50317edaaaaf13d713fc202.anchor	DEST	dest.698f76618645d240ff17b97f	0	-93480	106247	-3648	-89763	105359	-3576	911	911	3823	NO_PATH	0	0	data/spawns/Gludin/TurekOrcs.xml|data/teleporters/town/30320.xml	NO_PATH
connector.684d17386d36b1bcacd5a087	DEST_TO_ANCHOR	DEST	dest.4c8e1b10064333c3b31e6a23	ANCHOR	generated.farm.35bc24702a1ca5060701b348.anchor	0	73024	118485	-3720	77675	124357	-2792	923	923	7549	NO_PATH	0	0	data/teleporters/clanhall/Giran/35455.xml|data/spawns/Giran/BrekasStronghold.xml	NO_PATH
connector.685e8d41c3c43178f0029619	DEST_TO_ANCHOR	DEST	dest.3dd86fe06a72ce612785df72	ANCHOR	generated.farm.a870f32abb9dbeb0708ce688.anchor	0	65307	-71445	-3688	69705	-72656	-3800	1537	1537	4564	VALID_DIRECT	4564	1	data/teleporters/town/31320.xml|data/spawns/Rune/ValleyOfSaints.xml	GEOENGINE_PROVEN
connector.687d6b4b88fdb96d8c701bf0	GK_TO_ANCHOR	GK	spawn.ee82a6e3aa92a4ff7f32794c	ANCHOR	population.route.human-mystic.c1	0	-84108	244604	-3728	-87848	250568	-3616	910	910	7041	NO_PATH	0	0	data/spawns/Others/17_25.xml|data/stats/players/templates/StartingClass/HumanMystic.xml|data/spawns/TalkingIsland/TalkingIslandMonsters.xml	NO_PATH
connector.687e78f10de569bd4b88aff5	ANCHOR_TO_DEST	ANCHOR	generated.farm.76760877434123ebddb05ba3.anchor	DEST	dest.08fda93b82ab29b126fc3432	0	138008	-49020	-3240	146177	-48942	-687	1538	1538	8559	NO_PATH	0	0	data/spawns/Goddard/GardenOfBeasts.xml|data/teleporters/doorman/35360.xml	NO_PATH
connector.68cd5f81c3400df6143d906a	ANCHOR_TO_GK	ANCHOR	generated.farm.4558cfcfd7ce6b634def74b4.anchor	GK	spawn.79dc0be68e2c487320847dde	0	192004	56865	-4720	191391	57074	-7616	924	924	2968	PATH_SEGMENT_BLOCKED	0	0	data/spawns/Aden/GiantsCave.xml|data/spawns/Others/25_19.xml	PATH_SEGMENT_BLOCKED
connector.68e8e5b9fb9711adeec66974	DEST_TO_ANCHOR	DEST	dest.6fb5021ca4d18a28277cff29	ANCHOR	generated.farm.707c42bb4115156c23a71f69.anchor	0	71814	-57054	-3088	72229	-52660	-3112	1537	1537	4414	NO_PATH	0	0	data/teleporters/chamberlain/35509.xml|data/spawns/Rune/SwampOfScreams.xml	NO_PATH
connector.694195350d6d139a52fd58bb	DEST_TO_ANCHOR	DEST	dest.7045d2b7dffeafbde4aaf5c6	ANCHOR	generated.farm.5ef4a6e960b28ed3443a8fb2.anchor	0	149817	-80053	-5576	148038	-84240	-5376	1538	1538	4554	NO_PATH	0	0	data/teleporters/town/31275.xml|data/spawns/Goddard/KetraOrcOutpost.xml	NO_PATH
connector.695eaa2599d51d5a1c9c6232	GK_TO_ANCHOR	GK	spawn.8ef878364403533c0fbb46d6	ANCHOR	generated.farm.2821cf96ec95f62bb3d5bec7.anchor	0	17719	115430	-6582	20661	114027	-3712	916	916	4343	NO_PATH	0	0	data/spawns/Others/20_21.xml|data/spawns/Dion/CrumaMarshlands.xml	NO_PATH
connector.69aa4fe92fbab2e14e2d82be	ANCHOR_TO_DEST	ANCHOR	generated.farm.7f3bc4923037a86b5311ef60.anchor	DEST	dest.4bf9406ebda63490a2e4f866	0	154266	-57607	-3368	147728	-56331	-2776	1538	1538	6688	NO_PATH	0	0	data/spawns/Goddard/GardenOfBeasts.xml|data/teleporters/clanhall/Goddard/35461.xml	NO_PATH
connector.6a44da4db9c2d11acd951c76	GK_TO_ANCHOR	GK	spawn.cd48f4a126ad9fb6d9a60ca2	ANCHOR	population.route.dwarf.a4	0	115072	-178176	-880	113508	-174203	-608	921	921	4279	NO_PATH	0	0	data/spawns/Others/23_12.xml|data/stats/players/templates/StartingClass/DwarvenFighter.xml|data/spawns/DwarvenTerritory/DwarvenStarting.xml	NO_PATH
connector.6a48e923d9b4d1c5edade848	ANCHOR_TO_GK	ANCHOR	generated.farm.0cce9bd32252cc6b834283c9.anchor	GK	spawn.5ec71ae062fb709719b08cec	0	5527	-19685	-3608	11504	-23344	-3644	1924	1924	7009	NO_PATH	0	0	data/spawns/Rune/PrimevalIsle.xml|data/spawns/Others/20_17.xml	NO_PATH
connector.6a5b9b930457bdbcf81f0186	ANCHOR_TO_GK	ANCHOR	generated.farm.10ad9aaebcc9de4d4457e1b3.anchor	GK	spawn.6d40136e98f143a65dfe3117	0	185071	61012	-7232	184458	61446	-3992	924	924	3326	NO_PATH	0	0	data/spawns/Aden/GiantsCave.xml|data/spawns/Others/25_19.xml	NO_PATH
connector.6a65a7f2350fb36af36723bf	DEST_TO_ANCHOR	DEST	dest.f2250fc66d2e1e4512042557	ANCHOR	population.route.human-mystic.c1	0	-84318	244579	-3730	-87848	250568	-3616	910	910	6953	NO_PATH	0	0	data/teleporters/town/32163.xml|data/stats/players/templates/StartingClass/HumanMystic.xml|data/spawns/TalkingIsland/TalkingIslandMonsters.xml	NO_PATH
connector.6a6b775e9cd35467bb040cf0	ANCHOR_TO_DEST	ANCHOR	generated.farm.e6ac57e58e205cc3e2a79457.anchor	DEST	dest.fab7b56737a57f4e742112eb	0	72464	-74888	-3704	65307	-71445	-3696	1537	1537	7943	NO_PATH	0	0	data/spawns/Rune/ValleyOfSaints.xml|data/teleporters/clanhall/Rune/35576.xml	NO_PATH
connector.6aaa6413f04c867cf0e5464a	GK_TO_ANCHOR	GK	spawn.c5db474f615ec7563feee08e	ANCHOR	generated.farm.c6b91d878955fb4a74840c96.anchor	0	147408	-49296	-2120	154440	-47418	-3776	1538	1538	7465	NO_PATH	0	0	data/spawns/Castles/Goddard.xml|data/spawns/Goddard/GardenOfBeasts.xml	NO_PATH
connector.6ad00025e7cb7b3958a56b02	ANCHOR_TO_DEST	ANCHOR	generated.farm.0b52b3a7154b1b1513731338.anchor	DEST	dest.21e9c9b1510df61032cbc4cc	0	77276	250249	-9336	77868	250400	-9328	926	926	612	PATH_SEGMENT_BLOCKED	0	0	data/spawns/Innadril/GardenOfEva.xml|data/teleporters/town/30899.xml	PATH_SEGMENT_BLOCKED
connector.6b044eed4ccf37ae63567826	ANCHOR_TO_DEST	ANCHOR	giran.gatekeeper.30080	DEST	dest.bc15f24e05184431bde3e1fc	0	83396	147904	-3404	77305	148636	-3592	918	918	6138	NO_PATH	0	0	data/stats/npcs/30000-30099.xml|data/spawns/Others/22_22.xml|data/teleporters/town/30080.xml|data/teleporters/clanhall/Giran/35457.xml	NO_PATH
connector.6b12450e560da1d11de846b5	GK_TO_ANCHOR	GK	spawn.c1a8e0b5f59219febffb093b	ANCHOR	generated.farm.57a38f13450e54452b749339.anchor	0	46926	51511	-2976	52710	55450	-3320	914	914	7007	NO_PATH	0	0	data/spawns/Others/21_19.xml|data/spawns/ElvenTerritory/ElvenStarting.xml	NO_PATH
connector.6b7a12b7baf0968bd7d3569c	DEST_TO_ANCHOR	DEST	dest.b3ded18bbb6e7117c0af9e78	ANCHOR	generated.farm.8a9e1e8a2b6103753d39cc70.anchor	0	84092	-80084	-3504	80203	-76691	-4016	1537	1537	5187	NO_PATH	0	0	data/teleporters/town/31320.xml|data/spawns/Rune/ValleyOfSaints.xml	NO_PATH
connector.6b9532079c29c99faa38a1ff	ANCHOR_TO_DEST	ANCHOR	generated.farm.c30765022e71954da932eae3.anchor	DEST	dest.3a4f442d133fa1a426799f77	0	71341	123826	-3592	73024	118485	-3696	923	923	5601	NO_PATH	0	0	data/spawns/Giran/DeathPass.xml|data/teleporters/town/30233.xml	NO_PATH
connector.6bb6b3843722854b8ed52a9b	DEST_TO_ANCHOR	DEST	dest.ac389c02ab4f56bc2f4d3487	ANCHOR	generated.farm.2858169cdabc7fc416a5b193.anchor	0	64328	26803	-3768	56415	28315	-5048	922	922	8158	NO_PATH	0	0	data/teleporters/town/30177.xml|data/spawns/Oren/SeaOfSpores.xml	NO_PATH
connector.6bb8cd7fc54f1eb2f4ddb3e1	DEST_TO_ANCHOR	DEST	dest.878d75d1103c8001c7c6d77e	ANCHOR	generated.farm.f3fef88cab3be544b94bb305.anchor	0	169008	-208272	-3504	165484	-207409	-3496	921	921	3629	NO_PATH	0	0	data/teleporters/town/30540.xml|data/spawns/DwarvenTerritory/DwarvenStarting.xml	NO_PATH
connector.6c0a15ab846e33b249e1154a	ANCHOR_TO_DEST	ANCHOR	elven.farming.oren04-2019-08s	DEST	dest.9d74188a88fecd721cf1e45e	0	17170	46114	-3568	21362	51122	-3688	914	914	6533	NO_PATH	0	0	data/spawns/ElvenTerritory/ElvenStarting.xml|data/teleporters/town/30146.xml	NO_PATH
connector.6c19882c5b0bba179b838eb8	ANCHOR_TO_DEST	ANCHOR	generated.farm.686fbff5e2bf4b58a7f01700.anchor	DEST	dest.f2522fd691ccf61f81ae16ec	0	80389	253542	-10872	82951	252354	-10592	926	926	2838	VALID_PATH	2896	4	data/spawns/Innadril/GardenOfEva.xml|data/teleporters/town/30899.xml	GEOENGINE_PROVEN
connector.6c2e3b278ee03b9db3108d3a	GK_TO_ANCHOR	GK	spawn.c5db474f615ec7563feee08e	ANCHOR	generated.farm.5eb9ca10f507264114a7bd47.anchor	0	147408	-49296	-2120	155056	-48692	-3672	1538	1538	7828	NO_PATH	0	0	data/spawns/Castles/Goddard.xml|data/spawns/Goddard/GardenOfBeasts.xml	NO_PATH
connector.6c860a4beb6440c418de3515	DEST_TO_ANCHOR	DEST	dest.3a4f442d133fa1a426799f77	ANCHOR	generated.farm.c30765022e71954da932eae3.anchor	0	73024	118485	-3696	71341	123826	-3592	923	923	5601	NO_PATH	0	0	data/teleporters/town/30233.xml|data/spawns/Giran/DeathPass.xml	NO_PATH
connector.6cfc2cb715fb1df96ec326c7	DEST_TO_ANCHOR	DEST	dest.99c640dbaf880872599d4081	ANCHOR	generated.farm.62da445c2999814b70bb9601.anchor	0	-9959	176184	-4160	-13104	175568	-5240	912	912	3382	NO_PATH	0	0	data/teleporters/clanhall/Gludio/35386.xml|data/spawns/Gludio/Wasteland.xml	NO_PATH
connector.6d3a9e681d6d4b147f97334d	DEST_TO_ANCHOR	DEST	dest.e58785de760af9858aee2c0d	ANCHOR	generated.farm.5603e92e1fee2a50869a1471.anchor	0	183985	61424	-3992	185546	58931	-7232	924	924	4376	NO_PATH	0	0	data/teleporters/clanhall/Aden/35443.xml|data/spawns/Aden/GiantsCave.xml	NO_PATH
connector.6d4f15b25abe5bce85352a93	ANCHOR_TO_DEST	ANCHOR	generated.farm.da644be526423dccebdee263.anchor	DEST	dest.3a4f442d133fa1a426799f77	0	67440	113243	-3640	73024	118485	-3696	923	923	7660	NO_PATH	0	0	data/spawns/Giran/DeathPass.xml|data/teleporters/town/30233.xml	NO_PATH
connector.6d57dfcc1917e035d4e0eba7	ANCHOR_TO_DEST	ANCHOR	generated.farm.2821cf96ec95f62bb3d5bec7.anchor	DEST	dest.7fa58ae181a6369bbf9510b0	0	20661	114027	-3712	17731	119465	-9067	916	916	8176	NO_PATH	0	0	data/spawns/Dion/CrumaMarshlands.xml|data/teleporters/others/31843.xml	NO_PATH
connector.6da14c75504eeebdfb15c5bc	ANCHOR_TO_GK	ANCHOR	generated.farm.007f9057c1ee101b364fff57.anchor	GK	spawn.d18a9ba08e5427b0fcccb4f0	0	155476	-49469	-3352	148664	-49168	-672	1538	1538	7327	NO_PATH	0	0	data/spawns/Goddard/GardenOfBeasts.xml|data/spawns/Castles/Goddard.xml	NO_PATH
connector.6db10e4efd0c6ed7ac5e1f25	ANCHOR_TO_GK	ANCHOR	generated.farm.3ed60488890fc56b8a93d524.anchor	GK	spawn.165f3a69ba65d2f92b214384	0	145214	-1914	-4592	147412	3355	-46	924	924	7298	NO_PATH	0	0	data/spawns/Aden/BlazingSwamp.xml|data/spawns/Castles/Aden.xml	NO_PATH
connector.6dd740ba52f8c5198a3d5c5a	ANCHOR_TO_DEST	ANCHOR	generated.farm.e0dbd77ee0dba1be697dfa6d.anchor	DEST	dest.99c640dbaf880872599d4081	0	-14502	178310	-5304	-9959	176184	-4160	912	912	5145	NO_PATH	0	0	data/spawns/Gludio/Wasteland.xml|data/teleporters/clanhall/Gludio/35386.xml	NO_PATH
connector.6e2b7afc29dd5a42c34d3672	DEST_TO_ANCHOR	DEST	dest.c5b83c9fbef62a1041c22fe6	ANCHOR	generated.farm.8fec35df912b586c4d90ffe6.anchor	0	184742	19745	-3168	182254	18300	-3168	924	924	2878	VALID_PATH	3111	3	data/teleporters/clanhall/Aden/35441.xml|data/spawns/Aden/Cemetery.xml	GEOENGINE_PROVEN
connector.6e3430bdb4315e7398d8c448	ANCHOR_TO_DEST	ANCHOR	generated.farm.f0514c14d379407f1823f1e7.anchor	DEST	dest.18657e72d3afd42f45908db0	0	151576	-62206	-3232	153460	-70055	-3312	1538	1538	8073	NO_PATH	0	0	data/spawns/Goddard/GardenOfBeasts.xml|data/teleporters/chamberlain/35363.xml	NO_PATH
connector.6e4c60001d707de2c15f088f	DEST_TO_ANCHOR	DEST	dest.c5b83c9fbef62a1041c22fe6	ANCHOR	generated.farm.48397c0d3e43caec906b5c4e.anchor	0	184742	19745	-3168	182250	15896	-3168	924	924	4586	NO_PATH	0	0	data/teleporters/clanhall/Aden/35441.xml|data/spawns/Aden/Cemetery.xml	NO_PATH
connector.6ea235601946712930ae4542	ANCHOR_TO_DEST	ANCHOR	generated.farm.b98bdaf85c5429eec94dc264.anchor	DEST	dest.5fe38c8e1f8672000e17c3fe	0	139056	-52350	-2768	145514	-48241	-2383	1538	1538	7665	NO_PATH	0	0	data/spawns/Goddard/GardenOfBeasts.xml|data/teleporters/doorman/35357.xml	NO_PATH
connector.6eb5720660776ba2e60da265	GK_TO_ANCHOR	GK	spawn.a2b1a0034271ecd190ca3b91	ANCHOR	generated.farm.5ef4a6e960b28ed3443a8fb2.anchor	0	149824	-79840	-5579	148038	-84240	-5376	1538	1538	4753	NO_PATH	0	0	data/spawns/Others/24_15.xml|data/spawns/Goddard/KetraOrcOutpost.xml	NO_PATH
connector.6ee4cff049cd6d6e793aed5c	DEST_TO_ANCHOR	DEST	dest.4bf9406ebda63490a2e4f866	ANCHOR	generated.farm.344969dd30e86158807cebbf.anchor	0	147728	-56331	-2776	142551	-60911	-3176	1538	1538	6924	NO_PATH	0	0	data/teleporters/clanhall/Goddard/35461.xml|data/spawns/Goddard/GardenOfBeasts.xml	NO_PATH
connector.6f59f846eff9ecd6e6321439	ANCHOR_TO_DEST	ANCHOR	generated.farm.cd97e77022d4a79ec5fc001f.anchor	DEST	dest.a93a05bb8dc5f577fcad0b87	0	43218	143155	-3272	42514	143917	-5385	916	916	2354	NO_PATH	0	0	data/spawns/Dion/ExecutionGrounds.xml|data/teleporters/dungeon/31120.xml	NO_PATH
connector.6f5f0f373c1aedad769cdf07	ANCHOR_TO_DEST	ANCHOR	generated.farm.51ef3428c5b2ea2ef8ac5ada.anchor	DEST	dest.25e28532f79c5963d8bce2a5	0	121090	55588	-4560	124904	61992	-3973	923	923	7477	NO_PATH	0	0	data/spawns/Hunters/EnchantedValley.xml|data/teleporters/clanhall/Aden/35443.xml	NO_PATH
connector.6f71e18f2ea8f093284b2d3a	GK_TO_ANCHOR	GK	spawn.886ea7c1f785b55b69ec0767	ANCHOR	generated.farm.3ed60488890fc56b8a93d524.anchor	0	147408	2320	221	145214	-1914	-4592	924	924	6776	NO_PATH	0	0	data/spawns/Castles/Aden.xml|data/spawns/Aden/BlazingSwamp.xml	NO_PATH
connector.6fbc13d5bb39d0d8e5d555a6	ANCHOR_TO_DEST	ANCHOR	generated.farm.90938b6eb5d577d41502628c.anchor	DEST	dest.698f76618645d240ff17b97f	0	-91524	110070	-3544	-89763	105359	-3576	911	911	5030	NO_PATH	0	0	data/spawns/Gludin/TurekOrcs.xml|data/teleporters/town/30320.xml	NO_PATH
connector.7046182323387b9e2ec59bf5	DEST_TO_ANCHOR	DEST	dest.cd7635f1c7137701ac3c258f	ANCHOR	generated.farm.3c5d3aac5fd63fec7d0139e9.anchor	0	-4190	-80040	-2696	1573	-74534	-1800	920	920	8021	NO_PATH	0	0	data/teleporters/town/30576.xml|data/spawns/OrcTerritory/OrcStarting.xml	NO_PATH
connector.70ec8b01cedc4d93f60c195f	ANCHOR_TO_GK	ANCHOR	giran.castle.defender.staging	GK	spawn.c6e70b66e1038a8ef815635e	0	116540	146655	-1866	112661	144757	-2817	918	918	4422	NO_PATH	0	0	data/zones/castle_hall.xml|data/zones/castle_siege.xml|data/spawns/Castles/Giran.xml	NO_PATH
connector.71396d6096e93ed686e85f4d	DEST_TO_ANCHOR	DEST	dest.c198460adf168f69d59928b8	ANCHOR	generated.farm.87c6db395f6b9b474b17558f.anchor	0	155310	-16339	-3320	154342	-18791	-1680	924	924	3105	NO_PATH	0	0	data/teleporters/clanhall/Aden/35439.xml|data/spawns/Aden/BlazingSwamp.xml	NO_PATH
connector.71691bc19837a991edd405e7	DEST_TO_ANCHOR	DEST	dest.8d3b8a0f8679baa430ed780e	ANCHOR	generated.farm.ea72d768f3c8ec3d79c1a530.anchor	0	115113	-178212	-901	116056	-175091	-1016	921	921	3263	VALID_PATH	3519	4	data/teleporters/town/32163.xml|data/spawns/DwarvenTerritory/DwarvenStarting.xml	GEOENGINE_PROVEN
connector.71b97be4fdde2918164bd283	ANCHOR_TO_DEST	ANCHOR	generated.farm.353983a2bd19f4688dffa3cd.anchor	DEST	dest.a1d7bc7e70d2a60843030a75	0	109680	39254	-4584	104426	33746	-3800	923	923	7653	NO_PATH	0	0	data/spawns/Hunters/EnchantedValley.xml|data/teleporters/town/30233.xml	NO_PATH
connector.721adbf548886bb1e9a93be0	ANCHOR_TO_DEST	ANCHOR	generated.farm.add0458f89fbe415b6968c64.anchor	DEST	dest.ac389c02ab4f56bc2f4d3487	0	59748	29808	-3728	64328	26803	-3768	922	922	5478	NO_PATH	0	0	data/spawns/Oren/SeaOfSpores.xml|data/teleporters/town/30177.xml	NO_PATH
connector.726e95c29b4b4c1a84611502	DEST_TO_ANCHOR	DEST	dest.fb425c42143da7dbe6caa9bd	ANCHOR	generated.farm.2f5a4686e378172f8cb75ec4.anchor	0	148928	-48245	-2383	154309	-46007	-3744	1538	1538	5985	NO_PATH	0	0	data/teleporters/doorman/35358.xml|data/spawns/Goddard/GardenOfBeasts.xml	NO_PATH
connector.72a05b50e698ba0f16c00525	ANCHOR_TO_DEST	ANCHOR	generated.farm.2821cf96ec95f62bb3d5bec7.anchor	DEST	dest.64a9b2aee4d5a6eb51ab26f9	0	20661	114027	-3712	17781	113999	-11672	916	916	8466	NO_PATH	0	0	data/spawns/Dion/CrumaMarshlands.xml|data/teleporters/others/30485.xml	NO_PATH
connector.72a82985785b9355161af9d4	ANCHOR_TO_DEST	ANCHOR	generated.farm.7edd10e7b625d4439929ed74.anchor	DEST	dest.45565ac66d6cf494a00dc6e5	0	82622	-45855	-3184	89513	-44800	-2136	1537	1537	7050	NO_PATH	0	0	data/spawns/Rune/SwampOfScreams.xml|data/teleporters/town/31320.xml	NO_PATH
connector.72d42761808a5612d6eb03df	ANCHOR_TO_DEST	ANCHOR	generated.farm.4cc36c1a22a101feee890b27.anchor	DEST	dest.3dd86fe06a72ce612785df72	0	67087	-72136	-3824	65307	-71445	-3688	1537	1537	1915	VALID_DIRECT	1915	1	data/spawns/Rune/ValleyOfSaints.xml|data/teleporters/town/31320.xml	GEOENGINE_PROVEN
connector.72ebe82e563075b7ed6958a8	DEST_TO_ANCHOR	DEST	dest.285de1592f4b8592a440458c	ANCHOR	generated.farm.580d4fbf531862b4ef832098.anchor	0	147459	-45789	-2084	154735	-43714	-3720	1538	1538	7741	NO_PATH	0	0	data/teleporters/doorman/35356.xml|data/spawns/Goddard/GardenOfBeasts.xml	NO_PATH
connector.72fbca69ec425ca4f07646bf	ANCHOR_TO_DEST	ANCHOR	generated.farm.f0514c14d379407f1823f1e7.anchor	DEST	dest.b5edee75f7edd44ad47a86fe	0	151576	-62206	-3232	147731	-58930	-2976	1538	1538	5058	NO_PATH	0	0	data/spawns/Goddard/GardenOfBeasts.xml|data/teleporters/clanhall/Goddard/35463.xml	NO_PATH
connector.73118cedb0ca38c273b14b1c	DEST_TO_ANCHOR	DEST	dest.bc80e599e9387f3e2d5d3f90	ANCHOR	generated.farm.2375cb206c6e030fba6f3396.anchor	0	69340	-50203	-3288	69373	-56615	-3096	1537	1537	6415	NO_PATH	0	0	data/teleporters/town/31320.xml|data/spawns/Rune/SwampOfScreams.xml	NO_PATH
connector.7338b6bb0d111c7ff03ea5ca	ANCHOR_TO_DEST	ANCHOR	generated.farm.c2aeec8c90096994fcd4d74c.anchor	DEST	dest.84cfda71508181370e4e1e94	0	48260	153823	-2720	50568	152408	-2656	916	916	2708	VALID_DIRECT	2708	1	data/spawns/Dion/ExecutionGrounds.xml|data/teleporters/town/30059.xml	GEOENGINE_PROVEN
connector.736bf0a9b4224a52aa4222df	DEST_TO_ANCHOR	DEST	dest.4b64a4031d67faa11ec89832	ANCHOR	giran.route.north	0	88342	147329	-3400	85000	143000	-4072	918	918	5511	NO_PATH	0	0	data/teleporters/clanhall/Giran/35459.xml|data/mapregion/giran_castle_town.xml	NO_PATH
connector.7380123bed75889c18aba539	DEST_TO_ANCHOR	DEST	dest.d4313d5eea5aa2d626abb520	ANCHOR	population.ingress.human-mystic.01	0	-84752	243122	-3728	-90875	248162	-3568	910	910	7933	NO_PATH	0	0	data/teleporters/others/32614.xml|data/stats/players/templates/StartingClass/HumanMystic.xml	NO_PATH
connector.73bb00d1ab52aa38eca68909	DEST_TO_ANCHOR	DEST	dest.9b7e06f97551545ac914676b	ANCHOR	generated.farm.c89c06bdfdd089fa8039eae4.anchor	0	110818	174010	-5443	111986	172674	-3760	926	926	2446	NO_PATH	0	0	data/teleporters/dungeon/31105.xml|data/spawns/Innadril/AlligatorIsland.xml	NO_PATH
connector.743240840e4e2f41b221f2e4	ANCHOR_TO_DEST	ANCHOR	generated.farm.9057155f8085e9c45c1b48a1.anchor	DEST	dest.bc80e599e9387f3e2d5d3f90	0	72229	-45281	-3224	69340	-50203	-3288	1537	1537	5708	NO_PATH	0	0	data/spawns/Rune/SwampOfScreams.xml|data/teleporters/town/31320.xml	NO_PATH
connector.7470d93a3e1be015fc12b58b	ANCHOR_TO_GK	ANCHOR	giran.city.center	GK	spawn.eb2a0cf2960a2810f8a6efa9	0	82480	149087	-3350	83396	147904	-3404	918	918	1498	VALID_DIRECT	1498	1	data/mapregion/giran_castle_town.xml|data/spawns/Others/22_22.xml	GEOENGINE_PROVEN
connector.748503ed1dbcfd063df11be3	ANCHOR_TO_DEST	ANCHOR	population.route.human-mystic.guard.30733	DEST	dest.d4313d5eea5aa2d626abb520	0	-87847	250564	-3616	-84752	243122	-3728	910	910	8061	NO_PATH	0	0	data/stats/players/templates/StartingClass/HumanMystic.xml|data/spawns/TalkingIsland/TalkingIslandMonsters.xml|data/stats/npcs/30700-30799.xml|data/teleporters/others/32614.xml	NO_PATH
connector.748fa67179d0d14c2a6c8805	ANCHOR_TO_DEST	ANCHOR	generated.farm.2821cf96ec95f62bb3d5bec7.anchor	DEST	dest.9384a3e4ce145b2a1d684ad3	0	20661	114027	-3712	17225	114173	-3440	916	916	3450	NO_PATH	0	0	data/spawns/Dion/CrumaMarshlands.xml|data/teleporters/town/30059.xml	NO_PATH
connector.749d292c0b63abec07ebd590	ANCHOR_TO_GK	ANCHOR	generated.farm.9ce01b6c387257511e5c6df4.anchor	GK	spawn.fba52e3020863a6709bad42b	0	156116	-46618	-3760	148612	-49004	-688	1538	1538	8453	NO_PATH	0	0	data/spawns/Goddard/GardenOfBeasts.xml|data/spawns/Castles/Goddard.xml	NO_PATH
connector.74c4272499298775c0c2828c	ANCHOR_TO_DEST	ANCHOR	generated.farm.5ee423a52e35fbb905b7ecb0.anchor	DEST	dest.1dfa3f30667e31e6ac87d5fa	0	54714	51620	-3592	46951	51550	-2976	914	914	7788	NO_PATH	0	0	data/spawns/ElvenTerritory/ElvenStarting.xml|data/teleporters/town/30576.xml	NO_PATH
connector.74cd6369924a88e8177322e3	ANCHOR_TO_GK	ANCHOR	generated.farm.c9688432b997ec0243ec1b3f.anchor	GK	spawn.5ca082539ed558dfea594787	0	148203	-1884	-4592	149208	4339	-440	924	924	7549	NO_PATH	0	0	data/spawns/Aden/BlazingSwamp.xml|data/spawns/Castles/Aden.xml	NO_PATH
connector.7520d21c99a22ee5e841a1be	GK_TO_ANCHOR	GK	spawn.2c9dd5f04731e37d775ed3ac	ANCHOR	generated.farm.5eb9ca10f507264114a7bd47.anchor	0	147808	-45328	-2083	155056	-48692	-3672	1538	1538	8148	NO_PATH	0	0	data/spawns/Castles/Goddard.xml|data/spawns/Goddard/GardenOfBeasts.xml	NO_PATH
connector.7539052d983d43d5f50e99e0	ANCHOR_TO_DEST	ANCHOR	generated.farm.00e6dc6ffd09813c59b5a8f3.anchor	DEST	dest.1b10b6e3a3cf02df43ce107b	0	79871	255930	-9848	78721	253309	-9840	926	926	2863	PATH_SEGMENT_BLOCKED	0	0	data/spawns/Innadril/GardenOfEva.xml|data/teleporters/town/30899.xml	PATH_SEGMENT_BLOCKED
connector.7558623db418a45ec609683a	GK_TO_ANCHOR	GK	spawn.b3ade47a783cc4d199b36042	ANCHOR	generated.farm.fd7071c75a3f1d957f30ca25.anchor	0	42608	143952	-5379	44883	142207	-3296	916	916	3544	NO_PATH	0	0	data/spawns/Others/21_22.xml|data/spawns/Dion/ExecutionGrounds.xml	NO_PATH
connector.757a31b65b20fdf29ea8adb3	ANCHOR_TO_DEST	ANCHOR	generated.farm.082ff82f7b1acea072e94137.anchor	DEST	dest.ecd982a3f5b0851c65fc7acc	0	78961	-56295	-2288	76911	-55295	-5824	1537	1537	4208	NO_PATH	0	0	data/spawns/Rune/SwampOfScreams.xml|data/teleporters/clanhall/Rune/35568.xml	NO_PATH
connector.75a51228b8495a65008afa84	ANCHOR_TO_DEST	ANCHOR	generated.farm.4cd53c45c6e037a8566c222c.anchor	DEST	dest.21e9c9b1510df61032cbc4cc	0	79876	252068	-10872	77868	250400	-9328	926	926	3033	NO_PATH	0	0	data/spawns/Innadril/GardenOfEva.xml|data/teleporters/town/30899.xml	NO_PATH
connector.75d2e7a2e20fcea104d111b0	GK_TO_ANCHOR	GK	spawn.ac310663c394c7d6add8412b	ANCHOR	generated.farm.4776ec4a5cfec6bf4d175100.anchor	0	149024	-55456	-2765	156944	-55300	-3112	1538	1538	7930	NO_PATH	0	0	data/spawns/Others/24_16.xml|data/spawns/Goddard/GardenOfBeasts.xml	NO_PATH
connector.75d6bc4f6166f32599f4fad6	ANCHOR_TO_DEST	ANCHOR	generated.farm.8b37ee9db6728a4d86c2248e.anchor	DEST	dest.7e3b02b7daf1c1b37110fcaa	0	82730	246396	-9336	82693	242220	-6712	926	926	4933	NO_PATH	0	0	data/spawns/Innadril/GardenOfEva.xml|data/teleporters/town/30899.xml	NO_PATH
connector.75f1753e63bfdcc1b1f57028	ANCHOR_TO_DEST	ANCHOR	generated.farm.5ef4a6e960b28ed3443a8fb2.anchor	DEST	dest.7045d2b7dffeafbde4aaf5c6	0	148038	-84240	-5376	149817	-80053	-5576	1538	1538	4554	NO_PATH	0	0	data/spawns/Goddard/KetraOrcOutpost.xml|data/teleporters/town/31275.xml	NO_PATH
connector.7609392ef85de5c0ad3f8162	GK_TO_ANCHOR	GK	spawn.c6e70b66e1038a8ef815635e	ANCHOR	giran.castle.attacker.staging	0	112661	144757	-2817	112122	144855	-2751	918	918	552	VALID_DIRECT	552	1	data/spawns/Castles/Giran.xml|data/html/admin/teleports/CastleAreas/giran.htm|data/zones/castle_siege.xml|data/zones/castle_hall.xml	GEOENGINE_PROVEN
connector.76360ea42c0284f5f8f5a01b	ANCHOR_TO_DEST	ANCHOR	generated.farm.5029ee4e740ac07b4f22377a.anchor	DEST	dest.3dd86fe06a72ce612785df72	0	70602	-70395	-3784	65307	-71445	-3688	1537	1537	5399	NO_PATH	0	0	data/spawns/Rune/ValleyOfSaints.xml|data/teleporters/town/31320.xml	NO_PATH
connector.7645ed14ed6f8e7a4b07ed24	ANCHOR_TO_DEST	ANCHOR	generated.farm.08bede9fa450ab087be0458b.anchor	DEST	dest.a11b765b1fdfbe59148d95d8	0	-40560	-117892	-1920	-45158	-112583	-240	920	920	7222	NO_PATH	0	0	data/spawns/OrcTerritory/OrcStarting.xml|data/teleporters/town/30320.xml	NO_PATH
connector.76620ca30a5486d3c8af0aaa	ANCHOR_TO_DEST	ANCHOR	generated.farm.93c7bb49b1bdbae31b30a138.anchor	DEST	dest.d58c71398b5a731b53392034	0	182859	-58877	-3128	183140	-53307	-1896	1538	1538	5712	NO_PATH	0	0	data/spawns/Goddard/WallOfArgos.xml|data/teleporters/town/31275.xml	NO_PATH
connector.766b4ee14eb7dc537a919489	DEST_TO_ANCHOR	DEST	dest.989f1f1ebece5846171b7e0c	ANCHOR	generated.farm.007f9057c1ee101b364fff57.anchor	0	149430	-48245	-2383	155476	-49469	-3352	1538	1538	6245	NO_PATH	0	0	data/teleporters/doorman/35358.xml|data/spawns/Goddard/GardenOfBeasts.xml	NO_PATH
connector.76728519e1eb5a80248bc643	ANCHOR_TO_GK	ANCHOR	generated.farm.e47439edce6317c8c5af5c29.anchor	GK	spawn.bb061baa4175fd891ed344c3	0	117413	128329	-2832	117872	132800	-4829	923	918	4919	NO_PATH	0	0	data/spawns/Giran/GorgonFlowerGarden.xml|data/spawns/Others/23_22.xml	NO_PATH
connector.772f096bbf033cdea650197b	DEST_TO_ANCHOR	DEST	dest.8d3b8a0f8679baa430ed780e	ANCHOR	population.farming.dwarf.20533	0	115113	-178212	-901	114966	-172886	-672	921	921	5333	NO_PATH	0	0	data/teleporters/town/32163.xml|data/spawns/DwarvenTerritory/DwarvenStarting.xml	NO_PATH
connector.774d0e73838922cc4a0ee376	ANCHOR_TO_DEST	ANCHOR	generated.farm.1410fcecaf888ad87f8cfe85.anchor	DEST	dest.a1e4693884e8683fb171a478	0	156752	-50472	-3104	153996	-50182	-2992	1538	1538	2774	VALID_DIRECT	2774	1	data/spawns/Goddard/GardenOfBeasts.xml|data/teleporters/chamberlain/35363.xml	GEOENGINE_PROVEN
connector.77539f2529f8ef713459770c	DEST_TO_ANCHOR	DEST	dest.fb425c42143da7dbe6caa9bd	ANCHOR	generated.farm.5eb9ca10f507264114a7bd47.anchor	0	148928	-48245	-2383	155056	-48692	-3672	1538	1538	6279	NO_PATH	0	0	data/teleporters/doorman/35358.xml|data/spawns/Goddard/GardenOfBeasts.xml	NO_PATH
connector.7754370c853bd22fd4d97226	GK_TO_ANCHOR	GK	spawn.43f1cdc4737c7dec127ed004	ANCHOR	generated.farm.7687a7a08e9e2c021b1ed490.anchor	0	145640	-48096	-2382	138248	-47069	-3008	1538	1538	7490	NO_PATH	0	0	data/spawns/Castles/Goddard.xml|data/spawns/Goddard/GardenOfBeasts.xml	NO_PATH
connector.77953b6255758224e47fe432	ANCHOR_TO_DEST	ANCHOR	giran.city.center	DEST	dest.bc15f24e05184431bde3e1fc	0	82480	149087	-3350	77305	148636	-3592	918	918	5201	NO_PATH	0	0	data/mapregion/giran_castle_town.xml|data/teleporters/clanhall/Giran/35457.xml	NO_PATH
connector.77b5de69c7fe2fbeb486a3a0	ANCHOR_TO_DEST	ANCHOR	generated.farm.76760877434123ebddb05ba3.anchor	DEST	dest.b8a1497da34f2dc4d98f0ddd	0	138008	-49020	-3240	146026	-48241	-2383	1538	1538	8102	NO_PATH	0	0	data/spawns/Goddard/GardenOfBeasts.xml|data/teleporters/doorman/35357.xml	NO_PATH
connector.77c2757ef4ca9a7b99c70582	DEST_TO_ANCHOR	DEST	dest.25e28532f79c5963d8bce2a5	ANCHOR	generated.farm.9017c6d044923a6e02026807.anchor	0	124904	61992	-3973	123216	54644	-3680	923	923	7546	NO_PATH	0	0	data/teleporters/clanhall/Aden/35443.xml|data/spawns/Hunters/EnchantedValley.xml	NO_PATH
connector.77cfdebfa0d1f5a0bfe15907	ANCHOR_TO_DEST	ANCHOR	population.route.human-mystic.a2	DEST	dest.f2250fc66d2e1e4512042557	0	-89144	249976	-3568	-84318	244579	-3730	910	910	7242	NO_PATH	0	0	data/stats/players/templates/StartingClass/HumanMystic.xml|data/spawns/TalkingIsland/TalkingIslandMonsters.xml|data/teleporters/town/32163.xml	NO_PATH
connector.7819db44664183eaea0e1abc	ANCHOR_TO_GK	ANCHOR	giran.gatekeeper.30080	GK	spawn.06384715e69ff99fb3fa7140	0	83396	147904	-3404	83568	145264	-3388	918	918	2646	PATH_SEGMENT_BLOCKED	0	0	data/stats/npcs/30000-30099.xml|data/spawns/Others/22_22.xml|data/teleporters/town/30080.xml|data/spawns/Others/22_22.xml	PATH_SEGMENT_BLOCKED
connector.784a7cbc2507100a802c1122	ANCHOR_TO_GK	ANCHOR	giran.route.north	GK	spawn.eb2a0cf2960a2810f8a6efa9	0	85000	143000	-4072	83396	147904	-3404	918	918	5203	NO_PATH	0	0	data/mapregion/giran_castle_town.xml|data/spawns/Others/22_22.xml	NO_PATH
connector.786402dac8f5e2617ff0f718	ANCHOR_TO_DEST	ANCHOR	generated.farm.102f0f5b8696c901c945c359.anchor	DEST	dest.6fb5021ca4d18a28277cff29	0	75719	-54466	-3136	71814	-57054	-3088	1537	1537	4685	NO_PATH	0	0	data/spawns/Rune/SwampOfScreams.xml|data/teleporters/chamberlain/35509.xml	NO_PATH
connector.790b2dfd6130a5c0840c3cbc	ANCHOR_TO_DEST	ANCHOR	generated.farm.2985d2a43dbd5a0b2baa7cb0.anchor	DEST	dest.ac389c02ab4f56bc2f4d3487	0	62517	24358	-3784	64328	26803	-3768	922	922	3043	VALID_PATH	3320	5	data/spawns/Oren/SeaOfSpores.xml|data/teleporters/town/30177.xml	GEOENGINE_PROVEN
connector.79475276347d06a24bf43118	DEST_TO_ANCHOR	DEST	dest.e1ed15a8c14e439c5ff4fe76	ANCHOR	generated.farm.a32843d9945a633fb0d082ee.anchor	0	146374	4599	-403	150739	-2129	-4568	924	924	9037	NO_PATH	0	0	data/teleporters/doorman/35268.xml|data/spawns/Aden/BlazingSwamp.xml	NO_PATH
connector.797b0c44cfea6d9488549712	ANCHOR_TO_GK	ANCHOR	generated.farm.3ed60488890fc56b8a93d524.anchor	GK	spawn.48598069a7e03782845dcce6	0	145214	-1914	-4592	146275	4468	-400	924	924	7709	NO_PATH	0	0	data/spawns/Aden/BlazingSwamp.xml|data/spawns/Castles/Aden.xml	NO_PATH
connector.797bccb1dc6acae2bf0b8926	DEST_TO_ANCHOR	DEST	dest.b4a1ae4df8c995cd286084c9	ANCHOR	giran.castle.defender.staging	0	113123	144869	-2835	116540	146655	-1866	918	918	3976	NO_PATH	0	0	data/teleporters/doorman/35180.xml|data/zones/castle_hall.xml|data/zones/castle_siege.xml	NO_PATH
connector.79c5a459416524ff9520555d	ANCHOR_TO_GK	ANCHOR	generated.farm.c9688432b997ec0243ec1b3f.anchor	GK	spawn.886ea7c1f785b55b69ec0767	0	148203	-1884	-4592	147408	2320	221	924	924	6440	NO_PATH	0	0	data/spawns/Aden/BlazingSwamp.xml|data/spawns/Castles/Aden.xml	NO_PATH
connector.79cb5b43ea5751199dbb4fd5	ANCHOR_TO_DEST	ANCHOR	generated.farm.8cda05acaad33b936c956b81.anchor	DEST	dest.ecd982a3f5b0851c65fc7acc	0	76531	-58372	-2264	76911	-55295	-5824	1537	1537	4721	NO_PATH	0	0	data/spawns/Rune/SwampOfScreams.xml|data/teleporters/clanhall/Rune/35568.xml	NO_PATH
connector.79fd64ce61c56dc43a913c9e	ANCHOR_TO_DEST	ANCHOR	generated.farm.2ee25f6a341f505bb40de2fc.anchor	DEST	dest.0feab79a64ec9659f5c1d1c5	0	124818	55785	-3360	124904	61992	-3920	923	923	6233	NO_PATH	0	0	data/spawns/Hunters/EnchantedValley.xml|data/teleporters/town/30233.xml	NO_PATH
connector.7a0dc8511c023ec70e65441c	DEST_TO_ANCHOR	DEST	dest.fd4cdfff92e18ad5ed186f9d	ANCHOR	generated.farm.3c0d8abca8bd8b3c5196c8b9.anchor	0	172251	-17605	-4903	173277	-23788	-3608	924	924	6400	NO_PATH	0	0	data/teleporters/dungeon/31101.xml|data/spawns/Aden/FieldsOfMassacre.xml	NO_PATH
connector.7a359444b634a0206fe89d11	DEST_TO_ANCHOR	DEST	dest.fb425c42143da7dbe6caa9bd	ANCHOR	generated.farm.5646fdca6ae25d5f7b8df80f.anchor	0	148928	-48245	-2383	154200	-44838	-3744	1538	1538	6423	NO_PATH	0	0	data/teleporters/doorman/35358.xml|data/spawns/Goddard/GardenOfBeasts.xml	NO_PATH
connector.7a3efbd69f73f7ffb82b1573	ANCHOR_TO_GK	ANCHOR	population.route.human-mystic.a2	GK	spawn.ee82a6e3aa92a4ff7f32794c	0	-89144	249976	-3568	-84108	244604	-3728	910	910	7366	NO_PATH	0	0	data/stats/players/templates/StartingClass/HumanMystic.xml|data/spawns/TalkingIsland/TalkingIslandMonsters.xml|data/spawns/Others/17_25.xml	NO_PATH
connector.7a4d2511e182242d422ccfbe	GK_TO_ANCHOR	GK	spawn.ee82a6e3aa92a4ff7f32794c	ANCHOR	generated.farm.bfb0335de417bc81a7e9b231.anchor	0	-84108	244604	-3728	-88052	241579	-3600	910	910	4973	NO_PATH	0	0	data/spawns/Others/17_25.xml|data/spawns/TalkingIsland/TalkingIslandMonsters.xml	NO_PATH
connector.7ac9c9fb1016b48279f93131	ANCHOR_TO_GK	ANCHOR	generated.farm.81c6855121cf6afa88828282.anchor	GK	spawn.94983ae1f1c3f9665c08d90a	0	142148	-59521	-3184	146416	-55568	-2765	1538	1538	5833	NO_PATH	0	0	data/spawns/Goddard/GardenOfBeasts.xml|data/spawns/Others/24_16.xml	NO_PATH
connector.7af6e5811b47a6fd2a1239ec	DEST_TO_ANCHOR	DEST	dest.777552575eec3574cc499823	ANCHOR	generated.farm.30c1f54e33a46208ad65888f.anchor	0	48586	248459	-6160	47973	245895	-6656	919	919	2683	NO_PATH	0	0	data/teleporters/others/30427.xml|data/spawns/Others/21_25.xml	NO_PATH
connector.7afe646864b649e1d35e7569	ANCHOR_TO_GK	ANCHOR	generated.farm.7a05c033eabc7172e800caf4.anchor	GK	spawn.5ec71ae062fb709719b08cec	0	14176	-18036	-3120	11504	-23344	-3644	1924	1924	5966	NO_PATH	0	0	data/spawns/Rune/PrimevalIsle.xml|data/spawns/Others/20_17.xml	NO_PATH
connector.7b036f12c34aeea70537fec7	ANCHOR_TO_GK	ANCHOR	generated.farm.f9b63f921f23f478d0a06cd7.anchor	GK	spawn.94983ae1f1c3f9665c08d90a	0	141706	-60265	-3328	146416	-55568	-2765	1538	1538	6676	NO_PATH	0	0	data/spawns/Goddard/GardenOfBeasts.xml|data/spawns/Others/24_16.xml	NO_PATH
connector.7b7acb550f4ff37bd8a49ba2	ANCHOR_TO_DEST	ANCHOR	population.route.human-mystic.b1	DEST	dest.f2250fc66d2e1e4512042557	0	-90072	248328	-3568	-84318	244579	-3730	910	910	6870	NO_PATH	0	0	data/stats/players/templates/StartingClass/HumanMystic.xml|data/spawns/TalkingIsland/TalkingIslandMonsters.xml|data/teleporters/town/32163.xml	NO_PATH
connector.7b9f8179fad7a5cbd5947cdc	ANCHOR_TO_DEST	ANCHOR	generated.farm.21b9887f8ee2edf13d4afe09.anchor	DEST	dest.cc433c3076642e927f9055c3	0	71042	-55479	-3136	69340	-50203	-3314	1537	1537	5547	NO_PATH	0	0	data/spawns/Rune/SwampOfScreams.xml|data/teleporters/clanhall/Rune/35640.xml	NO_PATH
connector.7be0ea3d942347a7ce84ccd4	DEST_TO_ANCHOR	DEST	dest.5f5915ac2c2b63216964e169	ANCHOR	generated.farm.e47439edce6317c8c5af5c29.anchor	0	117793	132810	-4835	117413	128329	-2832	918	923	4923	NO_PATH	0	0	data/teleporters/dungeon/31108.xml|data/spawns/Giran/GorgonFlowerGarden.xml	NO_PATH
connector.7bf956486ecf0f5d2843a4c6	ANCHOR_TO_GK	ANCHOR	population.route.human-mystic.b2	GK	spawn.ee82a6e3aa92a4ff7f32794c	0	-89240	249912	-3568	-84108	244604	-3728	910	910	7385	NO_PATH	0	0	data/stats/players/templates/StartingClass/HumanMystic.xml|data/spawns/TalkingIsland/TalkingIslandMonsters.xml|data/spawns/Others/17_25.xml	NO_PATH
connector.7c677a03e464ce244f268e24	DEST_TO_ANCHOR	DEST	dest.b5edee75f7edd44ad47a86fe	ANCHOR	generated.farm.8a7bb9fc5fe46b8eedb998ea.anchor	0	147731	-58930	-2976	143516	-61360	-3152	1538	1538	4869	NO_PATH	0	0	data/teleporters/clanhall/Goddard/35463.xml|data/spawns/Goddard/GardenOfBeasts.xml	NO_PATH
connector.7c6db1fbb4cda14438675d76	DEST_TO_ANCHOR	DEST	dest.1e879a713772907ce9c92b95	ANCHOR	generated.farm.cb230c9e1aab9953fcd7e371.anchor	0	91539	-12204	-2440	89836	-6410	-3096	922	922	6075	NO_PATH	0	0	data/teleporters/town/30177.xml|data/spawns/Oren/OutlawForest.xml	NO_PATH
connector.7c7971d7fa0346cea7a84141	ANCHOR_TO_DEST	ANCHOR	giran.castle.defender.staging	DEST	dest.b4a1ae4df8c995cd286084c9	0	116540	146655	-1866	113123	144869	-2835	918	918	3976	NO_PATH	0	0	data/zones/castle_hall.xml|data/zones/castle_siege.xml|data/teleporters/doorman/35180.xml	NO_PATH
connector.7c7b17b674746c9deb1e79d0	DEST_TO_ANCHOR	DEST	dest.3a4f442d133fa1a426799f77	ANCHOR	generated.farm.35bc24702a1ca5060701b348.anchor	0	73024	118485	-3696	77675	124357	-2792	923	923	7546	NO_PATH	0	0	data/teleporters/town/30233.xml|data/spawns/Giran/BrekasStronghold.xml	NO_PATH
connector.7c7d8456b2da88f1a0c44fae	DEST_TO_ANCHOR	DEST	dest.0a3082f7cc8ee57406948adb	ANCHOR	giran.gatekeeper.30080	0	81749	149171	-3464	83396	147904	-3404	918	918	2079	VALID_DIRECT	2079	1	data/teleporters/chamberlain/35184.xml|data/stats/npcs/30000-30099.xml|data/spawns/Others/22_22.xml|data/teleporters/town/30080.xml	GEOENGINE_PROVEN
connector.7c930b1f77ad7d5b2b214f39	GK_TO_ANCHOR	GK	spawn.5ec71ae062fb709719b08cec	ANCHOR	generated.farm.115e665f5c027e4ca2fb1b2d.anchor	0	11504	-23344	-3644	6184	-21181	-3432	1924	1924	5747	NO_PATH	0	0	data/spawns/Others/20_17.xml|data/spawns/Rune/PrimevalIsle.xml	NO_PATH
connector.7c9e3fb86c37afdb1b850d24	ANCHOR_TO_DEST	ANCHOR	generated.farm.686fbff5e2bf4b58a7f01700.anchor	DEST	dest.1b10b6e3a3cf02df43ce107b	0	80389	253542	-10872	78721	253309	-9840	926	926	1976	NO_PATH	0	0	data/spawns/Innadril/GardenOfEva.xml|data/teleporters/town/30899.xml	NO_PATH
connector.7caaa14aadc2a76918a77ca8	GK_TO_ANCHOR	GK	spawn.88a10d723a42ef43b5be5a87	ANCHOR	giran.castle.attacker.staging	0	115220	144930	-2527	112122	144855	-2751	918	918	3107	PATH_SEGMENT_BLOCKED	0	0	data/spawns/Castles/Giran.xml|data/html/admin/teleports/CastleAreas/giran.htm|data/zones/castle_siege.xml|data/zones/castle_hall.xml	PATH_SEGMENT_BLOCKED
connector.7ce36773a2e1eea424fe3a8f	DEST_TO_ANCHOR	DEST	dest.3dd86fe06a72ce612785df72	ANCHOR	generated.farm.e6ac57e58e205cc3e2a79457.anchor	0	65307	-71445	-3688	72464	-74888	-3704	1537	1537	7943	NO_PATH	0	0	data/teleporters/town/31320.xml|data/spawns/Rune/ValleyOfSaints.xml	NO_PATH
connector.7d1b8aad6114989bb1255120	ANCHOR_TO_DEST	ANCHOR	generated.farm.5af31eb84f758f557543b4e3.anchor	DEST	dest.cc433c3076642e927f9055c3	0	72138	-45334	-3224	69340	-50203	-3314	1537	1537	5617	NO_PATH	0	0	data/spawns/Rune/SwampOfScreams.xml|data/teleporters/clanhall/Rune/35640.xml	NO_PATH
connector.7db2e64195eec2bb10ce15c2	GK_TO_ANCHOR	GK	spawn.fba52e3020863a6709bad42b	ANCHOR	generated.farm.44b1ade2814caaa457678dfb.anchor	0	148612	-49004	-688	155467	-47545	-3824	1538	1538	7679	NO_PATH	0	0	data/spawns/Castles/Goddard.xml|data/spawns/Goddard/GardenOfBeasts.xml	NO_PATH
connector.7ddb7b5c602e3411b42a2f97	ANCHOR_TO_DEST	ANCHOR	generated.farm.475038779aaee6a2e82aa06b.anchor	DEST	dest.ffb129dafff574e80a4d7eca	0	175552	-186630	-1280	179299	-182831	-224	921	921	5440	NO_PATH	0	0	data/spawns/DwarvenTerritory/DwarvenStarting.xml|data/teleporters/others/32654.xml	NO_PATH
connector.7de9124bde92a0311c59e3d7	GK_TO_ANCHOR	GK	spawn.f3a49ab4f7a73dfdea27ae5e	ANCHOR	generated.farm.8a7bb9fc5fe46b8eedb998ea.anchor	0	147134	-56576	-2760	143516	-61360	-3152	1538	1538	6011	NO_PATH	0	0	data/spawns/Others/24_16.xml|data/spawns/Goddard/GardenOfBeasts.xml	NO_PATH
connector.7df67f7c7a76e73d8d2f601b	ANCHOR_TO_DEST	ANCHOR	generated.farm.ffea4c9c27475f93738571c0.anchor	DEST	dest.c5b83c9fbef62a1041c22fe6	0	180250	22292	-3168	184742	19745	-3168	924	924	5164	NO_PATH	0	0	data/spawns/Aden/Cemetery.xml|data/teleporters/clanhall/Aden/35441.xml	NO_PATH
connector.7e0049064b99476576e79ac8	ANCHOR_TO_DEST	ANCHOR	generated.farm.7f3bc4923037a86b5311ef60.anchor	DEST	dest.bf858e6767aedc4b3744d67b	0	154266	-57607	-3368	150561	-57489	-2976	1538	1538	3728	NO_PATH	0	0	data/spawns/Goddard/GardenOfBeasts.xml|data/teleporters/clanhall/Goddard/35461.xml	NO_PATH
connector.7e0c3b9f6479d400ba027820	ANCHOR_TO_DEST	ANCHOR	elven.farming.oren04-2019-02s	DEST	dest.9d74188a88fecd721cf1e45e	0	24954	50864	-3400	21362	51122	-3688	914	914	3613	VALID_DIRECT	3613	1	data/spawns/ElvenTerritory/ElvenStarting.xml|data/teleporters/town/30146.xml	GEOENGINE_PROVEN
connector.7e1ad40f4d170af64c5f5800	DEST_TO_ANCHOR	DEST	dest.d58c71398b5a731b53392034	ANCHOR	generated.farm.49ae7643080d81b45cdb3a7c.anchor	0	183140	-53307	-1896	180554	-51155	-3392	1538	1538	3682	PATH_SEGMENT_BLOCKED	0	0	data/teleporters/town/31275.xml|data/spawns/Goddard/WallOfArgos.xml	PATH_SEGMENT_BLOCKED
connector.7e20e72d79b0563d0630fcdd	ANCHOR_TO_DEST	ANCHOR	generated.farm.28e320ef344762d4fcb9c7bc.anchor	DEST	dest.60157b30f93203373e08dd6a	0	112606	-158386	-1728	111965	-154172	-1528	1714	1714	4268	NO_PATH	0	0	data/spawns/Others/PlunderousPlains.xml|data/teleporters/clanhall/Schuttgart/35580.xml	NO_PATH
connector.7e691702e1920c528ba23c69	ANCHOR_TO_DEST	ANCHOR	generated.farm.a32843d9945a633fb0d082ee.anchor	DEST	dest.e1ed15a8c14e439c5ff4fe76	0	150739	-2129	-4568	146374	4599	-403	924	924	9037	NO_PATH	0	0	data/spawns/Aden/BlazingSwamp.xml|data/teleporters/doorman/35268.xml	NO_PATH
connector.7e6e29d68eef267f072df2f2	DEST_TO_ANCHOR	DEST	dest.c22f3e4ebc26119cb4e14b22	ANCHOR	generated.farm.088e8bc59766f22991a08e5d.anchor	0	136910	-205082	-3664	130094	-209377	-3552	921	921	8058	VALID_DIRECT	8058	1	data/teleporters/town/30540.xml|data/spawns/DwarvenTerritory/DwarvenStarting.xml	GEOENGINE_PROVEN
connector.7e832e6ae5a3889cfd18198e	DEST_TO_ANCHOR	DEST	dest.8c09bbc7bfb0f2b227b81f0b	ANCHOR	generated.farm.a40ba7cfd512c9caa969e247.anchor	0	114674	44150	-3376	117746	40484	-4504	923	923	4915	NO_PATH	0	0	data/teleporters/town/30233.xml|data/spawns/Hunters/EnchantedValley.xml	NO_PATH
connector.7ead7429540ba155cb7076ab	ANCHOR_TO_DEST	ANCHOR	generated.farm.279bd6d06ef79825311d365d.anchor	DEST	dest.45565ac66d6cf494a00dc6e5	0	89482	-52087	-2616	89513	-44800	-2136	1537	1537	7303	NO_PATH	0	0	data/spawns/Rune/SwampOfScreams.xml|data/teleporters/town/31320.xml	NO_PATH
connector.7eb0ac6c4d481f5f80f3dd56	DEST_TO_ANCHOR	DEST	dest.bf858e6767aedc4b3744d67b	ANCHOR	generated.farm.5e5aca3a954f1bc9c48910db.anchor	0	150561	-57489	-2976	155435	-55803	-3120	1538	1538	5160	NO_PATH	0	0	data/teleporters/clanhall/Goddard/35461.xml|data/spawns/Goddard/GardenOfBeasts.xml	NO_PATH
connector.7eb1c0f1bb9043e52af33c3f	GK_TO_ANCHOR	GK	spawn.88a10d723a42ef43b5be5a87	ANCHOR	giran.castle.defender.staging	0	115220	144930	-2527	116540	146655	-1866	918	918	2271	NO_PATH	0	0	data/spawns/Castles/Giran.xml|data/zones/castle_hall.xml|data/zones/castle_siege.xml	NO_PATH
connector.7ecdc7ad4ce7fe8fefa74881	ANCHOR_TO_DEST	ANCHOR	generated.farm.2f28e5148a38d8f4c4959a1d.anchor	DEST	dest.a11b765b1fdfbe59148d95d8	0	-39917	-109286	-1800	-45158	-112583	-240	920	920	6386	NO_PATH	0	0	data/spawns/OrcTerritory/OrcStarting.xml|data/teleporters/town/30320.xml	NO_PATH
connector.7f6586c2a75d78f4b14a4207	DEST_TO_ANCHOR	DEST	dest.cd7635f1c7137701ac3c258f	ANCHOR	generated.farm.a6dc139881aefcd2efd3f3af.anchor	0	-4190	-80040	-2696	896	-82915	-2560	920	920	5844	NO_PATH	0	0	data/teleporters/town/30576.xml|data/spawns/OrcTerritory/OrcStarting.xml	NO_PATH
connector.7f668f3c9f61aa37ba5325ed	ANCHOR_TO_DEST	ANCHOR	generated.farm.c6b91d878955fb4a74840c96.anchor	DEST	dest.989f1f1ebece5846171b7e0c	0	154440	-47418	-3776	149430	-48245	-2383	1538	1538	5266	NO_PATH	0	0	data/spawns/Goddard/GardenOfBeasts.xml|data/teleporters/doorman/35358.xml	NO_PATH
connector.7f6c8ae3c3bab6b966253bd2	GK_TO_ANCHOR	GK	spawn.51c3beb6cc7ad616365893a6	ANCHOR	generated.farm.c6b91d878955fb4a74840c96.anchor	0	149024	-48080	-2382	154440	-47418	-3776	1538	1538	5632	NO_PATH	0	0	data/spawns/Castles/Goddard.xml|data/spawns/Goddard/GardenOfBeasts.xml	NO_PATH
connector.7fa9f51b8d81f124f7ad4069	DEST_TO_ANCHOR	DEST	dest.4b5c5793c1f48563fea006af	ANCHOR	generated.farm.1080a475c827ec21cc2df10c.anchor	0	165054	-47861	-3560	166797	-46343	-3536	1538	1538	2312	VALID_DIRECT	2312	1	data/teleporters/clanhall/Goddard/35463.xml|data/spawns/Goddard/WallOfArgos.xml	GEOENGINE_PROVEN
connector.7fd5b4ea0a1d4811c9b70dd6	ANCHOR_TO_DEST	ANCHOR	generated.farm.167d59b550bc5333b845ad5a.anchor	DEST	dest.6f4c5951ec7be753e0cfc142	0	135583	-58216	-3000	132997	-60608	-2960	1538	1538	3523	VALID_DIRECT	3523	1	data/spawns/Goddard/GardenOfBeasts.xml|data/teleporters/town/31275.xml	GEOENGINE_PROVEN
connector.7fd6a96f419175d294c594f2	DEST_TO_ANCHOR	DEST	dest.b5edee75f7edd44ad47a86fe	ANCHOR	generated.farm.721be9c9f82200fe629be486.anchor	0	147731	-58930	-2976	148815	-63396	-3160	1538	1538	4600	NO_PATH	0	0	data/teleporters/clanhall/Goddard/35463.xml|data/spawns/Goddard/GardenOfBeasts.xml	NO_PATH
connector.7fdfe058d29bda20685f07c4	ANCHOR_TO_GK	ANCHOR	generated.farm.2375efd4a61538412f238d7c.anchor	GK	spawn.165f3a69ba65d2f92b214384	0	152789	-2636	-4544	147412	3355	-46	924	924	9222	NO_PATH	0	0	data/spawns/Aden/BlazingSwamp.xml|data/spawns/Castles/Aden.xml	NO_PATH
connector.7ffcdcfbcd78379a5b600dc5	DEST_TO_ANCHOR	DEST	dest.9b179fe51bfb83ea154beacf	ANCHOR	generated.farm.44e3b54dc8695e07422bdf6f.anchor	0	113553	134813	-3540	106352	135516	-3416	918	918	7237	NO_PATH	0	0	data/teleporters/town/30836.xml|data/spawns/Giran/GorgonFlowerGarden.xml	NO_PATH
connector.80051b8e3c2b41f15a419106	ANCHOR_TO_DEST	ANCHOR	generated.farm.3c0d8abca8bd8b3c5196c8b9.anchor	DEST	dest.30c6d78f26daf398ac196b3b	0	173277	-23788	-3608	168779	-18790	-3184	924	924	6738	NO_PATH	0	0	data/spawns/Aden/FieldsOfMassacre.xml|data/teleporters/clanhall/Aden/35421.xml	NO_PATH
connector.80824b52863dd5c81c8512ec	DEST_TO_ANCHOR	DEST	dest.310df8d1b7641040b46f5dc8	ANCHOR	generated.farm.2821cf96ec95f62bb3d5bec7.anchor	0	17719	115590	-6584	20661	114027	-3712	916	916	4399	NO_PATH	0	0	data/teleporters/others/30486.xml|data/spawns/Dion/CrumaMarshlands.xml	NO_PATH
connector.80f03265549060a4fe3ce927	ANCHOR_TO_DEST	ANCHOR	population.route.human-mystic.guard.30733	DEST	dest.1336b2e6b9a96915db9adc85	0	-87847	250564	-3616	-84141	244623	-3728	910	910	7004	NO_PATH	0	0	data/stats/players/templates/StartingClass/HumanMystic.xml|data/spawns/TalkingIsland/TalkingIslandMonsters.xml|data/stats/npcs/30700-30799.xml|data/teleporters/town/30134.xml	NO_PATH
connector.80fe5d6246ce1527bbe68111	ANCHOR_TO_DEST	ANCHOR	generated.farm.a7ec54193cb98b68586d9c8e.anchor	DEST	dest.9d74188a88fecd721cf1e45e	0	17881	57101	-3472	21362	51122	-3688	914	914	6922	VALID_DIRECT	6922	1	data/spawns/ElvenTerritory/ElvenStarting.xml|data/teleporters/town/30146.xml	GEOENGINE_PROVEN
connector.8101bba8d9cdded369fbb77b	DEST_TO_ANCHOR	DEST	dest.4c8e1b10064333c3b31e6a23	ANCHOR	generated.farm.c30765022e71954da932eae3.anchor	0	73024	118485	-3720	71341	123826	-3592	923	923	5602	NO_PATH	0	0	data/teleporters/clanhall/Giran/35455.xml|data/spawns/Giran/DeathPass.xml	NO_PATH
connector.810659d56c24122b6a4365bc	DEST_TO_ANCHOR	DEST	dest.7e3b02b7daf1c1b37110fcaa	ANCHOR	generated.farm.6f9139a8495d5b8439e0eeb4.anchor	0	82693	242220	-6712	82736	247214	-9848	926	926	5898	NO_PATH	0	0	data/teleporters/town/30899.xml|data/spawns/Innadril/GardenOfEva.xml	NO_PATH
connector.812ec2e28a434f2e2c39f0f0	ANCHOR_TO_DEST	ANCHOR	generated.farm.5af31eb84f758f557543b4e3.anchor	DEST	dest.bc80e599e9387f3e2d5d3f90	0	72138	-45334	-3224	69340	-50203	-3288	1537	1537	5617	NO_PATH	0	0	data/spawns/Rune/SwampOfScreams.xml|data/teleporters/town/31320.xml	NO_PATH
connector.8175b7a99f11f6955c3c8209	GK_TO_ANCHOR	GK	spawn.63121d2ce78453f15ff12866	ANCHOR	giran.city.center	0	78652	148280	-3580	82480	149087	-3350	918	918	3919	NO_PATH	0	0	data/spawns/Others/22_22.xml|data/mapregion/giran_castle_town.xml	NO_PATH
connector.81856a462204719c6bd162c4	GK_TO_ANCHOR	GK	spawn.ac82aef55922d501c77db6ea	ANCHOR	generated.farm.f5d8df78a09e41d99d10034a.anchor	0	17722	119749	-9068	14485	116441	-3728	916	916	7067	NO_PATH	0	0	data/spawns/Others/20_21.xml|data/spawns/Dion/CrumaMarshlands.xml	NO_PATH
connector.81edd5ec4c23364a1ef2037a	DEST_TO_ANCHOR	DEST	dest.2922b91d3ca04e1143da7fa0	ANCHOR	generated.farm.0daa9a698ee69b94550e62d2.anchor	0	183543	-14974	-2776	182975	-12951	-2984	924	924	2112	VALID_PATH	2230	3	data/teleporters/town/30848.xml|data/spawns/Aden/FieldsOfMassacre.xml	GEOENGINE_PROVEN
connector.828d6725aea315f77642669f	DEST_TO_ANCHOR	DEST	dest.5a41f45cf22daa12bbd6a4c0	ANCHOR	generated.farm.ccd05d96d24167ee9a70c395.anchor	0	178591	-184615	-360	173397	-189657	-2016	921	921	7426	NO_PATH	0	0	data/teleporters/town/30540.xml|data/spawns/DwarvenTerritory/DwarvenStarting.xml	NO_PATH
connector.82a0b3b72df26ee2ca47b111	DEST_TO_ANCHOR	DEST	dest.6a1ddd6bd7f4610f50be2cf8	ANCHOR	generated.farm.f9b63f921f23f478d0a06cd7.anchor	0	144866	-57464	-2976	141706	-60265	-3328	1538	1538	4238	VALID_PATH	4296	4	data/teleporters/clanhall/Goddard/35461.xml|data/spawns/Goddard/GardenOfBeasts.xml	GEOENGINE_PROVEN
connector.82c5290e22ca06a389ce621a	ANCHOR_TO_DEST	ANCHOR	generated.farm.d8923fdcef6cde201e30f3ba.anchor	DEST	dest.b3ded18bbb6e7117c0af9e78	0	84696	-84507	-3560	84092	-80084	-3504	1537	1537	4465	NO_PATH	0	0	data/spawns/Rune/ValleyOfSaints.xml|data/teleporters/town/31320.xml	NO_PATH
connector.82c9e8ce20bed5e5f3202156	ANCHOR_TO_DEST	ANCHOR	generated.farm.c9688432b997ec0243ec1b3f.anchor	DEST	dest.aeaabba5efe922a1d9fd6540	0	148203	-1884	-4592	145616	4614	-436	924	924	8136	NO_PATH	0	0	data/spawns/Aden/BlazingSwamp.xml|data/teleporters/doorman/35268.xml	NO_PATH
connector.83338b8c06481e488f9ed1ef	ANCHOR_TO_DEST	ANCHOR	generated.farm.7def1e4c245b5e409416950d.anchor	DEST	dest.2381ef3e82eb4c230b417890	0	193447	59405	-4976	191754	56760	-7624	924	924	4108	NO_PATH	0	0	data/spawns/Aden/GiantsCave.xml|data/teleporters/clanhall/Aden/35449.xml	NO_PATH
connector.83893e105770342486316788	DEST_TO_ANCHOR	DEST	dest.2381ef3e82eb4c230b417890	ANCHOR	generated.farm.7def1e4c245b5e409416950d.anchor	0	191754	56760	-7624	193447	59405	-4976	924	924	4108	NO_PATH	0	0	data/teleporters/clanhall/Aden/35449.xml|data/spawns/Aden/GiantsCave.xml	NO_PATH
connector.83a9a5833f2930b7c9c28f3b	ANCHOR_TO_GK	ANCHOR	generated.farm.dfd7a9e53a647fe939cd530a.anchor	GK	spawn.f3a49ab4f7a73dfdea27ae5e	0	141197	-58115	-3064	147134	-56576	-2760	1538	1538	6141	NO_PATH	0	0	data/spawns/Goddard/GardenOfBeasts.xml|data/spawns/Others/24_16.xml	NO_PATH
connector.83f1c482b3556280a3a843a0	ANCHOR_TO_DEST	ANCHOR	generated.farm.ab5e8f2e7966e479ea160401.anchor	DEST	dest.31e0d667e844b374039dd29f	0	-22483	-124604	-2656	-25309	-131569	-680	920	920	7772	NO_PATH	0	0	data/spawns/OrcTerritory/OrcStarting.xml|data/teleporters/town/30576.xml	NO_PATH
connector.83f4e5e81b4bb0a051d93b46	GK_TO_ANCHOR	GK	spawn.8b48a9c5ecbd83dc029ae508	ANCHOR	generated.farm.c89c06bdfdd089fa8039eae4.anchor	0	111600	174016	-5440	111986	172674	-3760	926	926	2185	NO_PATH	0	0	data/spawns/Others/23_23.xml|data/spawns/Innadril/AlligatorIsland.xml	NO_PATH
connector.84192b3fbea3c2be3bccbbf3	DEST_TO_ANCHOR	DEST	dest.84cfda71508181370e4e1e94	ANCHOR	generated.farm.c4e48a1504dd20a757507919.anchor	0	50568	152408	-2656	51275	153625	-3544	916	916	1665	PATH_SEGMENT_BLOCKED	0	0	data/teleporters/town/30059.xml|data/spawns/Dion/ExecutionGrounds.xml	PATH_SEGMENT_BLOCKED
connector.842c23048ff85c6bda95246e	ANCHOR_TO_DEST	ANCHOR	generated.farm.d4da74249121849f4cc54cda.anchor	DEST	dest.25e28532f79c5963d8bce2a5	0	118145	59172	-4576	124904	61992	-3973	923	923	7349	NO_PATH	0	0	data/spawns/Hunters/EnchantedValley.xml|data/teleporters/clanhall/Aden/35443.xml	NO_PATH
connector.8459d993d6edfb80764dbd86	DEST_TO_ANCHOR	DEST	dest.7e3b02b7daf1c1b37110fcaa	ANCHOR	generated.farm.c6834d9dece486c4b598a963.anchor	0	82693	242220	-6712	84384	244782	-7392	926	926	3145	VALID_PATH	3998	4	data/teleporters/town/30899.xml|data/spawns/Innadril/GardenOfEva.xml	GEOENGINE_PROVEN
connector.845c2968e60e390a93e842be	ANCHOR_TO_DEST	ANCHOR	generated.farm.721be9c9f82200fe629be486.anchor	DEST	dest.b5edee75f7edd44ad47a86fe	0	148815	-63396	-3160	147731	-58930	-2976	1538	1538	4600	NO_PATH	0	0	data/spawns/Goddard/GardenOfBeasts.xml|data/teleporters/clanhall/Goddard/35463.xml	NO_PATH
connector.84ae59c5bb308c06ed58cb7d	ANCHOR_TO_DEST	ANCHOR	generated.farm.3ec423fd29deeac7ab56455f.anchor	DEST	dest.390dce2c80e6f8dcb183685e	0	138496	-51209	-2736	146181	-49209	-686	1538	1538	8202	NO_PATH	0	0	data/spawns/Goddard/GardenOfBeasts.xml|data/teleporters/doorman/35360.xml	NO_PATH
connector.84de8305a0e46e0b01d10589	DEST_TO_ANCHOR	DEST	dest.75b290f31a633ba9220d1886	ANCHOR	giran.castle.defender.staging	0	115209	145089	-2604	116540	146655	-1866	918	918	2184	NO_PATH	0	0	data/teleporters/doorman/35181.xml|data/zones/castle_hall.xml|data/zones/castle_siege.xml	NO_PATH
connector.8500fa3c3926ed3ae8998d00	ANCHOR_TO_DEST	ANCHOR	generated.farm.6f9139a8495d5b8439e0eeb4.anchor	DEST	dest.7e3b02b7daf1c1b37110fcaa	0	82736	247214	-9848	82693	242220	-6712	926	926	5898	NO_PATH	0	0	data/spawns/Innadril/GardenOfEva.xml|data/teleporters/town/30899.xml	NO_PATH
connector.8516cc8967f45a7f4c2d8b2c	DEST_TO_ANCHOR	DEST	dest.297a3c86d4d368e358ba0f7c	ANCHOR	generated.farm.492aa8ba93bfda1335dbfbc3.anchor	0	191257	-59388	-2898	189074	-58440	-2904	1538	1538	2380	VALID_PATH	2575	3	data/teleporters/town/31275.xml|data/spawns/Goddard/WallOfArgos.xml	GEOENGINE_PROVEN
connector.8531de5b47dad8109c7da90b	GK_TO_ANCHOR	GK	spawn.4ec1cadaeec07b1cea645215	ANCHOR	generated.farm.44b1ade2814caaa457678dfb.anchor	0	149272	-48088	-2382	155467	-47545	-3824	1538	1538	6384	NO_PATH	0	0	data/spawns/Castles/Goddard.xml|data/spawns/Goddard/GardenOfBeasts.xml	NO_PATH
connector.85326aeb0a7b55eb8597d22c	DEST_TO_ANCHOR	DEST	dest.676f59b862d33902959c4f11	ANCHOR	generated.farm.08e2f276ceac7d79452a6ad6.anchor	0	11235	-24026	-3640	7200	-19044	-3696	1924	1924	6412	VALID_DIRECT	6412	1	data/teleporters/town/31320.xml|data/spawns/Rune/PrimevalIsle.xml	GEOENGINE_PROVEN
connector.854d99d47d41fa3714414af1	DEST_TO_ANCHOR	DEST	dest.0078633d4fd88238ef4fcba7	ANCHOR	generated.farm.c6b91d878955fb4a74840c96.anchor	0	148736	-49201	-688	154440	-47418	-3776	1538	1538	6727	NO_PATH	0	0	data/teleporters/doorman/35359.xml|data/spawns/Goddard/GardenOfBeasts.xml	NO_PATH
connector.85723bef10a8797ca292b116	DEST_TO_ANCHOR	DEST	dest.2922b91d3ca04e1143da7fa0	ANCHOR	generated.farm.591067a5298457e013a6dfbd.anchor	0	183543	-14974	-2776	181604	-10285	-3368	924	924	5109	NO_PATH	0	0	data/teleporters/town/30848.xml|data/spawns/Aden/FieldsOfMassacre.xml	NO_PATH
connector.858974e7bd00d6a538971bba	ANCHOR_TO_DEST	ANCHOR	generated.farm.be162cb1418672095eaa5fdd.anchor	DEST	dest.60157b30f93203373e08dd6a	0	107257	-159056	-1832	111965	-154172	-1528	1714	1714	6791	NO_PATH	0	0	data/spawns/Others/PlunderousPlains.xml|data/teleporters/clanhall/Schuttgart/35580.xml	NO_PATH
connector.858f80679ea91b16d64a820a	ANCHOR_TO_DEST	ANCHOR	generated.farm.3ed60488890fc56b8a93d524.anchor	DEST	dest.e3baac14371de72d8b2e3755	0	145214	-1914	-4592	147458	2010	217	924	924	6600	NO_PATH	0	0	data/spawns/Aden/BlazingSwamp.xml|data/teleporters/doorman/35271.xml	NO_PATH
connector.859ff69c680269f92ca1d4bd	DEST_TO_ANCHOR	DEST	dest.8c09bbc7bfb0f2b227b81f0b	ANCHOR	generated.farm.afe065da6c373ae1d9fb1a2f.anchor	0	114674	44150	-3376	109589	41668	-4640	923	923	5798	NO_PATH	0	0	data/teleporters/town/30233.xml|data/spawns/Hunters/EnchantedValley.xml	NO_PATH
connector.85a7326407be1109c6eca319	DEST_TO_ANCHOR	DEST	dest.71054a9ec5cdc000914695cb	ANCHOR	generated.farm.1a8d5255f1d68b98358f16fc.anchor	0	77225	78362	-5119	70230	76786	-3696	922	922	7311	NO_PATH	0	0	data/teleporters/dungeon/31122.xml|data/spawns/Oren/TimakOutpost.xml	NO_PATH
connector.85ae168f81c2280069cbf9b3	ANCHOR_TO_DEST	ANCHOR	generated.farm.db99f08fc6972085fc41c704.anchor	DEST	dest.698f76618645d240ff17b97f	0	-90503	111494	-3416	-89763	105359	-3576	911	911	6182	NO_PATH	0	0	data/spawns/Gludin/TurekOrcs.xml|data/teleporters/town/30320.xml	NO_PATH
connector.85be2240276b33b7d85bc446	DEST_TO_ANCHOR	DEST	dest.cc433c3076642e927f9055c3	ANCHOR	generated.farm.cb65033f6bce8b06e457404b.anchor	0	69340	-50203	-3314	74241	-46831	-3192	1537	1537	5951	NO_PATH	0	0	data/teleporters/clanhall/Rune/35640.xml|data/spawns/Rune/SwampOfScreams.xml	NO_PATH
connector.860042350ac8eb9cb6c7502e	GK_TO_ANCHOR	GK	spawn.5ca082539ed558dfea594787	ANCHOR	generated.farm.a32843d9945a633fb0d082ee.anchor	0	149208	4339	-440	150739	-2129	-4568	924	924	7825	NO_PATH	0	0	data/spawns/Castles/Aden.xml|data/spawns/Aden/BlazingSwamp.xml	NO_PATH
connector.86615ae882f3a02a344568b8	ANCHOR_TO_DEST	ANCHOR	generated.farm.8f3c067d2446c907a7c88421.anchor	DEST	dest.4b5c5793c1f48563fea006af	0	168854	-42812	-3448	165054	-47861	-3560	1538	1538	6321	NO_PATH	0	0	data/spawns/Goddard/WallOfArgos.xml|data/teleporters/clanhall/Goddard/35463.xml	NO_PATH
connector.867460865c1e652fb1ae8b71	ANCHOR_TO_DEST	ANCHOR	generated.farm.b82f7a0510c47f1e27010d9a.anchor	DEST	dest.1b10b6e3a3cf02df43ce107b	0	78801	252643	-10360	78721	253309	-9840	926	926	849	VALID_PATH	1722	5	data/spawns/Innadril/GardenOfEva.xml|data/teleporters/town/30899.xml	GEOENGINE_PROVEN
connector.86851d3e5754fe6b6839aac8	ANCHOR_TO_DEST	ANCHOR	generated.farm.b98bdaf85c5429eec94dc264.anchor	DEST	dest.b8a1497da34f2dc4d98f0ddd	0	139056	-52350	-2768	146026	-48241	-2383	1538	1538	8101	NO_PATH	0	0	data/spawns/Goddard/GardenOfBeasts.xml|data/teleporters/doorman/35357.xml	NO_PATH
connector.86ba825a09f25572ea615053	ANCHOR_TO_DEST	ANCHOR	generated.farm.c64f2217749128d4b5141e7e.anchor	DEST	dest.2381ef3e82eb4c230b417890	0	190036	54081	-4368	191754	56760	-7624	924	924	4554	NO_PATH	0	0	data/spawns/Aden/GiantsCave.xml|data/teleporters/clanhall/Aden/35449.xml	NO_PATH
connector.86d7c622dc45d8f8c79915a8	DEST_TO_ANCHOR	DEST	dest.3dd86fe06a72ce612785df72	ANCHOR	generated.farm.5029ee4e740ac07b4f22377a.anchor	0	65307	-71445	-3688	70602	-70395	-3784	1537	1537	5399	NO_PATH	0	0	data/teleporters/town/31320.xml|data/spawns/Rune/ValleyOfSaints.xml	NO_PATH
connector.8737c10abd23c20b1e99e53c	DEST_TO_ANCHOR	DEST	dest.2381ef3e82eb4c230b417890	ANCHOR	generated.farm.4558cfcfd7ce6b634def74b4.anchor	0	191754	56760	-7624	192004	56865	-4720	924	924	2917	NO_PATH	0	0	data/teleporters/clanhall/Aden/35449.xml|data/spawns/Aden/GiantsCave.xml	NO_PATH
connector.878568ca427af0be737619c7	DEST_TO_ANCHOR	DEST	dest.b5edee75f7edd44ad47a86fe	ANCHOR	generated.farm.49b24db872a5ff00e26bd029.anchor	0	147731	-58930	-2976	150638	-63299	-3424	1538	1538	5267	NO_PATH	0	0	data/teleporters/clanhall/Goddard/35463.xml|data/spawns/Goddard/GardenOfBeasts.xml	NO_PATH
connector.881e7d4515bdbdf956382b2a	ANCHOR_TO_DEST	ANCHOR	generated.farm.b89ca0b5dd9ae4d586a8f4a9.anchor	DEST	dest.3dd86fe06a72ce612785df72	0	68643	-72240	-3776	65307	-71445	-3688	1537	1537	3431	VALID_DIRECT	3431	1	data/spawns/Rune/ValleyOfSaints.xml|data/teleporters/town/31320.xml	GEOENGINE_PROVEN
connector.8826dbbbbb99f0b8f1a1c430	DEST_TO_ANCHOR	DEST	dest.ecd982a3f5b0851c65fc7acc	ANCHOR	generated.farm.082ff82f7b1acea072e94137.anchor	0	76911	-55295	-5824	78961	-56295	-2288	1537	1537	4208	NO_PATH	0	0	data/teleporters/clanhall/Rune/35568.xml|data/spawns/Rune/SwampOfScreams.xml	NO_PATH
connector.886733f127801094544691cb	GK_TO_ANCHOR	GK	spawn.3a0446a892f0598177d3c757	ANCHOR	generated.farm.3ec423fd29deeac7ab56455f.anchor	0	145904	-48096	-2382	138496	-51209	-2736	1538	1538	8044	NO_PATH	0	0	data/spawns/Castles/Goddard.xml|data/spawns/Goddard/GardenOfBeasts.xml	NO_PATH
connector.8887b7554f6a3a95ac3f1884	DEST_TO_ANCHOR	DEST	dest.bdfe90a02e7d514e6c964ed3	ANCHOR	generated.farm.07aa3c8991e6438af259d433.anchor	0	77023	1591	-3608	74697	-1273	-3648	922	922	3690	VALID_DIRECT	3690	1	data/teleporters/chamberlain/35226.xml|data/spawns/Oren/OutlawForest.xml	GEOENGINE_PROVEN
connector.88b3f3a5b85a5abdb9dcc14b	DEST_TO_ANCHOR	DEST	dest.137141ac05b457adc3dbb8d1	ANCHOR	generated.farm.f020c8af030fa89ae2f5f53a.anchor	0	146990	-67128	-3640	151209	-63042	-3408	1538	1538	5878	NO_PATH	0	0	data/teleporters/clanhall/Goddard/35467.xml|data/spawns/Goddard/GardenOfBeasts.xml	NO_PATH
connector.88bdac9e34bed46dd24a384c	ANCHOR_TO_DEST	ANCHOR	generated.farm.8664f49aad354ba1e967b749.anchor	DEST	dest.ecd982a3f5b0851c65fc7acc	0	77081	-57796	-2312	76911	-55295	-5824	1537	1537	4315	NO_PATH	0	0	data/spawns/Rune/SwampOfScreams.xml|data/teleporters/clanhall/Rune/35568.xml	NO_PATH
connector.88c70d51ad8e4c2de065c12c	DEST_TO_ANCHOR	DEST	dest.84fddc45bf299ba53671698b	ANCHOR	generated.farm.c89c06bdfdd089fa8039eae4.anchor	0	113708	178387	-3232	111986	172674	-3760	926	926	5991	NO_PATH	0	0	data/teleporters/town/30899.xml|data/spawns/Innadril/AlligatorIsland.xml	NO_PATH
connector.8904c478dce89e09958cc098	DEST_TO_ANCHOR	DEST	dest.4bf9406ebda63490a2e4f866	ANCHOR	generated.farm.81c6855121cf6afa88828282.anchor	0	147728	-56331	-2776	142148	-59521	-3184	1538	1538	6441	NO_PATH	0	0	data/teleporters/clanhall/Goddard/35461.xml|data/spawns/Goddard/GardenOfBeasts.xml	NO_PATH
connector.891556a2ac9672f02b90b464	ANCHOR_TO_DEST	ANCHOR	elven.farming.oren04-2019-07s	DEST	dest.9d74188a88fecd721cf1e45e	0	19248	43340	-3712	21362	51122	-3688	914	914	8065	NO_PATH	0	0	data/spawns/ElvenTerritory/ElvenStarting.xml|data/teleporters/town/30146.xml	NO_PATH
connector.8920b6fac4d9868919b252da	ANCHOR_TO_DEST	ANCHOR	population.route.dwarf.a1	DEST	dest.9c5be74df9759b32cc4ea701	0	110436	-173947	-528	115120	-178224	-880	921	921	6353	NO_PATH	0	0	data/stats/players/templates/StartingClass/DwarvenFighter.xml|data/spawns/DwarvenTerritory/DwarvenStarting.xml|data/teleporters/town/30256.xml	NO_PATH
connector.894232be3ee9120bf29b5e1d	ANCHOR_TO_DEST	ANCHOR	generated.farm.f5d8df78a09e41d99d10034a.anchor	DEST	dest.64a9b2aee4d5a6eb51ab26f9	0	14485	116441	-3728	17781	113999	-11672	916	916	8941	NO_PATH	0	0	data/spawns/Dion/CrumaMarshlands.xml|data/teleporters/others/30485.xml	NO_PATH
connector.895c6291c2e1dd2f140ac431	ANCHOR_TO_DEST	ANCHOR	generated.farm.40fce0c0c643f3fbfe83b21f.anchor	DEST	dest.b5edee75f7edd44ad47a86fe	0	149848	-63337	-3408	147731	-58930	-2976	1538	1538	4909	NO_PATH	0	0	data/spawns/Goddard/GardenOfBeasts.xml|data/teleporters/clanhall/Goddard/35463.xml	NO_PATH
connector.8a11d1132a78049cc3e123e5	DEST_TO_ANCHOR	DEST	dest.e06ff2b687a47fbf723865b7	ANCHOR	giran.city.center	0	83551	147942	-3400	82480	149087	-3350	918	918	1569	PATH_SEGMENT_BLOCKED	0	0	data/teleporters/town/30878.xml|data/mapregion/giran_castle_town.xml	PATH_SEGMENT_BLOCKED
connector.8a4cc21ddbd953c6dda76b53	DEST_TO_ANCHOR	DEST	dest.c22f3e4ebc26119cb4e14b22	ANCHOR	generated.farm.768fa444a79123489bd7aa1d.anchor	0	136910	-205082	-3664	137660	-202383	-3664	921	921	2802	VALID_PATH	2973	3	data/teleporters/town/30540.xml|data/spawns/DwarvenTerritory/DwarvenStarting.xml	GEOENGINE_PROVEN
connector.8a533c7467c64cf8f76504fc	ANCHOR_TO_DEST	ANCHOR	generated.farm.d5293ad13f4722d653be46d7.anchor	DEST	dest.163f0aea44efeffae77fffed	0	151869	-61029	-3120	148024	-55281	-2728	1538	1538	6927	NO_PATH	0	0	data/spawns/Goddard/GardenOfBeasts.xml|data/teleporters/others/Varka.xml	NO_PATH
connector.8a83842cef06dbae19c6fe96	ANCHOR_TO_DEST	ANCHOR	generated.farm.c6b91d878955fb4a74840c96.anchor	DEST	dest.4f5494441b06f6ad17ab7b81	0	154440	-47418	-3776	148748	-48951	-687	1538	1538	6656	NO_PATH	0	0	data/spawns/Goddard/GardenOfBeasts.xml|data/teleporters/doorman/35359.xml	NO_PATH
connector.8b147ba0d7f5f49e95038ab3	ANCHOR_TO_GK	ANCHOR	generated.farm.580d4fbf531862b4ef832098.anchor	GK	spawn.fba52e3020863a6709bad42b	0	154735	-43714	-3720	148612	-49004	-688	1538	1538	8642	NO_PATH	0	0	data/spawns/Goddard/GardenOfBeasts.xml|data/spawns/Castles/Goddard.xml	NO_PATH
connector.8b5e0a275e468e6a3ecd07eb	ANCHOR_TO_DEST	ANCHOR	generated.farm.3335cfb78d7580a7fd825f1a.anchor	DEST	dest.99c640dbaf880872599d4081	0	-13154	179542	-5328	-9959	176184	-4160	912	912	4781	NO_PATH	0	0	data/spawns/Gludio/Wasteland.xml|data/teleporters/clanhall/Gludio/35386.xml	NO_PATH
connector.8c12e33b4cd96894232716c2	ANCHOR_TO_DEST	ANCHOR	generated.farm.c893f0fcd2f7e357defa4600.anchor	DEST	dest.7e3b02b7daf1c1b37110fcaa	0	85114	241269	-4896	82693	242220	-6712	926	926	3173	NO_PATH	0	0	data/spawns/Innadril/GardenOfEva.xml|data/teleporters/town/30899.xml	NO_PATH
connector.8c2d191468c245e3e5b53ea9	DEST_TO_ANCHOR	DEST	dest.d4313d5eea5aa2d626abb520	ANCHOR	population.ingress.human-mystic.04	0	-84752	243122	-3728	-90890	248027	-3568	910	910	7859	NO_PATH	0	0	data/teleporters/others/32614.xml|data/stats/players/templates/StartingClass/HumanMystic.xml	NO_PATH
connector.8c4fe49acc353e820ada78b1	ANCHOR_TO_DEST	ANCHOR	generated.farm.4bb756702b8a0ed5fab065ea.anchor	DEST	dest.b3ded18bbb6e7117c0af9e78	0	84162	-72651	-3504	84092	-80084	-3504	1537	1537	7434	NO_PATH	0	0	data/spawns/Rune/ValleyOfSaints.xml|data/teleporters/town/31320.xml	NO_PATH
connector.8c627adddabe11b6101dd731	DEST_TO_ANCHOR	DEST	dest.d58c71398b5a731b53392034	ANCHOR	generated.farm.b3416e77e589e7e02112b46c.anchor	0	183140	-53307	-1896	180036	-46584	-3344	1538	1538	7546	NO_PATH	0	0	data/teleporters/town/31275.xml|data/spawns/Goddard/WallOfArgos.xml	NO_PATH
connector.8c682bb23f68fe0a4e0a46f8	ANCHOR_TO_DEST	ANCHOR	generated.farm.8a7bb9fc5fe46b8eedb998ea.anchor	DEST	dest.4bf9406ebda63490a2e4f866	0	143516	-61360	-3152	147728	-56331	-2776	1538	1538	6571	NO_PATH	0	0	data/spawns/Goddard/GardenOfBeasts.xml|data/teleporters/clanhall/Goddard/35461.xml	NO_PATH
connector.8c6c215401b168dbf48e360f	ANCHOR_TO_DEST	ANCHOR	generated.farm.3c5d3aac5fd63fec7d0139e9.anchor	DEST	dest.cd7635f1c7137701ac3c258f	0	1573	-74534	-1800	-4190	-80040	-2696	920	920	8021	NO_PATH	0	0	data/spawns/OrcTerritory/OrcStarting.xml|data/teleporters/town/30576.xml	NO_PATH
connector.8c98650c676ac79f0f03aa71	ANCHOR_TO_DEST	ANCHOR	generated.farm.519759dffe4a0803b970d3ee.anchor	DEST	dest.dba239778a263299c9f59019	0	48712	55466	-3464	46934	51467	-2977	914	914	4404	NO_PATH	0	0	data/spawns/ElvenTerritory/ElvenStarting.xml|data/teleporters/town/32163.xml	NO_PATH
connector.8ca61203672ffc842e2df8cd	DEST_TO_ANCHOR	DEST	dest.c5b83c9fbef62a1041c22fe6	ANCHOR	generated.farm.ffea4c9c27475f93738571c0.anchor	0	184742	19745	-3168	180250	22292	-3168	924	924	5164	NO_PATH	0	0	data/teleporters/clanhall/Aden/35441.xml|data/spawns/Aden/Cemetery.xml	NO_PATH
connector.8caa1ee66a6d9e8d277e0858	DEST_TO_ANCHOR	DEST	dest.99c640dbaf880872599d4081	ANCHOR	generated.farm.e0dbd77ee0dba1be697dfa6d.anchor	0	-9959	176184	-4160	-14502	178310	-5304	912	912	5145	NO_PATH	0	0	data/teleporters/clanhall/Gludio/35386.xml|data/spawns/Gludio/Wasteland.xml	NO_PATH
connector.8cbc6afa33cc6fe375470908	DEST_TO_ANCHOR	DEST	dest.a1e4693884e8683fb171a478	ANCHOR	generated.farm.634fb3e71d8fd05a8972a586.anchor	0	153996	-50182	-2992	156516	-52284	-2800	1538	1538	3288	VALID_DIRECT	3288	1	data/teleporters/chamberlain/35363.xml|data/spawns/Goddard/GardenOfBeasts.xml	GEOENGINE_PROVEN
connector.8ceefd10943773092233961e	ANCHOR_TO_DEST	ANCHOR	generated.farm.d5293ad13f4722d653be46d7.anchor	DEST	dest.b5edee75f7edd44ad47a86fe	0	151869	-61029	-3120	147731	-58930	-2976	1538	1538	4643	NO_PATH	0	0	data/spawns/Goddard/GardenOfBeasts.xml|data/teleporters/clanhall/Goddard/35463.xml	NO_PATH
connector.8cfa6abd98338713ad1d0054	ANCHOR_TO_GK	ANCHOR	generated.farm.580d4fbf531862b4ef832098.anchor	GK	spawn.2c9dd5f04731e37d775ed3ac	0	154735	-43714	-3720	147808	-45328	-2083	1538	1538	7299	NO_PATH	0	0	data/spawns/Goddard/GardenOfBeasts.xml|data/spawns/Castles/Goddard.xml	NO_PATH
connector.8d395971c32cc614f3550ecb	GK_TO_ANCHOR	GK	spawn.b3ade47a783cc4d199b36042	ANCHOR	generated.farm.8a8233a432c4ee53ae61df70.anchor	0	42608	143952	-5379	43859	149867	-3736	916	916	6266	NO_PATH	0	0	data/spawns/Others/21_22.xml|data/spawns/Dion/ExecutionGrounds.xml	NO_PATH
connector.8d406fffa3ee9c499b5cb69d	DEST_TO_ANCHOR	DEST	dest.bf858e6767aedc4b3744d67b	ANCHOR	generated.farm.49b24db872a5ff00e26bd029.anchor	0	150561	-57489	-2976	150638	-63299	-3424	1538	1538	5828	NO_PATH	0	0	data/teleporters/clanhall/Goddard/35461.xml|data/spawns/Goddard/GardenOfBeasts.xml	NO_PATH
connector.8d5bac6a0f39322c625502d8	ANCHOR_TO_GK	ANCHOR	generated.farm.cfefa9f2c17ef6a1e6e80a8a.anchor	GK	spawn.b3ade47a783cc4d199b36042	0	43438	147029	-3608	42608	143952	-5379	916	916	3646	NO_PATH	0	0	data/spawns/Dion/ExecutionGrounds.xml|data/spawns/Others/21_22.xml	NO_PATH
connector.8d840b04f92100ad021a9d39	ANCHOR_TO_GK	ANCHOR	generated.farm.c6b91d878955fb4a74840c96.anchor	GK	spawn.4ec1cadaeec07b1cea645215	0	154440	-47418	-3776	149272	-48088	-2382	1538	1538	5395	NO_PATH	0	0	data/spawns/Goddard/GardenOfBeasts.xml|data/spawns/Castles/Goddard.xml	NO_PATH
connector.8daada7434186ca000c4dd78	ANCHOR_TO_GK	ANCHOR	generated.farm.2375efd4a61538412f238d7c.anchor	GK	spawn.a2c2a6ac58e1b452764dc8e1	0	152789	-2636	-4544	147552	2128	221	924	924	8534	NO_PATH	0	0	data/spawns/Aden/BlazingSwamp.xml|data/spawns/Castles/Aden.xml	NO_PATH
connector.8dd4bec821f0e4ae776ea39d	ANCHOR_TO_GK	ANCHOR	giran.route.north	GK	spawn.06384715e69ff99fb3fa7140	0	85000	143000	-4072	83568	145264	-3388	918	918	2765	NO_PATH	0	0	data/mapregion/giran_castle_town.xml|data/spawns/Others/22_22.xml	NO_PATH
connector.8e199343f334961f25fda68b	DEST_TO_ANCHOR	DEST	dest.989f1f1ebece5846171b7e0c	ANCHOR	generated.farm.580d4fbf531862b4ef832098.anchor	0	149430	-48245	-2383	154735	-43714	-3720	1538	1538	7104	NO_PATH	0	0	data/teleporters/doorman/35358.xml|data/spawns/Goddard/GardenOfBeasts.xml	NO_PATH
connector.8e95436a17f3a6a58bbdbbd9	ANCHOR_TO_GK	ANCHOR	generated.farm.76760877434123ebddb05ba3.anchor	GK	spawn.43f1cdc4737c7dec127ed004	0	138008	-49020	-3240	145640	-48096	-2382	1538	1538	7736	NO_PATH	0	0	data/spawns/Goddard/GardenOfBeasts.xml|data/spawns/Castles/Goddard.xml	NO_PATH
connector.8e9be2f07687fa829d2729fd	GK_TO_ANCHOR	GK	spawn.eb2a0cf2960a2810f8a6efa9	ANCHOR	giran.route.north	0	83396	147904	-3404	85000	143000	-4072	918	918	5203	NO_PATH	0	0	data/spawns/Others/22_22.xml|data/mapregion/giran_castle_town.xml	NO_PATH
connector.8e9c962b0d0ad7063ded3ffd	ANCHOR_TO_DEST	ANCHOR	generated.farm.77743197e238ebb0e1e3eac2.anchor	DEST	dest.5a41f45cf22daa12bbd6a4c0	0	175207	-189475	-2304	178591	-184615	-360	921	921	6233	NO_PATH	0	0	data/spawns/DwarvenTerritory/DwarvenStarting.xml|data/teleporters/town/30540.xml	NO_PATH
connector.8ed5a26df0350beec12129fc	ANCHOR_TO_DEST	ANCHOR	generated.farm.5503deaff7039892e29f17da.anchor	DEST	dest.4284b435762f397cce85fcfb	0	149374	-113643	-2040	144880	-113468	-2560	1538	1538	4528	NO_PATH	0	0	data/spawns/Goddard/HotSprings.xml|data/teleporters/others/Varka.xml	NO_PATH
connector.8ed92f31ac22f30a1bda6aed	ANCHOR_TO_DEST	ANCHOR	generated.farm.8d2db31d0a189ebbf3de608d.anchor	DEST	dest.496c0381eb49089f27e0045e	0	-42761	184209	-3448	-47506	179572	-3669	911	911	6639	NO_PATH	0	0	data/spawns/Gludio/Wasteland.xml|data/teleporters/town/30320.xml	NO_PATH
connector.8ee8458cdd1f4966122fa9e9	DEST_TO_ANCHOR	DEST	dest.b3ded18bbb6e7117c0af9e78	ANCHOR	generated.farm.d8923fdcef6cde201e30f3ba.anchor	0	84092	-80084	-3504	84696	-84507	-3560	1537	1537	4465	NO_PATH	0	0	data/teleporters/town/31320.xml|data/spawns/Rune/ValleyOfSaints.xml	NO_PATH
connector.8f07c4eaf9ddd846d12d35fe	ANCHOR_TO_GK	ANCHOR	generated.farm.5eb9ca10f507264114a7bd47.anchor	GK	spawn.fba52e3020863a6709bad42b	0	155056	-48692	-3672	148612	-49004	-688	1538	1538	7109	NO_PATH	0	0	data/spawns/Goddard/GardenOfBeasts.xml|data/spawns/Castles/Goddard.xml	NO_PATH
connector.8f0f81323d0b8ed32e874c66	ANCHOR_TO_DEST	ANCHOR	giran.castle.attacker.staging	DEST	dest.75e56aae5714c3f5988ec346	0	112122	144855	-2751	112568	144869	-2835	918	918	455	VALID_DIRECT	455	1	data/html/admin/teleports/CastleAreas/giran.htm|data/zones/castle_siege.xml|data/zones/castle_hall.xml|data/teleporters/doorman/35180.xml	GEOENGINE_PROVEN
connector.8f7e27d090fde82c592b37b8	DEST_TO_ANCHOR	DEST	dest.1b10b6e3a3cf02df43ce107b	ANCHOR	generated.farm.686fbff5e2bf4b58a7f01700.anchor	0	78721	253309	-9840	80389	253542	-10872	926	926	1976	PATH_SEGMENT_BLOCKED	0	0	data/teleporters/town/30899.xml|data/spawns/Innadril/GardenOfEva.xml	PATH_SEGMENT_BLOCKED
connector.8fb2b786a0e99fa5a6823e07	DEST_TO_ANCHOR	DEST	dest.163f0aea44efeffae77fffed	ANCHOR	generated.farm.d5293ad13f4722d653be46d7.anchor	0	148024	-55281	-2728	151869	-61029	-3120	1538	1538	6927	NO_PATH	0	0	data/teleporters/others/Varka.xml|data/spawns/Goddard/GardenOfBeasts.xml	NO_PATH
connector.8fdb9681abb9765596d2f70d	DEST_TO_ANCHOR	DEST	dest.a1e4693884e8683fb171a478	ANCHOR	generated.farm.a0abc859a574ede81641f47b.anchor	0	153996	-50182	-2992	157129	-48341	-3168	1538	1538	3639	VALID_PATH	3893	4	data/teleporters/chamberlain/35363.xml|data/spawns/Goddard/GardenOfBeasts.xml	GEOENGINE_PROVEN
connector.8ffd21e0ed8d966bbd5be658	ANCHOR_TO_DEST	ANCHOR	generated.farm.a4122c4a8bed91d0e6a70bc3.anchor	DEST	dest.33a887d0d5f35cb08e9af0e1	0	107302	-145184	-3656	105007	-140874	-3360	1714	1714	4892	NO_PATH	0	0	data/spawns/Others/PlunderousPlains.xml|data/teleporters/chamberlain/35555.xml	NO_PATH
connector.90308ced25933515a18c3dfb	DEST_TO_ANCHOR	DEST	dest.0078633d4fd88238ef4fcba7	ANCHOR	generated.farm.2f5a4686e378172f8cb75ec4.anchor	0	148736	-49201	-688	154309	-46007	-3744	1538	1538	7114	NO_PATH	0	0	data/teleporters/doorman/35359.xml|data/spawns/Goddard/GardenOfBeasts.xml	NO_PATH
connector.9039aa2f65864b5431048a53	GK_TO_ANCHOR	GK	spawn.43f1cdc4737c7dec127ed004	ANCHOR	generated.farm.76760877434123ebddb05ba3.anchor	0	145640	-48096	-2382	138008	-49020	-3240	1538	1538	7736	NO_PATH	0	0	data/spawns/Castles/Goddard.xml|data/spawns/Goddard/GardenOfBeasts.xml	NO_PATH
connector.9051ca98fe5d886ebd014478	GK_TO_ANCHOR	GK	spawn.6d40136e98f143a65dfe3117	ANCHOR	generated.farm.94c542b65d93000ba6993464.anchor	0	184458	61446	-3992	186194	61013	-7232	924	924	3702	NO_PATH	0	0	data/spawns/Others/25_19.xml|data/spawns/Aden/GiantsCave.xml	NO_PATH
connector.90b0149dc1273c3c83a3bc15	ANCHOR_TO_DEST	ANCHOR	generated.farm.f88dd4bcfb535df8e10320bf.anchor	DEST	dest.1b10b6e3a3cf02df43ce107b	0	77985	250562	-9848	78721	253309	-9840	926	926	2844	PATH_SEGMENT_BLOCKED	0	0	data/spawns/Innadril/GardenOfEva.xml|data/teleporters/town/30899.xml	PATH_SEGMENT_BLOCKED
connector.90c7f84072900513950d893a	GK_TO_ANCHOR	GK	spawn.79dc0be68e2c487320847dde	ANCHOR	generated.farm.0d33d07139f10f0c09fb738f.anchor	0	191391	57074	-7616	192004	55596	-4600	924	924	3415	NO_PATH	0	0	data/spawns/Others/25_19.xml|data/spawns/Aden/GiantsCave.xml	NO_PATH
connector.9102d4eb993913b25ca637c0	DEST_TO_ANCHOR	DEST	dest.39364e45f68dbae38ace3746	ANCHOR	generated.farm.3c0d8abca8bd8b3c5196c8b9.anchor	0	171902	-17595	-4905	173277	-23788	-3608	924	924	6476	NO_PATH	0	0	data/teleporters/dungeon/31109.xml|data/spawns/Aden/FieldsOfMassacre.xml	NO_PATH
connector.917255701c234f760eb95700	ANCHOR_TO_GK	ANCHOR	generated.farm.bfb0335de417bc81a7e9b231.anchor	GK	spawn.ee82a6e3aa92a4ff7f32794c	0	-88052	241579	-3600	-84108	244604	-3728	910	910	4973	NO_PATH	0	0	data/spawns/TalkingIsland/TalkingIslandMonsters.xml|data/spawns/Others/17_25.xml	NO_PATH
connector.919fa0e881a0106dbd05e396	ANCHOR_TO_DEST	ANCHOR	population.farming.human-mystic.20481	DEST	dest.1336b2e6b9a96915db9adc85	0	-86478	251343	-3600	-84141	244623	-3728	910	910	7116	NO_PATH	0	0	data/spawns/TalkingIsland/TalkingIslandMonsters.xml|data/teleporters/town/30134.xml	NO_PATH
connector.919fcb1bb9c73d0b94ff2ba1	ANCHOR_TO_DEST	ANCHOR	generated.farm.bfb0335de417bc81a7e9b231.anchor	DEST	dest.d4313d5eea5aa2d626abb520	0	-88052	241579	-3600	-84752	243122	-3728	910	910	3646	VALID_PATH	4363	5	data/spawns/TalkingIsland/TalkingIslandMonsters.xml|data/teleporters/others/32614.xml	GEOENGINE_PROVEN
connector.91a93d66aa1b02c58ffa5a67	ANCHOR_TO_GK	ANCHOR	generated.farm.a32843d9945a633fb0d082ee.anchor	GK	spawn.165f3a69ba65d2f92b214384	0	150739	-2129	-4568	147412	3355	-46	924	924	7849	NO_PATH	0	0	data/spawns/Aden/BlazingSwamp.xml|data/spawns/Castles/Aden.xml	NO_PATH
connector.91b89a559a7f31b6cad72a1c	GK_TO_ANCHOR	GK	spawn.c3b887fab1e752991ad6afef	ANCHOR	generated.farm.55a21c4d7990e8c7b6e62d66.anchor	0	148381	-56525	-2760	152204	-61559	-2984	1538	1538	6326	NO_PATH	0	0	data/spawns/Others/24_16.xml|data/spawns/Goddard/GardenOfBeasts.xml	NO_PATH
connector.91fbf94989575133f8c68a1d	ANCHOR_TO_DEST	ANCHOR	population.route.dwarf.w2	DEST	dest.9c5be74df9759b32cc4ea701	0	110440	-173944	-528	115120	-178224	-880	921	921	6352	NO_PATH	0	0	data/stats/players/templates/StartingClass/DwarvenFighter.xml|data/spawns/DwarvenTerritory/DwarvenStarting.xml|data/teleporters/town/30256.xml	NO_PATH
connector.92079cdeaa0e020f13a59ba7	DEST_TO_ANCHOR	DEST	dest.08fda93b82ab29b126fc3432	ANCHOR	generated.farm.3ec423fd29deeac7ab56455f.anchor	0	146177	-48942	-687	138496	-51209	-2736	1538	1538	8267	NO_PATH	0	0	data/teleporters/doorman/35360.xml|data/spawns/Goddard/GardenOfBeasts.xml	NO_PATH
connector.921d15c15c3a6bafa2fec26a	ANCHOR_TO_GK	ANCHOR	population.route.human-mystic.c1	GK	spawn.ee82a6e3aa92a4ff7f32794c	0	-87848	250568	-3616	-84108	244604	-3728	910	910	7041	NO_PATH	0	0	data/stats/players/templates/StartingClass/HumanMystic.xml|data/spawns/TalkingIsland/TalkingIslandMonsters.xml|data/spawns/Others/17_25.xml	NO_PATH
connector.9246a37d27973f4438433a7f	ANCHOR_TO_DEST	ANCHOR	generated.farm.0cce9bd32252cc6b834283c9.anchor	DEST	dest.676f59b862d33902959c4f11	0	5527	-19685	-3608	11235	-24026	-3640	1924	1924	7172	NO_PATH	0	0	data/spawns/Rune/PrimevalIsle.xml|data/teleporters/town/31320.xml	NO_PATH
connector.929092238cf3997942c4d783	ANCHOR_TO_GK	ANCHOR	generated.farm.c6b91d878955fb4a74840c96.anchor	GK	spawn.c5db474f615ec7563feee08e	0	154440	-47418	-3776	147408	-49296	-2120	1538	1538	7465	NO_PATH	0	0	data/spawns/Goddard/GardenOfBeasts.xml|data/spawns/Castles/Goddard.xml	NO_PATH
connector.92cf978288747a433f965b3a	DEST_TO_ANCHOR	DEST	dest.fb425c42143da7dbe6caa9bd	ANCHOR	generated.farm.580d4fbf531862b4ef832098.anchor	0	148928	-48245	-2383	154735	-43714	-3720	1538	1538	7486	NO_PATH	0	0	data/teleporters/doorman/35358.xml|data/spawns/Goddard/GardenOfBeasts.xml	NO_PATH
connector.93606b042947edc387d97654	DEST_TO_ANCHOR	DEST	dest.4f5494441b06f6ad17ab7b81	ANCHOR	generated.farm.9ce01b6c387257511e5c6df4.anchor	0	148748	-48951	-687	156116	-46618	-3760	1538	1538	8318	NO_PATH	0	0	data/teleporters/doorman/35359.xml|data/spawns/Goddard/GardenOfBeasts.xml	NO_PATH
connector.938290874937fcbcf63b76f1	ANCHOR_TO_DEST	ANCHOR	generated.farm.8f0179c69efdde951eef0b90.anchor	DEST	dest.45565ac66d6cf494a00dc6e5	0	89354	-50926	-2592	89513	-44800	-2136	1537	1537	6146	NO_PATH	0	0	data/spawns/Rune/SwampOfScreams.xml|data/teleporters/town/31320.xml	NO_PATH
connector.938aa46ad2068689e795c15e	DEST_TO_ANCHOR	DEST	dest.fab7b56737a57f4e742112eb	ANCHOR	generated.farm.e6ac57e58e205cc3e2a79457.anchor	0	65307	-71445	-3696	72464	-74888	-3704	1537	1537	7943	NO_PATH	0	0	data/teleporters/clanhall/Rune/35576.xml|data/spawns/Rune/ValleyOfSaints.xml	NO_PATH
connector.93904699866ff8866f2fb619	ANCHOR_TO_DEST	ANCHOR	generated.farm.70ea4f43449ef725189d7fbf.anchor	DEST	dest.8d3b8a0f8679baa430ed780e	0	119336	-180368	-2368	115113	-178212	-901	921	921	4964	NO_PATH	0	0	data/spawns/DwarvenTerritory/DwarvenStarting.xml|data/teleporters/town/32163.xml	NO_PATH
connector.93bef8957691e60ecf7c9db4	DEST_TO_ANCHOR	DEST	dest.996bf59649987d0a0df38a32	ANCHOR	generated.farm.281ad65cf9ea081ecd614114.anchor	0	115583	192261	-3488	114784	199506	-3736	926	926	7294	NO_PATH	0	0	data/teleporters/town/30899.xml|data/spawns/Innadril/AlligatorBeach.xml	NO_PATH
connector.93d1b44efc2f3983a6ec77c6	ANCHOR_TO_DEST	ANCHOR	generated.farm.f3fef88cab3be544b94bb305.anchor	DEST	dest.878d75d1103c8001c7c6d77e	0	165484	-207409	-3496	169008	-208272	-3504	921	921	3629	NO_PATH	0	0	data/spawns/DwarvenTerritory/DwarvenStarting.xml|data/teleporters/town/30540.xml	NO_PATH
connector.943c91c7c3cfe04e0d861c51	ANCHOR_TO_DEST	ANCHOR	generated.farm.fd7071c75a3f1d957f30ca25.anchor	DEST	dest.a93a05bb8dc5f577fcad0b87	0	44883	142207	-3296	42514	143917	-5385	916	916	3592	NO_PATH	0	0	data/spawns/Dion/ExecutionGrounds.xml|data/teleporters/dungeon/31120.xml	NO_PATH
connector.944a40a709c0d0c47a3d67b8	ANCHOR_TO_GK	ANCHOR	generated.farm.5eb9ca10f507264114a7bd47.anchor	GK	spawn.d18a9ba08e5427b0fcccb4f0	0	155056	-48692	-3672	148664	-49168	-672	1538	1538	7078	NO_PATH	0	0	data/spawns/Goddard/GardenOfBeasts.xml|data/spawns/Castles/Goddard.xml	NO_PATH
connector.949473b0a1be928a0d581db4	GK_TO_ANCHOR	GK	spawn.ac310663c394c7d6add8412b	ANCHOR	generated.farm.7f3bc4923037a86b5311ef60.anchor	0	149024	-55456	-2765	154266	-57607	-3368	1538	1538	5699	NO_PATH	0	0	data/spawns/Others/24_16.xml|data/spawns/Goddard/GardenOfBeasts.xml	NO_PATH
connector.94ba00d1672c26211bfee059	ANCHOR_TO_DEST	ANCHOR	generated.farm.f5db9c424aa8e977ede6cca2.anchor	DEST	dest.137141ac05b457adc3dbb8d1	0	146195	-63284	-3232	146990	-67128	-3640	1538	1538	3947	NO_PATH	0	0	data/spawns/Goddard/GardenOfBeasts.xml|data/teleporters/clanhall/Goddard/35467.xml	NO_PATH
connector.94c9ba063b7e4607e58cf046	ANCHOR_TO_GK	ANCHOR	generated.farm.344969dd30e86158807cebbf.anchor	GK	spawn.f3a49ab4f7a73dfdea27ae5e	0	142551	-60911	-3176	147134	-56576	-2760	1538	1538	6323	NO_PATH	0	0	data/spawns/Goddard/GardenOfBeasts.xml|data/spawns/Others/24_16.xml	NO_PATH
connector.94d20dd410cdf422bd71edb2	GK_TO_ANCHOR	GK	spawn.c5db474f615ec7563feee08e	ANCHOR	generated.farm.5646fdca6ae25d5f7b8df80f.anchor	0	147408	-49296	-2120	154200	-44838	-3744	1538	1538	8286	NO_PATH	0	0	data/spawns/Castles/Goddard.xml|data/spawns/Goddard/GardenOfBeasts.xml	NO_PATH
connector.94e0d3438949213eb1c472be	ANCHOR_TO_DEST	ANCHOR	generated.farm.04e218bf7a292c494b8eec81.anchor	DEST	dest.6f4c5951ec7be753e0cfc142	0	132360	-56567	-3032	132997	-60608	-2960	1538	1538	4092	NO_PATH	0	0	data/spawns/Goddard/GardenOfBeasts.xml|data/teleporters/town/31275.xml	NO_PATH
connector.94f3e9a6cbde80580a857614	ANCHOR_TO_DEST	ANCHOR	generated.farm.f0514c14d379407f1823f1e7.anchor	DEST	dest.137141ac05b457adc3dbb8d1	0	151576	-62206	-3232	146990	-67128	-3640	1538	1538	6740	NO_PATH	0	0	data/spawns/Goddard/GardenOfBeasts.xml|data/teleporters/clanhall/Goddard/35467.xml	NO_PATH
connector.952312897b59c4d72577ce0d	DEST_TO_ANCHOR	DEST	dest.1e879a713772907ce9c92b95	ANCHOR	generated.farm.2396e2631ee61e620fb3e6a8.anchor	0	91539	-12204	-2440	93577	-6059	-3280	922	922	6529	NO_PATH	0	0	data/teleporters/town/30177.xml|data/spawns/Oren/OutlawForest.xml	NO_PATH
connector.952e84065e4229d5c746ddb3	GK_TO_ANCHOR	GK	spawn.4eb4de1255938bc6529e2121	ANCHOR	generated.farm.2f5a4686e378172f8cb75ec4.anchor	0	147264	-45632	-2083	154309	-46007	-3744	1538	1538	7248	NO_PATH	0	0	data/spawns/Castles/Goddard.xml|data/spawns/Goddard/GardenOfBeasts.xml	NO_PATH
connector.953e902d9fa6722e00abda5c	DEST_TO_ANCHOR	DEST	dest.5271eb776e9039b6d48707c5	ANCHOR	generated.farm.e47439edce6317c8c5af5c29.anchor	0	118308	132800	-4833	117413	128329	-2832	918	923	4980	NO_PATH	0	0	data/teleporters/dungeon/31100.xml|data/spawns/Giran/GorgonFlowerGarden.xml	NO_PATH
connector.9554e451dfc28b96ff11a50c	ANCHOR_TO_DEST	ANCHOR	generated.farm.81c6855121cf6afa88828282.anchor	DEST	dest.163f0aea44efeffae77fffed	0	142148	-59521	-3184	148024	-55281	-2728	1538	1538	7261	NO_PATH	0	0	data/spawns/Goddard/GardenOfBeasts.xml|data/teleporters/others/Varka.xml	NO_PATH
connector.956d3c1198faa3f9aee0db15	ANCHOR_TO_GK	ANCHOR	generated.farm.f5d8df78a09e41d99d10034a.anchor	GK	spawn.8ef878364403533c0fbb46d6	0	14485	116441	-3728	17719	115430	-6582	916	916	4431	NO_PATH	0	0	data/spawns/Dion/CrumaMarshlands.xml|data/spawns/Others/20_21.xml	NO_PATH
connector.957c7ad8ab16f7e18189224d	ANCHOR_TO_DEST	ANCHOR	generated.farm.90d47b1862fa765d578be3e7.anchor	DEST	dest.b3ded18bbb6e7117c0af9e78	0	78718	-74595	-3360	84092	-80084	-3504	1537	1537	7684	NO_PATH	0	0	data/spawns/Rune/ValleyOfSaints.xml|data/teleporters/town/31320.xml	NO_PATH
connector.95babb15b6b8d0f987641f65	DEST_TO_ANCHOR	DEST	dest.cc433c3076642e927f9055c3	ANCHOR	generated.farm.2375cb206c6e030fba6f3396.anchor	0	69340	-50203	-3314	69373	-56615	-3096	1537	1537	6416	NO_PATH	0	0	data/teleporters/clanhall/Rune/35640.xml|data/spawns/Rune/SwampOfScreams.xml	NO_PATH
connector.95cedc6acb2898cc09806a98	ANCHOR_TO_DEST	ANCHOR	generated.farm.3ed60488890fc56b8a93d524.anchor	DEST	dest.388ea2f92227db8e8dece50a	0	145214	-1914	-4592	149283	4610	-432	924	924	8743	NO_PATH	0	0	data/spawns/Aden/BlazingSwamp.xml|data/teleporters/doorman/35270.xml	NO_PATH
connector.95d374542c811d0f4c2a9ad4	GK_TO_ANCHOR	GK	spawn.e5d13b091f3fbcdcd0c90dd5	ANCHOR	generated.farm.2821cf96ec95f62bb3d5bec7.anchor	0	17555	113967	-11675	20661	114027	-3712	916	916	8548	NO_PATH	0	0	data/spawns/Others/20_21.xml|data/spawns/Dion/CrumaMarshlands.xml	NO_PATH
connector.960104ffecb5a0d32902cfd4	ANCHOR_TO_DEST	ANCHOR	generated.farm.580d4fbf531862b4ef832098.anchor	DEST	dest.868209e8a0412a795262ab4a	0	154735	-43714	-3720	147459	-45221	-2084	1538	1538	7609	NO_PATH	0	0	data/spawns/Goddard/GardenOfBeasts.xml|data/teleporters/doorman/35356.xml	NO_PATH
connector.9623c2e01bb69f009f47e130	ANCHOR_TO_DEST	ANCHOR	generated.farm.2375cb206c6e030fba6f3396.anchor	DEST	dest.bc80e599e9387f3e2d5d3f90	0	69373	-56615	-3096	69340	-50203	-3288	1537	1537	6415	NO_PATH	0	0	data/spawns/Rune/SwampOfScreams.xml|data/teleporters/town/31320.xml	NO_PATH
connector.962d745630657212c6032014	ANCHOR_TO_DEST	ANCHOR	generated.farm.e301fdeac7fe0b8425bad0d9.anchor	DEST	dest.698f76618645d240ff17b97f	0	-93438	107985	-3872	-89763	105359	-3576	911	911	4527	NO_PATH	0	0	data/spawns/Gludin/TurekOrcs.xml|data/teleporters/town/30320.xml	NO_PATH
connector.9638f198468d8a3411842be6	DEST_TO_ANCHOR	DEST	dest.4346aa20af328c9ba9f6af99	ANCHOR	generated.farm.0daa9a698ee69b94550e62d2.anchor	0	181726	-7524	-3464	182975	-12951	-2984	924	924	5590	NO_PATH	0	0	data/teleporters/clanhall/Aden/35439.xml|data/spawns/Aden/FieldsOfMassacre.xml	NO_PATH
connector.96d192805f070f4ffc2aaa5f	DEST_TO_ANCHOR	DEST	dest.989f1f1ebece5846171b7e0c	ANCHOR	generated.farm.c6b91d878955fb4a74840c96.anchor	0	149430	-48245	-2383	154440	-47418	-3776	1538	1538	5266	NO_PATH	0	0	data/teleporters/doorman/35358.xml|data/spawns/Goddard/GardenOfBeasts.xml	NO_PATH
connector.9737e02c570ea7a55541c076	ANCHOR_TO_DEST	ANCHOR	generated.farm.6bfea28fdd5a551b0ace0695.anchor	DEST	dest.a1e4693884e8683fb171a478	0	157216	-49502	-3160	153996	-50182	-2992	1538	1538	3296	VALID_PATH	3327	3	data/spawns/Goddard/GardenOfBeasts.xml|data/teleporters/chamberlain/35363.xml	GEOENGINE_PROVEN
connector.977ee63e8e6b74eafb3f8c8c	DEST_TO_ANCHOR	DEST	dest.aeaabba5efe922a1d9fd6540	ANCHOR	generated.farm.c9688432b997ec0243ec1b3f.anchor	0	145616	4614	-436	148203	-1884	-4592	924	924	8136	NO_PATH	0	0	data/teleporters/doorman/35268.xml|data/spawns/Aden/BlazingSwamp.xml	NO_PATH
connector.978b66a7a59af430b506ad17	DEST_TO_ANCHOR	DEST	dest.a1e4693884e8683fb171a478	ANCHOR	generated.farm.44b1ade2814caaa457678dfb.anchor	0	153996	-50182	-2992	155467	-47545	-3824	1538	1538	3133	PATH_SEGMENT_BLOCKED	0	0	data/teleporters/chamberlain/35363.xml|data/spawns/Goddard/GardenOfBeasts.xml	PATH_SEGMENT_BLOCKED
connector.979d34db5a0fa5e91430d5b5	DEST_TO_ANCHOR	DEST	dest.9d74188a88fecd721cf1e45e	ANCHOR	elven.farming.oren04-2019-03s	0	21362	51122	-3688	22682	46784	-3624	914	914	4535	VALID_DIRECT	4535	1	data/teleporters/town/30146.xml|data/spawns/ElvenTerritory/ElvenStarting.xml	GEOENGINE_PROVEN
connector.97a3dd78c465e2b207b4a92f	DEST_TO_ANCHOR	DEST	dest.163f0aea44efeffae77fffed	ANCHOR	generated.farm.7f3bc4923037a86b5311ef60.anchor	0	148024	-55281	-2728	154266	-57607	-3368	1538	1538	6692	NO_PATH	0	0	data/teleporters/others/Varka.xml|data/spawns/Goddard/GardenOfBeasts.xml	NO_PATH
connector.97d5d332bab8eefc519c9ba0	GK_TO_ANCHOR	GK	spawn.2c9dd5f04731e37d775ed3ac	ANCHOR	generated.farm.2f5a4686e378172f8cb75ec4.anchor	0	147808	-45328	-2083	154309	-46007	-3744	1538	1538	6745	NO_PATH	0	0	data/spawns/Castles/Goddard.xml|data/spawns/Goddard/GardenOfBeasts.xml	NO_PATH
connector.97d9e15b2ecd3ba672d35b9d	ANCHOR_TO_GK	ANCHOR	generated.farm.c89c06bdfdd089fa8039eae4.anchor	GK	spawn.8b48a9c5ecbd83dc029ae508	0	111986	172674	-3760	111600	174016	-5440	926	926	2185	NO_PATH	0	0	data/spawns/Innadril/AlligatorIsland.xml|data/spawns/Others/23_23.xml	NO_PATH
connector.97e24d29884182fbfb0bb9b5	GK_TO_ANCHOR	GK	spawn.86b0d293ddbb17f33befc233	ANCHOR	giran.city.center	0	81920	151968	-3520	82480	149087	-3350	918	918	2940	PATH_SEGMENT_BLOCKED	0	0	data/spawns/Others/22_22.xml|data/mapregion/giran_castle_town.xml	PATH_SEGMENT_BLOCKED
connector.984f4adc6d243d5f57fdedaf	ANCHOR_TO_GK	ANCHOR	generated.farm.0daa9a698ee69b94550e62d2.anchor	GK	spawn.32a71cec01cdd84fa8a137c1	0	182975	-12951	-2984	177598	-18610	-2238	924	924	7842	NO_PATH	0	0	data/spawns/Aden/FieldsOfMassacre.xml|data/spawns/Others/25_17.xml	NO_PATH
connector.988658cf02f4568f616a44f8	ANCHOR_TO_DEST	ANCHOR	generated.farm.b8dc7dea93ca3b11590a97ba.anchor	DEST	dest.496c0381eb49089f27e0045e	0	-44438	185251	-3632	-47506	179572	-3669	911	911	6455	NO_PATH	0	0	data/spawns/Gludio/Wasteland.xml|data/teleporters/town/30320.xml	NO_PATH
connector.98882f19625dda7cc7ba4560	GK_TO_ANCHOR	GK	spawn.ac310663c394c7d6add8412b	ANCHOR	generated.farm.176740852fbe88d3adf9cb96.anchor	0	149024	-55456	-2765	155557	-57365	-3168	1538	1538	6819	NO_PATH	0	0	data/spawns/Others/24_16.xml|data/spawns/Goddard/GardenOfBeasts.xml	NO_PATH
connector.98b132c0864b4d8f432ba120	ANCHOR_TO_DEST	ANCHOR	generated.farm.30c1f54e33a46208ad65888f.anchor	DEST	dest.777552575eec3574cc499823	0	47973	245895	-6656	48586	248459	-6160	919	919	2683	NO_PATH	0	0	data/spawns/Others/21_25.xml|data/teleporters/others/30427.xml	NO_PATH
connector.990efc036787effcbbe98b9e	DEST_TO_ANCHOR	DEST	dest.9c5be74df9759b32cc4ea701	ANCHOR	population.farming.dwarf.20533	0	115120	-178224	-880	114966	-172886	-672	921	921	5345	NO_PATH	0	0	data/teleporters/town/30256.xml|data/spawns/DwarvenTerritory/DwarvenStarting.xml	NO_PATH
connector.9911125d4ad66f11f293f971	ANCHOR_TO_GK	ANCHOR	generated.farm.e48977c07c1cb84d6b71856f.anchor	GK	spawn.79dc0be68e2c487320847dde	0	193399	61399	-6104	191391	57074	-7616	924	924	5003	NO_PATH	0	0	data/spawns/Aden/GiantsCave.xml|data/spawns/Others/25_19.xml	NO_PATH
connector.996a2b55c342be2304ca7edf	GK_TO_ANCHOR	GK	spawn.ee82a6e3aa92a4ff7f32794c	ANCHOR	population.route.human-mystic.guard.30733	0	-84108	244604	-3728	-87847	250564	-3616	910	910	7037	NO_PATH	0	0	data/spawns/Others/17_25.xml|data/stats/players/templates/StartingClass/HumanMystic.xml|data/spawns/TalkingIsland/TalkingIslandMonsters.xml|data/stats/npcs/30700-30799.xml	NO_PATH
connector.9976ffeb20b337a344fa2f08	ANCHOR_TO_DEST	ANCHOR	generated.farm.51ef3428c5b2ea2ef8ac5ada.anchor	DEST	dest.0feab79a64ec9659f5c1d1c5	0	121090	55588	-4560	124904	61992	-3920	923	923	7482	NO_PATH	0	0	data/spawns/Hunters/EnchantedValley.xml|data/teleporters/town/30233.xml	NO_PATH
connector.99d99f6f001efd3ee3b3e242	ANCHOR_TO_DEST	ANCHOR	generated.farm.c30765022e71954da932eae3.anchor	DEST	dest.4c8e1b10064333c3b31e6a23	0	71341	123826	-3592	73024	118485	-3720	923	923	5602	NO_PATH	0	0	data/spawns/Giran/DeathPass.xml|data/teleporters/clanhall/Giran/35455.xml	NO_PATH
connector.9a17df60746a408d0b505d84	ANCHOR_TO_GK	ANCHOR	generated.farm.9ce01b6c387257511e5c6df4.anchor	GK	spawn.d18a9ba08e5427b0fcccb4f0	0	156116	-46618	-3760	148664	-49168	-672	1538	1538	8460	NO_PATH	0	0	data/spawns/Goddard/GardenOfBeasts.xml|data/spawns/Castles/Goddard.xml	NO_PATH
connector.9a1ced5891f4c55389e66da9	ANCHOR_TO_DEST	ANCHOR	generated.farm.d9ae1b8c61abed952b52e748.anchor	DEST	dest.8c09bbc7bfb0f2b227b81f0b	0	112370	41394	-4632	114674	44150	-3376	923	923	3806	NO_PATH	0	0	data/spawns/Hunters/EnchantedValley.xml|data/teleporters/town/30233.xml	NO_PATH
connector.9a2efa1c77ae665848b981a1	GK_TO_ANCHOR	GK	spawn.f3a49ab4f7a73dfdea27ae5e	ANCHOR	generated.farm.47669c1f7a73c81d26c75bbf.anchor	0	147134	-56576	-2760	140747	-57774	-3032	1538	1538	6505	NO_PATH	0	0	data/spawns/Others/24_16.xml|data/spawns/Goddard/GardenOfBeasts.xml	NO_PATH
connector.9a5184a5a9c12ed43b079efd	ANCHOR_TO_DEST	ANCHOR	generated.farm.3d1a05fe6d4f5d23162a5e89.anchor	DEST	dest.ecd982a3f5b0851c65fc7acc	0	78581	-58255	-2304	76911	-55295	-5824	1537	1537	4893	NO_PATH	0	0	data/spawns/Rune/SwampOfScreams.xml|data/teleporters/clanhall/Rune/35568.xml	NO_PATH
connector.9a615981a58272c27dce04ce	ANCHOR_TO_DEST	ANCHOR	generated.farm.df677844f3af094815e984cc.anchor	DEST	dest.fbea6002af7dc7c3e4d7d167	0	175556	-188129	-1672	175499	-181586	-904	921	921	6589	NO_PATH	0	0	data/spawns/DwarvenTerritory/DwarvenStarting.xml|data/teleporters/town/30540.xml	NO_PATH
connector.9a96574eec2138239f66d3a9	DEST_TO_ANCHOR	DEST	dest.e06ff2b687a47fbf723865b7	ANCHOR	giran.route.north	0	83551	147942	-3400	85000	143000	-4072	918	918	5194	NO_PATH	0	0	data/teleporters/town/30878.xml|data/mapregion/giran_castle_town.xml	NO_PATH
connector.9aa398d8155064e2b0af8c1e	DEST_TO_ANCHOR	DEST	dest.e1ed15a8c14e439c5ff4fe76	ANCHOR	generated.farm.3ed60488890fc56b8a93d524.anchor	0	146374	4599	-403	145214	-1914	-4592	924	924	7831	NO_PATH	0	0	data/teleporters/doorman/35268.xml|data/spawns/Aden/BlazingSwamp.xml	NO_PATH
connector.9ab1381ebd20b3981cbf84e0	ANCHOR_TO_GK	ANCHOR	giran.city.center	GK	spawn.bd6e9b7fa656f1e550ded751	0	82480	149087	-3350	81133	151537	-3512	918	918	2801	PATH_SEGMENT_BLOCKED	0	0	data/mapregion/giran_castle_town.xml|data/spawns/Others/22_22.xml	PATH_SEGMENT_BLOCKED
connector.9acd27362927b15bbd0e7f85	DEST_TO_ANCHOR	DEST	dest.25e28532f79c5963d8bce2a5	ANCHOR	generated.farm.2ee25f6a341f505bb40de2fc.anchor	0	124904	61992	-3973	124818	55785	-3360	923	923	6238	NO_PATH	0	0	data/teleporters/clanhall/Aden/35443.xml|data/spawns/Hunters/EnchantedValley.xml	NO_PATH
connector.9ad2923750b7ce0c1a8611f6	ANCHOR_TO_DEST	ANCHOR	generated.farm.49b24db872a5ff00e26bd029.anchor	DEST	dest.18657e72d3afd42f45908db0	0	150638	-63299	-3424	153460	-70055	-3312	1538	1538	7323	NO_PATH	0	0	data/spawns/Goddard/GardenOfBeasts.xml|data/teleporters/chamberlain/35363.xml	NO_PATH
connector.9aeb1f050e431bae49f4368b	ANCHOR_TO_DEST	ANCHOR	generated.farm.c9688432b997ec0243ec1b3f.anchor	DEST	dest.388ea2f92227db8e8dece50a	0	148203	-1884	-4592	149283	4610	-432	924	924	7788	NO_PATH	0	0	data/spawns/Aden/BlazingSwamp.xml|data/teleporters/doorman/35270.xml	NO_PATH
connector.9b2bfa47fb96e18f105568fc	DEST_TO_ANCHOR	DEST	dest.97e884732d1831265eceeb3b	ANCHOR	generated.farm.08bede9fa450ab087be0458b.anchor	0	-44836	-112524	-235	-40560	-117892	-1920	920	920	7067	NO_PATH	0	0	data/teleporters/town/32163.xml|data/spawns/OrcTerritory/OrcStarting.xml	NO_PATH
connector.9b3e5b348d3655e7d7680695	DEST_TO_ANCHOR	DEST	dest.c198460adf168f69d59928b8	ANCHOR	generated.farm.9325a61d37584f81c64ce8a6.anchor	0	155310	-16339	-3320	155053	-10779	-4160	924	924	5629	NO_PATH	0	0	data/teleporters/clanhall/Aden/35439.xml|data/spawns/Aden/BlazingSwamp.xml	NO_PATH
connector.9b7d4c2f0db371aeecfb8db2	ANCHOR_TO_DEST	ANCHOR	generated.farm.a32843d9945a633fb0d082ee.anchor	DEST	dest.9c88beb7b9796ecb4f3bc769	0	150739	-2129	-4568	148575	4607	-403	924	924	8210	NO_PATH	0	0	data/spawns/Aden/BlazingSwamp.xml|data/teleporters/doorman/35270.xml	NO_PATH
connector.9b9526f38364f9147acebffb	DEST_TO_ANCHOR	DEST	dest.18657e72d3afd42f45908db0	ANCHOR	generated.farm.721be9c9f82200fe629be486.anchor	0	153460	-70055	-3312	148815	-63396	-3160	1538	1538	8121	NO_PATH	0	0	data/teleporters/chamberlain/35363.xml|data/spawns/Goddard/GardenOfBeasts.xml	NO_PATH
connector.9bc19327ffaa2e77aae51bde	ANCHOR_TO_GK	ANCHOR	generated.farm.2375efd4a61538412f238d7c.anchor	GK	spawn.886ea7c1f785b55b69ec0767	0	152789	-2636	-4544	147408	2320	221	924	924	8731	NO_PATH	0	0	data/spawns/Aden/BlazingSwamp.xml|data/spawns/Castles/Aden.xml	NO_PATH
connector.9bd09446069547c4c07e8dc7	ANCHOR_TO_DEST	ANCHOR	generated.farm.1bc0806803391550b59b5dd7.anchor	DEST	dest.5a41f45cf22daa12bbd6a4c0	0	173413	-187077	-488	178591	-184615	-360	921	921	5735	NO_PATH	0	0	data/spawns/DwarvenTerritory/DwarvenStarting.xml|data/teleporters/town/30540.xml	NO_PATH
connector.9c19315d3efae5f3b844d05b	DEST_TO_ANCHOR	DEST	dest.989f1f1ebece5846171b7e0c	ANCHOR	generated.farm.9ce01b6c387257511e5c6df4.anchor	0	149430	-48245	-2383	156116	-46618	-3760	1538	1538	7018	NO_PATH	0	0	data/teleporters/doorman/35358.xml|data/spawns/Goddard/GardenOfBeasts.xml	NO_PATH
connector.9c1ad69f8b2a63c38db83865	DEST_TO_ANCHOR	DEST	dest.f2522fd691ccf61f81ae16ec	ANCHOR	generated.farm.0f3b8c82251c8dddfa049825.anchor	0	82951	252354	-10592	83555	254562	-10872	926	926	2307	VALID_PATH	2647	3	data/teleporters/town/30899.xml|data/spawns/Innadril/GardenOfEva.xml	GEOENGINE_PROVEN
connector.9c4e762d0e60f2f3f4772086	ANCHOR_TO_DEST	ANCHOR	generated.farm.4475282a85a97a4b396b967b.anchor	DEST	dest.4284b435762f397cce85fcfb	0	149140	-108937	-2536	144880	-113468	-2560	1538	1538	6220	NO_PATH	0	0	data/spawns/Goddard/HotSprings.xml|data/teleporters/others/Varka.xml	NO_PATH
connector.9c926f59c24562ee2be8139f	ANCHOR_TO_DEST	ANCHOR	generated.farm.c6b91d878955fb4a74840c96.anchor	DEST	dest.a1e4693884e8683fb171a478	0	154440	-47418	-3776	153996	-50182	-2992	1538	1538	2908	NO_PATH	0	0	data/spawns/Goddard/GardenOfBeasts.xml|data/teleporters/chamberlain/35363.xml	NO_PATH
connector.9cbc2838a915012eec8f3f3e	ANCHOR_TO_DEST	ANCHOR	generated.farm.5eb9ca10f507264114a7bd47.anchor	DEST	dest.285de1592f4b8592a440458c	0	155056	-48692	-3672	147459	-45789	-2084	1538	1538	8287	NO_PATH	0	0	data/spawns/Goddard/GardenOfBeasts.xml|data/teleporters/doorman/35356.xml	NO_PATH
connector.9cbc714b20add181f979637c	GK_TO_ANCHOR	GK	spawn.6d40136e98f143a65dfe3117	ANCHOR	generated.farm.15d7dac0e28f4f00c7a38ba5.anchor	0	184458	61446	-3992	183253	58935	-7232	924	924	4273	NO_PATH	0	0	data/spawns/Others/25_19.xml|data/spawns/Aden/GiantsCave.xml	NO_PATH
connector.9d56df8ea8a845c6112dc714	DEST_TO_ANCHOR	DEST	dest.6fb5021ca4d18a28277cff29	ANCHOR	generated.farm.f504105979f402c6b5137135.anchor	0	71814	-57054	-3088	74212	-55001	-3104	1537	1537	3157	VALID_DIRECT	3157	1	data/teleporters/chamberlain/35509.xml|data/spawns/Rune/SwampOfScreams.xml	GEOENGINE_PROVEN
connector.9d7a86f1a8d6d089a9600c02	DEST_TO_ANCHOR	DEST	dest.45565ac66d6cf494a00dc6e5	ANCHOR	generated.farm.279bd6d06ef79825311d365d.anchor	0	89513	-44800	-2136	89482	-52087	-2616	1537	1537	7303	NO_PATH	0	0	data/teleporters/town/31320.xml|data/spawns/Rune/SwampOfScreams.xml	NO_PATH
connector.9d7e33054063e7415854c9f8	ANCHOR_TO_DEST	ANCHOR	generated.farm.df677844f3af094815e984cc.anchor	DEST	dest.ffb129dafff574e80a4d7eca	0	175556	-188129	-1672	179299	-182831	-224	921	921	6647	NO_PATH	0	0	data/spawns/DwarvenTerritory/DwarvenStarting.xml|data/teleporters/others/32654.xml	NO_PATH
connector.9d8a306dfc06f90ddb1f45c2	ANCHOR_TO_GK	ANCHOR	generated.farm.cd97e77022d4a79ec5fc001f.anchor	GK	spawn.b3ade47a783cc4d199b36042	0	43218	143155	-3272	42608	143952	-5379	916	916	2334	NO_PATH	0	0	data/spawns/Dion/ExecutionGrounds.xml|data/spawns/Others/21_22.xml	NO_PATH
connector.9dc4caee7e9faf73bcb32518	DEST_TO_ANCHOR	DEST	dest.21e9c9b1510df61032cbc4cc	ANCHOR	generated.farm.dfb4a481eb32c06d6cf72d76.anchor	0	77868	250400	-9328	80443	248745	-10360	926	926	3231	NO_PATH	0	0	data/teleporters/town/30899.xml|data/spawns/Innadril/GardenOfEva.xml	NO_PATH
connector.9dfdf1b680c1936cb3889a81	GK_TO_ANCHOR	GK	spawn.03ea56153c3f4ab07c49f3d3	ANCHOR	giran.castle.defender.staging	0	115575	144864	-2567	116540	146655	-1866	918	918	2152	NO_PATH	0	0	data/spawns/Castles/Giran.xml|data/zones/castle_hall.xml|data/zones/castle_siege.xml	NO_PATH
connector.9e0a5bc2688e64007ede5d29	DEST_TO_ANCHOR	DEST	dest.99c640dbaf880872599d4081	ANCHOR	generated.farm.18c908cb2b87127780e52b0c.anchor	0	-9959	176184	-4160	-15168	178488	-5304	912	912	5810	NO_PATH	0	0	data/teleporters/clanhall/Gludio/35386.xml|data/spawns/Gludio/Wasteland.xml	NO_PATH
connector.9e232897fea6bac5ee5f8d72	ANCHOR_TO_GK	ANCHOR	generated.farm.5646fdca6ae25d5f7b8df80f.anchor	GK	spawn.51c3beb6cc7ad616365893a6	0	154200	-44838	-3744	149024	-48080	-2382	1538	1538	6258	NO_PATH	0	0	data/spawns/Goddard/GardenOfBeasts.xml|data/spawns/Castles/Goddard.xml	NO_PATH
connector.9e8a18b76df07f653d2bf9b1	ANCHOR_TO_DEST	ANCHOR	generated.farm.c566a65e22d07a92230b56a2.anchor	DEST	dest.818f1d4dc9597a3b7b746723	0	-95163	237296	-3408	-99586	237637	-3568	910	910	4440	VALID_DIRECT	4440	1	data/spawns/TalkingIsland/TalkingIslandMonsters.xml|data/teleporters/town/30006.xml	GEOENGINE_PROVEN
connector.9e9b05cddd8d74349e2b0150	DEST_TO_ANCHOR	DEST	dest.698f76618645d240ff17b97f	ANCHOR	generated.farm.17b9477b5932a2d62a5f479c.anchor	0	-89763	105359	-3576	-97264	106785	-3392	911	911	7638	NO_PATH	0	0	data/teleporters/town/30320.xml|data/spawns/Gludin/TurekOrcs.xml	NO_PATH
connector.9ebf1f301ffd90139ba01a2c	GK_TO_ANCHOR	GK	spawn.d18a9ba08e5427b0fcccb4f0	ANCHOR	generated.farm.007f9057c1ee101b364fff57.anchor	0	148664	-49168	-672	155476	-49469	-3352	1538	1538	7327	NO_PATH	0	0	data/spawns/Castles/Goddard.xml|data/spawns/Goddard/GardenOfBeasts.xml	NO_PATH
connector.9edbbec9202d9e6bc64fa573	DEST_TO_ANCHOR	DEST	dest.8d3b8a0f8679baa430ed780e	ANCHOR	generated.farm.ed8992f2edcbacf7c4f24608.anchor	0	115113	-178212	-901	117968	-173208	-432	921	921	5781	NO_PATH	0	0	data/teleporters/town/32163.xml|data/spawns/DwarvenTerritory/DwarvenStarting.xml	NO_PATH
connector.9edd3d4d630f70b28a07308d	ANCHOR_TO_DEST	ANCHOR	generated.farm.115e665f5c027e4ca2fb1b2d.anchor	DEST	dest.676f59b862d33902959c4f11	0	6184	-21181	-3432	11235	-24026	-3640	1924	1924	5801	NO_PATH	0	0	data/spawns/Rune/PrimevalIsle.xml|data/teleporters/town/31320.xml	NO_PATH
connector.9f03e5b3c8490f3ddc20cd3b	ANCHOR_TO_DEST	ANCHOR	generated.farm.c6b91d878955fb4a74840c96.anchor	DEST	dest.285de1592f4b8592a440458c	0	154440	-47418	-3776	147459	-45789	-2084	1538	1538	7366	NO_PATH	0	0	data/spawns/Goddard/GardenOfBeasts.xml|data/teleporters/doorman/35356.xml	NO_PATH
connector.9f0ad4a05f7ecf48fdeb1559	DEST_TO_ANCHOR	DEST	dest.a4ba0695da2a064181042973	ANCHOR	giran.castle.attacker.staging	0	107954	145841	-3224	112122	144855	-2751	918	918	4310	NO_PATH	0	0	data/teleporters/chamberlain/35184.xml|data/html/admin/teleports/CastleAreas/giran.htm|data/zones/castle_siege.xml|data/zones/castle_hall.xml	NO_PATH
connector.9f14fc94034f0bafae0042c2	DEST_TO_ANCHOR	DEST	dest.84cfda71508181370e4e1e94	ANCHOR	generated.farm.c2aeec8c90096994fcd4d74c.anchor	0	50568	152408	-2656	48260	153823	-2720	916	916	2708	VALID_DIRECT	2708	1	data/teleporters/town/30059.xml|data/spawns/Dion/ExecutionGrounds.xml	GEOENGINE_PROVEN
connector.9f2723c3674d0eb35a5f9eaf	DEST_TO_ANCHOR	DEST	dest.996bf59649987d0a0df38a32	ANCHOR	generated.farm.c41d5bd8bc6f8468bc43ecc5.anchor	0	115583	192261	-3488	117464	199169	-3720	926	926	7164	VALID_DIRECT	7164	1	data/teleporters/town/30899.xml|data/spawns/Innadril/AlligatorBeach.xml	GEOENGINE_PROVEN
connector.9f802e90f74242ce1fda2f38	DEST_TO_ANCHOR	DEST	dest.390dce2c80e6f8dcb183685e	ANCHOR	generated.farm.3ec423fd29deeac7ab56455f.anchor	0	146181	-49209	-686	138496	-51209	-2736	1538	1538	8202	NO_PATH	0	0	data/teleporters/doorman/35360.xml|data/spawns/Goddard/GardenOfBeasts.xml	NO_PATH
connector.9f958a1b1e524330b738245b	ANCHOR_TO_GK	ANCHOR	giran.castle.attacker.staging	GK	spawn.88a10d723a42ef43b5be5a87	0	112122	144855	-2751	115220	144930	-2527	918	918	3107	NO_PATH	0	0	data/html/admin/teleports/CastleAreas/giran.htm|data/zones/castle_siege.xml|data/zones/castle_hall.xml|data/spawns/Castles/Giran.xml	NO_PATH
connector.9f9de9521b8ec6c078ba112e	GK_TO_ANCHOR	GK	spawn.fba52e3020863a6709bad42b	ANCHOR	generated.farm.5eb9ca10f507264114a7bd47.anchor	0	148612	-49004	-688	155056	-48692	-3672	1538	1538	7109	NO_PATH	0	0	data/spawns/Castles/Goddard.xml|data/spawns/Goddard/GardenOfBeasts.xml	NO_PATH
connector.9fa1c4af4533c5588cec196b	GK_TO_ANCHOR	GK	spawn.adbf2ddde00443bc89450f43	ANCHOR	generated.farm.1bc0806803391550b59b5dd7.anchor	0	178884	-184227	-336	173413	-187077	-488	921	921	6171	NO_PATH	0	0	data/spawns/Others/25_12.xml|data/spawns/DwarvenTerritory/DwarvenStarting.xml	NO_PATH
connector.9fb8d7036a4c0fc9743dfb53	DEST_TO_ANCHOR	DEST	dest.698f76618645d240ff17b97f	ANCHOR	generated.farm.ac48f1e84577a9f3b395a8df.anchor	0	-89763	105359	-3576	-88304	103102	-3400	911	911	2694	VALID_DIRECT	2694	1	data/teleporters/town/30320.xml|data/spawns/Gludin/TurekOrcs.xml	GEOENGINE_PROVEN
connector.9fc38216194c7f2d19ca7d23	DEST_TO_ANCHOR	DEST	dest.698f76618645d240ff17b97f	ANCHOR	generated.farm.9152a58fd4b906eff01954ae.anchor	0	-89763	105359	-3576	-90451	100320	-3552	911	911	5086	VALID_DIRECT	5086	1	data/teleporters/town/30320.xml|data/spawns/Gludin/TurekOrcs.xml	GEOENGINE_PROVEN
connector.9fc72fc481033e00b1cf95da	ANCHOR_TO_DEST	ANCHOR	generated.farm.27840444dac2f1f9126e8733.anchor	DEST	dest.ecd982a3f5b0851c65fc7acc	0	74283	-52777	-3136	76911	-55295	-5824	1537	1537	4525	NO_PATH	0	0	data/spawns/Rune/SwampOfScreams.xml|data/teleporters/clanhall/Rune/35568.xml	NO_PATH
connector.9fd168665851fbabd4620f0e	DEST_TO_ANCHOR	DEST	dest.570688a19e61bb9b1ec8a54b	ANCHOR	generated.farm.79aca9d90374884f9ec68318.anchor	0	125740	-40864	-3736	123988	-47051	-2816	1538	1538	6496	NO_PATH	0	0	data/teleporters/clanhall/Goddard/35605.xml|data/spawns/Goddard/VarkaSlenosOutpost.xml	NO_PATH
connector.a01f3b49bdac5091aa669306	DEST_TO_ANCHOR	DEST	dest.4f5494441b06f6ad17ab7b81	ANCHOR	generated.farm.5eb9ca10f507264114a7bd47.anchor	0	148748	-48951	-687	155056	-48692	-3672	1538	1538	6984	NO_PATH	0	0	data/teleporters/doorman/35359.xml|data/spawns/Goddard/GardenOfBeasts.xml	NO_PATH
connector.a033d7368699f68a95e08c4c	DEST_TO_ANCHOR	DEST	dest.989f1f1ebece5846171b7e0c	ANCHOR	generated.farm.5eb9ca10f507264114a7bd47.anchor	0	149430	-48245	-2383	155056	-48692	-3672	1538	1538	5790	NO_PATH	0	0	data/teleporters/doorman/35358.xml|data/spawns/Goddard/GardenOfBeasts.xml	NO_PATH
connector.a055329225ebe31eb824b9bf	ANCHOR_TO_GK	ANCHOR	generated.farm.5646fdca6ae25d5f7b8df80f.anchor	GK	spawn.c5db474f615ec7563feee08e	0	154200	-44838	-3744	147408	-49296	-2120	1538	1538	8286	NO_PATH	0	0	data/spawns/Goddard/GardenOfBeasts.xml|data/spawns/Castles/Goddard.xml	NO_PATH
connector.a0ad31f9bf0bc83d1aa48bb5	DEST_TO_ANCHOR	DEST	dest.0371d016bb679a0dcf384e08	ANCHOR	generated.farm.6cc54f41492a8ebff56a5815.anchor	0	121618	-141554	-1496	119130	-144099	-3016	1714	1714	3871	PATH_SEGMENT_BLOCKED	0	0	data/teleporters/town/31964.xml|data/spawns/Others/PlunderousPlains.xml	PATH_SEGMENT_BLOCKED
connector.a0b4595053158d6ed0c2a6b3	ANCHOR_TO_GK	ANCHOR	generated.farm.44b1ade2814caaa457678dfb.anchor	GK	spawn.d18a9ba08e5427b0fcccb4f0	0	155467	-47545	-3824	148664	-49168	-672	1538	1538	7672	NO_PATH	0	0	data/spawns/Goddard/GardenOfBeasts.xml|data/spawns/Castles/Goddard.xml	NO_PATH
connector.a0b91b088c656fdbcb0e380d	ANCHOR_TO_DEST	ANCHOR	generated.farm.d6e6bebd0e3fdd5c29f2a5c8.anchor	DEST	dest.c198460adf168f69d59928b8	0	150065	-21595	-3160	155310	-16339	-3320	924	924	7428	NO_PATH	0	0	data/spawns/Aden/BlazingSwamp.xml|data/teleporters/clanhall/Aden/35439.xml	NO_PATH
connector.a10a870506a267c68067334e	ANCHOR_TO_DEST	ANCHOR	generated.farm.176740852fbe88d3adf9cb96.anchor	DEST	dest.bf858e6767aedc4b3744d67b	0	155557	-57365	-3168	150561	-57489	-2976	1538	1538	5002	NO_PATH	0	0	data/spawns/Goddard/GardenOfBeasts.xml|data/teleporters/clanhall/Goddard/35461.xml	NO_PATH
connector.a114dddd343ec0b6844d1b6e	DEST_TO_ANCHOR	DEST	dest.0a3082f7cc8ee57406948adb	ANCHOR	giran.city.center	0	81749	149171	-3464	82480	149087	-3350	918	918	745	VALID_DIRECT	745	1	data/teleporters/chamberlain/35184.xml|data/mapregion/giran_castle_town.xml	GEOENGINE_PROVEN
connector.a15c5f3c6f6d4d7716fec2f7	ANCHOR_TO_DEST	ANCHOR	generated.farm.7abf96c5570d839c7807942c.anchor	DEST	dest.570688a19e61bb9b1ec8a54b	0	120536	-42456	-3200	125740	-40864	-3736	1538	1538	5469	NO_PATH	0	0	data/spawns/Goddard/VarkaSlenosOutpost.xml|data/teleporters/clanhall/Goddard/35605.xml	NO_PATH
connector.a17f7d9d7eef43299dd5e446	DEST_TO_ANCHOR	DEST	dest.6f4c5951ec7be753e0cfc142	ANCHOR	generated.farm.949cc8840a4b22536e78e91c.anchor	0	132997	-60608	-2960	136062	-59976	-3392	1538	1538	3160	VALID_PATH	3234	4	data/teleporters/town/31275.xml|data/spawns/Goddard/GardenOfBeasts.xml	GEOENGINE_PROVEN
connector.a18325ed29241c87ee49864b	ANCHOR_TO_GK	ANCHOR	generated.farm.6559dce0043f6b61716d4bf2.anchor	GK	spawn.6d40136e98f143a65dfe3117	0	183905	61010	-7232	184458	61446	-3992	924	924	3316	NO_PATH	0	0	data/spawns/Aden/GiantsCave.xml|data/spawns/Others/25_19.xml	NO_PATH
connector.a18d37e034649ea3f0ccdbef	ANCHOR_TO_DEST	ANCHOR	generated.farm.5eb9ca10f507264114a7bd47.anchor	DEST	dest.0078633d4fd88238ef4fcba7	0	155056	-48692	-3672	148736	-49201	-688	1538	1538	7008	NO_PATH	0	0	data/spawns/Goddard/GardenOfBeasts.xml|data/teleporters/doorman/35359.xml	NO_PATH
connector.a194f37041cbd82942fabc9e	ANCHOR_TO_DEST	ANCHOR	generated.farm.a870f32abb9dbeb0708ce688.anchor	DEST	dest.3dd86fe06a72ce612785df72	0	69705	-72656	-3800	65307	-71445	-3688	1537	1537	4564	VALID_DIRECT	4564	1	data/spawns/Rune/ValleyOfSaints.xml|data/teleporters/town/31320.xml	GEOENGINE_PROVEN
connector.a1a8dc3d73dbb460217f4230	ANCHOR_TO_DEST	ANCHOR	generated.farm.768fa444a79123489bd7aa1d.anchor	DEST	dest.c22f3e4ebc26119cb4e14b22	0	137660	-202383	-3664	136910	-205082	-3664	921	921	2802	VALID_PATH	2857	4	data/spawns/DwarvenTerritory/DwarvenStarting.xml|data/teleporters/town/30540.xml	GEOENGINE_PROVEN
connector.a1ba09f89026a51db46010f7	DEST_TO_ANCHOR	DEST	dest.75e56aae5714c3f5988ec346	ANCHOR	giran.castle.defender.staging	0	112568	144869	-2835	116540	146655	-1866	918	918	4462	NO_PATH	0	0	data/teleporters/doorman/35180.xml|data/zones/castle_hall.xml|data/zones/castle_siege.xml	NO_PATH
connector.a1efed385447afe9a75ab4c2	ANCHOR_TO_GK	ANCHOR	generated.farm.c64f2217749128d4b5141e7e.anchor	GK	spawn.79dc0be68e2c487320847dde	0	190036	54081	-4368	191391	57074	-7616	924	924	4620	NO_PATH	0	0	data/spawns/Aden/GiantsCave.xml|data/spawns/Others/25_19.xml	NO_PATH
connector.a1f7c7598514dd8f768df531	ANCHOR_TO_DEST	ANCHOR	giran.city.center	DEST	dest.e06ff2b687a47fbf723865b7	0	82480	149087	-3350	83551	147942	-3400	918	918	1569	VALID_PATH	1587	3	data/mapregion/giran_castle_town.xml|data/teleporters/town/30878.xml	GEOENGINE_PROVEN
connector.a280e8d94121c299760284fe	DEST_TO_ANCHOR	DEST	dest.f2522fd691ccf61f81ae16ec	ANCHOR	generated.farm.d3d367fe2d4130dd5678c2ae.anchor	0	82951	252354	-10592	82023	254693	-10872	926	926	2532	VALID_DIRECT	2532	1	data/teleporters/town/30899.xml|data/spawns/Innadril/GardenOfEva.xml	GEOENGINE_PROVEN
connector.a2bcd64094b6228ca6d778f7	ANCHOR_TO_GK	ANCHOR	generated.farm.85634b6a1ea05c2a88bec73e.anchor	GK	spawn.79dc0be68e2c487320847dde	0	192009	58238	-4808	191391	57074	-7616	924	924	3102	PATH_SEGMENT_BLOCKED	0	0	data/spawns/Aden/GiantsCave.xml|data/spawns/Others/25_19.xml	PATH_SEGMENT_BLOCKED
connector.a2e765cc6fe25faa2b5ab601	ANCHOR_TO_DEST	ANCHOR	generated.farm.8a7bb9fc5fe46b8eedb998ea.anchor	DEST	dest.163f0aea44efeffae77fffed	0	143516	-61360	-3152	148024	-55281	-2728	1538	1538	7580	NO_PATH	0	0	data/spawns/Goddard/GardenOfBeasts.xml|data/teleporters/others/Varka.xml	NO_PATH
connector.a37a01e12ac4a5c7fb148724	ANCHOR_TO_GK	ANCHOR	generated.farm.5603e92e1fee2a50869a1471.anchor	GK	spawn.6d40136e98f143a65dfe3117	0	185546	58931	-7232	184458	61446	-3992	924	924	4244	NO_PATH	0	0	data/spawns/Aden/GiantsCave.xml|data/spawns/Others/25_19.xml	NO_PATH
connector.a39057b1f194c635ed10bb3e	DEST_TO_ANCHOR	DEST	dest.bc80e599e9387f3e2d5d3f90	ANCHOR	generated.farm.3a339f8c4f55cae891392f7a.anchor	0	69340	-50203	-3288	73765	-51246	-3136	1537	1537	4549	NO_PATH	0	0	data/teleporters/town/31320.xml|data/spawns/Rune/SwampOfScreams.xml	NO_PATH
connector.a39665d5ea1d07bfd074e0be	DEST_TO_ANCHOR	DEST	dest.9384a3e4ce145b2a1d684ad3	ANCHOR	generated.farm.f5d8df78a09e41d99d10034a.anchor	0	17225	114173	-3440	14485	116441	-3728	916	916	3569	VALID_PATH	3810	4	data/teleporters/town/30059.xml|data/spawns/Dion/CrumaMarshlands.xml	GEOENGINE_PROVEN
connector.a3993e5382fe51e9c3327eec	ANCHOR_TO_DEST	ANCHOR	generated.farm.079a0cb66fadcb6801c9a79b.anchor	DEST	dest.c5b83c9fbef62a1041c22fe6	0	180274	18276	-3168	184742	19745	-3168	924	924	4704	NO_PATH	0	0	data/spawns/Aden/Cemetery.xml|data/teleporters/clanhall/Aden/35441.xml	NO_PATH
connector.a39e2f30c7d1cb62a436488c	DEST_TO_ANCHOR	DEST	dest.4bf9406ebda63490a2e4f866	ANCHOR	generated.farm.8a7bb9fc5fe46b8eedb998ea.anchor	0	147728	-56331	-2776	143516	-61360	-3152	1538	1538	6571	NO_PATH	0	0	data/teleporters/clanhall/Goddard/35461.xml|data/spawns/Goddard/GardenOfBeasts.xml	NO_PATH
connector.a3acc31e941bbe497b4b4f27	ANCHOR_TO_DEST	ANCHOR	population.route.dwarf.w2	DEST	dest.8d3b8a0f8679baa430ed780e	0	110440	-173944	-528	115113	-178212	-901	921	921	6340	NO_PATH	0	0	data/stats/players/templates/StartingClass/DwarvenFighter.xml|data/spawns/DwarvenTerritory/DwarvenStarting.xml|data/teleporters/town/32163.xml	NO_PATH
connector.a452c9201dee784bf09de510	GK_TO_ANCHOR	GK	spawn.8ce27205fe8c38ddf75a6732	ANCHOR	giran.castle.defender.staging	0	117095	144997	-2539	116540	146655	-1866	918	918	1874	NO_PATH	0	0	data/spawns/Castles/Giran.xml|data/zones/castle_hall.xml|data/zones/castle_siege.xml	NO_PATH
connector.a45a4c594af09dd27f525dcc	GK_TO_ANCHOR	GK	spawn.94983ae1f1c3f9665c08d90a	ANCHOR	generated.farm.344969dd30e86158807cebbf.anchor	0	146416	-55568	-2765	142551	-60911	-3176	1538	1538	6608	NO_PATH	0	0	data/spawns/Others/24_16.xml|data/spawns/Goddard/GardenOfBeasts.xml	NO_PATH
connector.a45f8fd7220bb54a7fdf1b34	GK_TO_ANCHOR	GK	spawn.844ddb7500852ef9c1ed2526	ANCHOR	generated.farm.8a7bb9fc5fe46b8eedb998ea.anchor	0	147966	-55228	-2728	143516	-61360	-3152	1538	1538	7589	NO_PATH	0	0	data/spawns/Others/24_16.xml|data/spawns/Goddard/GardenOfBeasts.xml	NO_PATH
connector.a479b8e3b08cf8044a8cfe7a	DEST_TO_ANCHOR	DEST	dest.4284b435762f397cce85fcfb	ANCHOR	generated.farm.7ac8a91de59dc0378a93f4bc.anchor	0	144880	-113468	-2560	150575	-112018	-2224	1538	1538	5887	NO_PATH	0	0	data/teleporters/others/Varka.xml|data/spawns/Goddard/HotSprings.xml	NO_PATH
connector.a485d60c920284c2c9c36c4f	ANCHOR_TO_DEST	ANCHOR	giran.castle.defender.staging	DEST	dest.c5c2ba9b85987c62b9625da7	0	116540	146655	-1866	115727	145096	-2579	918	918	1898	NO_PATH	0	0	data/zones/castle_hall.xml|data/zones/castle_siege.xml|data/teleporters/doorman/35181.xml	NO_PATH
connector.a4a7deeead888ffd13ff68ac	ANCHOR_TO_DEST	ANCHOR	generated.farm.2821cf96ec95f62bb3d5bec7.anchor	DEST	dest.80d0bbcf9155ac3f563b0893	0	20661	114027	-3712	17253	114232	-3440	916	916	3425	NO_PATH	0	0	data/spawns/Dion/CrumaMarshlands.xml|data/teleporters/others/30484.xml	NO_PATH
connector.a4d1e4e05dd602ee72ba294d	DEST_TO_ANCHOR	DEST	dest.8c09bbc7bfb0f2b227b81f0b	ANCHOR	generated.farm.ee48dae8f473d2481ec8baf7.anchor	0	114674	44150	-3376	114619	40508	-4568	923	923	3833	NO_PATH	0	0	data/teleporters/town/30233.xml|data/spawns/Hunters/EnchantedValley.xml	NO_PATH
connector.a4d641ec9177e36ae4581a6d	DEST_TO_ANCHOR	DEST	dest.e58785de760af9858aee2c0d	ANCHOR	generated.farm.66d6f34ccbc563d7eeadf427.anchor	0	183985	61424	-3992	184392	58933	-7232	924	924	4108	NO_PATH	0	0	data/teleporters/clanhall/Aden/35443.xml|data/spawns/Aden/GiantsCave.xml	NO_PATH
connector.a52d2968a05570f17961f439	DEST_TO_ANCHOR	DEST	dest.bf858e6767aedc4b3744d67b	ANCHOR	generated.farm.55a21c4d7990e8c7b6e62d66.anchor	0	150561	-57489	-2976	152204	-61559	-2984	1538	1538	4390	NO_PATH	0	0	data/teleporters/clanhall/Goddard/35461.xml|data/spawns/Goddard/GardenOfBeasts.xml	NO_PATH
connector.a555dd85cba67384ea48576b	ANCHOR_TO_DEST	ANCHOR	generated.farm.62da445c2999814b70bb9601.anchor	DEST	dest.99c640dbaf880872599d4081	0	-13104	175568	-5240	-9959	176184	-4160	912	912	3382	VALID_PATH	5380	10	data/spawns/Gludio/Wasteland.xml|data/teleporters/clanhall/Gludio/35386.xml	GEOENGINE_PROVEN
connector.a5578e8c13196bb3fad5c180	ANCHOR_TO_DEST	ANCHOR	generated.farm.740f5eda2548b39299ec2eef.anchor	DEST	dest.6ae64a2dea927cc4882b9be3	0	79980	248153	-9848	79248	247390	-8816	926	926	1478	NO_PATH	0	0	data/spawns/Innadril/GardenOfEva.xml|data/teleporters/town/30899.xml	NO_PATH
connector.a591e127baa94ee02b78b04e	DEST_TO_ANCHOR	DEST	dest.3dd86fe06a72ce612785df72	ANCHOR	generated.farm.b89ca0b5dd9ae4d586a8f4a9.anchor	0	65307	-71445	-3688	68643	-72240	-3776	1537	1537	3431	VALID_DIRECT	3431	1	data/teleporters/town/31320.xml|data/spawns/Rune/ValleyOfSaints.xml	GEOENGINE_PROVEN
connector.a5cda7afc47810e7cbca3b50	ANCHOR_TO_DEST	ANCHOR	generated.farm.55a21c4d7990e8c7b6e62d66.anchor	DEST	dest.bf858e6767aedc4b3744d67b	0	152204	-61559	-2984	150561	-57489	-2976	1538	1538	4390	NO_PATH	0	0	data/spawns/Goddard/GardenOfBeasts.xml|data/teleporters/clanhall/Goddard/35461.xml	NO_PATH
connector.a5ee3947dadbd3cbc4943c6c	ANCHOR_TO_DEST	ANCHOR	generated.farm.0207a09bbbb16a46b95706bd.anchor	DEST	dest.45565ac66d6cf494a00dc6e5	0	91812	-51502	-2608	89513	-44800	-2136	1537	1537	7102	NO_PATH	0	0	data/spawns/Rune/SwampOfScreams.xml|data/teleporters/town/31320.xml	NO_PATH
connector.a5fcc21f829847f4fc34b437	DEST_TO_ANCHOR	DEST	dest.d58c71398b5a731b53392034	ANCHOR	generated.farm.492aa8ba93bfda1335dbfbc3.anchor	0	183140	-53307	-1896	189074	-58440	-2904	1538	1538	7911	NO_PATH	0	0	data/teleporters/town/31275.xml|data/spawns/Goddard/WallOfArgos.xml	NO_PATH
connector.a64ef477f7fab4b3c486d946	DEST_TO_ANCHOR	DEST	dest.21e9c9b1510df61032cbc4cc	ANCHOR	generated.farm.971e95449ef3a39381151685.anchor	0	77868	250400	-9328	79178	250328	-10360	926	926	1670	NO_PATH	0	0	data/teleporters/town/30899.xml|data/spawns/Innadril/GardenOfEva.xml	NO_PATH
connector.a6920fa304eb0787d032cdf5	ANCHOR_TO_GK	ANCHOR	generated.farm.66d6f34ccbc563d7eeadf427.anchor	GK	spawn.6d40136e98f143a65dfe3117	0	184392	58933	-7232	184458	61446	-3992	924	924	4101	NO_PATH	0	0	data/spawns/Aden/GiantsCave.xml|data/spawns/Others/25_19.xml	NO_PATH
connector.a6ad06ccb515103dd1ad6d28	ANCHOR_TO_DEST	ANCHOR	generated.farm.05aa0db26a7a3df923b2f303.anchor	DEST	dest.60157b30f93203373e08dd6a	0	107659	-157238	-2104	111965	-154172	-1528	1714	1714	5318	VALID_DIRECT	5318	1	data/spawns/Others/PlunderousPlains.xml|data/teleporters/clanhall/Schuttgart/35580.xml	GEOENGINE_PROVEN
connector.a6f37b3341625443344e2393	DEST_TO_ANCHOR	DEST	dest.a93a05bb8dc5f577fcad0b87	ANCHOR	generated.farm.5ab36622a62ce01d64b9675c.anchor	0	42514	143917	-5385	46621	148391	-3688	916	916	6306	NO_PATH	0	0	data/teleporters/dungeon/31120.xml|data/spawns/Dion/ExecutionGrounds.xml	NO_PATH
connector.a7103197b042dc5350307977	ANCHOR_TO_GK	ANCHOR	generated.farm.c6b91d878955fb4a74840c96.anchor	GK	spawn.4eb4de1255938bc6529e2121	0	154440	-47418	-3776	147264	-45632	-2083	1538	1538	7587	NO_PATH	0	0	data/spawns/Goddard/GardenOfBeasts.xml|data/spawns/Castles/Goddard.xml	NO_PATH
connector.a7243ddd60ceea9c9757dbc8	DEST_TO_ANCHOR	DEST	dest.137141ac05b457adc3dbb8d1	ANCHOR	generated.farm.6eff5c55bc37a152cca7c25a.anchor	0	146990	-67128	-3640	144807	-63309	-3352	1538	1538	4409	NO_PATH	0	0	data/teleporters/clanhall/Goddard/35467.xml|data/spawns/Goddard/GardenOfBeasts.xml	NO_PATH
connector.a72ad9c560dc631d0e43a2e5	DEST_TO_ANCHOR	DEST	dest.9b179fe51bfb83ea154beacf	ANCHOR	generated.farm.e47439edce6317c8c5af5c29.anchor	0	113553	134813	-3540	117413	128329	-2832	918	923	7580	NO_PATH	0	0	data/teleporters/town/30836.xml|data/spawns/Giran/GorgonFlowerGarden.xml	NO_PATH
connector.a73c584621fc05b1c4dfc7d6	DEST_TO_ANCHOR	DEST	dest.1e879a713772907ce9c92b95	ANCHOR	generated.farm.e88dc5c43b17ba3082defa26.anchor	0	91539	-12204	-2440	91755	-17769	-2048	922	922	5583	NO_PATH	0	0	data/teleporters/town/30177.xml|data/spawns/Oren/OutlawForest.xml	NO_PATH
connector.a74f808b03e673663572088c	ANCHOR_TO_DEST	ANCHOR	generated.farm.007f9057c1ee101b364fff57.anchor	DEST	dest.4f5494441b06f6ad17ab7b81	0	155476	-49469	-3352	148748	-48951	-687	1538	1538	7256	NO_PATH	0	0	data/spawns/Goddard/GardenOfBeasts.xml|data/teleporters/doorman/35359.xml	NO_PATH
connector.a75bebfd778b1b6c3acecf26	GK_TO_ANCHOR	GK	spawn.4eb4de1255938bc6529e2121	ANCHOR	generated.farm.580d4fbf531862b4ef832098.anchor	0	147264	-45632	-2083	154735	-43714	-3720	1538	1538	7886	NO_PATH	0	0	data/spawns/Castles/Goddard.xml|data/spawns/Goddard/GardenOfBeasts.xml	NO_PATH
connector.a7624d6b672d1deaf5776d92	DEST_TO_ANCHOR	DEST	dest.8d3b8a0f8679baa430ed780e	ANCHOR	population.route.dwarf.a4	0	115113	-178212	-901	113508	-174203	-608	921	921	4329	NO_PATH	0	0	data/teleporters/town/32163.xml|data/stats/players/templates/StartingClass/DwarvenFighter.xml|data/spawns/DwarvenTerritory/DwarvenStarting.xml	NO_PATH
connector.a7741f1237198797e1cc3819	DEST_TO_ANCHOR	DEST	dest.0feab79a64ec9659f5c1d1c5	ANCHOR	generated.farm.8bdb8e21ba7fe07c52cc76c1.anchor	0	124904	61992	-3920	123686	59051	-4576	923	923	3251	VALID_PATH	3844	5	data/teleporters/town/30233.xml|data/spawns/Hunters/EnchantedValley.xml	GEOENGINE_PROVEN
connector.a774c73b0a668ed36ae75c00	GK_TO_ANCHOR	GK	spawn.b312f274e40c62a9014273ed	ANCHOR	generated.farm.30c1f54e33a46208ad65888f.anchor	0	49328	248416	-5952	47973	245895	-6656	919	919	2948	NO_PATH	0	0	data/spawns/Others/21_25.xml|data/spawns/Others/21_25.xml	NO_PATH
connector.a77936077c6d88ec7b20a63c	GK_TO_ANCHOR	GK	spawn.51c3beb6cc7ad616365893a6	ANCHOR	generated.farm.5eb9ca10f507264114a7bd47.anchor	0	149024	-48080	-2382	155056	-48692	-3672	1538	1538	6199	NO_PATH	0	0	data/spawns/Castles/Goddard.xml|data/spawns/Goddard/GardenOfBeasts.xml	NO_PATH
connector.a7a9d8db824951bc4398f20b	DEST_TO_ANCHOR	DEST	dest.8d3b8a0f8679baa430ed780e	ANCHOR	population.route.dwarf.w2	0	115113	-178212	-901	110440	-173944	-528	921	921	6340	NO_PATH	0	0	data/teleporters/town/32163.xml|data/stats/players/templates/StartingClass/DwarvenFighter.xml|data/spawns/DwarvenTerritory/DwarvenStarting.xml	NO_PATH
connector.a7bc5fb2d8cfb6316369341c	ANCHOR_TO_DEST	ANCHOR	giran.castle.attacker.staging	DEST	dest.75b290f31a633ba9220d1886	0	112122	144855	-2751	115209	145089	-2604	918	918	3100	PATH_SEGMENT_BLOCKED	0	0	data/html/admin/teleports/CastleAreas/giran.htm|data/zones/castle_siege.xml|data/zones/castle_hall.xml|data/teleporters/doorman/35181.xml	PATH_SEGMENT_BLOCKED
connector.a7cf82f5d15fc00064ec9197	ANCHOR_TO_DEST	ANCHOR	generated.farm.dc5d2d4b093743fe7252925e.anchor	DEST	dest.8c09bbc7bfb0f2b227b81f0b	0	120559	47637	-3944	114674	44150	-3376	923	923	6865	NO_PATH	0	0	data/spawns/Hunters/EnchantedValley.xml|data/teleporters/town/30233.xml	NO_PATH
connector.a81178d650422a1dcb131d06	GK_TO_ANCHOR	GK	spawn.812dcd239de56605b0f9a40f	ANCHOR	generated.farm.c9688432b997ec0243ec1b3f.anchor	0	148636	4756	-400	148203	-1884	-4592	924	924	7865	NO_PATH	0	0	data/spawns/Castles/Aden.xml|data/spawns/Aden/BlazingSwamp.xml	NO_PATH
connector.a813e47aa3817a4d7c13e684	ANCHOR_TO_DEST	ANCHOR	generated.farm.a40ba7cfd512c9caa969e247.anchor	DEST	dest.8c09bbc7bfb0f2b227b81f0b	0	117746	40484	-4504	114674	44150	-3376	923	923	4915	NO_PATH	0	0	data/spawns/Hunters/EnchantedValley.xml|data/teleporters/town/30233.xml	NO_PATH
connector.a85cf3c8bad269a33efd2e54	ANCHOR_TO_GK	ANCHOR	population.route.human-mystic.a1	GK	spawn.ee82a6e3aa92a4ff7f32794c	0	-89304	249848	-3568	-84108	244604	-3728	910	910	7385	NO_PATH	0	0	data/stats/players/templates/StartingClass/HumanMystic.xml|data/spawns/TalkingIsland/TalkingIslandMonsters.xml|data/spawns/Others/17_25.xml	NO_PATH
connector.a88af519814ee9d16bbac201	DEST_TO_ANCHOR	DEST	dest.80d0bbcf9155ac3f563b0893	ANCHOR	generated.farm.f5d8df78a09e41d99d10034a.anchor	0	17253	114232	-3440	14485	116441	-3728	916	916	3554	VALID_PATH	3831	4	data/teleporters/others/30484.xml|data/spawns/Dion/CrumaMarshlands.xml	GEOENGINE_PROVEN
connector.a8e2a2bb1069db17f2defd97	ANCHOR_TO_GK	ANCHOR	generated.farm.8714c855f530d031d32c2e9b.anchor	GK	spawn.fd9f47ca0ec8168b909eabac	0	109809	-45451	-2336	107680	-52112	-2405	1538	1538	6994	NO_PATH	0	0	data/spawns/Goddard/VarkaSlenosOutpost.xml|data/spawns/Others/23_16.xml	NO_PATH
connector.a9332010ffa740c743495321	GK_TO_ANCHOR	GK	spawn.f3a49ab4f7a73dfdea27ae5e	ANCHOR	generated.farm.d5293ad13f4722d653be46d7.anchor	0	147134	-56576	-2760	151869	-61029	-3120	1538	1538	6510	NO_PATH	0	0	data/spawns/Others/24_16.xml|data/spawns/Goddard/GardenOfBeasts.xml	NO_PATH
connector.a9553c189f548033ccee3f5d	ANCHOR_TO_DEST	ANCHOR	generated.farm.dd523eee6e4a71d8ae8b855e.anchor	DEST	dest.60157b30f93203373e08dd6a	0	113217	-159900	-1584	111965	-154172	-1528	1714	1714	5864	NO_PATH	0	0	data/spawns/Others/PlunderousPlains.xml|data/teleporters/clanhall/Schuttgart/35580.xml	NO_PATH
connector.a97d4b59acd6d0026e9ac90a	DEST_TO_ANCHOR	DEST	dest.1dfa3f30667e31e6ac87d5fa	ANCHOR	generated.farm.5ee423a52e35fbb905b7ecb0.anchor	0	46951	51550	-2976	54714	51620	-3592	914	914	7788	NO_PATH	0	0	data/teleporters/town/30576.xml|data/spawns/ElvenTerritory/ElvenStarting.xml	NO_PATH
connector.a98e2c548807c85804fbceda	DEST_TO_ANCHOR	DEST	dest.21e9c9b1510df61032cbc4cc	ANCHOR	generated.farm.d8f73f15f7b61b931200f06d.anchor	0	77868	250400	-9328	80565	250265	-10872	926	926	3111	NO_PATH	0	0	data/teleporters/town/30899.xml|data/spawns/Innadril/GardenOfEva.xml	NO_PATH
connector.a9ac5eccaec868e2e6cf8ce7	DEST_TO_ANCHOR	DEST	dest.868209e8a0412a795262ab4a	ANCHOR	generated.farm.c6b91d878955fb4a74840c96.anchor	0	147459	-45221	-2084	154440	-47418	-3776	1538	1538	7512	NO_PATH	0	0	data/teleporters/doorman/35356.xml|data/spawns/Goddard/GardenOfBeasts.xml	NO_PATH
connector.a9ce80530696f300e2de7446	DEST_TO_ANCHOR	DEST	dest.f2250fc66d2e1e4512042557	ANCHOR	population.route.human-mystic.b1	0	-84318	244579	-3730	-90072	248328	-3568	910	910	6870	NO_PATH	0	0	data/teleporters/town/32163.xml|data/stats/players/templates/StartingClass/HumanMystic.xml|data/spawns/TalkingIsland/TalkingIslandMonsters.xml	NO_PATH
connector.aa57d638d64e0bbc1876d95a	ANCHOR_TO_DEST	ANCHOR	generated.farm.7687a7a08e9e2c021b1ed490.anchor	DEST	dest.08fda93b82ab29b126fc3432	0	138248	-47069	-3008	146177	-48942	-687	1538	1538	8472	NO_PATH	0	0	data/spawns/Goddard/GardenOfBeasts.xml|data/teleporters/doorman/35360.xml	NO_PATH
connector.aa68e91d10a18af095d94f70	ANCHOR_TO_GK	ANCHOR	generated.farm.c6076add103259c1f91ba953.anchor	GK	spawn.f3a49ab4f7a73dfdea27ae5e	0	140696	-57173	-2944	147134	-56576	-2760	1538	1538	6469	NO_PATH	0	0	data/spawns/Goddard/GardenOfBeasts.xml|data/spawns/Others/24_16.xml	NO_PATH
connector.aa7e649ad75646410b392a5c	ANCHOR_TO_GK	ANCHOR	population.route.orc.a4	GK	spawn.0ee92d8baebbdfb84d872803	0	-50077	-115763	-160	-45264	-112512	-240	920	920	5809	NO_PATH	0	0	data/stats/players/templates/StartingClass/OrcFighter.xml|data/stats/players/templates/StartingClass/OrcMystic.xml|data/spawns/OrcTerritory/OrcStarting.xml|data/spawns/Others/18_14.xml	NO_PATH
connector.aa9b39ef951592338e28998e	ANCHOR_TO_GK	ANCHOR	generated.farm.c6b91d878955fb4a74840c96.anchor	GK	spawn.2c9dd5f04731e37d775ed3ac	0	154440	-47418	-3776	147808	-45328	-2083	1538	1538	7157	NO_PATH	0	0	data/spawns/Goddard/GardenOfBeasts.xml|data/spawns/Castles/Goddard.xml	NO_PATH
connector.aaaf9cb8f55f9274aeb96889	ANCHOR_TO_GK	ANCHOR	generated.farm.1bc0806803391550b59b5dd7.anchor	GK	spawn.adbf2ddde00443bc89450f43	0	173413	-187077	-488	178884	-184227	-336	921	921	6171	NO_PATH	0	0	data/spawns/DwarvenTerritory/DwarvenStarting.xml|data/spawns/Others/25_12.xml	NO_PATH
connector.aac55720ec964fdc14b36e1b	ANCHOR_TO_DEST	ANCHOR	generated.farm.f3fd4678fef37c7c3d4873a6.anchor	DEST	dest.05dff68273ca1da96f284fdb	0	85212	241424	-7160	84413	234334	-3656	926	926	7949	NO_PATH	0	0	data/spawns/Innadril/GardenOfEva.xml|data/teleporters/town/30899.xml	NO_PATH
connector.aaf12309c13aeac8aef87d08	ANCHOR_TO_GK	ANCHOR	generated.farm.f5d8df78a09e41d99d10034a.anchor	GK	spawn.e5d13b091f3fbcdcd0c90dd5	0	14485	116441	-3728	17555	113967	-11675	916	916	8872	NO_PATH	0	0	data/spawns/Dion/CrumaMarshlands.xml|data/spawns/Others/20_21.xml	NO_PATH
connector.aaf600de543a091088e4feee	DEST_TO_ANCHOR	DEST	dest.e58785de760af9858aee2c0d	ANCHOR	generated.farm.0eb995760d6a84b18285948e.anchor	0	183985	61424	-3992	182592	61008	-7232	924	924	3552	NO_PATH	0	0	data/teleporters/clanhall/Aden/35443.xml|data/spawns/Aden/GiantsCave.xml	NO_PATH
connector.ab13d9be693416442e586f7c	GK_TO_ANCHOR	GK	spawn.b3ade47a783cc4d199b36042	ANCHOR	generated.farm.cd97e77022d4a79ec5fc001f.anchor	0	42608	143952	-5379	43218	143155	-3272	916	916	2334	NO_PATH	0	0	data/spawns/Others/21_22.xml|data/spawns/Dion/ExecutionGrounds.xml	NO_PATH
connector.ab17f35bc4848e42173845a4	ANCHOR_TO_GK	ANCHOR	generated.farm.5eb9ca10f507264114a7bd47.anchor	GK	spawn.2c9dd5f04731e37d775ed3ac	0	155056	-48692	-3672	147808	-45328	-2083	1538	1538	8148	NO_PATH	0	0	data/spawns/Goddard/GardenOfBeasts.xml|data/spawns/Castles/Goddard.xml	NO_PATH
connector.ab359da7445a7c4fc7b8ff62	DEST_TO_ANCHOR	DEST	dest.f2522fd691ccf61f81ae16ec	ANCHOR	generated.farm.4cd53c45c6e037a8566c222c.anchor	0	82951	252354	-10592	79876	252068	-10872	926	926	3101	VALID_PATH	3262	4	data/teleporters/town/30899.xml|data/spawns/Innadril/GardenOfEva.xml	GEOENGINE_PROVEN
connector.ab5cc09db7723642ffb29dab	ANCHOR_TO_DEST	ANCHOR	generated.farm.bfb0335de417bc81a7e9b231.anchor	DEST	dest.1336b2e6b9a96915db9adc85	0	-88052	241579	-3600	-84141	244623	-3728	910	910	4958	NO_PATH	0	0	data/spawns/TalkingIsland/TalkingIslandMonsters.xml|data/teleporters/town/30134.xml	NO_PATH
connector.abd267ff5b8dac65d5a421fa	ANCHOR_TO_DEST	ANCHOR	generated.farm.08e2f276ceac7d79452a6ad6.anchor	DEST	dest.676f59b862d33902959c4f11	0	7200	-19044	-3696	11235	-24026	-3640	1924	1924	6412	VALID_DIRECT	6412	1	data/spawns/Rune/PrimevalIsle.xml|data/teleporters/town/31320.xml	GEOENGINE_PROVEN
connector.abd7aa414af2f51f189f0a56	DEST_TO_ANCHOR	DEST	dest.4bf9406ebda63490a2e4f866	ANCHOR	generated.farm.55a21c4d7990e8c7b6e62d66.anchor	0	147728	-56331	-2776	152204	-61559	-2984	1538	1538	6886	NO_PATH	0	0	data/teleporters/clanhall/Goddard/35461.xml|data/spawns/Goddard/GardenOfBeasts.xml	NO_PATH
connector.abebfaf07df6e73f060999fb	ANCHOR_TO_DEST	ANCHOR	generated.farm.9057155f8085e9c45c1b48a1.anchor	DEST	dest.cc433c3076642e927f9055c3	0	72229	-45281	-3224	69340	-50203	-3314	1537	1537	5708	NO_PATH	0	0	data/spawns/Rune/SwampOfScreams.xml|data/teleporters/clanhall/Rune/35640.xml	NO_PATH
connector.ac099a558e4a2636b0d34e23	ANCHOR_TO_DEST	ANCHOR	generated.farm.f5d8df78a09e41d99d10034a.anchor	DEST	dest.310df8d1b7641040b46f5dc8	0	14485	116441	-3728	17719	115590	-6584	916	916	4398	NO_PATH	0	0	data/spawns/Dion/CrumaMarshlands.xml|data/teleporters/others/30486.xml	NO_PATH
connector.ac0ca9f581669406929293c5	ANCHOR_TO_DEST	ANCHOR	generated.farm.5dc4820c3eac4a6394b06b56.anchor	DEST	dest.99c640dbaf880872599d4081	0	-14160	179196	-5304	-9959	176184	-4160	912	912	5295	NO_PATH	0	0	data/spawns/Gludio/Wasteland.xml|data/teleporters/clanhall/Gludio/35386.xml	NO_PATH
connector.ac397e1f3c639202de7fae2e	ANCHOR_TO_GK	ANCHOR	generated.farm.3333c096958cf6fc5bc9510f.anchor	GK	spawn.79dc0be68e2c487320847dde	0	190605	59422	-4976	191391	57074	-7616	924	924	3620	NO_PATH	0	0	data/spawns/Aden/GiantsCave.xml|data/spawns/Others/25_19.xml	NO_PATH
connector.ac4a0a6c242e109289b6a47c	ANCHOR_TO_GK	ANCHOR	population.route.orc.a2	GK	spawn.0ee92d8baebbdfb84d872803	0	-52637	-113715	-80	-45264	-112512	-240	920	920	7473	NO_PATH	0	0	data/stats/players/templates/StartingClass/OrcFighter.xml|data/stats/players/templates/StartingClass/OrcMystic.xml|data/spawns/OrcTerritory/OrcStarting.xml|data/spawns/Others/18_14.xml	NO_PATH
connector.ac77749542dc151cb5863458	ANCHOR_TO_DEST	ANCHOR	population.ingress.human-mystic.01	DEST	dest.d4313d5eea5aa2d626abb520	0	-90875	248162	-3568	-84752	243122	-3728	910	910	7933	NO_PATH	0	0	data/stats/players/templates/StartingClass/HumanMystic.xml|data/teleporters/others/32614.xml	NO_PATH
connector.ac9dbaf6192b2edfdf93105e	DEST_TO_ANCHOR	DEST	dest.9c5be74df9759b32cc4ea701	ANCHOR	population.route.dwarf.a1	0	115120	-178224	-880	110436	-173947	-528	921	921	6353	NO_PATH	0	0	data/teleporters/town/30256.xml|data/stats/players/templates/StartingClass/DwarvenFighter.xml|data/spawns/DwarvenTerritory/DwarvenStarting.xml	NO_PATH
connector.ad54441b0b1cbc5f67c2cb26	ANCHOR_TO_DEST	ANCHOR	generated.farm.97b738cb2985ccb255961073.anchor	DEST	dest.6f4c5951ec7be753e0cfc142	0	132386	-56014	-3112	132997	-60608	-2960	1538	1538	4637	NO_PATH	0	0	data/spawns/Goddard/GardenOfBeasts.xml|data/teleporters/town/31275.xml	NO_PATH
connector.ad7398df34f5fbb6c4d015bb	ANCHOR_TO_DEST	ANCHOR	generated.farm.c6076add103259c1f91ba953.anchor	DEST	dest.163f0aea44efeffae77fffed	0	140696	-57173	-2944	148024	-55281	-2728	1538	1538	7572	NO_PATH	0	0	data/spawns/Goddard/GardenOfBeasts.xml|data/teleporters/others/Varka.xml	NO_PATH
connector.ad9819f78dda33e5722ece8a	GK_TO_ANCHOR	GK	spawn.4ec1cadaeec07b1cea645215	ANCHOR	generated.farm.580d4fbf531862b4ef832098.anchor	0	149272	-48088	-2382	154735	-43714	-3720	1538	1538	7126	NO_PATH	0	0	data/spawns/Castles/Goddard.xml|data/spawns/Goddard/GardenOfBeasts.xml	NO_PATH
connector.ada4fbc16363ce2cc2c0110d	DEST_TO_ANCHOR	DEST	dest.aeaabba5efe922a1d9fd6540	ANCHOR	generated.farm.3ed60488890fc56b8a93d524.anchor	0	145616	4614	-436	145214	-1914	-4592	924	924	7750	NO_PATH	0	0	data/teleporters/doorman/35268.xml|data/spawns/Aden/BlazingSwamp.xml	NO_PATH
connector.add091a503e40db42ec96556	DEST_TO_ANCHOR	DEST	dest.6f4c5951ec7be753e0cfc142	ANCHOR	generated.farm.97b738cb2985ccb255961073.anchor	0	132997	-60608	-2960	132386	-56014	-3112	1538	1538	4637	NO_PATH	0	0	data/teleporters/town/31275.xml|data/spawns/Goddard/GardenOfBeasts.xml	NO_PATH
connector.ade33ff18359c1c23a8da301	ANCHOR_TO_DEST	ANCHOR	generated.farm.2375efd4a61538412f238d7c.anchor	DEST	dest.9637163d36bdf4ac9032ff74	0	152789	-2636	-4544	147458	2408	219	924	924	8750	NO_PATH	0	0	data/spawns/Aden/BlazingSwamp.xml|data/teleporters/doorman/35271.xml	NO_PATH
connector.adfb25484611862eaa124f7a	ANCHOR_TO_GK	ANCHOR	generated.farm.44b1ade2814caaa457678dfb.anchor	GK	spawn.fba52e3020863a6709bad42b	0	155467	-47545	-3824	148612	-49004	-688	1538	1538	7679	NO_PATH	0	0	data/spawns/Goddard/GardenOfBeasts.xml|data/spawns/Castles/Goddard.xml	NO_PATH
connector.ae52bf9ad41e07b6f2899338	GK_TO_ANCHOR	GK	spawn.3a0446a892f0598177d3c757	ANCHOR	generated.farm.7687a7a08e9e2c021b1ed490.anchor	0	145904	-48096	-2382	138248	-47069	-3008	1538	1538	7750	NO_PATH	0	0	data/spawns/Castles/Goddard.xml|data/spawns/Goddard/GardenOfBeasts.xml	NO_PATH
connector.ae7b69f4c79892f4ba7f1232	ANCHOR_TO_DEST	ANCHOR	generated.farm.acbc1fbb53cc203c35e3437c.anchor	DEST	dest.1e879a713772907ce9c92b95	0	93241	-8879	-2904	91539	-12204	-2440	922	922	3765	VALID_PATH	3891	3	data/spawns/Oren/OutlawForest.xml|data/teleporters/town/30177.xml	GEOENGINE_PROVEN
connector.aefb257abb2fdc13baaf5491	DEST_TO_ANCHOR	DEST	dest.4346aa20af328c9ba9f6af99	ANCHOR	generated.farm.591067a5298457e013a6dfbd.anchor	0	181726	-7524	-3464	181604	-10285	-3368	924	924	2766	VALID_DIRECT	2766	1	data/teleporters/clanhall/Aden/35439.xml|data/spawns/Aden/FieldsOfMassacre.xml	GEOENGINE_PROVEN
connector.af2c06373fdd6198d15913df	DEST_TO_ANCHOR	DEST	dest.fb425c42143da7dbe6caa9bd	ANCHOR	generated.farm.9ce01b6c387257511e5c6df4.anchor	0	148928	-48245	-2383	156116	-46618	-3760	1538	1538	7498	NO_PATH	0	0	data/teleporters/doorman/35358.xml|data/spawns/Goddard/GardenOfBeasts.xml	NO_PATH
connector.af41bb1970add091dec13049	ANCHOR_TO_DEST	ANCHOR	generated.farm.40c5f8858df37983d677ac58.anchor	DEST	dest.c22f3e4ebc26119cb4e14b22	0	136935	-202962	-3632	136910	-205082	-3664	921	921	2121	PATH_SEGMENT_BLOCKED	0	0	data/spawns/DwarvenTerritory/DwarvenStarting.xml|data/teleporters/town/30540.xml	PATH_SEGMENT_BLOCKED
connector.af4c07c7064d105bcbce9b63	GK_TO_ANCHOR	GK	spawn.c3b887fab1e752991ad6afef	ANCHOR	generated.farm.f0514c14d379407f1823f1e7.anchor	0	148381	-56525	-2760	151576	-62206	-3232	1538	1538	6535	NO_PATH	0	0	data/spawns/Others/24_16.xml|data/spawns/Goddard/GardenOfBeasts.xml	NO_PATH
connector.af742384538c8830f781f232	ANCHOR_TO_GK	ANCHOR	giran.castle.defender.staging	GK	spawn.ea01e40d6590c4c626ba7ac8	0	116540	146655	-1866	113009	144703	-2817	918	918	4146	NO_PATH	0	0	data/zones/castle_hall.xml|data/zones/castle_siege.xml|data/spawns/Castles/Giran.xml	NO_PATH
connector.aff6399530710161fdc89ea5	ANCHOR_TO_DEST	ANCHOR	generated.farm.e47439edce6317c8c5af5c29.anchor	DEST	dest.9b179fe51bfb83ea154beacf	0	117413	128329	-2832	113553	134813	-3540	923	918	7580	NO_PATH	0	0	data/spawns/Giran/GorgonFlowerGarden.xml|data/teleporters/town/30836.xml	NO_PATH
connector.b00d24a856244eef1682f228	DEST_TO_ANCHOR	DEST	dest.b3ded18bbb6e7117c0af9e78	ANCHOR	generated.farm.90d47b1862fa765d578be3e7.anchor	0	84092	-80084	-3504	78718	-74595	-3360	1537	1537	7684	NO_PATH	0	0	data/teleporters/town/31320.xml|data/spawns/Rune/ValleyOfSaints.xml	NO_PATH
connector.b08a927031708e627e41e55b	DEST_TO_ANCHOR	DEST	dest.285de1592f4b8592a440458c	ANCHOR	generated.farm.2f5a4686e378172f8cb75ec4.anchor	0	147459	-45789	-2084	154309	-46007	-3744	1538	1538	7052	NO_PATH	0	0	data/teleporters/doorman/35356.xml|data/spawns/Goddard/GardenOfBeasts.xml	NO_PATH
connector.b0a4f4d17a8d4c26ac4acbfd	GK_TO_ANCHOR	GK	spawn.a2c2a6ac58e1b452764dc8e1	ANCHOR	generated.farm.2375efd4a61538412f238d7c.anchor	0	147552	2128	221	152789	-2636	-4544	924	924	8534	NO_PATH	0	0	data/spawns/Castles/Aden.xml|data/spawns/Aden/BlazingSwamp.xml	NO_PATH
connector.b0ba4d82622d456858202ae9	DEST_TO_ANCHOR	DEST	dest.08fda93b82ab29b126fc3432	ANCHOR	generated.farm.76760877434123ebddb05ba3.anchor	0	146177	-48942	-687	138008	-49020	-3240	1538	1538	8559	NO_PATH	0	0	data/teleporters/doorman/35360.xml|data/spawns/Goddard/GardenOfBeasts.xml	NO_PATH
connector.b0c14ba43d9b0dcc750959ab	ANCHOR_TO_GK	ANCHOR	generated.farm.ea72d768f3c8ec3d79c1a530.anchor	GK	spawn.cd48f4a126ad9fb6d9a60ca2	0	116056	-175091	-1016	115072	-178176	-880	921	921	3241	VALID_PATH	3345	3	data/spawns/DwarvenTerritory/DwarvenStarting.xml|data/spawns/Others/23_12.xml	GEOENGINE_PROVEN
connector.b0de864d5f10c3eebdd0ceca	GK_TO_ANCHOR	GK	spawn.0ee92d8baebbdfb84d872803	ANCHOR	population.farming.orc.20535	0	-45264	-112512	-240	-49106	-115854	-160	920	920	5093	NO_PATH	0	0	data/spawns/Others/18_14.xml|data/spawns/OrcTerritory/OrcStarting.xml	NO_PATH
connector.b0edd6fffacfd61b34197c6d	ANCHOR_TO_DEST	ANCHOR	giran.route.north	DEST	dest.75c9d3fb9a76edd9c2a47378	0	85000	143000	-4072	83551	147945	-3400	918	918	5197	NO_PATH	0	0	data/mapregion/giran_castle_town.xml|data/teleporters/town/30836.xml	NO_PATH
connector.b14bf49a0d7ae68ddf3f896a	DEST_TO_ANCHOR	DEST	dest.6bec7a4c0bb3d37a76b51684	ANCHOR	generated.farm.7f05e3c6a00179d12ec5d3b5.anchor	0	85546	131328	-3672	81232	126548	-2776	918	923	6501	NO_PATH	0	0	data/teleporters/clanhall/Giran/35457.xml|data/spawns/Giran/BrekasStronghold.xml	NO_PATH
connector.b1afa38f626ecd7f0ca15541	ANCHOR_TO_DEST	ANCHOR	generated.farm.cb65033f6bce8b06e457404b.anchor	DEST	dest.bc80e599e9387f3e2d5d3f90	0	74241	-46831	-3192	69340	-50203	-3288	1537	1537	5950	NO_PATH	0	0	data/spawns/Rune/SwampOfScreams.xml|data/teleporters/town/31320.xml	NO_PATH
connector.b1e8d54b0398ab2cc3231258	ANCHOR_TO_DEST	ANCHOR	generated.farm.7687a7a08e9e2c021b1ed490.anchor	DEST	dest.5fe38c8e1f8672000e17c3fe	0	138248	-47069	-3008	145514	-48241	-2383	1538	1538	7387	NO_PATH	0	0	data/spawns/Goddard/GardenOfBeasts.xml|data/teleporters/doorman/35357.xml	NO_PATH
connector.b2012efce11df69dac6f958f	GK_TO_ANCHOR	GK	spawn.4946ea02365506ad1599c2fd	ANCHOR	generated.farm.3ec423fd29deeac7ab56455f.anchor	0	146280	-49180	-672	138496	-51209	-2736	1538	1538	8305	NO_PATH	0	0	data/spawns/Castles/Goddard.xml|data/spawns/Goddard/GardenOfBeasts.xml	NO_PATH
connector.b2254b17469fb1a2ddf68c83	GK_TO_ANCHOR	GK	spawn.ee82a6e3aa92a4ff7f32794c	ANCHOR	population.farming.human-mystic.20481	0	-84108	244604	-3728	-86478	251343	-3600	910	910	7145	NO_PATH	0	0	data/spawns/Others/17_25.xml|data/spawns/TalkingIsland/TalkingIslandMonsters.xml	NO_PATH
connector.b22659e9fe6789557ec0d223	DEST_TO_ANCHOR	DEST	dest.5fe38c8e1f8672000e17c3fe	ANCHOR	generated.farm.7687a7a08e9e2c021b1ed490.anchor	0	145514	-48241	-2383	138248	-47069	-3008	1538	1538	7387	NO_PATH	0	0	data/teleporters/doorman/35357.xml|data/spawns/Goddard/GardenOfBeasts.xml	NO_PATH
connector.b22e1eede19fe6ecbb62b5a0	DEST_TO_ANCHOR	DEST	dest.e06ff2b687a47fbf723865b7	ANCHOR	giran.gatekeeper.30080	0	83551	147942	-3400	83396	147904	-3404	918	918	160	VALID_DIRECT	160	1	data/teleporters/town/30878.xml|data/stats/npcs/30000-30099.xml|data/spawns/Others/22_22.xml|data/teleporters/town/30080.xml	GEOENGINE_PROVEN
connector.b2bd40e62730b052962426fd	GK_TO_ANCHOR	GK	spawn.6d40136e98f143a65dfe3117	ANCHOR	generated.farm.66d6f34ccbc563d7eeadf427.anchor	0	184458	61446	-3992	184392	58933	-7232	924	924	4101	NO_PATH	0	0	data/spawns/Others/25_19.xml|data/spawns/Aden/GiantsCave.xml	NO_PATH
connector.b2f5845025c0f7ff15386229	ANCHOR_TO_DEST	ANCHOR	giran.gatekeeper.30080	DEST	dest.0a3082f7cc8ee57406948adb	0	83396	147904	-3404	81749	149171	-3464	918	918	2079	VALID_DIRECT	2079	1	data/stats/npcs/30000-30099.xml|data/spawns/Others/22_22.xml|data/teleporters/town/30080.xml|data/teleporters/chamberlain/35184.xml	GEOENGINE_PROVEN
connector.b2f91c4facfb1c6a4ecc2742	ANCHOR_TO_GK	ANCHOR	generated.farm.d5293ad13f4722d653be46d7.anchor	GK	spawn.ac310663c394c7d6add8412b	0	151869	-61029	-3120	149024	-55456	-2765	1538	1538	6268	NO_PATH	0	0	data/spawns/Goddard/GardenOfBeasts.xml|data/spawns/Others/24_16.xml	NO_PATH
connector.b3060ef7a22434b361269c12	DEST_TO_ANCHOR	DEST	dest.a93a05bb8dc5f577fcad0b87	ANCHOR	generated.farm.58fb59f14eb6728f01dd73f2.anchor	0	42514	143917	-5385	46781	145524	-3680	916	916	4868	NO_PATH	0	0	data/teleporters/dungeon/31120.xml|data/spawns/Dion/ExecutionGrounds.xml	NO_PATH
connector.b30762512f48e31c3d567f43	ANCHOR_TO_DEST	ANCHOR	generated.farm.007f9057c1ee101b364fff57.anchor	DEST	dest.0078633d4fd88238ef4fcba7	0	155476	-49469	-3352	148736	-49201	-688	1538	1538	7253	NO_PATH	0	0	data/spawns/Goddard/GardenOfBeasts.xml|data/teleporters/doorman/35359.xml	NO_PATH
connector.b32b04de06b858c52a04e095	DEST_TO_ANCHOR	DEST	dest.285de1592f4b8592a440458c	ANCHOR	generated.farm.c6b91d878955fb4a74840c96.anchor	0	147459	-45789	-2084	154440	-47418	-3776	1538	1538	7366	NO_PATH	0	0	data/teleporters/doorman/35356.xml|data/spawns/Goddard/GardenOfBeasts.xml	NO_PATH
connector.b33591fd975fceca1d13feb0	DEST_TO_ANCHOR	DEST	dest.698f76618645d240ff17b97f	ANCHOR	generated.farm.db99f08fc6972085fc41c704.anchor	0	-89763	105359	-3576	-90503	111494	-3416	911	911	6182	NO_PATH	0	0	data/teleporters/town/30320.xml|data/spawns/Gludin/TurekOrcs.xml	NO_PATH
connector.b351c95e4020371ae5114d06	DEST_TO_ANCHOR	DEST	dest.388ea2f92227db8e8dece50a	ANCHOR	generated.farm.3ed60488890fc56b8a93d524.anchor	0	149283	4610	-432	145214	-1914	-4592	924	924	8743	NO_PATH	0	0	data/teleporters/doorman/35270.xml|data/spawns/Aden/BlazingSwamp.xml	NO_PATH
connector.b3e7c5238d50fe48ac42536b	GK_TO_ANCHOR	GK	spawn.adbf2ddde00443bc89450f43	ANCHOR	generated.farm.df677844f3af094815e984cc.anchor	0	178884	-184227	-336	175556	-188129	-1672	921	921	5300	NO_PATH	0	0	data/spawns/Others/25_12.xml|data/spawns/DwarvenTerritory/DwarvenStarting.xml	NO_PATH
connector.b3e9ea933beb5c124ee83b0f	DEST_TO_ANCHOR	DEST	dest.989f1f1ebece5846171b7e0c	ANCHOR	generated.farm.44b1ade2814caaa457678dfb.anchor	0	149430	-48245	-2383	155467	-47545	-3824	1538	1538	6246	NO_PATH	0	0	data/teleporters/doorman/35358.xml|data/spawns/Goddard/GardenOfBeasts.xml	NO_PATH
connector.b3f260666e5748da337c60f1	DEST_TO_ANCHOR	DEST	dest.1dfa3f30667e31e6ac87d5fa	ANCHOR	generated.farm.519759dffe4a0803b970d3ee.anchor	0	46951	51550	-2976	48712	55466	-3464	914	914	4322	NO_PATH	0	0	data/teleporters/town/30576.xml|data/spawns/ElvenTerritory/ElvenStarting.xml	NO_PATH
connector.b42d78b37dbb52c0967ab5cb	GK_TO_ANCHOR	GK	spawn.79dc0be68e2c487320847dde	ANCHOR	generated.farm.7def1e4c245b5e409416950d.anchor	0	191391	57074	-7616	193447	59405	-4976	924	924	4079	NO_PATH	0	0	data/spawns/Others/25_19.xml|data/spawns/Aden/GiantsCave.xml	NO_PATH
connector.b48ad3528c39c053356825e1	ANCHOR_TO_GK	ANCHOR	generated.farm.55a21c4d7990e8c7b6e62d66.anchor	GK	spawn.844ddb7500852ef9c1ed2526	0	152204	-61559	-2984	147966	-55228	-2728	1538	1538	7623	NO_PATH	0	0	data/spawns/Goddard/GardenOfBeasts.xml|data/spawns/Others/24_16.xml	NO_PATH
connector.b4cb1d6a506972c45d6db7e0	ANCHOR_TO_DEST	ANCHOR	generated.farm.1bc0806803391550b59b5dd7.anchor	DEST	dest.fbea6002af7dc7c3e4d7d167	0	173413	-187077	-488	175499	-181586	-904	921	921	5889	NO_PATH	0	0	data/spawns/DwarvenTerritory/DwarvenStarting.xml|data/teleporters/town/30540.xml	NO_PATH
connector.b4d7eef02dfcb9d058fb7afb	DEST_TO_ANCHOR	DEST	dest.4f5494441b06f6ad17ab7b81	ANCHOR	generated.farm.2f5a4686e378172f8cb75ec4.anchor	0	148748	-48951	-687	154309	-46007	-3744	1538	1538	6996	NO_PATH	0	0	data/teleporters/doorman/35359.xml|data/spawns/Goddard/GardenOfBeasts.xml	NO_PATH
connector.b4f528591958232082988871	ANCHOR_TO_DEST	ANCHOR	generated.farm.b3416e77e589e7e02112b46c.anchor	DEST	dest.d58c71398b5a731b53392034	0	180036	-46584	-3344	183140	-53307	-1896	1538	1538	7546	NO_PATH	0	0	data/spawns/Goddard/WallOfArgos.xml|data/teleporters/town/31275.xml	NO_PATH
connector.b5180ce532d0b3f2fbd432c4	GK_TO_ANCHOR	GK	spawn.4ec1cadaeec07b1cea645215	ANCHOR	generated.farm.2f5a4686e378172f8cb75ec4.anchor	0	149272	-48088	-2382	154309	-46007	-3744	1538	1538	5618	NO_PATH	0	0	data/spawns/Castles/Goddard.xml|data/spawns/Goddard/GardenOfBeasts.xml	NO_PATH
connector.b527797238536169712467d4	DEST_TO_ANCHOR	DEST	dest.4bf9406ebda63490a2e4f866	ANCHOR	generated.farm.7f3bc4923037a86b5311ef60.anchor	0	147728	-56331	-2776	154266	-57607	-3368	1538	1538	6688	NO_PATH	0	0	data/teleporters/clanhall/Goddard/35461.xml|data/spawns/Goddard/GardenOfBeasts.xml	NO_PATH
connector.b531c658d3dd8231e9b545c3	GK_TO_ANCHOR	GK	spawn.5ec71ae062fb709719b08cec	ANCHOR	generated.farm.31da5576b79c7d3e8c70da21.anchor	0	11504	-23344	-3644	6057	-17408	-3696	1924	1924	8057	NO_PATH	0	0	data/spawns/Others/20_17.xml|data/spawns/Rune/PrimevalIsle.xml	NO_PATH
connector.b53d1858950f7a551ab3efa2	GK_TO_ANCHOR	GK	spawn.4ec1cadaeec07b1cea645215	ANCHOR	generated.farm.5646fdca6ae25d5f7b8df80f.anchor	0	149272	-48088	-2382	154200	-44838	-3744	1538	1538	6059	NO_PATH	0	0	data/spawns/Castles/Goddard.xml|data/spawns/Goddard/GardenOfBeasts.xml	NO_PATH
connector.b62b52ace62cc6dd240a7815	DEST_TO_ANCHOR	DEST	dest.e58785de760af9858aee2c0d	ANCHOR	generated.farm.94c542b65d93000ba6993464.anchor	0	183985	61424	-3992	186194	61013	-7232	924	924	3943	NO_PATH	0	0	data/teleporters/clanhall/Aden/35443.xml|data/spawns/Aden/GiantsCave.xml	NO_PATH
connector.b6c1e8c198c3aa58a5d94aca	ANCHOR_TO_DEST	ANCHOR	generated.farm.71e9ed0e781508b1ff50393a.anchor	DEST	dest.506a7d783a0110ccf138860e	0	-42286	193693	-3112	-42256	198333	-2800	911	911	4651	VALID_DIRECT	4651	1	data/spawns/Gludio/Wasteland.xml|data/teleporters/town/30320.xml	GEOENGINE_PROVEN
connector.b6d678f88c1c087674a4234c	ANCHOR_TO_DEST	ANCHOR	generated.farm.d5293ad13f4722d653be46d7.anchor	DEST	dest.bf858e6767aedc4b3744d67b	0	151869	-61029	-3120	150561	-57489	-2976	1538	1538	3777	NO_PATH	0	0	data/spawns/Goddard/GardenOfBeasts.xml|data/teleporters/clanhall/Goddard/35461.xml	NO_PATH
connector.b6dd22eb1b81f0f20bdc3909	ANCHOR_TO_DEST	ANCHOR	generated.farm.7f05e3c6a00179d12ec5d3b5.anchor	DEST	dest.6bec7a4c0bb3d37a76b51684	0	81232	126548	-2776	85546	131328	-3672	923	918	6501	NO_PATH	0	0	data/spawns/Giran/BrekasStronghold.xml|data/teleporters/clanhall/Giran/35457.xml	NO_PATH
connector.b6f0a86b1bb9ee30106651d8	ANCHOR_TO_GK	ANCHOR	generated.farm.5ee423a52e35fbb905b7ecb0.anchor	GK	spawn.c1a8e0b5f59219febffb093b	0	54714	51620	-3592	46926	51511	-2976	914	914	7814	NO_PATH	0	0	data/spawns/ElvenTerritory/ElvenStarting.xml|data/spawns/Others/21_19.xml	NO_PATH
connector.b770b8a81edf443219c51b63	GK_TO_ANCHOR	GK	spawn.ea01e40d6590c4c626ba7ac8	ANCHOR	giran.castle.defender.staging	0	113009	144703	-2817	116540	146655	-1866	918	918	4146	NO_PATH	0	0	data/spawns/Castles/Giran.xml|data/zones/castle_hall.xml|data/zones/castle_siege.xml	NO_PATH
connector.b7b8c09caa056518958b2d62	DEST_TO_ANCHOR	DEST	dest.1b10b6e3a3cf02df43ce107b	ANCHOR	generated.farm.f88dd4bcfb535df8e10320bf.anchor	0	78721	253309	-9840	77985	250562	-9848	926	926	2844	PATH_SEGMENT_BLOCKED	0	0	data/teleporters/town/30899.xml|data/spawns/Innadril/GardenOfEva.xml	PATH_SEGMENT_BLOCKED
connector.b803c67a846f8cd54a22d4c7	DEST_TO_ANCHOR	DEST	dest.a1e4693884e8683fb171a478	ANCHOR	generated.farm.5eb9ca10f507264114a7bd47.anchor	0	153996	-50182	-2992	155056	-48692	-3672	1538	1538	1951	PATH_SEGMENT_BLOCKED	0	0	data/teleporters/chamberlain/35363.xml|data/spawns/Goddard/GardenOfBeasts.xml	PATH_SEGMENT_BLOCKED
connector.b83bc81a42e41924823de002	ANCHOR_TO_DEST	ANCHOR	generated.farm.088e8bc59766f22991a08e5d.anchor	DEST	dest.c22f3e4ebc26119cb4e14b22	0	130094	-209377	-3552	136910	-205082	-3664	921	921	8058	VALID_DIRECT	8058	1	data/spawns/DwarvenTerritory/DwarvenStarting.xml|data/teleporters/town/30540.xml	GEOENGINE_PROVEN
connector.b84a4de474e1f9b79bc847bd	ANCHOR_TO_DEST	ANCHOR	generated.farm.c9688432b997ec0243ec1b3f.anchor	DEST	dest.e3baac14371de72d8b2e3755	0	148203	-1884	-4592	147458	2010	217	924	924	6233	NO_PATH	0	0	data/spawns/Aden/BlazingSwamp.xml|data/teleporters/doorman/35271.xml	NO_PATH
connector.b8d88bf38cf72625cd8f6dbc	DEST_TO_ANCHOR	DEST	dest.0d0316ad3328c2a0c97eaa42	ANCHOR	giran.city.center	0	81548	152633	-3528	82480	149087	-3350	918	918	3671	NO_PATH	0	0	data/teleporters/clanhall/Giran/35455.xml|data/mapregion/giran_castle_town.xml	NO_PATH
connector.b8e4513c2ed72e96d5a8f2a1	ANCHOR_TO_DEST	ANCHOR	generated.farm.3a339f8c4f55cae891392f7a.anchor	DEST	dest.bc80e599e9387f3e2d5d3f90	0	73765	-51246	-3136	69340	-50203	-3288	1537	1537	4549	NO_PATH	0	0	data/spawns/Rune/SwampOfScreams.xml|data/teleporters/town/31320.xml	NO_PATH
connector.b9177e6f5db10b7daba352ab	GK_TO_ANCHOR	GK	spawn.3a0446a892f0598177d3c757	ANCHOR	generated.farm.b98bdaf85c5429eec94dc264.anchor	0	145904	-48096	-2382	139056	-52350	-2768	1538	1538	8071	NO_PATH	0	0	data/spawns/Castles/Goddard.xml|data/spawns/Goddard/GardenOfBeasts.xml	NO_PATH
connector.b922009ab274c2e4aad3f152	DEST_TO_ANCHOR	DEST	dest.fab7b56737a57f4e742112eb	ANCHOR	generated.farm.b89ca0b5dd9ae4d586a8f4a9.anchor	0	65307	-71445	-3696	68643	-72240	-3776	1537	1537	3431	VALID_DIRECT	3431	1	data/teleporters/clanhall/Rune/35576.xml|data/spawns/Rune/ValleyOfSaints.xml	GEOENGINE_PROVEN
connector.b9505cdea5866574d4cd599d	DEST_TO_ANCHOR	DEST	dest.818f1d4dc9597a3b7b746723	ANCHOR	generated.farm.c566a65e22d07a92230b56a2.anchor	0	-99586	237637	-3568	-95163	237296	-3408	910	910	4440	VALID_DIRECT	4440	1	data/teleporters/town/30006.xml|data/spawns/TalkingIsland/TalkingIslandMonsters.xml	GEOENGINE_PROVEN
connector.b9869cf2242ba29bae0e5051	DEST_TO_ANCHOR	DEST	dest.6a1ddd6bd7f4610f50be2cf8	ANCHOR	generated.farm.344969dd30e86158807cebbf.anchor	0	144866	-57464	-2976	142551	-60911	-3176	1538	1538	4158	VALID_PATH	4390	3	data/teleporters/clanhall/Goddard/35461.xml|data/spawns/Goddard/GardenOfBeasts.xml	GEOENGINE_PROVEN
connector.b988aade1a1526bf043d8a1e	DEST_TO_ANCHOR	DEST	dest.c22f3e4ebc26119cb4e14b22	ANCHOR	generated.farm.40c5f8858df37983d677ac58.anchor	0	136910	-205082	-3664	136935	-202962	-3632	921	921	2121	VALID_PATH	2193	3	data/teleporters/town/30540.xml|data/spawns/DwarvenTerritory/DwarvenStarting.xml	GEOENGINE_PROVEN
connector.b9db9072fd78343bf052cfed	GK_TO_ANCHOR	GK	spawn.94983ae1f1c3f9665c08d90a	ANCHOR	generated.farm.f9b63f921f23f478d0a06cd7.anchor	0	146416	-55568	-2765	141706	-60265	-3328	1538	1538	6676	NO_PATH	0	0	data/spawns/Others/24_16.xml|data/spawns/Goddard/GardenOfBeasts.xml	NO_PATH
connector.ba17e4fe17e6e5a6a4b6d364	ANCHOR_TO_DEST	ANCHOR	generated.farm.63219ca1a8fdc4e5a980373d.anchor	DEST	dest.8c09bbc7bfb0f2b227b81f0b	0	120368	40952	-4568	114674	44150	-3376	923	923	6639	NO_PATH	0	0	data/spawns/Hunters/EnchantedValley.xml|data/teleporters/town/30233.xml	NO_PATH
connector.ba1a889a5e668c31c25bf410	ANCHOR_TO_GK	ANCHOR	generated.farm.5eb9ca10f507264114a7bd47.anchor	GK	spawn.4ec1cadaeec07b1cea645215	0	155056	-48692	-3672	149272	-48088	-2382	1538	1538	5957	NO_PATH	0	0	data/spawns/Goddard/GardenOfBeasts.xml|data/spawns/Castles/Goddard.xml	NO_PATH
connector.ba8ad5c4c82cc7d9049aa792	ANCHOR_TO_DEST	ANCHOR	population.ingress.human-mystic.02	DEST	dest.d4313d5eea5aa2d626abb520	0	-90954	248118	-3568	-84752	243122	-3728	910	910	7966	NO_PATH	0	0	data/stats/players/templates/StartingClass/HumanMystic.xml|data/teleporters/others/32614.xml	NO_PATH
connector.baa742d93971737d1153c35f	ANCHOR_TO_GK	ANCHOR	generated.farm.a32843d9945a633fb0d082ee.anchor	GK	spawn.812dcd239de56605b0f9a40f	0	150739	-2129	-4568	148636	4756	-400	924	924	8319	NO_PATH	0	0	data/spawns/Aden/BlazingSwamp.xml|data/spawns/Castles/Aden.xml	NO_PATH
connector.baa8f92111771110fd4be39d	ANCHOR_TO_DEST	ANCHOR	generated.farm.e72c2c1fdf7715981415fcdb.anchor	DEST	dest.a11b765b1fdfbe59148d95d8	0	-49543	-110784	-240	-45158	-112583	-240	920	920	4740	NO_PATH	0	0	data/spawns/OrcTerritory/OrcStarting.xml|data/teleporters/town/30320.xml	NO_PATH
connector.bb21f10c0eb28cd257450f34	GK_TO_ANCHOR	GK	spawn.b3ade47a783cc4d199b36042	ANCHOR	generated.farm.58fb59f14eb6728f01dd73f2.anchor	0	42608	143952	-5379	46781	145524	-3680	916	916	4772	NO_PATH	0	0	data/spawns/Others/21_22.xml|data/spawns/Dion/ExecutionGrounds.xml	NO_PATH
connector.bb4e7c6e77550c57cc230132	ANCHOR_TO_DEST	ANCHOR	giran.gatekeeper.30080	DEST	dest.e06ff2b687a47fbf723865b7	0	83396	147904	-3404	83551	147942	-3400	918	918	160	VALID_DIRECT	160	1	data/stats/npcs/30000-30099.xml|data/spawns/Others/22_22.xml|data/teleporters/town/30080.xml|data/teleporters/town/30878.xml	GEOENGINE_PROVEN
connector.bb7586f1ad24b9891e9e9e0c	ANCHOR_TO_GK	ANCHOR	generated.farm.d5293ad13f4722d653be46d7.anchor	GK	spawn.f3a49ab4f7a73dfdea27ae5e	0	151869	-61029	-3120	147134	-56576	-2760	1538	1538	6510	NO_PATH	0	0	data/spawns/Goddard/GardenOfBeasts.xml|data/spawns/Others/24_16.xml	NO_PATH
connector.bbbd0471836246a34de8353b	ANCHOR_TO_GK	ANCHOR	giran.castle.attacker.staging	GK	spawn.ea01e40d6590c4c626ba7ac8	0	112122	144855	-2751	113009	144703	-2817	918	918	903	PATH_SEGMENT_BLOCKED	0	0	data/html/admin/teleports/CastleAreas/giran.htm|data/zones/castle_siege.xml|data/zones/castle_hall.xml|data/spawns/Castles/Giran.xml	PATH_SEGMENT_BLOCKED
connector.bbd6cf763bf9394df2d819b1	ANCHOR_TO_GK	ANCHOR	generated.farm.55a21c4d7990e8c7b6e62d66.anchor	GK	spawn.c3b887fab1e752991ad6afef	0	152204	-61559	-2984	148381	-56525	-2760	1538	1538	6326	NO_PATH	0	0	data/spawns/Goddard/GardenOfBeasts.xml|data/spawns/Others/24_16.xml	NO_PATH
connector.bbe08e04bcbcd5398e8ad03e	ANCHOR_TO_DEST	ANCHOR	generated.farm.a55e8e8a7f41817966994e74.anchor	DEST	dest.2922b91d3ca04e1143da7fa0	0	188271	-18211	-1216	183543	-14974	-2776	924	924	5939	NO_PATH	0	0	data/spawns/Aden/FieldsOfMassacre.xml|data/teleporters/town/30848.xml	NO_PATH
connector.bbe145860a0e9dcb3ab6d50c	DEST_TO_ANCHOR	DEST	dest.6fb5021ca4d18a28277cff29	ANCHOR	generated.farm.2375cb206c6e030fba6f3396.anchor	0	71814	-57054	-3088	69373	-56615	-3096	1537	1537	2481	VALID_PATH	2570	3	data/teleporters/chamberlain/35509.xml|data/spawns/Rune/SwampOfScreams.xml	GEOENGINE_PROVEN
connector.bc266ba98c328b4c633d4118	DEST_TO_ANCHOR	DEST	dest.0078633d4fd88238ef4fcba7	ANCHOR	generated.farm.1410fcecaf888ad87f8cfe85.anchor	0	148736	-49201	-688	156752	-50472	-3104	1538	1538	8469	NO_PATH	0	0	data/teleporters/doorman/35359.xml|data/spawns/Goddard/GardenOfBeasts.xml	NO_PATH
connector.bc56522aaa19f09c20796c14	ANCHOR_TO_DEST	ANCHOR	generated.farm.5603e92e1fee2a50869a1471.anchor	DEST	dest.e58785de760af9858aee2c0d	0	185546	58931	-7232	183985	61424	-3992	924	924	4376	NO_PATH	0	0	data/spawns/Aden/GiantsCave.xml|data/teleporters/clanhall/Aden/35443.xml	NO_PATH
connector.bc5e023f7c288e13430fc463	ANCHOR_TO_DEST	ANCHOR	generated.farm.c34d4845871d5a78bc5d3cd1.anchor	DEST	dest.4284b435762f397cce85fcfb	0	149010	-111922	-2160	144880	-113468	-2560	1538	1538	4428	NO_PATH	0	0	data/spawns/Goddard/HotSprings.xml|data/teleporters/others/Varka.xml	NO_PATH
connector.bc7b5c04b1b5278391fae185	ANCHOR_TO_DEST	ANCHOR	generated.farm.44b1ade2814caaa457678dfb.anchor	DEST	dest.fb425c42143da7dbe6caa9bd	0	155467	-47545	-3824	148928	-48245	-2383	1538	1538	6733	NO_PATH	0	0	data/spawns/Goddard/GardenOfBeasts.xml|data/teleporters/doorman/35358.xml	NO_PATH
connector.bc8ade8481dfede10f4d9ef3	DEST_TO_ANCHOR	DEST	dest.0feab79a64ec9659f5c1d1c5	ANCHOR	generated.farm.9017c6d044923a6e02026807.anchor	0	124904	61992	-3920	123216	54644	-3680	923	923	7544	NO_PATH	0	0	data/teleporters/town/30233.xml|data/spawns/Hunters/EnchantedValley.xml	NO_PATH
connector.bc9bfdca0406926c537662e4	ANCHOR_TO_DEST	ANCHOR	generated.farm.cb230c9e1aab9953fcd7e371.anchor	DEST	dest.1e879a713772907ce9c92b95	0	89836	-6410	-3096	91539	-12204	-2440	922	922	6075	NO_PATH	0	0	data/spawns/Oren/OutlawForest.xml|data/teleporters/town/30177.xml	NO_PATH
connector.bd18448b300b58f6fc0c58b8	ANCHOR_TO_DEST	ANCHOR	generated.farm.8bcb77c9ec91bdb3ecdf78d6.anchor	DEST	dest.d58c71398b5a731b53392034	0	180486	-52817	-3264	183140	-53307	-1896	1538	1538	3026	NO_PATH	0	0	data/spawns/Goddard/WallOfArgos.xml|data/teleporters/town/31275.xml	NO_PATH
connector.bd38fa7e9ba82ed7397b8ac5	ANCHOR_TO_DEST	ANCHOR	generated.farm.432802d3c2901d9686cb1651.anchor	DEST	dest.d4313d5eea5aa2d626abb520	0	-90610	248293	-3568	-84752	243122	-3728	910	910	7816	NO_PATH	0	0	data/spawns/Others/Gremlins.xml|data/teleporters/others/32614.xml	NO_PATH
connector.bd5c1a22318b7a02a42c0747	GK_TO_ANCHOR	GK	spawn.b01963fa374b638f50531674	ANCHOR	generated.farm.b98bdaf85c5429eec94dc264.anchor	0	146312	-49004	-688	139056	-52350	-2768	1538	1538	8257	NO_PATH	0	0	data/spawns/Castles/Goddard.xml|data/spawns/Goddard/GardenOfBeasts.xml	NO_PATH
connector.bd6e858c41a9324eb171879a	DEST_TO_ANCHOR	DEST	dest.9d74188a88fecd721cf1e45e	ANCHOR	elven.farming.oren04-2019-10s	0	21362	51122	-3688	16057	52260	-3544	914	914	5428	NO_PATH	0	0	data/teleporters/town/30146.xml|data/spawns/ElvenTerritory/ElvenStarting.xml	NO_PATH
connector.bd7734bb83ae6c38c2469dce	ANCHOR_TO_DEST	ANCHOR	generated.farm.475038779aaee6a2e82aa06b.anchor	DEST	dest.fbea6002af7dc7c3e4d7d167	0	175552	-186630	-1280	175499	-181586	-904	921	921	5059	NO_PATH	0	0	data/spawns/DwarvenTerritory/DwarvenStarting.xml|data/teleporters/town/30540.xml	NO_PATH
connector.bd7f54196ff660b048727c95	DEST_TO_ANCHOR	DEST	dest.cc433c3076642e927f9055c3	ANCHOR	generated.farm.9057155f8085e9c45c1b48a1.anchor	0	69340	-50203	-3314	72229	-45281	-3224	1537	1537	5708	NO_PATH	0	0	data/teleporters/clanhall/Rune/35640.xml|data/spawns/Rune/SwampOfScreams.xml	NO_PATH
connector.bd9735f4f7e96ddf702cad0c	DEST_TO_ANCHOR	DEST	dest.b3ded18bbb6e7117c0af9e78	ANCHOR	generated.farm.4bb756702b8a0ed5fab065ea.anchor	0	84092	-80084	-3504	84162	-72651	-3504	1537	1537	7434	NO_PATH	0	0	data/teleporters/town/31320.xml|data/spawns/Rune/ValleyOfSaints.xml	NO_PATH
connector.bdd030edd4e764a4b6efd608	DEST_TO_ANCHOR	DEST	dest.698f76618645d240ff17b97f	ANCHOR	generated.farm.e301fdeac7fe0b8425bad0d9.anchor	0	-89763	105359	-3576	-93438	107985	-3872	911	911	4527	NO_PATH	0	0	data/teleporters/town/30320.xml|data/spawns/Gludin/TurekOrcs.xml	NO_PATH
connector.bddd97060ba8b018d50c9ccb	ANCHOR_TO_DEST	ANCHOR	generated.farm.195346187bb8cfab214a6820.anchor	DEST	dest.c5b83c9fbef62a1041c22fe6	0	180254	15860	-3168	184742	19745	-3168	924	924	5936	NO_PATH	0	0	data/spawns/Aden/Cemetery.xml|data/teleporters/clanhall/Aden/35441.xml	NO_PATH
connector.be034e0f31ece8ff49f15e80	ANCHOR_TO_GK	ANCHOR	generated.farm.2f5a4686e378172f8cb75ec4.anchor	GK	spawn.fba52e3020863a6709bad42b	0	154309	-46007	-3744	148612	-49004	-688	1538	1538	7126	NO_PATH	0	0	data/spawns/Goddard/GardenOfBeasts.xml|data/spawns/Castles/Goddard.xml	NO_PATH
connector.be5d288b56ce5798c4fdbdf8	DEST_TO_ANCHOR	DEST	dest.4b5c5793c1f48563fea006af	ANCHOR	generated.farm.5f01830f7c24ddb634d325de.anchor	0	165054	-47861	-3560	168082	-44528	-3456	1538	1538	4505	VALID_DIRECT	4505	1	data/teleporters/clanhall/Goddard/35463.xml|data/spawns/Goddard/WallOfArgos.xml	GEOENGINE_PROVEN
connector.beb357da7f21d08637fed269	GK_TO_ANCHOR	GK	spawn.844ddb7500852ef9c1ed2526	ANCHOR	generated.farm.7f3bc4923037a86b5311ef60.anchor	0	147966	-55228	-2728	154266	-57607	-3368	1538	1538	6765	NO_PATH	0	0	data/spawns/Others/24_16.xml|data/spawns/Goddard/GardenOfBeasts.xml	NO_PATH
connector.bf1bc5f50475ecde2575f121	DEST_TO_ANCHOR	DEST	dest.84cfda71508181370e4e1e94	ANCHOR	generated.farm.68ac03db1d45016496b071a9.anchor	0	50568	152408	-2656	54175	151597	-2456	916	916	3703	NO_PATH	0	0	data/teleporters/town/30059.xml|data/spawns/Dion/ExecutionGrounds.xml	NO_PATH
connector.bf27b5c9f397ad67446639b4	DEST_TO_ANCHOR	DEST	dest.698f76618645d240ff17b97f	ANCHOR	generated.farm.90938b6eb5d577d41502628c.anchor	0	-89763	105359	-3576	-91524	110070	-3544	911	911	5030	NO_PATH	0	0	data/teleporters/town/30320.xml|data/spawns/Gludin/TurekOrcs.xml	NO_PATH
connector.bfad01421c4fd21f86f83c37	ANCHOR_TO_DEST	ANCHOR	generated.farm.2396e2631ee61e620fb3e6a8.anchor	DEST	dest.1e879a713772907ce9c92b95	0	93577	-6059	-3280	91539	-12204	-2440	922	922	6529	NO_PATH	0	0	data/spawns/Oren/OutlawForest.xml|data/teleporters/town/30177.xml	NO_PATH
connector.bffef0a60b1eff0b9923e23e	DEST_TO_ANCHOR	DEST	dest.bc80e599e9387f3e2d5d3f90	ANCHOR	generated.farm.21b9887f8ee2edf13d4afe09.anchor	0	69340	-50203	-3288	71042	-55479	-3136	1537	1537	5546	NO_PATH	0	0	data/teleporters/town/31320.xml|data/spawns/Rune/SwampOfScreams.xml	NO_PATH
connector.c061a1fed7bc2b9648d7b43e	GK_TO_ANCHOR	GK	spawn.94983ae1f1c3f9665c08d90a	ANCHOR	generated.farm.8a7bb9fc5fe46b8eedb998ea.anchor	0	146416	-55568	-2765	143516	-61360	-3152	1538	1538	6489	NO_PATH	0	0	data/spawns/Others/24_16.xml|data/spawns/Goddard/GardenOfBeasts.xml	NO_PATH
connector.c082e94125ce3472ddc5fd7a	DEST_TO_ANCHOR	DEST	dest.4c8e1b10064333c3b31e6a23	ANCHOR	generated.farm.dae3e42619c5b51dd06b78d6.anchor	0	73024	118485	-3720	71356	121144	-3600	923	923	3142	VALID_PATH	3289	6	data/teleporters/clanhall/Giran/35455.xml|data/spawns/Giran/DeathPass.xml	GEOENGINE_PROVEN
connector.c0c4faa20a610adb0d91ee8c	ANCHOR_TO_GK	ANCHOR	generated.farm.c6076add103259c1f91ba953.anchor	GK	spawn.844ddb7500852ef9c1ed2526	0	140696	-57173	-2944	147966	-55228	-2728	1538	1538	7529	NO_PATH	0	0	data/spawns/Goddard/GardenOfBeasts.xml|data/spawns/Others/24_16.xml	NO_PATH
connector.c0d21dd8c2ebedea3d50fb94	DEST_TO_ANCHOR	DEST	dest.1e879a713772907ce9c92b95	ANCHOR	generated.farm.78f7aae7bba7a04b467a32bd.anchor	0	91539	-12204	-2440	92657	-11702	-2264	922	922	1239	VALID_DIRECT	1239	1	data/teleporters/town/30177.xml|data/spawns/Oren/OutlawForest.xml	GEOENGINE_PROVEN
connector.c10c74ba551bf677c03b0a38	DEST_TO_ANCHOR	DEST	dest.c109f018f56e30d5971c5075	ANCHOR	giran.city.center	0	81525	143821	-3528	82480	149087	-3350	918	918	5355	NO_PATH	0	0	data/teleporters/clanhall/Giran/35457.xml|data/mapregion/giran_castle_town.xml	NO_PATH
connector.c10ce6ab861fbc11e7b8f2b2	ANCHOR_TO_GK	ANCHOR	generated.farm.7687a7a08e9e2c021b1ed490.anchor	GK	spawn.3a0446a892f0598177d3c757	0	138248	-47069	-3008	145904	-48096	-2382	1538	1538	7750	NO_PATH	0	0	data/spawns/Goddard/GardenOfBeasts.xml|data/spawns/Castles/Goddard.xml	NO_PATH
connector.c11ecba86f4a4dc8b065fbe7	GK_TO_ANCHOR	GK	spawn.a5279a01d5ee6f920ba23338	ANCHOR	generated.farm.2821cf96ec95f62bb3d5bec7.anchor	0	17725	108220	-9057	20661	114027	-3712	916	916	8421	NO_PATH	0	0	data/spawns/Others/20_21.xml|data/spawns/Dion/CrumaMarshlands.xml	NO_PATH
connector.c144fbeb39db0cb59d64c362	ANCHOR_TO_DEST	ANCHOR	generated.farm.7f3bc4923037a86b5311ef60.anchor	DEST	dest.163f0aea44efeffae77fffed	0	154266	-57607	-3368	148024	-55281	-2728	1538	1538	6692	NO_PATH	0	0	data/spawns/Goddard/GardenOfBeasts.xml|data/teleporters/others/Varka.xml	NO_PATH
connector.c19175c47fb914db0cba2338	GK_TO_ANCHOR	GK	spawn.ee82a6e3aa92a4ff7f32794c	ANCHOR	population.route.human-mystic.b2	0	-84108	244604	-3728	-89240	249912	-3568	910	910	7385	NO_PATH	0	0	data/spawns/Others/17_25.xml|data/stats/players/templates/StartingClass/HumanMystic.xml|data/spawns/TalkingIsland/TalkingIslandMonsters.xml	NO_PATH
connector.c1d4fd186639338fdc85c8b4	ANCHOR_TO_GK	ANCHOR	generated.farm.d5293ad13f4722d653be46d7.anchor	GK	spawn.c3b887fab1e752991ad6afef	0	151869	-61029	-3120	148381	-56525	-2760	1538	1538	5709	NO_PATH	0	0	data/spawns/Goddard/GardenOfBeasts.xml|data/spawns/Others/24_16.xml	NO_PATH
connector.c1f55e4ebbaadac9ad00f6e4	ANCHOR_TO_DEST	ANCHOR	generated.farm.5646fdca6ae25d5f7b8df80f.anchor	DEST	dest.4f5494441b06f6ad17ab7b81	0	154200	-44838	-3744	148748	-48951	-687	1538	1538	7483	NO_PATH	0	0	data/spawns/Goddard/GardenOfBeasts.xml|data/teleporters/doorman/35359.xml	NO_PATH
connector.c228daea269a110d97f5c041	ANCHOR_TO_GK	ANCHOR	generated.farm.2821cf96ec95f62bb3d5bec7.anchor	GK	spawn.ac82aef55922d501c77db6ea	0	20661	114027	-3712	17722	119749	-9068	916	916	8371	NO_PATH	0	0	data/spawns/Dion/CrumaMarshlands.xml|data/spawns/Others/20_21.xml	NO_PATH
connector.c23d4bb884db4fa6bf71f81e	DEST_TO_ANCHOR	DEST	dest.1336b2e6b9a96915db9adc85	ANCHOR	population.route.human-mystic.a1	0	-84141	244623	-3728	-89304	249848	-3568	910	910	7348	NO_PATH	0	0	data/teleporters/town/30134.xml|data/stats/players/templates/StartingClass/HumanMystic.xml|data/spawns/TalkingIsland/TalkingIslandMonsters.xml	NO_PATH
connector.c248b4bd25f4ee928bd61241	DEST_TO_ANCHOR	DEST	dest.6ae64a2dea927cc4882b9be3	ANCHOR	generated.farm.f88dd4bcfb535df8e10320bf.anchor	0	79248	247390	-8816	77985	250562	-9848	926	926	3567	NO_PATH	0	0	data/teleporters/town/30899.xml|data/spawns/Innadril/GardenOfEva.xml	NO_PATH
connector.c27c8893057acd554782852f	ANCHOR_TO_GK	ANCHOR	generated.farm.5646fdca6ae25d5f7b8df80f.anchor	GK	spawn.4ec1cadaeec07b1cea645215	0	154200	-44838	-3744	149272	-48088	-2382	1538	1538	6059	NO_PATH	0	0	data/spawns/Goddard/GardenOfBeasts.xml|data/spawns/Castles/Goddard.xml	NO_PATH
connector.c2811a39790a822b9d0eecd6	ANCHOR_TO_DEST	ANCHOR	generated.farm.87c6db395f6b9b474b17558f.anchor	DEST	dest.c198460adf168f69d59928b8	0	154342	-18791	-1680	155310	-16339	-3320	924	924	3105	PATH_SEGMENT_BLOCKED	0	0	data/spawns/Aden/BlazingSwamp.xml|data/teleporters/clanhall/Aden/35439.xml	PATH_SEGMENT_BLOCKED
connector.c2c4b9fe71398f07605724ab	ANCHOR_TO_GK	ANCHOR	generated.farm.afa946c77c6be59d634b7d89.anchor	GK	spawn.f3a49ab4f7a73dfdea27ae5e	0	142079	-60649	-3312	147134	-56576	-2760	1538	1538	6516	NO_PATH	0	0	data/spawns/Goddard/GardenOfBeasts.xml|data/spawns/Others/24_16.xml	NO_PATH
connector.c2c9bbb4406d896600aea237	GK_TO_ANCHOR	GK	spawn.b3ade47a783cc4d199b36042	ANCHOR	generated.farm.5ab36622a62ce01d64b9675c.anchor	0	42608	143952	-5379	46621	148391	-3688	916	916	6219	NO_PATH	0	0	data/spawns/Others/21_22.xml|data/spawns/Dion/ExecutionGrounds.xml	NO_PATH
connector.c34c034610117ff543ac9644	ANCHOR_TO_GK	ANCHOR	population.farming.human-mystic.20481	GK	spawn.ee82a6e3aa92a4ff7f32794c	0	-86478	251343	-3600	-84108	244604	-3728	910	910	7145	NO_PATH	0	0	data/spawns/TalkingIsland/TalkingIslandMonsters.xml|data/spawns/Others/17_25.xml	NO_PATH
connector.c3974ecf89adc69a1bd9c6b0	ANCHOR_TO_DEST	ANCHOR	giran.gatekeeper.30080	DEST	dest.0d0316ad3328c2a0c97eaa42	0	83396	147904	-3404	81548	152633	-3528	918	918	5079	NO_PATH	0	0	data/stats/npcs/30000-30099.xml|data/spawns/Others/22_22.xml|data/teleporters/town/30080.xml|data/teleporters/clanhall/Giran/35455.xml	NO_PATH
connector.c3ae3abe53f691ae17be7d8e	ANCHOR_TO_DEST	ANCHOR	generated.farm.c6b91d878955fb4a74840c96.anchor	DEST	dest.fb425c42143da7dbe6caa9bd	0	154440	-47418	-3776	148928	-48245	-2383	1538	1538	5746	NO_PATH	0	0	data/spawns/Goddard/GardenOfBeasts.xml|data/teleporters/doorman/35358.xml	NO_PATH
connector.c40887ac4aa52b03717d0c71	ANCHOR_TO_DEST	ANCHOR	generated.farm.5ee423a52e35fbb905b7ecb0.anchor	DEST	dest.dba239778a263299c9f59019	0	54714	51620	-3592	46934	51467	-2977	914	914	7806	NO_PATH	0	0	data/spawns/ElvenTerritory/ElvenStarting.xml|data/teleporters/town/32163.xml	NO_PATH
connector.c428ea950ad9cc42494b0f04	ANCHOR_TO_DEST	ANCHOR	population.route.orc.a2	DEST	dest.a11b765b1fdfbe59148d95d8	0	-52637	-113715	-80	-45158	-112583	-240	920	920	7566	NO_PATH	0	0	data/stats/players/templates/StartingClass/OrcFighter.xml|data/stats/players/templates/StartingClass/OrcMystic.xml|data/spawns/OrcTerritory/OrcStarting.xml|data/teleporters/town/30320.xml	NO_PATH
connector.c42f1b294840415c809d9840	GK_TO_ANCHOR	GK	spawn.6d40136e98f143a65dfe3117	ANCHOR	generated.farm.10ad9aaebcc9de4d4457e1b3.anchor	0	184458	61446	-3992	185071	61012	-7232	924	924	3326	NO_PATH	0	0	data/spawns/Others/25_19.xml|data/spawns/Aden/GiantsCave.xml	NO_PATH
connector.c4367b1e6f64e295026c42c7	DEST_TO_ANCHOR	DEST	dest.f2522fd691ccf61f81ae16ec	ANCHOR	generated.farm.5310413c60e256f0d17348d9.anchor	0	82951	252354	-10592	84906	250441	-10872	926	926	2750	VALID_DIRECT	2750	1	data/teleporters/town/30899.xml|data/spawns/Innadril/GardenOfEva.xml	GEOENGINE_PROVEN
connector.c447934d608737ccbca7329f	GK_TO_ANCHOR	GK	spawn.79dc0be68e2c487320847dde	ANCHOR	generated.farm.85634b6a1ea05c2a88bec73e.anchor	0	191391	57074	-7616	192009	58238	-4808	924	924	3102	NO_PATH	0	0	data/spawns/Others/25_19.xml|data/spawns/Aden/GiantsCave.xml	NO_PATH
connector.c472b09c312ac73b6ed2d211	DEST_TO_ANCHOR	DEST	dest.bc15f24e05184431bde3e1fc	ANCHOR	giran.city.center	0	77305	148636	-3592	82480	149087	-3350	918	918	5201	NO_PATH	0	0	data/teleporters/clanhall/Giran/35457.xml|data/mapregion/giran_castle_town.xml	NO_PATH
connector.c4bbe95753ca44e9b50892c8	ANCHOR_TO_DEST	ANCHOR	generated.farm.85634b6a1ea05c2a88bec73e.anchor	DEST	dest.2381ef3e82eb4c230b417890	0	192009	58238	-4808	191754	56760	-7624	924	924	3191	PATH_SEGMENT_BLOCKED	0	0	data/spawns/Aden/GiantsCave.xml|data/teleporters/clanhall/Aden/35449.xml	PATH_SEGMENT_BLOCKED
connector.c4d9e6a1b88b2f24e643ce8c	DEST_TO_ANCHOR	DEST	dest.f2522fd691ccf61f81ae16ec	ANCHOR	generated.farm.686fbff5e2bf4b58a7f01700.anchor	0	82951	252354	-10592	80389	253542	-10872	926	926	2838	VALID_PATH	2871	4	data/teleporters/town/30899.xml|data/spawns/Innadril/GardenOfEva.xml	GEOENGINE_PROVEN
connector.c4eb6b2f2db53f83c142ef45	ANCHOR_TO_GK	ANCHOR	population.route.human-mystic.guard.30733	GK	spawn.ee82a6e3aa92a4ff7f32794c	0	-87847	250564	-3616	-84108	244604	-3728	910	910	7037	NO_PATH	0	0	data/stats/players/templates/StartingClass/HumanMystic.xml|data/spawns/TalkingIsland/TalkingIslandMonsters.xml|data/stats/npcs/30700-30799.xml|data/spawns/Others/17_25.xml	NO_PATH
connector.c51aaf3a20c420e7677cac43	DEST_TO_ANCHOR	DEST	dest.c8fc06108a2386fe7db50f9d	ANCHOR	generated.farm.f0826fb3f948c2b1f46661a0.anchor	0	-54026	179504	-4650	-55738	181868	-2984	911	911	3361	NO_PATH	0	0	data/teleporters/town/30320.xml|data/spawns/Gludio/Wasteland.xml	NO_PATH
connector.c522a13055d028bb9943c580	DEST_TO_ANCHOR	DEST	dest.dba239778a263299c9f59019	ANCHOR	generated.farm.519759dffe4a0803b970d3ee.anchor	0	46934	51467	-2977	48712	55466	-3464	914	914	4404	NO_PATH	0	0	data/teleporters/town/32163.xml|data/spawns/ElvenTerritory/ElvenStarting.xml	NO_PATH
connector.c538e58d9112bff14ecee6bd	DEST_TO_ANCHOR	DEST	dest.ac389c02ab4f56bc2f4d3487	ANCHOR	generated.farm.2985d2a43dbd5a0b2baa7cb0.anchor	0	64328	26803	-3768	62517	24358	-3784	922	922	3043	VALID_PATH	3336	6	data/teleporters/town/30177.xml|data/spawns/Oren/SeaOfSpores.xml	GEOENGINE_PROVEN
connector.c5510f9fadc441afeb3f61a7	DEST_TO_ANCHOR	DEST	dest.c22f3e4ebc26119cb4e14b22	ANCHOR	generated.farm.aa29c1792ab359df7ec6bdd3.anchor	0	136910	-205082	-3664	144241	-204346	-3128	921	921	7388	VALID_DIRECT	7388	1	data/teleporters/town/30540.xml|data/spawns/DwarvenTerritory/DwarvenStarting.xml	GEOENGINE_PROVEN
connector.c576a7c12d9b76fb8e0dce7b	GK_TO_ANCHOR	GK	spawn.ac310663c394c7d6add8412b	ANCHOR	generated.farm.f0514c14d379407f1823f1e7.anchor	0	149024	-55456	-2765	151576	-62206	-3232	1538	1538	7232	NO_PATH	0	0	data/spawns/Others/24_16.xml|data/spawns/Goddard/GardenOfBeasts.xml	NO_PATH
connector.c5a3f418cbb4cccbfc9ef681	ANCHOR_TO_DEST	ANCHOR	giran.castle.defender.staging	DEST	dest.75b290f31a633ba9220d1886	0	116540	146655	-1866	115209	145089	-2604	918	918	2184	NO_PATH	0	0	data/zones/castle_hall.xml|data/zones/castle_siege.xml|data/teleporters/doorman/35181.xml	NO_PATH
connector.c5a4f8ed2e96bf8f8e9774fe	ANCHOR_TO_DEST	ANCHOR	generated.farm.f020c8af030fa89ae2f5f53a.anchor	DEST	dest.18657e72d3afd42f45908db0	0	151209	-63042	-3408	153460	-70055	-3312	1538	1538	7367	NO_PATH	0	0	data/spawns/Goddard/GardenOfBeasts.xml|data/teleporters/chamberlain/35363.xml	NO_PATH
connector.c5b0a555ab43668a0e1857b0	ANCHOR_TO_GK	ANCHOR	generated.farm.a32843d9945a633fb0d082ee.anchor	GK	spawn.886ea7c1f785b55b69ec0767	0	150739	-2129	-4568	147408	2320	221	924	924	7337	NO_PATH	0	0	data/spawns/Aden/BlazingSwamp.xml|data/spawns/Castles/Aden.xml	NO_PATH
connector.c687c09a90cdb087bf51797a	ANCHOR_TO_DEST	ANCHOR	generated.farm.971e95449ef3a39381151685.anchor	DEST	dest.21e9c9b1510df61032cbc4cc	0	79178	250328	-10360	77868	250400	-9328	926	926	1670	NO_PATH	0	0	data/spawns/Innadril/GardenOfEva.xml|data/teleporters/town/30899.xml	NO_PATH
connector.c694622751d66a1839f3b08c	ANCHOR_TO_GK	ANCHOR	generated.farm.94c542b65d93000ba6993464.anchor	GK	spawn.6d40136e98f143a65dfe3117	0	186194	61013	-7232	184458	61446	-3992	924	924	3702	NO_PATH	0	0	data/spawns/Aden/GiantsCave.xml|data/spawns/Others/25_19.xml	NO_PATH
connector.c712ad5ee1149c5ab34481e4	ANCHOR_TO_DEST	ANCHOR	generated.farm.5029ee4e740ac07b4f22377a.anchor	DEST	dest.fab7b56737a57f4e742112eb	0	70602	-70395	-3784	65307	-71445	-3696	1537	1537	5399	NO_PATH	0	0	data/spawns/Rune/ValleyOfSaints.xml|data/teleporters/clanhall/Rune/35576.xml	NO_PATH
connector.c785d34e726101cec0416a0e	ANCHOR_TO_GK	ANCHOR	generated.farm.b98bdaf85c5429eec94dc264.anchor	GK	spawn.4946ea02365506ad1599c2fd	0	139056	-52350	-2768	146280	-49180	-672	1538	1538	8163	NO_PATH	0	0	data/spawns/Goddard/GardenOfBeasts.xml|data/spawns/Castles/Goddard.xml	NO_PATH
connector.c80766e67474cec179bdbf9a	DEST_TO_ANCHOR	DEST	dest.390dce2c80e6f8dcb183685e	ANCHOR	generated.farm.b98bdaf85c5429eec94dc264.anchor	0	146181	-49209	-686	139056	-52350	-2768	1538	1538	8061	NO_PATH	0	0	data/teleporters/doorman/35360.xml|data/spawns/Goddard/GardenOfBeasts.xml	NO_PATH
connector.c849fa7e7c927ddcef7c19ee	ANCHOR_TO_GK	ANCHOR	population.route.dwarf.a4	GK	spawn.cd48f4a126ad9fb6d9a60ca2	0	113508	-174203	-608	115072	-178176	-880	921	921	4279	NO_PATH	0	0	data/stats/players/templates/StartingClass/DwarvenFighter.xml|data/spawns/DwarvenTerritory/DwarvenStarting.xml|data/spawns/Others/23_12.xml	NO_PATH
connector.c89169bb43fcde99a472f92b	ANCHOR_TO_DEST	ANCHOR	generated.farm.3df9f87e624a3183e2db8982.anchor	DEST	dest.1b10b6e3a3cf02df43ce107b	0	78231	253507	-9848	78721	253309	-9840	926	926	529	PATH_SEGMENT_BLOCKED	0	0	data/spawns/Innadril/GardenOfEva.xml|data/teleporters/town/30899.xml	PATH_SEGMENT_BLOCKED
connector.c8b7003972ee5f9e09998111	DEST_TO_ANCHOR	DEST	dest.60157b30f93203373e08dd6a	ANCHOR	generated.farm.be162cb1418672095eaa5fdd.anchor	0	111965	-154172	-1528	107257	-159056	-1832	1714	1714	6791	NO_PATH	0	0	data/teleporters/clanhall/Schuttgart/35580.xml|data/spawns/Others/PlunderousPlains.xml	NO_PATH
connector.c8ce8017de63db51990f1c43	DEST_TO_ANCHOR	DEST	dest.a11b765b1fdfbe59148d95d8	ANCHOR	population.route.orc.a3	0	-45158	-112583	-240	-50845	-113715	-168	920	920	5800	NO_PATH	0	0	data/teleporters/town/30320.xml|data/stats/players/templates/StartingClass/OrcFighter.xml|data/stats/players/templates/StartingClass/OrcMystic.xml|data/spawns/OrcTerritory/OrcStarting.xml	NO_PATH
connector.c8cf54d0d55898e6594f2cfe	ANCHOR_TO_DEST	ANCHOR	generated.farm.2f5a4686e378172f8cb75ec4.anchor	DEST	dest.4f5494441b06f6ad17ab7b81	0	154309	-46007	-3744	148748	-48951	-687	1538	1538	6996	NO_PATH	0	0	data/spawns/Goddard/GardenOfBeasts.xml|data/teleporters/doorman/35359.xml	NO_PATH
connector.c8e6237ea1a3b26f9c719618	DEST_TO_ANCHOR	DEST	dest.2381ef3e82eb4c230b417890	ANCHOR	generated.farm.e48977c07c1cb84d6b71856f.anchor	0	191754	56760	-7624	193399	61399	-6104	924	924	5152	NO_PATH	0	0	data/teleporters/clanhall/Aden/35449.xml|data/spawns/Aden/GiantsCave.xml	NO_PATH
connector.c8ef726d9fced14ce45ba32c	ANCHOR_TO_DEST	ANCHOR	generated.farm.7a05c033eabc7172e800caf4.anchor	DEST	dest.676f59b862d33902959c4f11	0	14176	-18036	-3120	11235	-24026	-3640	1924	1924	6694	NO_PATH	0	0	data/spawns/Rune/PrimevalIsle.xml|data/teleporters/town/31320.xml	NO_PATH
connector.c8fe62707544c7746121873c	GK_TO_ANCHOR	GK	spawn.43f1cdc4737c7dec127ed004	ANCHOR	generated.farm.b98bdaf85c5429eec94dc264.anchor	0	145640	-48096	-2382	139056	-52350	-2768	1538	1538	7849	NO_PATH	0	0	data/spawns/Castles/Goddard.xml|data/spawns/Goddard/GardenOfBeasts.xml	NO_PATH
connector.c908acca7cfcb614a0dc3812	ANCHOR_TO_DEST	ANCHOR	generated.farm.8417f5d804225e6423448125.anchor	DEST	dest.c22f3e4ebc26119cb4e14b22	0	132017	-208635	-3592	136910	-205082	-3664	921	921	6048	NO_PATH	0	0	data/spawns/DwarvenTerritory/DwarvenStarting.xml|data/teleporters/town/30540.xml	NO_PATH
connector.c98f1eee4979dc1b097608a5	DEST_TO_ANCHOR	DEST	dest.a93a05bb8dc5f577fcad0b87	ANCHOR	generated.farm.fd7071c75a3f1d957f30ca25.anchor	0	42514	143917	-5385	44883	142207	-3296	916	916	3592	NO_PATH	0	0	data/teleporters/dungeon/31120.xml|data/spawns/Dion/ExecutionGrounds.xml	NO_PATH
connector.c9a44517a948a11738752900	ANCHOR_TO_DEST	ANCHOR	generated.farm.4e76dc23218e129a890c3248.anchor	DEST	dest.c8ca5c4eb70fd303de8c9345	0	71264	70956	-3688	79414	71496	-3448	922	922	8172	NO_PATH	0	0	data/spawns/Oren/TimakOutpost.xml|data/teleporters/town/30177.xml	NO_PATH
connector.c9ae74e4d2fb948236d3b194	ANCHOR_TO_DEST	ANCHOR	generated.farm.f3fd4678fef37c7c3d4873a6.anchor	DEST	dest.7e3b02b7daf1c1b37110fcaa	0	85212	241424	-7160	82693	242220	-6712	926	926	2680	VALID_PATH	2821	3	data/spawns/Innadril/GardenOfEva.xml|data/teleporters/town/30899.xml	GEOENGINE_PROVEN
connector.ca23fa63ae8694c2ed0858b0	ANCHOR_TO_DEST	ANCHOR	population.farming.dwarf.20533	DEST	dest.9c5be74df9759b32cc4ea701	0	114966	-172886	-672	115120	-178224	-880	921	921	5345	NO_PATH	0	0	data/spawns/DwarvenTerritory/DwarvenStarting.xml|data/teleporters/town/30256.xml	NO_PATH
connector.ca24bbd6886ffe54130dfe1f	DEST_TO_ANCHOR	DEST	dest.cd7635f1c7137701ac3c258f	ANCHOR	generated.farm.0497bbb2471a172c40a07476.anchor	0	-4190	-80040	-2696	915	-86149	-2160	920	920	7980	NO_PATH	0	0	data/teleporters/town/30576.xml|data/spawns/OrcTerritory/OrcStarting.xml	NO_PATH
connector.ca48e7c7230e2d4977017eec	DEST_TO_ANCHOR	DEST	dest.6f4c5951ec7be753e0cfc142	ANCHOR	generated.farm.167d59b550bc5333b845ad5a.anchor	0	132997	-60608	-2960	135583	-58216	-3000	1538	1538	3523	VALID_DIRECT	3523	1	data/teleporters/town/31275.xml|data/spawns/Goddard/GardenOfBeasts.xml	GEOENGINE_PROVEN
connector.ca5440da9c96b74983a3019b	GK_TO_ANCHOR	GK	spawn.cd48f4a126ad9fb6d9a60ca2	ANCHOR	population.farming.dwarf.20533	0	115072	-178176	-880	114966	-172886	-672	921	921	5296	NO_PATH	0	0	data/spawns/Others/23_12.xml|data/spawns/DwarvenTerritory/DwarvenStarting.xml	NO_PATH
connector.ca5fc556f28a7a705d40c7dc	ANCHOR_TO_GK	ANCHOR	generated.farm.b98bdaf85c5429eec94dc264.anchor	GK	spawn.b01963fa374b638f50531674	0	139056	-52350	-2768	146312	-49004	-688	1538	1538	8257	NO_PATH	0	0	data/spawns/Goddard/GardenOfBeasts.xml|data/spawns/Castles/Goddard.xml	NO_PATH
connector.ca7e2d3f375303e31212be8b	ANCHOR_TO_DEST	ANCHOR	giran.route.north	DEST	dest.e06ff2b687a47fbf723865b7	0	85000	143000	-4072	83551	147942	-3400	918	918	5194	NO_PATH	0	0	data/mapregion/giran_castle_town.xml|data/teleporters/town/30878.xml	NO_PATH
connector.ca803bef7754d1702caaa621	DEST_TO_ANCHOR	DEST	dest.ffb129dafff574e80a4d7eca	ANCHOR	generated.farm.df677844f3af094815e984cc.anchor	0	179299	-182831	-224	175556	-188129	-1672	921	921	6647	NO_PATH	0	0	data/teleporters/others/32654.xml|data/spawns/DwarvenTerritory/DwarvenStarting.xml	NO_PATH
connector.ca81e7cd3a03f78ea485206c	GK_TO_ANCHOR	GK	spawn.cd48f4a126ad9fb6d9a60ca2	ANCHOR	generated.farm.ed8992f2edcbacf7c4f24608.anchor	0	115072	-178176	-880	117968	-173208	-432	921	921	5768	NO_PATH	0	0	data/spawns/Others/23_12.xml|data/spawns/DwarvenTerritory/DwarvenStarting.xml	NO_PATH
connector.caf4786749ffa96d9b5f4164	ANCHOR_TO_GK	ANCHOR	generated.farm.a32843d9945a633fb0d082ee.anchor	GK	spawn.5ca082539ed558dfea594787	0	150739	-2129	-4568	149208	4339	-440	924	924	7825	NO_PATH	0	0	data/spawns/Aden/BlazingSwamp.xml|data/spawns/Castles/Aden.xml	NO_PATH
connector.cb092e2dfa79b52461cbb42f	ANCHOR_TO_DEST	ANCHOR	generated.farm.72a70565cf896eeca73c9be5.anchor	DEST	dest.cd7635f1c7137701ac3c258f	0	828	-80910	-2656	-4190	-80040	-2696	920	920	5094	NO_PATH	0	0	data/spawns/OrcTerritory/OrcStarting.xml|data/teleporters/town/30576.xml	NO_PATH
connector.cb0da5916a34eb7cf2343463	DEST_TO_ANCHOR	DEST	dest.b8a1497da34f2dc4d98f0ddd	ANCHOR	generated.farm.7687a7a08e9e2c021b1ed490.anchor	0	146026	-48241	-2383	138248	-47069	-3008	1538	1538	7891	NO_PATH	0	0	data/teleporters/doorman/35357.xml|data/spawns/Goddard/GardenOfBeasts.xml	NO_PATH
connector.cb11c1f777e5a2eb2c8fa22d	ANCHOR_TO_DEST	ANCHOR	generated.farm.5310413c60e256f0d17348d9.anchor	DEST	dest.f2522fd691ccf61f81ae16ec	0	84906	250441	-10872	82951	252354	-10592	926	926	2750	VALID_DIRECT	2750	1	data/spawns/Innadril/GardenOfEva.xml|data/teleporters/town/30899.xml	GEOENGINE_PROVEN
connector.cb1491ada2cef4a1b3ac146f	ANCHOR_TO_GK	ANCHOR	generated.farm.9ce01b6c387257511e5c6df4.anchor	GK	spawn.4ec1cadaeec07b1cea645215	0	156116	-46618	-3760	149272	-48088	-2382	1538	1538	7135	NO_PATH	0	0	data/spawns/Goddard/GardenOfBeasts.xml|data/spawns/Castles/Goddard.xml	NO_PATH
connector.cb6fe37a05681363cae24803	DEST_TO_ANCHOR	DEST	dest.8c09bbc7bfb0f2b227b81f0b	ANCHOR	generated.farm.767ab0103be8f05fd8f3dccb.anchor	0	114674	44150	-3376	111189	40255	-3696	923	923	5237	NO_PATH	0	0	data/teleporters/town/30233.xml|data/spawns/Hunters/EnchantedValley.xml	NO_PATH
connector.cb7639e74943a7e184684278	DEST_TO_ANCHOR	DEST	dest.8d3b8a0f8679baa430ed780e	ANCHOR	population.route.dwarf.a1	0	115113	-178212	-901	110436	-173947	-528	921	921	6341	NO_PATH	0	0	data/teleporters/town/32163.xml|data/stats/players/templates/StartingClass/DwarvenFighter.xml|data/spawns/DwarvenTerritory/DwarvenStarting.xml	NO_PATH
connector.cb7b4c12a057588e2b59be4c	ANCHOR_TO_DEST	ANCHOR	generated.farm.6559dce0043f6b61716d4bf2.anchor	DEST	dest.e58785de760af9858aee2c0d	0	183905	61010	-7232	183985	61424	-3992	924	924	3268	NO_PATH	0	0	data/spawns/Aden/GiantsCave.xml|data/teleporters/clanhall/Aden/35443.xml	NO_PATH
connector.cb9e855eb73f295eb25a82b2	ANCHOR_TO_GK	ANCHOR	population.route.human-mystic.b1	GK	spawn.ee82a6e3aa92a4ff7f32794c	0	-90072	248328	-3568	-84108	244604	-3728	910	910	7033	NO_PATH	0	0	data/stats/players/templates/StartingClass/HumanMystic.xml|data/spawns/TalkingIsland/TalkingIslandMonsters.xml|data/spawns/Others/17_25.xml	NO_PATH
connector.cbeb3530668c33d3c9d5323e	DEST_TO_ANCHOR	DEST	dest.f03617ab370bff1a8e54bd49	ANCHOR	generated.farm.8714c855f530d031d32c2e9b.anchor	0	107929	-52248	-2408	109809	-45451	-2336	1538	1538	7053	NO_PATH	0	0	data/teleporters/town/31275.xml|data/spawns/Goddard/VarkaSlenosOutpost.xml	NO_PATH
connector.cc45041873abbed01bd38956	ANCHOR_TO_DEST	ANCHOR	generated.farm.44b1ade2814caaa457678dfb.anchor	DEST	dest.a1e4693884e8683fb171a478	0	155467	-47545	-3824	153996	-50182	-2992	1538	1538	3133	VALID_PATH	3893	4	data/spawns/Goddard/GardenOfBeasts.xml|data/teleporters/chamberlain/35363.xml	GEOENGINE_PROVEN
connector.cc4d7a03ae419d10c9681e1f	GK_TO_ANCHOR	GK	spawn.f3a49ab4f7a73dfdea27ae5e	ANCHOR	generated.farm.c6076add103259c1f91ba953.anchor	0	147134	-56576	-2760	140696	-57173	-2944	1538	1538	6469	NO_PATH	0	0	data/spawns/Others/24_16.xml|data/spawns/Goddard/GardenOfBeasts.xml	NO_PATH
connector.cc7259a7fd151adf26003fa6	DEST_TO_ANCHOR	DEST	dest.163f0aea44efeffae77fffed	ANCHOR	generated.farm.55a21c4d7990e8c7b6e62d66.anchor	0	148024	-55281	-2728	152204	-61559	-2984	1538	1538	7547	NO_PATH	0	0	data/teleporters/others/Varka.xml|data/spawns/Goddard/GardenOfBeasts.xml	NO_PATH
connector.ccdcfa7c4b324f80e19fb4ae	ANCHOR_TO_DEST	ANCHOR	generated.farm.b89ca0b5dd9ae4d586a8f4a9.anchor	DEST	dest.fab7b56737a57f4e742112eb	0	68643	-72240	-3776	65307	-71445	-3696	1537	1537	3431	VALID_DIRECT	3431	1	data/spawns/Rune/ValleyOfSaints.xml|data/teleporters/clanhall/Rune/35576.xml	GEOENGINE_PROVEN
connector.cd0dda80ec158e02534b8023	ANCHOR_TO_DEST	ANCHOR	generated.farm.79aca9d90374884f9ec68318.anchor	DEST	dest.570688a19e61bb9b1ec8a54b	0	123988	-47051	-2816	125740	-40864	-3736	1538	1538	6496	NO_PATH	0	0	data/spawns/Goddard/VarkaSlenosOutpost.xml|data/teleporters/clanhall/Goddard/35605.xml	NO_PATH
connector.cd398fd61ccad07f0541f7c9	DEST_TO_ANCHOR	DEST	dest.c109f018f56e30d5971c5075	ANCHOR	giran.route.north	0	81525	143821	-3528	85000	143000	-4072	918	918	3612	PATH_SEGMENT_BLOCKED	0	0	data/teleporters/clanhall/Giran/35457.xml|data/mapregion/giran_castle_town.xml	PATH_SEGMENT_BLOCKED
connector.cd41bbdc239d8c445ced1c1b	DEST_TO_ANCHOR	DEST	dest.21e9c9b1510df61032cbc4cc	ANCHOR	generated.farm.b82f7a0510c47f1e27010d9a.anchor	0	77868	250400	-9328	78801	252643	-10360	926	926	2640	NO_PATH	0	0	data/teleporters/town/30899.xml|data/spawns/Innadril/GardenOfEva.xml	NO_PATH
connector.cd7d51a7ea9cadf761bea5b6	ANCHOR_TO_DEST	ANCHOR	population.route.human-mystic.c1	DEST	dest.f2250fc66d2e1e4512042557	0	-87848	250568	-3616	-84318	244579	-3730	910	910	6953	NO_PATH	0	0	data/stats/players/templates/StartingClass/HumanMystic.xml|data/spawns/TalkingIsland/TalkingIslandMonsters.xml|data/teleporters/town/32163.xml	NO_PATH
connector.cdc88dde8867792e0c2bba6b	DEST_TO_ANCHOR	DEST	dest.7e3b02b7daf1c1b37110fcaa	ANCHOR	generated.farm.8b37ee9db6728a4d86c2248e.anchor	0	82693	242220	-6712	82730	246396	-9336	926	926	4933	NO_PATH	0	0	data/teleporters/town/30899.xml|data/spawns/Innadril/GardenOfEva.xml	NO_PATH
connector.cddf37de55b8ad33e24753fd	GK_TO_ANCHOR	GK	spawn.79dc0be68e2c487320847dde	ANCHOR	generated.farm.4558cfcfd7ce6b634def74b4.anchor	0	191391	57074	-7616	192004	56865	-4720	924	924	2968	NO_PATH	0	0	data/spawns/Others/25_19.xml|data/spawns/Aden/GiantsCave.xml	NO_PATH
connector.cdfd2502b1e2d37883ce6e79	DEST_TO_ANCHOR	DEST	dest.4c8e1b10064333c3b31e6a23	ANCHOR	generated.farm.f0f6a8fe02640b27815e4133.anchor	0	73024	118485	-3720	79005	121244	-2168	923	923	6768	NO_PATH	0	0	data/teleporters/clanhall/Giran/35455.xml|data/spawns/Giran/BrekasStronghold.xml	NO_PATH
connector.ce07e23c65b690f9b883b65d	ANCHOR_TO_GK	ANCHOR	generated.farm.3ec423fd29deeac7ab56455f.anchor	GK	spawn.3a0446a892f0598177d3c757	0	138496	-51209	-2736	145904	-48096	-2382	1538	1538	8044	NO_PATH	0	0	data/spawns/Goddard/GardenOfBeasts.xml|data/spawns/Castles/Goddard.xml	NO_PATH
connector.ce239e35e66044db67e7cc51	GK_TO_ANCHOR	GK	spawn.d18a9ba08e5427b0fcccb4f0	ANCHOR	generated.farm.44b1ade2814caaa457678dfb.anchor	0	148664	-49168	-672	155467	-47545	-3824	1538	1538	7672	NO_PATH	0	0	data/spawns/Castles/Goddard.xml|data/spawns/Goddard/GardenOfBeasts.xml	NO_PATH
connector.ce5aaca22fd0f7592615d6e5	ANCHOR_TO_GK	ANCHOR	generated.farm.ec2d2835a7dbe9c4d32fa12f.anchor	GK	spawn.b3ade47a783cc4d199b36042	0	39730	146346	-3888	42608	143952	-5379	916	916	4030	NO_PATH	0	0	data/spawns/Dion/ExecutionGrounds.xml|data/spawns/Others/21_22.xml	NO_PATH
connector.ce5da214365fcf19cea243c4	ANCHOR_TO_DEST	ANCHOR	generated.farm.cfefa9f2c17ef6a1e6e80a8a.anchor	DEST	dest.a93a05bb8dc5f577fcad0b87	0	43438	147029	-3608	42514	143917	-5385	916	916	3701	NO_PATH	0	0	data/spawns/Dion/ExecutionGrounds.xml|data/teleporters/dungeon/31120.xml	NO_PATH
connector.ce79880461f52dffcffaf9ca	ANCHOR_TO_GK	ANCHOR	generated.farm.007f9057c1ee101b364fff57.anchor	GK	spawn.c5db474f615ec7563feee08e	0	155476	-49469	-3352	147408	-49296	-2120	1538	1538	8164	NO_PATH	0	0	data/spawns/Goddard/GardenOfBeasts.xml|data/spawns/Castles/Goddard.xml	NO_PATH
connector.cea6dafcd7862233a3737d8f	DEST_TO_ANCHOR	DEST	dest.9d74188a88fecd721cf1e45e	ANCHOR	elven.farming.oren04-2019-02s	0	21362	51122	-3688	24954	50864	-3400	914	914	3613	VALID_DIRECT	3613	1	data/teleporters/town/30146.xml|data/spawns/ElvenTerritory/ElvenStarting.xml	GEOENGINE_PROVEN
connector.cf619c8c428fb4200eba0fc8	ANCHOR_TO_GK	ANCHOR	generated.farm.c9688432b997ec0243ec1b3f.anchor	GK	spawn.a2c2a6ac58e1b452764dc8e1	0	148203	-1884	-4592	147552	2128	221	924	924	6300	NO_PATH	0	0	data/spawns/Aden/BlazingSwamp.xml|data/spawns/Castles/Aden.xml	NO_PATH
connector.cf6cab048b2741bd85647171	GK_TO_ANCHOR	GK	spawn.c820b1421abc88c924e18183	ANCHOR	giran.route.north	0	81876	145392	-3520	85000	143000	-4072	918	918	3974	NO_PATH	0	0	data/spawns/Others/22_22.xml|data/mapregion/giran_castle_town.xml	NO_PATH
connector.cf895c0801aabd5b252de1d9	GK_TO_ANCHOR	GK	spawn.fba52e3020863a6709bad42b	ANCHOR	generated.farm.2f5a4686e378172f8cb75ec4.anchor	0	148612	-49004	-688	154309	-46007	-3744	1538	1538	7126	NO_PATH	0	0	data/spawns/Castles/Goddard.xml|data/spawns/Goddard/GardenOfBeasts.xml	NO_PATH
connector.cfa3d26c225829752f7641df	ANCHOR_TO_DEST	ANCHOR	population.farming.orc.20535	DEST	dest.97e884732d1831265eceeb3b	0	-49106	-115854	-160	-44836	-112524	-235	920	920	5416	NO_PATH	0	0	data/spawns/OrcTerritory/OrcStarting.xml|data/teleporters/town/32163.xml	NO_PATH
connector.cfbd837f49f238e466213a15	DEST_TO_ANCHOR	DEST	dest.868209e8a0412a795262ab4a	ANCHOR	generated.farm.580d4fbf531862b4ef832098.anchor	0	147459	-45221	-2084	154735	-43714	-3720	1538	1538	7609	NO_PATH	0	0	data/teleporters/doorman/35356.xml|data/spawns/Goddard/GardenOfBeasts.xml	NO_PATH
connector.cfbeb50110fa97fd1a43840e	ANCHOR_TO_DEST	ANCHOR	generated.farm.ba96ca8a81c8241efff36e8c.anchor	DEST	dest.a93a05bb8dc5f577fcad0b87	0	46727	141231	-3256	42514	143917	-5385	916	916	5432	NO_PATH	0	0	data/spawns/Dion/ExecutionGrounds.xml|data/teleporters/dungeon/31120.xml	NO_PATH
connector.cff8c73c028fa88e313c6403	ANCHOR_TO_GK	ANCHOR	generated.farm.c6076add103259c1f91ba953.anchor	GK	spawn.94983ae1f1c3f9665c08d90a	0	140696	-57173	-2944	146416	-55568	-2765	1538	1538	5944	NO_PATH	0	0	data/spawns/Goddard/GardenOfBeasts.xml|data/spawns/Others/24_16.xml	NO_PATH
connector.d017fd7cba9c4e252b2b8d24	GK_TO_ANCHOR	GK	spawn.32a71cec01cdd84fa8a137c1	ANCHOR	generated.farm.3c0d8abca8bd8b3c5196c8b9.anchor	0	177598	-18610	-2238	173277	-23788	-3608	924	924	6882	NO_PATH	0	0	data/spawns/Others/25_17.xml|data/spawns/Aden/FieldsOfMassacre.xml	NO_PATH
connector.d01da07394c76197fe6b3cff	ANCHOR_TO_DEST	ANCHOR	generated.farm.591067a5298457e013a6dfbd.anchor	DEST	dest.2922b91d3ca04e1143da7fa0	0	181604	-10285	-3368	183543	-14974	-2776	924	924	5109	NO_PATH	0	0	data/spawns/Aden/FieldsOfMassacre.xml|data/teleporters/town/30848.xml	NO_PATH
connector.d0388340e8e6a6c4247755bd	ANCHOR_TO_DEST	ANCHOR	generated.farm.84775e27285f7385514d76aa.anchor	DEST	dest.f5af57707bd63455b08b5b2d	0	107512	38458	-4616	104426	33746	-3825	923	923	5688	NO_PATH	0	0	data/spawns/Hunters/EnchantedValley.xml|data/teleporters/clanhall/Aden/35421.xml	NO_PATH
connector.d051231039e325037dff15c8	ANCHOR_TO_DEST	ANCHOR	giran.castle.defender.staging	DEST	dest.75e56aae5714c3f5988ec346	0	116540	146655	-1866	112568	144869	-2835	918	918	4462	NO_PATH	0	0	data/zones/castle_hall.xml|data/zones/castle_siege.xml|data/teleporters/doorman/35180.xml	NO_PATH
connector.d0652f353c55f31e30064e75	DEST_TO_ANCHOR	DEST	dest.b3ded18bbb6e7117c0af9e78	ANCHOR	generated.farm.47071e4fa643b6ddd10b56d6.anchor	0	84092	-80084	-3504	84330	-75762	-3480	1537	1537	4329	NO_PATH	0	0	data/teleporters/town/31320.xml|data/spawns/Rune/ValleyOfSaints.xml	NO_PATH
connector.d077a4ebf8c66aa6111290e9	GK_TO_ANCHOR	GK	spawn.ac310663c394c7d6add8412b	ANCHOR	generated.farm.d5293ad13f4722d653be46d7.anchor	0	149024	-55456	-2765	151869	-61029	-3120	1538	1538	6268	NO_PATH	0	0	data/spawns/Others/24_16.xml|data/spawns/Goddard/GardenOfBeasts.xml	NO_PATH
connector.d0acada0aeacc0ac28feb73d	ANCHOR_TO_DEST	ANCHOR	generated.farm.5646fdca6ae25d5f7b8df80f.anchor	DEST	dest.fb425c42143da7dbe6caa9bd	0	154200	-44838	-3744	148928	-48245	-2383	1538	1538	6423	NO_PATH	0	0	data/spawns/Goddard/GardenOfBeasts.xml|data/teleporters/doorman/35358.xml	NO_PATH
connector.d11e34f0fc5ad0b2c9669995	DEST_TO_ANCHOR	DEST	dest.6fb5021ca4d18a28277cff29	ANCHOR	generated.farm.8cda05acaad33b936c956b81.anchor	0	71814	-57054	-3088	76531	-58372	-2264	1537	1537	4967	NO_PATH	0	0	data/teleporters/chamberlain/35509.xml|data/spawns/Rune/SwampOfScreams.xml	NO_PATH
connector.d12050bb49f937a5206e9082	ANCHOR_TO_GK	ANCHOR	generated.farm.08e2f276ceac7d79452a6ad6.anchor	GK	spawn.5ec71ae062fb709719b08cec	0	7200	-19044	-3696	11504	-23344	-3644	1924	1924	6085	NO_PATH	0	0	data/spawns/Rune/PrimevalIsle.xml|data/spawns/Others/20_17.xml	NO_PATH
connector.d1236eb4b12b5a72c3878d3f	ANCHOR_TO_GK	ANCHOR	generated.farm.c9688432b997ec0243ec1b3f.anchor	GK	spawn.a3d2ceef49ab21d925ba7a10	0	148203	-1884	-4592	145725	4799	-425	924	924	8257	NO_PATH	0	0	data/spawns/Aden/BlazingSwamp.xml|data/spawns/Castles/Aden.xml	NO_PATH
connector.d149046ac12d5d48e373f009	ANCHOR_TO_DEST	ANCHOR	generated.farm.344969dd30e86158807cebbf.anchor	DEST	dest.6a1ddd6bd7f4610f50be2cf8	0	142551	-60911	-3176	144866	-57464	-2976	1538	1538	4158	VALID_PATH	4398	3	data/spawns/Goddard/GardenOfBeasts.xml|data/teleporters/clanhall/Goddard/35461.xml	GEOENGINE_PROVEN
connector.d186996fc0484e82f8b278b9	DEST_TO_ANCHOR	DEST	dest.137141ac05b457adc3dbb8d1	ANCHOR	generated.farm.49b24db872a5ff00e26bd029.anchor	0	146990	-67128	-3640	150638	-63299	-3424	1538	1538	5293	NO_PATH	0	0	data/teleporters/clanhall/Goddard/35467.xml|data/spawns/Goddard/GardenOfBeasts.xml	NO_PATH
connector.d199313331addd75bce94ece	ANCHOR_TO_GK	ANCHOR	generated.farm.2821cf96ec95f62bb3d5bec7.anchor	GK	spawn.8ef878364403533c0fbb46d6	0	20661	114027	-3712	17719	115430	-6582	916	916	4343	NO_PATH	0	0	data/spawns/Dion/CrumaMarshlands.xml|data/spawns/Others/20_21.xml	NO_PATH
connector.d1ff89c9dba02e7b05e9df2d	ANCHOR_TO_DEST	ANCHOR	generated.farm.519759dffe4a0803b970d3ee.anchor	DEST	dest.1dfa3f30667e31e6ac87d5fa	0	48712	55466	-3464	46951	51550	-2976	914	914	4322	NO_PATH	0	0	data/spawns/ElvenTerritory/ElvenStarting.xml|data/teleporters/town/30576.xml	NO_PATH
connector.d2002663b1381b0fc3737201	ANCHOR_TO_DEST	ANCHOR	generated.farm.007f9057c1ee101b364fff57.anchor	DEST	dest.989f1f1ebece5846171b7e0c	0	155476	-49469	-3352	149430	-48245	-2383	1538	1538	6245	NO_PATH	0	0	data/spawns/Goddard/GardenOfBeasts.xml|data/teleporters/doorman/35358.xml	NO_PATH
connector.d20ab8a18e32bd4ca342ebfd	ANCHOR_TO_DEST	ANCHOR	generated.farm.e42bb456a398ee48d7a2ed77.anchor	DEST	dest.c5b83c9fbef62a1041c22fe6	0	182246	22328	-3168	184742	19745	-3168	924	924	3592	VALID_PATH	3694	3	data/spawns/Aden/Cemetery.xml|data/teleporters/clanhall/Aden/35441.xml	GEOENGINE_PROVEN
connector.d2660d7e593b7c0c775be6b1	DEST_TO_ANCHOR	DEST	dest.9637163d36bdf4ac9032ff74	ANCHOR	generated.farm.2375efd4a61538412f238d7c.anchor	0	147458	2408	219	152789	-2636	-4544	924	924	8750	NO_PATH	0	0	data/teleporters/doorman/35271.xml|data/spawns/Aden/BlazingSwamp.xml	NO_PATH
connector.d26b13384f2f5e4be4db38ee	DEST_TO_ANCHOR	DEST	dest.59a3cd50203fa32e05464f28	ANCHOR	generated.farm.2821cf96ec95f62bb3d5bec7.anchor	0	17691	111726	-6583	20661	114027	-3712	916	916	4729	NO_PATH	0	0	data/teleporters/others/31843.xml|data/spawns/Dion/CrumaMarshlands.xml	NO_PATH
connector.d2f07a818bf924b46f915885	GK_TO_ANCHOR	GK	spawn.c1a8e0b5f59219febffb093b	ANCHOR	generated.farm.5ee423a52e35fbb905b7ecb0.anchor	0	46926	51511	-2976	54714	51620	-3592	914	914	7814	NO_PATH	0	0	data/spawns/Others/21_19.xml|data/spawns/ElvenTerritory/ElvenStarting.xml	NO_PATH
connector.d328397d2d019cce11027ecd	DEST_TO_ANCHOR	DEST	dest.31e0d667e844b374039dd29f	ANCHOR	generated.farm.ab5e8f2e7966e479ea160401.anchor	0	-25309	-131569	-680	-22483	-124604	-2656	920	920	7772	NO_PATH	0	0	data/teleporters/town/30576.xml|data/spawns/OrcTerritory/OrcStarting.xml	NO_PATH
connector.d373571bdccbfa9c21af146e	DEST_TO_ANCHOR	DEST	dest.8f205ce2bad012e8cfc5dc41	ANCHOR	generated.farm.30c1f54e33a46208ad65888f.anchor	0	49315	248452	-5960	47973	245895	-6656	919	919	2971	NO_PATH	0	0	data/teleporters/town/30006.xml|data/spawns/Others/21_25.xml	NO_PATH
connector.d374ee7b3ae8f8175a28b5c1	DEST_TO_ANCHOR	DEST	dest.bc80e599e9387f3e2d5d3f90	ANCHOR	generated.farm.5af31eb84f758f557543b4e3.anchor	0	69340	-50203	-3288	72138	-45334	-3224	1537	1537	5617	NO_PATH	0	0	data/teleporters/town/31320.xml|data/spawns/Rune/SwampOfScreams.xml	NO_PATH
connector.d3d6b0976a9123494059c73a	DEST_TO_ANCHOR	DEST	dest.c5b83c9fbef62a1041c22fe6	ANCHOR	generated.farm.78e488c84e348a45c43ec98b.anchor	0	184742	19745	-3168	180270	24708	-3168	924	924	6681	NO_PATH	0	0	data/teleporters/clanhall/Aden/35441.xml|data/spawns/Aden/Cemetery.xml	NO_PATH
connector.d3e17af46e0fe05bfa3118ea	ANCHOR_TO_DEST	ANCHOR	generated.farm.2821cf96ec95f62bb3d5bec7.anchor	DEST	dest.310df8d1b7641040b46f5dc8	0	20661	114027	-3712	17719	115590	-6584	916	916	4399	NO_PATH	0	0	data/spawns/Dion/CrumaMarshlands.xml|data/teleporters/others/30486.xml	NO_PATH
connector.d3e82b7cbcc50671941c1110	DEST_TO_ANCHOR	DEST	dest.4bf9406ebda63490a2e4f866	ANCHOR	generated.farm.f0514c14d379407f1823f1e7.anchor	0	147728	-56331	-2776	151576	-62206	-3232	1538	1538	7038	NO_PATH	0	0	data/teleporters/clanhall/Goddard/35461.xml|data/spawns/Goddard/GardenOfBeasts.xml	NO_PATH
connector.d3e895510eb681f0263c9d44	DEST_TO_ANCHOR	DEST	dest.ecd982a3f5b0851c65fc7acc	ANCHOR	generated.farm.8664f49aad354ba1e967b749.anchor	0	76911	-55295	-5824	77081	-57796	-2312	1537	1537	4315	NO_PATH	0	0	data/teleporters/clanhall/Rune/35568.xml|data/spawns/Rune/SwampOfScreams.xml	NO_PATH
connector.d488f880483975ea6fd23a09	ANCHOR_TO_DEST	ANCHOR	generated.farm.d4da74249121849f4cc54cda.anchor	DEST	dest.0feab79a64ec9659f5c1d1c5	0	118145	59172	-4576	124904	61992	-3920	923	923	7354	NO_PATH	0	0	data/spawns/Hunters/EnchantedValley.xml|data/teleporters/town/30233.xml	NO_PATH
connector.d48dd36127ba60d1c23215ed	DEST_TO_ANCHOR	DEST	dest.297a3c86d4d368e358ba0f7c	ANCHOR	generated.farm.2fb3f6c5e8d24fbe41923829.anchor	0	191257	-59388	-2898	187400	-56792	-3160	1538	1538	4657	NO_PATH	0	0	data/teleporters/town/31275.xml|data/spawns/Goddard/WallOfArgos.xml	NO_PATH
connector.d5765ffec4b83f8b4e2db1a0	ANCHOR_TO_GK	ANCHOR	generated.farm.2821cf96ec95f62bb3d5bec7.anchor	GK	spawn.e5d13b091f3fbcdcd0c90dd5	0	20661	114027	-3712	17555	113967	-11675	916	916	8548	NO_PATH	0	0	data/spawns/Dion/CrumaMarshlands.xml|data/spawns/Others/20_21.xml	NO_PATH
connector.d58c67a7b7999c4ddf3fb504	DEST_TO_ANCHOR	DEST	dest.6f4c5951ec7be753e0cfc142	ANCHOR	generated.farm.d13bbfb6ea5b5fdd203afabc.anchor	0	132997	-60608	-2960	134454	-59926	-3416	1538	1538	1673	VALID_PATH	1705	3	data/teleporters/town/31275.xml|data/spawns/Goddard/GardenOfBeasts.xml	GEOENGINE_PROVEN
connector.d5ab6b1921474f13969bfc68	DEST_TO_ANCHOR	DEST	dest.fb425c42143da7dbe6caa9bd	ANCHOR	generated.farm.007f9057c1ee101b364fff57.anchor	0	148928	-48245	-2383	155476	-49469	-3352	1538	1538	6732	NO_PATH	0	0	data/teleporters/doorman/35358.xml|data/spawns/Goddard/GardenOfBeasts.xml	NO_PATH
connector.d5b711035efdd95b2d91cbce	DEST_TO_ANCHOR	DEST	dest.5a41f45cf22daa12bbd6a4c0	ANCHOR	generated.farm.1bc0806803391550b59b5dd7.anchor	0	178591	-184615	-360	173413	-187077	-488	921	921	5735	NO_PATH	0	0	data/teleporters/town/30540.xml|data/spawns/DwarvenTerritory/DwarvenStarting.xml	NO_PATH
connector.d5d2a2cc4bc5259334b439a9	ANCHOR_TO_DEST	ANCHOR	generated.farm.c9688432b997ec0243ec1b3f.anchor	DEST	dest.9637163d36bdf4ac9032ff74	0	148203	-1884	-4592	147458	2408	219	924	924	6491	NO_PATH	0	0	data/spawns/Aden/BlazingSwamp.xml|data/teleporters/doorman/35271.xml	NO_PATH
connector.d6062a1dbf9f0e4d83112d7d	DEST_TO_ANCHOR	DEST	dest.6a1ddd6bd7f4610f50be2cf8	ANCHOR	generated.farm.81c6855121cf6afa88828282.anchor	0	144866	-57464	-2976	142148	-59521	-3184	1538	1538	3415	VALID_PATH	3789	5	data/teleporters/clanhall/Goddard/35461.xml|data/spawns/Goddard/GardenOfBeasts.xml	GEOENGINE_PROVEN
connector.d6873ead85982fae9b4aca63	ANCHOR_TO_DEST	ANCHOR	generated.farm.49b24db872a5ff00e26bd029.anchor	DEST	dest.b5edee75f7edd44ad47a86fe	0	150638	-63299	-3424	147731	-58930	-2976	1538	1538	5267	NO_PATH	0	0	data/spawns/Goddard/GardenOfBeasts.xml|data/teleporters/clanhall/Goddard/35463.xml	NO_PATH
connector.d6b95b1789a4a143cd7c2504	DEST_TO_ANCHOR	DEST	dest.9c5be74df9759b32cc4ea701	ANCHOR	generated.farm.ea72d768f3c8ec3d79c1a530.anchor	0	115120	-178224	-880	116056	-175091	-1016	921	921	3273	VALID_PATH	3530	4	data/teleporters/town/30256.xml|data/spawns/DwarvenTerritory/DwarvenStarting.xml	GEOENGINE_PROVEN
connector.d6c57e7ba146acb5a912565b	DEST_TO_ANCHOR	DEST	dest.97e884732d1831265eceeb3b	ANCHOR	population.route.orc.a4	0	-44836	-112524	-235	-50077	-115763	-160	920	920	6162	NO_PATH	0	0	data/teleporters/town/32163.xml|data/stats/players/templates/StartingClass/OrcFighter.xml|data/stats/players/templates/StartingClass/OrcMystic.xml|data/spawns/OrcTerritory/OrcStarting.xml	NO_PATH
connector.d6c6f1ac39b8128d59efa93b	DEST_TO_ANCHOR	DEST	dest.6a1ddd6bd7f4610f50be2cf8	ANCHOR	generated.farm.c6076add103259c1f91ba953.anchor	0	144866	-57464	-2976	140696	-57173	-2944	1538	1538	4181	NO_PATH	0	0	data/teleporters/clanhall/Goddard/35461.xml|data/spawns/Goddard/GardenOfBeasts.xml	NO_PATH
connector.d6de2f5aa8248938b671d38f	GK_TO_ANCHOR	GK	spawn.51c3beb6cc7ad616365893a6	ANCHOR	generated.farm.44b1ade2814caaa457678dfb.anchor	0	149024	-48080	-2382	155467	-47545	-3824	1538	1538	6625	NO_PATH	0	0	data/spawns/Castles/Goddard.xml|data/spawns/Goddard/GardenOfBeasts.xml	NO_PATH
connector.d6ec2b5a96a8781633438b88	DEST_TO_ANCHOR	DEST	dest.25e28532f79c5963d8bce2a5	ANCHOR	generated.farm.51ef3428c5b2ea2ef8ac5ada.anchor	0	124904	61992	-3973	121090	55588	-4560	923	923	7477	NO_PATH	0	0	data/teleporters/clanhall/Aden/35443.xml|data/spawns/Hunters/EnchantedValley.xml	NO_PATH
connector.d6fb83a6a5393855bae5ca0f	DEST_TO_ANCHOR	DEST	dest.31e0d667e844b374039dd29f	ANCHOR	generated.farm.298219c53607a679d1a095b6.anchor	0	-25309	-131569	-680	-22721	-132248	-712	920	920	2676	VALID_DIRECT	2676	1	data/teleporters/town/30576.xml|data/spawns/OrcTerritory/OrcStarting.xml	GEOENGINE_PROVEN
connector.d711e40348190bd4e320a2dd	DEST_TO_ANCHOR	DEST	dest.08fda93b82ab29b126fc3432	ANCHOR	generated.farm.7687a7a08e9e2c021b1ed490.anchor	0	146177	-48942	-687	138248	-47069	-3008	1538	1538	8472	NO_PATH	0	0	data/teleporters/doorman/35360.xml|data/spawns/Goddard/GardenOfBeasts.xml	NO_PATH
connector.d71acfc2605910c0b51ee748	GK_TO_ANCHOR	GK	spawn.06384715e69ff99fb3fa7140	ANCHOR	giran.route.north	0	83568	145264	-3388	85000	143000	-4072	918	918	2765	NO_PATH	0	0	data/spawns/Others/22_22.xml|data/mapregion/giran_castle_town.xml	NO_PATH
connector.d73d4240eb49ce153e6ed5f7	DEST_TO_ANCHOR	DEST	dest.c5b83c9fbef62a1041c22fe6	ANCHOR	generated.farm.0bf24506d0bad253a1bef230.anchor	0	184742	19745	-3168	182250	24732	-3168	924	924	5575	NO_PATH	0	0	data/teleporters/clanhall/Aden/35441.xml|data/spawns/Aden/Cemetery.xml	NO_PATH
connector.d75103e2c37bda1e2bf2668d	GK_TO_ANCHOR	GK	spawn.5ca082539ed558dfea594787	ANCHOR	generated.farm.3ed60488890fc56b8a93d524.anchor	0	149208	4339	-440	145214	-1914	-4592	924	924	8503	NO_PATH	0	0	data/spawns/Castles/Aden.xml|data/spawns/Aden/BlazingSwamp.xml	NO_PATH
connector.d8037c3ac0cb5b553d05441d	GK_TO_ANCHOR	GK	spawn.d18a9ba08e5427b0fcccb4f0	ANCHOR	generated.farm.5eb9ca10f507264114a7bd47.anchor	0	148664	-49168	-672	155056	-48692	-3672	1538	1538	7078	NO_PATH	0	0	data/spawns/Castles/Goddard.xml|data/spawns/Goddard/GardenOfBeasts.xml	NO_PATH
connector.d8154d5cedeb204cbd46227e	GK_TO_ANCHOR	GK	spawn.c1a8e0b5f59219febffb093b	ANCHOR	generated.farm.519759dffe4a0803b970d3ee.anchor	0	46926	51511	-2976	48712	55466	-3464	914	914	4367	NO_PATH	0	0	data/spawns/Others/21_19.xml|data/spawns/ElvenTerritory/ElvenStarting.xml	NO_PATH
connector.d85810a8e88706d6f9373e64	ANCHOR_TO_DEST	ANCHOR	generated.farm.634fb3e71d8fd05a8972a586.anchor	DEST	dest.a1e4693884e8683fb171a478	0	156516	-52284	-2800	153996	-50182	-2992	1538	1538	3288	VALID_DIRECT	3288	1	data/spawns/Goddard/GardenOfBeasts.xml|data/teleporters/chamberlain/35363.xml	GEOENGINE_PROVEN
connector.d8a8fe37574a0f6a9931b5b3	ANCHOR_TO_DEST	ANCHOR	generated.farm.81c6855121cf6afa88828282.anchor	DEST	dest.6a1ddd6bd7f4610f50be2cf8	0	142148	-59521	-3184	144866	-57464	-2976	1538	1538	3415	VALID_PATH	3589	4	data/spawns/Goddard/GardenOfBeasts.xml|data/teleporters/clanhall/Goddard/35461.xml	GEOENGINE_PROVEN
connector.d8c9b31fb70118881e95c8e5	GK_TO_ANCHOR	GK	spawn.cd48f4a126ad9fb6d9a60ca2	ANCHOR	generated.farm.ea72d768f3c8ec3d79c1a530.anchor	0	115072	-178176	-880	116056	-175091	-1016	921	921	3241	VALID_PATH	3484	4	data/spawns/Others/23_12.xml|data/spawns/DwarvenTerritory/DwarvenStarting.xml	GEOENGINE_PROVEN
connector.d8efff6dc6728f8c1455d207	ANCHOR_TO_GK	ANCHOR	generated.farm.dfd7a9e53a647fe939cd530a.anchor	GK	spawn.94983ae1f1c3f9665c08d90a	0	141197	-58115	-3064	146416	-55568	-2765	1538	1538	5816	NO_PATH	0	0	data/spawns/Goddard/GardenOfBeasts.xml|data/spawns/Others/24_16.xml	NO_PATH
connector.d90b5a36fcdff2f8b5a9f688	DEST_TO_ANCHOR	DEST	dest.2381ef3e82eb4c230b417890	ANCHOR	generated.farm.3333c096958cf6fc5bc9510f.anchor	0	191754	56760	-7624	190605	59422	-4976	924	924	3927	NO_PATH	0	0	data/teleporters/clanhall/Aden/35449.xml|data/spawns/Aden/GiantsCave.xml	NO_PATH
connector.d91f73aaaaac26ba83044f77	ANCHOR_TO_DEST	ANCHOR	generated.farm.cb65033f6bce8b06e457404b.anchor	DEST	dest.cc433c3076642e927f9055c3	0	74241	-46831	-3192	69340	-50203	-3314	1537	1537	5951	NO_PATH	0	0	data/spawns/Rune/SwampOfScreams.xml|data/teleporters/clanhall/Rune/35640.xml	NO_PATH
connector.d9555ea8cdb89c712044fab0	GK_TO_ANCHOR	GK	spawn.f3a49ab4f7a73dfdea27ae5e	ANCHOR	generated.farm.afa946c77c6be59d634b7d89.anchor	0	147134	-56576	-2760	142079	-60649	-3312	1538	1538	6516	NO_PATH	0	0	data/spawns/Others/24_16.xml|data/spawns/Goddard/GardenOfBeasts.xml	NO_PATH
connector.d95f6621b25aa704b8d474ac	ANCHOR_TO_DEST	ANCHOR	generated.farm.78f7aae7bba7a04b467a32bd.anchor	DEST	dest.1e879a713772907ce9c92b95	0	92657	-11702	-2264	91539	-12204	-2440	922	922	1239	VALID_DIRECT	1239	1	data/spawns/Oren/OutlawForest.xml|data/teleporters/town/30177.xml	GEOENGINE_PROVEN
connector.d963f266291d937af67b9842	ANCHOR_TO_GK	ANCHOR	generated.farm.44b1ade2814caaa457678dfb.anchor	GK	spawn.51c3beb6cc7ad616365893a6	0	155467	-47545	-3824	149024	-48080	-2382	1538	1538	6625	NO_PATH	0	0	data/spawns/Goddard/GardenOfBeasts.xml|data/spawns/Castles/Goddard.xml	NO_PATH
connector.d980a95e3ff22669125caa7d	ANCHOR_TO_DEST	ANCHOR	generated.farm.10cd601a791fee9db8ebd1df.anchor	DEST	dest.99c640dbaf880872599d4081	0	-14434	177008	-5304	-9959	176184	-4160	912	912	4692	NO_PATH	0	0	data/spawns/Gludio/Wasteland.xml|data/teleporters/clanhall/Gludio/35386.xml	NO_PATH
connector.d98c8d4fb05a12c080781f1a	DEST_TO_ANCHOR	DEST	dest.ac389c02ab4f56bc2f4d3487	ANCHOR	generated.farm.add0458f89fbe415b6968c64.anchor	0	64328	26803	-3768	59748	29808	-3728	922	922	5478	NO_PATH	0	0	data/teleporters/town/30177.xml|data/spawns/Oren/SeaOfSpores.xml	NO_PATH
connector.d9e139c2b36c92d404aedc6c	ANCHOR_TO_DEST	ANCHOR	generated.farm.77743197e238ebb0e1e3eac2.anchor	DEST	dest.fbea6002af7dc7c3e4d7d167	0	175207	-189475	-2304	175499	-181586	-904	921	921	8018	NO_PATH	0	0	data/spawns/DwarvenTerritory/DwarvenStarting.xml|data/teleporters/town/30540.xml	NO_PATH
connector.d9ef09700b837b08554f56d8	ANCHOR_TO_GK	ANCHOR	generated.farm.519759dffe4a0803b970d3ee.anchor	GK	spawn.c1a8e0b5f59219febffb093b	0	48712	55466	-3464	46926	51511	-2976	914	914	4367	NO_PATH	0	0	data/spawns/ElvenTerritory/ElvenStarting.xml|data/spawns/Others/21_19.xml	NO_PATH
connector.da31288605c575eab7dea064	ANCHOR_TO_DEST	ANCHOR	generated.farm.57a38f13450e54452b749339.anchor	DEST	dest.1dfa3f30667e31e6ac87d5fa	0	52710	55450	-3320	46951	51550	-2976	914	914	6964	NO_PATH	0	0	data/spawns/ElvenTerritory/ElvenStarting.xml|data/teleporters/town/30576.xml	NO_PATH
connector.da39c8dd7f713776aacf6ff0	DEST_TO_ANCHOR	DEST	dest.ffb129dafff574e80a4d7eca	ANCHOR	generated.farm.1bc0806803391550b59b5dd7.anchor	0	179299	-182831	-224	173413	-187077	-488	921	921	7263	NO_PATH	0	0	data/teleporters/others/32654.xml|data/spawns/DwarvenTerritory/DwarvenStarting.xml	NO_PATH
connector.db4d067c8fb476c303ac6eaa	ANCHOR_TO_DEST	ANCHOR	population.route.orc.a3	DEST	dest.97e884732d1831265eceeb3b	0	-50845	-113715	-168	-44836	-112524	-235	920	920	6127	NO_PATH	0	0	data/stats/players/templates/StartingClass/OrcFighter.xml|data/stats/players/templates/StartingClass/OrcMystic.xml|data/spawns/OrcTerritory/OrcStarting.xml|data/teleporters/town/32163.xml	NO_PATH
connector.db6c4fd72edfa1e290385116	ANCHOR_TO_DEST	ANCHOR	generated.farm.92d39adebf4180457a4c011f.anchor	DEST	dest.7e3b02b7daf1c1b37110fcaa	0	82744	244467	-7160	82693	242220	-6712	926	926	2292	VALID_DIRECT	2292	1	data/spawns/Innadril/GardenOfEva.xml|data/teleporters/town/30899.xml	GEOENGINE_PROVEN
connector.db76e632ec1b74370d04ebf4	GK_TO_ANCHOR	GK	spawn.43f1cdc4737c7dec127ed004	ANCHOR	generated.farm.3ec423fd29deeac7ab56455f.anchor	0	145640	-48096	-2382	138496	-51209	-2736	1538	1538	7801	NO_PATH	0	0	data/spawns/Castles/Goddard.xml|data/spawns/Goddard/GardenOfBeasts.xml	NO_PATH
connector.db775d33b32c7fd11ed42c29	ANCHOR_TO_DEST	ANCHOR	generated.farm.d5293ad13f4722d653be46d7.anchor	DEST	dest.4bf9406ebda63490a2e4f866	0	151869	-61029	-3120	147728	-56331	-2776	1538	1538	6272	NO_PATH	0	0	data/spawns/Goddard/GardenOfBeasts.xml|data/teleporters/clanhall/Goddard/35461.xml	NO_PATH
connector.db7f504522c94796e469304b	DEST_TO_ANCHOR	DEST	dest.45565ac66d6cf494a00dc6e5	ANCHOR	generated.farm.1a9cc6a6a5d77d8609d19658.anchor	0	89513	-44800	-2136	81595	-44769	-3232	1537	1537	7994	NO_PATH	0	0	data/teleporters/town/31320.xml|data/spawns/Rune/SwampOfScreams.xml	NO_PATH
connector.dbf56beb3963df3fe2f7b347	GK_TO_ANCHOR	GK	spawn.94983ae1f1c3f9665c08d90a	ANCHOR	generated.farm.c6076add103259c1f91ba953.anchor	0	146416	-55568	-2765	140696	-57173	-2944	1538	1538	5944	NO_PATH	0	0	data/spawns/Others/24_16.xml|data/spawns/Goddard/GardenOfBeasts.xml	NO_PATH
connector.dc06d31c68625a7f234f93a0	DEST_TO_ANCHOR	DEST	dest.4b64a4031d67faa11ec89832	ANCHOR	giran.city.center	0	88342	147329	-3400	82480	149087	-3350	918	918	6121	NO_PATH	0	0	data/teleporters/clanhall/Giran/35459.xml|data/mapregion/giran_castle_town.xml	NO_PATH
connector.dc19d31c1ef93b1c24a4436e	DEST_TO_ANCHOR	DEST	dest.e3baac14371de72d8b2e3755	ANCHOR	generated.farm.a32843d9945a633fb0d082ee.anchor	0	147458	2010	217	150739	-2129	-4568	924	924	7127	NO_PATH	0	0	data/teleporters/doorman/35271.xml|data/spawns/Aden/BlazingSwamp.xml	NO_PATH
connector.dc1b5604fcfc02bcba4da143	DEST_TO_ANCHOR	DEST	dest.f2250fc66d2e1e4512042557	ANCHOR	generated.farm.bfb0335de417bc81a7e9b231.anchor	0	-84318	244579	-3730	-88052	241579	-3600	910	910	4792	NO_PATH	0	0	data/teleporters/town/32163.xml|data/spawns/TalkingIsland/TalkingIslandMonsters.xml	NO_PATH
connector.dc37e749fa4933e8c1b4cd05	DEST_TO_ANCHOR	DEST	dest.163f0aea44efeffae77fffed	ANCHOR	generated.farm.8a7bb9fc5fe46b8eedb998ea.anchor	0	148024	-55281	-2728	143516	-61360	-3152	1538	1538	7580	NO_PATH	0	0	data/teleporters/others/Varka.xml|data/spawns/Goddard/GardenOfBeasts.xml	NO_PATH
connector.dc3a5d399c85ab8b5b5337a2	ANCHOR_TO_DEST	ANCHOR	generated.farm.681e3332d0683f9cf7778dc6.anchor	DEST	dest.818f1d4dc9597a3b7b746723	0	-97185	245366	-3688	-99586	237637	-3568	910	910	8095	NO_PATH	0	0	data/spawns/TalkingIsland/TalkingIslandMonsters.xml|data/teleporters/town/30006.xml	NO_PATH
connector.dc46814698d19c44a104def1	GK_TO_ANCHOR	GK	spawn.00601fad356c80f225899b5d	ANCHOR	generated.farm.3c0d8abca8bd8b3c5196c8b9.anchor	0	171936	-17600	-4899	173277	-23788	-3608	924	924	6462	NO_PATH	0	0	data/spawns/Others/25_17.xml|data/spawns/Aden/FieldsOfMassacre.xml	NO_PATH
connector.dc7b04ae06ce8e835da0ed13	ANCHOR_TO_DEST	ANCHOR	generated.farm.49ae7643080d81b45cdb3a7c.anchor	DEST	dest.d58c71398b5a731b53392034	0	180554	-51155	-3392	183140	-53307	-1896	1538	1538	3682	NO_PATH	0	0	data/spawns/Goddard/WallOfArgos.xml|data/teleporters/town/31275.xml	NO_PATH
connector.dcf6a53f2229738c52c4e03a	DEST_TO_ANCHOR	DEST	dest.137141ac05b457adc3dbb8d1	ANCHOR	generated.farm.f5db9c424aa8e977ede6cca2.anchor	0	146990	-67128	-3640	146195	-63284	-3232	1538	1538	3947	NO_PATH	0	0	data/teleporters/clanhall/Goddard/35467.xml|data/spawns/Goddard/GardenOfBeasts.xml	NO_PATH
connector.dd1154f9f416766197c56f21	GK_TO_ANCHOR	GK	spawn.b01963fa374b638f50531674	ANCHOR	generated.farm.3ec423fd29deeac7ab56455f.anchor	0	146312	-49004	-688	138496	-51209	-2736	1538	1538	8376	NO_PATH	0	0	data/spawns/Castles/Goddard.xml|data/spawns/Goddard/GardenOfBeasts.xml	NO_PATH
connector.dd3536602b968282dd075b45	GK_TO_ANCHOR	GK	spawn.d18a9ba08e5427b0fcccb4f0	ANCHOR	generated.farm.2f5a4686e378172f8cb75ec4.anchor	0	148664	-49168	-672	154309	-46007	-3744	1538	1538	7163	NO_PATH	0	0	data/spawns/Castles/Goddard.xml|data/spawns/Goddard/GardenOfBeasts.xml	NO_PATH
connector.dd4ade72402235a334936bc0	ANCHOR_TO_GK	ANCHOR	generated.farm.2821cf96ec95f62bb3d5bec7.anchor	GK	spawn.7dd418081a38ac69b21350fe	0	20661	114027	-3712	17877	113970	-11672	916	916	8434	NO_PATH	0	0	data/spawns/Dion/CrumaMarshlands.xml|data/spawns/Others/20_21.xml	NO_PATH
connector.dd51cc9aa3022a0f873596a8	DEST_TO_ANCHOR	DEST	dest.a93a05bb8dc5f577fcad0b87	ANCHOR	generated.farm.8a8233a432c4ee53ae61df70.anchor	0	42514	143917	-5385	43859	149867	-3736	916	916	6320	NO_PATH	0	0	data/teleporters/dungeon/31120.xml|data/spawns/Dion/ExecutionGrounds.xml	NO_PATH
connector.dd7809da45a7a44c8cedd33b	ANCHOR_TO_DEST	ANCHOR	generated.farm.f1730e68364f26634a051e3a.anchor	DEST	dest.c198460adf168f69d59928b8	0	156822	-14595	-2768	155310	-16339	-3320	924	924	2374	PATH_SEGMENT_BLOCKED	0	0	data/spawns/Aden/BlazingSwamp.xml|data/teleporters/clanhall/Aden/35439.xml	PATH_SEGMENT_BLOCKED
connector.ddf12f1132be03edd094eccc	ANCHOR_TO_DEST	ANCHOR	generated.farm.3333c096958cf6fc5bc9510f.anchor	DEST	dest.2381ef3e82eb4c230b417890	0	190605	59422	-4976	191754	56760	-7624	924	924	3927	NO_PATH	0	0	data/spawns/Aden/GiantsCave.xml|data/teleporters/clanhall/Aden/35449.xml	NO_PATH
connector.de23e46a84c4fea5344f6136	ANCHOR_TO_DEST	ANCHOR	generated.farm.e47439edce6317c8c5af5c29.anchor	DEST	dest.5f5915ac2c2b63216964e169	0	117413	128329	-2832	117793	132810	-4835	923	918	4923	NO_PATH	0	0	data/spawns/Giran/GorgonFlowerGarden.xml|data/teleporters/dungeon/31108.xml	NO_PATH
connector.de2be1a1823e8e53db8b81f7	GK_TO_ANCHOR	GK	spawn.2c9dd5f04731e37d775ed3ac	ANCHOR	generated.farm.5646fdca6ae25d5f7b8df80f.anchor	0	147808	-45328	-2083	154200	-44838	-3744	1538	1538	6623	NO_PATH	0	0	data/spawns/Castles/Goddard.xml|data/spawns/Goddard/GardenOfBeasts.xml	NO_PATH
connector.de88bbc28e3623050c95ee81	GK_TO_ANCHOR	GK	spawn.5ec71ae062fb709719b08cec	ANCHOR	generated.farm.7a05c033eabc7172e800caf4.anchor	0	11504	-23344	-3644	14176	-18036	-3120	1924	1924	5966	NO_PATH	0	0	data/spawns/Others/20_17.xml|data/spawns/Rune/PrimevalIsle.xml	NO_PATH
connector.deac210e9c1cdd917c2c6f66	ANCHOR_TO_GK	ANCHOR	generated.farm.3c0d8abca8bd8b3c5196c8b9.anchor	GK	spawn.20dced4d6f0f7ea9ce91caf7	0	173277	-23788	-3608	172672	-17600	-4897	924	924	6350	NO_PATH	0	0	data/spawns/Aden/FieldsOfMassacre.xml|data/spawns/Others/25_17.xml	NO_PATH
connector.deb41e1968b743fedb54027b	ANCHOR_TO_DEST	ANCHOR	generated.farm.5646fdca6ae25d5f7b8df80f.anchor	DEST	dest.285de1592f4b8592a440458c	0	154200	-44838	-3744	147459	-45789	-2084	1538	1538	7008	NO_PATH	0	0	data/spawns/Goddard/GardenOfBeasts.xml|data/teleporters/doorman/35356.xml	NO_PATH
connector.dec1e41718d916a0324f3360	DEST_TO_ANCHOR	DEST	dest.b5edee75f7edd44ad47a86fe	ANCHOR	generated.farm.f5db9c424aa8e977ede6cca2.anchor	0	147731	-58930	-2976	146195	-63284	-3232	1538	1538	4625	NO_PATH	0	0	data/teleporters/clanhall/Goddard/35463.xml|data/spawns/Goddard/GardenOfBeasts.xml	NO_PATH
connector.dece318a3c1affcbff3efd18	ANCHOR_TO_DEST	ANCHOR	generated.farm.6eff5c55bc37a152cca7c25a.anchor	DEST	dest.137141ac05b457adc3dbb8d1	0	144807	-63309	-3352	146990	-67128	-3640	1538	1538	4409	NO_PATH	0	0	data/spawns/Goddard/GardenOfBeasts.xml|data/teleporters/clanhall/Goddard/35467.xml	NO_PATH
connector.dee65d9c663f95051227fc0a	ANCHOR_TO_GK	ANCHOR	giran.city.center	GK	spawn.86b0d293ddbb17f33befc233	0	82480	149087	-3350	81920	151968	-3520	918	918	2940	PATH_SEGMENT_BLOCKED	0	0	data/mapregion/giran_castle_town.xml|data/spawns/Others/22_22.xml	PATH_SEGMENT_BLOCKED
connector.dee689e29b8f9aaedb976d58	ANCHOR_TO_GK	ANCHOR	generated.farm.81c6855121cf6afa88828282.anchor	GK	spawn.c3b887fab1e752991ad6afef	0	142148	-59521	-3184	148381	-56525	-2760	1538	1538	6929	NO_PATH	0	0	data/spawns/Goddard/GardenOfBeasts.xml|data/spawns/Others/24_16.xml	NO_PATH
connector.deef8605156a23227d24562a	DEST_TO_ANCHOR	DEST	dest.285de1592f4b8592a440458c	ANCHOR	generated.farm.5eb9ca10f507264114a7bd47.anchor	0	147459	-45789	-2084	155056	-48692	-3672	1538	1538	8287	NO_PATH	0	0	data/teleporters/doorman/35356.xml|data/spawns/Goddard/GardenOfBeasts.xml	NO_PATH
connector.df13f5d4cc4a5a8047100c0d	DEST_TO_ANCHOR	DEST	dest.8d3b8a0f8679baa430ed780e	ANCHOR	generated.farm.70ea4f43449ef725189d7fbf.anchor	0	115113	-178212	-901	119336	-180368	-2368	921	921	4964	NO_PATH	0	0	data/teleporters/town/32163.xml|data/spawns/DwarvenTerritory/DwarvenStarting.xml	NO_PATH
connector.df2034d094033a1bc7c028fa	ANCHOR_TO_DEST	ANCHOR	generated.farm.9ade1ebd71ecab96f8e0e774.anchor	DEST	dest.6fb5021ca4d18a28277cff29	0	73095	-57874	-3032	71814	-57054	-3088	1537	1537	1523	PATH_SEGMENT_BLOCKED	0	0	data/spawns/Rune/SwampOfScreams.xml|data/teleporters/chamberlain/35509.xml	PATH_SEGMENT_BLOCKED
connector.df6955969e093a1e73d8f947	GK_TO_ANCHOR	GK	spawn.bd6e9b7fa656f1e550ded751	ANCHOR	giran.gatekeeper.30080	0	81133	151537	-3512	83396	147904	-3404	918	918	4282	NO_PATH	0	0	data/spawns/Others/22_22.xml|data/stats/npcs/30000-30099.xml|data/spawns/Others/22_22.xml|data/teleporters/town/30080.xml	NO_PATH
connector.dfef764407792c7a90b4e630	ANCHOR_TO_DEST	ANCHOR	generated.farm.a0abc859a574ede81641f47b.anchor	DEST	dest.a1e4693884e8683fb171a478	0	157129	-48341	-3168	153996	-50182	-2992	1538	1538	3639	VALID_PATH	3859	5	data/spawns/Goddard/GardenOfBeasts.xml|data/teleporters/chamberlain/35363.xml	GEOENGINE_PROVEN
connector.e0199a2baa7a21cf3d9f7bf7	ANCHOR_TO_GK	ANCHOR	giran.castle.defender.staging	GK	spawn.03ea56153c3f4ab07c49f3d3	0	116540	146655	-1866	115575	144864	-2567	918	918	2152	NO_PATH	0	0	data/zones/castle_hall.xml|data/zones/castle_siege.xml|data/spawns/Castles/Giran.xml	NO_PATH
connector.e02446ae9df2de2146141f4d	DEST_TO_ANCHOR	DEST	dest.7e3b02b7daf1c1b37110fcaa	ANCHOR	generated.farm.2b19e62575f6c4c46606001a.anchor	0	82693	242220	-6712	86331	244541	-7672	926	926	4421	NO_PATH	0	0	data/teleporters/town/30899.xml|data/spawns/Innadril/GardenOfEva.xml	NO_PATH
connector.e035cdd705ea8cda1109bcec	ANCHOR_TO_DEST	ANCHOR	generated.farm.12923521d58d7301f63fd56a.anchor	DEST	dest.60157b30f93203373e08dd6a	0	117133	-149832	-2352	111965	-154172	-1528	1714	1714	6799	NO_PATH	0	0	data/spawns/Others/PlunderousPlains.xml|data/teleporters/clanhall/Schuttgart/35580.xml	NO_PATH
connector.e05f349c07a6b8ee8c5e127b	GK_TO_ANCHOR	GK	spawn.812dcd239de56605b0f9a40f	ANCHOR	generated.farm.a32843d9945a633fb0d082ee.anchor	0	148636	4756	-400	150739	-2129	-4568	924	924	8319	NO_PATH	0	0	data/spawns/Castles/Aden.xml|data/spawns/Aden/BlazingSwamp.xml	NO_PATH
connector.e08d15e11d5c37026d4d394f	DEST_TO_ANCHOR	DEST	dest.a1e4693884e8683fb171a478	ANCHOR	generated.farm.007f9057c1ee101b364fff57.anchor	0	153996	-50182	-2992	155476	-49469	-3352	1538	1538	1682	VALID_PATH	1922	4	data/teleporters/chamberlain/35363.xml|data/spawns/Goddard/GardenOfBeasts.xml	GEOENGINE_PROVEN
connector.e13172f215e4acb0a79b66f8	DEST_TO_ANCHOR	DEST	dest.6a1ddd6bd7f4610f50be2cf8	ANCHOR	generated.farm.47669c1f7a73c81d26c75bbf.anchor	0	144866	-57464	-2976	140747	-57774	-3032	1538	1538	4132	NO_PATH	0	0	data/teleporters/clanhall/Goddard/35461.xml|data/spawns/Goddard/GardenOfBeasts.xml	NO_PATH
connector.e1582afc938960d2b709046c	ANCHOR_TO_DEST	ANCHOR	generated.farm.3c0d8abca8bd8b3c5196c8b9.anchor	DEST	dest.fd4cdfff92e18ad5ed186f9d	0	173277	-23788	-3608	172251	-17605	-4903	924	924	6400	NO_PATH	0	0	data/spawns/Aden/FieldsOfMassacre.xml|data/teleporters/dungeon/31101.xml	NO_PATH
connector.e18a8f53ad79c2f1d8255edd	ANCHOR_TO_DEST	ANCHOR	generated.farm.cd306da76ff484653e1f8b63.anchor	DEST	dest.676f59b862d33902959c4f11	0	4679	-19352	-3616	11235	-24026	-3640	1924	1924	8052	NO_PATH	0	0	data/spawns/Rune/PrimevalIsle.xml|data/teleporters/town/31320.xml	NO_PATH
connector.e1b077ef12b5d91e05a7ed6c	DEST_TO_ANCHOR	DEST	dest.6f4c5951ec7be753e0cfc142	ANCHOR	generated.farm.4ce227949d0e8325be86ee6f.anchor	0	132997	-60608	-2960	135009	-56914	-3096	1538	1538	4209	NO_PATH	0	0	data/teleporters/town/31275.xml|data/spawns/Goddard/GardenOfBeasts.xml	NO_PATH
connector.e1bf73abb07243dc9e8edac5	ANCHOR_TO_DEST	ANCHOR	population.farming.orc.20535	DEST	dest.a11b765b1fdfbe59148d95d8	0	-49106	-115854	-160	-45158	-112583	-240	920	920	5128	NO_PATH	0	0	data/spawns/OrcTerritory/OrcStarting.xml|data/teleporters/town/30320.xml	NO_PATH
connector.e21acddbe01abf6baa0c9eb5	ANCHOR_TO_DEST	ANCHOR	generated.farm.1080a475c827ec21cc2df10c.anchor	DEST	dest.4b5c5793c1f48563fea006af	0	166797	-46343	-3536	165054	-47861	-3560	1538	1538	2312	VALID_DIRECT	2312	1	data/spawns/Goddard/WallOfArgos.xml|data/teleporters/clanhall/Goddard/35463.xml	GEOENGINE_PROVEN
connector.e2821ff4c4ffac9b3d6d3a84	DEST_TO_ANCHOR	DEST	dest.21e9c9b1510df61032cbc4cc	ANCHOR	generated.farm.0b52b3a7154b1b1513731338.anchor	0	77868	250400	-9328	77276	250249	-9336	926	926	612	PATH_SEGMENT_BLOCKED	0	0	data/teleporters/town/30899.xml|data/spawns/Innadril/GardenOfEva.xml	PATH_SEGMENT_BLOCKED
connector.e2b9bafe34a11ff1135609ec	GK_TO_ANCHOR	GK	spawn.844ddb7500852ef9c1ed2526	ANCHOR	generated.farm.55a21c4d7990e8c7b6e62d66.anchor	0	147966	-55228	-2728	152204	-61559	-2984	1538	1538	7623	NO_PATH	0	0	data/spawns/Others/24_16.xml|data/spawns/Goddard/GardenOfBeasts.xml	NO_PATH
connector.e2ba2ac62b1900a4c297fa1c	DEST_TO_ANCHOR	DEST	dest.0078633d4fd88238ef4fcba7	ANCHOR	generated.farm.9ce01b6c387257511e5c6df4.anchor	0	148736	-49201	-688	156116	-46618	-3760	1538	1538	8401	NO_PATH	0	0	data/teleporters/doorman/35359.xml|data/spawns/Goddard/GardenOfBeasts.xml	NO_PATH
connector.e2c5539203c6b7de67c3c855	GK_TO_ANCHOR	GK	spawn.5ec71ae062fb709719b08cec	ANCHOR	generated.farm.0cce9bd32252cc6b834283c9.anchor	0	11504	-23344	-3644	5527	-19685	-3608	1924	1924	7009	NO_PATH	0	0	data/spawns/Others/20_17.xml|data/spawns/Rune/PrimevalIsle.xml	NO_PATH
connector.e2c8e3c1f1f8755fcf5ca1d2	ANCHOR_TO_DEST	ANCHOR	generated.farm.a28688688ab429a7b503bff4.anchor	DEST	dest.8c09bbc7bfb0f2b227b81f0b	0	121436	45251	-3984	114674	44150	-3376	923	923	6878	VALID_DIRECT	6878	1	data/spawns/Hunters/EnchantedValley.xml|data/teleporters/town/30233.xml	GEOENGINE_PROVEN
connector.e2e836a488157cde776d0c5a	DEST_TO_ANCHOR	DEST	dest.cb2469dc00b61367686fc5e5	ANCHOR	generated.farm.4e76dc23218e129a890c3248.anchor	0	67097	68815	-3648	71264	70956	-3688	922	922	4686	NO_PATH	0	0	data/teleporters/town/30177.xml|data/spawns/Oren/TimakOutpost.xml	NO_PATH
connector.e2ee46a694dc69081b238088	ANCHOR_TO_DEST	ANCHOR	generated.farm.f0d9c7a52966b80171ef9407.anchor	DEST	dest.496c0381eb49089f27e0045e	0	-44941	180738	-3664	-47506	179572	-3669	911	911	2818	PATH_SEGMENT_BLOCKED	0	0	data/spawns/Gludio/Wasteland.xml|data/teleporters/town/30320.xml	PATH_SEGMENT_BLOCKED
connector.e2eec90859ca8948f9f98886	GK_TO_ANCHOR	GK	spawn.06384715e69ff99fb3fa7140	ANCHOR	giran.city.center	0	83568	145264	-3388	82480	149087	-3350	918	918	3975	NO_PATH	0	0	data/spawns/Others/22_22.xml|data/mapregion/giran_castle_town.xml	NO_PATH
connector.e2f56aae2d6db309f548967a	ANCHOR_TO_DEST	ANCHOR	generated.farm.2375efd4a61538412f238d7c.anchor	DEST	dest.e3baac14371de72d8b2e3755	0	152789	-2636	-4544	147458	2010	217	924	924	8525	NO_PATH	0	0	data/spawns/Aden/BlazingSwamp.xml|data/teleporters/doorman/35271.xml	NO_PATH
connector.e32bc0243e1dc08f711e33de	ANCHOR_TO_DEST	ANCHOR	population.route.orc.a3	DEST	dest.a11b765b1fdfbe59148d95d8	0	-50845	-113715	-168	-45158	-112583	-240	920	920	5800	NO_PATH	0	0	data/stats/players/templates/StartingClass/OrcFighter.xml|data/stats/players/templates/StartingClass/OrcMystic.xml|data/spawns/OrcTerritory/OrcStarting.xml|data/teleporters/town/30320.xml	NO_PATH
connector.e3f6249052794affcdcb77aa	ANCHOR_TO_GK	ANCHOR	generated.farm.ccd05d96d24167ee9a70c395.anchor	GK	spawn.adbf2ddde00443bc89450f43	0	173397	-189657	-2016	178884	-184227	-336	921	921	7901	NO_PATH	0	0	data/spawns/DwarvenTerritory/DwarvenStarting.xml|data/spawns/Others/25_12.xml	NO_PATH
connector.e3ffdbaf7a8ff6cfc7c8e4e5	DEST_TO_ANCHOR	DEST	dest.16e6331ad2364d9f9c9d48db	ANCHOR	generated.farm.2821cf96ec95f62bb3d5bec7.anchor	0	17776	108288	-9056	20661	114027	-3712	916	916	8356	NO_PATH	0	0	data/teleporters/others/30487.xml|data/spawns/Dion/CrumaMarshlands.xml	NO_PATH
connector.e406f13d35f66f5cef42ad9f	ANCHOR_TO_DEST	ANCHOR	generated.farm.a870f32abb9dbeb0708ce688.anchor	DEST	dest.fab7b56737a57f4e742112eb	0	69705	-72656	-3800	65307	-71445	-3696	1537	1537	4563	VALID_DIRECT	4563	1	data/spawns/Rune/ValleyOfSaints.xml|data/teleporters/clanhall/Rune/35576.xml	GEOENGINE_PROVEN
connector.e442d3f70882ed4bc6cc8dea	DEST_TO_ANCHOR	DEST	dest.b3ded18bbb6e7117c0af9e78	ANCHOR	generated.farm.c108283b09b4139540c4a963.anchor	0	84092	-80084	-3504	85420	-74375	-3576	1537	1537	5862	NO_PATH	0	0	data/teleporters/town/31320.xml|data/spawns/Rune/ValleyOfSaints.xml	NO_PATH
connector.e44770d313cc14ef84142e5b	DEST_TO_ANCHOR	DEST	dest.676f59b862d33902959c4f11	ANCHOR	generated.farm.d0025fb737eaea0f751f7382.anchor	0	11235	-24026	-3640	4711	-19437	-3608	1924	1924	7977	NO_PATH	0	0	data/teleporters/town/31320.xml|data/spawns/Rune/PrimevalIsle.xml	NO_PATH
connector.e45db7e87e3fd0baafb4c501	ANCHOR_TO_DEST	ANCHOR	generated.farm.ea72d768f3c8ec3d79c1a530.anchor	DEST	dest.9c5be74df9759b32cc4ea701	0	116056	-175091	-1016	115120	-178224	-880	921	921	3273	PATH_SEGMENT_BLOCKED	0	0	data/spawns/DwarvenTerritory/DwarvenStarting.xml|data/teleporters/town/30256.xml	PATH_SEGMENT_BLOCKED
connector.e48294b02b27d1093176b3ad	ANCHOR_TO_GK	ANCHOR	generated.farm.77743197e238ebb0e1e3eac2.anchor	GK	spawn.adbf2ddde00443bc89450f43	0	175207	-189475	-2304	178884	-184227	-336	921	921	6704	NO_PATH	0	0	data/spawns/DwarvenTerritory/DwarvenStarting.xml|data/spawns/Others/25_12.xml	NO_PATH
connector.e4893f22e57989a2b2a27aaa	ANCHOR_TO_DEST	ANCHOR	generated.farm.c6076add103259c1f91ba953.anchor	DEST	dest.6a1ddd6bd7f4610f50be2cf8	0	140696	-57173	-2944	144866	-57464	-2976	1538	1538	4181	NO_PATH	0	0	data/spawns/Goddard/GardenOfBeasts.xml|data/teleporters/clanhall/Goddard/35461.xml	NO_PATH
connector.e48b3a551991ca730e39c66d	ANCHOR_TO_DEST	ANCHOR	population.ingress.human-mystic.04	DEST	dest.d4313d5eea5aa2d626abb520	0	-90890	248027	-3568	-84752	243122	-3728	910	910	7859	NO_PATH	0	0	data/stats/players/templates/StartingClass/HumanMystic.xml|data/teleporters/others/32614.xml	NO_PATH
connector.e4ba96a79e047e8c5484993c	ANCHOR_TO_DEST	ANCHOR	generated.farm.84775e27285f7385514d76aa.anchor	DEST	dest.a1d7bc7e70d2a60843030a75	0	107512	38458	-4616	104426	33746	-3800	923	923	5692	NO_PATH	0	0	data/spawns/Hunters/EnchantedValley.xml|data/teleporters/town/30233.xml	NO_PATH
connector.e4d698a463eb7e5adb698b59	ANCHOR_TO_DEST	ANCHOR	generated.farm.70ea4f43449ef725189d7fbf.anchor	DEST	dest.9c5be74df9759b32cc4ea701	0	119336	-180368	-2368	115120	-178224	-880	921	921	4959	NO_PATH	0	0	data/spawns/DwarvenTerritory/DwarvenStarting.xml|data/teleporters/town/30256.xml	NO_PATH
connector.e50477987105ee7dda511d87	ANCHOR_TO_GK	ANCHOR	population.route.dwarf.w2	GK	spawn.cd48f4a126ad9fb6d9a60ca2	0	110440	-173944	-528	115072	-178176	-880	921	921	6285	NO_PATH	0	0	data/stats/players/templates/StartingClass/DwarvenFighter.xml|data/spawns/DwarvenTerritory/DwarvenStarting.xml|data/spawns/Others/23_12.xml	NO_PATH
connector.e514d75049aaf32271a61ba9	ANCHOR_TO_GK	ANCHOR	generated.farm.f5d8df78a09e41d99d10034a.anchor	GK	spawn.7dd418081a38ac69b21350fe	0	14485	116441	-3728	17877	113970	-11672	916	916	8985	NO_PATH	0	0	data/spawns/Dion/CrumaMarshlands.xml|data/spawns/Others/20_21.xml	NO_PATH
connector.e5295457ecc103102d743d65	ANCHOR_TO_DEST	ANCHOR	generated.farm.66d6f34ccbc563d7eeadf427.anchor	DEST	dest.e58785de760af9858aee2c0d	0	184392	58933	-7232	183985	61424	-3992	924	924	4108	NO_PATH	0	0	data/spawns/Aden/GiantsCave.xml|data/teleporters/clanhall/Aden/35443.xml	NO_PATH
connector.e53f55f7698e26d1575c3bef	DEST_TO_ANCHOR	DEST	dest.9637163d36bdf4ac9032ff74	ANCHOR	generated.farm.3ed60488890fc56b8a93d524.anchor	0	147458	2408	219	145214	-1914	-4592	924	924	6846	NO_PATH	0	0	data/teleporters/doorman/35271.xml|data/spawns/Aden/BlazingSwamp.xml	NO_PATH
connector.e54826733f4c11fe5027e230	DEST_TO_ANCHOR	DEST	dest.b5edee75f7edd44ad47a86fe	ANCHOR	generated.farm.d5293ad13f4722d653be46d7.anchor	0	147731	-58930	-2976	151869	-61029	-3120	1538	1538	4643	NO_PATH	0	0	data/teleporters/clanhall/Goddard/35463.xml|data/spawns/Goddard/GardenOfBeasts.xml	NO_PATH
connector.e57e620565d9b419b46d9abf	ANCHOR_TO_GK	ANCHOR	generated.farm.81c6855121cf6afa88828282.anchor	GK	spawn.844ddb7500852ef9c1ed2526	0	142148	-59521	-3184	147966	-55228	-2728	1538	1538	7245	NO_PATH	0	0	data/spawns/Goddard/GardenOfBeasts.xml|data/spawns/Others/24_16.xml	NO_PATH
connector.e59b1c7006794e218dea05c8	DEST_TO_ANCHOR	DEST	dest.45565ac66d6cf494a00dc6e5	ANCHOR	generated.farm.0207a09bbbb16a46b95706bd.anchor	0	89513	-44800	-2136	91812	-51502	-2608	1537	1537	7102	NO_PATH	0	0	data/teleporters/town/31320.xml|data/spawns/Rune/SwampOfScreams.xml	NO_PATH
connector.e5aa03027a3016a20d83d215	ANCHOR_TO_DEST	ANCHOR	generated.farm.5646fdca6ae25d5f7b8df80f.anchor	DEST	dest.0078633d4fd88238ef4fcba7	0	154200	-44838	-3744	148736	-49201	-688	1538	1538	7631	NO_PATH	0	0	data/spawns/Goddard/GardenOfBeasts.xml|data/teleporters/doorman/35359.xml	NO_PATH
connector.e5ba43683c51b9e723fb7d51	DEST_TO_ANCHOR	DEST	dest.fb425c42143da7dbe6caa9bd	ANCHOR	generated.farm.c6b91d878955fb4a74840c96.anchor	0	148928	-48245	-2383	154440	-47418	-3776	1538	1538	5746	NO_PATH	0	0	data/teleporters/doorman/35358.xml|data/spawns/Goddard/GardenOfBeasts.xml	NO_PATH
connector.e5dbd248aa2def142cf9f637	ANCHOR_TO_DEST	ANCHOR	generated.farm.c559aedb44e0cf87e1fb32c9.anchor	DEST	dest.60157b30f93203373e08dd6a	0	108605	-150431	-2328	111965	-154172	-1528	1714	1714	5092	NO_PATH	0	0	data/spawns/Others/PlunderousPlains.xml|data/teleporters/clanhall/Schuttgart/35580.xml	NO_PATH
connector.e60acc612f160f734d1bce30	DEST_TO_ANCHOR	DEST	dest.1dfa3f30667e31e6ac87d5fa	ANCHOR	generated.farm.57a38f13450e54452b749339.anchor	0	46951	51550	-2976	52710	55450	-3320	914	914	6964	NO_PATH	0	0	data/teleporters/town/30576.xml|data/spawns/ElvenTerritory/ElvenStarting.xml	NO_PATH
connector.e62a09acf073ed5e34780735	ANCHOR_TO_DEST	ANCHOR	generated.farm.5f01830f7c24ddb634d325de.anchor	DEST	dest.4b5c5793c1f48563fea006af	0	168082	-44528	-3456	165054	-47861	-3560	1538	1538	4505	VALID_DIRECT	4505	1	data/spawns/Goddard/WallOfArgos.xml|data/teleporters/clanhall/Goddard/35463.xml	GEOENGINE_PROVEN
connector.e636fbe3b55c61316a67f62d	DEST_TO_ANCHOR	DEST	dest.137141ac05b457adc3dbb8d1	ANCHOR	generated.farm.178044c17f297ebf3f957eda.anchor	0	146990	-67128	-3640	143755	-62697	-3392	1538	1538	5492	NO_PATH	0	0	data/teleporters/clanhall/Goddard/35467.xml|data/spawns/Goddard/GardenOfBeasts.xml	NO_PATH
connector.e6376af4a6d20858707a8bd7	GK_TO_ANCHOR	GK	spawn.ea01e40d6590c4c626ba7ac8	ANCHOR	giran.castle.attacker.staging	0	113009	144703	-2817	112122	144855	-2751	918	918	903	PATH_SEGMENT_BLOCKED	0	0	data/spawns/Castles/Giran.xml|data/html/admin/teleports/CastleAreas/giran.htm|data/zones/castle_siege.xml|data/zones/castle_hall.xml	PATH_SEGMENT_BLOCKED
connector.e663c9940ab071482b3a3ae6	GK_TO_ANCHOR	GK	spawn.94983ae1f1c3f9665c08d90a	ANCHOR	generated.farm.dfd7a9e53a647fe939cd530a.anchor	0	146416	-55568	-2765	141197	-58115	-3064	1538	1538	5816	NO_PATH	0	0	data/spawns/Others/24_16.xml|data/spawns/Goddard/GardenOfBeasts.xml	NO_PATH
connector.e66872ce828d13c982812be3	ANCHOR_TO_DEST	ANCHOR	generated.farm.b926aa7699c197a45ee1dd9e.anchor	DEST	dest.6f4c5951ec7be753e0cfc142	0	134100	-56280	-3112	132997	-60608	-2960	1538	1538	4469	NO_PATH	0	0	data/spawns/Goddard/GardenOfBeasts.xml|data/teleporters/town/31275.xml	NO_PATH
connector.e67aa2f5b9bd3f42f5aa0875	DEST_TO_ANCHOR	DEST	dest.25e28532f79c5963d8bce2a5	ANCHOR	generated.farm.d4da74249121849f4cc54cda.anchor	0	124904	61992	-3973	118145	59172	-4576	923	923	7349	NO_PATH	0	0	data/teleporters/clanhall/Aden/35443.xml|data/spawns/Hunters/EnchantedValley.xml	NO_PATH
connector.e6bfa9ad074bd24106cd9512	ANCHOR_TO_GK	ANCHOR	generated.farm.2821cf96ec95f62bb3d5bec7.anchor	GK	spawn.a5279a01d5ee6f920ba23338	0	20661	114027	-3712	17725	108220	-9057	916	916	8421	NO_PATH	0	0	data/spawns/Dion/CrumaMarshlands.xml|data/spawns/Others/20_21.xml	NO_PATH
connector.e74d28895d2b1b9ab0972397	DEST_TO_ANCHOR	DEST	dest.6f4c5951ec7be753e0cfc142	ANCHOR	generated.farm.b926aa7699c197a45ee1dd9e.anchor	0	132997	-60608	-2960	134100	-56280	-3112	1538	1538	4469	NO_PATH	0	0	data/teleporters/town/31275.xml|data/spawns/Goddard/GardenOfBeasts.xml	NO_PATH
connector.e751ec7795ee09809e702473	DEST_TO_ANCHOR	DEST	dest.d4313d5eea5aa2d626abb520	ANCHOR	population.route.human-mystic.b1	0	-84752	243122	-3728	-90072	248328	-3568	910	910	7446	NO_PATH	0	0	data/teleporters/others/32614.xml|data/stats/players/templates/StartingClass/HumanMystic.xml|data/spawns/TalkingIsland/TalkingIslandMonsters.xml	NO_PATH
connector.e76e3ff6416c8f3e46416a17	ANCHOR_TO_DEST	ANCHOR	generated.farm.b98bdaf85c5429eec94dc264.anchor	DEST	dest.390dce2c80e6f8dcb183685e	0	139056	-52350	-2768	146181	-49209	-686	1538	1538	8061	NO_PATH	0	0	data/spawns/Goddard/GardenOfBeasts.xml|data/teleporters/doorman/35360.xml	NO_PATH
connector.e7a6255d48e44299b1c0425d	ANCHOR_TO_DEST	ANCHOR	generated.farm.2f28e5148a38d8f4c4959a1d.anchor	DEST	dest.97e884732d1831265eceeb3b	0	-39917	-109286	-1800	-44836	-112524	-235	920	920	6094	NO_PATH	0	0	data/spawns/OrcTerritory/OrcStarting.xml|data/teleporters/town/32163.xml	NO_PATH
connector.e7ddd366f20ded17e8d8e33d	DEST_TO_ANCHOR	DEST	dest.bf858e6767aedc4b3744d67b	ANCHOR	generated.farm.f020c8af030fa89ae2f5f53a.anchor	0	150561	-57489	-2976	151209	-63042	-3408	1538	1538	5608	NO_PATH	0	0	data/teleporters/clanhall/Goddard/35461.xml|data/spawns/Goddard/GardenOfBeasts.xml	NO_PATH
connector.e7e04203353c32a04f058ecf	ANCHOR_TO_DEST	ANCHOR	generated.farm.2375cb206c6e030fba6f3396.anchor	DEST	dest.cc433c3076642e927f9055c3	0	69373	-56615	-3096	69340	-50203	-3314	1537	1537	6416	NO_PATH	0	0	data/spawns/Rune/SwampOfScreams.xml|data/teleporters/clanhall/Rune/35640.xml	NO_PATH
connector.e7e5eccc2c7a22866b8be8a2	DEST_TO_ANCHOR	DEST	dest.e3baac14371de72d8b2e3755	ANCHOR	generated.farm.2375efd4a61538412f238d7c.anchor	0	147458	2010	217	152789	-2636	-4544	924	924	8525	NO_PATH	0	0	data/teleporters/doorman/35271.xml|data/spawns/Aden/BlazingSwamp.xml	NO_PATH
connector.e8091b4baabc4775ed6c8e49	ANCHOR_TO_GK	ANCHOR	population.farming.dwarf.20533	GK	spawn.cd48f4a126ad9fb6d9a60ca2	0	114966	-172886	-672	115072	-178176	-880	921	921	5296	NO_PATH	0	0	data/spawns/DwarvenTerritory/DwarvenStarting.xml|data/spawns/Others/23_12.xml	NO_PATH
connector.e84ab92a1029f5bf1cb6fe03	DEST_TO_ANCHOR	DEST	dest.a93a05bb8dc5f577fcad0b87	ANCHOR	generated.farm.cd97e77022d4a79ec5fc001f.anchor	0	42514	143917	-5385	43218	143155	-3272	916	916	2354	NO_PATH	0	0	data/teleporters/dungeon/31120.xml|data/spawns/Dion/ExecutionGrounds.xml	NO_PATH
connector.e86dd994f18c566e955636ab	DEST_TO_ANCHOR	DEST	dest.f2250fc66d2e1e4512042557	ANCHOR	population.route.human-mystic.guard.30733	0	-84318	244579	-3730	-87847	250564	-3616	910	910	6949	NO_PATH	0	0	data/teleporters/town/32163.xml|data/stats/players/templates/StartingClass/HumanMystic.xml|data/spawns/TalkingIsland/TalkingIslandMonsters.xml|data/stats/npcs/30700-30799.xml	NO_PATH
connector.e8d77b5ecd23f1b3396dac94	DEST_TO_ANCHOR	DEST	dest.9d74188a88fecd721cf1e45e	ANCHOR	elven.farming.oren04-2019-08s	0	21362	51122	-3688	17170	46114	-3568	914	914	6533	NO_PATH	0	0	data/teleporters/town/30146.xml|data/spawns/ElvenTerritory/ElvenStarting.xml	NO_PATH
connector.e91e54c0507bb9239d1832a2	ANCHOR_TO_DEST	ANCHOR	generated.farm.9017c6d044923a6e02026807.anchor	DEST	dest.0feab79a64ec9659f5c1d1c5	0	123216	54644	-3680	124904	61992	-3920	923	923	7544	NO_PATH	0	0	data/spawns/Hunters/EnchantedValley.xml|data/teleporters/town/30233.xml	NO_PATH
connector.e94ea7565d70f9448f6fd265	DEST_TO_ANCHOR	DEST	dest.4b5c5793c1f48563fea006af	ANCHOR	generated.farm.6bfea28fdd5a551b0ace0695.anchor	0	165054	-47861	-3560	157216	-49502	-3160	1538	1538	8018	NO_PATH	0	0	data/teleporters/clanhall/Goddard/35463.xml|data/spawns/Goddard/GardenOfBeasts.xml	NO_PATH
connector.e954b786609a1b43036edf9e	DEST_TO_ANCHOR	DEST	dest.9c5be74df9759b32cc4ea701	ANCHOR	generated.farm.70ea4f43449ef725189d7fbf.anchor	0	115120	-178224	-880	119336	-180368	-2368	921	921	4959	NO_PATH	0	0	data/teleporters/town/30256.xml|data/spawns/DwarvenTerritory/DwarvenStarting.xml	NO_PATH
connector.e995c93cb0828b33a7d9a3a1	GK_TO_ANCHOR	GK	spawn.48598069a7e03782845dcce6	ANCHOR	generated.farm.c9688432b997ec0243ec1b3f.anchor	0	146275	4468	-400	148203	-1884	-4592	924	924	7851	NO_PATH	0	0	data/spawns/Castles/Aden.xml|data/spawns/Aden/BlazingSwamp.xml	NO_PATH
connector.e9a063e101c8cd5a7c3f4e26	ANCHOR_TO_DEST	ANCHOR	generated.farm.30c1f54e33a46208ad65888f.anchor	DEST	dest.8f205ce2bad012e8cfc5dc41	0	47973	245895	-6656	49315	248452	-5960	919	919	2971	NO_PATH	0	0	data/spawns/Others/21_25.xml|data/teleporters/town/30006.xml	NO_PATH
connector.e9a2086a182446d0f31bf304	ANCHOR_TO_DEST	ANCHOR	generated.farm.e6ac57e58e205cc3e2a79457.anchor	DEST	dest.3dd86fe06a72ce612785df72	0	72464	-74888	-3704	65307	-71445	-3688	1537	1537	7943	NO_PATH	0	0	data/spawns/Rune/ValleyOfSaints.xml|data/teleporters/town/31320.xml	NO_PATH
connector.e9bdc975aa00f09ccfb094db	DEST_TO_ANCHOR	DEST	dest.4f5494441b06f6ad17ab7b81	ANCHOR	generated.farm.5646fdca6ae25d5f7b8df80f.anchor	0	148748	-48951	-687	154200	-44838	-3744	1538	1538	7483	NO_PATH	0	0	data/teleporters/doorman/35359.xml|data/spawns/Goddard/GardenOfBeasts.xml	NO_PATH
connector.e9f95426aa8097e93f975566	ANCHOR_TO_GK	ANCHOR	generated.farm.2f5a4686e378172f8cb75ec4.anchor	GK	spawn.c5db474f615ec7563feee08e	0	154309	-46007	-3744	147408	-49296	-2120	1538	1538	7816	NO_PATH	0	0	data/spawns/Goddard/GardenOfBeasts.xml|data/spawns/Castles/Goddard.xml	NO_PATH
connector.e9ffc6aef1ed4ba96aec4e27	ANCHOR_TO_DEST	ANCHOR	generated.farm.07aa3c8991e6438af259d433.anchor	DEST	dest.bdfe90a02e7d514e6c964ed3	0	74697	-1273	-3648	77023	1591	-3608	922	922	3690	VALID_DIRECT	3690	1	data/spawns/Oren/OutlawForest.xml|data/teleporters/chamberlain/35226.xml	GEOENGINE_PROVEN
connector.ea2425f4d91212011ac5981e	ANCHOR_TO_DEST	ANCHOR	generated.farm.dfd7a9e53a647fe939cd530a.anchor	DEST	dest.163f0aea44efeffae77fffed	0	141197	-58115	-3064	148024	-55281	-2728	1538	1538	7400	NO_PATH	0	0	data/spawns/Goddard/GardenOfBeasts.xml|data/teleporters/others/Varka.xml	NO_PATH
connector.ea61a65dbceff0c0a435fa30	GK_TO_ANCHOR	GK	spawn.51c3beb6cc7ad616365893a6	ANCHOR	generated.farm.5646fdca6ae25d5f7b8df80f.anchor	0	149024	-48080	-2382	154200	-44838	-3744	1538	1538	6258	NO_PATH	0	0	data/spawns/Castles/Goddard.xml|data/spawns/Goddard/GardenOfBeasts.xml	NO_PATH
connector.ea94d3b989a3664de1e3afb8	DEST_TO_ANCHOR	DEST	dest.1336b2e6b9a96915db9adc85	ANCHOR	population.route.human-mystic.c1	0	-84141	244623	-3728	-87848	250568	-3616	910	910	7007	NO_PATH	0	0	data/teleporters/town/30134.xml|data/stats/players/templates/StartingClass/HumanMystic.xml|data/spawns/TalkingIsland/TalkingIslandMonsters.xml	NO_PATH
connector.ea97853bf18f2c29679b8724	ANCHOR_TO_GK	ANCHOR	generated.farm.3ec423fd29deeac7ab56455f.anchor	GK	spawn.43f1cdc4737c7dec127ed004	0	138496	-51209	-2736	145640	-48096	-2382	1538	1538	7801	NO_PATH	0	0	data/spawns/Goddard/GardenOfBeasts.xml|data/spawns/Castles/Goddard.xml	NO_PATH
connector.eb07ad95c565cfc2a2d0a1a0	ANCHOR_TO_GK	ANCHOR	generated.farm.7f3bc4923037a86b5311ef60.anchor	GK	spawn.ac310663c394c7d6add8412b	0	154266	-57607	-3368	149024	-55456	-2765	1538	1538	5699	NO_PATH	0	0	data/spawns/Goddard/GardenOfBeasts.xml|data/spawns/Others/24_16.xml	NO_PATH
connector.eb09b9da5292164b255521ae	ANCHOR_TO_DEST	ANCHOR	generated.farm.07fac18dc6b3e21e49a39ee9.anchor	DEST	dest.d58c71398b5a731b53392034	0	184754	-50681	-3088	183140	-53307	-1896	1538	1538	3305	NO_PATH	0	0	data/spawns/Goddard/WallOfArgos.xml|data/teleporters/town/31275.xml	NO_PATH
connector.eb0baaa27c33f00db08947f9	ANCHOR_TO_GK	ANCHOR	population.route.orc.a3	GK	spawn.0ee92d8baebbdfb84d872803	0	-50845	-113715	-168	-45264	-112512	-240	920	920	5710	NO_PATH	0	0	data/stats/players/templates/StartingClass/OrcFighter.xml|data/stats/players/templates/StartingClass/OrcMystic.xml|data/spawns/OrcTerritory/OrcStarting.xml|data/spawns/Others/18_14.xml	NO_PATH
connector.eb1597759d8741888aa3ff71	ANCHOR_TO_GK	ANCHOR	generated.farm.3ed60488890fc56b8a93d524.anchor	GK	spawn.812dcd239de56605b0f9a40f	0	145214	-1914	-4592	148636	4756	-400	924	924	8590	NO_PATH	0	0	data/spawns/Aden/BlazingSwamp.xml|data/spawns/Castles/Aden.xml	NO_PATH
connector.eb39e3ce2b69a169a7d86416	DEST_TO_ANCHOR	DEST	dest.dba239778a263299c9f59019	ANCHOR	generated.farm.57a38f13450e54452b749339.anchor	0	46934	51467	-2977	52710	55450	-3320	914	914	7025	NO_PATH	0	0	data/teleporters/town/32163.xml|data/spawns/ElvenTerritory/ElvenStarting.xml	NO_PATH
connector.ec06a16f085761a95ca04183	GK_TO_ANCHOR	GK	spawn.4946ea02365506ad1599c2fd	ANCHOR	generated.farm.b98bdaf85c5429eec94dc264.anchor	0	146280	-49180	-672	139056	-52350	-2768	1538	1538	8163	NO_PATH	0	0	data/spawns/Castles/Goddard.xml|data/spawns/Goddard/GardenOfBeasts.xml	NO_PATH
connector.ec4db39731a19fb874392a00	ANCHOR_TO_GK	ANCHOR	generated.farm.fd7071c75a3f1d957f30ca25.anchor	GK	spawn.b3ade47a783cc4d199b36042	0	44883	142207	-3296	42608	143952	-5379	916	916	3544	NO_PATH	0	0	data/spawns/Dion/ExecutionGrounds.xml|data/spawns/Others/21_22.xml	NO_PATH
connector.ec629508aceffc0f976b12f1	ANCHOR_TO_DEST	ANCHOR	generated.farm.d3d367fe2d4130dd5678c2ae.anchor	DEST	dest.f2522fd691ccf61f81ae16ec	0	82023	254693	-10872	82951	252354	-10592	926	926	2532	VALID_DIRECT	2532	1	data/spawns/Innadril/GardenOfEva.xml|data/teleporters/town/30899.xml	GEOENGINE_PROVEN
connector.ec999b671c01415c734c491a	GK_TO_ANCHOR	GK	spawn.7dd418081a38ac69b21350fe	ANCHOR	generated.farm.f5d8df78a09e41d99d10034a.anchor	0	17877	113970	-11672	14485	116441	-3728	916	916	8985	NO_PATH	0	0	data/spawns/Others/20_21.xml|data/spawns/Dion/CrumaMarshlands.xml	NO_PATH
connector.ecd0f00110227ec9be4b0072	ANCHOR_TO_DEST	ANCHOR	generated.farm.1410fcecaf888ad87f8cfe85.anchor	DEST	dest.0078633d4fd88238ef4fcba7	0	156752	-50472	-3104	148736	-49201	-688	1538	1538	8469	NO_PATH	0	0	data/spawns/Goddard/GardenOfBeasts.xml|data/teleporters/doorman/35359.xml	NO_PATH
connector.ed01c057d4ea9575ff8de24c	ANCHOR_TO_GK	ANCHOR	generated.farm.d0025fb737eaea0f751f7382.anchor	GK	spawn.5ec71ae062fb709719b08cec	0	4711	-19437	-3608	11504	-23344	-3644	1924	1924	7837	NO_PATH	0	0	data/spawns/Rune/PrimevalIsle.xml|data/spawns/Others/20_17.xml	NO_PATH
connector.ed600935701f8257e04d1de8	ANCHOR_TO_GK	ANCHOR	generated.farm.ba96ca8a81c8241efff36e8c.anchor	GK	spawn.b3ade47a783cc4d199b36042	0	46727	141231	-3256	42608	143952	-5379	916	916	5374	NO_PATH	0	0	data/spawns/Dion/ExecutionGrounds.xml|data/spawns/Others/21_22.xml	NO_PATH
connector.eda482f754a4e47eaf7819ec	ANCHOR_TO_DEST	ANCHOR	generated.farm.47669c1f7a73c81d26c75bbf.anchor	DEST	dest.6a1ddd6bd7f4610f50be2cf8	0	140747	-57774	-3032	144866	-57464	-2976	1538	1538	4132	NO_PATH	0	0	data/spawns/Goddard/GardenOfBeasts.xml|data/teleporters/clanhall/Goddard/35461.xml	NO_PATH
connector.edf497f78b6a89e4e21a8987	ANCHOR_TO_GK	ANCHOR	generated.farm.5603e92e1fee2a50869a1471.anchor	GK	spawn.79dc0be68e2c487320847dde	0	185546	58931	-7232	191391	57074	-7616	924	924	6145	NO_PATH	0	0	data/spawns/Aden/GiantsCave.xml|data/spawns/Others/25_19.xml	NO_PATH
connector.ee37578b3d6aed943ec952a3	ANCHOR_TO_DEST	ANCHOR	generated.farm.77743197e238ebb0e1e3eac2.anchor	DEST	dest.ffb129dafff574e80a4d7eca	0	175207	-189475	-2304	179299	-182831	-224	921	921	8076	NO_PATH	0	0	data/spawns/DwarvenTerritory/DwarvenStarting.xml|data/teleporters/others/32654.xml	NO_PATH
connector.eedc046d8ce9a4240df3622f	DEST_TO_ANCHOR	DEST	dest.fbea6002af7dc7c3e4d7d167	ANCHOR	generated.farm.77743197e238ebb0e1e3eac2.anchor	0	175499	-181586	-904	175207	-189475	-2304	921	921	8018	NO_PATH	0	0	data/teleporters/town/30540.xml|data/spawns/DwarvenTerritory/DwarvenStarting.xml	NO_PATH
connector.eedcdb359ca23b1f371b3bcd	DEST_TO_ANCHOR	DEST	dest.a11b765b1fdfbe59148d95d8	ANCHOR	population.farming.orc.20535	0	-45158	-112583	-240	-49106	-115854	-160	920	920	5128	NO_PATH	0	0	data/teleporters/town/30320.xml|data/spawns/OrcTerritory/OrcStarting.xml	NO_PATH
connector.ef3708b0b119bff7cf87681e	ANCHOR_TO_GK	ANCHOR	generated.farm.08bede9fa450ab087be0458b.anchor	GK	spawn.0ee92d8baebbdfb84d872803	0	-40560	-117892	-1920	-45264	-112512	-240	920	920	7342	NO_PATH	0	0	data/spawns/OrcTerritory/OrcStarting.xml|data/spawns/Others/18_14.xml	NO_PATH
connector.ef3f6e46290ee83755a7b6b5	DEST_TO_ANCHOR	DEST	dest.b8a1497da34f2dc4d98f0ddd	ANCHOR	generated.farm.3ec423fd29deeac7ab56455f.anchor	0	146026	-48241	-2383	138496	-51209	-2736	1538	1538	8102	NO_PATH	0	0	data/teleporters/doorman/35357.xml|data/spawns/Goddard/GardenOfBeasts.xml	NO_PATH
connector.ef555f22c1a1ec3ff483f565	ANCHOR_TO_GK	ANCHOR	generated.farm.81c6855121cf6afa88828282.anchor	GK	spawn.f3a49ab4f7a73dfdea27ae5e	0	142148	-59521	-3184	147134	-56576	-2760	1538	1538	5807	NO_PATH	0	0	data/spawns/Goddard/GardenOfBeasts.xml|data/spawns/Others/24_16.xml	NO_PATH
connector.ef80087a4960cd3e7bc2334c	GK_TO_ANCHOR	GK	spawn.5ca082539ed558dfea594787	ANCHOR	generated.farm.2375efd4a61538412f238d7c.anchor	0	149208	4339	-440	152789	-2636	-4544	924	924	8850	NO_PATH	0	0	data/spawns/Castles/Aden.xml|data/spawns/Aden/BlazingSwamp.xml	NO_PATH
connector.efbf3550194affdf0c43263b	GK_TO_ANCHOR	GK	spawn.94983ae1f1c3f9665c08d90a	ANCHOR	generated.farm.1f2d65065f3689e8bd7c528b.anchor	0	146416	-55568	-2765	140490	-58449	-3248	1538	1538	6607	NO_PATH	0	0	data/spawns/Others/24_16.xml|data/spawns/Goddard/GardenOfBeasts.xml	NO_PATH
connector.efe47796a9dc3b54684be209	DEST_TO_ANCHOR	DEST	dest.0d0316ad3328c2a0c97eaa42	ANCHOR	giran.gatekeeper.30080	0	81548	152633	-3528	83396	147904	-3404	918	918	5079	NO_PATH	0	0	data/teleporters/clanhall/Giran/35455.xml|data/stats/npcs/30000-30099.xml|data/spawns/Others/22_22.xml|data/teleporters/town/30080.xml	NO_PATH
connector.f01551156358f80a50695836	GK_TO_ANCHOR	GK	spawn.4ec1cadaeec07b1cea645215	ANCHOR	generated.farm.5eb9ca10f507264114a7bd47.anchor	0	149272	-48088	-2382	155056	-48692	-3672	1538	1538	5957	NO_PATH	0	0	data/spawns/Castles/Goddard.xml|data/spawns/Goddard/GardenOfBeasts.xml	NO_PATH
connector.f030a7a3921f15da5fea2a85	ANCHOR_TO_DEST	ANCHOR	population.route.dwarf.a4	DEST	dest.9c5be74df9759b32cc4ea701	0	113508	-174203	-608	115120	-178224	-880	921	921	4341	NO_PATH	0	0	data/stats/players/templates/StartingClass/DwarvenFighter.xml|data/spawns/DwarvenTerritory/DwarvenStarting.xml|data/teleporters/town/30256.xml	NO_PATH
connector.f08c62d03fdb68c391e14171	DEST_TO_ANCHOR	DEST	dest.21e9c9b1510df61032cbc4cc	ANCHOR	generated.farm.740f5eda2548b39299ec2eef.anchor	0	77868	250400	-9328	79980	248153	-9848	926	926	3128	VALID_PATH	3420	4	data/teleporters/town/30899.xml|data/spawns/Innadril/GardenOfEva.xml	GEOENGINE_PROVEN
connector.f0b2b2603301aff7d8346124	ANCHOR_TO_GK	ANCHOR	giran.gatekeeper.30080	GK	spawn.c820b1421abc88c924e18183	0	83396	147904	-3404	81876	145392	-3520	918	918	2939	NO_PATH	0	0	data/stats/npcs/30000-30099.xml|data/spawns/Others/22_22.xml|data/teleporters/town/30080.xml|data/spawns/Others/22_22.xml	NO_PATH
connector.f0c27601b168e4e5bcdec6fe	ANCHOR_TO_DEST	ANCHOR	generated.farm.2b8fcfeff71ff7b46af34fef.anchor	DEST	dest.93fb345339f51516004ccb05	0	124999	201345	-2704	124651	207877	-3184	926	926	6559	NO_PATH	0	0	data/spawns/Innadril/AlligatorBeach.xml|data/teleporters/chamberlain/35316.xml	NO_PATH
connector.f108d18cbbbb85694a5c3ac9	ANCHOR_TO_DEST	ANCHOR	generated.farm.3a61798ba87fc8273b664399.anchor	DEST	dest.c22f3e4ebc26119cb4e14b22	0	140022	-212652	-3560	136910	-205082	-3664	921	921	8186	NO_PATH	0	0	data/spawns/DwarvenTerritory/DwarvenStarting.xml|data/teleporters/town/30540.xml	NO_PATH
connector.f13ec0accf70b1a1f5fbdffe	ANCHOR_TO_DEST	ANCHOR	giran.route.north	DEST	dest.0a3082f7cc8ee57406948adb	0	85000	143000	-4072	81749	149171	-3464	918	918	7002	NO_PATH	0	0	data/mapregion/giran_castle_town.xml|data/teleporters/chamberlain/35184.xml	NO_PATH
connector.f173b3b9e0d17b5b6ea079b6	ANCHOR_TO_DEST	ANCHOR	generated.farm.c6b91d878955fb4a74840c96.anchor	DEST	dest.868209e8a0412a795262ab4a	0	154440	-47418	-3776	147459	-45221	-2084	1538	1538	7512	NO_PATH	0	0	data/spawns/Goddard/GardenOfBeasts.xml|data/teleporters/doorman/35356.xml	NO_PATH
connector.f17e3ac839d8d9bee4793a17	GK_TO_ANCHOR	GK	spawn.c3b887fab1e752991ad6afef	ANCHOR	generated.farm.721be9c9f82200fe629be486.anchor	0	148381	-56525	-2760	148815	-63396	-3160	1538	1538	6897	NO_PATH	0	0	data/spawns/Others/24_16.xml|data/spawns/Goddard/GardenOfBeasts.xml	NO_PATH
connector.f1a3d5589d422a987715e010	DEST_TO_ANCHOR	DEST	dest.496c0381eb49089f27e0045e	ANCHOR	generated.farm.8d2db31d0a189ebbf3de608d.anchor	0	-47506	179572	-3669	-42761	184209	-3448	911	911	6639	NO_PATH	0	0	data/teleporters/town/30320.xml|data/spawns/Gludio/Wasteland.xml	NO_PATH
connector.f1d01eefdc1a43b8766fe0e5	ANCHOR_TO_DEST	ANCHOR	generated.farm.51c51b85a452e63c767b5399.anchor	DEST	dest.4b5c5793c1f48563fea006af	0	158276	-47226	-3304	165054	-47861	-3560	1538	1538	6813	NO_PATH	0	0	data/spawns/Goddard/GardenOfBeasts.xml|data/teleporters/clanhall/Goddard/35463.xml	NO_PATH
connector.f1e03d7debc6b317ea4203d2	ANCHOR_TO_DEST	ANCHOR	giran.city.center	DEST	dest.75c9d3fb9a76edd9c2a47378	0	82480	149087	-3350	83551	147945	-3400	918	918	1567	VALID_PATH	1587	3	data/mapregion/giran_castle_town.xml|data/teleporters/town/30836.xml	GEOENGINE_PROVEN
connector.f1f1f25da277ef3dc6340a39	ANCHOR_TO_DEST	ANCHOR	generated.farm.dfb4a481eb32c06d6cf72d76.anchor	DEST	dest.21e9c9b1510df61032cbc4cc	0	80443	248745	-10360	77868	250400	-9328	926	926	3231	NO_PATH	0	0	data/spawns/Innadril/GardenOfEva.xml|data/teleporters/town/30899.xml	NO_PATH
connector.f20fe8bb72274de04c13e476	DEST_TO_ANCHOR	DEST	dest.2381ef3e82eb4c230b417890	ANCHOR	generated.farm.5603e92e1fee2a50869a1471.anchor	0	191754	56760	-7624	185546	58931	-7232	924	924	6589	NO_PATH	0	0	data/teleporters/clanhall/Aden/35449.xml|data/spawns/Aden/GiantsCave.xml	NO_PATH
connector.f24753316e47e0bded6292df	DEST_TO_ANCHOR	DEST	dest.0feab79a64ec9659f5c1d1c5	ANCHOR	generated.farm.d4da74249121849f4cc54cda.anchor	0	124904	61992	-3920	118145	59172	-4576	923	923	7354	NO_PATH	0	0	data/teleporters/town/30233.xml|data/spawns/Hunters/EnchantedValley.xml	NO_PATH
connector.f25990cb656e193f8e236f38	ANCHOR_TO_DEST	ANCHOR	generated.farm.8cda05acaad33b936c956b81.anchor	DEST	dest.6fb5021ca4d18a28277cff29	0	76531	-58372	-2264	71814	-57054	-3088	1537	1537	4967	NO_PATH	0	0	data/spawns/Rune/SwampOfScreams.xml|data/teleporters/chamberlain/35509.xml	NO_PATH
connector.f2b283c78fb84af369915681	ANCHOR_TO_DEST	ANCHOR	generated.farm.08bede9fa450ab087be0458b.anchor	DEST	dest.97e884732d1831265eceeb3b	0	-40560	-117892	-1920	-44836	-112524	-235	920	920	7067	NO_PATH	0	0	data/spawns/OrcTerritory/OrcStarting.xml|data/teleporters/town/32163.xml	NO_PATH
connector.f2d51894498bc28864cb6f77	DEST_TO_ANCHOR	DEST	dest.4b5c5793c1f48563fea006af	ANCHOR	generated.farm.8f3c067d2446c907a7c88421.anchor	0	165054	-47861	-3560	168854	-42812	-3448	1538	1538	6321	NO_PATH	0	0	data/teleporters/clanhall/Goddard/35463.xml|data/spawns/Goddard/WallOfArgos.xml	NO_PATH
connector.f2dd610ba8aafc7141e04a4f	ANCHOR_TO_DEST	ANCHOR	generated.farm.6bf88f1fc40b2a15d6780862.anchor	DEST	dest.1b10b6e3a3cf02df43ce107b	0	80633	255284	-10360	78721	253309	-9840	926	926	2798	VALID_PATH	3096	4	data/spawns/Innadril/GardenOfEva.xml|data/teleporters/town/30899.xml	GEOENGINE_PROVEN
connector.f3103f415e29979545c19c93	DEST_TO_ANCHOR	DEST	dest.989f1f1ebece5846171b7e0c	ANCHOR	generated.farm.5646fdca6ae25d5f7b8df80f.anchor	0	149430	-48245	-2383	154200	-44838	-3744	1538	1538	6018	NO_PATH	0	0	data/teleporters/doorman/35358.xml|data/spawns/Goddard/GardenOfBeasts.xml	NO_PATH
connector.f391a761498a90b799d91f9d	DEST_TO_ANCHOR	DEST	dest.390dce2c80e6f8dcb183685e	ANCHOR	generated.farm.76760877434123ebddb05ba3.anchor	0	146181	-49209	-686	138008	-49020	-3240	1538	1538	8565	NO_PATH	0	0	data/teleporters/doorman/35360.xml|data/spawns/Goddard/GardenOfBeasts.xml	NO_PATH
connector.f392b074b520ef0fd1fd7270	DEST_TO_ANCHOR	DEST	dest.e3baac14371de72d8b2e3755	ANCHOR	generated.farm.c9688432b997ec0243ec1b3f.anchor	0	147458	2010	217	148203	-1884	-4592	924	924	6233	NO_PATH	0	0	data/teleporters/doorman/35271.xml|data/spawns/Aden/BlazingSwamp.xml	NO_PATH
connector.f3b6ee5a480b1cf64703b34d	DEST_TO_ANCHOR	DEST	dest.f8724494639bcf7319d21959	ANCHOR	generated.farm.657154ad8ac2d407ba01cb84.anchor	0	-16526	208032	-3664	-16009	200985	-3920	911	911	7071	NO_PATH	0	0	data/teleporters/clanhall/Gludin/35398.xml|data/spawns/Gludio/Wasteland.xml	NO_PATH
connector.f3fcdd80ef8d111c2a7deafe	ANCHOR_TO_DEST	ANCHOR	generated.farm.0daa9a698ee69b94550e62d2.anchor	DEST	dest.2922b91d3ca04e1143da7fa0	0	182975	-12951	-2984	183543	-14974	-2776	924	924	2112	VALID_PATH	2148	3	data/spawns/Aden/FieldsOfMassacre.xml|data/teleporters/town/30848.xml	GEOENGINE_PROVEN
connector.f41786e8ac578420afe498df	ANCHOR_TO_DEST	ANCHOR	generated.farm.f0514c14d379407f1823f1e7.anchor	DEST	dest.4bf9406ebda63490a2e4f866	0	151576	-62206	-3232	147728	-56331	-2776	1538	1538	7038	NO_PATH	0	0	data/spawns/Goddard/GardenOfBeasts.xml|data/teleporters/clanhall/Goddard/35461.xml	NO_PATH
connector.f4c4013906c9ded7277e457e	GK_TO_ANCHOR	GK	spawn.bd6e9b7fa656f1e550ded751	ANCHOR	giran.city.center	0	81133	151537	-3512	82480	149087	-3350	918	918	2801	PATH_SEGMENT_BLOCKED	0	0	data/spawns/Others/22_22.xml|data/mapregion/giran_castle_town.xml	PATH_SEGMENT_BLOCKED
connector.f4cabcde7c9e0538182654a4	ANCHOR_TO_DEST	ANCHOR	generated.farm.f020c8af030fa89ae2f5f53a.anchor	DEST	dest.137141ac05b457adc3dbb8d1	0	151209	-63042	-3408	146990	-67128	-3640	1538	1538	5878	NO_PATH	0	0	data/spawns/Goddard/GardenOfBeasts.xml|data/teleporters/clanhall/Goddard/35467.xml	NO_PATH
connector.f4d5758ac919d2a7b2826e45	DEST_TO_ANCHOR	DEST	dest.97e884732d1831265eceeb3b	ANCHOR	generated.farm.e72c2c1fdf7715981415fcdb.anchor	0	-44836	-112524	-235	-49543	-110784	-240	920	920	5019	NO_PATH	0	0	data/teleporters/town/32163.xml|data/spawns/OrcTerritory/OrcStarting.xml	NO_PATH
connector.f4d5875bfc774e7eac5de163	ANCHOR_TO_DEST	ANCHOR	giran.castle.attacker.staging	DEST	dest.a4ba0695da2a064181042973	0	112122	144855	-2751	107954	145841	-3224	918	918	4310	NO_PATH	0	0	data/html/admin/teleports/CastleAreas/giran.htm|data/zones/castle_siege.xml|data/zones/castle_hall.xml|data/teleporters/chamberlain/35184.xml	NO_PATH
connector.f509c27e52b4687d4bc63ab5	ANCHOR_TO_DEST	ANCHOR	generated.farm.a82ebdfea096fa4de12aa744.anchor	DEST	dest.f2522fd691ccf61f81ae16ec	0	85282	252122	-10872	82951	252354	-10592	926	926	2360	VALID_PATH	2545	3	data/spawns/Innadril/GardenOfEva.xml|data/teleporters/town/30899.xml	GEOENGINE_PROVEN
connector.f543a6c3cc7b0bf13a14a257	DEST_TO_ANCHOR	DEST	dest.8d3b8a0f8679baa430ed780e	ANCHOR	population.route.dwarf.a3	0	115113	-178212	-901	112996	-173691	-608	921	921	5001	NO_PATH	0	0	data/teleporters/town/32163.xml|data/stats/players/templates/StartingClass/DwarvenFighter.xml|data/spawns/DwarvenTerritory/DwarvenStarting.xml	NO_PATH
connector.f567ccb65a76ba24104c0210	GK_TO_ANCHOR	GK	spawn.a3d2ceef49ab21d925ba7a10	ANCHOR	generated.farm.3ed60488890fc56b8a93d524.anchor	0	145725	4799	-425	145214	-1914	-4592	924	924	7918	NO_PATH	0	0	data/spawns/Castles/Aden.xml|data/spawns/Aden/BlazingSwamp.xml	NO_PATH
connector.f5685c96bdce1f5d981c57f1	ANCHOR_TO_DEST	ANCHOR	generated.farm.007f9057c1ee101b364fff57.anchor	DEST	dest.a1e4693884e8683fb171a478	0	155476	-49469	-3352	153996	-50182	-2992	1538	1538	1682	VALID_PATH	1919	4	data/spawns/Goddard/GardenOfBeasts.xml|data/teleporters/chamberlain/35363.xml	GEOENGINE_PROVEN
connector.f59c92791bbed0337e02ac1f	ANCHOR_TO_DEST	ANCHOR	generated.farm.492aa8ba93bfda1335dbfbc3.anchor	DEST	dest.297a3c86d4d368e358ba0f7c	0	189074	-58440	-2904	191257	-59388	-2898	1538	1538	2380	PATH_SEGMENT_BLOCKED	0	0	data/spawns/Goddard/WallOfArgos.xml|data/teleporters/town/31275.xml	PATH_SEGMENT_BLOCKED
connector.f5b7d5ea5d570219b66b29ae	ANCHOR_TO_GK	ANCHOR	generated.farm.007f9057c1ee101b364fff57.anchor	GK	spawn.4ec1cadaeec07b1cea645215	0	155476	-49469	-3352	149272	-48088	-2382	1538	1538	6430	NO_PATH	0	0	data/spawns/Goddard/GardenOfBeasts.xml|data/spawns/Castles/Goddard.xml	NO_PATH
connector.f61f51bff63af977e72c589a	ANCHOR_TO_DEST	ANCHOR	generated.farm.c9688432b997ec0243ec1b3f.anchor	DEST	dest.e1ed15a8c14e439c5ff4fe76	0	148203	-1884	-4592	146374	4599	-403	924	924	7933	NO_PATH	0	0	data/spawns/Aden/BlazingSwamp.xml|data/teleporters/doorman/35268.xml	NO_PATH
connector.f624ceb1e9d749c216dbddf9	ANCHOR_TO_DEST	ANCHOR	generated.farm.49b24db872a5ff00e26bd029.anchor	DEST	dest.137141ac05b457adc3dbb8d1	0	150638	-63299	-3424	146990	-67128	-3640	1538	1538	5293	NO_PATH	0	0	data/spawns/Goddard/GardenOfBeasts.xml|data/teleporters/clanhall/Goddard/35467.xml	NO_PATH
connector.f658fc2a14887c44a6270e4d	ANCHOR_TO_DEST	ANCHOR	generated.farm.df677844f3af094815e984cc.anchor	DEST	dest.5a41f45cf22daa12bbd6a4c0	0	175556	-188129	-1672	178591	-184615	-360	921	921	4826	NO_PATH	0	0	data/spawns/DwarvenTerritory/DwarvenStarting.xml|data/teleporters/town/30540.xml	NO_PATH
connector.f6a31a60a43599335dedc7bc	GK_TO_ANCHOR	GK	spawn.0ee92d8baebbdfb84d872803	ANCHOR	generated.farm.08bede9fa450ab087be0458b.anchor	0	-45264	-112512	-240	-40560	-117892	-1920	920	920	7342	NO_PATH	0	0	data/spawns/Others/18_14.xml|data/spawns/OrcTerritory/OrcStarting.xml	NO_PATH
connector.f6aa92488f9b21cfa8f9c784	ANCHOR_TO_GK	ANCHOR	generated.farm.a32843d9945a633fb0d082ee.anchor	GK	spawn.a2c2a6ac58e1b452764dc8e1	0	150739	-2129	-4568	147552	2128	221	924	924	7157	NO_PATH	0	0	data/spawns/Aden/BlazingSwamp.xml|data/spawns/Castles/Aden.xml	NO_PATH
connector.f6e7791750aae8a4ce0cde30	DEST_TO_ANCHOR	DEST	dest.6fb5021ca4d18a28277cff29	ANCHOR	generated.farm.9ade1ebd71ecab96f8e0e774.anchor	0	71814	-57054	-3088	73095	-57874	-3032	1537	1537	1523	NO_PATH	0	0	data/teleporters/chamberlain/35509.xml|data/spawns/Rune/SwampOfScreams.xml	NO_PATH
connector.f6f96af5c51609b12a21f723	GK_TO_ANCHOR	GK	spawn.cd48f4a126ad9fb6d9a60ca2	ANCHOR	population.route.dwarf.w2	0	115072	-178176	-880	110440	-173944	-528	921	921	6285	NO_PATH	0	0	data/spawns/Others/23_12.xml|data/stats/players/templates/StartingClass/DwarvenFighter.xml|data/spawns/DwarvenTerritory/DwarvenStarting.xml	NO_PATH
connector.f6fd440dbded2e77f19ba53f	DEST_TO_ANCHOR	DEST	dest.0078633d4fd88238ef4fcba7	ANCHOR	generated.farm.5eb9ca10f507264114a7bd47.anchor	0	148736	-49201	-688	155056	-48692	-3672	1538	1538	7008	NO_PATH	0	0	data/teleporters/doorman/35359.xml|data/spawns/Goddard/GardenOfBeasts.xml	NO_PATH
connector.f73df7661e895db30008afb1	ANCHOR_TO_DEST	ANCHOR	generated.farm.5eb9ca10f507264114a7bd47.anchor	DEST	dest.989f1f1ebece5846171b7e0c	0	155056	-48692	-3672	149430	-48245	-2383	1538	1538	5790	NO_PATH	0	0	data/spawns/Goddard/GardenOfBeasts.xml|data/teleporters/doorman/35358.xml	NO_PATH
connector.f7470fdec9a5b69c2bd8a490	DEST_TO_ANCHOR	DEST	dest.4f5494441b06f6ad17ab7b81	ANCHOR	generated.farm.44b1ade2814caaa457678dfb.anchor	0	148748	-48951	-687	155467	-47545	-3824	1538	1538	7548	NO_PATH	0	0	data/teleporters/doorman/35359.xml|data/spawns/Goddard/GardenOfBeasts.xml	NO_PATH
connector.f75136e535c5ff4bdb6afdbc	ANCHOR_TO_GK	ANCHOR	giran.castle.attacker.staging	GK	spawn.c6e70b66e1038a8ef815635e	0	112122	144855	-2751	112661	144757	-2817	918	918	552	VALID_DIRECT	552	1	data/html/admin/teleports/CastleAreas/giran.htm|data/zones/castle_siege.xml|data/zones/castle_hall.xml|data/spawns/Castles/Giran.xml	GEOENGINE_PROVEN
connector.f77d481863e3bf14aa3d8c7c	ANCHOR_TO_GK	ANCHOR	generated.farm.c89c06bdfdd089fa8039eae4.anchor	GK	spawn.ad98f94eca5e47f60d3fee70	0	111986	172674	-3760	110848	174016	-5437	926	926	2431	NO_PATH	0	0	data/spawns/Innadril/AlligatorIsland.xml|data/spawns/Others/23_23.xml	NO_PATH
connector.f7e8d8b5260b3b7cba63ac63	ANCHOR_TO_DEST	ANCHOR	generated.farm.c893f0fcd2f7e357defa4600.anchor	DEST	dest.05dff68273ca1da96f284fdb	0	85114	241269	-4896	84413	234334	-3656	926	926	7080	NO_PATH	0	0	data/spawns/Innadril/GardenOfEva.xml|data/teleporters/town/30899.xml	NO_PATH
connector.f7ed57ea5ce2f0e8dc9b8dfa	ANCHOR_TO_DEST	ANCHOR	generated.farm.c89c06bdfdd089fa8039eae4.anchor	DEST	dest.9b7e06f97551545ac914676b	0	111986	172674	-3760	110818	174010	-5443	926	926	2446	NO_PATH	0	0	data/spawns/Innadril/AlligatorIsland.xml|data/teleporters/dungeon/31105.xml	NO_PATH
connector.f7f17f7189764c372a8fed94	GK_TO_ANCHOR	GK	spawn.2c9dd5f04731e37d775ed3ac	ANCHOR	generated.farm.44b1ade2814caaa457678dfb.anchor	0	147808	-45328	-2083	155467	-47545	-3824	1538	1538	8162	NO_PATH	0	0	data/spawns/Castles/Goddard.xml|data/spawns/Goddard/GardenOfBeasts.xml	NO_PATH
connector.f80fc927b4daa6e565833257	ANCHOR_TO_DEST	ANCHOR	generated.farm.8a7bb9fc5fe46b8eedb998ea.anchor	DEST	dest.b5edee75f7edd44ad47a86fe	0	143516	-61360	-3152	147731	-58930	-2976	1538	1538	4869	NO_PATH	0	0	data/spawns/Goddard/GardenOfBeasts.xml|data/teleporters/clanhall/Goddard/35463.xml	NO_PATH
connector.f814db2f2a2bfb29d45a1578	ANCHOR_TO_DEST	ANCHOR	generated.farm.8714c855f530d031d32c2e9b.anchor	DEST	dest.f03617ab370bff1a8e54bd49	0	109809	-45451	-2336	107929	-52248	-2408	1538	1538	7053	NO_PATH	0	0	data/spawns/Goddard/VarkaSlenosOutpost.xml|data/teleporters/town/31275.xml	NO_PATH
connector.f866347f99229eb51d9faebc	DEST_TO_ANCHOR	DEST	dest.c22f3e4ebc26119cb4e14b22	ANCHOR	generated.farm.05002a214aeeec9a439af6c7.anchor	0	136910	-205082	-3664	137776	-212286	-3608	921	921	7257	NO_PATH	0	0	data/teleporters/town/30540.xml|data/spawns/DwarvenTerritory/DwarvenStarting.xml	NO_PATH
connector.f86e0ad8009e1f089b15bace	ANCHOR_TO_DEST	ANCHOR	generated.farm.8bdb8e21ba7fe07c52cc76c1.anchor	DEST	dest.25e28532f79c5963d8bce2a5	0	123686	59051	-4576	124904	61992	-3973	923	923	3240	PATH_SEGMENT_BLOCKED	0	0	data/spawns/Hunters/EnchantedValley.xml|data/teleporters/clanhall/Aden/35443.xml	PATH_SEGMENT_BLOCKED
connector.f87b8ce2d489e63e84a47dc8	DEST_TO_ANCHOR	DEST	dest.21e9c9b1510df61032cbc4cc	ANCHOR	generated.farm.4cd53c45c6e037a8566c222c.anchor	0	77868	250400	-9328	79876	252068	-10872	926	926	3033	NO_PATH	0	0	data/teleporters/town/30899.xml|data/spawns/Innadril/GardenOfEva.xml	NO_PATH
connector.f88f0da966265b2bfe6879e5	ANCHOR_TO_DEST	ANCHOR	generated.farm.76760877434123ebddb05ba3.anchor	DEST	dest.5fe38c8e1f8672000e17c3fe	0	138008	-49020	-3240	145514	-48241	-2383	1538	1538	7595	NO_PATH	0	0	data/spawns/Goddard/GardenOfBeasts.xml|data/teleporters/doorman/35357.xml	NO_PATH
connector.f8cb3d0bf410bc9e497e3b5e	DEST_TO_ANCHOR	DEST	dest.fbea6002af7dc7c3e4d7d167	ANCHOR	generated.farm.df677844f3af094815e984cc.anchor	0	175499	-181586	-904	175556	-188129	-1672	921	921	6589	NO_PATH	0	0	data/teleporters/town/30540.xml|data/spawns/DwarvenTerritory/DwarvenStarting.xml	NO_PATH
connector.f8d2719257aa80ed72771684	DEST_TO_ANCHOR	DEST	dest.7fa58ae181a6369bbf9510b0	ANCHOR	generated.farm.2821cf96ec95f62bb3d5bec7.anchor	0	17731	119465	-9067	20661	114027	-3712	916	916	8176	NO_PATH	0	0	data/teleporters/others/31843.xml|data/spawns/Dion/CrumaMarshlands.xml	NO_PATH
connector.f8e5882d93acc45bbadbf705	ANCHOR_TO_DEST	ANCHOR	generated.farm.dfb4a481eb32c06d6cf72d76.anchor	DEST	dest.6ae64a2dea927cc4882b9be3	0	80443	248745	-10360	79248	247390	-8816	926	926	2377	NO_PATH	0	0	data/spawns/Innadril/GardenOfEva.xml|data/teleporters/town/30899.xml	NO_PATH
connector.f91e738ab7741b3b93fb6f06	ANCHOR_TO_DEST	ANCHOR	generated.farm.5ab36622a62ce01d64b9675c.anchor	DEST	dest.84cfda71508181370e4e1e94	0	46621	148391	-3688	50568	152408	-2656	916	916	5726	NO_PATH	0	0	data/spawns/Dion/ExecutionGrounds.xml|data/teleporters/town/30059.xml	NO_PATH
connector.f928ffba661788629d882878	ANCHOR_TO_GK	ANCHOR	generated.farm.3c0d8abca8bd8b3c5196c8b9.anchor	GK	spawn.00601fad356c80f225899b5d	0	173277	-23788	-3608	171936	-17600	-4899	924	924	6462	NO_PATH	0	0	data/spawns/Aden/FieldsOfMassacre.xml|data/spawns/Others/25_17.xml	NO_PATH
connector.f951a9f79ae69fce905a5b1d	DEST_TO_ANCHOR	DEST	dest.9c5be74df9759b32cc4ea701	ANCHOR	population.route.dwarf.w2	0	115120	-178224	-880	110440	-173944	-528	921	921	6352	NO_PATH	0	0	data/teleporters/town/30256.xml|data/stats/players/templates/StartingClass/DwarvenFighter.xml|data/spawns/DwarvenTerritory/DwarvenStarting.xml	NO_PATH
connector.f99f3878d66d8efffab2ebc8	DEST_TO_ANCHOR	DEST	dest.d58c71398b5a731b53392034	ANCHOR	generated.farm.8bcb77c9ec91bdb3ecdf78d6.anchor	0	183140	-53307	-1896	180486	-52817	-3264	1538	1538	3026	PATH_SEGMENT_BLOCKED	0	0	data/teleporters/town/31275.xml|data/spawns/Goddard/WallOfArgos.xml	PATH_SEGMENT_BLOCKED
connector.f9aa4524dddf510a32fd8825	ANCHOR_TO_DEST	ANCHOR	generated.farm.2821cf96ec95f62bb3d5bec7.anchor	DEST	dest.59a3cd50203fa32e05464f28	0	20661	114027	-3712	17691	111726	-6583	916	916	4729	NO_PATH	0	0	data/spawns/Dion/CrumaMarshlands.xml|data/teleporters/others/31843.xml	NO_PATH
connector.f9aa6afd7855f0e30dabf94d	ANCHOR_TO_DEST	ANCHOR	generated.farm.0d33d07139f10f0c09fb738f.anchor	DEST	dest.2381ef3e82eb4c230b417890	0	192004	55596	-4600	191754	56760	-7624	924	924	3250	NO_PATH	0	0	data/spawns/Aden/GiantsCave.xml|data/teleporters/clanhall/Aden/35449.xml	NO_PATH
connector.fa3b2e9508d84b95148386ae	ANCHOR_TO_DEST	ANCHOR	population.route.human-mystic.c1	DEST	dest.1336b2e6b9a96915db9adc85	0	-87848	250568	-3616	-84141	244623	-3728	910	910	7007	NO_PATH	0	0	data/stats/players/templates/StartingClass/HumanMystic.xml|data/spawns/TalkingIsland/TalkingIslandMonsters.xml|data/teleporters/town/30134.xml	NO_PATH
connector.fa8493bec6de167990d93e74	DEST_TO_ANCHOR	DEST	dest.a1d7bc7e70d2a60843030a75	ANCHOR	generated.farm.84775e27285f7385514d76aa.anchor	0	104426	33746	-3800	107512	38458	-4616	923	923	5692	NO_PATH	0	0	data/teleporters/town/30233.xml|data/spawns/Hunters/EnchantedValley.xml	NO_PATH
connector.facb22546e2cbaceeed4dc6d	DEST_TO_ANCHOR	DEST	dest.6a1ddd6bd7f4610f50be2cf8	ANCHOR	generated.farm.dfd7a9e53a647fe939cd530a.anchor	0	144866	-57464	-2976	141197	-58115	-3064	1538	1538	3728	NO_PATH	0	0	data/teleporters/clanhall/Goddard/35461.xml|data/spawns/Goddard/GardenOfBeasts.xml	NO_PATH
connector.fad29909df71a726ea5c4268	GK_TO_ANCHOR	GK	spawn.c5db474f615ec7563feee08e	ANCHOR	generated.farm.2f5a4686e378172f8cb75ec4.anchor	0	147408	-49296	-2120	154309	-46007	-3744	1538	1538	7816	NO_PATH	0	0	data/spawns/Castles/Goddard.xml|data/spawns/Goddard/GardenOfBeasts.xml	NO_PATH
connector.faeb753b1b0cc213aa9a742c	ANCHOR_TO_DEST	ANCHOR	generated.farm.f5d8df78a09e41d99d10034a.anchor	DEST	dest.9384a3e4ce145b2a1d684ad3	0	14485	116441	-3728	17225	114173	-3440	916	916	3569	VALID_PATH	4284	6	data/spawns/Dion/CrumaMarshlands.xml|data/teleporters/town/30059.xml	GEOENGINE_PROVEN
connector.fb01c9439bd11051afcc93d9	ANCHOR_TO_DEST	ANCHOR	generated.farm.4cd53c45c6e037a8566c222c.anchor	DEST	dest.f2522fd691ccf61f81ae16ec	0	79876	252068	-10872	82951	252354	-10592	926	926	3101	VALID_PATH	3272	4	data/spawns/Innadril/GardenOfEva.xml|data/teleporters/town/30899.xml	GEOENGINE_PROVEN
connector.fb661ba01997531977b81d7d	GK_TO_ANCHOR	GK	spawn.79dc0be68e2c487320847dde	ANCHOR	generated.farm.c64f2217749128d4b5141e7e.anchor	0	191391	57074	-7616	190036	54081	-4368	924	924	4620	NO_PATH	0	0	data/spawns/Others/25_19.xml|data/spawns/Aden/GiantsCave.xml	NO_PATH
connector.fb68a6100d63ddee6663ec67	DEST_TO_ANCHOR	DEST	dest.84cfda71508181370e4e1e94	ANCHOR	generated.farm.b8ea931365f22ec6ab1adec2.anchor	0	50568	152408	-2656	50206	146952	-3576	916	916	5545	NO_PATH	0	0	data/teleporters/town/30059.xml|data/spawns/Dion/ExecutionGrounds.xml	NO_PATH
connector.fb6a442e12526450717228ce	DEST_TO_ANCHOR	DEST	dest.1336b2e6b9a96915db9adc85	ANCHOR	population.route.human-mystic.b1	0	-84141	244623	-3728	-90072	248328	-3568	910	910	6995	NO_PATH	0	0	data/teleporters/town/30134.xml|data/stats/players/templates/StartingClass/HumanMystic.xml|data/spawns/TalkingIsland/TalkingIslandMonsters.xml	NO_PATH
connector.fbb2670f2875c176b6797102	ANCHOR_TO_GK	ANCHOR	generated.farm.2375efd4a61538412f238d7c.anchor	GK	spawn.5ca082539ed558dfea594787	0	152789	-2636	-4544	149208	4339	-440	924	924	8850	NO_PATH	0	0	data/spawns/Aden/BlazingSwamp.xml|data/spawns/Castles/Aden.xml	NO_PATH
connector.fc03dc4d55104ca87c03b047	DEST_TO_ANCHOR	DEST	dest.f2250fc66d2e1e4512042557	ANCHOR	population.route.human-mystic.a1	0	-84318	244579	-3730	-89304	249848	-3568	910	910	7256	NO_PATH	0	0	data/teleporters/town/32163.xml|data/stats/players/templates/StartingClass/HumanMystic.xml|data/spawns/TalkingIsland/TalkingIslandMonsters.xml	NO_PATH
connector.fc0ef0caf012c7ca1951af9e	ANCHOR_TO_DEST	ANCHOR	generated.farm.707c42bb4115156c23a71f69.anchor	DEST	dest.6fb5021ca4d18a28277cff29	0	72229	-52660	-3112	71814	-57054	-3088	1537	1537	4414	NO_PATH	0	0	data/spawns/Rune/SwampOfScreams.xml|data/teleporters/chamberlain/35509.xml	NO_PATH
connector.fc6167591bf9c71dffbe474f	DEST_TO_ANCHOR	DEST	dest.d58c71398b5a731b53392034	ANCHOR	generated.farm.93c7bb49b1bdbae31b30a138.anchor	0	183140	-53307	-1896	182859	-58877	-3128	1538	1538	5712	NO_PATH	0	0	data/teleporters/town/31275.xml|data/spawns/Goddard/WallOfArgos.xml	NO_PATH
connector.fc992d429b75a7676bf788c9	GK_TO_ANCHOR	GK	spawn.a2c2a6ac58e1b452764dc8e1	ANCHOR	generated.farm.a32843d9945a633fb0d082ee.anchor	0	147552	2128	221	150739	-2129	-4568	924	924	7157	NO_PATH	0	0	data/spawns/Castles/Aden.xml|data/spawns/Aden/BlazingSwamp.xml	NO_PATH
connector.fccd9c6e9b8ea087baf938c5	DEST_TO_ANCHOR	DEST	dest.8c09bbc7bfb0f2b227b81f0b	ANCHOR	generated.farm.a28688688ab429a7b503bff4.anchor	0	114674	44150	-3376	121436	45251	-3984	923	923	6878	NO_PATH	0	0	data/teleporters/town/30233.xml|data/spawns/Hunters/EnchantedValley.xml	NO_PATH
connector.fcdc20fcd39311409641f310	ANCHOR_TO_GK	ANCHOR	generated.farm.30c1f54e33a46208ad65888f.anchor	GK	spawn.b312f274e40c62a9014273ed	0	47973	245895	-6656	49328	248416	-5952	919	919	2948	NO_PATH	0	0	data/spawns/Others/21_25.xml|data/spawns/Others/21_25.xml	NO_PATH
connector.fce90c045ed8f51b133d826a	DEST_TO_ANCHOR	DEST	dest.137141ac05b457adc3dbb8d1	ANCHOR	generated.farm.40fce0c0c643f3fbfe83b21f.anchor	0	146990	-67128	-3640	149848	-63337	-3408	1538	1538	4754	NO_PATH	0	0	data/teleporters/clanhall/Goddard/35467.xml|data/spawns/Goddard/GardenOfBeasts.xml	NO_PATH
connector.fcf543c27c13dfe9c469ff3d	DEST_TO_ANCHOR	DEST	dest.3a4f442d133fa1a426799f77	ANCHOR	generated.farm.f0f6a8fe02640b27815e4133.anchor	0	73024	118485	-3696	79005	121244	-2168	923	923	6762	NO_PATH	0	0	data/teleporters/town/30233.xml|data/spawns/Giran/BrekasStronghold.xml	NO_PATH
connector.fd23d154cdc6882f0b033eb3	GK_TO_ANCHOR	GK	spawn.f3a49ab4f7a73dfdea27ae5e	ANCHOR	generated.farm.344969dd30e86158807cebbf.anchor	0	147134	-56576	-2760	142551	-60911	-3176	1538	1538	6323	NO_PATH	0	0	data/spawns/Others/24_16.xml|data/spawns/Goddard/GardenOfBeasts.xml	NO_PATH
connector.fd3f9f69da7ab5c5aa012963	ANCHOR_TO_GK	ANCHOR	generated.farm.58fb59f14eb6728f01dd73f2.anchor	GK	spawn.b3ade47a783cc4d199b36042	0	46781	145524	-3680	42608	143952	-5379	916	916	4772	NO_PATH	0	0	data/spawns/Dion/ExecutionGrounds.xml|data/spawns/Others/21_22.xml	NO_PATH
connector.fdd3c937078c17f9cbc4b8c5	GK_TO_ANCHOR	GK	spawn.d18a9ba08e5427b0fcccb4f0	ANCHOR	generated.farm.580d4fbf531862b4ef832098.anchor	0	148664	-49168	-672	154735	-43714	-3720	1538	1538	8712	NO_PATH	0	0	data/spawns/Castles/Goddard.xml|data/spawns/Goddard/GardenOfBeasts.xml	NO_PATH
connector.fde0f31542037b7b8caac94c	DEST_TO_ANCHOR	DEST	dest.2381ef3e82eb4c230b417890	ANCHOR	generated.farm.c64f2217749128d4b5141e7e.anchor	0	191754	56760	-7624	190036	54081	-4368	924	924	4554	NO_PATH	0	0	data/teleporters/clanhall/Aden/35449.xml|data/spawns/Aden/GiantsCave.xml	NO_PATH
connector.fdf1a51adbff558d71b3339f	DEST_TO_ANCHOR	DEST	dest.7e3b02b7daf1c1b37110fcaa	ANCHOR	generated.farm.92d39adebf4180457a4c011f.anchor	0	82693	242220	-6712	82744	244467	-7160	926	926	2292	VALID_DIRECT	2292	1	data/teleporters/town/30899.xml|data/spawns/Innadril/GardenOfEva.xml	GEOENGINE_PROVEN
connector.fe6d9bbadc6d476a441196be	DEST_TO_ANCHOR	DEST	dest.60157b30f93203373e08dd6a	ANCHOR	generated.farm.28e320ef344762d4fcb9c7bc.anchor	0	111965	-154172	-1528	112606	-158386	-1728	1714	1714	4268	NO_PATH	0	0	data/teleporters/clanhall/Schuttgart/35580.xml|data/spawns/Others/PlunderousPlains.xml	NO_PATH
connector.fe6e04989f1a465b32798b06	ANCHOR_TO_DEST	ANCHOR	generated.farm.2b19e62575f6c4c46606001a.anchor	DEST	dest.7e3b02b7daf1c1b37110fcaa	0	86331	244541	-7672	82693	242220	-6712	926	926	4421	NO_PATH	0	0	data/spawns/Innadril/GardenOfEva.xml|data/teleporters/town/30899.xml	NO_PATH
connector.fed3ac42a745a2f42226514e	ANCHOR_TO_DEST	ANCHOR	generated.farm.afe065da6c373ae1d9fb1a2f.anchor	DEST	dest.8c09bbc7bfb0f2b227b81f0b	0	109589	41668	-4640	114674	44150	-3376	923	923	5798	NO_PATH	0	0	data/spawns/Hunters/EnchantedValley.xml|data/teleporters/town/30233.xml	NO_PATH
connector.ff00a6b8df9344ef485f7b29	ANCHOR_TO_GK	ANCHOR	generated.farm.55a21c4d7990e8c7b6e62d66.anchor	GK	spawn.ac310663c394c7d6add8412b	0	152204	-61559	-2984	149024	-55456	-2765	1538	1538	6886	NO_PATH	0	0	data/spawns/Goddard/GardenOfBeasts.xml|data/spawns/Others/24_16.xml	NO_PATH
connector.ff0e1d0e1f7198ad66db7743	DEST_TO_ANCHOR	DEST	dest.75c9d3fb9a76edd9c2a47378	ANCHOR	giran.city.center	0	83551	147945	-3400	82480	149087	-3350	918	918	1567	PATH_SEGMENT_BLOCKED	0	0	data/teleporters/town/30836.xml|data/mapregion/giran_castle_town.xml	PATH_SEGMENT_BLOCKED
connector.ff517f86aab523a43968885a	GK_TO_ANCHOR	GK	spawn.844ddb7500852ef9c1ed2526	ANCHOR	generated.farm.81c6855121cf6afa88828282.anchor	0	147966	-55228	-2728	142148	-59521	-3184	1538	1538	7245	NO_PATH	0	0	data/spawns/Others/24_16.xml|data/spawns/Goddard/GardenOfBeasts.xml	NO_PATH
connector.ff5a1861501ddcf87f69fc65	DEST_TO_ANCHOR	DEST	dest.4b64a4031d67faa11ec89832	ANCHOR	giran.gatekeeper.30080	0	88342	147329	-3400	83396	147904	-3404	918	918	4980	NO_PATH	0	0	data/teleporters/clanhall/Giran/35459.xml|data/stats/npcs/30000-30099.xml|data/spawns/Others/22_22.xml|data/teleporters/town/30080.xml	NO_PATH
connector.ff88506df60192dee4b40b36	DEST_TO_ANCHOR	DEST	dest.1336b2e6b9a96915db9adc85	ANCHOR	population.route.human-mystic.guard.30733	0	-84141	244623	-3728	-87847	250564	-3616	910	910	7004	NO_PATH	0	0	data/teleporters/town/30134.xml|data/stats/players/templates/StartingClass/HumanMystic.xml|data/spawns/TalkingIsland/TalkingIslandMonsters.xml|data/stats/npcs/30700-30799.xml	NO_PATH
connector.ff8edeb07838675fa5647ec4	ANCHOR_TO_GK	ANCHOR	generated.farm.70ea4f43449ef725189d7fbf.anchor	GK	spawn.cd48f4a126ad9fb6d9a60ca2	0	119336	-180368	-2368	115072	-178176	-880	921	921	5021	NO_PATH	0	0	data/spawns/DwarvenTerritory/DwarvenStarting.xml|data/spawns/Others/23_12.xml	NO_PATH
connector.ff94ca46728f4d217bf4ce01	DEST_TO_ANCHOR	DEST	dest.c198460adf168f69d59928b8	ANCHOR	generated.farm.d6e6bebd0e3fdd5c29f2a5c8.anchor	0	155310	-16339	-3320	150065	-21595	-3160	924	924	7428	NO_PATH	0	0	data/teleporters/clanhall/Aden/35439.xml|data/spawns/Aden/BlazingSwamp.xml	NO_PATH
connector.ffdb6163d7f159db67fa4e90	ANCHOR_TO_DEST	ANCHOR	population.route.human-mystic.a1	DEST	dest.f2250fc66d2e1e4512042557	0	-89304	249848	-3568	-84318	244579	-3730	910	910	7256	NO_PATH	0	0	data/stats/players/templates/StartingClass/HumanMystic.xml|data/spawns/TalkingIsland/TalkingIslandMonsters.xml|data/teleporters/town/32163.xml	NO_PATH
