connector_id	component_id	search_radius	candidate_rank	direction	from_id	to_id	from_x	from_y	from_z	to_x	to_y	to_z	from_instance	to_instance	validation_status	path_length	path_segments	source_refs
bridge.00247e60e2ef5e20ac2e2945	component.79ad21df45b89fa5bb86a4fd	32768	4	F	generated.farm.428b85922009e44829ae2db0.anchor	generated.farm.5dc8ced237dc324aa37b6530.anchor	46131	41458	-3504	51605	70249	-3408	0	0	NO_PATH	0	0	data/spawns/Others/Gremlins.xml|data/spawns/ElvenTerritory/ElvenStarting.xml
bridge.005803f2e3789958a3dd7f2c	component.8d68f8cb1139a2f78ddfa119	8192	1	F	generated.farm.1e2d5a3becf8fd2f9e656d54.anchor	generated.farm.9fff903ecebe650521e4e71e.anchor	128484	-211404	-3408	121681	-213476	-3680	0	0	NO_PATH	0	0	data/spawns/DwarvenTerritory/DwarvenStarting.xml|data/spawns/DwarvenTerritory/DwarvenStarting.xml
bridge.00a6620ed0f6acd655127829	component.c435207dcf8b2ede40edd139	16384	1	F	generated.farm.c4067c834f12b99e976909a2.anchor	elven.farming.oren04-2019-21	26607	63533	-3552	12638	59980	-3440	0	0	VALID_DIRECT	14415	1	data/spawns/ElvenTerritory/ElvenStarting.xml|data/spawns/ElvenTerritory/ElvenStarting.xml
bridge.00da323c16accfaa642ddbba	component.7e4161a95ce7d75a795e5571	8192	2	F	population.farming.elf.20534	generated.farm.7451e61fe8e94f49afb1f9e2.anchor	44126	42751	-3488	39050	41882	-3592	0	0	VALID_DIRECT	5151	1	data/spawns/ElvenTerritory/ElvenStarting.xml|data/spawns/ElvenTerritory/ElvenStarting.xml
bridge.010e430bef96ee0a60cd54aa	component.18c9e4ee0311769668b2eb74	8192	2	F	population.ingress.kamael.04	generated.farm.74718a641fa7e78154fea892.anchor	-125464	37776	1176	-125620	37399	1176	0	0	VALID_DIRECT	409	1	data/stats/players/templates/StartingClass/KamaelMaleSoldier.xml|data/stats/players/templates/StartingClass/KamaelFemaleSoldier.xml|data/spawns/Others/Gremlins.xml
bridge.0136c704ecfe2f6c3fd2ffec	component.8d68f8cb1139a2f78ddfa119	8192	1	R	generated.farm.9fff903ecebe650521e4e71e.anchor	generated.farm.1e2d5a3becf8fd2f9e656d54.anchor	121681	-213476	-3680	128484	-211404	-3408	0	0	NO_PATH	0	0	data/spawns/DwarvenTerritory/DwarvenStarting.xml|data/spawns/DwarvenTerritory/DwarvenStarting.xml
bridge.015503fb9a64537fb4476fda	component.d1bd433314f456b9fe85fbdf	32768	2	F	population.route.orc.a4	generated.farm.0d7c07144eea5c608cf6c8cf.anchor	-50077	-115763	-160	-25035	-119836	-1968	0	0	NO_PATH	0	0	data/stats/players/templates/StartingClass/OrcFighter.xml|data/stats/players/templates/StartingClass/OrcMystic.xml|data/spawns/OrcTerritory/OrcStarting.xml|data/spawns/OrcTerritory/OrcStarting.xml
bridge.01aa746b3e9a0f660ddc8306	component.58fa7816fe6f000be807e01c	8192	7	R	generated.farm.f66a8a0231b2d83dac29cc4d.anchor	population.ingress.dark-elf.03	24496	9206	-3584	28377	10916	-4232	0	0	NO_PATH	0	0	data/spawns/DarkElfTerritory/DarkElfStarting.xml|data/stats/players/templates/StartingClass/DarkFighter.xml|data/stats/players/templates/StartingClass/DarkMystic.xml
bridge.01b19566ef6537ddf58bc65d	component.a15eac19b29dbd838fc4cf11	32768	9	F	population.ingress.dwarf.05	generated.farm.a4122c4a8bed91d0e6a70bc3.anchor	108549	-174075	-408	107302	-145184	-3656	0	0	NO_PATH	0	0	data/stats/players/templates/StartingClass/DwarvenFighter.xml|data/spawns/Others/PlunderousPlains.xml
bridge.022437a47e9c20fc82f66260	component.1331db1a6d957945bfb43b8d	8192	5	F	population.ingress.elf.02	generated.farm.9d9291cb563275968a77e851.anchor	46117	41247	-3504	47907	37504	-3544	0	0	NO_PATH	0	0	data/stats/players/templates/StartingClass/ElvenFighter.xml|data/stats/players/templates/StartingClass/ElvenMystic.xml|data/spawns/ElvenTerritory/ElvenStarting.xml
bridge.02bae829ff0ad85842bfb56f	component.20a0c83d40a7bb22c26e0395	32768	5	R	generated.farm.f137dbbc3ac90f445b806c09.anchor	generated.farm.36714f071123eedc9cac6c05.anchor	25328	-15199	-2744	28436	11041	-4232	0	0	NO_PATH	0	0	data/spawns/Rune/PrimevalIsle.xml|data/spawns/Others/Gremlins.xml
bridge.02bca8f5bb8f79e38ffdb13b	component.e155a1307403cc14572bd687	32768	9	F	population.route.dwarf.i06-w0	generated.farm.420ed35f1a9a3f532e2d6045.anchor	108616	-174152	-408	101973	-149349	-3128	0	0	NO_PATH	0	0	data/stats/players/templates/StartingClass/DwarvenFighter.xml|data/spawns/DwarvenTerritory/DwarvenStarting.xml|data/spawns/Others/PlunderousPlains.xml
bridge.02d4b4d90f70d88d62075ab2	component.2c4a1d8ed5506d43bb6025d3	32768	4	F	generated.farm.df677844f3af094815e984cc.anchor	generated.farm.f3fef88cab3be544b94bb305.anchor	175556	-188129	-1672	165484	-207409	-3496	0	0	NO_PATH	0	0	data/spawns/DwarvenTerritory/DwarvenStarting.xml|data/spawns/DwarvenTerritory/DwarvenStarting.xml
bridge.02e8722c03619736460b2925	component.4562799c5dc584243d56e35b	32768	4	R	generated.farm.bff7beafbd229e70fb09ec46.anchor	population.route.orc.a3	-52728	-86971	-8320	-50845	-113715	-168	0	0	NO_PATH	0	0	data/spawns/Others/KrateisCube.xml|data/stats/players/templates/StartingClass/OrcFighter.xml|data/stats/players/templates/StartingClass/OrcMystic.xml|data/spawns/OrcTerritory/OrcStarting.xml
bridge.02f350306d6ebe137cb701a6	component.475c48156e62e7e47cb30765	32768	5	F	population.ingress.orc.01	generated.farm.bd35d5fb02b6c1c76b448822.anchor	-56733	-113459	-672	-48720	-82958	-8320	0	0	NO_PATH	0	0	data/stats/players/templates/StartingClass/OrcFighter.xml|data/stats/players/templates/StartingClass/OrcMystic.xml|data/spawns/Others/KrateisCube.xml
bridge.0319a866067f7a448dee18f4	component.91a9f940fd17192b7296dafb	32768	5	R	generated.farm.c2fab2e4269c72a597f3b7a9.anchor	population.ingress.dark-elf.04	19916	-9610	-2824	28456	10997	-4232	0	0	NO_PATH	0	0	data/spawns/Rune/PrimevalIsle.xml|data/stats/players/templates/StartingClass/DarkFighter.xml|data/stats/players/templates/StartingClass/DarkMystic.xml
bridge.033886fb9c4f9ff042b29f6d	component.21c159db00da4bc03daf51c5	32768	8	R	generated.farm.a0a916d344116254f0d4e3f5.anchor	population.ingress.elf.03	31295	61887	-3544	46182	41198	-3504	0	0	NO_PATH	0	0	data/spawns/ElvenTerritory/ElvenStarting.xml|data/stats/players/templates/StartingClass/ElvenFighter.xml|data/stats/players/templates/StartingClass/ElvenMystic.xml
bridge.033bb483bdc96019da0d6d24	component.ac8aaf293b35ddbae57a8843	8192	2	R	generated.farm.1a1d5ca5583b453d5a406cfa.anchor	generated.farm.58356b4e9844a379fecfbaf6.anchor	39605	36319	-3600	42118	41401	-3488	0	0	NO_PATH	0	0	data/spawns/ElvenTerritory/ElvenStarting.xml|data/spawns/ElvenTerritory/ElvenStarting.xml
bridge.034d971ba2d428a9ad59e77a	component.21c159db00da4bc03daf51c5	32768	2	R	generated.farm.a0a916d344116254f0d4e3f5.anchor	generated.farm.58356b4e9844a379fecfbaf6.anchor	31295	61887	-3544	42118	41401	-3488	0	0	NO_PATH	0	0	data/spawns/ElvenTerritory/ElvenStarting.xml|data/spawns/ElvenTerritory/ElvenStarting.xml
bridge.037060998070f363672868c2	component.c4a3508d330e9bb2f8bdfabb	32768	3	R	generated.farm.1050dd36c58d668d206a6075.anchor	population.route.orc.a1	-48721	-84968	-8320	-54685	-113715	-520	0	0	NO_PATH	0	0	data/spawns/Others/KrateisCube.xml|data/stats/players/templates/StartingClass/OrcFighter.xml|data/stats/players/templates/StartingClass/OrcMystic.xml|data/spawns/OrcTerritory/OrcStarting.xml
bridge.0374d00aa78be64e10257903	component.d5d468daa4bebd1a4eb327d6	32768	8	F	population.farming.dark-elf.20529	generated.farm.b8e223341be05b45a19768c2.anchor	25308	13254	-3648	5975	-9197	-3696	0	0	NO_PATH	0	0	data/spawns/DarkElfTerritory/DarkElfStarting.xml|data/spawns/Rune/PrimevalIsle.xml
bridge.0380ddd106251a89da855250	component.d4239fbe60250487003bb4fd	32768	8	R	generated.farm.c4067c834f12b99e976909a2.anchor	population.ingress.elf.04	26607	63533	-3552	46115	41141	-3504	0	0	VALID_DIRECT	29698	1	data/spawns/ElvenTerritory/ElvenStarting.xml|data/stats/players/templates/StartingClass/ElvenFighter.xml|data/stats/players/templates/StartingClass/ElvenMystic.xml
bridge.038a3a0c8d2d24ca82b85be7	component.ff75e3e7e0f1b27f3a0af453	32768	4	R	generated.farm.25b75a8a47aae59991e9540b.anchor	generated.farm.475038779aaee6a2e82aa06b.anchor	187276	-204256	-2848	175552	-186630	-1280	0	0	NO_PATH	0	0	data/spawns/DwarvenTerritory/DwarvenStarting.xml|data/spawns/DwarvenTerritory/DwarvenStarting.xml
bridge.03e8b0ff589a4ccbd6372d66	component.df33433dc147309d6dc09abc	32768	9	F	population.ingress.orc.05	generated.farm.9bd77ed2d0a9c062814dc873.anchor	-56743	-113757	-672	-46721	-82961	-8320	0	0	NO_PATH	0	0	data/stats/players/templates/StartingClass/OrcFighter.xml|data/stats/players/templates/StartingClass/OrcMystic.xml|data/spawns/Others/KrateisCube.xml
bridge.04025085f317e746204ea3eb	component.01b441ae383a1b39494050f4	32768	9	F	population.ingress.dark-elf.06	generated.farm.9cf6fa1ef953b5b33ff9fe37.anchor	28395	11127	-4232	13666	-12273	-3024	0	0	NO_PATH	0	0	data/stats/players/templates/StartingClass/DarkFighter.xml|data/stats/players/templates/StartingClass/DarkMystic.xml|data/spawns/Rune/PrimevalIsle.xml
bridge.040906b16a2df8df5bb037f7	component.ff75e3e7e0f1b27f3a0af453	32768	1	F	generated.farm.77743197e238ebb0e1e3eac2.anchor	generated.farm.25b75a8a47aae59991e9540b.anchor	175207	-189475	-2304	187276	-204256	-2848	0	0	NO_PATH	0	0	data/spawns/DwarvenTerritory/DwarvenStarting.xml|data/spawns/DwarvenTerritory/DwarvenStarting.xml
bridge.0483afab3aa26cc04942ac9e	component.91a9f940fd17192b7296dafb	32768	6	F	population.ingress.dark-elf.01	generated.farm.c2fab2e4269c72a597f3b7a9.anchor	28295	11063	-4232	19916	-9610	-2824	0	0	NO_PATH	0	0	data/stats/players/templates/StartingClass/DarkFighter.xml|data/stats/players/templates/StartingClass/DarkMystic.xml|data/spawns/Rune/PrimevalIsle.xml
bridge.04930b9e83e18ceedbf372cd	component.7ac05038c3bef737cc075e57	32768	2	R	generated.farm.bb702948232c55cac9ca51ca.anchor	generated.farm.c4067c834f12b99e976909a2.anchor	4864	77212	-3616	26607	63533	-3552	0	0	NO_PATH	0	0	data/spawns/ElvenTerritory/ElvenStarting.xml|data/spawns/ElvenTerritory/ElvenStarting.xml
bridge.049a8aa85a7edc6d72269e34	component.89c4c607fc4fee76637095fd	16384	11	F	population.farming.elf.20534	generated.farm.57a38f13450e54452b749339.anchor	44126	42751	-3488	52710	55450	-3320	0	0	NO_PATH	0	0	data/spawns/ElvenTerritory/ElvenStarting.xml|data/spawns/ElvenTerritory/ElvenStarting.xml
bridge.04a0bee43820fc67fdd0f0e4	component.ac8aaf293b35ddbae57a8843	8192	6	R	generated.farm.0c00c3760a3ec18fa034d798.anchor	population.ingress.elf.05	38303	39146	-3576	46048	41141	-3504	0	0	NO_PATH	0	0	data/spawns/ElvenTerritory/ElvenStarting.xml|data/stats/players/templates/StartingClass/ElvenFighter.xml|data/stats/players/templates/StartingClass/ElvenMystic.xml
bridge.04c4ae5ea5a3a9a9c946f032	component.ba083b6371fa0acdb077e91c	8192	11	F	population.farming.orc.20535	generated.farm.eda8543a4ab4d30e028f9b97.anchor	-49106	-115854	-160	-56273	-113606	-672	0	0	NO_PATH	0	0	data/spawns/OrcTerritory/OrcStarting.xml|data/spawns/Others/Gremlins.xml
bridge.04eddd6b26d8bfab73774452	component.e04c7af9711cc5dd2a0ac987	16384	6	F	population.route.human-mystic.a1	generated.farm.c566a65e22d07a92230b56a2.anchor	-89304	249848	-3568	-95163	237296	-3408	0	0	NO_PATH	0	0	data/stats/players/templates/StartingClass/HumanMystic.xml|data/spawns/TalkingIsland/TalkingIslandMonsters.xml|data/spawns/TalkingIsland/TalkingIslandMonsters.xml
bridge.04fb01cb236129811995cfd8	component.17d39984ff40b347b4bbe819	8192	2	R	generated.farm.c9e89f5704213c9f66eb9b98.anchor	generated.farm.ccd05d96d24167ee9a70c395.anchor	168800	-191413	-2792	173397	-189657	-2016	0	0	NO_PATH	0	0	data/spawns/DwarvenTerritory/DwarvenStarting.xml|data/spawns/DwarvenTerritory/DwarvenStarting.xml
bridge.055d91f5e6258ff1c93be7f3	component.214784823dfee247eabd4cc1	16384	7	F	population.route.orc.a3	generated.farm.e685f7e7994e7e1f1e589631.anchor	-50845	-113715	-168	-37492	-118051	-1712	0	0	NO_PATH	0	0	data/stats/players/templates/StartingClass/OrcFighter.xml|data/stats/players/templates/StartingClass/OrcMystic.xml|data/spawns/OrcTerritory/OrcStarting.xml|data/spawns/OrcTerritory/OrcStarting.xml
bridge.0571dda4befc37dd4e7d0255	component.1331db1a6d957945bfb43b8d	8192	14	R	generated.farm.78d792f9dc16f4ce4003c1ae.anchor	population.ingress.elf.01	50626	40925	-3464	46045	41251	-3504	0	0	NO_PATH	0	0	data/spawns/ElvenTerritory/ElvenStarting.xml|data/stats/players/templates/StartingClass/ElvenFighter.xml|data/stats/players/templates/StartingClass/ElvenMystic.xml
bridge.05ffe1d71abcf938a853b7ee	component.635e8cdeb1b598aac805b64c	32768	4	R	talking-island.farming.gludio31-1624-11s	population.ingress.human-mystic.01	-103448	227187	-3672	-90875	248162	-3568	0	0	NO_PATH	0	0	data/spawns/TalkingIsland/TalkingIslandMonsters.xml|data/stats/players/templates/StartingClass/HumanMystic.xml
bridge.0613211bec855688d33a05bc	component.2c7e3c336954be75db3a7f7d	32768	1	R	generated.farm.9eb7152622bad01eeb33f1c4.anchor	population.ingress.dark-elf.03	25906	-16833	-2744	28377	10916	-4232	0	0	NO_PATH	0	0	data/spawns/Rune/PrimevalIsle.xml|data/stats/players/templates/StartingClass/DarkFighter.xml|data/stats/players/templates/StartingClass/DarkMystic.xml
bridge.063be826d1456617f43c4e8f	component.10e204556f859c1b294aeca4	32768	1	F	generated.farm.aa29c1792ab359df7ec6bdd3.anchor	generated.farm.01d45fe32598e8270dab20b2.anchor	144241	-204346	-3128	157239	-220265	-3600	0	0	NO_PATH	0	0	data/spawns/DwarvenTerritory/DwarvenStarting.xml|data/spawns/DwarvenTerritory/DwarvenStarting.xml
bridge.0644788d842e2a79f6fd1b07	component.fa8902bdab910bb205f46118	16384	2	F	population.farming.dwarf.20533	generated.farm.e906a4f684b66f9c100d44e1.anchor	114966	-172886	-672	114049	-161398	-1480	0	0	NO_PATH	0	0	data/spawns/DwarvenTerritory/DwarvenStarting.xml|data/spawns/Others/PlunderousPlains.xml
bridge.0665391713af40a3c1d4418b	component.afb4654f40fcb37d4c7adb45	32768	1	R	elven.farming.oren04-2019-16s	generated.farm.c4067c834f12b99e976909a2.anchor	9736	49578	-3664	26607	63533	-3552	0	0	NO_PATH	0	0	data/spawns/ElvenTerritory/ElvenStarting.xml|data/spawns/ElvenTerritory/ElvenStarting.xml
bridge.066e176bf379ce03bb3e1a3d	component.79ad21df45b89fa5bb86a4fd	32768	9	F	population.ingress.elf.04	generated.farm.5dc8ced237dc324aa37b6530.anchor	46115	41141	-3504	51605	70249	-3408	0	0	NO_PATH	0	0	data/stats/players/templates/StartingClass/ElvenFighter.xml|data/stats/players/templates/StartingClass/ElvenMystic.xml|data/spawns/ElvenTerritory/ElvenStarting.xml
bridge.068476969d86a4bf45a9acb0	component.e837182a129d9a9bac7e6672	8192	2	R	generated.farm.1bc0806803391550b59b5dd7.anchor	generated.farm.df677844f3af094815e984cc.anchor	173413	-187077	-488	175556	-188129	-1672	0	0	PATH_SEGMENT_BLOCKED	0	0	data/spawns/DwarvenTerritory/DwarvenStarting.xml|data/spawns/DwarvenTerritory/DwarvenStarting.xml
bridge.06a7142db2162271ceed534e	component.6649966768b82f83ad664d97	32768	3	R	generated.farm.39e870280a474549df7725fe.anchor	population.route.orc.a3	-21626	-116308	-2984	-50845	-113715	-168	0	0	NO_PATH	0	0	data/spawns/OrcTerritory/OrcStarting.xml|data/stats/players/templates/StartingClass/OrcFighter.xml|data/stats/players/templates/StartingClass/OrcMystic.xml|data/spawns/OrcTerritory/OrcStarting.xml
bridge.06ab4617a7f8e902c41d7441	component.e9ea386cf0bd55a495081c3d	32768	10	R	elven.farming.oren04-2019-08s	generated.farm.d6f82637bd6fae44cd109781.anchor	17170	46114	-3568	48366	42521	-3472	0	0	NO_PATH	0	0	data/spawns/ElvenTerritory/ElvenStarting.xml|data/spawns/ElvenTerritory/ElvenStarting.xml
bridge.06b524360415fa1bbfee53d1	component.4562799c5dc584243d56e35b	32768	9	R	generated.farm.bff7beafbd229e70fb09ec46.anchor	population.ingress.orc.05	-52728	-86971	-8320	-56743	-113757	-672	0	0	NO_PATH	0	0	data/spawns/Others/KrateisCube.xml|data/stats/players/templates/StartingClass/OrcFighter.xml|data/stats/players/templates/StartingClass/OrcMystic.xml
bridge.06db2503680cd5e6bc9d625e	component.c8a8b60142ed368a7d7be480	32768	13	R	generated.farm.64e1872735f98ad838918703.anchor	population.ingress.dark-elf.02	23186	-20161	-2704	28302	11008	-4232	0	0	NO_PATH	0	0	data/spawns/Rune/PrimevalIsle.xml|data/stats/players/templates/StartingClass/DarkFighter.xml|data/stats/players/templates/StartingClass/DarkMystic.xml
bridge.070a1a7a89b3e66679c9a831	component.43988bed6a656186e489a9b7	32768	6	F	population.ingress.elf.01	generated.farm.88cab6697f22f34bf81c16f7.anchor	46045	41251	-3504	53010	23851	-5384	0	0	NO_PATH	0	0	data/stats/players/templates/StartingClass/ElvenFighter.xml|data/stats/players/templates/StartingClass/ElvenMystic.xml|data/spawns/Oren/SeaOfSpores.xml
bridge.071e76513385822e5f1fd4f8	component.fa8902bdab910bb205f46118	16384	8	R	generated.farm.e906a4f684b66f9c100d44e1.anchor	population.route.dwarf.w2	114049	-161398	-1480	110440	-173944	-528	0	0	NO_PATH	0	0	data/spawns/Others/PlunderousPlains.xml|data/stats/players/templates/StartingClass/DwarvenFighter.xml|data/spawns/DwarvenTerritory/DwarvenStarting.xml
bridge.0784c7d7c4bc62cc36303c87	component.a2230627cce424b0593fedc6	32768	12	R	generated.farm.08a347f7f13696479813918f.anchor	population.farming.dark-elf.20529	15644	-8311	-3248	25308	13254	-3648	0	0	NO_PATH	0	0	data/spawns/Rune/PrimevalIsle.xml|data/spawns/DarkElfTerritory/DarkElfStarting.xml
bridge.07b644fbec254c15a9cd18ba	component.b8a1ba9dfc02a229569e9998	32768	4	R	generated.farm.c246ebe1e9f6c73e829b2d38.anchor	population.ingress.dark-elf.02	22054	-11514	-2720	28302	11008	-4232	0	0	NO_PATH	0	0	data/spawns/Rune/PrimevalIsle.xml|data/stats/players/templates/StartingClass/DarkFighter.xml|data/stats/players/templates/StartingClass/DarkMystic.xml
bridge.07c6f826a1f9ad2bfac6bf13	component.6b63e9a22c52715dd6894332	8192	9	F	generated.farm.428b85922009e44829ae2db0.anchor	generated.farm.68243117d5885fe09a0b57bc.anchor	46131	41458	-3504	43767	37445	-3512	0	0	NO_PATH	0	0	data/spawns/Others/Gremlins.xml|data/spawns/ElvenTerritory/ElvenStarting.xml
bridge.07f2e23f46bc41e15e988535	component.cdd71132d5f4e86baaa4d99d	8192	6	F	population.ingress.human-mystic.02	generated.farm.739ff353ab353f0a5a095101.anchor	-90954	248118	-3568	-95394	246014	-3616	0	0	NO_PATH	0	0	data/stats/players/templates/StartingClass/HumanMystic.xml|data/spawns/TalkingIsland/TalkingIslandMonsters.xml
bridge.081903335f08b1a89fc99218	component.7e882b0664c31928ac9f5caa	32768	16	F	population.ingress.dwarf.06	generated.farm.12923521d58d7301f63fd56a.anchor	108576	-174122	-408	117133	-149832	-2352	0	0	NO_PATH	0	0	data/stats/players/templates/StartingClass/DwarvenFighter.xml|data/spawns/Others/PlunderousPlains.xml
bridge.0838c1058074a4027e46e400	component.d4f263a6130862446fcab68a	16384	13	F	population.route.dwarf.a3	generated.farm.f9312932904adae788963399.anchor	112996	-173691	-608	108605	-160621	-1688	0	0	NO_PATH	0	0	data/stats/players/templates/StartingClass/DwarvenFighter.xml|data/spawns/DwarvenTerritory/DwarvenStarting.xml|data/spawns/Others/PlunderousPlains.xml
bridge.085f6f0f3b733ff2ba3b6d2b	component.093885e4dafbe6ffb61aca3e	16384	6	F	population.ingress.elf.01	generated.farm.21c8e0a71fc1a30fb94fd849.anchor	46045	41251	-3504	57402	30692	-3768	0	0	NO_PATH	0	0	data/stats/players/templates/StartingClass/ElvenFighter.xml|data/stats/players/templates/StartingClass/ElvenMystic.xml|data/spawns/Oren/SeaOfSpores.xml
bridge.08800c94111d8200ccea0530	component.63defb22486d49c052a69667	32768	7	F	population.ingress.elf.03	generated.farm.946a41fbbc63614320c02954.anchor	46182	41198	-3504	53398	63278	-3480	0	0	NO_PATH	0	0	data/stats/players/templates/StartingClass/ElvenFighter.xml|data/stats/players/templates/StartingClass/ElvenMystic.xml|data/spawns/ElvenTerritory/ElvenStarting.xml
bridge.08da6c878fd185e4ae8aae50	component.8958c8d9edf88034579b430b	32768	3	R	generated.farm.74d4cc08c4a95e70092d77ee.anchor	population.ingress.dark-elf.02	24538	-17756	-2752	28302	11008	-4232	0	0	NO_PATH	0	0	data/spawns/Rune/PrimevalIsle.xml|data/stats/players/templates/StartingClass/DarkFighter.xml|data/stats/players/templates/StartingClass/DarkMystic.xml
bridge.0928f26c120d88c7f42ebad4	component.a15eac19b29dbd838fc4cf11	32768	5	R	generated.farm.a4122c4a8bed91d0e6a70bc3.anchor	population.ingress.dwarf.03	107302	-145184	-3656	108505	-173964	-408	0	0	NO_PATH	0	0	data/spawns/Others/PlunderousPlains.xml|data/stats/players/templates/StartingClass/DwarvenFighter.xml
bridge.094aa370693b5537056cc293	component.2c7e3c336954be75db3a7f7d	32768	7	R	generated.farm.9eb7152622bad01eeb33f1c4.anchor	population.ingress.dark-elf.01	25906	-16833	-2744	28295	11063	-4232	0	0	NO_PATH	0	0	data/spawns/Rune/PrimevalIsle.xml|data/stats/players/templates/StartingClass/DarkFighter.xml|data/stats/players/templates/StartingClass/DarkMystic.xml
bridge.095476cb302451958a3ad8e9	component.89c4c607fc4fee76637095fd	16384	3	F	generated.farm.d6f82637bd6fae44cd109781.anchor	generated.farm.57a38f13450e54452b749339.anchor	48366	42521	-3472	52710	55450	-3320	0	0	VALID_DIRECT	13641	1	data/spawns/ElvenTerritory/ElvenStarting.xml|data/spawns/ElvenTerritory/ElvenStarting.xml
bridge.0962d18ea2a159d747d05dbc	component.0d29dfe1c9a010ee2b1a7342	16384	2	R	generated.farm.9d23ec2f77c7c345967951bb.anchor	generated.farm.ed8992f2edcbacf7c4f24608.anchor	119412	-188362	-3240	117968	-173208	-432	0	0	NO_PATH	0	0	data/spawns/DwarvenTerritory/DwarvenStarting.xml|data/spawns/DwarvenTerritory/DwarvenStarting.xml
bridge.099703149806ba77806cce2c	component.d4239fbe60250487003bb4fd	32768	9	F	population.ingress.elf.03	generated.farm.c4067c834f12b99e976909a2.anchor	46182	41198	-3504	26607	63533	-3552	0	0	VALID_DIRECT	29700	1	data/stats/players/templates/StartingClass/ElvenFighter.xml|data/stats/players/templates/StartingClass/ElvenMystic.xml|data/spawns/ElvenTerritory/ElvenStarting.xml
bridge.09c81bd29b24d13a4bfe1139	component.89c4c607fc4fee76637095fd	16384	8	R	generated.farm.519759dffe4a0803b970d3ee.anchor	population.ingress.elf.06	48712	55466	-3464	45978	41196	-3504	0	0	NO_PATH	0	0	data/spawns/ElvenTerritory/ElvenStarting.xml|data/stats/players/templates/StartingClass/ElvenFighter.xml|data/stats/players/templates/StartingClass/ElvenMystic.xml
bridge.09d00ceb96579c159fb1a1c2	component.73d0c59f5bdd9014627ebe4f	32768	6	R	elven.farming.oren04-2019-07s	generated.farm.428b85922009e44829ae2db0.anchor	19248	43340	-3712	46131	41458	-3504	0	0	NO_PATH	0	0	data/spawns/ElvenTerritory/ElvenStarting.xml|data/spawns/Others/Gremlins.xml
bridge.0a2bd2df31d1ea194fc087a9	component.18c9e4ee0311769668b2eb74	8192	2	R	generated.farm.74718a641fa7e78154fea892.anchor	population.ingress.kamael.04	-125620	37399	1176	-125464	37776	1176	0	0	VALID_DIRECT	409	1	data/spawns/Others/Gremlins.xml|data/stats/players/templates/StartingClass/KamaelMaleSoldier.xml|data/stats/players/templates/StartingClass/KamaelFemaleSoldier.xml
bridge.0a3a3bfeabe2061e2fd00685	component.fa8902bdab910bb205f46118	16384	13	F	population.ingress.dwarf.01	generated.farm.e906a4f684b66f9c100d44e1.anchor	108644	-173947	-408	114049	-161398	-1480	0	0	NO_PATH	0	0	data/stats/players/templates/StartingClass/DwarvenFighter.xml|data/spawns/Others/PlunderousPlains.xml
bridge.0a41b1a11c93e4e2aaff4539	component.635e8cdeb1b598aac805b64c	32768	1	F	population.ingress.human-mystic.04	talking-island.farming.gludio31-1624-11s	-90890	248027	-3568	-103448	227187	-3672	0	0	NO_PATH	0	0	data/stats/players/templates/StartingClass/HumanMystic.xml|data/spawns/TalkingIsland/TalkingIslandMonsters.xml
bridge.0a6ae5be8a2c168d7da02354	component.de636b0f82c1f5ec50237e13	32768	15	R	generated.farm.a39f58864657ce5b49b26ee3.anchor	population.route.dwarf.a3	116564	-195406	-3480	112996	-173691	-608	0	0	NO_PATH	0	0	data/spawns/DwarvenTerritory/DwarvenStarting.xml|data/stats/players/templates/StartingClass/DwarvenFighter.xml|data/spawns/DwarvenTerritory/DwarvenStarting.xml
bridge.0aaa095e071017820ca55fff	component.2a49f4f35c9ebde77d8043ac	16384	1	R	generated.farm.5b2f7b39b431b1d31c0f938a.anchor	generated.farm.aa29c1792ab359df7ec6bdd3.anchor	146706	-212410	-3592	144241	-204346	-3128	0	0	NO_PATH	0	0	data/spawns/DwarvenTerritory/DwarvenStarting.xml|data/spawns/DwarvenTerritory/DwarvenStarting.xml
bridge.0af280977702a7f745437134	component.43988bed6a656186e489a9b7	32768	12	F	population.ingress.elf.02	generated.farm.4d58dd1be9d4b93272b379ec.anchor	46117	41247	-3504	49877	22679	-5512	0	0	NO_PATH	0	0	data/stats/players/templates/StartingClass/ElvenFighter.xml|data/stats/players/templates/StartingClass/ElvenMystic.xml|data/spawns/Oren/SeaOfSpores.xml
bridge.0b0a4371baf3e683124dbb79	component.e837182a129d9a9bac7e6672	8192	4	R	generated.farm.1bc0806803391550b59b5dd7.anchor	generated.farm.77743197e238ebb0e1e3eac2.anchor	173413	-187077	-488	175207	-189475	-2304	0	0	PATH_SEGMENT_BLOCKED	0	0	data/spawns/DwarvenTerritory/DwarvenStarting.xml|data/spawns/DwarvenTerritory/DwarvenStarting.xml
bridge.0b35584c97d14228a674416a	component.6cb9bd2a57139e6f69dd23f1	32768	11	R	generated.farm.b4beace3b35fcf43f7ac6d15.anchor	population.route.orc.a4	-46718	-86971	-8320	-50077	-115763	-160	0	0	NO_PATH	0	0	data/spawns/Others/KrateisCube.xml|data/stats/players/templates/StartingClass/OrcFighter.xml|data/stats/players/templates/StartingClass/OrcMystic.xml|data/spawns/OrcTerritory/OrcStarting.xml
bridge.0b400faa5a731f4dcd2a74d1	component.d4f263a6130862446fcab68a	16384	15	R	generated.farm.f9312932904adae788963399.anchor	population.route.dwarf.a4	108605	-160621	-1688	113508	-174203	-608	0	0	NO_PATH	0	0	data/spawns/Others/PlunderousPlains.xml|data/stats/players/templates/StartingClass/DwarvenFighter.xml|data/spawns/DwarvenTerritory/DwarvenStarting.xml
bridge.0b709b6232ec0d4466317662	component.d4f263a6130862446fcab68a	16384	15	F	population.route.dwarf.a4	generated.farm.f9312932904adae788963399.anchor	113508	-174203	-608	108605	-160621	-1688	0	0	NO_PATH	0	0	data/stats/players/templates/StartingClass/DwarvenFighter.xml|data/spawns/DwarvenTerritory/DwarvenStarting.xml|data/spawns/Others/PlunderousPlains.xml
bridge.0b9282efcfc1b8300dbec464	component.f0870ecd40f136c705bc5941	32768	10	R	generated.farm.ef0394b1715ca0d66c082465.anchor	population.ingress.orc.05	-44717	-84969	-8320	-56743	-113757	-672	0	0	NO_PATH	0	0	data/spawns/Others/KrateisCube.xml|data/stats/players/templates/StartingClass/OrcFighter.xml|data/stats/players/templates/StartingClass/OrcMystic.xml
bridge.0ba93865da9565463bedc10f	component.5170fd1c3e2b6fe2f9af1ad8	8192	11	F	population.farming.human-mystic.20481	generated.farm.54772e1b8c2e8c258ff204b4.anchor	-86478	251343	-3600	-94346	250566	-3552	0	0	NO_PATH	0	0	data/spawns/TalkingIsland/TalkingIslandMonsters.xml|data/spawns/TalkingIsland/TalkingIslandMonsters.xml
bridge.0bb0f363282326b8fb00a396	component.c005299f6bcae5c6d8af8bb7	32768	4	F	population.ingress.dark-elf.02	generated.farm.7a05c033eabc7172e800caf4.anchor	28302	11008	-4232	14176	-18036	-3120	0	0	NO_PATH	0	0	data/stats/players/templates/StartingClass/DarkFighter.xml|data/stats/players/templates/StartingClass/DarkMystic.xml|data/spawns/Rune/PrimevalIsle.xml
bridge.0bb5bc3cb80eb84486c91869	component.21c159db00da4bc03daf51c5	32768	8	F	population.ingress.elf.03	generated.farm.a0a916d344116254f0d4e3f5.anchor	46182	41198	-3504	31295	61887	-3544	0	0	NO_PATH	0	0	data/stats/players/templates/StartingClass/ElvenFighter.xml|data/stats/players/templates/StartingClass/ElvenMystic.xml|data/spawns/ElvenTerritory/ElvenStarting.xml
bridge.0bb74bf581ac9b7e036867ec	component.20a0c83d40a7bb22c26e0395	32768	5	F	generated.farm.36714f071123eedc9cac6c05.anchor	generated.farm.f137dbbc3ac90f445b806c09.anchor	28436	11041	-4232	25328	-15199	-2744	0	0	NO_PATH	0	0	data/spawns/Others/Gremlins.xml|data/spawns/Rune/PrimevalIsle.xml
bridge.0bda04d1a31966edf8d40f8d	component.18c9e4ee0311769668b2eb74	8192	6	R	generated.farm.74718a641fa7e78154fea892.anchor	population.ingress.kamael.05	-125620	37399	1176	-125517	38267	1176	0	0	VALID_DIRECT	875	1	data/spawns/Others/Gremlins.xml|data/stats/players/templates/StartingClass/KamaelMaleSoldier.xml|data/stats/players/templates/StartingClass/KamaelFemaleSoldier.xml
bridge.0c169ffc1650e99493f52baa	component.c8a8b60142ed368a7d7be480	32768	3	R	generated.farm.c2052fbe0b07e84a519406a1.anchor	population.ingress.dark-elf.02	23826	-18715	-2768	28302	11008	-4232	0	0	NO_PATH	0	0	data/spawns/Rune/PrimevalIsle.xml|data/stats/players/templates/StartingClass/DarkFighter.xml|data/stats/players/templates/StartingClass/DarkMystic.xml
bridge.0c2cfe5a733ea954170aafea	component.63defb22486d49c052a69667	32768	1	F	generated.farm.d6f82637bd6fae44cd109781.anchor	generated.farm.946a41fbbc63614320c02954.anchor	48366	42521	-3472	53398	63278	-3480	0	0	VALID_DIRECT	21359	1	data/spawns/ElvenTerritory/ElvenStarting.xml|data/spawns/ElvenTerritory/ElvenStarting.xml
bridge.0c3315b3636707735340db0b	component.475c48156e62e7e47cb30765	32768	6	F	population.ingress.orc.04	generated.farm.bd35d5fb02b6c1c76b448822.anchor	-56693	-113610	-672	-48720	-82958	-8320	0	0	NO_PATH	0	0	data/stats/players/templates/StartingClass/OrcFighter.xml|data/stats/players/templates/StartingClass/OrcMystic.xml|data/spawns/Others/KrateisCube.xml
bridge.0c4858bf15ca3e9e19fb4c96	component.c4a3508d330e9bb2f8bdfabb	32768	3	F	population.route.orc.a1	generated.farm.1050dd36c58d668d206a6075.anchor	-54685	-113715	-520	-48721	-84968	-8320	0	0	NO_PATH	0	0	data/stats/players/templates/StartingClass/OrcFighter.xml|data/stats/players/templates/StartingClass/OrcMystic.xml|data/spawns/OrcTerritory/OrcStarting.xml|data/spawns/Others/KrateisCube.xml
bridge.0c567e42d9933380394c2600	component.46078c3265041fc30a5d4a44	16384	1	F	generated.farm.58356b4e9844a379fecfbaf6.anchor	generated.farm.c966cf46f4c8074e4ddbc1d1.anchor	42118	41401	-3488	35728	46771	-3688	0	0	NO_PATH	0	0	data/spawns/ElvenTerritory/ElvenStarting.xml|data/spawns/ElvenTerritory/ElvenStarting.xml
bridge.0c6c2e0b2487ff43a1d6a390	component.21c159db00da4bc03daf51c5	32768	5	R	generated.farm.a0a916d344116254f0d4e3f5.anchor	population.ingress.elf.06	31295	61887	-3544	45978	41196	-3504	0	0	NO_PATH	0	0	data/spawns/ElvenTerritory/ElvenStarting.xml|data/stats/players/templates/StartingClass/ElvenFighter.xml|data/stats/players/templates/StartingClass/ElvenMystic.xml
bridge.0c8eadda1ab6427afc8a11b3	component.6c8644500a9312467848babc	32768	4	F	population.ingress.elf.01	elven.farming.oren04-2019-10s	46045	41251	-3504	16057	52260	-3544	0	0	NO_PATH	0	0	data/stats/players/templates/StartingClass/ElvenFighter.xml|data/stats/players/templates/StartingClass/ElvenMystic.xml|data/spawns/ElvenTerritory/ElvenStarting.xml
bridge.0ca154f794570fe6e72e88c5	component.d4f263a6130862446fcab68a	16384	9	F	population.route.dwarf.a1	generated.farm.f9312932904adae788963399.anchor	110436	-173947	-528	108605	-160621	-1688	0	0	NO_PATH	0	0	data/stats/players/templates/StartingClass/DwarvenFighter.xml|data/spawns/DwarvenTerritory/DwarvenStarting.xml|data/spawns/Others/PlunderousPlains.xml
bridge.0cc7ac2f88e21e362e3e65fb	component.f5ec43735be4685d0f522b55	32768	9	F	population.ingress.orc.05	generated.farm.c7902e29cb3795a4ce8dcf2c.anchor	-56743	-113757	-672	-50720	-86977	-8320	0	0	NO_PATH	0	0	data/stats/players/templates/StartingClass/OrcFighter.xml|data/stats/players/templates/StartingClass/OrcMystic.xml|data/spawns/Others/KrateisCube.xml
bridge.0cdfb1e2c8c8f471ea8c2f8f	component.40dbfe62843fbb4b5737b50d	32768	7	F	population.ingress.elf.01	generated.farm.180cbb100c457687c431e3bd.anchor	46045	41251	-3504	24749	41076	-3696	0	0	NO_PATH	0	0	data/stats/players/templates/StartingClass/ElvenFighter.xml|data/stats/players/templates/StartingClass/ElvenMystic.xml|data/spawns/ElvenTerritory/ElvenStarting.xml
bridge.0cf72ededef0f6748561fcc0	component.214784823dfee247eabd4cc1	16384	3	F	population.route.orc.a3	generated.farm.08bede9fa450ab087be0458b.anchor	-50845	-113715	-168	-40560	-117892	-1920	0	0	NO_PATH	0	0	data/stats/players/templates/StartingClass/OrcFighter.xml|data/stats/players/templates/StartingClass/OrcMystic.xml|data/spawns/OrcTerritory/OrcStarting.xml|data/spawns/OrcTerritory/OrcStarting.xml
bridge.0d105ae5464a60c4f1d4ed9f	component.20a0c83d40a7bb22c26e0395	32768	11	F	population.ingress.dark-elf.04	generated.farm.faefa58426223647157f9577.anchor	28456	10997	-4232	27020	-15861	-2648	0	0	NO_PATH	0	0	data/stats/players/templates/StartingClass/DarkFighter.xml|data/stats/players/templates/StartingClass/DarkMystic.xml|data/spawns/Rune/PrimevalIsle.xml
bridge.0d202fe0076fd11256b84926	component.df33433dc147309d6dc09abc	32768	9	R	generated.farm.9bd77ed2d0a9c062814dc873.anchor	population.ingress.orc.05	-46721	-82961	-8320	-56743	-113757	-672	0	0	NO_PATH	0	0	data/spawns/Others/KrateisCube.xml|data/stats/players/templates/StartingClass/OrcFighter.xml|data/stats/players/templates/StartingClass/OrcMystic.xml
bridge.0d25b1428c951e337b8b2236	component.d5d468daa4bebd1a4eb327d6	32768	9	F	population.ingress.dark-elf.03	generated.farm.08eced60f60a66b7fc7027b7.anchor	28377	10916	-4232	6712	-9399	-3680	0	0	NO_PATH	0	0	data/stats/players/templates/StartingClass/DarkFighter.xml|data/stats/players/templates/StartingClass/DarkMystic.xml|data/spawns/Rune/PrimevalIsle.xml
bridge.0d2ac7caac169ceb1d06d908	component.8958c8d9edf88034579b430b	32768	3	F	population.ingress.dark-elf.02	generated.farm.74d4cc08c4a95e70092d77ee.anchor	28302	11008	-4232	24538	-17756	-2752	0	0	NO_PATH	0	0	data/stats/players/templates/StartingClass/DarkFighter.xml|data/stats/players/templates/StartingClass/DarkMystic.xml|data/spawns/Rune/PrimevalIsle.xml
bridge.0d37420ad84e80aa3f95a930	component.c8a8b60142ed368a7d7be480	32768	6	R	generated.farm.c2052fbe0b07e84a519406a1.anchor	generated.farm.36714f071123eedc9cac6c05.anchor	23826	-18715	-2768	28436	11041	-4232	0	0	NO_PATH	0	0	data/spawns/Rune/PrimevalIsle.xml|data/spawns/Others/Gremlins.xml
bridge.0d3a2adcaf592c37bf39756d	component.10e204556f859c1b294aeca4	32768	6	F	generated.farm.768fa444a79123489bd7aa1d.anchor	generated.farm.c4c86a1c1e9423c05d843bc9.anchor	137660	-202383	-3664	160145	-219344	-3528	0	0	NO_PATH	0	0	data/spawns/DwarvenTerritory/DwarvenStarting.xml|data/spawns/DwarvenTerritory/DwarvenStarting.xml
bridge.0d3a7701ffdb2258c1b487dd	component.a897c66aac15ed82ae4b47cc	16384	1	R	generated.farm.5eb90806db1167da3a0881d8.anchor	generated.farm.40c5f8858df37983d677ac58.anchor	126625	-194289	-3288	136935	-202962	-3632	0	0	NO_PATH	0	0	data/spawns/DwarvenTerritory/DwarvenStarting.xml|data/spawns/DwarvenTerritory/DwarvenStarting.xml
bridge.0d71d83018da85fead7551b1	component.79ad21df45b89fa5bb86a4fd	32768	14	R	generated.farm.aa1716be4a17c0aa980acc7b.anchor	population.ingress.elf.02	54583	71099	-3440	46117	41247	-3504	0	0	NO_PATH	0	0	data/spawns/ElvenTerritory/ElvenStarting.xml|data/stats/players/templates/StartingClass/ElvenFighter.xml|data/stats/players/templates/StartingClass/ElvenMystic.xml
bridge.0d872935055cb1dfd82638f7	component.c8a8b60142ed368a7d7be480	32768	12	R	generated.farm.64e1872735f98ad838918703.anchor	population.route.dark-elf.a2	23186	-20161	-2704	25720	11288	-3720	0	0	NO_PATH	0	0	data/spawns/Rune/PrimevalIsle.xml|data/stats/players/templates/StartingClass/DarkFighter.xml|data/stats/players/templates/StartingClass/DarkMystic.xml|data/spawns/DarkElfTerritory/DarkElfStarting.xml
bridge.0d90f74211c1abe4a25e888f	component.e0efb8466cb69704c6f63b79	32768	11	R	generated.farm.3bbbcdb43022c7bf23796fb4.anchor	population.route.dark-elf.a3	15590	-17440	-3224	25304	13256	-3648	0	0	NO_PATH	0	0	data/spawns/Rune/PrimevalIsle.xml|data/stats/players/templates/StartingClass/DarkFighter.xml|data/stats/players/templates/StartingClass/DarkMystic.xml|data/spawns/DarkElfTerritory/DarkElfStarting.xml
bridge.0daf79631f419c632b7c5625	component.91a9f940fd17192b7296dafb	32768	7	F	generated.farm.36714f071123eedc9cac6c05.anchor	generated.farm.c2fab2e4269c72a597f3b7a9.anchor	28436	11041	-4232	19916	-9610	-2824	0	0	NO_PATH	0	0	data/spawns/Others/Gremlins.xml|data/spawns/Rune/PrimevalIsle.xml
bridge.0db5cbc5a487518f4e9ee1c6	component.20a0c83d40a7bb22c26e0395	32768	15	R	generated.farm.faefa58426223647157f9577.anchor	population.ingress.dark-elf.01	27020	-15861	-2648	28295	11063	-4232	0	0	NO_PATH	0	0	data/spawns/Rune/PrimevalIsle.xml|data/stats/players/templates/StartingClass/DarkFighter.xml|data/stats/players/templates/StartingClass/DarkMystic.xml
bridge.0dc3fe993ecf40afe9bcaad1	component.676d590e1ef5b84f1370c554	16384	6	F	generated.farm.8417f5d804225e6423448125.anchor	generated.farm.49da4e196c409e988af42131.anchor	132017	-208635	-3592	120298	-200652	-3640	0	0	NO_PATH	0	0	data/spawns/DwarvenTerritory/DwarvenStarting.xml|data/spawns/DwarvenTerritory/DwarvenStarting.xml
bridge.0dc52f7ff7b35e674ce79683	component.ac8aaf293b35ddbae57a8843	8192	7	R	generated.farm.0c00c3760a3ec18fa034d798.anchor	population.ingress.elf.01	38303	39146	-3576	46045	41251	-3504	0	0	NO_PATH	0	0	data/spawns/ElvenTerritory/ElvenStarting.xml|data/stats/players/templates/StartingClass/ElvenFighter.xml|data/stats/players/templates/StartingClass/ElvenMystic.xml
bridge.0dcd79b055acde11615a7f4f	component.6b63e9a22c52715dd6894332	8192	1	F	generated.farm.58356b4e9844a379fecfbaf6.anchor	generated.farm.52dc95334718091370944146.anchor	42118	41401	-3488	41267	39070	-3496	0	0	VALID_DIRECT	2482	1	data/spawns/ElvenTerritory/ElvenStarting.xml|data/spawns/ElvenTerritory/ElvenStarting.xml
bridge.0def269288867316cc9b79a5	component.6bccc4ec500087b1b97f6735	32768	1	R	elven.farming.oren04-2019-11s	generated.farm.c4067c834f12b99e976909a2.anchor	10946	55150	-3472	26607	63533	-3552	0	0	NO_PATH	0	0	data/spawns/ElvenTerritory/ElvenStarting.xml|data/spawns/ElvenTerritory/ElvenStarting.xml
bridge.0df83e5f23dd2339809707e3	component.89c4c607fc4fee76637095fd	16384	3	R	generated.farm.57a38f13450e54452b749339.anchor	generated.farm.d6f82637bd6fae44cd109781.anchor	52710	55450	-3320	48366	42521	-3472	0	0	VALID_DIRECT	13641	1	data/spawns/ElvenTerritory/ElvenStarting.xml|data/spawns/ElvenTerritory/ElvenStarting.xml
bridge.0dfb17c26a459fbfa14d1ec4	component.6e7449d40cf7c2785c9bf89b	8192	2	F	population.ingress.human-mystic.04	generated.farm.bfb0335de417bc81a7e9b231.anchor	-90890	248027	-3568	-88052	241579	-3600	0	0	NO_PATH	0	0	data/stats/players/templates/StartingClass/HumanMystic.xml|data/spawns/TalkingIsland/TalkingIslandMonsters.xml
bridge.0e36636b3b3cbf4e96d5b6b2	component.54cd7d198274de64199ae37f	8192	10	F	population.route.human-fighter.c3	generated.farm.9caf3d9715b6ff604306dc10.anchor	-71080	254984	-3232	-71338	258393	-3072	0	0	NO_PATH	0	0	data/stats/players/templates/StartingClass/HumanFighter.xml|data/spawns/Others/17_25.xml|data/spawns/Others/Gremlins.xml
bridge.0e6dfd792529511ae3263f64	component.63defb22486d49c052a69667	32768	2	F	generated.farm.d6f82637bd6fae44cd109781.anchor	generated.farm.0a9b6aeb870068f470d93c4b.anchor	48366	42521	-3472	55857	63041	-3472	0	0	NO_PATH	0	0	data/spawns/ElvenTerritory/ElvenStarting.xml|data/spawns/ElvenTerritory/ElvenStarting.xml
bridge.0e8a2d8bec9f71f4428905a0	component.b0959173bd82d4b722b2be8c	32768	5	F	population.ingress.dark-elf.04	generated.farm.c64e3da0e4c050e99dd0e964.anchor	28456	10997	-4232	25484	-10847	-2480	0	0	NO_PATH	0	0	data/stats/players/templates/StartingClass/DarkFighter.xml|data/stats/players/templates/StartingClass/DarkMystic.xml|data/spawns/Rune/PrimevalIsle.xml
bridge.0eb9e9baee3aa6a4a9f6c6ee	component.d4239fbe60250487003bb4fd	32768	4	F	population.ingress.elf.06	generated.farm.c4067c834f12b99e976909a2.anchor	45978	41196	-3504	26607	63533	-3552	0	0	NO_PATH	0	0	data/stats/players/templates/StartingClass/ElvenFighter.xml|data/stats/players/templates/StartingClass/ElvenMystic.xml|data/spawns/ElvenTerritory/ElvenStarting.xml
bridge.0ecd03e80a17c8fa2a6efc2f	component.de636b0f82c1f5ec50237e13	32768	12	R	generated.farm.c726e41f56667ee82aa4fd6f.anchor	population.route.dwarf.a4	118561	-195056	-3552	113508	-174203	-608	0	0	NO_PATH	0	0	data/spawns/DwarvenTerritory/DwarvenStarting.xml|data/stats/players/templates/StartingClass/DwarvenFighter.xml|data/spawns/DwarvenTerritory/DwarvenStarting.xml
bridge.0eede3ceb484c8880df629f2	component.63defb22486d49c052a69667	32768	6	F	population.ingress.elf.01	generated.farm.946a41fbbc63614320c02954.anchor	46045	41251	-3504	53398	63278	-3480	0	0	NO_PATH	0	0	data/stats/players/templates/StartingClass/ElvenFighter.xml|data/stats/players/templates/StartingClass/ElvenMystic.xml|data/spawns/ElvenTerritory/ElvenStarting.xml
bridge.0f42d460663fd0a42c75e279	component.0075e5d7b40ef037d898ed1f	32768	5	F	population.route.orc.a4	generated.farm.0ea9abb137efe17aa6607d08.anchor	-50077	-115763	-160	-19004	-108238	-2096	0	0	NO_PATH	0	0	data/stats/players/templates/StartingClass/OrcFighter.xml|data/stats/players/templates/StartingClass/OrcMystic.xml|data/spawns/OrcTerritory/OrcStarting.xml|data/spawns/OrcTerritory/OrcStarting.xml
bridge.0f5a70b8ffaafdf1cd72fc25	component.a2230627cce424b0593fedc6	32768	3	F	population.ingress.dark-elf.03	generated.farm.08a347f7f13696479813918f.anchor	28377	10916	-4232	15644	-8311	-3248	0	0	NO_PATH	0	0	data/stats/players/templates/StartingClass/DarkFighter.xml|data/stats/players/templates/StartingClass/DarkMystic.xml|data/spawns/Rune/PrimevalIsle.xml
bridge.0f8e303006a41eaae9bbe8ed	component.18c9e4ee0311769668b2eb74	8192	9	F	population.ingress.kamael.01	generated.farm.74718a641fa7e78154fea892.anchor	-125607	38452	1176	-125620	37399	1176	0	0	VALID_DIRECT	1054	1	data/stats/players/templates/StartingClass/KamaelMaleSoldier.xml|data/stats/players/templates/StartingClass/KamaelFemaleSoldier.xml|data/spawns/Others/Gremlins.xml
bridge.0fa88994675ab5594a10058e	component.cf7fc1a377a3ee4f1cd13c38	8192	9	R	generated.farm.dcbfae7bd58c752ca4f1e7ca.anchor	population.route.dwarf.i06-w0	108695	-173878	-400	108616	-174152	-408	0	0	VALID_PATH	368	3	data/spawns/Others/Gremlins.xml|data/stats/players/templates/StartingClass/DwarvenFighter.xml|data/spawns/DwarvenTerritory/DwarvenStarting.xml
bridge.0fa95eea45cec72a9bc148aa	component.a15eac19b29dbd838fc4cf11	32768	14	F	population.route.dwarf.a3	generated.farm.a4122c4a8bed91d0e6a70bc3.anchor	112996	-173691	-608	107302	-145184	-3656	0	0	NO_PATH	0	0	data/stats/players/templates/StartingClass/DwarvenFighter.xml|data/spawns/DwarvenTerritory/DwarvenStarting.xml|data/spawns/Others/PlunderousPlains.xml
bridge.0fa9c359688315ca663bde2e	component.79ad21df45b89fa5bb86a4fd	32768	6	R	generated.farm.5dc8ced237dc324aa37b6530.anchor	population.ingress.elf.01	51605	70249	-3408	46045	41251	-3504	0	0	NO_PATH	0	0	data/spawns/ElvenTerritory/ElvenStarting.xml|data/stats/players/templates/StartingClass/ElvenFighter.xml|data/stats/players/templates/StartingClass/ElvenMystic.xml
bridge.0fe1e8d7d3692d2ae4835c64	component.18c9e4ee0311769668b2eb74	8192	8	F	population.route.kamael.a3	generated.farm.74718a641fa7e78154fea892.anchor	-125240	38376	1208	-125620	37399	1176	0	0	VALID_PATH	1061	3	data/stats/players/templates/StartingClass/KamaelMaleSoldier.xml|data/stats/players/templates/StartingClass/KamaelFemaleSoldier.xml|data/spawns/Kamael/IsleOfSouls.xml|data/spawns/Others/Gremlins.xml
bridge.0ffd4ff0ca3a6205081b9a72	component.6ed5189c1ad34dcd97c5af56	32768	10	F	population.route.orc.a4	generated.farm.728f34d7752261776a8e5fb7.anchor	-50077	-115763	-160	-50719	-84960	-8320	0	0	NO_PATH	0	0	data/stats/players/templates/StartingClass/OrcFighter.xml|data/stats/players/templates/StartingClass/OrcMystic.xml|data/spawns/OrcTerritory/OrcStarting.xml|data/spawns/Others/KrateisCube.xml
bridge.10014a8291c528e57314ede0	component.093885e4dafbe6ffb61aca3e	16384	4	R	generated.farm.21c8e0a71fc1a30fb94fd849.anchor	population.ingress.elf.05	57402	30692	-3768	46048	41141	-3504	0	0	NO_PATH	0	0	data/spawns/Oren/SeaOfSpores.xml|data/stats/players/templates/StartingClass/ElvenFighter.xml|data/stats/players/templates/StartingClass/ElvenMystic.xml
bridge.10bab667894da38ed274545d	component.4562799c5dc584243d56e35b	32768	8	R	generated.farm.bff7beafbd229e70fb09ec46.anchor	population.ingress.orc.06	-52728	-86971	-8320	-56682	-113730	-672	0	0	NO_PATH	0	0	data/spawns/Others/KrateisCube.xml|data/stats/players/templates/StartingClass/OrcFighter.xml|data/stats/players/templates/StartingClass/OrcMystic.xml
bridge.10c396e32c7407917cbf76c8	component.18bacfc235ddd517347d8830	32768	4	F	population.route.dwarf.a2	generated.farm.6cc54f41492a8ebff56a5815.anchor	110948	-173435	-584	119130	-144099	-3016	0	0	NO_PATH	0	0	data/stats/players/templates/StartingClass/DwarvenFighter.xml|data/spawns/DwarvenTerritory/DwarvenStarting.xml|data/spawns/Others/PlunderousPlains.xml
bridge.10c9fbc8a443dbd7fd67969a	component.4542949d001791c13737d9b4	8192	2	F	population.ingress.human-mystic.03	generated.farm.432802d3c2901d9686cb1651.anchor	-90918	248070	-3568	-90610	248293	-3568	0	0	VALID_DIRECT	381	1	data/stats/players/templates/StartingClass/HumanMystic.xml|data/spawns/Others/Gremlins.xml
bridge.10e6ef2258df9b1633f86891	component.de636b0f82c1f5ec50237e13	32768	10	F	generated.farm.768fa444a79123489bd7aa1d.anchor	generated.farm.c726e41f56667ee82aa4fd6f.anchor	137660	-202383	-3664	118561	-195056	-3552	0	0	NO_PATH	0	0	data/spawns/DwarvenTerritory/DwarvenStarting.xml|data/spawns/DwarvenTerritory/DwarvenStarting.xml
bridge.10f030a2a336742e5c2099dd	component.79ad21df45b89fa5bb86a4fd	32768	12	F	generated.farm.58356b4e9844a379fecfbaf6.anchor	generated.farm.5dc8ced237dc324aa37b6530.anchor	42118	41401	-3488	51605	70249	-3408	0	0	NO_PATH	0	0	data/spawns/ElvenTerritory/ElvenStarting.xml|data/spawns/ElvenTerritory/ElvenStarting.xml
bridge.10f466772d2d403164296abe	component.635e8cdeb1b598aac805b64c	32768	3	R	talking-island.farming.gludio31-1624-11s	population.ingress.human-mystic.02	-103448	227187	-3672	-90954	248118	-3568	0	0	NO_PATH	0	0	data/spawns/TalkingIsland/TalkingIslandMonsters.xml|data/stats/players/templates/StartingClass/HumanMystic.xml
bridge.110ca2bf3710ec813e3468f8	component.43988bed6a656186e489a9b7	32768	2	F	population.ingress.elf.05	generated.farm.88cab6697f22f34bf81c16f7.anchor	46048	41141	-3504	53010	23851	-5384	0	0	NO_PATH	0	0	data/stats/players/templates/StartingClass/ElvenFighter.xml|data/stats/players/templates/StartingClass/ElvenMystic.xml|data/spawns/Oren/SeaOfSpores.xml
bridge.117662aeb1dc758f2df60504	component.4562799c5dc584243d56e35b	32768	7	F	population.ingress.orc.03	generated.farm.bff7beafbd229e70fb09ec46.anchor	-56728	-113610	-672	-52728	-86971	-8320	0	0	NO_PATH	0	0	data/stats/players/templates/StartingClass/OrcFighter.xml|data/stats/players/templates/StartingClass/OrcMystic.xml|data/spawns/Others/KrateisCube.xml
bridge.117db18e5dc82e481bb0b13b	component.6b63e9a22c52715dd6894332	8192	14	F	population.ingress.elf.04	generated.farm.52dc95334718091370944146.anchor	46115	41141	-3504	41267	39070	-3496	0	0	NO_PATH	0	0	data/stats/players/templates/StartingClass/ElvenFighter.xml|data/stats/players/templates/StartingClass/ElvenMystic.xml|data/spawns/ElvenTerritory/ElvenStarting.xml
bridge.119213207cd7379349c1605d	component.a2230627cce424b0593fedc6	32768	15	R	generated.farm.d2a12a3e3ea0bce7dcb3d8f3.anchor	population.ingress.dark-elf.02	16132	-9783	-3280	28302	11008	-4232	0	0	NO_PATH	0	0	data/spawns/Rune/PrimevalIsle.xml|data/stats/players/templates/StartingClass/DarkFighter.xml|data/stats/players/templates/StartingClass/DarkMystic.xml
bridge.11a73ea3dbc2d0b6433419ca	component.2c4a1d8ed5506d43bb6025d3	32768	7	F	generated.farm.40c5f8858df37983d677ac58.anchor	generated.farm.f3fef88cab3be544b94bb305.anchor	136935	-202962	-3632	165484	-207409	-3496	0	0	NO_PATH	0	0	data/spawns/DwarvenTerritory/DwarvenStarting.xml|data/spawns/DwarvenTerritory/DwarvenStarting.xml
bridge.1209b4eae15a652772168ac1	component.1331db1a6d957945bfb43b8d	8192	13	R	generated.farm.78d792f9dc16f4ce4003c1ae.anchor	population.ingress.elf.05	50626	40925	-3464	46048	41141	-3504	0	0	NO_PATH	0	0	data/spawns/ElvenTerritory/ElvenStarting.xml|data/stats/players/templates/StartingClass/ElvenFighter.xml|data/stats/players/templates/StartingClass/ElvenMystic.xml
bridge.1254dae88529a064115493d9	component.40dbfe62843fbb4b5737b50d	32768	14	R	generated.farm.b39b5ebcb618d85608e8a97d.anchor	population.ingress.elf.05	24053	37496	-3672	46048	41141	-3504	0	0	NO_PATH	0	0	data/spawns/ElvenTerritory/ElvenStarting.xml|data/stats/players/templates/StartingClass/ElvenFighter.xml|data/stats/players/templates/StartingClass/ElvenMystic.xml
bridge.125d6ae84e34a407d68d5804	component.2a49f4f35c9ebde77d8043ac	16384	4	F	generated.farm.8417f5d804225e6423448125.anchor	generated.farm.5b2f7b39b431b1d31c0f938a.anchor	132017	-208635	-3592	146706	-212410	-3592	0	0	NO_PATH	0	0	data/spawns/DwarvenTerritory/DwarvenStarting.xml|data/spawns/DwarvenTerritory/DwarvenStarting.xml
bridge.128205a50c14a17e6e7236b6	component.9e6d3547bb369a54417d2a8e	32768	4	R	generated.farm.8eacaac16a08449c5372ffbc.anchor	population.route.orc.a3	-52719	-82961	-8320	-50845	-113715	-168	0	0	NO_PATH	0	0	data/spawns/Others/KrateisCube.xml|data/stats/players/templates/StartingClass/OrcFighter.xml|data/stats/players/templates/StartingClass/OrcMystic.xml|data/spawns/OrcTerritory/OrcStarting.xml
bridge.12b3c6c9d4239aa342b5b4ca	component.ac8aaf293b35ddbae57a8843	8192	11	R	generated.farm.0c00c3760a3ec18fa034d798.anchor	population.ingress.elf.02	38303	39146	-3576	46117	41247	-3504	0	0	NO_PATH	0	0	data/spawns/ElvenTerritory/ElvenStarting.xml|data/stats/players/templates/StartingClass/ElvenFighter.xml|data/stats/players/templates/StartingClass/ElvenMystic.xml
bridge.12b6d941725bd7d4a5204298	component.89c4c607fc4fee76637095fd	16384	15	F	population.ingress.elf.03	generated.farm.57a38f13450e54452b749339.anchor	46182	41198	-3504	52710	55450	-3320	0	0	NO_PATH	0	0	data/stats/players/templates/StartingClass/ElvenFighter.xml|data/stats/players/templates/StartingClass/ElvenMystic.xml|data/spawns/ElvenTerritory/ElvenStarting.xml
bridge.12c32e1a422efd6919888557	component.df33433dc147309d6dc09abc	32768	5	F	population.ingress.orc.01	generated.farm.9bd77ed2d0a9c062814dc873.anchor	-56733	-113459	-672	-46721	-82961	-8320	0	0	NO_PATH	0	0	data/stats/players/templates/StartingClass/OrcFighter.xml|data/stats/players/templates/StartingClass/OrcMystic.xml|data/spawns/Others/KrateisCube.xml
bridge.12caa12ebefbcca72d8ac7dd	component.a99c371149bc249af615a5c3	32768	2	R	generated.farm.ab5e8f2e7966e479ea160401.anchor	population.route.orc.a4	-22483	-124604	-2656	-50077	-115763	-160	0	0	NO_PATH	0	0	data/spawns/OrcTerritory/OrcStarting.xml|data/stats/players/templates/StartingClass/OrcFighter.xml|data/stats/players/templates/StartingClass/OrcMystic.xml|data/spawns/OrcTerritory/OrcStarting.xml
bridge.12e0b7944285e5fa0e17e03e	component.cf7fc1a377a3ee4f1cd13c38	8192	4	F	population.route.dwarf.i03-w0	generated.farm.dcbfae7bd58c752ca4f1e7ca.anchor	108552	-174024	-408	108695	-173878	-400	0	0	VALID_PATH	236	3	data/stats/players/templates/StartingClass/DwarvenFighter.xml|data/spawns/DwarvenTerritory/DwarvenStarting.xml|data/spawns/Others/Gremlins.xml
bridge.135786475af28332716f50e8	component.38e4e0ca1187b4e38d95215c	16384	1	R	generated.farm.a2800deed7ee43eb47fe16f5.anchor	generated.farm.768fa444a79123489bd7aa1d.anchor	134667	-187537	-2952	137660	-202383	-3664	0	0	NO_PATH	0	0	data/spawns/DwarvenTerritory/DwarvenStarting.xml|data/spawns/DwarvenTerritory/DwarvenStarting.xml
bridge.138d297fd86a64e56d625b24	component.6c8644500a9312467848babc	32768	3	R	elven.farming.oren04-2019-10s	population.ingress.elf.06	16057	52260	-3544	45978	41196	-3504	0	0	NO_PATH	0	0	data/spawns/ElvenTerritory/ElvenStarting.xml|data/stats/players/templates/StartingClass/ElvenFighter.xml|data/stats/players/templates/StartingClass/ElvenMystic.xml
bridge.13c15e914267e4eb7d49e286	component.e155a1307403cc14572bd687	32768	11	R	generated.farm.420ed35f1a9a3f532e2d6045.anchor	population.route.dwarf.w2	101973	-149349	-3128	110440	-173944	-528	0	0	NO_PATH	0	0	data/spawns/Others/PlunderousPlains.xml|data/stats/players/templates/StartingClass/DwarvenFighter.xml|data/spawns/DwarvenTerritory/DwarvenStarting.xml
bridge.13ff1934e9ea554c25b50e05	component.18bacfc235ddd517347d8830	32768	16	R	generated.farm.6cc54f41492a8ebff56a5815.anchor	population.ingress.dwarf.06	119130	-144099	-3016	108576	-174122	-408	0	0	NO_PATH	0	0	data/spawns/Others/PlunderousPlains.xml|data/stats/players/templates/StartingClass/DwarvenFighter.xml
bridge.143ebc9e55b95a54b7145779	component.d5d468daa4bebd1a4eb327d6	32768	14	F	population.ingress.dark-elf.05	generated.farm.08eced60f60a66b7fc7027b7.anchor	28461	11044	-4232	6712	-9399	-3680	0	0	NO_PATH	0	0	data/stats/players/templates/StartingClass/DarkFighter.xml|data/stats/players/templates/StartingClass/DarkMystic.xml|data/spawns/Rune/PrimevalIsle.xml
bridge.144c8c063996a37b7a09e39c	component.9fbefbbe289820cb000eadf1	32768	6	F	population.ingress.orc.04	generated.farm.17667c6c78e20a9fb3c4ae08.anchor	-56693	-113610	-672	-52719	-84968	-8320	0	0	NO_PATH	0	0	data/stats/players/templates/StartingClass/OrcFighter.xml|data/stats/players/templates/StartingClass/OrcMystic.xml|data/spawns/Others/KrateisCube.xml
bridge.14b41aae1a2c81251c4b9080	component.73d0c59f5bdd9014627ebe4f	32768	13	R	elven.farming.oren04-2019-07s	population.route.dark-elf.a2	19248	43340	-3712	25720	11288	-3720	0	0	NO_PATH	0	0	data/spawns/ElvenTerritory/ElvenStarting.xml|data/stats/players/templates/StartingClass/DarkFighter.xml|data/stats/players/templates/StartingClass/DarkMystic.xml|data/spawns/DarkElfTerritory/DarkElfStarting.xml
bridge.14cc7cf384ac1db28b9b26ad	component.6c8644500a9312467848babc	32768	5	F	generated.farm.428b85922009e44829ae2db0.anchor	elven.farming.oren04-2019-10s	46131	41458	-3504	16057	52260	-3544	0	0	NO_PATH	0	0	data/spawns/Others/Gremlins.xml|data/spawns/ElvenTerritory/ElvenStarting.xml
bridge.14e2ebf3f0f743f219ed54f7	component.c005299f6bcae5c6d8af8bb7	32768	9	R	generated.farm.7a05c033eabc7172e800caf4.anchor	population.ingress.dark-elf.06	14176	-18036	-3120	28395	11127	-4232	0	0	NO_PATH	0	0	data/spawns/Rune/PrimevalIsle.xml|data/stats/players/templates/StartingClass/DarkFighter.xml|data/stats/players/templates/StartingClass/DarkMystic.xml
bridge.14e9edb71fefdf3a6d19a9cc	component.f5ec43735be4685d0f522b55	32768	11	F	population.farming.orc.20535	generated.farm.c7902e29cb3795a4ce8dcf2c.anchor	-49106	-115854	-160	-50720	-86977	-8320	0	0	NO_PATH	0	0	data/spawns/OrcTerritory/OrcStarting.xml|data/spawns/Others/KrateisCube.xml
bridge.15081edae87f5b42be34a99b	component.cf7fc1a377a3ee4f1cd13c38	8192	16	F	generated.farm.ea72d768f3c8ec3d79c1a530.anchor	generated.farm.dcbfae7bd58c752ca4f1e7ca.anchor	116056	-175091	-1016	108695	-173878	-400	0	0	NO_PATH	0	0	data/spawns/DwarvenTerritory/DwarvenStarting.xml|data/spawns/Others/Gremlins.xml
bridge.152ea3bd2e11678815a87f72	component.e45c121434ca6df869eac805	16384	1	F	population.farming.orc.20535	generated.farm.2f28e5148a38d8f4c4959a1d.anchor	-49106	-115854	-160	-39917	-109286	-1800	0	0	NO_PATH	0	0	data/spawns/OrcTerritory/OrcStarting.xml|data/spawns/OrcTerritory/OrcStarting.xml
bridge.154b46eba81e2c004c8f54ed	component.cdd71132d5f4e86baaa4d99d	8192	1	R	generated.farm.5a6b2e1025252314c1f156d2.anchor	population.ingress.human-mystic.04	-93369	245699	-3608	-90890	248027	-3568	0	0	NO_PATH	0	0	data/spawns/TalkingIsland/TalkingIslandMonsters.xml|data/stats/players/templates/StartingClass/HumanMystic.xml
bridge.156e8ca92a3d83ded3a1eab0	component.73d0c59f5bdd9014627ebe4f	32768	9	R	elven.farming.oren04-2019-07s	population.ingress.elf.03	19248	43340	-3712	46182	41198	-3504	0	0	NO_PATH	0	0	data/spawns/ElvenTerritory/ElvenStarting.xml|data/stats/players/templates/StartingClass/ElvenFighter.xml|data/stats/players/templates/StartingClass/ElvenMystic.xml
bridge.1588b0a7d0f9e620200b0137	component.21c159db00da4bc03daf51c5	32768	6	F	population.ingress.elf.02	generated.farm.a0a916d344116254f0d4e3f5.anchor	46117	41247	-3504	31295	61887	-3544	0	0	NO_PATH	0	0	data/stats/players/templates/StartingClass/ElvenFighter.xml|data/stats/players/templates/StartingClass/ElvenMystic.xml|data/spawns/ElvenTerritory/ElvenStarting.xml
bridge.1591c5579261b2c94bbc3851	component.de636b0f82c1f5ec50237e13	32768	5	R	generated.farm.a39f58864657ce5b49b26ee3.anchor	generated.farm.1e2d5a3becf8fd2f9e656d54.anchor	116564	-195406	-3480	128484	-211404	-3408	0	0	NO_PATH	0	0	data/spawns/DwarvenTerritory/DwarvenStarting.xml|data/spawns/DwarvenTerritory/DwarvenStarting.xml
bridge.15b29134ec817172999ffb0a	component.40dbfe62843fbb4b5737b50d	32768	2	R	generated.farm.b39b5ebcb618d85608e8a97d.anchor	generated.farm.58356b4e9844a379fecfbaf6.anchor	24053	37496	-3672	42118	41401	-3488	0	0	NO_PATH	0	0	data/spawns/ElvenTerritory/ElvenStarting.xml|data/spawns/ElvenTerritory/ElvenStarting.xml
bridge.15dbe33566f3c80fbf529585	component.fa8902bdab910bb205f46118	16384	1	R	generated.farm.e20a44e2413cc5ec51f0b15c.anchor	generated.farm.ed8992f2edcbacf7c4f24608.anchor	119549	-161828	-1296	117968	-173208	-432	0	0	NO_PATH	0	0	data/spawns/Others/PlunderousPlains.xml|data/spawns/DwarvenTerritory/DwarvenStarting.xml
bridge.15e197c834bcee2b5832175c	component.73f096cfc3045644558d7b95	16384	8	F	population.route.orc.a2	generated.farm.6040d874a2bc9b8a07dc4671.anchor	-52637	-113715	-80	-41352	-102553	-2720	0	0	NO_PATH	0	0	data/stats/players/templates/StartingClass/OrcFighter.xml|data/stats/players/templates/StartingClass/OrcMystic.xml|data/spawns/OrcTerritory/OrcStarting.xml|data/spawns/OrcTerritory/OrcStarting.xml
bridge.15edb9648d6079fcdc317844	component.cf7fc1a377a3ee4f1cd13c38	8192	11	F	population.route.dwarf.w2	generated.farm.dcbfae7bd58c752ca4f1e7ca.anchor	110440	-173944	-528	108695	-173878	-400	0	0	NO_PATH	0	0	data/stats/players/templates/StartingClass/DwarvenFighter.xml|data/spawns/DwarvenTerritory/DwarvenStarting.xml|data/spawns/Others/Gremlins.xml
bridge.15f69e9a74a61156b7f43554	component.a15eac19b29dbd838fc4cf11	32768	1	F	population.route.dwarf.a2	generated.farm.a4122c4a8bed91d0e6a70bc3.anchor	110948	-173435	-584	107302	-145184	-3656	0	0	NO_PATH	0	0	data/stats/players/templates/StartingClass/DwarvenFighter.xml|data/spawns/DwarvenTerritory/DwarvenStarting.xml|data/spawns/Others/PlunderousPlains.xml
bridge.160411d40ea418c586d2a34b	component.79ad21df45b89fa5bb86a4fd	32768	13	R	generated.farm.aa1716be4a17c0aa980acc7b.anchor	generated.farm.428b85922009e44829ae2db0.anchor	54583	71099	-3440	46131	41458	-3504	0	0	NO_PATH	0	0	data/spawns/ElvenTerritory/ElvenStarting.xml|data/spawns/Others/Gremlins.xml
bridge.16113f25d921848f6e6408f7	component.7e882b0664c31928ac9f5caa	32768	12	R	generated.farm.12923521d58d7301f63fd56a.anchor	population.ingress.dwarf.03	117133	-149832	-2352	108505	-173964	-408	0	0	NO_PATH	0	0	data/spawns/Others/PlunderousPlains.xml|data/stats/players/templates/StartingClass/DwarvenFighter.xml
bridge.161fa360637753460d2ec3db	component.4542949d001791c13737d9b4	8192	7	F	population.route.human-mystic.b2	generated.farm.432802d3c2901d9686cb1651.anchor	-89240	249912	-3568	-90610	248293	-3568	0	0	VALID_PATH	2143	3	data/stats/players/templates/StartingClass/HumanMystic.xml|data/spawns/TalkingIsland/TalkingIslandMonsters.xml|data/spawns/Others/Gremlins.xml
bridge.1643e1ed16333331f1e56d21	component.a15eac19b29dbd838fc4cf11	32768	7	F	population.route.dwarf.i03-w0	generated.farm.a4122c4a8bed91d0e6a70bc3.anchor	108552	-174024	-408	107302	-145184	-3656	0	0	NO_PATH	0	0	data/stats/players/templates/StartingClass/DwarvenFighter.xml|data/spawns/DwarvenTerritory/DwarvenStarting.xml|data/spawns/Others/PlunderousPlains.xml
bridge.164fce0ad65a51f93b712e62	component.cdd71132d5f4e86baaa4d99d	8192	4	F	population.ingress.human-mystic.01	generated.farm.5a6b2e1025252314c1f156d2.anchor	-90875	248162	-3568	-93369	245699	-3608	0	0	NO_PATH	0	0	data/stats/players/templates/StartingClass/HumanMystic.xml|data/spawns/TalkingIsland/TalkingIslandMonsters.xml
bridge.16592c169f6b2a9eb6ad333e	component.6cb9bd2a57139e6f69dd23f1	32768	9	R	generated.farm.b4beace3b35fcf43f7ac6d15.anchor	population.ingress.orc.05	-46718	-86971	-8320	-56743	-113757	-672	0	0	NO_PATH	0	0	data/spawns/Others/KrateisCube.xml|data/stats/players/templates/StartingClass/OrcFighter.xml|data/stats/players/templates/StartingClass/OrcMystic.xml
bridge.16c2aa69d6ddb3b851923834	component.214784823dfee247eabd4cc1	16384	9	F	population.route.orc.a2	generated.farm.e685f7e7994e7e1f1e589631.anchor	-52637	-113715	-80	-37492	-118051	-1712	0	0	NO_PATH	0	0	data/stats/players/templates/StartingClass/OrcFighter.xml|data/stats/players/templates/StartingClass/OrcMystic.xml|data/spawns/OrcTerritory/OrcStarting.xml|data/spawns/OrcTerritory/OrcStarting.xml
bridge.1705ec0cd225db6d5de31294	component.e9ea386cf0bd55a495081c3d	32768	6	R	elven.farming.oren04-2019-08s	generated.farm.428b85922009e44829ae2db0.anchor	17170	46114	-3568	46131	41458	-3504	0	0	NO_PATH	0	0	data/spawns/ElvenTerritory/ElvenStarting.xml|data/spawns/Others/Gremlins.xml
bridge.170781c87aa5a5570fc5476f	component.18bacfc235ddd517347d8830	32768	12	R	generated.farm.6cc54f41492a8ebff56a5815.anchor	population.ingress.dwarf.03	119130	-144099	-3016	108505	-173964	-408	0	0	NO_PATH	0	0	data/spawns/Others/PlunderousPlains.xml|data/stats/players/templates/StartingClass/DwarvenFighter.xml
bridge.171705ae8441d41b9d2dfdee	component.48e6e689d4d766cfd82dc2e2	16384	9	R	generated.farm.5ee423a52e35fbb905b7ecb0.anchor	population.farming.elf.20534	54714	51620	-3592	44126	42751	-3488	0	0	NO_PATH	0	0	data/spawns/ElvenTerritory/ElvenStarting.xml|data/spawns/ElvenTerritory/ElvenStarting.xml
bridge.174abfa4b7eb4ecacd27ad7b	component.e155a1307403cc14572bd687	32768	2	F	population.ingress.dwarf.01	generated.farm.420ed35f1a9a3f532e2d6045.anchor	108644	-173947	-408	101973	-149349	-3128	0	0	NO_PATH	0	0	data/stats/players/templates/StartingClass/DwarvenFighter.xml|data/spawns/Others/PlunderousPlains.xml
bridge.17549f4b3eb74ddc31830ab4	component.c4a3508d330e9bb2f8bdfabb	32768	6	F	population.ingress.orc.04	generated.farm.1050dd36c58d668d206a6075.anchor	-56693	-113610	-672	-48721	-84968	-8320	0	0	NO_PATH	0	0	data/stats/players/templates/StartingClass/OrcFighter.xml|data/stats/players/templates/StartingClass/OrcMystic.xml|data/spawns/Others/KrateisCube.xml
bridge.17836b8fc1cf456da39da637	component.8958c8d9edf88034579b430b	32768	4	F	population.ingress.dark-elf.04	generated.farm.74d4cc08c4a95e70092d77ee.anchor	28456	10997	-4232	24538	-17756	-2752	0	0	NO_PATH	0	0	data/stats/players/templates/StartingClass/DarkFighter.xml|data/stats/players/templates/StartingClass/DarkMystic.xml|data/spawns/Rune/PrimevalIsle.xml
bridge.1784eb2594e30a7f8fa912fc	component.1331db1a6d957945bfb43b8d	8192	11	F	population.ingress.elf.02	generated.farm.78d792f9dc16f4ce4003c1ae.anchor	46117	41247	-3504	50626	40925	-3464	0	0	NO_PATH	0	0	data/stats/players/templates/StartingClass/ElvenFighter.xml|data/stats/players/templates/StartingClass/ElvenMystic.xml|data/spawns/ElvenTerritory/ElvenStarting.xml
bridge.179d67e580f7d947746b2bd5	component.0d29dfe1c9a010ee2b1a7342	16384	5	R	generated.farm.9d23ec2f77c7c345967951bb.anchor	population.farming.dwarf.20533	119412	-188362	-3240	114966	-172886	-672	0	0	NO_PATH	0	0	data/spawns/DwarvenTerritory/DwarvenStarting.xml|data/spawns/DwarvenTerritory/DwarvenStarting.xml
bridge.179ea9f43999c3cf1d6e87d1	component.40dbfe62843fbb4b5737b50d	32768	11	F	generated.farm.428b85922009e44829ae2db0.anchor	generated.farm.180cbb100c457687c431e3bd.anchor	46131	41458	-3504	24749	41076	-3696	0	0	NO_PATH	0	0	data/spawns/Others/Gremlins.xml|data/spawns/ElvenTerritory/ElvenStarting.xml
bridge.17a63bc18d947f71888edc32	component.89c4c607fc4fee76637095fd	16384	1	F	generated.farm.d6f82637bd6fae44cd109781.anchor	generated.farm.519759dffe4a0803b970d3ee.anchor	48366	42521	-3472	48712	55466	-3464	0	0	NO_PATH	0	0	data/spawns/ElvenTerritory/ElvenStarting.xml|data/spawns/ElvenTerritory/ElvenStarting.xml
bridge.185e5d4f266aa46a58beffc8	component.0b3ebad1cad3252bc36d343e	32768	1	F	population.route.orc.a3	generated.farm.494b07126852bfbc4f41976f.anchor	-50845	-113715	-168	-50720	-80960	-8320	0	0	NO_PATH	0	0	data/stats/players/templates/StartingClass/OrcFighter.xml|data/stats/players/templates/StartingClass/OrcMystic.xml|data/spawns/OrcTerritory/OrcStarting.xml|data/spawns/Others/KrateisCube.xml
bridge.1921496600417939afe8fa18	component.cdd71132d5f4e86baaa4d99d	8192	8	F	population.ingress.human-mystic.04	generated.farm.739ff353ab353f0a5a095101.anchor	-90890	248027	-3568	-95394	246014	-3616	0	0	NO_PATH	0	0	data/stats/players/templates/StartingClass/HumanMystic.xml|data/spawns/TalkingIsland/TalkingIslandMonsters.xml
bridge.1929294ce61f8d8c4b4b73c9	component.e0efb8466cb69704c6f63b79	32768	2	F	population.route.dark-elf.a2	generated.farm.3bbbcdb43022c7bf23796fb4.anchor	25720	11288	-3720	15590	-17440	-3224	0	0	NO_PATH	0	0	data/stats/players/templates/StartingClass/DarkFighter.xml|data/stats/players/templates/StartingClass/DarkMystic.xml|data/spawns/DarkElfTerritory/DarkElfStarting.xml|data/spawns/Rune/PrimevalIsle.xml
bridge.194a234a224ab64fb7b26c8f	component.676d590e1ef5b84f1370c554	16384	1	R	generated.farm.def39836c97f08ea0cee9080.anchor	generated.farm.088e8bc59766f22991a08e5d.anchor	119877	-202135	-3456	130094	-209377	-3552	0	0	NO_PATH	0	0	data/spawns/DwarvenTerritory/DwarvenStarting.xml|data/spawns/DwarvenTerritory/DwarvenStarting.xml
bridge.19779ac4c58681f6d8e5f49d	component.87a65b1ce32b28202691c2c8	32768	4	F	population.ingress.orc.02	generated.farm.ac1e437a00c50adb5285e40a.anchor	-56686	-113470	-672	-44720	-86972	-8320	0	0	NO_PATH	0	0	data/stats/players/templates/StartingClass/OrcFighter.xml|data/stats/players/templates/StartingClass/OrcMystic.xml|data/spawns/Others/KrateisCube.xml
bridge.1995eb52d83810778a2738b3	component.b8a1ba9dfc02a229569e9998	32768	2	R	generated.farm.c246ebe1e9f6c73e829b2d38.anchor	population.route.dark-elf.a2	22054	-11514	-2720	25720	11288	-3720	0	0	NO_PATH	0	0	data/spawns/Rune/PrimevalIsle.xml|data/stats/players/templates/StartingClass/DarkFighter.xml|data/stats/players/templates/StartingClass/DarkMystic.xml|data/spawns/DarkElfTerritory/DarkElfStarting.xml
bridge.199be2899324fdd7238e95af	component.2c4a1d8ed5506d43bb6025d3	32768	6	R	generated.farm.f3fef88cab3be544b94bb305.anchor	generated.farm.768fa444a79123489bd7aa1d.anchor	165484	-207409	-3496	137660	-202383	-3664	0	0	NO_PATH	0	0	data/spawns/DwarvenTerritory/DwarvenStarting.xml|data/spawns/DwarvenTerritory/DwarvenStarting.xml
bridge.19aff539152ea1a1e85bb1da	component.6e3a57525358ac42a6fda077	32768	4	R	generated.farm.1a8d5255f1d68b98358f16fc.anchor	generated.farm.57a38f13450e54452b749339.anchor	70230	76786	-3696	52710	55450	-3320	0	0	NO_PATH	0	0	data/spawns/Oren/TimakOutpost.xml|data/spawns/ElvenTerritory/ElvenStarting.xml
bridge.19b0db49c1352f0d1899b7ea	component.41e35f446ee4f00762502fdb	32768	1	F	population.route.dark-elf.a3	generated.farm.d39331b999c56e6df46c579c.anchor	25304	13256	-3648	1740	22546	-3368	0	0	NO_PATH	0	0	data/stats/players/templates/StartingClass/DarkFighter.xml|data/stats/players/templates/StartingClass/DarkMystic.xml|data/spawns/DarkElfTerritory/DarkElfStarting.xml|data/spawns/DarkElfTerritory/DarkElfStarting.xml
bridge.19b9831f472a751085a1ca72	component.20a0c83d40a7bb22c26e0395	32768	2	R	generated.farm.f137dbbc3ac90f445b806c09.anchor	population.route.dark-elf.a1	25328	-15199	-2744	25992	11112	-3720	0	0	NO_PATH	0	0	data/spawns/Rune/PrimevalIsle.xml|data/stats/players/templates/StartingClass/DarkFighter.xml|data/stats/players/templates/StartingClass/DarkMystic.xml|data/spawns/DarkElfTerritory/DarkElfStarting.xml
bridge.19c33e7070899ec241e19a67	component.6649966768b82f83ad664d97	32768	4	R	generated.farm.39e870280a474549df7725fe.anchor	population.route.orc.a2	-21626	-116308	-2984	-52637	-113715	-80	0	0	NO_PATH	0	0	data/spawns/OrcTerritory/OrcStarting.xml|data/stats/players/templates/StartingClass/OrcFighter.xml|data/stats/players/templates/StartingClass/OrcMystic.xml|data/spawns/OrcTerritory/OrcStarting.xml
bridge.19d1b41c28a843d299677266	component.de636b0f82c1f5ec50237e13	32768	11	F	population.route.dwarf.a4	generated.farm.a39f58864657ce5b49b26ee3.anchor	113508	-174203	-608	116564	-195406	-3480	0	0	NO_PATH	0	0	data/stats/players/templates/StartingClass/DwarvenFighter.xml|data/spawns/DwarvenTerritory/DwarvenStarting.xml|data/spawns/DwarvenTerritory/DwarvenStarting.xml
bridge.19f6f3f7f8fec06db3a8ba75	component.cf7fc1a377a3ee4f1cd13c38	8192	9	F	population.route.dwarf.i06-w0	generated.farm.dcbfae7bd58c752ca4f1e7ca.anchor	108616	-174152	-408	108695	-173878	-400	0	0	VALID_PATH	369	4	data/stats/players/templates/StartingClass/DwarvenFighter.xml|data/spawns/DwarvenTerritory/DwarvenStarting.xml|data/spawns/Others/Gremlins.xml
bridge.19fc60b2512d1ea002915375	component.c8a8b60142ed368a7d7be480	32768	2	R	generated.farm.c2052fbe0b07e84a519406a1.anchor	population.ingress.dark-elf.03	23826	-18715	-2768	28377	10916	-4232	0	0	NO_PATH	0	0	data/spawns/Rune/PrimevalIsle.xml|data/stats/players/templates/StartingClass/DarkFighter.xml|data/stats/players/templates/StartingClass/DarkMystic.xml
bridge.1a158dddc57aa3a076079631	component.599cc09ce0c3374d4caf469f	32768	3	R	generated.farm.9d67dc7c4da9dc133ce33ff2.anchor	population.route.orc.a2	-52719	-80959	-8320	-52637	-113715	-80	0	0	NO_PATH	0	0	data/spawns/Others/KrateisCube.xml|data/stats/players/templates/StartingClass/OrcFighter.xml|data/stats/players/templates/StartingClass/OrcMystic.xml|data/spawns/OrcTerritory/OrcStarting.xml
bridge.1a5cb9ec3ed4ddc70ecb9416	component.0d29dfe1c9a010ee2b1a7342	16384	3	F	population.route.dwarf.a4	generated.farm.9d23ec2f77c7c345967951bb.anchor	113508	-174203	-608	119412	-188362	-3240	0	0	NO_PATH	0	0	data/stats/players/templates/StartingClass/DwarvenFighter.xml|data/spawns/DwarvenTerritory/DwarvenStarting.xml|data/spawns/DwarvenTerritory/DwarvenStarting.xml
bridge.1a7daabd5bd61e2d7be30eb4	component.7e4161a95ce7d75a795e5571	8192	8	F	population.ingress.elf.04	generated.farm.7451e61fe8e94f49afb1f9e2.anchor	46115	41141	-3504	39050	41882	-3592	0	0	NO_PATH	0	0	data/stats/players/templates/StartingClass/ElvenFighter.xml|data/stats/players/templates/StartingClass/ElvenMystic.xml|data/spawns/ElvenTerritory/ElvenStarting.xml
bridge.1a9a3ac0e8ba51141033b372	component.d5d468daa4bebd1a4eb327d6	32768	3	R	generated.farm.b8e223341be05b45a19768c2.anchor	population.route.dark-elf.a2	5975	-9197	-3696	25720	11288	-3720	0	0	NO_PATH	0	0	data/spawns/Rune/PrimevalIsle.xml|data/stats/players/templates/StartingClass/DarkFighter.xml|data/stats/players/templates/StartingClass/DarkMystic.xml|data/spawns/DarkElfTerritory/DarkElfStarting.xml
bridge.1aa9d7d284e048142e12170e	component.ac8aaf293b35ddbae57a8843	8192	1	R	generated.farm.0c00c3760a3ec18fa034d798.anchor	generated.farm.58356b4e9844a379fecfbaf6.anchor	38303	39146	-3576	42118	41401	-3488	0	0	NO_PATH	0	0	data/spawns/ElvenTerritory/ElvenStarting.xml|data/spawns/ElvenTerritory/ElvenStarting.xml
bridge.1ac04a6c5bdc351cd5f83202	component.676d590e1ef5b84f1370c554	16384	9	R	generated.farm.272004e5a17cd0446730abe2.anchor	generated.farm.8417f5d804225e6423448125.anchor	118008	-201492	-3624	132017	-208635	-3592	0	0	NO_PATH	0	0	data/spawns/DwarvenTerritory/DwarvenStarting.xml|data/spawns/DwarvenTerritory/DwarvenStarting.xml
bridge.1af3b4877493d9bb602cfeaa	component.48e6e689d4d766cfd82dc2e2	16384	9	F	population.farming.elf.20534	generated.farm.5ee423a52e35fbb905b7ecb0.anchor	44126	42751	-3488	54714	51620	-3592	0	0	NO_PATH	0	0	data/spawns/ElvenTerritory/ElvenStarting.xml|data/spawns/ElvenTerritory/ElvenStarting.xml
bridge.1af92ca2cc795c283090b0fe	component.2a49f4f35c9ebde77d8043ac	16384	3	R	generated.farm.5b2f7b39b431b1d31c0f938a.anchor	generated.farm.40c5f8858df37983d677ac58.anchor	146706	-212410	-3592	136935	-202962	-3632	0	0	NO_PATH	0	0	data/spawns/DwarvenTerritory/DwarvenStarting.xml|data/spawns/DwarvenTerritory/DwarvenStarting.xml
bridge.1b11f1fced17e16eb57c2bc9	component.87a65b1ce32b28202691c2c8	32768	1	R	generated.farm.ac1e437a00c50adb5285e40a.anchor	population.route.orc.a3	-44720	-86972	-8320	-50845	-113715	-168	0	0	NO_PATH	0	0	data/spawns/Others/KrateisCube.xml|data/stats/players/templates/StartingClass/OrcFighter.xml|data/stats/players/templates/StartingClass/OrcMystic.xml|data/spawns/OrcTerritory/OrcStarting.xml
bridge.1b633572296c81cd913c3b3f	component.de636b0f82c1f5ec50237e13	32768	13	R	generated.farm.a39f58864657ce5b49b26ee3.anchor	generated.farm.40c5f8858df37983d677ac58.anchor	116564	-195406	-3480	136935	-202962	-3632	0	0	NO_PATH	0	0	data/spawns/DwarvenTerritory/DwarvenStarting.xml|data/spawns/DwarvenTerritory/DwarvenStarting.xml
bridge.1b6c8340d6202f16470a1865	component.093885e4dafbe6ffb61aca3e	16384	11	R	generated.farm.f738e4c5c0d04e971986b2ee.anchor	population.ingress.elf.05	52427	26652	-5152	46048	41141	-3504	0	0	NO_PATH	0	0	data/spawns/Oren/SeaOfSpores.xml|data/stats/players/templates/StartingClass/ElvenFighter.xml|data/stats/players/templates/StartingClass/ElvenMystic.xml
bridge.1b80745323979ff78e8ae32f	component.c005299f6bcae5c6d8af8bb7	32768	1	R	generated.farm.7a05c033eabc7172e800caf4.anchor	population.route.dark-elf.a1	14176	-18036	-3120	25992	11112	-3720	0	0	NO_PATH	0	0	data/spawns/Rune/PrimevalIsle.xml|data/stats/players/templates/StartingClass/DarkFighter.xml|data/stats/players/templates/StartingClass/DarkMystic.xml|data/spawns/DarkElfTerritory/DarkElfStarting.xml
bridge.1bb979ff254666be4198350c	component.ac8aaf293b35ddbae57a8843	8192	9	R	generated.farm.1a1d5ca5583b453d5a406cfa.anchor	population.ingress.elf.05	39605	36319	-3600	46048	41141	-3504	0	0	NO_PATH	0	0	data/spawns/ElvenTerritory/ElvenStarting.xml|data/stats/players/templates/StartingClass/ElvenFighter.xml|data/stats/players/templates/StartingClass/ElvenMystic.xml
bridge.1bbc5819195f00ae3643f215	component.a2230627cce424b0593fedc6	32768	3	R	generated.farm.08a347f7f13696479813918f.anchor	population.ingress.dark-elf.03	15644	-8311	-3248	28377	10916	-4232	0	0	NO_PATH	0	0	data/spawns/Rune/PrimevalIsle.xml|data/stats/players/templates/StartingClass/DarkFighter.xml|data/stats/players/templates/StartingClass/DarkMystic.xml
bridge.1c10e722f6f8576ea7255e73	component.7e4161a95ce7d75a795e5571	8192	6	R	generated.farm.7451e61fe8e94f49afb1f9e2.anchor	generated.farm.428b85922009e44829ae2db0.anchor	39050	41882	-3592	46131	41458	-3504	0	0	VALID_DIRECT	7095	1	data/spawns/ElvenTerritory/ElvenStarting.xml|data/spawns/Others/Gremlins.xml
bridge.1c1bf91725845f6dae87d3b1	component.d4239fbe60250487003bb4fd	32768	5	R	generated.farm.c4067c834f12b99e976909a2.anchor	population.ingress.elf.01	26607	63533	-3552	46045	41251	-3504	0	0	VALID_DIRECT	29569	1	data/spawns/ElvenTerritory/ElvenStarting.xml|data/stats/players/templates/StartingClass/ElvenFighter.xml|data/stats/players/templates/StartingClass/ElvenMystic.xml
bridge.1c449f1fca6d86fcb39b4929	component.91a9f940fd17192b7296dafb	32768	15	R	generated.farm.2b9973b84571ebc7de64f76c.anchor	population.ingress.dark-elf.04	19794	-10621	-2848	28456	10997	-4232	0	0	NO_PATH	0	0	data/spawns/Rune/PrimevalIsle.xml|data/stats/players/templates/StartingClass/DarkFighter.xml|data/stats/players/templates/StartingClass/DarkMystic.xml
bridge.1c5b66a481f9c50a4428d672	component.de636b0f82c1f5ec50237e13	32768	6	R	generated.farm.c726e41f56667ee82aa4fd6f.anchor	generated.farm.40c5f8858df37983d677ac58.anchor	118561	-195056	-3552	136935	-202962	-3632	0	0	NO_PATH	0	0	data/spawns/DwarvenTerritory/DwarvenStarting.xml|data/spawns/DwarvenTerritory/DwarvenStarting.xml
bridge.1c93b068e42d78a54d31dc88	component.635e8cdeb1b598aac805b64c	32768	15	R	generated.farm.6a1b028f65325f1df40b9a9c.anchor	population.route.human-mystic.b1	-105224	224600	-3640	-90072	248328	-3568	0	0	NO_PATH	0	0	data/spawns/TalkingIsland/TalkingIslandMonsters.xml|data/stats/players/templates/StartingClass/HumanMystic.xml|data/spawns/TalkingIsland/TalkingIslandMonsters.xml
bridge.1ce8c957f7dd1e713dc46109	component.de636b0f82c1f5ec50237e13	32768	3	F	generated.farm.1e2d5a3becf8fd2f9e656d54.anchor	generated.farm.c726e41f56667ee82aa4fd6f.anchor	128484	-211404	-3408	118561	-195056	-3552	0	0	NO_PATH	0	0	data/spawns/DwarvenTerritory/DwarvenStarting.xml|data/spawns/DwarvenTerritory/DwarvenStarting.xml
bridge.1d005f907afd002c11058092	component.6b63e9a22c52715dd6894332	8192	4	R	generated.farm.68243117d5885fe09a0b57bc.anchor	population.ingress.elf.06	43767	37445	-3512	45978	41196	-3504	0	0	NO_PATH	0	0	data/spawns/ElvenTerritory/ElvenStarting.xml|data/stats/players/templates/StartingClass/ElvenFighter.xml|data/stats/players/templates/StartingClass/ElvenMystic.xml
bridge.1d12fe2d66ba7b6162e19c63	component.4562799c5dc584243d56e35b	32768	9	F	population.ingress.orc.05	generated.farm.bff7beafbd229e70fb09ec46.anchor	-56743	-113757	-672	-52728	-86971	-8320	0	0	NO_PATH	0	0	data/stats/players/templates/StartingClass/OrcFighter.xml|data/stats/players/templates/StartingClass/OrcMystic.xml|data/spawns/Others/KrateisCube.xml
bridge.1d37b81394e094eb4e9451ff	component.e0efb8466cb69704c6f63b79	32768	9	R	generated.farm.3bbbcdb43022c7bf23796fb4.anchor	population.ingress.dark-elf.06	15590	-17440	-3224	28395	11127	-4232	0	0	NO_PATH	0	0	data/spawns/Rune/PrimevalIsle.xml|data/stats/players/templates/StartingClass/DarkFighter.xml|data/stats/players/templates/StartingClass/DarkMystic.xml
bridge.1d61d0481760702f1c4a24c9	component.d4239fbe60250487003bb4fd	32768	7	R	generated.farm.c4067c834f12b99e976909a2.anchor	population.ingress.elf.05	26607	63533	-3552	46048	41141	-3504	0	0	NO_PATH	0	0	data/spawns/ElvenTerritory/ElvenStarting.xml|data/stats/players/templates/StartingClass/ElvenFighter.xml|data/stats/players/templates/StartingClass/ElvenMystic.xml
bridge.1d86fa52c9d332492fbb0d4f	component.48e6e689d4d766cfd82dc2e2	16384	1	F	generated.farm.d6f82637bd6fae44cd109781.anchor	generated.farm.5ee423a52e35fbb905b7ecb0.anchor	48366	42521	-3472	54714	51620	-3592	0	0	VALID_DIRECT	11096	1	data/spawns/ElvenTerritory/ElvenStarting.xml|data/spawns/ElvenTerritory/ElvenStarting.xml
bridge.1de2b7fea4f9a21ad68d238d	component.f0870ecd40f136c705bc5941	32768	1	F	population.route.orc.a3	generated.farm.ef0394b1715ca0d66c082465.anchor	-50845	-113715	-168	-44717	-84969	-8320	0	0	NO_PATH	0	0	data/stats/players/templates/StartingClass/OrcFighter.xml|data/stats/players/templates/StartingClass/OrcMystic.xml|data/spawns/OrcTerritory/OrcStarting.xml|data/spawns/Others/KrateisCube.xml
bridge.1e0f15277a53738674ce7c19	component.79ad21df45b89fa5bb86a4fd	32768	2	F	population.farming.elf.20534	generated.farm.5dc8ced237dc324aa37b6530.anchor	44126	42751	-3488	51605	70249	-3408	0	0	NO_PATH	0	0	data/spawns/ElvenTerritory/ElvenStarting.xml|data/spawns/ElvenTerritory/ElvenStarting.xml
bridge.1e23dacce0ab613f2dc1af5e	component.9e6d3547bb369a54417d2a8e	32768	4	F	population.route.orc.a3	generated.farm.8eacaac16a08449c5372ffbc.anchor	-50845	-113715	-168	-52719	-82961	-8320	0	0	NO_PATH	0	0	data/stats/players/templates/StartingClass/OrcFighter.xml|data/stats/players/templates/StartingClass/OrcMystic.xml|data/spawns/OrcTerritory/OrcStarting.xml|data/spawns/Others/KrateisCube.xml
bridge.1e2e63513d505ccf6735e692	component.20a0c83d40a7bb22c26e0395	32768	14	R	generated.farm.faefa58426223647157f9577.anchor	population.ingress.dark-elf.05	27020	-15861	-2648	28461	11044	-4232	0	0	NO_PATH	0	0	data/spawns/Rune/PrimevalIsle.xml|data/stats/players/templates/StartingClass/DarkFighter.xml|data/stats/players/templates/StartingClass/DarkMystic.xml
bridge.1e5a14999fd6d635890d0379	component.d5d468daa4bebd1a4eb327d6	32768	2	F	population.route.dark-elf.a1	generated.farm.08eced60f60a66b7fc7027b7.anchor	25992	11112	-3720	6712	-9399	-3680	0	0	NO_PATH	0	0	data/stats/players/templates/StartingClass/DarkFighter.xml|data/stats/players/templates/StartingClass/DarkMystic.xml|data/spawns/DarkElfTerritory/DarkElfStarting.xml|data/spawns/Rune/PrimevalIsle.xml
bridge.1e84ed575edb700a2a4f990c	component.17d39984ff40b347b4bbe819	8192	10	F	generated.farm.475038779aaee6a2e82aa06b.anchor	generated.farm.013f818c1372afc740e3cbc2.anchor	175552	-186630	-1280	174089	-194394	-3464	0	0	NO_PATH	0	0	data/spawns/DwarvenTerritory/DwarvenStarting.xml|data/spawns/DwarvenTerritory/DwarvenStarting.xml
bridge.1ed0b1cddaa949e205595bb0	component.16897e3b9846dd267a30bfc1	32768	13	R	generated.farm.08f4fb3b22c13f96f311c779.anchor	population.ingress.dark-elf.03	20813	-14323	-3040	28377	10916	-4232	0	0	NO_PATH	0	0	data/spawns/Rune/PrimevalIsle.xml|data/stats/players/templates/StartingClass/DarkFighter.xml|data/stats/players/templates/StartingClass/DarkMystic.xml
bridge.1ee6f21561ac4a9b3259b526	component.17d39984ff40b347b4bbe819	8192	6	F	generated.farm.77743197e238ebb0e1e3eac2.anchor	generated.farm.c9e89f5704213c9f66eb9b98.anchor	175207	-189475	-2304	168800	-191413	-2792	0	0	NO_PATH	0	0	data/spawns/DwarvenTerritory/DwarvenStarting.xml|data/spawns/DwarvenTerritory/DwarvenStarting.xml
bridge.1f02c7dee5e3511b95d37e61	component.73d0c59f5bdd9014627ebe4f	32768	1	F	generated.farm.58356b4e9844a379fecfbaf6.anchor	elven.farming.oren04-2019-07s	42118	41401	-3488	19248	43340	-3712	0	0	NO_PATH	0	0	data/spawns/ElvenTerritory/ElvenStarting.xml|data/spawns/ElvenTerritory/ElvenStarting.xml
bridge.1f07f17cadf8f2bf0b160c45	component.0075e5d7b40ef037d898ed1f	32768	7	F	population.route.orc.a2	generated.farm.af6a6553f7f39fcbe2980198.anchor	-52637	-113715	-80	-21358	-105037	-1856	0	0	NO_PATH	0	0	data/stats/players/templates/StartingClass/OrcFighter.xml|data/stats/players/templates/StartingClass/OrcMystic.xml|data/spawns/OrcTerritory/OrcStarting.xml|data/spawns/OrcTerritory/OrcStarting.xml
bridge.1f12ac81ba3c95bd40cea99a	component.7b0a8695c70b29d38ea2d7b7	32768	7	R	generated.farm.bf71e830d9839ea5032228a3.anchor	population.ingress.orc.03	-48725	-86968	-8320	-56728	-113610	-672	0	0	NO_PATH	0	0	data/spawns/Others/KrateisCube.xml|data/stats/players/templates/StartingClass/OrcFighter.xml|data/stats/players/templates/StartingClass/OrcMystic.xml
bridge.1f2f4d4dfca254204c1b64d1	component.ac8aaf293b35ddbae57a8843	8192	11	F	population.ingress.elf.02	generated.farm.0c00c3760a3ec18fa034d798.anchor	46117	41247	-3504	38303	39146	-3576	0	0	NO_PATH	0	0	data/stats/players/templates/StartingClass/ElvenFighter.xml|data/stats/players/templates/StartingClass/ElvenMystic.xml|data/spawns/ElvenTerritory/ElvenStarting.xml
bridge.1f3f418dbc3055f61db4047c	component.d4f263a6130862446fcab68a	16384	11	R	generated.farm.f9312932904adae788963399.anchor	population.ingress.dwarf.06	108605	-160621	-1688	108576	-174122	-408	0	0	NO_PATH	0	0	data/spawns/Others/PlunderousPlains.xml|data/stats/players/templates/StartingClass/DwarvenFighter.xml
bridge.1f59123849dd1f514e2970fe	component.e0efb8466cb69704c6f63b79	32768	5	R	generated.farm.3bbbcdb43022c7bf23796fb4.anchor	population.ingress.dark-elf.01	15590	-17440	-3224	28295	11063	-4232	0	0	NO_PATH	0	0	data/spawns/Rune/PrimevalIsle.xml|data/stats/players/templates/StartingClass/DarkFighter.xml|data/stats/players/templates/StartingClass/DarkMystic.xml
bridge.1f91cabac3fdc9f6abf8e93e	component.81e20220e9ebdfeacef509c3	16384	1	R	generated.farm.848f0d14f7a08b2ce9067798.anchor	population.farming.orc.20535	-39240	-120828	-1704	-49106	-115854	-160	0	0	NO_PATH	0	0	data/spawns/OrcTerritory/OrcStarting.xml|data/spawns/OrcTerritory/OrcStarting.xml
bridge.1fb856b7c31db0c988e66f0e	component.e155a1307403cc14572bd687	32768	14	R	generated.farm.420ed35f1a9a3f532e2d6045.anchor	population.farming.dwarf.20533	101973	-149349	-3128	114966	-172886	-672	0	0	NO_PATH	0	0	data/spawns/Others/PlunderousPlains.xml|data/spawns/DwarvenTerritory/DwarvenStarting.xml
bridge.1fd43e92bb12695706422353	component.1331db1a6d957945bfb43b8d	8192	16	F	generated.farm.d6f82637bd6fae44cd109781.anchor	generated.farm.315ead3894472d3a362b4277.anchor	48366	42521	-3472	52862	41153	-3488	0	0	VALID_DIRECT	4700	1	data/spawns/ElvenTerritory/ElvenStarting.xml|data/spawns/ElvenTerritory/ElvenStarting.xml
bridge.1fe4ac2764a0188400ab4ac5	component.6e3a57525358ac42a6fda077	32768	2	R	generated.farm.1a8d5255f1d68b98358f16fc.anchor	generated.farm.946a41fbbc63614320c02954.anchor	70230	76786	-3696	53398	63278	-3480	0	0	NO_PATH	0	0	data/spawns/Oren/TimakOutpost.xml|data/spawns/ElvenTerritory/ElvenStarting.xml
bridge.1fe7add73ddb49e0562c9db1	component.093885e4dafbe6ffb61aca3e	16384	8	F	generated.farm.428b85922009e44829ae2db0.anchor	generated.farm.21c8e0a71fc1a30fb94fd849.anchor	46131	41458	-3504	57402	30692	-3768	0	0	NO_PATH	0	0	data/spawns/Others/Gremlins.xml|data/spawns/Oren/SeaOfSpores.xml
bridge.20057a911f62bb83e3edbe9c	component.a15eac19b29dbd838fc4cf11	32768	6	R	generated.farm.a4122c4a8bed91d0e6a70bc3.anchor	population.ingress.dwarf.02	107302	-145184	-3656	108678	-174002	-408	0	0	NO_PATH	0	0	data/spawns/Others/PlunderousPlains.xml|data/stats/players/templates/StartingClass/DwarvenFighter.xml
bridge.20204df9f0f193e36846fec8	component.a2230627cce424b0593fedc6	32768	8	R	generated.farm.08a347f7f13696479813918f.anchor	population.ingress.dark-elf.04	15644	-8311	-3248	28456	10997	-4232	0	0	NO_PATH	0	0	data/spawns/Rune/PrimevalIsle.xml|data/stats/players/templates/StartingClass/DarkFighter.xml|data/stats/players/templates/StartingClass/DarkMystic.xml
bridge.2052fb9e97f2235c4a1447c7	component.63defb22486d49c052a69667	32768	12	F	generated.farm.428b85922009e44829ae2db0.anchor	generated.farm.0a9b6aeb870068f470d93c4b.anchor	46131	41458	-3504	55857	63041	-3472	0	0	NO_PATH	0	0	data/spawns/Others/Gremlins.xml|data/spawns/ElvenTerritory/ElvenStarting.xml
bridge.208d0c1ff73de2f88774a5da	component.6cb9bd2a57139e6f69dd23f1	32768	4	R	generated.farm.b4beace3b35fcf43f7ac6d15.anchor	population.ingress.orc.02	-46718	-86971	-8320	-56686	-113470	-672	0	0	NO_PATH	0	0	data/spawns/Others/KrateisCube.xml|data/stats/players/templates/StartingClass/OrcFighter.xml|data/stats/players/templates/StartingClass/OrcMystic.xml
bridge.20956c1db62c64a62f359e5d	component.40dbfe62843fbb4b5737b50d	32768	8	F	population.ingress.elf.05	generated.farm.180cbb100c457687c431e3bd.anchor	46048	41141	-3504	24749	41076	-3696	0	0	NO_PATH	0	0	data/stats/players/templates/StartingClass/ElvenFighter.xml|data/stats/players/templates/StartingClass/ElvenMystic.xml|data/spawns/ElvenTerritory/ElvenStarting.xml
bridge.20a5c990db4a02d179379ab6	component.c8a8b60142ed368a7d7be480	32768	10	F	population.route.dark-elf.a1	generated.farm.64e1872735f98ad838918703.anchor	25992	11112	-3720	23186	-20161	-2704	0	0	NO_PATH	0	0	data/stats/players/templates/StartingClass/DarkFighter.xml|data/stats/players/templates/StartingClass/DarkMystic.xml|data/spawns/DarkElfTerritory/DarkElfStarting.xml|data/spawns/Rune/PrimevalIsle.xml
bridge.20dc03b94217f9824ce2d37f	component.cf7fc1a377a3ee4f1cd13c38	8192	14	R	generated.farm.dcbfae7bd58c752ca4f1e7ca.anchor	population.route.dwarf.a4	108695	-173878	-400	113508	-174203	-608	0	0	NO_PATH	0	0	data/spawns/Others/Gremlins.xml|data/stats/players/templates/StartingClass/DwarvenFighter.xml|data/spawns/DwarvenTerritory/DwarvenStarting.xml
bridge.212de93099d5e1679b020f4c	component.df33433dc147309d6dc09abc	32768	8	F	population.ingress.orc.06	generated.farm.9bd77ed2d0a9c062814dc873.anchor	-56682	-113730	-672	-46721	-82961	-8320	0	0	NO_PATH	0	0	data/stats/players/templates/StartingClass/OrcFighter.xml|data/stats/players/templates/StartingClass/OrcMystic.xml|data/spawns/Others/KrateisCube.xml
bridge.21320dfd4f75bfdd66fada43	component.18bacfc235ddd517347d8830	32768	1	F	population.farming.dwarf.20533	generated.farm.6cc54f41492a8ebff56a5815.anchor	114966	-172886	-672	119130	-144099	-3016	0	0	NO_PATH	0	0	data/spawns/DwarvenTerritory/DwarvenStarting.xml|data/spawns/Others/PlunderousPlains.xml
bridge.21361869b4c859b4f7f59b22	component.fa8902bdab910bb205f46118	16384	11	F	population.route.dwarf.a3	generated.farm.e20a44e2413cc5ec51f0b15c.anchor	112996	-173691	-608	119549	-161828	-1296	0	0	NO_PATH	0	0	data/stats/players/templates/StartingClass/DwarvenFighter.xml|data/spawns/DwarvenTerritory/DwarvenStarting.xml|data/spawns/Others/PlunderousPlains.xml
bridge.21684818c8f231578887685b	component.b7883cab062e250a4845bacc	32768	1	R	generated.farm.458673ead1d6f5e03c0230db.anchor	population.route.orc.a3	-46721	-84975	-8320	-50845	-113715	-168	0	0	NO_PATH	0	0	data/spawns/Others/KrateisCube.xml|data/stats/players/templates/StartingClass/OrcFighter.xml|data/stats/players/templates/StartingClass/OrcMystic.xml|data/spawns/OrcTerritory/OrcStarting.xml
bridge.2177880467b2c610081097ea	component.16897e3b9846dd267a30bfc1	32768	2	R	generated.farm.08f4fb3b22c13f96f311c779.anchor	population.route.dark-elf.a1	20813	-14323	-3040	25992	11112	-3720	0	0	NO_PATH	0	0	data/spawns/Rune/PrimevalIsle.xml|data/stats/players/templates/StartingClass/DarkFighter.xml|data/stats/players/templates/StartingClass/DarkMystic.xml|data/spawns/DarkElfTerritory/DarkElfStarting.xml
bridge.217d54a6f47e7ad71ff0824f	component.10e204556f859c1b294aeca4	32768	13	R	generated.farm.c4c86a1c1e9423c05d843bc9.anchor	generated.farm.1e2d5a3becf8fd2f9e656d54.anchor	160145	-219344	-3528	128484	-211404	-3408	0	0	NO_PATH	0	0	data/spawns/DwarvenTerritory/DwarvenStarting.xml|data/spawns/DwarvenTerritory/DwarvenStarting.xml
bridge.21a84f17b6d0af6087c74652	component.87a65b1ce32b28202691c2c8	32768	4	R	generated.farm.ac1e437a00c50adb5285e40a.anchor	population.ingress.orc.02	-44720	-86972	-8320	-56686	-113470	-672	0	0	NO_PATH	0	0	data/spawns/Others/KrateisCube.xml|data/stats/players/templates/StartingClass/OrcFighter.xml|data/stats/players/templates/StartingClass/OrcMystic.xml
bridge.21dffcf290a51700d2a42ef7	component.b0959173bd82d4b722b2be8c	32768	5	R	generated.farm.c64e3da0e4c050e99dd0e964.anchor	population.ingress.dark-elf.04	25484	-10847	-2480	28456	10997	-4232	0	0	NO_PATH	0	0	data/spawns/Rune/PrimevalIsle.xml|data/stats/players/templates/StartingClass/DarkFighter.xml|data/stats/players/templates/StartingClass/DarkMystic.xml
bridge.21e1e9dec3c82cef9d6fb34e	component.c8a8b60142ed368a7d7be480	32768	9	F	population.ingress.dark-elf.06	generated.farm.c2052fbe0b07e84a519406a1.anchor	28395	11127	-4232	23826	-18715	-2768	0	0	NO_PATH	0	0	data/stats/players/templates/StartingClass/DarkFighter.xml|data/stats/players/templates/StartingClass/DarkMystic.xml|data/spawns/Rune/PrimevalIsle.xml
bridge.21f68a4c931492375df996d6	component.73f096cfc3045644558d7b95	16384	4	F	population.route.orc.a4	generated.farm.32584ca994d21c1731c3d66e.anchor	-50077	-115763	-160	-39537	-105269	-2704	0	0	NO_PATH	0	0	data/stats/players/templates/StartingClass/OrcFighter.xml|data/stats/players/templates/StartingClass/OrcMystic.xml|data/spawns/OrcTerritory/OrcStarting.xml|data/spawns/OrcTerritory/OrcStarting.xml
bridge.21f76349c83bf736337ee640	component.afb4654f40fcb37d4c7adb45	32768	2	F	generated.farm.a0a916d344116254f0d4e3f5.anchor	elven.farming.oren04-2019-16s	31295	61887	-3544	9736	49578	-3664	0	0	NO_PATH	0	0	data/spawns/ElvenTerritory/ElvenStarting.xml|data/spawns/ElvenTerritory/ElvenStarting.xml
bridge.220be2f28bd820ce3588c2f1	component.40dbfe62843fbb4b5737b50d	32768	9	F	population.ingress.elf.04	generated.farm.180cbb100c457687c431e3bd.anchor	46115	41141	-3504	24749	41076	-3696	0	0	NO_PATH	0	0	data/stats/players/templates/StartingClass/ElvenFighter.xml|data/stats/players/templates/StartingClass/ElvenMystic.xml|data/spawns/ElvenTerritory/ElvenStarting.xml
bridge.2213b53f4fcc059ae4938aa3	component.f5ec43735be4685d0f522b55	32768	2	F	population.route.orc.a2	generated.farm.c7902e29cb3795a4ce8dcf2c.anchor	-52637	-113715	-80	-50720	-86977	-8320	0	0	NO_PATH	0	0	data/stats/players/templates/StartingClass/OrcFighter.xml|data/stats/players/templates/StartingClass/OrcMystic.xml|data/spawns/OrcTerritory/OrcStarting.xml|data/spawns/Others/KrateisCube.xml
bridge.221ae2a503af2990807212b6	component.e9ea386cf0bd55a495081c3d	32768	4	R	elven.farming.oren04-2019-08s	population.ingress.elf.01	17170	46114	-3568	46045	41251	-3504	0	0	NO_PATH	0	0	data/spawns/ElvenTerritory/ElvenStarting.xml|data/stats/players/templates/StartingClass/ElvenFighter.xml|data/stats/players/templates/StartingClass/ElvenMystic.xml
bridge.221f9a8d93fbf1429fe01b8a	component.4562799c5dc584243d56e35b	32768	4	F	population.route.orc.a3	generated.farm.bff7beafbd229e70fb09ec46.anchor	-50845	-113715	-168	-52728	-86971	-8320	0	0	NO_PATH	0	0	data/stats/players/templates/StartingClass/OrcFighter.xml|data/stats/players/templates/StartingClass/OrcMystic.xml|data/spawns/OrcTerritory/OrcStarting.xml|data/spawns/Others/KrateisCube.xml
bridge.223144ebe885f3e600e1c6c1	component.b8a1ba9dfc02a229569e9998	32768	1	R	generated.farm.c246ebe1e9f6c73e829b2d38.anchor	population.route.dark-elf.a1	22054	-11514	-2720	25992	11112	-3720	0	0	NO_PATH	0	0	data/spawns/Rune/PrimevalIsle.xml|data/stats/players/templates/StartingClass/DarkFighter.xml|data/stats/players/templates/StartingClass/DarkMystic.xml|data/spawns/DarkElfTerritory/DarkElfStarting.xml
bridge.2294c5a34192e05504556c2d	component.a99c371149bc249af615a5c3	32768	4	R	generated.farm.ab5e8f2e7966e479ea160401.anchor	population.route.orc.a2	-22483	-124604	-2656	-52637	-113715	-80	0	0	NO_PATH	0	0	data/spawns/OrcTerritory/OrcStarting.xml|data/stats/players/templates/StartingClass/OrcFighter.xml|data/stats/players/templates/StartingClass/OrcMystic.xml|data/spawns/OrcTerritory/OrcStarting.xml
bridge.22aa2dfb0793b46651047120	component.7ac05038c3bef737cc075e57	32768	2	F	generated.farm.c4067c834f12b99e976909a2.anchor	generated.farm.bb702948232c55cac9ca51ca.anchor	26607	63533	-3552	4864	77212	-3616	0	0	NO_PATH	0	0	data/spawns/ElvenTerritory/ElvenStarting.xml|data/spawns/ElvenTerritory/ElvenStarting.xml
bridge.22cba056f2d7cdfe88cd0347	component.475c48156e62e7e47cb30765	32768	2	R	generated.farm.bd35d5fb02b6c1c76b448822.anchor	population.route.orc.a2	-48720	-82958	-8320	-52637	-113715	-80	0	0	NO_PATH	0	0	data/spawns/Others/KrateisCube.xml|data/stats/players/templates/StartingClass/OrcFighter.xml|data/stats/players/templates/StartingClass/OrcMystic.xml|data/spawns/OrcTerritory/OrcStarting.xml
bridge.232dfa0e4a41d3b206bca7e4	component.40dbfe62843fbb4b5737b50d	32768	14	F	population.ingress.elf.05	generated.farm.b39b5ebcb618d85608e8a97d.anchor	46048	41141	-3504	24053	37496	-3672	0	0	NO_PATH	0	0	data/stats/players/templates/StartingClass/ElvenFighter.xml|data/stats/players/templates/StartingClass/ElvenMystic.xml|data/spawns/ElvenTerritory/ElvenStarting.xml
bridge.238a1a9269abc4cd68901d41	component.91a9f940fd17192b7296dafb	32768	10	F	population.route.dark-elf.a1	generated.farm.2b9973b84571ebc7de64f76c.anchor	25992	11112	-3720	19794	-10621	-2848	0	0	NO_PATH	0	0	data/stats/players/templates/StartingClass/DarkFighter.xml|data/stats/players/templates/StartingClass/DarkMystic.xml|data/spawns/DarkElfTerritory/DarkElfStarting.xml|data/spawns/Rune/PrimevalIsle.xml
bridge.23a337912f92c51afff8f859	component.10e204556f859c1b294aeca4	32768	7	F	generated.farm.40c5f8858df37983d677ac58.anchor	generated.farm.c4c86a1c1e9423c05d843bc9.anchor	136935	-202962	-3632	160145	-219344	-3528	0	0	NO_PATH	0	0	data/spawns/DwarvenTerritory/DwarvenStarting.xml|data/spawns/DwarvenTerritory/DwarvenStarting.xml
bridge.23babac8ceefd483503302f5	component.8958c8d9edf88034579b430b	32768	5	R	generated.farm.74d4cc08c4a95e70092d77ee.anchor	generated.farm.36714f071123eedc9cac6c05.anchor	24538	-17756	-2752	28436	11041	-4232	0	0	NO_PATH	0	0	data/spawns/Rune/PrimevalIsle.xml|data/spawns/Others/Gremlins.xml
bridge.23dc44eb39ee51164417e296	component.093885e4dafbe6ffb61aca3e	16384	3	F	population.ingress.elf.04	generated.farm.21c8e0a71fc1a30fb94fd849.anchor	46115	41141	-3504	57402	30692	-3768	0	0	NO_PATH	0	0	data/stats/players/templates/StartingClass/ElvenFighter.xml|data/stats/players/templates/StartingClass/ElvenMystic.xml|data/spawns/Oren/SeaOfSpores.xml
bridge.241ce5e4b8af2a1b7ad8e220	component.46078c3265041fc30a5d4a44	16384	9	F	population.ingress.elf.03	generated.farm.c966cf46f4c8074e4ddbc1d1.anchor	46182	41198	-3504	35728	46771	-3688	0	0	NO_PATH	0	0	data/stats/players/templates/StartingClass/ElvenFighter.xml|data/stats/players/templates/StartingClass/ElvenMystic.xml|data/spawns/ElvenTerritory/ElvenStarting.xml
bridge.24454687fc59ba755fb05723	component.e155a1307403cc14572bd687	32768	5	F	population.route.dwarf.i03-w0	generated.farm.420ed35f1a9a3f532e2d6045.anchor	108552	-174024	-408	101973	-149349	-3128	0	0	NO_PATH	0	0	data/stats/players/templates/StartingClass/DwarvenFighter.xml|data/spawns/DwarvenTerritory/DwarvenStarting.xml|data/spawns/Others/PlunderousPlains.xml
bridge.2447023ddda9db0bc7cef150	component.20a0c83d40a7bb22c26e0395	32768	12	R	generated.farm.faefa58426223647157f9577.anchor	population.ingress.dark-elf.02	27020	-15861	-2648	28302	11008	-4232	0	0	NO_PATH	0	0	data/spawns/Rune/PrimevalIsle.xml|data/stats/players/templates/StartingClass/DarkFighter.xml|data/stats/players/templates/StartingClass/DarkMystic.xml
bridge.2485edb76e2118bbc24afd70	component.10e204556f859c1b294aeca4	32768	2	F	generated.farm.aa29c1792ab359df7ec6bdd3.anchor	generated.farm.c4c86a1c1e9423c05d843bc9.anchor	144241	-204346	-3128	160145	-219344	-3528	0	0	NO_PATH	0	0	data/spawns/DwarvenTerritory/DwarvenStarting.xml|data/spawns/DwarvenTerritory/DwarvenStarting.xml
bridge.24bd199503c04f8fe1f40d7b	component.18bacfc235ddd517347d8830	32768	14	F	population.ingress.dwarf.04	generated.farm.6cc54f41492a8ebff56a5815.anchor	108512	-174026	-408	119130	-144099	-3016	0	0	NO_PATH	0	0	data/stats/players/templates/StartingClass/DwarvenFighter.xml|data/spawns/Others/PlunderousPlains.xml
bridge.24c35123a7c9b20b9b155d24	component.f0870ecd40f136c705bc5941	32768	10	F	population.ingress.orc.05	generated.farm.ef0394b1715ca0d66c082465.anchor	-56743	-113757	-672	-44717	-84969	-8320	0	0	NO_PATH	0	0	data/stats/players/templates/StartingClass/OrcFighter.xml|data/stats/players/templates/StartingClass/OrcMystic.xml|data/spawns/Others/KrateisCube.xml
bridge.24f269b65f7eac41afeeeb8f	component.cf7fc1a377a3ee4f1cd13c38	8192	1	R	generated.farm.dcbfae7bd58c752ca4f1e7ca.anchor	population.route.dwarf.w1	108695	-173878	-400	108728	-173944	-408	0	0	VALID_PATH	78	2	data/spawns/Others/Gremlins.xml|data/stats/players/templates/StartingClass/DwarvenFighter.xml|data/spawns/DwarvenTerritory/DwarvenStarting.xml
bridge.25025c721f36afde1c1ef70d	component.73d0c59f5bdd9014627ebe4f	32768	9	F	population.ingress.elf.03	elven.farming.oren04-2019-07s	46182	41198	-3504	19248	43340	-3712	0	0	NO_PATH	0	0	data/stats/players/templates/StartingClass/ElvenFighter.xml|data/stats/players/templates/StartingClass/ElvenMystic.xml|data/spawns/ElvenTerritory/ElvenStarting.xml
bridge.2530052b8a7082d722e12b55	component.a99c371149bc249af615a5c3	32768	2	F	population.route.orc.a4	generated.farm.ab5e8f2e7966e479ea160401.anchor	-50077	-115763	-160	-22483	-124604	-2656	0	0	NO_PATH	0	0	data/stats/players/templates/StartingClass/OrcFighter.xml|data/stats/players/templates/StartingClass/OrcMystic.xml|data/spawns/OrcTerritory/OrcStarting.xml|data/spawns/OrcTerritory/OrcStarting.xml
bridge.25c3f6fd9bb8fa5ecefea2c3	component.d4f263a6130862446fcab68a	16384	12	R	generated.farm.f9312932904adae788963399.anchor	population.route.dwarf.i06-w0	108605	-160621	-1688	108616	-174152	-408	0	0	NO_PATH	0	0	data/spawns/Others/PlunderousPlains.xml|data/stats/players/templates/StartingClass/DwarvenFighter.xml|data/spawns/DwarvenTerritory/DwarvenStarting.xml
bridge.25e2af8060ca8ec36812ac01	component.4562799c5dc584243d56e35b	32768	5	F	population.route.orc.a1	generated.farm.bff7beafbd229e70fb09ec46.anchor	-54685	-113715	-520	-52728	-86971	-8320	0	0	NO_PATH	0	0	data/stats/players/templates/StartingClass/OrcFighter.xml|data/stats/players/templates/StartingClass/OrcMystic.xml|data/spawns/OrcTerritory/OrcStarting.xml|data/spawns/Others/KrateisCube.xml
bridge.25ed6f6f496ae009c7222fc9	component.d2768e1382c5c1b8ae3c6408	32768	16	F	generated.farm.ed8992f2edcbacf7c4f24608.anchor	generated.farm.c559aedb44e0cf87e1fb32c9.anchor	117968	-173208	-432	108605	-150431	-2328	0	0	NO_PATH	0	0	data/spawns/DwarvenTerritory/DwarvenStarting.xml|data/spawns/Others/PlunderousPlains.xml
bridge.25ff6950569601b8ac02c0d6	component.cdd71132d5f4e86baaa4d99d	8192	9	R	generated.farm.739ff353ab353f0a5a095101.anchor	population.ingress.human-mystic.01	-95394	246014	-3616	-90875	248162	-3568	0	0	NO_PATH	0	0	data/spawns/TalkingIsland/TalkingIslandMonsters.xml|data/stats/players/templates/StartingClass/HumanMystic.xml
bridge.2641282770399c41c7bb8591	component.5170fd1c3e2b6fe2f9af1ad8	8192	8	R	generated.farm.54772e1b8c2e8c258ff204b4.anchor	population.route.human-mystic.a2	-94346	250566	-3552	-89144	249976	-3568	0	0	NO_PATH	0	0	data/spawns/TalkingIsland/TalkingIslandMonsters.xml|data/stats/players/templates/StartingClass/HumanMystic.xml|data/spawns/TalkingIsland/TalkingIslandMonsters.xml
bridge.26447ab128896efba04daea3	component.01b441ae383a1b39494050f4	32768	6	R	generated.farm.9cf6fa1ef953b5b33ff9fe37.anchor	population.ingress.dark-elf.04	13666	-12273	-3024	28456	10997	-4232	0	0	NO_PATH	0	0	data/spawns/Rune/PrimevalIsle.xml|data/stats/players/templates/StartingClass/DarkFighter.xml|data/stats/players/templates/StartingClass/DarkMystic.xml
bridge.2649b2de298d38ca3f86352b	component.a15eac19b29dbd838fc4cf11	32768	13	F	population.route.dwarf.i06-w0	generated.farm.a4122c4a8bed91d0e6a70bc3.anchor	108616	-174152	-408	107302	-145184	-3656	0	0	NO_PATH	0	0	data/stats/players/templates/StartingClass/DwarvenFighter.xml|data/spawns/DwarvenTerritory/DwarvenStarting.xml|data/spawns/Others/PlunderousPlains.xml
bridge.26b288363cfb3407e9719302	component.58fa7816fe6f000be807e01c	8192	10	R	generated.farm.f66a8a0231b2d83dac29cc4d.anchor	population.ingress.dark-elf.06	24496	9206	-3584	28395	11127	-4232	0	0	NO_PATH	0	0	data/spawns/DarkElfTerritory/DarkElfStarting.xml|data/stats/players/templates/StartingClass/DarkFighter.xml|data/stats/players/templates/StartingClass/DarkMystic.xml
bridge.26c11dc2da9ef2acfc4f2f8b	component.635e8cdeb1b598aac805b64c	32768	2	R	talking-island.farming.gludio31-1624-11s	population.ingress.human-mystic.03	-103448	227187	-3672	-90918	248070	-3568	0	0	NO_PATH	0	0	data/spawns/TalkingIsland/TalkingIslandMonsters.xml|data/stats/players/templates/StartingClass/HumanMystic.xml
bridge.26f2107318f46b615b459d30	component.79ad21df45b89fa5bb86a4fd	32768	3	R	generated.farm.aa1716be4a17c0aa980acc7b.anchor	generated.farm.d6f82637bd6fae44cd109781.anchor	54583	71099	-3440	48366	42521	-3472	0	0	NO_PATH	0	0	data/spawns/ElvenTerritory/ElvenStarting.xml|data/spawns/ElvenTerritory/ElvenStarting.xml
bridge.270fbc465bb8ca1fb9345381	component.91a9f940fd17192b7296dafb	32768	2	R	generated.farm.c2fab2e4269c72a597f3b7a9.anchor	population.route.dark-elf.a2	19916	-9610	-2824	25720	11288	-3720	0	0	NO_PATH	0	0	data/spawns/Rune/PrimevalIsle.xml|data/stats/players/templates/StartingClass/DarkFighter.xml|data/stats/players/templates/StartingClass/DarkMystic.xml|data/spawns/DarkElfTerritory/DarkElfStarting.xml
bridge.272bfe00ae31d6ffec8d8f5a	component.ba083b6371fa0acdb077e91c	8192	7	F	population.route.orc.a1	generated.farm.eda8543a4ab4d30e028f9b97.anchor	-54685	-113715	-520	-56273	-113606	-672	0	0	VALID_DIRECT	1599	1	data/stats/players/templates/StartingClass/OrcFighter.xml|data/stats/players/templates/StartingClass/OrcMystic.xml|data/spawns/OrcTerritory/OrcStarting.xml|data/spawns/Others/Gremlins.xml
bridge.2757627f239bc2b11f89075f	component.10e204556f859c1b294aeca4	32768	5	R	generated.farm.01d45fe32598e8270dab20b2.anchor	generated.farm.8417f5d804225e6423448125.anchor	157239	-220265	-3600	132017	-208635	-3592	0	0	NO_PATH	0	0	data/spawns/DwarvenTerritory/DwarvenStarting.xml|data/spawns/DwarvenTerritory/DwarvenStarting.xml
bridge.275e804440a5f5ec16c0be61	component.676d590e1ef5b84f1370c554	16384	3	R	generated.farm.49da4e196c409e988af42131.anchor	generated.farm.088e8bc59766f22991a08e5d.anchor	120298	-200652	-3640	130094	-209377	-3552	0	0	NO_PATH	0	0	data/spawns/DwarvenTerritory/DwarvenStarting.xml|data/spawns/DwarvenTerritory/DwarvenStarting.xml
bridge.27962b35fa89137f6196aa0f	component.40dbfe62843fbb4b5737b50d	32768	6	R	generated.farm.180cbb100c457687c431e3bd.anchor	population.ingress.elf.06	24749	41076	-3696	45978	41196	-3504	0	0	NO_PATH	0	0	data/spawns/ElvenTerritory/ElvenStarting.xml|data/stats/players/templates/StartingClass/ElvenFighter.xml|data/stats/players/templates/StartingClass/ElvenMystic.xml
bridge.279900af078ffa8ece85a2dc	component.d4239fbe60250487003bb4fd	32768	3	F	generated.farm.428b85922009e44829ae2db0.anchor	generated.farm.c4067c834f12b99e976909a2.anchor	46131	41458	-3504	26607	63533	-3552	0	0	VALID_DIRECT	29471	1	data/spawns/Others/Gremlins.xml|data/spawns/ElvenTerritory/ElvenStarting.xml
bridge.27a3ff4b850699eb9caacc4c	component.b6d8946a4d71c76261ebedce	8192	1	F	generated.farm.ea72d768f3c8ec3d79c1a530.anchor	generated.farm.70ea4f43449ef725189d7fbf.anchor	116056	-175091	-1016	119336	-180368	-2368	0	0	NO_PATH	0	0	data/spawns/DwarvenTerritory/DwarvenStarting.xml|data/spawns/DwarvenTerritory/DwarvenStarting.xml
bridge.27e1f74399fed1c37e8672d7	component.10e204556f859c1b294aeca4	32768	3	R	generated.farm.01d45fe32598e8270dab20b2.anchor	generated.farm.768fa444a79123489bd7aa1d.anchor	157239	-220265	-3600	137660	-202383	-3664	0	0	NO_PATH	0	0	data/spawns/DwarvenTerritory/DwarvenStarting.xml|data/spawns/DwarvenTerritory/DwarvenStarting.xml
bridge.2819f361f92dd3c56d503d64	component.18bacfc235ddd517347d8830	32768	3	F	population.route.dwarf.a3	generated.farm.6cc54f41492a8ebff56a5815.anchor	112996	-173691	-608	119130	-144099	-3016	0	0	NO_PATH	0	0	data/stats/players/templates/StartingClass/DwarvenFighter.xml|data/spawns/DwarvenTerritory/DwarvenStarting.xml|data/spawns/Others/PlunderousPlains.xml
bridge.284db6a6141c011600ade19c	component.87a65b1ce32b28202691c2c8	32768	7	R	generated.farm.ac1e437a00c50adb5285e40a.anchor	population.farming.orc.20535	-44720	-86972	-8320	-49106	-115854	-160	0	0	NO_PATH	0	0	data/spawns/Others/KrateisCube.xml|data/spawns/OrcTerritory/OrcStarting.xml
bridge.28538fdf64caf54f238b9949	component.b0959173bd82d4b722b2be8c	32768	9	R	generated.farm.817474512080c1dba8f8cd5f.anchor	population.route.dark-elf.a2	23315	-10716	-2648	25720	11288	-3720	0	0	NO_PATH	0	0	data/spawns/Rune/PrimevalIsle.xml|data/stats/players/templates/StartingClass/DarkFighter.xml|data/stats/players/templates/StartingClass/DarkMystic.xml|data/spawns/DarkElfTerritory/DarkElfStarting.xml
bridge.28ebbd190c50f1d3d4b64a53	component.6cb9bd2a57139e6f69dd23f1	32768	8	R	generated.farm.b4beace3b35fcf43f7ac6d15.anchor	population.ingress.orc.06	-46718	-86971	-8320	-56682	-113730	-672	0	0	NO_PATH	0	0	data/spawns/Others/KrateisCube.xml|data/stats/players/templates/StartingClass/OrcFighter.xml|data/stats/players/templates/StartingClass/OrcMystic.xml
bridge.2943ec7e38ed688a09d86816	component.91a9f940fd17192b7296dafb	32768	10	R	generated.farm.2b9973b84571ebc7de64f76c.anchor	population.route.dark-elf.a1	19794	-10621	-2848	25992	11112	-3720	0	0	NO_PATH	0	0	data/spawns/Rune/PrimevalIsle.xml|data/stats/players/templates/StartingClass/DarkFighter.xml|data/stats/players/templates/StartingClass/DarkMystic.xml|data/spawns/DarkElfTerritory/DarkElfStarting.xml
bridge.299ea12256880181f25f66e4	component.c4a3508d330e9bb2f8bdfabb	32768	4	R	generated.farm.1050dd36c58d668d206a6075.anchor	population.ingress.orc.02	-48721	-84968	-8320	-56686	-113470	-672	0	0	NO_PATH	0	0	data/spawns/Others/KrateisCube.xml|data/stats/players/templates/StartingClass/OrcFighter.xml|data/stats/players/templates/StartingClass/OrcMystic.xml
bridge.29a0f94e04f000f39062d5b7	component.10e204556f859c1b294aeca4	32768	2	R	generated.farm.c4c86a1c1e9423c05d843bc9.anchor	generated.farm.aa29c1792ab359df7ec6bdd3.anchor	160145	-219344	-3528	144241	-204346	-3128	0	0	NO_PATH	0	0	data/spawns/DwarvenTerritory/DwarvenStarting.xml|data/spawns/DwarvenTerritory/DwarvenStarting.xml
bridge.2a4bf2f0d8d7dae36b33800b	component.6ed5189c1ad34dcd97c5af56	32768	11	F	population.farming.orc.20535	generated.farm.728f34d7752261776a8e5fb7.anchor	-49106	-115854	-160	-50719	-84960	-8320	0	0	NO_PATH	0	0	data/spawns/OrcTerritory/OrcStarting.xml|data/spawns/Others/KrateisCube.xml
bridge.2a595cab8938b92ce4d89367	component.475c48156e62e7e47cb30765	32768	7	R	generated.farm.bd35d5fb02b6c1c76b448822.anchor	population.ingress.orc.03	-48720	-82958	-8320	-56728	-113610	-672	0	0	NO_PATH	0	0	data/spawns/Others/KrateisCube.xml|data/stats/players/templates/StartingClass/OrcFighter.xml|data/stats/players/templates/StartingClass/OrcMystic.xml
bridge.2a6b25cd9c07ec3139a5a351	component.635e8cdeb1b598aac805b64c	32768	6	F	population.route.human-mystic.a1	talking-island.farming.gludio31-1624-11s	-89304	249848	-3568	-103448	227187	-3672	0	0	NO_PATH	0	0	data/stats/players/templates/StartingClass/HumanMystic.xml|data/spawns/TalkingIsland/TalkingIslandMonsters.xml|data/spawns/TalkingIsland/TalkingIslandMonsters.xml
bridge.2a7e451e36175b54ee6aae0d	component.cf7fc1a377a3ee4f1cd13c38	8192	2	F	population.ingress.dwarf.01	generated.farm.dcbfae7bd58c752ca4f1e7ca.anchor	108644	-173947	-408	108695	-173878	-400	0	0	VALID_PATH	117	3	data/stats/players/templates/StartingClass/DwarvenFighter.xml|data/spawns/Others/Gremlins.xml
bridge.2a84bf431d0d9741e37016c0	component.6e3a57525358ac42a6fda077	32768	3	R	generated.farm.1a8d5255f1d68b98358f16fc.anchor	generated.farm.6ba5b907a989d5e1ce9567a0.anchor	70230	76786	-3696	51500	59679	-3368	0	0	NO_PATH	0	0	data/spawns/Oren/TimakOutpost.xml|data/spawns/ElvenTerritory/ElvenStarting.xml
bridge.2aa15b5ad81dd8c38859d0fa	component.41e35f446ee4f00762502fdb	32768	11	R	generated.farm.d39331b999c56e6df46c579c.anchor	population.ingress.dark-elf.04	1740	22546	-3368	28456	10997	-4232	0	0	NO_PATH	0	0	data/spawns/DarkElfTerritory/DarkElfStarting.xml|data/stats/players/templates/StartingClass/DarkFighter.xml|data/stats/players/templates/StartingClass/DarkMystic.xml
bridge.2aafa054535d23b80015c2f5	component.d2768e1382c5c1b8ae3c6408	32768	5	F	population.ingress.dwarf.03	generated.farm.c559aedb44e0cf87e1fb32c9.anchor	108505	-173964	-408	108605	-150431	-2328	0	0	NO_PATH	0	0	data/stats/players/templates/StartingClass/DwarvenFighter.xml|data/spawns/Others/PlunderousPlains.xml
bridge.2abd169e91cdee6ad107b4d8	component.46078c3265041fc30a5d4a44	16384	3	F	population.ingress.elf.06	generated.farm.c966cf46f4c8074e4ddbc1d1.anchor	45978	41196	-3504	35728	46771	-3688	0	0	NO_PATH	0	0	data/stats/players/templates/StartingClass/ElvenFighter.xml|data/stats/players/templates/StartingClass/ElvenMystic.xml|data/spawns/ElvenTerritory/ElvenStarting.xml
bridge.2ac81eaafc53bfb33f128571	component.e9ea386cf0bd55a495081c3d	32768	2	R	elven.farming.oren04-2019-08s	population.farming.elf.20534	17170	46114	-3568	44126	42751	-3488	0	0	NO_PATH	0	0	data/spawns/ElvenTerritory/ElvenStarting.xml|data/spawns/ElvenTerritory/ElvenStarting.xml
bridge.2ad235b2e5a19504e6061cc9	component.fa8902bdab910bb205f46118	16384	16	F	population.route.dwarf.a2	generated.farm.dd523eee6e4a71d8ae8b855e.anchor	110948	-173435	-584	113217	-159900	-1584	0	0	NO_PATH	0	0	data/stats/players/templates/StartingClass/DwarvenFighter.xml|data/spawns/DwarvenTerritory/DwarvenStarting.xml|data/spawns/Others/PlunderousPlains.xml
bridge.2ad4971d7f404a1a1087b613	component.c435207dcf8b2ede40edd139	16384	1	R	elven.farming.oren04-2019-21	generated.farm.c4067c834f12b99e976909a2.anchor	12638	59980	-3440	26607	63533	-3552	0	0	VALID_DIRECT	14415	1	data/spawns/ElvenTerritory/ElvenStarting.xml|data/spawns/ElvenTerritory/ElvenStarting.xml
bridge.2ad5c56f22f20145a473a1b0	component.b0959173bd82d4b722b2be8c	32768	12	F	population.ingress.dark-elf.03	generated.farm.817474512080c1dba8f8cd5f.anchor	28377	10916	-4232	23315	-10716	-2648	0	0	NO_PATH	0	0	data/stats/players/templates/StartingClass/DarkFighter.xml|data/stats/players/templates/StartingClass/DarkMystic.xml|data/spawns/Rune/PrimevalIsle.xml
bridge.2adad197ba1fc0fbd1053b85	component.a2230627cce424b0593fedc6	32768	7	R	generated.farm.d2a12a3e3ea0bce7dcb3d8f3.anchor	population.route.dark-elf.a2	16132	-9783	-3280	25720	11288	-3720	0	0	NO_PATH	0	0	data/spawns/Rune/PrimevalIsle.xml|data/stats/players/templates/StartingClass/DarkFighter.xml|data/stats/players/templates/StartingClass/DarkMystic.xml|data/spawns/DarkElfTerritory/DarkElfStarting.xml
bridge.2ade2cabf8f3b1326ce39360	component.093885e4dafbe6ffb61aca3e	16384	9	R	generated.farm.f738e4c5c0d04e971986b2ee.anchor	population.ingress.elf.04	52427	26652	-5152	46115	41141	-3504	0	0	NO_PATH	0	0	data/spawns/Oren/SeaOfSpores.xml|data/stats/players/templates/StartingClass/ElvenFighter.xml|data/stats/players/templates/StartingClass/ElvenMystic.xml
bridge.2b32123a596b85cd1e3a74d9	component.89c4c607fc4fee76637095fd	16384	2	R	generated.farm.519759dffe4a0803b970d3ee.anchor	population.farming.elf.20534	48712	55466	-3464	44126	42751	-3488	0	0	VALID_DIRECT	13517	1	data/spawns/ElvenTerritory/ElvenStarting.xml|data/spawns/ElvenTerritory/ElvenStarting.xml
bridge.2b57c2d74703f0cb87167b52	component.7b0a8695c70b29d38ea2d7b7	32768	7	F	population.ingress.orc.03	generated.farm.bf71e830d9839ea5032228a3.anchor	-56728	-113610	-672	-48725	-86968	-8320	0	0	NO_PATH	0	0	data/stats/players/templates/StartingClass/OrcFighter.xml|data/stats/players/templates/StartingClass/OrcMystic.xml|data/spawns/Others/KrateisCube.xml
bridge.2b5cec03c27736b5d6b328c8	component.cdd71132d5f4e86baaa4d99d	8192	5	F	population.route.human-mystic.b1	generated.farm.5a6b2e1025252314c1f156d2.anchor	-90072	248328	-3568	-93369	245699	-3608	0	0	NO_PATH	0	0	data/stats/players/templates/StartingClass/HumanMystic.xml|data/spawns/TalkingIsland/TalkingIslandMonsters.xml|data/spawns/TalkingIsland/TalkingIslandMonsters.xml
bridge.2b6a3a88550d959bf181ad4d	component.91a9f940fd17192b7296dafb	32768	16	R	generated.farm.2b9973b84571ebc7de64f76c.anchor	population.ingress.dark-elf.01	19794	-10621	-2848	28295	11063	-4232	0	0	NO_PATH	0	0	data/spawns/Rune/PrimevalIsle.xml|data/stats/players/templates/StartingClass/DarkFighter.xml|data/stats/players/templates/StartingClass/DarkMystic.xml
bridge.2b742fb432b77169c7a71ba6	component.87a65b1ce32b28202691c2c8	32768	10	R	generated.farm.ac1e437a00c50adb5285e40a.anchor	population.ingress.orc.06	-44720	-86972	-8320	-56682	-113730	-672	0	0	NO_PATH	0	0	data/spawns/Others/KrateisCube.xml|data/stats/players/templates/StartingClass/OrcFighter.xml|data/stats/players/templates/StartingClass/OrcMystic.xml
bridge.2baa992edaf5c1b41be4c1dd	component.a15eac19b29dbd838fc4cf11	32768	7	R	generated.farm.a4122c4a8bed91d0e6a70bc3.anchor	population.route.dwarf.i03-w0	107302	-145184	-3656	108552	-174024	-408	0	0	NO_PATH	0	0	data/spawns/Others/PlunderousPlains.xml|data/stats/players/templates/StartingClass/DwarvenFighter.xml|data/spawns/DwarvenTerritory/DwarvenStarting.xml
bridge.2bac8eb495f7f45d64132b65	component.48e6e689d4d766cfd82dc2e2	16384	5	R	generated.farm.5ee423a52e35fbb905b7ecb0.anchor	population.ingress.elf.01	54714	51620	-3592	46045	41251	-3504	0	0	NO_PATH	0	0	data/spawns/ElvenTerritory/ElvenStarting.xml|data/stats/players/templates/StartingClass/ElvenFighter.xml|data/stats/players/templates/StartingClass/ElvenMystic.xml
bridge.2bfce849bf2af5d69af62e92	component.87a65b1ce32b28202691c2c8	32768	3	F	population.route.orc.a1	generated.farm.ac1e437a00c50adb5285e40a.anchor	-54685	-113715	-520	-44720	-86972	-8320	0	0	NO_PATH	0	0	data/stats/players/templates/StartingClass/OrcFighter.xml|data/stats/players/templates/StartingClass/OrcMystic.xml|data/spawns/OrcTerritory/OrcStarting.xml|data/spawns/Others/KrateisCube.xml
bridge.2c31351f03078e711ecf6dc8	component.c4a3508d330e9bb2f8bdfabb	32768	7	R	generated.farm.1050dd36c58d668d206a6075.anchor	population.ingress.orc.03	-48721	-84968	-8320	-56728	-113610	-672	0	0	NO_PATH	0	0	data/spawns/Others/KrateisCube.xml|data/stats/players/templates/StartingClass/OrcFighter.xml|data/stats/players/templates/StartingClass/OrcMystic.xml
bridge.2c34f75f3b0a5215cb64486d	component.6bccc4ec500087b1b97f6735	32768	7	R	elven.farming.oren04-2019-11s	generated.farm.7451e61fe8e94f49afb1f9e2.anchor	10946	55150	-3472	39050	41882	-3592	0	0	NO_PATH	0	0	data/spawns/ElvenTerritory/ElvenStarting.xml|data/spawns/ElvenTerritory/ElvenStarting.xml
bridge.2cae5d2bdf896ebd6d33169b	component.f5ec43735be4685d0f522b55	32768	6	R	generated.farm.c7902e29cb3795a4ce8dcf2c.anchor	population.ingress.orc.04	-50720	-86977	-8320	-56693	-113610	-672	0	0	NO_PATH	0	0	data/spawns/Others/KrateisCube.xml|data/stats/players/templates/StartingClass/OrcFighter.xml|data/stats/players/templates/StartingClass/OrcMystic.xml
bridge.2cb734504985f3fbb96ebffa	component.4542949d001791c13737d9b4	8192	1	R	generated.farm.432802d3c2901d9686cb1651.anchor	population.ingress.human-mystic.01	-90610	248293	-3568	-90875	248162	-3568	0	0	VALID_DIRECT	296	1	data/spawns/Others/Gremlins.xml|data/stats/players/templates/StartingClass/HumanMystic.xml
bridge.2cd73924782f6365170988f8	component.635e8cdeb1b598aac805b64c	32768	7	F	population.route.human-mystic.b2	talking-island.farming.gludio31-1624-11s	-89240	249912	-3568	-103448	227187	-3672	0	0	NO_PATH	0	0	data/stats/players/templates/StartingClass/HumanMystic.xml|data/spawns/TalkingIsland/TalkingIslandMonsters.xml|data/spawns/TalkingIsland/TalkingIslandMonsters.xml
bridge.2cf630acf076416440395123	component.d1bd433314f456b9fe85fbdf	32768	5	R	generated.farm.0d7c07144eea5c608cf6c8cf.anchor	population.route.orc.a1	-25035	-119836	-1968	-54685	-113715	-520	0	0	NO_PATH	0	0	data/spawns/OrcTerritory/OrcStarting.xml|data/stats/players/templates/StartingClass/OrcFighter.xml|data/stats/players/templates/StartingClass/OrcMystic.xml|data/spawns/OrcTerritory/OrcStarting.xml
bridge.2d2418a1e97edb5de0ec37af	component.a897c66aac15ed82ae4b47cc	16384	3	R	generated.farm.5eb90806db1167da3a0881d8.anchor	generated.farm.8417f5d804225e6423448125.anchor	126625	-194289	-3288	132017	-208635	-3592	0	0	NO_PATH	0	0	data/spawns/DwarvenTerritory/DwarvenStarting.xml|data/spawns/DwarvenTerritory/DwarvenStarting.xml
bridge.2d395fad492a92cf5957a041	component.e155a1307403cc14572bd687	32768	6	R	generated.farm.420ed35f1a9a3f532e2d6045.anchor	population.ingress.dwarf.02	101973	-149349	-3128	108678	-174002	-408	0	0	NO_PATH	0	0	data/spawns/Others/PlunderousPlains.xml|data/stats/players/templates/StartingClass/DwarvenFighter.xml
bridge.2d6a7ad146283857f5a718b7	component.4542949d001791c13737d9b4	8192	1	F	population.ingress.human-mystic.01	generated.farm.432802d3c2901d9686cb1651.anchor	-90875	248162	-3568	-90610	248293	-3568	0	0	VALID_DIRECT	296	1	data/stats/players/templates/StartingClass/HumanMystic.xml|data/spawns/Others/Gremlins.xml
bridge.2d7ffc7d1b68ea52d1f2999f	component.fa8902bdab910bb205f46118	16384	15	R	generated.farm.e20a44e2413cc5ec51f0b15c.anchor	generated.farm.ea72d768f3c8ec3d79c1a530.anchor	119549	-161828	-1296	116056	-175091	-1016	0	0	NO_PATH	0	0	data/spawns/Others/PlunderousPlains.xml|data/spawns/DwarvenTerritory/DwarvenStarting.xml
bridge.2daa885c3aa7d4126213825a	component.18bacfc235ddd517347d8830	32768	8	F	generated.farm.ea72d768f3c8ec3d79c1a530.anchor	generated.farm.6cc54f41492a8ebff56a5815.anchor	116056	-175091	-1016	119130	-144099	-3016	0	0	NO_PATH	0	0	data/spawns/DwarvenTerritory/DwarvenStarting.xml|data/spawns/Others/PlunderousPlains.xml
bridge.2daee39527e17177dca54b0b	component.0075e5d7b40ef037d898ed1f	32768	2	R	generated.farm.af6a6553f7f39fcbe2980198.anchor	population.route.orc.a4	-21358	-105037	-1856	-50077	-115763	-160	0	0	NO_PATH	0	0	data/spawns/OrcTerritory/OrcStarting.xml|data/stats/players/templates/StartingClass/OrcFighter.xml|data/stats/players/templates/StartingClass/OrcMystic.xml|data/spawns/OrcTerritory/OrcStarting.xml
bridge.2dcbc567d54e4887b0d54d38	component.ab29092af7d295a3d4416d1e	32768	1	F	population.farming.orc.20535	generated.farm.298219c53607a679d1a095b6.anchor	-49106	-115854	-160	-22721	-132248	-712	0	0	NO_PATH	0	0	data/spawns/OrcTerritory/OrcStarting.xml|data/spawns/OrcTerritory/OrcStarting.xml
bridge.2dd1b6245619cb5a8993cb26	component.16897e3b9846dd267a30bfc1	32768	4	R	generated.farm.08f4fb3b22c13f96f311c779.anchor	population.route.dark-elf.a2	20813	-14323	-3040	25720	11288	-3720	0	0	NO_PATH	0	0	data/spawns/Rune/PrimevalIsle.xml|data/stats/players/templates/StartingClass/DarkFighter.xml|data/stats/players/templates/StartingClass/DarkMystic.xml|data/spawns/DarkElfTerritory/DarkElfStarting.xml
bridge.2e08d2cd1c55655beeaa1427	component.c4a3508d330e9bb2f8bdfabb	32768	9	R	generated.farm.1050dd36c58d668d206a6075.anchor	population.ingress.orc.05	-48721	-84968	-8320	-56743	-113757	-672	0	0	NO_PATH	0	0	data/spawns/Others/KrateisCube.xml|data/stats/players/templates/StartingClass/OrcFighter.xml|data/stats/players/templates/StartingClass/OrcMystic.xml
bridge.2e0fb8c1b3ca1342a3415c7d	component.17d39984ff40b347b4bbe819	8192	5	R	generated.farm.013f818c1372afc740e3cbc2.anchor	generated.farm.df677844f3af094815e984cc.anchor	174089	-194394	-3464	175556	-188129	-1672	0	0	VALID_DIRECT	6680	1	data/spawns/DwarvenTerritory/DwarvenStarting.xml|data/spawns/DwarvenTerritory/DwarvenStarting.xml
bridge.2e32c6ba9509abe44327e39a	component.de636b0f82c1f5ec50237e13	32768	5	F	generated.farm.1e2d5a3becf8fd2f9e656d54.anchor	generated.farm.a39f58864657ce5b49b26ee3.anchor	128484	-211404	-3408	116564	-195406	-3480	0	0	NO_PATH	0	0	data/spawns/DwarvenTerritory/DwarvenStarting.xml|data/spawns/DwarvenTerritory/DwarvenStarting.xml
bridge.2e51e974da77abb80e3c8eef	component.e9ea386cf0bd55a495081c3d	32768	7	R	elven.farming.oren04-2019-08s	population.ingress.elf.02	17170	46114	-3568	46117	41247	-3504	0	0	NO_PATH	0	0	data/spawns/ElvenTerritory/ElvenStarting.xml|data/stats/players/templates/StartingClass/ElvenFighter.xml|data/stats/players/templates/StartingClass/ElvenMystic.xml
bridge.2e56cab7f3610694fabf40b2	component.01b441ae383a1b39494050f4	32768	11	F	population.route.dark-elf.a3	generated.farm.9cf6fa1ef953b5b33ff9fe37.anchor	25304	13256	-3648	13666	-12273	-3024	0	0	NO_PATH	0	0	data/stats/players/templates/StartingClass/DarkFighter.xml|data/stats/players/templates/StartingClass/DarkMystic.xml|data/spawns/DarkElfTerritory/DarkElfStarting.xml|data/spawns/Rune/PrimevalIsle.xml
bridge.2e6d542127c6683cf1e1b969	component.5170fd1c3e2b6fe2f9af1ad8	8192	3	F	population.ingress.human-mystic.03	generated.farm.54772e1b8c2e8c258ff204b4.anchor	-90918	248070	-3568	-94346	250566	-3552	0	0	NO_PATH	0	0	data/stats/players/templates/StartingClass/HumanMystic.xml|data/spawns/TalkingIsland/TalkingIslandMonsters.xml
bridge.2e8b00d649dc133ffbe1dfc9	component.1331db1a6d957945bfb43b8d	8192	8	F	generated.farm.428b85922009e44829ae2db0.anchor	generated.farm.9d9291cb563275968a77e851.anchor	46131	41458	-3504	47907	37504	-3544	0	0	NO_PATH	0	0	data/spawns/Others/Gremlins.xml|data/spawns/ElvenTerritory/ElvenStarting.xml
bridge.2ec19e213f358fda68773d29	component.d1bd433314f456b9fe85fbdf	32768	6	R	generated.farm.0d7c07144eea5c608cf6c8cf.anchor	population.ingress.orc.06	-25035	-119836	-1968	-56682	-113730	-672	0	0	NO_PATH	0	0	data/spawns/OrcTerritory/OrcStarting.xml|data/stats/players/templates/StartingClass/OrcFighter.xml|data/stats/players/templates/StartingClass/OrcMystic.xml
bridge.2ed890b6b9aadd713e4ddca5	component.91a9f940fd17192b7296dafb	32768	4	F	population.ingress.dark-elf.02	generated.farm.c2fab2e4269c72a597f3b7a9.anchor	28302	11008	-4232	19916	-9610	-2824	0	0	NO_PATH	0	0	data/stats/players/templates/StartingClass/DarkFighter.xml|data/stats/players/templates/StartingClass/DarkMystic.xml|data/spawns/Rune/PrimevalIsle.xml
bridge.2ee1aa82f1fbad56ff08246d	component.093885e4dafbe6ffb61aca3e	16384	5	R	generated.farm.21c8e0a71fc1a30fb94fd849.anchor	population.ingress.elf.02	57402	30692	-3768	46117	41247	-3504	0	0	NO_PATH	0	0	data/spawns/Oren/SeaOfSpores.xml|data/stats/players/templates/StartingClass/ElvenFighter.xml|data/stats/players/templates/StartingClass/ElvenMystic.xml
bridge.2f23937fc0c2d7c45ced5b74	component.6ed5189c1ad34dcd97c5af56	32768	2	R	generated.farm.728f34d7752261776a8e5fb7.anchor	population.route.orc.a2	-50719	-84960	-8320	-52637	-113715	-80	0	0	NO_PATH	0	0	data/spawns/Others/KrateisCube.xml|data/stats/players/templates/StartingClass/OrcFighter.xml|data/stats/players/templates/StartingClass/OrcMystic.xml|data/spawns/OrcTerritory/OrcStarting.xml
bridge.2f29eb66dd3959349f2a560d	component.91a9f940fd17192b7296dafb	32768	13	F	population.ingress.dark-elf.02	generated.farm.2b9973b84571ebc7de64f76c.anchor	28302	11008	-4232	19794	-10621	-2848	0	0	NO_PATH	0	0	data/stats/players/templates/StartingClass/DarkFighter.xml|data/stats/players/templates/StartingClass/DarkMystic.xml|data/spawns/Rune/PrimevalIsle.xml
bridge.2f3c759a8a09e6a049dfcdc7	component.40dbfe62843fbb4b5737b50d	32768	5	F	generated.farm.58356b4e9844a379fecfbaf6.anchor	generated.farm.99cf7f2e013aefa5adc8a838.anchor	42118	41401	-3488	21342	39996	-3664	0	0	NO_PATH	0	0	data/spawns/ElvenTerritory/ElvenStarting.xml|data/spawns/ElvenTerritory/ElvenStarting.xml
bridge.2f45428b27578a711f92e821	component.d2768e1382c5c1b8ae3c6408	32768	9	F	population.route.dwarf.i03-w0	generated.farm.c559aedb44e0cf87e1fb32c9.anchor	108552	-174024	-408	108605	-150431	-2328	0	0	NO_PATH	0	0	data/stats/players/templates/StartingClass/DwarvenFighter.xml|data/spawns/DwarvenTerritory/DwarvenStarting.xml|data/spawns/Others/PlunderousPlains.xml
bridge.2f61faa5b8f070c822832ba0	component.8958c8d9edf88034579b430b	32768	8	F	population.route.dark-elf.a2	generated.farm.74d4cc08c4a95e70092d77ee.anchor	25720	11288	-3720	24538	-17756	-2752	0	0	NO_PATH	0	0	data/stats/players/templates/StartingClass/DarkFighter.xml|data/stats/players/templates/StartingClass/DarkMystic.xml|data/spawns/DarkElfTerritory/DarkElfStarting.xml|data/spawns/Rune/PrimevalIsle.xml
bridge.2f6405dfe29ef2fb1e577000	component.093885e4dafbe6ffb61aca3e	16384	12	R	generated.farm.df7293a680ae220a1313a900.anchor	population.ingress.elf.04	54285	27538	-5280	46115	41141	-3504	0	0	NO_PATH	0	0	data/spawns/Oren/SeaOfSpores.xml|data/stats/players/templates/StartingClass/ElvenFighter.xml|data/stats/players/templates/StartingClass/ElvenMystic.xml
bridge.2f95bf0856def79bce9543db	component.093885e4dafbe6ffb61aca3e	16384	3	R	generated.farm.21c8e0a71fc1a30fb94fd849.anchor	population.ingress.elf.04	57402	30692	-3768	46115	41141	-3504	0	0	NO_PATH	0	0	data/spawns/Oren/SeaOfSpores.xml|data/stats/players/templates/StartingClass/ElvenFighter.xml|data/stats/players/templates/StartingClass/ElvenMystic.xml
bridge.2fdb8d5ecd7957b6a1add509	component.7e4161a95ce7d75a795e5571	8192	1	F	generated.farm.58356b4e9844a379fecfbaf6.anchor	generated.farm.7451e61fe8e94f49afb1f9e2.anchor	42118	41401	-3488	39050	41882	-3592	0	0	VALID_DIRECT	3108	1	data/spawns/ElvenTerritory/ElvenStarting.xml|data/spawns/ElvenTerritory/ElvenStarting.xml
bridge.3002dcfeae0ed0de21b90526	component.e9ea386cf0bd55a495081c3d	32768	8	R	elven.farming.oren04-2019-08s	population.ingress.elf.04	17170	46114	-3568	46115	41141	-3504	0	0	NO_PATH	0	0	data/spawns/ElvenTerritory/ElvenStarting.xml|data/stats/players/templates/StartingClass/ElvenFighter.xml|data/stats/players/templates/StartingClass/ElvenMystic.xml
bridge.3019bae8a854df3671d3f5ae	component.7e4161a95ce7d75a795e5571	8192	1	R	generated.farm.7451e61fe8e94f49afb1f9e2.anchor	generated.farm.58356b4e9844a379fecfbaf6.anchor	39050	41882	-3592	42118	41401	-3488	0	0	VALID_DIRECT	3108	1	data/spawns/ElvenTerritory/ElvenStarting.xml|data/spawns/ElvenTerritory/ElvenStarting.xml
bridge.305bb1cecaf8c876ba9e6532	component.17d39984ff40b347b4bbe819	8192	9	F	generated.farm.df677844f3af094815e984cc.anchor	generated.farm.c9e89f5704213c9f66eb9b98.anchor	175556	-188129	-1672	168800	-191413	-2792	0	0	NO_PATH	0	0	data/spawns/DwarvenTerritory/DwarvenStarting.xml|data/spawns/DwarvenTerritory/DwarvenStarting.xml
bridge.312363a107df3180fe8cc1df	component.e0efb8466cb69704c6f63b79	32768	5	F	population.ingress.dark-elf.01	generated.farm.3bbbcdb43022c7bf23796fb4.anchor	28295	11063	-4232	15590	-17440	-3224	0	0	NO_PATH	0	0	data/stats/players/templates/StartingClass/DarkFighter.xml|data/stats/players/templates/StartingClass/DarkMystic.xml|data/spawns/Rune/PrimevalIsle.xml
bridge.31416cdc4f205a543ba6fb2d	component.91a9f940fd17192b7296dafb	32768	12	F	population.ingress.dark-elf.03	generated.farm.2b9973b84571ebc7de64f76c.anchor	28377	10916	-4232	19794	-10621	-2848	0	0	NO_PATH	0	0	data/stats/players/templates/StartingClass/DarkFighter.xml|data/stats/players/templates/StartingClass/DarkMystic.xml|data/spawns/Rune/PrimevalIsle.xml
bridge.3160a4363693972ebc18a896	component.d5d468daa4bebd1a4eb327d6	32768	3	F	population.route.dark-elf.a2	generated.farm.b8e223341be05b45a19768c2.anchor	25720	11288	-3720	5975	-9197	-3696	0	0	NO_PATH	0	0	data/stats/players/templates/StartingClass/DarkFighter.xml|data/stats/players/templates/StartingClass/DarkMystic.xml|data/spawns/DarkElfTerritory/DarkElfStarting.xml|data/spawns/Rune/PrimevalIsle.xml
bridge.316c6804f3bc2914b3b45d99	component.635e8cdeb1b598aac805b64c	32768	11	R	generated.farm.6a1b028f65325f1df40b9a9c.anchor	population.ingress.human-mystic.02	-105224	224600	-3640	-90954	248118	-3568	0	0	NO_PATH	0	0	data/spawns/TalkingIsland/TalkingIslandMonsters.xml|data/stats/players/templates/StartingClass/HumanMystic.xml
bridge.319fbe3af4893a8a8c720567	component.6b63e9a22c52715dd6894332	8192	5	R	generated.farm.68243117d5885fe09a0b57bc.anchor	population.ingress.elf.04	43767	37445	-3512	46115	41141	-3504	0	0	NO_PATH	0	0	data/spawns/ElvenTerritory/ElvenStarting.xml|data/stats/players/templates/StartingClass/ElvenFighter.xml|data/stats/players/templates/StartingClass/ElvenMystic.xml
bridge.31a9817eaab18e1c27846fc9	component.a99c371149bc249af615a5c3	32768	4	F	population.route.orc.a2	generated.farm.ab5e8f2e7966e479ea160401.anchor	-52637	-113715	-80	-22483	-124604	-2656	0	0	NO_PATH	0	0	data/stats/players/templates/StartingClass/OrcFighter.xml|data/stats/players/templates/StartingClass/OrcMystic.xml|data/spawns/OrcTerritory/OrcStarting.xml|data/spawns/OrcTerritory/OrcStarting.xml
bridge.31b804c6a4141ff54a7ffb27	component.4542949d001791c13737d9b4	8192	13	R	generated.farm.432802d3c2901d9686cb1651.anchor	generated.farm.9cd080b5cf6e407d198d7dc5.anchor	-90610	248293	-3568	-84312	252645	-3664	0	0	NO_PATH	0	0	data/spawns/Others/Gremlins.xml|data/spawns/TalkingIsland/TalkingIslandMonsters.xml
bridge.3229db86f286e0c7eaefe248	component.d5d468daa4bebd1a4eb327d6	32768	5	R	generated.farm.08eced60f60a66b7fc7027b7.anchor	population.route.dark-elf.a3	6712	-9399	-3680	25304	13256	-3648	0	0	NO_PATH	0	0	data/spawns/Rune/PrimevalIsle.xml|data/stats/players/templates/StartingClass/DarkFighter.xml|data/stats/players/templates/StartingClass/DarkMystic.xml|data/spawns/DarkElfTerritory/DarkElfStarting.xml
bridge.325efb7d6f6a5055d7473f68	component.73d0c59f5bdd9014627ebe4f	32768	8	R	elven.farming.oren04-2019-07s	population.ingress.elf.04	19248	43340	-3712	46115	41141	-3504	0	0	NO_PATH	0	0	data/spawns/ElvenTerritory/ElvenStarting.xml|data/stats/players/templates/StartingClass/ElvenFighter.xml|data/stats/players/templates/StartingClass/ElvenMystic.xml
bridge.32afe3f4951f50b1fd8a0444	component.d2768e1382c5c1b8ae3c6408	32768	3	F	population.route.dwarf.w1	generated.farm.c559aedb44e0cf87e1fb32c9.anchor	108728	-173944	-408	108605	-150431	-2328	0	0	NO_PATH	0	0	data/stats/players/templates/StartingClass/DwarvenFighter.xml|data/spawns/DwarvenTerritory/DwarvenStarting.xml|data/spawns/Others/PlunderousPlains.xml
bridge.32c1202e904114ce4547fd3f	component.fa8902bdab910bb205f46118	16384	8	F	population.route.dwarf.w2	generated.farm.e906a4f684b66f9c100d44e1.anchor	110440	-173944	-528	114049	-161398	-1480	0	0	NO_PATH	0	0	data/stats/players/templates/StartingClass/DwarvenFighter.xml|data/spawns/DwarvenTerritory/DwarvenStarting.xml|data/spawns/Others/PlunderousPlains.xml
bridge.32e35f9e3b5577e890752e65	component.79ad21df45b89fa5bb86a4fd	32768	7	R	generated.farm.5dc8ced237dc324aa37b6530.anchor	population.ingress.elf.03	51605	70249	-3408	46182	41198	-3504	0	0	NO_PATH	0	0	data/spawns/ElvenTerritory/ElvenStarting.xml|data/stats/players/templates/StartingClass/ElvenFighter.xml|data/stats/players/templates/StartingClass/ElvenMystic.xml
bridge.32f780aea8204fa074e0600f	component.d2768e1382c5c1b8ae3c6408	32768	12	F	population.route.dwarf.a3	generated.farm.c559aedb44e0cf87e1fb32c9.anchor	112996	-173691	-608	108605	-150431	-2328	0	0	NO_PATH	0	0	data/stats/players/templates/StartingClass/DwarvenFighter.xml|data/spawns/DwarvenTerritory/DwarvenStarting.xml|data/spawns/Others/PlunderousPlains.xml
bridge.32faa978f0e843e593a6cede	component.6ed5189c1ad34dcd97c5af56	32768	6	R	generated.farm.728f34d7752261776a8e5fb7.anchor	population.ingress.orc.04	-50719	-84960	-8320	-56693	-113610	-672	0	0	NO_PATH	0	0	data/spawns/Others/KrateisCube.xml|data/stats/players/templates/StartingClass/OrcFighter.xml|data/stats/players/templates/StartingClass/OrcMystic.xml
bridge.33140a54aabefe6474cd6232	component.e0efb8466cb69704c6f63b79	32768	1	F	population.route.dark-elf.a1	generated.farm.3bbbcdb43022c7bf23796fb4.anchor	25992	11112	-3720	15590	-17440	-3224	0	0	NO_PATH	0	0	data/stats/players/templates/StartingClass/DarkFighter.xml|data/stats/players/templates/StartingClass/DarkMystic.xml|data/spawns/DarkElfTerritory/DarkElfStarting.xml|data/spawns/Rune/PrimevalIsle.xml
bridge.332faeedcebaaa81616d720a	component.40dbfe62843fbb4b5737b50d	32768	6	F	population.ingress.elf.06	generated.farm.180cbb100c457687c431e3bd.anchor	45978	41196	-3504	24749	41076	-3696	0	0	NO_PATH	0	0	data/stats/players/templates/StartingClass/ElvenFighter.xml|data/stats/players/templates/StartingClass/ElvenMystic.xml|data/spawns/ElvenTerritory/ElvenStarting.xml
bridge.334166487095b4514cffb570	component.63defb22486d49c052a69667	32768	9	R	generated.farm.946a41fbbc63614320c02954.anchor	population.ingress.elf.04	53398	63278	-3480	46115	41141	-3504	0	0	NO_PATH	0	0	data/spawns/ElvenTerritory/ElvenStarting.xml|data/stats/players/templates/StartingClass/ElvenFighter.xml|data/stats/players/templates/StartingClass/ElvenMystic.xml
bridge.337fecacaf2e2bca71598b5c	component.85a00e0803f36f9a3d0eab0f	32768	6	F	generated.farm.519759dffe4a0803b970d3ee.anchor	generated.farm.4e76dc23218e129a890c3248.anchor	48712	55466	-3464	71264	70956	-3688	0	0	NO_PATH	0	0	data/spawns/ElvenTerritory/ElvenStarting.xml|data/spawns/Oren/TimakOutpost.xml
bridge.339041cc2a0c9fa224eecd0d	component.91a9f940fd17192b7296dafb	32768	8	R	generated.farm.c2fab2e4269c72a597f3b7a9.anchor	population.ingress.dark-elf.05	19916	-9610	-2824	28461	11044	-4232	0	0	NO_PATH	0	0	data/spawns/Rune/PrimevalIsle.xml|data/stats/players/templates/StartingClass/DarkFighter.xml|data/stats/players/templates/StartingClass/DarkMystic.xml
bridge.339c3972b05b7c761bd18d59	component.cdd71132d5f4e86baaa4d99d	8192	15	F	population.ingress.human-mystic.03	generated.farm.13946664ad91058ff84c1e41.anchor	-90918	248070	-3568	-97038	247767	-3648	0	0	NO_PATH	0	0	data/stats/players/templates/StartingClass/HumanMystic.xml|data/spawns/TalkingIsland/TalkingIslandMonsters.xml
bridge.33b74b1b462e1eb9a7964307	component.40dbfe62843fbb4b5737b50d	32768	16	R	generated.farm.b39b5ebcb618d85608e8a97d.anchor	population.ingress.elf.04	24053	37496	-3672	46115	41141	-3504	0	0	NO_PATH	0	0	data/spawns/ElvenTerritory/ElvenStarting.xml|data/stats/players/templates/StartingClass/ElvenFighter.xml|data/stats/players/templates/StartingClass/ElvenMystic.xml
bridge.33daaf1c4850159ccc2659d8	component.2c4a1d8ed5506d43bb6025d3	32768	1	F	generated.farm.ccd05d96d24167ee9a70c395.anchor	generated.farm.f3fef88cab3be544b94bb305.anchor	173397	-189657	-2016	165484	-207409	-3496	0	0	NO_PATH	0	0	data/spawns/DwarvenTerritory/DwarvenStarting.xml|data/spawns/DwarvenTerritory/DwarvenStarting.xml
bridge.33fcb6020215d67d779a3d31	component.d2768e1382c5c1b8ae3c6408	32768	12	R	generated.farm.c559aedb44e0cf87e1fb32c9.anchor	population.route.dwarf.a3	108605	-150431	-2328	112996	-173691	-608	0	0	NO_PATH	0	0	data/spawns/Others/PlunderousPlains.xml|data/stats/players/templates/StartingClass/DwarvenFighter.xml|data/spawns/DwarvenTerritory/DwarvenStarting.xml
bridge.3407b744466724f70adb131a	component.89c4c607fc4fee76637095fd	16384	14	F	population.ingress.elf.02	generated.farm.57a38f13450e54452b749339.anchor	46117	41247	-3504	52710	55450	-3320	0	0	NO_PATH	0	0	data/stats/players/templates/StartingClass/ElvenFighter.xml|data/stats/players/templates/StartingClass/ElvenMystic.xml|data/spawns/ElvenTerritory/ElvenStarting.xml
bridge.341b7c82b0ec5aefa73178bf	component.d4f263a6130862446fcab68a	16384	16	R	generated.farm.f9312932904adae788963399.anchor	generated.farm.ed8992f2edcbacf7c4f24608.anchor	108605	-160621	-1688	117968	-173208	-432	0	0	NO_PATH	0	0	data/spawns/Others/PlunderousPlains.xml|data/spawns/DwarvenTerritory/DwarvenStarting.xml
bridge.34530f56f6006bbbae1bd947	component.6c8644500a9312467848babc	32768	1	R	elven.farming.oren04-2019-10s	generated.farm.58356b4e9844a379fecfbaf6.anchor	16057	52260	-3544	42118	41401	-3488	0	0	NO_PATH	0	0	data/spawns/ElvenTerritory/ElvenStarting.xml|data/spawns/ElvenTerritory/ElvenStarting.xml
bridge.348112a530f1bed355ead22d	component.8958c8d9edf88034579b430b	32768	9	R	generated.farm.74d4cc08c4a95e70092d77ee.anchor	population.ingress.dark-elf.06	24538	-17756	-2752	28395	11127	-4232	0	0	NO_PATH	0	0	data/spawns/Rune/PrimevalIsle.xml|data/stats/players/templates/StartingClass/DarkFighter.xml|data/stats/players/templates/StartingClass/DarkMystic.xml
bridge.3484fff9fc36814bb4e8fc42	component.d4f263a6130862446fcab68a	16384	5	R	generated.farm.f9312932904adae788963399.anchor	population.ingress.dwarf.02	108605	-160621	-1688	108678	-174002	-408	0	0	NO_PATH	0	0	data/spawns/Others/PlunderousPlains.xml|data/stats/players/templates/StartingClass/DwarvenFighter.xml
bridge.348801e60f77ea2186cddaff	component.91a9f940fd17192b7296dafb	32768	3	R	generated.farm.c2fab2e4269c72a597f3b7a9.anchor	population.ingress.dark-elf.03	19916	-9610	-2824	28377	10916	-4232	0	0	NO_PATH	0	0	data/spawns/Rune/PrimevalIsle.xml|data/stats/players/templates/StartingClass/DarkFighter.xml|data/stats/players/templates/StartingClass/DarkMystic.xml
bridge.348eb18ce84a780e38714772	component.20a0c83d40a7bb22c26e0395	32768	4	R	generated.farm.f137dbbc3ac90f445b806c09.anchor	population.ingress.dark-elf.04	25328	-15199	-2744	28456	10997	-4232	0	0	NO_PATH	0	0	data/spawns/Rune/PrimevalIsle.xml|data/stats/players/templates/StartingClass/DarkFighter.xml|data/stats/players/templates/StartingClass/DarkMystic.xml
bridge.3496641be2bc4e3b51ea384b	component.1331db1a6d957945bfb43b8d	8192	9	R	generated.farm.78d792f9dc16f4ce4003c1ae.anchor	population.ingress.elf.03	50626	40925	-3464	46182	41198	-3504	0	0	NO_PATH	0	0	data/spawns/ElvenTerritory/ElvenStarting.xml|data/stats/players/templates/StartingClass/ElvenFighter.xml|data/stats/players/templates/StartingClass/ElvenMystic.xml
bridge.349969d58423d48ba8e1ddca	component.16897e3b9846dd267a30bfc1	32768	14	F	population.ingress.dark-elf.06	generated.farm.a5c0bfc2913c1277af9aa4f4.anchor	28395	11127	-4232	21571	-14364	-3104	0	0	NO_PATH	0	0	data/stats/players/templates/StartingClass/DarkFighter.xml|data/stats/players/templates/StartingClass/DarkMystic.xml|data/spawns/Rune/PrimevalIsle.xml
bridge.34af914952e321567b30ccc6	component.df33433dc147309d6dc09abc	32768	5	R	generated.farm.9bd77ed2d0a9c062814dc873.anchor	population.ingress.orc.01	-46721	-82961	-8320	-56733	-113459	-672	0	0	NO_PATH	0	0	data/spawns/Others/KrateisCube.xml|data/stats/players/templates/StartingClass/OrcFighter.xml|data/stats/players/templates/StartingClass/OrcMystic.xml
bridge.34ebe36f516127ccd5b290c7	component.18bacfc235ddd517347d8830	32768	11	R	generated.farm.6cc54f41492a8ebff56a5815.anchor	population.ingress.dwarf.02	119130	-144099	-3016	108678	-174002	-408	0	0	NO_PATH	0	0	data/spawns/Others/PlunderousPlains.xml|data/stats/players/templates/StartingClass/DwarvenFighter.xml
bridge.34f22d9979f258e3787f7b1d	component.ba083b6371fa0acdb077e91c	8192	10	R	generated.farm.eda8543a4ab4d30e028f9b97.anchor	population.route.orc.a4	-56273	-113606	-672	-50077	-115763	-160	0	0	NO_PATH	0	0	data/spawns/Others/Gremlins.xml|data/stats/players/templates/StartingClass/OrcFighter.xml|data/stats/players/templates/StartingClass/OrcMystic.xml|data/spawns/OrcTerritory/OrcStarting.xml
bridge.34ff5a2ee355f5840e10a535	component.093885e4dafbe6ffb61aca3e	16384	13	R	generated.farm.df7293a680ae220a1313a900.anchor	population.ingress.elf.03	54285	27538	-5280	46182	41198	-3504	0	0	NO_PATH	0	0	data/spawns/Oren/SeaOfSpores.xml|data/stats/players/templates/StartingClass/ElvenFighter.xml|data/stats/players/templates/StartingClass/ElvenMystic.xml
bridge.3505d007459991347f23b3d9	component.63defb22486d49c052a69667	32768	13	F	population.ingress.elf.02	generated.farm.0a9b6aeb870068f470d93c4b.anchor	46117	41247	-3504	55857	63041	-3472	0	0	NO_PATH	0	0	data/stats/players/templates/StartingClass/ElvenFighter.xml|data/stats/players/templates/StartingClass/ElvenMystic.xml|data/spawns/ElvenTerritory/ElvenStarting.xml
bridge.351e9b83de9ccfa661da08ff	component.635e8cdeb1b598aac805b64c	32768	4	F	population.ingress.human-mystic.01	talking-island.farming.gludio31-1624-11s	-90875	248162	-3568	-103448	227187	-3672	0	0	NO_PATH	0	0	data/stats/players/templates/StartingClass/HumanMystic.xml|data/spawns/TalkingIsland/TalkingIslandMonsters.xml
bridge.352880f6c6e2ba2dcf75a7f1	component.7ac05038c3bef737cc075e57	32768	3	F	generated.farm.a0a916d344116254f0d4e3f5.anchor	generated.farm.330acc137cea04a4d9497082.anchor	31295	61887	-3544	4513	74434	-3688	0	0	NO_PATH	0	0	data/spawns/ElvenTerritory/ElvenStarting.xml|data/spawns/ElvenTerritory/ElvenStarting.xml
bridge.3564d49cd035e299a9865c0a	component.9fbefbbe289820cb000eadf1	32768	1	R	generated.farm.17667c6c78e20a9fb3c4ae08.anchor	population.route.orc.a2	-52719	-84968	-8320	-52637	-113715	-80	0	0	NO_PATH	0	0	data/spawns/Others/KrateisCube.xml|data/stats/players/templates/StartingClass/OrcFighter.xml|data/stats/players/templates/StartingClass/OrcMystic.xml|data/spawns/OrcTerritory/OrcStarting.xml
bridge.35754958354731f354ac503d	component.a15eac19b29dbd838fc4cf11	32768	12	F	population.ingress.dwarf.06	generated.farm.a4122c4a8bed91d0e6a70bc3.anchor	108576	-174122	-408	107302	-145184	-3656	0	0	NO_PATH	0	0	data/stats/players/templates/StartingClass/DwarvenFighter.xml|data/spawns/Others/PlunderousPlains.xml
bridge.357ab5f8cfd8d99b1d08dc18	component.e0efb8466cb69704c6f63b79	32768	4	F	population.ingress.dark-elf.02	generated.farm.3bbbcdb43022c7bf23796fb4.anchor	28302	11008	-4232	15590	-17440	-3224	0	0	NO_PATH	0	0	data/stats/players/templates/StartingClass/DarkFighter.xml|data/stats/players/templates/StartingClass/DarkMystic.xml|data/spawns/Rune/PrimevalIsle.xml
bridge.35b4f7be3e4498924717065d	component.6649966768b82f83ad664d97	32768	1	F	population.farming.orc.20535	generated.farm.39e870280a474549df7725fe.anchor	-49106	-115854	-160	-21626	-116308	-2984	0	0	NO_PATH	0	0	data/spawns/OrcTerritory/OrcStarting.xml|data/spawns/OrcTerritory/OrcStarting.xml
bridge.35d939b0706385a6594b7bbe	component.40dbfe62843fbb4b5737b50d	32768	12	R	generated.farm.180cbb100c457687c431e3bd.anchor	population.ingress.elf.03	24749	41076	-3696	46182	41198	-3504	0	0	NO_PATH	0	0	data/spawns/ElvenTerritory/ElvenStarting.xml|data/stats/players/templates/StartingClass/ElvenFighter.xml|data/stats/players/templates/StartingClass/ElvenMystic.xml
bridge.35f6959464f2f5565e78d65c	component.d4f263a6130862446fcab68a	16384	1	F	population.route.dwarf.a2	generated.farm.f9312932904adae788963399.anchor	110948	-173435	-584	108605	-160621	-1688	0	0	NO_PATH	0	0	data/stats/players/templates/StartingClass/DwarvenFighter.xml|data/spawns/DwarvenTerritory/DwarvenStarting.xml|data/spawns/Others/PlunderousPlains.xml
bridge.362cbd0684b36ef1e6a504ea	component.fa8902bdab910bb205f46118	16384	7	F	population.route.dwarf.a4	generated.farm.e906a4f684b66f9c100d44e1.anchor	113508	-174203	-608	114049	-161398	-1480	0	0	NO_PATH	0	0	data/stats/players/templates/StartingClass/DwarvenFighter.xml|data/spawns/DwarvenTerritory/DwarvenStarting.xml|data/spawns/Others/PlunderousPlains.xml
bridge.3654cf1893c4fc6d818b0e1d	component.20a0c83d40a7bb22c26e0395	32768	1	R	generated.farm.f137dbbc3ac90f445b806c09.anchor	population.ingress.dark-elf.03	25328	-15199	-2744	28377	10916	-4232	0	0	NO_PATH	0	0	data/spawns/Rune/PrimevalIsle.xml|data/stats/players/templates/StartingClass/DarkFighter.xml|data/stats/players/templates/StartingClass/DarkMystic.xml
bridge.365e928514c6b201975275b8	component.7b0a8695c70b29d38ea2d7b7	32768	4	R	generated.farm.bf71e830d9839ea5032228a3.anchor	population.ingress.orc.02	-48725	-86968	-8320	-56686	-113470	-672	0	0	NO_PATH	0	0	data/spawns/Others/KrateisCube.xml|data/stats/players/templates/StartingClass/OrcFighter.xml|data/stats/players/templates/StartingClass/OrcMystic.xml
bridge.36612b131f26078ff709d0bf	component.e0efb8466cb69704c6f63b79	32768	10	F	population.farming.dark-elf.20529	generated.farm.3bbbcdb43022c7bf23796fb4.anchor	25308	13254	-3648	15590	-17440	-3224	0	0	NO_PATH	0	0	data/spawns/DarkElfTerritory/DarkElfStarting.xml|data/spawns/Rune/PrimevalIsle.xml
bridge.3667ed007378b2fa0389c079	component.40dbfe62843fbb4b5737b50d	32768	3	R	generated.farm.180cbb100c457687c431e3bd.anchor	population.farming.elf.20534	24749	41076	-3696	44126	42751	-3488	0	0	NO_PATH	0	0	data/spawns/ElvenTerritory/ElvenStarting.xml|data/spawns/ElvenTerritory/ElvenStarting.xml
bridge.368622fd36e43bf2a3d840b4	component.b8a1ba9dfc02a229569e9998	32768	6	R	generated.farm.c246ebe1e9f6c73e829b2d38.anchor	population.ingress.dark-elf.01	22054	-11514	-2720	28295	11063	-4232	0	0	NO_PATH	0	0	data/spawns/Rune/PrimevalIsle.xml|data/stats/players/templates/StartingClass/DarkFighter.xml|data/stats/players/templates/StartingClass/DarkMystic.xml
bridge.369bf39d295400fabdb6e07d	component.d2768e1382c5c1b8ae3c6408	32768	9	R	generated.farm.c559aedb44e0cf87e1fb32c9.anchor	population.route.dwarf.i03-w0	108605	-150431	-2328	108552	-174024	-408	0	0	NO_PATH	0	0	data/spawns/Others/PlunderousPlains.xml|data/stats/players/templates/StartingClass/DwarvenFighter.xml|data/spawns/DwarvenTerritory/DwarvenStarting.xml
bridge.36a9aca2b678da1b52c6db94	component.f5ec43735be4685d0f522b55	32768	10	F	population.route.orc.a4	generated.farm.c7902e29cb3795a4ce8dcf2c.anchor	-50077	-115763	-160	-50720	-86977	-8320	0	0	NO_PATH	0	0	data/stats/players/templates/StartingClass/OrcFighter.xml|data/stats/players/templates/StartingClass/OrcMystic.xml|data/spawns/OrcTerritory/OrcStarting.xml|data/spawns/Others/KrateisCube.xml
bridge.36d9896e545f0c577221a467	component.e04c7af9711cc5dd2a0ac987	16384	5	F	population.route.human-mystic.b1	generated.farm.c566a65e22d07a92230b56a2.anchor	-90072	248328	-3568	-95163	237296	-3408	0	0	NO_PATH	0	0	data/stats/players/templates/StartingClass/HumanMystic.xml|data/spawns/TalkingIsland/TalkingIslandMonsters.xml|data/spawns/TalkingIsland/TalkingIslandMonsters.xml
bridge.36eef0bca85700bb88832a86	component.7b0a8695c70b29d38ea2d7b7	32768	11	R	generated.farm.bf71e830d9839ea5032228a3.anchor	population.farming.orc.20535	-48725	-86968	-8320	-49106	-115854	-160	0	0	NO_PATH	0	0	data/spawns/Others/KrateisCube.xml|data/spawns/OrcTerritory/OrcStarting.xml
bridge.37230e41ecbc64ac2345f351	component.6b63e9a22c52715dd6894332	8192	9	R	generated.farm.68243117d5885fe09a0b57bc.anchor	generated.farm.428b85922009e44829ae2db0.anchor	43767	37445	-3512	46131	41458	-3504	0	0	NO_PATH	0	0	data/spawns/ElvenTerritory/ElvenStarting.xml|data/spawns/Others/Gremlins.xml
bridge.37262af6ef6fbe8b1d4fb8e7	component.635e8cdeb1b598aac805b64c	32768	6	R	talking-island.farming.gludio31-1624-11s	population.route.human-mystic.a1	-103448	227187	-3672	-89304	249848	-3568	0	0	NO_PATH	0	0	data/spawns/TalkingIsland/TalkingIslandMonsters.xml|data/stats/players/templates/StartingClass/HumanMystic.xml|data/spawns/TalkingIsland/TalkingIslandMonsters.xml
bridge.373d279610ad9c8bff65a18f	component.16897e3b9846dd267a30bfc1	32768	16	F	population.ingress.dark-elf.04	generated.farm.08f4fb3b22c13f96f311c779.anchor	28456	10997	-4232	20813	-14323	-3040	0	0	NO_PATH	0	0	data/stats/players/templates/StartingClass/DarkFighter.xml|data/stats/players/templates/StartingClass/DarkMystic.xml|data/spawns/Rune/PrimevalIsle.xml
bridge.375723d1a6a836c010596733	component.b8a1ba9dfc02a229569e9998	32768	7	R	generated.farm.c246ebe1e9f6c73e829b2d38.anchor	generated.farm.36714f071123eedc9cac6c05.anchor	22054	-11514	-2720	28436	11041	-4232	0	0	NO_PATH	0	0	data/spawns/Rune/PrimevalIsle.xml|data/spawns/Others/Gremlins.xml
bridge.376532b05c029ca653eb7a6c	component.89c4c607fc4fee76637095fd	16384	13	R	generated.farm.519759dffe4a0803b970d3ee.anchor	generated.farm.58356b4e9844a379fecfbaf6.anchor	48712	55466	-3464	42118	41401	-3488	0	0	NO_PATH	0	0	data/spawns/ElvenTerritory/ElvenStarting.xml|data/spawns/ElvenTerritory/ElvenStarting.xml
bridge.379fb53c2c781b0a5db24546	component.d4f263a6130862446fcab68a	16384	7	F	population.ingress.dwarf.04	generated.farm.f9312932904adae788963399.anchor	108512	-174026	-408	108605	-160621	-1688	0	0	NO_PATH	0	0	data/stats/players/templates/StartingClass/DwarvenFighter.xml|data/spawns/Others/PlunderousPlains.xml
bridge.37a06e0dec483385e6099399	component.a2230627cce424b0593fedc6	32768	11	F	population.ingress.dark-elf.06	generated.farm.08a347f7f13696479813918f.anchor	28395	11127	-4232	15644	-8311	-3248	0	0	NO_PATH	0	0	data/stats/players/templates/StartingClass/DarkFighter.xml|data/stats/players/templates/StartingClass/DarkMystic.xml|data/spawns/Rune/PrimevalIsle.xml
bridge.37ade8834ae2c3281723243e	component.b8a1ba9dfc02a229569e9998	32768	10	R	generated.farm.c246ebe1e9f6c73e829b2d38.anchor	population.farming.dark-elf.20529	22054	-11514	-2720	25308	13254	-3648	0	0	NO_PATH	0	0	data/spawns/Rune/PrimevalIsle.xml|data/spawns/DarkElfTerritory/DarkElfStarting.xml
bridge.37c5ed2c80eef23f1bec30f4	component.676d590e1ef5b84f1370c554	16384	7	R	generated.farm.272004e5a17cd0446730abe2.anchor	generated.farm.1e2d5a3becf8fd2f9e656d54.anchor	118008	-201492	-3624	128484	-211404	-3408	0	0	NO_PATH	0	0	data/spawns/DwarvenTerritory/DwarvenStarting.xml|data/spawns/DwarvenTerritory/DwarvenStarting.xml
bridge.37d9b40c1f6fdce03df0e4a7	component.89c4c607fc4fee76637095fd	16384	7	F	population.ingress.elf.03	generated.farm.519759dffe4a0803b970d3ee.anchor	46182	41198	-3504	48712	55466	-3464	0	0	NO_PATH	0	0	data/stats/players/templates/StartingClass/ElvenFighter.xml|data/stats/players/templates/StartingClass/ElvenMystic.xml|data/spawns/ElvenTerritory/ElvenStarting.xml
bridge.37e13ead092f887e44912240	component.fa8902bdab910bb205f46118	16384	2	R	generated.farm.e906a4f684b66f9c100d44e1.anchor	population.farming.dwarf.20533	114049	-161398	-1480	114966	-172886	-672	0	0	NO_PATH	0	0	data/spawns/Others/PlunderousPlains.xml|data/spawns/DwarvenTerritory/DwarvenStarting.xml
bridge.37e5b5926333eee9a909596a	component.7e882b0664c31928ac9f5caa	32768	15	F	population.ingress.dwarf.05	generated.farm.12923521d58d7301f63fd56a.anchor	108549	-174075	-408	117133	-149832	-2352	0	0	NO_PATH	0	0	data/stats/players/templates/StartingClass/DwarvenFighter.xml|data/spawns/Others/PlunderousPlains.xml
bridge.37fe9f2dda987d16642ee145	component.d1bd433314f456b9fe85fbdf	32768	1	F	population.farming.orc.20535	generated.farm.0d7c07144eea5c608cf6c8cf.anchor	-49106	-115854	-160	-25035	-119836	-1968	0	0	NO_PATH	0	0	data/spawns/OrcTerritory/OrcStarting.xml|data/spawns/OrcTerritory/OrcStarting.xml
bridge.3836ff3e6ab0818ab784e48c	component.e837182a129d9a9bac7e6672	8192	3	R	generated.farm.1bc0806803391550b59b5dd7.anchor	generated.farm.ccd05d96d24167ee9a70c395.anchor	173413	-187077	-488	173397	-189657	-2016	0	0	PATH_SEGMENT_BLOCKED	0	0	data/spawns/DwarvenTerritory/DwarvenStarting.xml|data/spawns/DwarvenTerritory/DwarvenStarting.xml
bridge.383ab10c56f03aeb90b7a3de	component.e0efb8466cb69704c6f63b79	32768	8	F	population.ingress.dark-elf.05	generated.farm.3bbbcdb43022c7bf23796fb4.anchor	28461	11044	-4232	15590	-17440	-3224	0	0	NO_PATH	0	0	data/stats/players/templates/StartingClass/DarkFighter.xml|data/stats/players/templates/StartingClass/DarkMystic.xml|data/spawns/Rune/PrimevalIsle.xml
bridge.3849d631fbd05569439dd480	component.d1bd433314f456b9fe85fbdf	32768	4	F	population.route.orc.a2	generated.farm.0d7c07144eea5c608cf6c8cf.anchor	-52637	-113715	-80	-25035	-119836	-1968	0	0	NO_PATH	0	0	data/stats/players/templates/StartingClass/OrcFighter.xml|data/stats/players/templates/StartingClass/OrcMystic.xml|data/spawns/OrcTerritory/OrcStarting.xml|data/spawns/OrcTerritory/OrcStarting.xml
bridge.3865a57f58769c02e5ed189c	component.e45c121434ca6df869eac805	16384	1	R	generated.farm.2f28e5148a38d8f4c4959a1d.anchor	population.farming.orc.20535	-39917	-109286	-1800	-49106	-115854	-160	0	0	NO_PATH	0	0	data/spawns/OrcTerritory/OrcStarting.xml|data/spawns/OrcTerritory/OrcStarting.xml
bridge.38aa9df2120469602e092475	component.73f096cfc3045644558d7b95	16384	6	R	generated.farm.32584ca994d21c1731c3d66e.anchor	population.route.orc.a2	-39537	-105269	-2704	-52637	-113715	-80	0	0	NO_PATH	0	0	data/spawns/OrcTerritory/OrcStarting.xml|data/stats/players/templates/StartingClass/OrcFighter.xml|data/stats/players/templates/StartingClass/OrcMystic.xml|data/spawns/OrcTerritory/OrcStarting.xml
bridge.3954207cb379bceac8d466ca	component.e45c121434ca6df869eac805	16384	5	F	population.route.orc.a1	generated.farm.2f28e5148a38d8f4c4959a1d.anchor	-54685	-113715	-520	-39917	-109286	-1800	0	0	NO_PATH	0	0	data/stats/players/templates/StartingClass/OrcFighter.xml|data/stats/players/templates/StartingClass/OrcMystic.xml|data/spawns/OrcTerritory/OrcStarting.xml|data/spawns/OrcTerritory/OrcStarting.xml
bridge.397b4556436bd0448da054e3	component.63defb22486d49c052a69667	32768	4	R	generated.farm.946a41fbbc63614320c02954.anchor	generated.farm.428b85922009e44829ae2db0.anchor	53398	63278	-3480	46131	41458	-3504	0	0	NO_PATH	0	0	data/spawns/ElvenTerritory/ElvenStarting.xml|data/spawns/Others/Gremlins.xml
bridge.39a39bb8b6071ddaf8e27d0e	component.7fa3659f0208cf5e905507bb	32768	1	F	population.route.dark-elf.a2	generated.farm.67e7b738e88cc6c0f12d73f7.anchor	25720	11288	-3720	2909	-9872	-3744	0	0	NO_PATH	0	0	data/stats/players/templates/StartingClass/DarkFighter.xml|data/stats/players/templates/StartingClass/DarkMystic.xml|data/spawns/DarkElfTerritory/DarkElfStarting.xml|data/spawns/Rune/PrimevalIsle.xml
bridge.39e8209c3e739dd03b6ab378	component.79ad21df45b89fa5bb86a4fd	32768	7	F	population.ingress.elf.03	generated.farm.5dc8ced237dc324aa37b6530.anchor	46182	41198	-3504	51605	70249	-3408	0	0	NO_PATH	0	0	data/stats/players/templates/StartingClass/ElvenFighter.xml|data/stats/players/templates/StartingClass/ElvenMystic.xml|data/spawns/ElvenTerritory/ElvenStarting.xml
bridge.39eff3fb2110bf839515af87	component.18c9e4ee0311769668b2eb74	8192	7	R	generated.farm.74718a641fa7e78154fea892.anchor	population.route.kamael.a1	-125620	37399	1176	-125400	38408	1184	0	0	VALID_DIRECT	1033	1	data/spawns/Others/Gremlins.xml|data/stats/players/templates/StartingClass/KamaelMaleSoldier.xml|data/stats/players/templates/StartingClass/KamaelFemaleSoldier.xml|data/spawns/Kamael/IsleOfSouls.xml
bridge.3a0046a1ff2c84e096172418	component.01b441ae383a1b39494050f4	32768	10	R	generated.farm.9cf6fa1ef953b5b33ff9fe37.anchor	population.farming.dark-elf.20529	13666	-12273	-3024	25308	13254	-3648	0	0	NO_PATH	0	0	data/spawns/Rune/PrimevalIsle.xml|data/spawns/DarkElfTerritory/DarkElfStarting.xml
bridge.3a51c30c0fe7dae290352d69	component.87a65b1ce32b28202691c2c8	32768	3	R	generated.farm.ac1e437a00c50adb5285e40a.anchor	population.route.orc.a1	-44720	-86972	-8320	-54685	-113715	-520	0	0	NO_PATH	0	0	data/spawns/Others/KrateisCube.xml|data/stats/players/templates/StartingClass/OrcFighter.xml|data/stats/players/templates/StartingClass/OrcMystic.xml|data/spawns/OrcTerritory/OrcStarting.xml
bridge.3a66806a7ed3a845b6dee5c4	component.a2230627cce424b0593fedc6	32768	4	F	population.ingress.dark-elf.02	generated.farm.08a347f7f13696479813918f.anchor	28302	11008	-4232	15644	-8311	-3248	0	0	NO_PATH	0	0	data/stats/players/templates/StartingClass/DarkFighter.xml|data/stats/players/templates/StartingClass/DarkMystic.xml|data/spawns/Rune/PrimevalIsle.xml
bridge.3a6be3aa689042e28bdb975e	component.de636b0f82c1f5ec50237e13	32768	10	R	generated.farm.c726e41f56667ee82aa4fd6f.anchor	generated.farm.768fa444a79123489bd7aa1d.anchor	118561	-195056	-3552	137660	-202383	-3664	0	0	NO_PATH	0	0	data/spawns/DwarvenTerritory/DwarvenStarting.xml|data/spawns/DwarvenTerritory/DwarvenStarting.xml
bridge.3aa95aaa752d6c0113a46078	component.b0959173bd82d4b722b2be8c	32768	13	R	generated.farm.817474512080c1dba8f8cd5f.anchor	population.ingress.dark-elf.02	23315	-10716	-2648	28302	11008	-4232	0	0	NO_PATH	0	0	data/spawns/Rune/PrimevalIsle.xml|data/stats/players/templates/StartingClass/DarkFighter.xml|data/stats/players/templates/StartingClass/DarkMystic.xml
bridge.3afe449e41f3f4c73caef713	component.7e882b0664c31928ac9f5caa	32768	8	R	generated.farm.12923521d58d7301f63fd56a.anchor	generated.farm.ea72d768f3c8ec3d79c1a530.anchor	117133	-149832	-2352	116056	-175091	-1016	0	0	NO_PATH	0	0	data/spawns/Others/PlunderousPlains.xml|data/spawns/DwarvenTerritory/DwarvenStarting.xml
bridge.3b4d4b8ff22a8039591b5255	component.c4a3508d330e9bb2f8bdfabb	32768	7	F	population.ingress.orc.03	generated.farm.1050dd36c58d668d206a6075.anchor	-56728	-113610	-672	-48721	-84968	-8320	0	0	NO_PATH	0	0	data/stats/players/templates/StartingClass/OrcFighter.xml|data/stats/players/templates/StartingClass/OrcMystic.xml|data/spawns/Others/KrateisCube.xml
bridge.3ba9ea27eaf54b7442cc5757	component.c8a8b60142ed368a7d7be480	32768	4	F	population.route.dark-elf.a2	generated.farm.c2052fbe0b07e84a519406a1.anchor	25720	11288	-3720	23826	-18715	-2768	0	0	NO_PATH	0	0	data/stats/players/templates/StartingClass/DarkFighter.xml|data/stats/players/templates/StartingClass/DarkMystic.xml|data/spawns/DarkElfTerritory/DarkElfStarting.xml|data/spawns/Rune/PrimevalIsle.xml
bridge.3babc6374932c69e9bf6d902	component.43988bed6a656186e489a9b7	32768	11	R	generated.farm.4d58dd1be9d4b93272b379ec.anchor	population.ingress.elf.06	49877	22679	-5512	45978	41196	-3504	0	0	NO_PATH	0	0	data/spawns/Oren/SeaOfSpores.xml|data/stats/players/templates/StartingClass/ElvenFighter.xml|data/stats/players/templates/StartingClass/ElvenMystic.xml
bridge.3bd258465f5239370b5aef9f	component.21c159db00da4bc03daf51c5	32768	10	R	generated.farm.a0a916d344116254f0d4e3f5.anchor	generated.farm.d6f82637bd6fae44cd109781.anchor	31295	61887	-3544	48366	42521	-3472	0	0	NO_PATH	0	0	data/spawns/ElvenTerritory/ElvenStarting.xml|data/spawns/ElvenTerritory/ElvenStarting.xml
bridge.3bdcf392455ee6ec671e3422	component.f5ec43735be4685d0f522b55	32768	6	F	population.ingress.orc.04	generated.farm.c7902e29cb3795a4ce8dcf2c.anchor	-56693	-113610	-672	-50720	-86977	-8320	0	0	NO_PATH	0	0	data/stats/players/templates/StartingClass/OrcFighter.xml|data/stats/players/templates/StartingClass/OrcMystic.xml|data/spawns/Others/KrateisCube.xml
bridge.3c13e4680f61b7aeac6597e1	component.a99c371149bc249af615a5c3	32768	3	F	population.route.orc.a3	generated.farm.ab5e8f2e7966e479ea160401.anchor	-50845	-113715	-168	-22483	-124604	-2656	0	0	NO_PATH	0	0	data/stats/players/templates/StartingClass/OrcFighter.xml|data/stats/players/templates/StartingClass/OrcMystic.xml|data/spawns/OrcTerritory/OrcStarting.xml|data/spawns/OrcTerritory/OrcStarting.xml
bridge.3c277be22f78a503c3e9b446	component.34034eda8581571932b22786	8192	3	R	generated.farm.e72c2c1fdf7715981415fcdb.anchor	population.route.orc.a4	-49543	-110784	-240	-50077	-115763	-160	0	0	NO_PATH	0	0	data/spawns/OrcTerritory/OrcStarting.xml|data/stats/players/templates/StartingClass/OrcFighter.xml|data/stats/players/templates/StartingClass/OrcMystic.xml|data/spawns/OrcTerritory/OrcStarting.xml
bridge.3c3f05aa79ab7f684c1a9081	component.b0959173bd82d4b722b2be8c	32768	11	F	population.ingress.dark-elf.06	generated.farm.c64e3da0e4c050e99dd0e964.anchor	28395	11127	-4232	25484	-10847	-2480	0	0	NO_PATH	0	0	data/stats/players/templates/StartingClass/DarkFighter.xml|data/stats/players/templates/StartingClass/DarkMystic.xml|data/spawns/Rune/PrimevalIsle.xml
bridge.3c4a7bbc40df18a4e3cd981d	component.e04c7af9711cc5dd2a0ac987	16384	1	R	generated.farm.c566a65e22d07a92230b56a2.anchor	population.ingress.human-mystic.04	-95163	237296	-3408	-90890	248027	-3568	0	0	NO_PATH	0	0	data/spawns/TalkingIsland/TalkingIslandMonsters.xml|data/stats/players/templates/StartingClass/HumanMystic.xml
bridge.3c549a8eb5509f2b72e0f2c0	component.43988bed6a656186e489a9b7	32768	4	R	generated.farm.88cab6697f22f34bf81c16f7.anchor	population.ingress.elf.02	53010	23851	-5384	46117	41247	-3504	0	0	NO_PATH	0	0	data/spawns/Oren/SeaOfSpores.xml|data/stats/players/templates/StartingClass/ElvenFighter.xml|data/stats/players/templates/StartingClass/ElvenMystic.xml
bridge.3c572638316246f6a2e70e6a	component.1331db1a6d957945bfb43b8d	8192	3	F	population.ingress.elf.03	generated.farm.9d9291cb563275968a77e851.anchor	46182	41198	-3504	47907	37504	-3544	0	0	NO_PATH	0	0	data/stats/players/templates/StartingClass/ElvenFighter.xml|data/stats/players/templates/StartingClass/ElvenMystic.xml|data/spawns/ElvenTerritory/ElvenStarting.xml
bridge.3c9dae5ce128fb3e350b4286	component.c8a8b60142ed368a7d7be480	32768	8	F	population.ingress.dark-elf.05	generated.farm.c2052fbe0b07e84a519406a1.anchor	28461	11044	-4232	23826	-18715	-2768	0	0	NO_PATH	0	0	data/stats/players/templates/StartingClass/DarkFighter.xml|data/stats/players/templates/StartingClass/DarkMystic.xml|data/spawns/Rune/PrimevalIsle.xml
bridge.3cd04ab4f1aa3093982bcc45	component.4542949d001791c13737d9b4	8192	8	R	generated.farm.432802d3c2901d9686cb1651.anchor	population.route.human-mystic.a2	-90610	248293	-3568	-89144	249976	-3568	0	0	VALID_PATH	2296	3	data/spawns/Others/Gremlins.xml|data/stats/players/templates/StartingClass/HumanMystic.xml|data/spawns/TalkingIsland/TalkingIslandMonsters.xml
bridge.3ce17b7f26e277764e7f819a	component.c8a8b60142ed368a7d7be480	32768	5	R	generated.farm.c2052fbe0b07e84a519406a1.anchor	population.ingress.dark-elf.04	23826	-18715	-2768	28456	10997	-4232	0	0	NO_PATH	0	0	data/spawns/Rune/PrimevalIsle.xml|data/stats/players/templates/StartingClass/DarkFighter.xml|data/stats/players/templates/StartingClass/DarkMystic.xml
bridge.3d326bbcd739484d797c9384	component.6cb9bd2a57139e6f69dd23f1	32768	9	F	population.ingress.orc.05	generated.farm.b4beace3b35fcf43f7ac6d15.anchor	-56743	-113757	-672	-46718	-86971	-8320	0	0	NO_PATH	0	0	data/stats/players/templates/StartingClass/OrcFighter.xml|data/stats/players/templates/StartingClass/OrcMystic.xml|data/spawns/Others/KrateisCube.xml
bridge.3d96e7f8dc19a2bc0913becd	component.18bacfc235ddd517347d8830	32768	7	R	generated.farm.6cc54f41492a8ebff56a5815.anchor	population.route.dwarf.a1	119130	-144099	-3016	110436	-173947	-528	0	0	NO_PATH	0	0	data/spawns/Others/PlunderousPlains.xml|data/stats/players/templates/StartingClass/DwarvenFighter.xml|data/spawns/DwarvenTerritory/DwarvenStarting.xml
bridge.3d9757f773f7dd1c9a51ac32	component.f0870ecd40f136c705bc5941	32768	5	R	generated.farm.ef0394b1715ca0d66c082465.anchor	population.ingress.orc.01	-44717	-84969	-8320	-56733	-113459	-672	0	0	NO_PATH	0	0	data/spawns/Others/KrateisCube.xml|data/stats/players/templates/StartingClass/OrcFighter.xml|data/stats/players/templates/StartingClass/OrcMystic.xml
bridge.3db09f0f111345fe3c19acfe	component.5170fd1c3e2b6fe2f9af1ad8	8192	5	F	population.route.human-mystic.b1	generated.farm.54772e1b8c2e8c258ff204b4.anchor	-90072	248328	-3568	-94346	250566	-3552	0	0	NO_PATH	0	0	data/stats/players/templates/StartingClass/HumanMystic.xml|data/spawns/TalkingIsland/TalkingIslandMonsters.xml|data/spawns/TalkingIsland/TalkingIslandMonsters.xml
bridge.3ded21665e08bc9890932a9a	component.ac8aaf293b35ddbae57a8843	8192	4	F	population.farming.elf.20534	generated.farm.1a1d5ca5583b453d5a406cfa.anchor	44126	42751	-3488	39605	36319	-3600	0	0	NO_PATH	0	0	data/spawns/ElvenTerritory/ElvenStarting.xml|data/spawns/ElvenTerritory/ElvenStarting.xml
bridge.3dedf115b9524c2913f6d8e8	component.1331db1a6d957945bfb43b8d	8192	11	R	generated.farm.78d792f9dc16f4ce4003c1ae.anchor	population.ingress.elf.02	50626	40925	-3464	46117	41247	-3504	0	0	NO_PATH	0	0	data/spawns/ElvenTerritory/ElvenStarting.xml|data/stats/players/templates/StartingClass/ElvenFighter.xml|data/stats/players/templates/StartingClass/ElvenMystic.xml
bridge.3e72f0d4bccfd6a87c98a46b	component.e9ea386cf0bd55a495081c3d	32768	1	F	generated.farm.58356b4e9844a379fecfbaf6.anchor	elven.farming.oren04-2019-08s	42118	41401	-3488	17170	46114	-3568	0	0	NO_PATH	0	0	data/spawns/ElvenTerritory/ElvenStarting.xml|data/spawns/ElvenTerritory/ElvenStarting.xml
bridge.3e804e9215c049f6858f66d2	component.635e8cdeb1b598aac805b64c	32768	9	F	population.ingress.human-mystic.04	generated.farm.6a1b028f65325f1df40b9a9c.anchor	-90890	248027	-3568	-105224	224600	-3640	0	0	NO_PATH	0	0	data/stats/players/templates/StartingClass/HumanMystic.xml|data/spawns/TalkingIsland/TalkingIslandMonsters.xml
bridge.3e8e8ad314ed92d3e4feec28	component.d4f263a6130862446fcab68a	16384	14	F	population.farming.dwarf.20533	generated.farm.f9312932904adae788963399.anchor	114966	-172886	-672	108605	-160621	-1688	0	0	NO_PATH	0	0	data/spawns/DwarvenTerritory/DwarvenStarting.xml|data/spawns/Others/PlunderousPlains.xml
bridge.3ea25eafaaff886020b25486	component.7e882b0664c31928ac9f5caa	32768	6	F	population.route.dwarf.w2	generated.farm.12923521d58d7301f63fd56a.anchor	110440	-173944	-528	117133	-149832	-2352	0	0	NO_PATH	0	0	data/stats/players/templates/StartingClass/DwarvenFighter.xml|data/spawns/DwarvenTerritory/DwarvenStarting.xml|data/spawns/Others/PlunderousPlains.xml
bridge.3eadbfa6b64bfe774ba86822	component.20a0c83d40a7bb22c26e0395	32768	8	F	population.route.dark-elf.a2	generated.farm.f137dbbc3ac90f445b806c09.anchor	25720	11288	-3720	25328	-15199	-2744	0	0	NO_PATH	0	0	data/stats/players/templates/StartingClass/DarkFighter.xml|data/stats/players/templates/StartingClass/DarkMystic.xml|data/spawns/DarkElfTerritory/DarkElfStarting.xml|data/spawns/Rune/PrimevalIsle.xml
bridge.3ed02c71ea69e069fbf1197a	component.676d590e1ef5b84f1370c554	16384	2	R	generated.farm.def39836c97f08ea0cee9080.anchor	generated.farm.1e2d5a3becf8fd2f9e656d54.anchor	119877	-202135	-3456	128484	-211404	-3408	0	0	NO_PATH	0	0	data/spawns/DwarvenTerritory/DwarvenStarting.xml|data/spawns/DwarvenTerritory/DwarvenStarting.xml
bridge.3ef89828f45261a55683a529	component.f5ec43735be4685d0f522b55	32768	9	R	generated.farm.c7902e29cb3795a4ce8dcf2c.anchor	population.ingress.orc.05	-50720	-86977	-8320	-56743	-113757	-672	0	0	NO_PATH	0	0	data/spawns/Others/KrateisCube.xml|data/stats/players/templates/StartingClass/OrcFighter.xml|data/stats/players/templates/StartingClass/OrcMystic.xml
bridge.3f131f3b24e466fc6f7b7641	component.10e204556f859c1b294aeca4	32768	9	F	generated.farm.1e2d5a3becf8fd2f9e656d54.anchor	generated.farm.01d45fe32598e8270dab20b2.anchor	128484	-211404	-3408	157239	-220265	-3600	0	0	NO_PATH	0	0	data/spawns/DwarvenTerritory/DwarvenStarting.xml|data/spawns/DwarvenTerritory/DwarvenStarting.xml
bridge.3f14880e788ef88593f423ca	component.41e35f446ee4f00762502fdb	32768	9	F	generated.farm.36714f071123eedc9cac6c05.anchor	generated.farm.d39331b999c56e6df46c579c.anchor	28436	11041	-4232	1740	22546	-3368	0	0	NO_PATH	0	0	data/spawns/Others/Gremlins.xml|data/spawns/DarkElfTerritory/DarkElfStarting.xml
bridge.3f1ce2f487227ab43794b58b	component.e4f9e8136ac2c3f6c23dec10	8192	1	R	generated.farm.05002a214aeeec9a439af6c7.anchor	generated.farm.8417f5d804225e6423448125.anchor	137776	-212286	-3608	132017	-208635	-3592	0	0	NO_PATH	0	0	data/spawns/DwarvenTerritory/DwarvenStarting.xml|data/spawns/DwarvenTerritory/DwarvenStarting.xml
bridge.3f21ca0c090e28c7fff9ce7d	component.4562799c5dc584243d56e35b	32768	8	F	population.ingress.orc.06	generated.farm.bff7beafbd229e70fb09ec46.anchor	-56682	-113730	-672	-52728	-86971	-8320	0	0	NO_PATH	0	0	data/stats/players/templates/StartingClass/OrcFighter.xml|data/stats/players/templates/StartingClass/OrcMystic.xml|data/spawns/Others/KrateisCube.xml
bridge.3f25cf7ba791aff7062fb222	component.a2230627cce424b0593fedc6	32768	16	F	population.route.dark-elf.a1	generated.farm.84693b93f5c8e61d116707eb.anchor	25992	11112	-3720	15787	-10741	-3304	0	0	NO_PATH	0	0	data/stats/players/templates/StartingClass/DarkFighter.xml|data/stats/players/templates/StartingClass/DarkMystic.xml|data/spawns/DarkElfTerritory/DarkElfStarting.xml|data/spawns/Rune/PrimevalIsle.xml
bridge.3f29ffb0d9ca27d221cff781	component.b0959173bd82d4b722b2be8c	32768	9	F	population.route.dark-elf.a2	generated.farm.817474512080c1dba8f8cd5f.anchor	25720	11288	-3720	23315	-10716	-2648	0	0	NO_PATH	0	0	data/stats/players/templates/StartingClass/DarkFighter.xml|data/stats/players/templates/StartingClass/DarkMystic.xml|data/spawns/DarkElfTerritory/DarkElfStarting.xml|data/spawns/Rune/PrimevalIsle.xml
bridge.3f63ff48e25ce6902c9e583b	component.ba083b6371fa0acdb077e91c	8192	1	F	population.ingress.orc.04	generated.farm.eda8543a4ab4d30e028f9b97.anchor	-56693	-113610	-672	-56273	-113606	-672	0	0	VALID_DIRECT	421	1	data/stats/players/templates/StartingClass/OrcFighter.xml|data/stats/players/templates/StartingClass/OrcMystic.xml|data/spawns/Others/Gremlins.xml
bridge.3f658ebd09c0a60a59f7dcf6	component.7e882b0664c31928ac9f5caa	32768	11	R	generated.farm.12923521d58d7301f63fd56a.anchor	population.ingress.dwarf.02	117133	-149832	-2352	108678	-174002	-408	0	0	NO_PATH	0	0	data/spawns/Others/PlunderousPlains.xml|data/stats/players/templates/StartingClass/DwarvenFighter.xml
bridge.3f6bbe5e4f6496f368951209	component.ac8aaf293b35ddbae57a8843	8192	9	F	population.ingress.elf.05	generated.farm.1a1d5ca5583b453d5a406cfa.anchor	46048	41141	-3504	39605	36319	-3600	0	0	NO_PATH	0	0	data/stats/players/templates/StartingClass/ElvenFighter.xml|data/stats/players/templates/StartingClass/ElvenMystic.xml|data/spawns/ElvenTerritory/ElvenStarting.xml
bridge.3f87a3dcfc5aabd0ff4b357f	component.6e7449d40cf7c2785c9bf89b	8192	1	F	population.route.human-mystic.b1	generated.farm.bfb0335de417bc81a7e9b231.anchor	-90072	248328	-3568	-88052	241579	-3600	0	0	NO_PATH	0	0	data/stats/players/templates/StartingClass/HumanMystic.xml|data/spawns/TalkingIsland/TalkingIslandMonsters.xml|data/spawns/TalkingIsland/TalkingIslandMonsters.xml
bridge.3fa9618cce1d8173089eca23	component.cf7fc1a377a3ee4f1cd13c38	8192	2	R	generated.farm.dcbfae7bd58c752ca4f1e7ca.anchor	population.ingress.dwarf.01	108695	-173878	-400	108644	-173947	-408	0	0	VALID_PATH	122	4	data/spawns/Others/Gremlins.xml|data/stats/players/templates/StartingClass/DwarvenFighter.xml
bridge.4073bbef304bec2573833cce	component.21c159db00da4bc03daf51c5	32768	10	F	generated.farm.d6f82637bd6fae44cd109781.anchor	generated.farm.a0a916d344116254f0d4e3f5.anchor	48366	42521	-3472	31295	61887	-3544	0	0	NO_PATH	0	0	data/spawns/ElvenTerritory/ElvenStarting.xml|data/spawns/ElvenTerritory/ElvenStarting.xml
bridge.40a73cb461058f880b4e8b22	component.c4a3508d330e9bb2f8bdfabb	32768	8	F	population.ingress.orc.06	generated.farm.1050dd36c58d668d206a6075.anchor	-56682	-113730	-672	-48721	-84968	-8320	0	0	NO_PATH	0	0	data/stats/players/templates/StartingClass/OrcFighter.xml|data/stats/players/templates/StartingClass/OrcMystic.xml|data/spawns/Others/KrateisCube.xml
bridge.40ba906ab17c014d611634a9	component.7e882b0664c31928ac9f5caa	32768	5	R	generated.farm.12923521d58d7301f63fd56a.anchor	population.route.dwarf.a4	117133	-149832	-2352	113508	-174203	-608	0	0	NO_PATH	0	0	data/spawns/Others/PlunderousPlains.xml|data/stats/players/templates/StartingClass/DwarvenFighter.xml|data/spawns/DwarvenTerritory/DwarvenStarting.xml
bridge.40df51f5632e3b2997c5d089	component.b0959173bd82d4b722b2be8c	32768	15	F	population.ingress.dark-elf.01	generated.farm.817474512080c1dba8f8cd5f.anchor	28295	11063	-4232	23315	-10716	-2648	0	0	NO_PATH	0	0	data/stats/players/templates/StartingClass/DarkFighter.xml|data/stats/players/templates/StartingClass/DarkMystic.xml|data/spawns/Rune/PrimevalIsle.xml
bridge.4119f23830779f4c3145f842	component.2c7e3c336954be75db3a7f7d	32768	7	F	population.ingress.dark-elf.01	generated.farm.9eb7152622bad01eeb33f1c4.anchor	28295	11063	-4232	25906	-16833	-2744	0	0	NO_PATH	0	0	data/stats/players/templates/StartingClass/DarkFighter.xml|data/stats/players/templates/StartingClass/DarkMystic.xml|data/spawns/Rune/PrimevalIsle.xml
bridge.412e97639d541786453cfc2d	component.fa8902bdab910bb205f46118	16384	6	R	generated.farm.e906a4f684b66f9c100d44e1.anchor	generated.farm.ed8992f2edcbacf7c4f24608.anchor	114049	-161398	-1480	117968	-173208	-432	0	0	NO_PATH	0	0	data/spawns/Others/PlunderousPlains.xml|data/spawns/DwarvenTerritory/DwarvenStarting.xml
bridge.4168ae51acf2d98b9d51598c	component.34034eda8581571932b22786	8192	9	F	population.ingress.orc.03	generated.farm.e72c2c1fdf7715981415fcdb.anchor	-56728	-113610	-672	-49543	-110784	-240	0	0	NO_PATH	0	0	data/stats/players/templates/StartingClass/OrcFighter.xml|data/stats/players/templates/StartingClass/OrcMystic.xml|data/spawns/OrcTerritory/OrcStarting.xml
bridge.417401fc237f36a7fdb5927d	component.10e204556f859c1b294aeca4	32768	3	F	generated.farm.768fa444a79123489bd7aa1d.anchor	generated.farm.01d45fe32598e8270dab20b2.anchor	137660	-202383	-3664	157239	-220265	-3600	0	0	NO_PATH	0	0	data/spawns/DwarvenTerritory/DwarvenStarting.xml|data/spawns/DwarvenTerritory/DwarvenStarting.xml
bridge.41bdb9c5932e63ad4583c0fc	component.de636b0f82c1f5ec50237e13	32768	7	R	generated.farm.c726e41f56667ee82aa4fd6f.anchor	generated.farm.ea72d768f3c8ec3d79c1a530.anchor	118561	-195056	-3552	116056	-175091	-1016	0	0	NO_PATH	0	0	data/spawns/DwarvenTerritory/DwarvenStarting.xml|data/spawns/DwarvenTerritory/DwarvenStarting.xml
bridge.41c29640bce7a1e48689e178	component.9fbefbbe289820cb000eadf1	32768	7	R	generated.farm.17667c6c78e20a9fb3c4ae08.anchor	population.ingress.orc.03	-52719	-84968	-8320	-56728	-113610	-672	0	0	NO_PATH	0	0	data/spawns/Others/KrateisCube.xml|data/stats/players/templates/StartingClass/OrcFighter.xml|data/stats/players/templates/StartingClass/OrcMystic.xml
bridge.41c2d397830153657ed041e9	component.a2230627cce424b0593fedc6	32768	8	F	population.ingress.dark-elf.04	generated.farm.08a347f7f13696479813918f.anchor	28456	10997	-4232	15644	-8311	-3248	0	0	NO_PATH	0	0	data/stats/players/templates/StartingClass/DarkFighter.xml|data/stats/players/templates/StartingClass/DarkMystic.xml|data/spawns/Rune/PrimevalIsle.xml
bridge.4241156034a02197e9bc22b9	component.41e35f446ee4f00762502fdb	32768	3	R	generated.farm.d39331b999c56e6df46c579c.anchor	population.route.dark-elf.a2	1740	22546	-3368	25720	11288	-3720	0	0	NO_PATH	0	0	data/spawns/DarkElfTerritory/DarkElfStarting.xml|data/stats/players/templates/StartingClass/DarkFighter.xml|data/stats/players/templates/StartingClass/DarkMystic.xml|data/spawns/DarkElfTerritory/DarkElfStarting.xml
bridge.426e3ce0eac123c8f04ce60b	component.ac8aaf293b35ddbae57a8843	8192	13	F	population.ingress.elf.01	generated.farm.1a1d5ca5583b453d5a406cfa.anchor	46045	41251	-3504	39605	36319	-3600	0	0	NO_PATH	0	0	data/stats/players/templates/StartingClass/ElvenFighter.xml|data/stats/players/templates/StartingClass/ElvenMystic.xml|data/spawns/ElvenTerritory/ElvenStarting.xml
bridge.42db2bfa871f3dbb1a8a56d4	component.5170fd1c3e2b6fe2f9af1ad8	8192	4	R	generated.farm.54772e1b8c2e8c258ff204b4.anchor	population.ingress.human-mystic.04	-94346	250566	-3552	-90890	248027	-3568	0	0	NO_PATH	0	0	data/spawns/TalkingIsland/TalkingIslandMonsters.xml|data/stats/players/templates/StartingClass/HumanMystic.xml
bridge.42f217e8b3aa4c0d9c1a1abc	component.01b441ae383a1b39494050f4	32768	6	F	population.ingress.dark-elf.04	generated.farm.9cf6fa1ef953b5b33ff9fe37.anchor	28456	10997	-4232	13666	-12273	-3024	0	0	NO_PATH	0	0	data/stats/players/templates/StartingClass/DarkFighter.xml|data/stats/players/templates/StartingClass/DarkMystic.xml|data/spawns/Rune/PrimevalIsle.xml
bridge.433466cc68f6ad181b29d480	component.b8a1ba9dfc02a229569e9998	32768	11	R	generated.farm.c246ebe1e9f6c73e829b2d38.anchor	population.route.dark-elf.a3	22054	-11514	-2720	25304	13256	-3648	0	0	NO_PATH	0	0	data/spawns/Rune/PrimevalIsle.xml|data/stats/players/templates/StartingClass/DarkFighter.xml|data/stats/players/templates/StartingClass/DarkMystic.xml|data/spawns/DarkElfTerritory/DarkElfStarting.xml
bridge.4339a1da7dc5104f29566840	component.e0efb8466cb69704c6f63b79	32768	10	R	generated.farm.3bbbcdb43022c7bf23796fb4.anchor	population.farming.dark-elf.20529	15590	-17440	-3224	25308	13254	-3648	0	0	NO_PATH	0	0	data/spawns/Rune/PrimevalIsle.xml|data/spawns/DarkElfTerritory/DarkElfStarting.xml
bridge.436baa7537748ae93997127c	component.18c9e4ee0311769668b2eb74	8192	13	R	generated.farm.74718a641fa7e78154fea892.anchor	population.route.kamael.d2	-125620	37399	1176	-124024	38072	1184	0	0	VALID_DIRECT	1733	1	data/spawns/Others/Gremlins.xml|data/stats/players/templates/StartingClass/KamaelMaleSoldier.xml|data/stats/players/templates/StartingClass/KamaelFemaleSoldier.xml|data/spawns/Kamael/IsleOfSouls.xml
bridge.43883ef6742871cfe269236d	component.093885e4dafbe6ffb61aca3e	16384	14	R	generated.farm.f738e4c5c0d04e971986b2ee.anchor	population.ingress.elf.02	52427	26652	-5152	46117	41247	-3504	0	0	NO_PATH	0	0	data/spawns/Oren/SeaOfSpores.xml|data/stats/players/templates/StartingClass/ElvenFighter.xml|data/stats/players/templates/StartingClass/ElvenMystic.xml
bridge.438f08218751c07b53ac8283	component.91a9f940fd17192b7296dafb	32768	12	R	generated.farm.2b9973b84571ebc7de64f76c.anchor	population.ingress.dark-elf.03	19794	-10621	-2848	28377	10916	-4232	0	0	NO_PATH	0	0	data/spawns/Rune/PrimevalIsle.xml|data/stats/players/templates/StartingClass/DarkFighter.xml|data/stats/players/templates/StartingClass/DarkMystic.xml
bridge.43a57885a46a0a0a86ddec7f	component.6ed5189c1ad34dcd97c5af56	32768	4	R	generated.farm.728f34d7752261776a8e5fb7.anchor	population.ingress.orc.01	-50719	-84960	-8320	-56733	-113459	-672	0	0	NO_PATH	0	0	data/spawns/Others/KrateisCube.xml|data/stats/players/templates/StartingClass/OrcFighter.xml|data/stats/players/templates/StartingClass/OrcMystic.xml
bridge.43a5e37606e711cb2c4d9c77	component.79ad21df45b89fa5bb86a4fd	32768	1	F	generated.farm.d6f82637bd6fae44cd109781.anchor	generated.farm.5dc8ced237dc324aa37b6530.anchor	48366	42521	-3472	51605	70249	-3408	0	0	NO_PATH	0	0	data/spawns/ElvenTerritory/ElvenStarting.xml|data/spawns/ElvenTerritory/ElvenStarting.xml
bridge.43baba3d11ad78d88947da65	component.de636b0f82c1f5ec50237e13	32768	15	F	population.route.dwarf.a3	generated.farm.a39f58864657ce5b49b26ee3.anchor	112996	-173691	-608	116564	-195406	-3480	0	0	NO_PATH	0	0	data/stats/players/templates/StartingClass/DwarvenFighter.xml|data/spawns/DwarvenTerritory/DwarvenStarting.xml|data/spawns/DwarvenTerritory/DwarvenStarting.xml
bridge.43c0dd4e288fdd29a74a4463	component.b8a1ba9dfc02a229569e9998	32768	2	F	population.route.dark-elf.a2	generated.farm.c246ebe1e9f6c73e829b2d38.anchor	25720	11288	-3720	22054	-11514	-2720	0	0	NO_PATH	0	0	data/stats/players/templates/StartingClass/DarkFighter.xml|data/stats/players/templates/StartingClass/DarkMystic.xml|data/spawns/DarkElfTerritory/DarkElfStarting.xml|data/spawns/Rune/PrimevalIsle.xml
bridge.43c9acb20c1b1965518e1aaa	component.9e6d3547bb369a54417d2a8e	32768	1	F	population.route.orc.a2	generated.farm.8eacaac16a08449c5372ffbc.anchor	-52637	-113715	-80	-52719	-82961	-8320	0	0	NO_PATH	0	0	data/stats/players/templates/StartingClass/OrcFighter.xml|data/stats/players/templates/StartingClass/OrcMystic.xml|data/spawns/OrcTerritory/OrcStarting.xml|data/spawns/Others/KrateisCube.xml
bridge.440afd419d8e3423c34baa6b	component.c005299f6bcae5c6d8af8bb7	32768	6	F	population.ingress.dark-elf.04	generated.farm.7a05c033eabc7172e800caf4.anchor	28456	10997	-4232	14176	-18036	-3120	0	0	NO_PATH	0	0	data/stats/players/templates/StartingClass/DarkFighter.xml|data/stats/players/templates/StartingClass/DarkMystic.xml|data/spawns/Rune/PrimevalIsle.xml
bridge.44517c44e992c02c3de54f8b	component.9fbefbbe289820cb000eadf1	32768	10	F	population.route.orc.a4	generated.farm.17667c6c78e20a9fb3c4ae08.anchor	-50077	-115763	-160	-52719	-84968	-8320	0	0	NO_PATH	0	0	data/stats/players/templates/StartingClass/OrcFighter.xml|data/stats/players/templates/StartingClass/OrcMystic.xml|data/spawns/OrcTerritory/OrcStarting.xml|data/spawns/Others/KrateisCube.xml
bridge.44ab441ebe7bf9e465995bef	component.031481c9c68a70f28b2c5e0d	32768	3	R	generated.farm.6cf5bedf919d093eea69a4d0.anchor	population.route.orc.a1	-44722	-82957	-8320	-54685	-113715	-520	0	0	NO_PATH	0	0	data/spawns/Others/KrateisCube.xml|data/stats/players/templates/StartingClass/OrcFighter.xml|data/stats/players/templates/StartingClass/OrcMystic.xml|data/spawns/OrcTerritory/OrcStarting.xml
bridge.44b4198742185b69686eeff3	component.4542949d001791c13737d9b4	8192	12	F	generated.farm.b2851d4f7a4fbfa0f63fdf67.anchor	generated.farm.432802d3c2901d9686cb1651.anchor	-86401	253927	-3736	-90610	248293	-3568	0	0	NO_PATH	0	0	data/spawns/TalkingIsland/TalkingIslandMonsters.xml|data/spawns/Others/Gremlins.xml
bridge.44cb919cce32cb6fc5db19ae	component.cf7fc1a377a3ee4f1cd13c38	8192	5	F	population.ingress.dwarf.03	generated.farm.dcbfae7bd58c752ca4f1e7ca.anchor	108505	-173964	-408	108695	-173878	-400	0	0	VALID_PATH	310	4	data/stats/players/templates/StartingClass/DwarvenFighter.xml|data/spawns/Others/Gremlins.xml
bridge.44e8d7d144e0981285fd2b9a	component.d2768e1382c5c1b8ae3c6408	32768	5	R	generated.farm.c559aedb44e0cf87e1fb32c9.anchor	population.ingress.dwarf.03	108605	-150431	-2328	108505	-173964	-408	0	0	NO_PATH	0	0	data/spawns/Others/PlunderousPlains.xml|data/stats/players/templates/StartingClass/DwarvenFighter.xml
bridge.44f583e15c029cbdf677311a	component.d4239fbe60250487003bb4fd	32768	5	F	population.ingress.elf.01	generated.farm.c4067c834f12b99e976909a2.anchor	46045	41251	-3504	26607	63533	-3552	0	0	VALID_DIRECT	29569	1	data/stats/players/templates/StartingClass/ElvenFighter.xml|data/stats/players/templates/StartingClass/ElvenMystic.xml|data/spawns/ElvenTerritory/ElvenStarting.xml
bridge.45294619a84057ea1d1e0d01	component.91a9f940fd17192b7296dafb	32768	6	R	generated.farm.c2fab2e4269c72a597f3b7a9.anchor	population.ingress.dark-elf.01	19916	-9610	-2824	28295	11063	-4232	0	0	NO_PATH	0	0	data/spawns/Rune/PrimevalIsle.xml|data/stats/players/templates/StartingClass/DarkFighter.xml|data/stats/players/templates/StartingClass/DarkMystic.xml
bridge.452d63b6d95ab6cdf91043f6	component.c8a8b60142ed368a7d7be480	32768	8	R	generated.farm.c2052fbe0b07e84a519406a1.anchor	population.ingress.dark-elf.05	23826	-18715	-2768	28461	11044	-4232	0	0	NO_PATH	0	0	data/spawns/Rune/PrimevalIsle.xml|data/stats/players/templates/StartingClass/DarkFighter.xml|data/stats/players/templates/StartingClass/DarkMystic.xml
bridge.4565f3d394628066eb7b061e	component.475c48156e62e7e47cb30765	32768	1	F	population.route.orc.a3	generated.farm.bd35d5fb02b6c1c76b448822.anchor	-50845	-113715	-168	-48720	-82958	-8320	0	0	NO_PATH	0	0	data/stats/players/templates/StartingClass/OrcFighter.xml|data/stats/players/templates/StartingClass/OrcMystic.xml|data/spawns/OrcTerritory/OrcStarting.xml|data/spawns/Others/KrateisCube.xml
bridge.45b724aa8129abc34a10c066	component.de636b0f82c1f5ec50237e13	32768	12	F	population.route.dwarf.a4	generated.farm.c726e41f56667ee82aa4fd6f.anchor	113508	-174203	-608	118561	-195056	-3552	0	0	NO_PATH	0	0	data/stats/players/templates/StartingClass/DwarvenFighter.xml|data/spawns/DwarvenTerritory/DwarvenStarting.xml|data/spawns/DwarvenTerritory/DwarvenStarting.xml
bridge.45cd6bc563f2647d857ccc99	component.7b0a8695c70b29d38ea2d7b7	32768	11	F	population.farming.orc.20535	generated.farm.bf71e830d9839ea5032228a3.anchor	-49106	-115854	-160	-48725	-86968	-8320	0	0	NO_PATH	0	0	data/spawns/OrcTerritory/OrcStarting.xml|data/spawns/Others/KrateisCube.xml
bridge.45f0e126f1b0b3be07c3c8f8	component.c005299f6bcae5c6d8af8bb7	32768	7	R	generated.farm.7a05c033eabc7172e800caf4.anchor	generated.farm.36714f071123eedc9cac6c05.anchor	14176	-18036	-3120	28436	11041	-4232	0	0	NO_PATH	0	0	data/spawns/Rune/PrimevalIsle.xml|data/spawns/Others/Gremlins.xml
bridge.4604c97cba8a8782b38865be	component.e04c7af9711cc5dd2a0ac987	16384	2	R	generated.farm.c566a65e22d07a92230b56a2.anchor	population.ingress.human-mystic.03	-95163	237296	-3408	-90918	248070	-3568	0	0	NO_PATH	0	0	data/spawns/TalkingIsland/TalkingIslandMonsters.xml|data/stats/players/templates/StartingClass/HumanMystic.xml
bridge.46097fe6c3dba1fcafc03f96	component.7e4161a95ce7d75a795e5571	8192	7	R	generated.farm.7451e61fe8e94f49afb1f9e2.anchor	population.ingress.elf.02	39050	41882	-3592	46117	41247	-3504	0	0	NO_PATH	0	0	data/spawns/ElvenTerritory/ElvenStarting.xml|data/stats/players/templates/StartingClass/ElvenFighter.xml|data/stats/players/templates/StartingClass/ElvenMystic.xml
bridge.463d22d4e8d369ca89ce0fca	component.38e4e0ca1187b4e38d95215c	16384	1	F	generated.farm.768fa444a79123489bd7aa1d.anchor	generated.farm.a2800deed7ee43eb47fe16f5.anchor	137660	-202383	-3664	134667	-187537	-2952	0	0	NO_PATH	0	0	data/spawns/DwarvenTerritory/DwarvenStarting.xml|data/spawns/DwarvenTerritory/DwarvenStarting.xml
bridge.464424d4d19a1af6b94580b3	component.b0959173bd82d4b722b2be8c	32768	14	R	generated.farm.817474512080c1dba8f8cd5f.anchor	population.ingress.dark-elf.04	23315	-10716	-2648	28456	10997	-4232	0	0	NO_PATH	0	0	data/spawns/Rune/PrimevalIsle.xml|data/stats/players/templates/StartingClass/DarkFighter.xml|data/stats/players/templates/StartingClass/DarkMystic.xml
bridge.46493f62adb858b9fed44e62	component.d4f263a6130862446fcab68a	16384	13	R	generated.farm.f9312932904adae788963399.anchor	population.route.dwarf.a3	108605	-160621	-1688	112996	-173691	-608	0	0	NO_PATH	0	0	data/spawns/Others/PlunderousPlains.xml|data/stats/players/templates/StartingClass/DwarvenFighter.xml|data/spawns/DwarvenTerritory/DwarvenStarting.xml
bridge.4651c2b52b6d66f4860b0f32	component.a15eac19b29dbd838fc4cf11	32768	4	F	population.route.dwarf.w1	generated.farm.a4122c4a8bed91d0e6a70bc3.anchor	108728	-173944	-408	107302	-145184	-3656	0	0	NO_PATH	0	0	data/stats/players/templates/StartingClass/DwarvenFighter.xml|data/spawns/DwarvenTerritory/DwarvenStarting.xml|data/spawns/Others/PlunderousPlains.xml
bridge.46731aa6317cf18735696d84	component.ac8aaf293b35ddbae57a8843	8192	10	R	generated.farm.0c00c3760a3ec18fa034d798.anchor	population.ingress.elf.04	38303	39146	-3576	46115	41141	-3504	0	0	NO_PATH	0	0	data/spawns/ElvenTerritory/ElvenStarting.xml|data/stats/players/templates/StartingClass/ElvenFighter.xml|data/stats/players/templates/StartingClass/ElvenMystic.xml
bridge.4690c16ff1f861d1606796d0	component.d2768e1382c5c1b8ae3c6408	32768	2	F	population.farming.dwarf.20533	generated.farm.c559aedb44e0cf87e1fb32c9.anchor	114966	-172886	-672	108605	-150431	-2328	0	0	NO_PATH	0	0	data/spawns/DwarvenTerritory/DwarvenStarting.xml|data/spawns/Others/PlunderousPlains.xml
bridge.469def8bb9b30c44f0265177	component.73d0c59f5bdd9014627ebe4f	32768	10	R	elven.farming.oren04-2019-07s	generated.farm.d6f82637bd6fae44cd109781.anchor	19248	43340	-3712	48366	42521	-3472	0	0	NO_PATH	0	0	data/spawns/ElvenTerritory/ElvenStarting.xml|data/spawns/ElvenTerritory/ElvenStarting.xml
bridge.46a969ddfc8b7c460c17f5b2	component.17d39984ff40b347b4bbe819	8192	3	R	generated.farm.013f818c1372afc740e3cbc2.anchor	generated.farm.77743197e238ebb0e1e3eac2.anchor	174089	-194394	-3464	175207	-189475	-2304	0	0	VALID_DIRECT	5177	1	data/spawns/DwarvenTerritory/DwarvenStarting.xml|data/spawns/DwarvenTerritory/DwarvenStarting.xml
bridge.46d8d173a630f35bd319b459	component.d4f263a6130862446fcab68a	16384	2	F	population.route.dwarf.w1	generated.farm.f9312932904adae788963399.anchor	108728	-173944	-408	108605	-160621	-1688	0	0	NO_PATH	0	0	data/stats/players/templates/StartingClass/DwarvenFighter.xml|data/spawns/DwarvenTerritory/DwarvenStarting.xml|data/spawns/Others/PlunderousPlains.xml
bridge.4720139c4565d48e23fb241f	component.c4a3508d330e9bb2f8bdfabb	32768	2	F	population.route.orc.a2	generated.farm.1050dd36c58d668d206a6075.anchor	-52637	-113715	-80	-48721	-84968	-8320	0	0	NO_PATH	0	0	data/stats/players/templates/StartingClass/OrcFighter.xml|data/stats/players/templates/StartingClass/OrcMystic.xml|data/spawns/OrcTerritory/OrcStarting.xml|data/spawns/Others/KrateisCube.xml
bridge.473919ea4adb9627b7cb509a	component.6ed5189c1ad34dcd97c5af56	32768	8	R	generated.farm.728f34d7752261776a8e5fb7.anchor	population.ingress.orc.06	-50719	-84960	-8320	-56682	-113730	-672	0	0	NO_PATH	0	0	data/spawns/Others/KrateisCube.xml|data/stats/players/templates/StartingClass/OrcFighter.xml|data/stats/players/templates/StartingClass/OrcMystic.xml
bridge.47d787348190890797bd2e85	component.01b441ae383a1b39494050f4	32768	1	R	generated.farm.9cf6fa1ef953b5b33ff9fe37.anchor	population.route.dark-elf.a1	13666	-12273	-3024	25992	11112	-3720	0	0	NO_PATH	0	0	data/spawns/Rune/PrimevalIsle.xml|data/stats/players/templates/StartingClass/DarkFighter.xml|data/stats/players/templates/StartingClass/DarkMystic.xml|data/spawns/DarkElfTerritory/DarkElfStarting.xml
bridge.47e4f3170e6552efae8d7ea0	component.9e6d3547bb369a54417d2a8e	32768	6	R	generated.farm.8eacaac16a08449c5372ffbc.anchor	population.ingress.orc.04	-52719	-82961	-8320	-56693	-113610	-672	0	0	NO_PATH	0	0	data/spawns/Others/KrateisCube.xml|data/stats/players/templates/StartingClass/OrcFighter.xml|data/stats/players/templates/StartingClass/OrcMystic.xml
bridge.48199acffd008f1803d27770	component.de636b0f82c1f5ec50237e13	32768	2	F	generated.farm.8417f5d804225e6423448125.anchor	generated.farm.c726e41f56667ee82aa4fd6f.anchor	132017	-208635	-3592	118561	-195056	-3552	0	0	NO_PATH	0	0	data/spawns/DwarvenTerritory/DwarvenStarting.xml|data/spawns/DwarvenTerritory/DwarvenStarting.xml
bridge.485b546d0f7e2598b60a0646	component.41e35f446ee4f00762502fdb	32768	1	R	generated.farm.d39331b999c56e6df46c579c.anchor	population.route.dark-elf.a3	1740	22546	-3368	25304	13256	-3648	0	0	NO_PATH	0	0	data/spawns/DarkElfTerritory/DarkElfStarting.xml|data/stats/players/templates/StartingClass/DarkFighter.xml|data/stats/players/templates/StartingClass/DarkMystic.xml|data/spawns/DarkElfTerritory/DarkElfStarting.xml
bridge.485c1e0fce8c3ee268461fe4	component.21c159db00da4bc03daf51c5	32768	9	R	generated.farm.a0a916d344116254f0d4e3f5.anchor	population.ingress.elf.04	31295	61887	-3544	46115	41141	-3504	0	0	NO_PATH	0	0	data/spawns/ElvenTerritory/ElvenStarting.xml|data/stats/players/templates/StartingClass/ElvenFighter.xml|data/stats/players/templates/StartingClass/ElvenMystic.xml
bridge.48c1392fee9f4fc3b4d6ea97	component.21c159db00da4bc03daf51c5	32768	7	R	generated.farm.a0a916d344116254f0d4e3f5.anchor	population.ingress.elf.05	31295	61887	-3544	46048	41141	-3504	0	0	NO_PATH	0	0	data/spawns/ElvenTerritory/ElvenStarting.xml|data/stats/players/templates/StartingClass/ElvenFighter.xml|data/stats/players/templates/StartingClass/ElvenMystic.xml
bridge.48d356debc1a9ffce00547fa	component.6bccc4ec500087b1b97f6735	32768	2	F	generated.farm.a0a916d344116254f0d4e3f5.anchor	elven.farming.oren04-2019-11s	31295	61887	-3544	10946	55150	-3472	0	0	NO_PATH	0	0	data/spawns/ElvenTerritory/ElvenStarting.xml|data/spawns/ElvenTerritory/ElvenStarting.xml
bridge.48e3e61ed4c268ea7b84aba2	component.c8a8b60142ed368a7d7be480	32768	15	R	generated.farm.64e1872735f98ad838918703.anchor	population.ingress.dark-elf.01	23186	-20161	-2704	28295	11063	-4232	0	0	NO_PATH	0	0	data/spawns/Rune/PrimevalIsle.xml|data/stats/players/templates/StartingClass/DarkFighter.xml|data/stats/players/templates/StartingClass/DarkMystic.xml
bridge.491d789e91bbb747f55ea944	component.58fa7816fe6f000be807e01c	8192	2	F	population.route.dark-elf.a1	generated.farm.f66a8a0231b2d83dac29cc4d.anchor	25992	11112	-3720	24496	9206	-3584	0	0	VALID_DIRECT	2427	1	data/stats/players/templates/StartingClass/DarkFighter.xml|data/stats/players/templates/StartingClass/DarkMystic.xml|data/spawns/DarkElfTerritory/DarkElfStarting.xml|data/spawns/DarkElfTerritory/DarkElfStarting.xml
bridge.491ec01a5bfd681f24b9aceb	component.0b3ebad1cad3252bc36d343e	32768	1	R	generated.farm.494b07126852bfbc4f41976f.anchor	population.route.orc.a3	-50720	-80960	-8320	-50845	-113715	-168	0	0	NO_PATH	0	0	data/spawns/Others/KrateisCube.xml|data/stats/players/templates/StartingClass/OrcFighter.xml|data/stats/players/templates/StartingClass/OrcMystic.xml|data/spawns/OrcTerritory/OrcStarting.xml
bridge.496633629a01190ea3a7103b	component.6e7449d40cf7c2785c9bf89b	8192	3	F	population.ingress.human-mystic.03	generated.farm.bfb0335de417bc81a7e9b231.anchor	-90918	248070	-3568	-88052	241579	-3600	0	0	NO_PATH	0	0	data/stats/players/templates/StartingClass/HumanMystic.xml|data/spawns/TalkingIsland/TalkingIslandMonsters.xml
bridge.499140c0ccf18d8d756b6c05	component.b0959173bd82d4b722b2be8c	32768	4	R	generated.farm.c64e3da0e4c050e99dd0e964.anchor	population.ingress.dark-elf.02	25484	-10847	-2480	28302	11008	-4232	0	0	NO_PATH	0	0	data/spawns/Rune/PrimevalIsle.xml|data/stats/players/templates/StartingClass/DarkFighter.xml|data/stats/players/templates/StartingClass/DarkMystic.xml
bridge.499f2c0d6183e694f7c6af69	component.093885e4dafbe6ffb61aca3e	16384	4	F	population.ingress.elf.05	generated.farm.21c8e0a71fc1a30fb94fd849.anchor	46048	41141	-3504	57402	30692	-3768	0	0	NO_PATH	0	0	data/stats/players/templates/StartingClass/ElvenFighter.xml|data/stats/players/templates/StartingClass/ElvenMystic.xml|data/spawns/Oren/SeaOfSpores.xml
bridge.49a3e7d0793d011f02aee282	component.7e882b0664c31928ac9f5caa	32768	2	F	generated.farm.ed8992f2edcbacf7c4f24608.anchor	generated.farm.12923521d58d7301f63fd56a.anchor	117968	-173208	-432	117133	-149832	-2352	0	0	NO_PATH	0	0	data/spawns/DwarvenTerritory/DwarvenStarting.xml|data/spawns/Others/PlunderousPlains.xml
bridge.49d42821ca49aa1cfe7e688d	component.43988bed6a656186e489a9b7	32768	8	F	population.ingress.elf.05	generated.farm.4d58dd1be9d4b93272b379ec.anchor	46048	41141	-3504	49877	22679	-5512	0	0	NO_PATH	0	0	data/stats/players/templates/StartingClass/ElvenFighter.xml|data/stats/players/templates/StartingClass/ElvenMystic.xml|data/spawns/Oren/SeaOfSpores.xml
bridge.49dbc68abeafdf150fc82001	component.c005299f6bcae5c6d8af8bb7	32768	6	R	generated.farm.7a05c033eabc7172e800caf4.anchor	population.ingress.dark-elf.04	14176	-18036	-3120	28456	10997	-4232	0	0	NO_PATH	0	0	data/spawns/Rune/PrimevalIsle.xml|data/stats/players/templates/StartingClass/DarkFighter.xml|data/stats/players/templates/StartingClass/DarkMystic.xml
bridge.49ed733382bb5c7cab8d3d26	component.9e6d3547bb369a54417d2a8e	32768	2	R	generated.farm.8eacaac16a08449c5372ffbc.anchor	population.ingress.orc.01	-52719	-82961	-8320	-56733	-113459	-672	0	0	NO_PATH	0	0	data/spawns/Others/KrateisCube.xml|data/stats/players/templates/StartingClass/OrcFighter.xml|data/stats/players/templates/StartingClass/OrcMystic.xml
bridge.49f91867ac5d0c2aec30c3d7	component.1331db1a6d957945bfb43b8d	8192	3	R	generated.farm.9d9291cb563275968a77e851.anchor	population.ingress.elf.03	47907	37504	-3544	46182	41198	-3504	0	0	NO_PATH	0	0	data/spawns/ElvenTerritory/ElvenStarting.xml|data/stats/players/templates/StartingClass/ElvenFighter.xml|data/stats/players/templates/StartingClass/ElvenMystic.xml
bridge.4a3f04e564b53239a1fbb735	component.73d0c59f5bdd9014627ebe4f	32768	8	F	population.ingress.elf.04	elven.farming.oren04-2019-07s	46115	41141	-3504	19248	43340	-3712	0	0	NO_PATH	0	0	data/stats/players/templates/StartingClass/ElvenFighter.xml|data/stats/players/templates/StartingClass/ElvenMystic.xml|data/spawns/ElvenTerritory/ElvenStarting.xml
bridge.4a4c72b560b5a6c2ddb8cdb3	component.6b6dbba2f1367f01991dfe32	32768	5	F	population.ingress.orc.02	generated.farm.59f334c6c58a366ac0ebe3c9.anchor	-56686	-113470	-672	-50720	-82961	-8320	0	0	NO_PATH	0	0	data/stats/players/templates/StartingClass/OrcFighter.xml|data/stats/players/templates/StartingClass/OrcMystic.xml|data/spawns/Others/KrateisCube.xml
bridge.4a7370fe66db5fa785b36755	component.599cc09ce0c3374d4caf469f	32768	1	R	generated.farm.9d67dc7c4da9dc133ce33ff2.anchor	population.ingress.orc.01	-52719	-80959	-8320	-56733	-113459	-672	0	0	NO_PATH	0	0	data/spawns/Others/KrateisCube.xml|data/stats/players/templates/StartingClass/OrcFighter.xml|data/stats/players/templates/StartingClass/OrcMystic.xml
bridge.4a88b0c71b2c7e96be591311	component.ac8aaf293b35ddbae57a8843	8192	8	F	population.ingress.elf.06	generated.farm.1a1d5ca5583b453d5a406cfa.anchor	45978	41196	-3504	39605	36319	-3600	0	0	NO_PATH	0	0	data/stats/players/templates/StartingClass/ElvenFighter.xml|data/stats/players/templates/StartingClass/ElvenMystic.xml|data/spawns/ElvenTerritory/ElvenStarting.xml
bridge.4aaba37a5a0cdc84831904b0	component.635e8cdeb1b598aac805b64c	32768	12	R	generated.farm.6a1b028f65325f1df40b9a9c.anchor	population.ingress.human-mystic.01	-105224	224600	-3640	-90875	248162	-3568	0	0	NO_PATH	0	0	data/spawns/TalkingIsland/TalkingIslandMonsters.xml|data/stats/players/templates/StartingClass/HumanMystic.xml
bridge.4abf6cfb22c05d17dffbf2f8	component.5170fd1c3e2b6fe2f9af1ad8	8192	6	F	population.route.human-mystic.a1	generated.farm.54772e1b8c2e8c258ff204b4.anchor	-89304	249848	-3568	-94346	250566	-3552	0	0	NO_PATH	0	0	data/stats/players/templates/StartingClass/HumanMystic.xml|data/spawns/TalkingIsland/TalkingIslandMonsters.xml|data/spawns/TalkingIsland/TalkingIslandMonsters.xml
bridge.4ad6e95e241bbc71b9b0a831	component.4542949d001791c13737d9b4	8192	9	R	generated.farm.432802d3c2901d9686cb1651.anchor	population.route.human-mystic.guard.30733	-90610	248293	-3568	-87847	250564	-3616	0	0	VALID_PATH	3821	5	data/spawns/Others/Gremlins.xml|data/stats/players/templates/StartingClass/HumanMystic.xml|data/spawns/TalkingIsland/TalkingIslandMonsters.xml|data/stats/npcs/30700-30799.xml
bridge.4ae085fc5fca681ec8b0eafd	component.e9ea386cf0bd55a495081c3d	32768	5	R	elven.farming.oren04-2019-08s	population.ingress.elf.05	17170	46114	-3568	46048	41141	-3504	0	0	NO_PATH	0	0	data/spawns/ElvenTerritory/ElvenStarting.xml|data/stats/players/templates/StartingClass/ElvenFighter.xml|data/stats/players/templates/StartingClass/ElvenMystic.xml
bridge.4ae8a075f0744da8bdfa1069	component.635e8cdeb1b598aac805b64c	32768	5	F	population.route.human-mystic.b1	talking-island.farming.gludio31-1624-11s	-90072	248328	-3568	-103448	227187	-3672	0	0	NO_PATH	0	0	data/stats/players/templates/StartingClass/HumanMystic.xml|data/spawns/TalkingIsland/TalkingIslandMonsters.xml|data/spawns/TalkingIsland/TalkingIslandMonsters.xml
bridge.4ae9dc5ae980544413a26a0b	component.cdd71132d5f4e86baaa4d99d	8192	7	R	generated.farm.739ff353ab353f0a5a095101.anchor	population.ingress.human-mystic.03	-95394	246014	-3616	-90918	248070	-3568	0	0	NO_PATH	0	0	data/spawns/TalkingIsland/TalkingIslandMonsters.xml|data/stats/players/templates/StartingClass/HumanMystic.xml
bridge.4b7d5ec3619964354091a947	component.87a65b1ce32b28202691c2c8	32768	8	R	generated.farm.ac1e437a00c50adb5285e40a.anchor	population.ingress.orc.03	-44720	-86972	-8320	-56728	-113610	-672	0	0	NO_PATH	0	0	data/spawns/Others/KrateisCube.xml|data/stats/players/templates/StartingClass/OrcFighter.xml|data/stats/players/templates/StartingClass/OrcMystic.xml
bridge.4ba6aa7b919465430ebc11eb	component.40dbfe62843fbb4b5737b50d	32768	11	R	generated.farm.180cbb100c457687c431e3bd.anchor	generated.farm.428b85922009e44829ae2db0.anchor	24749	41076	-3696	46131	41458	-3504	0	0	NO_PATH	0	0	data/spawns/ElvenTerritory/ElvenStarting.xml|data/spawns/Others/Gremlins.xml
bridge.4be662f3931037d185f03b79	component.6c8644500a9312467848babc	32768	7	F	population.ingress.elf.02	elven.farming.oren04-2019-10s	46117	41247	-3504	16057	52260	-3544	0	0	NO_PATH	0	0	data/stats/players/templates/StartingClass/ElvenFighter.xml|data/stats/players/templates/StartingClass/ElvenMystic.xml|data/spawns/ElvenTerritory/ElvenStarting.xml
bridge.4bf5966ba80871735304bd43	component.e04c7af9711cc5dd2a0ac987	16384	8	R	generated.farm.c566a65e22d07a92230b56a2.anchor	population.route.human-mystic.a2	-95163	237296	-3408	-89144	249976	-3568	0	0	NO_PATH	0	0	data/spawns/TalkingIsland/TalkingIslandMonsters.xml|data/stats/players/templates/StartingClass/HumanMystic.xml|data/spawns/TalkingIsland/TalkingIslandMonsters.xml
bridge.4bf9c7e560b4472fc371c61f	component.de636b0f82c1f5ec50237e13	32768	13	F	generated.farm.40c5f8858df37983d677ac58.anchor	generated.farm.a39f58864657ce5b49b26ee3.anchor	136935	-202962	-3632	116564	-195406	-3480	0	0	NO_PATH	0	0	data/spawns/DwarvenTerritory/DwarvenStarting.xml|data/spawns/DwarvenTerritory/DwarvenStarting.xml
bridge.4bff40fa56c6a3557b695550	component.093885e4dafbe6ffb61aca3e	16384	7	R	generated.farm.21c8e0a71fc1a30fb94fd849.anchor	population.ingress.elf.06	57402	30692	-3768	45978	41196	-3504	0	0	NO_PATH	0	0	data/spawns/Oren/SeaOfSpores.xml|data/stats/players/templates/StartingClass/ElvenFighter.xml|data/stats/players/templates/StartingClass/ElvenMystic.xml
bridge.4c3d2daa34e33c43124f6e1a	component.6649966768b82f83ad664d97	32768	2	R	generated.farm.39e870280a474549df7725fe.anchor	population.route.orc.a4	-21626	-116308	-2984	-50077	-115763	-160	0	0	NO_PATH	0	0	data/spawns/OrcTerritory/OrcStarting.xml|data/stats/players/templates/StartingClass/OrcFighter.xml|data/stats/players/templates/StartingClass/OrcMystic.xml|data/spawns/OrcTerritory/OrcStarting.xml
bridge.4c827a27320ecb1ccda4da4a	component.21c159db00da4bc03daf51c5	32768	3	F	generated.farm.428b85922009e44829ae2db0.anchor	generated.farm.a0a916d344116254f0d4e3f5.anchor	46131	41458	-3504	31295	61887	-3544	0	0	NO_PATH	0	0	data/spawns/Others/Gremlins.xml|data/spawns/ElvenTerritory/ElvenStarting.xml
bridge.4c8fdd129ca74fb24676d823	component.40dbfe62843fbb4b5737b50d	32768	12	F	population.ingress.elf.03	generated.farm.180cbb100c457687c431e3bd.anchor	46182	41198	-3504	24749	41076	-3696	0	0	NO_PATH	0	0	data/stats/players/templates/StartingClass/ElvenFighter.xml|data/stats/players/templates/StartingClass/ElvenMystic.xml|data/spawns/ElvenTerritory/ElvenStarting.xml
bridge.4c8fe3bb6c7187f145191073	component.a897c66aac15ed82ae4b47cc	16384	3	F	generated.farm.8417f5d804225e6423448125.anchor	generated.farm.5eb90806db1167da3a0881d8.anchor	132017	-208635	-3592	126625	-194289	-3288	0	0	NO_PATH	0	0	data/spawns/DwarvenTerritory/DwarvenStarting.xml|data/spawns/DwarvenTerritory/DwarvenStarting.xml
bridge.4caa70fdcde62d55ea13e14c	component.a2230627cce424b0593fedc6	32768	6	F	population.ingress.dark-elf.01	generated.farm.08a347f7f13696479813918f.anchor	28295	11063	-4232	15644	-8311	-3248	0	0	NO_PATH	0	0	data/stats/players/templates/StartingClass/DarkFighter.xml|data/stats/players/templates/StartingClass/DarkMystic.xml|data/spawns/Rune/PrimevalIsle.xml
bridge.4cbf1c3719bca86ebaa6439b	component.6bccc4ec500087b1b97f6735	32768	5	F	generated.farm.a0a916d344116254f0d4e3f5.anchor	elven.farming.oren04-2019-15s	31295	61887	-3544	7256	52568	-3576	0	0	NO_PATH	0	0	data/spawns/ElvenTerritory/ElvenStarting.xml|data/spawns/ElvenTerritory/ElvenStarting.xml
bridge.4cd30bf7545c198d70443485	component.18bacfc235ddd517347d8830	32768	9	F	population.route.dwarf.w1	generated.farm.6cc54f41492a8ebff56a5815.anchor	108728	-173944	-408	119130	-144099	-3016	0	0	NO_PATH	0	0	data/stats/players/templates/StartingClass/DwarvenFighter.xml|data/spawns/DwarvenTerritory/DwarvenStarting.xml|data/spawns/Others/PlunderousPlains.xml
bridge.4ce5665364fd697a905a8004	component.46078c3265041fc30a5d4a44	16384	7	R	generated.farm.c966cf46f4c8074e4ddbc1d1.anchor	population.ingress.elf.02	35728	46771	-3688	46117	41247	-3504	0	0	NO_PATH	0	0	data/spawns/ElvenTerritory/ElvenStarting.xml|data/stats/players/templates/StartingClass/ElvenFighter.xml|data/stats/players/templates/StartingClass/ElvenMystic.xml
bridge.4cf8730e9ceac9422160db83	component.6e3a57525358ac42a6fda077	32768	5	R	generated.farm.1a8d5255f1d68b98358f16fc.anchor	generated.farm.5ee423a52e35fbb905b7ecb0.anchor	70230	76786	-3696	54714	51620	-3592	0	0	NO_PATH	0	0	data/spawns/Oren/TimakOutpost.xml|data/spawns/ElvenTerritory/ElvenStarting.xml
bridge.4cfb3a9f93333e7ae87d86cd	component.73f096cfc3045644558d7b95	16384	2	F	population.farming.orc.20535	generated.farm.32584ca994d21c1731c3d66e.anchor	-49106	-115854	-160	-39537	-105269	-2704	0	0	NO_PATH	0	0	data/spawns/OrcTerritory/OrcStarting.xml|data/spawns/OrcTerritory/OrcStarting.xml
bridge.4d0ec99cce624350cecc2c68	component.cdd71132d5f4e86baaa4d99d	8192	16	F	population.ingress.human-mystic.04	generated.farm.13946664ad91058ff84c1e41.anchor	-90890	248027	-3568	-97038	247767	-3648	0	0	NO_PATH	0	0	data/stats/players/templates/StartingClass/HumanMystic.xml|data/spawns/TalkingIsland/TalkingIslandMonsters.xml
bridge.4d101fde9833aa09c1211510	component.85a00e0803f36f9a3d0eab0f	32768	2	R	generated.farm.4e76dc23218e129a890c3248.anchor	generated.farm.946a41fbbc63614320c02954.anchor	71264	70956	-3688	53398	63278	-3480	0	0	NO_PATH	0	0	data/spawns/Oren/TimakOutpost.xml|data/spawns/ElvenTerritory/ElvenStarting.xml
bridge.4d7ef0962f67c9bdc7e2a2ea	component.635e8cdeb1b598aac805b64c	32768	9	R	generated.farm.6a1b028f65325f1df40b9a9c.anchor	population.ingress.human-mystic.04	-105224	224600	-3640	-90890	248027	-3568	0	0	NO_PATH	0	0	data/spawns/TalkingIsland/TalkingIslandMonsters.xml|data/stats/players/templates/StartingClass/HumanMystic.xml
bridge.4d8e6c0d76c948dd9963c742	component.e155a1307403cc14572bd687	32768	13	F	population.route.dwarf.a3	generated.farm.420ed35f1a9a3f532e2d6045.anchor	112996	-173691	-608	101973	-149349	-3128	0	0	NO_PATH	0	0	data/stats/players/templates/StartingClass/DwarvenFighter.xml|data/spawns/DwarvenTerritory/DwarvenStarting.xml|data/spawns/Others/PlunderousPlains.xml
bridge.4dfd06d68fbb12895f2162a4	component.2c7e3c336954be75db3a7f7d	32768	6	F	population.ingress.dark-elf.05	generated.farm.9eb7152622bad01eeb33f1c4.anchor	28461	11044	-4232	25906	-16833	-2744	0	0	NO_PATH	0	0	data/stats/players/templates/StartingClass/DarkFighter.xml|data/stats/players/templates/StartingClass/DarkMystic.xml|data/spawns/Rune/PrimevalIsle.xml
bridge.4e00a97ca0b75f90637ab94f	component.c4a3508d330e9bb2f8bdfabb	32768	10	F	population.route.orc.a4	generated.farm.1050dd36c58d668d206a6075.anchor	-50077	-115763	-160	-48721	-84968	-8320	0	0	NO_PATH	0	0	data/stats/players/templates/StartingClass/OrcFighter.xml|data/stats/players/templates/StartingClass/OrcMystic.xml|data/spawns/OrcTerritory/OrcStarting.xml|data/spawns/Others/KrateisCube.xml
bridge.4e22555481fecb54f574fc15	component.2c7e3c336954be75db3a7f7d	32768	3	F	population.route.dark-elf.a1	generated.farm.9eb7152622bad01eeb33f1c4.anchor	25992	11112	-3720	25906	-16833	-2744	0	0	NO_PATH	0	0	data/stats/players/templates/StartingClass/DarkFighter.xml|data/stats/players/templates/StartingClass/DarkMystic.xml|data/spawns/DarkElfTerritory/DarkElfStarting.xml|data/spawns/Rune/PrimevalIsle.xml
bridge.4e2be3693eb4ed8994099119	component.093885e4dafbe6ffb61aca3e	16384	8	R	generated.farm.21c8e0a71fc1a30fb94fd849.anchor	generated.farm.428b85922009e44829ae2db0.anchor	57402	30692	-3768	46131	41458	-3504	0	0	NO_PATH	0	0	data/spawns/Oren/SeaOfSpores.xml|data/spawns/Others/Gremlins.xml
bridge.4e61f67145e65bc0e734286a	component.d4f263a6130862446fcab68a	16384	8	F	population.route.dwarf.w2	generated.farm.f9312932904adae788963399.anchor	110440	-173944	-528	108605	-160621	-1688	0	0	NO_PATH	0	0	data/stats/players/templates/StartingClass/DwarvenFighter.xml|data/spawns/DwarvenTerritory/DwarvenStarting.xml|data/spawns/Others/PlunderousPlains.xml
bridge.4e8c0fcb87d3633e0ee86eff	component.fa8902bdab910bb205f46118	16384	5	F	population.route.dwarf.a2	generated.farm.e906a4f684b66f9c100d44e1.anchor	110948	-173435	-584	114049	-161398	-1480	0	0	NO_PATH	0	0	data/stats/players/templates/StartingClass/DwarvenFighter.xml|data/spawns/DwarvenTerritory/DwarvenStarting.xml|data/spawns/Others/PlunderousPlains.xml
bridge.4e9041c9ef7b09c628188d07	component.cf7fc1a377a3ee4f1cd13c38	8192	6	R	generated.farm.dcbfae7bd58c752ca4f1e7ca.anchor	population.ingress.dwarf.04	108695	-173878	-400	108512	-174026	-408	0	0	VALID_PATH	269	4	data/spawns/Others/Gremlins.xml|data/stats/players/templates/StartingClass/DwarvenFighter.xml
bridge.4e9047fa83c122605e8cca0c	component.7e882b0664c31928ac9f5caa	32768	4	R	generated.farm.12923521d58d7301f63fd56a.anchor	population.route.dwarf.a2	117133	-149832	-2352	110948	-173435	-584	0	0	NO_PATH	0	0	data/spawns/Others/PlunderousPlains.xml|data/stats/players/templates/StartingClass/DwarvenFighter.xml|data/spawns/DwarvenTerritory/DwarvenStarting.xml
bridge.4ecc5b34dcec61e6f0dbda22	component.8958c8d9edf88034579b430b	32768	7	R	generated.farm.74d4cc08c4a95e70092d77ee.anchor	population.ingress.dark-elf.05	24538	-17756	-2752	28461	11044	-4232	0	0	NO_PATH	0	0	data/spawns/Rune/PrimevalIsle.xml|data/stats/players/templates/StartingClass/DarkFighter.xml|data/stats/players/templates/StartingClass/DarkMystic.xml
bridge.4edf8e950c64866946d3ca0f	component.e0efb8466cb69704c6f63b79	32768	8	R	generated.farm.3bbbcdb43022c7bf23796fb4.anchor	population.ingress.dark-elf.05	15590	-17440	-3224	28461	11044	-4232	0	0	NO_PATH	0	0	data/spawns/Rune/PrimevalIsle.xml|data/stats/players/templates/StartingClass/DarkFighter.xml|data/stats/players/templates/StartingClass/DarkMystic.xml
bridge.4f2fa1226c83f4f220a743f2	component.4542949d001791c13737d9b4	8192	4	F	population.ingress.human-mystic.04	generated.farm.432802d3c2901d9686cb1651.anchor	-90890	248027	-3568	-90610	248293	-3568	0	0	VALID_DIRECT	387	1	data/stats/players/templates/StartingClass/HumanMystic.xml|data/spawns/Others/Gremlins.xml
bridge.4f41127334ada89537cd02d6	component.5170fd1c3e2b6fe2f9af1ad8	8192	4	F	population.ingress.human-mystic.04	generated.farm.54772e1b8c2e8c258ff204b4.anchor	-90890	248027	-3568	-94346	250566	-3552	0	0	NO_PATH	0	0	data/stats/players/templates/StartingClass/HumanMystic.xml|data/spawns/TalkingIsland/TalkingIslandMonsters.xml
bridge.4f69838cda43b47982beb606	component.73d0c59f5bdd9014627ebe4f	32768	12	F	population.farming.dark-elf.20529	elven.farming.oren04-2019-07s	25308	13254	-3648	19248	43340	-3712	0	0	NO_PATH	0	0	data/spawns/DarkElfTerritory/DarkElfStarting.xml|data/spawns/ElvenTerritory/ElvenStarting.xml
bridge.4f7ccba8ce68ca6b54520eaa	component.73d0c59f5bdd9014627ebe4f	32768	13	F	population.route.dark-elf.a2	elven.farming.oren04-2019-07s	25720	11288	-3720	19248	43340	-3712	0	0	NO_PATH	0	0	data/stats/players/templates/StartingClass/DarkFighter.xml|data/stats/players/templates/StartingClass/DarkMystic.xml|data/spawns/DarkElfTerritory/DarkElfStarting.xml|data/spawns/ElvenTerritory/ElvenStarting.xml
bridge.4f86eb8d3f3fa6c3aa020826	component.635e8cdeb1b598aac805b64c	32768	14	F	population.route.human-mystic.c1	talking-island.farming.gludio31-1624-11s	-87848	250568	-3616	-103448	227187	-3672	0	0	NO_PATH	0	0	data/stats/players/templates/StartingClass/HumanMystic.xml|data/spawns/TalkingIsland/TalkingIslandMonsters.xml|data/spawns/TalkingIsland/TalkingIslandMonsters.xml
bridge.4f873dab6d17636574837b03	component.ff75e3e7e0f1b27f3a0af453	32768	3	R	generated.farm.25b75a8a47aae59991e9540b.anchor	generated.farm.ccd05d96d24167ee9a70c395.anchor	187276	-204256	-2848	173397	-189657	-2016	0	0	NO_PATH	0	0	data/spawns/DwarvenTerritory/DwarvenStarting.xml|data/spawns/DwarvenTerritory/DwarvenStarting.xml
bridge.4fc0dad85f999a30da4c33a2	component.79ad21df45b89fa5bb86a4fd	32768	5	F	population.ingress.elf.02	generated.farm.5dc8ced237dc324aa37b6530.anchor	46117	41247	-3504	51605	70249	-3408	0	0	NO_PATH	0	0	data/stats/players/templates/StartingClass/ElvenFighter.xml|data/stats/players/templates/StartingClass/ElvenMystic.xml|data/spawns/ElvenTerritory/ElvenStarting.xml
bridge.4fc77f78cfdde6da4e80c26b	component.18bacfc235ddd517347d8830	32768	13	F	population.route.dwarf.i03-w0	generated.farm.6cc54f41492a8ebff56a5815.anchor	108552	-174024	-408	119130	-144099	-3016	0	0	NO_PATH	0	0	data/stats/players/templates/StartingClass/DwarvenFighter.xml|data/spawns/DwarvenTerritory/DwarvenStarting.xml|data/spawns/Others/PlunderousPlains.xml
bridge.4fcc922e946622d1da41d40f	component.21c159db00da4bc03daf51c5	32768	4	F	population.ingress.elf.01	generated.farm.a0a916d344116254f0d4e3f5.anchor	46045	41251	-3504	31295	61887	-3544	0	0	NO_PATH	0	0	data/stats/players/templates/StartingClass/ElvenFighter.xml|data/stats/players/templates/StartingClass/ElvenMystic.xml|data/spawns/ElvenTerritory/ElvenStarting.xml
bridge.4ff2fb034c719e0aa15ba266	component.cf7fc1a377a3ee4f1cd13c38	8192	13	R	generated.farm.dcbfae7bd58c752ca4f1e7ca.anchor	population.route.dwarf.a3	108695	-173878	-400	112996	-173691	-608	0	0	NO_PATH	0	0	data/spawns/Others/Gremlins.xml|data/stats/players/templates/StartingClass/DwarvenFighter.xml|data/spawns/DwarvenTerritory/DwarvenStarting.xml
bridge.4ffccfc9e5ea35c64c51d463	component.c4a3508d330e9bb2f8bdfabb	32768	4	F	population.ingress.orc.02	generated.farm.1050dd36c58d668d206a6075.anchor	-56686	-113470	-672	-48721	-84968	-8320	0	0	NO_PATH	0	0	data/stats/players/templates/StartingClass/OrcFighter.xml|data/stats/players/templates/StartingClass/OrcMystic.xml|data/spawns/Others/KrateisCube.xml
bridge.501a11a354aa9840dedfd0e1	component.16897e3b9846dd267a30bfc1	32768	15	F	population.ingress.dark-elf.02	generated.farm.08f4fb3b22c13f96f311c779.anchor	28302	11008	-4232	20813	-14323	-3040	0	0	NO_PATH	0	0	data/stats/players/templates/StartingClass/DarkFighter.xml|data/stats/players/templates/StartingClass/DarkMystic.xml|data/spawns/Rune/PrimevalIsle.xml
bridge.504095a352c28b1843e61091	component.e155a1307403cc14572bd687	32768	15	F	population.route.dwarf.a4	generated.farm.420ed35f1a9a3f532e2d6045.anchor	113508	-174203	-608	101973	-149349	-3128	0	0	NO_PATH	0	0	data/stats/players/templates/StartingClass/DwarvenFighter.xml|data/spawns/DwarvenTerritory/DwarvenStarting.xml|data/spawns/Others/PlunderousPlains.xml
bridge.5062c7c17f869be84124582e	component.cdd71132d5f4e86baaa4d99d	8192	6	R	generated.farm.739ff353ab353f0a5a095101.anchor	population.ingress.human-mystic.02	-95394	246014	-3616	-90954	248118	-3568	0	0	NO_PATH	0	0	data/spawns/TalkingIsland/TalkingIslandMonsters.xml|data/stats/players/templates/StartingClass/HumanMystic.xml
bridge.5064dba268b79d1e184e2956	component.cf7fc1a377a3ee4f1cd13c38	8192	10	R	generated.farm.dcbfae7bd58c752ca4f1e7ca.anchor	population.route.dwarf.a1	108695	-173878	-400	110436	-173947	-528	0	0	VALID_PATH	1859	3	data/spawns/Others/Gremlins.xml|data/stats/players/templates/StartingClass/DwarvenFighter.xml|data/spawns/DwarvenTerritory/DwarvenStarting.xml
bridge.506d551597b68fa363b62851	component.01b441ae383a1b39494050f4	32768	9	R	generated.farm.9cf6fa1ef953b5b33ff9fe37.anchor	population.ingress.dark-elf.06	13666	-12273	-3024	28395	11127	-4232	0	0	NO_PATH	0	0	data/spawns/Rune/PrimevalIsle.xml|data/stats/players/templates/StartingClass/DarkFighter.xml|data/stats/players/templates/StartingClass/DarkMystic.xml
bridge.50deeaeeeff79a9cdb977fa9	component.6b6dbba2f1367f01991dfe32	32768	2	R	generated.farm.59f334c6c58a366ac0ebe3c9.anchor	population.route.orc.a2	-50720	-82961	-8320	-52637	-113715	-80	0	0	NO_PATH	0	0	data/spawns/Others/KrateisCube.xml|data/stats/players/templates/StartingClass/OrcFighter.xml|data/stats/players/templates/StartingClass/OrcMystic.xml|data/spawns/OrcTerritory/OrcStarting.xml
bridge.51141e07dbfa280111933625	component.ac8aaf293b35ddbae57a8843	8192	14	F	population.ingress.elf.03	generated.farm.0c00c3760a3ec18fa034d798.anchor	46182	41198	-3504	38303	39146	-3576	0	0	NO_PATH	0	0	data/stats/players/templates/StartingClass/ElvenFighter.xml|data/stats/players/templates/StartingClass/ElvenMystic.xml|data/spawns/ElvenTerritory/ElvenStarting.xml
bridge.51169c87a34844fead641574	component.6cb9bd2a57139e6f69dd23f1	32768	7	R	generated.farm.b4beace3b35fcf43f7ac6d15.anchor	population.ingress.orc.03	-46718	-86971	-8320	-56728	-113610	-672	0	0	NO_PATH	0	0	data/spawns/Others/KrateisCube.xml|data/stats/players/templates/StartingClass/OrcFighter.xml|data/stats/players/templates/StartingClass/OrcMystic.xml
bridge.51366c2a2d2b18314af1e687	component.de636b0f82c1f5ec50237e13	32768	1	F	generated.farm.088e8bc59766f22991a08e5d.anchor	generated.farm.c726e41f56667ee82aa4fd6f.anchor	130094	-209377	-3552	118561	-195056	-3552	0	0	NO_PATH	0	0	data/spawns/DwarvenTerritory/DwarvenStarting.xml|data/spawns/DwarvenTerritory/DwarvenStarting.xml
bridge.516d2ba143b64b2627a83d26	component.7fa3659f0208cf5e905507bb	32768	4	F	population.farming.dark-elf.20529	generated.farm.67e7b738e88cc6c0f12d73f7.anchor	25308	13254	-3648	2909	-9872	-3744	0	0	NO_PATH	0	0	data/spawns/DarkElfTerritory/DarkElfStarting.xml|data/spawns/Rune/PrimevalIsle.xml
bridge.517b8533dc258e80ac7e7209	component.c005299f6bcae5c6d8af8bb7	32768	3	F	population.ingress.dark-elf.03	generated.farm.7a05c033eabc7172e800caf4.anchor	28377	10916	-4232	14176	-18036	-3120	0	0	NO_PATH	0	0	data/stats/players/templates/StartingClass/DarkFighter.xml|data/stats/players/templates/StartingClass/DarkMystic.xml|data/spawns/Rune/PrimevalIsle.xml
bridge.5194008392311fedad18e461	component.fa8902bdab910bb205f46118	16384	3	F	population.farming.dwarf.20533	generated.farm.e20a44e2413cc5ec51f0b15c.anchor	114966	-172886	-672	119549	-161828	-1296	0	0	NO_PATH	0	0	data/spawns/DwarvenTerritory/DwarvenStarting.xml|data/spawns/Others/PlunderousPlains.xml
bridge.51d0775170e31677e4d90b9f	component.43988bed6a656186e489a9b7	32768	16	F	generated.farm.d6f82637bd6fae44cd109781.anchor	generated.farm.4d58dd1be9d4b93272b379ec.anchor	48366	42521	-3472	49877	22679	-5512	0	0	NO_PATH	0	0	data/spawns/ElvenTerritory/ElvenStarting.xml|data/spawns/Oren/SeaOfSpores.xml
bridge.51def214dac7959a93003479	component.89c4c607fc4fee76637095fd	16384	10	R	generated.farm.519759dffe4a0803b970d3ee.anchor	population.ingress.elf.05	48712	55466	-3464	46048	41141	-3504	0	0	NO_PATH	0	0	data/spawns/ElvenTerritory/ElvenStarting.xml|data/stats/players/templates/StartingClass/ElvenFighter.xml|data/stats/players/templates/StartingClass/ElvenMystic.xml
bridge.520a91b90416fdef9f89d5a9	component.18bacfc235ddd517347d8830	32768	10	F	population.ingress.dwarf.01	generated.farm.6cc54f41492a8ebff56a5815.anchor	108644	-173947	-408	119130	-144099	-3016	0	0	NO_PATH	0	0	data/stats/players/templates/StartingClass/DwarvenFighter.xml|data/spawns/Others/PlunderousPlains.xml
bridge.5235e98b83d640eab30ef564	component.d5d468daa4bebd1a4eb327d6	32768	4	R	generated.farm.b8e223341be05b45a19768c2.anchor	population.route.dark-elf.a1	5975	-9197	-3696	25992	11112	-3720	0	0	NO_PATH	0	0	data/spawns/Rune/PrimevalIsle.xml|data/stats/players/templates/StartingClass/DarkFighter.xml|data/stats/players/templates/StartingClass/DarkMystic.xml|data/spawns/DarkElfTerritory/DarkElfStarting.xml
bridge.524678edcc6f7fec4a28a7ab	component.ff75e3e7e0f1b27f3a0af453	32768	2	R	generated.farm.25b75a8a47aae59991e9540b.anchor	generated.farm.df677844f3af094815e984cc.anchor	187276	-204256	-2848	175556	-188129	-1672	0	0	NO_PATH	0	0	data/spawns/DwarvenTerritory/DwarvenStarting.xml|data/spawns/DwarvenTerritory/DwarvenStarting.xml
bridge.526ef977f4c690e89ae695e3	component.10e204556f859c1b294aeca4	32768	7	R	generated.farm.c4c86a1c1e9423c05d843bc9.anchor	generated.farm.40c5f8858df37983d677ac58.anchor	160145	-219344	-3528	136935	-202962	-3632	0	0	NO_PATH	0	0	data/spawns/DwarvenTerritory/DwarvenStarting.xml|data/spawns/DwarvenTerritory/DwarvenStarting.xml
bridge.52aa8c02a6b97d27600ba0f3	component.73d0c59f5bdd9014627ebe4f	32768	5	R	elven.farming.oren04-2019-07s	population.ingress.elf.05	19248	43340	-3712	46048	41141	-3504	0	0	NO_PATH	0	0	data/spawns/ElvenTerritory/ElvenStarting.xml|data/stats/players/templates/StartingClass/ElvenFighter.xml|data/stats/players/templates/StartingClass/ElvenMystic.xml
bridge.52c49dbc095c9eb0cc375b17	component.f5ec43735be4685d0f522b55	32768	8	F	population.ingress.orc.06	generated.farm.c7902e29cb3795a4ce8dcf2c.anchor	-56682	-113730	-672	-50720	-86977	-8320	0	0	NO_PATH	0	0	data/stats/players/templates/StartingClass/OrcFighter.xml|data/stats/players/templates/StartingClass/OrcMystic.xml|data/spawns/Others/KrateisCube.xml
bridge.52e367d23a23257d9efce905	component.b0959173bd82d4b722b2be8c	32768	3	R	generated.farm.817474512080c1dba8f8cd5f.anchor	population.route.dark-elf.a1	23315	-10716	-2648	25992	11112	-3720	0	0	NO_PATH	0	0	data/spawns/Rune/PrimevalIsle.xml|data/stats/players/templates/StartingClass/DarkFighter.xml|data/stats/players/templates/StartingClass/DarkMystic.xml|data/spawns/DarkElfTerritory/DarkElfStarting.xml
bridge.52f7b80c09b151c2c65c7f19	component.43988bed6a656186e489a9b7	32768	14	R	generated.farm.4d58dd1be9d4b93272b379ec.anchor	generated.farm.428b85922009e44829ae2db0.anchor	49877	22679	-5512	46131	41458	-3504	0	0	NO_PATH	0	0	data/spawns/Oren/SeaOfSpores.xml|data/spawns/Others/Gremlins.xml
bridge.530326269cd991dc26b2d46e	component.d5d468daa4bebd1a4eb327d6	32768	13	R	generated.farm.08eced60f60a66b7fc7027b7.anchor	generated.farm.36714f071123eedc9cac6c05.anchor	6712	-9399	-3680	28436	11041	-4232	0	0	NO_PATH	0	0	data/spawns/Rune/PrimevalIsle.xml|data/spawns/Others/Gremlins.xml
bridge.5326eba5d0eab0fe4811207e	component.d4239fbe60250487003bb4fd	32768	1	F	generated.farm.58356b4e9844a379fecfbaf6.anchor	generated.farm.c4067c834f12b99e976909a2.anchor	42118	41401	-3488	26607	63533	-3552	0	0	NO_PATH	0	0	data/spawns/ElvenTerritory/ElvenStarting.xml|data/spawns/ElvenTerritory/ElvenStarting.xml
bridge.534e3d4a3433f36968b4191f	component.fa8902bdab910bb205f46118	16384	10	R	generated.farm.dd523eee6e4a71d8ae8b855e.anchor	population.farming.dwarf.20533	113217	-159900	-1584	114966	-172886	-672	0	0	NO_PATH	0	0	data/spawns/Others/PlunderousPlains.xml|data/spawns/DwarvenTerritory/DwarvenStarting.xml
bridge.53b3b4efcef08d6ed1313983	component.18c9e4ee0311769668b2eb74	8192	3	R	generated.farm.74718a641fa7e78154fea892.anchor	population.route.kamael.a2	-125620	37399	1176	-125400	37816	1184	0	0	VALID_DIRECT	472	1	data/spawns/Others/Gremlins.xml|data/stats/players/templates/StartingClass/KamaelMaleSoldier.xml|data/stats/players/templates/StartingClass/KamaelFemaleSoldier.xml|data/spawns/Kamael/IsleOfSouls.xml
bridge.53bb63b1d5a6088b15a70c31	component.c4a3508d330e9bb2f8bdfabb	32768	5	R	generated.farm.1050dd36c58d668d206a6075.anchor	population.ingress.orc.01	-48721	-84968	-8320	-56733	-113459	-672	0	0	NO_PATH	0	0	data/spawns/Others/KrateisCube.xml|data/stats/players/templates/StartingClass/OrcFighter.xml|data/stats/players/templates/StartingClass/OrcMystic.xml
bridge.53fcce0b7b1d5ed3b489116c	component.cdd71132d5f4e86baaa4d99d	8192	2	F	population.ingress.human-mystic.03	generated.farm.5a6b2e1025252314c1f156d2.anchor	-90918	248070	-3568	-93369	245699	-3608	0	0	NO_PATH	0	0	data/stats/players/templates/StartingClass/HumanMystic.xml|data/spawns/TalkingIsland/TalkingIslandMonsters.xml
bridge.545d7b2b750d432a35bfc684	component.79ad21df45b89fa5bb86a4fd	32768	16	R	generated.farm.aa1716be4a17c0aa980acc7b.anchor	population.ingress.elf.03	54583	71099	-3440	46182	41198	-3504	0	0	NO_PATH	0	0	data/spawns/ElvenTerritory/ElvenStarting.xml|data/stats/players/templates/StartingClass/ElvenFighter.xml|data/stats/players/templates/StartingClass/ElvenMystic.xml
bridge.5467151bf6419a9c478ed33d	component.54cd7d198274de64199ae37f	8192	3	F	population.ingress.human-fighter.03	generated.farm.9caf3d9715b6ff604306dc10.anchor	-71453	258305	-3104	-71338	258393	-3072	0	0	NO_PATH	0	0	data/stats/players/templates/StartingClass/HumanFighter.xml|data/spawns/Others/Gremlins.xml
bridge.546e25875174be67f23cd426	component.63defb22486d49c052a69667	32768	2	R	generated.farm.0a9b6aeb870068f470d93c4b.anchor	generated.farm.d6f82637bd6fae44cd109781.anchor	55857	63041	-3472	48366	42521	-3472	0	0	NO_PATH	0	0	data/spawns/ElvenTerritory/ElvenStarting.xml|data/spawns/ElvenTerritory/ElvenStarting.xml
bridge.5490305acd0d34cec1a66107	component.a2230627cce424b0593fedc6	32768	1	F	population.route.dark-elf.a1	generated.farm.08a347f7f13696479813918f.anchor	25992	11112	-3720	15644	-8311	-3248	0	0	NO_PATH	0	0	data/stats/players/templates/StartingClass/DarkFighter.xml|data/stats/players/templates/StartingClass/DarkMystic.xml|data/spawns/DarkElfTerritory/DarkElfStarting.xml|data/spawns/Rune/PrimevalIsle.xml
bridge.550d50bf67c887d8860e50d7	component.5170fd1c3e2b6fe2f9af1ad8	8192	9	F	population.route.human-mystic.c1	generated.farm.54772e1b8c2e8c258ff204b4.anchor	-87848	250568	-3616	-94346	250566	-3552	0	0	NO_PATH	0	0	data/stats/players/templates/StartingClass/HumanMystic.xml|data/spawns/TalkingIsland/TalkingIslandMonsters.xml|data/spawns/TalkingIsland/TalkingIslandMonsters.xml
bridge.5519722fda84b7a87d91b3ef	component.89c4c607fc4fee76637095fd	16384	1	R	generated.farm.519759dffe4a0803b970d3ee.anchor	generated.farm.d6f82637bd6fae44cd109781.anchor	48712	55466	-3464	48366	42521	-3472	0	0	NO_PATH	0	0	data/spawns/ElvenTerritory/ElvenStarting.xml|data/spawns/ElvenTerritory/ElvenStarting.xml
bridge.5548a30e409a9595016d54ca	component.89c4c607fc4fee76637095fd	16384	4	F	generated.farm.428b85922009e44829ae2db0.anchor	generated.farm.519759dffe4a0803b970d3ee.anchor	46131	41458	-3504	48712	55466	-3464	0	0	NO_PATH	0	0	data/spawns/Others/Gremlins.xml|data/spawns/ElvenTerritory/ElvenStarting.xml
bridge.5551877ec70524e1e7ebd8cc	component.48e6e689d4d766cfd82dc2e2	16384	10	R	generated.farm.5ee423a52e35fbb905b7ecb0.anchor	generated.farm.58356b4e9844a379fecfbaf6.anchor	54714	51620	-3592	42118	41401	-3488	0	0	NO_PATH	0	0	data/spawns/ElvenTerritory/ElvenStarting.xml|data/spawns/ElvenTerritory/ElvenStarting.xml
bridge.55817212c295ad2d2a807c61	component.e45c121434ca6df869eac805	16384	3	R	generated.farm.2f28e5148a38d8f4c4959a1d.anchor	population.route.orc.a4	-39917	-109286	-1800	-50077	-115763	-160	0	0	NO_PATH	0	0	data/spawns/OrcTerritory/OrcStarting.xml|data/stats/players/templates/StartingClass/OrcFighter.xml|data/stats/players/templates/StartingClass/OrcMystic.xml|data/spawns/OrcTerritory/OrcStarting.xml
bridge.5597ed460f0e583c31421266	component.d2768e1382c5c1b8ae3c6408	32768	7	F	population.route.dwarf.w2	generated.farm.c559aedb44e0cf87e1fb32c9.anchor	110440	-173944	-528	108605	-150431	-2328	0	0	NO_PATH	0	0	data/stats/players/templates/StartingClass/DwarvenFighter.xml|data/spawns/DwarvenTerritory/DwarvenStarting.xml|data/spawns/Others/PlunderousPlains.xml
bridge.55a922702c187a25ca915dd9	component.16897e3b9846dd267a30bfc1	32768	6	R	generated.farm.16548638bafc10955396a33f.anchor	population.route.dark-elf.a1	20880	-14606	-3056	25992	11112	-3720	0	0	NO_PATH	0	0	data/spawns/Rune/PrimevalIsle.xml|data/stats/players/templates/StartingClass/DarkFighter.xml|data/stats/players/templates/StartingClass/DarkMystic.xml|data/spawns/DarkElfTerritory/DarkElfStarting.xml
bridge.55f60185a87dc51b5368d37d	component.8958c8d9edf88034579b430b	32768	6	F	population.ingress.dark-elf.01	generated.farm.74d4cc08c4a95e70092d77ee.anchor	28295	11063	-4232	24538	-17756	-2752	0	0	NO_PATH	0	0	data/stats/players/templates/StartingClass/DarkFighter.xml|data/stats/players/templates/StartingClass/DarkMystic.xml|data/spawns/Rune/PrimevalIsle.xml
bridge.5628a94c5723737494e8ef69	component.b6d8946a4d71c76261ebedce	8192	2	F	generated.farm.ed8992f2edcbacf7c4f24608.anchor	generated.farm.70ea4f43449ef725189d7fbf.anchor	117968	-173208	-432	119336	-180368	-2368	0	0	NO_PATH	0	0	data/spawns/DwarvenTerritory/DwarvenStarting.xml|data/spawns/DwarvenTerritory/DwarvenStarting.xml
bridge.5638df3add97f382fca2e145	component.46078c3265041fc30a5d4a44	16384	3	R	generated.farm.c966cf46f4c8074e4ddbc1d1.anchor	population.ingress.elf.06	35728	46771	-3688	45978	41196	-3504	0	0	NO_PATH	0	0	data/spawns/ElvenTerritory/ElvenStarting.xml|data/stats/players/templates/StartingClass/ElvenFighter.xml|data/stats/players/templates/StartingClass/ElvenMystic.xml
bridge.56c95772828cf8b9482a7c1d	component.18bacfc235ddd517347d8830	32768	9	R	generated.farm.6cc54f41492a8ebff56a5815.anchor	population.route.dwarf.w1	119130	-144099	-3016	108728	-173944	-408	0	0	NO_PATH	0	0	data/spawns/Others/PlunderousPlains.xml|data/stats/players/templates/StartingClass/DwarvenFighter.xml|data/spawns/DwarvenTerritory/DwarvenStarting.xml
bridge.56cd2119c3cb1e7b63f0d957	component.40dbfe62843fbb4b5737b50d	32768	1	R	generated.farm.180cbb100c457687c431e3bd.anchor	generated.farm.58356b4e9844a379fecfbaf6.anchor	24749	41076	-3696	42118	41401	-3488	0	0	NO_PATH	0	0	data/spawns/ElvenTerritory/ElvenStarting.xml|data/spawns/ElvenTerritory/ElvenStarting.xml
bridge.56dd60c5617ff37584306817	component.6bccc4ec500087b1b97f6735	32768	2	R	elven.farming.oren04-2019-11s	generated.farm.a0a916d344116254f0d4e3f5.anchor	10946	55150	-3472	31295	61887	-3544	0	0	NO_PATH	0	0	data/spawns/ElvenTerritory/ElvenStarting.xml|data/spawns/ElvenTerritory/ElvenStarting.xml
bridge.56e61fc1369cc7bd538dff9c	component.1331db1a6d957945bfb43b8d	8192	13	F	population.ingress.elf.05	generated.farm.78d792f9dc16f4ce4003c1ae.anchor	46048	41141	-3504	50626	40925	-3464	0	0	NO_PATH	0	0	data/stats/players/templates/StartingClass/ElvenFighter.xml|data/stats/players/templates/StartingClass/ElvenMystic.xml|data/spawns/ElvenTerritory/ElvenStarting.xml
bridge.570276872d1279cb5d3bdc86	component.79ad21df45b89fa5bb86a4fd	32768	5	R	generated.farm.5dc8ced237dc324aa37b6530.anchor	population.ingress.elf.02	51605	70249	-3408	46117	41247	-3504	0	0	NO_PATH	0	0	data/spawns/ElvenTerritory/ElvenStarting.xml|data/stats/players/templates/StartingClass/ElvenFighter.xml|data/stats/players/templates/StartingClass/ElvenMystic.xml
bridge.5737390fd39105e68834b951	component.20a0c83d40a7bb22c26e0395	32768	13	F	generated.farm.36714f071123eedc9cac6c05.anchor	generated.farm.faefa58426223647157f9577.anchor	28436	11041	-4232	27020	-15861	-2648	0	0	NO_PATH	0	0	data/spawns/Others/Gremlins.xml|data/spawns/Rune/PrimevalIsle.xml
bridge.57560c7c73ef34603b6ec188	component.5170fd1c3e2b6fe2f9af1ad8	8192	1	R	generated.farm.54772e1b8c2e8c258ff204b4.anchor	population.ingress.human-mystic.02	-94346	250566	-3552	-90954	248118	-3568	0	0	NO_PATH	0	0	data/spawns/TalkingIsland/TalkingIslandMonsters.xml|data/stats/players/templates/StartingClass/HumanMystic.xml
bridge.5761802b2c5121bb82d8a1eb	component.fa8902bdab910bb205f46118	16384	4	R	generated.farm.e906a4f684b66f9c100d44e1.anchor	population.route.dwarf.a3	114049	-161398	-1480	112996	-173691	-608	0	0	NO_PATH	0	0	data/spawns/Others/PlunderousPlains.xml|data/stats/players/templates/StartingClass/DwarvenFighter.xml|data/spawns/DwarvenTerritory/DwarvenStarting.xml
bridge.57630a7bc34cb42d60d77586	component.475c48156e62e7e47cb30765	32768	7	F	population.ingress.orc.03	generated.farm.bd35d5fb02b6c1c76b448822.anchor	-56728	-113610	-672	-48720	-82958	-8320	0	0	NO_PATH	0	0	data/stats/players/templates/StartingClass/OrcFighter.xml|data/stats/players/templates/StartingClass/OrcMystic.xml|data/spawns/Others/KrateisCube.xml
bridge.57921f260e5e85d355f97f2a	component.f0870ecd40f136c705bc5941	32768	3	F	population.route.orc.a1	generated.farm.ef0394b1715ca0d66c082465.anchor	-54685	-113715	-520	-44717	-84969	-8320	0	0	NO_PATH	0	0	data/stats/players/templates/StartingClass/OrcFighter.xml|data/stats/players/templates/StartingClass/OrcMystic.xml|data/spawns/OrcTerritory/OrcStarting.xml|data/spawns/Others/KrateisCube.xml
bridge.579c0a48524ab588675277c6	component.5170fd1c3e2b6fe2f9af1ad8	8192	10	F	population.route.human-mystic.guard.30733	generated.farm.54772e1b8c2e8c258ff204b4.anchor	-87847	250564	-3616	-94346	250566	-3552	0	0	NO_PATH	0	0	data/stats/players/templates/StartingClass/HumanMystic.xml|data/spawns/TalkingIsland/TalkingIslandMonsters.xml|data/stats/npcs/30700-30799.xml|data/spawns/TalkingIsland/TalkingIslandMonsters.xml
bridge.57a9143d55242c013d6afa28	component.7b0a8695c70b29d38ea2d7b7	32768	2	R	generated.farm.bf71e830d9839ea5032228a3.anchor	population.route.orc.a2	-48725	-86968	-8320	-52637	-113715	-80	0	0	NO_PATH	0	0	data/spawns/Others/KrateisCube.xml|data/stats/players/templates/StartingClass/OrcFighter.xml|data/stats/players/templates/StartingClass/OrcMystic.xml|data/spawns/OrcTerritory/OrcStarting.xml
bridge.57b9b5d88ff0f5c13c35c0f9	component.d4f263a6130862446fcab68a	16384	10	R	generated.farm.f9312932904adae788963399.anchor	population.ingress.dwarf.05	108605	-160621	-1688	108549	-174075	-408	0	0	NO_PATH	0	0	data/spawns/Others/PlunderousPlains.xml|data/stats/players/templates/StartingClass/DwarvenFighter.xml
bridge.57c55974bc02936f1757ecfc	component.c005299f6bcae5c6d8af8bb7	32768	1	F	population.route.dark-elf.a1	generated.farm.7a05c033eabc7172e800caf4.anchor	25992	11112	-3720	14176	-18036	-3120	0	0	NO_PATH	0	0	data/stats/players/templates/StartingClass/DarkFighter.xml|data/stats/players/templates/StartingClass/DarkMystic.xml|data/spawns/DarkElfTerritory/DarkElfStarting.xml|data/spawns/Rune/PrimevalIsle.xml
bridge.57c8e7096d57d754c37b9259	component.10e204556f859c1b294aeca4	32768	6	R	generated.farm.c4c86a1c1e9423c05d843bc9.anchor	generated.farm.768fa444a79123489bd7aa1d.anchor	160145	-219344	-3528	137660	-202383	-3664	0	0	NO_PATH	0	0	data/spawns/DwarvenTerritory/DwarvenStarting.xml|data/spawns/DwarvenTerritory/DwarvenStarting.xml
bridge.57d7c621e2875b02acc1a5a3	component.b0959173bd82d4b722b2be8c	32768	3	F	population.route.dark-elf.a1	generated.farm.817474512080c1dba8f8cd5f.anchor	25992	11112	-3720	23315	-10716	-2648	0	0	NO_PATH	0	0	data/stats/players/templates/StartingClass/DarkFighter.xml|data/stats/players/templates/StartingClass/DarkMystic.xml|data/spawns/DarkElfTerritory/DarkElfStarting.xml|data/spawns/Rune/PrimevalIsle.xml
bridge.57e9cbb7ec6a3579f7e1d2a5	component.cdd71132d5f4e86baaa4d99d	8192	14	R	generated.farm.13946664ad91058ff84c1e41.anchor	population.ingress.human-mystic.02	-97038	247767	-3648	-90954	248118	-3568	0	0	NO_PATH	0	0	data/spawns/TalkingIsland/TalkingIslandMonsters.xml|data/stats/players/templates/StartingClass/HumanMystic.xml
bridge.57ff85320d9a8378fa4f590b	component.a99c371149bc249af615a5c3	32768	1	F	population.farming.orc.20535	generated.farm.ab5e8f2e7966e479ea160401.anchor	-49106	-115854	-160	-22483	-124604	-2656	0	0	NO_PATH	0	0	data/spawns/OrcTerritory/OrcStarting.xml|data/spawns/OrcTerritory/OrcStarting.xml
bridge.580768eb3955501e8a69555d	component.c005299f6bcae5c6d8af8bb7	32768	2	F	population.route.dark-elf.a2	generated.farm.7a05c033eabc7172e800caf4.anchor	25720	11288	-3720	14176	-18036	-3120	0	0	NO_PATH	0	0	data/stats/players/templates/StartingClass/DarkFighter.xml|data/stats/players/templates/StartingClass/DarkMystic.xml|data/spawns/DarkElfTerritory/DarkElfStarting.xml|data/spawns/Rune/PrimevalIsle.xml
bridge.582105c66d9ffd56ed4d2f32	component.18c9e4ee0311769668b2eb74	8192	3	F	population.route.kamael.a2	generated.farm.74718a641fa7e78154fea892.anchor	-125400	37816	1184	-125620	37399	1176	0	0	VALID_DIRECT	472	1	data/stats/players/templates/StartingClass/KamaelMaleSoldier.xml|data/stats/players/templates/StartingClass/KamaelFemaleSoldier.xml|data/spawns/Kamael/IsleOfSouls.xml|data/spawns/Others/Gremlins.xml
bridge.58261f40d8eafdd5d871a3d2	component.cdd71132d5f4e86baaa4d99d	8192	13	F	population.route.human-mystic.a2	generated.farm.5a6b2e1025252314c1f156d2.anchor	-89144	249976	-3568	-93369	245699	-3608	0	0	NO_PATH	0	0	data/stats/players/templates/StartingClass/HumanMystic.xml|data/spawns/TalkingIsland/TalkingIslandMonsters.xml|data/spawns/TalkingIsland/TalkingIslandMonsters.xml
bridge.5854d11a8b9862fa3fa79ff5	component.b7883cab062e250a4845bacc	32768	8	F	population.ingress.orc.06	generated.farm.458673ead1d6f5e03c0230db.anchor	-56682	-113730	-672	-46721	-84975	-8320	0	0	NO_PATH	0	0	data/stats/players/templates/StartingClass/OrcFighter.xml|data/stats/players/templates/StartingClass/OrcMystic.xml|data/spawns/Others/KrateisCube.xml
bridge.58571d511d2c38a301f7ac7e	component.cdd71132d5f4e86baaa4d99d	8192	14	F	population.ingress.human-mystic.02	generated.farm.13946664ad91058ff84c1e41.anchor	-90954	248118	-3568	-97038	247767	-3648	0	0	NO_PATH	0	0	data/stats/players/templates/StartingClass/HumanMystic.xml|data/spawns/TalkingIsland/TalkingIslandMonsters.xml
bridge.58892d8544b633feca689f35	component.d2768e1382c5c1b8ae3c6408	32768	6	R	generated.farm.c559aedb44e0cf87e1fb32c9.anchor	population.ingress.dwarf.02	108605	-150431	-2328	108678	-174002	-408	0	0	NO_PATH	0	0	data/spawns/Others/PlunderousPlains.xml|data/stats/players/templates/StartingClass/DwarvenFighter.xml
bridge.589cbf3d36acb8802869a973	component.2a49f4f35c9ebde77d8043ac	16384	2	R	generated.farm.5b2f7b39b431b1d31c0f938a.anchor	generated.farm.768fa444a79123489bd7aa1d.anchor	146706	-212410	-3592	137660	-202383	-3664	0	0	VALID_DIRECT	13505	1	data/spawns/DwarvenTerritory/DwarvenStarting.xml|data/spawns/DwarvenTerritory/DwarvenStarting.xml
bridge.58cdc83b45748fad23f60259	component.79ad21df45b89fa5bb86a4fd	32768	15	F	population.ingress.elf.01	generated.farm.aa1716be4a17c0aa980acc7b.anchor	46045	41251	-3504	54583	71099	-3440	0	0	NO_PATH	0	0	data/stats/players/templates/StartingClass/ElvenFighter.xml|data/stats/players/templates/StartingClass/ElvenMystic.xml|data/spawns/ElvenTerritory/ElvenStarting.xml
bridge.58efbf19ed8162b411eb2506	component.43988bed6a656186e489a9b7	32768	7	R	generated.farm.4d58dd1be9d4b93272b379ec.anchor	population.ingress.elf.04	49877	22679	-5512	46115	41141	-3504	0	0	NO_PATH	0	0	data/spawns/Oren/SeaOfSpores.xml|data/stats/players/templates/StartingClass/ElvenFighter.xml|data/stats/players/templates/StartingClass/ElvenMystic.xml
bridge.58fb5c59f58cec56b23ff800	component.093885e4dafbe6ffb61aca3e	16384	14	F	population.ingress.elf.02	generated.farm.f738e4c5c0d04e971986b2ee.anchor	46117	41247	-3504	52427	26652	-5152	0	0	NO_PATH	0	0	data/stats/players/templates/StartingClass/ElvenFighter.xml|data/stats/players/templates/StartingClass/ElvenMystic.xml|data/spawns/Oren/SeaOfSpores.xml
bridge.593a8739abce27aedef0721b	component.d1bd433314f456b9fe85fbdf	32768	5	F	population.route.orc.a1	generated.farm.0d7c07144eea5c608cf6c8cf.anchor	-54685	-113715	-520	-25035	-119836	-1968	0	0	NO_PATH	0	0	data/stats/players/templates/StartingClass/OrcFighter.xml|data/stats/players/templates/StartingClass/OrcMystic.xml|data/spawns/OrcTerritory/OrcStarting.xml|data/spawns/OrcTerritory/OrcStarting.xml
bridge.59718f936c290fa8ddafe5b4	component.6cb9bd2a57139e6f69dd23f1	32768	1	R	generated.farm.b4beace3b35fcf43f7ac6d15.anchor	population.route.orc.a3	-46718	-86971	-8320	-50845	-113715	-168	0	0	NO_PATH	0	0	data/spawns/Others/KrateisCube.xml|data/stats/players/templates/StartingClass/OrcFighter.xml|data/stats/players/templates/StartingClass/OrcMystic.xml|data/spawns/OrcTerritory/OrcStarting.xml
bridge.5987794384f30de42db0e698	component.7b0a8695c70b29d38ea2d7b7	32768	9	R	generated.farm.bf71e830d9839ea5032228a3.anchor	population.ingress.orc.05	-48725	-86968	-8320	-56743	-113757	-672	0	0	NO_PATH	0	0	data/spawns/Others/KrateisCube.xml|data/stats/players/templates/StartingClass/OrcFighter.xml|data/stats/players/templates/StartingClass/OrcMystic.xml
bridge.59ef328efb0ea5b0d515e1a2	component.f5ec43735be4685d0f522b55	32768	4	R	generated.farm.c7902e29cb3795a4ce8dcf2c.anchor	population.ingress.orc.01	-50720	-86977	-8320	-56733	-113459	-672	0	0	NO_PATH	0	0	data/spawns/Others/KrateisCube.xml|data/stats/players/templates/StartingClass/OrcFighter.xml|data/stats/players/templates/StartingClass/OrcMystic.xml
bridge.5a202528b0f7d2269181e478	component.fa8902bdab910bb205f46118	16384	16	R	generated.farm.dd523eee6e4a71d8ae8b855e.anchor	population.route.dwarf.a2	113217	-159900	-1584	110948	-173435	-584	0	0	NO_PATH	0	0	data/spawns/Others/PlunderousPlains.xml|data/stats/players/templates/StartingClass/DwarvenFighter.xml|data/spawns/DwarvenTerritory/DwarvenStarting.xml
bridge.5a34271c4d415d2b73c9de54	component.7fa3659f0208cf5e905507bb	32768	3	F	population.route.dark-elf.a3	generated.farm.67e7b738e88cc6c0f12d73f7.anchor	25304	13256	-3648	2909	-9872	-3744	0	0	NO_PATH	0	0	data/stats/players/templates/StartingClass/DarkFighter.xml|data/stats/players/templates/StartingClass/DarkMystic.xml|data/spawns/DarkElfTerritory/DarkElfStarting.xml|data/spawns/Rune/PrimevalIsle.xml
bridge.5a9afe02cc60bfd63e994c7a	component.81e20220e9ebdfeacef509c3	16384	4	R	generated.farm.848f0d14f7a08b2ce9067798.anchor	population.route.orc.a2	-39240	-120828	-1704	-52637	-113715	-80	0	0	NO_PATH	0	0	data/spawns/OrcTerritory/OrcStarting.xml|data/stats/players/templates/StartingClass/OrcFighter.xml|data/stats/players/templates/StartingClass/OrcMystic.xml|data/spawns/OrcTerritory/OrcStarting.xml
bridge.5ab19924074c4d16a714e5d0	component.c9ca976b53659986c6d066ce	32768	3	F	generated.farm.a0a916d344116254f0d4e3f5.anchor	generated.farm.a05750e4fd835a9fce3722b4.anchor	31295	61887	-3544	6095	60044	-3656	0	0	NO_PATH	0	0	data/spawns/ElvenTerritory/ElvenStarting.xml|data/spawns/ElvenTerritory/ElvenStarting.xml
bridge.5b48e807b0d33feb960e23e5	component.e155a1307403cc14572bd687	32768	1	R	generated.farm.420ed35f1a9a3f532e2d6045.anchor	population.ingress.dwarf.03	101973	-149349	-3128	108505	-173964	-408	0	0	NO_PATH	0	0	data/spawns/Others/PlunderousPlains.xml|data/stats/players/templates/StartingClass/DwarvenFighter.xml
bridge.5b5268902fc073897b83e9ff	component.10e204556f859c1b294aeca4	32768	5	F	generated.farm.8417f5d804225e6423448125.anchor	generated.farm.01d45fe32598e8270dab20b2.anchor	132017	-208635	-3592	157239	-220265	-3600	0	0	NO_PATH	0	0	data/spawns/DwarvenTerritory/DwarvenStarting.xml|data/spawns/DwarvenTerritory/DwarvenStarting.xml
bridge.5b59cbc0e1d1cf0cd583714a	component.9fbefbbe289820cb000eadf1	32768	6	R	generated.farm.17667c6c78e20a9fb3c4ae08.anchor	population.ingress.orc.04	-52719	-84968	-8320	-56693	-113610	-672	0	0	NO_PATH	0	0	data/spawns/Others/KrateisCube.xml|data/stats/players/templates/StartingClass/OrcFighter.xml|data/stats/players/templates/StartingClass/OrcMystic.xml
bridge.5b738cde3a563e5f08cf5cfb	component.6b63e9a22c52715dd6894332	8192	12	R	generated.farm.52dc95334718091370944146.anchor	population.ingress.elf.05	41267	39070	-3496	46048	41141	-3504	0	0	NO_PATH	0	0	data/spawns/ElvenTerritory/ElvenStarting.xml|data/stats/players/templates/StartingClass/ElvenFighter.xml|data/stats/players/templates/StartingClass/ElvenMystic.xml
bridge.5b92c7040fb1f9a20f83100e	component.d1bd433314f456b9fe85fbdf	32768	11	F	population.ingress.orc.01	generated.farm.0d7c07144eea5c608cf6c8cf.anchor	-56733	-113459	-672	-25035	-119836	-1968	0	0	NO_PATH	0	0	data/stats/players/templates/StartingClass/OrcFighter.xml|data/stats/players/templates/StartingClass/OrcMystic.xml|data/spawns/OrcTerritory/OrcStarting.xml
bridge.5b9f1d4a19d826a40a6d6642	component.46078c3265041fc30a5d4a44	16384	10	R	generated.farm.c966cf46f4c8074e4ddbc1d1.anchor	generated.farm.d6f82637bd6fae44cd109781.anchor	35728	46771	-3688	48366	42521	-3472	0	0	NO_PATH	0	0	data/spawns/ElvenTerritory/ElvenStarting.xml|data/spawns/ElvenTerritory/ElvenStarting.xml
bridge.5bda03f7f859aae32762dbda	component.73f096cfc3045644558d7b95	16384	8	R	generated.farm.6040d874a2bc9b8a07dc4671.anchor	population.route.orc.a2	-41352	-102553	-2720	-52637	-113715	-80	0	0	NO_PATH	0	0	data/spawns/OrcTerritory/OrcStarting.xml|data/stats/players/templates/StartingClass/OrcFighter.xml|data/stats/players/templates/StartingClass/OrcMystic.xml|data/spawns/OrcTerritory/OrcStarting.xml
bridge.5bf35b0e3e1358ef13fdfd8a	component.6b6dbba2f1367f01991dfe32	32768	7	F	population.ingress.orc.03	generated.farm.59f334c6c58a366ac0ebe3c9.anchor	-56728	-113610	-672	-50720	-82961	-8320	0	0	NO_PATH	0	0	data/stats/players/templates/StartingClass/OrcFighter.xml|data/stats/players/templates/StartingClass/OrcMystic.xml|data/spawns/Others/KrateisCube.xml
bridge.5bf42282061cbf08fe465731	component.17d39984ff40b347b4bbe819	8192	10	R	generated.farm.013f818c1372afc740e3cbc2.anchor	generated.farm.475038779aaee6a2e82aa06b.anchor	174089	-194394	-3464	175552	-186630	-1280	0	0	NO_PATH	0	0	data/spawns/DwarvenTerritory/DwarvenStarting.xml|data/spawns/DwarvenTerritory/DwarvenStarting.xml
bridge.5bf96f2877a84fcae63665e0	component.a15eac19b29dbd838fc4cf11	32768	5	F	population.ingress.dwarf.03	generated.farm.a4122c4a8bed91d0e6a70bc3.anchor	108505	-173964	-408	107302	-145184	-3656	0	0	NO_PATH	0	0	data/stats/players/templates/StartingClass/DwarvenFighter.xml|data/spawns/Others/PlunderousPlains.xml
bridge.5c57e87dd2f0c7b5e76a5a2f	component.214784823dfee247eabd4cc1	16384	6	R	generated.farm.e685f7e7994e7e1f1e589631.anchor	population.route.orc.a4	-37492	-118051	-1712	-50077	-115763	-160	0	0	NO_PATH	0	0	data/spawns/OrcTerritory/OrcStarting.xml|data/stats/players/templates/StartingClass/OrcFighter.xml|data/stats/players/templates/StartingClass/OrcMystic.xml|data/spawns/OrcTerritory/OrcStarting.xml
bridge.5c68c78a95f20bd91e5b91fa	component.f5ec43735be4685d0f522b55	32768	5	R	generated.farm.c7902e29cb3795a4ce8dcf2c.anchor	population.ingress.orc.02	-50720	-86977	-8320	-56686	-113470	-672	0	0	NO_PATH	0	0	data/spawns/Others/KrateisCube.xml|data/stats/players/templates/StartingClass/OrcFighter.xml|data/stats/players/templates/StartingClass/OrcMystic.xml
bridge.5cbc315a9d83ae7bb9c5a5f7	component.d5d468daa4bebd1a4eb327d6	32768	11	R	generated.farm.08eced60f60a66b7fc7027b7.anchor	population.ingress.dark-elf.01	6712	-9399	-3680	28295	11063	-4232	0	0	NO_PATH	0	0	data/spawns/Rune/PrimevalIsle.xml|data/stats/players/templates/StartingClass/DarkFighter.xml|data/stats/players/templates/StartingClass/DarkMystic.xml
bridge.5cf2305ec199c6b4356eff30	component.4562799c5dc584243d56e35b	32768	1	F	population.route.orc.a2	generated.farm.bff7beafbd229e70fb09ec46.anchor	-52637	-113715	-80	-52728	-86971	-8320	0	0	NO_PATH	0	0	data/stats/players/templates/StartingClass/OrcFighter.xml|data/stats/players/templates/StartingClass/OrcMystic.xml|data/spawns/OrcTerritory/OrcStarting.xml|data/spawns/Others/KrateisCube.xml
bridge.5d0c564d8b5dd1a2f0d4a260	component.6b63e9a22c52715dd6894332	8192	15	R	generated.farm.52dc95334718091370944146.anchor	population.ingress.elf.02	41267	39070	-3496	46117	41247	-3504	0	0	NO_PATH	0	0	data/spawns/ElvenTerritory/ElvenStarting.xml|data/stats/players/templates/StartingClass/ElvenFighter.xml|data/stats/players/templates/StartingClass/ElvenMystic.xml
bridge.5d4be041e330394916179e8a	component.093885e4dafbe6ffb61aca3e	16384	15	R	generated.farm.df7293a680ae220a1313a900.anchor	population.ingress.elf.05	54285	27538	-5280	46048	41141	-3504	0	0	NO_PATH	0	0	data/spawns/Oren/SeaOfSpores.xml|data/stats/players/templates/StartingClass/ElvenFighter.xml|data/stats/players/templates/StartingClass/ElvenMystic.xml
bridge.5d53adac646d686e420be704	component.43988bed6a656186e489a9b7	32768	16	R	generated.farm.4d58dd1be9d4b93272b379ec.anchor	generated.farm.d6f82637bd6fae44cd109781.anchor	49877	22679	-5512	48366	42521	-3472	0	0	NO_PATH	0	0	data/spawns/Oren/SeaOfSpores.xml|data/spawns/ElvenTerritory/ElvenStarting.xml
bridge.5d5d4d47eaa517dfbcf5a916	component.df33433dc147309d6dc09abc	32768	6	R	generated.farm.9bd77ed2d0a9c062814dc873.anchor	population.ingress.orc.04	-46721	-82961	-8320	-56693	-113610	-672	0	0	NO_PATH	0	0	data/spawns/Others/KrateisCube.xml|data/stats/players/templates/StartingClass/OrcFighter.xml|data/stats/players/templates/StartingClass/OrcMystic.xml
bridge.5d7be4167ac36f1faf25f4f1	component.4562799c5dc584243d56e35b	32768	11	F	population.farming.orc.20535	generated.farm.bff7beafbd229e70fb09ec46.anchor	-49106	-115854	-160	-52728	-86971	-8320	0	0	NO_PATH	0	0	data/spawns/OrcTerritory/OrcStarting.xml|data/spawns/Others/KrateisCube.xml
bridge.5da4137ae40e64be5fbc77d7	component.cdd71132d5f4e86baaa4d99d	8192	12	F	population.route.human-mystic.b2	generated.farm.5a6b2e1025252314c1f156d2.anchor	-89240	249912	-3568	-93369	245699	-3608	0	0	NO_PATH	0	0	data/stats/players/templates/StartingClass/HumanMystic.xml|data/spawns/TalkingIsland/TalkingIslandMonsters.xml|data/spawns/TalkingIsland/TalkingIslandMonsters.xml
bridge.5dba401489d6ed06d28e2378	component.a15eac19b29dbd838fc4cf11	32768	14	R	generated.farm.a4122c4a8bed91d0e6a70bc3.anchor	population.route.dwarf.a3	107302	-145184	-3656	112996	-173691	-608	0	0	NO_PATH	0	0	data/spawns/Others/PlunderousPlains.xml|data/stats/players/templates/StartingClass/DwarvenFighter.xml|data/spawns/DwarvenTerritory/DwarvenStarting.xml
bridge.5dea72adf2c3a032c261945a	component.4542949d001791c13737d9b4	8192	11	F	population.farming.human-mystic.20481	generated.farm.432802d3c2901d9686cb1651.anchor	-86478	251343	-3600	-90610	248293	-3568	0	0	NO_PATH	0	0	data/spawns/TalkingIsland/TalkingIslandMonsters.xml|data/spawns/Others/Gremlins.xml
bridge.5e0f0504a51a1f5681c3d6b6	component.2a49f4f35c9ebde77d8043ac	16384	1	F	generated.farm.aa29c1792ab359df7ec6bdd3.anchor	generated.farm.5b2f7b39b431b1d31c0f938a.anchor	144241	-204346	-3128	146706	-212410	-3592	0	0	NO_PATH	0	0	data/spawns/DwarvenTerritory/DwarvenStarting.xml|data/spawns/DwarvenTerritory/DwarvenStarting.xml
bridge.5e143fe3417d02cd9142ed97	component.2c7e3c336954be75db3a7f7d	32768	4	R	generated.farm.9eb7152622bad01eeb33f1c4.anchor	population.ingress.dark-elf.04	25906	-16833	-2744	28456	10997	-4232	0	0	NO_PATH	0	0	data/spawns/Rune/PrimevalIsle.xml|data/stats/players/templates/StartingClass/DarkFighter.xml|data/stats/players/templates/StartingClass/DarkMystic.xml
bridge.5e1b3d2cbcb6a3ed76e05804	component.43988bed6a656186e489a9b7	32768	3	F	population.ingress.elf.03	generated.farm.88cab6697f22f34bf81c16f7.anchor	46182	41198	-3504	53010	23851	-5384	0	0	NO_PATH	0	0	data/stats/players/templates/StartingClass/ElvenFighter.xml|data/stats/players/templates/StartingClass/ElvenMystic.xml|data/spawns/Oren/SeaOfSpores.xml
bridge.5e28752057ba9eefbe9910e0	component.7b0a8695c70b29d38ea2d7b7	32768	3	F	population.route.orc.a1	generated.farm.bf71e830d9839ea5032228a3.anchor	-54685	-113715	-520	-48725	-86968	-8320	0	0	NO_PATH	0	0	data/stats/players/templates/StartingClass/OrcFighter.xml|data/stats/players/templates/StartingClass/OrcMystic.xml|data/spawns/OrcTerritory/OrcStarting.xml|data/spawns/Others/KrateisCube.xml
bridge.5ee05f420b32056b26336b1b	component.a897c66aac15ed82ae4b47cc	16384	1	F	generated.farm.40c5f8858df37983d677ac58.anchor	generated.farm.5eb90806db1167da3a0881d8.anchor	136935	-202962	-3632	126625	-194289	-3288	0	0	NO_PATH	0	0	data/spawns/DwarvenTerritory/DwarvenStarting.xml|data/spawns/DwarvenTerritory/DwarvenStarting.xml
bridge.5f0499fa931243994dd4622e	component.41e35f446ee4f00762502fdb	32768	2	R	generated.farm.d39331b999c56e6df46c579c.anchor	population.farming.dark-elf.20529	1740	22546	-3368	25308	13254	-3648	0	0	NO_PATH	0	0	data/spawns/DarkElfTerritory/DarkElfStarting.xml|data/spawns/DarkElfTerritory/DarkElfStarting.xml
bridge.5f27f53ba2b0188e489de3ab	component.79ad21df45b89fa5bb86a4fd	32768	14	F	population.ingress.elf.02	generated.farm.aa1716be4a17c0aa980acc7b.anchor	46117	41247	-3504	54583	71099	-3440	0	0	NO_PATH	0	0	data/stats/players/templates/StartingClass/ElvenFighter.xml|data/stats/players/templates/StartingClass/ElvenMystic.xml|data/spawns/ElvenTerritory/ElvenStarting.xml
bridge.5f4a5aa220186a7ea8643906	component.ab29092af7d295a3d4416d1e	32768	1	R	generated.farm.298219c53607a679d1a095b6.anchor	population.farming.orc.20535	-22721	-132248	-712	-49106	-115854	-160	0	0	NO_PATH	0	0	data/spawns/OrcTerritory/OrcStarting.xml|data/spawns/OrcTerritory/OrcStarting.xml
bridge.5fd0ca6e2cdc35cafc0d4465	component.6cb9bd2a57139e6f69dd23f1	32768	1	F	population.route.orc.a3	generated.farm.b4beace3b35fcf43f7ac6d15.anchor	-50845	-113715	-168	-46718	-86971	-8320	0	0	NO_PATH	0	0	data/stats/players/templates/StartingClass/OrcFighter.xml|data/stats/players/templates/StartingClass/OrcMystic.xml|data/spawns/OrcTerritory/OrcStarting.xml|data/spawns/Others/KrateisCube.xml
bridge.5fdb5d6e0ab49ee48fb3a682	component.d3216117370eda03adad62f0	8192	1	F	generated.farm.ea72d768f3c8ec3d79c1a530.anchor	generated.farm.b539810253cc4fda263eac79.anchor	116056	-175091	-1016	121338	-181266	-1936	0	0	NO_PATH	0	0	data/spawns/DwarvenTerritory/DwarvenStarting.xml|data/spawns/DwarvenTerritory/DwarvenStarting.xml
bridge.5fdb7c1afb61636752e4a056	component.e04c7af9711cc5dd2a0ac987	16384	10	R	generated.farm.c566a65e22d07a92230b56a2.anchor	population.route.human-mystic.c1	-95163	237296	-3408	-87848	250568	-3616	0	0	NO_PATH	0	0	data/spawns/TalkingIsland/TalkingIslandMonsters.xml|data/stats/players/templates/StartingClass/HumanMystic.xml|data/spawns/TalkingIsland/TalkingIslandMonsters.xml
bridge.5fdc09e20026c57138e60a9b	component.6b6dbba2f1367f01991dfe32	32768	3	R	generated.farm.59f334c6c58a366ac0ebe3c9.anchor	population.route.orc.a1	-50720	-82961	-8320	-54685	-113715	-520	0	0	NO_PATH	0	0	data/spawns/Others/KrateisCube.xml|data/stats/players/templates/StartingClass/OrcFighter.xml|data/stats/players/templates/StartingClass/OrcMystic.xml|data/spawns/OrcTerritory/OrcStarting.xml
bridge.6006a73d45af419d5ec1bcc7	component.ac8aaf293b35ddbae57a8843	8192	16	R	generated.farm.1a1d5ca5583b453d5a406cfa.anchor	population.ingress.elf.02	39605	36319	-3600	46117	41247	-3504	0	0	NO_PATH	0	0	data/spawns/ElvenTerritory/ElvenStarting.xml|data/stats/players/templates/StartingClass/ElvenFighter.xml|data/stats/players/templates/StartingClass/ElvenMystic.xml
bridge.6051b1b487380095e4eeb1e1	component.6ed5189c1ad34dcd97c5af56	32768	3	R	generated.farm.728f34d7752261776a8e5fb7.anchor	population.route.orc.a1	-50719	-84960	-8320	-54685	-113715	-520	0	0	NO_PATH	0	0	data/spawns/Others/KrateisCube.xml|data/stats/players/templates/StartingClass/OrcFighter.xml|data/stats/players/templates/StartingClass/OrcMystic.xml|data/spawns/OrcTerritory/OrcStarting.xml
bridge.605206ca471583a85e55d55e	component.7e882b0664c31928ac9f5caa	32768	12	F	population.ingress.dwarf.03	generated.farm.12923521d58d7301f63fd56a.anchor	108505	-173964	-408	117133	-149832	-2352	0	0	NO_PATH	0	0	data/stats/players/templates/StartingClass/DwarvenFighter.xml|data/spawns/Others/PlunderousPlains.xml
bridge.606e827a2b1b609b2ee41315	component.214784823dfee247eabd4cc1	16384	8	F	population.route.orc.a1	generated.farm.08bede9fa450ab087be0458b.anchor	-54685	-113715	-520	-40560	-117892	-1920	0	0	NO_PATH	0	0	data/stats/players/templates/StartingClass/OrcFighter.xml|data/stats/players/templates/StartingClass/OrcMystic.xml|data/spawns/OrcTerritory/OrcStarting.xml|data/spawns/OrcTerritory/OrcStarting.xml
bridge.6070a2fa24e625ef6c8b6c38	component.73d0c59f5bdd9014627ebe4f	32768	2	F	population.farming.elf.20534	elven.farming.oren04-2019-07s	44126	42751	-3488	19248	43340	-3712	0	0	NO_PATH	0	0	data/spawns/ElvenTerritory/ElvenStarting.xml|data/spawns/ElvenTerritory/ElvenStarting.xml
bridge.6087bf51276f7e29848ea6fb	component.d5d468daa4bebd1a4eb327d6	32768	14	R	generated.farm.08eced60f60a66b7fc7027b7.anchor	population.ingress.dark-elf.05	6712	-9399	-3680	28461	11044	-4232	0	0	NO_PATH	0	0	data/spawns/Rune/PrimevalIsle.xml|data/stats/players/templates/StartingClass/DarkFighter.xml|data/stats/players/templates/StartingClass/DarkMystic.xml
bridge.609c6cb9df55fa108e40bdf2	component.6e7449d40cf7c2785c9bf89b	8192	1	R	generated.farm.bfb0335de417bc81a7e9b231.anchor	population.route.human-mystic.b1	-88052	241579	-3600	-90072	248328	-3568	0	0	NO_PATH	0	0	data/spawns/TalkingIsland/TalkingIslandMonsters.xml|data/stats/players/templates/StartingClass/HumanMystic.xml|data/spawns/TalkingIsland/TalkingIslandMonsters.xml
bridge.60b37319cc1a74ec7b2496ab	component.475c48156e62e7e47cb30765	32768	1	R	generated.farm.bd35d5fb02b6c1c76b448822.anchor	population.route.orc.a3	-48720	-82958	-8320	-50845	-113715	-168	0	0	NO_PATH	0	0	data/spawns/Others/KrateisCube.xml|data/stats/players/templates/StartingClass/OrcFighter.xml|data/stats/players/templates/StartingClass/OrcMystic.xml|data/spawns/OrcTerritory/OrcStarting.xml
bridge.60b8a20681acb4a4f68d1241	component.7b0a8695c70b29d38ea2d7b7	32768	4	F	population.ingress.orc.02	generated.farm.bf71e830d9839ea5032228a3.anchor	-56686	-113470	-672	-48725	-86968	-8320	0	0	NO_PATH	0	0	data/stats/players/templates/StartingClass/OrcFighter.xml|data/stats/players/templates/StartingClass/OrcMystic.xml|data/spawns/Others/KrateisCube.xml
bridge.60ccaefbbdc1e641ce311d39	component.73f096cfc3045644558d7b95	16384	3	F	population.route.orc.a3	generated.farm.6040d874a2bc9b8a07dc4671.anchor	-50845	-113715	-168	-41352	-102553	-2720	0	0	NO_PATH	0	0	data/stats/players/templates/StartingClass/OrcFighter.xml|data/stats/players/templates/StartingClass/OrcMystic.xml|data/spawns/OrcTerritory/OrcStarting.xml|data/spawns/OrcTerritory/OrcStarting.xml
bridge.60dc18e75f3bb9004d52cde6	component.cdd71132d5f4e86baaa4d99d	8192	15	R	generated.farm.13946664ad91058ff84c1e41.anchor	population.ingress.human-mystic.03	-97038	247767	-3648	-90918	248070	-3568	0	0	NO_PATH	0	0	data/spawns/TalkingIsland/TalkingIslandMonsters.xml|data/stats/players/templates/StartingClass/HumanMystic.xml
bridge.61190e537f543ca4e0d1abba	component.91a9f940fd17192b7296dafb	32768	8	F	population.ingress.dark-elf.05	generated.farm.c2fab2e4269c72a597f3b7a9.anchor	28461	11044	-4232	19916	-9610	-2824	0	0	NO_PATH	0	0	data/stats/players/templates/StartingClass/DarkFighter.xml|data/stats/players/templates/StartingClass/DarkMystic.xml|data/spawns/Rune/PrimevalIsle.xml
bridge.611ff25e48ec15d3f34f29b8	component.6e3a57525358ac42a6fda077	32768	3	F	generated.farm.6ba5b907a989d5e1ce9567a0.anchor	generated.farm.1a8d5255f1d68b98358f16fc.anchor	51500	59679	-3368	70230	76786	-3696	0	0	NO_PATH	0	0	data/spawns/ElvenTerritory/ElvenStarting.xml|data/spawns/Oren/TimakOutpost.xml
bridge.61239cc7634856ecfb3a0594	component.a2230627cce424b0593fedc6	32768	9	R	generated.farm.08a347f7f13696479813918f.anchor	generated.farm.36714f071123eedc9cac6c05.anchor	15644	-8311	-3248	28436	11041	-4232	0	0	NO_PATH	0	0	data/spawns/Rune/PrimevalIsle.xml|data/spawns/Others/Gremlins.xml
bridge.613f4b54785f258ae35008dc	component.10e204556f859c1b294aeca4	32768	10	F	generated.farm.8417f5d804225e6423448125.anchor	generated.farm.c4c86a1c1e9423c05d843bc9.anchor	132017	-208635	-3592	160145	-219344	-3528	0	0	NO_PATH	0	0	data/spawns/DwarvenTerritory/DwarvenStarting.xml|data/spawns/DwarvenTerritory/DwarvenStarting.xml
bridge.614cb64b09415ac4e286301b	component.cdd71132d5f4e86baaa4d99d	8192	1	F	population.ingress.human-mystic.04	generated.farm.5a6b2e1025252314c1f156d2.anchor	-90890	248027	-3568	-93369	245699	-3608	0	0	NO_PATH	0	0	data/stats/players/templates/StartingClass/HumanMystic.xml|data/spawns/TalkingIsland/TalkingIslandMonsters.xml
bridge.61624e3177cab85c613e7cf7	component.f0870ecd40f136c705bc5941	32768	6	R	generated.farm.ef0394b1715ca0d66c082465.anchor	population.ingress.orc.04	-44717	-84969	-8320	-56693	-113610	-672	0	0	NO_PATH	0	0	data/spawns/Others/KrateisCube.xml|data/stats/players/templates/StartingClass/OrcFighter.xml|data/stats/players/templates/StartingClass/OrcMystic.xml
bridge.61736c0d4a39858035f2a035	component.81e20220e9ebdfeacef509c3	16384	2	R	generated.farm.848f0d14f7a08b2ce9067798.anchor	population.route.orc.a4	-39240	-120828	-1704	-50077	-115763	-160	0	0	NO_PATH	0	0	data/spawns/OrcTerritory/OrcStarting.xml|data/stats/players/templates/StartingClass/OrcFighter.xml|data/stats/players/templates/StartingClass/OrcMystic.xml|data/spawns/OrcTerritory/OrcStarting.xml
bridge.61ebc62320b6237a1d89ed5d	component.63defb22486d49c052a69667	32768	10	R	generated.farm.946a41fbbc63614320c02954.anchor	population.ingress.elf.05	53398	63278	-3480	46048	41141	-3504	0	0	NO_PATH	0	0	data/spawns/ElvenTerritory/ElvenStarting.xml|data/stats/players/templates/StartingClass/ElvenFighter.xml|data/stats/players/templates/StartingClass/ElvenMystic.xml
bridge.6208a952d96398c60c642157	component.63defb22486d49c052a69667	32768	3	R	generated.farm.946a41fbbc63614320c02954.anchor	population.farming.elf.20534	53398	63278	-3480	44126	42751	-3488	0	0	NO_PATH	0	0	data/spawns/ElvenTerritory/ElvenStarting.xml|data/spawns/ElvenTerritory/ElvenStarting.xml
bridge.6240c1b8c1cc5accf9d81f09	component.f0870ecd40f136c705bc5941	32768	11	R	generated.farm.ef0394b1715ca0d66c082465.anchor	population.route.orc.a4	-44717	-84969	-8320	-50077	-115763	-160	0	0	NO_PATH	0	0	data/spawns/Others/KrateisCube.xml|data/stats/players/templates/StartingClass/OrcFighter.xml|data/stats/players/templates/StartingClass/OrcMystic.xml|data/spawns/OrcTerritory/OrcStarting.xml
bridge.628a63759787eddd454c47ef	component.ff75e3e7e0f1b27f3a0af453	32768	4	F	generated.farm.475038779aaee6a2e82aa06b.anchor	generated.farm.25b75a8a47aae59991e9540b.anchor	175552	-186630	-1280	187276	-204256	-2848	0	0	NO_PATH	0	0	data/spawns/DwarvenTerritory/DwarvenStarting.xml|data/spawns/DwarvenTerritory/DwarvenStarting.xml
bridge.62baaa2dd965ee5495116f12	component.d5d468daa4bebd1a4eb327d6	32768	9	R	generated.farm.08eced60f60a66b7fc7027b7.anchor	population.ingress.dark-elf.03	6712	-9399	-3680	28377	10916	-4232	0	0	NO_PATH	0	0	data/spawns/Rune/PrimevalIsle.xml|data/stats/players/templates/StartingClass/DarkFighter.xml|data/stats/players/templates/StartingClass/DarkMystic.xml
bridge.62d2cd4f440e11f4c1bc5d39	component.d4f263a6130862446fcab68a	16384	4	R	generated.farm.f9312932904adae788963399.anchor	population.ingress.dwarf.03	108605	-160621	-1688	108505	-173964	-408	0	0	NO_PATH	0	0	data/spawns/Others/PlunderousPlains.xml|data/stats/players/templates/StartingClass/DwarvenFighter.xml
bridge.62d571b3c982a7da0da991f3	component.475c48156e62e7e47cb30765	32768	5	R	generated.farm.bd35d5fb02b6c1c76b448822.anchor	population.ingress.orc.01	-48720	-82958	-8320	-56733	-113459	-672	0	0	NO_PATH	0	0	data/spawns/Others/KrateisCube.xml|data/stats/players/templates/StartingClass/OrcFighter.xml|data/stats/players/templates/StartingClass/OrcMystic.xml
bridge.62de0d3926411b636f223eb8	component.f0870ecd40f136c705bc5941	32768	3	R	generated.farm.ef0394b1715ca0d66c082465.anchor	population.route.orc.a1	-44717	-84969	-8320	-54685	-113715	-520	0	0	NO_PATH	0	0	data/spawns/Others/KrateisCube.xml|data/stats/players/templates/StartingClass/OrcFighter.xml|data/stats/players/templates/StartingClass/OrcMystic.xml|data/spawns/OrcTerritory/OrcStarting.xml
bridge.632417dc7ea2718f9be53c0e	component.9e6d3547bb369a54417d2a8e	32768	3	R	generated.farm.8eacaac16a08449c5372ffbc.anchor	population.ingress.orc.02	-52719	-82961	-8320	-56686	-113470	-672	0	0	NO_PATH	0	0	data/spawns/Others/KrateisCube.xml|data/stats/players/templates/StartingClass/OrcFighter.xml|data/stats/players/templates/StartingClass/OrcMystic.xml
bridge.633b0e548b20e88ce1cf5305	component.a2230627cce424b0593fedc6	32768	13	F	population.route.dark-elf.a3	generated.farm.08a347f7f13696479813918f.anchor	25304	13256	-3648	15644	-8311	-3248	0	0	NO_PATH	0	0	data/stats/players/templates/StartingClass/DarkFighter.xml|data/stats/players/templates/StartingClass/DarkMystic.xml|data/spawns/DarkElfTerritory/DarkElfStarting.xml|data/spawns/Rune/PrimevalIsle.xml
bridge.635414ef736d469a54297817	component.de636b0f82c1f5ec50237e13	32768	11	R	generated.farm.a39f58864657ce5b49b26ee3.anchor	population.route.dwarf.a4	116564	-195406	-3480	113508	-174203	-608	0	0	NO_PATH	0	0	data/spawns/DwarvenTerritory/DwarvenStarting.xml|data/stats/players/templates/StartingClass/DwarvenFighter.xml|data/spawns/DwarvenTerritory/DwarvenStarting.xml
bridge.63799a6a7d74a7727c6db573	component.b0959173bd82d4b722b2be8c	32768	8	R	generated.farm.c64e3da0e4c050e99dd0e964.anchor	population.ingress.dark-elf.05	25484	-10847	-2480	28461	11044	-4232	0	0	NO_PATH	0	0	data/spawns/Rune/PrimevalIsle.xml|data/stats/players/templates/StartingClass/DarkFighter.xml|data/stats/players/templates/StartingClass/DarkMystic.xml
bridge.638ca995f39b3b194c864fdf	component.81e20220e9ebdfeacef509c3	16384	2	F	population.route.orc.a4	generated.farm.848f0d14f7a08b2ce9067798.anchor	-50077	-115763	-160	-39240	-120828	-1704	0	0	NO_PATH	0	0	data/stats/players/templates/StartingClass/OrcFighter.xml|data/stats/players/templates/StartingClass/OrcMystic.xml|data/spawns/OrcTerritory/OrcStarting.xml|data/spawns/OrcTerritory/OrcStarting.xml
bridge.63a8244b7a1c8303dd370882	component.ac8aaf293b35ddbae57a8843	8192	13	R	generated.farm.1a1d5ca5583b453d5a406cfa.anchor	population.ingress.elf.01	39605	36319	-3600	46045	41251	-3504	0	0	NO_PATH	0	0	data/spawns/ElvenTerritory/ElvenStarting.xml|data/stats/players/templates/StartingClass/ElvenFighter.xml|data/stats/players/templates/StartingClass/ElvenMystic.xml
bridge.63acf16f267701ef219a7f14	component.c8a8b60142ed368a7d7be480	32768	12	F	population.route.dark-elf.a2	generated.farm.64e1872735f98ad838918703.anchor	25720	11288	-3720	23186	-20161	-2704	0	0	NO_PATH	0	0	data/stats/players/templates/StartingClass/DarkFighter.xml|data/stats/players/templates/StartingClass/DarkMystic.xml|data/spawns/DarkElfTerritory/DarkElfStarting.xml|data/spawns/Rune/PrimevalIsle.xml
bridge.63f2747e2c1a06a0e9fbd713	component.58fa7816fe6f000be807e01c	8192	4	R	generated.farm.f66a8a0231b2d83dac29cc4d.anchor	population.route.dark-elf.a3	24496	9206	-3584	25304	13256	-3648	0	0	NO_PATH	0	0	data/spawns/DarkElfTerritory/DarkElfStarting.xml|data/stats/players/templates/StartingClass/DarkFighter.xml|data/stats/players/templates/StartingClass/DarkMystic.xml|data/spawns/DarkElfTerritory/DarkElfStarting.xml
bridge.63ff6507e914ec0468b62b43	component.ba083b6371fa0acdb077e91c	8192	1	R	generated.farm.eda8543a4ab4d30e028f9b97.anchor	population.ingress.orc.04	-56273	-113606	-672	-56693	-113610	-672	0	0	VALID_DIRECT	421	1	data/spawns/Others/Gremlins.xml|data/stats/players/templates/StartingClass/OrcFighter.xml|data/stats/players/templates/StartingClass/OrcMystic.xml
bridge.6432b9da24adcfdde27fbb7d	component.4542949d001791c13737d9b4	8192	4	R	generated.farm.432802d3c2901d9686cb1651.anchor	population.ingress.human-mystic.04	-90610	248293	-3568	-90890	248027	-3568	0	0	VALID_DIRECT	387	1	data/spawns/Others/Gremlins.xml|data/stats/players/templates/StartingClass/HumanMystic.xml
bridge.6435d1a3b46ad8a2162c91aa	component.46078c3265041fc30a5d4a44	16384	2	R	generated.farm.c966cf46f4c8074e4ddbc1d1.anchor	population.farming.elf.20534	35728	46771	-3688	44126	42751	-3488	0	0	NO_PATH	0	0	data/spawns/ElvenTerritory/ElvenStarting.xml|data/spawns/ElvenTerritory/ElvenStarting.xml
bridge.645b4007ce5cf3095ac0f369	component.48e6e689d4d766cfd82dc2e2	16384	7	F	population.ingress.elf.05	generated.farm.5ee423a52e35fbb905b7ecb0.anchor	46048	41141	-3504	54714	51620	-3592	0	0	NO_PATH	0	0	data/stats/players/templates/StartingClass/ElvenFighter.xml|data/stats/players/templates/StartingClass/ElvenMystic.xml|data/spawns/ElvenTerritory/ElvenStarting.xml
bridge.6484f6056a59003d3d837af7	component.d5d468daa4bebd1a4eb327d6	32768	7	F	population.route.dark-elf.a3	generated.farm.b8e223341be05b45a19768c2.anchor	25304	13256	-3648	5975	-9197	-3696	0	0	NO_PATH	0	0	data/stats/players/templates/StartingClass/DarkFighter.xml|data/stats/players/templates/StartingClass/DarkMystic.xml|data/spawns/DarkElfTerritory/DarkElfStarting.xml|data/spawns/Rune/PrimevalIsle.xml
bridge.648fbf533ab082487c514367	component.18c9e4ee0311769668b2eb74	8192	5	F	population.route.kamael.a4	generated.farm.74718a641fa7e78154fea892.anchor	-125240	37848	1208	-125620	37399	1176	0	0	VALID_DIRECT	590	1	data/stats/players/templates/StartingClass/KamaelMaleSoldier.xml|data/stats/players/templates/StartingClass/KamaelFemaleSoldier.xml|data/spawns/Kamael/IsleOfSouls.xml|data/spawns/Others/Gremlins.xml
bridge.64951b5d33ba3b3148fb6946	component.d4239fbe60250487003bb4fd	32768	4	R	generated.farm.c4067c834f12b99e976909a2.anchor	population.ingress.elf.06	26607	63533	-3552	45978	41196	-3504	0	0	NO_PATH	0	0	data/spawns/ElvenTerritory/ElvenStarting.xml|data/stats/players/templates/StartingClass/ElvenFighter.xml|data/stats/players/templates/StartingClass/ElvenMystic.xml
bridge.64b94d48dd2ea09db156f2a7	component.41e35f446ee4f00762502fdb	32768	8	R	generated.farm.d39331b999c56e6df46c579c.anchor	population.ingress.dark-elf.03	1740	22546	-3368	28377	10916	-4232	0	0	NO_PATH	0	0	data/spawns/DarkElfTerritory/DarkElfStarting.xml|data/stats/players/templates/StartingClass/DarkFighter.xml|data/stats/players/templates/StartingClass/DarkMystic.xml
bridge.64edc7bf6db1d616a8b3a852	component.89c4c607fc4fee76637095fd	16384	6	F	population.ingress.elf.01	generated.farm.519759dffe4a0803b970d3ee.anchor	46045	41251	-3504	48712	55466	-3464	0	0	NO_PATH	0	0	data/stats/players/templates/StartingClass/ElvenFighter.xml|data/stats/players/templates/StartingClass/ElvenMystic.xml|data/spawns/ElvenTerritory/ElvenStarting.xml
bridge.65014e9e07bcf72be5619989	component.0075e5d7b40ef037d898ed1f	32768	5	R	generated.farm.0ea9abb137efe17aa6607d08.anchor	population.route.orc.a4	-19004	-108238	-2096	-50077	-115763	-160	0	0	NO_PATH	0	0	data/spawns/OrcTerritory/OrcStarting.xml|data/stats/players/templates/StartingClass/OrcFighter.xml|data/stats/players/templates/StartingClass/OrcMystic.xml|data/spawns/OrcTerritory/OrcStarting.xml
bridge.650a02b1ec19666398f10051	component.18bacfc235ddd517347d8830	32768	4	R	generated.farm.6cc54f41492a8ebff56a5815.anchor	population.route.dwarf.a2	119130	-144099	-3016	110948	-173435	-584	0	0	NO_PATH	0	0	data/spawns/Others/PlunderousPlains.xml|data/stats/players/templates/StartingClass/DwarvenFighter.xml|data/spawns/DwarvenTerritory/DwarvenStarting.xml
bridge.65714d36f7bb1405655a313d	component.cdd71132d5f4e86baaa4d99d	8192	10	F	population.route.human-mystic.b1	generated.farm.739ff353ab353f0a5a095101.anchor	-90072	248328	-3568	-95394	246014	-3616	0	0	NO_PATH	0	0	data/stats/players/templates/StartingClass/HumanMystic.xml|data/spawns/TalkingIsland/TalkingIslandMonsters.xml|data/spawns/TalkingIsland/TalkingIslandMonsters.xml
bridge.6599f9be0930064c60e60583	component.7e882b0664c31928ac9f5caa	32768	16	R	generated.farm.12923521d58d7301f63fd56a.anchor	population.ingress.dwarf.06	117133	-149832	-2352	108576	-174122	-408	0	0	NO_PATH	0	0	data/spawns/Others/PlunderousPlains.xml|data/stats/players/templates/StartingClass/DwarvenFighter.xml
bridge.65b824dd13cdcb3bb418dbc9	component.f0870ecd40f136c705bc5941	32768	1	R	generated.farm.ef0394b1715ca0d66c082465.anchor	population.route.orc.a3	-44717	-84969	-8320	-50845	-113715	-168	0	0	NO_PATH	0	0	data/spawns/Others/KrateisCube.xml|data/stats/players/templates/StartingClass/OrcFighter.xml|data/stats/players/templates/StartingClass/OrcMystic.xml|data/spawns/OrcTerritory/OrcStarting.xml
bridge.65bc7c45dfedfd862abb6a2a	component.21c159db00da4bc03daf51c5	32768	3	R	generated.farm.a0a916d344116254f0d4e3f5.anchor	generated.farm.428b85922009e44829ae2db0.anchor	31295	61887	-3544	46131	41458	-3504	0	0	NO_PATH	0	0	data/spawns/ElvenTerritory/ElvenStarting.xml|data/spawns/Others/Gremlins.xml
bridge.65e280dd293952a045737a18	component.599cc09ce0c3374d4caf469f	32768	2	R	generated.farm.9d67dc7c4da9dc133ce33ff2.anchor	population.ingress.orc.02	-52719	-80959	-8320	-56686	-113470	-672	0	0	NO_PATH	0	0	data/spawns/Others/KrateisCube.xml|data/stats/players/templates/StartingClass/OrcFighter.xml|data/stats/players/templates/StartingClass/OrcMystic.xml
bridge.66065189e673c5c8ae18505e	component.43988bed6a656186e489a9b7	32768	10	R	generated.farm.88cab6697f22f34bf81c16f7.anchor	generated.farm.428b85922009e44829ae2db0.anchor	53010	23851	-5384	46131	41458	-3504	0	0	NO_PATH	0	0	data/spawns/Oren/SeaOfSpores.xml|data/spawns/Others/Gremlins.xml
bridge.661cfbfe5127d1d0e4af6625	component.40dbfe62843fbb4b5737b50d	32768	13	R	generated.farm.b39b5ebcb618d85608e8a97d.anchor	population.ingress.elf.06	24053	37496	-3672	45978	41196	-3504	0	0	NO_PATH	0	0	data/spawns/ElvenTerritory/ElvenStarting.xml|data/stats/players/templates/StartingClass/ElvenFighter.xml|data/stats/players/templates/StartingClass/ElvenMystic.xml
bridge.6631fc7fb45faac7c2734ca6	component.e155a1307403cc14572bd687	32768	3	R	generated.farm.420ed35f1a9a3f532e2d6045.anchor	population.route.dwarf.w1	101973	-149349	-3128	108728	-173944	-408	0	0	NO_PATH	0	0	data/spawns/Others/PlunderousPlains.xml|data/stats/players/templates/StartingClass/DwarvenFighter.xml|data/spawns/DwarvenTerritory/DwarvenStarting.xml
bridge.666cda26561626aa46d447f7	component.6e7449d40cf7c2785c9bf89b	8192	2	R	generated.farm.bfb0335de417bc81a7e9b231.anchor	population.ingress.human-mystic.04	-88052	241579	-3600	-90890	248027	-3568	0	0	NO_PATH	0	0	data/spawns/TalkingIsland/TalkingIslandMonsters.xml|data/stats/players/templates/StartingClass/HumanMystic.xml
bridge.66f0a62f46238eaddc41a6f2	component.73d0c59f5bdd9014627ebe4f	32768	3	F	population.ingress.elf.06	elven.farming.oren04-2019-07s	45978	41196	-3504	19248	43340	-3712	0	0	NO_PATH	0	0	data/stats/players/templates/StartingClass/ElvenFighter.xml|data/stats/players/templates/StartingClass/ElvenMystic.xml|data/spawns/ElvenTerritory/ElvenStarting.xml
bridge.67063e6a14a137fd203d0720	component.2c4a1d8ed5506d43bb6025d3	32768	2	R	generated.farm.f3fef88cab3be544b94bb305.anchor	generated.farm.77743197e238ebb0e1e3eac2.anchor	165484	-207409	-3496	175207	-189475	-2304	0	0	NO_PATH	0	0	data/spawns/DwarvenTerritory/DwarvenStarting.xml|data/spawns/DwarvenTerritory/DwarvenStarting.xml
bridge.670dfb9d3a2c62ef490b498b	component.b7883cab062e250a4845bacc	32768	11	F	population.farming.orc.20535	generated.farm.458673ead1d6f5e03c0230db.anchor	-49106	-115854	-160	-46721	-84975	-8320	0	0	NO_PATH	0	0	data/spawns/OrcTerritory/OrcStarting.xml|data/spawns/Others/KrateisCube.xml
bridge.675aca3c781883cda70c138d	component.48e6e689d4d766cfd82dc2e2	16384	4	F	population.ingress.elf.02	generated.farm.5ee423a52e35fbb905b7ecb0.anchor	46117	41247	-3504	54714	51620	-3592	0	0	NO_PATH	0	0	data/stats/players/templates/StartingClass/ElvenFighter.xml|data/stats/players/templates/StartingClass/ElvenMystic.xml|data/spawns/ElvenTerritory/ElvenStarting.xml
bridge.6787648abf4007730437bcd9	component.34034eda8581571932b22786	8192	6	R	generated.farm.e72c2c1fdf7715981415fcdb.anchor	population.ingress.orc.02	-49543	-110784	-240	-56686	-113470	-672	0	0	NO_PATH	0	0	data/spawns/OrcTerritory/OrcStarting.xml|data/stats/players/templates/StartingClass/OrcFighter.xml|data/stats/players/templates/StartingClass/OrcMystic.xml
bridge.67b2ecf5ccde87a6d1de3d37	component.6b6dbba2f1367f01991dfe32	32768	1	R	generated.farm.59f334c6c58a366ac0ebe3c9.anchor	population.route.orc.a3	-50720	-82961	-8320	-50845	-113715	-168	0	0	NO_PATH	0	0	data/spawns/Others/KrateisCube.xml|data/stats/players/templates/StartingClass/OrcFighter.xml|data/stats/players/templates/StartingClass/OrcMystic.xml|data/spawns/OrcTerritory/OrcStarting.xml
bridge.67cd4e7689e40c0cc47d7956	component.6e3a57525358ac42a6fda077	32768	1	F	generated.farm.0a9b6aeb870068f470d93c4b.anchor	generated.farm.1a8d5255f1d68b98358f16fc.anchor	55857	63041	-3472	70230	76786	-3696	0	0	NO_PATH	0	0	data/spawns/ElvenTerritory/ElvenStarting.xml|data/spawns/Oren/TimakOutpost.xml
bridge.67cd92650b099a95398d6e9d	component.475c48156e62e7e47cb30765	32768	4	R	generated.farm.bd35d5fb02b6c1c76b448822.anchor	population.ingress.orc.02	-48720	-82958	-8320	-56686	-113470	-672	0	0	NO_PATH	0	0	data/spawns/Others/KrateisCube.xml|data/stats/players/templates/StartingClass/OrcFighter.xml|data/stats/players/templates/StartingClass/OrcMystic.xml
bridge.67d14669fe9a585f4caa89f4	component.c8c60f66d499f7cb82a19c28	8192	1	R	generated.farm.694d38a906135bdf10496b4b.anchor	generated.farm.ed8992f2edcbacf7c4f24608.anchor	124788	-177357	-1304	117968	-173208	-432	0	0	NO_PATH	0	0	data/spawns/DwarvenTerritory/DwarvenStarting.xml|data/spawns/DwarvenTerritory/DwarvenStarting.xml
bridge.67efd5bde6aa8f34758efa95	component.4562799c5dc584243d56e35b	32768	6	F	population.ingress.orc.04	generated.farm.bff7beafbd229e70fb09ec46.anchor	-56693	-113610	-672	-52728	-86971	-8320	0	0	NO_PATH	0	0	data/stats/players/templates/StartingClass/OrcFighter.xml|data/stats/players/templates/StartingClass/OrcMystic.xml|data/spawns/Others/KrateisCube.xml
bridge.67f2357bbec726c6ef545cfa	component.031481c9c68a70f28b2c5e0d	32768	1	F	population.route.orc.a3	generated.farm.6cf5bedf919d093eea69a4d0.anchor	-50845	-113715	-168	-44722	-82957	-8320	0	0	NO_PATH	0	0	data/stats/players/templates/StartingClass/OrcFighter.xml|data/stats/players/templates/StartingClass/OrcMystic.xml|data/spawns/OrcTerritory/OrcStarting.xml|data/spawns/Others/KrateisCube.xml
bridge.680a04cbacde366289ad6cd4	component.73d0c59f5bdd9014627ebe4f	32768	6	F	generated.farm.428b85922009e44829ae2db0.anchor	elven.farming.oren04-2019-07s	46131	41458	-3504	19248	43340	-3712	0	0	NO_PATH	0	0	data/spawns/Others/Gremlins.xml|data/spawns/ElvenTerritory/ElvenStarting.xml
bridge.682d39162aef20944e886834	component.79ad21df45b89fa5bb86a4fd	32768	10	F	population.ingress.elf.05	generated.farm.5dc8ced237dc324aa37b6530.anchor	46048	41141	-3504	51605	70249	-3408	0	0	NO_PATH	0	0	data/stats/players/templates/StartingClass/ElvenFighter.xml|data/stats/players/templates/StartingClass/ElvenMystic.xml|data/spawns/ElvenTerritory/ElvenStarting.xml
bridge.683041b75f8512cc0fa11731	component.d4239fbe60250487003bb4fd	32768	8	F	population.ingress.elf.04	generated.farm.c4067c834f12b99e976909a2.anchor	46115	41141	-3504	26607	63533	-3552	0	0	VALID_DIRECT	29698	1	data/stats/players/templates/StartingClass/ElvenFighter.xml|data/stats/players/templates/StartingClass/ElvenMystic.xml|data/spawns/ElvenTerritory/ElvenStarting.xml
bridge.686a728ed828b70f2c6f4748	component.a2230627cce424b0593fedc6	32768	4	R	generated.farm.08a347f7f13696479813918f.anchor	population.ingress.dark-elf.02	15644	-8311	-3248	28302	11008	-4232	0	0	NO_PATH	0	0	data/spawns/Rune/PrimevalIsle.xml|data/stats/players/templates/StartingClass/DarkFighter.xml|data/stats/players/templates/StartingClass/DarkMystic.xml
bridge.686e09106b49f5bf8cf1c2ad	component.1331db1a6d957945bfb43b8d	8192	2	F	population.ingress.elf.04	generated.farm.9d9291cb563275968a77e851.anchor	46115	41141	-3504	47907	37504	-3544	0	0	NO_PATH	0	0	data/stats/players/templates/StartingClass/ElvenFighter.xml|data/stats/players/templates/StartingClass/ElvenMystic.xml|data/spawns/ElvenTerritory/ElvenStarting.xml
bridge.68a0fda39e99906b9d5f2deb	component.6ed5189c1ad34dcd97c5af56	32768	7	R	generated.farm.728f34d7752261776a8e5fb7.anchor	population.ingress.orc.03	-50719	-84960	-8320	-56728	-113610	-672	0	0	NO_PATH	0	0	data/spawns/Others/KrateisCube.xml|data/stats/players/templates/StartingClass/OrcFighter.xml|data/stats/players/templates/StartingClass/OrcMystic.xml
bridge.68d1868e9d0645d1ab0ff69f	component.9e6d3547bb369a54417d2a8e	32768	8	F	population.ingress.orc.06	generated.farm.8eacaac16a08449c5372ffbc.anchor	-56682	-113730	-672	-52719	-82961	-8320	0	0	NO_PATH	0	0	data/stats/players/templates/StartingClass/OrcFighter.xml|data/stats/players/templates/StartingClass/OrcMystic.xml|data/spawns/Others/KrateisCube.xml
bridge.68ebfc5731b434cb77cccd83	component.c8a8b60142ed368a7d7be480	32768	11	F	population.ingress.dark-elf.03	generated.farm.64e1872735f98ad838918703.anchor	28377	10916	-4232	23186	-20161	-2704	0	0	NO_PATH	0	0	data/stats/players/templates/StartingClass/DarkFighter.xml|data/stats/players/templates/StartingClass/DarkMystic.xml|data/spawns/Rune/PrimevalIsle.xml
bridge.690dc2c0266bec2f1ec2c4a5	component.635e8cdeb1b598aac805b64c	32768	16	R	talking-island.farming.gludio31-1624-11s	population.farming.human-mystic.20481	-103448	227187	-3672	-86478	251343	-3600	0	0	NO_PATH	0	0	data/spawns/TalkingIsland/TalkingIslandMonsters.xml|data/spawns/TalkingIsland/TalkingIslandMonsters.xml
bridge.6928af6cbe1dbecf03c05507	component.0075e5d7b40ef037d898ed1f	32768	3	R	generated.farm.af6a6553f7f39fcbe2980198.anchor	population.route.orc.a3	-21358	-105037	-1856	-50845	-113715	-168	0	0	NO_PATH	0	0	data/spawns/OrcTerritory/OrcStarting.xml|data/stats/players/templates/StartingClass/OrcFighter.xml|data/stats/players/templates/StartingClass/OrcMystic.xml|data/spawns/OrcTerritory/OrcStarting.xml
bridge.693972ce5f68f5dc65e0f456	component.89c4c607fc4fee76637095fd	16384	5	F	population.ingress.elf.02	generated.farm.519759dffe4a0803b970d3ee.anchor	46117	41247	-3504	48712	55466	-3464	0	0	NO_PATH	0	0	data/stats/players/templates/StartingClass/ElvenFighter.xml|data/stats/players/templates/StartingClass/ElvenMystic.xml|data/spawns/ElvenTerritory/ElvenStarting.xml
bridge.694cc501c04d3db8b915f3e8	component.4542949d001791c13737d9b4	8192	6	R	generated.farm.432802d3c2901d9686cb1651.anchor	population.route.human-mystic.a1	-90610	248293	-3568	-89304	249848	-3568	0	0	VALID_PATH	2100	2	data/spawns/Others/Gremlins.xml|data/stats/players/templates/StartingClass/HumanMystic.xml|data/spawns/TalkingIsland/TalkingIslandMonsters.xml
bridge.694d41292100b45fe578fffe	component.ab29092af7d295a3d4416d1e	32768	2	F	population.route.orc.a4	generated.farm.298219c53607a679d1a095b6.anchor	-50077	-115763	-160	-22721	-132248	-712	0	0	NO_PATH	0	0	data/stats/players/templates/StartingClass/OrcFighter.xml|data/stats/players/templates/StartingClass/OrcMystic.xml|data/spawns/OrcTerritory/OrcStarting.xml|data/spawns/OrcTerritory/OrcStarting.xml
bridge.695171a7e1fb83d93326486e	component.79ad21df45b89fa5bb86a4fd	32768	6	F	population.ingress.elf.01	generated.farm.5dc8ced237dc324aa37b6530.anchor	46045	41251	-3504	51605	70249	-3408	0	0	NO_PATH	0	0	data/stats/players/templates/StartingClass/ElvenFighter.xml|data/stats/players/templates/StartingClass/ElvenMystic.xml|data/spawns/ElvenTerritory/ElvenStarting.xml
bridge.69797463aae8d1caf6ae4e1d	component.a15eac19b29dbd838fc4cf11	32768	3	R	generated.farm.a4122c4a8bed91d0e6a70bc3.anchor	population.ingress.dwarf.01	107302	-145184	-3656	108644	-173947	-408	0	0	NO_PATH	0	0	data/spawns/Others/PlunderousPlains.xml|data/stats/players/templates/StartingClass/DwarvenFighter.xml
bridge.69c484e9c5bf74854b0c7f15	component.c005299f6bcae5c6d8af8bb7	32768	8	F	population.ingress.dark-elf.05	generated.farm.7a05c033eabc7172e800caf4.anchor	28461	11044	-4232	14176	-18036	-3120	0	0	NO_PATH	0	0	data/stats/players/templates/StartingClass/DarkFighter.xml|data/stats/players/templates/StartingClass/DarkMystic.xml|data/spawns/Rune/PrimevalIsle.xml
bridge.69c6cb7abbc07811a9ec576c	component.18bacfc235ddd517347d8830	32768	5	R	generated.farm.6cc54f41492a8ebff56a5815.anchor	population.route.dwarf.a4	119130	-144099	-3016	113508	-174203	-608	0	0	NO_PATH	0	0	data/spawns/Others/PlunderousPlains.xml|data/stats/players/templates/StartingClass/DwarvenFighter.xml|data/spawns/DwarvenTerritory/DwarvenStarting.xml
bridge.6a2cdfc2de7ee23894cf148f	component.cf7fc1a377a3ee4f1cd13c38	8192	8	R	generated.farm.dcbfae7bd58c752ca4f1e7ca.anchor	population.ingress.dwarf.06	108695	-173878	-400	108576	-174122	-408	0	0	VALID_PATH	332	4	data/spawns/Others/Gremlins.xml|data/stats/players/templates/StartingClass/DwarvenFighter.xml
bridge.6a32553cc5258285c5fd746f	component.7b0a8695c70b29d38ea2d7b7	32768	5	R	generated.farm.bf71e830d9839ea5032228a3.anchor	population.ingress.orc.01	-48725	-86968	-8320	-56733	-113459	-672	0	0	NO_PATH	0	0	data/spawns/Others/KrateisCube.xml|data/stats/players/templates/StartingClass/OrcFighter.xml|data/stats/players/templates/StartingClass/OrcMystic.xml
bridge.6a4782a40f1a6c316fe6d3cc	component.17d39984ff40b347b4bbe819	8192	8	R	generated.farm.93232e0ce773f62089fe1979.anchor	generated.farm.77743197e238ebb0e1e3eac2.anchor	169568	-193754	-3200	175207	-189475	-2304	0	0	NO_PATH	0	0	data/spawns/DwarvenTerritory/DwarvenStarting.xml|data/spawns/DwarvenTerritory/DwarvenStarting.xml
bridge.6a60479c4f36f3614609439e	component.7e882b0664c31928ac9f5caa	32768	10	R	generated.farm.12923521d58d7301f63fd56a.anchor	population.ingress.dwarf.01	117133	-149832	-2352	108644	-173947	-408	0	0	NO_PATH	0	0	data/spawns/Others/PlunderousPlains.xml|data/stats/players/templates/StartingClass/DwarvenFighter.xml
bridge.6a8e313e7f5b609f341d011f	component.63defb22486d49c052a69667	32768	16	F	population.ingress.elf.04	generated.farm.0a9b6aeb870068f470d93c4b.anchor	46115	41141	-3504	55857	63041	-3472	0	0	NO_PATH	0	0	data/stats/players/templates/StartingClass/ElvenFighter.xml|data/stats/players/templates/StartingClass/ElvenMystic.xml|data/spawns/ElvenTerritory/ElvenStarting.xml
bridge.6a993e8b2a435960029847f6	component.34034eda8581571932b22786	8192	1	F	population.route.orc.a3	generated.farm.e72c2c1fdf7715981415fcdb.anchor	-50845	-113715	-168	-49543	-110784	-240	0	0	PATH_SEGMENT_BLOCKED	0	0	data/stats/players/templates/StartingClass/OrcFighter.xml|data/stats/players/templates/StartingClass/OrcMystic.xml|data/spawns/OrcTerritory/OrcStarting.xml|data/spawns/OrcTerritory/OrcStarting.xml
bridge.6ab02f199b90542566864c93	component.e9ea386cf0bd55a495081c3d	32768	5	F	population.ingress.elf.05	elven.farming.oren04-2019-08s	46048	41141	-3504	17170	46114	-3568	0	0	NO_PATH	0	0	data/stats/players/templates/StartingClass/ElvenFighter.xml|data/stats/players/templates/StartingClass/ElvenMystic.xml|data/spawns/ElvenTerritory/ElvenStarting.xml
bridge.6abd032d9281775d1ae1a5cf	component.20a0c83d40a7bb22c26e0395	32768	15	F	population.ingress.dark-elf.01	generated.farm.faefa58426223647157f9577.anchor	28295	11063	-4232	27020	-15861	-2648	0	0	NO_PATH	0	0	data/stats/players/templates/StartingClass/DarkFighter.xml|data/stats/players/templates/StartingClass/DarkMystic.xml|data/spawns/Rune/PrimevalIsle.xml
bridge.6ad8e5ab90bbad9053cd64c0	component.e0efb8466cb69704c6f63b79	32768	9	F	population.ingress.dark-elf.06	generated.farm.3bbbcdb43022c7bf23796fb4.anchor	28395	11127	-4232	15590	-17440	-3224	0	0	NO_PATH	0	0	data/stats/players/templates/StartingClass/DarkFighter.xml|data/stats/players/templates/StartingClass/DarkMystic.xml|data/spawns/Rune/PrimevalIsle.xml
bridge.6b1c5e51a0a6a0f13fc0e186	component.4542949d001791c13737d9b4	8192	8	F	population.route.human-mystic.a2	generated.farm.432802d3c2901d9686cb1651.anchor	-89144	249976	-3568	-90610	248293	-3568	0	0	VALID_PATH	2256	4	data/stats/players/templates/StartingClass/HumanMystic.xml|data/spawns/TalkingIsland/TalkingIslandMonsters.xml|data/spawns/Others/Gremlins.xml
bridge.6bc48d4a67694e265d777fdd	component.54cd7d198274de64199ae37f	8192	6	R	generated.farm.9caf3d9715b6ff604306dc10.anchor	population.route.human-fighter.b1	-71338	258393	-3072	-71720	257864	-3112	0	0	PATH_SEGMENT_BLOCKED	0	0	data/spawns/Others/Gremlins.xml|data/stats/players/templates/StartingClass/HumanFighter.xml|data/spawns/Others/17_25.xml
bridge.6c0e7c2302e54f96f062516c	component.6ed5189c1ad34dcd97c5af56	32768	10	R	generated.farm.728f34d7752261776a8e5fb7.anchor	population.route.orc.a4	-50719	-84960	-8320	-50077	-115763	-160	0	0	NO_PATH	0	0	data/spawns/Others/KrateisCube.xml|data/stats/players/templates/StartingClass/OrcFighter.xml|data/stats/players/templates/StartingClass/OrcMystic.xml|data/spawns/OrcTerritory/OrcStarting.xml
bridge.6c42ef24898d9571908a5645	component.18c9e4ee0311769668b2eb74	8192	12	R	generated.farm.74718a641fa7e78154fea892.anchor	population.route.kamael.b2	-125620	37399	1176	-124104	37928	1176	0	0	VALID_PATH	1741	2	data/spawns/Others/Gremlins.xml|data/stats/players/templates/StartingClass/KamaelMaleSoldier.xml|data/stats/players/templates/StartingClass/KamaelFemaleSoldier.xml|data/spawns/Kamael/IsleOfSouls.xml
bridge.6c55ac1742abbf9dc705b533	component.a15eac19b29dbd838fc4cf11	32768	4	R	generated.farm.a4122c4a8bed91d0e6a70bc3.anchor	population.route.dwarf.w1	107302	-145184	-3656	108728	-173944	-408	0	0	NO_PATH	0	0	data/spawns/Others/PlunderousPlains.xml|data/stats/players/templates/StartingClass/DwarvenFighter.xml|data/spawns/DwarvenTerritory/DwarvenStarting.xml
bridge.6c6632edc68301af6d276501	component.cdd71132d5f4e86baaa4d99d	8192	2	R	generated.farm.5a6b2e1025252314c1f156d2.anchor	population.ingress.human-mystic.03	-93369	245699	-3608	-90918	248070	-3568	0	0	NO_PATH	0	0	data/spawns/TalkingIsland/TalkingIslandMonsters.xml|data/stats/players/templates/StartingClass/HumanMystic.xml
bridge.6c89829e80571aafc6320986	component.01b441ae383a1b39494050f4	32768	3	R	generated.farm.9cf6fa1ef953b5b33ff9fe37.anchor	population.ingress.dark-elf.03	13666	-12273	-3024	28377	10916	-4232	0	0	NO_PATH	0	0	data/spawns/Rune/PrimevalIsle.xml|data/stats/players/templates/StartingClass/DarkFighter.xml|data/stats/players/templates/StartingClass/DarkMystic.xml
bridge.6c8a1a8ad5bcb2b30e3e6275	component.4562799c5dc584243d56e35b	32768	7	R	generated.farm.bff7beafbd229e70fb09ec46.anchor	population.ingress.orc.03	-52728	-86971	-8320	-56728	-113610	-672	0	0	NO_PATH	0	0	data/spawns/Others/KrateisCube.xml|data/stats/players/templates/StartingClass/OrcFighter.xml|data/stats/players/templates/StartingClass/OrcMystic.xml
bridge.6c9c48ddc58e9053c6a10297	component.b0959173bd82d4b722b2be8c	32768	15	R	generated.farm.817474512080c1dba8f8cd5f.anchor	population.ingress.dark-elf.01	23315	-10716	-2648	28295	11063	-4232	0	0	NO_PATH	0	0	data/spawns/Rune/PrimevalIsle.xml|data/stats/players/templates/StartingClass/DarkFighter.xml|data/stats/players/templates/StartingClass/DarkMystic.xml
bridge.6ca73ef27bcabcf59aa753cb	component.d4f263a6130862446fcab68a	16384	8	R	generated.farm.f9312932904adae788963399.anchor	population.route.dwarf.w2	108605	-160621	-1688	110440	-173944	-528	0	0	NO_PATH	0	0	data/spawns/Others/PlunderousPlains.xml|data/stats/players/templates/StartingClass/DwarvenFighter.xml|data/spawns/DwarvenTerritory/DwarvenStarting.xml
bridge.6cc5dc7cbd74cd4ed68494e4	component.6b63e9a22c52715dd6894332	8192	4	F	population.ingress.elf.06	generated.farm.68243117d5885fe09a0b57bc.anchor	45978	41196	-3504	43767	37445	-3512	0	0	NO_PATH	0	0	data/stats/players/templates/StartingClass/ElvenFighter.xml|data/stats/players/templates/StartingClass/ElvenMystic.xml|data/spawns/ElvenTerritory/ElvenStarting.xml
bridge.6d0ef19206dc31f65e369ceb	component.cf7fc1a377a3ee4f1cd13c38	8192	15	R	generated.farm.dcbfae7bd58c752ca4f1e7ca.anchor	population.farming.dwarf.20533	108695	-173878	-400	114966	-172886	-672	0	0	NO_PATH	0	0	data/spawns/Others/Gremlins.xml|data/spawns/DwarvenTerritory/DwarvenStarting.xml
bridge.6d8599a97ea767a8b0e5655b	component.43988bed6a656186e489a9b7	32768	13	F	population.ingress.elf.01	generated.farm.4d58dd1be9d4b93272b379ec.anchor	46045	41251	-3504	49877	22679	-5512	0	0	NO_PATH	0	0	data/stats/players/templates/StartingClass/ElvenFighter.xml|data/stats/players/templates/StartingClass/ElvenMystic.xml|data/spawns/Oren/SeaOfSpores.xml
bridge.6dcdb9a6493f12d90ab06abd	component.6ed5189c1ad34dcd97c5af56	32768	1	R	generated.farm.728f34d7752261776a8e5fb7.anchor	population.route.orc.a3	-50719	-84960	-8320	-50845	-113715	-168	0	0	NO_PATH	0	0	data/spawns/Others/KrateisCube.xml|data/stats/players/templates/StartingClass/OrcFighter.xml|data/stats/players/templates/StartingClass/OrcMystic.xml|data/spawns/OrcTerritory/OrcStarting.xml
bridge.6dce3258342ffb0d8e0afb72	component.cf7fc1a377a3ee4f1cd13c38	8192	16	R	generated.farm.dcbfae7bd58c752ca4f1e7ca.anchor	generated.farm.ea72d768f3c8ec3d79c1a530.anchor	108695	-173878	-400	116056	-175091	-1016	0	0	NO_PATH	0	0	data/spawns/Others/Gremlins.xml|data/spawns/DwarvenTerritory/DwarvenStarting.xml
bridge.6dd53c137c28252b13f25a4a	component.214784823dfee247eabd4cc1	16384	4	R	generated.farm.e685f7e7994e7e1f1e589631.anchor	population.farming.orc.20535	-37492	-118051	-1712	-49106	-115854	-160	0	0	NO_PATH	0	0	data/spawns/OrcTerritory/OrcStarting.xml|data/spawns/OrcTerritory/OrcStarting.xml
bridge.6dede1d71b334c12ee44bc95	component.6bccc4ec500087b1b97f6735	32768	6	F	generated.farm.a0a916d344116254f0d4e3f5.anchor	generated.farm.344ed4b05ef5a295354d408a.anchor	31295	61887	-3544	3894	55964	-3528	0	0	NO_PATH	0	0	data/spawns/ElvenTerritory/ElvenStarting.xml|data/spawns/ElvenTerritory/ElvenStarting.xml
bridge.6e0f2c2e14eb5d8bc380aa5d	component.17d39984ff40b347b4bbe819	8192	1	R	generated.farm.013f818c1372afc740e3cbc2.anchor	generated.farm.ccd05d96d24167ee9a70c395.anchor	174089	-194394	-3464	173397	-189657	-2016	0	0	NO_PATH	0	0	data/spawns/DwarvenTerritory/DwarvenStarting.xml|data/spawns/DwarvenTerritory/DwarvenStarting.xml
bridge.6e1bfd99acd83f6b52d56a91	component.9e6d3547bb369a54417d2a8e	32768	9	F	population.ingress.orc.05	generated.farm.8eacaac16a08449c5372ffbc.anchor	-56743	-113757	-672	-52719	-82961	-8320	0	0	NO_PATH	0	0	data/stats/players/templates/StartingClass/OrcFighter.xml|data/stats/players/templates/StartingClass/OrcMystic.xml|data/spawns/Others/KrateisCube.xml
bridge.6e3d4619c735b569a505c1c0	component.d2768e1382c5c1b8ae3c6408	32768	15	R	generated.farm.c559aedb44e0cf87e1fb32c9.anchor	population.route.dwarf.a4	108605	-150431	-2328	113508	-174203	-608	0	0	NO_PATH	0	0	data/spawns/Others/PlunderousPlains.xml|data/stats/players/templates/StartingClass/DwarvenFighter.xml|data/spawns/DwarvenTerritory/DwarvenStarting.xml
bridge.6e3f72034f0e6920eb7f7ecd	component.89c4c607fc4fee76637095fd	16384	14	R	generated.farm.57a38f13450e54452b749339.anchor	population.ingress.elf.02	52710	55450	-3320	46117	41247	-3504	0	0	NO_PATH	0	0	data/spawns/ElvenTerritory/ElvenStarting.xml|data/stats/players/templates/StartingClass/ElvenFighter.xml|data/stats/players/templates/StartingClass/ElvenMystic.xml
bridge.6e3fb522044046f1cbd9b5f6	component.b0959173bd82d4b722b2be8c	32768	6	R	generated.farm.c64e3da0e4c050e99dd0e964.anchor	generated.farm.36714f071123eedc9cac6c05.anchor	25484	-10847	-2480	28436	11041	-4232	0	0	NO_PATH	0	0	data/spawns/Rune/PrimevalIsle.xml|data/spawns/Others/Gremlins.xml
bridge.6ee074f2f4211a1dde63037e	component.2c7e3c336954be75db3a7f7d	32768	11	R	generated.farm.9eb7152622bad01eeb33f1c4.anchor	population.route.dark-elf.a3	25906	-16833	-2744	25304	13256	-3648	0	0	NO_PATH	0	0	data/spawns/Rune/PrimevalIsle.xml|data/stats/players/templates/StartingClass/DarkFighter.xml|data/stats/players/templates/StartingClass/DarkMystic.xml|data/spawns/DarkElfTerritory/DarkElfStarting.xml
bridge.6f00754396c777a467f023cb	component.43988bed6a656186e489a9b7	32768	2	R	generated.farm.88cab6697f22f34bf81c16f7.anchor	population.ingress.elf.05	53010	23851	-5384	46048	41141	-3504	0	0	NO_PATH	0	0	data/spawns/Oren/SeaOfSpores.xml|data/stats/players/templates/StartingClass/ElvenFighter.xml|data/stats/players/templates/StartingClass/ElvenMystic.xml
bridge.6f0af539b4ea41d972c933d6	component.89c4c607fc4fee76637095fd	16384	16	F	population.ingress.elf.01	generated.farm.57a38f13450e54452b749339.anchor	46045	41251	-3504	52710	55450	-3320	0	0	NO_PATH	0	0	data/stats/players/templates/StartingClass/ElvenFighter.xml|data/stats/players/templates/StartingClass/ElvenMystic.xml|data/spawns/ElvenTerritory/ElvenStarting.xml
bridge.6f28eb1960662d51186db052	component.a15eac19b29dbd838fc4cf11	32768	9	R	generated.farm.a4122c4a8bed91d0e6a70bc3.anchor	population.ingress.dwarf.05	107302	-145184	-3656	108549	-174075	-408	0	0	NO_PATH	0	0	data/spawns/Others/PlunderousPlains.xml|data/stats/players/templates/StartingClass/DwarvenFighter.xml
bridge.6f36659d5e3f748d596eb2b0	component.48e6e689d4d766cfd82dc2e2	16384	2	F	generated.farm.428b85922009e44829ae2db0.anchor	generated.farm.5ee423a52e35fbb905b7ecb0.anchor	46131	41458	-3504	54714	51620	-3592	0	0	NO_PATH	0	0	data/spawns/Others/Gremlins.xml|data/spawns/ElvenTerritory/ElvenStarting.xml
bridge.6f3fa4904d63c4a3215b218f	component.18bacfc235ddd517347d8830	32768	2	R	generated.farm.6cc54f41492a8ebff56a5815.anchor	generated.farm.ed8992f2edcbacf7c4f24608.anchor	119130	-144099	-3016	117968	-173208	-432	0	0	NO_PATH	0	0	data/spawns/Others/PlunderousPlains.xml|data/spawns/DwarvenTerritory/DwarvenStarting.xml
bridge.6f46b765af0405b1221b3f2d	component.e04c7af9711cc5dd2a0ac987	16384	10	F	population.route.human-mystic.c1	generated.farm.c566a65e22d07a92230b56a2.anchor	-87848	250568	-3616	-95163	237296	-3408	0	0	NO_PATH	0	0	data/stats/players/templates/StartingClass/HumanMystic.xml|data/spawns/TalkingIsland/TalkingIslandMonsters.xml|data/spawns/TalkingIsland/TalkingIslandMonsters.xml
bridge.6f61fd5989f0a671682aeba6	component.73f096cfc3045644558d7b95	16384	9	F	population.route.orc.a3	generated.farm.e01582bf8445ea2649168576.anchor	-50845	-113715	-168	-38724	-103067	-3536	0	0	NO_PATH	0	0	data/stats/players/templates/StartingClass/OrcFighter.xml|data/stats/players/templates/StartingClass/OrcMystic.xml|data/spawns/OrcTerritory/OrcStarting.xml|data/spawns/OrcTerritory/OrcStarting.xml
bridge.6f7231adbd9b1ec602da676d	component.6e7449d40cf7c2785c9bf89b	8192	3	R	generated.farm.bfb0335de417bc81a7e9b231.anchor	population.ingress.human-mystic.03	-88052	241579	-3600	-90918	248070	-3568	0	0	NO_PATH	0	0	data/spawns/TalkingIsland/TalkingIslandMonsters.xml|data/stats/players/templates/StartingClass/HumanMystic.xml
bridge.6f95777d652fe185403d8f60	component.7e882b0664c31928ac9f5caa	32768	9	R	generated.farm.12923521d58d7301f63fd56a.anchor	population.route.dwarf.w1	117133	-149832	-2352	108728	-173944	-408	0	0	NO_PATH	0	0	data/spawns/Others/PlunderousPlains.xml|data/stats/players/templates/StartingClass/DwarvenFighter.xml|data/spawns/DwarvenTerritory/DwarvenStarting.xml
bridge.700b0bffe82ac38423b4d5b4	component.a15eac19b29dbd838fc4cf11	32768	2	F	population.farming.dwarf.20533	generated.farm.a4122c4a8bed91d0e6a70bc3.anchor	114966	-172886	-672	107302	-145184	-3656	0	0	NO_PATH	0	0	data/spawns/DwarvenTerritory/DwarvenStarting.xml|data/spawns/Others/PlunderousPlains.xml
bridge.701f19a94cd271f11ede6551	component.a15eac19b29dbd838fc4cf11	32768	13	R	generated.farm.a4122c4a8bed91d0e6a70bc3.anchor	population.route.dwarf.i06-w0	107302	-145184	-3656	108616	-174152	-408	0	0	NO_PATH	0	0	data/spawns/Others/PlunderousPlains.xml|data/stats/players/templates/StartingClass/DwarvenFighter.xml|data/spawns/DwarvenTerritory/DwarvenStarting.xml
bridge.7036bc22eca60978ed815533	component.e155a1307403cc14572bd687	32768	8	R	generated.farm.420ed35f1a9a3f532e2d6045.anchor	population.ingress.dwarf.06	101973	-149349	-3128	108576	-174122	-408	0	0	NO_PATH	0	0	data/spawns/Others/PlunderousPlains.xml|data/stats/players/templates/StartingClass/DwarvenFighter.xml
bridge.70c8d184cd1a02c0a0f828cf	component.16897e3b9846dd267a30bfc1	32768	1	F	population.route.dark-elf.a1	generated.farm.a5c0bfc2913c1277af9aa4f4.anchor	25992	11112	-3720	21571	-14364	-3104	0	0	NO_PATH	0	0	data/stats/players/templates/StartingClass/DarkFighter.xml|data/stats/players/templates/StartingClass/DarkMystic.xml|data/spawns/DarkElfTerritory/DarkElfStarting.xml|data/spawns/Rune/PrimevalIsle.xml
bridge.70f55ce200bbf84e7373f9b7	component.e837182a129d9a9bac7e6672	8192	1	F	generated.farm.475038779aaee6a2e82aa06b.anchor	generated.farm.1bc0806803391550b59b5dd7.anchor	175552	-186630	-1280	173413	-187077	-488	0	0	NO_PATH	0	0	data/spawns/DwarvenTerritory/DwarvenStarting.xml|data/spawns/DwarvenTerritory/DwarvenStarting.xml
bridge.70fb337341ab247b10166861	component.5170fd1c3e2b6fe2f9af1ad8	8192	2	F	population.ingress.human-mystic.01	generated.farm.54772e1b8c2e8c258ff204b4.anchor	-90875	248162	-3568	-94346	250566	-3552	0	0	NO_PATH	0	0	data/stats/players/templates/StartingClass/HumanMystic.xml|data/spawns/TalkingIsland/TalkingIslandMonsters.xml
bridge.710be782bd91f49b8e61b42c	component.73d0c59f5bdd9014627ebe4f	32768	7	F	population.ingress.elf.02	elven.farming.oren04-2019-07s	46117	41247	-3504	19248	43340	-3712	0	0	NO_PATH	0	0	data/stats/players/templates/StartingClass/ElvenFighter.xml|data/stats/players/templates/StartingClass/ElvenMystic.xml|data/spawns/ElvenTerritory/ElvenStarting.xml
bridge.71289ef2a815a3486b7a8fe4	component.c005299f6bcae5c6d8af8bb7	32768	7	F	generated.farm.36714f071123eedc9cac6c05.anchor	generated.farm.7a05c033eabc7172e800caf4.anchor	28436	11041	-4232	14176	-18036	-3120	0	0	NO_PATH	0	0	data/spawns/Others/Gremlins.xml|data/spawns/Rune/PrimevalIsle.xml
bridge.7130a39716fd187631cf36dd	component.c4a3508d330e9bb2f8bdfabb	32768	5	F	population.ingress.orc.01	generated.farm.1050dd36c58d668d206a6075.anchor	-56733	-113459	-672	-48721	-84968	-8320	0	0	NO_PATH	0	0	data/stats/players/templates/StartingClass/OrcFighter.xml|data/stats/players/templates/StartingClass/OrcMystic.xml|data/spawns/Others/KrateisCube.xml
bridge.7138c03b37d53a5d7b084161	component.b8a1ba9dfc02a229569e9998	32768	9	R	generated.farm.c246ebe1e9f6c73e829b2d38.anchor	population.ingress.dark-elf.06	22054	-11514	-2720	28395	11127	-4232	0	0	NO_PATH	0	0	data/spawns/Rune/PrimevalIsle.xml|data/stats/players/templates/StartingClass/DarkFighter.xml|data/stats/players/templates/StartingClass/DarkMystic.xml
bridge.71423492eee76b0f372fb0cc	component.38e4e0ca1187b4e38d95215c	16384	2	F	generated.farm.40c5f8858df37983d677ac58.anchor	generated.farm.a2800deed7ee43eb47fe16f5.anchor	136935	-202962	-3632	134667	-187537	-2952	0	0	NO_PATH	0	0	data/spawns/DwarvenTerritory/DwarvenStarting.xml|data/spawns/DwarvenTerritory/DwarvenStarting.xml
bridge.714a6ae1e930851d21782135	component.d1bd433314f456b9fe85fbdf	32768	2	R	generated.farm.0d7c07144eea5c608cf6c8cf.anchor	population.route.orc.a4	-25035	-119836	-1968	-50077	-115763	-160	0	0	NO_PATH	0	0	data/spawns/OrcTerritory/OrcStarting.xml|data/stats/players/templates/StartingClass/OrcFighter.xml|data/stats/players/templates/StartingClass/OrcMystic.xml|data/spawns/OrcTerritory/OrcStarting.xml
bridge.7158a7cb298ea774dcb71cf0	component.e155a1307403cc14572bd687	32768	12	R	generated.farm.420ed35f1a9a3f532e2d6045.anchor	population.route.dwarf.a1	101973	-149349	-3128	110436	-173947	-528	0	0	NO_PATH	0	0	data/spawns/Others/PlunderousPlains.xml|data/stats/players/templates/StartingClass/DwarvenFighter.xml|data/spawns/DwarvenTerritory/DwarvenStarting.xml
bridge.715fbcc8a080f6de247e5b6f	component.ac8aaf293b35ddbae57a8843	8192	7	F	population.ingress.elf.01	generated.farm.0c00c3760a3ec18fa034d798.anchor	46045	41251	-3504	38303	39146	-3576	0	0	NO_PATH	0	0	data/stats/players/templates/StartingClass/ElvenFighter.xml|data/stats/players/templates/StartingClass/ElvenMystic.xml|data/spawns/ElvenTerritory/ElvenStarting.xml
bridge.71d840d021db3ea2593b073a	component.de636b0f82c1f5ec50237e13	32768	16	R	generated.farm.c726e41f56667ee82aa4fd6f.anchor	population.route.dwarf.a3	118561	-195056	-3552	112996	-173691	-608	0	0	NO_PATH	0	0	data/spawns/DwarvenTerritory/DwarvenStarting.xml|data/stats/players/templates/StartingClass/DwarvenFighter.xml|data/spawns/DwarvenTerritory/DwarvenStarting.xml
bridge.71fa98b6cf17625bbbf32d25	component.a15eac19b29dbd838fc4cf11	32768	8	F	population.ingress.dwarf.04	generated.farm.a4122c4a8bed91d0e6a70bc3.anchor	108512	-174026	-408	107302	-145184	-3656	0	0	NO_PATH	0	0	data/stats/players/templates/StartingClass/DwarvenFighter.xml|data/spawns/Others/PlunderousPlains.xml
bridge.71fe493d0b80c47654130710	component.c005299f6bcae5c6d8af8bb7	32768	5	F	population.ingress.dark-elf.01	generated.farm.7a05c033eabc7172e800caf4.anchor	28295	11063	-4232	14176	-18036	-3120	0	0	NO_PATH	0	0	data/stats/players/templates/StartingClass/DarkFighter.xml|data/stats/players/templates/StartingClass/DarkMystic.xml|data/spawns/Rune/PrimevalIsle.xml
bridge.722a070ee99bb53e0e5c091a	component.91a9f940fd17192b7296dafb	32768	11	R	generated.farm.2b9973b84571ebc7de64f76c.anchor	population.route.dark-elf.a2	19794	-10621	-2848	25720	11288	-3720	0	0	NO_PATH	0	0	data/spawns/Rune/PrimevalIsle.xml|data/stats/players/templates/StartingClass/DarkFighter.xml|data/stats/players/templates/StartingClass/DarkMystic.xml|data/spawns/DarkElfTerritory/DarkElfStarting.xml
bridge.72a163a1c030cf6e5bb16dd3	component.40dbfe62843fbb4b5737b50d	32768	13	F	population.ingress.elf.06	generated.farm.b39b5ebcb618d85608e8a97d.anchor	45978	41196	-3504	24053	37496	-3672	0	0	NO_PATH	0	0	data/stats/players/templates/StartingClass/ElvenFighter.xml|data/stats/players/templates/StartingClass/ElvenMystic.xml|data/spawns/ElvenTerritory/ElvenStarting.xml
bridge.72ca1028d2d9f179ec8c6102	component.16897e3b9846dd267a30bfc1	32768	11	F	population.ingress.dark-elf.05	generated.farm.a5c0bfc2913c1277af9aa4f4.anchor	28461	11044	-4232	21571	-14364	-3104	0	0	NO_PATH	0	0	data/stats/players/templates/StartingClass/DarkFighter.xml|data/stats/players/templates/StartingClass/DarkMystic.xml|data/spawns/Rune/PrimevalIsle.xml
bridge.7310b3ba86f4382967edfa1e	component.f173a1114ed51df8ab1b4fef	32768	3	R	generated.farm.1fbdbf1ed9c2eebc1b62ec0b.anchor	generated.farm.f66a8a0231b2d83dac29cc4d.anchor	3473	-15511	-3544	24496	9206	-3584	0	0	NO_PATH	0	0	data/spawns/Rune/PrimevalIsle.xml|data/spawns/DarkElfTerritory/DarkElfStarting.xml
bridge.7322f488de43023d5011b0dc	component.63defb22486d49c052a69667	32768	11	R	generated.farm.0a9b6aeb870068f470d93c4b.anchor	population.farming.elf.20534	55857	63041	-3472	44126	42751	-3488	0	0	NO_PATH	0	0	data/spawns/ElvenTerritory/ElvenStarting.xml|data/spawns/ElvenTerritory/ElvenStarting.xml
bridge.7331211af610301eea32fbb9	component.cf7fc1a377a3ee4f1cd13c38	8192	7	R	generated.farm.dcbfae7bd58c752ca4f1e7ca.anchor	population.ingress.dwarf.05	108695	-173878	-400	108549	-174075	-408	0	0	VALID_PATH	270	3	data/spawns/Others/Gremlins.xml|data/stats/players/templates/StartingClass/DwarvenFighter.xml
bridge.733dbccfdb6c2c34808a3ff1	component.d4f263a6130862446fcab68a	16384	11	F	population.ingress.dwarf.06	generated.farm.f9312932904adae788963399.anchor	108576	-174122	-408	108605	-160621	-1688	0	0	NO_PATH	0	0	data/stats/players/templates/StartingClass/DwarvenFighter.xml|data/spawns/Others/PlunderousPlains.xml
bridge.7357d1ba1604488db4007d30	component.7e882b0664c31928ac9f5caa	32768	8	F	generated.farm.ea72d768f3c8ec3d79c1a530.anchor	generated.farm.12923521d58d7301f63fd56a.anchor	116056	-175091	-1016	117133	-149832	-2352	0	0	NO_PATH	0	0	data/spawns/DwarvenTerritory/DwarvenStarting.xml|data/spawns/Others/PlunderousPlains.xml
bridge.736ac11982e0084117d822c4	component.87a65b1ce32b28202691c2c8	32768	9	F	population.route.orc.a4	generated.farm.ac1e437a00c50adb5285e40a.anchor	-50077	-115763	-160	-44720	-86972	-8320	0	0	NO_PATH	0	0	data/stats/players/templates/StartingClass/OrcFighter.xml|data/stats/players/templates/StartingClass/OrcMystic.xml|data/spawns/OrcTerritory/OrcStarting.xml|data/spawns/Others/KrateisCube.xml
bridge.73cf355a06ef2e814ea89c4d	component.de636b0f82c1f5ec50237e13	32768	14	F	generated.farm.ed8992f2edcbacf7c4f24608.anchor	generated.farm.c726e41f56667ee82aa4fd6f.anchor	117968	-173208	-432	118561	-195056	-3552	0	0	NO_PATH	0	0	data/spawns/DwarvenTerritory/DwarvenStarting.xml|data/spawns/DwarvenTerritory/DwarvenStarting.xml
bridge.73d0c28c0bdb650086c03dd5	component.10e204556f859c1b294aeca4	32768	10	R	generated.farm.c4c86a1c1e9423c05d843bc9.anchor	generated.farm.8417f5d804225e6423448125.anchor	160145	-219344	-3528	132017	-208635	-3592	0	0	NO_PATH	0	0	data/spawns/DwarvenTerritory/DwarvenStarting.xml|data/spawns/DwarvenTerritory/DwarvenStarting.xml
bridge.7403579160868ca9251ed975	component.f0870ecd40f136c705bc5941	32768	9	R	generated.farm.ef0394b1715ca0d66c082465.anchor	population.farming.orc.20535	-44717	-84969	-8320	-49106	-115854	-160	0	0	NO_PATH	0	0	data/spawns/Others/KrateisCube.xml|data/spawns/OrcTerritory/OrcStarting.xml
bridge.7419d05729906d63c48fbc69	component.f5ec43735be4685d0f522b55	32768	3	R	generated.farm.c7902e29cb3795a4ce8dcf2c.anchor	population.route.orc.a1	-50720	-86977	-8320	-54685	-113715	-520	0	0	NO_PATH	0	0	data/spawns/Others/KrateisCube.xml|data/stats/players/templates/StartingClass/OrcFighter.xml|data/stats/players/templates/StartingClass/OrcMystic.xml|data/spawns/OrcTerritory/OrcStarting.xml
bridge.74235ced92d7f8fcc864a379	component.d2768e1382c5c1b8ae3c6408	32768	10	R	generated.farm.c559aedb44e0cf87e1fb32c9.anchor	population.ingress.dwarf.04	108605	-150431	-2328	108512	-174026	-408	0	0	NO_PATH	0	0	data/spawns/Others/PlunderousPlains.xml|data/stats/players/templates/StartingClass/DwarvenFighter.xml
bridge.742f6108b4093eb86bf5c8da	component.54cd7d198274de64199ae37f	8192	2	R	generated.farm.9caf3d9715b6ff604306dc10.anchor	population.ingress.human-fighter.04	-71338	258393	-3072	-71467	258378	-3104	0	0	PATH_SEGMENT_BLOCKED	0	0	data/spawns/Others/Gremlins.xml|data/stats/players/templates/StartingClass/HumanFighter.xml
bridge.74565ec2cf87121f690563f1	component.6b63e9a22c52715dd6894332	8192	11	F	population.ingress.elf.06	generated.farm.52dc95334718091370944146.anchor	45978	41196	-3504	41267	39070	-3496	0	0	NO_PATH	0	0	data/stats/players/templates/StartingClass/ElvenFighter.xml|data/stats/players/templates/StartingClass/ElvenMystic.xml|data/spawns/ElvenTerritory/ElvenStarting.xml
bridge.7488612e4e3325bb1661525d	component.1331db1a6d957945bfb43b8d	8192	7	F	population.ingress.elf.01	generated.farm.9d9291cb563275968a77e851.anchor	46045	41251	-3504	47907	37504	-3544	0	0	NO_PATH	0	0	data/stats/players/templates/StartingClass/ElvenFighter.xml|data/stats/players/templates/StartingClass/ElvenMystic.xml|data/spawns/ElvenTerritory/ElvenStarting.xml
bridge.74892bf8503585ec2ae2eb1e	component.d3216117370eda03adad62f0	8192	1	R	generated.farm.b539810253cc4fda263eac79.anchor	generated.farm.ea72d768f3c8ec3d79c1a530.anchor	121338	-181266	-1936	116056	-175091	-1016	0	0	NO_PATH	0	0	data/spawns/DwarvenTerritory/DwarvenStarting.xml|data/spawns/DwarvenTerritory/DwarvenStarting.xml
bridge.74990e091b6ccec0f4986da9	component.79ad21df45b89fa5bb86a4fd	32768	11	R	generated.farm.aa1716be4a17c0aa980acc7b.anchor	population.farming.elf.20534	54583	71099	-3440	44126	42751	-3488	0	0	NO_PATH	0	0	data/spawns/ElvenTerritory/ElvenStarting.xml|data/spawns/ElvenTerritory/ElvenStarting.xml
bridge.74a52be6373d61bfc61ea7ef	component.d5d468daa4bebd1a4eb327d6	32768	6	F	population.farming.dark-elf.20529	generated.farm.08eced60f60a66b7fc7027b7.anchor	25308	13254	-3648	6712	-9399	-3680	0	0	NO_PATH	0	0	data/spawns/DarkElfTerritory/DarkElfStarting.xml|data/spawns/Rune/PrimevalIsle.xml
bridge.74b9fb4b8d5411217fea123d	component.16897e3b9846dd267a30bfc1	32768	9	R	generated.farm.a5c0bfc2913c1277af9aa4f4.anchor	population.ingress.dark-elf.01	21571	-14364	-3104	28295	11063	-4232	0	0	NO_PATH	0	0	data/spawns/Rune/PrimevalIsle.xml|data/stats/players/templates/StartingClass/DarkFighter.xml|data/stats/players/templates/StartingClass/DarkMystic.xml
bridge.7593389e7312981b0e84f53b	component.676d590e1ef5b84f1370c554	16384	3	F	generated.farm.088e8bc59766f22991a08e5d.anchor	generated.farm.49da4e196c409e988af42131.anchor	130094	-209377	-3552	120298	-200652	-3640	0	0	NO_PATH	0	0	data/spawns/DwarvenTerritory/DwarvenStarting.xml|data/spawns/DwarvenTerritory/DwarvenStarting.xml
bridge.75b37b93b398c90c6d73ab2b	component.e9ea386cf0bd55a495081c3d	32768	2	F	population.farming.elf.20534	elven.farming.oren04-2019-08s	44126	42751	-3488	17170	46114	-3568	0	0	NO_PATH	0	0	data/spawns/ElvenTerritory/ElvenStarting.xml|data/spawns/ElvenTerritory/ElvenStarting.xml
bridge.75cc16591780d58de08c8985	component.afb4654f40fcb37d4c7adb45	32768	3	R	elven.farming.oren04-2019-16s	generated.farm.7451e61fe8e94f49afb1f9e2.anchor	9736	49578	-3664	39050	41882	-3592	0	0	NO_PATH	0	0	data/spawns/ElvenTerritory/ElvenStarting.xml|data/spawns/ElvenTerritory/ElvenStarting.xml
bridge.75d1c385ab1643c09eeb4666	component.20a0c83d40a7bb22c26e0395	32768	7	R	generated.farm.f137dbbc3ac90f445b806c09.anchor	population.ingress.dark-elf.05	25328	-15199	-2744	28461	11044	-4232	0	0	NO_PATH	0	0	data/spawns/Rune/PrimevalIsle.xml|data/stats/players/templates/StartingClass/DarkFighter.xml|data/stats/players/templates/StartingClass/DarkMystic.xml
bridge.75e588fdbca668c633769ebc	component.676d590e1ef5b84f1370c554	16384	6	R	generated.farm.49da4e196c409e988af42131.anchor	generated.farm.8417f5d804225e6423448125.anchor	120298	-200652	-3640	132017	-208635	-3592	0	0	NO_PATH	0	0	data/spawns/DwarvenTerritory/DwarvenStarting.xml|data/spawns/DwarvenTerritory/DwarvenStarting.xml
bridge.75ebd2d0bd2723c3c90f4bc6	component.d5d468daa4bebd1a4eb327d6	32768	15	F	population.ingress.dark-elf.06	generated.farm.08eced60f60a66b7fc7027b7.anchor	28395	11127	-4232	6712	-9399	-3680	0	0	NO_PATH	0	0	data/stats/players/templates/StartingClass/DarkFighter.xml|data/stats/players/templates/StartingClass/DarkMystic.xml|data/spawns/Rune/PrimevalIsle.xml
bridge.763e13aca23984cff0e00022	component.df33433dc147309d6dc09abc	32768	4	R	generated.farm.9bd77ed2d0a9c062814dc873.anchor	population.ingress.orc.02	-46721	-82961	-8320	-56686	-113470	-672	0	0	NO_PATH	0	0	data/spawns/Others/KrateisCube.xml|data/stats/players/templates/StartingClass/OrcFighter.xml|data/stats/players/templates/StartingClass/OrcMystic.xml
bridge.76467fb242a8ebde73758377	component.58fa7816fe6f000be807e01c	8192	5	F	population.ingress.dark-elf.02	generated.farm.f66a8a0231b2d83dac29cc4d.anchor	28302	11008	-4232	24496	9206	-3584	0	0	NO_PATH	0	0	data/stats/players/templates/StartingClass/DarkFighter.xml|data/stats/players/templates/StartingClass/DarkMystic.xml|data/spawns/DarkElfTerritory/DarkElfStarting.xml
bridge.765615d7e5536301c1e1ac21	component.cf7fc1a377a3ee4f1cd13c38	8192	6	F	population.ingress.dwarf.04	generated.farm.dcbfae7bd58c752ca4f1e7ca.anchor	108512	-174026	-408	108695	-173878	-400	0	0	VALID_PATH	271	3	data/stats/players/templates/StartingClass/DwarvenFighter.xml|data/spawns/Others/Gremlins.xml
bridge.769704e221f01c6dfd72d581	component.e9ea386cf0bd55a495081c3d	32768	10	F	generated.farm.d6f82637bd6fae44cd109781.anchor	elven.farming.oren04-2019-08s	48366	42521	-3472	17170	46114	-3568	0	0	NO_PATH	0	0	data/spawns/ElvenTerritory/ElvenStarting.xml|data/spawns/ElvenTerritory/ElvenStarting.xml
bridge.76ea3641fac16c505bbe6138	component.e837182a129d9a9bac7e6672	8192	4	F	generated.farm.77743197e238ebb0e1e3eac2.anchor	generated.farm.1bc0806803391550b59b5dd7.anchor	175207	-189475	-2304	173413	-187077	-488	0	0	PATH_SEGMENT_BLOCKED	0	0	data/spawns/DwarvenTerritory/DwarvenStarting.xml|data/spawns/DwarvenTerritory/DwarvenStarting.xml
bridge.77022a805e46d9161759b6ea	component.093885e4dafbe6ffb61aca3e	16384	6	R	generated.farm.21c8e0a71fc1a30fb94fd849.anchor	population.ingress.elf.01	57402	30692	-3768	46045	41251	-3504	0	0	NO_PATH	0	0	data/spawns/Oren/SeaOfSpores.xml|data/stats/players/templates/StartingClass/ElvenFighter.xml|data/stats/players/templates/StartingClass/ElvenMystic.xml
bridge.7741b373d21e21e8ae7090c4	component.b8a1ba9dfc02a229569e9998	32768	8	F	population.ingress.dark-elf.05	generated.farm.c246ebe1e9f6c73e829b2d38.anchor	28461	11044	-4232	22054	-11514	-2720	0	0	NO_PATH	0	0	data/stats/players/templates/StartingClass/DarkFighter.xml|data/stats/players/templates/StartingClass/DarkMystic.xml|data/spawns/Rune/PrimevalIsle.xml
bridge.7752e5d0b3d1e48783bd4b52	component.46078c3265041fc30a5d4a44	16384	8	R	generated.farm.c966cf46f4c8074e4ddbc1d1.anchor	population.ingress.elf.04	35728	46771	-3688	46115	41141	-3504	0	0	NO_PATH	0	0	data/spawns/ElvenTerritory/ElvenStarting.xml|data/stats/players/templates/StartingClass/ElvenFighter.xml|data/stats/players/templates/StartingClass/ElvenMystic.xml
bridge.7764bf6f9dc31f24977e9eb3	component.a2230627cce424b0593fedc6	32768	10	F	population.ingress.dark-elf.05	generated.farm.08a347f7f13696479813918f.anchor	28461	11044	-4232	15644	-8311	-3248	0	0	NO_PATH	0	0	data/stats/players/templates/StartingClass/DarkFighter.xml|data/stats/players/templates/StartingClass/DarkMystic.xml|data/spawns/Rune/PrimevalIsle.xml
bridge.777959da2cbd71ff46a22d0c	component.16897e3b9846dd267a30bfc1	32768	3	R	generated.farm.a5c0bfc2913c1277af9aa4f4.anchor	population.route.dark-elf.a2	21571	-14364	-3104	25720	11288	-3720	0	0	NO_PATH	0	0	data/spawns/Rune/PrimevalIsle.xml|data/stats/players/templates/StartingClass/DarkFighter.xml|data/stats/players/templates/StartingClass/DarkMystic.xml|data/spawns/DarkElfTerritory/DarkElfStarting.xml
bridge.779d1aeb6a4f696772573c7f	component.5170fd1c3e2b6fe2f9af1ad8	8192	7	F	population.route.human-mystic.b2	generated.farm.54772e1b8c2e8c258ff204b4.anchor	-89240	249912	-3568	-94346	250566	-3552	0	0	NO_PATH	0	0	data/stats/players/templates/StartingClass/HumanMystic.xml|data/spawns/TalkingIsland/TalkingIslandMonsters.xml|data/spawns/TalkingIsland/TalkingIslandMonsters.xml
bridge.77b05878010c0aead5946c79	component.4542949d001791c13737d9b4	8192	10	R	generated.farm.432802d3c2901d9686cb1651.anchor	population.route.human-mystic.c1	-90610	248293	-3568	-87848	250568	-3616	0	0	VALID_PATH	3816	4	data/spawns/Others/Gremlins.xml|data/stats/players/templates/StartingClass/HumanMystic.xml|data/spawns/TalkingIsland/TalkingIslandMonsters.xml
bridge.77c413858d3c4c94179002e8	component.2c7e3c336954be75db3a7f7d	32768	6	R	generated.farm.9eb7152622bad01eeb33f1c4.anchor	population.ingress.dark-elf.05	25906	-16833	-2744	28461	11044	-4232	0	0	NO_PATH	0	0	data/spawns/Rune/PrimevalIsle.xml|data/stats/players/templates/StartingClass/DarkFighter.xml|data/stats/players/templates/StartingClass/DarkMystic.xml
bridge.77d6a5f9e884d05d9cc16e55	component.54cd7d198274de64199ae37f	8192	5	F	population.route.human-fighter.a1	generated.farm.9caf3d9715b6ff604306dc10.anchor	-71656	257944	-3096	-71338	258393	-3072	0	0	NO_PATH	0	0	data/stats/players/templates/StartingClass/HumanFighter.xml|data/spawns/Others/17_25.xml|data/spawns/Others/Gremlins.xml
bridge.77d94f959b64942f78f0143b	component.ac8aaf293b35ddbae57a8843	8192	10	F	population.ingress.elf.04	generated.farm.0c00c3760a3ec18fa034d798.anchor	46115	41141	-3504	38303	39146	-3576	0	0	NO_PATH	0	0	data/stats/players/templates/StartingClass/ElvenFighter.xml|data/stats/players/templates/StartingClass/ElvenMystic.xml|data/spawns/ElvenTerritory/ElvenStarting.xml
bridge.77e2c81e767de27b8e7d55cc	component.17d39984ff40b347b4bbe819	8192	3	F	generated.farm.77743197e238ebb0e1e3eac2.anchor	generated.farm.013f818c1372afc740e3cbc2.anchor	175207	-189475	-2304	174089	-194394	-3464	0	0	VALID_DIRECT	5177	1	data/spawns/DwarvenTerritory/DwarvenStarting.xml|data/spawns/DwarvenTerritory/DwarvenStarting.xml
bridge.77e7055d30b37d004231f585	component.2c7e3c336954be75db3a7f7d	32768	10	R	generated.farm.9eb7152622bad01eeb33f1c4.anchor	population.farming.dark-elf.20529	25906	-16833	-2744	25308	13254	-3648	0	0	NO_PATH	0	0	data/spawns/Rune/PrimevalIsle.xml|data/spawns/DarkElfTerritory/DarkElfStarting.xml
bridge.77fb71362a99e9425c9ce88d	component.54cd7d198274de64199ae37f	8192	11	R	generated.farm.9caf3d9715b6ff604306dc10.anchor	population.farming.human-fighter.20545	-71338	258393	-3072	-71081	254981	-3232	0	0	PATH_SEGMENT_BLOCKED	0	0	data/spawns/Others/Gremlins.xml|data/stats/npcs/20500-20599.xml|data/spawns/Others/17_25.xml|config/Custom/RandomSpawns.ini
bridge.782d9ef347ff9d3f9d371ca4	component.6e7449d40cf7c2785c9bf89b	8192	5	F	population.ingress.human-mystic.01	generated.farm.bfb0335de417bc81a7e9b231.anchor	-90875	248162	-3568	-88052	241579	-3600	0	0	NO_PATH	0	0	data/stats/players/templates/StartingClass/HumanMystic.xml|data/spawns/TalkingIsland/TalkingIslandMonsters.xml
bridge.78731f118ec0ddf5b495ce14	component.e0efb8466cb69704c6f63b79	32768	7	F	generated.farm.36714f071123eedc9cac6c05.anchor	generated.farm.3bbbcdb43022c7bf23796fb4.anchor	28436	11041	-4232	15590	-17440	-3224	0	0	NO_PATH	0	0	data/spawns/Others/Gremlins.xml|data/spawns/Rune/PrimevalIsle.xml
bridge.78881ae99bcdb9b95f17ceca	component.73d0c59f5bdd9014627ebe4f	32768	4	F	population.ingress.elf.01	elven.farming.oren04-2019-07s	46045	41251	-3504	19248	43340	-3712	0	0	NO_PATH	0	0	data/stats/players/templates/StartingClass/ElvenFighter.xml|data/stats/players/templates/StartingClass/ElvenMystic.xml|data/spawns/ElvenTerritory/ElvenStarting.xml
bridge.788825b541e6ac1d044517a4	component.d1bd433314f456b9fe85fbdf	32768	8	F	population.ingress.orc.02	generated.farm.0d7c07144eea5c608cf6c8cf.anchor	-56686	-113470	-672	-25035	-119836	-1968	0	0	NO_PATH	0	0	data/stats/players/templates/StartingClass/OrcFighter.xml|data/stats/players/templates/StartingClass/OrcMystic.xml|data/spawns/OrcTerritory/OrcStarting.xml
bridge.7889043e8b75b434581bcfed	component.c4a3508d330e9bb2f8bdfabb	32768	1	F	population.route.orc.a3	generated.farm.1050dd36c58d668d206a6075.anchor	-50845	-113715	-168	-48721	-84968	-8320	0	0	NO_PATH	0	0	data/stats/players/templates/StartingClass/OrcFighter.xml|data/stats/players/templates/StartingClass/OrcMystic.xml|data/spawns/OrcTerritory/OrcStarting.xml|data/spawns/Others/KrateisCube.xml
bridge.78a4f057b4bec775f7fc2998	component.6b6dbba2f1367f01991dfe32	32768	9	F	population.ingress.orc.05	generated.farm.59f334c6c58a366ac0ebe3c9.anchor	-56743	-113757	-672	-50720	-82961	-8320	0	0	NO_PATH	0	0	data/stats/players/templates/StartingClass/OrcFighter.xml|data/stats/players/templates/StartingClass/OrcMystic.xml|data/spawns/Others/KrateisCube.xml
bridge.78c6e231a3684916275e5d45	component.a15eac19b29dbd838fc4cf11	32768	10	R	generated.farm.a4122c4a8bed91d0e6a70bc3.anchor	population.route.dwarf.w2	107302	-145184	-3656	110440	-173944	-528	0	0	NO_PATH	0	0	data/spawns/Others/PlunderousPlains.xml|data/stats/players/templates/StartingClass/DwarvenFighter.xml|data/spawns/DwarvenTerritory/DwarvenStarting.xml
bridge.78d1af71358a638f7419c360	component.46078c3265041fc30a5d4a44	16384	5	R	generated.farm.c966cf46f4c8074e4ddbc1d1.anchor	population.ingress.elf.01	35728	46771	-3688	46045	41251	-3504	0	0	NO_PATH	0	0	data/spawns/ElvenTerritory/ElvenStarting.xml|data/stats/players/templates/StartingClass/ElvenFighter.xml|data/stats/players/templates/StartingClass/ElvenMystic.xml
bridge.78d41654e7668610c42967a0	component.6bccc4ec500087b1b97f6735	32768	7	F	generated.farm.7451e61fe8e94f49afb1f9e2.anchor	elven.farming.oren04-2019-11s	39050	41882	-3592	10946	55150	-3472	0	0	NO_PATH	0	0	data/spawns/ElvenTerritory/ElvenStarting.xml|data/spawns/ElvenTerritory/ElvenStarting.xml
bridge.78d7fefcc02e981f2ae5531f	component.b7883cab062e250a4845bacc	32768	7	F	population.ingress.orc.03	generated.farm.458673ead1d6f5e03c0230db.anchor	-56728	-113610	-672	-46721	-84975	-8320	0	0	NO_PATH	0	0	data/stats/players/templates/StartingClass/OrcFighter.xml|data/stats/players/templates/StartingClass/OrcMystic.xml|data/spawns/Others/KrateisCube.xml
bridge.7916598c4b344229792d93de	component.ba083b6371fa0acdb077e91c	8192	5	F	population.ingress.orc.01	generated.farm.eda8543a4ab4d30e028f9b97.anchor	-56733	-113459	-672	-56273	-113606	-672	0	0	VALID_DIRECT	483	1	data/stats/players/templates/StartingClass/OrcFighter.xml|data/stats/players/templates/StartingClass/OrcMystic.xml|data/spawns/Others/Gremlins.xml
bridge.7922ff41d0675d682c80d091	component.89c4c607fc4fee76637095fd	16384	12	F	generated.farm.428b85922009e44829ae2db0.anchor	generated.farm.57a38f13450e54452b749339.anchor	46131	41458	-3504	52710	55450	-3320	0	0	NO_PATH	0	0	data/spawns/Others/Gremlins.xml|data/spawns/ElvenTerritory/ElvenStarting.xml
bridge.796b6f15c46b8ec2ea28a28f	component.fa8902bdab910bb205f46118	16384	12	F	population.route.dwarf.w1	generated.farm.e906a4f684b66f9c100d44e1.anchor	108728	-173944	-408	114049	-161398	-1480	0	0	NO_PATH	0	0	data/stats/players/templates/StartingClass/DwarvenFighter.xml|data/spawns/DwarvenTerritory/DwarvenStarting.xml|data/spawns/Others/PlunderousPlains.xml
bridge.7998542f439a641f853cc18b	component.a2230627cce424b0593fedc6	32768	2	R	generated.farm.08a347f7f13696479813918f.anchor	population.route.dark-elf.a2	15644	-8311	-3248	25720	11288	-3720	0	0	NO_PATH	0	0	data/spawns/Rune/PrimevalIsle.xml|data/stats/players/templates/StartingClass/DarkFighter.xml|data/stats/players/templates/StartingClass/DarkMystic.xml|data/spawns/DarkElfTerritory/DarkElfStarting.xml
bridge.79b8ac939bcda9d1ee081968	component.093885e4dafbe6ffb61aca3e	16384	1	F	generated.farm.d6f82637bd6fae44cd109781.anchor	generated.farm.21c8e0a71fc1a30fb94fd849.anchor	48366	42521	-3472	57402	30692	-3768	0	0	NO_PATH	0	0	data/spawns/ElvenTerritory/ElvenStarting.xml|data/spawns/Oren/SeaOfSpores.xml
bridge.79cf223f2e20eea2b9baba47	component.b7883cab062e250a4845bacc	32768	3	F	population.route.orc.a1	generated.farm.458673ead1d6f5e03c0230db.anchor	-54685	-113715	-520	-46721	-84975	-8320	0	0	NO_PATH	0	0	data/stats/players/templates/StartingClass/OrcFighter.xml|data/stats/players/templates/StartingClass/OrcMystic.xml|data/spawns/OrcTerritory/OrcStarting.xml|data/spawns/Others/KrateisCube.xml
bridge.79d67fcbe83d3b45b19a7b47	component.63defb22486d49c052a69667	32768	3	F	population.farming.elf.20534	generated.farm.946a41fbbc63614320c02954.anchor	44126	42751	-3488	53398	63278	-3480	0	0	NO_PATH	0	0	data/spawns/ElvenTerritory/ElvenStarting.xml|data/spawns/ElvenTerritory/ElvenStarting.xml
bridge.79eec0ad1adaf106ff151098	component.d2768e1382c5c1b8ae3c6408	32768	2	R	generated.farm.c559aedb44e0cf87e1fb32c9.anchor	population.farming.dwarf.20533	108605	-150431	-2328	114966	-172886	-672	0	0	NO_PATH	0	0	data/spawns/Others/PlunderousPlains.xml|data/spawns/DwarvenTerritory/DwarvenStarting.xml
bridge.7a36a013fa78816bb6c2e053	component.21c159db00da4bc03daf51c5	32768	9	F	population.ingress.elf.04	generated.farm.a0a916d344116254f0d4e3f5.anchor	46115	41141	-3504	31295	61887	-3544	0	0	NO_PATH	0	0	data/stats/players/templates/StartingClass/ElvenFighter.xml|data/stats/players/templates/StartingClass/ElvenMystic.xml|data/spawns/ElvenTerritory/ElvenStarting.xml
bridge.7a5566c3204a32092a3001db	component.6e3a57525358ac42a6fda077	32768	6	R	generated.farm.1a8d5255f1d68b98358f16fc.anchor	generated.farm.519759dffe4a0803b970d3ee.anchor	70230	76786	-3696	48712	55466	-3464	0	0	NO_PATH	0	0	data/spawns/Oren/TimakOutpost.xml|data/spawns/ElvenTerritory/ElvenStarting.xml
bridge.7a8d31ccac0eabacc53497c9	component.6cb9bd2a57139e6f69dd23f1	32768	4	F	population.ingress.orc.02	generated.farm.b4beace3b35fcf43f7ac6d15.anchor	-56686	-113470	-672	-46718	-86971	-8320	0	0	NO_PATH	0	0	data/stats/players/templates/StartingClass/OrcFighter.xml|data/stats/players/templates/StartingClass/OrcMystic.xml|data/spawns/Others/KrateisCube.xml
bridge.7a8f2487efb0e4292d7a7cae	component.46078c3265041fc30a5d4a44	16384	1	R	generated.farm.c966cf46f4c8074e4ddbc1d1.anchor	generated.farm.58356b4e9844a379fecfbaf6.anchor	35728	46771	-3688	42118	41401	-3488	0	0	VALID_DIRECT	8350	1	data/spawns/ElvenTerritory/ElvenStarting.xml|data/spawns/ElvenTerritory/ElvenStarting.xml
bridge.7ab1f89f05662d37123d716a	component.73d0c59f5bdd9014627ebe4f	32768	2	R	elven.farming.oren04-2019-07s	population.farming.elf.20534	19248	43340	-3712	44126	42751	-3488	0	0	NO_PATH	0	0	data/spawns/ElvenTerritory/ElvenStarting.xml|data/spawns/ElvenTerritory/ElvenStarting.xml
bridge.7abaa3c52469113ac0f3a029	component.4542949d001791c13737d9b4	8192	5	R	generated.farm.432802d3c2901d9686cb1651.anchor	population.route.human-mystic.b1	-90610	248293	-3568	-90072	248328	-3568	0	0	VALID_DIRECT	540	1	data/spawns/Others/Gremlins.xml|data/stats/players/templates/StartingClass/HumanMystic.xml|data/spawns/TalkingIsland/TalkingIslandMonsters.xml
bridge.7ad19d5dc690304ff25a12f4	component.91a9f940fd17192b7296dafb	32768	16	F	population.ingress.dark-elf.01	generated.farm.2b9973b84571ebc7de64f76c.anchor	28295	11063	-4232	19794	-10621	-2848	0	0	NO_PATH	0	0	data/stats/players/templates/StartingClass/DarkFighter.xml|data/stats/players/templates/StartingClass/DarkMystic.xml|data/spawns/Rune/PrimevalIsle.xml
bridge.7ad322222eaa4e7dd30f5faf	component.0d29dfe1c9a010ee2b1a7342	16384	4	F	population.route.dwarf.a3	generated.farm.9d23ec2f77c7c345967951bb.anchor	112996	-173691	-608	119412	-188362	-3240	0	0	NO_PATH	0	0	data/stats/players/templates/StartingClass/DwarvenFighter.xml|data/spawns/DwarvenTerritory/DwarvenStarting.xml|data/spawns/DwarvenTerritory/DwarvenStarting.xml
bridge.7ae0e82f4ea458d664d92ad8	component.676d590e1ef5b84f1370c554	16384	4	R	generated.farm.49da4e196c409e988af42131.anchor	generated.farm.1e2d5a3becf8fd2f9e656d54.anchor	120298	-200652	-3640	128484	-211404	-3408	0	0	NO_PATH	0	0	data/spawns/DwarvenTerritory/DwarvenStarting.xml|data/spawns/DwarvenTerritory/DwarvenStarting.xml
bridge.7ae420f41c6f1d0a2699d0a5	component.1331db1a6d957945bfb43b8d	8192	14	F	population.ingress.elf.01	generated.farm.78d792f9dc16f4ce4003c1ae.anchor	46045	41251	-3504	50626	40925	-3464	0	0	NO_PATH	0	0	data/stats/players/templates/StartingClass/ElvenFighter.xml|data/stats/players/templates/StartingClass/ElvenMystic.xml|data/spawns/ElvenTerritory/ElvenStarting.xml
bridge.7aead51eaafac413293d7117	component.f5ec43735be4685d0f522b55	32768	1	F	population.route.orc.a3	generated.farm.c7902e29cb3795a4ce8dcf2c.anchor	-50845	-113715	-168	-50720	-86977	-8320	0	0	NO_PATH	0	0	data/stats/players/templates/StartingClass/OrcFighter.xml|data/stats/players/templates/StartingClass/OrcMystic.xml|data/spawns/OrcTerritory/OrcStarting.xml|data/spawns/Others/KrateisCube.xml
bridge.7b36058e7a72f9bba3377f30	component.85a00e0803f36f9a3d0eab0f	32768	4	R	generated.farm.4e76dc23218e129a890c3248.anchor	generated.farm.57a38f13450e54452b749339.anchor	71264	70956	-3688	52710	55450	-3320	0	0	NO_PATH	0	0	data/spawns/Oren/TimakOutpost.xml|data/spawns/ElvenTerritory/ElvenStarting.xml
bridge.7b4b43ae3198aea0860c6371	component.031481c9c68a70f28b2c5e0d	32768	1	R	generated.farm.6cf5bedf919d093eea69a4d0.anchor	population.route.orc.a3	-44722	-82957	-8320	-50845	-113715	-168	0	0	NO_PATH	0	0	data/spawns/Others/KrateisCube.xml|data/stats/players/templates/StartingClass/OrcFighter.xml|data/stats/players/templates/StartingClass/OrcMystic.xml|data/spawns/OrcTerritory/OrcStarting.xml
bridge.7b5b5d04267746309f0bba14	component.41e35f446ee4f00762502fdb	32768	4	F	population.route.dark-elf.a1	generated.farm.d39331b999c56e6df46c579c.anchor	25992	11112	-3720	1740	22546	-3368	0	0	NO_PATH	0	0	data/stats/players/templates/StartingClass/DarkFighter.xml|data/stats/players/templates/StartingClass/DarkMystic.xml|data/spawns/DarkElfTerritory/DarkElfStarting.xml|data/spawns/DarkElfTerritory/DarkElfStarting.xml
bridge.7be566f307ded34e7359de7c	component.91a9f940fd17192b7296dafb	32768	14	R	generated.farm.7334b15ea21358cde08c92c6.anchor	population.route.dark-elf.a1	20662	-11527	-2824	25992	11112	-3720	0	0	NO_PATH	0	0	data/spawns/Rune/PrimevalIsle.xml|data/stats/players/templates/StartingClass/DarkFighter.xml|data/stats/players/templates/StartingClass/DarkMystic.xml|data/spawns/DarkElfTerritory/DarkElfStarting.xml
bridge.7bedce073d4da27bc7aaa44b	component.b8a1ba9dfc02a229569e9998	32768	11	F	population.route.dark-elf.a3	generated.farm.c246ebe1e9f6c73e829b2d38.anchor	25304	13256	-3648	22054	-11514	-2720	0	0	NO_PATH	0	0	data/stats/players/templates/StartingClass/DarkFighter.xml|data/stats/players/templates/StartingClass/DarkMystic.xml|data/spawns/DarkElfTerritory/DarkElfStarting.xml|data/spawns/Rune/PrimevalIsle.xml
bridge.7bfe97053dfded09bcd253ce	component.58fa7816fe6f000be807e01c	8192	8	R	generated.farm.f66a8a0231b2d83dac29cc4d.anchor	population.ingress.dark-elf.04	24496	9206	-3584	28456	10997	-4232	0	0	NO_PATH	0	0	data/spawns/DarkElfTerritory/DarkElfStarting.xml|data/stats/players/templates/StartingClass/DarkFighter.xml|data/stats/players/templates/StartingClass/DarkMystic.xml
bridge.7c1f536ce88f6b61d55961fb	component.73f096cfc3045644558d7b95	16384	5	F	population.farming.orc.20535	generated.farm.6040d874a2bc9b8a07dc4671.anchor	-49106	-115854	-160	-41352	-102553	-2720	0	0	NO_PATH	0	0	data/spawns/OrcTerritory/OrcStarting.xml|data/spawns/OrcTerritory/OrcStarting.xml
bridge.7c42bba6a47675fefcb178ab	component.5170fd1c3e2b6fe2f9af1ad8	8192	5	R	generated.farm.54772e1b8c2e8c258ff204b4.anchor	population.route.human-mystic.b1	-94346	250566	-3552	-90072	248328	-3568	0	0	NO_PATH	0	0	data/spawns/TalkingIsland/TalkingIslandMonsters.xml|data/stats/players/templates/StartingClass/HumanMystic.xml|data/spawns/TalkingIsland/TalkingIslandMonsters.xml
bridge.7c4cf8e8ba3058002ac3824f	component.635e8cdeb1b598aac805b64c	32768	1	R	talking-island.farming.gludio31-1624-11s	population.ingress.human-mystic.04	-103448	227187	-3672	-90890	248027	-3568	0	0	NO_PATH	0	0	data/spawns/TalkingIsland/TalkingIslandMonsters.xml|data/stats/players/templates/StartingClass/HumanMystic.xml
bridge.7c66308a47793655e7faee4c	component.de636b0f82c1f5ec50237e13	32768	4	R	generated.farm.a39f58864657ce5b49b26ee3.anchor	generated.farm.088e8bc59766f22991a08e5d.anchor	116564	-195406	-3480	130094	-209377	-3552	0	0	NO_PATH	0	0	data/spawns/DwarvenTerritory/DwarvenStarting.xml|data/spawns/DwarvenTerritory/DwarvenStarting.xml
bridge.7c784b692a232f88a850e8db	component.89c4c607fc4fee76637095fd	16384	11	R	generated.farm.57a38f13450e54452b749339.anchor	population.farming.elf.20534	52710	55450	-3320	44126	42751	-3488	0	0	NO_PATH	0	0	data/spawns/ElvenTerritory/ElvenStarting.xml|data/spawns/ElvenTerritory/ElvenStarting.xml
bridge.7c7f474f9c75fdc98482edac	component.de636b0f82c1f5ec50237e13	32768	8	R	generated.farm.a39f58864657ce5b49b26ee3.anchor	generated.farm.ea72d768f3c8ec3d79c1a530.anchor	116564	-195406	-3480	116056	-175091	-1016	0	0	NO_PATH	0	0	data/spawns/DwarvenTerritory/DwarvenStarting.xml|data/spawns/DwarvenTerritory/DwarvenStarting.xml
bridge.7caa2e2ad2450f551d19581c	component.40dbfe62843fbb4b5737b50d	32768	7	R	generated.farm.180cbb100c457687c431e3bd.anchor	population.ingress.elf.01	24749	41076	-3696	46045	41251	-3504	0	0	NO_PATH	0	0	data/spawns/ElvenTerritory/ElvenStarting.xml|data/stats/players/templates/StartingClass/ElvenFighter.xml|data/stats/players/templates/StartingClass/ElvenMystic.xml
bridge.7d0cbdd04aa4648456f01b5b	component.b0959173bd82d4b722b2be8c	32768	10	F	population.route.dark-elf.a2	generated.farm.c64e3da0e4c050e99dd0e964.anchor	25720	11288	-3720	25484	-10847	-2480	0	0	NO_PATH	0	0	data/stats/players/templates/StartingClass/DarkFighter.xml|data/stats/players/templates/StartingClass/DarkMystic.xml|data/spawns/DarkElfTerritory/DarkElfStarting.xml|data/spawns/Rune/PrimevalIsle.xml
bridge.7d11e34e91126517998b4fed	component.7e4161a95ce7d75a795e5571	8192	4	R	generated.farm.7451e61fe8e94f49afb1f9e2.anchor	population.ingress.elf.01	39050	41882	-3592	46045	41251	-3504	0	0	NO_PATH	0	0	data/spawns/ElvenTerritory/ElvenStarting.xml|data/stats/players/templates/StartingClass/ElvenFighter.xml|data/stats/players/templates/StartingClass/ElvenMystic.xml
bridge.7d18a1e89e1f314039a0ff1b	component.ba083b6371fa0acdb077e91c	8192	3	F	population.ingress.orc.02	generated.farm.eda8543a4ab4d30e028f9b97.anchor	-56686	-113470	-672	-56273	-113606	-672	0	0	VALID_DIRECT	435	1	data/stats/players/templates/StartingClass/OrcFighter.xml|data/stats/players/templates/StartingClass/OrcMystic.xml|data/spawns/Others/Gremlins.xml
bridge.7d875848b9b8c28986d67bc9	component.df33433dc147309d6dc09abc	32768	6	F	population.ingress.orc.04	generated.farm.9bd77ed2d0a9c062814dc873.anchor	-56693	-113610	-672	-46721	-82961	-8320	0	0	NO_PATH	0	0	data/stats/players/templates/StartingClass/OrcFighter.xml|data/stats/players/templates/StartingClass/OrcMystic.xml|data/spawns/Others/KrateisCube.xml
bridge.7d8a4d15ed668507391de21b	component.10e204556f859c1b294aeca4	32768	8	F	generated.farm.088e8bc59766f22991a08e5d.anchor	generated.farm.01d45fe32598e8270dab20b2.anchor	130094	-209377	-3552	157239	-220265	-3600	0	0	NO_PATH	0	0	data/spawns/DwarvenTerritory/DwarvenStarting.xml|data/spawns/DwarvenTerritory/DwarvenStarting.xml
bridge.7decbe7e5a89c82bb83309be	component.635e8cdeb1b598aac805b64c	32768	13	R	talking-island.farming.gludio31-1624-11s	population.route.human-mystic.guard.30733	-103448	227187	-3672	-87847	250564	-3616	0	0	NO_PATH	0	0	data/spawns/TalkingIsland/TalkingIslandMonsters.xml|data/stats/players/templates/StartingClass/HumanMystic.xml|data/spawns/TalkingIsland/TalkingIslandMonsters.xml|data/stats/npcs/30700-30799.xml
bridge.7e1ddeff7b98c35955ac7c89	component.9fbefbbe289820cb000eadf1	32768	8	R	generated.farm.17667c6c78e20a9fb3c4ae08.anchor	population.ingress.orc.06	-52719	-84968	-8320	-56682	-113730	-672	0	0	NO_PATH	0	0	data/spawns/Others/KrateisCube.xml|data/stats/players/templates/StartingClass/OrcFighter.xml|data/stats/players/templates/StartingClass/OrcMystic.xml
bridge.7e20037a47eef520fd46ed5e	component.89c4c607fc4fee76637095fd	16384	15	R	generated.farm.57a38f13450e54452b749339.anchor	population.ingress.elf.03	52710	55450	-3320	46182	41198	-3504	0	0	NO_PATH	0	0	data/spawns/ElvenTerritory/ElvenStarting.xml|data/stats/players/templates/StartingClass/ElvenFighter.xml|data/stats/players/templates/StartingClass/ElvenMystic.xml
bridge.7e2c35a5a5f1ee7092c7d20a	component.9e6d3547bb369a54417d2a8e	32768	1	R	generated.farm.8eacaac16a08449c5372ffbc.anchor	population.route.orc.a2	-52719	-82961	-8320	-52637	-113715	-80	0	0	NO_PATH	0	0	data/spawns/Others/KrateisCube.xml|data/stats/players/templates/StartingClass/OrcFighter.xml|data/stats/players/templates/StartingClass/OrcMystic.xml|data/spawns/OrcTerritory/OrcStarting.xml
bridge.7e4b1fe3328c0ac19d1abfde	component.18c9e4ee0311769668b2eb74	8192	6	F	population.ingress.kamael.05	generated.farm.74718a641fa7e78154fea892.anchor	-125517	38267	1176	-125620	37399	1176	0	0	VALID_DIRECT	875	1	data/stats/players/templates/StartingClass/KamaelMaleSoldier.xml|data/stats/players/templates/StartingClass/KamaelFemaleSoldier.xml|data/spawns/Others/Gremlins.xml
bridge.7e613c7198ef56d7c8cdfa26	component.f0870ecd40f136c705bc5941	32768	11	F	population.route.orc.a4	generated.farm.ef0394b1715ca0d66c082465.anchor	-50077	-115763	-160	-44717	-84969	-8320	0	0	NO_PATH	0	0	data/stats/players/templates/StartingClass/OrcFighter.xml|data/stats/players/templates/StartingClass/OrcMystic.xml|data/spawns/OrcTerritory/OrcStarting.xml|data/spawns/Others/KrateisCube.xml
bridge.7e679540276a19caa954114d	component.f173a1114ed51df8ab1b4fef	32768	2	R	generated.farm.21b55d2571dd4db5cef46beb.anchor	generated.farm.f66a8a0231b2d83dac29cc4d.anchor	2608	-14092	-3408	24496	9206	-3584	0	0	NO_PATH	0	0	data/spawns/Rune/PrimevalIsle.xml|data/spawns/DarkElfTerritory/DarkElfStarting.xml
bridge.7e6b08e854f4406064be1455	component.e04c7af9711cc5dd2a0ac987	16384	2	F	population.ingress.human-mystic.03	generated.farm.c566a65e22d07a92230b56a2.anchor	-90918	248070	-3568	-95163	237296	-3408	0	0	NO_PATH	0	0	data/stats/players/templates/StartingClass/HumanMystic.xml|data/spawns/TalkingIsland/TalkingIslandMonsters.xml
bridge.7e7a20896c5ac19552947e97	component.18bacfc235ddd517347d8830	32768	2	F	generated.farm.ed8992f2edcbacf7c4f24608.anchor	generated.farm.6cc54f41492a8ebff56a5815.anchor	117968	-173208	-432	119130	-144099	-3016	0	0	NO_PATH	0	0	data/spawns/DwarvenTerritory/DwarvenStarting.xml|data/spawns/Others/PlunderousPlains.xml
bridge.7e9eb2f4d78ab37e1a000ccd	component.01b441ae383a1b39494050f4	32768	3	F	population.ingress.dark-elf.03	generated.farm.9cf6fa1ef953b5b33ff9fe37.anchor	28377	10916	-4232	13666	-12273	-3024	0	0	NO_PATH	0	0	data/stats/players/templates/StartingClass/DarkFighter.xml|data/stats/players/templates/StartingClass/DarkMystic.xml|data/spawns/Rune/PrimevalIsle.xml
bridge.7ebeefbf33d120a06d30514b	component.c005299f6bcae5c6d8af8bb7	32768	8	R	generated.farm.7a05c033eabc7172e800caf4.anchor	population.ingress.dark-elf.05	14176	-18036	-3120	28461	11044	-4232	0	0	NO_PATH	0	0	data/spawns/Rune/PrimevalIsle.xml|data/stats/players/templates/StartingClass/DarkFighter.xml|data/stats/players/templates/StartingClass/DarkMystic.xml
bridge.7ec7d81e55e17bc415cf048f	component.6b63e9a22c52715dd6894332	8192	8	R	generated.farm.68243117d5885fe09a0b57bc.anchor	population.ingress.elf.02	43767	37445	-3512	46117	41247	-3504	0	0	NO_PATH	0	0	data/spawns/ElvenTerritory/ElvenStarting.xml|data/stats/players/templates/StartingClass/ElvenFighter.xml|data/stats/players/templates/StartingClass/ElvenMystic.xml
bridge.7eec615dc2e90333b0840582	component.f0870ecd40f136c705bc5941	32768	6	F	population.ingress.orc.04	generated.farm.ef0394b1715ca0d66c082465.anchor	-56693	-113610	-672	-44717	-84969	-8320	0	0	NO_PATH	0	0	data/stats/players/templates/StartingClass/OrcFighter.xml|data/stats/players/templates/StartingClass/OrcMystic.xml|data/spawns/Others/KrateisCube.xml
bridge.7f57c4e43c807021eb638687	component.7b0a8695c70b29d38ea2d7b7	32768	3	R	generated.farm.bf71e830d9839ea5032228a3.anchor	population.route.orc.a1	-48725	-86968	-8320	-54685	-113715	-520	0	0	NO_PATH	0	0	data/spawns/Others/KrateisCube.xml|data/stats/players/templates/StartingClass/OrcFighter.xml|data/stats/players/templates/StartingClass/OrcMystic.xml|data/spawns/OrcTerritory/OrcStarting.xml
bridge.7f9a2edd9b42d9bafc4a1961	component.d4f263a6130862446fcab68a	16384	6	F	population.route.dwarf.i03-w0	generated.farm.f9312932904adae788963399.anchor	108552	-174024	-408	108605	-160621	-1688	0	0	NO_PATH	0	0	data/stats/players/templates/StartingClass/DwarvenFighter.xml|data/spawns/DwarvenTerritory/DwarvenStarting.xml|data/spawns/Others/PlunderousPlains.xml
bridge.7fa011ce05ada320144e491b	component.214784823dfee247eabd4cc1	16384	2	R	generated.farm.08bede9fa450ab087be0458b.anchor	population.route.orc.a4	-40560	-117892	-1920	-50077	-115763	-160	0	0	NO_PATH	0	0	data/spawns/OrcTerritory/OrcStarting.xml|data/stats/players/templates/StartingClass/OrcFighter.xml|data/stats/players/templates/StartingClass/OrcMystic.xml|data/spawns/OrcTerritory/OrcStarting.xml
bridge.7fc2ab872b18b69b87ee51ec	component.7e4161a95ce7d75a795e5571	8192	6	F	generated.farm.428b85922009e44829ae2db0.anchor	generated.farm.7451e61fe8e94f49afb1f9e2.anchor	46131	41458	-3504	39050	41882	-3592	0	0	VALID_DIRECT	7095	1	data/spawns/Others/Gremlins.xml|data/spawns/ElvenTerritory/ElvenStarting.xml
bridge.7feab10067875f2beda586e0	component.2c7e3c336954be75db3a7f7d	32768	10	F	population.farming.dark-elf.20529	generated.farm.9eb7152622bad01eeb33f1c4.anchor	25308	13254	-3648	25906	-16833	-2744	0	0	NO_PATH	0	0	data/spawns/DarkElfTerritory/DarkElfStarting.xml|data/spawns/Rune/PrimevalIsle.xml
bridge.7ffeeabf2684303f08a4026f	component.1331db1a6d957945bfb43b8d	8192	15	R	generated.farm.78d792f9dc16f4ce4003c1ae.anchor	population.ingress.elf.06	50626	40925	-3464	45978	41196	-3504	0	0	NO_PATH	0	0	data/spawns/ElvenTerritory/ElvenStarting.xml|data/stats/players/templates/StartingClass/ElvenFighter.xml|data/stats/players/templates/StartingClass/ElvenMystic.xml
bridge.802d51fcade81157a88445b4	component.87a65b1ce32b28202691c2c8	32768	2	F	population.route.orc.a2	generated.farm.ac1e437a00c50adb5285e40a.anchor	-52637	-113715	-80	-44720	-86972	-8320	0	0	NO_PATH	0	0	data/stats/players/templates/StartingClass/OrcFighter.xml|data/stats/players/templates/StartingClass/OrcMystic.xml|data/spawns/OrcTerritory/OrcStarting.xml|data/spawns/Others/KrateisCube.xml
bridge.8040757b6584826df8b0c295	component.cf7fc1a377a3ee4f1cd13c38	8192	4	R	generated.farm.dcbfae7bd58c752ca4f1e7ca.anchor	population.route.dwarf.i03-w0	108695	-173878	-400	108552	-174024	-408	0	0	VALID_PATH	232	2	data/spawns/Others/Gremlins.xml|data/stats/players/templates/StartingClass/DwarvenFighter.xml|data/spawns/DwarvenTerritory/DwarvenStarting.xml
bridge.8040c7f56e7a1a58fcc5bea1	component.635e8cdeb1b598aac805b64c	32768	8	F	population.route.human-mystic.a2	talking-island.farming.gludio31-1624-11s	-89144	249976	-3568	-103448	227187	-3672	0	0	NO_PATH	0	0	data/stats/players/templates/StartingClass/HumanMystic.xml|data/spawns/TalkingIsland/TalkingIslandMonsters.xml|data/spawns/TalkingIsland/TalkingIslandMonsters.xml
bridge.808ebdfd0cbd67dd8eed0bb7	component.40dbfe62843fbb4b5737b50d	32768	15	F	population.ingress.elf.01	generated.farm.b39b5ebcb618d85608e8a97d.anchor	46045	41251	-3504	24053	37496	-3672	0	0	NO_PATH	0	0	data/stats/players/templates/StartingClass/ElvenFighter.xml|data/stats/players/templates/StartingClass/ElvenMystic.xml|data/spawns/ElvenTerritory/ElvenStarting.xml
bridge.809dd506587b5c9412005392	component.ac8aaf293b35ddbae57a8843	8192	2	F	generated.farm.58356b4e9844a379fecfbaf6.anchor	generated.farm.1a1d5ca5583b453d5a406cfa.anchor	42118	41401	-3488	39605	36319	-3600	0	0	NO_PATH	0	0	data/spawns/ElvenTerritory/ElvenStarting.xml|data/spawns/ElvenTerritory/ElvenStarting.xml
bridge.80a836e95bc44fa96ca7a657	component.b0959173bd82d4b722b2be8c	32768	11	R	generated.farm.c64e3da0e4c050e99dd0e964.anchor	population.ingress.dark-elf.06	25484	-10847	-2480	28395	11127	-4232	0	0	NO_PATH	0	0	data/spawns/Rune/PrimevalIsle.xml|data/stats/players/templates/StartingClass/DarkFighter.xml|data/stats/players/templates/StartingClass/DarkMystic.xml
bridge.80c70b03ee6141ae1fc2bdcc	component.d5d468daa4bebd1a4eb327d6	32768	4	F	population.route.dark-elf.a1	generated.farm.b8e223341be05b45a19768c2.anchor	25992	11112	-3720	5975	-9197	-3696	0	0	NO_PATH	0	0	data/stats/players/templates/StartingClass/DarkFighter.xml|data/stats/players/templates/StartingClass/DarkMystic.xml|data/spawns/DarkElfTerritory/DarkElfStarting.xml|data/spawns/Rune/PrimevalIsle.xml
bridge.80ceaa9ccf060b69a508251d	component.6b63e9a22c52715dd6894332	8192	2	R	generated.farm.68243117d5885fe09a0b57bc.anchor	generated.farm.58356b4e9844a379fecfbaf6.anchor	43767	37445	-3512	42118	41401	-3488	0	0	NO_PATH	0	0	data/spawns/ElvenTerritory/ElvenStarting.xml|data/spawns/ElvenTerritory/ElvenStarting.xml
bridge.80d8113864c6eef4e74a0204	component.79ad21df45b89fa5bb86a4fd	32768	16	F	population.ingress.elf.03	generated.farm.aa1716be4a17c0aa980acc7b.anchor	46182	41198	-3504	54583	71099	-3440	0	0	NO_PATH	0	0	data/stats/players/templates/StartingClass/ElvenFighter.xml|data/stats/players/templates/StartingClass/ElvenMystic.xml|data/spawns/ElvenTerritory/ElvenStarting.xml
bridge.80ee7af5e0d9ed60f15640ab	component.d1bd433314f456b9fe85fbdf	32768	8	R	generated.farm.0d7c07144eea5c608cf6c8cf.anchor	population.ingress.orc.02	-25035	-119836	-1968	-56686	-113470	-672	0	0	NO_PATH	0	0	data/spawns/OrcTerritory/OrcStarting.xml|data/stats/players/templates/StartingClass/OrcFighter.xml|data/stats/players/templates/StartingClass/OrcMystic.xml
bridge.81031674d0d532ab098c4ccf	component.63defb22486d49c052a69667	32768	11	F	population.farming.elf.20534	generated.farm.0a9b6aeb870068f470d93c4b.anchor	44126	42751	-3488	55857	63041	-3472	0	0	NO_PATH	0	0	data/spawns/ElvenTerritory/ElvenStarting.xml|data/spawns/ElvenTerritory/ElvenStarting.xml
bridge.81129d8da84753de78745b3d	component.18bacfc235ddd517347d8830	32768	1	R	generated.farm.6cc54f41492a8ebff56a5815.anchor	population.farming.dwarf.20533	119130	-144099	-3016	114966	-172886	-672	0	0	NO_PATH	0	0	data/spawns/Others/PlunderousPlains.xml|data/spawns/DwarvenTerritory/DwarvenStarting.xml
bridge.8117e92b9946e7e6a3b84058	component.b7883cab062e250a4845bacc	32768	8	R	generated.farm.458673ead1d6f5e03c0230db.anchor	population.ingress.orc.06	-46721	-84975	-8320	-56682	-113730	-672	0	0	NO_PATH	0	0	data/spawns/Others/KrateisCube.xml|data/stats/players/templates/StartingClass/OrcFighter.xml|data/stats/players/templates/StartingClass/OrcMystic.xml
bridge.8137a0b08866870d4b4e9b3c	component.e155a1307403cc14572bd687	32768	12	F	population.route.dwarf.a1	generated.farm.420ed35f1a9a3f532e2d6045.anchor	110436	-173947	-528	101973	-149349	-3128	0	0	NO_PATH	0	0	data/stats/players/templates/StartingClass/DwarvenFighter.xml|data/spawns/DwarvenTerritory/DwarvenStarting.xml|data/spawns/Others/PlunderousPlains.xml
bridge.817e3ebf1eb27faa6767fde4	component.63defb22486d49c052a69667	32768	15	R	generated.farm.0a9b6aeb870068f470d93c4b.anchor	population.ingress.elf.01	55857	63041	-3472	46045	41251	-3504	0	0	NO_PATH	0	0	data/spawns/ElvenTerritory/ElvenStarting.xml|data/stats/players/templates/StartingClass/ElvenFighter.xml|data/stats/players/templates/StartingClass/ElvenMystic.xml
bridge.818ba5846ab612602e76a3f3	component.6b63e9a22c52715dd6894332	8192	15	F	population.ingress.elf.02	generated.farm.52dc95334718091370944146.anchor	46117	41247	-3504	41267	39070	-3496	0	0	NO_PATH	0	0	data/stats/players/templates/StartingClass/ElvenFighter.xml|data/stats/players/templates/StartingClass/ElvenMystic.xml|data/spawns/ElvenTerritory/ElvenStarting.xml
bridge.81ae5122c4a72e57ecc707d9	component.df33433dc147309d6dc09abc	32768	3	F	population.route.orc.a1	generated.farm.9bd77ed2d0a9c062814dc873.anchor	-54685	-113715	-520	-46721	-82961	-8320	0	0	NO_PATH	0	0	data/stats/players/templates/StartingClass/OrcFighter.xml|data/stats/players/templates/StartingClass/OrcMystic.xml|data/spawns/OrcTerritory/OrcStarting.xml|data/spawns/Others/KrateisCube.xml
bridge.81c07cf86f4495f9e81caa75	component.ba083b6371fa0acdb077e91c	8192	6	F	population.ingress.orc.05	generated.farm.eda8543a4ab4d30e028f9b97.anchor	-56743	-113757	-672	-56273	-113606	-672	0	0	VALID_DIRECT	494	1	data/stats/players/templates/StartingClass/OrcFighter.xml|data/stats/players/templates/StartingClass/OrcMystic.xml|data/spawns/Others/Gremlins.xml
bridge.81ebb51a5f51f0b7a3dc820e	component.10e204556f859c1b294aeca4	32768	11	F	generated.farm.088e8bc59766f22991a08e5d.anchor	generated.farm.c4c86a1c1e9423c05d843bc9.anchor	130094	-209377	-3552	160145	-219344	-3528	0	0	NO_PATH	0	0	data/spawns/DwarvenTerritory/DwarvenStarting.xml|data/spawns/DwarvenTerritory/DwarvenStarting.xml
bridge.8219f6e870a7ca6c04ffd977	component.20a0c83d40a7bb22c26e0395	32768	16	R	generated.farm.faefa58426223647157f9577.anchor	population.route.dark-elf.a1	27020	-15861	-2648	25992	11112	-3720	0	0	NO_PATH	0	0	data/spawns/Rune/PrimevalIsle.xml|data/stats/players/templates/StartingClass/DarkFighter.xml|data/stats/players/templates/StartingClass/DarkMystic.xml|data/spawns/DarkElfTerritory/DarkElfStarting.xml
bridge.8220d9062b80f973c9c10bbc	component.599cc09ce0c3374d4caf469f	32768	1	F	population.ingress.orc.01	generated.farm.9d67dc7c4da9dc133ce33ff2.anchor	-56733	-113459	-672	-52719	-80959	-8320	0	0	NO_PATH	0	0	data/stats/players/templates/StartingClass/OrcFighter.xml|data/stats/players/templates/StartingClass/OrcMystic.xml|data/spawns/Others/KrateisCube.xml
bridge.822b5b942f87a8a4a6d9546f	component.48e6e689d4d766cfd82dc2e2	16384	8	F	population.ingress.elf.06	generated.farm.5ee423a52e35fbb905b7ecb0.anchor	45978	41196	-3504	54714	51620	-3592	0	0	NO_PATH	0	0	data/stats/players/templates/StartingClass/ElvenFighter.xml|data/stats/players/templates/StartingClass/ElvenMystic.xml|data/spawns/ElvenTerritory/ElvenStarting.xml
bridge.82329e4a312cd425870d8a52	component.d4f263a6130862446fcab68a	16384	16	F	generated.farm.ed8992f2edcbacf7c4f24608.anchor	generated.farm.f9312932904adae788963399.anchor	117968	-173208	-432	108605	-160621	-1688	0	0	NO_PATH	0	0	data/spawns/DwarvenTerritory/DwarvenStarting.xml|data/spawns/Others/PlunderousPlains.xml
bridge.825c6d3df6d5c669d83ad221	component.cf7fc1a377a3ee4f1cd13c38	8192	15	F	population.farming.dwarf.20533	generated.farm.dcbfae7bd58c752ca4f1e7ca.anchor	114966	-172886	-672	108695	-173878	-400	0	0	NO_PATH	0	0	data/spawns/DwarvenTerritory/DwarvenStarting.xml|data/spawns/Others/Gremlins.xml
bridge.8268ae5e21e72851adc91675	component.73f096cfc3045644558d7b95	16384	1	R	generated.farm.32584ca994d21c1731c3d66e.anchor	population.route.orc.a3	-39537	-105269	-2704	-50845	-113715	-168	0	0	NO_PATH	0	0	data/spawns/OrcTerritory/OrcStarting.xml|data/stats/players/templates/StartingClass/OrcFighter.xml|data/stats/players/templates/StartingClass/OrcMystic.xml|data/spawns/OrcTerritory/OrcStarting.xml
bridge.829dee6f61c18bedc2d790a9	component.6b63e9a22c52715dd6894332	8192	10	R	generated.farm.52dc95334718091370944146.anchor	population.farming.elf.20534	41267	39070	-3496	44126	42751	-3488	0	0	VALID_DIRECT	4661	1	data/spawns/ElvenTerritory/ElvenStarting.xml|data/spawns/ElvenTerritory/ElvenStarting.xml
bridge.82cf8e9ca5ea9ffdbf20b150	component.48e6e689d4d766cfd82dc2e2	16384	7	R	generated.farm.5ee423a52e35fbb905b7ecb0.anchor	population.ingress.elf.05	54714	51620	-3592	46048	41141	-3504	0	0	NO_PATH	0	0	data/spawns/ElvenTerritory/ElvenStarting.xml|data/stats/players/templates/StartingClass/ElvenFighter.xml|data/stats/players/templates/StartingClass/ElvenMystic.xml
bridge.82e9e4553404583fa552cd6c	component.9e6d3547bb369a54417d2a8e	32768	5	R	generated.farm.8eacaac16a08449c5372ffbc.anchor	population.route.orc.a1	-52719	-82961	-8320	-54685	-113715	-520	0	0	NO_PATH	0	0	data/spawns/Others/KrateisCube.xml|data/stats/players/templates/StartingClass/OrcFighter.xml|data/stats/players/templates/StartingClass/OrcMystic.xml|data/spawns/OrcTerritory/OrcStarting.xml
bridge.82fb0dd3afa4ae71817cd8a2	component.79ad21df45b89fa5bb86a4fd	32768	8	F	population.ingress.elf.06	generated.farm.5dc8ced237dc324aa37b6530.anchor	45978	41196	-3504	51605	70249	-3408	0	0	NO_PATH	0	0	data/stats/players/templates/StartingClass/ElvenFighter.xml|data/stats/players/templates/StartingClass/ElvenMystic.xml|data/spawns/ElvenTerritory/ElvenStarting.xml
bridge.8314ed586d0b89c26fe738dd	component.7ac05038c3bef737cc075e57	32768	4	R	generated.farm.bb702948232c55cac9ca51ca.anchor	generated.farm.a0a916d344116254f0d4e3f5.anchor	4864	77212	-3616	31295	61887	-3544	0	0	NO_PATH	0	0	data/spawns/ElvenTerritory/ElvenStarting.xml|data/spawns/ElvenTerritory/ElvenStarting.xml
bridge.83172b1bf7ce8bad33bd6125	component.6c8644500a9312467848babc	32768	9	F	population.ingress.elf.03	elven.farming.oren04-2019-10s	46182	41198	-3504	16057	52260	-3544	0	0	NO_PATH	0	0	data/stats/players/templates/StartingClass/ElvenFighter.xml|data/stats/players/templates/StartingClass/ElvenMystic.xml|data/spawns/ElvenTerritory/ElvenStarting.xml
bridge.832fca89c7f59b1f0b468762	component.b0959173bd82d4b722b2be8c	32768	8	F	population.ingress.dark-elf.05	generated.farm.c64e3da0e4c050e99dd0e964.anchor	28461	11044	-4232	25484	-10847	-2480	0	0	NO_PATH	0	0	data/stats/players/templates/StartingClass/DarkFighter.xml|data/stats/players/templates/StartingClass/DarkMystic.xml|data/spawns/Rune/PrimevalIsle.xml
bridge.8346025325b274cc77ce2a58	component.7e882b0664c31928ac9f5caa	32768	15	R	generated.farm.12923521d58d7301f63fd56a.anchor	population.ingress.dwarf.05	117133	-149832	-2352	108549	-174075	-408	0	0	NO_PATH	0	0	data/spawns/Others/PlunderousPlains.xml|data/stats/players/templates/StartingClass/DwarvenFighter.xml
bridge.83629c87cb1319d5572ddc6b	component.18c9e4ee0311769668b2eb74	8192	14	R	generated.farm.74718a641fa7e78154fea892.anchor	population.route.kamael.c1	-125620	37399	1176	-124072	38184	1176	0	0	VALID_DIRECT	1736	1	data/spawns/Others/Gremlins.xml|data/stats/players/templates/StartingClass/KamaelMaleSoldier.xml|data/stats/players/templates/StartingClass/KamaelFemaleSoldier.xml|data/spawns/Kamael/IsleOfSouls.xml
bridge.8391bb6aa03d65c78fc525ba	component.79ad21df45b89fa5bb86a4fd	32768	3	F	generated.farm.d6f82637bd6fae44cd109781.anchor	generated.farm.aa1716be4a17c0aa980acc7b.anchor	48366	42521	-3472	54583	71099	-3440	0	0	NO_PATH	0	0	data/spawns/ElvenTerritory/ElvenStarting.xml|data/spawns/ElvenTerritory/ElvenStarting.xml
bridge.83a34234ef75b7ed8282f26f	component.63defb22486d49c052a69667	32768	5	F	population.ingress.elf.02	generated.farm.946a41fbbc63614320c02954.anchor	46117	41247	-3504	53398	63278	-3480	0	0	NO_PATH	0	0	data/stats/players/templates/StartingClass/ElvenFighter.xml|data/stats/players/templates/StartingClass/ElvenMystic.xml|data/spawns/ElvenTerritory/ElvenStarting.xml
bridge.83a654f2378bd1214f503890	component.d5d468daa4bebd1a4eb327d6	32768	7	R	generated.farm.b8e223341be05b45a19768c2.anchor	population.route.dark-elf.a3	5975	-9197	-3696	25304	13256	-3648	0	0	NO_PATH	0	0	data/spawns/Rune/PrimevalIsle.xml|data/stats/players/templates/StartingClass/DarkFighter.xml|data/stats/players/templates/StartingClass/DarkMystic.xml|data/spawns/DarkElfTerritory/DarkElfStarting.xml
bridge.83c5323e2a9e7f60195e1f84	component.e0efb8466cb69704c6f63b79	32768	6	F	population.ingress.dark-elf.04	generated.farm.3bbbcdb43022c7bf23796fb4.anchor	28456	10997	-4232	15590	-17440	-3224	0	0	NO_PATH	0	0	data/stats/players/templates/StartingClass/DarkFighter.xml|data/stats/players/templates/StartingClass/DarkMystic.xml|data/spawns/Rune/PrimevalIsle.xml
bridge.83d31a469f08e95aefc6fcf7	component.7b0a8695c70b29d38ea2d7b7	32768	6	F	population.ingress.orc.04	generated.farm.bf71e830d9839ea5032228a3.anchor	-56693	-113610	-672	-48725	-86968	-8320	0	0	NO_PATH	0	0	data/stats/players/templates/StartingClass/OrcFighter.xml|data/stats/players/templates/StartingClass/OrcMystic.xml|data/spawns/Others/KrateisCube.xml
bridge.840e8a149e32b77db922cfb8	component.9fbefbbe289820cb000eadf1	32768	1	F	population.route.orc.a2	generated.farm.17667c6c78e20a9fb3c4ae08.anchor	-52637	-113715	-80	-52719	-84968	-8320	0	0	NO_PATH	0	0	data/stats/players/templates/StartingClass/OrcFighter.xml|data/stats/players/templates/StartingClass/OrcMystic.xml|data/spawns/OrcTerritory/OrcStarting.xml|data/spawns/Others/KrateisCube.xml
bridge.841154835fdf3f0649a83ed4	component.e155a1307403cc14572bd687	32768	5	R	generated.farm.420ed35f1a9a3f532e2d6045.anchor	population.route.dwarf.i03-w0	101973	-149349	-3128	108552	-174024	-408	0	0	NO_PATH	0	0	data/spawns/Others/PlunderousPlains.xml|data/stats/players/templates/StartingClass/DwarvenFighter.xml|data/spawns/DwarvenTerritory/DwarvenStarting.xml
bridge.8454a87b8e57f163aa71a5e2	component.0075e5d7b40ef037d898ed1f	32768	6	R	generated.farm.0ea9abb137efe17aa6607d08.anchor	population.route.orc.a3	-19004	-108238	-2096	-50845	-113715	-168	0	0	NO_PATH	0	0	data/spawns/OrcTerritory/OrcStarting.xml|data/stats/players/templates/StartingClass/OrcFighter.xml|data/stats/players/templates/StartingClass/OrcMystic.xml|data/spawns/OrcTerritory/OrcStarting.xml
bridge.849c9a60f6d020029e445788	component.c8c60f66d499f7cb82a19c28	8192	1	F	generated.farm.ed8992f2edcbacf7c4f24608.anchor	generated.farm.694d38a906135bdf10496b4b.anchor	117968	-173208	-432	124788	-177357	-1304	0	0	NO_PATH	0	0	data/spawns/DwarvenTerritory/DwarvenStarting.xml|data/spawns/DwarvenTerritory/DwarvenStarting.xml
bridge.84a6a7d41a3cf75e95c27062	component.0d29dfe1c9a010ee2b1a7342	16384	5	F	population.farming.dwarf.20533	generated.farm.9d23ec2f77c7c345967951bb.anchor	114966	-172886	-672	119412	-188362	-3240	0	0	NO_PATH	0	0	data/spawns/DwarvenTerritory/DwarvenStarting.xml|data/spawns/DwarvenTerritory/DwarvenStarting.xml
bridge.84a967b2c59f3b38fe8d8ff3	component.7ac05038c3bef737cc075e57	32768	4	F	generated.farm.a0a916d344116254f0d4e3f5.anchor	generated.farm.bb702948232c55cac9ca51ca.anchor	31295	61887	-3544	4864	77212	-3616	0	0	NO_PATH	0	0	data/spawns/ElvenTerritory/ElvenStarting.xml|data/spawns/ElvenTerritory/ElvenStarting.xml
bridge.84b589e15214d7d8482e74bf	component.e155a1307403cc14572bd687	32768	7	F	population.ingress.dwarf.05	generated.farm.420ed35f1a9a3f532e2d6045.anchor	108549	-174075	-408	101973	-149349	-3128	0	0	NO_PATH	0	0	data/stats/players/templates/StartingClass/DwarvenFighter.xml|data/spawns/Others/PlunderousPlains.xml
bridge.84b6d2f5c1683f8418694b1a	component.79ad21df45b89fa5bb86a4fd	32768	13	F	generated.farm.428b85922009e44829ae2db0.anchor	generated.farm.aa1716be4a17c0aa980acc7b.anchor	46131	41458	-3504	54583	71099	-3440	0	0	NO_PATH	0	0	data/spawns/Others/Gremlins.xml|data/spawns/ElvenTerritory/ElvenStarting.xml
bridge.84d394706af711b290b36ca0	component.18c9e4ee0311769668b2eb74	8192	12	F	population.route.kamael.b2	generated.farm.74718a641fa7e78154fea892.anchor	-124104	37928	1176	-125620	37399	1176	0	0	VALID_PATH	1647	3	data/stats/players/templates/StartingClass/KamaelMaleSoldier.xml|data/stats/players/templates/StartingClass/KamaelFemaleSoldier.xml|data/spawns/Kamael/IsleOfSouls.xml|data/spawns/Others/Gremlins.xml
bridge.85384f62a2cc2f73f7c19234	component.20a0c83d40a7bb22c26e0395	32768	9	R	generated.farm.f137dbbc3ac90f445b806c09.anchor	population.ingress.dark-elf.06	25328	-15199	-2744	28395	11127	-4232	0	0	NO_PATH	0	0	data/spawns/Rune/PrimevalIsle.xml|data/stats/players/templates/StartingClass/DarkFighter.xml|data/stats/players/templates/StartingClass/DarkMystic.xml
bridge.856bb29709fb572a0275da41	component.cf7fc1a377a3ee4f1cd13c38	8192	8	F	population.ingress.dwarf.06	generated.farm.dcbfae7bd58c752ca4f1e7ca.anchor	108576	-174122	-408	108695	-173878	-400	0	0	VALID_PATH	337	4	data/stats/players/templates/StartingClass/DwarvenFighter.xml|data/spawns/Others/Gremlins.xml
bridge.8586be130d28de2320e3115c	component.8958c8d9edf88034579b430b	32768	10	R	generated.farm.74d4cc08c4a95e70092d77ee.anchor	population.farming.dark-elf.20529	24538	-17756	-2752	25308	13254	-3648	0	0	NO_PATH	0	0	data/spawns/Rune/PrimevalIsle.xml|data/spawns/DarkElfTerritory/DarkElfStarting.xml
bridge.858f14ffd9db273440f10c00	component.b7883cab062e250a4845bacc	32768	2	F	population.route.orc.a2	generated.farm.458673ead1d6f5e03c0230db.anchor	-52637	-113715	-80	-46721	-84975	-8320	0	0	NO_PATH	0	0	data/stats/players/templates/StartingClass/OrcFighter.xml|data/stats/players/templates/StartingClass/OrcMystic.xml|data/spawns/OrcTerritory/OrcStarting.xml|data/spawns/Others/KrateisCube.xml
bridge.859a6e7d1a7a324398fbdc88	component.20a0c83d40a7bb22c26e0395	32768	11	R	generated.farm.faefa58426223647157f9577.anchor	population.ingress.dark-elf.04	27020	-15861	-2648	28456	10997	-4232	0	0	NO_PATH	0	0	data/spawns/Rune/PrimevalIsle.xml|data/stats/players/templates/StartingClass/DarkFighter.xml|data/stats/players/templates/StartingClass/DarkMystic.xml
bridge.85aae04781e5797e6414657d	component.de636b0f82c1f5ec50237e13	32768	6	F	generated.farm.40c5f8858df37983d677ac58.anchor	generated.farm.c726e41f56667ee82aa4fd6f.anchor	136935	-202962	-3632	118561	-195056	-3552	0	0	NO_PATH	0	0	data/spawns/DwarvenTerritory/DwarvenStarting.xml|data/spawns/DwarvenTerritory/DwarvenStarting.xml
bridge.85bad2c783a181ffc3c3acc5	component.e155a1307403cc14572bd687	32768	14	F	population.farming.dwarf.20533	generated.farm.420ed35f1a9a3f532e2d6045.anchor	114966	-172886	-672	101973	-149349	-3128	0	0	NO_PATH	0	0	data/spawns/DwarvenTerritory/DwarvenStarting.xml|data/spawns/Others/PlunderousPlains.xml
bridge.85c2ce856f7df2cf2999430a	component.d4239fbe60250487003bb4fd	32768	2	F	population.farming.elf.20534	generated.farm.c4067c834f12b99e976909a2.anchor	44126	42751	-3488	26607	63533	-3552	0	0	NO_PATH	0	0	data/spawns/ElvenTerritory/ElvenStarting.xml|data/spawns/ElvenTerritory/ElvenStarting.xml
bridge.85d08e678a52cfde952d1e35	component.4542949d001791c13737d9b4	8192	11	R	generated.farm.432802d3c2901d9686cb1651.anchor	population.farming.human-mystic.20481	-90610	248293	-3568	-86478	251343	-3600	0	0	NO_PATH	0	0	data/spawns/Others/Gremlins.xml|data/spawns/TalkingIsland/TalkingIslandMonsters.xml
bridge.85de5d6456a5b3d52efbcb6f	component.91a9f940fd17192b7296dafb	32768	14	F	population.route.dark-elf.a1	generated.farm.7334b15ea21358cde08c92c6.anchor	25992	11112	-3720	20662	-11527	-2824	0	0	NO_PATH	0	0	data/stats/players/templates/StartingClass/DarkFighter.xml|data/stats/players/templates/StartingClass/DarkMystic.xml|data/spawns/DarkElfTerritory/DarkElfStarting.xml|data/spawns/Rune/PrimevalIsle.xml
bridge.864d06314a6199e9978e9150	component.e9ea386cf0bd55a495081c3d	32768	8	F	population.ingress.elf.04	elven.farming.oren04-2019-08s	46115	41141	-3504	17170	46114	-3568	0	0	NO_PATH	0	0	data/stats/players/templates/StartingClass/ElvenFighter.xml|data/stats/players/templates/StartingClass/ElvenMystic.xml|data/spawns/ElvenTerritory/ElvenStarting.xml
bridge.86c734aea560e7d66b403870	component.f0870ecd40f136c705bc5941	32768	8	R	generated.farm.ef0394b1715ca0d66c082465.anchor	population.ingress.orc.06	-44717	-84969	-8320	-56682	-113730	-672	0	0	NO_PATH	0	0	data/spawns/Others/KrateisCube.xml|data/stats/players/templates/StartingClass/OrcFighter.xml|data/stats/players/templates/StartingClass/OrcMystic.xml
bridge.86ddabde2e83d3704288200e	component.8be09705fc7ad98a61ee8361	16384	1	F	generated.farm.088e8bc59766f22991a08e5d.anchor	generated.farm.d95f99b8e0a68ee2775b6b4b.anchor	130094	-209377	-3552	121473	-195605	-3568	0	0	NO_PATH	0	0	data/spawns/DwarvenTerritory/DwarvenStarting.xml|data/spawns/DwarvenTerritory/DwarvenStarting.xml
bridge.87b5c35b67fcbe4dfa8a8122	component.e0efb8466cb69704c6f63b79	32768	3	R	generated.farm.3bbbcdb43022c7bf23796fb4.anchor	population.ingress.dark-elf.03	15590	-17440	-3224	28377	10916	-4232	0	0	NO_PATH	0	0	data/spawns/Rune/PrimevalIsle.xml|data/stats/players/templates/StartingClass/DarkFighter.xml|data/stats/players/templates/StartingClass/DarkMystic.xml
bridge.87bcd7ec60ce4d666bb6ea8e	component.48e6e689d4d766cfd82dc2e2	16384	1	R	generated.farm.5ee423a52e35fbb905b7ecb0.anchor	generated.farm.d6f82637bd6fae44cd109781.anchor	54714	51620	-3592	48366	42521	-3472	0	0	VALID_DIRECT	11096	1	data/spawns/ElvenTerritory/ElvenStarting.xml|data/spawns/ElvenTerritory/ElvenStarting.xml
bridge.87f4152aa4ef1f24333c412f	component.43988bed6a656186e489a9b7	32768	11	F	population.ingress.elf.06	generated.farm.4d58dd1be9d4b93272b379ec.anchor	45978	41196	-3504	49877	22679	-5512	0	0	NO_PATH	0	0	data/stats/players/templates/StartingClass/ElvenFighter.xml|data/stats/players/templates/StartingClass/ElvenMystic.xml|data/spawns/Oren/SeaOfSpores.xml
bridge.87f67e2a684e5547f2435588	component.01b441ae383a1b39494050f4	32768	4	R	generated.farm.9cf6fa1ef953b5b33ff9fe37.anchor	population.ingress.dark-elf.02	13666	-12273	-3024	28302	11008	-4232	0	0	NO_PATH	0	0	data/spawns/Rune/PrimevalIsle.xml|data/stats/players/templates/StartingClass/DarkFighter.xml|data/stats/players/templates/StartingClass/DarkMystic.xml
bridge.8841854a3cb9275ffff82c65	component.a2230627cce424b0593fedc6	32768	12	F	population.farming.dark-elf.20529	generated.farm.08a347f7f13696479813918f.anchor	25308	13254	-3648	15644	-8311	-3248	0	0	NO_PATH	0	0	data/spawns/DarkElfTerritory/DarkElfStarting.xml|data/spawns/Rune/PrimevalIsle.xml
bridge.88a88d752cdf910e9a1669aa	component.34034eda8581571932b22786	8192	11	R	generated.farm.e72c2c1fdf7715981415fcdb.anchor	population.ingress.orc.05	-49543	-110784	-240	-56743	-113757	-672	0	0	NO_PATH	0	0	data/spawns/OrcTerritory/OrcStarting.xml|data/stats/players/templates/StartingClass/OrcFighter.xml|data/stats/players/templates/StartingClass/OrcMystic.xml
bridge.88d79218027649373d41ff7b	component.73f096cfc3045644558d7b95	16384	5	R	generated.farm.6040d874a2bc9b8a07dc4671.anchor	population.farming.orc.20535	-41352	-102553	-2720	-49106	-115854	-160	0	0	NO_PATH	0	0	data/spawns/OrcTerritory/OrcStarting.xml|data/spawns/OrcTerritory/OrcStarting.xml
bridge.88ec9315645d47af9c72703d	component.b7883cab062e250a4845bacc	32768	3	R	generated.farm.458673ead1d6f5e03c0230db.anchor	population.route.orc.a1	-46721	-84975	-8320	-54685	-113715	-520	0	0	NO_PATH	0	0	data/spawns/Others/KrateisCube.xml|data/stats/players/templates/StartingClass/OrcFighter.xml|data/stats/players/templates/StartingClass/OrcMystic.xml|data/spawns/OrcTerritory/OrcStarting.xml
bridge.88f01b989806fdea9f19c9c4	component.10e204556f859c1b294aeca4	32768	8	R	generated.farm.01d45fe32598e8270dab20b2.anchor	generated.farm.088e8bc59766f22991a08e5d.anchor	157239	-220265	-3600	130094	-209377	-3552	0	0	NO_PATH	0	0	data/spawns/DwarvenTerritory/DwarvenStarting.xml|data/spawns/DwarvenTerritory/DwarvenStarting.xml
bridge.88f71d884199d50babcee747	component.fa8902bdab910bb205f46118	16384	11	R	generated.farm.e20a44e2413cc5ec51f0b15c.anchor	population.route.dwarf.a3	119549	-161828	-1296	112996	-173691	-608	0	0	NO_PATH	0	0	data/spawns/Others/PlunderousPlains.xml|data/stats/players/templates/StartingClass/DwarvenFighter.xml|data/spawns/DwarvenTerritory/DwarvenStarting.xml
bridge.892f952711d7bdb12f480836	component.676d590e1ef5b84f1370c554	16384	2	F	generated.farm.1e2d5a3becf8fd2f9e656d54.anchor	generated.farm.def39836c97f08ea0cee9080.anchor	128484	-211404	-3408	119877	-202135	-3456	0	0	NO_PATH	0	0	data/spawns/DwarvenTerritory/DwarvenStarting.xml|data/spawns/DwarvenTerritory/DwarvenStarting.xml
bridge.89345ce1250d9015b5b1f678	component.d4239fbe60250487003bb4fd	32768	6	R	generated.farm.c4067c834f12b99e976909a2.anchor	population.ingress.elf.02	26607	63533	-3552	46117	41247	-3504	0	0	VALID_DIRECT	29620	1	data/spawns/ElvenTerritory/ElvenStarting.xml|data/stats/players/templates/StartingClass/ElvenFighter.xml|data/stats/players/templates/StartingClass/ElvenMystic.xml
bridge.8942e5737d8be835fa356e97	component.fa8902bdab910bb205f46118	16384	9	R	generated.farm.e906a4f684b66f9c100d44e1.anchor	population.route.dwarf.a1	114049	-161398	-1480	110436	-173947	-528	0	0	NO_PATH	0	0	data/spawns/Others/PlunderousPlains.xml|data/stats/players/templates/StartingClass/DwarvenFighter.xml|data/spawns/DwarvenTerritory/DwarvenStarting.xml
bridge.899b3136d875c31baea80639	component.6c8644500a9312467848babc	32768	1	F	generated.farm.58356b4e9844a379fecfbaf6.anchor	elven.farming.oren04-2019-10s	42118	41401	-3488	16057	52260	-3544	0	0	NO_PATH	0	0	data/spawns/ElvenTerritory/ElvenStarting.xml|data/spawns/ElvenTerritory/ElvenStarting.xml
bridge.89d02402c8084378837968f9	component.d1bd433314f456b9fe85fbdf	32768	11	R	generated.farm.0d7c07144eea5c608cf6c8cf.anchor	population.ingress.orc.01	-25035	-119836	-1968	-56733	-113459	-672	0	0	NO_PATH	0	0	data/spawns/OrcTerritory/OrcStarting.xml|data/stats/players/templates/StartingClass/OrcFighter.xml|data/stats/players/templates/StartingClass/OrcMystic.xml
bridge.89e43ffce4d73cca1ea64077	component.093885e4dafbe6ffb61aca3e	16384	5	F	population.ingress.elf.02	generated.farm.21c8e0a71fc1a30fb94fd849.anchor	46117	41247	-3504	57402	30692	-3768	0	0	NO_PATH	0	0	data/stats/players/templates/StartingClass/ElvenFighter.xml|data/stats/players/templates/StartingClass/ElvenMystic.xml|data/spawns/Oren/SeaOfSpores.xml
bridge.89e7d3f36a6a11978795c107	component.34034eda8581571932b22786	8192	4	R	generated.farm.e72c2c1fdf7715981415fcdb.anchor	population.farming.orc.20535	-49543	-110784	-240	-49106	-115854	-160	0	0	NO_PATH	0	0	data/spawns/OrcTerritory/OrcStarting.xml|data/spawns/OrcTerritory/OrcStarting.xml
bridge.8a4b573eb1a6129f26f58d53	component.2c7e3c336954be75db3a7f7d	32768	9	F	population.route.dark-elf.a2	generated.farm.9eb7152622bad01eeb33f1c4.anchor	25720	11288	-3720	25906	-16833	-2744	0	0	NO_PATH	0	0	data/stats/players/templates/StartingClass/DarkFighter.xml|data/stats/players/templates/StartingClass/DarkMystic.xml|data/spawns/DarkElfTerritory/DarkElfStarting.xml|data/spawns/Rune/PrimevalIsle.xml
bridge.8a795dfc0d1ee69d68909c3e	component.7b0a8695c70b29d38ea2d7b7	32768	9	F	population.ingress.orc.05	generated.farm.bf71e830d9839ea5032228a3.anchor	-56743	-113757	-672	-48725	-86968	-8320	0	0	NO_PATH	0	0	data/stats/players/templates/StartingClass/OrcFighter.xml|data/stats/players/templates/StartingClass/OrcMystic.xml|data/spawns/Others/KrateisCube.xml
bridge.8ad2d4c25cb193f5b6f4d714	component.89c4c607fc4fee76637095fd	16384	12	R	generated.farm.57a38f13450e54452b749339.anchor	generated.farm.428b85922009e44829ae2db0.anchor	52710	55450	-3320	46131	41458	-3504	0	0	NO_PATH	0	0	data/spawns/ElvenTerritory/ElvenStarting.xml|data/spawns/Others/Gremlins.xml
bridge.8ae97b007bcf6e2b88cb700b	component.c8a8b60142ed368a7d7be480	32768	9	R	generated.farm.c2052fbe0b07e84a519406a1.anchor	population.ingress.dark-elf.06	23826	-18715	-2768	28395	11127	-4232	0	0	NO_PATH	0	0	data/spawns/Rune/PrimevalIsle.xml|data/stats/players/templates/StartingClass/DarkFighter.xml|data/stats/players/templates/StartingClass/DarkMystic.xml
bridge.8b0d595c4bacad965052e43b	component.b7883cab062e250a4845bacc	32768	4	F	population.ingress.orc.02	generated.farm.458673ead1d6f5e03c0230db.anchor	-56686	-113470	-672	-46721	-84975	-8320	0	0	NO_PATH	0	0	data/stats/players/templates/StartingClass/OrcFighter.xml|data/stats/players/templates/StartingClass/OrcMystic.xml|data/spawns/Others/KrateisCube.xml
bridge.8b217be34298cc10da740445	component.d4f263a6130862446fcab68a	16384	10	F	population.ingress.dwarf.05	generated.farm.f9312932904adae788963399.anchor	108549	-174075	-408	108605	-160621	-1688	0	0	NO_PATH	0	0	data/stats/players/templates/StartingClass/DwarvenFighter.xml|data/spawns/Others/PlunderousPlains.xml
bridge.8b9c5bbeacbf3e0329f10c3e	component.2c7e3c336954be75db3a7f7d	32768	2	F	population.ingress.dark-elf.02	generated.farm.9eb7152622bad01eeb33f1c4.anchor	28302	11008	-4232	25906	-16833	-2744	0	0	NO_PATH	0	0	data/stats/players/templates/StartingClass/DarkFighter.xml|data/stats/players/templates/StartingClass/DarkMystic.xml|data/spawns/Rune/PrimevalIsle.xml
bridge.8badef65d45b5a75a51b0efb	component.1331db1a6d957945bfb43b8d	8192	12	R	generated.farm.78d792f9dc16f4ce4003c1ae.anchor	generated.farm.428b85922009e44829ae2db0.anchor	50626	40925	-3464	46131	41458	-3504	0	0	NO_PATH	0	0	data/spawns/ElvenTerritory/ElvenStarting.xml|data/spawns/Others/Gremlins.xml
bridge.8bc2c19f2d962b6b401d2837	component.8958c8d9edf88034579b430b	32768	11	F	population.route.dark-elf.a3	generated.farm.74d4cc08c4a95e70092d77ee.anchor	25304	13256	-3648	24538	-17756	-2752	0	0	NO_PATH	0	0	data/stats/players/templates/StartingClass/DarkFighter.xml|data/stats/players/templates/StartingClass/DarkMystic.xml|data/spawns/DarkElfTerritory/DarkElfStarting.xml|data/spawns/Rune/PrimevalIsle.xml
bridge.8bd067eddb38331300523794	component.a15eac19b29dbd838fc4cf11	32768	2	R	generated.farm.a4122c4a8bed91d0e6a70bc3.anchor	population.farming.dwarf.20533	107302	-145184	-3656	114966	-172886	-672	0	0	NO_PATH	0	0	data/spawns/Others/PlunderousPlains.xml|data/spawns/DwarvenTerritory/DwarvenStarting.xml
bridge.8c01f97f1c433b98d44e9f7b	component.41e35f446ee4f00762502fdb	32768	7	R	generated.farm.d39331b999c56e6df46c579c.anchor	population.ingress.dark-elf.06	1740	22546	-3368	28395	11127	-4232	0	0	NO_PATH	0	0	data/spawns/DarkElfTerritory/DarkElfStarting.xml|data/stats/players/templates/StartingClass/DarkFighter.xml|data/stats/players/templates/StartingClass/DarkMystic.xml
bridge.8c2c02bb910a87bfd6ed484a	component.9fbefbbe289820cb000eadf1	32768	7	F	population.ingress.orc.03	generated.farm.17667c6c78e20a9fb3c4ae08.anchor	-56728	-113610	-672	-52719	-84968	-8320	0	0	NO_PATH	0	0	data/stats/players/templates/StartingClass/OrcFighter.xml|data/stats/players/templates/StartingClass/OrcMystic.xml|data/spawns/Others/KrateisCube.xml
bridge.8c7d66027d12e90125eee99a	component.214784823dfee247eabd4cc1	16384	8	R	generated.farm.08bede9fa450ab087be0458b.anchor	population.route.orc.a1	-40560	-117892	-1920	-54685	-113715	-520	0	0	NO_PATH	0	0	data/spawns/OrcTerritory/OrcStarting.xml|data/stats/players/templates/StartingClass/OrcFighter.xml|data/stats/players/templates/StartingClass/OrcMystic.xml|data/spawns/OrcTerritory/OrcStarting.xml
bridge.8cb0438b8b5baa668ab7e975	component.d1bd433314f456b9fe85fbdf	32768	9	R	generated.farm.0d7c07144eea5c608cf6c8cf.anchor	population.ingress.orc.05	-25035	-119836	-1968	-56743	-113757	-672	0	0	NO_PATH	0	0	data/spawns/OrcTerritory/OrcStarting.xml|data/stats/players/templates/StartingClass/OrcFighter.xml|data/stats/players/templates/StartingClass/OrcMystic.xml
bridge.8cc2e6c93701383f91980371	component.48e6e689d4d766cfd82dc2e2	16384	6	F	population.ingress.elf.04	generated.farm.5ee423a52e35fbb905b7ecb0.anchor	46115	41141	-3504	54714	51620	-3592	0	0	NO_PATH	0	0	data/stats/players/templates/StartingClass/ElvenFighter.xml|data/stats/players/templates/StartingClass/ElvenMystic.xml|data/spawns/ElvenTerritory/ElvenStarting.xml
bridge.8cd3378f5b7bc0b81134fb4b	component.8958c8d9edf88034579b430b	32768	10	F	population.farming.dark-elf.20529	generated.farm.74d4cc08c4a95e70092d77ee.anchor	25308	13254	-3648	24538	-17756	-2752	0	0	NO_PATH	0	0	data/spawns/DarkElfTerritory/DarkElfStarting.xml|data/spawns/Rune/PrimevalIsle.xml
bridge.8d1d085eab0e0320305ad6fa	component.16897e3b9846dd267a30bfc1	32768	10	F	generated.farm.36714f071123eedc9cac6c05.anchor	generated.farm.a5c0bfc2913c1277af9aa4f4.anchor	28436	11041	-4232	21571	-14364	-3104	0	0	NO_PATH	0	0	data/spawns/Others/Gremlins.xml|data/spawns/Rune/PrimevalIsle.xml
bridge.8d47498ea204e7b2bb6c13d3	component.599cc09ce0c3374d4caf469f	32768	2	F	population.ingress.orc.02	generated.farm.9d67dc7c4da9dc133ce33ff2.anchor	-56686	-113470	-672	-52719	-80959	-8320	0	0	NO_PATH	0	0	data/stats/players/templates/StartingClass/OrcFighter.xml|data/stats/players/templates/StartingClass/OrcMystic.xml|data/spawns/Others/KrateisCube.xml
bridge.8d5ffac797e666605b0bd980	component.0075e5d7b40ef037d898ed1f	32768	1	R	generated.farm.af6a6553f7f39fcbe2980198.anchor	population.farming.orc.20535	-21358	-105037	-1856	-49106	-115854	-160	0	0	NO_PATH	0	0	data/spawns/OrcTerritory/OrcStarting.xml|data/spawns/OrcTerritory/OrcStarting.xml
bridge.8d8b09f5281651aec13acbc2	component.9fbefbbe289820cb000eadf1	32768	4	F	population.route.orc.a3	generated.farm.17667c6c78e20a9fb3c4ae08.anchor	-50845	-113715	-168	-52719	-84968	-8320	0	0	NO_PATH	0	0	data/stats/players/templates/StartingClass/OrcFighter.xml|data/stats/players/templates/StartingClass/OrcMystic.xml|data/spawns/OrcTerritory/OrcStarting.xml|data/spawns/Others/KrateisCube.xml
bridge.8db0a3c7e6d0bc778833c9d0	component.b7883cab062e250a4845bacc	32768	4	R	generated.farm.458673ead1d6f5e03c0230db.anchor	population.ingress.orc.02	-46721	-84975	-8320	-56686	-113470	-672	0	0	NO_PATH	0	0	data/spawns/Others/KrateisCube.xml|data/stats/players/templates/StartingClass/OrcFighter.xml|data/stats/players/templates/StartingClass/OrcMystic.xml
bridge.8dc1a6fbd3bfe82722313290	component.73f096cfc3045644558d7b95	16384	7	R	generated.farm.6040d874a2bc9b8a07dc4671.anchor	population.route.orc.a4	-41352	-102553	-2720	-50077	-115763	-160	0	0	NO_PATH	0	0	data/spawns/OrcTerritory/OrcStarting.xml|data/stats/players/templates/StartingClass/OrcFighter.xml|data/stats/players/templates/StartingClass/OrcMystic.xml|data/spawns/OrcTerritory/OrcStarting.xml
bridge.8de696d4b8a55d25738d6451	component.093885e4dafbe6ffb61aca3e	16384	2	F	population.ingress.elf.03	generated.farm.21c8e0a71fc1a30fb94fd849.anchor	46182	41198	-3504	57402	30692	-3768	0	0	NO_PATH	0	0	data/stats/players/templates/StartingClass/ElvenFighter.xml|data/stats/players/templates/StartingClass/ElvenMystic.xml|data/spawns/Oren/SeaOfSpores.xml
bridge.8e10ccbcc9b023f659561db8	component.20a0c83d40a7bb22c26e0395	32768	2	F	population.route.dark-elf.a1	generated.farm.f137dbbc3ac90f445b806c09.anchor	25992	11112	-3720	25328	-15199	-2744	0	0	NO_PATH	0	0	data/stats/players/templates/StartingClass/DarkFighter.xml|data/stats/players/templates/StartingClass/DarkMystic.xml|data/spawns/DarkElfTerritory/DarkElfStarting.xml|data/spawns/Rune/PrimevalIsle.xml
bridge.8e2a6cf5bb39a021fbdf1674	component.676d590e1ef5b84f1370c554	16384	8	F	generated.farm.088e8bc59766f22991a08e5d.anchor	generated.farm.272004e5a17cd0446730abe2.anchor	130094	-209377	-3552	118008	-201492	-3624	0	0	NO_PATH	0	0	data/spawns/DwarvenTerritory/DwarvenStarting.xml|data/spawns/DwarvenTerritory/DwarvenStarting.xml
bridge.8e367fb8659f17ffe6132d7d	component.34034eda8581571932b22786	8192	1	R	generated.farm.e72c2c1fdf7715981415fcdb.anchor	population.route.orc.a3	-49543	-110784	-240	-50845	-113715	-168	0	0	VALID_PATH	3312	4	data/spawns/OrcTerritory/OrcStarting.xml|data/stats/players/templates/StartingClass/OrcFighter.xml|data/stats/players/templates/StartingClass/OrcMystic.xml|data/spawns/OrcTerritory/OrcStarting.xml
bridge.8e37ab9f1addc4b0d534b636	component.d4f263a6130862446fcab68a	16384	5	F	population.ingress.dwarf.02	generated.farm.f9312932904adae788963399.anchor	108678	-174002	-408	108605	-160621	-1688	0	0	NO_PATH	0	0	data/stats/players/templates/StartingClass/DwarvenFighter.xml|data/spawns/Others/PlunderousPlains.xml
bridge.8e55b8a0b52f2b7c69cf8db7	component.79ad21df45b89fa5bb86a4fd	32768	9	R	generated.farm.5dc8ced237dc324aa37b6530.anchor	population.ingress.elf.04	51605	70249	-3408	46115	41141	-3504	0	0	NO_PATH	0	0	data/spawns/ElvenTerritory/ElvenStarting.xml|data/stats/players/templates/StartingClass/ElvenFighter.xml|data/stats/players/templates/StartingClass/ElvenMystic.xml
bridge.8e64f2cb8acc0592ac77daa3	component.c9ca976b53659986c6d066ce	32768	4	R	generated.farm.a72d8924a597b43a1b34ebbd.anchor	generated.farm.a0a916d344116254f0d4e3f5.anchor	2890	62317	-3576	31295	61887	-3544	0	0	VALID_DIRECT	28409	1	data/spawns/ElvenTerritory/ElvenStarting.xml|data/spawns/ElvenTerritory/ElvenStarting.xml
bridge.8e6f15256c8ff2a3277268d9	component.4542949d001791c13737d9b4	8192	7	R	generated.farm.432802d3c2901d9686cb1651.anchor	population.route.human-mystic.b2	-90610	248293	-3568	-89240	249912	-3568	0	0	VALID_PATH	2190	2	data/spawns/Others/Gremlins.xml|data/stats/players/templates/StartingClass/HumanMystic.xml|data/spawns/TalkingIsland/TalkingIslandMonsters.xml
bridge.8e91a0a2f3ec88e0c699032a	component.e837182a129d9a9bac7e6672	8192	1	R	generated.farm.1bc0806803391550b59b5dd7.anchor	generated.farm.475038779aaee6a2e82aa06b.anchor	173413	-187077	-488	175552	-186630	-1280	0	0	PATH_SEGMENT_BLOCKED	0	0	data/spawns/DwarvenTerritory/DwarvenStarting.xml|data/spawns/DwarvenTerritory/DwarvenStarting.xml
bridge.8eda3988e0904de361d23c87	component.cdd71132d5f4e86baaa4d99d	8192	11	R	generated.farm.5a6b2e1025252314c1f156d2.anchor	population.route.human-mystic.a1	-93369	245699	-3608	-89304	249848	-3568	0	0	NO_PATH	0	0	data/spawns/TalkingIsland/TalkingIslandMonsters.xml|data/stats/players/templates/StartingClass/HumanMystic.xml|data/spawns/TalkingIsland/TalkingIslandMonsters.xml
bridge.8ee3dc39accac7038ecac7f4	component.7e882b0664c31928ac9f5caa	32768	5	F	population.route.dwarf.a4	generated.farm.12923521d58d7301f63fd56a.anchor	113508	-174203	-608	117133	-149832	-2352	0	0	NO_PATH	0	0	data/stats/players/templates/StartingClass/DwarvenFighter.xml|data/spawns/DwarvenTerritory/DwarvenStarting.xml|data/spawns/Others/PlunderousPlains.xml
bridge.8efb87b8924f51564731f293	component.6ed5189c1ad34dcd97c5af56	32768	9	F	population.ingress.orc.05	generated.farm.728f34d7752261776a8e5fb7.anchor	-56743	-113757	-672	-50719	-84960	-8320	0	0	NO_PATH	0	0	data/stats/players/templates/StartingClass/OrcFighter.xml|data/stats/players/templates/StartingClass/OrcMystic.xml|data/spawns/Others/KrateisCube.xml
bridge.8f52817008b95c65f9e8ea1c	component.6b6dbba2f1367f01991dfe32	32768	8	F	population.ingress.orc.06	generated.farm.59f334c6c58a366ac0ebe3c9.anchor	-56682	-113730	-672	-50720	-82961	-8320	0	0	NO_PATH	0	0	data/stats/players/templates/StartingClass/OrcFighter.xml|data/stats/players/templates/StartingClass/OrcMystic.xml|data/spawns/Others/KrateisCube.xml
bridge.8f5c4f6bf777cd176d38c056	component.63defb22486d49c052a69667	32768	4	F	generated.farm.428b85922009e44829ae2db0.anchor	generated.farm.946a41fbbc63614320c02954.anchor	46131	41458	-3504	53398	63278	-3480	0	0	NO_PATH	0	0	data/spawns/Others/Gremlins.xml|data/spawns/ElvenTerritory/ElvenStarting.xml
bridge.8f927a0b4e09806aad8a4a55	component.85a00e0803f36f9a3d0eab0f	32768	5	F	generated.farm.5ee423a52e35fbb905b7ecb0.anchor	generated.farm.4e76dc23218e129a890c3248.anchor	54714	51620	-3592	71264	70956	-3688	0	0	NO_PATH	0	0	data/spawns/ElvenTerritory/ElvenStarting.xml|data/spawns/Oren/TimakOutpost.xml
bridge.8f950da6979571505974dff5	component.43988bed6a656186e489a9b7	32768	9	F	population.ingress.elf.03	generated.farm.4d58dd1be9d4b93272b379ec.anchor	46182	41198	-3504	49877	22679	-5512	0	0	NO_PATH	0	0	data/stats/players/templates/StartingClass/ElvenFighter.xml|data/stats/players/templates/StartingClass/ElvenMystic.xml|data/spawns/Oren/SeaOfSpores.xml
bridge.8f99ae034ab68273601f4381	component.21c159db00da4bc03daf51c5	32768	5	F	population.ingress.elf.06	generated.farm.a0a916d344116254f0d4e3f5.anchor	45978	41196	-3504	31295	61887	-3544	0	0	NO_PATH	0	0	data/stats/players/templates/StartingClass/ElvenFighter.xml|data/stats/players/templates/StartingClass/ElvenMystic.xml|data/spawns/ElvenTerritory/ElvenStarting.xml
bridge.8f9c81fa711800523dae64cb	component.b8a1ba9dfc02a229569e9998	32768	1	F	population.route.dark-elf.a1	generated.farm.c246ebe1e9f6c73e829b2d38.anchor	25992	11112	-3720	22054	-11514	-2720	0	0	NO_PATH	0	0	data/stats/players/templates/StartingClass/DarkFighter.xml|data/stats/players/templates/StartingClass/DarkMystic.xml|data/spawns/DarkElfTerritory/DarkElfStarting.xml|data/spawns/Rune/PrimevalIsle.xml
bridge.8fa17321cce487c97af908bd	component.73d0c59f5bdd9014627ebe4f	32768	11	F	population.route.dark-elf.a3	elven.farming.oren04-2019-07s	25304	13256	-3648	19248	43340	-3712	0	0	NO_PATH	0	0	data/stats/players/templates/StartingClass/DarkFighter.xml|data/stats/players/templates/StartingClass/DarkMystic.xml|data/spawns/DarkElfTerritory/DarkElfStarting.xml|data/spawns/ElvenTerritory/ElvenStarting.xml
bridge.906708f378fbf60e2361fdec	component.e04c7af9711cc5dd2a0ac987	16384	1	F	population.ingress.human-mystic.04	generated.farm.c566a65e22d07a92230b56a2.anchor	-90890	248027	-3568	-95163	237296	-3408	0	0	NO_PATH	0	0	data/stats/players/templates/StartingClass/HumanMystic.xml|data/spawns/TalkingIsland/TalkingIslandMonsters.xml
bridge.908401e313a15ad79a5b4cf3	component.d4f263a6130862446fcab68a	16384	3	F	population.ingress.dwarf.01	generated.farm.f9312932904adae788963399.anchor	108644	-173947	-408	108605	-160621	-1688	0	0	NO_PATH	0	0	data/stats/players/templates/StartingClass/DwarvenFighter.xml|data/spawns/Others/PlunderousPlains.xml
bridge.90b85eb07eb9fdff8150e1a6	component.2c7e3c336954be75db3a7f7d	32768	8	R	generated.farm.9eb7152622bad01eeb33f1c4.anchor	population.ingress.dark-elf.06	25906	-16833	-2744	28395	11127	-4232	0	0	NO_PATH	0	0	data/spawns/Rune/PrimevalIsle.xml|data/stats/players/templates/StartingClass/DarkFighter.xml|data/stats/players/templates/StartingClass/DarkMystic.xml
bridge.90d95d55677940b49bd65763	component.01b441ae383a1b39494050f4	32768	10	F	population.farming.dark-elf.20529	generated.farm.9cf6fa1ef953b5b33ff9fe37.anchor	25308	13254	-3648	13666	-12273	-3024	0	0	NO_PATH	0	0	data/spawns/DarkElfTerritory/DarkElfStarting.xml|data/spawns/Rune/PrimevalIsle.xml
bridge.910c6c40c0fb33c9dbadf336	component.afb4654f40fcb37d4c7adb45	32768	2	R	elven.farming.oren04-2019-16s	generated.farm.a0a916d344116254f0d4e3f5.anchor	9736	49578	-3664	31295	61887	-3544	0	0	NO_PATH	0	0	data/spawns/ElvenTerritory/ElvenStarting.xml|data/spawns/ElvenTerritory/ElvenStarting.xml
bridge.914e57c6d2cc71718aa62186	component.2c4a1d8ed5506d43bb6025d3	32768	3	R	generated.farm.f3fef88cab3be544b94bb305.anchor	generated.farm.aa29c1792ab359df7ec6bdd3.anchor	165484	-207409	-3496	144241	-204346	-3128	0	0	NO_PATH	0	0	data/spawns/DwarvenTerritory/DwarvenStarting.xml|data/spawns/DwarvenTerritory/DwarvenStarting.xml
bridge.9158132a3b95f5ae5c44883c	component.093885e4dafbe6ffb61aca3e	16384	16	F	population.ingress.elf.06	generated.farm.f738e4c5c0d04e971986b2ee.anchor	45978	41196	-3504	52427	26652	-5152	0	0	NO_PATH	0	0	data/stats/players/templates/StartingClass/ElvenFighter.xml|data/stats/players/templates/StartingClass/ElvenMystic.xml|data/spawns/Oren/SeaOfSpores.xml
bridge.91b89d7efb110275189ca2b7	component.093885e4dafbe6ffb61aca3e	16384	13	F	population.ingress.elf.03	generated.farm.df7293a680ae220a1313a900.anchor	46182	41198	-3504	54285	27538	-5280	0	0	NO_PATH	0	0	data/stats/players/templates/StartingClass/ElvenFighter.xml|data/stats/players/templates/StartingClass/ElvenMystic.xml|data/spawns/Oren/SeaOfSpores.xml
bridge.91d46897d90086fcad92ed90	component.54cd7d198274de64199ae37f	8192	1	F	population.ingress.human-fighter.01	generated.farm.9caf3d9715b6ff604306dc10.anchor	-71338	258271	-3104	-71338	258393	-3072	0	0	NO_PATH	0	0	data/stats/players/templates/StartingClass/HumanFighter.xml|data/spawns/Others/Gremlins.xml
bridge.9202ac8d2965659b30b1e898	component.58fa7816fe6f000be807e01c	8192	11	R	generated.farm.f66a8a0231b2d83dac29cc4d.anchor	population.ingress.dark-elf.05	24496	9206	-3584	28461	11044	-4232	0	0	NO_PATH	0	0	data/spawns/DarkElfTerritory/DarkElfStarting.xml|data/stats/players/templates/StartingClass/DarkFighter.xml|data/stats/players/templates/StartingClass/DarkMystic.xml
bridge.920f7e0e3bf1f9e71166e98d	component.e04c7af9711cc5dd2a0ac987	16384	5	R	generated.farm.c566a65e22d07a92230b56a2.anchor	population.route.human-mystic.b1	-95163	237296	-3408	-90072	248328	-3568	0	0	NO_PATH	0	0	data/spawns/TalkingIsland/TalkingIslandMonsters.xml|data/stats/players/templates/StartingClass/HumanMystic.xml|data/spawns/TalkingIsland/TalkingIslandMonsters.xml
bridge.921678e9a17de1ee9b8f73e9	component.f5ec43735be4685d0f522b55	32768	4	F	population.ingress.orc.01	generated.farm.c7902e29cb3795a4ce8dcf2c.anchor	-56733	-113459	-672	-50720	-86977	-8320	0	0	NO_PATH	0	0	data/stats/players/templates/StartingClass/OrcFighter.xml|data/stats/players/templates/StartingClass/OrcMystic.xml|data/spawns/Others/KrateisCube.xml
bridge.9271ca6dadbf7e1e8d0ac08d	component.1331db1a6d957945bfb43b8d	8192	1	F	generated.farm.d6f82637bd6fae44cd109781.anchor	generated.farm.78d792f9dc16f4ce4003c1ae.anchor	48366	42521	-3472	50626	40925	-3464	0	0	VALID_DIRECT	2767	1	data/spawns/ElvenTerritory/ElvenStarting.xml|data/spawns/ElvenTerritory/ElvenStarting.xml
bridge.929b2981fb4e4b5af4a8580e	component.f5ec43735be4685d0f522b55	32768	7	R	generated.farm.c7902e29cb3795a4ce8dcf2c.anchor	population.ingress.orc.03	-50720	-86977	-8320	-56728	-113610	-672	0	0	NO_PATH	0	0	data/spawns/Others/KrateisCube.xml|data/stats/players/templates/StartingClass/OrcFighter.xml|data/stats/players/templates/StartingClass/OrcMystic.xml
bridge.92a05f7cfa851268cdcaa6c3	component.a2230627cce424b0593fedc6	32768	15	F	population.ingress.dark-elf.02	generated.farm.d2a12a3e3ea0bce7dcb3d8f3.anchor	28302	11008	-4232	16132	-9783	-3280	0	0	NO_PATH	0	0	data/stats/players/templates/StartingClass/DarkFighter.xml|data/stats/players/templates/StartingClass/DarkMystic.xml|data/spawns/Rune/PrimevalIsle.xml
bridge.92a2e85f09d718178ac723af	component.7e882b0664c31928ac9f5caa	32768	1	R	generated.farm.12923521d58d7301f63fd56a.anchor	population.farming.dwarf.20533	117133	-149832	-2352	114966	-172886	-672	0	0	NO_PATH	0	0	data/spawns/Others/PlunderousPlains.xml|data/spawns/DwarvenTerritory/DwarvenStarting.xml
bridge.92da2f115049860f03acc058	component.f5ec43735be4685d0f522b55	32768	5	F	population.ingress.orc.02	generated.farm.c7902e29cb3795a4ce8dcf2c.anchor	-56686	-113470	-672	-50720	-86977	-8320	0	0	NO_PATH	0	0	data/stats/players/templates/StartingClass/OrcFighter.xml|data/stats/players/templates/StartingClass/OrcMystic.xml|data/spawns/Others/KrateisCube.xml
bridge.92ea7ad3be65bc429740ab68	component.031481c9c68a70f28b2c5e0d	32768	2	R	generated.farm.6cf5bedf919d093eea69a4d0.anchor	population.route.orc.a2	-44722	-82957	-8320	-52637	-113715	-80	0	0	NO_PATH	0	0	data/spawns/Others/KrateisCube.xml|data/stats/players/templates/StartingClass/OrcFighter.xml|data/stats/players/templates/StartingClass/OrcMystic.xml|data/spawns/OrcTerritory/OrcStarting.xml
bridge.93005bf753a4df5fc27690d5	component.34034eda8581571932b22786	8192	6	F	population.ingress.orc.02	generated.farm.e72c2c1fdf7715981415fcdb.anchor	-56686	-113470	-672	-49543	-110784	-240	0	0	NO_PATH	0	0	data/stats/players/templates/StartingClass/OrcFighter.xml|data/stats/players/templates/StartingClass/OrcMystic.xml|data/spawns/OrcTerritory/OrcStarting.xml
bridge.930fd499e4f06272dba5ad00	component.6b6dbba2f1367f01991dfe32	32768	9	R	generated.farm.59f334c6c58a366ac0ebe3c9.anchor	population.ingress.orc.05	-50720	-82961	-8320	-56743	-113757	-672	0	0	NO_PATH	0	0	data/spawns/Others/KrateisCube.xml|data/stats/players/templates/StartingClass/OrcFighter.xml|data/stats/players/templates/StartingClass/OrcMystic.xml
bridge.9319ae76da97b91fcc89790a	component.e04c7af9711cc5dd2a0ac987	16384	6	R	generated.farm.c566a65e22d07a92230b56a2.anchor	population.route.human-mystic.a1	-95163	237296	-3408	-89304	249848	-3568	0	0	NO_PATH	0	0	data/spawns/TalkingIsland/TalkingIslandMonsters.xml|data/stats/players/templates/StartingClass/HumanMystic.xml|data/spawns/TalkingIsland/TalkingIslandMonsters.xml
bridge.93207e18807a3b053ec1f474	component.85a00e0803f36f9a3d0eab0f	32768	6	R	generated.farm.4e76dc23218e129a890c3248.anchor	generated.farm.519759dffe4a0803b970d3ee.anchor	71264	70956	-3688	48712	55466	-3464	0	0	NO_PATH	0	0	data/spawns/Oren/TimakOutpost.xml|data/spawns/ElvenTerritory/ElvenStarting.xml
bridge.9336c4e8a9cc06ab268f63a4	component.9e6d3547bb369a54417d2a8e	32768	6	F	population.ingress.orc.04	generated.farm.8eacaac16a08449c5372ffbc.anchor	-56693	-113610	-672	-52719	-82961	-8320	0	0	NO_PATH	0	0	data/stats/players/templates/StartingClass/OrcFighter.xml|data/stats/players/templates/StartingClass/OrcMystic.xml|data/spawns/Others/KrateisCube.xml
bridge.936049196dca9a0e381312da	component.b7883cab062e250a4845bacc	32768	10	F	population.route.orc.a4	generated.farm.458673ead1d6f5e03c0230db.anchor	-50077	-115763	-160	-46721	-84975	-8320	0	0	NO_PATH	0	0	data/stats/players/templates/StartingClass/OrcFighter.xml|data/stats/players/templates/StartingClass/OrcMystic.xml|data/spawns/OrcTerritory/OrcStarting.xml|data/spawns/Others/KrateisCube.xml
bridge.9362f95debea73c583084b96	component.8214124f9ae2cb1ec397ad50	32768	1	F	generated.farm.c4067c834f12b99e976909a2.anchor	generated.farm.04495906ca6e26590255bca8.anchor	26607	63533	-3552	4841	82836	-3464	0	0	NO_PATH	0	0	data/spawns/ElvenTerritory/ElvenStarting.xml|data/spawns/ElvenTerritory/ElvenStarting.xml
bridge.936dd229fcca109037ab37d5	component.b0959173bd82d4b722b2be8c	32768	1	F	population.ingress.dark-elf.03	generated.farm.c64e3da0e4c050e99dd0e964.anchor	28377	10916	-4232	25484	-10847	-2480	0	0	NO_PATH	0	0	data/stats/players/templates/StartingClass/DarkFighter.xml|data/stats/players/templates/StartingClass/DarkMystic.xml|data/spawns/Rune/PrimevalIsle.xml
bridge.936e684199e82d7b78a42936	component.0075e5d7b40ef037d898ed1f	32768	7	R	generated.farm.af6a6553f7f39fcbe2980198.anchor	population.route.orc.a2	-21358	-105037	-1856	-52637	-113715	-80	0	0	NO_PATH	0	0	data/spawns/OrcTerritory/OrcStarting.xml|data/stats/players/templates/StartingClass/OrcFighter.xml|data/stats/players/templates/StartingClass/OrcMystic.xml|data/spawns/OrcTerritory/OrcStarting.xml
bridge.937e42b629cbd2c909b35936	component.01b441ae383a1b39494050f4	32768	7	F	generated.farm.36714f071123eedc9cac6c05.anchor	generated.farm.9cf6fa1ef953b5b33ff9fe37.anchor	28436	11041	-4232	13666	-12273	-3024	0	0	NO_PATH	0	0	data/spawns/Others/Gremlins.xml|data/spawns/Rune/PrimevalIsle.xml
bridge.938798d82b147ef2b51f055a	component.89c4c607fc4fee76637095fd	16384	4	R	generated.farm.519759dffe4a0803b970d3ee.anchor	generated.farm.428b85922009e44829ae2db0.anchor	48712	55466	-3464	46131	41458	-3504	0	0	NO_PATH	0	0	data/spawns/ElvenTerritory/ElvenStarting.xml|data/spawns/Others/Gremlins.xml
bridge.93e38081a3a59396c40c3157	component.a2230627cce424b0593fedc6	32768	9	F	generated.farm.36714f071123eedc9cac6c05.anchor	generated.farm.08a347f7f13696479813918f.anchor	28436	11041	-4232	15644	-8311	-3248	0	0	NO_PATH	0	0	data/spawns/Others/Gremlins.xml|data/spawns/Rune/PrimevalIsle.xml
bridge.9419a01dc1526c36a36c7215	component.475c48156e62e7e47cb30765	32768	8	R	generated.farm.bd35d5fb02b6c1c76b448822.anchor	population.ingress.orc.06	-48720	-82958	-8320	-56682	-113730	-672	0	0	NO_PATH	0	0	data/spawns/Others/KrateisCube.xml|data/stats/players/templates/StartingClass/OrcFighter.xml|data/stats/players/templates/StartingClass/OrcMystic.xml
bridge.941cddd5aadd418e4f27bf9a	component.01b441ae383a1b39494050f4	32768	5	R	generated.farm.9cf6fa1ef953b5b33ff9fe37.anchor	population.ingress.dark-elf.01	13666	-12273	-3024	28295	11063	-4232	0	0	NO_PATH	0	0	data/spawns/Rune/PrimevalIsle.xml|data/stats/players/templates/StartingClass/DarkFighter.xml|data/stats/players/templates/StartingClass/DarkMystic.xml
bridge.943f3f3b0968c0a3788b99d1	component.475c48156e62e7e47cb30765	32768	8	F	population.ingress.orc.06	generated.farm.bd35d5fb02b6c1c76b448822.anchor	-56682	-113730	-672	-48720	-82958	-8320	0	0	NO_PATH	0	0	data/stats/players/templates/StartingClass/OrcFighter.xml|data/stats/players/templates/StartingClass/OrcMystic.xml|data/spawns/Others/KrateisCube.xml
bridge.9445dd75367093774c56e536	component.d5d468daa4bebd1a4eb327d6	32768	1	R	generated.farm.08eced60f60a66b7fc7027b7.anchor	population.route.dark-elf.a2	6712	-9399	-3680	25720	11288	-3720	0	0	NO_PATH	0	0	data/spawns/Rune/PrimevalIsle.xml|data/stats/players/templates/StartingClass/DarkFighter.xml|data/stats/players/templates/StartingClass/DarkMystic.xml|data/spawns/DarkElfTerritory/DarkElfStarting.xml
bridge.9448748854c881f6c0a2986a	component.6c8644500a9312467848babc	32768	4	R	elven.farming.oren04-2019-10s	population.ingress.elf.01	16057	52260	-3544	46045	41251	-3504	0	0	NO_PATH	0	0	data/spawns/ElvenTerritory/ElvenStarting.xml|data/stats/players/templates/StartingClass/ElvenFighter.xml|data/stats/players/templates/StartingClass/ElvenMystic.xml
bridge.9486c707826842713443a563	component.34034eda8581571932b22786	8192	2	F	population.route.orc.a2	generated.farm.e72c2c1fdf7715981415fcdb.anchor	-52637	-113715	-80	-49543	-110784	-240	0	0	PATH_SEGMENT_BLOCKED	0	0	data/stats/players/templates/StartingClass/OrcFighter.xml|data/stats/players/templates/StartingClass/OrcMystic.xml|data/spawns/OrcTerritory/OrcStarting.xml|data/spawns/OrcTerritory/OrcStarting.xml
bridge.948ae391c09fd8d67697f729	component.ba083b6371fa0acdb077e91c	8192	6	R	generated.farm.eda8543a4ab4d30e028f9b97.anchor	population.ingress.orc.05	-56273	-113606	-672	-56743	-113757	-672	0	0	VALID_DIRECT	494	1	data/spawns/Others/Gremlins.xml|data/stats/players/templates/StartingClass/OrcFighter.xml|data/stats/players/templates/StartingClass/OrcMystic.xml
bridge.94983ff8346cdc3cb7ab6860	component.d1bd433314f456b9fe85fbdf	32768	7	R	generated.farm.0d7c07144eea5c608cf6c8cf.anchor	population.ingress.orc.04	-25035	-119836	-1968	-56693	-113610	-672	0	0	NO_PATH	0	0	data/spawns/OrcTerritory/OrcStarting.xml|data/stats/players/templates/StartingClass/OrcFighter.xml|data/stats/players/templates/StartingClass/OrcMystic.xml
bridge.94a3fa5154bd6d506defe8e4	component.f5ec43735be4685d0f522b55	32768	2	R	generated.farm.c7902e29cb3795a4ce8dcf2c.anchor	population.route.orc.a2	-50720	-86977	-8320	-52637	-113715	-80	0	0	NO_PATH	0	0	data/spawns/Others/KrateisCube.xml|data/stats/players/templates/StartingClass/OrcFighter.xml|data/stats/players/templates/StartingClass/OrcMystic.xml|data/spawns/OrcTerritory/OrcStarting.xml
bridge.9540efebc9e568999765573a	component.635e8cdeb1b598aac805b64c	32768	16	F	population.farming.human-mystic.20481	talking-island.farming.gludio31-1624-11s	-86478	251343	-3600	-103448	227187	-3672	0	0	NO_PATH	0	0	data/spawns/TalkingIsland/TalkingIslandMonsters.xml|data/spawns/TalkingIsland/TalkingIslandMonsters.xml
bridge.954eae7b1135041d3839c18f	component.01b441ae383a1b39494050f4	32768	8	F	population.ingress.dark-elf.05	generated.farm.9cf6fa1ef953b5b33ff9fe37.anchor	28461	11044	-4232	13666	-12273	-3024	0	0	NO_PATH	0	0	data/stats/players/templates/StartingClass/DarkFighter.xml|data/stats/players/templates/StartingClass/DarkMystic.xml|data/spawns/Rune/PrimevalIsle.xml
bridge.955f4091aea9aefb3b890086	component.c8a8b60142ed368a7d7be480	32768	11	R	generated.farm.64e1872735f98ad838918703.anchor	population.ingress.dark-elf.03	23186	-20161	-2704	28377	10916	-4232	0	0	NO_PATH	0	0	data/spawns/Rune/PrimevalIsle.xml|data/stats/players/templates/StartingClass/DarkFighter.xml|data/stats/players/templates/StartingClass/DarkMystic.xml
bridge.956f882b1152776b0b9e00fd	component.a15eac19b29dbd838fc4cf11	32768	16	R	generated.farm.a4122c4a8bed91d0e6a70bc3.anchor	generated.farm.ed8992f2edcbacf7c4f24608.anchor	107302	-145184	-3656	117968	-173208	-432	0	0	NO_PATH	0	0	data/spawns/Others/PlunderousPlains.xml|data/spawns/DwarvenTerritory/DwarvenStarting.xml
bridge.9590e7549a6ed1b60b1edfb9	component.f0870ecd40f136c705bc5941	32768	5	F	population.ingress.orc.01	generated.farm.ef0394b1715ca0d66c082465.anchor	-56733	-113459	-672	-44717	-84969	-8320	0	0	NO_PATH	0	0	data/stats/players/templates/StartingClass/OrcFighter.xml|data/stats/players/templates/StartingClass/OrcMystic.xml|data/spawns/Others/KrateisCube.xml
bridge.95f449829d79d974cde02c9c	component.6b63e9a22c52715dd6894332	8192	7	R	generated.farm.68243117d5885fe09a0b57bc.anchor	population.ingress.elf.03	43767	37445	-3512	46182	41198	-3504	0	0	NO_PATH	0	0	data/spawns/ElvenTerritory/ElvenStarting.xml|data/stats/players/templates/StartingClass/ElvenFighter.xml|data/stats/players/templates/StartingClass/ElvenMystic.xml
bridge.9607ddc787696181c41d573d	component.a99c371149bc249af615a5c3	32768	3	R	generated.farm.ab5e8f2e7966e479ea160401.anchor	population.route.orc.a3	-22483	-124604	-2656	-50845	-113715	-168	0	0	NO_PATH	0	0	data/spawns/OrcTerritory/OrcStarting.xml|data/stats/players/templates/StartingClass/OrcFighter.xml|data/stats/players/templates/StartingClass/OrcMystic.xml|data/spawns/OrcTerritory/OrcStarting.xml
bridge.9668e5738ba787e1a4b005c2	component.fa8902bdab910bb205f46118	16384	3	R	generated.farm.e20a44e2413cc5ec51f0b15c.anchor	population.farming.dwarf.20533	119549	-161828	-1296	114966	-172886	-672	0	0	NO_PATH	0	0	data/spawns/Others/PlunderousPlains.xml|data/spawns/DwarvenTerritory/DwarvenStarting.xml
bridge.9677c66b4af29497b030a040	component.b0959173bd82d4b722b2be8c	32768	7	R	generated.farm.c64e3da0e4c050e99dd0e964.anchor	population.ingress.dark-elf.01	25484	-10847	-2480	28295	11063	-4232	0	0	NO_PATH	0	0	data/spawns/Rune/PrimevalIsle.xml|data/stats/players/templates/StartingClass/DarkFighter.xml|data/stats/players/templates/StartingClass/DarkMystic.xml
bridge.9709e2909625be1947831531	component.e04c7af9711cc5dd2a0ac987	16384	8	F	population.route.human-mystic.a2	generated.farm.c566a65e22d07a92230b56a2.anchor	-89144	249976	-3568	-95163	237296	-3408	0	0	NO_PATH	0	0	data/stats/players/templates/StartingClass/HumanMystic.xml|data/spawns/TalkingIsland/TalkingIslandMonsters.xml|data/spawns/TalkingIsland/TalkingIslandMonsters.xml
bridge.9755fcdb32c39f0d1f7027b7	component.c8a8b60142ed368a7d7be480	32768	5	F	population.ingress.dark-elf.04	generated.farm.c2052fbe0b07e84a519406a1.anchor	28456	10997	-4232	23826	-18715	-2768	0	0	NO_PATH	0	0	data/stats/players/templates/StartingClass/DarkFighter.xml|data/stats/players/templates/StartingClass/DarkMystic.xml|data/spawns/Rune/PrimevalIsle.xml
bridge.975de283c692d3f33d7d04c7	component.7b0a8695c70b29d38ea2d7b7	32768	8	F	population.ingress.orc.06	generated.farm.bf71e830d9839ea5032228a3.anchor	-56682	-113730	-672	-48725	-86968	-8320	0	0	NO_PATH	0	0	data/stats/players/templates/StartingClass/OrcFighter.xml|data/stats/players/templates/StartingClass/OrcMystic.xml|data/spawns/Others/KrateisCube.xml
bridge.9769b30be955d333b6a2b78a	component.a897c66aac15ed82ae4b47cc	16384	2	R	generated.farm.5eb90806db1167da3a0881d8.anchor	generated.farm.768fa444a79123489bd7aa1d.anchor	126625	-194289	-3288	137660	-202383	-3664	0	0	NO_PATH	0	0	data/spawns/DwarvenTerritory/DwarvenStarting.xml|data/spawns/DwarvenTerritory/DwarvenStarting.xml
bridge.9795f4b4532a864cbe72d58b	component.9fbefbbe289820cb000eadf1	32768	11	F	population.farming.orc.20535	generated.farm.17667c6c78e20a9fb3c4ae08.anchor	-49106	-115854	-160	-52719	-84968	-8320	0	0	NO_PATH	0	0	data/spawns/OrcTerritory/OrcStarting.xml|data/spawns/Others/KrateisCube.xml
bridge.979978712b00047f5cd63856	component.4542949d001791c13737d9b4	8192	13	F	generated.farm.9cd080b5cf6e407d198d7dc5.anchor	generated.farm.432802d3c2901d9686cb1651.anchor	-84312	252645	-3664	-90610	248293	-3568	0	0	NO_PATH	0	0	data/spawns/TalkingIsland/TalkingIslandMonsters.xml|data/spawns/Others/Gremlins.xml
bridge.97d3c32b103815f00b2e3ebd	component.e155a1307403cc14572bd687	32768	4	R	generated.farm.420ed35f1a9a3f532e2d6045.anchor	population.ingress.dwarf.04	101973	-149349	-3128	108512	-174026	-408	0	0	NO_PATH	0	0	data/spawns/Others/PlunderousPlains.xml|data/stats/players/templates/StartingClass/DwarvenFighter.xml
bridge.97ec7763742c1bb7945b56b4	component.34034eda8581571932b22786	8192	7	F	population.ingress.orc.01	generated.farm.e72c2c1fdf7715981415fcdb.anchor	-56733	-113459	-672	-49543	-110784	-240	0	0	NO_PATH	0	0	data/stats/players/templates/StartingClass/OrcFighter.xml|data/stats/players/templates/StartingClass/OrcMystic.xml|data/spawns/OrcTerritory/OrcStarting.xml
bridge.97f4ed9afd18765c492bf3cd	component.c9ca976b53659986c6d066ce	32768	1	R	generated.farm.a05750e4fd835a9fce3722b4.anchor	generated.farm.c4067c834f12b99e976909a2.anchor	6095	60044	-3656	26607	63533	-3552	0	0	NO_PATH	0	0	data/spawns/ElvenTerritory/ElvenStarting.xml|data/spawns/ElvenTerritory/ElvenStarting.xml
bridge.97ffe156bfb502a7027a3445	component.214784823dfee247eabd4cc1	16384	1	F	population.farming.orc.20535	generated.farm.08bede9fa450ab087be0458b.anchor	-49106	-115854	-160	-40560	-117892	-1920	0	0	NO_PATH	0	0	data/spawns/OrcTerritory/OrcStarting.xml|data/spawns/OrcTerritory/OrcStarting.xml
bridge.9808e4871bbf1802752f09c3	component.d1bd433314f456b9fe85fbdf	32768	3	R	generated.farm.0d7c07144eea5c608cf6c8cf.anchor	population.route.orc.a3	-25035	-119836	-1968	-50845	-113715	-168	0	0	NO_PATH	0	0	data/spawns/OrcTerritory/OrcStarting.xml|data/stats/players/templates/StartingClass/OrcFighter.xml|data/stats/players/templates/StartingClass/OrcMystic.xml|data/spawns/OrcTerritory/OrcStarting.xml
bridge.981b7ceb5fbab93db72fcc6f	component.a15eac19b29dbd838fc4cf11	32768	10	F	population.route.dwarf.w2	generated.farm.a4122c4a8bed91d0e6a70bc3.anchor	110440	-173944	-528	107302	-145184	-3656	0	0	NO_PATH	0	0	data/stats/players/templates/StartingClass/DwarvenFighter.xml|data/spawns/DwarvenTerritory/DwarvenStarting.xml|data/spawns/Others/PlunderousPlains.xml
bridge.983b3938091c1e318fd226e4	component.79ad21df45b89fa5bb86a4fd	32768	1	R	generated.farm.5dc8ced237dc324aa37b6530.anchor	generated.farm.d6f82637bd6fae44cd109781.anchor	51605	70249	-3408	48366	42521	-3472	0	0	NO_PATH	0	0	data/spawns/ElvenTerritory/ElvenStarting.xml|data/spawns/ElvenTerritory/ElvenStarting.xml
bridge.98468758423c33246da227e0	component.58fa7816fe6f000be807e01c	8192	3	F	population.farming.dark-elf.20529	generated.farm.f66a8a0231b2d83dac29cc4d.anchor	25308	13254	-3648	24496	9206	-3584	0	0	NO_PATH	0	0	data/spawns/DarkElfTerritory/DarkElfStarting.xml|data/spawns/DarkElfTerritory/DarkElfStarting.xml
bridge.986f923274d77282e3e7e219	component.20a0c83d40a7bb22c26e0395	32768	4	F	population.ingress.dark-elf.04	generated.farm.f137dbbc3ac90f445b806c09.anchor	28456	10997	-4232	25328	-15199	-2744	0	0	NO_PATH	0	0	data/stats/players/templates/StartingClass/DarkFighter.xml|data/stats/players/templates/StartingClass/DarkMystic.xml|data/spawns/Rune/PrimevalIsle.xml
bridge.988275c6263d4a1ae82ce248	component.58fa7816fe6f000be807e01c	8192	9	R	generated.farm.f66a8a0231b2d83dac29cc4d.anchor	generated.farm.36714f071123eedc9cac6c05.anchor	24496	9206	-3584	28436	11041	-4232	0	0	NO_PATH	0	0	data/spawns/DarkElfTerritory/DarkElfStarting.xml|data/spawns/Others/Gremlins.xml
bridge.98aa9b47ef8e9d615aa7d76c	component.d5d468daa4bebd1a4eb327d6	32768	8	R	generated.farm.b8e223341be05b45a19768c2.anchor	population.farming.dark-elf.20529	5975	-9197	-3696	25308	13254	-3648	0	0	NO_PATH	0	0	data/spawns/Rune/PrimevalIsle.xml|data/spawns/DarkElfTerritory/DarkElfStarting.xml
bridge.98abfc648e9df72401549448	component.a15eac19b29dbd838fc4cf11	32768	11	R	generated.farm.a4122c4a8bed91d0e6a70bc3.anchor	population.route.dwarf.a1	107302	-145184	-3656	110436	-173947	-528	0	0	NO_PATH	0	0	data/spawns/Others/PlunderousPlains.xml|data/stats/players/templates/StartingClass/DwarvenFighter.xml|data/spawns/DwarvenTerritory/DwarvenStarting.xml
bridge.98b29bc586e300c56e373b70	component.2a49f4f35c9ebde77d8043ac	16384	4	R	generated.farm.5b2f7b39b431b1d31c0f938a.anchor	generated.farm.8417f5d804225e6423448125.anchor	146706	-212410	-3592	132017	-208635	-3592	0	0	NO_PATH	0	0	data/spawns/DwarvenTerritory/DwarvenStarting.xml|data/spawns/DwarvenTerritory/DwarvenStarting.xml
bridge.9904521e6d39ba3c4e579971	component.63defb22486d49c052a69667	32768	8	F	population.ingress.elf.06	generated.farm.946a41fbbc63614320c02954.anchor	45978	41196	-3504	53398	63278	-3480	0	0	NO_PATH	0	0	data/stats/players/templates/StartingClass/ElvenFighter.xml|data/stats/players/templates/StartingClass/ElvenMystic.xml|data/spawns/ElvenTerritory/ElvenStarting.xml
bridge.99112c3993649d14383f1e1d	component.ac8aaf293b35ddbae57a8843	8192	12	R	generated.farm.1a1d5ca5583b453d5a406cfa.anchor	population.ingress.elf.04	39605	36319	-3600	46115	41141	-3504	0	0	NO_PATH	0	0	data/spawns/ElvenTerritory/ElvenStarting.xml|data/stats/players/templates/StartingClass/ElvenFighter.xml|data/stats/players/templates/StartingClass/ElvenMystic.xml
bridge.991a95788c6ad13c2c56238e	component.87a65b1ce32b28202691c2c8	32768	1	F	population.route.orc.a3	generated.farm.ac1e437a00c50adb5285e40a.anchor	-50845	-113715	-168	-44720	-86972	-8320	0	0	NO_PATH	0	0	data/stats/players/templates/StartingClass/OrcFighter.xml|data/stats/players/templates/StartingClass/OrcMystic.xml|data/spawns/OrcTerritory/OrcStarting.xml|data/spawns/Others/KrateisCube.xml
bridge.991afccdd1ed418e01824d7b	component.cdd71132d5f4e86baaa4d99d	8192	8	R	generated.farm.739ff353ab353f0a5a095101.anchor	population.ingress.human-mystic.04	-95394	246014	-3616	-90890	248027	-3568	0	0	NO_PATH	0	0	data/spawns/TalkingIsland/TalkingIslandMonsters.xml|data/stats/players/templates/StartingClass/HumanMystic.xml
bridge.99570f90d45f9635eccc3095	component.73d0c59f5bdd9014627ebe4f	32768	12	R	elven.farming.oren04-2019-07s	population.farming.dark-elf.20529	19248	43340	-3712	25308	13254	-3648	0	0	NO_PATH	0	0	data/spawns/ElvenTerritory/ElvenStarting.xml|data/spawns/DarkElfTerritory/DarkElfStarting.xml
bridge.9967db5bbd0e91eb7a707099	component.d4239fbe60250487003bb4fd	32768	10	R	generated.farm.c4067c834f12b99e976909a2.anchor	generated.farm.d6f82637bd6fae44cd109781.anchor	26607	63533	-3552	48366	42521	-3472	0	0	NO_PATH	0	0	data/spawns/ElvenTerritory/ElvenStarting.xml|data/spawns/ElvenTerritory/ElvenStarting.xml
bridge.998a990917eacb511bc41f35	component.1331db1a6d957945bfb43b8d	8192	15	F	population.ingress.elf.06	generated.farm.78d792f9dc16f4ce4003c1ae.anchor	45978	41196	-3504	50626	40925	-3464	0	0	NO_PATH	0	0	data/stats/players/templates/StartingClass/ElvenFighter.xml|data/stats/players/templates/StartingClass/ElvenMystic.xml|data/spawns/ElvenTerritory/ElvenStarting.xml
bridge.998bae53bd8811061b2fd9b7	component.91a9f940fd17192b7296dafb	32768	2	F	population.route.dark-elf.a2	generated.farm.c2fab2e4269c72a597f3b7a9.anchor	25720	11288	-3720	19916	-9610	-2824	0	0	NO_PATH	0	0	data/stats/players/templates/StartingClass/DarkFighter.xml|data/stats/players/templates/StartingClass/DarkMystic.xml|data/spawns/DarkElfTerritory/DarkElfStarting.xml|data/spawns/Rune/PrimevalIsle.xml
bridge.99a2e0eaff68e1f109b71929	component.635e8cdeb1b598aac805b64c	32768	11	F	population.ingress.human-mystic.02	generated.farm.6a1b028f65325f1df40b9a9c.anchor	-90954	248118	-3568	-105224	224600	-3640	0	0	NO_PATH	0	0	data/stats/players/templates/StartingClass/HumanMystic.xml|data/spawns/TalkingIsland/TalkingIslandMonsters.xml
bridge.99bfaf041a55b9982b8cc17b	component.2c4a1d8ed5506d43bb6025d3	32768	5	F	generated.farm.475038779aaee6a2e82aa06b.anchor	generated.farm.f3fef88cab3be544b94bb305.anchor	175552	-186630	-1280	165484	-207409	-3496	0	0	NO_PATH	0	0	data/spawns/DwarvenTerritory/DwarvenStarting.xml|data/spawns/DwarvenTerritory/DwarvenStarting.xml
bridge.99ee940bd3ce0058b7acc638	component.a2230627cce424b0593fedc6	32768	13	R	generated.farm.08a347f7f13696479813918f.anchor	population.route.dark-elf.a3	15644	-8311	-3248	25304	13256	-3648	0	0	NO_PATH	0	0	data/spawns/Rune/PrimevalIsle.xml|data/stats/players/templates/StartingClass/DarkFighter.xml|data/stats/players/templates/StartingClass/DarkMystic.xml|data/spawns/DarkElfTerritory/DarkElfStarting.xml
bridge.9a6776167f044d246b338047	component.58fa7816fe6f000be807e01c	8192	7	F	population.ingress.dark-elf.03	generated.farm.f66a8a0231b2d83dac29cc4d.anchor	28377	10916	-4232	24496	9206	-3584	0	0	NO_PATH	0	0	data/stats/players/templates/StartingClass/DarkFighter.xml|data/stats/players/templates/StartingClass/DarkMystic.xml|data/spawns/DarkElfTerritory/DarkElfStarting.xml
bridge.9a74fe7c58a701cfff88036e	component.a2230627cce424b0593fedc6	32768	2	F	population.route.dark-elf.a2	generated.farm.08a347f7f13696479813918f.anchor	25720	11288	-3720	15644	-8311	-3248	0	0	NO_PATH	0	0	data/stats/players/templates/StartingClass/DarkFighter.xml|data/stats/players/templates/StartingClass/DarkMystic.xml|data/spawns/DarkElfTerritory/DarkElfStarting.xml|data/spawns/Rune/PrimevalIsle.xml
bridge.9a7aa04c26063d0d18943e68	component.de636b0f82c1f5ec50237e13	32768	4	F	generated.farm.088e8bc59766f22991a08e5d.anchor	generated.farm.a39f58864657ce5b49b26ee3.anchor	130094	-209377	-3552	116564	-195406	-3480	0	0	NO_PATH	0	0	data/spawns/DwarvenTerritory/DwarvenStarting.xml|data/spawns/DwarvenTerritory/DwarvenStarting.xml
bridge.9ab525176be348c803073503	component.5170fd1c3e2b6fe2f9af1ad8	8192	9	R	generated.farm.54772e1b8c2e8c258ff204b4.anchor	population.route.human-mystic.c1	-94346	250566	-3552	-87848	250568	-3616	0	0	NO_PATH	0	0	data/spawns/TalkingIsland/TalkingIslandMonsters.xml|data/stats/players/templates/StartingClass/HumanMystic.xml|data/spawns/TalkingIsland/TalkingIslandMonsters.xml
bridge.9acc8881ee1224e63f89e41f	component.b6d8946a4d71c76261ebedce	8192	1	R	generated.farm.70ea4f43449ef725189d7fbf.anchor	generated.farm.ea72d768f3c8ec3d79c1a530.anchor	119336	-180368	-2368	116056	-175091	-1016	0	0	NO_PATH	0	0	data/spawns/DwarvenTerritory/DwarvenStarting.xml|data/spawns/DwarvenTerritory/DwarvenStarting.xml
bridge.9ad447e4a3f9f3cca302eabb	component.73d0c59f5bdd9014627ebe4f	32768	10	F	generated.farm.d6f82637bd6fae44cd109781.anchor	elven.farming.oren04-2019-07s	48366	42521	-3472	19248	43340	-3712	0	0	NO_PATH	0	0	data/spawns/ElvenTerritory/ElvenStarting.xml|data/spawns/ElvenTerritory/ElvenStarting.xml
bridge.9ad5abbac61d8b983a992046	component.6c8644500a9312467848babc	32768	3	F	population.ingress.elf.06	elven.farming.oren04-2019-10s	45978	41196	-3504	16057	52260	-3544	0	0	NO_PATH	0	0	data/stats/players/templates/StartingClass/ElvenFighter.xml|data/stats/players/templates/StartingClass/ElvenMystic.xml|data/spawns/ElvenTerritory/ElvenStarting.xml
bridge.9af7483626e2c43149821163	component.d5d468daa4bebd1a4eb327d6	32768	13	F	generated.farm.36714f071123eedc9cac6c05.anchor	generated.farm.08eced60f60a66b7fc7027b7.anchor	28436	11041	-4232	6712	-9399	-3680	0	0	NO_PATH	0	0	data/spawns/Others/Gremlins.xml|data/spawns/Rune/PrimevalIsle.xml
bridge.9b09650c8244aae0a7e49fa9	component.6ed5189c1ad34dcd97c5af56	32768	3	F	population.route.orc.a1	generated.farm.728f34d7752261776a8e5fb7.anchor	-54685	-113715	-520	-50719	-84960	-8320	0	0	NO_PATH	0	0	data/stats/players/templates/StartingClass/OrcFighter.xml|data/stats/players/templates/StartingClass/OrcMystic.xml|data/spawns/OrcTerritory/OrcStarting.xml|data/spawns/Others/KrateisCube.xml
bridge.9b4674d002f3210e858efb9d	component.6b6dbba2f1367f01991dfe32	32768	1	F	population.route.orc.a3	generated.farm.59f334c6c58a366ac0ebe3c9.anchor	-50845	-113715	-168	-50720	-82961	-8320	0	0	NO_PATH	0	0	data/stats/players/templates/StartingClass/OrcFighter.xml|data/stats/players/templates/StartingClass/OrcMystic.xml|data/spawns/OrcTerritory/OrcStarting.xml|data/spawns/Others/KrateisCube.xml
bridge.9b4c6c45e6289a3f7d90092a	component.4542949d001791c13737d9b4	8192	6	F	population.route.human-mystic.a1	generated.farm.432802d3c2901d9686cb1651.anchor	-89304	249848	-3568	-90610	248293	-3568	0	0	VALID_PATH	2053	3	data/stats/players/templates/StartingClass/HumanMystic.xml|data/spawns/TalkingIsland/TalkingIslandMonsters.xml|data/spawns/Others/Gremlins.xml
bridge.9b589a169ba33da68c1ddcf1	component.2c7e3c336954be75db3a7f7d	32768	5	R	generated.farm.9eb7152622bad01eeb33f1c4.anchor	generated.farm.36714f071123eedc9cac6c05.anchor	25906	-16833	-2744	28436	11041	-4232	0	0	NO_PATH	0	0	data/spawns/Rune/PrimevalIsle.xml|data/spawns/Others/Gremlins.xml
bridge.9b8255c7136d7982986065b7	component.63defb22486d49c052a69667	32768	16	R	generated.farm.0a9b6aeb870068f470d93c4b.anchor	population.ingress.elf.04	55857	63041	-3472	46115	41141	-3504	0	0	NO_PATH	0	0	data/spawns/ElvenTerritory/ElvenStarting.xml|data/stats/players/templates/StartingClass/ElvenFighter.xml|data/stats/players/templates/StartingClass/ElvenMystic.xml
bridge.9b9bdd99b992b81d17d28ff2	component.7e882b0664c31928ac9f5caa	32768	14	F	population.ingress.dwarf.04	generated.farm.12923521d58d7301f63fd56a.anchor	108512	-174026	-408	117133	-149832	-2352	0	0	NO_PATH	0	0	data/stats/players/templates/StartingClass/DwarvenFighter.xml|data/spawns/Others/PlunderousPlains.xml
bridge.9ba69c7b873fbcef1ce2f4a3	component.1331db1a6d957945bfb43b8d	8192	8	R	generated.farm.9d9291cb563275968a77e851.anchor	generated.farm.428b85922009e44829ae2db0.anchor	47907	37504	-3544	46131	41458	-3504	0	0	NO_PATH	0	0	data/spawns/ElvenTerritory/ElvenStarting.xml|data/spawns/Others/Gremlins.xml
bridge.9bd6bc9d05633c0e2cc7c10b	component.2a49f4f35c9ebde77d8043ac	16384	3	F	generated.farm.40c5f8858df37983d677ac58.anchor	generated.farm.5b2f7b39b431b1d31c0f938a.anchor	136935	-202962	-3632	146706	-212410	-3592	0	0	NO_PATH	0	0	data/spawns/DwarvenTerritory/DwarvenStarting.xml|data/spawns/DwarvenTerritory/DwarvenStarting.xml
bridge.9bdd299fc8afbc3dcefdd8db	component.21c159db00da4bc03daf51c5	32768	2	F	generated.farm.58356b4e9844a379fecfbaf6.anchor	generated.farm.a0a916d344116254f0d4e3f5.anchor	42118	41401	-3488	31295	61887	-3544	0	0	NO_PATH	0	0	data/spawns/ElvenTerritory/ElvenStarting.xml|data/spawns/ElvenTerritory/ElvenStarting.xml
bridge.9bf09045853fd500ce5c7b03	component.fa8902bdab910bb205f46118	16384	5	R	generated.farm.e906a4f684b66f9c100d44e1.anchor	population.route.dwarf.a2	114049	-161398	-1480	110948	-173435	-584	0	0	NO_PATH	0	0	data/spawns/Others/PlunderousPlains.xml|data/stats/players/templates/StartingClass/DwarvenFighter.xml|data/spawns/DwarvenTerritory/DwarvenStarting.xml
bridge.9c64fe2a365374fda1549cab	component.58fa7816fe6f000be807e01c	8192	1	F	population.route.dark-elf.a2	generated.farm.f66a8a0231b2d83dac29cc4d.anchor	25720	11288	-3720	24496	9206	-3584	0	0	VALID_DIRECT	2419	1	data/stats/players/templates/StartingClass/DarkFighter.xml|data/stats/players/templates/StartingClass/DarkMystic.xml|data/spawns/DarkElfTerritory/DarkElfStarting.xml|data/spawns/DarkElfTerritory/DarkElfStarting.xml
bridge.9c70e476b43aab0d09d5878f	component.6bccc4ec500087b1b97f6735	32768	5	R	elven.farming.oren04-2019-15s	generated.farm.a0a916d344116254f0d4e3f5.anchor	7256	52568	-3576	31295	61887	-3544	0	0	NO_PATH	0	0	data/spawns/ElvenTerritory/ElvenStarting.xml|data/spawns/ElvenTerritory/ElvenStarting.xml
bridge.9c92035d3e724d356fd68082	component.093885e4dafbe6ffb61aca3e	16384	10	R	generated.farm.f738e4c5c0d04e971986b2ee.anchor	population.ingress.elf.03	52427	26652	-5152	46182	41198	-3504	0	0	NO_PATH	0	0	data/spawns/Oren/SeaOfSpores.xml|data/stats/players/templates/StartingClass/ElvenFighter.xml|data/stats/players/templates/StartingClass/ElvenMystic.xml
bridge.9caf8cfb352491752a1d170d	component.7b0a8695c70b29d38ea2d7b7	32768	1	R	generated.farm.bf71e830d9839ea5032228a3.anchor	population.route.orc.a3	-48725	-86968	-8320	-50845	-113715	-168	0	0	NO_PATH	0	0	data/spawns/Others/KrateisCube.xml|data/stats/players/templates/StartingClass/OrcFighter.xml|data/stats/players/templates/StartingClass/OrcMystic.xml|data/spawns/OrcTerritory/OrcStarting.xml
bridge.9cc523a29321f71f96f12969	component.21c159db00da4bc03daf51c5	32768	4	R	generated.farm.a0a916d344116254f0d4e3f5.anchor	population.ingress.elf.01	31295	61887	-3544	46045	41251	-3504	0	0	NO_PATH	0	0	data/spawns/ElvenTerritory/ElvenStarting.xml|data/stats/players/templates/StartingClass/ElvenFighter.xml|data/stats/players/templates/StartingClass/ElvenMystic.xml
bridge.9cda182bcf6301262169e7b2	component.d4239fbe60250487003bb4fd	32768	7	F	population.ingress.elf.05	generated.farm.c4067c834f12b99e976909a2.anchor	46048	41141	-3504	26607	63533	-3552	0	0	NO_PATH	0	0	data/stats/players/templates/StartingClass/ElvenFighter.xml|data/stats/players/templates/StartingClass/ElvenMystic.xml|data/spawns/ElvenTerritory/ElvenStarting.xml
bridge.9d11f8c5f06c8ade01db546f	component.7e882b0664c31928ac9f5caa	32768	7	R	generated.farm.12923521d58d7301f63fd56a.anchor	population.route.dwarf.a1	117133	-149832	-2352	110436	-173947	-528	0	0	NO_PATH	0	0	data/spawns/Others/PlunderousPlains.xml|data/stats/players/templates/StartingClass/DwarvenFighter.xml|data/spawns/DwarvenTerritory/DwarvenStarting.xml
bridge.9d419f6d4c2a4f3b993291a6	component.e155a1307403cc14572bd687	32768	11	F	population.route.dwarf.w2	generated.farm.420ed35f1a9a3f532e2d6045.anchor	110440	-173944	-528	101973	-149349	-3128	0	0	NO_PATH	0	0	data/stats/players/templates/StartingClass/DwarvenFighter.xml|data/spawns/DwarvenTerritory/DwarvenStarting.xml|data/spawns/Others/PlunderousPlains.xml
bridge.9d4fe1e6f968db74349af58d	component.58fa7816fe6f000be807e01c	8192	6	F	population.ingress.dark-elf.01	generated.farm.f66a8a0231b2d83dac29cc4d.anchor	28295	11063	-4232	24496	9206	-3584	0	0	NO_PATH	0	0	data/stats/players/templates/StartingClass/DarkFighter.xml|data/stats/players/templates/StartingClass/DarkMystic.xml|data/spawns/DarkElfTerritory/DarkElfStarting.xml
bridge.9d6d4313bdd5f5b9fe64e005	component.f0870ecd40f136c705bc5941	32768	8	F	population.ingress.orc.06	generated.farm.ef0394b1715ca0d66c082465.anchor	-56682	-113730	-672	-44717	-84969	-8320	0	0	NO_PATH	0	0	data/stats/players/templates/StartingClass/OrcFighter.xml|data/stats/players/templates/StartingClass/OrcMystic.xml|data/spawns/Others/KrateisCube.xml
bridge.9d741d279e97f81682965337	component.7e4161a95ce7d75a795e5571	8192	5	R	generated.farm.7451e61fe8e94f49afb1f9e2.anchor	population.ingress.elf.05	39050	41882	-3592	46048	41141	-3504	0	0	NO_PATH	0	0	data/spawns/ElvenTerritory/ElvenStarting.xml|data/stats/players/templates/StartingClass/ElvenFighter.xml|data/stats/players/templates/StartingClass/ElvenMystic.xml
bridge.9d9a9350ab5c2fc1b8772090	component.d4f263a6130862446fcab68a	16384	9	R	generated.farm.f9312932904adae788963399.anchor	population.route.dwarf.a1	108605	-160621	-1688	110436	-173947	-528	0	0	NO_PATH	0	0	data/spawns/Others/PlunderousPlains.xml|data/stats/players/templates/StartingClass/DwarvenFighter.xml|data/spawns/DwarvenTerritory/DwarvenStarting.xml
bridge.9db2ba2b91cfde9ec9c06255	component.18c9e4ee0311769668b2eb74	8192	15	R	generated.farm.74718a641fa7e78154fea892.anchor	population.route.kamael.d1	-125620	37399	1176	-124024	38152	1184	0	0	VALID_DIRECT	1765	1	data/spawns/Others/Gremlins.xml|data/stats/players/templates/StartingClass/KamaelMaleSoldier.xml|data/stats/players/templates/StartingClass/KamaelFemaleSoldier.xml|data/spawns/Kamael/IsleOfSouls.xml
bridge.9dc064a8158ca74405fef365	component.43988bed6a656186e489a9b7	32768	8	R	generated.farm.4d58dd1be9d4b93272b379ec.anchor	population.ingress.elf.05	49877	22679	-5512	46048	41141	-3504	0	0	NO_PATH	0	0	data/spawns/Oren/SeaOfSpores.xml|data/stats/players/templates/StartingClass/ElvenFighter.xml|data/stats/players/templates/StartingClass/ElvenMystic.xml
bridge.9dc0704154fd29f22505aaab	component.73f096cfc3045644558d7b95	16384	7	F	population.route.orc.a4	generated.farm.6040d874a2bc9b8a07dc4671.anchor	-50077	-115763	-160	-41352	-102553	-2720	0	0	NO_PATH	0	0	data/stats/players/templates/StartingClass/OrcFighter.xml|data/stats/players/templates/StartingClass/OrcMystic.xml|data/spawns/OrcTerritory/OrcStarting.xml|data/spawns/OrcTerritory/OrcStarting.xml
bridge.9de816805e575b134e87bd2a	component.6ed5189c1ad34dcd97c5af56	32768	8	F	population.ingress.orc.06	generated.farm.728f34d7752261776a8e5fb7.anchor	-56682	-113730	-672	-50719	-84960	-8320	0	0	NO_PATH	0	0	data/stats/players/templates/StartingClass/OrcFighter.xml|data/stats/players/templates/StartingClass/OrcMystic.xml|data/spawns/Others/KrateisCube.xml
bridge.9deabe1eb137fe91ce303cc1	component.9fbefbbe289820cb000eadf1	32768	3	F	population.ingress.orc.02	generated.farm.17667c6c78e20a9fb3c4ae08.anchor	-56686	-113470	-672	-52719	-84968	-8320	0	0	NO_PATH	0	0	data/stats/players/templates/StartingClass/OrcFighter.xml|data/stats/players/templates/StartingClass/OrcMystic.xml|data/spawns/Others/KrateisCube.xml
bridge.9ded422238736bc96aec7d6b	component.e0efb8466cb69704c6f63b79	32768	6	R	generated.farm.3bbbcdb43022c7bf23796fb4.anchor	population.ingress.dark-elf.04	15590	-17440	-3224	28456	10997	-4232	0	0	NO_PATH	0	0	data/spawns/Rune/PrimevalIsle.xml|data/stats/players/templates/StartingClass/DarkFighter.xml|data/stats/players/templates/StartingClass/DarkMystic.xml
bridge.9e3f0add109f28e89ef6e170	component.79ad21df45b89fa5bb86a4fd	32768	2	R	generated.farm.5dc8ced237dc324aa37b6530.anchor	population.farming.elf.20534	51605	70249	-3408	44126	42751	-3488	0	0	NO_PATH	0	0	data/spawns/ElvenTerritory/ElvenStarting.xml|data/spawns/ElvenTerritory/ElvenStarting.xml
bridge.9e89168c99a119eb79425c95	component.10e204556f859c1b294aeca4	32768	4	F	generated.farm.40c5f8858df37983d677ac58.anchor	generated.farm.01d45fe32598e8270dab20b2.anchor	136935	-202962	-3632	157239	-220265	-3600	0	0	NO_PATH	0	0	data/spawns/DwarvenTerritory/DwarvenStarting.xml|data/spawns/DwarvenTerritory/DwarvenStarting.xml
bridge.9ef02fb440141a737bf5cf49	component.ac8aaf293b35ddbae57a8843	8192	15	F	generated.farm.428b85922009e44829ae2db0.anchor	generated.farm.0c00c3760a3ec18fa034d798.anchor	46131	41458	-3504	38303	39146	-3576	0	0	NO_PATH	0	0	data/spawns/Others/Gremlins.xml|data/spawns/ElvenTerritory/ElvenStarting.xml
bridge.9f26c4bd67f34dc77288390f	component.57e1877e7c197814b8384604	16384	1	R	generated.farm.4c20d26f8b57611bdafd0d33.anchor	generated.farm.ed8992f2edcbacf7c4f24608.anchor	124885	-159590	-1288	117968	-173208	-432	0	0	NO_PATH	0	0	data/spawns/Others/PlunderousPlains.xml|data/spawns/DwarvenTerritory/DwarvenStarting.xml
bridge.9f2b268ccba6735ce8781510	component.c4a3508d330e9bb2f8bdfabb	32768	11	F	population.farming.orc.20535	generated.farm.1050dd36c58d668d206a6075.anchor	-49106	-115854	-160	-48721	-84968	-8320	0	0	NO_PATH	0	0	data/spawns/OrcTerritory/OrcStarting.xml|data/spawns/Others/KrateisCube.xml
bridge.9f4141c1dce3d9293f5501e1	component.c005299f6bcae5c6d8af8bb7	32768	3	R	generated.farm.7a05c033eabc7172e800caf4.anchor	population.ingress.dark-elf.03	14176	-18036	-3120	28377	10916	-4232	0	0	NO_PATH	0	0	data/spawns/Rune/PrimevalIsle.xml|data/stats/players/templates/StartingClass/DarkFighter.xml|data/stats/players/templates/StartingClass/DarkMystic.xml
bridge.9fc4a48f0b84ab1574e83913	component.ac8aaf293b35ddbae57a8843	8192	6	F	population.ingress.elf.05	generated.farm.0c00c3760a3ec18fa034d798.anchor	46048	41141	-3504	38303	39146	-3576	0	0	NO_PATH	0	0	data/stats/players/templates/StartingClass/ElvenFighter.xml|data/stats/players/templates/StartingClass/ElvenMystic.xml|data/spawns/ElvenTerritory/ElvenStarting.xml
bridge.9ff09a90b840f7b59169a0cd	component.d2768e1382c5c1b8ae3c6408	32768	11	R	generated.farm.c559aedb44e0cf87e1fb32c9.anchor	population.ingress.dwarf.05	108605	-150431	-2328	108549	-174075	-408	0	0	NO_PATH	0	0	data/spawns/Others/PlunderousPlains.xml|data/stats/players/templates/StartingClass/DwarvenFighter.xml
bridge.a0084e0a2d44f922190673d7	component.91a9f940fd17192b7296dafb	32768	15	F	population.ingress.dark-elf.04	generated.farm.2b9973b84571ebc7de64f76c.anchor	28456	10997	-4232	19794	-10621	-2848	0	0	NO_PATH	0	0	data/stats/players/templates/StartingClass/DarkFighter.xml|data/stats/players/templates/StartingClass/DarkMystic.xml|data/spawns/Rune/PrimevalIsle.xml
bridge.a032eba4b75173171e3daca6	component.c8a8b60142ed368a7d7be480	32768	16	F	generated.farm.36714f071123eedc9cac6c05.anchor	generated.farm.64e1872735f98ad838918703.anchor	28436	11041	-4232	23186	-20161	-2704	0	0	NO_PATH	0	0	data/spawns/Others/Gremlins.xml|data/spawns/Rune/PrimevalIsle.xml
bridge.a044152bc8593eb9aea5ba7c	component.7fa3659f0208cf5e905507bb	32768	3	R	generated.farm.67e7b738e88cc6c0f12d73f7.anchor	population.route.dark-elf.a3	2909	-9872	-3744	25304	13256	-3648	0	0	NO_PATH	0	0	data/spawns/Rune/PrimevalIsle.xml|data/stats/players/templates/StartingClass/DarkFighter.xml|data/stats/players/templates/StartingClass/DarkMystic.xml|data/spawns/DarkElfTerritory/DarkElfStarting.xml
bridge.a0604b19687bed18739a6549	component.10e204556f859c1b294aeca4	32768	11	R	generated.farm.c4c86a1c1e9423c05d843bc9.anchor	generated.farm.088e8bc59766f22991a08e5d.anchor	160145	-219344	-3528	130094	-209377	-3552	0	0	NO_PATH	0	0	data/spawns/DwarvenTerritory/DwarvenStarting.xml|data/spawns/DwarvenTerritory/DwarvenStarting.xml
bridge.a065f0bb708734a401de9b3b	component.e45c121434ca6df869eac805	16384	2	R	generated.farm.2f28e5148a38d8f4c4959a1d.anchor	population.route.orc.a3	-39917	-109286	-1800	-50845	-113715	-168	0	0	NO_PATH	0	0	data/spawns/OrcTerritory/OrcStarting.xml|data/stats/players/templates/StartingClass/OrcFighter.xml|data/stats/players/templates/StartingClass/OrcMystic.xml|data/spawns/OrcTerritory/OrcStarting.xml
bridge.a07041997d13021842d88c8f	component.43988bed6a656186e489a9b7	32768	5	F	population.ingress.elf.06	generated.farm.88cab6697f22f34bf81c16f7.anchor	45978	41196	-3504	53010	23851	-5384	0	0	NO_PATH	0	0	data/stats/players/templates/StartingClass/ElvenFighter.xml|data/stats/players/templates/StartingClass/ElvenMystic.xml|data/spawns/Oren/SeaOfSpores.xml
bridge.a0bfbee34c5dbed99c4b8774	component.89c4c607fc4fee76637095fd	16384	2	F	population.farming.elf.20534	generated.farm.519759dffe4a0803b970d3ee.anchor	44126	42751	-3488	48712	55466	-3464	0	0	VALID_DIRECT	13517	1	data/spawns/ElvenTerritory/ElvenStarting.xml|data/spawns/ElvenTerritory/ElvenStarting.xml
bridge.a0d16d2c9ae74fe23c8f4723	component.0075e5d7b40ef037d898ed1f	32768	3	F	population.route.orc.a3	generated.farm.af6a6553f7f39fcbe2980198.anchor	-50845	-113715	-168	-21358	-105037	-1856	0	0	NO_PATH	0	0	data/stats/players/templates/StartingClass/OrcFighter.xml|data/stats/players/templates/StartingClass/OrcMystic.xml|data/spawns/OrcTerritory/OrcStarting.xml|data/spawns/OrcTerritory/OrcStarting.xml
bridge.a0e9d2782c3cbdd1a4705243	component.6cb9bd2a57139e6f69dd23f1	32768	2	R	generated.farm.b4beace3b35fcf43f7ac6d15.anchor	population.route.orc.a2	-46718	-86971	-8320	-52637	-113715	-80	0	0	NO_PATH	0	0	data/spawns/Others/KrateisCube.xml|data/stats/players/templates/StartingClass/OrcFighter.xml|data/stats/players/templates/StartingClass/OrcMystic.xml|data/spawns/OrcTerritory/OrcStarting.xml
bridge.a0ea731a13d4f2ba7cefbe06	component.e45c121434ca6df869eac805	16384	4	R	generated.farm.2f28e5148a38d8f4c4959a1d.anchor	population.route.orc.a2	-39917	-109286	-1800	-52637	-113715	-80	0	0	NO_PATH	0	0	data/spawns/OrcTerritory/OrcStarting.xml|data/stats/players/templates/StartingClass/OrcFighter.xml|data/stats/players/templates/StartingClass/OrcMystic.xml|data/spawns/OrcTerritory/OrcStarting.xml
bridge.a0f5531d031d9d0265f615b3	component.6c8644500a9312467848babc	32768	2	F	population.farming.elf.20534	elven.farming.oren04-2019-10s	44126	42751	-3488	16057	52260	-3544	0	0	NO_PATH	0	0	data/spawns/ElvenTerritory/ElvenStarting.xml|data/spawns/ElvenTerritory/ElvenStarting.xml
bridge.a14d3c92bea7948d0ca45e88	component.20a0c83d40a7bb22c26e0395	32768	7	F	population.ingress.dark-elf.05	generated.farm.f137dbbc3ac90f445b806c09.anchor	28461	11044	-4232	25328	-15199	-2744	0	0	NO_PATH	0	0	data/stats/players/templates/StartingClass/DarkFighter.xml|data/stats/players/templates/StartingClass/DarkMystic.xml|data/spawns/Rune/PrimevalIsle.xml
bridge.a1527b81ef1b8cd78467a012	component.89c4c607fc4fee76637095fd	16384	16	R	generated.farm.57a38f13450e54452b749339.anchor	population.ingress.elf.01	52710	55450	-3320	46045	41251	-3504	0	0	NO_PATH	0	0	data/spawns/ElvenTerritory/ElvenStarting.xml|data/stats/players/templates/StartingClass/ElvenFighter.xml|data/stats/players/templates/StartingClass/ElvenMystic.xml
bridge.a16314672ec814497a1c1386	component.20a0c83d40a7bb22c26e0395	32768	3	R	generated.farm.f137dbbc3ac90f445b806c09.anchor	population.ingress.dark-elf.02	25328	-15199	-2744	28302	11008	-4232	0	0	NO_PATH	0	0	data/spawns/Rune/PrimevalIsle.xml|data/stats/players/templates/StartingClass/DarkFighter.xml|data/stats/players/templates/StartingClass/DarkMystic.xml
bridge.a17966e23807ab7de65463a3	component.635e8cdeb1b598aac805b64c	32768	3	F	population.ingress.human-mystic.02	talking-island.farming.gludio31-1624-11s	-90954	248118	-3568	-103448	227187	-3672	0	0	NO_PATH	0	0	data/stats/players/templates/StartingClass/HumanMystic.xml|data/spawns/TalkingIsland/TalkingIslandMonsters.xml
bridge.a193c162895466aefe0c6b3a	component.54cd7d198274de64199ae37f	8192	2	F	population.ingress.human-fighter.04	generated.farm.9caf3d9715b6ff604306dc10.anchor	-71467	258378	-3104	-71338	258393	-3072	0	0	NO_PATH	0	0	data/stats/players/templates/StartingClass/HumanFighter.xml|data/spawns/Others/Gremlins.xml
bridge.a194a76a51e5699a35a4d133	component.16897e3b9846dd267a30bfc1	32768	13	F	population.ingress.dark-elf.03	generated.farm.08f4fb3b22c13f96f311c779.anchor	28377	10916	-4232	20813	-14323	-3040	0	0	NO_PATH	0	0	data/stats/players/templates/StartingClass/DarkFighter.xml|data/stats/players/templates/StartingClass/DarkMystic.xml|data/spawns/Rune/PrimevalIsle.xml
bridge.a1ae3ffac21aa93f52541f24	component.18bacfc235ddd517347d8830	32768	8	R	generated.farm.6cc54f41492a8ebff56a5815.anchor	generated.farm.ea72d768f3c8ec3d79c1a530.anchor	119130	-144099	-3016	116056	-175091	-1016	0	0	NO_PATH	0	0	data/spawns/Others/PlunderousPlains.xml|data/spawns/DwarvenTerritory/DwarvenStarting.xml
bridge.a1c2d4b691ed4345a2864570	component.1331db1a6d957945bfb43b8d	8192	16	R	generated.farm.315ead3894472d3a362b4277.anchor	generated.farm.d6f82637bd6fae44cd109781.anchor	52862	41153	-3488	48366	42521	-3472	0	0	VALID_DIRECT	4700	1	data/spawns/ElvenTerritory/ElvenStarting.xml|data/spawns/ElvenTerritory/ElvenStarting.xml
bridge.a1d29212c3bea763d26b2bdc	component.6e7449d40cf7c2785c9bf89b	8192	5	R	generated.farm.bfb0335de417bc81a7e9b231.anchor	population.ingress.human-mystic.01	-88052	241579	-3600	-90875	248162	-3568	0	0	NO_PATH	0	0	data/spawns/TalkingIsland/TalkingIslandMonsters.xml|data/stats/players/templates/StartingClass/HumanMystic.xml
bridge.a1db6b9edb5df4b30e827dae	component.635e8cdeb1b598aac805b64c	32768	10	F	population.ingress.human-mystic.03	generated.farm.6a1b028f65325f1df40b9a9c.anchor	-90918	248070	-3568	-105224	224600	-3640	0	0	NO_PATH	0	0	data/stats/players/templates/StartingClass/HumanMystic.xml|data/spawns/TalkingIsland/TalkingIslandMonsters.xml
bridge.a1de43a0e6816d0a645f13cc	component.16897e3b9846dd267a30bfc1	32768	1	R	generated.farm.a5c0bfc2913c1277af9aa4f4.anchor	population.route.dark-elf.a1	21571	-14364	-3104	25992	11112	-3720	0	0	NO_PATH	0	0	data/spawns/Rune/PrimevalIsle.xml|data/stats/players/templates/StartingClass/DarkFighter.xml|data/stats/players/templates/StartingClass/DarkMystic.xml|data/spawns/DarkElfTerritory/DarkElfStarting.xml
bridge.a1fb4d1d032c9f186d0326f6	component.ac8aaf293b35ddbae57a8843	8192	5	F	population.ingress.elf.06	generated.farm.0c00c3760a3ec18fa034d798.anchor	45978	41196	-3504	38303	39146	-3576	0	0	NO_PATH	0	0	data/stats/players/templates/StartingClass/ElvenFighter.xml|data/stats/players/templates/StartingClass/ElvenMystic.xml|data/spawns/ElvenTerritory/ElvenStarting.xml
bridge.a232290511ff958662d92c6e	component.34034eda8581571932b22786	8192	5	R	generated.farm.e72c2c1fdf7715981415fcdb.anchor	population.route.orc.a1	-49543	-110784	-240	-54685	-113715	-520	0	0	NO_PATH	0	0	data/spawns/OrcTerritory/OrcStarting.xml|data/stats/players/templates/StartingClass/OrcFighter.xml|data/stats/players/templates/StartingClass/OrcMystic.xml|data/spawns/OrcTerritory/OrcStarting.xml
bridge.a259022eae2665972495b265	component.ba083b6371fa0acdb077e91c	8192	9	R	generated.farm.eda8543a4ab4d30e028f9b97.anchor	population.route.orc.a3	-56273	-113606	-672	-50845	-113715	-168	0	0	VALID_DIRECT	5453	1	data/spawns/Others/Gremlins.xml|data/stats/players/templates/StartingClass/OrcFighter.xml|data/stats/players/templates/StartingClass/OrcMystic.xml|data/spawns/OrcTerritory/OrcStarting.xml
bridge.a27124fd510b7475e9024b15	component.6e3a57525358ac42a6fda077	32768	4	F	generated.farm.57a38f13450e54452b749339.anchor	generated.farm.1a8d5255f1d68b98358f16fc.anchor	52710	55450	-3320	70230	76786	-3696	0	0	NO_PATH	0	0	data/spawns/ElvenTerritory/ElvenStarting.xml|data/spawns/Oren/TimakOutpost.xml
bridge.a2713be3b31116131f48a3ed	component.6b6dbba2f1367f01991dfe32	32768	8	R	generated.farm.59f334c6c58a366ac0ebe3c9.anchor	population.ingress.orc.06	-50720	-82961	-8320	-56682	-113730	-672	0	0	NO_PATH	0	0	data/spawns/Others/KrateisCube.xml|data/stats/players/templates/StartingClass/OrcFighter.xml|data/stats/players/templates/StartingClass/OrcMystic.xml
bridge.a2967a8df53aed37a1180319	component.0075e5d7b40ef037d898ed1f	32768	4	F	population.farming.orc.20535	generated.farm.0ea9abb137efe17aa6607d08.anchor	-49106	-115854	-160	-19004	-108238	-2096	0	0	NO_PATH	0	0	data/spawns/OrcTerritory/OrcStarting.xml|data/spawns/OrcTerritory/OrcStarting.xml
bridge.a29b81f88891efc0230dcd24	component.b7883cab062e250a4845bacc	32768	5	F	population.ingress.orc.01	generated.farm.458673ead1d6f5e03c0230db.anchor	-56733	-113459	-672	-46721	-84975	-8320	0	0	NO_PATH	0	0	data/stats/players/templates/StartingClass/OrcFighter.xml|data/stats/players/templates/StartingClass/OrcMystic.xml|data/spawns/Others/KrateisCube.xml
bridge.a2af2a6242cd60d5022f00d1	component.43988bed6a656186e489a9b7	32768	1	F	population.ingress.elf.04	generated.farm.88cab6697f22f34bf81c16f7.anchor	46115	41141	-3504	53010	23851	-5384	0	0	NO_PATH	0	0	data/stats/players/templates/StartingClass/ElvenFighter.xml|data/stats/players/templates/StartingClass/ElvenMystic.xml|data/spawns/Oren/SeaOfSpores.xml
bridge.a2b5abc384fd5315b1aa7264	component.46078c3265041fc30a5d4a44	16384	5	F	population.ingress.elf.01	generated.farm.c966cf46f4c8074e4ddbc1d1.anchor	46045	41251	-3504	35728	46771	-3688	0	0	NO_PATH	0	0	data/stats/players/templates/StartingClass/ElvenFighter.xml|data/stats/players/templates/StartingClass/ElvenMystic.xml|data/spawns/ElvenTerritory/ElvenStarting.xml
bridge.a2e2b637b136fd26f291d01e	component.d2768e1382c5c1b8ae3c6408	32768	7	R	generated.farm.c559aedb44e0cf87e1fb32c9.anchor	population.route.dwarf.w2	108605	-150431	-2328	110440	-173944	-528	0	0	NO_PATH	0	0	data/spawns/Others/PlunderousPlains.xml|data/stats/players/templates/StartingClass/DwarvenFighter.xml|data/spawns/DwarvenTerritory/DwarvenStarting.xml
bridge.a2f6b0cdb2c2afd9fce254ad	component.635e8cdeb1b598aac805b64c	32768	8	R	talking-island.farming.gludio31-1624-11s	population.route.human-mystic.a2	-103448	227187	-3672	-89144	249976	-3568	0	0	NO_PATH	0	0	data/spawns/TalkingIsland/TalkingIslandMonsters.xml|data/stats/players/templates/StartingClass/HumanMystic.xml|data/spawns/TalkingIsland/TalkingIslandMonsters.xml
bridge.a322c3165a00a639f97db4ff	component.9fbefbbe289820cb000eadf1	32768	10	R	generated.farm.17667c6c78e20a9fb3c4ae08.anchor	population.route.orc.a4	-52719	-84968	-8320	-50077	-115763	-160	0	0	NO_PATH	0	0	data/spawns/Others/KrateisCube.xml|data/stats/players/templates/StartingClass/OrcFighter.xml|data/stats/players/templates/StartingClass/OrcMystic.xml|data/spawns/OrcTerritory/OrcStarting.xml
bridge.a32a936d5e2a9bb937bbad93	component.4542949d001791c13737d9b4	8192	10	F	population.route.human-mystic.c1	generated.farm.432802d3c2901d9686cb1651.anchor	-87848	250568	-3616	-90610	248293	-3568	0	0	VALID_PATH	3739	5	data/stats/players/templates/StartingClass/HumanMystic.xml|data/spawns/TalkingIsland/TalkingIslandMonsters.xml|data/spawns/Others/Gremlins.xml
bridge.a34b3f4cb85b477c43649ca4	component.a2230627cce424b0593fedc6	32768	14	F	population.ingress.dark-elf.03	generated.farm.d2a12a3e3ea0bce7dcb3d8f3.anchor	28377	10916	-4232	16132	-9783	-3280	0	0	NO_PATH	0	0	data/stats/players/templates/StartingClass/DarkFighter.xml|data/stats/players/templates/StartingClass/DarkMystic.xml|data/spawns/Rune/PrimevalIsle.xml
bridge.a3513280b63a6a57a8e4e196	component.63defb22486d49c052a69667	32768	8	R	generated.farm.946a41fbbc63614320c02954.anchor	population.ingress.elf.06	53398	63278	-3480	45978	41196	-3504	0	0	NO_PATH	0	0	data/spawns/ElvenTerritory/ElvenStarting.xml|data/stats/players/templates/StartingClass/ElvenFighter.xml|data/stats/players/templates/StartingClass/ElvenMystic.xml
bridge.a3917554306fd40d2e5864c8	component.d1bd433314f456b9fe85fbdf	32768	10	R	generated.farm.0d7c07144eea5c608cf6c8cf.anchor	population.ingress.orc.03	-25035	-119836	-1968	-56728	-113610	-672	0	0	NO_PATH	0	0	data/spawns/OrcTerritory/OrcStarting.xml|data/stats/players/templates/StartingClass/OrcFighter.xml|data/stats/players/templates/StartingClass/OrcMystic.xml
bridge.a392752ddb10ecf993081bf3	component.fa8902bdab910bb205f46118	16384	13	R	generated.farm.e906a4f684b66f9c100d44e1.anchor	population.ingress.dwarf.01	114049	-161398	-1480	108644	-173947	-408	0	0	NO_PATH	0	0	data/spawns/Others/PlunderousPlains.xml|data/stats/players/templates/StartingClass/DwarvenFighter.xml
bridge.a3929c5fc2f394c572bf2419	component.d4f263a6130862446fcab68a	16384	1	R	generated.farm.f9312932904adae788963399.anchor	population.route.dwarf.a2	108605	-160621	-1688	110948	-173435	-584	0	0	NO_PATH	0	0	data/spawns/Others/PlunderousPlains.xml|data/stats/players/templates/StartingClass/DwarvenFighter.xml|data/spawns/DwarvenTerritory/DwarvenStarting.xml
bridge.a3ba958329b23f39a776dead	component.57e1877e7c197814b8384604	16384	1	F	generated.farm.ed8992f2edcbacf7c4f24608.anchor	generated.farm.4c20d26f8b57611bdafd0d33.anchor	117968	-173208	-432	124885	-159590	-1288	0	0	NO_PATH	0	0	data/spawns/DwarvenTerritory/DwarvenStarting.xml|data/spawns/Others/PlunderousPlains.xml
bridge.a3bbe0a9ec100fefd8b4384a	component.58fa7816fe6f000be807e01c	8192	1	R	generated.farm.f66a8a0231b2d83dac29cc4d.anchor	population.route.dark-elf.a2	24496	9206	-3584	25720	11288	-3720	0	0	VALID_DIRECT	2419	1	data/spawns/DarkElfTerritory/DarkElfStarting.xml|data/stats/players/templates/StartingClass/DarkFighter.xml|data/stats/players/templates/StartingClass/DarkMystic.xml|data/spawns/DarkElfTerritory/DarkElfStarting.xml
bridge.a415229a1f6bb4d30968e8f8	component.18bacfc235ddd517347d8830	32768	13	R	generated.farm.6cc54f41492a8ebff56a5815.anchor	population.route.dwarf.i03-w0	119130	-144099	-3016	108552	-174024	-408	0	0	NO_PATH	0	0	data/spawns/Others/PlunderousPlains.xml|data/stats/players/templates/StartingClass/DwarvenFighter.xml|data/spawns/DwarvenTerritory/DwarvenStarting.xml
bridge.a45e214e9ae4cbe50791fb21	component.41e35f446ee4f00762502fdb	32768	10	F	population.ingress.dark-elf.05	generated.farm.d39331b999c56e6df46c579c.anchor	28461	11044	-4232	1740	22546	-3368	0	0	NO_PATH	0	0	data/stats/players/templates/StartingClass/DarkFighter.xml|data/stats/players/templates/StartingClass/DarkMystic.xml|data/spawns/DarkElfTerritory/DarkElfStarting.xml
bridge.a484a9ff014aaa51960e97e8	component.ba083b6371fa0acdb077e91c	8192	4	R	generated.farm.eda8543a4ab4d30e028f9b97.anchor	population.ingress.orc.03	-56273	-113606	-672	-56728	-113610	-672	0	0	VALID_DIRECT	456	1	data/spawns/Others/Gremlins.xml|data/stats/players/templates/StartingClass/OrcFighter.xml|data/stats/players/templates/StartingClass/OrcMystic.xml
bridge.a4b158d3887aea9301e3ff04	component.214784823dfee247eabd4cc1	16384	9	R	generated.farm.e685f7e7994e7e1f1e589631.anchor	population.route.orc.a2	-37492	-118051	-1712	-52637	-113715	-80	0	0	NO_PATH	0	0	data/spawns/OrcTerritory/OrcStarting.xml|data/stats/players/templates/StartingClass/OrcFighter.xml|data/stats/players/templates/StartingClass/OrcMystic.xml|data/spawns/OrcTerritory/OrcStarting.xml
bridge.a4d93469b627d886f58862a4	component.43988bed6a656186e489a9b7	32768	7	F	population.ingress.elf.04	generated.farm.4d58dd1be9d4b93272b379ec.anchor	46115	41141	-3504	49877	22679	-5512	0	0	NO_PATH	0	0	data/stats/players/templates/StartingClass/ElvenFighter.xml|data/stats/players/templates/StartingClass/ElvenMystic.xml|data/spawns/Oren/SeaOfSpores.xml
bridge.a51eb746c7d1e4f36a4b1f3c	component.e9ea386cf0bd55a495081c3d	32768	7	F	population.ingress.elf.02	elven.farming.oren04-2019-08s	46117	41247	-3504	17170	46114	-3568	0	0	NO_PATH	0	0	data/stats/players/templates/StartingClass/ElvenFighter.xml|data/stats/players/templates/StartingClass/ElvenMystic.xml|data/spawns/ElvenTerritory/ElvenStarting.xml
bridge.a52c6b8e36a09e712ba885ef	component.46078c3265041fc30a5d4a44	16384	4	F	generated.farm.428b85922009e44829ae2db0.anchor	generated.farm.c966cf46f4c8074e4ddbc1d1.anchor	46131	41458	-3504	35728	46771	-3688	0	0	NO_PATH	0	0	data/spawns/Others/Gremlins.xml|data/spawns/ElvenTerritory/ElvenStarting.xml
bridge.a5349b8ab114586a1ebdb869	component.16897e3b9846dd267a30bfc1	32768	12	R	generated.farm.16548638bafc10955396a33f.anchor	population.route.dark-elf.a2	20880	-14606	-3056	25720	11288	-3720	0	0	NO_PATH	0	0	data/spawns/Rune/PrimevalIsle.xml|data/stats/players/templates/StartingClass/DarkFighter.xml|data/stats/players/templates/StartingClass/DarkMystic.xml|data/spawns/DarkElfTerritory/DarkElfStarting.xml
bridge.a548226dced5ab58a2d65af4	component.16897e3b9846dd267a30bfc1	32768	3	F	population.route.dark-elf.a2	generated.farm.a5c0bfc2913c1277af9aa4f4.anchor	25720	11288	-3720	21571	-14364	-3104	0	0	NO_PATH	0	0	data/stats/players/templates/StartingClass/DarkFighter.xml|data/stats/players/templates/StartingClass/DarkMystic.xml|data/spawns/DarkElfTerritory/DarkElfStarting.xml|data/spawns/Rune/PrimevalIsle.xml
bridge.a567594c24347d8c13f3d1ec	component.e8e9e8d1bd3d8a9d8cfae332	16384	1	F	generated.farm.aa29c1792ab359df7ec6bdd3.anchor	generated.farm.5fb61de193027c2e669a752c.anchor	144241	-204346	-3128	158192	-210477	-3672	0	0	NO_PATH	0	0	data/spawns/DwarvenTerritory/DwarvenStarting.xml|data/spawns/DwarvenTerritory/DwarvenStarting.xml
bridge.a59cb6df58abf5f8434c1809	component.f173a1114ed51df8ab1b4fef	32768	1	F	generated.farm.f66a8a0231b2d83dac29cc4d.anchor	generated.farm.6b558842ff439d19ddf9f0ab.anchor	24496	9206	-3584	2803	-13523	-3528	0	0	NO_PATH	0	0	data/spawns/DarkElfTerritory/DarkElfStarting.xml|data/spawns/Rune/PrimevalIsle.xml
bridge.a5a1e99f97b2dd79af223fe3	component.7e4161a95ce7d75a795e5571	8192	2	R	generated.farm.7451e61fe8e94f49afb1f9e2.anchor	population.farming.elf.20534	39050	41882	-3592	44126	42751	-3488	0	0	VALID_DIRECT	5151	1	data/spawns/ElvenTerritory/ElvenStarting.xml|data/spawns/ElvenTerritory/ElvenStarting.xml
bridge.a5b420d1a281b7ebae44b019	component.6c8644500a9312467848babc	32768	8	F	population.ingress.elf.04	elven.farming.oren04-2019-10s	46115	41141	-3504	16057	52260	-3544	0	0	NO_PATH	0	0	data/stats/players/templates/StartingClass/ElvenFighter.xml|data/stats/players/templates/StartingClass/ElvenMystic.xml|data/spawns/ElvenTerritory/ElvenStarting.xml
bridge.a6106b848a69653419692136	component.d1bd433314f456b9fe85fbdf	32768	9	F	population.ingress.orc.05	generated.farm.0d7c07144eea5c608cf6c8cf.anchor	-56743	-113757	-672	-25035	-119836	-1968	0	0	NO_PATH	0	0	data/stats/players/templates/StartingClass/OrcFighter.xml|data/stats/players/templates/StartingClass/OrcMystic.xml|data/spawns/OrcTerritory/OrcStarting.xml
bridge.a62f93e7cfde26bb631addd9	component.9e6d3547bb369a54417d2a8e	32768	5	F	population.route.orc.a1	generated.farm.8eacaac16a08449c5372ffbc.anchor	-54685	-113715	-520	-52719	-82961	-8320	0	0	NO_PATH	0	0	data/stats/players/templates/StartingClass/OrcFighter.xml|data/stats/players/templates/StartingClass/OrcMystic.xml|data/spawns/OrcTerritory/OrcStarting.xml|data/spawns/Others/KrateisCube.xml
bridge.a6592c8a34ce8829f2fb1c16	component.a15eac19b29dbd838fc4cf11	32768	1	R	generated.farm.a4122c4a8bed91d0e6a70bc3.anchor	population.route.dwarf.a2	107302	-145184	-3656	110948	-173435	-584	0	0	NO_PATH	0	0	data/spawns/Others/PlunderousPlains.xml|data/stats/players/templates/StartingClass/DwarvenFighter.xml|data/spawns/DwarvenTerritory/DwarvenStarting.xml
bridge.a65fa8e81df0dc0d95adab0a	component.6b63e9a22c52715dd6894332	8192	14	R	generated.farm.52dc95334718091370944146.anchor	population.ingress.elf.04	41267	39070	-3496	46115	41141	-3504	0	0	NO_PATH	0	0	data/spawns/ElvenTerritory/ElvenStarting.xml|data/stats/players/templates/StartingClass/ElvenFighter.xml|data/stats/players/templates/StartingClass/ElvenMystic.xml
bridge.a6999a3bfbf2d4ca4d2da9fc	component.d2768e1382c5c1b8ae3c6408	32768	13	R	generated.farm.c559aedb44e0cf87e1fb32c9.anchor	population.ingress.dwarf.06	108605	-150431	-2328	108576	-174122	-408	0	0	NO_PATH	0	0	data/spawns/Others/PlunderousPlains.xml|data/stats/players/templates/StartingClass/DwarvenFighter.xml
bridge.a6c2331d3712d7d4a682540d	component.d17c0330770bec1efedfb20e	8192	1	F	generated.farm.d6f82637bd6fae44cd109781.anchor	generated.farm.dbb636a9327a8061cc7fde42.anchor	48366	42521	-3472	53667	44890	-3528	0	0	NO_PATH	0	0	data/spawns/ElvenTerritory/ElvenStarting.xml|data/spawns/ElvenTerritory/ElvenStarting.xml
bridge.a6c25302b560fb44fbfe330e	component.17d39984ff40b347b4bbe819	8192	6	R	generated.farm.c9e89f5704213c9f66eb9b98.anchor	generated.farm.77743197e238ebb0e1e3eac2.anchor	168800	-191413	-2792	175207	-189475	-2304	0	0	NO_PATH	0	0	data/spawns/DwarvenTerritory/DwarvenStarting.xml|data/spawns/DwarvenTerritory/DwarvenStarting.xml
bridge.a6e92c950d96b3cf0c7fe6ce	component.4562799c5dc584243d56e35b	32768	6	R	generated.farm.bff7beafbd229e70fb09ec46.anchor	population.ingress.orc.04	-52728	-86971	-8320	-56693	-113610	-672	0	0	NO_PATH	0	0	data/spawns/Others/KrateisCube.xml|data/stats/players/templates/StartingClass/OrcFighter.xml|data/stats/players/templates/StartingClass/OrcMystic.xml
bridge.a6fbb628a6a004e3c6f9eb7c	component.a897c66aac15ed82ae4b47cc	16384	2	F	generated.farm.768fa444a79123489bd7aa1d.anchor	generated.farm.5eb90806db1167da3a0881d8.anchor	137660	-202383	-3664	126625	-194289	-3288	0	0	NO_PATH	0	0	data/spawns/DwarvenTerritory/DwarvenStarting.xml|data/spawns/DwarvenTerritory/DwarvenStarting.xml
bridge.a72a58ca3e09ae52966ca3e9	component.f5ec43735be4685d0f522b55	32768	3	F	population.route.orc.a1	generated.farm.c7902e29cb3795a4ce8dcf2c.anchor	-54685	-113715	-520	-50720	-86977	-8320	0	0	NO_PATH	0	0	data/stats/players/templates/StartingClass/OrcFighter.xml|data/stats/players/templates/StartingClass/OrcMystic.xml|data/spawns/OrcTerritory/OrcStarting.xml|data/spawns/Others/KrateisCube.xml
bridge.a72b95916d1bf3391d3d0afc	component.9fbefbbe289820cb000eadf1	32768	8	F	population.ingress.orc.06	generated.farm.17667c6c78e20a9fb3c4ae08.anchor	-56682	-113730	-672	-52719	-84968	-8320	0	0	NO_PATH	0	0	data/stats/players/templates/StartingClass/OrcFighter.xml|data/stats/players/templates/StartingClass/OrcMystic.xml|data/spawns/Others/KrateisCube.xml
bridge.a72e9d30e6b3e802d0650d9f	component.5170fd1c3e2b6fe2f9af1ad8	8192	3	R	generated.farm.54772e1b8c2e8c258ff204b4.anchor	population.ingress.human-mystic.03	-94346	250566	-3552	-90918	248070	-3568	0	0	NO_PATH	0	0	data/spawns/TalkingIsland/TalkingIslandMonsters.xml|data/stats/players/templates/StartingClass/HumanMystic.xml
bridge.a77332c957ac24aa21e1c19e	component.16897e3b9846dd267a30bfc1	32768	9	F	population.ingress.dark-elf.01	generated.farm.a5c0bfc2913c1277af9aa4f4.anchor	28295	11063	-4232	21571	-14364	-3104	0	0	NO_PATH	0	0	data/stats/players/templates/StartingClass/DarkFighter.xml|data/stats/players/templates/StartingClass/DarkMystic.xml|data/spawns/Rune/PrimevalIsle.xml
bridge.a776bbd0928adc47c7ab912a	component.8958c8d9edf88034579b430b	32768	1	F	population.route.dark-elf.a1	generated.farm.74d4cc08c4a95e70092d77ee.anchor	25992	11112	-3720	24538	-17756	-2752	0	0	NO_PATH	0	0	data/stats/players/templates/StartingClass/DarkFighter.xml|data/stats/players/templates/StartingClass/DarkMystic.xml|data/spawns/DarkElfTerritory/DarkElfStarting.xml|data/spawns/Rune/PrimevalIsle.xml
bridge.a77e818e1b8c413472be86bb	component.4542949d001791c13737d9b4	8192	12	R	generated.farm.432802d3c2901d9686cb1651.anchor	generated.farm.b2851d4f7a4fbfa0f63fdf67.anchor	-90610	248293	-3568	-86401	253927	-3736	0	0	NO_PATH	0	0	data/spawns/Others/Gremlins.xml|data/spawns/TalkingIsland/TalkingIslandMonsters.xml
bridge.a7955371392ad6d4d2565055	component.18c9e4ee0311769668b2eb74	8192	11	R	generated.farm.74718a641fa7e78154fea892.anchor	population.route.kamael.b4	-125620	37399	1176	-124120	37896	1176	0	0	VALID_PATH	1712	2	data/spawns/Others/Gremlins.xml|data/stats/players/templates/StartingClass/KamaelMaleSoldier.xml|data/stats/players/templates/StartingClass/KamaelFemaleSoldier.xml|data/spawns/Kamael/IsleOfSouls.xml
bridge.a7956f1245b6029ef432f0ba	component.093885e4dafbe6ffb61aca3e	16384	7	F	population.ingress.elf.06	generated.farm.21c8e0a71fc1a30fb94fd849.anchor	45978	41196	-3504	57402	30692	-3768	0	0	NO_PATH	0	0	data/stats/players/templates/StartingClass/ElvenFighter.xml|data/stats/players/templates/StartingClass/ElvenMystic.xml|data/spawns/Oren/SeaOfSpores.xml
bridge.a7dc2103ca3e685371f21d3f	component.34034eda8581571932b22786	8192	11	F	population.ingress.orc.05	generated.farm.e72c2c1fdf7715981415fcdb.anchor	-56743	-113757	-672	-49543	-110784	-240	0	0	NO_PATH	0	0	data/stats/players/templates/StartingClass/OrcFighter.xml|data/stats/players/templates/StartingClass/OrcMystic.xml|data/spawns/OrcTerritory/OrcStarting.xml
bridge.a80e8c5b3d16ae46caabaaba	component.81e20220e9ebdfeacef509c3	16384	1	F	population.farming.orc.20535	generated.farm.848f0d14f7a08b2ce9067798.anchor	-49106	-115854	-160	-39240	-120828	-1704	0	0	NO_PATH	0	0	data/spawns/OrcTerritory/OrcStarting.xml|data/spawns/OrcTerritory/OrcStarting.xml
bridge.a88c56010bbcfa0eab734b30	component.17d39984ff40b347b4bbe819	8192	1	F	generated.farm.ccd05d96d24167ee9a70c395.anchor	generated.farm.013f818c1372afc740e3cbc2.anchor	173397	-189657	-2016	174089	-194394	-3464	0	0	NO_PATH	0	0	data/spawns/DwarvenTerritory/DwarvenStarting.xml|data/spawns/DwarvenTerritory/DwarvenStarting.xml
bridge.a8a20f7286a112f3e7fa825e	component.41e35f446ee4f00762502fdb	32768	6	F	population.ingress.dark-elf.02	generated.farm.d39331b999c56e6df46c579c.anchor	28302	11008	-4232	1740	22546	-3368	0	0	NO_PATH	0	0	data/stats/players/templates/StartingClass/DarkFighter.xml|data/stats/players/templates/StartingClass/DarkMystic.xml|data/spawns/DarkElfTerritory/DarkElfStarting.xml
bridge.a8c5ebdea687df48361d042a	component.e9ea386cf0bd55a495081c3d	32768	6	F	generated.farm.428b85922009e44829ae2db0.anchor	elven.farming.oren04-2019-08s	46131	41458	-3504	17170	46114	-3568	0	0	NO_PATH	0	0	data/spawns/Others/Gremlins.xml|data/spawns/ElvenTerritory/ElvenStarting.xml
bridge.a8d242c413f05364d8718874	component.c005299f6bcae5c6d8af8bb7	32768	5	R	generated.farm.7a05c033eabc7172e800caf4.anchor	population.ingress.dark-elf.01	14176	-18036	-3120	28295	11063	-4232	0	0	NO_PATH	0	0	data/spawns/Rune/PrimevalIsle.xml|data/stats/players/templates/StartingClass/DarkFighter.xml|data/stats/players/templates/StartingClass/DarkMystic.xml
bridge.a8ef4a316d1bd42f5a24c0ee	component.e04c7af9711cc5dd2a0ac987	16384	4	F	population.ingress.human-mystic.01	generated.farm.c566a65e22d07a92230b56a2.anchor	-90875	248162	-3568	-95163	237296	-3408	0	0	NO_PATH	0	0	data/stats/players/templates/StartingClass/HumanMystic.xml|data/spawns/TalkingIsland/TalkingIslandMonsters.xml
bridge.a91061616565dcd971718c6e	component.676d590e1ef5b84f1370c554	16384	9	F	generated.farm.8417f5d804225e6423448125.anchor	generated.farm.272004e5a17cd0446730abe2.anchor	132017	-208635	-3592	118008	-201492	-3624	0	0	NO_PATH	0	0	data/spawns/DwarvenTerritory/DwarvenStarting.xml|data/spawns/DwarvenTerritory/DwarvenStarting.xml
bridge.a921c81bfa59189bf868c434	component.1331db1a6d957945bfb43b8d	8192	4	R	generated.farm.9d9291cb563275968a77e851.anchor	population.ingress.elf.05	47907	37504	-3544	46048	41141	-3504	0	0	NO_PATH	0	0	data/spawns/ElvenTerritory/ElvenStarting.xml|data/stats/players/templates/StartingClass/ElvenFighter.xml|data/stats/players/templates/StartingClass/ElvenMystic.xml
bridge.a933e207389aa40f19510c62	component.de636b0f82c1f5ec50237e13	32768	9	R	generated.farm.a39f58864657ce5b49b26ee3.anchor	generated.farm.8417f5d804225e6423448125.anchor	116564	-195406	-3480	132017	-208635	-3592	0	0	NO_PATH	0	0	data/spawns/DwarvenTerritory/DwarvenStarting.xml|data/spawns/DwarvenTerritory/DwarvenStarting.xml
bridge.a9572e4fe39f552d43f4918c	component.18c9e4ee0311769668b2eb74	8192	15	F	population.route.kamael.d1	generated.farm.74718a641fa7e78154fea892.anchor	-124024	38152	1184	-125620	37399	1176	0	0	VALID_DIRECT	1765	1	data/stats/players/templates/StartingClass/KamaelMaleSoldier.xml|data/stats/players/templates/StartingClass/KamaelFemaleSoldier.xml|data/spawns/Kamael/IsleOfSouls.xml|data/spawns/Others/Gremlins.xml
bridge.a9728979b09797bfc66c660f	component.e04c7af9711cc5dd2a0ac987	16384	9	R	generated.farm.c566a65e22d07a92230b56a2.anchor	population.route.human-mystic.guard.30733	-95163	237296	-3408	-87847	250564	-3616	0	0	NO_PATH	0	0	data/spawns/TalkingIsland/TalkingIslandMonsters.xml|data/stats/players/templates/StartingClass/HumanMystic.xml|data/spawns/TalkingIsland/TalkingIslandMonsters.xml|data/stats/npcs/30700-30799.xml
bridge.a99f616471453b00d2655efe	component.6e3a57525358ac42a6fda077	32768	2	F	generated.farm.946a41fbbc63614320c02954.anchor	generated.farm.1a8d5255f1d68b98358f16fc.anchor	53398	63278	-3480	70230	76786	-3696	0	0	NO_PATH	0	0	data/spawns/ElvenTerritory/ElvenStarting.xml|data/spawns/Oren/TimakOutpost.xml
bridge.a9f7172b4df3322c86b93bfb	component.54cd7d198274de64199ae37f	8192	11	F	population.farming.human-fighter.20545	generated.farm.9caf3d9715b6ff604306dc10.anchor	-71081	254981	-3232	-71338	258393	-3072	0	0	NO_PATH	0	0	data/stats/npcs/20500-20599.xml|data/spawns/Others/17_25.xml|config/Custom/RandomSpawns.ini|data/spawns/Others/Gremlins.xml
bridge.aa0a39e58717f7cd0a9ed2a1	component.87a65b1ce32b28202691c2c8	32768	6	R	generated.farm.ac1e437a00c50adb5285e40a.anchor	population.ingress.orc.04	-44720	-86972	-8320	-56693	-113610	-672	0	0	NO_PATH	0	0	data/spawns/Others/KrateisCube.xml|data/stats/players/templates/StartingClass/OrcFighter.xml|data/stats/players/templates/StartingClass/OrcMystic.xml
bridge.aa106df806dfb9761b6eb14c	component.ac8aaf293b35ddbae57a8843	8192	5	R	generated.farm.0c00c3760a3ec18fa034d798.anchor	population.ingress.elf.06	38303	39146	-3576	45978	41196	-3504	0	0	NO_PATH	0	0	data/spawns/ElvenTerritory/ElvenStarting.xml|data/stats/players/templates/StartingClass/ElvenFighter.xml|data/stats/players/templates/StartingClass/ElvenMystic.xml
bridge.aa206158d12fdae1c17c0847	component.43988bed6a656186e489a9b7	32768	6	R	generated.farm.88cab6697f22f34bf81c16f7.anchor	population.ingress.elf.01	53010	23851	-5384	46045	41251	-3504	0	0	NO_PATH	0	0	data/spawns/Oren/SeaOfSpores.xml|data/stats/players/templates/StartingClass/ElvenFighter.xml|data/stats/players/templates/StartingClass/ElvenMystic.xml
bridge.aa33bd8b092c17a85ec86cd5	component.8958c8d9edf88034579b430b	32768	7	F	population.ingress.dark-elf.05	generated.farm.74d4cc08c4a95e70092d77ee.anchor	28461	11044	-4232	24538	-17756	-2752	0	0	NO_PATH	0	0	data/stats/players/templates/StartingClass/DarkFighter.xml|data/stats/players/templates/StartingClass/DarkMystic.xml|data/spawns/Rune/PrimevalIsle.xml
bridge.aa3a503421634bb4c2e8b305	component.01b441ae383a1b39494050f4	32768	11	R	generated.farm.9cf6fa1ef953b5b33ff9fe37.anchor	population.route.dark-elf.a3	13666	-12273	-3024	25304	13256	-3648	0	0	NO_PATH	0	0	data/spawns/Rune/PrimevalIsle.xml|data/stats/players/templates/StartingClass/DarkFighter.xml|data/stats/players/templates/StartingClass/DarkMystic.xml|data/spawns/DarkElfTerritory/DarkElfStarting.xml
bridge.aa48dbaebbdd3dc02bc769ff	component.0d29dfe1c9a010ee2b1a7342	16384	2	F	generated.farm.ed8992f2edcbacf7c4f24608.anchor	generated.farm.9d23ec2f77c7c345967951bb.anchor	117968	-173208	-432	119412	-188362	-3240	0	0	NO_PATH	0	0	data/spawns/DwarvenTerritory/DwarvenStarting.xml|data/spawns/DwarvenTerritory/DwarvenStarting.xml
bridge.aa4afee049034baa57a1b7ce	component.6b63e9a22c52715dd6894332	8192	16	R	generated.farm.68243117d5885fe09a0b57bc.anchor	population.farming.elf.20534	43767	37445	-3512	44126	42751	-3488	0	0	VALID_DIRECT	5319	1	data/spawns/ElvenTerritory/ElvenStarting.xml|data/spawns/ElvenTerritory/ElvenStarting.xml
bridge.aa821a1fc2cb669167819ef6	component.16897e3b9846dd267a30bfc1	32768	6	F	population.route.dark-elf.a1	generated.farm.16548638bafc10955396a33f.anchor	25992	11112	-3720	20880	-14606	-3056	0	0	NO_PATH	0	0	data/stats/players/templates/StartingClass/DarkFighter.xml|data/stats/players/templates/StartingClass/DarkMystic.xml|data/spawns/DarkElfTerritory/DarkElfStarting.xml|data/spawns/Rune/PrimevalIsle.xml
bridge.aa8ca0abec26b582dfdb988e	component.4562799c5dc584243d56e35b	32768	5	R	generated.farm.bff7beafbd229e70fb09ec46.anchor	population.route.orc.a1	-52728	-86971	-8320	-54685	-113715	-520	0	0	NO_PATH	0	0	data/spawns/Others/KrateisCube.xml|data/stats/players/templates/StartingClass/OrcFighter.xml|data/stats/players/templates/StartingClass/OrcMystic.xml|data/spawns/OrcTerritory/OrcStarting.xml
bridge.aa94b6a80bac1db7a56bbbe5	component.7e4161a95ce7d75a795e5571	8192	9	F	population.ingress.elf.03	generated.farm.7451e61fe8e94f49afb1f9e2.anchor	46182	41198	-3504	39050	41882	-3592	0	0	NO_PATH	0	0	data/stats/players/templates/StartingClass/ElvenFighter.xml|data/stats/players/templates/StartingClass/ElvenMystic.xml|data/spawns/ElvenTerritory/ElvenStarting.xml
bridge.aa9cd311d87ab0b646f3a799	component.17d39984ff40b347b4bbe819	8192	9	R	generated.farm.c9e89f5704213c9f66eb9b98.anchor	generated.farm.df677844f3af094815e984cc.anchor	168800	-191413	-2792	175556	-188129	-1672	0	0	NO_PATH	0	0	data/spawns/DwarvenTerritory/DwarvenStarting.xml|data/spawns/DwarvenTerritory/DwarvenStarting.xml
bridge.aaa99832a6c99db01ad21973	component.7e4161a95ce7d75a795e5571	8192	8	R	generated.farm.7451e61fe8e94f49afb1f9e2.anchor	population.ingress.elf.04	39050	41882	-3592	46115	41141	-3504	0	0	NO_PATH	0	0	data/spawns/ElvenTerritory/ElvenStarting.xml|data/stats/players/templates/StartingClass/ElvenFighter.xml|data/stats/players/templates/StartingClass/ElvenMystic.xml
bridge.aac76bda94756b436e4994a1	component.6cb9bd2a57139e6f69dd23f1	32768	8	F	population.ingress.orc.06	generated.farm.b4beace3b35fcf43f7ac6d15.anchor	-56682	-113730	-672	-46718	-86971	-8320	0	0	NO_PATH	0	0	data/stats/players/templates/StartingClass/OrcFighter.xml|data/stats/players/templates/StartingClass/OrcMystic.xml|data/spawns/Others/KrateisCube.xml
bridge.aaead383e2011ad99f5aa16a	component.cf7fc1a377a3ee4f1cd13c38	8192	3	F	population.ingress.dwarf.02	generated.farm.dcbfae7bd58c752ca4f1e7ca.anchor	108678	-174002	-408	108695	-173878	-400	0	0	VALID_PATH	148	3	data/stats/players/templates/StartingClass/DwarvenFighter.xml|data/spawns/Others/Gremlins.xml
bridge.ab13a6264db8c14642bebee6	component.9fbefbbe289820cb000eadf1	32768	3	R	generated.farm.17667c6c78e20a9fb3c4ae08.anchor	population.ingress.orc.02	-52719	-84968	-8320	-56686	-113470	-672	0	0	NO_PATH	0	0	data/spawns/Others/KrateisCube.xml|data/stats/players/templates/StartingClass/OrcFighter.xml|data/stats/players/templates/StartingClass/OrcMystic.xml
bridge.ab6ae6a03290bed299bd062e	component.ff75e3e7e0f1b27f3a0af453	32768	2	F	generated.farm.df677844f3af094815e984cc.anchor	generated.farm.25b75a8a47aae59991e9540b.anchor	175556	-188129	-1672	187276	-204256	-2848	0	0	NO_PATH	0	0	data/spawns/DwarvenTerritory/DwarvenStarting.xml|data/spawns/DwarvenTerritory/DwarvenStarting.xml
bridge.ab8fb1716da7ffcd460f96f2	component.9fbefbbe289820cb000eadf1	32768	11	R	generated.farm.17667c6c78e20a9fb3c4ae08.anchor	population.farming.orc.20535	-52719	-84968	-8320	-49106	-115854	-160	0	0	NO_PATH	0	0	data/spawns/Others/KrateisCube.xml|data/spawns/OrcTerritory/OrcStarting.xml
bridge.aba108a9e2bade6a6399b769	component.b0959173bd82d4b722b2be8c	32768	7	F	population.ingress.dark-elf.01	generated.farm.c64e3da0e4c050e99dd0e964.anchor	28295	11063	-4232	25484	-10847	-2480	0	0	NO_PATH	0	0	data/stats/players/templates/StartingClass/DarkFighter.xml|data/stats/players/templates/StartingClass/DarkMystic.xml|data/spawns/Rune/PrimevalIsle.xml
bridge.aba94fba3538e54bdf2beb18	component.91a9f940fd17192b7296dafb	32768	13	R	generated.farm.2b9973b84571ebc7de64f76c.anchor	population.ingress.dark-elf.02	19794	-10621	-2848	28302	11008	-4232	0	0	NO_PATH	0	0	data/spawns/Rune/PrimevalIsle.xml|data/stats/players/templates/StartingClass/DarkFighter.xml|data/stats/players/templates/StartingClass/DarkMystic.xml
bridge.abad1257030b631fca598f7e	component.21c159db00da4bc03daf51c5	32768	1	R	generated.farm.a0a916d344116254f0d4e3f5.anchor	population.farming.elf.20534	31295	61887	-3544	44126	42751	-3488	0	0	VALID_DIRECT	23040	1	data/spawns/ElvenTerritory/ElvenStarting.xml|data/spawns/ElvenTerritory/ElvenStarting.xml
bridge.abc4b330df7d6f7bb39f039e	component.58fa7816fe6f000be807e01c	8192	2	R	generated.farm.f66a8a0231b2d83dac29cc4d.anchor	population.route.dark-elf.a1	24496	9206	-3584	25992	11112	-3720	0	0	VALID_DIRECT	2427	1	data/spawns/DarkElfTerritory/DarkElfStarting.xml|data/stats/players/templates/StartingClass/DarkFighter.xml|data/stats/players/templates/StartingClass/DarkMystic.xml|data/spawns/DarkElfTerritory/DarkElfStarting.xml
bridge.abcfeafbd272fc500d95802c	component.6cb9bd2a57139e6f69dd23f1	32768	3	R	generated.farm.b4beace3b35fcf43f7ac6d15.anchor	population.route.orc.a1	-46718	-86971	-8320	-54685	-113715	-520	0	0	NO_PATH	0	0	data/spawns/Others/KrateisCube.xml|data/stats/players/templates/StartingClass/OrcFighter.xml|data/stats/players/templates/StartingClass/OrcMystic.xml|data/spawns/OrcTerritory/OrcStarting.xml
bridge.abe63ddca607560a518ca8d8	component.9e6d3547bb369a54417d2a8e	32768	3	F	population.ingress.orc.02	generated.farm.8eacaac16a08449c5372ffbc.anchor	-56686	-113470	-672	-52719	-82961	-8320	0	0	NO_PATH	0	0	data/stats/players/templates/StartingClass/OrcFighter.xml|data/stats/players/templates/StartingClass/OrcMystic.xml|data/spawns/Others/KrateisCube.xml
bridge.abf15a6b9df600905697bbd5	component.18bacfc235ddd517347d8830	32768	10	R	generated.farm.6cc54f41492a8ebff56a5815.anchor	population.ingress.dwarf.01	119130	-144099	-3016	108644	-173947	-408	0	0	NO_PATH	0	0	data/spawns/Others/PlunderousPlains.xml|data/stats/players/templates/StartingClass/DwarvenFighter.xml
bridge.ac482e95127279419129b20d	component.20a0c83d40a7bb22c26e0395	32768	9	F	population.ingress.dark-elf.06	generated.farm.f137dbbc3ac90f445b806c09.anchor	28395	11127	-4232	25328	-15199	-2744	0	0	NO_PATH	0	0	data/stats/players/templates/StartingClass/DarkFighter.xml|data/stats/players/templates/StartingClass/DarkMystic.xml|data/spawns/Rune/PrimevalIsle.xml
bridge.ac497c3b02a1c329b7a326fe	component.85a00e0803f36f9a3d0eab0f	32768	5	R	generated.farm.4e76dc23218e129a890c3248.anchor	generated.farm.5ee423a52e35fbb905b7ecb0.anchor	71264	70956	-3688	54714	51620	-3592	0	0	NO_PATH	0	0	data/spawns/Oren/TimakOutpost.xml|data/spawns/ElvenTerritory/ElvenStarting.xml
bridge.ac9bab741d4a7cd12afe7740	component.7b0a8695c70b29d38ea2d7b7	32768	10	F	population.route.orc.a4	generated.farm.bf71e830d9839ea5032228a3.anchor	-50077	-115763	-160	-48725	-86968	-8320	0	0	NO_PATH	0	0	data/stats/players/templates/StartingClass/OrcFighter.xml|data/stats/players/templates/StartingClass/OrcMystic.xml|data/spawns/OrcTerritory/OrcStarting.xml|data/spawns/Others/KrateisCube.xml
bridge.aca12a82d1e43f404db1a93c	component.7b0a8695c70b29d38ea2d7b7	32768	6	R	generated.farm.bf71e830d9839ea5032228a3.anchor	population.ingress.orc.04	-48725	-86968	-8320	-56693	-113610	-672	0	0	NO_PATH	0	0	data/spawns/Others/KrateisCube.xml|data/stats/players/templates/StartingClass/OrcFighter.xml|data/stats/players/templates/StartingClass/OrcMystic.xml
bridge.acc2c8dc9d91a2b76c00158f	component.b7883cab062e250a4845bacc	32768	11	R	generated.farm.458673ead1d6f5e03c0230db.anchor	population.farming.orc.20535	-46721	-84975	-8320	-49106	-115854	-160	0	0	NO_PATH	0	0	data/spawns/Others/KrateisCube.xml|data/spawns/OrcTerritory/OrcStarting.xml
bridge.acc726d7af609f09ad5899bc	component.89c4c607fc4fee76637095fd	16384	7	R	generated.farm.519759dffe4a0803b970d3ee.anchor	population.ingress.elf.03	48712	55466	-3464	46182	41198	-3504	0	0	NO_PATH	0	0	data/spawns/ElvenTerritory/ElvenStarting.xml|data/stats/players/templates/StartingClass/ElvenFighter.xml|data/stats/players/templates/StartingClass/ElvenMystic.xml
bridge.ad07d3db8ec9ed94b4e17831	component.d4f263a6130862446fcab68a	16384	2	R	generated.farm.f9312932904adae788963399.anchor	population.route.dwarf.w1	108605	-160621	-1688	108728	-173944	-408	0	0	NO_PATH	0	0	data/spawns/Others/PlunderousPlains.xml|data/stats/players/templates/StartingClass/DwarvenFighter.xml|data/spawns/DwarvenTerritory/DwarvenStarting.xml
bridge.ad5b8c8baf8f02a60aee4b1d	component.635e8cdeb1b598aac805b64c	32768	10	R	generated.farm.6a1b028f65325f1df40b9a9c.anchor	population.ingress.human-mystic.03	-105224	224600	-3640	-90918	248070	-3568	0	0	NO_PATH	0	0	data/spawns/TalkingIsland/TalkingIslandMonsters.xml|data/stats/players/templates/StartingClass/HumanMystic.xml
bridge.ad76e5922ad7c78f640eecc2	component.5170fd1c3e2b6fe2f9af1ad8	8192	11	R	generated.farm.54772e1b8c2e8c258ff204b4.anchor	population.farming.human-mystic.20481	-94346	250566	-3552	-86478	251343	-3600	0	0	NO_PATH	0	0	data/spawns/TalkingIsland/TalkingIslandMonsters.xml|data/spawns/TalkingIsland/TalkingIslandMonsters.xml
bridge.ad82519ccc46131df1f99160	component.cdd71132d5f4e86baaa4d99d	8192	13	R	generated.farm.5a6b2e1025252314c1f156d2.anchor	population.route.human-mystic.a2	-93369	245699	-3608	-89144	249976	-3568	0	0	NO_PATH	0	0	data/spawns/TalkingIsland/TalkingIslandMonsters.xml|data/stats/players/templates/StartingClass/HumanMystic.xml|data/spawns/TalkingIsland/TalkingIslandMonsters.xml
bridge.ad88f172278073ac7c18fe97	component.10e204556f859c1b294aeca4	32768	12	F	generated.farm.ccd05d96d24167ee9a70c395.anchor	generated.farm.c4c86a1c1e9423c05d843bc9.anchor	173397	-189657	-2016	160145	-219344	-3528	0	0	NO_PATH	0	0	data/spawns/DwarvenTerritory/DwarvenStarting.xml|data/spawns/DwarvenTerritory/DwarvenStarting.xml
bridge.ada28be9a602ceff5f414ea7	component.0075e5d7b40ef037d898ed1f	32768	6	F	population.route.orc.a3	generated.farm.0ea9abb137efe17aa6607d08.anchor	-50845	-113715	-168	-19004	-108238	-2096	0	0	NO_PATH	0	0	data/stats/players/templates/StartingClass/OrcFighter.xml|data/stats/players/templates/StartingClass/OrcMystic.xml|data/spawns/OrcTerritory/OrcStarting.xml|data/spawns/OrcTerritory/OrcStarting.xml
bridge.ada98447ac5a326734c582d4	component.18c9e4ee0311769668b2eb74	8192	5	R	generated.farm.74718a641fa7e78154fea892.anchor	population.route.kamael.a4	-125620	37399	1176	-125240	37848	1208	0	0	VALID_DIRECT	590	1	data/spawns/Others/Gremlins.xml|data/stats/players/templates/StartingClass/KamaelMaleSoldier.xml|data/stats/players/templates/StartingClass/KamaelFemaleSoldier.xml|data/spawns/Kamael/IsleOfSouls.xml
bridge.adb3fe441ce1ca0ea1822034	component.e837182a129d9a9bac7e6672	8192	2	F	generated.farm.df677844f3af094815e984cc.anchor	generated.farm.1bc0806803391550b59b5dd7.anchor	175556	-188129	-1672	173413	-187077	-488	0	0	NO_PATH	0	0	data/spawns/DwarvenTerritory/DwarvenStarting.xml|data/spawns/DwarvenTerritory/DwarvenStarting.xml
bridge.adb838d0eb4b063bd8ebd07a	component.79ad21df45b89fa5bb86a4fd	32768	4	R	generated.farm.5dc8ced237dc324aa37b6530.anchor	generated.farm.428b85922009e44829ae2db0.anchor	51605	70249	-3408	46131	41458	-3504	0	0	NO_PATH	0	0	data/spawns/ElvenTerritory/ElvenStarting.xml|data/spawns/Others/Gremlins.xml
bridge.adcd9cae53b7f305f9ffd41e	component.6b63e9a22c52715dd6894332	8192	8	F	population.ingress.elf.02	generated.farm.68243117d5885fe09a0b57bc.anchor	46117	41247	-3504	43767	37445	-3512	0	0	NO_PATH	0	0	data/stats/players/templates/StartingClass/ElvenFighter.xml|data/stats/players/templates/StartingClass/ElvenMystic.xml|data/spawns/ElvenTerritory/ElvenStarting.xml
bridge.addc4f45e1988b9e339d281c	component.de636b0f82c1f5ec50237e13	32768	16	F	population.route.dwarf.a3	generated.farm.c726e41f56667ee82aa4fd6f.anchor	112996	-173691	-608	118561	-195056	-3552	0	0	NO_PATH	0	0	data/stats/players/templates/StartingClass/DwarvenFighter.xml|data/spawns/DwarvenTerritory/DwarvenStarting.xml|data/spawns/DwarvenTerritory/DwarvenStarting.xml
bridge.adf3fb0c44d86fe8c9837701	component.9e6d3547bb369a54417d2a8e	32768	7	F	population.ingress.orc.03	generated.farm.8eacaac16a08449c5372ffbc.anchor	-56728	-113610	-672	-52719	-82961	-8320	0	0	NO_PATH	0	0	data/stats/players/templates/StartingClass/OrcFighter.xml|data/stats/players/templates/StartingClass/OrcMystic.xml|data/spawns/Others/KrateisCube.xml
bridge.ae23c3148e786b134bd897f4	component.01b441ae383a1b39494050f4	32768	8	R	generated.farm.9cf6fa1ef953b5b33ff9fe37.anchor	population.ingress.dark-elf.05	13666	-12273	-3024	28461	11044	-4232	0	0	NO_PATH	0	0	data/spawns/Rune/PrimevalIsle.xml|data/stats/players/templates/StartingClass/DarkFighter.xml|data/stats/players/templates/StartingClass/DarkMystic.xml
bridge.ae2b8a4c994d67fa2fdf07aa	component.ba083b6371fa0acdb077e91c	8192	9	F	population.route.orc.a3	generated.farm.eda8543a4ab4d30e028f9b97.anchor	-50845	-113715	-168	-56273	-113606	-672	0	0	VALID_DIRECT	5453	1	data/stats/players/templates/StartingClass/OrcFighter.xml|data/stats/players/templates/StartingClass/OrcMystic.xml|data/spawns/OrcTerritory/OrcStarting.xml|data/spawns/Others/Gremlins.xml
bridge.ae3710564ff580ef40d5aaac	component.85a00e0803f36f9a3d0eab0f	32768	4	F	generated.farm.57a38f13450e54452b749339.anchor	generated.farm.4e76dc23218e129a890c3248.anchor	52710	55450	-3320	71264	70956	-3688	0	0	NO_PATH	0	0	data/spawns/ElvenTerritory/ElvenStarting.xml|data/spawns/Oren/TimakOutpost.xml
bridge.ae4104977446f4746a478ca4	component.34034eda8581571932b22786	8192	10	F	population.ingress.orc.06	generated.farm.e72c2c1fdf7715981415fcdb.anchor	-56682	-113730	-672	-49543	-110784	-240	0	0	NO_PATH	0	0	data/stats/players/templates/StartingClass/OrcFighter.xml|data/stats/players/templates/StartingClass/OrcMystic.xml|data/spawns/OrcTerritory/OrcStarting.xml
bridge.ae617d614d13c57e77fb7055	component.87a65b1ce32b28202691c2c8	32768	8	F	population.ingress.orc.03	generated.farm.ac1e437a00c50adb5285e40a.anchor	-56728	-113610	-672	-44720	-86972	-8320	0	0	NO_PATH	0	0	data/stats/players/templates/StartingClass/OrcFighter.xml|data/stats/players/templates/StartingClass/OrcMystic.xml|data/spawns/Others/KrateisCube.xml
bridge.ae6aaa39e37f954b25a046da	component.1331db1a6d957945bfb43b8d	8192	9	F	population.ingress.elf.03	generated.farm.78d792f9dc16f4ce4003c1ae.anchor	46182	41198	-3504	50626	40925	-3464	0	0	NO_PATH	0	0	data/stats/players/templates/StartingClass/ElvenFighter.xml|data/stats/players/templates/StartingClass/ElvenMystic.xml|data/spawns/ElvenTerritory/ElvenStarting.xml
bridge.aea0644411c9d1f757c4d56c	component.676d590e1ef5b84f1370c554	16384	5	F	generated.farm.8417f5d804225e6423448125.anchor	generated.farm.def39836c97f08ea0cee9080.anchor	132017	-208635	-3592	119877	-202135	-3456	0	0	NO_PATH	0	0	data/spawns/DwarvenTerritory/DwarvenStarting.xml|data/spawns/DwarvenTerritory/DwarvenStarting.xml
bridge.af06595bbd7a4514c0c71c0c	component.7e882b0664c31928ac9f5caa	32768	3	F	population.route.dwarf.a3	generated.farm.12923521d58d7301f63fd56a.anchor	112996	-173691	-608	117133	-149832	-2352	0	0	NO_PATH	0	0	data/stats/players/templates/StartingClass/DwarvenFighter.xml|data/spawns/DwarvenTerritory/DwarvenStarting.xml|data/spawns/Others/PlunderousPlains.xml
bridge.af11a819544a770ceb7b9577	component.89c4c607fc4fee76637095fd	16384	9	R	generated.farm.519759dffe4a0803b970d3ee.anchor	population.ingress.elf.04	48712	55466	-3464	46115	41141	-3504	0	0	NO_PATH	0	0	data/spawns/ElvenTerritory/ElvenStarting.xml|data/stats/players/templates/StartingClass/ElvenFighter.xml|data/stats/players/templates/StartingClass/ElvenMystic.xml
bridge.af18e5bcf4b5d71ccb7ce137	component.475c48156e62e7e47cb30765	32768	3	F	population.route.orc.a1	generated.farm.bd35d5fb02b6c1c76b448822.anchor	-54685	-113715	-520	-48720	-82958	-8320	0	0	NO_PATH	0	0	data/stats/players/templates/StartingClass/OrcFighter.xml|data/stats/players/templates/StartingClass/OrcMystic.xml|data/spawns/OrcTerritory/OrcStarting.xml|data/spawns/Others/KrateisCube.xml
bridge.af4780f2e781051f897e42ae	component.41e35f446ee4f00762502fdb	32768	4	R	generated.farm.d39331b999c56e6df46c579c.anchor	population.route.dark-elf.a1	1740	22546	-3368	25992	11112	-3720	0	0	NO_PATH	0	0	data/spawns/DarkElfTerritory/DarkElfStarting.xml|data/stats/players/templates/StartingClass/DarkFighter.xml|data/stats/players/templates/StartingClass/DarkMystic.xml|data/spawns/DarkElfTerritory/DarkElfStarting.xml
bridge.afafc435778c29ddad5b1f00	component.b7883cab062e250a4845bacc	32768	9	R	generated.farm.458673ead1d6f5e03c0230db.anchor	population.ingress.orc.05	-46721	-84975	-8320	-56743	-113757	-672	0	0	NO_PATH	0	0	data/spawns/Others/KrateisCube.xml|data/stats/players/templates/StartingClass/OrcFighter.xml|data/stats/players/templates/StartingClass/OrcMystic.xml
bridge.afbaa5e3fa0c3efec75d5512	component.fa8902bdab910bb205f46118	16384	4	F	population.route.dwarf.a3	generated.farm.e906a4f684b66f9c100d44e1.anchor	112996	-173691	-608	114049	-161398	-1480	0	0	NO_PATH	0	0	data/stats/players/templates/StartingClass/DwarvenFighter.xml|data/spawns/DwarvenTerritory/DwarvenStarting.xml|data/spawns/Others/PlunderousPlains.xml
bridge.afdc68e600874d7a5bb2dfa9	component.fa8902bdab910bb205f46118	16384	7	R	generated.farm.e906a4f684b66f9c100d44e1.anchor	population.route.dwarf.a4	114049	-161398	-1480	113508	-174203	-608	0	0	NO_PATH	0	0	data/spawns/Others/PlunderousPlains.xml|data/stats/players/templates/StartingClass/DwarvenFighter.xml|data/spawns/DwarvenTerritory/DwarvenStarting.xml
bridge.afde6290a91fb14416a5e383	component.41e35f446ee4f00762502fdb	32768	10	R	generated.farm.d39331b999c56e6df46c579c.anchor	population.ingress.dark-elf.05	1740	22546	-3368	28461	11044	-4232	0	0	NO_PATH	0	0	data/spawns/DarkElfTerritory/DarkElfStarting.xml|data/stats/players/templates/StartingClass/DarkFighter.xml|data/stats/players/templates/StartingClass/DarkMystic.xml
bridge.aff32961805a7a9c6fa4891d	component.a15eac19b29dbd838fc4cf11	32768	16	F	generated.farm.ed8992f2edcbacf7c4f24608.anchor	generated.farm.a4122c4a8bed91d0e6a70bc3.anchor	117968	-173208	-432	107302	-145184	-3656	0	0	NO_PATH	0	0	data/spawns/DwarvenTerritory/DwarvenStarting.xml|data/spawns/Others/PlunderousPlains.xml
bridge.b00e8e05037187ca0b5f5e7f	component.54cd7d198274de64199ae37f	8192	3	R	generated.farm.9caf3d9715b6ff604306dc10.anchor	population.ingress.human-fighter.03	-71338	258393	-3072	-71453	258305	-3104	0	0	VALID_PATH	152	3	data/spawns/Others/Gremlins.xml|data/stats/players/templates/StartingClass/HumanFighter.xml
bridge.b01bead77522188f2c507a0c	component.e155a1307403cc14572bd687	32768	16	R	generated.farm.420ed35f1a9a3f532e2d6045.anchor	generated.farm.ed8992f2edcbacf7c4f24608.anchor	101973	-149349	-3128	117968	-173208	-432	0	0	NO_PATH	0	0	data/spawns/Others/PlunderousPlains.xml|data/spawns/DwarvenTerritory/DwarvenStarting.xml
bridge.b02e928f119ae703e86b3f4a	component.54cd7d198274de64199ae37f	8192	4	F	population.ingress.human-fighter.02	generated.farm.9caf3d9715b6ff604306dc10.anchor	-71417	258270	-3104	-71338	258393	-3072	0	0	NO_PATH	0	0	data/stats/players/templates/StartingClass/HumanFighter.xml|data/spawns/Others/Gremlins.xml
bridge.b04330cad186e95c8b8c1bdf	component.43988bed6a656186e489a9b7	32768	15	F	generated.farm.d6f82637bd6fae44cd109781.anchor	generated.farm.88cab6697f22f34bf81c16f7.anchor	48366	42521	-3472	53010	23851	-5384	0	0	NO_PATH	0	0	data/spawns/ElvenTerritory/ElvenStarting.xml|data/spawns/Oren/SeaOfSpores.xml
bridge.b087933f6a3e477ecc80963b	component.20a0c83d40a7bb22c26e0395	32768	16	F	population.route.dark-elf.a1	generated.farm.faefa58426223647157f9577.anchor	25992	11112	-3720	27020	-15861	-2648	0	0	NO_PATH	0	0	data/stats/players/templates/StartingClass/DarkFighter.xml|data/stats/players/templates/StartingClass/DarkMystic.xml|data/spawns/DarkElfTerritory/DarkElfStarting.xml|data/spawns/Rune/PrimevalIsle.xml
bridge.b0a8c46b35480e41e6f55862	component.b7883cab062e250a4845bacc	32768	2	R	generated.farm.458673ead1d6f5e03c0230db.anchor	population.route.orc.a2	-46721	-84975	-8320	-52637	-113715	-80	0	0	NO_PATH	0	0	data/spawns/Others/KrateisCube.xml|data/stats/players/templates/StartingClass/OrcFighter.xml|data/stats/players/templates/StartingClass/OrcMystic.xml|data/spawns/OrcTerritory/OrcStarting.xml
bridge.b0f8cf0b776a2f81c96590ff	component.214784823dfee247eabd4cc1	16384	5	R	generated.farm.08bede9fa450ab087be0458b.anchor	population.route.orc.a2	-40560	-117892	-1920	-52637	-113715	-80	0	0	NO_PATH	0	0	data/spawns/OrcTerritory/OrcStarting.xml|data/stats/players/templates/StartingClass/OrcFighter.xml|data/stats/players/templates/StartingClass/OrcMystic.xml|data/spawns/OrcTerritory/OrcStarting.xml
bridge.b11095ee3671199011144788	component.e8e9e8d1bd3d8a9d8cfae332	16384	1	R	generated.farm.5fb61de193027c2e669a752c.anchor	generated.farm.aa29c1792ab359df7ec6bdd3.anchor	158192	-210477	-3672	144241	-204346	-3128	0	0	NO_PATH	0	0	data/spawns/DwarvenTerritory/DwarvenStarting.xml|data/spawns/DwarvenTerritory/DwarvenStarting.xml
bridge.b1132c481caf6b2169880775	component.e04c7af9711cc5dd2a0ac987	16384	3	R	generated.farm.c566a65e22d07a92230b56a2.anchor	population.ingress.human-mystic.02	-95163	237296	-3408	-90954	248118	-3568	0	0	NO_PATH	0	0	data/spawns/TalkingIsland/TalkingIslandMonsters.xml|data/stats/players/templates/StartingClass/HumanMystic.xml
bridge.b128f345f13a4b8a1fb1cf3a	component.91a9f940fd17192b7296dafb	32768	5	F	population.ingress.dark-elf.04	generated.farm.c2fab2e4269c72a597f3b7a9.anchor	28456	10997	-4232	19916	-9610	-2824	0	0	NO_PATH	0	0	data/stats/players/templates/StartingClass/DarkFighter.xml|data/stats/players/templates/StartingClass/DarkMystic.xml|data/spawns/Rune/PrimevalIsle.xml
bridge.b13eb9efda8a1aa37e393a8e	component.6c8644500a9312467848babc	32768	7	R	elven.farming.oren04-2019-10s	population.ingress.elf.02	16057	52260	-3544	46117	41247	-3504	0	0	NO_PATH	0	0	data/spawns/ElvenTerritory/ElvenStarting.xml|data/stats/players/templates/StartingClass/ElvenFighter.xml|data/stats/players/templates/StartingClass/ElvenMystic.xml
bridge.b14b650b9f48be02c3a3f239	component.48e6e689d4d766cfd82dc2e2	16384	8	R	generated.farm.5ee423a52e35fbb905b7ecb0.anchor	population.ingress.elf.06	54714	51620	-3592	45978	41196	-3504	0	0	NO_PATH	0	0	data/spawns/ElvenTerritory/ElvenStarting.xml|data/stats/players/templates/StartingClass/ElvenFighter.xml|data/stats/players/templates/StartingClass/ElvenMystic.xml
bridge.b1583bbacf80d9ad6e47c9a2	component.d4f263a6130862446fcab68a	16384	3	R	generated.farm.f9312932904adae788963399.anchor	population.ingress.dwarf.01	108605	-160621	-1688	108644	-173947	-408	0	0	NO_PATH	0	0	data/spawns/Others/PlunderousPlains.xml|data/stats/players/templates/StartingClass/DwarvenFighter.xml
bridge.b170b145e2238efd74cc13c1	component.0d29dfe1c9a010ee2b1a7342	16384	4	R	generated.farm.9d23ec2f77c7c345967951bb.anchor	population.route.dwarf.a3	119412	-188362	-3240	112996	-173691	-608	0	0	NO_PATH	0	0	data/spawns/DwarvenTerritory/DwarvenStarting.xml|data/stats/players/templates/StartingClass/DwarvenFighter.xml|data/spawns/DwarvenTerritory/DwarvenStarting.xml
bridge.b1cd8a91d1fdc01e06afcdd8	component.63defb22486d49c052a69667	32768	5	R	generated.farm.946a41fbbc63614320c02954.anchor	population.ingress.elf.02	53398	63278	-3480	46117	41247	-3504	0	0	NO_PATH	0	0	data/spawns/ElvenTerritory/ElvenStarting.xml|data/stats/players/templates/StartingClass/ElvenFighter.xml|data/stats/players/templates/StartingClass/ElvenMystic.xml
bridge.b1fe77c3ecceda3b127954ec	component.e04c7af9711cc5dd2a0ac987	16384	7	R	generated.farm.c566a65e22d07a92230b56a2.anchor	population.route.human-mystic.b2	-95163	237296	-3408	-89240	249912	-3568	0	0	NO_PATH	0	0	data/spawns/TalkingIsland/TalkingIslandMonsters.xml|data/stats/players/templates/StartingClass/HumanMystic.xml|data/spawns/TalkingIsland/TalkingIslandMonsters.xml
bridge.b222e5a507e89ab7f6d0fcae	component.e0efb8466cb69704c6f63b79	32768	1	R	generated.farm.3bbbcdb43022c7bf23796fb4.anchor	population.route.dark-elf.a1	15590	-17440	-3224	25992	11112	-3720	0	0	NO_PATH	0	0	data/spawns/Rune/PrimevalIsle.xml|data/stats/players/templates/StartingClass/DarkFighter.xml|data/stats/players/templates/StartingClass/DarkMystic.xml|data/spawns/DarkElfTerritory/DarkElfStarting.xml
bridge.b22400ea5af54d90ca14dcde	component.b0959173bd82d4b722b2be8c	32768	13	F	population.ingress.dark-elf.02	generated.farm.817474512080c1dba8f8cd5f.anchor	28302	11008	-4232	23315	-10716	-2648	0	0	NO_PATH	0	0	data/stats/players/templates/StartingClass/DarkFighter.xml|data/stats/players/templates/StartingClass/DarkMystic.xml|data/spawns/Rune/PrimevalIsle.xml
bridge.b236fe9220c0e649b6ce92c8	component.2c7e3c336954be75db3a7f7d	32768	2	R	generated.farm.9eb7152622bad01eeb33f1c4.anchor	population.ingress.dark-elf.02	25906	-16833	-2744	28302	11008	-4232	0	0	NO_PATH	0	0	data/spawns/Rune/PrimevalIsle.xml|data/stats/players/templates/StartingClass/DarkFighter.xml|data/stats/players/templates/StartingClass/DarkMystic.xml
bridge.b23b5296de729d225da48fa0	component.54cd7d198274de64199ae37f	8192	9	R	generated.farm.9caf3d9715b6ff604306dc10.anchor	population.route.human-fighter.c2	-71338	258393	-3072	-71512	255864	-3176	0	0	PATH_SEGMENT_BLOCKED	0	0	data/spawns/Others/Gremlins.xml|data/stats/players/templates/StartingClass/HumanFighter.xml|data/spawns/Others/17_25.xml
bridge.b2644f723036c920926f3c62	component.676d590e1ef5b84f1370c554	16384	7	F	generated.farm.1e2d5a3becf8fd2f9e656d54.anchor	generated.farm.272004e5a17cd0446730abe2.anchor	128484	-211404	-3408	118008	-201492	-3624	0	0	NO_PATH	0	0	data/spawns/DwarvenTerritory/DwarvenStarting.xml|data/spawns/DwarvenTerritory/DwarvenStarting.xml
bridge.b28f3c70b959f68d974bbe75	component.6b63e9a22c52715dd6894332	8192	11	R	generated.farm.52dc95334718091370944146.anchor	population.ingress.elf.06	41267	39070	-3496	45978	41196	-3504	0	0	NO_PATH	0	0	data/spawns/ElvenTerritory/ElvenStarting.xml|data/stats/players/templates/StartingClass/ElvenFighter.xml|data/stats/players/templates/StartingClass/ElvenMystic.xml
bridge.b29772f7b364e89f7e3da4a4	component.17d39984ff40b347b4bbe819	8192	7	F	generated.farm.ccd05d96d24167ee9a70c395.anchor	generated.farm.cbb08c43cbd1980f90e70af6.anchor	173397	-189657	-2016	167878	-193592	-3272	0	0	NO_PATH	0	0	data/spawns/DwarvenTerritory/DwarvenStarting.xml|data/spawns/DwarvenTerritory/DwarvenStarting.xml
bridge.b2d0dc5515ec75010aecaef1	component.6e3a57525358ac42a6fda077	32768	6	F	generated.farm.519759dffe4a0803b970d3ee.anchor	generated.farm.1a8d5255f1d68b98358f16fc.anchor	48712	55466	-3464	70230	76786	-3696	0	0	NO_PATH	0	0	data/spawns/ElvenTerritory/ElvenStarting.xml|data/spawns/Oren/TimakOutpost.xml
bridge.b2d417e3c656e03bae637e4a	component.635e8cdeb1b598aac805b64c	32768	13	F	population.route.human-mystic.guard.30733	talking-island.farming.gludio31-1624-11s	-87847	250564	-3616	-103448	227187	-3672	0	0	NO_PATH	0	0	data/stats/players/templates/StartingClass/HumanMystic.xml|data/spawns/TalkingIsland/TalkingIslandMonsters.xml|data/stats/npcs/30700-30799.xml|data/spawns/TalkingIsland/TalkingIslandMonsters.xml
bridge.b309ee0c9a06b69d6eb65003	component.1331db1a6d957945bfb43b8d	8192	12	F	generated.farm.428b85922009e44829ae2db0.anchor	generated.farm.78d792f9dc16f4ce4003c1ae.anchor	46131	41458	-3504	50626	40925	-3464	0	0	NO_PATH	0	0	data/spawns/Others/Gremlins.xml|data/spawns/ElvenTerritory/ElvenStarting.xml
bridge.b320351153e4f02761c20485	component.10e204556f859c1b294aeca4	32768	1	R	generated.farm.01d45fe32598e8270dab20b2.anchor	generated.farm.aa29c1792ab359df7ec6bdd3.anchor	157239	-220265	-3600	144241	-204346	-3128	0	0	NO_PATH	0	0	data/spawns/DwarvenTerritory/DwarvenStarting.xml|data/spawns/DwarvenTerritory/DwarvenStarting.xml
bridge.b3273d3cdc8d3b8b4902f4db	component.34034eda8581571932b22786	8192	9	R	generated.farm.e72c2c1fdf7715981415fcdb.anchor	population.ingress.orc.03	-49543	-110784	-240	-56728	-113610	-672	0	0	NO_PATH	0	0	data/spawns/OrcTerritory/OrcStarting.xml|data/stats/players/templates/StartingClass/OrcFighter.xml|data/stats/players/templates/StartingClass/OrcMystic.xml
bridge.b33347240b49102c78f7676b	component.e04c7af9711cc5dd2a0ac987	16384	9	F	population.route.human-mystic.guard.30733	generated.farm.c566a65e22d07a92230b56a2.anchor	-87847	250564	-3616	-95163	237296	-3408	0	0	NO_PATH	0	0	data/stats/players/templates/StartingClass/HumanMystic.xml|data/spawns/TalkingIsland/TalkingIslandMonsters.xml|data/stats/npcs/30700-30799.xml|data/spawns/TalkingIsland/TalkingIslandMonsters.xml
bridge.b3604dcb13b8937ffe7e075d	component.7b0a8695c70b29d38ea2d7b7	32768	10	R	generated.farm.bf71e830d9839ea5032228a3.anchor	population.route.orc.a4	-48725	-86968	-8320	-50077	-115763	-160	0	0	NO_PATH	0	0	data/spawns/Others/KrateisCube.xml|data/stats/players/templates/StartingClass/OrcFighter.xml|data/stats/players/templates/StartingClass/OrcMystic.xml|data/spawns/OrcTerritory/OrcStarting.xml
bridge.b38020a951022f63dbb119da	component.b7883cab062e250a4845bacc	32768	6	R	generated.farm.458673ead1d6f5e03c0230db.anchor	population.ingress.orc.04	-46721	-84975	-8320	-56693	-113610	-672	0	0	NO_PATH	0	0	data/spawns/Others/KrateisCube.xml|data/stats/players/templates/StartingClass/OrcFighter.xml|data/stats/players/templates/StartingClass/OrcMystic.xml
bridge.b38f958c5cece5327b50a722	component.cf7fc1a377a3ee4f1cd13c38	8192	1	F	population.route.dwarf.w1	generated.farm.dcbfae7bd58c752ca4f1e7ca.anchor	108728	-173944	-408	108695	-173878	-400	0	0	VALID_DIRECT	75	1	data/stats/players/templates/StartingClass/DwarvenFighter.xml|data/spawns/DwarvenTerritory/DwarvenStarting.xml|data/spawns/Others/Gremlins.xml
bridge.b3c01a86744606f6b64f9897	component.21c159db00da4bc03daf51c5	32768	6	R	generated.farm.a0a916d344116254f0d4e3f5.anchor	population.ingress.elf.02	31295	61887	-3544	46117	41247	-3504	0	0	NO_PATH	0	0	data/spawns/ElvenTerritory/ElvenStarting.xml|data/stats/players/templates/StartingClass/ElvenFighter.xml|data/stats/players/templates/StartingClass/ElvenMystic.xml
bridge.b3c0ed8b2eec0cc545106127	component.f0870ecd40f136c705bc5941	32768	7	F	population.ingress.orc.03	generated.farm.ef0394b1715ca0d66c082465.anchor	-56728	-113610	-672	-44717	-84969	-8320	0	0	NO_PATH	0	0	data/stats/players/templates/StartingClass/OrcFighter.xml|data/stats/players/templates/StartingClass/OrcMystic.xml|data/spawns/Others/KrateisCube.xml
bridge.b3e53b9ac4168d1bdb6d3e53	component.89c4c607fc4fee76637095fd	16384	13	F	generated.farm.58356b4e9844a379fecfbaf6.anchor	generated.farm.519759dffe4a0803b970d3ee.anchor	42118	41401	-3488	48712	55466	-3464	0	0	NO_PATH	0	0	data/spawns/ElvenTerritory/ElvenStarting.xml|data/spawns/ElvenTerritory/ElvenStarting.xml
bridge.b4198b6b81ed779cd0d31ad6	component.73d0c59f5bdd9014627ebe4f	32768	3	R	elven.farming.oren04-2019-07s	population.ingress.elf.06	19248	43340	-3712	45978	41196	-3504	0	0	NO_PATH	0	0	data/spawns/ElvenTerritory/ElvenStarting.xml|data/stats/players/templates/StartingClass/ElvenFighter.xml|data/stats/players/templates/StartingClass/ElvenMystic.xml
bridge.b41c4f7c72430969ce05f848	component.676d590e1ef5b84f1370c554	16384	4	F	generated.farm.1e2d5a3becf8fd2f9e656d54.anchor	generated.farm.49da4e196c409e988af42131.anchor	128484	-211404	-3408	120298	-200652	-3640	0	0	NO_PATH	0	0	data/spawns/DwarvenTerritory/DwarvenStarting.xml|data/spawns/DwarvenTerritory/DwarvenStarting.xml
bridge.b426c890c0194598d99bb870	component.01b441ae383a1b39494050f4	32768	7	R	generated.farm.9cf6fa1ef953b5b33ff9fe37.anchor	generated.farm.36714f071123eedc9cac6c05.anchor	13666	-12273	-3024	28436	11041	-4232	0	0	NO_PATH	0	0	data/spawns/Rune/PrimevalIsle.xml|data/spawns/Others/Gremlins.xml
bridge.b432210d882045a3975794d6	component.17d39984ff40b347b4bbe819	8192	2	F	generated.farm.ccd05d96d24167ee9a70c395.anchor	generated.farm.c9e89f5704213c9f66eb9b98.anchor	173397	-189657	-2016	168800	-191413	-2792	0	0	NO_PATH	0	0	data/spawns/DwarvenTerritory/DwarvenStarting.xml|data/spawns/DwarvenTerritory/DwarvenStarting.xml
bridge.b43c01788e02f7a4a98b7e61	component.f5ec43735be4685d0f522b55	32768	10	R	generated.farm.c7902e29cb3795a4ce8dcf2c.anchor	population.route.orc.a4	-50720	-86977	-8320	-50077	-115763	-160	0	0	NO_PATH	0	0	data/spawns/Others/KrateisCube.xml|data/stats/players/templates/StartingClass/OrcFighter.xml|data/stats/players/templates/StartingClass/OrcMystic.xml|data/spawns/OrcTerritory/OrcStarting.xml
bridge.b47d2337a8fa67bb9b98e75e	component.5170fd1c3e2b6fe2f9af1ad8	8192	2	R	generated.farm.54772e1b8c2e8c258ff204b4.anchor	population.ingress.human-mystic.01	-94346	250566	-3552	-90875	248162	-3568	0	0	NO_PATH	0	0	data/spawns/TalkingIsland/TalkingIslandMonsters.xml|data/stats/players/templates/StartingClass/HumanMystic.xml
bridge.b48155d49a866c21982d7a6c	component.40dbfe62843fbb4b5737b50d	32768	1	F	generated.farm.58356b4e9844a379fecfbaf6.anchor	generated.farm.180cbb100c457687c431e3bd.anchor	42118	41401	-3488	24749	41076	-3696	0	0	NO_PATH	0	0	data/spawns/ElvenTerritory/ElvenStarting.xml|data/spawns/ElvenTerritory/ElvenStarting.xml
bridge.b4a2057be3ad15b6393c71bc	component.0d29dfe1c9a010ee2b1a7342	16384	1	F	generated.farm.ea72d768f3c8ec3d79c1a530.anchor	generated.farm.9d23ec2f77c7c345967951bb.anchor	116056	-175091	-1016	119412	-188362	-3240	0	0	NO_PATH	0	0	data/spawns/DwarvenTerritory/DwarvenStarting.xml|data/spawns/DwarvenTerritory/DwarvenStarting.xml
bridge.b4b56716662cbf5d9d7248e4	component.cdd71132d5f4e86baaa4d99d	8192	10	R	generated.farm.739ff353ab353f0a5a095101.anchor	population.route.human-mystic.b1	-95394	246014	-3616	-90072	248328	-3568	0	0	NO_PATH	0	0	data/spawns/TalkingIsland/TalkingIslandMonsters.xml|data/stats/players/templates/StartingClass/HumanMystic.xml|data/spawns/TalkingIsland/TalkingIslandMonsters.xml
bridge.b4d54839d3c554bc3bbfd5f6	component.54cd7d198274de64199ae37f	8192	8	F	population.route.human-fighter.c1	generated.farm.9caf3d9715b6ff604306dc10.anchor	-72280	256680	-3120	-71338	258393	-3072	0	0	NO_PATH	0	0	data/stats/players/templates/StartingClass/HumanFighter.xml|data/spawns/Others/17_25.xml|data/spawns/Others/Gremlins.xml
bridge.b4eb79f04696eee9ca373227	component.9fbefbbe289820cb000eadf1	32768	4	R	generated.farm.17667c6c78e20a9fb3c4ae08.anchor	population.route.orc.a3	-52719	-84968	-8320	-50845	-113715	-168	0	0	NO_PATH	0	0	data/spawns/Others/KrateisCube.xml|data/stats/players/templates/StartingClass/OrcFighter.xml|data/stats/players/templates/StartingClass/OrcMystic.xml|data/spawns/OrcTerritory/OrcStarting.xml
bridge.b545fcbb7ecb58339cfb1150	component.7e882b0664c31928ac9f5caa	32768	1	F	population.farming.dwarf.20533	generated.farm.12923521d58d7301f63fd56a.anchor	114966	-172886	-672	117133	-149832	-2352	0	0	NO_PATH	0	0	data/spawns/DwarvenTerritory/DwarvenStarting.xml|data/spawns/Others/PlunderousPlains.xml
bridge.b55b3e2a1fc6ababcc29989c	component.f5ec43735be4685d0f522b55	32768	1	R	generated.farm.c7902e29cb3795a4ce8dcf2c.anchor	population.route.orc.a3	-50720	-86977	-8320	-50845	-113715	-168	0	0	NO_PATH	0	0	data/spawns/Others/KrateisCube.xml|data/stats/players/templates/StartingClass/OrcFighter.xml|data/stats/players/templates/StartingClass/OrcMystic.xml|data/spawns/OrcTerritory/OrcStarting.xml
bridge.b564f7d471f75803bf9ac206	component.34034eda8581571932b22786	8192	7	R	generated.farm.e72c2c1fdf7715981415fcdb.anchor	population.ingress.orc.01	-49543	-110784	-240	-56733	-113459	-672	0	0	NO_PATH	0	0	data/spawns/OrcTerritory/OrcStarting.xml|data/stats/players/templates/StartingClass/OrcFighter.xml|data/stats/players/templates/StartingClass/OrcMystic.xml
bridge.b5c81dfa7f8cac7b1f6550d7	component.9e6d3547bb369a54417d2a8e	32768	8	R	generated.farm.8eacaac16a08449c5372ffbc.anchor	population.ingress.orc.06	-52719	-82961	-8320	-56682	-113730	-672	0	0	NO_PATH	0	0	data/spawns/Others/KrateisCube.xml|data/stats/players/templates/StartingClass/OrcFighter.xml|data/stats/players/templates/StartingClass/OrcMystic.xml
bridge.b5c88983b9e1d4a519f9bcec	component.6b63e9a22c52715dd6894332	8192	13	R	generated.farm.52dc95334718091370944146.anchor	population.ingress.elf.01	41267	39070	-3496	46045	41251	-3504	0	0	NO_PATH	0	0	data/spawns/ElvenTerritory/ElvenStarting.xml|data/stats/players/templates/StartingClass/ElvenFighter.xml|data/stats/players/templates/StartingClass/ElvenMystic.xml
bridge.b5df9733979b9a356a9866f7	component.1331db1a6d957945bfb43b8d	8192	2	R	generated.farm.9d9291cb563275968a77e851.anchor	population.ingress.elf.04	47907	37504	-3544	46115	41141	-3504	0	0	NO_PATH	0	0	data/spawns/ElvenTerritory/ElvenStarting.xml|data/stats/players/templates/StartingClass/ElvenFighter.xml|data/stats/players/templates/StartingClass/ElvenMystic.xml
bridge.b5ff2f2dd0bbf599f33fe012	component.7b0a8695c70b29d38ea2d7b7	32768	2	F	population.route.orc.a2	generated.farm.bf71e830d9839ea5032228a3.anchor	-52637	-113715	-80	-48725	-86968	-8320	0	0	NO_PATH	0	0	data/stats/players/templates/StartingClass/OrcFighter.xml|data/stats/players/templates/StartingClass/OrcMystic.xml|data/spawns/OrcTerritory/OrcStarting.xml|data/spawns/Others/KrateisCube.xml
bridge.b60861077381c15083371004	component.63defb22486d49c052a69667	32768	13	R	generated.farm.0a9b6aeb870068f470d93c4b.anchor	population.ingress.elf.02	55857	63041	-3472	46117	41247	-3504	0	0	NO_PATH	0	0	data/spawns/ElvenTerritory/ElvenStarting.xml|data/stats/players/templates/StartingClass/ElvenFighter.xml|data/stats/players/templates/StartingClass/ElvenMystic.xml
bridge.b6399f0406f57028ac4a8c21	component.d4239fbe60250487003bb4fd	32768	6	F	population.ingress.elf.02	generated.farm.c4067c834f12b99e976909a2.anchor	46117	41247	-3504	26607	63533	-3552	0	0	VALID_DIRECT	29620	1	data/stats/players/templates/StartingClass/ElvenFighter.xml|data/stats/players/templates/StartingClass/ElvenMystic.xml|data/spawns/ElvenTerritory/ElvenStarting.xml
bridge.b65301e3532a02c7a46e5cc2	component.f0870ecd40f136c705bc5941	32768	4	R	generated.farm.ef0394b1715ca0d66c082465.anchor	population.ingress.orc.02	-44717	-84969	-8320	-56686	-113470	-672	0	0	NO_PATH	0	0	data/spawns/Others/KrateisCube.xml|data/stats/players/templates/StartingClass/OrcFighter.xml|data/stats/players/templates/StartingClass/OrcMystic.xml
bridge.b674183506720459a0649e37	component.a15eac19b29dbd838fc4cf11	32768	3	F	population.ingress.dwarf.01	generated.farm.a4122c4a8bed91d0e6a70bc3.anchor	108644	-173947	-408	107302	-145184	-3656	0	0	NO_PATH	0	0	data/stats/players/templates/StartingClass/DwarvenFighter.xml|data/spawns/Others/PlunderousPlains.xml
bridge.b6790ad7dec3d8cf5965000f	component.7e882b0664c31928ac9f5caa	32768	7	F	population.route.dwarf.a1	generated.farm.12923521d58d7301f63fd56a.anchor	110436	-173947	-528	117133	-149832	-2352	0	0	NO_PATH	0	0	data/stats/players/templates/StartingClass/DwarvenFighter.xml|data/spawns/DwarvenTerritory/DwarvenStarting.xml|data/spawns/Others/PlunderousPlains.xml
bridge.b67d93fbedd62e1557c35a8d	component.6cb9bd2a57139e6f69dd23f1	32768	6	R	generated.farm.b4beace3b35fcf43f7ac6d15.anchor	population.ingress.orc.04	-46718	-86971	-8320	-56693	-113610	-672	0	0	NO_PATH	0	0	data/spawns/Others/KrateisCube.xml|data/stats/players/templates/StartingClass/OrcFighter.xml|data/stats/players/templates/StartingClass/OrcMystic.xml
bridge.b6853fafa032d3374ab6b720	component.093885e4dafbe6ffb61aca3e	16384	9	F	population.ingress.elf.04	generated.farm.f738e4c5c0d04e971986b2ee.anchor	46115	41141	-3504	52427	26652	-5152	0	0	NO_PATH	0	0	data/stats/players/templates/StartingClass/ElvenFighter.xml|data/stats/players/templates/StartingClass/ElvenMystic.xml|data/spawns/Oren/SeaOfSpores.xml
bridge.b696c7518b0168539fa3397c	component.c9ca976b53659986c6d066ce	32768	2	F	generated.farm.c4067c834f12b99e976909a2.anchor	generated.farm.a72d8924a597b43a1b34ebbd.anchor	26607	63533	-3552	2890	62317	-3576	0	0	NO_PATH	0	0	data/spawns/ElvenTerritory/ElvenStarting.xml|data/spawns/ElvenTerritory/ElvenStarting.xml
bridge.b6df78cf1497a7eca06f5016	component.b8a1ba9dfc02a229569e9998	32768	3	F	population.ingress.dark-elf.03	generated.farm.c246ebe1e9f6c73e829b2d38.anchor	28377	10916	-4232	22054	-11514	-2720	0	0	NO_PATH	0	0	data/stats/players/templates/StartingClass/DarkFighter.xml|data/stats/players/templates/StartingClass/DarkMystic.xml|data/spawns/Rune/PrimevalIsle.xml
bridge.b70a2fb8c38eba621f051c22	component.e155a1307403cc14572bd687	32768	1	F	population.ingress.dwarf.03	generated.farm.420ed35f1a9a3f532e2d6045.anchor	108505	-173964	-408	101973	-149349	-3128	0	0	NO_PATH	0	0	data/stats/players/templates/StartingClass/DwarvenFighter.xml|data/spawns/Others/PlunderousPlains.xml
bridge.b715198f77bdc6781083e6fc	component.df33433dc147309d6dc09abc	32768	7	R	generated.farm.9bd77ed2d0a9c062814dc873.anchor	population.ingress.orc.03	-46721	-82961	-8320	-56728	-113610	-672	0	0	NO_PATH	0	0	data/spawns/Others/KrateisCube.xml|data/stats/players/templates/StartingClass/OrcFighter.xml|data/stats/players/templates/StartingClass/OrcMystic.xml
bridge.b73437d709480de41523efd8	component.d2768e1382c5c1b8ae3c6408	32768	4	F	population.ingress.dwarf.01	generated.farm.c559aedb44e0cf87e1fb32c9.anchor	108644	-173947	-408	108605	-150431	-2328	0	0	NO_PATH	0	0	data/stats/players/templates/StartingClass/DwarvenFighter.xml|data/spawns/Others/PlunderousPlains.xml
bridge.b73440674ee33e986e206f3c	component.18bacfc235ddd517347d8830	32768	3	R	generated.farm.6cc54f41492a8ebff56a5815.anchor	population.route.dwarf.a3	119130	-144099	-3016	112996	-173691	-608	0	0	NO_PATH	0	0	data/spawns/Others/PlunderousPlains.xml|data/stats/players/templates/StartingClass/DwarvenFighter.xml|data/spawns/DwarvenTerritory/DwarvenStarting.xml
bridge.b745d860a234996d49b4ec4a	component.f5ec43735be4685d0f522b55	32768	8	R	generated.farm.c7902e29cb3795a4ce8dcf2c.anchor	population.ingress.orc.06	-50720	-86977	-8320	-56682	-113730	-672	0	0	NO_PATH	0	0	data/spawns/Others/KrateisCube.xml|data/stats/players/templates/StartingClass/OrcFighter.xml|data/stats/players/templates/StartingClass/OrcMystic.xml
bridge.b765cd9aef8505cd03b6e6d0	component.b7883cab062e250a4845bacc	32768	9	F	population.ingress.orc.05	generated.farm.458673ead1d6f5e03c0230db.anchor	-56743	-113757	-672	-46721	-84975	-8320	0	0	NO_PATH	0	0	data/stats/players/templates/StartingClass/OrcFighter.xml|data/stats/players/templates/StartingClass/OrcMystic.xml|data/spawns/Others/KrateisCube.xml
bridge.b783b4f94f9e79200c311711	component.e0efb8466cb69704c6f63b79	32768	11	F	population.route.dark-elf.a3	generated.farm.3bbbcdb43022c7bf23796fb4.anchor	25304	13256	-3648	15590	-17440	-3224	0	0	NO_PATH	0	0	data/stats/players/templates/StartingClass/DarkFighter.xml|data/stats/players/templates/StartingClass/DarkMystic.xml|data/spawns/DarkElfTerritory/DarkElfStarting.xml|data/spawns/Rune/PrimevalIsle.xml
bridge.b78897abdeb0cfd0ea6e4802	component.214784823dfee247eabd4cc1	16384	1	R	generated.farm.08bede9fa450ab087be0458b.anchor	population.farming.orc.20535	-40560	-117892	-1920	-49106	-115854	-160	0	0	NO_PATH	0	0	data/spawns/OrcTerritory/OrcStarting.xml|data/spawns/OrcTerritory/OrcStarting.xml
bridge.b78a16bb90e127e4ba644727	component.093885e4dafbe6ffb61aca3e	16384	2	R	generated.farm.21c8e0a71fc1a30fb94fd849.anchor	population.ingress.elf.03	57402	30692	-3768	46182	41198	-3504	0	0	NO_PATH	0	0	data/spawns/Oren/SeaOfSpores.xml|data/stats/players/templates/StartingClass/ElvenFighter.xml|data/stats/players/templates/StartingClass/ElvenMystic.xml
bridge.b78b4b88e9029e0c972aaa20	component.9fbefbbe289820cb000eadf1	32768	5	R	generated.farm.17667c6c78e20a9fb3c4ae08.anchor	population.route.orc.a1	-52719	-84968	-8320	-54685	-113715	-520	0	0	NO_PATH	0	0	data/spawns/Others/KrateisCube.xml|data/stats/players/templates/StartingClass/OrcFighter.xml|data/stats/players/templates/StartingClass/OrcMystic.xml|data/spawns/OrcTerritory/OrcStarting.xml
bridge.b7c81a5c7cbfa5a6449eb870	component.ba083b6371fa0acdb077e91c	8192	2	F	population.ingress.orc.06	generated.farm.eda8543a4ab4d30e028f9b97.anchor	-56682	-113730	-672	-56273	-113606	-672	0	0	VALID_DIRECT	428	1	data/stats/players/templates/StartingClass/OrcFighter.xml|data/stats/players/templates/StartingClass/OrcMystic.xml|data/spawns/Others/Gremlins.xml
bridge.b7eb5c12c6d96204902bda1a	component.df33433dc147309d6dc09abc	32768	2	R	generated.farm.9bd77ed2d0a9c062814dc873.anchor	population.route.orc.a2	-46721	-82961	-8320	-52637	-113715	-80	0	0	NO_PATH	0	0	data/spawns/Others/KrateisCube.xml|data/stats/players/templates/StartingClass/OrcFighter.xml|data/stats/players/templates/StartingClass/OrcMystic.xml|data/spawns/OrcTerritory/OrcStarting.xml
bridge.b8185eb7eb88b80bfc94960d	component.6b63e9a22c52715dd6894332	8192	5	F	population.ingress.elf.04	generated.farm.68243117d5885fe09a0b57bc.anchor	46115	41141	-3504	43767	37445	-3512	0	0	NO_PATH	0	0	data/stats/players/templates/StartingClass/ElvenFighter.xml|data/stats/players/templates/StartingClass/ElvenMystic.xml|data/spawns/ElvenTerritory/ElvenStarting.xml
bridge.b8408f0668489833f9d4889d	component.73d0c59f5bdd9014627ebe4f	32768	5	F	population.ingress.elf.05	elven.farming.oren04-2019-07s	46048	41141	-3504	19248	43340	-3712	0	0	NO_PATH	0	0	data/stats/players/templates/StartingClass/ElvenFighter.xml|data/stats/players/templates/StartingClass/ElvenMystic.xml|data/spawns/ElvenTerritory/ElvenStarting.xml
bridge.b84bfd09f3a54d947234ac8f	component.4562799c5dc584243d56e35b	32768	11	R	generated.farm.bff7beafbd229e70fb09ec46.anchor	population.farming.orc.20535	-52728	-86971	-8320	-49106	-115854	-160	0	0	NO_PATH	0	0	data/spawns/Others/KrateisCube.xml|data/spawns/OrcTerritory/OrcStarting.xml
bridge.b8bee57dfb666316a1570f8a	component.cdd71132d5f4e86baaa4d99d	8192	7	F	population.ingress.human-mystic.03	generated.farm.739ff353ab353f0a5a095101.anchor	-90918	248070	-3568	-95394	246014	-3616	0	0	NO_PATH	0	0	data/stats/players/templates/StartingClass/HumanMystic.xml|data/spawns/TalkingIsland/TalkingIslandMonsters.xml
bridge.b8bf9c28e50da39dcb7dbeca	component.df33433dc147309d6dc09abc	32768	3	R	generated.farm.9bd77ed2d0a9c062814dc873.anchor	population.route.orc.a1	-46721	-82961	-8320	-54685	-113715	-520	0	0	NO_PATH	0	0	data/spawns/Others/KrateisCube.xml|data/stats/players/templates/StartingClass/OrcFighter.xml|data/stats/players/templates/StartingClass/OrcMystic.xml|data/spawns/OrcTerritory/OrcStarting.xml
bridge.b8bfb2cb10ae1bd11ef3501b	component.20a0c83d40a7bb22c26e0395	32768	10	F	population.ingress.dark-elf.03	generated.farm.faefa58426223647157f9577.anchor	28377	10916	-4232	27020	-15861	-2648	0	0	NO_PATH	0	0	data/stats/players/templates/StartingClass/DarkFighter.xml|data/stats/players/templates/StartingClass/DarkMystic.xml|data/spawns/Rune/PrimevalIsle.xml
bridge.b8cef626d04520ed21c38c00	component.73d0c59f5bdd9014627ebe4f	32768	7	R	elven.farming.oren04-2019-07s	population.ingress.elf.02	19248	43340	-3712	46117	41247	-3504	0	0	NO_PATH	0	0	data/spawns/ElvenTerritory/ElvenStarting.xml|data/stats/players/templates/StartingClass/ElvenFighter.xml|data/stats/players/templates/StartingClass/ElvenMystic.xml
bridge.b8e871cdf501bc79282939a6	component.89c4c607fc4fee76637095fd	16384	9	F	population.ingress.elf.04	generated.farm.519759dffe4a0803b970d3ee.anchor	46115	41141	-3504	48712	55466	-3464	0	0	NO_PATH	0	0	data/stats/players/templates/StartingClass/ElvenFighter.xml|data/stats/players/templates/StartingClass/ElvenMystic.xml|data/spawns/ElvenTerritory/ElvenStarting.xml
bridge.b8f268f7234c23b3414b4f2d	component.7e4161a95ce7d75a795e5571	8192	3	R	generated.farm.7451e61fe8e94f49afb1f9e2.anchor	population.ingress.elf.06	39050	41882	-3592	45978	41196	-3504	0	0	NO_PATH	0	0	data/spawns/ElvenTerritory/ElvenStarting.xml|data/stats/players/templates/StartingClass/ElvenFighter.xml|data/stats/players/templates/StartingClass/ElvenMystic.xml
bridge.b92d5c13310052da08aff49e	component.1331db1a6d957945bfb43b8d	8192	7	R	generated.farm.9d9291cb563275968a77e851.anchor	population.ingress.elf.01	47907	37504	-3544	46045	41251	-3504	0	0	NO_PATH	0	0	data/spawns/ElvenTerritory/ElvenStarting.xml|data/stats/players/templates/StartingClass/ElvenFighter.xml|data/stats/players/templates/StartingClass/ElvenMystic.xml
bridge.b949b079ea48e10107c5b8f9	component.6b63e9a22c52715dd6894332	8192	10	F	population.farming.elf.20534	generated.farm.52dc95334718091370944146.anchor	44126	42751	-3488	41267	39070	-3496	0	0	VALID_DIRECT	4661	1	data/spawns/ElvenTerritory/ElvenStarting.xml|data/spawns/ElvenTerritory/ElvenStarting.xml
bridge.b94af7a0f109448328db59c4	component.7e882b0664c31928ac9f5caa	32768	13	R	generated.farm.12923521d58d7301f63fd56a.anchor	population.route.dwarf.i03-w0	117133	-149832	-2352	108552	-174024	-408	0	0	NO_PATH	0	0	data/spawns/Others/PlunderousPlains.xml|data/stats/players/templates/StartingClass/DwarvenFighter.xml|data/spawns/DwarvenTerritory/DwarvenStarting.xml
bridge.b9905aabc4ad21144a5946b1	component.d2768e1382c5c1b8ae3c6408	32768	14	R	generated.farm.c559aedb44e0cf87e1fb32c9.anchor	population.route.dwarf.i06-w0	108605	-150431	-2328	108616	-174152	-408	0	0	NO_PATH	0	0	data/spawns/Others/PlunderousPlains.xml|data/stats/players/templates/StartingClass/DwarvenFighter.xml|data/spawns/DwarvenTerritory/DwarvenStarting.xml
bridge.b9a84325b9a5e72aa53628d0	component.4562799c5dc584243d56e35b	32768	2	F	population.ingress.orc.01	generated.farm.bff7beafbd229e70fb09ec46.anchor	-56733	-113459	-672	-52728	-86971	-8320	0	0	NO_PATH	0	0	data/stats/players/templates/StartingClass/OrcFighter.xml|data/stats/players/templates/StartingClass/OrcMystic.xml|data/spawns/Others/KrateisCube.xml
bridge.b9b59515ba30c0f9c838cd29	component.63defb22486d49c052a69667	32768	6	R	generated.farm.946a41fbbc63614320c02954.anchor	population.ingress.elf.01	53398	63278	-3480	46045	41251	-3504	0	0	NO_PATH	0	0	data/spawns/ElvenTerritory/ElvenStarting.xml|data/stats/players/templates/StartingClass/ElvenFighter.xml|data/stats/players/templates/StartingClass/ElvenMystic.xml
bridge.b9e882a1d45d7517b0cb6d5b	component.c4a3508d330e9bb2f8bdfabb	32768	11	R	generated.farm.1050dd36c58d668d206a6075.anchor	population.farming.orc.20535	-48721	-84968	-8320	-49106	-115854	-160	0	0	NO_PATH	0	0	data/spawns/Others/KrateisCube.xml|data/spawns/OrcTerritory/OrcStarting.xml
bridge.b9ef167a8041687007824b3d	component.e45c121434ca6df869eac805	16384	4	F	population.route.orc.a2	generated.farm.2f28e5148a38d8f4c4959a1d.anchor	-52637	-113715	-80	-39917	-109286	-1800	0	0	NO_PATH	0	0	data/stats/players/templates/StartingClass/OrcFighter.xml|data/stats/players/templates/StartingClass/OrcMystic.xml|data/spawns/OrcTerritory/OrcStarting.xml|data/spawns/OrcTerritory/OrcStarting.xml
bridge.ba1b190a5806f54074f6900c	component.4562799c5dc584243d56e35b	32768	2	R	generated.farm.bff7beafbd229e70fb09ec46.anchor	population.ingress.orc.01	-52728	-86971	-8320	-56733	-113459	-672	0	0	NO_PATH	0	0	data/spawns/Others/KrateisCube.xml|data/stats/players/templates/StartingClass/OrcFighter.xml|data/stats/players/templates/StartingClass/OrcMystic.xml
bridge.ba6ffa25f6c77ea121368af6	component.c8a8b60142ed368a7d7be480	32768	14	F	population.ingress.dark-elf.04	generated.farm.64e1872735f98ad838918703.anchor	28456	10997	-4232	23186	-20161	-2704	0	0	NO_PATH	0	0	data/stats/players/templates/StartingClass/DarkFighter.xml|data/stats/players/templates/StartingClass/DarkMystic.xml|data/spawns/Rune/PrimevalIsle.xml
bridge.ba7ce6b7db8b1b4b09f52dea	component.de636b0f82c1f5ec50237e13	32768	3	R	generated.farm.c726e41f56667ee82aa4fd6f.anchor	generated.farm.1e2d5a3becf8fd2f9e656d54.anchor	118561	-195056	-3552	128484	-211404	-3408	0	0	NO_PATH	0	0	data/spawns/DwarvenTerritory/DwarvenStarting.xml|data/spawns/DwarvenTerritory/DwarvenStarting.xml
bridge.ba83e8b23f038c897b19d49d	component.8958c8d9edf88034579b430b	32768	2	F	population.ingress.dark-elf.03	generated.farm.74d4cc08c4a95e70092d77ee.anchor	28377	10916	-4232	24538	-17756	-2752	0	0	NO_PATH	0	0	data/stats/players/templates/StartingClass/DarkFighter.xml|data/stats/players/templates/StartingClass/DarkMystic.xml|data/spawns/Rune/PrimevalIsle.xml
bridge.ba8bd640c2f03ce493cf7633	component.46078c3265041fc30a5d4a44	16384	6	R	generated.farm.c966cf46f4c8074e4ddbc1d1.anchor	population.ingress.elf.05	35728	46771	-3688	46048	41141	-3504	0	0	NO_PATH	0	0	data/spawns/ElvenTerritory/ElvenStarting.xml|data/stats/players/templates/StartingClass/ElvenFighter.xml|data/stats/players/templates/StartingClass/ElvenMystic.xml
bridge.baa1e57b2303e286baaaaa51	component.1331db1a6d957945bfb43b8d	8192	10	F	population.ingress.elf.04	generated.farm.78d792f9dc16f4ce4003c1ae.anchor	46115	41141	-3504	50626	40925	-3464	0	0	NO_PATH	0	0	data/stats/players/templates/StartingClass/ElvenFighter.xml|data/stats/players/templates/StartingClass/ElvenMystic.xml|data/spawns/ElvenTerritory/ElvenStarting.xml
bridge.bae0bbb8a1dd809d84cea23c	component.16897e3b9846dd267a30bfc1	32768	15	R	generated.farm.08f4fb3b22c13f96f311c779.anchor	population.ingress.dark-elf.02	20813	-14323	-3040	28302	11008	-4232	0	0	NO_PATH	0	0	data/spawns/Rune/PrimevalIsle.xml|data/stats/players/templates/StartingClass/DarkFighter.xml|data/stats/players/templates/StartingClass/DarkMystic.xml
bridge.bae58030cf04d31abe75983c	component.6e7449d40cf7c2785c9bf89b	8192	4	F	population.ingress.human-mystic.02	generated.farm.bfb0335de417bc81a7e9b231.anchor	-90954	248118	-3568	-88052	241579	-3600	0	0	NO_PATH	0	0	data/stats/players/templates/StartingClass/HumanMystic.xml|data/spawns/TalkingIsland/TalkingIslandMonsters.xml
bridge.bb2accc6d00664db7bcce08b	component.e4f9e8136ac2c3f6c23dec10	8192	1	F	generated.farm.8417f5d804225e6423448125.anchor	generated.farm.05002a214aeeec9a439af6c7.anchor	132017	-208635	-3592	137776	-212286	-3608	0	0	NO_PATH	0	0	data/spawns/DwarvenTerritory/DwarvenStarting.xml|data/spawns/DwarvenTerritory/DwarvenStarting.xml
bridge.bb2cb7a13ef0615d44f5a7a6	component.4562799c5dc584243d56e35b	32768	10	F	population.route.orc.a4	generated.farm.bff7beafbd229e70fb09ec46.anchor	-50077	-115763	-160	-52728	-86971	-8320	0	0	NO_PATH	0	0	data/stats/players/templates/StartingClass/OrcFighter.xml|data/stats/players/templates/StartingClass/OrcMystic.xml|data/spawns/OrcTerritory/OrcStarting.xml|data/spawns/Others/KrateisCube.xml
bridge.bb717d176f440729aaca0820	component.8958c8d9edf88034579b430b	32768	6	R	generated.farm.74d4cc08c4a95e70092d77ee.anchor	population.ingress.dark-elf.01	24538	-17756	-2752	28295	11063	-4232	0	0	NO_PATH	0	0	data/spawns/Rune/PrimevalIsle.xml|data/stats/players/templates/StartingClass/DarkFighter.xml|data/stats/players/templates/StartingClass/DarkMystic.xml
bridge.bbbb66518eff1053550018c5	component.fa8902bdab910bb205f46118	16384	14	R	generated.farm.e906a4f684b66f9c100d44e1.anchor	population.ingress.dwarf.02	114049	-161398	-1480	108678	-174002	-408	0	0	NO_PATH	0	0	data/spawns/Others/PlunderousPlains.xml|data/stats/players/templates/StartingClass/DwarvenFighter.xml
bridge.bbc7da30f1ac0e742aed5df5	component.de636b0f82c1f5ec50237e13	32768	2	R	generated.farm.c726e41f56667ee82aa4fd6f.anchor	generated.farm.8417f5d804225e6423448125.anchor	118561	-195056	-3552	132017	-208635	-3592	0	0	NO_PATH	0	0	data/spawns/DwarvenTerritory/DwarvenStarting.xml|data/spawns/DwarvenTerritory/DwarvenStarting.xml
bridge.bbfacc203a3c56775ad7f1be	component.73f096cfc3045644558d7b95	16384	3	R	generated.farm.6040d874a2bc9b8a07dc4671.anchor	population.route.orc.a3	-41352	-102553	-2720	-50845	-113715	-168	0	0	NO_PATH	0	0	data/spawns/OrcTerritory/OrcStarting.xml|data/stats/players/templates/StartingClass/OrcFighter.xml|data/stats/players/templates/StartingClass/OrcMystic.xml|data/spawns/OrcTerritory/OrcStarting.xml
bridge.bc38f3bc08e728364341af56	component.214784823dfee247eabd4cc1	16384	5	F	population.route.orc.a2	generated.farm.08bede9fa450ab087be0458b.anchor	-52637	-113715	-80	-40560	-117892	-1920	0	0	NO_PATH	0	0	data/stats/players/templates/StartingClass/OrcFighter.xml|data/stats/players/templates/StartingClass/OrcMystic.xml|data/spawns/OrcTerritory/OrcStarting.xml|data/spawns/OrcTerritory/OrcStarting.xml
bridge.bc521bbb4baa862a20ba3342	component.c4a3508d330e9bb2f8bdfabb	32768	1	R	generated.farm.1050dd36c58d668d206a6075.anchor	population.route.orc.a3	-48721	-84968	-8320	-50845	-113715	-168	0	0	NO_PATH	0	0	data/spawns/Others/KrateisCube.xml|data/stats/players/templates/StartingClass/OrcFighter.xml|data/stats/players/templates/StartingClass/OrcMystic.xml|data/spawns/OrcTerritory/OrcStarting.xml
bridge.bc56d0df901d68278d7f2b8a	component.0d29dfe1c9a010ee2b1a7342	16384	1	R	generated.farm.9d23ec2f77c7c345967951bb.anchor	generated.farm.ea72d768f3c8ec3d79c1a530.anchor	119412	-188362	-3240	116056	-175091	-1016	0	0	NO_PATH	0	0	data/spawns/DwarvenTerritory/DwarvenStarting.xml|data/spawns/DwarvenTerritory/DwarvenStarting.xml
bridge.bc58fea85bbd5ff280fba412	component.2c7e3c336954be75db3a7f7d	32768	5	F	generated.farm.36714f071123eedc9cac6c05.anchor	generated.farm.9eb7152622bad01eeb33f1c4.anchor	28436	11041	-4232	25906	-16833	-2744	0	0	NO_PATH	0	0	data/spawns/Others/Gremlins.xml|data/spawns/Rune/PrimevalIsle.xml
bridge.bc6ee17be444f01ddb450b4a	component.df33433dc147309d6dc09abc	32768	7	F	population.ingress.orc.03	generated.farm.9bd77ed2d0a9c062814dc873.anchor	-56728	-113610	-672	-46721	-82961	-8320	0	0	NO_PATH	0	0	data/stats/players/templates/StartingClass/OrcFighter.xml|data/stats/players/templates/StartingClass/OrcMystic.xml|data/spawns/Others/KrateisCube.xml
bridge.bc7aa8e11b522f758736a31a	component.a2230627cce424b0593fedc6	32768	10	R	generated.farm.08a347f7f13696479813918f.anchor	population.ingress.dark-elf.05	15644	-8311	-3248	28461	11044	-4232	0	0	NO_PATH	0	0	data/spawns/Rune/PrimevalIsle.xml|data/stats/players/templates/StartingClass/DarkFighter.xml|data/stats/players/templates/StartingClass/DarkMystic.xml
bridge.bca0e490529ecc7743af690d	component.6649966768b82f83ad664d97	32768	3	F	population.route.orc.a3	generated.farm.39e870280a474549df7725fe.anchor	-50845	-113715	-168	-21626	-116308	-2984	0	0	NO_PATH	0	0	data/stats/players/templates/StartingClass/OrcFighter.xml|data/stats/players/templates/StartingClass/OrcMystic.xml|data/spawns/OrcTerritory/OrcStarting.xml|data/spawns/OrcTerritory/OrcStarting.xml
bridge.bcc42a14288ed43ed7854376	component.46078c3265041fc30a5d4a44	16384	7	F	population.ingress.elf.02	generated.farm.c966cf46f4c8074e4ddbc1d1.anchor	46117	41247	-3504	35728	46771	-3688	0	0	NO_PATH	0	0	data/stats/players/templates/StartingClass/ElvenFighter.xml|data/stats/players/templates/StartingClass/ElvenMystic.xml|data/spawns/ElvenTerritory/ElvenStarting.xml
bridge.bcedc64551f7014375f1ea26	component.2c7e3c336954be75db3a7f7d	32768	1	F	population.ingress.dark-elf.03	generated.farm.9eb7152622bad01eeb33f1c4.anchor	28377	10916	-4232	25906	-16833	-2744	0	0	NO_PATH	0	0	data/stats/players/templates/StartingClass/DarkFighter.xml|data/stats/players/templates/StartingClass/DarkMystic.xml|data/spawns/Rune/PrimevalIsle.xml
bridge.bcf385720022975fa88a23cc	component.7e4161a95ce7d75a795e5571	8192	4	F	population.ingress.elf.01	generated.farm.7451e61fe8e94f49afb1f9e2.anchor	46045	41251	-3504	39050	41882	-3592	0	0	NO_PATH	0	0	data/stats/players/templates/StartingClass/ElvenFighter.xml|data/stats/players/templates/StartingClass/ElvenMystic.xml|data/spawns/ElvenTerritory/ElvenStarting.xml
bridge.bcf6bf4cb635ebbf982f3555	component.6cb9bd2a57139e6f69dd23f1	32768	3	F	population.route.orc.a1	generated.farm.b4beace3b35fcf43f7ac6d15.anchor	-54685	-113715	-520	-46718	-86971	-8320	0	0	NO_PATH	0	0	data/stats/players/templates/StartingClass/OrcFighter.xml|data/stats/players/templates/StartingClass/OrcMystic.xml|data/spawns/OrcTerritory/OrcStarting.xml|data/spawns/Others/KrateisCube.xml
bridge.bd08e4ed11097b399a00f89b	component.d2768e1382c5c1b8ae3c6408	32768	6	F	population.ingress.dwarf.02	generated.farm.c559aedb44e0cf87e1fb32c9.anchor	108678	-174002	-408	108605	-150431	-2328	0	0	NO_PATH	0	0	data/stats/players/templates/StartingClass/DwarvenFighter.xml|data/spawns/Others/PlunderousPlains.xml
bridge.bd452a7f7ee78fc5967a357f	component.18c9e4ee0311769668b2eb74	8192	8	R	generated.farm.74718a641fa7e78154fea892.anchor	population.route.kamael.a3	-125620	37399	1176	-125240	38376	1208	0	0	VALID_PATH	1061	2	data/spawns/Others/Gremlins.xml|data/stats/players/templates/StartingClass/KamaelMaleSoldier.xml|data/stats/players/templates/StartingClass/KamaelFemaleSoldier.xml|data/spawns/Kamael/IsleOfSouls.xml
bridge.bd543664246cd736bf24e1e9	component.85a00e0803f36f9a3d0eab0f	32768	1	R	generated.farm.4e76dc23218e129a890c3248.anchor	generated.farm.0a9b6aeb870068f470d93c4b.anchor	71264	70956	-3688	55857	63041	-3472	0	0	NO_PATH	0	0	data/spawns/Oren/TimakOutpost.xml|data/spawns/ElvenTerritory/ElvenStarting.xml
bridge.bd71ea79f522aba30ed7d394	component.54cd7d198274de64199ae37f	8192	7	R	generated.farm.9caf3d9715b6ff604306dc10.anchor	population.route.human-fighter.a2	-71338	258393	-3072	-71752	257768	-3112	0	0	PATH_SEGMENT_BLOCKED	0	0	data/spawns/Others/Gremlins.xml|data/stats/players/templates/StartingClass/HumanFighter.xml|data/spawns/Others/17_25.xml
bridge.bd761b679b49e7f19a139bb0	component.f173a1114ed51df8ab1b4fef	32768	3	F	generated.farm.f66a8a0231b2d83dac29cc4d.anchor	generated.farm.1fbdbf1ed9c2eebc1b62ec0b.anchor	24496	9206	-3584	3473	-15511	-3544	0	0	NO_PATH	0	0	data/spawns/DarkElfTerritory/DarkElfStarting.xml|data/spawns/Rune/PrimevalIsle.xml
bridge.bd7d0bc15e9e31cc8762f9bd	component.87a65b1ce32b28202691c2c8	32768	5	R	generated.farm.ac1e437a00c50adb5285e40a.anchor	population.ingress.orc.01	-44720	-86972	-8320	-56733	-113459	-672	0	0	NO_PATH	0	0	data/spawns/Others/KrateisCube.xml|data/stats/players/templates/StartingClass/OrcFighter.xml|data/stats/players/templates/StartingClass/OrcMystic.xml
bridge.bd83489858e69b1c2e4db213	component.d5d468daa4bebd1a4eb327d6	32768	6	R	generated.farm.08eced60f60a66b7fc7027b7.anchor	population.farming.dark-elf.20529	6712	-9399	-3680	25308	13254	-3648	0	0	NO_PATH	0	0	data/spawns/Rune/PrimevalIsle.xml|data/spawns/DarkElfTerritory/DarkElfStarting.xml
bridge.bd84d66cb49b5261f0653228	component.031481c9c68a70f28b2c5e0d	32768	2	F	population.route.orc.a2	generated.farm.6cf5bedf919d093eea69a4d0.anchor	-52637	-113715	-80	-44722	-82957	-8320	0	0	NO_PATH	0	0	data/stats/players/templates/StartingClass/OrcFighter.xml|data/stats/players/templates/StartingClass/OrcMystic.xml|data/spawns/OrcTerritory/OrcStarting.xml|data/spawns/Others/KrateisCube.xml
bridge.bda77b406a8385138c2d5380	component.43988bed6a656186e489a9b7	32768	14	F	generated.farm.428b85922009e44829ae2db0.anchor	generated.farm.4d58dd1be9d4b93272b379ec.anchor	46131	41458	-3504	49877	22679	-5512	0	0	NO_PATH	0	0	data/spawns/Others/Gremlins.xml|data/spawns/Oren/SeaOfSpores.xml
bridge.bdf9807ffe9d4821606a87fe	component.6ed5189c1ad34dcd97c5af56	32768	5	F	population.ingress.orc.02	generated.farm.728f34d7752261776a8e5fb7.anchor	-56686	-113470	-672	-50719	-84960	-8320	0	0	NO_PATH	0	0	data/stats/players/templates/StartingClass/OrcFighter.xml|data/stats/players/templates/StartingClass/OrcMystic.xml|data/spawns/Others/KrateisCube.xml
bridge.bdfcf6f89ec2b2b823a6ad77	component.18c9e4ee0311769668b2eb74	8192	16	F	population.route.kamael.b1	generated.farm.74718a641fa7e78154fea892.anchor	-124072	38312	1176	-125620	37399	1176	0	0	VALID_PATH	1808	3	data/stats/players/templates/StartingClass/KamaelMaleSoldier.xml|data/stats/players/templates/StartingClass/KamaelFemaleSoldier.xml|data/spawns/Kamael/IsleOfSouls.xml|data/spawns/Others/Gremlins.xml
bridge.be0927f0362e0626ac66216f	component.093885e4dafbe6ffb61aca3e	16384	12	F	population.ingress.elf.04	generated.farm.df7293a680ae220a1313a900.anchor	46115	41141	-3504	54285	27538	-5280	0	0	NO_PATH	0	0	data/stats/players/templates/StartingClass/ElvenFighter.xml|data/stats/players/templates/StartingClass/ElvenMystic.xml|data/spawns/Oren/SeaOfSpores.xml
bridge.be22a0649e2f711a9fa97f97	component.18c9e4ee0311769668b2eb74	8192	11	F	population.route.kamael.b4	generated.farm.74718a641fa7e78154fea892.anchor	-124120	37896	1176	-125620	37399	1176	0	0	VALID_PATH	1665	3	data/stats/players/templates/StartingClass/KamaelMaleSoldier.xml|data/stats/players/templates/StartingClass/KamaelFemaleSoldier.xml|data/spawns/Kamael/IsleOfSouls.xml|data/spawns/Others/Gremlins.xml
bridge.be283357e5a79f7e64220e32	component.214784823dfee247eabd4cc1	16384	6	F	population.route.orc.a4	generated.farm.e685f7e7994e7e1f1e589631.anchor	-50077	-115763	-160	-37492	-118051	-1712	0	0	NO_PATH	0	0	data/stats/players/templates/StartingClass/OrcFighter.xml|data/stats/players/templates/StartingClass/OrcMystic.xml|data/spawns/OrcTerritory/OrcStarting.xml|data/spawns/OrcTerritory/OrcStarting.xml
bridge.be8a6e0b1de7b4abf95fe7f3	component.6ed5189c1ad34dcd97c5af56	32768	2	F	population.route.orc.a2	generated.farm.728f34d7752261776a8e5fb7.anchor	-52637	-113715	-80	-50719	-84960	-8320	0	0	NO_PATH	0	0	data/stats/players/templates/StartingClass/OrcFighter.xml|data/stats/players/templates/StartingClass/OrcMystic.xml|data/spawns/OrcTerritory/OrcStarting.xml|data/spawns/Others/KrateisCube.xml
bridge.bea62c8657e84cdd38a08aaa	component.18bacfc235ddd517347d8830	32768	16	F	population.ingress.dwarf.06	generated.farm.6cc54f41492a8ebff56a5815.anchor	108576	-174122	-408	119130	-144099	-3016	0	0	NO_PATH	0	0	data/stats/players/templates/StartingClass/DwarvenFighter.xml|data/spawns/Others/PlunderousPlains.xml
bridge.beb94a490a2ac372d1be5192	component.87a65b1ce32b28202691c2c8	32768	11	F	population.ingress.orc.05	generated.farm.ac1e437a00c50adb5285e40a.anchor	-56743	-113757	-672	-44720	-86972	-8320	0	0	NO_PATH	0	0	data/stats/players/templates/StartingClass/OrcFighter.xml|data/stats/players/templates/StartingClass/OrcMystic.xml|data/spawns/Others/KrateisCube.xml
bridge.beced5b9f31fe99d104bbc51	component.0d29dfe1c9a010ee2b1a7342	16384	3	R	generated.farm.9d23ec2f77c7c345967951bb.anchor	population.route.dwarf.a4	119412	-188362	-3240	113508	-174203	-608	0	0	NO_PATH	0	0	data/spawns/DwarvenTerritory/DwarvenStarting.xml|data/stats/players/templates/StartingClass/DwarvenFighter.xml|data/spawns/DwarvenTerritory/DwarvenStarting.xml
bridge.beeba97d4ac3da576efdec6a	component.de636b0f82c1f5ec50237e13	32768	7	F	generated.farm.ea72d768f3c8ec3d79c1a530.anchor	generated.farm.c726e41f56667ee82aa4fd6f.anchor	116056	-175091	-1016	118561	-195056	-3552	0	0	NO_PATH	0	0	data/spawns/DwarvenTerritory/DwarvenStarting.xml|data/spawns/DwarvenTerritory/DwarvenStarting.xml
bridge.bef49edebc8d5d032a9fecae	component.18c9e4ee0311769668b2eb74	8192	4	R	generated.farm.74718a641fa7e78154fea892.anchor	population.ingress.kamael.06	-125620	37399	1176	-125531	37944	1176	0	0	VALID_DIRECT	553	1	data/spawns/Others/Gremlins.xml|data/stats/players/templates/StartingClass/KamaelMaleSoldier.xml|data/stats/players/templates/StartingClass/KamaelFemaleSoldier.xml
bridge.bf2bc23e0296c4f3a1493757	component.a2230627cce424b0593fedc6	32768	6	R	generated.farm.08a347f7f13696479813918f.anchor	population.ingress.dark-elf.01	15644	-8311	-3248	28295	11063	-4232	0	0	NO_PATH	0	0	data/spawns/Rune/PrimevalIsle.xml|data/stats/players/templates/StartingClass/DarkFighter.xml|data/stats/players/templates/StartingClass/DarkMystic.xml
bridge.bf68c1a808b767e4aae6417a	component.a99c371149bc249af615a5c3	32768	1	R	generated.farm.ab5e8f2e7966e479ea160401.anchor	population.farming.orc.20535	-22483	-124604	-2656	-49106	-115854	-160	0	0	NO_PATH	0	0	data/spawns/OrcTerritory/OrcStarting.xml|data/spawns/OrcTerritory/OrcStarting.xml
bridge.bf7d19905201a8a3f75c11be	component.54cd7d198274de64199ae37f	8192	7	F	population.route.human-fighter.a2	generated.farm.9caf3d9715b6ff604306dc10.anchor	-71752	257768	-3112	-71338	258393	-3072	0	0	NO_PATH	0	0	data/stats/players/templates/StartingClass/HumanFighter.xml|data/spawns/Others/17_25.xml|data/spawns/Others/Gremlins.xml
bridge.bf8d9e89c8f22f10a8c82da1	component.ac8aaf293b35ddbae57a8843	8192	3	R	generated.farm.0c00c3760a3ec18fa034d798.anchor	population.farming.elf.20534	38303	39146	-3576	44126	42751	-3488	0	0	NO_PATH	0	0	data/spawns/ElvenTerritory/ElvenStarting.xml|data/spawns/ElvenTerritory/ElvenStarting.xml
bridge.bfaed5387be221ab81a9c158	component.16897e3b9846dd267a30bfc1	32768	5	R	generated.farm.a5c0bfc2913c1277af9aa4f4.anchor	population.ingress.dark-elf.03	21571	-14364	-3104	28377	10916	-4232	0	0	NO_PATH	0	0	data/spawns/Rune/PrimevalIsle.xml|data/stats/players/templates/StartingClass/DarkFighter.xml|data/stats/players/templates/StartingClass/DarkMystic.xml
bridge.bfba1eb74114d9a9e0fb8da8	component.34034eda8581571932b22786	8192	4	F	population.farming.orc.20535	generated.farm.e72c2c1fdf7715981415fcdb.anchor	-49106	-115854	-160	-49543	-110784	-240	0	0	NO_PATH	0	0	data/spawns/OrcTerritory/OrcStarting.xml|data/spawns/OrcTerritory/OrcStarting.xml
bridge.c0027fd9bae5edcd45fdcc18	component.41e35f446ee4f00762502fdb	32768	7	F	population.ingress.dark-elf.06	generated.farm.d39331b999c56e6df46c579c.anchor	28395	11127	-4232	1740	22546	-3368	0	0	NO_PATH	0	0	data/stats/players/templates/StartingClass/DarkFighter.xml|data/stats/players/templates/StartingClass/DarkMystic.xml|data/spawns/DarkElfTerritory/DarkElfStarting.xml
bridge.c00a93c393531ffe99d8c153	component.7fa3659f0208cf5e905507bb	32768	4	R	generated.farm.67e7b738e88cc6c0f12d73f7.anchor	population.farming.dark-elf.20529	2909	-9872	-3744	25308	13254	-3648	0	0	NO_PATH	0	0	data/spawns/Rune/PrimevalIsle.xml|data/spawns/DarkElfTerritory/DarkElfStarting.xml
bridge.c0212f7d496c0df2a590fdaf	component.635e8cdeb1b598aac805b64c	32768	7	R	talking-island.farming.gludio31-1624-11s	population.route.human-mystic.b2	-103448	227187	-3672	-89240	249912	-3568	0	0	NO_PATH	0	0	data/spawns/TalkingIsland/TalkingIslandMonsters.xml|data/stats/players/templates/StartingClass/HumanMystic.xml|data/spawns/TalkingIsland/TalkingIslandMonsters.xml
bridge.c02749e05073473545b7a36e	component.b0959173bd82d4b722b2be8c	32768	6	F	generated.farm.36714f071123eedc9cac6c05.anchor	generated.farm.c64e3da0e4c050e99dd0e964.anchor	28436	11041	-4232	25484	-10847	-2480	0	0	NO_PATH	0	0	data/spawns/Others/Gremlins.xml|data/spawns/Rune/PrimevalIsle.xml
bridge.c05c5d15f70e5d5835f2f66c	component.6b63e9a22c52715dd6894332	8192	12	F	population.ingress.elf.05	generated.farm.52dc95334718091370944146.anchor	46048	41141	-3504	41267	39070	-3496	0	0	NO_PATH	0	0	data/stats/players/templates/StartingClass/ElvenFighter.xml|data/stats/players/templates/StartingClass/ElvenMystic.xml|data/spawns/ElvenTerritory/ElvenStarting.xml
bridge.c0692dbc28296a797b33ee0d	component.1331db1a6d957945bfb43b8d	8192	4	F	population.ingress.elf.05	generated.farm.9d9291cb563275968a77e851.anchor	46048	41141	-3504	47907	37504	-3544	0	0	NO_PATH	0	0	data/stats/players/templates/StartingClass/ElvenFighter.xml|data/stats/players/templates/StartingClass/ElvenMystic.xml|data/spawns/ElvenTerritory/ElvenStarting.xml
bridge.c0af062e9fd2c40a0505ea3c	component.89c4c607fc4fee76637095fd	16384	6	R	generated.farm.519759dffe4a0803b970d3ee.anchor	population.ingress.elf.01	48712	55466	-3464	46045	41251	-3504	0	0	NO_PATH	0	0	data/spawns/ElvenTerritory/ElvenStarting.xml|data/stats/players/templates/StartingClass/ElvenFighter.xml|data/stats/players/templates/StartingClass/ElvenMystic.xml
bridge.c0b8f696b4e1068336e5e2d8	component.34034eda8581571932b22786	8192	10	R	generated.farm.e72c2c1fdf7715981415fcdb.anchor	population.ingress.orc.06	-49543	-110784	-240	-56682	-113730	-672	0	0	NO_PATH	0	0	data/spawns/OrcTerritory/OrcStarting.xml|data/stats/players/templates/StartingClass/OrcFighter.xml|data/stats/players/templates/StartingClass/OrcMystic.xml
bridge.c0c9c8dd548cb744e15073e7	component.ba083b6371fa0acdb077e91c	8192	5	R	generated.farm.eda8543a4ab4d30e028f9b97.anchor	population.ingress.orc.01	-56273	-113606	-672	-56733	-113459	-672	0	0	VALID_DIRECT	483	1	data/spawns/Others/Gremlins.xml|data/stats/players/templates/StartingClass/OrcFighter.xml|data/stats/players/templates/StartingClass/OrcMystic.xml
bridge.c0db0c02071566a2162c1765	component.40dbfe62843fbb4b5737b50d	32768	15	R	generated.farm.b39b5ebcb618d85608e8a97d.anchor	population.ingress.elf.01	24053	37496	-3672	46045	41251	-3504	0	0	NO_PATH	0	0	data/spawns/ElvenTerritory/ElvenStarting.xml|data/stats/players/templates/StartingClass/ElvenFighter.xml|data/stats/players/templates/StartingClass/ElvenMystic.xml
bridge.c0e5525973ed0d3177813649	component.18c9e4ee0311769668b2eb74	8192	4	F	population.ingress.kamael.06	generated.farm.74718a641fa7e78154fea892.anchor	-125531	37944	1176	-125620	37399	1176	0	0	VALID_DIRECT	553	1	data/stats/players/templates/StartingClass/KamaelMaleSoldier.xml|data/stats/players/templates/StartingClass/KamaelFemaleSoldier.xml|data/spawns/Others/Gremlins.xml
bridge.c0e854492639fd0a576e3f43	component.46078c3265041fc30a5d4a44	16384	8	F	population.ingress.elf.04	generated.farm.c966cf46f4c8074e4ddbc1d1.anchor	46115	41141	-3504	35728	46771	-3688	0	0	NO_PATH	0	0	data/stats/players/templates/StartingClass/ElvenFighter.xml|data/stats/players/templates/StartingClass/ElvenMystic.xml|data/spawns/ElvenTerritory/ElvenStarting.xml
bridge.c1d38020a26d9d3acd15f926	component.91a9f940fd17192b7296dafb	32768	9	F	population.ingress.dark-elf.06	generated.farm.c2fab2e4269c72a597f3b7a9.anchor	28395	11127	-4232	19916	-9610	-2824	0	0	NO_PATH	0	0	data/stats/players/templates/StartingClass/DarkFighter.xml|data/stats/players/templates/StartingClass/DarkMystic.xml|data/spawns/Rune/PrimevalIsle.xml
bridge.c1e47049ca931e6ed62435bd	component.01b441ae383a1b39494050f4	32768	2	R	generated.farm.9cf6fa1ef953b5b33ff9fe37.anchor	population.route.dark-elf.a2	13666	-12273	-3024	25720	11288	-3720	0	0	NO_PATH	0	0	data/spawns/Rune/PrimevalIsle.xml|data/stats/players/templates/StartingClass/DarkFighter.xml|data/stats/players/templates/StartingClass/DarkMystic.xml|data/spawns/DarkElfTerritory/DarkElfStarting.xml
bridge.c24c0dc8220c0fec2fe805ea	component.43988bed6a656186e489a9b7	32768	5	R	generated.farm.88cab6697f22f34bf81c16f7.anchor	population.ingress.elf.06	53010	23851	-5384	45978	41196	-3504	0	0	NO_PATH	0	0	data/spawns/Oren/SeaOfSpores.xml|data/stats/players/templates/StartingClass/ElvenFighter.xml|data/stats/players/templates/StartingClass/ElvenMystic.xml
bridge.c250276a45d6aacf1623763a	component.cdd71132d5f4e86baaa4d99d	8192	11	F	population.route.human-mystic.a1	generated.farm.5a6b2e1025252314c1f156d2.anchor	-89304	249848	-3568	-93369	245699	-3608	0	0	NO_PATH	0	0	data/stats/players/templates/StartingClass/HumanMystic.xml|data/spawns/TalkingIsland/TalkingIslandMonsters.xml|data/spawns/TalkingIsland/TalkingIslandMonsters.xml
bridge.c25c61533e20260874f5b28b	component.cdd71132d5f4e86baaa4d99d	8192	3	R	generated.farm.5a6b2e1025252314c1f156d2.anchor	population.ingress.human-mystic.02	-93369	245699	-3608	-90954	248118	-3568	0	0	NO_PATH	0	0	data/spawns/TalkingIsland/TalkingIslandMonsters.xml|data/stats/players/templates/StartingClass/HumanMystic.xml
bridge.c286e0446638e54308667671	component.ab29092af7d295a3d4416d1e	32768	2	R	generated.farm.298219c53607a679d1a095b6.anchor	population.route.orc.a4	-22721	-132248	-712	-50077	-115763	-160	0	0	NO_PATH	0	0	data/spawns/OrcTerritory/OrcStarting.xml|data/stats/players/templates/StartingClass/OrcFighter.xml|data/stats/players/templates/StartingClass/OrcMystic.xml|data/spawns/OrcTerritory/OrcStarting.xml
bridge.c297791571aff5d86f4f636e	component.031481c9c68a70f28b2c5e0d	32768	3	F	population.route.orc.a1	generated.farm.6cf5bedf919d093eea69a4d0.anchor	-54685	-113715	-520	-44722	-82957	-8320	0	0	NO_PATH	0	0	data/stats/players/templates/StartingClass/OrcFighter.xml|data/stats/players/templates/StartingClass/OrcMystic.xml|data/spawns/OrcTerritory/OrcStarting.xml|data/spawns/Others/KrateisCube.xml
bridge.c2abe40e0975e8bb2bedaf6d	component.ac8aaf293b35ddbae57a8843	8192	4	R	generated.farm.1a1d5ca5583b453d5a406cfa.anchor	population.farming.elf.20534	39605	36319	-3600	44126	42751	-3488	0	0	NO_PATH	0	0	data/spawns/ElvenTerritory/ElvenStarting.xml|data/spawns/ElvenTerritory/ElvenStarting.xml
bridge.c2fe0bc070efcf0313732353	component.16897e3b9846dd267a30bfc1	32768	2	F	population.route.dark-elf.a1	generated.farm.08f4fb3b22c13f96f311c779.anchor	25992	11112	-3720	20813	-14323	-3040	0	0	NO_PATH	0	0	data/stats/players/templates/StartingClass/DarkFighter.xml|data/stats/players/templates/StartingClass/DarkMystic.xml|data/spawns/DarkElfTerritory/DarkElfStarting.xml|data/spawns/Rune/PrimevalIsle.xml
bridge.c33f6d60a66e99bc6b66aca1	component.d5d468daa4bebd1a4eb327d6	32768	10	F	population.ingress.dark-elf.02	generated.farm.08eced60f60a66b7fc7027b7.anchor	28302	11008	-4232	6712	-9399	-3680	0	0	NO_PATH	0	0	data/stats/players/templates/StartingClass/DarkFighter.xml|data/stats/players/templates/StartingClass/DarkMystic.xml|data/spawns/Rune/PrimevalIsle.xml
bridge.c3573dd82ac5ef86e1204122	component.7e4161a95ce7d75a795e5571	8192	9	R	generated.farm.7451e61fe8e94f49afb1f9e2.anchor	population.ingress.elf.03	39050	41882	-3592	46182	41198	-3504	0	0	NO_PATH	0	0	data/spawns/ElvenTerritory/ElvenStarting.xml|data/stats/players/templates/StartingClass/ElvenFighter.xml|data/stats/players/templates/StartingClass/ElvenMystic.xml
bridge.c35b88b83bf7846ee2e583d6	component.2c7e3c336954be75db3a7f7d	32768	3	R	generated.farm.9eb7152622bad01eeb33f1c4.anchor	population.route.dark-elf.a1	25906	-16833	-2744	25992	11112	-3720	0	0	NO_PATH	0	0	data/spawns/Rune/PrimevalIsle.xml|data/stats/players/templates/StartingClass/DarkFighter.xml|data/stats/players/templates/StartingClass/DarkMystic.xml|data/spawns/DarkElfTerritory/DarkElfStarting.xml
bridge.c35ec9f8dd75b40e6f9b9de0	component.7e882b0664c31928ac9f5caa	32768	14	R	generated.farm.12923521d58d7301f63fd56a.anchor	population.ingress.dwarf.04	117133	-149832	-2352	108512	-174026	-408	0	0	NO_PATH	0	0	data/spawns/Others/PlunderousPlains.xml|data/stats/players/templates/StartingClass/DwarvenFighter.xml
bridge.c37feb0dafa036e1664ec582	component.6b6dbba2f1367f01991dfe32	32768	6	F	population.ingress.orc.04	generated.farm.59f334c6c58a366ac0ebe3c9.anchor	-56693	-113610	-672	-50720	-82961	-8320	0	0	NO_PATH	0	0	data/stats/players/templates/StartingClass/OrcFighter.xml|data/stats/players/templates/StartingClass/OrcMystic.xml|data/spawns/Others/KrateisCube.xml
bridge.c39f60adea8d71c5cf32d54a	component.43988bed6a656186e489a9b7	32768	9	R	generated.farm.4d58dd1be9d4b93272b379ec.anchor	population.ingress.elf.03	49877	22679	-5512	46182	41198	-3504	0	0	NO_PATH	0	0	data/spawns/Oren/SeaOfSpores.xml|data/stats/players/templates/StartingClass/ElvenFighter.xml|data/stats/players/templates/StartingClass/ElvenMystic.xml
bridge.c3c42e22b79d1b0e24bbc277	component.58fa7816fe6f000be807e01c	8192	8	F	population.ingress.dark-elf.04	generated.farm.f66a8a0231b2d83dac29cc4d.anchor	28456	10997	-4232	24496	9206	-3584	0	0	NO_PATH	0	0	data/stats/players/templates/StartingClass/DarkFighter.xml|data/stats/players/templates/StartingClass/DarkMystic.xml|data/spawns/DarkElfTerritory/DarkElfStarting.xml
bridge.c3f981eb530297213036c74c	component.79ad21df45b89fa5bb86a4fd	32768	15	R	generated.farm.aa1716be4a17c0aa980acc7b.anchor	population.ingress.elf.01	54583	71099	-3440	46045	41251	-3504	0	0	NO_PATH	0	0	data/spawns/ElvenTerritory/ElvenStarting.xml|data/stats/players/templates/StartingClass/ElvenFighter.xml|data/stats/players/templates/StartingClass/ElvenMystic.xml
bridge.c422c5424d1f7d4e16c18be3	component.41e35f446ee4f00762502fdb	32768	8	F	population.ingress.dark-elf.03	generated.farm.d39331b999c56e6df46c579c.anchor	28377	10916	-4232	1740	22546	-3368	0	0	NO_PATH	0	0	data/stats/players/templates/StartingClass/DarkFighter.xml|data/stats/players/templates/StartingClass/DarkMystic.xml|data/spawns/DarkElfTerritory/DarkElfStarting.xml
bridge.c43b8a93a216bf9903a06a4d	component.46078c3265041fc30a5d4a44	16384	6	F	population.ingress.elf.05	generated.farm.c966cf46f4c8074e4ddbc1d1.anchor	46048	41141	-3504	35728	46771	-3688	0	0	NO_PATH	0	0	data/stats/players/templates/StartingClass/ElvenFighter.xml|data/stats/players/templates/StartingClass/ElvenMystic.xml|data/spawns/ElvenTerritory/ElvenStarting.xml
bridge.c468d8c6fa1c40a3f26114f7	component.6e3a57525358ac42a6fda077	32768	5	F	generated.farm.5ee423a52e35fbb905b7ecb0.anchor	generated.farm.1a8d5255f1d68b98358f16fc.anchor	54714	51620	-3592	70230	76786	-3696	0	0	NO_PATH	0	0	data/spawns/ElvenTerritory/ElvenStarting.xml|data/spawns/Oren/TimakOutpost.xml
bridge.c478fab2e08f15a0442ae622	component.89c4c607fc4fee76637095fd	16384	5	R	generated.farm.519759dffe4a0803b970d3ee.anchor	population.ingress.elf.02	48712	55466	-3464	46117	41247	-3504	0	0	NO_PATH	0	0	data/spawns/ElvenTerritory/ElvenStarting.xml|data/stats/players/templates/StartingClass/ElvenFighter.xml|data/stats/players/templates/StartingClass/ElvenMystic.xml
bridge.c480a135ead1cff597a38a23	component.d5d468daa4bebd1a4eb327d6	32768	11	F	population.ingress.dark-elf.01	generated.farm.08eced60f60a66b7fc7027b7.anchor	28295	11063	-4232	6712	-9399	-3680	0	0	NO_PATH	0	0	data/stats/players/templates/StartingClass/DarkFighter.xml|data/stats/players/templates/StartingClass/DarkMystic.xml|data/spawns/Rune/PrimevalIsle.xml
bridge.c4875cf15be54e980d3db55b	component.e9ea386cf0bd55a495081c3d	32768	3	F	population.ingress.elf.06	elven.farming.oren04-2019-08s	45978	41196	-3504	17170	46114	-3568	0	0	NO_PATH	0	0	data/stats/players/templates/StartingClass/ElvenFighter.xml|data/stats/players/templates/StartingClass/ElvenMystic.xml|data/spawns/ElvenTerritory/ElvenStarting.xml
bridge.c49688792591fdd4c696b9c9	component.d4239fbe60250487003bb4fd	32768	10	F	generated.farm.d6f82637bd6fae44cd109781.anchor	generated.farm.c4067c834f12b99e976909a2.anchor	48366	42521	-3472	26607	63533	-3552	0	0	NO_PATH	0	0	data/spawns/ElvenTerritory/ElvenStarting.xml|data/spawns/ElvenTerritory/ElvenStarting.xml
bridge.c4bcf3755238a38e9f021415	component.0075e5d7b40ef037d898ed1f	32768	2	F	population.route.orc.a4	generated.farm.af6a6553f7f39fcbe2980198.anchor	-50077	-115763	-160	-21358	-105037	-1856	0	0	NO_PATH	0	0	data/stats/players/templates/StartingClass/OrcFighter.xml|data/stats/players/templates/StartingClass/OrcMystic.xml|data/spawns/OrcTerritory/OrcStarting.xml|data/spawns/OrcTerritory/OrcStarting.xml
bridge.c4c5c8727c5d040a52aced3a	component.1331db1a6d957945bfb43b8d	8192	10	R	generated.farm.78d792f9dc16f4ce4003c1ae.anchor	population.ingress.elf.04	50626	40925	-3464	46115	41141	-3504	0	0	NO_PATH	0	0	data/spawns/ElvenTerritory/ElvenStarting.xml|data/stats/players/templates/StartingClass/ElvenFighter.xml|data/stats/players/templates/StartingClass/ElvenMystic.xml
bridge.c4f6dee101f2b2e8f78d5fdd	component.2c4a1d8ed5506d43bb6025d3	32768	1	R	generated.farm.f3fef88cab3be544b94bb305.anchor	generated.farm.ccd05d96d24167ee9a70c395.anchor	165484	-207409	-3496	173397	-189657	-2016	0	0	NO_PATH	0	0	data/spawns/DwarvenTerritory/DwarvenStarting.xml|data/spawns/DwarvenTerritory/DwarvenStarting.xml
bridge.c50a3e32f51fefa4a55868c5	component.475c48156e62e7e47cb30765	32768	3	R	generated.farm.bd35d5fb02b6c1c76b448822.anchor	population.route.orc.a1	-48720	-82958	-8320	-54685	-113715	-520	0	0	NO_PATH	0	0	data/spawns/Others/KrateisCube.xml|data/stats/players/templates/StartingClass/OrcFighter.xml|data/stats/players/templates/StartingClass/OrcMystic.xml|data/spawns/OrcTerritory/OrcStarting.xml
bridge.c52490290b2dcbf605880bcb	component.093885e4dafbe6ffb61aca3e	16384	1	R	generated.farm.21c8e0a71fc1a30fb94fd849.anchor	generated.farm.d6f82637bd6fae44cd109781.anchor	57402	30692	-3768	48366	42521	-3472	0	0	NO_PATH	0	0	data/spawns/Oren/SeaOfSpores.xml|data/spawns/ElvenTerritory/ElvenStarting.xml
bridge.c5251c37d53c20887f63736d	component.7e882b0664c31928ac9f5caa	32768	9	F	population.route.dwarf.w1	generated.farm.12923521d58d7301f63fd56a.anchor	108728	-173944	-408	117133	-149832	-2352	0	0	NO_PATH	0	0	data/stats/players/templates/StartingClass/DwarvenFighter.xml|data/spawns/DwarvenTerritory/DwarvenStarting.xml|data/spawns/Others/PlunderousPlains.xml
bridge.c5260389dcefc12b36430425	component.7e882b0664c31928ac9f5caa	32768	13	F	population.route.dwarf.i03-w0	generated.farm.12923521d58d7301f63fd56a.anchor	108552	-174024	-408	117133	-149832	-2352	0	0	NO_PATH	0	0	data/stats/players/templates/StartingClass/DwarvenFighter.xml|data/spawns/DwarvenTerritory/DwarvenStarting.xml|data/spawns/Others/PlunderousPlains.xml
bridge.c5c1fb21f460de0ba9ad89b9	component.20a0c83d40a7bb22c26e0395	32768	8	R	generated.farm.f137dbbc3ac90f445b806c09.anchor	population.route.dark-elf.a2	25328	-15199	-2744	25720	11288	-3720	0	0	NO_PATH	0	0	data/spawns/Rune/PrimevalIsle.xml|data/stats/players/templates/StartingClass/DarkFighter.xml|data/stats/players/templates/StartingClass/DarkMystic.xml|data/spawns/DarkElfTerritory/DarkElfStarting.xml
bridge.c5cf17ca7871aa7adceb4ed9	component.d2768e1382c5c1b8ae3c6408	32768	4	R	generated.farm.c559aedb44e0cf87e1fb32c9.anchor	population.ingress.dwarf.01	108605	-150431	-2328	108644	-173947	-408	0	0	NO_PATH	0	0	data/spawns/Others/PlunderousPlains.xml|data/stats/players/templates/StartingClass/DwarvenFighter.xml
bridge.c606fdef293be4eb9c4d5af2	component.d4f263a6130862446fcab68a	16384	4	F	population.ingress.dwarf.03	generated.farm.f9312932904adae788963399.anchor	108505	-173964	-408	108605	-160621	-1688	0	0	NO_PATH	0	0	data/stats/players/templates/StartingClass/DwarvenFighter.xml|data/spawns/Others/PlunderousPlains.xml
bridge.c6249f583c1c81a1c422b1f7	component.87a65b1ce32b28202691c2c8	32768	6	F	population.ingress.orc.04	generated.farm.ac1e437a00c50adb5285e40a.anchor	-56693	-113610	-672	-44720	-86972	-8320	0	0	NO_PATH	0	0	data/stats/players/templates/StartingClass/OrcFighter.xml|data/stats/players/templates/StartingClass/OrcMystic.xml|data/spawns/Others/KrateisCube.xml
bridge.c63052e1ec2413790f852bbc	component.10e204556f859c1b294aeca4	32768	9	R	generated.farm.01d45fe32598e8270dab20b2.anchor	generated.farm.1e2d5a3becf8fd2f9e656d54.anchor	157239	-220265	-3600	128484	-211404	-3408	0	0	NO_PATH	0	0	data/spawns/DwarvenTerritory/DwarvenStarting.xml|data/spawns/DwarvenTerritory/DwarvenStarting.xml
bridge.c674a03b6f5a1f4a6be8c905	component.7e4161a95ce7d75a795e5571	8192	5	F	population.ingress.elf.05	generated.farm.7451e61fe8e94f49afb1f9e2.anchor	46048	41141	-3504	39050	41882	-3592	0	0	NO_PATH	0	0	data/stats/players/templates/StartingClass/ElvenFighter.xml|data/stats/players/templates/StartingClass/ElvenMystic.xml|data/spawns/ElvenTerritory/ElvenStarting.xml
bridge.c6acb5393f8bd5c879dd89a6	component.10e204556f859c1b294aeca4	32768	4	R	generated.farm.01d45fe32598e8270dab20b2.anchor	generated.farm.40c5f8858df37983d677ac58.anchor	157239	-220265	-3600	136935	-202962	-3632	0	0	NO_PATH	0	0	data/spawns/DwarvenTerritory/DwarvenStarting.xml|data/spawns/DwarvenTerritory/DwarvenStarting.xml
bridge.c6c875e0a2d691edf931f2a6	component.6b63e9a22c52715dd6894332	8192	16	F	population.farming.elf.20534	generated.farm.68243117d5885fe09a0b57bc.anchor	44126	42751	-3488	43767	37445	-3512	0	0	VALID_DIRECT	5319	1	data/spawns/ElvenTerritory/ElvenStarting.xml|data/spawns/ElvenTerritory/ElvenStarting.xml
bridge.c6e3787aeef0277c06670125	component.7e882b0664c31928ac9f5caa	32768	3	R	generated.farm.12923521d58d7301f63fd56a.anchor	population.route.dwarf.a3	117133	-149832	-2352	112996	-173691	-608	0	0	NO_PATH	0	0	data/spawns/Others/PlunderousPlains.xml|data/stats/players/templates/StartingClass/DwarvenFighter.xml|data/spawns/DwarvenTerritory/DwarvenStarting.xml
bridge.c7051f83be67fae91a97dcb1	component.cdd71132d5f4e86baaa4d99d	8192	9	F	population.ingress.human-mystic.01	generated.farm.739ff353ab353f0a5a095101.anchor	-90875	248162	-3568	-95394	246014	-3616	0	0	NO_PATH	0	0	data/stats/players/templates/StartingClass/HumanMystic.xml|data/spawns/TalkingIsland/TalkingIslandMonsters.xml
bridge.c774a45a6a1aded649cf6b10	component.f0870ecd40f136c705bc5941	32768	2	F	population.route.orc.a2	generated.farm.ef0394b1715ca0d66c082465.anchor	-52637	-113715	-80	-44717	-84969	-8320	0	0	NO_PATH	0	0	data/stats/players/templates/StartingClass/OrcFighter.xml|data/stats/players/templates/StartingClass/OrcMystic.xml|data/spawns/OrcTerritory/OrcStarting.xml|data/spawns/Others/KrateisCube.xml
bridge.c779471a671ef42d002994d8	component.6c8644500a9312467848babc	32768	9	R	elven.farming.oren04-2019-10s	population.ingress.elf.03	16057	52260	-3544	46182	41198	-3504	0	0	NO_PATH	0	0	data/spawns/ElvenTerritory/ElvenStarting.xml|data/stats/players/templates/StartingClass/ElvenFighter.xml|data/stats/players/templates/StartingClass/ElvenMystic.xml
bridge.c78cf951d569c6e1d02ad394	component.2c7e3c336954be75db3a7f7d	32768	9	R	generated.farm.9eb7152622bad01eeb33f1c4.anchor	population.route.dark-elf.a2	25906	-16833	-2744	25720	11288	-3720	0	0	NO_PATH	0	0	data/spawns/Rune/PrimevalIsle.xml|data/stats/players/templates/StartingClass/DarkFighter.xml|data/stats/players/templates/StartingClass/DarkMystic.xml|data/spawns/DarkElfTerritory/DarkElfStarting.xml
bridge.c78f783b0eaeeab046ff17a6	component.43988bed6a656186e489a9b7	32768	10	F	generated.farm.428b85922009e44829ae2db0.anchor	generated.farm.88cab6697f22f34bf81c16f7.anchor	46131	41458	-3504	53010	23851	-5384	0	0	NO_PATH	0	0	data/spawns/Others/Gremlins.xml|data/spawns/Oren/SeaOfSpores.xml
bridge.c7f4c7e0519b6fe0868db4d7	component.6c8644500a9312467848babc	32768	5	R	elven.farming.oren04-2019-10s	generated.farm.428b85922009e44829ae2db0.anchor	16057	52260	-3544	46131	41458	-3504	0	0	NO_PATH	0	0	data/spawns/ElvenTerritory/ElvenStarting.xml|data/spawns/Others/Gremlins.xml
bridge.c81dea7a36cbc26d8d38f337	component.6649966768b82f83ad664d97	32768	4	F	population.route.orc.a2	generated.farm.39e870280a474549df7725fe.anchor	-52637	-113715	-80	-21626	-116308	-2984	0	0	NO_PATH	0	0	data/stats/players/templates/StartingClass/OrcFighter.xml|data/stats/players/templates/StartingClass/OrcMystic.xml|data/spawns/OrcTerritory/OrcStarting.xml|data/spawns/OrcTerritory/OrcStarting.xml
bridge.c87db09e6fa9c4e45afb93e5	component.d17c0330770bec1efedfb20e	8192	1	R	generated.farm.dbb636a9327a8061cc7fde42.anchor	generated.farm.d6f82637bd6fae44cd109781.anchor	53667	44890	-3528	48366	42521	-3472	0	0	NO_PATH	0	0	data/spawns/ElvenTerritory/ElvenStarting.xml|data/spawns/ElvenTerritory/ElvenStarting.xml
bridge.c88220d65c075a25e7254dd4	component.b8a1ba9dfc02a229569e9998	32768	5	R	generated.farm.c246ebe1e9f6c73e829b2d38.anchor	population.ingress.dark-elf.04	22054	-11514	-2720	28456	10997	-4232	0	0	NO_PATH	0	0	data/spawns/Rune/PrimevalIsle.xml|data/stats/players/templates/StartingClass/DarkFighter.xml|data/stats/players/templates/StartingClass/DarkMystic.xml
bridge.c89b733d9a0be074d026161a	component.d4f263a6130862446fcab68a	16384	7	R	generated.farm.f9312932904adae788963399.anchor	population.ingress.dwarf.04	108605	-160621	-1688	108512	-174026	-408	0	0	NO_PATH	0	0	data/spawns/Others/PlunderousPlains.xml|data/stats/players/templates/StartingClass/DwarvenFighter.xml
bridge.c8f7f07dd63f2ebe49446352	component.093885e4dafbe6ffb61aca3e	16384	11	F	population.ingress.elf.05	generated.farm.f738e4c5c0d04e971986b2ee.anchor	46048	41141	-3504	52427	26652	-5152	0	0	NO_PATH	0	0	data/stats/players/templates/StartingClass/ElvenFighter.xml|data/stats/players/templates/StartingClass/ElvenMystic.xml|data/spawns/Oren/SeaOfSpores.xml
bridge.c91ba616c3f00c27c96c3fc3	component.093885e4dafbe6ffb61aca3e	16384	16	R	generated.farm.f738e4c5c0d04e971986b2ee.anchor	population.ingress.elf.06	52427	26652	-5152	45978	41196	-3504	0	0	NO_PATH	0	0	data/spawns/Oren/SeaOfSpores.xml|data/stats/players/templates/StartingClass/ElvenFighter.xml|data/stats/players/templates/StartingClass/ElvenMystic.xml
bridge.c926d653311dc77156fed8ea	component.df33433dc147309d6dc09abc	32768	8	R	generated.farm.9bd77ed2d0a9c062814dc873.anchor	population.ingress.orc.06	-46721	-82961	-8320	-56682	-113730	-672	0	0	NO_PATH	0	0	data/spawns/Others/KrateisCube.xml|data/stats/players/templates/StartingClass/OrcFighter.xml|data/stats/players/templates/StartingClass/OrcMystic.xml
bridge.c95e0272be499dfada048937	component.87a65b1ce32b28202691c2c8	32768	10	F	population.ingress.orc.06	generated.farm.ac1e437a00c50adb5285e40a.anchor	-56682	-113730	-672	-44720	-86972	-8320	0	0	NO_PATH	0	0	data/stats/players/templates/StartingClass/OrcFighter.xml|data/stats/players/templates/StartingClass/OrcMystic.xml|data/spawns/Others/KrateisCube.xml
bridge.c97885941aa0bb4582ddf8cc	component.c8a8b60142ed368a7d7be480	32768	2	F	population.ingress.dark-elf.03	generated.farm.c2052fbe0b07e84a519406a1.anchor	28377	10916	-4232	23826	-18715	-2768	0	0	NO_PATH	0	0	data/stats/players/templates/StartingClass/DarkFighter.xml|data/stats/players/templates/StartingClass/DarkMystic.xml|data/spawns/Rune/PrimevalIsle.xml
bridge.c9b351fc71a2d81f87a53a46	component.10e204556f859c1b294aeca4	32768	12	R	generated.farm.c4c86a1c1e9423c05d843bc9.anchor	generated.farm.ccd05d96d24167ee9a70c395.anchor	160145	-219344	-3528	173397	-189657	-2016	0	0	NO_PATH	0	0	data/spawns/DwarvenTerritory/DwarvenStarting.xml|data/spawns/DwarvenTerritory/DwarvenStarting.xml
bridge.c9c58e328c03895f0ec6fd99	component.9fbefbbe289820cb000eadf1	32768	5	F	population.route.orc.a1	generated.farm.17667c6c78e20a9fb3c4ae08.anchor	-54685	-113715	-520	-52719	-84968	-8320	0	0	NO_PATH	0	0	data/stats/players/templates/StartingClass/OrcFighter.xml|data/stats/players/templates/StartingClass/OrcMystic.xml|data/spawns/OrcTerritory/OrcStarting.xml|data/spawns/Others/KrateisCube.xml
bridge.ca1e991aa6b0374d2b302e62	component.6b63e9a22c52715dd6894332	8192	6	F	population.ingress.elf.01	generated.farm.68243117d5885fe09a0b57bc.anchor	46045	41251	-3504	43767	37445	-3512	0	0	NO_PATH	0	0	data/stats/players/templates/StartingClass/ElvenFighter.xml|data/stats/players/templates/StartingClass/ElvenMystic.xml|data/spawns/ElvenTerritory/ElvenStarting.xml
bridge.ca324d336454bd71cc030ccf	component.17d39984ff40b347b4bbe819	8192	7	R	generated.farm.cbb08c43cbd1980f90e70af6.anchor	generated.farm.ccd05d96d24167ee9a70c395.anchor	167878	-193592	-3272	173397	-189657	-2016	0	0	NO_PATH	0	0	data/spawns/DwarvenTerritory/DwarvenStarting.xml|data/spawns/DwarvenTerritory/DwarvenStarting.xml
bridge.ca3367e752ec5081d728a1a0	component.87a65b1ce32b28202691c2c8	32768	9	R	generated.farm.ac1e437a00c50adb5285e40a.anchor	population.route.orc.a4	-44720	-86972	-8320	-50077	-115763	-160	0	0	NO_PATH	0	0	data/spawns/Others/KrateisCube.xml|data/stats/players/templates/StartingClass/OrcFighter.xml|data/stats/players/templates/StartingClass/OrcMystic.xml|data/spawns/OrcTerritory/OrcStarting.xml
bridge.ca9057465441cac6173d3646	component.6c8644500a9312467848babc	32768	8	R	elven.farming.oren04-2019-10s	population.ingress.elf.04	16057	52260	-3544	46115	41141	-3504	0	0	NO_PATH	0	0	data/spawns/ElvenTerritory/ElvenStarting.xml|data/stats/players/templates/StartingClass/ElvenFighter.xml|data/stats/players/templates/StartingClass/ElvenMystic.xml
bridge.cad68fae937ef044996089d7	component.91a9f940fd17192b7296dafb	32768	3	F	population.ingress.dark-elf.03	generated.farm.c2fab2e4269c72a597f3b7a9.anchor	28377	10916	-4232	19916	-9610	-2824	0	0	NO_PATH	0	0	data/stats/players/templates/StartingClass/DarkFighter.xml|data/stats/players/templates/StartingClass/DarkMystic.xml|data/spawns/Rune/PrimevalIsle.xml
bridge.cadf0a127156b24e18fc664c	component.6ed5189c1ad34dcd97c5af56	32768	5	R	generated.farm.728f34d7752261776a8e5fb7.anchor	population.ingress.orc.02	-50719	-84960	-8320	-56686	-113470	-672	0	0	NO_PATH	0	0	data/spawns/Others/KrateisCube.xml|data/stats/players/templates/StartingClass/OrcFighter.xml|data/stats/players/templates/StartingClass/OrcMystic.xml
bridge.cb01b5241cbd96dbeecc0838	component.48e6e689d4d766cfd82dc2e2	16384	6	R	generated.farm.5ee423a52e35fbb905b7ecb0.anchor	population.ingress.elf.04	54714	51620	-3592	46115	41141	-3504	0	0	NO_PATH	0	0	data/spawns/ElvenTerritory/ElvenStarting.xml|data/stats/players/templates/StartingClass/ElvenFighter.xml|data/stats/players/templates/StartingClass/ElvenMystic.xml
bridge.cb03da5135af1e80767a1ba9	component.8be09705fc7ad98a61ee8361	16384	1	R	generated.farm.d95f99b8e0a68ee2775b6b4b.anchor	generated.farm.088e8bc59766f22991a08e5d.anchor	121473	-195605	-3568	130094	-209377	-3552	0	0	NO_PATH	0	0	data/spawns/DwarvenTerritory/DwarvenStarting.xml|data/spawns/DwarvenTerritory/DwarvenStarting.xml
bridge.cb0daff7d7036e23e41888e1	component.6649966768b82f83ad664d97	32768	1	R	generated.farm.39e870280a474549df7725fe.anchor	population.farming.orc.20535	-21626	-116308	-2984	-49106	-115854	-160	0	0	NO_PATH	0	0	data/spawns/OrcTerritory/OrcStarting.xml|data/spawns/OrcTerritory/OrcStarting.xml
bridge.cb25698ec60bfdf7fcf22719	component.41e35f446ee4f00762502fdb	32768	3	F	population.route.dark-elf.a2	generated.farm.d39331b999c56e6df46c579c.anchor	25720	11288	-3720	1740	22546	-3368	0	0	NO_PATH	0	0	data/stats/players/templates/StartingClass/DarkFighter.xml|data/stats/players/templates/StartingClass/DarkMystic.xml|data/spawns/DarkElfTerritory/DarkElfStarting.xml|data/spawns/DarkElfTerritory/DarkElfStarting.xml
bridge.cb59b037bb51ac362eba28bb	component.1331db1a6d957945bfb43b8d	8192	5	R	generated.farm.9d9291cb563275968a77e851.anchor	population.ingress.elf.02	47907	37504	-3544	46117	41247	-3504	0	0	NO_PATH	0	0	data/spawns/ElvenTerritory/ElvenStarting.xml|data/stats/players/templates/StartingClass/ElvenFighter.xml|data/stats/players/templates/StartingClass/ElvenMystic.xml
bridge.cb5a1f8667c3f288d7834255	component.cf7fc1a377a3ee4f1cd13c38	8192	3	R	generated.farm.dcbfae7bd58c752ca4f1e7ca.anchor	population.ingress.dwarf.02	108695	-173878	-400	108678	-174002	-408	0	0	VALID_PATH	151	3	data/spawns/Others/Gremlins.xml|data/stats/players/templates/StartingClass/DwarvenFighter.xml
bridge.cb5eae8673984eafd4c6d60d	component.7b0a8695c70b29d38ea2d7b7	32768	1	F	population.route.orc.a3	generated.farm.bf71e830d9839ea5032228a3.anchor	-50845	-113715	-168	-48725	-86968	-8320	0	0	NO_PATH	0	0	data/stats/players/templates/StartingClass/OrcFighter.xml|data/stats/players/templates/StartingClass/OrcMystic.xml|data/spawns/OrcTerritory/OrcStarting.xml|data/spawns/Others/KrateisCube.xml
bridge.cb72f9561cbcf3c93ad434bc	component.ff75e3e7e0f1b27f3a0af453	32768	3	F	generated.farm.ccd05d96d24167ee9a70c395.anchor	generated.farm.25b75a8a47aae59991e9540b.anchor	173397	-189657	-2016	187276	-204256	-2848	0	0	NO_PATH	0	0	data/spawns/DwarvenTerritory/DwarvenStarting.xml|data/spawns/DwarvenTerritory/DwarvenStarting.xml
bridge.cb7fdfe16bb500c47b9bf581	component.635e8cdeb1b598aac805b64c	32768	2	F	population.ingress.human-mystic.03	talking-island.farming.gludio31-1624-11s	-90918	248070	-3568	-103448	227187	-3672	0	0	NO_PATH	0	0	data/stats/players/templates/StartingClass/HumanMystic.xml|data/spawns/TalkingIsland/TalkingIslandMonsters.xml
bridge.cb992a1368ec8c5fdf85e9c5	component.6ed5189c1ad34dcd97c5af56	32768	7	F	population.ingress.orc.03	generated.farm.728f34d7752261776a8e5fb7.anchor	-56728	-113610	-672	-50719	-84960	-8320	0	0	NO_PATH	0	0	data/stats/players/templates/StartingClass/OrcFighter.xml|data/stats/players/templates/StartingClass/OrcMystic.xml|data/spawns/Others/KrateisCube.xml
bridge.cbe9fa4856b2fdeafbf305e7	component.c8a8b60142ed368a7d7be480	32768	1	F	population.route.dark-elf.a1	generated.farm.c2052fbe0b07e84a519406a1.anchor	25992	11112	-3720	23826	-18715	-2768	0	0	NO_PATH	0	0	data/stats/players/templates/StartingClass/DarkFighter.xml|data/stats/players/templates/StartingClass/DarkMystic.xml|data/spawns/DarkElfTerritory/DarkElfStarting.xml|data/spawns/Rune/PrimevalIsle.xml
bridge.cbeea1b62239bc3e7f20773a	component.20a0c83d40a7bb22c26e0395	32768	1	F	population.ingress.dark-elf.03	generated.farm.f137dbbc3ac90f445b806c09.anchor	28377	10916	-4232	25328	-15199	-2744	0	0	NO_PATH	0	0	data/stats/players/templates/StartingClass/DarkFighter.xml|data/stats/players/templates/StartingClass/DarkMystic.xml|data/spawns/Rune/PrimevalIsle.xml
bridge.cbf3495acd4a6c73abb4573c	component.ba083b6371fa0acdb077e91c	8192	10	F	population.route.orc.a4	generated.farm.eda8543a4ab4d30e028f9b97.anchor	-50077	-115763	-160	-56273	-113606	-672	0	0	NO_PATH	0	0	data/stats/players/templates/StartingClass/OrcFighter.xml|data/stats/players/templates/StartingClass/OrcMystic.xml|data/spawns/OrcTerritory/OrcStarting.xml|data/spawns/Others/Gremlins.xml
bridge.cbf998f448c0544b9698ebf5	component.54cd7d198274de64199ae37f	8192	1	R	generated.farm.9caf3d9715b6ff604306dc10.anchor	population.ingress.human-fighter.01	-71338	258393	-3072	-71338	258271	-3104	0	0	PATH_SEGMENT_BLOCKED	0	0	data/spawns/Others/Gremlins.xml|data/stats/players/templates/StartingClass/HumanFighter.xml
bridge.cbfa2d681bfa6e5bde351a4a	component.b0959173bd82d4b722b2be8c	32768	2	F	population.route.dark-elf.a1	generated.farm.c64e3da0e4c050e99dd0e964.anchor	25992	11112	-3720	25484	-10847	-2480	0	0	NO_PATH	0	0	data/stats/players/templates/StartingClass/DarkFighter.xml|data/stats/players/templates/StartingClass/DarkMystic.xml|data/spawns/DarkElfTerritory/DarkElfStarting.xml|data/spawns/Rune/PrimevalIsle.xml
bridge.cbfc5eb4251511324c31689f	component.e0efb8466cb69704c6f63b79	32768	3	F	population.ingress.dark-elf.03	generated.farm.3bbbcdb43022c7bf23796fb4.anchor	28377	10916	-4232	15590	-17440	-3224	0	0	NO_PATH	0	0	data/stats/players/templates/StartingClass/DarkFighter.xml|data/stats/players/templates/StartingClass/DarkMystic.xml|data/spawns/Rune/PrimevalIsle.xml
bridge.cc09ff267fbf13224efcc755	component.7b0a8695c70b29d38ea2d7b7	32768	8	R	generated.farm.bf71e830d9839ea5032228a3.anchor	population.ingress.orc.06	-48725	-86968	-8320	-56682	-113730	-672	0	0	NO_PATH	0	0	data/spawns/Others/KrateisCube.xml|data/stats/players/templates/StartingClass/OrcFighter.xml|data/stats/players/templates/StartingClass/OrcMystic.xml
bridge.cc11d38f5092d028f54116db	component.e0efb8466cb69704c6f63b79	32768	7	R	generated.farm.3bbbcdb43022c7bf23796fb4.anchor	generated.farm.36714f071123eedc9cac6c05.anchor	15590	-17440	-3224	28436	11041	-4232	0	0	NO_PATH	0	0	data/spawns/Rune/PrimevalIsle.xml|data/spawns/Others/Gremlins.xml
bridge.cc2c7a347094ff8cf7852486	component.e155a1307403cc14572bd687	32768	8	F	population.ingress.dwarf.06	generated.farm.420ed35f1a9a3f532e2d6045.anchor	108576	-174122	-408	101973	-149349	-3128	0	0	NO_PATH	0	0	data/stats/players/templates/StartingClass/DwarvenFighter.xml|data/spawns/Others/PlunderousPlains.xml
bridge.cc9e0ea012dadb27a49f8cc2	component.6b63e9a22c52715dd6894332	8192	1	R	generated.farm.52dc95334718091370944146.anchor	generated.farm.58356b4e9844a379fecfbaf6.anchor	41267	39070	-3496	42118	41401	-3488	0	0	VALID_DIRECT	2482	1	data/spawns/ElvenTerritory/ElvenStarting.xml|data/spawns/ElvenTerritory/ElvenStarting.xml
bridge.cc9e5a756d8df4f899529f89	component.cf7fc1a377a3ee4f1cd13c38	8192	10	F	population.route.dwarf.a1	generated.farm.dcbfae7bd58c752ca4f1e7ca.anchor	110436	-173947	-528	108695	-173878	-400	0	0	NO_PATH	0	0	data/stats/players/templates/StartingClass/DwarvenFighter.xml|data/spawns/DwarvenTerritory/DwarvenStarting.xml|data/spawns/Others/Gremlins.xml
bridge.ccf2ce6e6d87accd032ab18d	component.7e882b0664c31928ac9f5caa	32768	6	R	generated.farm.12923521d58d7301f63fd56a.anchor	population.route.dwarf.w2	117133	-149832	-2352	110440	-173944	-528	0	0	NO_PATH	0	0	data/spawns/Others/PlunderousPlains.xml|data/stats/players/templates/StartingClass/DwarvenFighter.xml|data/spawns/DwarvenTerritory/DwarvenStarting.xml
bridge.cd03b587c3a4d0e124f7c22c	component.d2768e1382c5c1b8ae3c6408	32768	3	R	generated.farm.c559aedb44e0cf87e1fb32c9.anchor	population.route.dwarf.w1	108605	-150431	-2328	108728	-173944	-408	0	0	NO_PATH	0	0	data/spawns/Others/PlunderousPlains.xml|data/stats/players/templates/StartingClass/DwarvenFighter.xml|data/spawns/DwarvenTerritory/DwarvenStarting.xml
bridge.cd16af3e825540889d6ae566	component.e45c121434ca6df869eac805	16384	2	F	population.route.orc.a3	generated.farm.2f28e5148a38d8f4c4959a1d.anchor	-50845	-113715	-168	-39917	-109286	-1800	0	0	NO_PATH	0	0	data/stats/players/templates/StartingClass/OrcFighter.xml|data/stats/players/templates/StartingClass/OrcMystic.xml|data/spawns/OrcTerritory/OrcStarting.xml|data/spawns/OrcTerritory/OrcStarting.xml
bridge.cd47442a87149160c32a7e66	component.20a0c83d40a7bb22c26e0395	32768	3	F	population.ingress.dark-elf.02	generated.farm.f137dbbc3ac90f445b806c09.anchor	28302	11008	-4232	25328	-15199	-2744	0	0	NO_PATH	0	0	data/stats/players/templates/StartingClass/DarkFighter.xml|data/stats/players/templates/StartingClass/DarkMystic.xml|data/spawns/Rune/PrimevalIsle.xml
bridge.cd755b49bff3e735d6e3c831	component.73f096cfc3045644558d7b95	16384	9	R	generated.farm.e01582bf8445ea2649168576.anchor	population.route.orc.a3	-38724	-103067	-3536	-50845	-113715	-168	0	0	NO_PATH	0	0	data/spawns/OrcTerritory/OrcStarting.xml|data/stats/players/templates/StartingClass/OrcFighter.xml|data/stats/players/templates/StartingClass/OrcMystic.xml|data/spawns/OrcTerritory/OrcStarting.xml
bridge.cd942fe092c5822d51d29cdd	component.e155a1307403cc14572bd687	32768	6	F	population.ingress.dwarf.02	generated.farm.420ed35f1a9a3f532e2d6045.anchor	108678	-174002	-408	101973	-149349	-3128	0	0	NO_PATH	0	0	data/stats/players/templates/StartingClass/DwarvenFighter.xml|data/spawns/Others/PlunderousPlains.xml
bridge.cdb21264f3ca746e30d1759a	component.b7883cab062e250a4845bacc	32768	10	R	generated.farm.458673ead1d6f5e03c0230db.anchor	population.route.orc.a4	-46721	-84975	-8320	-50077	-115763	-160	0	0	NO_PATH	0	0	data/spawns/Others/KrateisCube.xml|data/stats/players/templates/StartingClass/OrcFighter.xml|data/stats/players/templates/StartingClass/OrcMystic.xml|data/spawns/OrcTerritory/OrcStarting.xml
bridge.cdd00c1007f56dda474ae16f	component.1331db1a6d957945bfb43b8d	8192	1	R	generated.farm.78d792f9dc16f4ce4003c1ae.anchor	generated.farm.d6f82637bd6fae44cd109781.anchor	50626	40925	-3464	48366	42521	-3472	0	0	VALID_DIRECT	2767	1	data/spawns/ElvenTerritory/ElvenStarting.xml|data/spawns/ElvenTerritory/ElvenStarting.xml
bridge.ce18ab507dffa51265c30463	component.18c9e4ee0311769668b2eb74	8192	1	R	generated.farm.74718a641fa7e78154fea892.anchor	population.ingress.kamael.03	-125620	37399	1176	-125615	37771	1176	0	0	VALID_DIRECT	373	1	data/spawns/Others/Gremlins.xml|data/stats/players/templates/StartingClass/KamaelMaleSoldier.xml|data/stats/players/templates/StartingClass/KamaelFemaleSoldier.xml
bridge.ce4124fa71f3d05560b143d9	component.7e882b0664c31928ac9f5caa	32768	11	F	population.ingress.dwarf.02	generated.farm.12923521d58d7301f63fd56a.anchor	108678	-174002	-408	117133	-149832	-2352	0	0	NO_PATH	0	0	data/stats/players/templates/StartingClass/DwarvenFighter.xml|data/spawns/Others/PlunderousPlains.xml
bridge.ce594badab01b6cd6ad4ea78	component.e155a1307403cc14572bd687	32768	9	R	generated.farm.420ed35f1a9a3f532e2d6045.anchor	population.route.dwarf.i06-w0	101973	-149349	-3128	108616	-174152	-408	0	0	NO_PATH	0	0	data/spawns/Others/PlunderousPlains.xml|data/stats/players/templates/StartingClass/DwarvenFighter.xml|data/spawns/DwarvenTerritory/DwarvenStarting.xml
bridge.ce6cd6e0a05dd6074a63798d	component.e45c121434ca6df869eac805	16384	5	R	generated.farm.2f28e5148a38d8f4c4959a1d.anchor	population.route.orc.a1	-39917	-109286	-1800	-54685	-113715	-520	0	0	NO_PATH	0	0	data/spawns/OrcTerritory/OrcStarting.xml|data/stats/players/templates/StartingClass/OrcFighter.xml|data/stats/players/templates/StartingClass/OrcMystic.xml|data/spawns/OrcTerritory/OrcStarting.xml
bridge.ce71dbcaa6eeb4e091495dc2	component.c8a8b60142ed368a7d7be480	32768	7	F	population.ingress.dark-elf.01	generated.farm.c2052fbe0b07e84a519406a1.anchor	28295	11063	-4232	23826	-18715	-2768	0	0	NO_PATH	0	0	data/stats/players/templates/StartingClass/DarkFighter.xml|data/stats/players/templates/StartingClass/DarkMystic.xml|data/spawns/Rune/PrimevalIsle.xml
bridge.ce73a0534f5fbbd153976ca8	component.e155a1307403cc14572bd687	32768	16	F	generated.farm.ed8992f2edcbacf7c4f24608.anchor	generated.farm.420ed35f1a9a3f532e2d6045.anchor	117968	-173208	-432	101973	-149349	-3128	0	0	NO_PATH	0	0	data/spawns/DwarvenTerritory/DwarvenStarting.xml|data/spawns/Others/PlunderousPlains.xml
bridge.ceae5d46f8c8bc54495215ea	component.b8a1ba9dfc02a229569e9998	32768	5	F	population.ingress.dark-elf.04	generated.farm.c246ebe1e9f6c73e829b2d38.anchor	28456	10997	-4232	22054	-11514	-2720	0	0	NO_PATH	0	0	data/stats/players/templates/StartingClass/DarkFighter.xml|data/stats/players/templates/StartingClass/DarkMystic.xml|data/spawns/Rune/PrimevalIsle.xml
bridge.cf1657975656070d85e76718	component.6c8644500a9312467848babc	32768	6	F	population.ingress.elf.05	elven.farming.oren04-2019-10s	46048	41141	-3504	16057	52260	-3544	0	0	NO_PATH	0	0	data/stats/players/templates/StartingClass/ElvenFighter.xml|data/stats/players/templates/StartingClass/ElvenMystic.xml|data/spawns/ElvenTerritory/ElvenStarting.xml
bridge.cf3d0ee957e92c4e86e4d58c	component.18c9e4ee0311769668b2eb74	8192	14	F	population.route.kamael.c1	generated.farm.74718a641fa7e78154fea892.anchor	-124072	38184	1176	-125620	37399	1176	0	0	VALID_DIRECT	1736	1	data/stats/players/templates/StartingClass/KamaelMaleSoldier.xml|data/stats/players/templates/StartingClass/KamaelFemaleSoldier.xml|data/spawns/Kamael/IsleOfSouls.xml|data/spawns/Others/Gremlins.xml
bridge.cf54927efbbc4b632496d68b	component.43988bed6a656186e489a9b7	32768	12	R	generated.farm.4d58dd1be9d4b93272b379ec.anchor	population.ingress.elf.02	49877	22679	-5512	46117	41247	-3504	0	0	NO_PATH	0	0	data/spawns/Oren/SeaOfSpores.xml|data/stats/players/templates/StartingClass/ElvenFighter.xml|data/stats/players/templates/StartingClass/ElvenMystic.xml
bridge.cf69459b7dbdcecddc46d29c	component.ba083b6371fa0acdb077e91c	8192	2	R	generated.farm.eda8543a4ab4d30e028f9b97.anchor	population.ingress.orc.06	-56273	-113606	-672	-56682	-113730	-672	0	0	VALID_DIRECT	428	1	data/spawns/Others/Gremlins.xml|data/stats/players/templates/StartingClass/OrcFighter.xml|data/stats/players/templates/StartingClass/OrcMystic.xml
bridge.cf6c09ff905813211e8890f8	component.41e35f446ee4f00762502fdb	32768	6	R	generated.farm.d39331b999c56e6df46c579c.anchor	population.ingress.dark-elf.02	1740	22546	-3368	28302	11008	-4232	0	0	NO_PATH	0	0	data/spawns/DarkElfTerritory/DarkElfStarting.xml|data/stats/players/templates/StartingClass/DarkFighter.xml|data/stats/players/templates/StartingClass/DarkMystic.xml
bridge.cf6e59c41efce4b5546bd49d	component.ac8aaf293b35ddbae57a8843	8192	16	F	population.ingress.elf.02	generated.farm.1a1d5ca5583b453d5a406cfa.anchor	46117	41247	-3504	39605	36319	-3600	0	0	NO_PATH	0	0	data/stats/players/templates/StartingClass/ElvenFighter.xml|data/stats/players/templates/StartingClass/ElvenMystic.xml|data/spawns/ElvenTerritory/ElvenStarting.xml
bridge.cf6f4daf93e27b645e4a7284	component.46078c3265041fc30a5d4a44	16384	10	F	generated.farm.d6f82637bd6fae44cd109781.anchor	generated.farm.c966cf46f4c8074e4ddbc1d1.anchor	48366	42521	-3472	35728	46771	-3688	0	0	NO_PATH	0	0	data/spawns/ElvenTerritory/ElvenStarting.xml|data/spawns/ElvenTerritory/ElvenStarting.xml
bridge.cf6ff326a92ada3964ed9306	component.58fa7816fe6f000be807e01c	8192	5	R	generated.farm.f66a8a0231b2d83dac29cc4d.anchor	population.ingress.dark-elf.02	24496	9206	-3584	28302	11008	-4232	0	0	NO_PATH	0	0	data/spawns/DarkElfTerritory/DarkElfStarting.xml|data/stats/players/templates/StartingClass/DarkFighter.xml|data/stats/players/templates/StartingClass/DarkMystic.xml
bridge.cf72e1d4479e1f9ddfad4726	component.48e6e689d4d766cfd82dc2e2	16384	3	F	population.ingress.elf.03	generated.farm.5ee423a52e35fbb905b7ecb0.anchor	46182	41198	-3504	54714	51620	-3592	0	0	NO_PATH	0	0	data/stats/players/templates/StartingClass/ElvenFighter.xml|data/stats/players/templates/StartingClass/ElvenMystic.xml|data/spawns/ElvenTerritory/ElvenStarting.xml
bridge.cf781a1d6d45bf84df31d1fd	component.c8a8b60142ed368a7d7be480	32768	1	R	generated.farm.c2052fbe0b07e84a519406a1.anchor	population.route.dark-elf.a1	23826	-18715	-2768	25992	11112	-3720	0	0	NO_PATH	0	0	data/spawns/Rune/PrimevalIsle.xml|data/stats/players/templates/StartingClass/DarkFighter.xml|data/stats/players/templates/StartingClass/DarkMystic.xml|data/spawns/DarkElfTerritory/DarkElfStarting.xml
bridge.cfa76ac867c5486284d6b0b6	component.63defb22486d49c052a69667	32768	7	R	generated.farm.946a41fbbc63614320c02954.anchor	population.ingress.elf.03	53398	63278	-3480	46182	41198	-3504	0	0	NO_PATH	0	0	data/spawns/ElvenTerritory/ElvenStarting.xml|data/stats/players/templates/StartingClass/ElvenFighter.xml|data/stats/players/templates/StartingClass/ElvenMystic.xml
bridge.cfd5e118eebf79fe64bb4a3e	component.18bacfc235ddd517347d8830	32768	7	F	population.route.dwarf.a1	generated.farm.6cc54f41492a8ebff56a5815.anchor	110436	-173947	-528	119130	-144099	-3016	0	0	NO_PATH	0	0	data/stats/players/templates/StartingClass/DwarvenFighter.xml|data/spawns/DwarvenTerritory/DwarvenStarting.xml|data/spawns/Others/PlunderousPlains.xml
bridge.d06243e51b93a29bbda7f442	component.fa8902bdab910bb205f46118	16384	9	F	population.route.dwarf.a1	generated.farm.e906a4f684b66f9c100d44e1.anchor	110436	-173947	-528	114049	-161398	-1480	0	0	NO_PATH	0	0	data/stats/players/templates/StartingClass/DwarvenFighter.xml|data/spawns/DwarvenTerritory/DwarvenStarting.xml|data/spawns/Others/PlunderousPlains.xml
bridge.d06301730bf9378e5a2878fd	component.4542949d001791c13737d9b4	8192	5	F	population.route.human-mystic.b1	generated.farm.432802d3c2901d9686cb1651.anchor	-90072	248328	-3568	-90610	248293	-3568	0	0	VALID_DIRECT	540	1	data/stats/players/templates/StartingClass/HumanMystic.xml|data/spawns/TalkingIsland/TalkingIslandMonsters.xml|data/spawns/Others/Gremlins.xml
bridge.d06e3d1741e5c598196ababc	component.91a9f940fd17192b7296dafb	32768	11	F	population.route.dark-elf.a2	generated.farm.2b9973b84571ebc7de64f76c.anchor	25720	11288	-3720	19794	-10621	-2848	0	0	NO_PATH	0	0	data/stats/players/templates/StartingClass/DarkFighter.xml|data/stats/players/templates/StartingClass/DarkMystic.xml|data/spawns/DarkElfTerritory/DarkElfStarting.xml|data/spawns/Rune/PrimevalIsle.xml
bridge.d0706988a1a10412c2a5f10b	component.a2230627cce424b0593fedc6	32768	5	F	population.route.dark-elf.a1	generated.farm.d2a12a3e3ea0bce7dcb3d8f3.anchor	25992	11112	-3720	16132	-9783	-3280	0	0	NO_PATH	0	0	data/stats/players/templates/StartingClass/DarkFighter.xml|data/stats/players/templates/StartingClass/DarkMystic.xml|data/spawns/DarkElfTerritory/DarkElfStarting.xml|data/spawns/Rune/PrimevalIsle.xml
bridge.d07171ebd61a688dc5eed138	component.ac8aaf293b35ddbae57a8843	8192	15	R	generated.farm.0c00c3760a3ec18fa034d798.anchor	generated.farm.428b85922009e44829ae2db0.anchor	38303	39146	-3576	46131	41458	-3504	0	0	NO_PATH	0	0	data/spawns/ElvenTerritory/ElvenStarting.xml|data/spawns/Others/Gremlins.xml
bridge.d09e201b5024646981d6f63e	component.6cb9bd2a57139e6f69dd23f1	32768	10	R	generated.farm.b4beace3b35fcf43f7ac6d15.anchor	population.farming.orc.20535	-46718	-86971	-8320	-49106	-115854	-160	0	0	NO_PATH	0	0	data/spawns/Others/KrateisCube.xml|data/spawns/OrcTerritory/OrcStarting.xml
bridge.d0a086bcda6f66b1b8ec03fb	component.6cb9bd2a57139e6f69dd23f1	32768	10	F	population.farming.orc.20535	generated.farm.b4beace3b35fcf43f7ac6d15.anchor	-49106	-115854	-160	-46718	-86971	-8320	0	0	NO_PATH	0	0	data/spawns/OrcTerritory/OrcStarting.xml|data/spawns/Others/KrateisCube.xml
bridge.d0d7f3b389988c5e49ae57b3	component.fa8902bdab910bb205f46118	16384	10	F	population.farming.dwarf.20533	generated.farm.dd523eee6e4a71d8ae8b855e.anchor	114966	-172886	-672	113217	-159900	-1584	0	0	NO_PATH	0	0	data/spawns/DwarvenTerritory/DwarvenStarting.xml|data/spawns/Others/PlunderousPlains.xml
bridge.d1244991f62ebd8d2c356b3f	component.58fa7816fe6f000be807e01c	8192	6	R	generated.farm.f66a8a0231b2d83dac29cc4d.anchor	population.ingress.dark-elf.01	24496	9206	-3584	28295	11063	-4232	0	0	NO_PATH	0	0	data/spawns/DarkElfTerritory/DarkElfStarting.xml|data/stats/players/templates/StartingClass/DarkFighter.xml|data/stats/players/templates/StartingClass/DarkMystic.xml
bridge.d14491dc7bfff321dfdc4319	component.ac8aaf293b35ddbae57a8843	8192	3	F	population.farming.elf.20534	generated.farm.0c00c3760a3ec18fa034d798.anchor	44126	42751	-3488	38303	39146	-3576	0	0	NO_PATH	0	0	data/spawns/ElvenTerritory/ElvenStarting.xml|data/spawns/ElvenTerritory/ElvenStarting.xml
bridge.d1667f8677599c786ec99543	component.c4a3508d330e9bb2f8bdfabb	32768	6	R	generated.farm.1050dd36c58d668d206a6075.anchor	population.ingress.orc.04	-48721	-84968	-8320	-56693	-113610	-672	0	0	NO_PATH	0	0	data/spawns/Others/KrateisCube.xml|data/stats/players/templates/StartingClass/OrcFighter.xml|data/stats/players/templates/StartingClass/OrcMystic.xml
bridge.d16d7408929df8f36af25242	component.18bacfc235ddd517347d8830	32768	15	R	generated.farm.6cc54f41492a8ebff56a5815.anchor	population.ingress.dwarf.05	119130	-144099	-3016	108549	-174075	-408	0	0	NO_PATH	0	0	data/spawns/Others/PlunderousPlains.xml|data/stats/players/templates/StartingClass/DwarvenFighter.xml
bridge.d16f3913f3ecb33c980bd625	component.18bacfc235ddd517347d8830	32768	6	F	population.route.dwarf.w2	generated.farm.6cc54f41492a8ebff56a5815.anchor	110440	-173944	-528	119130	-144099	-3016	0	0	NO_PATH	0	0	data/stats/players/templates/StartingClass/DwarvenFighter.xml|data/spawns/DwarvenTerritory/DwarvenStarting.xml|data/spawns/Others/PlunderousPlains.xml
bridge.d17ab37b409e73e9b9887c20	component.6cb9bd2a57139e6f69dd23f1	32768	11	F	population.route.orc.a4	generated.farm.b4beace3b35fcf43f7ac6d15.anchor	-50077	-115763	-160	-46718	-86971	-8320	0	0	NO_PATH	0	0	data/stats/players/templates/StartingClass/OrcFighter.xml|data/stats/players/templates/StartingClass/OrcMystic.xml|data/spawns/OrcTerritory/OrcStarting.xml|data/spawns/Others/KrateisCube.xml
bridge.d18f7040192072d2f9af9d03	component.b0959173bd82d4b722b2be8c	32768	2	R	generated.farm.c64e3da0e4c050e99dd0e964.anchor	population.route.dark-elf.a1	25484	-10847	-2480	25992	11112	-3720	0	0	NO_PATH	0	0	data/spawns/Rune/PrimevalIsle.xml|data/stats/players/templates/StartingClass/DarkFighter.xml|data/stats/players/templates/StartingClass/DarkMystic.xml|data/spawns/DarkElfTerritory/DarkElfStarting.xml
bridge.d1a01ae453f65bcf6dc9a081	component.d4239fbe60250487003bb4fd	32768	3	R	generated.farm.c4067c834f12b99e976909a2.anchor	generated.farm.428b85922009e44829ae2db0.anchor	26607	63533	-3552	46131	41458	-3504	0	0	VALID_DIRECT	29471	1	data/spawns/ElvenTerritory/ElvenStarting.xml|data/spawns/Others/Gremlins.xml
bridge.d1a0da64a275364c6cf1ff44	component.87a65b1ce32b28202691c2c8	32768	2	R	generated.farm.ac1e437a00c50adb5285e40a.anchor	population.route.orc.a2	-44720	-86972	-8320	-52637	-113715	-80	0	0	NO_PATH	0	0	data/spawns/Others/KrateisCube.xml|data/stats/players/templates/StartingClass/OrcFighter.xml|data/stats/players/templates/StartingClass/OrcMystic.xml|data/spawns/OrcTerritory/OrcStarting.xml
bridge.d1aacaaf02a7f60f9d752eba	component.2c4a1d8ed5506d43bb6025d3	32768	4	R	generated.farm.f3fef88cab3be544b94bb305.anchor	generated.farm.df677844f3af094815e984cc.anchor	165484	-207409	-3496	175556	-188129	-1672	0	0	NO_PATH	0	0	data/spawns/DwarvenTerritory/DwarvenStarting.xml|data/spawns/DwarvenTerritory/DwarvenStarting.xml
bridge.d1c12e6ae6301334689f3178	component.a2230627cce424b0593fedc6	32768	11	R	generated.farm.08a347f7f13696479813918f.anchor	population.ingress.dark-elf.06	15644	-8311	-3248	28395	11127	-4232	0	0	NO_PATH	0	0	data/spawns/Rune/PrimevalIsle.xml|data/stats/players/templates/StartingClass/DarkFighter.xml|data/stats/players/templates/StartingClass/DarkMystic.xml
bridge.d1f83565cc0c233db96289da	component.d4f263a6130862446fcab68a	16384	6	R	generated.farm.f9312932904adae788963399.anchor	population.route.dwarf.i03-w0	108605	-160621	-1688	108552	-174024	-408	0	0	NO_PATH	0	0	data/spawns/Others/PlunderousPlains.xml|data/stats/players/templates/StartingClass/DwarvenFighter.xml|data/spawns/DwarvenTerritory/DwarvenStarting.xml
bridge.d25a999c3c27c5c726d19478	component.20a0c83d40a7bb22c26e0395	32768	14	F	population.ingress.dark-elf.05	generated.farm.faefa58426223647157f9577.anchor	28461	11044	-4232	27020	-15861	-2648	0	0	NO_PATH	0	0	data/stats/players/templates/StartingClass/DarkFighter.xml|data/stats/players/templates/StartingClass/DarkMystic.xml|data/spawns/Rune/PrimevalIsle.xml
bridge.d25c46447d3b16884da595c2	component.ba083b6371fa0acdb077e91c	8192	8	R	generated.farm.eda8543a4ab4d30e028f9b97.anchor	population.route.orc.a2	-56273	-113606	-672	-52637	-113715	-80	0	0	VALID_DIRECT	3686	1	data/spawns/Others/Gremlins.xml|data/stats/players/templates/StartingClass/OrcFighter.xml|data/stats/players/templates/StartingClass/OrcMystic.xml|data/spawns/OrcTerritory/OrcStarting.xml
bridge.d26262deff9475708855e016	component.6bccc4ec500087b1b97f6735	32768	3	R	elven.farming.oren04-2019-15s	generated.farm.c4067c834f12b99e976909a2.anchor	7256	52568	-3576	26607	63533	-3552	0	0	NO_PATH	0	0	data/spawns/ElvenTerritory/ElvenStarting.xml|data/spawns/ElvenTerritory/ElvenStarting.xml
bridge.d2a3e6178458f57f1f7ba686	component.17d39984ff40b347b4bbe819	8192	8	F	generated.farm.77743197e238ebb0e1e3eac2.anchor	generated.farm.93232e0ce773f62089fe1979.anchor	175207	-189475	-2304	169568	-193754	-3200	0	0	NO_PATH	0	0	data/spawns/DwarvenTerritory/DwarvenStarting.xml|data/spawns/DwarvenTerritory/DwarvenStarting.xml
bridge.d2c2d4eff7ee1eeb51417f06	component.85a00e0803f36f9a3d0eab0f	32768	3	F	generated.farm.6ba5b907a989d5e1ce9567a0.anchor	generated.farm.4e76dc23218e129a890c3248.anchor	51500	59679	-3368	71264	70956	-3688	0	0	NO_PATH	0	0	data/spawns/ElvenTerritory/ElvenStarting.xml|data/spawns/Oren/TimakOutpost.xml
bridge.d2f4fd2d6116d7166cf50b01	component.7e4161a95ce7d75a795e5571	8192	3	F	population.ingress.elf.06	generated.farm.7451e61fe8e94f49afb1f9e2.anchor	45978	41196	-3504	39050	41882	-3592	0	0	NO_PATH	0	0	data/stats/players/templates/StartingClass/ElvenFighter.xml|data/stats/players/templates/StartingClass/ElvenMystic.xml|data/spawns/ElvenTerritory/ElvenStarting.xml
bridge.d370f1c071ca0c044784d4c6	component.676d590e1ef5b84f1370c554	16384	1	F	generated.farm.088e8bc59766f22991a08e5d.anchor	generated.farm.def39836c97f08ea0cee9080.anchor	130094	-209377	-3552	119877	-202135	-3456	0	0	NO_PATH	0	0	data/spawns/DwarvenTerritory/DwarvenStarting.xml|data/spawns/DwarvenTerritory/DwarvenStarting.xml
bridge.d387078e294cdec3023d90ab	component.79ad21df45b89fa5bb86a4fd	32768	8	R	generated.farm.5dc8ced237dc324aa37b6530.anchor	population.ingress.elf.06	51605	70249	-3408	45978	41196	-3504	0	0	NO_PATH	0	0	data/spawns/ElvenTerritory/ElvenStarting.xml|data/stats/players/templates/StartingClass/ElvenFighter.xml|data/stats/players/templates/StartingClass/ElvenMystic.xml
bridge.d3a5b17b18181b468dac9d15	component.df33433dc147309d6dc09abc	32768	1	R	generated.farm.9bd77ed2d0a9c062814dc873.anchor	population.route.orc.a3	-46721	-82961	-8320	-50845	-113715	-168	0	0	NO_PATH	0	0	data/spawns/Others/KrateisCube.xml|data/stats/players/templates/StartingClass/OrcFighter.xml|data/stats/players/templates/StartingClass/OrcMystic.xml|data/spawns/OrcTerritory/OrcStarting.xml
bridge.d3b162d5ca74c8de51bec3a7	component.c4a3508d330e9bb2f8bdfabb	32768	8	R	generated.farm.1050dd36c58d668d206a6075.anchor	population.ingress.orc.06	-48721	-84968	-8320	-56682	-113730	-672	0	0	NO_PATH	0	0	data/spawns/Others/KrateisCube.xml|data/stats/players/templates/StartingClass/OrcFighter.xml|data/stats/players/templates/StartingClass/OrcMystic.xml
bridge.d3c8738981591198971492fb	component.58fa7816fe6f000be807e01c	8192	10	F	population.ingress.dark-elf.06	generated.farm.f66a8a0231b2d83dac29cc4d.anchor	28395	11127	-4232	24496	9206	-3584	0	0	NO_PATH	0	0	data/stats/players/templates/StartingClass/DarkFighter.xml|data/stats/players/templates/StartingClass/DarkMystic.xml|data/spawns/DarkElfTerritory/DarkElfStarting.xml
bridge.d3dfbab297594d8d7ce61d30	component.4562799c5dc584243d56e35b	32768	3	R	generated.farm.bff7beafbd229e70fb09ec46.anchor	population.ingress.orc.02	-52728	-86971	-8320	-56686	-113470	-672	0	0	NO_PATH	0	0	data/spawns/Others/KrateisCube.xml|data/stats/players/templates/StartingClass/OrcFighter.xml|data/stats/players/templates/StartingClass/OrcMystic.xml
bridge.d41412456e27a06fa0585d4a	component.0075e5d7b40ef037d898ed1f	32768	1	F	population.farming.orc.20535	generated.farm.af6a6553f7f39fcbe2980198.anchor	-49106	-115854	-160	-21358	-105037	-1856	0	0	NO_PATH	0	0	data/spawns/OrcTerritory/OrcStarting.xml|data/spawns/OrcTerritory/OrcStarting.xml
bridge.d4302ccb3d9d9a3edc15fe08	component.91a9f940fd17192b7296dafb	32768	7	R	generated.farm.c2fab2e4269c72a597f3b7a9.anchor	generated.farm.36714f071123eedc9cac6c05.anchor	19916	-9610	-2824	28436	11041	-4232	0	0	NO_PATH	0	0	data/spawns/Rune/PrimevalIsle.xml|data/spawns/Others/Gremlins.xml
bridge.d4557d41ea5a77d0759f0b95	component.e04c7af9711cc5dd2a0ac987	16384	3	F	population.ingress.human-mystic.02	generated.farm.c566a65e22d07a92230b56a2.anchor	-90954	248118	-3568	-95163	237296	-3408	0	0	NO_PATH	0	0	data/stats/players/templates/StartingClass/HumanMystic.xml|data/spawns/TalkingIsland/TalkingIslandMonsters.xml
bridge.d45c746fa7d0310dab37af0e	component.b6d8946a4d71c76261ebedce	8192	2	R	generated.farm.70ea4f43449ef725189d7fbf.anchor	generated.farm.ed8992f2edcbacf7c4f24608.anchor	119336	-180368	-2368	117968	-173208	-432	0	0	NO_PATH	0	0	data/spawns/DwarvenTerritory/DwarvenStarting.xml|data/spawns/DwarvenTerritory/DwarvenStarting.xml
bridge.d4602c0732710ad9b8775174	component.40dbfe62843fbb4b5737b50d	32768	10	R	generated.farm.180cbb100c457687c431e3bd.anchor	population.ingress.elf.02	24749	41076	-3696	46117	41247	-3504	0	0	NO_PATH	0	0	data/spawns/ElvenTerritory/ElvenStarting.xml|data/stats/players/templates/StartingClass/ElvenFighter.xml|data/stats/players/templates/StartingClass/ElvenMystic.xml
bridge.d4b54965ebbe6f283a36bd51	component.40dbfe62843fbb4b5737b50d	32768	16	F	population.ingress.elf.04	generated.farm.b39b5ebcb618d85608e8a97d.anchor	46115	41141	-3504	24053	37496	-3672	0	0	NO_PATH	0	0	data/stats/players/templates/StartingClass/ElvenFighter.xml|data/stats/players/templates/StartingClass/ElvenMystic.xml|data/spawns/ElvenTerritory/ElvenStarting.xml
bridge.d4c0eb954c030f4dad1f86c0	component.ba083b6371fa0acdb077e91c	8192	8	F	population.route.orc.a2	generated.farm.eda8543a4ab4d30e028f9b97.anchor	-52637	-113715	-80	-56273	-113606	-672	0	0	VALID_DIRECT	3686	1	data/stats/players/templates/StartingClass/OrcFighter.xml|data/stats/players/templates/StartingClass/OrcMystic.xml|data/spawns/OrcTerritory/OrcStarting.xml|data/spawns/Others/Gremlins.xml
bridge.d5642902f4ccfa69b00aaf31	component.475c48156e62e7e47cb30765	32768	9	F	population.ingress.orc.05	generated.farm.bd35d5fb02b6c1c76b448822.anchor	-56743	-113757	-672	-48720	-82958	-8320	0	0	NO_PATH	0	0	data/stats/players/templates/StartingClass/OrcFighter.xml|data/stats/players/templates/StartingClass/OrcMystic.xml|data/spawns/Others/KrateisCube.xml
bridge.d56d1efdc177868613c9f5d5	component.16897e3b9846dd267a30bfc1	32768	14	R	generated.farm.a5c0bfc2913c1277af9aa4f4.anchor	population.ingress.dark-elf.06	21571	-14364	-3104	28395	11127	-4232	0	0	NO_PATH	0	0	data/spawns/Rune/PrimevalIsle.xml|data/stats/players/templates/StartingClass/DarkFighter.xml|data/stats/players/templates/StartingClass/DarkMystic.xml
bridge.d57540b917ba422cf4bfc4a8	component.e9ea386cf0bd55a495081c3d	32768	9	F	population.ingress.elf.03	elven.farming.oren04-2019-08s	46182	41198	-3504	17170	46114	-3568	0	0	NO_PATH	0	0	data/stats/players/templates/StartingClass/ElvenFighter.xml|data/stats/players/templates/StartingClass/ElvenMystic.xml|data/spawns/ElvenTerritory/ElvenStarting.xml
bridge.d57668277fe7def293d77a82	component.e0efb8466cb69704c6f63b79	32768	2	R	generated.farm.3bbbcdb43022c7bf23796fb4.anchor	population.route.dark-elf.a2	15590	-17440	-3224	25720	11288	-3720	0	0	NO_PATH	0	0	data/spawns/Rune/PrimevalIsle.xml|data/stats/players/templates/StartingClass/DarkFighter.xml|data/stats/players/templates/StartingClass/DarkMystic.xml|data/spawns/DarkElfTerritory/DarkElfStarting.xml
bridge.d57edd03bf24fea8fc4d89f8	component.b0959173bd82d4b722b2be8c	32768	14	F	population.ingress.dark-elf.04	generated.farm.817474512080c1dba8f8cd5f.anchor	28456	10997	-4232	23315	-10716	-2648	0	0	NO_PATH	0	0	data/stats/players/templates/StartingClass/DarkFighter.xml|data/stats/players/templates/StartingClass/DarkMystic.xml|data/spawns/Rune/PrimevalIsle.xml
bridge.d5e93b5f0e2d21f650114928	component.54cd7d198274de64199ae37f	8192	9	F	population.route.human-fighter.c2	generated.farm.9caf3d9715b6ff604306dc10.anchor	-71512	255864	-3176	-71338	258393	-3072	0	0	NO_PATH	0	0	data/stats/players/templates/StartingClass/HumanFighter.xml|data/spawns/Others/17_25.xml|data/spawns/Others/Gremlins.xml
bridge.d6157fcc35b9f4ab1b11f06d	component.6b6dbba2f1367f01991dfe32	32768	4	F	population.ingress.orc.01	generated.farm.59f334c6c58a366ac0ebe3c9.anchor	-56733	-113459	-672	-50720	-82961	-8320	0	0	NO_PATH	0	0	data/stats/players/templates/StartingClass/OrcFighter.xml|data/stats/players/templates/StartingClass/OrcMystic.xml|data/spawns/Others/KrateisCube.xml
bridge.d61aa4fa8d009e9d6d1395ae	component.f5ec43735be4685d0f522b55	32768	7	F	population.ingress.orc.03	generated.farm.c7902e29cb3795a4ce8dcf2c.anchor	-56728	-113610	-672	-50720	-86977	-8320	0	0	NO_PATH	0	0	data/stats/players/templates/StartingClass/OrcFighter.xml|data/stats/players/templates/StartingClass/OrcMystic.xml|data/spawns/Others/KrateisCube.xml
bridge.d63c9f77372af10dc86ebb55	component.e9ea386cf0bd55a495081c3d	32768	1	R	elven.farming.oren04-2019-08s	generated.farm.58356b4e9844a379fecfbaf6.anchor	17170	46114	-3568	42118	41401	-3488	0	0	NO_PATH	0	0	data/spawns/ElvenTerritory/ElvenStarting.xml|data/spawns/ElvenTerritory/ElvenStarting.xml
bridge.d663e019170e7b7ea2cc05ef	component.89c4c607fc4fee76637095fd	16384	10	F	population.ingress.elf.05	generated.farm.519759dffe4a0803b970d3ee.anchor	46048	41141	-3504	48712	55466	-3464	0	0	NO_PATH	0	0	data/stats/players/templates/StartingClass/ElvenFighter.xml|data/stats/players/templates/StartingClass/ElvenMystic.xml|data/spawns/ElvenTerritory/ElvenStarting.xml
bridge.d6a7437f9324372de1701159	component.093885e4dafbe6ffb61aca3e	16384	10	F	population.ingress.elf.03	generated.farm.f738e4c5c0d04e971986b2ee.anchor	46182	41198	-3504	52427	26652	-5152	0	0	NO_PATH	0	0	data/stats/players/templates/StartingClass/ElvenFighter.xml|data/stats/players/templates/StartingClass/ElvenMystic.xml|data/spawns/Oren/SeaOfSpores.xml
bridge.d763288fc74f86a36b5b1540	component.c4a3508d330e9bb2f8bdfabb	32768	10	R	generated.farm.1050dd36c58d668d206a6075.anchor	population.route.orc.a4	-48721	-84968	-8320	-50077	-115763	-160	0	0	NO_PATH	0	0	data/spawns/Others/KrateisCube.xml|data/stats/players/templates/StartingClass/OrcFighter.xml|data/stats/players/templates/StartingClass/OrcMystic.xml|data/spawns/OrcTerritory/OrcStarting.xml
bridge.d7766b72333d0985ba567286	component.46078c3265041fc30a5d4a44	16384	4	R	generated.farm.c966cf46f4c8074e4ddbc1d1.anchor	generated.farm.428b85922009e44829ae2db0.anchor	35728	46771	-3688	46131	41458	-3504	0	0	NO_PATH	0	0	data/spawns/ElvenTerritory/ElvenStarting.xml|data/spawns/Others/Gremlins.xml
bridge.d7c81506886c63e958c7ffb5	component.6ed5189c1ad34dcd97c5af56	32768	4	F	population.ingress.orc.01	generated.farm.728f34d7752261776a8e5fb7.anchor	-56733	-113459	-672	-50719	-84960	-8320	0	0	NO_PATH	0	0	data/stats/players/templates/StartingClass/OrcFighter.xml|data/stats/players/templates/StartingClass/OrcMystic.xml|data/spawns/Others/KrateisCube.xml
bridge.d7d4783c6dad610d3e1285bc	component.40dbfe62843fbb4b5737b50d	32768	9	R	generated.farm.180cbb100c457687c431e3bd.anchor	population.ingress.elf.04	24749	41076	-3696	46115	41141	-3504	0	0	NO_PATH	0	0	data/spawns/ElvenTerritory/ElvenStarting.xml|data/stats/players/templates/StartingClass/ElvenFighter.xml|data/stats/players/templates/StartingClass/ElvenMystic.xml
bridge.d7dd32482c8678624cefe2be	component.c9ca976b53659986c6d066ce	32768	1	F	generated.farm.c4067c834f12b99e976909a2.anchor	generated.farm.a05750e4fd835a9fce3722b4.anchor	26607	63533	-3552	6095	60044	-3656	0	0	NO_PATH	0	0	data/spawns/ElvenTerritory/ElvenStarting.xml|data/spawns/ElvenTerritory/ElvenStarting.xml
bridge.d7e3bb433909738a45cc51ea	component.b8a1ba9dfc02a229569e9998	32768	4	F	population.ingress.dark-elf.02	generated.farm.c246ebe1e9f6c73e829b2d38.anchor	28302	11008	-4232	22054	-11514	-2720	0	0	NO_PATH	0	0	data/stats/players/templates/StartingClass/DarkFighter.xml|data/stats/players/templates/StartingClass/DarkMystic.xml|data/spawns/Rune/PrimevalIsle.xml
bridge.d7ef679ae5282ff39919bd40	component.de636b0f82c1f5ec50237e13	32768	14	R	generated.farm.c726e41f56667ee82aa4fd6f.anchor	generated.farm.ed8992f2edcbacf7c4f24608.anchor	118561	-195056	-3552	117968	-173208	-432	0	0	NO_PATH	0	0	data/spawns/DwarvenTerritory/DwarvenStarting.xml|data/spawns/DwarvenTerritory/DwarvenStarting.xml
bridge.d82a8479318257cdbf905207	component.9fbefbbe289820cb000eadf1	32768	2	F	population.ingress.orc.01	generated.farm.17667c6c78e20a9fb3c4ae08.anchor	-56733	-113459	-672	-52719	-84968	-8320	0	0	NO_PATH	0	0	data/stats/players/templates/StartingClass/OrcFighter.xml|data/stats/players/templates/StartingClass/OrcMystic.xml|data/spawns/Others/KrateisCube.xml
bridge.d842cb88145488d529e8bdbe	component.8214124f9ae2cb1ec397ad50	32768	1	R	generated.farm.04495906ca6e26590255bca8.anchor	generated.farm.c4067c834f12b99e976909a2.anchor	4841	82836	-3464	26607	63533	-3552	0	0	NO_PATH	0	0	data/spawns/ElvenTerritory/ElvenStarting.xml|data/spawns/ElvenTerritory/ElvenStarting.xml
bridge.d8614c64062180ebada9a292	component.7fa3659f0208cf5e905507bb	32768	1	R	generated.farm.67e7b738e88cc6c0f12d73f7.anchor	population.route.dark-elf.a2	2909	-9872	-3744	25720	11288	-3720	0	0	NO_PATH	0	0	data/spawns/Rune/PrimevalIsle.xml|data/stats/players/templates/StartingClass/DarkFighter.xml|data/stats/players/templates/StartingClass/DarkMystic.xml|data/spawns/DarkElfTerritory/DarkElfStarting.xml
bridge.d86e44cc445d92efd123777c	component.2c4a1d8ed5506d43bb6025d3	32768	3	F	generated.farm.aa29c1792ab359df7ec6bdd3.anchor	generated.farm.f3fef88cab3be544b94bb305.anchor	144241	-204346	-3128	165484	-207409	-3496	0	0	NO_PATH	0	0	data/spawns/DwarvenTerritory/DwarvenStarting.xml|data/spawns/DwarvenTerritory/DwarvenStarting.xml
bridge.d87c7f6cd62752cf85573fe1	component.54cd7d198274de64199ae37f	8192	6	F	population.route.human-fighter.b1	generated.farm.9caf3d9715b6ff604306dc10.anchor	-71720	257864	-3112	-71338	258393	-3072	0	0	NO_PATH	0	0	data/stats/players/templates/StartingClass/HumanFighter.xml|data/spawns/Others/17_25.xml|data/spawns/Others/Gremlins.xml
bridge.d89304a8517b711a93067cd6	component.d1bd433314f456b9fe85fbdf	32768	6	F	population.ingress.orc.06	generated.farm.0d7c07144eea5c608cf6c8cf.anchor	-56682	-113730	-672	-25035	-119836	-1968	0	0	NO_PATH	0	0	data/stats/players/templates/StartingClass/OrcFighter.xml|data/stats/players/templates/StartingClass/OrcMystic.xml|data/spawns/OrcTerritory/OrcStarting.xml
bridge.d8a679117622b97ed3ffc848	component.40dbfe62843fbb4b5737b50d	32768	3	F	population.farming.elf.20534	generated.farm.180cbb100c457687c431e3bd.anchor	44126	42751	-3488	24749	41076	-3696	0	0	NO_PATH	0	0	data/spawns/ElvenTerritory/ElvenStarting.xml|data/spawns/ElvenTerritory/ElvenStarting.xml
bridge.d8aabfa9e132be311319310d	component.63defb22486d49c052a69667	32768	10	F	population.ingress.elf.05	generated.farm.946a41fbbc63614320c02954.anchor	46048	41141	-3504	53398	63278	-3480	0	0	NO_PATH	0	0	data/stats/players/templates/StartingClass/ElvenFighter.xml|data/stats/players/templates/StartingClass/ElvenMystic.xml|data/spawns/ElvenTerritory/ElvenStarting.xml
bridge.d8ba07dd35b73259f074aed0	component.58fa7816fe6f000be807e01c	8192	4	F	population.route.dark-elf.a3	generated.farm.f66a8a0231b2d83dac29cc4d.anchor	25304	13256	-3648	24496	9206	-3584	0	0	NO_PATH	0	0	data/stats/players/templates/StartingClass/DarkFighter.xml|data/stats/players/templates/StartingClass/DarkMystic.xml|data/spawns/DarkElfTerritory/DarkElfStarting.xml|data/spawns/DarkElfTerritory/DarkElfStarting.xml
bridge.d8dee41436f7c97ddf269fec	component.16897e3b9846dd267a30bfc1	32768	12	F	population.route.dark-elf.a2	generated.farm.16548638bafc10955396a33f.anchor	25720	11288	-3720	20880	-14606	-3056	0	0	NO_PATH	0	0	data/stats/players/templates/StartingClass/DarkFighter.xml|data/stats/players/templates/StartingClass/DarkMystic.xml|data/spawns/DarkElfTerritory/DarkElfStarting.xml|data/spawns/Rune/PrimevalIsle.xml
bridge.d8e78b359ae41c1b4a3ef4b4	component.635e8cdeb1b598aac805b64c	32768	15	F	population.route.human-mystic.b1	generated.farm.6a1b028f65325f1df40b9a9c.anchor	-90072	248328	-3568	-105224	224600	-3640	0	0	NO_PATH	0	0	data/stats/players/templates/StartingClass/HumanMystic.xml|data/spawns/TalkingIsland/TalkingIslandMonsters.xml|data/spawns/TalkingIsland/TalkingIslandMonsters.xml
bridge.d90f0ea20630e1b8f48323e9	component.b0959173bd82d4b722b2be8c	32768	10	R	generated.farm.c64e3da0e4c050e99dd0e964.anchor	population.route.dark-elf.a2	25484	-10847	-2480	25720	11288	-3720	0	0	NO_PATH	0	0	data/spawns/Rune/PrimevalIsle.xml|data/stats/players/templates/StartingClass/DarkFighter.xml|data/stats/players/templates/StartingClass/DarkMystic.xml|data/spawns/DarkElfTerritory/DarkElfStarting.xml
bridge.d9c78d0c77b1b57d80bab568	component.5170fd1c3e2b6fe2f9af1ad8	8192	10	R	generated.farm.54772e1b8c2e8c258ff204b4.anchor	population.route.human-mystic.guard.30733	-94346	250566	-3552	-87847	250564	-3616	0	0	NO_PATH	0	0	data/spawns/TalkingIsland/TalkingIslandMonsters.xml|data/stats/players/templates/StartingClass/HumanMystic.xml|data/spawns/TalkingIsland/TalkingIslandMonsters.xml|data/stats/npcs/30700-30799.xml
bridge.d9db8a12515b4367360cd4a8	component.91a9f940fd17192b7296dafb	32768	9	R	generated.farm.c2fab2e4269c72a597f3b7a9.anchor	population.ingress.dark-elf.06	19916	-9610	-2824	28395	11127	-4232	0	0	NO_PATH	0	0	data/spawns/Rune/PrimevalIsle.xml|data/stats/players/templates/StartingClass/DarkFighter.xml|data/stats/players/templates/StartingClass/DarkMystic.xml
bridge.d9ea27f993e6bed7e7ead9d2	component.c9ca976b53659986c6d066ce	32768	2	R	generated.farm.a72d8924a597b43a1b34ebbd.anchor	generated.farm.c4067c834f12b99e976909a2.anchor	2890	62317	-3576	26607	63533	-3552	0	0	NO_PATH	0	0	data/spawns/ElvenTerritory/ElvenStarting.xml|data/spawns/ElvenTerritory/ElvenStarting.xml
bridge.d9fc1c2c0267fd17a0c1881b	component.89c4c607fc4fee76637095fd	16384	8	F	population.ingress.elf.06	generated.farm.519759dffe4a0803b970d3ee.anchor	45978	41196	-3504	48712	55466	-3464	0	0	NO_PATH	0	0	data/stats/players/templates/StartingClass/ElvenFighter.xml|data/stats/players/templates/StartingClass/ElvenMystic.xml|data/spawns/ElvenTerritory/ElvenStarting.xml
bridge.da1445f4ed0cc7479591ae05	component.6cb9bd2a57139e6f69dd23f1	32768	6	F	population.ingress.orc.04	generated.farm.b4beace3b35fcf43f7ac6d15.anchor	-56693	-113610	-672	-46718	-86971	-8320	0	0	NO_PATH	0	0	data/stats/players/templates/StartingClass/OrcFighter.xml|data/stats/players/templates/StartingClass/OrcMystic.xml|data/spawns/Others/KrateisCube.xml
bridge.da5b91e9cd1ec9174ceafb88	component.e9ea386cf0bd55a495081c3d	32768	3	R	elven.farming.oren04-2019-08s	population.ingress.elf.06	17170	46114	-3568	45978	41196	-3504	0	0	NO_PATH	0	0	data/spawns/ElvenTerritory/ElvenStarting.xml|data/stats/players/templates/StartingClass/ElvenFighter.xml|data/stats/players/templates/StartingClass/ElvenMystic.xml
bridge.da91105ce1bb45ec553b5ede	component.34034eda8581571932b22786	8192	8	F	population.ingress.orc.04	generated.farm.e72c2c1fdf7715981415fcdb.anchor	-56693	-113610	-672	-49543	-110784	-240	0	0	NO_PATH	0	0	data/stats/players/templates/StartingClass/OrcFighter.xml|data/stats/players/templates/StartingClass/OrcMystic.xml|data/spawns/OrcTerritory/OrcStarting.xml
bridge.da95de7c8bb5d7402c6137bd	component.7fa3659f0208cf5e905507bb	32768	2	F	population.route.dark-elf.a1	generated.farm.67e7b738e88cc6c0f12d73f7.anchor	25992	11112	-3720	2909	-9872	-3744	0	0	NO_PATH	0	0	data/stats/players/templates/StartingClass/DarkFighter.xml|data/stats/players/templates/StartingClass/DarkMystic.xml|data/spawns/DarkElfTerritory/DarkElfStarting.xml|data/spawns/Rune/PrimevalIsle.xml
bridge.da9fd7e65739d8c95c9803ac	component.85a00e0803f36f9a3d0eab0f	32768	3	R	generated.farm.4e76dc23218e129a890c3248.anchor	generated.farm.6ba5b907a989d5e1ce9567a0.anchor	71264	70956	-3688	51500	59679	-3368	0	0	NO_PATH	0	0	data/spawns/Oren/TimakOutpost.xml|data/spawns/ElvenTerritory/ElvenStarting.xml
bridge.daa120854fea904d9acb83c5	component.9fbefbbe289820cb000eadf1	32768	2	R	generated.farm.17667c6c78e20a9fb3c4ae08.anchor	population.ingress.orc.01	-52719	-84968	-8320	-56733	-113459	-672	0	0	NO_PATH	0	0	data/spawns/Others/KrateisCube.xml|data/stats/players/templates/StartingClass/OrcFighter.xml|data/stats/players/templates/StartingClass/OrcMystic.xml
bridge.dad43120d09ebc5ce729a2a3	component.6b6dbba2f1367f01991dfe32	32768	4	R	generated.farm.59f334c6c58a366ac0ebe3c9.anchor	population.ingress.orc.01	-50720	-82961	-8320	-56733	-113459	-672	0	0	NO_PATH	0	0	data/spawns/Others/KrateisCube.xml|data/stats/players/templates/StartingClass/OrcFighter.xml|data/stats/players/templates/StartingClass/OrcMystic.xml
bridge.dad62da0b77b3453b2a7c7b8	component.c8a8b60142ed368a7d7be480	32768	14	R	generated.farm.64e1872735f98ad838918703.anchor	population.ingress.dark-elf.04	23186	-20161	-2704	28456	10997	-4232	0	0	NO_PATH	0	0	data/spawns/Rune/PrimevalIsle.xml|data/stats/players/templates/StartingClass/DarkFighter.xml|data/stats/players/templates/StartingClass/DarkMystic.xml
bridge.dadf790247da00167b8403f1	component.cdd71132d5f4e86baaa4d99d	8192	16	R	generated.farm.13946664ad91058ff84c1e41.anchor	population.ingress.human-mystic.04	-97038	247767	-3648	-90890	248027	-3568	0	0	NO_PATH	0	0	data/spawns/TalkingIsland/TalkingIslandMonsters.xml|data/stats/players/templates/StartingClass/HumanMystic.xml
bridge.dafa072a90e636bec7a41f41	component.8958c8d9edf88034579b430b	32768	11	R	generated.farm.74d4cc08c4a95e70092d77ee.anchor	population.route.dark-elf.a3	24538	-17756	-2752	25304	13256	-3648	0	0	NO_PATH	0	0	data/spawns/Rune/PrimevalIsle.xml|data/stats/players/templates/StartingClass/DarkFighter.xml|data/stats/players/templates/StartingClass/DarkMystic.xml|data/spawns/DarkElfTerritory/DarkElfStarting.xml
bridge.db45db1a9bdecfae89c50c65	component.cf7fc1a377a3ee4f1cd13c38	8192	12	F	population.route.dwarf.a2	generated.farm.dcbfae7bd58c752ca4f1e7ca.anchor	110948	-173435	-584	108695	-173878	-400	0	0	NO_PATH	0	0	data/stats/players/templates/StartingClass/DwarvenFighter.xml|data/spawns/DwarvenTerritory/DwarvenStarting.xml|data/spawns/Others/Gremlins.xml
bridge.db5b71e3d1f7f5ba5651ec3e	component.d5d468daa4bebd1a4eb327d6	32768	12	R	generated.farm.08eced60f60a66b7fc7027b7.anchor	population.ingress.dark-elf.04	6712	-9399	-3680	28456	10997	-4232	0	0	NO_PATH	0	0	data/spawns/Rune/PrimevalIsle.xml|data/stats/players/templates/StartingClass/DarkFighter.xml|data/stats/players/templates/StartingClass/DarkMystic.xml
bridge.db607d4da0b2a2f4c8be3c33	component.17d39984ff40b347b4bbe819	8192	4	F	generated.farm.ccd05d96d24167ee9a70c395.anchor	generated.farm.93232e0ce773f62089fe1979.anchor	173397	-189657	-2016	169568	-193754	-3200	0	0	NO_PATH	0	0	data/spawns/DwarvenTerritory/DwarvenStarting.xml|data/spawns/DwarvenTerritory/DwarvenStarting.xml
bridge.db6789f88619fda02f32f0c2	component.e155a1307403cc14572bd687	32768	2	R	generated.farm.420ed35f1a9a3f532e2d6045.anchor	population.ingress.dwarf.01	101973	-149349	-3128	108644	-173947	-408	0	0	NO_PATH	0	0	data/spawns/Others/PlunderousPlains.xml|data/stats/players/templates/StartingClass/DwarvenFighter.xml
bridge.db8bbbc396f52d8f8adbafe2	component.43988bed6a656186e489a9b7	32768	1	R	generated.farm.88cab6697f22f34bf81c16f7.anchor	population.ingress.elf.04	53010	23851	-5384	46115	41141	-3504	0	0	NO_PATH	0	0	data/spawns/Oren/SeaOfSpores.xml|data/stats/players/templates/StartingClass/ElvenFighter.xml|data/stats/players/templates/StartingClass/ElvenMystic.xml
bridge.dbafe05bd69eb5d51e20d67f	component.ba083b6371fa0acdb077e91c	8192	7	R	generated.farm.eda8543a4ab4d30e028f9b97.anchor	population.route.orc.a1	-56273	-113606	-672	-54685	-113715	-520	0	0	VALID_DIRECT	1599	1	data/spawns/Others/Gremlins.xml|data/stats/players/templates/StartingClass/OrcFighter.xml|data/stats/players/templates/StartingClass/OrcMystic.xml|data/spawns/OrcTerritory/OrcStarting.xml
bridge.dbe9c943f30497dfb34420cb	component.73d0c59f5bdd9014627ebe4f	32768	1	R	elven.farming.oren04-2019-07s	generated.farm.58356b4e9844a379fecfbaf6.anchor	19248	43340	-3712	42118	41401	-3488	0	0	NO_PATH	0	0	data/spawns/ElvenTerritory/ElvenStarting.xml|data/spawns/ElvenTerritory/ElvenStarting.xml
bridge.dc0845ead47e2b68dcfc7550	component.a897c66aac15ed82ae4b47cc	16384	4	R	generated.farm.5eb90806db1167da3a0881d8.anchor	generated.farm.088e8bc59766f22991a08e5d.anchor	126625	-194289	-3288	130094	-209377	-3552	0	0	NO_PATH	0	0	data/spawns/DwarvenTerritory/DwarvenStarting.xml|data/spawns/DwarvenTerritory/DwarvenStarting.xml
bridge.dc185d6f3262968446b1fb28	component.cf7fc1a377a3ee4f1cd13c38	8192	7	F	population.ingress.dwarf.05	generated.farm.dcbfae7bd58c752ca4f1e7ca.anchor	108549	-174075	-408	108695	-173878	-400	0	0	VALID_PATH	271	3	data/stats/players/templates/StartingClass/DwarvenFighter.xml|data/spawns/Others/Gremlins.xml
bridge.dcafaf45da22e6dc7fef7188	component.18c9e4ee0311769668b2eb74	8192	13	F	population.route.kamael.d2	generated.farm.74718a641fa7e78154fea892.anchor	-124024	38072	1184	-125620	37399	1176	0	0	VALID_DIRECT	1733	1	data/stats/players/templates/StartingClass/KamaelMaleSoldier.xml|data/stats/players/templates/StartingClass/KamaelFemaleSoldier.xml|data/spawns/Kamael/IsleOfSouls.xml|data/spawns/Others/Gremlins.xml
bridge.dcbd6fd5b55842b585b4d3c9	component.475c48156e62e7e47cb30765	32768	9	R	generated.farm.bd35d5fb02b6c1c76b448822.anchor	population.ingress.orc.05	-48720	-82958	-8320	-56743	-113757	-672	0	0	NO_PATH	0	0	data/spawns/Others/KrateisCube.xml|data/stats/players/templates/StartingClass/OrcFighter.xml|data/stats/players/templates/StartingClass/OrcMystic.xml
bridge.dcc0d889721084e97bfa88fa	component.73f096cfc3045644558d7b95	16384	1	F	population.route.orc.a3	generated.farm.32584ca994d21c1731c3d66e.anchor	-50845	-113715	-168	-39537	-105269	-2704	0	0	NO_PATH	0	0	data/stats/players/templates/StartingClass/OrcFighter.xml|data/stats/players/templates/StartingClass/OrcMystic.xml|data/spawns/OrcTerritory/OrcStarting.xml|data/spawns/OrcTerritory/OrcStarting.xml
bridge.dcc3f2b50c3c065581832f57	component.16897e3b9846dd267a30bfc1	32768	10	R	generated.farm.a5c0bfc2913c1277af9aa4f4.anchor	generated.farm.36714f071123eedc9cac6c05.anchor	21571	-14364	-3104	28436	11041	-4232	0	0	NO_PATH	0	0	data/spawns/Rune/PrimevalIsle.xml|data/spawns/Others/Gremlins.xml
bridge.dce149800871c89edac97dba	component.9fbefbbe289820cb000eadf1	32768	9	R	generated.farm.17667c6c78e20a9fb3c4ae08.anchor	population.ingress.orc.05	-52719	-84968	-8320	-56743	-113757	-672	0	0	NO_PATH	0	0	data/spawns/Others/KrateisCube.xml|data/stats/players/templates/StartingClass/OrcFighter.xml|data/stats/players/templates/StartingClass/OrcMystic.xml
bridge.dcfe26e3c0ac2f685fb872ba	component.85a00e0803f36f9a3d0eab0f	32768	1	F	generated.farm.0a9b6aeb870068f470d93c4b.anchor	generated.farm.4e76dc23218e129a890c3248.anchor	55857	63041	-3472	71264	70956	-3688	0	0	NO_PATH	0	0	data/spawns/ElvenTerritory/ElvenStarting.xml|data/spawns/Oren/TimakOutpost.xml
bridge.dd3028f95d891e1a27a433bc	component.6649966768b82f83ad664d97	32768	2	F	population.route.orc.a4	generated.farm.39e870280a474549df7725fe.anchor	-50077	-115763	-160	-21626	-116308	-2984	0	0	NO_PATH	0	0	data/stats/players/templates/StartingClass/OrcFighter.xml|data/stats/players/templates/StartingClass/OrcMystic.xml|data/spawns/OrcTerritory/OrcStarting.xml|data/spawns/OrcTerritory/OrcStarting.xml
bridge.ddb5bbb00b26a03b616e27dd	component.5170fd1c3e2b6fe2f9af1ad8	8192	8	F	population.route.human-mystic.a2	generated.farm.54772e1b8c2e8c258ff204b4.anchor	-89144	249976	-3568	-94346	250566	-3552	0	0	NO_PATH	0	0	data/stats/players/templates/StartingClass/HumanMystic.xml|data/spawns/TalkingIsland/TalkingIslandMonsters.xml|data/spawns/TalkingIsland/TalkingIslandMonsters.xml
bridge.ddba5227efa6a3e92990895e	component.d5d468daa4bebd1a4eb327d6	32768	1	F	population.route.dark-elf.a2	generated.farm.08eced60f60a66b7fc7027b7.anchor	25720	11288	-3720	6712	-9399	-3680	0	0	NO_PATH	0	0	data/stats/players/templates/StartingClass/DarkFighter.xml|data/stats/players/templates/StartingClass/DarkMystic.xml|data/spawns/DarkElfTerritory/DarkElfStarting.xml|data/spawns/Rune/PrimevalIsle.xml
bridge.dde97eb2c7dcb5a542f07d3f	component.6cb9bd2a57139e6f69dd23f1	32768	5	F	population.ingress.orc.01	generated.farm.b4beace3b35fcf43f7ac6d15.anchor	-56733	-113459	-672	-46718	-86971	-8320	0	0	NO_PATH	0	0	data/stats/players/templates/StartingClass/OrcFighter.xml|data/stats/players/templates/StartingClass/OrcMystic.xml|data/spawns/Others/KrateisCube.xml
bridge.de05640b4d551df10850140d	component.cf7fc1a377a3ee4f1cd13c38	8192	14	F	population.route.dwarf.a4	generated.farm.dcbfae7bd58c752ca4f1e7ca.anchor	113508	-174203	-608	108695	-173878	-400	0	0	NO_PATH	0	0	data/stats/players/templates/StartingClass/DwarvenFighter.xml|data/spawns/DwarvenTerritory/DwarvenStarting.xml|data/spawns/Others/Gremlins.xml
bridge.de11ffb174ece60943732b76	component.d2768e1382c5c1b8ae3c6408	32768	1	R	generated.farm.c559aedb44e0cf87e1fb32c9.anchor	population.route.dwarf.a2	108605	-150431	-2328	110948	-173435	-584	0	0	NO_PATH	0	0	data/spawns/Others/PlunderousPlains.xml|data/stats/players/templates/StartingClass/DwarvenFighter.xml|data/spawns/DwarvenTerritory/DwarvenStarting.xml
bridge.de605b94104f857e82e64713	component.43988bed6a656186e489a9b7	32768	13	R	generated.farm.4d58dd1be9d4b93272b379ec.anchor	population.ingress.elf.01	49877	22679	-5512	46045	41251	-3504	0	0	NO_PATH	0	0	data/spawns/Oren/SeaOfSpores.xml|data/stats/players/templates/StartingClass/ElvenFighter.xml|data/stats/players/templates/StartingClass/ElvenMystic.xml
bridge.dea537ecc3fdfcbc244c8d1b	component.e0efb8466cb69704c6f63b79	32768	4	R	generated.farm.3bbbcdb43022c7bf23796fb4.anchor	population.ingress.dark-elf.02	15590	-17440	-3224	28302	11008	-4232	0	0	NO_PATH	0	0	data/spawns/Rune/PrimevalIsle.xml|data/stats/players/templates/StartingClass/DarkFighter.xml|data/stats/players/templates/StartingClass/DarkMystic.xml
bridge.debcde053e88eb0b4d0ae4fa	component.34034eda8581571932b22786	8192	2	R	generated.farm.e72c2c1fdf7715981415fcdb.anchor	population.route.orc.a2	-49543	-110784	-240	-52637	-113715	-80	0	0	VALID_PATH	4598	4	data/spawns/OrcTerritory/OrcStarting.xml|data/stats/players/templates/StartingClass/OrcFighter.xml|data/stats/players/templates/StartingClass/OrcMystic.xml|data/spawns/OrcTerritory/OrcStarting.xml
bridge.decee90f3da6391ece7e154e	component.10e204556f859c1b294aeca4	32768	13	F	generated.farm.1e2d5a3becf8fd2f9e656d54.anchor	generated.farm.c4c86a1c1e9423c05d843bc9.anchor	128484	-211404	-3408	160145	-219344	-3528	0	0	NO_PATH	0	0	data/spawns/DwarvenTerritory/DwarvenStarting.xml|data/spawns/DwarvenTerritory/DwarvenStarting.xml
bridge.ded0aaeb339fb6c3d0d3674b	component.7e882b0664c31928ac9f5caa	32768	10	F	population.ingress.dwarf.01	generated.farm.12923521d58d7301f63fd56a.anchor	108644	-173947	-408	117133	-149832	-2352	0	0	NO_PATH	0	0	data/stats/players/templates/StartingClass/DwarvenFighter.xml|data/spawns/Others/PlunderousPlains.xml
bridge.df2e390eae975783543115b4	component.c8a8b60142ed368a7d7be480	32768	10	R	generated.farm.64e1872735f98ad838918703.anchor	population.route.dark-elf.a1	23186	-20161	-2704	25992	11112	-3720	0	0	NO_PATH	0	0	data/spawns/Rune/PrimevalIsle.xml|data/stats/players/templates/StartingClass/DarkFighter.xml|data/stats/players/templates/StartingClass/DarkMystic.xml|data/spawns/DarkElfTerritory/DarkElfStarting.xml
bridge.df8d3588ee87decd6ab487cf	component.ba083b6371fa0acdb077e91c	8192	3	R	generated.farm.eda8543a4ab4d30e028f9b97.anchor	population.ingress.orc.02	-56273	-113606	-672	-56686	-113470	-672	0	0	VALID_DIRECT	435	1	data/spawns/Others/Gremlins.xml|data/stats/players/templates/StartingClass/OrcFighter.xml|data/stats/players/templates/StartingClass/OrcMystic.xml
bridge.df9a265302429d7852acd89b	component.cf7fc1a377a3ee4f1cd13c38	8192	5	R	generated.farm.dcbfae7bd58c752ca4f1e7ca.anchor	population.ingress.dwarf.03	108695	-173878	-400	108505	-173964	-408	0	0	VALID_PATH	323	5	data/spawns/Others/Gremlins.xml|data/stats/players/templates/StartingClass/DwarvenFighter.xml
bridge.dfdb908df233378804b4822b	component.40dbfe62843fbb4b5737b50d	32768	4	F	population.farming.elf.20534	generated.farm.b39b5ebcb618d85608e8a97d.anchor	44126	42751	-3488	24053	37496	-3672	0	0	NO_PATH	0	0	data/spawns/ElvenTerritory/ElvenStarting.xml|data/spawns/ElvenTerritory/ElvenStarting.xml
bridge.dfe6b127403760d055d0dad4	component.48e6e689d4d766cfd82dc2e2	16384	5	F	population.ingress.elf.01	generated.farm.5ee423a52e35fbb905b7ecb0.anchor	46045	41251	-3504	54714	51620	-3592	0	0	NO_PATH	0	0	data/stats/players/templates/StartingClass/ElvenFighter.xml|data/stats/players/templates/StartingClass/ElvenMystic.xml|data/spawns/ElvenTerritory/ElvenStarting.xml
bridge.e0042db54650ffb9a854cb47	component.8958c8d9edf88034579b430b	32768	1	R	generated.farm.74d4cc08c4a95e70092d77ee.anchor	population.route.dark-elf.a1	24538	-17756	-2752	25992	11112	-3720	0	0	NO_PATH	0	0	data/spawns/Rune/PrimevalIsle.xml|data/stats/players/templates/StartingClass/DarkFighter.xml|data/stats/players/templates/StartingClass/DarkMystic.xml|data/spawns/DarkElfTerritory/DarkElfStarting.xml
bridge.e0134def06f17ea393fdba29	component.d5d468daa4bebd1a4eb327d6	32768	2	R	generated.farm.08eced60f60a66b7fc7027b7.anchor	population.route.dark-elf.a1	6712	-9399	-3680	25992	11112	-3720	0	0	NO_PATH	0	0	data/spawns/Rune/PrimevalIsle.xml|data/stats/players/templates/StartingClass/DarkFighter.xml|data/stats/players/templates/StartingClass/DarkMystic.xml|data/spawns/DarkElfTerritory/DarkElfStarting.xml
bridge.e01d42b2130abd45c3cea248	component.7fa3659f0208cf5e905507bb	32768	2	R	generated.farm.67e7b738e88cc6c0f12d73f7.anchor	population.route.dark-elf.a1	2909	-9872	-3744	25992	11112	-3720	0	0	NO_PATH	0	0	data/spawns/Rune/PrimevalIsle.xml|data/stats/players/templates/StartingClass/DarkFighter.xml|data/stats/players/templates/StartingClass/DarkMystic.xml|data/spawns/DarkElfTerritory/DarkElfStarting.xml
bridge.e02b58c2bc6b4da290bf704e	component.18c9e4ee0311769668b2eb74	8192	16	R	generated.farm.74718a641fa7e78154fea892.anchor	population.route.kamael.b1	-125620	37399	1176	-124072	38312	1176	0	0	VALID_PATH	1869	2	data/spawns/Others/Gremlins.xml|data/stats/players/templates/StartingClass/KamaelMaleSoldier.xml|data/stats/players/templates/StartingClass/KamaelFemaleSoldier.xml|data/spawns/Kamael/IsleOfSouls.xml
bridge.e06680da49c93dedc8b39e7c	component.4562799c5dc584243d56e35b	32768	1	R	generated.farm.bff7beafbd229e70fb09ec46.anchor	population.route.orc.a2	-52728	-86971	-8320	-52637	-113715	-80	0	0	NO_PATH	0	0	data/spawns/Others/KrateisCube.xml|data/stats/players/templates/StartingClass/OrcFighter.xml|data/stats/players/templates/StartingClass/OrcMystic.xml|data/spawns/OrcTerritory/OrcStarting.xml
bridge.e08b037b859ceec6776be10c	component.48e6e689d4d766cfd82dc2e2	16384	3	R	generated.farm.5ee423a52e35fbb905b7ecb0.anchor	population.ingress.elf.03	54714	51620	-3592	46182	41198	-3504	0	0	NO_PATH	0	0	data/spawns/ElvenTerritory/ElvenStarting.xml|data/stats/players/templates/StartingClass/ElvenFighter.xml|data/stats/players/templates/StartingClass/ElvenMystic.xml
bridge.e0b872dfc8073ff6af2a3cc6	component.16897e3b9846dd267a30bfc1	32768	16	R	generated.farm.08f4fb3b22c13f96f311c779.anchor	population.ingress.dark-elf.04	20813	-14323	-3040	28456	10997	-4232	0	0	NO_PATH	0	0	data/spawns/Rune/PrimevalIsle.xml|data/stats/players/templates/StartingClass/DarkFighter.xml|data/stats/players/templates/StartingClass/DarkMystic.xml
bridge.e0d27d9eebab9710add3dd30	component.b7883cab062e250a4845bacc	32768	5	R	generated.farm.458673ead1d6f5e03c0230db.anchor	population.ingress.orc.01	-46721	-84975	-8320	-56733	-113459	-672	0	0	NO_PATH	0	0	data/spawns/Others/KrateisCube.xml|data/stats/players/templates/StartingClass/OrcFighter.xml|data/stats/players/templates/StartingClass/OrcMystic.xml
bridge.e0db94c277b0a533d5d413a4	component.635e8cdeb1b598aac805b64c	32768	12	F	population.ingress.human-mystic.01	generated.farm.6a1b028f65325f1df40b9a9c.anchor	-90875	248162	-3568	-105224	224600	-3640	0	0	NO_PATH	0	0	data/stats/players/templates/StartingClass/HumanMystic.xml|data/spawns/TalkingIsland/TalkingIslandMonsters.xml
bridge.e11285b0f61d5dbdce2ae292	component.6c8644500a9312467848babc	32768	2	R	elven.farming.oren04-2019-10s	population.farming.elf.20534	16057	52260	-3544	44126	42751	-3488	0	0	NO_PATH	0	0	data/spawns/ElvenTerritory/ElvenStarting.xml|data/spawns/ElvenTerritory/ElvenStarting.xml
bridge.e127d0c466eb1faba98f8be8	component.cf7fc1a377a3ee4f1cd13c38	8192	11	R	generated.farm.dcbfae7bd58c752ca4f1e7ca.anchor	population.route.dwarf.w2	108695	-173878	-400	110440	-173944	-528	0	0	VALID_PATH	1854	2	data/spawns/Others/Gremlins.xml|data/stats/players/templates/StartingClass/DwarvenFighter.xml|data/spawns/DwarvenTerritory/DwarvenStarting.xml
bridge.e152a135ce52dba73a12cf97	component.1331db1a6d957945bfb43b8d	8192	6	R	generated.farm.9d9291cb563275968a77e851.anchor	population.ingress.elf.06	47907	37504	-3544	45978	41196	-3504	0	0	NO_PATH	0	0	data/spawns/ElvenTerritory/ElvenStarting.xml|data/stats/players/templates/StartingClass/ElvenFighter.xml|data/stats/players/templates/StartingClass/ElvenMystic.xml
bridge.e15517a31af9d4f5b8633314	component.d1bd433314f456b9fe85fbdf	32768	10	F	population.ingress.orc.03	generated.farm.0d7c07144eea5c608cf6c8cf.anchor	-56728	-113610	-672	-25035	-119836	-1968	0	0	NO_PATH	0	0	data/stats/players/templates/StartingClass/OrcFighter.xml|data/stats/players/templates/StartingClass/OrcMystic.xml|data/spawns/OrcTerritory/OrcStarting.xml
bridge.e15b7acb3d3ca6d6fe0eb2a5	component.6b63e9a22c52715dd6894332	8192	3	F	population.ingress.elf.05	generated.farm.68243117d5885fe09a0b57bc.anchor	46048	41141	-3504	43767	37445	-3512	0	0	NO_PATH	0	0	data/stats/players/templates/StartingClass/ElvenFighter.xml|data/stats/players/templates/StartingClass/ElvenMystic.xml|data/spawns/ElvenTerritory/ElvenStarting.xml
bridge.e16e55333d96e78f4c02ce2e	component.01b441ae383a1b39494050f4	32768	2	F	population.route.dark-elf.a2	generated.farm.9cf6fa1ef953b5b33ff9fe37.anchor	25720	11288	-3720	13666	-12273	-3024	0	0	NO_PATH	0	0	data/stats/players/templates/StartingClass/DarkFighter.xml|data/stats/players/templates/StartingClass/DarkMystic.xml|data/spawns/DarkElfTerritory/DarkElfStarting.xml|data/spawns/Rune/PrimevalIsle.xml
bridge.e17ab95f2a9f81b9a00ded0a	component.c005299f6bcae5c6d8af8bb7	32768	9	F	population.ingress.dark-elf.06	generated.farm.7a05c033eabc7172e800caf4.anchor	28395	11127	-4232	14176	-18036	-3120	0	0	NO_PATH	0	0	data/stats/players/templates/StartingClass/DarkFighter.xml|data/stats/players/templates/StartingClass/DarkMystic.xml|data/spawns/Rune/PrimevalIsle.xml
bridge.e19201226cb72062f2a9fa17	component.01b441ae383a1b39494050f4	32768	1	F	population.route.dark-elf.a1	generated.farm.9cf6fa1ef953b5b33ff9fe37.anchor	25992	11112	-3720	13666	-12273	-3024	0	0	NO_PATH	0	0	data/stats/players/templates/StartingClass/DarkFighter.xml|data/stats/players/templates/StartingClass/DarkMystic.xml|data/spawns/DarkElfTerritory/DarkElfStarting.xml|data/spawns/Rune/PrimevalIsle.xml
bridge.e19778ee3a1d79b2f671f93f	component.85a00e0803f36f9a3d0eab0f	32768	2	F	generated.farm.946a41fbbc63614320c02954.anchor	generated.farm.4e76dc23218e129a890c3248.anchor	53398	63278	-3480	71264	70956	-3688	0	0	NO_PATH	0	0	data/spawns/ElvenTerritory/ElvenStarting.xml|data/spawns/Oren/TimakOutpost.xml
bridge.e198921d0b30478ac3888cc5	component.e04c7af9711cc5dd2a0ac987	16384	7	F	population.route.human-mystic.b2	generated.farm.c566a65e22d07a92230b56a2.anchor	-89240	249912	-3568	-95163	237296	-3408	0	0	NO_PATH	0	0	data/stats/players/templates/StartingClass/HumanMystic.xml|data/spawns/TalkingIsland/TalkingIslandMonsters.xml|data/spawns/TalkingIsland/TalkingIslandMonsters.xml
bridge.e1a849f9e1dc13c6b0376e23	component.cf7fc1a377a3ee4f1cd13c38	8192	12	R	generated.farm.dcbfae7bd58c752ca4f1e7ca.anchor	population.route.dwarf.a2	108695	-173878	-400	110948	-173435	-584	0	0	VALID_PATH	2518	4	data/spawns/Others/Gremlins.xml|data/stats/players/templates/StartingClass/DwarvenFighter.xml|data/spawns/DwarvenTerritory/DwarvenStarting.xml
bridge.e1c5d4a24d396f876db0b426	component.18bacfc235ddd517347d8830	32768	14	R	generated.farm.6cc54f41492a8ebff56a5815.anchor	population.ingress.dwarf.04	119130	-144099	-3016	108512	-174026	-408	0	0	NO_PATH	0	0	data/spawns/Others/PlunderousPlains.xml|data/stats/players/templates/StartingClass/DwarvenFighter.xml
bridge.e1ca7443fc0a9116c245e38e	component.20a0c83d40a7bb22c26e0395	32768	13	R	generated.farm.faefa58426223647157f9577.anchor	generated.farm.36714f071123eedc9cac6c05.anchor	27020	-15861	-2648	28436	11041	-4232	0	0	NO_PATH	0	0	data/spawns/Rune/PrimevalIsle.xml|data/spawns/Others/Gremlins.xml
bridge.e1e1c62e1f6237a775506c41	component.20a0c83d40a7bb22c26e0395	32768	6	F	population.ingress.dark-elf.01	generated.farm.f137dbbc3ac90f445b806c09.anchor	28295	11063	-4232	25328	-15199	-2744	0	0	NO_PATH	0	0	data/stats/players/templates/StartingClass/DarkFighter.xml|data/stats/players/templates/StartingClass/DarkMystic.xml|data/spawns/Rune/PrimevalIsle.xml
bridge.e20e86654d973bcda44b200e	component.6c8644500a9312467848babc	32768	6	R	elven.farming.oren04-2019-10s	population.ingress.elf.05	16057	52260	-3544	46048	41141	-3504	0	0	NO_PATH	0	0	data/spawns/ElvenTerritory/ElvenStarting.xml|data/stats/players/templates/StartingClass/ElvenFighter.xml|data/stats/players/templates/StartingClass/ElvenMystic.xml
bridge.e2150035103a8d67c9479549	component.87a65b1ce32b28202691c2c8	32768	5	F	population.ingress.orc.01	generated.farm.ac1e437a00c50adb5285e40a.anchor	-56733	-113459	-672	-44720	-86972	-8320	0	0	NO_PATH	0	0	data/stats/players/templates/StartingClass/OrcFighter.xml|data/stats/players/templates/StartingClass/OrcMystic.xml|data/spawns/Others/KrateisCube.xml
bridge.e21a360e772d0fed91cde930	component.de636b0f82c1f5ec50237e13	32768	8	F	generated.farm.ea72d768f3c8ec3d79c1a530.anchor	generated.farm.a39f58864657ce5b49b26ee3.anchor	116056	-175091	-1016	116564	-195406	-3480	0	0	NO_PATH	0	0	data/spawns/DwarvenTerritory/DwarvenStarting.xml|data/spawns/DwarvenTerritory/DwarvenStarting.xml
bridge.e281ac97b353b3ab9785b1d7	component.e04c7af9711cc5dd2a0ac987	16384	4	R	generated.farm.c566a65e22d07a92230b56a2.anchor	population.ingress.human-mystic.01	-95163	237296	-3408	-90875	248162	-3568	0	0	NO_PATH	0	0	data/spawns/TalkingIsland/TalkingIslandMonsters.xml|data/stats/players/templates/StartingClass/HumanMystic.xml
bridge.e2a9a2b54a3ed5816df44031	component.18bacfc235ddd517347d8830	32768	11	F	population.ingress.dwarf.02	generated.farm.6cc54f41492a8ebff56a5815.anchor	108678	-174002	-408	119130	-144099	-3016	0	0	NO_PATH	0	0	data/stats/players/templates/StartingClass/DwarvenFighter.xml|data/spawns/Others/PlunderousPlains.xml
bridge.e30195db5945aca0df170f0e	component.73f096cfc3045644558d7b95	16384	2	R	generated.farm.32584ca994d21c1731c3d66e.anchor	population.farming.orc.20535	-39537	-105269	-2704	-49106	-115854	-160	0	0	NO_PATH	0	0	data/spawns/OrcTerritory/OrcStarting.xml|data/spawns/OrcTerritory/OrcStarting.xml
bridge.e31a4771b97133af99b00a03	component.87a65b1ce32b28202691c2c8	32768	11	R	generated.farm.ac1e437a00c50adb5285e40a.anchor	population.ingress.orc.05	-44720	-86972	-8320	-56743	-113757	-672	0	0	NO_PATH	0	0	data/spawns/Others/KrateisCube.xml|data/stats/players/templates/StartingClass/OrcFighter.xml|data/stats/players/templates/StartingClass/OrcMystic.xml
bridge.e3532a4511a8aee06a6a276d	component.7e882b0664c31928ac9f5caa	32768	2	R	generated.farm.12923521d58d7301f63fd56a.anchor	generated.farm.ed8992f2edcbacf7c4f24608.anchor	117133	-149832	-2352	117968	-173208	-432	0	0	NO_PATH	0	0	data/spawns/Others/PlunderousPlains.xml|data/spawns/DwarvenTerritory/DwarvenStarting.xml
bridge.e381d96a72acfbdf6c87e363	component.b8a1ba9dfc02a229569e9998	32768	7	F	generated.farm.36714f071123eedc9cac6c05.anchor	generated.farm.c246ebe1e9f6c73e829b2d38.anchor	28436	11041	-4232	22054	-11514	-2720	0	0	NO_PATH	0	0	data/spawns/Others/Gremlins.xml|data/spawns/Rune/PrimevalIsle.xml
bridge.e38ae5d52fce542aae545481	component.79ad21df45b89fa5bb86a4fd	32768	11	F	population.farming.elf.20534	generated.farm.aa1716be4a17c0aa980acc7b.anchor	44126	42751	-3488	54583	71099	-3440	0	0	NO_PATH	0	0	data/spawns/ElvenTerritory/ElvenStarting.xml|data/spawns/ElvenTerritory/ElvenStarting.xml
bridge.e38bcf7f4caf0827685ca0a1	component.d2768e1382c5c1b8ae3c6408	32768	8	F	population.route.dwarf.a1	generated.farm.c559aedb44e0cf87e1fb32c9.anchor	110436	-173947	-528	108605	-150431	-2328	0	0	NO_PATH	0	0	data/stats/players/templates/StartingClass/DwarvenFighter.xml|data/spawns/DwarvenTerritory/DwarvenStarting.xml|data/spawns/Others/PlunderousPlains.xml
bridge.e3ced60147a499a77333921b	component.7b0a8695c70b29d38ea2d7b7	32768	5	F	population.ingress.orc.01	generated.farm.bf71e830d9839ea5032228a3.anchor	-56733	-113459	-672	-48725	-86968	-8320	0	0	NO_PATH	0	0	data/stats/players/templates/StartingClass/OrcFighter.xml|data/stats/players/templates/StartingClass/OrcMystic.xml|data/spawns/Others/KrateisCube.xml
bridge.e3d94008bf84d6792a656f78	component.475c48156e62e7e47cb30765	32768	2	F	population.route.orc.a2	generated.farm.bd35d5fb02b6c1c76b448822.anchor	-52637	-113715	-80	-48720	-82958	-8320	0	0	NO_PATH	0	0	data/stats/players/templates/StartingClass/OrcFighter.xml|data/stats/players/templates/StartingClass/OrcMystic.xml|data/spawns/OrcTerritory/OrcStarting.xml|data/spawns/Others/KrateisCube.xml
bridge.e3f022d471da38545781c3aa	component.43988bed6a656186e489a9b7	32768	3	R	generated.farm.88cab6697f22f34bf81c16f7.anchor	population.ingress.elf.03	53010	23851	-5384	46182	41198	-3504	0	0	NO_PATH	0	0	data/spawns/Oren/SeaOfSpores.xml|data/stats/players/templates/StartingClass/ElvenFighter.xml|data/stats/players/templates/StartingClass/ElvenMystic.xml
bridge.e3fd361935db0a70f86af5b6	component.8958c8d9edf88034579b430b	32768	9	F	population.ingress.dark-elf.06	generated.farm.74d4cc08c4a95e70092d77ee.anchor	28395	11127	-4232	24538	-17756	-2752	0	0	NO_PATH	0	0	data/stats/players/templates/StartingClass/DarkFighter.xml|data/stats/players/templates/StartingClass/DarkMystic.xml|data/spawns/Rune/PrimevalIsle.xml
bridge.e409d8bc9c1c72638f3209e2	component.df33433dc147309d6dc09abc	32768	4	F	population.ingress.orc.02	generated.farm.9bd77ed2d0a9c062814dc873.anchor	-56686	-113470	-672	-46721	-82961	-8320	0	0	NO_PATH	0	0	data/stats/players/templates/StartingClass/OrcFighter.xml|data/stats/players/templates/StartingClass/OrcMystic.xml|data/spawns/Others/KrateisCube.xml
bridge.e41e4f030a874e2fee7be5f7	component.0075e5d7b40ef037d898ed1f	32768	4	R	generated.farm.0ea9abb137efe17aa6607d08.anchor	population.farming.orc.20535	-19004	-108238	-2096	-49106	-115854	-160	0	0	NO_PATH	0	0	data/spawns/OrcTerritory/OrcStarting.xml|data/spawns/OrcTerritory/OrcStarting.xml
bridge.e45fa9ba05cdb60323d15f69	component.b8a1ba9dfc02a229569e9998	32768	10	F	population.farming.dark-elf.20529	generated.farm.c246ebe1e9f6c73e829b2d38.anchor	25308	13254	-3648	22054	-11514	-2720	0	0	NO_PATH	0	0	data/spawns/DarkElfTerritory/DarkElfStarting.xml|data/spawns/Rune/PrimevalIsle.xml
bridge.e4679f16d567625ca7fc873b	component.6bccc4ec500087b1b97f6735	32768	3	F	generated.farm.c4067c834f12b99e976909a2.anchor	elven.farming.oren04-2019-15s	26607	63533	-3552	7256	52568	-3576	0	0	NO_PATH	0	0	data/spawns/ElvenTerritory/ElvenStarting.xml|data/spawns/ElvenTerritory/ElvenStarting.xml
bridge.e4699bdcc90ad8c921513d41	component.5170fd1c3e2b6fe2f9af1ad8	8192	1	F	population.ingress.human-mystic.02	generated.farm.54772e1b8c2e8c258ff204b4.anchor	-90954	248118	-3568	-94346	250566	-3552	0	0	NO_PATH	0	0	data/stats/players/templates/StartingClass/HumanMystic.xml|data/spawns/TalkingIsland/TalkingIslandMonsters.xml
bridge.e47ef9f5b02263b72bbbb44a	component.6b63e9a22c52715dd6894332	8192	7	F	population.ingress.elf.03	generated.farm.68243117d5885fe09a0b57bc.anchor	46182	41198	-3504	43767	37445	-3512	0	0	NO_PATH	0	0	data/stats/players/templates/StartingClass/ElvenFighter.xml|data/stats/players/templates/StartingClass/ElvenMystic.xml|data/spawns/ElvenTerritory/ElvenStarting.xml
bridge.e4bfaf494eb82db8e6ae36c6	component.2c4a1d8ed5506d43bb6025d3	32768	2	F	generated.farm.77743197e238ebb0e1e3eac2.anchor	generated.farm.f3fef88cab3be544b94bb305.anchor	175207	-189475	-2304	165484	-207409	-3496	0	0	NO_PATH	0	0	data/spawns/DwarvenTerritory/DwarvenStarting.xml|data/spawns/DwarvenTerritory/DwarvenStarting.xml
bridge.e4e5984b67b97e76aab11530	component.6b6dbba2f1367f01991dfe32	32768	7	R	generated.farm.59f334c6c58a366ac0ebe3c9.anchor	population.ingress.orc.03	-50720	-82961	-8320	-56728	-113610	-672	0	0	NO_PATH	0	0	data/spawns/Others/KrateisCube.xml|data/stats/players/templates/StartingClass/OrcFighter.xml|data/stats/players/templates/StartingClass/OrcMystic.xml
bridge.e4e726fee5ec740e3a9e9b4c	component.8958c8d9edf88034579b430b	32768	2	R	generated.farm.74d4cc08c4a95e70092d77ee.anchor	population.ingress.dark-elf.03	24538	-17756	-2752	28377	10916	-4232	0	0	NO_PATH	0	0	data/spawns/Rune/PrimevalIsle.xml|data/stats/players/templates/StartingClass/DarkFighter.xml|data/stats/players/templates/StartingClass/DarkMystic.xml
bridge.e4f5b9fb22a36e5999074039	component.214784823dfee247eabd4cc1	16384	2	F	population.route.orc.a4	generated.farm.08bede9fa450ab087be0458b.anchor	-50077	-115763	-160	-40560	-117892	-1920	0	0	NO_PATH	0	0	data/stats/players/templates/StartingClass/OrcFighter.xml|data/stats/players/templates/StartingClass/OrcMystic.xml|data/spawns/OrcTerritory/OrcStarting.xml|data/spawns/OrcTerritory/OrcStarting.xml
bridge.e53e4b1846185ea7779e67bf	component.58fa7816fe6f000be807e01c	8192	9	F	generated.farm.36714f071123eedc9cac6c05.anchor	generated.farm.f66a8a0231b2d83dac29cc4d.anchor	28436	11041	-4232	24496	9206	-3584	0	0	NO_PATH	0	0	data/spawns/Others/Gremlins.xml|data/spawns/DarkElfTerritory/DarkElfStarting.xml
bridge.e58b777cc9b66128f0926540	component.4562799c5dc584243d56e35b	32768	10	R	generated.farm.bff7beafbd229e70fb09ec46.anchor	population.route.orc.a4	-52728	-86971	-8320	-50077	-115763	-160	0	0	NO_PATH	0	0	data/spawns/Others/KrateisCube.xml|data/stats/players/templates/StartingClass/OrcFighter.xml|data/stats/players/templates/StartingClass/OrcMystic.xml|data/spawns/OrcTerritory/OrcStarting.xml
bridge.e5963e34650e1c02b535c3d5	component.18bacfc235ddd517347d8830	32768	6	R	generated.farm.6cc54f41492a8ebff56a5815.anchor	population.route.dwarf.w2	119130	-144099	-3016	110440	-173944	-528	0	0	NO_PATH	0	0	data/spawns/Others/PlunderousPlains.xml|data/stats/players/templates/StartingClass/DwarvenFighter.xml|data/spawns/DwarvenTerritory/DwarvenStarting.xml
bridge.e5b3f69f3da2afb295b3e698	component.df33433dc147309d6dc09abc	32768	1	F	population.route.orc.a3	generated.farm.9bd77ed2d0a9c062814dc873.anchor	-50845	-113715	-168	-46721	-82961	-8320	0	0	NO_PATH	0	0	data/stats/players/templates/StartingClass/OrcFighter.xml|data/stats/players/templates/StartingClass/OrcMystic.xml|data/spawns/OrcTerritory/OrcStarting.xml|data/spawns/Others/KrateisCube.xml
bridge.e5d8f52bdddbfea4f1c1dc97	component.5170fd1c3e2b6fe2f9af1ad8	8192	7	R	generated.farm.54772e1b8c2e8c258ff204b4.anchor	population.route.human-mystic.b2	-94346	250566	-3552	-89240	249912	-3568	0	0	NO_PATH	0	0	data/spawns/TalkingIsland/TalkingIslandMonsters.xml|data/stats/players/templates/StartingClass/HumanMystic.xml|data/spawns/TalkingIsland/TalkingIslandMonsters.xml
bridge.e6503bdd73ad59dde1970656	component.79ad21df45b89fa5bb86a4fd	32768	10	R	generated.farm.5dc8ced237dc324aa37b6530.anchor	population.ingress.elf.05	51605	70249	-3408	46048	41141	-3504	0	0	NO_PATH	0	0	data/spawns/ElvenTerritory/ElvenStarting.xml|data/stats/players/templates/StartingClass/ElvenFighter.xml|data/stats/players/templates/StartingClass/ElvenMystic.xml
bridge.e652f1771a1a0894d9ce1f11	component.2a49f4f35c9ebde77d8043ac	16384	2	F	generated.farm.768fa444a79123489bd7aa1d.anchor	generated.farm.5b2f7b39b431b1d31c0f938a.anchor	137660	-202383	-3664	146706	-212410	-3592	0	0	VALID_DIRECT	13505	1	data/spawns/DwarvenTerritory/DwarvenStarting.xml|data/spawns/DwarvenTerritory/DwarvenStarting.xml
bridge.e654a51b39b5fa6dd730601a	component.a897c66aac15ed82ae4b47cc	16384	4	F	generated.farm.088e8bc59766f22991a08e5d.anchor	generated.farm.5eb90806db1167da3a0881d8.anchor	130094	-209377	-3552	126625	-194289	-3288	0	0	NO_PATH	0	0	data/spawns/DwarvenTerritory/DwarvenStarting.xml|data/spawns/DwarvenTerritory/DwarvenStarting.xml
bridge.e65d19f075a374755067ef8a	component.6e7449d40cf7c2785c9bf89b	8192	4	R	generated.farm.bfb0335de417bc81a7e9b231.anchor	population.ingress.human-mystic.02	-88052	241579	-3600	-90954	248118	-3568	0	0	NO_PATH	0	0	data/spawns/TalkingIsland/TalkingIslandMonsters.xml|data/stats/players/templates/StartingClass/HumanMystic.xml
bridge.e68109c3c1ee21476da50628	component.17d39984ff40b347b4bbe819	8192	4	R	generated.farm.93232e0ce773f62089fe1979.anchor	generated.farm.ccd05d96d24167ee9a70c395.anchor	169568	-193754	-3200	173397	-189657	-2016	0	0	NO_PATH	0	0	data/spawns/DwarvenTerritory/DwarvenStarting.xml|data/spawns/DwarvenTerritory/DwarvenStarting.xml
bridge.e6b67674adc358c64081cf16	component.73f096cfc3045644558d7b95	16384	6	F	population.route.orc.a2	generated.farm.32584ca994d21c1731c3d66e.anchor	-52637	-113715	-80	-39537	-105269	-2704	0	0	NO_PATH	0	0	data/stats/players/templates/StartingClass/OrcFighter.xml|data/stats/players/templates/StartingClass/OrcMystic.xml|data/spawns/OrcTerritory/OrcStarting.xml|data/spawns/OrcTerritory/OrcStarting.xml
bridge.e6f65762c754e2944b361ab4	component.c8a8b60142ed368a7d7be480	32768	7	R	generated.farm.c2052fbe0b07e84a519406a1.anchor	population.ingress.dark-elf.01	23826	-18715	-2768	28295	11063	-4232	0	0	NO_PATH	0	0	data/spawns/Rune/PrimevalIsle.xml|data/stats/players/templates/StartingClass/DarkFighter.xml|data/stats/players/templates/StartingClass/DarkMystic.xml
bridge.e71f12527d4e3f4cfb79fce8	component.c8a8b60142ed368a7d7be480	32768	15	F	population.ingress.dark-elf.01	generated.farm.64e1872735f98ad838918703.anchor	28295	11063	-4232	23186	-20161	-2704	0	0	NO_PATH	0	0	data/stats/players/templates/StartingClass/DarkFighter.xml|data/stats/players/templates/StartingClass/DarkMystic.xml|data/spawns/Rune/PrimevalIsle.xml
bridge.e74614b78b90c12772c2df55	component.635e8cdeb1b598aac805b64c	32768	5	R	talking-island.farming.gludio31-1624-11s	population.route.human-mystic.b1	-103448	227187	-3672	-90072	248328	-3568	0	0	NO_PATH	0	0	data/spawns/TalkingIsland/TalkingIslandMonsters.xml|data/stats/players/templates/StartingClass/HumanMystic.xml|data/spawns/TalkingIsland/TalkingIslandMonsters.xml
bridge.e76015ccc83c98ba7fcd886f	component.d2768e1382c5c1b8ae3c6408	32768	1	F	population.route.dwarf.a2	generated.farm.c559aedb44e0cf87e1fb32c9.anchor	110948	-173435	-584	108605	-150431	-2328	0	0	NO_PATH	0	0	data/stats/players/templates/StartingClass/DwarvenFighter.xml|data/spawns/DwarvenTerritory/DwarvenStarting.xml|data/spawns/Others/PlunderousPlains.xml
bridge.e773b9a91b9287ee9f42fdd8	component.fa8902bdab910bb205f46118	16384	6	F	generated.farm.ed8992f2edcbacf7c4f24608.anchor	generated.farm.e906a4f684b66f9c100d44e1.anchor	117968	-173208	-432	114049	-161398	-1480	0	0	NO_PATH	0	0	data/spawns/DwarvenTerritory/DwarvenStarting.xml|data/spawns/Others/PlunderousPlains.xml
bridge.e7745c3ed25fe08bdcc2a4f3	component.b8a1ba9dfc02a229569e9998	32768	6	F	population.ingress.dark-elf.01	generated.farm.c246ebe1e9f6c73e829b2d38.anchor	28295	11063	-4232	22054	-11514	-2720	0	0	NO_PATH	0	0	data/stats/players/templates/StartingClass/DarkFighter.xml|data/stats/players/templates/StartingClass/DarkMystic.xml|data/spawns/Rune/PrimevalIsle.xml
bridge.e781409a2f7d7190e261b49a	component.e155a1307403cc14572bd687	32768	10	F	population.route.dwarf.a2	generated.farm.420ed35f1a9a3f532e2d6045.anchor	110948	-173435	-584	101973	-149349	-3128	0	0	NO_PATH	0	0	data/stats/players/templates/StartingClass/DwarvenFighter.xml|data/spawns/DwarvenTerritory/DwarvenStarting.xml|data/spawns/Others/PlunderousPlains.xml
bridge.e781eb8b6c6610583b1bb79c	component.7ac05038c3bef737cc075e57	32768	3	R	generated.farm.330acc137cea04a4d9497082.anchor	generated.farm.a0a916d344116254f0d4e3f5.anchor	4513	74434	-3688	31295	61887	-3544	0	0	NO_PATH	0	0	data/spawns/ElvenTerritory/ElvenStarting.xml|data/spawns/ElvenTerritory/ElvenStarting.xml
bridge.e7afcc93115f91e4dea6060d	component.54cd7d198274de64199ae37f	8192	10	R	generated.farm.9caf3d9715b6ff604306dc10.anchor	population.route.human-fighter.c3	-71338	258393	-3072	-71080	254984	-3232	0	0	PATH_SEGMENT_BLOCKED	0	0	data/spawns/Others/Gremlins.xml|data/stats/players/templates/StartingClass/HumanFighter.xml|data/spawns/Others/17_25.xml
bridge.e7bdee971496be7aeb0675d4	component.a15eac19b29dbd838fc4cf11	32768	11	F	population.route.dwarf.a1	generated.farm.a4122c4a8bed91d0e6a70bc3.anchor	110436	-173947	-528	107302	-145184	-3656	0	0	NO_PATH	0	0	data/stats/players/templates/StartingClass/DwarvenFighter.xml|data/spawns/DwarvenTerritory/DwarvenStarting.xml|data/spawns/Others/PlunderousPlains.xml
bridge.e7ce9cf2400e275485f5af4c	component.8958c8d9edf88034579b430b	32768	4	R	generated.farm.74d4cc08c4a95e70092d77ee.anchor	population.ingress.dark-elf.04	24538	-17756	-2752	28456	10997	-4232	0	0	NO_PATH	0	0	data/spawns/Rune/PrimevalIsle.xml|data/stats/players/templates/StartingClass/DarkFighter.xml|data/stats/players/templates/StartingClass/DarkMystic.xml
bridge.e7e4465b70151731245bf4c4	component.ba083b6371fa0acdb077e91c	8192	4	F	population.ingress.orc.03	generated.farm.eda8543a4ab4d30e028f9b97.anchor	-56728	-113610	-672	-56273	-113606	-672	0	0	VALID_DIRECT	456	1	data/stats/players/templates/StartingClass/OrcFighter.xml|data/stats/players/templates/StartingClass/OrcMystic.xml|data/spawns/Others/Gremlins.xml
bridge.e7e65ccec0214e994847d9cf	component.fa8902bdab910bb205f46118	16384	1	F	generated.farm.ed8992f2edcbacf7c4f24608.anchor	generated.farm.e20a44e2413cc5ec51f0b15c.anchor	117968	-173208	-432	119549	-161828	-1296	0	0	NO_PATH	0	0	data/spawns/DwarvenTerritory/DwarvenStarting.xml|data/spawns/Others/PlunderousPlains.xml
bridge.e8164dd20dd42569a46d1fdf	component.6bccc4ec500087b1b97f6735	32768	4	F	generated.farm.c4067c834f12b99e976909a2.anchor	generated.farm.344ed4b05ef5a295354d408a.anchor	26607	63533	-3552	3894	55964	-3528	0	0	NO_PATH	0	0	data/spawns/ElvenTerritory/ElvenStarting.xml|data/spawns/ElvenTerritory/ElvenStarting.xml
bridge.e818bcd11a785538a39d65b0	component.54cd7d198274de64199ae37f	8192	8	R	generated.farm.9caf3d9715b6ff604306dc10.anchor	population.route.human-fighter.c1	-71338	258393	-3072	-72280	256680	-3120	0	0	PATH_SEGMENT_BLOCKED	0	0	data/spawns/Others/Gremlins.xml|data/stats/players/templates/StartingClass/HumanFighter.xml|data/spawns/Others/17_25.xml
bridge.e82ab6005aaa86062623f101	component.d1bd433314f456b9fe85fbdf	32768	1	R	generated.farm.0d7c07144eea5c608cf6c8cf.anchor	population.farming.orc.20535	-25035	-119836	-1968	-49106	-115854	-160	0	0	NO_PATH	0	0	data/spawns/OrcTerritory/OrcStarting.xml|data/spawns/OrcTerritory/OrcStarting.xml
bridge.e82f4e07044097ce0e3109a9	component.16897e3b9846dd267a30bfc1	32768	5	F	population.ingress.dark-elf.03	generated.farm.a5c0bfc2913c1277af9aa4f4.anchor	28377	10916	-4232	21571	-14364	-3104	0	0	NO_PATH	0	0	data/stats/players/templates/StartingClass/DarkFighter.xml|data/stats/players/templates/StartingClass/DarkMystic.xml|data/spawns/Rune/PrimevalIsle.xml
bridge.e8373ce667c282c153834628	component.6cb9bd2a57139e6f69dd23f1	32768	5	R	generated.farm.b4beace3b35fcf43f7ac6d15.anchor	population.ingress.orc.01	-46718	-86971	-8320	-56733	-113459	-672	0	0	NO_PATH	0	0	data/spawns/Others/KrateisCube.xml|data/stats/players/templates/StartingClass/OrcFighter.xml|data/stats/players/templates/StartingClass/OrcMystic.xml
bridge.e83cd8ce50acd9126ed15729	component.c005299f6bcae5c6d8af8bb7	32768	4	R	generated.farm.7a05c033eabc7172e800caf4.anchor	population.ingress.dark-elf.02	14176	-18036	-3120	28302	11008	-4232	0	0	NO_PATH	0	0	data/spawns/Rune/PrimevalIsle.xml|data/stats/players/templates/StartingClass/DarkFighter.xml|data/stats/players/templates/StartingClass/DarkMystic.xml
bridge.e8765651df712234f6449115	component.8958c8d9edf88034579b430b	32768	5	F	generated.farm.36714f071123eedc9cac6c05.anchor	generated.farm.74d4cc08c4a95e70092d77ee.anchor	28436	11041	-4232	24538	-17756	-2752	0	0	NO_PATH	0	0	data/spawns/Others/Gremlins.xml|data/spawns/Rune/PrimevalIsle.xml
bridge.e8a2bdc2351c0ac6689f79ac	component.5170fd1c3e2b6fe2f9af1ad8	8192	6	R	generated.farm.54772e1b8c2e8c258ff204b4.anchor	population.route.human-mystic.a1	-94346	250566	-3552	-89304	249848	-3568	0	0	NO_PATH	0	0	data/spawns/TalkingIsland/TalkingIslandMonsters.xml|data/stats/players/templates/StartingClass/HumanMystic.xml|data/spawns/TalkingIsland/TalkingIslandMonsters.xml
bridge.e8a670262bd517c6149b964e	component.676d590e1ef5b84f1370c554	16384	8	R	generated.farm.272004e5a17cd0446730abe2.anchor	generated.farm.088e8bc59766f22991a08e5d.anchor	118008	-201492	-3624	130094	-209377	-3552	0	0	NO_PATH	0	0	data/spawns/DwarvenTerritory/DwarvenStarting.xml|data/spawns/DwarvenTerritory/DwarvenStarting.xml
bridge.e8c892aaf1ca05b7621e0ff8	component.16897e3b9846dd267a30bfc1	32768	8	F	population.ingress.dark-elf.04	generated.farm.a5c0bfc2913c1277af9aa4f4.anchor	28456	10997	-4232	21571	-14364	-3104	0	0	NO_PATH	0	0	data/stats/players/templates/StartingClass/DarkFighter.xml|data/stats/players/templates/StartingClass/DarkMystic.xml|data/spawns/Rune/PrimevalIsle.xml
bridge.e90c1b8ed0d8b6da50dce621	component.093885e4dafbe6ffb61aca3e	16384	15	F	population.ingress.elf.05	generated.farm.df7293a680ae220a1313a900.anchor	46048	41141	-3504	54285	27538	-5280	0	0	NO_PATH	0	0	data/stats/players/templates/StartingClass/ElvenFighter.xml|data/stats/players/templates/StartingClass/ElvenMystic.xml|data/spawns/Oren/SeaOfSpores.xml
bridge.e90cfb662e495394db4f4752	component.d2768e1382c5c1b8ae3c6408	32768	15	F	population.route.dwarf.a4	generated.farm.c559aedb44e0cf87e1fb32c9.anchor	113508	-174203	-608	108605	-150431	-2328	0	0	NO_PATH	0	0	data/stats/players/templates/StartingClass/DwarvenFighter.xml|data/spawns/DwarvenTerritory/DwarvenStarting.xml|data/spawns/Others/PlunderousPlains.xml
bridge.e90f4c0f204d818a28087176	component.e155a1307403cc14572bd687	32768	15	R	generated.farm.420ed35f1a9a3f532e2d6045.anchor	population.route.dwarf.a4	101973	-149349	-3128	113508	-174203	-608	0	0	NO_PATH	0	0	data/spawns/Others/PlunderousPlains.xml|data/stats/players/templates/StartingClass/DwarvenFighter.xml|data/spawns/DwarvenTerritory/DwarvenStarting.xml
bridge.e912caa0da98b251ad7e821f	component.6ed5189c1ad34dcd97c5af56	32768	6	F	population.ingress.orc.04	generated.farm.728f34d7752261776a8e5fb7.anchor	-56693	-113610	-672	-50719	-84960	-8320	0	0	NO_PATH	0	0	data/stats/players/templates/StartingClass/OrcFighter.xml|data/stats/players/templates/StartingClass/OrcMystic.xml|data/spawns/Others/KrateisCube.xml
bridge.e91ded37140543da39c39145	component.7e882b0664c31928ac9f5caa	32768	4	F	population.route.dwarf.a2	generated.farm.12923521d58d7301f63fd56a.anchor	110948	-173435	-584	117133	-149832	-2352	0	0	NO_PATH	0	0	data/stats/players/templates/StartingClass/DwarvenFighter.xml|data/spawns/DwarvenTerritory/DwarvenStarting.xml|data/spawns/Others/PlunderousPlains.xml
bridge.e94c659ba091c0de28f94fd1	component.fa8902bdab910bb205f46118	16384	12	R	generated.farm.e906a4f684b66f9c100d44e1.anchor	population.route.dwarf.w1	114049	-161398	-1480	108728	-173944	-408	0	0	NO_PATH	0	0	data/spawns/Others/PlunderousPlains.xml|data/stats/players/templates/StartingClass/DwarvenFighter.xml|data/spawns/DwarvenTerritory/DwarvenStarting.xml
bridge.e95b9e5253a0eac46ae3f978	component.a15eac19b29dbd838fc4cf11	32768	6	F	population.ingress.dwarf.02	generated.farm.a4122c4a8bed91d0e6a70bc3.anchor	108678	-174002	-408	107302	-145184	-3656	0	0	NO_PATH	0	0	data/stats/players/templates/StartingClass/DwarvenFighter.xml|data/spawns/Others/PlunderousPlains.xml
bridge.e981d9625355a99307b113ef	component.6ed5189c1ad34dcd97c5af56	32768	11	R	generated.farm.728f34d7752261776a8e5fb7.anchor	population.farming.orc.20535	-50719	-84960	-8320	-49106	-115854	-160	0	0	NO_PATH	0	0	data/spawns/Others/KrateisCube.xml|data/spawns/OrcTerritory/OrcStarting.xml
bridge.e9b7db2f20a2fe0a42b4c0da	component.cdd71132d5f4e86baaa4d99d	8192	4	R	generated.farm.5a6b2e1025252314c1f156d2.anchor	population.ingress.human-mystic.01	-93369	245699	-3608	-90875	248162	-3568	0	0	NO_PATH	0	0	data/spawns/TalkingIsland/TalkingIslandMonsters.xml|data/stats/players/templates/StartingClass/HumanMystic.xml
bridge.e9e0e156dc3d7bdb02aa6671	component.d2768e1382c5c1b8ae3c6408	32768	14	F	population.route.dwarf.i06-w0	generated.farm.c559aedb44e0cf87e1fb32c9.anchor	108616	-174152	-408	108605	-150431	-2328	0	0	NO_PATH	0	0	data/stats/players/templates/StartingClass/DwarvenFighter.xml|data/spawns/DwarvenTerritory/DwarvenStarting.xml|data/spawns/Others/PlunderousPlains.xml
bridge.ea19f88ae1dab0c4cb821300	component.34034eda8581571932b22786	8192	8	R	generated.farm.e72c2c1fdf7715981415fcdb.anchor	population.ingress.orc.04	-49543	-110784	-240	-56693	-113610	-672	0	0	NO_PATH	0	0	data/spawns/OrcTerritory/OrcStarting.xml|data/stats/players/templates/StartingClass/OrcFighter.xml|data/stats/players/templates/StartingClass/OrcMystic.xml
bridge.ea313901a72cd3873a389a77	component.ac8aaf293b35ddbae57a8843	8192	12	F	population.ingress.elf.04	generated.farm.1a1d5ca5583b453d5a406cfa.anchor	46115	41141	-3504	39605	36319	-3600	0	0	NO_PATH	0	0	data/stats/players/templates/StartingClass/ElvenFighter.xml|data/stats/players/templates/StartingClass/ElvenMystic.xml|data/spawns/ElvenTerritory/ElvenStarting.xml
bridge.ea3347d79cd5797accf46088	component.21c159db00da4bc03daf51c5	32768	1	F	population.farming.elf.20534	generated.farm.a0a916d344116254f0d4e3f5.anchor	44126	42751	-3488	31295	61887	-3544	0	0	VALID_DIRECT	23040	1	data/spawns/ElvenTerritory/ElvenStarting.xml|data/spawns/ElvenTerritory/ElvenStarting.xml
bridge.ea4c659ac949c7d35a6f7cfc	component.e155a1307403cc14572bd687	32768	7	R	generated.farm.420ed35f1a9a3f532e2d6045.anchor	population.ingress.dwarf.05	101973	-149349	-3128	108549	-174075	-408	0	0	NO_PATH	0	0	data/spawns/Others/PlunderousPlains.xml|data/stats/players/templates/StartingClass/DwarvenFighter.xml
bridge.ea56c88bffc9f0d60d55c17d	component.d5d468daa4bebd1a4eb327d6	32768	16	R	generated.farm.b8e223341be05b45a19768c2.anchor	population.ingress.dark-elf.03	5975	-9197	-3696	28377	10916	-4232	0	0	NO_PATH	0	0	data/spawns/Rune/PrimevalIsle.xml|data/stats/players/templates/StartingClass/DarkFighter.xml|data/stats/players/templates/StartingClass/DarkMystic.xml
bridge.ea58f81ad4dbd6b37cb218b3	component.a2230627cce424b0593fedc6	32768	14	R	generated.farm.d2a12a3e3ea0bce7dcb3d8f3.anchor	population.ingress.dark-elf.03	16132	-9783	-3280	28377	10916	-4232	0	0	NO_PATH	0	0	data/spawns/Rune/PrimevalIsle.xml|data/stats/players/templates/StartingClass/DarkFighter.xml|data/stats/players/templates/StartingClass/DarkMystic.xml
bridge.ea8418278992fd22a0eee1c0	component.de636b0f82c1f5ec50237e13	32768	1	R	generated.farm.c726e41f56667ee82aa4fd6f.anchor	generated.farm.088e8bc59766f22991a08e5d.anchor	118561	-195056	-3552	130094	-209377	-3552	0	0	NO_PATH	0	0	data/spawns/DwarvenTerritory/DwarvenStarting.xml|data/spawns/DwarvenTerritory/DwarvenStarting.xml
bridge.ea956b9a4ae4716e644879cd	component.d2768e1382c5c1b8ae3c6408	32768	16	R	generated.farm.c559aedb44e0cf87e1fb32c9.anchor	generated.farm.ed8992f2edcbacf7c4f24608.anchor	108605	-150431	-2328	117968	-173208	-432	0	0	NO_PATH	0	0	data/spawns/Others/PlunderousPlains.xml|data/spawns/DwarvenTerritory/DwarvenStarting.xml
bridge.eafa752e2904306a08c5c33b	component.38e4e0ca1187b4e38d95215c	16384	2	R	generated.farm.a2800deed7ee43eb47fe16f5.anchor	generated.farm.40c5f8858df37983d677ac58.anchor	134667	-187537	-2952	136935	-202962	-3632	0	0	NO_PATH	0	0	data/spawns/DwarvenTerritory/DwarvenStarting.xml|data/spawns/DwarvenTerritory/DwarvenStarting.xml
bridge.eafe3ecb9f70f45ccfb4d56f	component.c8a8b60142ed368a7d7be480	32768	16	R	generated.farm.64e1872735f98ad838918703.anchor	generated.farm.36714f071123eedc9cac6c05.anchor	23186	-20161	-2704	28436	11041	-4232	0	0	NO_PATH	0	0	data/spawns/Rune/PrimevalIsle.xml|data/spawns/Others/Gremlins.xml
bridge.eb136b8fb0d0555627c3dcee	component.7ac05038c3bef737cc075e57	32768	1	R	generated.farm.330acc137cea04a4d9497082.anchor	generated.farm.c4067c834f12b99e976909a2.anchor	4513	74434	-3688	26607	63533	-3552	0	0	NO_PATH	0	0	data/spawns/ElvenTerritory/ElvenStarting.xml|data/spawns/ElvenTerritory/ElvenStarting.xml
bridge.eb16d811eb829dda2f7437a0	component.48e6e689d4d766cfd82dc2e2	16384	10	F	generated.farm.58356b4e9844a379fecfbaf6.anchor	generated.farm.5ee423a52e35fbb905b7ecb0.anchor	42118	41401	-3488	54714	51620	-3592	0	0	NO_PATH	0	0	data/spawns/ElvenTerritory/ElvenStarting.xml|data/spawns/ElvenTerritory/ElvenStarting.xml
bridge.eb256b5f74a6a4f32884bb91	component.41e35f446ee4f00762502fdb	32768	2	F	population.farming.dark-elf.20529	generated.farm.d39331b999c56e6df46c579c.anchor	25308	13254	-3648	1740	22546	-3368	0	0	NO_PATH	0	0	data/spawns/DarkElfTerritory/DarkElfStarting.xml|data/spawns/DarkElfTerritory/DarkElfStarting.xml
bridge.eb71289ebd30054fcba68011	component.73d0c59f5bdd9014627ebe4f	32768	11	R	elven.farming.oren04-2019-07s	population.route.dark-elf.a3	19248	43340	-3712	25304	13256	-3648	0	0	NO_PATH	0	0	data/spawns/ElvenTerritory/ElvenStarting.xml|data/stats/players/templates/StartingClass/DarkFighter.xml|data/stats/players/templates/StartingClass/DarkMystic.xml|data/spawns/DarkElfTerritory/DarkElfStarting.xml
bridge.eb7836bc8b7ffe192725550c	component.cdd71132d5f4e86baaa4d99d	8192	5	R	generated.farm.5a6b2e1025252314c1f156d2.anchor	population.route.human-mystic.b1	-93369	245699	-3608	-90072	248328	-3568	0	0	NO_PATH	0	0	data/spawns/TalkingIsland/TalkingIslandMonsters.xml|data/stats/players/templates/StartingClass/HumanMystic.xml|data/spawns/TalkingIsland/TalkingIslandMonsters.xml
bridge.ebaa2023fd3547a23d20afb8	component.f0870ecd40f136c705bc5941	32768	9	F	population.farming.orc.20535	generated.farm.ef0394b1715ca0d66c082465.anchor	-49106	-115854	-160	-44717	-84969	-8320	0	0	NO_PATH	0	0	data/spawns/OrcTerritory/OrcStarting.xml|data/spawns/Others/KrateisCube.xml
bridge.ebb4364df4e43cebc7a747be	component.c4a3508d330e9bb2f8bdfabb	32768	2	R	generated.farm.1050dd36c58d668d206a6075.anchor	population.route.orc.a2	-48721	-84968	-8320	-52637	-113715	-80	0	0	NO_PATH	0	0	data/spawns/Others/KrateisCube.xml|data/stats/players/templates/StartingClass/OrcFighter.xml|data/stats/players/templates/StartingClass/OrcMystic.xml|data/spawns/OrcTerritory/OrcStarting.xml
bridge.ebc16af68cd384fd5c715e3c	component.34034eda8581571932b22786	8192	5	F	population.route.orc.a1	generated.farm.e72c2c1fdf7715981415fcdb.anchor	-54685	-113715	-520	-49543	-110784	-240	0	0	NO_PATH	0	0	data/stats/players/templates/StartingClass/OrcFighter.xml|data/stats/players/templates/StartingClass/OrcMystic.xml|data/spawns/OrcTerritory/OrcStarting.xml|data/spawns/OrcTerritory/OrcStarting.xml
bridge.ebd8d23f018a28d3d33a8e12	component.d2768e1382c5c1b8ae3c6408	32768	11	F	population.ingress.dwarf.05	generated.farm.c559aedb44e0cf87e1fb32c9.anchor	108549	-174075	-408	108605	-150431	-2328	0	0	NO_PATH	0	0	data/stats/players/templates/StartingClass/DwarvenFighter.xml|data/spawns/Others/PlunderousPlains.xml
bridge.ebe00c9ba65e189a7f82b899	component.40dbfe62843fbb4b5737b50d	32768	8	R	generated.farm.180cbb100c457687c431e3bd.anchor	population.ingress.elf.05	24749	41076	-3696	46048	41141	-3504	0	0	NO_PATH	0	0	data/spawns/ElvenTerritory/ElvenStarting.xml|data/stats/players/templates/StartingClass/ElvenFighter.xml|data/stats/players/templates/StartingClass/ElvenMystic.xml
bridge.ec0dd6d0b82a89887a0a9982	component.2c4a1d8ed5506d43bb6025d3	32768	6	F	generated.farm.768fa444a79123489bd7aa1d.anchor	generated.farm.f3fef88cab3be544b94bb305.anchor	137660	-202383	-3664	165484	-207409	-3496	0	0	NO_PATH	0	0	data/spawns/DwarvenTerritory/DwarvenStarting.xml|data/spawns/DwarvenTerritory/DwarvenStarting.xml
bridge.ec14cf75f5f45d6bd5be9943	component.43988bed6a656186e489a9b7	32768	4	F	population.ingress.elf.02	generated.farm.88cab6697f22f34bf81c16f7.anchor	46117	41247	-3504	53010	23851	-5384	0	0	NO_PATH	0	0	data/stats/players/templates/StartingClass/ElvenFighter.xml|data/stats/players/templates/StartingClass/ElvenMystic.xml|data/spawns/Oren/SeaOfSpores.xml
bridge.ec42688d1527adb62e8a9f1b	component.fa8902bdab910bb205f46118	16384	15	F	generated.farm.ea72d768f3c8ec3d79c1a530.anchor	generated.farm.e20a44e2413cc5ec51f0b15c.anchor	116056	-175091	-1016	119549	-161828	-1296	0	0	NO_PATH	0	0	data/spawns/DwarvenTerritory/DwarvenStarting.xml|data/spawns/Others/PlunderousPlains.xml
bridge.ec585eebccfe7e305a73b0e9	component.de636b0f82c1f5ec50237e13	32768	9	F	generated.farm.8417f5d804225e6423448125.anchor	generated.farm.a39f58864657ce5b49b26ee3.anchor	132017	-208635	-3592	116564	-195406	-3480	0	0	NO_PATH	0	0	data/spawns/DwarvenTerritory/DwarvenStarting.xml|data/spawns/DwarvenTerritory/DwarvenStarting.xml
bridge.eca2adce61d0d70fad594bf3	component.b7883cab062e250a4845bacc	32768	7	R	generated.farm.458673ead1d6f5e03c0230db.anchor	population.ingress.orc.03	-46721	-84975	-8320	-56728	-113610	-672	0	0	NO_PATH	0	0	data/spawns/Others/KrateisCube.xml|data/stats/players/templates/StartingClass/OrcFighter.xml|data/stats/players/templates/StartingClass/OrcMystic.xml
bridge.ecada7d80c8c755e54bfbd19	component.a2230627cce424b0593fedc6	32768	5	R	generated.farm.d2a12a3e3ea0bce7dcb3d8f3.anchor	population.route.dark-elf.a1	16132	-9783	-3280	25992	11112	-3720	0	0	NO_PATH	0	0	data/spawns/Rune/PrimevalIsle.xml|data/stats/players/templates/StartingClass/DarkFighter.xml|data/stats/players/templates/StartingClass/DarkMystic.xml|data/spawns/DarkElfTerritory/DarkElfStarting.xml
bridge.ecd4d4e93e833a430be259d4	component.b7883cab062e250a4845bacc	32768	6	F	population.ingress.orc.04	generated.farm.458673ead1d6f5e03c0230db.anchor	-56693	-113610	-672	-46721	-84975	-8320	0	0	NO_PATH	0	0	data/stats/players/templates/StartingClass/OrcFighter.xml|data/stats/players/templates/StartingClass/OrcMystic.xml|data/spawns/Others/KrateisCube.xml
bridge.ecedb1a837f4551483348c38	component.a15eac19b29dbd838fc4cf11	32768	12	R	generated.farm.a4122c4a8bed91d0e6a70bc3.anchor	population.ingress.dwarf.06	107302	-145184	-3656	108576	-174122	-408	0	0	NO_PATH	0	0	data/spawns/Others/PlunderousPlains.xml|data/stats/players/templates/StartingClass/DwarvenFighter.xml
bridge.ed14700ff71a6ce0e39fc9f9	component.cdd71132d5f4e86baaa4d99d	8192	12	R	generated.farm.5a6b2e1025252314c1f156d2.anchor	population.route.human-mystic.b2	-93369	245699	-3608	-89240	249912	-3568	0	0	NO_PATH	0	0	data/spawns/TalkingIsland/TalkingIslandMonsters.xml|data/stats/players/templates/StartingClass/HumanMystic.xml|data/spawns/TalkingIsland/TalkingIslandMonsters.xml
bridge.ed6603a72509717f1901457e	component.635e8cdeb1b598aac805b64c	32768	14	R	talking-island.farming.gludio31-1624-11s	population.route.human-mystic.c1	-103448	227187	-3672	-87848	250568	-3616	0	0	NO_PATH	0	0	data/spawns/TalkingIsland/TalkingIslandMonsters.xml|data/stats/players/templates/StartingClass/HumanMystic.xml|data/spawns/TalkingIsland/TalkingIslandMonsters.xml
bridge.ed86ac1e563dd0e2c574811e	component.f0870ecd40f136c705bc5941	32768	2	R	generated.farm.ef0394b1715ca0d66c082465.anchor	population.route.orc.a2	-44717	-84969	-8320	-52637	-113715	-80	0	0	NO_PATH	0	0	data/spawns/Others/KrateisCube.xml|data/stats/players/templates/StartingClass/OrcFighter.xml|data/stats/players/templates/StartingClass/OrcMystic.xml|data/spawns/OrcTerritory/OrcStarting.xml
bridge.ed9655a10fcccf2dd8849a79	component.c8a8b60142ed368a7d7be480	32768	6	F	generated.farm.36714f071123eedc9cac6c05.anchor	generated.farm.c2052fbe0b07e84a519406a1.anchor	28436	11041	-4232	23826	-18715	-2768	0	0	NO_PATH	0	0	data/spawns/Others/Gremlins.xml|data/spawns/Rune/PrimevalIsle.xml
bridge.ed9acbe125e271a0d5646def	component.16897e3b9846dd267a30bfc1	32768	8	R	generated.farm.a5c0bfc2913c1277af9aa4f4.anchor	population.ingress.dark-elf.04	21571	-14364	-3104	28456	10997	-4232	0	0	NO_PATH	0	0	data/spawns/Rune/PrimevalIsle.xml|data/stats/players/templates/StartingClass/DarkFighter.xml|data/stats/players/templates/StartingClass/DarkMystic.xml
bridge.edfc9d784a1a5ae88b3d173d	component.afb4654f40fcb37d4c7adb45	32768	1	F	generated.farm.c4067c834f12b99e976909a2.anchor	elven.farming.oren04-2019-16s	26607	63533	-3552	9736	49578	-3664	0	0	NO_PATH	0	0	data/spawns/ElvenTerritory/ElvenStarting.xml|data/spawns/ElvenTerritory/ElvenStarting.xml
bridge.ee0b2c7b110a05c2cd9b9057	component.ac8aaf293b35ddbae57a8843	8192	1	F	generated.farm.58356b4e9844a379fecfbaf6.anchor	generated.farm.0c00c3760a3ec18fa034d798.anchor	42118	41401	-3488	38303	39146	-3576	0	0	NO_PATH	0	0	data/spawns/ElvenTerritory/ElvenStarting.xml|data/spawns/ElvenTerritory/ElvenStarting.xml
bridge.ee0c81aec867dc63a00a402d	component.16897e3b9846dd267a30bfc1	32768	4	F	population.route.dark-elf.a2	generated.farm.08f4fb3b22c13f96f311c779.anchor	25720	11288	-3720	20813	-14323	-3040	0	0	NO_PATH	0	0	data/stats/players/templates/StartingClass/DarkFighter.xml|data/stats/players/templates/StartingClass/DarkMystic.xml|data/spawns/DarkElfTerritory/DarkElfStarting.xml|data/spawns/Rune/PrimevalIsle.xml
bridge.ee1539cbd9dafa9a3dc1f818	component.cdd71132d5f4e86baaa4d99d	8192	3	F	population.ingress.human-mystic.02	generated.farm.5a6b2e1025252314c1f156d2.anchor	-90954	248118	-3568	-93369	245699	-3608	0	0	NO_PATH	0	0	data/stats/players/templates/StartingClass/HumanMystic.xml|data/spawns/TalkingIsland/TalkingIslandMonsters.xml
bridge.ee303a9e721a32a8684b2913	component.d4239fbe60250487003bb4fd	32768	1	R	generated.farm.c4067c834f12b99e976909a2.anchor	generated.farm.58356b4e9844a379fecfbaf6.anchor	26607	63533	-3552	42118	41401	-3488	0	0	NO_PATH	0	0	data/spawns/ElvenTerritory/ElvenStarting.xml|data/spawns/ElvenTerritory/ElvenStarting.xml
bridge.ee3fb319757e16cef990931f	component.475c48156e62e7e47cb30765	32768	4	F	population.ingress.orc.02	generated.farm.bd35d5fb02b6c1c76b448822.anchor	-56686	-113470	-672	-48720	-82958	-8320	0	0	NO_PATH	0	0	data/stats/players/templates/StartingClass/OrcFighter.xml|data/stats/players/templates/StartingClass/OrcMystic.xml|data/spawns/Others/KrateisCube.xml
bridge.ee43573db6c1fd6efe82ba46	component.41e35f446ee4f00762502fdb	32768	5	R	generated.farm.d39331b999c56e6df46c579c.anchor	population.ingress.dark-elf.01	1740	22546	-3368	28295	11063	-4232	0	0	NO_PATH	0	0	data/spawns/DarkElfTerritory/DarkElfStarting.xml|data/stats/players/templates/StartingClass/DarkFighter.xml|data/stats/players/templates/StartingClass/DarkMystic.xml
bridge.ee708fd354a1621c498a25cf	component.c4a3508d330e9bb2f8bdfabb	32768	9	F	population.ingress.orc.05	generated.farm.1050dd36c58d668d206a6075.anchor	-56743	-113757	-672	-48721	-84968	-8320	0	0	NO_PATH	0	0	data/stats/players/templates/StartingClass/OrcFighter.xml|data/stats/players/templates/StartingClass/OrcMystic.xml|data/spawns/Others/KrateisCube.xml
bridge.eef763b0e39d257c684d33f1	component.d2768e1382c5c1b8ae3c6408	32768	8	R	generated.farm.c559aedb44e0cf87e1fb32c9.anchor	population.route.dwarf.a1	108605	-150431	-2328	110436	-173947	-528	0	0	NO_PATH	0	0	data/spawns/Others/PlunderousPlains.xml|data/stats/players/templates/StartingClass/DwarvenFighter.xml|data/spawns/DwarvenTerritory/DwarvenStarting.xml
bridge.ef0a27442fa6ba6c933e124f	component.20a0c83d40a7bb22c26e0395	32768	10	R	generated.farm.faefa58426223647157f9577.anchor	population.ingress.dark-elf.03	27020	-15861	-2648	28377	10916	-4232	0	0	NO_PATH	0	0	data/spawns/Rune/PrimevalIsle.xml|data/stats/players/templates/StartingClass/DarkFighter.xml|data/stats/players/templates/StartingClass/DarkMystic.xml
bridge.ef5938ed843983aa588fc4ac	component.4542949d001791c13737d9b4	8192	3	R	generated.farm.432802d3c2901d9686cb1651.anchor	population.ingress.human-mystic.02	-90610	248293	-3568	-90954	248118	-3568	0	0	VALID_DIRECT	386	1	data/spawns/Others/Gremlins.xml|data/stats/players/templates/StartingClass/HumanMystic.xml
bridge.ef5c92f490c6efd86872a68f	component.fa8902bdab910bb205f46118	16384	14	F	population.ingress.dwarf.02	generated.farm.e906a4f684b66f9c100d44e1.anchor	108678	-174002	-408	114049	-161398	-1480	0	0	NO_PATH	0	0	data/stats/players/templates/StartingClass/DwarvenFighter.xml|data/spawns/Others/PlunderousPlains.xml
bridge.ef70fa551b8259bde5ce6dfa	component.d5d468daa4bebd1a4eb327d6	32768	12	F	population.ingress.dark-elf.04	generated.farm.08eced60f60a66b7fc7027b7.anchor	28456	10997	-4232	6712	-9399	-3680	0	0	NO_PATH	0	0	data/stats/players/templates/StartingClass/DarkFighter.xml|data/stats/players/templates/StartingClass/DarkMystic.xml|data/spawns/Rune/PrimevalIsle.xml
bridge.ef8c8a8000a78d0e815b81e8	component.4542949d001791c13737d9b4	8192	9	F	population.route.human-mystic.guard.30733	generated.farm.432802d3c2901d9686cb1651.anchor	-87847	250564	-3616	-90610	248293	-3568	0	0	VALID_PATH	3740	5	data/stats/players/templates/StartingClass/HumanMystic.xml|data/spawns/TalkingIsland/TalkingIslandMonsters.xml|data/stats/npcs/30700-30799.xml|data/spawns/Others/Gremlins.xml
bridge.ef9d59c17b0f1694f48c555a	component.6b6dbba2f1367f01991dfe32	32768	2	F	population.route.orc.a2	generated.farm.59f334c6c58a366ac0ebe3c9.anchor	-52637	-113715	-80	-50720	-82961	-8320	0	0	NO_PATH	0	0	data/stats/players/templates/StartingClass/OrcFighter.xml|data/stats/players/templates/StartingClass/OrcMystic.xml|data/spawns/OrcTerritory/OrcStarting.xml|data/spawns/Others/KrateisCube.xml
bridge.efb1edb669c850e8634a9631	component.43988bed6a656186e489a9b7	32768	15	R	generated.farm.88cab6697f22f34bf81c16f7.anchor	generated.farm.d6f82637bd6fae44cd109781.anchor	53010	23851	-5384	48366	42521	-3472	0	0	NO_PATH	0	0	data/spawns/Oren/SeaOfSpores.xml|data/spawns/ElvenTerritory/ElvenStarting.xml
bridge.efbcc36d6be48dc3a7ffe853	component.d4239fbe60250487003bb4fd	32768	2	R	generated.farm.c4067c834f12b99e976909a2.anchor	population.farming.elf.20534	26607	63533	-3552	44126	42751	-3488	0	0	NO_PATH	0	0	data/spawns/ElvenTerritory/ElvenStarting.xml|data/spawns/ElvenTerritory/ElvenStarting.xml
bridge.efbdcb2af4213d1d2d33e0b4	component.6b63e9a22c52715dd6894332	8192	13	F	population.ingress.elf.01	generated.farm.52dc95334718091370944146.anchor	46045	41251	-3504	41267	39070	-3496	0	0	NO_PATH	0	0	data/stats/players/templates/StartingClass/ElvenFighter.xml|data/stats/players/templates/StartingClass/ElvenMystic.xml|data/spawns/ElvenTerritory/ElvenStarting.xml
bridge.f01d7d4b81d0b782d9208730	component.91a9f940fd17192b7296dafb	32768	4	R	generated.farm.c2fab2e4269c72a597f3b7a9.anchor	population.ingress.dark-elf.02	19916	-9610	-2824	28302	11008	-4232	0	0	NO_PATH	0	0	data/spawns/Rune/PrimevalIsle.xml|data/stats/players/templates/StartingClass/DarkFighter.xml|data/stats/players/templates/StartingClass/DarkMystic.xml
bridge.f02f4f971639f5475d7d8e5c	component.b8a1ba9dfc02a229569e9998	32768	8	R	generated.farm.c246ebe1e9f6c73e829b2d38.anchor	population.ingress.dark-elf.05	22054	-11514	-2720	28461	11044	-4232	0	0	NO_PATH	0	0	data/spawns/Rune/PrimevalIsle.xml|data/stats/players/templates/StartingClass/DarkFighter.xml|data/stats/players/templates/StartingClass/DarkMystic.xml
bridge.f0434743da59777b8b2251f1	component.f173a1114ed51df8ab1b4fef	32768	2	F	generated.farm.f66a8a0231b2d83dac29cc4d.anchor	generated.farm.21b55d2571dd4db5cef46beb.anchor	24496	9206	-3584	2608	-14092	-3408	0	0	NO_PATH	0	0	data/spawns/DarkElfTerritory/DarkElfStarting.xml|data/spawns/Rune/PrimevalIsle.xml
bridge.f04f79d67f3618d212eb9e9f	component.f0870ecd40f136c705bc5941	32768	7	R	generated.farm.ef0394b1715ca0d66c082465.anchor	population.ingress.orc.03	-44717	-84969	-8320	-56728	-113610	-672	0	0	NO_PATH	0	0	data/spawns/Others/KrateisCube.xml|data/stats/players/templates/StartingClass/OrcFighter.xml|data/stats/players/templates/StartingClass/OrcMystic.xml
bridge.f06ee808cece72408b2cc818	component.01b441ae383a1b39494050f4	32768	5	F	population.ingress.dark-elf.01	generated.farm.9cf6fa1ef953b5b33ff9fe37.anchor	28295	11063	-4232	13666	-12273	-3024	0	0	NO_PATH	0	0	data/stats/players/templates/StartingClass/DarkFighter.xml|data/stats/players/templates/StartingClass/DarkMystic.xml|data/spawns/Rune/PrimevalIsle.xml
bridge.f08fb327a88754a547e0ad08	component.2c7e3c336954be75db3a7f7d	32768	8	F	population.ingress.dark-elf.06	generated.farm.9eb7152622bad01eeb33f1c4.anchor	28395	11127	-4232	25906	-16833	-2744	0	0	NO_PATH	0	0	data/stats/players/templates/StartingClass/DarkFighter.xml|data/stats/players/templates/StartingClass/DarkMystic.xml|data/spawns/Rune/PrimevalIsle.xml
bridge.f08fdd580831c4e733a79b3b	component.a15eac19b29dbd838fc4cf11	32768	8	R	generated.farm.a4122c4a8bed91d0e6a70bc3.anchor	population.ingress.dwarf.04	107302	-145184	-3656	108512	-174026	-408	0	0	NO_PATH	0	0	data/spawns/Others/PlunderousPlains.xml|data/stats/players/templates/StartingClass/DwarvenFighter.xml
bridge.f09acb04838d958ae53d5279	component.c8a8b60142ed368a7d7be480	32768	13	F	population.ingress.dark-elf.02	generated.farm.64e1872735f98ad838918703.anchor	28302	11008	-4232	23186	-20161	-2704	0	0	NO_PATH	0	0	data/stats/players/templates/StartingClass/DarkFighter.xml|data/stats/players/templates/StartingClass/DarkMystic.xml|data/spawns/Rune/PrimevalIsle.xml
bridge.f09ade80b001d7866515bd74	component.16897e3b9846dd267a30bfc1	32768	7	R	generated.farm.a5c0bfc2913c1277af9aa4f4.anchor	population.ingress.dark-elf.02	21571	-14364	-3104	28302	11008	-4232	0	0	NO_PATH	0	0	data/spawns/Rune/PrimevalIsle.xml|data/stats/players/templates/StartingClass/DarkFighter.xml|data/stats/players/templates/StartingClass/DarkMystic.xml
bridge.f0bf67709cebe55c52c3a795	component.d4f263a6130862446fcab68a	16384	12	F	population.route.dwarf.i06-w0	generated.farm.f9312932904adae788963399.anchor	108616	-174152	-408	108605	-160621	-1688	0	0	NO_PATH	0	0	data/stats/players/templates/StartingClass/DwarvenFighter.xml|data/spawns/DwarvenTerritory/DwarvenStarting.xml|data/spawns/Others/PlunderousPlains.xml
bridge.f0ca66aafc6be24f67a4eb18	component.63defb22486d49c052a69667	32768	9	F	population.ingress.elf.04	generated.farm.946a41fbbc63614320c02954.anchor	46115	41141	-3504	53398	63278	-3480	0	0	NO_PATH	0	0	data/stats/players/templates/StartingClass/ElvenFighter.xml|data/stats/players/templates/StartingClass/ElvenMystic.xml|data/spawns/ElvenTerritory/ElvenStarting.xml
bridge.f13bf369b37874172413a6df	component.18c9e4ee0311769668b2eb74	8192	10	R	generated.farm.74718a641fa7e78154fea892.anchor	population.ingress.kamael.02	-125620	37399	1176	-125472	38450	1176	0	0	VALID_DIRECT	1062	1	data/spawns/Others/Gremlins.xml|data/stats/players/templates/StartingClass/KamaelMaleSoldier.xml|data/stats/players/templates/StartingClass/KamaelFemaleSoldier.xml
bridge.f14359e4d593fa91d648d4ec	component.54cd7d198274de64199ae37f	8192	4	R	generated.farm.9caf3d9715b6ff604306dc10.anchor	population.ingress.human-fighter.02	-71338	258393	-3072	-71417	258270	-3104	0	0	PATH_SEGMENT_BLOCKED	0	0	data/spawns/Others/Gremlins.xml|data/stats/players/templates/StartingClass/HumanFighter.xml
bridge.f148dec2fca224ac396c6fa2	component.9e6d3547bb369a54417d2a8e	32768	2	F	population.ingress.orc.01	generated.farm.8eacaac16a08449c5372ffbc.anchor	-56733	-113459	-672	-52719	-82961	-8320	0	0	NO_PATH	0	0	data/stats/players/templates/StartingClass/OrcFighter.xml|data/stats/players/templates/StartingClass/OrcMystic.xml|data/spawns/Others/KrateisCube.xml
bridge.f153fb6b3db4b6d63fcab5bc	component.e45c121434ca6df869eac805	16384	3	F	population.route.orc.a4	generated.farm.2f28e5148a38d8f4c4959a1d.anchor	-50077	-115763	-160	-39917	-109286	-1800	0	0	NO_PATH	0	0	data/stats/players/templates/StartingClass/OrcFighter.xml|data/stats/players/templates/StartingClass/OrcMystic.xml|data/spawns/OrcTerritory/OrcStarting.xml|data/spawns/OrcTerritory/OrcStarting.xml
bridge.f15bd474b4cceb9efce0ee56	component.e155a1307403cc14572bd687	32768	13	R	generated.farm.420ed35f1a9a3f532e2d6045.anchor	population.route.dwarf.a3	101973	-149349	-3128	112996	-173691	-608	0	0	NO_PATH	0	0	data/spawns/Others/PlunderousPlains.xml|data/stats/players/templates/StartingClass/DwarvenFighter.xml|data/spawns/DwarvenTerritory/DwarvenStarting.xml
bridge.f18f456cc9ec0860927d5c2d	component.6bccc4ec500087b1b97f6735	32768	6	R	generated.farm.344ed4b05ef5a295354d408a.anchor	generated.farm.a0a916d344116254f0d4e3f5.anchor	3894	55964	-3528	31295	61887	-3544	0	0	NO_PATH	0	0	data/spawns/ElvenTerritory/ElvenStarting.xml|data/spawns/ElvenTerritory/ElvenStarting.xml
bridge.f191f5c03280351e7513bcea	component.40dbfe62843fbb4b5737b50d	32768	10	F	population.ingress.elf.02	generated.farm.180cbb100c457687c431e3bd.anchor	46117	41247	-3504	24749	41076	-3696	0	0	NO_PATH	0	0	data/stats/players/templates/StartingClass/ElvenFighter.xml|data/stats/players/templates/StartingClass/ElvenMystic.xml|data/spawns/ElvenTerritory/ElvenStarting.xml
bridge.f1b91b51a06eeb5ac33b61b2	component.6cb9bd2a57139e6f69dd23f1	32768	7	F	population.ingress.orc.03	generated.farm.b4beace3b35fcf43f7ac6d15.anchor	-56728	-113610	-672	-46718	-86971	-8320	0	0	NO_PATH	0	0	data/stats/players/templates/StartingClass/OrcFighter.xml|data/stats/players/templates/StartingClass/OrcMystic.xml|data/spawns/Others/KrateisCube.xml
bridge.f1ea9f7de614516d3c030c95	component.41e35f446ee4f00762502fdb	32768	11	F	population.ingress.dark-elf.04	generated.farm.d39331b999c56e6df46c579c.anchor	28456	10997	-4232	1740	22546	-3368	0	0	NO_PATH	0	0	data/stats/players/templates/StartingClass/DarkFighter.xml|data/stats/players/templates/StartingClass/DarkMystic.xml|data/spawns/DarkElfTerritory/DarkElfStarting.xml
bridge.f1ed40bb869d0612ec66e709	component.48e6e689d4d766cfd82dc2e2	16384	4	R	generated.farm.5ee423a52e35fbb905b7ecb0.anchor	population.ingress.elf.02	54714	51620	-3592	46117	41247	-3504	0	0	NO_PATH	0	0	data/spawns/ElvenTerritory/ElvenStarting.xml|data/stats/players/templates/StartingClass/ElvenFighter.xml|data/stats/players/templates/StartingClass/ElvenMystic.xml
bridge.f24deaea6f67b0141444d5da	component.475c48156e62e7e47cb30765	32768	6	R	generated.farm.bd35d5fb02b6c1c76b448822.anchor	population.ingress.orc.04	-48720	-82958	-8320	-56693	-113610	-672	0	0	NO_PATH	0	0	data/spawns/Others/KrateisCube.xml|data/stats/players/templates/StartingClass/OrcFighter.xml|data/stats/players/templates/StartingClass/OrcMystic.xml
bridge.f287fb167fa64364f53b1b9c	component.599cc09ce0c3374d4caf469f	32768	3	F	population.route.orc.a2	generated.farm.9d67dc7c4da9dc133ce33ff2.anchor	-52637	-113715	-80	-52719	-80959	-8320	0	0	NO_PATH	0	0	data/stats/players/templates/StartingClass/OrcFighter.xml|data/stats/players/templates/StartingClass/OrcMystic.xml|data/spawns/OrcTerritory/OrcStarting.xml|data/spawns/Others/KrateisCube.xml
bridge.f29dbc64b110104de02ca370	component.9e6d3547bb369a54417d2a8e	32768	7	R	generated.farm.8eacaac16a08449c5372ffbc.anchor	population.ingress.orc.03	-52719	-82961	-8320	-56728	-113610	-672	0	0	NO_PATH	0	0	data/spawns/Others/KrateisCube.xml|data/stats/players/templates/StartingClass/OrcFighter.xml|data/stats/players/templates/StartingClass/OrcMystic.xml
bridge.f2c95f99c07fe91189f96799	component.41e35f446ee4f00762502fdb	32768	5	F	population.ingress.dark-elf.01	generated.farm.d39331b999c56e6df46c579c.anchor	28295	11063	-4232	1740	22546	-3368	0	0	NO_PATH	0	0	data/stats/players/templates/StartingClass/DarkFighter.xml|data/stats/players/templates/StartingClass/DarkMystic.xml|data/spawns/DarkElfTerritory/DarkElfStarting.xml
bridge.f2d484cf3fb897dd296d73a0	component.81e20220e9ebdfeacef509c3	16384	3	F	population.route.orc.a3	generated.farm.848f0d14f7a08b2ce9067798.anchor	-50845	-113715	-168	-39240	-120828	-1704	0	0	NO_PATH	0	0	data/stats/players/templates/StartingClass/OrcFighter.xml|data/stats/players/templates/StartingClass/OrcMystic.xml|data/spawns/OrcTerritory/OrcStarting.xml|data/spawns/OrcTerritory/OrcStarting.xml
bridge.f2fbd8c7dd07244a0a184eaa	component.c005299f6bcae5c6d8af8bb7	32768	2	R	generated.farm.7a05c033eabc7172e800caf4.anchor	population.route.dark-elf.a2	14176	-18036	-3120	25720	11288	-3720	0	0	NO_PATH	0	0	data/spawns/Rune/PrimevalIsle.xml|data/stats/players/templates/StartingClass/DarkFighter.xml|data/stats/players/templates/StartingClass/DarkMystic.xml|data/spawns/DarkElfTerritory/DarkElfStarting.xml
bridge.f30c183ab48367e56c918b99	component.16897e3b9846dd267a30bfc1	32768	11	R	generated.farm.a5c0bfc2913c1277af9aa4f4.anchor	population.ingress.dark-elf.05	21571	-14364	-3104	28461	11044	-4232	0	0	NO_PATH	0	0	data/spawns/Rune/PrimevalIsle.xml|data/stats/players/templates/StartingClass/DarkFighter.xml|data/stats/players/templates/StartingClass/DarkMystic.xml
bridge.f30e8ed97a24d97140698440	component.ac8aaf293b35ddbae57a8843	8192	14	R	generated.farm.0c00c3760a3ec18fa034d798.anchor	population.ingress.elf.03	38303	39146	-3576	46182	41198	-3504	0	0	NO_PATH	0	0	data/spawns/ElvenTerritory/ElvenStarting.xml|data/stats/players/templates/StartingClass/ElvenFighter.xml|data/stats/players/templates/StartingClass/ElvenMystic.xml
bridge.f31a05ea492d3e1051a509ea	component.a2230627cce424b0593fedc6	32768	7	F	population.route.dark-elf.a2	generated.farm.d2a12a3e3ea0bce7dcb3d8f3.anchor	25720	11288	-3720	16132	-9783	-3280	0	0	NO_PATH	0	0	data/stats/players/templates/StartingClass/DarkFighter.xml|data/stats/players/templates/StartingClass/DarkMystic.xml|data/spawns/DarkElfTerritory/DarkElfStarting.xml|data/spawns/Rune/PrimevalIsle.xml
bridge.f3492d78c0fb310e918018de	component.ba083b6371fa0acdb077e91c	8192	11	R	generated.farm.eda8543a4ab4d30e028f9b97.anchor	population.farming.orc.20535	-56273	-113606	-672	-49106	-115854	-160	0	0	NO_PATH	0	0	data/spawns/Others/Gremlins.xml|data/spawns/OrcTerritory/OrcStarting.xml
bridge.f388d48ec95d360b33e50e12	component.a2230627cce424b0593fedc6	32768	16	R	generated.farm.84693b93f5c8e61d116707eb.anchor	population.route.dark-elf.a1	15787	-10741	-3304	25992	11112	-3720	0	0	NO_PATH	0	0	data/spawns/Rune/PrimevalIsle.xml|data/stats/players/templates/StartingClass/DarkFighter.xml|data/stats/players/templates/StartingClass/DarkMystic.xml|data/spawns/DarkElfTerritory/DarkElfStarting.xml
bridge.f38cc8864fc1436101873fae	component.cf7fc1a377a3ee4f1cd13c38	8192	13	F	population.route.dwarf.a3	generated.farm.dcbfae7bd58c752ca4f1e7ca.anchor	112996	-173691	-608	108695	-173878	-400	0	0	NO_PATH	0	0	data/stats/players/templates/StartingClass/DwarvenFighter.xml|data/spawns/DwarvenTerritory/DwarvenStarting.xml|data/spawns/Others/Gremlins.xml
bridge.f38efaca13355d38cdc6097c	component.20a0c83d40a7bb22c26e0395	32768	12	F	population.ingress.dark-elf.02	generated.farm.faefa58426223647157f9577.anchor	28302	11008	-4232	27020	-15861	-2648	0	0	NO_PATH	0	0	data/stats/players/templates/StartingClass/DarkFighter.xml|data/stats/players/templates/StartingClass/DarkMystic.xml|data/spawns/Rune/PrimevalIsle.xml
bridge.f3e3040b40ff5cefeb25cc16	component.6bccc4ec500087b1b97f6735	32768	1	F	generated.farm.c4067c834f12b99e976909a2.anchor	elven.farming.oren04-2019-11s	26607	63533	-3552	10946	55150	-3472	0	0	NO_PATH	0	0	data/spawns/ElvenTerritory/ElvenStarting.xml|data/spawns/ElvenTerritory/ElvenStarting.xml
bridge.f3ed7234df6436578faa6cd3	component.6b6dbba2f1367f01991dfe32	32768	6	R	generated.farm.59f334c6c58a366ac0ebe3c9.anchor	population.ingress.orc.04	-50720	-82961	-8320	-56693	-113610	-672	0	0	NO_PATH	0	0	data/spawns/Others/KrateisCube.xml|data/stats/players/templates/StartingClass/OrcFighter.xml|data/stats/players/templates/StartingClass/OrcMystic.xml
bridge.f3f35828ec54508a0940dcaf	component.6b63e9a22c52715dd6894332	8192	6	R	generated.farm.68243117d5885fe09a0b57bc.anchor	population.ingress.elf.01	43767	37445	-3512	46045	41251	-3504	0	0	NO_PATH	0	0	data/spawns/ElvenTerritory/ElvenStarting.xml|data/stats/players/templates/StartingClass/ElvenFighter.xml|data/stats/players/templates/StartingClass/ElvenMystic.xml
bridge.f40dc0a7e6ebe7c86f3990b3	component.91a9f940fd17192b7296dafb	32768	1	F	population.route.dark-elf.a1	generated.farm.c2fab2e4269c72a597f3b7a9.anchor	25992	11112	-3720	19916	-9610	-2824	0	0	NO_PATH	0	0	data/stats/players/templates/StartingClass/DarkFighter.xml|data/stats/players/templates/StartingClass/DarkMystic.xml|data/spawns/DarkElfTerritory/DarkElfStarting.xml|data/spawns/Rune/PrimevalIsle.xml
bridge.f46316bd86d3786e5c48c8a2	component.b7883cab062e250a4845bacc	32768	1	F	population.route.orc.a3	generated.farm.458673ead1d6f5e03c0230db.anchor	-50845	-113715	-168	-46721	-84975	-8320	0	0	NO_PATH	0	0	data/stats/players/templates/StartingClass/OrcFighter.xml|data/stats/players/templates/StartingClass/OrcMystic.xml|data/spawns/OrcTerritory/OrcStarting.xml|data/spawns/Others/KrateisCube.xml
bridge.f4a0e6c3e7be6d1eb3d01b2b	component.c8a8b60142ed368a7d7be480	32768	3	F	population.ingress.dark-elf.02	generated.farm.c2052fbe0b07e84a519406a1.anchor	28302	11008	-4232	23826	-18715	-2768	0	0	NO_PATH	0	0	data/stats/players/templates/StartingClass/DarkFighter.xml|data/stats/players/templates/StartingClass/DarkMystic.xml|data/spawns/Rune/PrimevalIsle.xml
bridge.f4b711f06de8e286c19fee0f	component.6ed5189c1ad34dcd97c5af56	32768	9	R	generated.farm.728f34d7752261776a8e5fb7.anchor	population.ingress.orc.05	-50719	-84960	-8320	-56743	-113757	-672	0	0	NO_PATH	0	0	data/spawns/Others/KrateisCube.xml|data/stats/players/templates/StartingClass/OrcFighter.xml|data/stats/players/templates/StartingClass/OrcMystic.xml
bridge.f4f134f7de2199e36f9b9f66	component.41e35f446ee4f00762502fdb	32768	9	R	generated.farm.d39331b999c56e6df46c579c.anchor	generated.farm.36714f071123eedc9cac6c05.anchor	1740	22546	-3368	28436	11041	-4232	0	0	NO_PATH	0	0	data/spawns/DarkElfTerritory/DarkElfStarting.xml|data/spawns/Others/Gremlins.xml
bridge.f510c0a4473f988148c5431a	component.18bacfc235ddd517347d8830	32768	12	F	population.ingress.dwarf.03	generated.farm.6cc54f41492a8ebff56a5815.anchor	108505	-173964	-408	119130	-144099	-3016	0	0	NO_PATH	0	0	data/stats/players/templates/StartingClass/DwarvenFighter.xml|data/spawns/Others/PlunderousPlains.xml
bridge.f518fce877a5b244bcaa191d	component.18c9e4ee0311769668b2eb74	8192	7	F	population.route.kamael.a1	generated.farm.74718a641fa7e78154fea892.anchor	-125400	38408	1184	-125620	37399	1176	0	0	VALID_DIRECT	1033	1	data/stats/players/templates/StartingClass/KamaelMaleSoldier.xml|data/stats/players/templates/StartingClass/KamaelFemaleSoldier.xml|data/spawns/Kamael/IsleOfSouls.xml|data/spawns/Others/Gremlins.xml
bridge.f519951b6c7ca23c2944277c	component.6e3a57525358ac42a6fda077	32768	1	R	generated.farm.1a8d5255f1d68b98358f16fc.anchor	generated.farm.0a9b6aeb870068f470d93c4b.anchor	70230	76786	-3696	55857	63041	-3472	0	0	NO_PATH	0	0	data/spawns/Oren/TimakOutpost.xml|data/spawns/ElvenTerritory/ElvenStarting.xml
bridge.f53dca3f020d1168b3aa8c8c	component.d4239fbe60250487003bb4fd	32768	9	R	generated.farm.c4067c834f12b99e976909a2.anchor	population.ingress.elf.03	26607	63533	-3552	46182	41198	-3504	0	0	VALID_DIRECT	29700	1	data/spawns/ElvenTerritory/ElvenStarting.xml|data/stats/players/templates/StartingClass/ElvenFighter.xml|data/stats/players/templates/StartingClass/ElvenMystic.xml
bridge.f53f2794416dce4dc69c040a	component.34034eda8581571932b22786	8192	3	F	population.route.orc.a4	generated.farm.e72c2c1fdf7715981415fcdb.anchor	-50077	-115763	-160	-49543	-110784	-240	0	0	NO_PATH	0	0	data/stats/players/templates/StartingClass/OrcFighter.xml|data/stats/players/templates/StartingClass/OrcMystic.xml|data/spawns/OrcTerritory/OrcStarting.xml|data/spawns/OrcTerritory/OrcStarting.xml
bridge.f54a08c971b18dee5cedc924	component.f0870ecd40f136c705bc5941	32768	4	F	population.ingress.orc.02	generated.farm.ef0394b1715ca0d66c082465.anchor	-56686	-113470	-672	-44717	-84969	-8320	0	0	NO_PATH	0	0	data/stats/players/templates/StartingClass/OrcFighter.xml|data/stats/players/templates/StartingClass/OrcMystic.xml|data/spawns/Others/KrateisCube.xml
bridge.f57729682dde4535a11cead5	component.79ad21df45b89fa5bb86a4fd	32768	12	R	generated.farm.5dc8ced237dc324aa37b6530.anchor	generated.farm.58356b4e9844a379fecfbaf6.anchor	51605	70249	-3408	42118	41401	-3488	0	0	NO_PATH	0	0	data/spawns/ElvenTerritory/ElvenStarting.xml|data/spawns/ElvenTerritory/ElvenStarting.xml
bridge.f6587eacca892eb3f66b5c33	component.81e20220e9ebdfeacef509c3	16384	3	R	generated.farm.848f0d14f7a08b2ce9067798.anchor	population.route.orc.a3	-39240	-120828	-1704	-50845	-113715	-168	0	0	NO_PATH	0	0	data/spawns/OrcTerritory/OrcStarting.xml|data/stats/players/templates/StartingClass/OrcFighter.xml|data/stats/players/templates/StartingClass/OrcMystic.xml|data/spawns/OrcTerritory/OrcStarting.xml
bridge.f66aaaebdf546d362d217880	component.b0959173bd82d4b722b2be8c	32768	12	R	generated.farm.817474512080c1dba8f8cd5f.anchor	population.ingress.dark-elf.03	23315	-10716	-2648	28377	10916	-4232	0	0	NO_PATH	0	0	data/spawns/Rune/PrimevalIsle.xml|data/stats/players/templates/StartingClass/DarkFighter.xml|data/stats/players/templates/StartingClass/DarkMystic.xml
bridge.f66e9c551ba33497eb618948	component.a2230627cce424b0593fedc6	32768	1	R	generated.farm.08a347f7f13696479813918f.anchor	population.route.dark-elf.a1	15644	-8311	-3248	25992	11112	-3720	0	0	NO_PATH	0	0	data/spawns/Rune/PrimevalIsle.xml|data/stats/players/templates/StartingClass/DarkFighter.xml|data/stats/players/templates/StartingClass/DarkMystic.xml|data/spawns/DarkElfTerritory/DarkElfStarting.xml
bridge.f6833b2d084c7a0ee11f9c99	component.63defb22486d49c052a69667	32768	12	R	generated.farm.0a9b6aeb870068f470d93c4b.anchor	generated.farm.428b85922009e44829ae2db0.anchor	55857	63041	-3472	46131	41458	-3504	0	0	NO_PATH	0	0	data/spawns/ElvenTerritory/ElvenStarting.xml|data/spawns/Others/Gremlins.xml
bridge.f694fd57f4c192900c803a9f	component.d2768e1382c5c1b8ae3c6408	32768	13	F	population.ingress.dwarf.06	generated.farm.c559aedb44e0cf87e1fb32c9.anchor	108576	-174122	-408	108605	-150431	-2328	0	0	NO_PATH	0	0	data/stats/players/templates/StartingClass/DwarvenFighter.xml|data/spawns/Others/PlunderousPlains.xml
bridge.f6a4281ffc48d6c40f8306c3	component.d1bd433314f456b9fe85fbdf	32768	7	F	population.ingress.orc.04	generated.farm.0d7c07144eea5c608cf6c8cf.anchor	-56693	-113610	-672	-25035	-119836	-1968	0	0	NO_PATH	0	0	data/stats/players/templates/StartingClass/OrcFighter.xml|data/stats/players/templates/StartingClass/OrcMystic.xml|data/spawns/OrcTerritory/OrcStarting.xml
bridge.f6b2ffe58455474aa85c5542	component.df33433dc147309d6dc09abc	32768	2	F	population.route.orc.a2	generated.farm.9bd77ed2d0a9c062814dc873.anchor	-52637	-113715	-80	-46721	-82961	-8320	0	0	NO_PATH	0	0	data/stats/players/templates/StartingClass/OrcFighter.xml|data/stats/players/templates/StartingClass/OrcMystic.xml|data/spawns/OrcTerritory/OrcStarting.xml|data/spawns/Others/KrateisCube.xml
bridge.f6b6ead3fe927a91cbe5a036	component.214784823dfee247eabd4cc1	16384	3	R	generated.farm.08bede9fa450ab087be0458b.anchor	population.route.orc.a3	-40560	-117892	-1920	-50845	-113715	-168	0	0	NO_PATH	0	0	data/spawns/OrcTerritory/OrcStarting.xml|data/stats/players/templates/StartingClass/OrcFighter.xml|data/stats/players/templates/StartingClass/OrcMystic.xml|data/spawns/OrcTerritory/OrcStarting.xml
bridge.f6bff07da92a427c612441ac	component.ac8aaf293b35ddbae57a8843	8192	8	R	generated.farm.1a1d5ca5583b453d5a406cfa.anchor	population.ingress.elf.06	39605	36319	-3600	45978	41196	-3504	0	0	NO_PATH	0	0	data/spawns/ElvenTerritory/ElvenStarting.xml|data/stats/players/templates/StartingClass/ElvenFighter.xml|data/stats/players/templates/StartingClass/ElvenMystic.xml
bridge.f6c2e5b67b8b4314ce9fd30f	component.63defb22486d49c052a69667	32768	1	R	generated.farm.946a41fbbc63614320c02954.anchor	generated.farm.d6f82637bd6fae44cd109781.anchor	53398	63278	-3480	48366	42521	-3472	0	0	VALID_DIRECT	21359	1	data/spawns/ElvenTerritory/ElvenStarting.xml|data/spawns/ElvenTerritory/ElvenStarting.xml
bridge.f6cf77ad9153ae0a1a90160a	component.58fa7816fe6f000be807e01c	8192	3	R	generated.farm.f66a8a0231b2d83dac29cc4d.anchor	population.farming.dark-elf.20529	24496	9206	-3584	25308	13254	-3648	0	0	NO_PATH	0	0	data/spawns/DarkElfTerritory/DarkElfStarting.xml|data/spawns/DarkElfTerritory/DarkElfStarting.xml
bridge.f724c51a3584a9ffcb48e0e5	component.a15eac19b29dbd838fc4cf11	32768	15	R	generated.farm.a4122c4a8bed91d0e6a70bc3.anchor	population.route.dwarf.a4	107302	-145184	-3656	113508	-174203	-608	0	0	NO_PATH	0	0	data/spawns/Others/PlunderousPlains.xml|data/stats/players/templates/StartingClass/DwarvenFighter.xml|data/spawns/DwarvenTerritory/DwarvenStarting.xml
bridge.f729ed11bfac29b3a342e3c4	component.18c9e4ee0311769668b2eb74	8192	1	F	population.ingress.kamael.03	generated.farm.74718a641fa7e78154fea892.anchor	-125615	37771	1176	-125620	37399	1176	0	0	VALID_DIRECT	373	1	data/stats/players/templates/StartingClass/KamaelMaleSoldier.xml|data/stats/players/templates/StartingClass/KamaelFemaleSoldier.xml|data/spawns/Others/Gremlins.xml
bridge.f72f31f98cd42f02c92d33e6	component.63defb22486d49c052a69667	32768	15	F	population.ingress.elf.01	generated.farm.0a9b6aeb870068f470d93c4b.anchor	46045	41251	-3504	55857	63041	-3472	0	0	NO_PATH	0	0	data/stats/players/templates/StartingClass/ElvenFighter.xml|data/stats/players/templates/StartingClass/ElvenMystic.xml|data/spawns/ElvenTerritory/ElvenStarting.xml
bridge.f73b6fa7471d5f7495c31206	component.4562799c5dc584243d56e35b	32768	3	F	population.ingress.orc.02	generated.farm.bff7beafbd229e70fb09ec46.anchor	-56686	-113470	-672	-52728	-86971	-8320	0	0	NO_PATH	0	0	data/stats/players/templates/StartingClass/OrcFighter.xml|data/stats/players/templates/StartingClass/OrcMystic.xml|data/spawns/Others/KrateisCube.xml
bridge.f752cbe5bf79e47b35c6d6b6	component.17d39984ff40b347b4bbe819	8192	5	F	generated.farm.df677844f3af094815e984cc.anchor	generated.farm.013f818c1372afc740e3cbc2.anchor	175556	-188129	-1672	174089	-194394	-3464	0	0	VALID_DIRECT	6680	1	data/spawns/DwarvenTerritory/DwarvenStarting.xml|data/spawns/DwarvenTerritory/DwarvenStarting.xml
bridge.f765bb5f0a872bf0d929f7b8	component.4542949d001791c13737d9b4	8192	2	R	generated.farm.432802d3c2901d9686cb1651.anchor	population.ingress.human-mystic.03	-90610	248293	-3568	-90918	248070	-3568	0	0	VALID_DIRECT	381	1	data/spawns/Others/Gremlins.xml|data/stats/players/templates/StartingClass/HumanMystic.xml
bridge.f76a53b86b8a11a8469827d5	component.d2768e1382c5c1b8ae3c6408	32768	10	F	population.ingress.dwarf.04	generated.farm.c559aedb44e0cf87e1fb32c9.anchor	108512	-174026	-408	108605	-150431	-2328	0	0	NO_PATH	0	0	data/stats/players/templates/StartingClass/DwarvenFighter.xml|data/spawns/Others/PlunderousPlains.xml
bridge.f77e3592392cd7f87c7e16e9	component.63defb22486d49c052a69667	32768	14	R	generated.farm.0a9b6aeb870068f470d93c4b.anchor	population.ingress.elf.03	55857	63041	-3472	46182	41198	-3504	0	0	NO_PATH	0	0	data/spawns/ElvenTerritory/ElvenStarting.xml|data/stats/players/templates/StartingClass/ElvenFighter.xml|data/stats/players/templates/StartingClass/ElvenMystic.xml
bridge.f7b8d049531b0d2c915555fc	component.48e6e689d4d766cfd82dc2e2	16384	2	R	generated.farm.5ee423a52e35fbb905b7ecb0.anchor	generated.farm.428b85922009e44829ae2db0.anchor	54714	51620	-3592	46131	41458	-3504	0	0	NO_PATH	0	0	data/spawns/ElvenTerritory/ElvenStarting.xml|data/spawns/Others/Gremlins.xml
bridge.f7fce8450a92be1aa001b966	component.d5d468daa4bebd1a4eb327d6	32768	5	F	population.route.dark-elf.a3	generated.farm.08eced60f60a66b7fc7027b7.anchor	25304	13256	-3648	6712	-9399	-3680	0	0	NO_PATH	0	0	data/stats/players/templates/StartingClass/DarkFighter.xml|data/stats/players/templates/StartingClass/DarkMystic.xml|data/spawns/DarkElfTerritory/DarkElfStarting.xml|data/spawns/Rune/PrimevalIsle.xml
bridge.f826595004f9674aa633b63d	component.2c7e3c336954be75db3a7f7d	32768	4	F	population.ingress.dark-elf.04	generated.farm.9eb7152622bad01eeb33f1c4.anchor	28456	10997	-4232	25906	-16833	-2744	0	0	NO_PATH	0	0	data/stats/players/templates/StartingClass/DarkFighter.xml|data/stats/players/templates/StartingClass/DarkMystic.xml|data/spawns/Rune/PrimevalIsle.xml
bridge.f83f3a80e374ca8e48d60f3f	component.e155a1307403cc14572bd687	32768	4	F	population.ingress.dwarf.04	generated.farm.420ed35f1a9a3f532e2d6045.anchor	108512	-174026	-408	101973	-149349	-3128	0	0	NO_PATH	0	0	data/stats/players/templates/StartingClass/DwarvenFighter.xml|data/spawns/Others/PlunderousPlains.xml
bridge.f83fa41e4de9d5b5820af0f2	component.f5ec43735be4685d0f522b55	32768	11	R	generated.farm.c7902e29cb3795a4ce8dcf2c.anchor	population.farming.orc.20535	-50720	-86977	-8320	-49106	-115854	-160	0	0	NO_PATH	0	0	data/spawns/Others/KrateisCube.xml|data/spawns/OrcTerritory/OrcStarting.xml
bridge.f84dcbc7f4264f950fb4cde6	component.40dbfe62843fbb4b5737b50d	32768	5	R	generated.farm.99cf7f2e013aefa5adc8a838.anchor	generated.farm.58356b4e9844a379fecfbaf6.anchor	21342	39996	-3664	42118	41401	-3488	0	0	NO_PATH	0	0	data/spawns/ElvenTerritory/ElvenStarting.xml|data/spawns/ElvenTerritory/ElvenStarting.xml
bridge.f851de06b6d3783145c4a9aa	component.b0959173bd82d4b722b2be8c	32768	16	R	generated.farm.817474512080c1dba8f8cd5f.anchor	generated.farm.36714f071123eedc9cac6c05.anchor	23315	-10716	-2648	28436	11041	-4232	0	0	NO_PATH	0	0	data/spawns/Rune/PrimevalIsle.xml|data/spawns/Others/Gremlins.xml
bridge.f871eb1434cefcb4d35ad228	component.63defb22486d49c052a69667	32768	14	F	population.ingress.elf.03	generated.farm.0a9b6aeb870068f470d93c4b.anchor	46182	41198	-3504	55857	63041	-3472	0	0	NO_PATH	0	0	data/stats/players/templates/StartingClass/ElvenFighter.xml|data/stats/players/templates/StartingClass/ElvenMystic.xml|data/spawns/ElvenTerritory/ElvenStarting.xml
bridge.f873041e808e29f16a4ed2da	component.73d0c59f5bdd9014627ebe4f	32768	4	R	elven.farming.oren04-2019-07s	population.ingress.elf.01	19248	43340	-3712	46045	41251	-3504	0	0	NO_PATH	0	0	data/spawns/ElvenTerritory/ElvenStarting.xml|data/stats/players/templates/StartingClass/ElvenFighter.xml|data/stats/players/templates/StartingClass/ElvenMystic.xml
bridge.f886c12ea926c2e91ef836aa	component.40dbfe62843fbb4b5737b50d	32768	2	F	generated.farm.58356b4e9844a379fecfbaf6.anchor	generated.farm.b39b5ebcb618d85608e8a97d.anchor	42118	41401	-3488	24053	37496	-3672	0	0	NO_PATH	0	0	data/spawns/ElvenTerritory/ElvenStarting.xml|data/spawns/ElvenTerritory/ElvenStarting.xml
bridge.f8a55067abfc616430c7c5c1	component.e9ea386cf0bd55a495081c3d	32768	4	F	population.ingress.elf.01	elven.farming.oren04-2019-08s	46045	41251	-3504	17170	46114	-3568	0	0	NO_PATH	0	0	data/stats/players/templates/StartingClass/ElvenFighter.xml|data/stats/players/templates/StartingClass/ElvenMystic.xml|data/spawns/ElvenTerritory/ElvenStarting.xml
bridge.f911814d05522521a372e75a	component.7e4161a95ce7d75a795e5571	8192	7	F	population.ingress.elf.02	generated.farm.7451e61fe8e94f49afb1f9e2.anchor	46117	41247	-3504	39050	41882	-3592	0	0	NO_PATH	0	0	data/stats/players/templates/StartingClass/ElvenFighter.xml|data/stats/players/templates/StartingClass/ElvenMystic.xml|data/spawns/ElvenTerritory/ElvenStarting.xml
bridge.f920a9258ff02c5315d02db3	component.b0959173bd82d4b722b2be8c	32768	1	R	generated.farm.c64e3da0e4c050e99dd0e964.anchor	population.ingress.dark-elf.03	25484	-10847	-2480	28377	10916	-4232	0	0	NO_PATH	0	0	data/spawns/Rune/PrimevalIsle.xml|data/stats/players/templates/StartingClass/DarkFighter.xml|data/stats/players/templates/StartingClass/DarkMystic.xml
bridge.f9a0f0d6b51478c4a24c1a14	component.20a0c83d40a7bb22c26e0395	32768	6	R	generated.farm.f137dbbc3ac90f445b806c09.anchor	population.ingress.dark-elf.01	25328	-15199	-2744	28295	11063	-4232	0	0	NO_PATH	0	0	data/spawns/Rune/PrimevalIsle.xml|data/stats/players/templates/StartingClass/DarkFighter.xml|data/stats/players/templates/StartingClass/DarkMystic.xml
bridge.f9baa39050c460069069da7e	component.18c9e4ee0311769668b2eb74	8192	9	R	generated.farm.74718a641fa7e78154fea892.anchor	population.ingress.kamael.01	-125620	37399	1176	-125607	38452	1176	0	0	VALID_DIRECT	1054	1	data/spawns/Others/Gremlins.xml|data/stats/players/templates/StartingClass/KamaelMaleSoldier.xml|data/stats/players/templates/StartingClass/KamaelFemaleSoldier.xml
bridge.f9bda5669ec9df7dd6d9cd48	component.214784823dfee247eabd4cc1	16384	4	F	population.farming.orc.20535	generated.farm.e685f7e7994e7e1f1e589631.anchor	-49106	-115854	-160	-37492	-118051	-1712	0	0	NO_PATH	0	0	data/spawns/OrcTerritory/OrcStarting.xml|data/spawns/OrcTerritory/OrcStarting.xml
bridge.f9c0a543096b8ce9e97bc8fd	component.9e6d3547bb369a54417d2a8e	32768	9	R	generated.farm.8eacaac16a08449c5372ffbc.anchor	population.ingress.orc.05	-52719	-82961	-8320	-56743	-113757	-672	0	0	NO_PATH	0	0	data/spawns/Others/KrateisCube.xml|data/stats/players/templates/StartingClass/OrcFighter.xml|data/stats/players/templates/StartingClass/OrcMystic.xml
bridge.f9c9dfbe8015c5610426088d	component.214784823dfee247eabd4cc1	16384	7	R	generated.farm.e685f7e7994e7e1f1e589631.anchor	population.route.orc.a3	-37492	-118051	-1712	-50845	-113715	-168	0	0	NO_PATH	0	0	data/spawns/OrcTerritory/OrcStarting.xml|data/stats/players/templates/StartingClass/OrcFighter.xml|data/stats/players/templates/StartingClass/OrcMystic.xml|data/spawns/OrcTerritory/OrcStarting.xml
bridge.f9d108f14187c4278bdddca4	component.01b441ae383a1b39494050f4	32768	4	F	population.ingress.dark-elf.02	generated.farm.9cf6fa1ef953b5b33ff9fe37.anchor	28302	11008	-4232	13666	-12273	-3024	0	0	NO_PATH	0	0	data/stats/players/templates/StartingClass/DarkFighter.xml|data/stats/players/templates/StartingClass/DarkMystic.xml|data/spawns/Rune/PrimevalIsle.xml
bridge.f9ed52ba1a0066b04ff1a3d5	component.c8a8b60142ed368a7d7be480	32768	4	R	generated.farm.c2052fbe0b07e84a519406a1.anchor	population.route.dark-elf.a2	23826	-18715	-2768	25720	11288	-3720	0	0	NO_PATH	0	0	data/spawns/Rune/PrimevalIsle.xml|data/stats/players/templates/StartingClass/DarkFighter.xml|data/stats/players/templates/StartingClass/DarkMystic.xml|data/spawns/DarkElfTerritory/DarkElfStarting.xml
bridge.f9f414945d49e5b936abd16c	component.40dbfe62843fbb4b5737b50d	32768	4	R	generated.farm.b39b5ebcb618d85608e8a97d.anchor	population.farming.elf.20534	24053	37496	-3672	44126	42751	-3488	0	0	NO_PATH	0	0	data/spawns/ElvenTerritory/ElvenStarting.xml|data/spawns/ElvenTerritory/ElvenStarting.xml
bridge.f9fb34c6ebca8ea98d07dbc6	component.7ac05038c3bef737cc075e57	32768	1	F	generated.farm.c4067c834f12b99e976909a2.anchor	generated.farm.330acc137cea04a4d9497082.anchor	26607	63533	-3552	4513	74434	-3688	0	0	NO_PATH	0	0	data/spawns/ElvenTerritory/ElvenStarting.xml|data/spawns/ElvenTerritory/ElvenStarting.xml
bridge.fa0a7c395c8f8b67cd919ce5	component.6bccc4ec500087b1b97f6735	32768	4	R	generated.farm.344ed4b05ef5a295354d408a.anchor	generated.farm.c4067c834f12b99e976909a2.anchor	3894	55964	-3528	26607	63533	-3552	0	0	NO_PATH	0	0	data/spawns/ElvenTerritory/ElvenStarting.xml|data/spawns/ElvenTerritory/ElvenStarting.xml
bridge.fa195aebf1e82fd30bae3ae6	component.54cd7d198274de64199ae37f	8192	5	R	generated.farm.9caf3d9715b6ff604306dc10.anchor	population.route.human-fighter.a1	-71338	258393	-3072	-71656	257944	-3096	0	0	PATH_SEGMENT_BLOCKED	0	0	data/spawns/Others/Gremlins.xml|data/stats/players/templates/StartingClass/HumanFighter.xml|data/spawns/Others/17_25.xml
bridge.fa593ce4afc6cc2ca0ad5d3e	component.d5d468daa4bebd1a4eb327d6	32768	15	R	generated.farm.08eced60f60a66b7fc7027b7.anchor	population.ingress.dark-elf.06	6712	-9399	-3680	28395	11127	-4232	0	0	NO_PATH	0	0	data/spawns/Rune/PrimevalIsle.xml|data/stats/players/templates/StartingClass/DarkFighter.xml|data/stats/players/templates/StartingClass/DarkMystic.xml
bridge.faca471ff70304134d14f8d7	component.46078c3265041fc30a5d4a44	16384	9	R	generated.farm.c966cf46f4c8074e4ddbc1d1.anchor	population.ingress.elf.03	35728	46771	-3688	46182	41198	-3504	0	0	NO_PATH	0	0	data/spawns/ElvenTerritory/ElvenStarting.xml|data/stats/players/templates/StartingClass/ElvenFighter.xml|data/stats/players/templates/StartingClass/ElvenMystic.xml
bridge.fad2db83d4d5f628c6e30b27	component.b0959173bd82d4b722b2be8c	32768	4	F	population.ingress.dark-elf.02	generated.farm.c64e3da0e4c050e99dd0e964.anchor	28302	11008	-4232	25484	-10847	-2480	0	0	NO_PATH	0	0	data/stats/players/templates/StartingClass/DarkFighter.xml|data/stats/players/templates/StartingClass/DarkMystic.xml|data/spawns/Rune/PrimevalIsle.xml
bridge.fae8341cdfc1d1df3a32cd2c	component.4542949d001791c13737d9b4	8192	3	F	population.ingress.human-mystic.02	generated.farm.432802d3c2901d9686cb1651.anchor	-90954	248118	-3568	-90610	248293	-3568	0	0	VALID_DIRECT	386	1	data/stats/players/templates/StartingClass/HumanMystic.xml|data/spawns/Others/Gremlins.xml
bridge.fb22cf027469ed9689b8e1e1	component.87a65b1ce32b28202691c2c8	32768	7	F	population.farming.orc.20535	generated.farm.ac1e437a00c50adb5285e40a.anchor	-49106	-115854	-160	-44720	-86972	-8320	0	0	NO_PATH	0	0	data/spawns/OrcTerritory/OrcStarting.xml|data/spawns/Others/KrateisCube.xml
bridge.fb2b6b49139cbe1dc4b2b317	component.2c4a1d8ed5506d43bb6025d3	32768	7	R	generated.farm.f3fef88cab3be544b94bb305.anchor	generated.farm.40c5f8858df37983d677ac58.anchor	165484	-207409	-3496	136935	-202962	-3632	0	0	NO_PATH	0	0	data/spawns/DwarvenTerritory/DwarvenStarting.xml|data/spawns/DwarvenTerritory/DwarvenStarting.xml
bridge.fb2ea6c807655d3ca8d70908	component.afb4654f40fcb37d4c7adb45	32768	3	F	generated.farm.7451e61fe8e94f49afb1f9e2.anchor	elven.farming.oren04-2019-16s	39050	41882	-3592	9736	49578	-3664	0	0	NO_PATH	0	0	data/spawns/ElvenTerritory/ElvenStarting.xml|data/spawns/ElvenTerritory/ElvenStarting.xml
bridge.fb3e8067c3737c00aa06365a	component.16897e3b9846dd267a30bfc1	32768	7	F	population.ingress.dark-elf.02	generated.farm.a5c0bfc2913c1277af9aa4f4.anchor	28302	11008	-4232	21571	-14364	-3104	0	0	NO_PATH	0	0	data/stats/players/templates/StartingClass/DarkFighter.xml|data/stats/players/templates/StartingClass/DarkMystic.xml|data/spawns/Rune/PrimevalIsle.xml
bridge.fb46213b60914cdd4bd4cb44	component.b8a1ba9dfc02a229569e9998	32768	9	F	population.ingress.dark-elf.06	generated.farm.c246ebe1e9f6c73e829b2d38.anchor	28395	11127	-4232	22054	-11514	-2720	0	0	NO_PATH	0	0	data/stats/players/templates/StartingClass/DarkFighter.xml|data/stats/players/templates/StartingClass/DarkMystic.xml|data/spawns/Rune/PrimevalIsle.xml
bridge.fb50257cbbb882023f367d27	component.91a9f940fd17192b7296dafb	32768	1	R	generated.farm.c2fab2e4269c72a597f3b7a9.anchor	population.route.dark-elf.a1	19916	-9610	-2824	25992	11112	-3720	0	0	NO_PATH	0	0	data/spawns/Rune/PrimevalIsle.xml|data/stats/players/templates/StartingClass/DarkFighter.xml|data/stats/players/templates/StartingClass/DarkMystic.xml|data/spawns/DarkElfTerritory/DarkElfStarting.xml
bridge.fb58601c76e5f8436dd0347a	component.46078c3265041fc30a5d4a44	16384	2	F	population.farming.elf.20534	generated.farm.c966cf46f4c8074e4ddbc1d1.anchor	44126	42751	-3488	35728	46771	-3688	0	0	NO_PATH	0	0	data/spawns/ElvenTerritory/ElvenStarting.xml|data/spawns/ElvenTerritory/ElvenStarting.xml
bridge.fb5b542c71507e8c64a1bd69	component.18bacfc235ddd517347d8830	32768	5	F	population.route.dwarf.a4	generated.farm.6cc54f41492a8ebff56a5815.anchor	113508	-174203	-608	119130	-144099	-3016	0	0	NO_PATH	0	0	data/stats/players/templates/StartingClass/DwarvenFighter.xml|data/spawns/DwarvenTerritory/DwarvenStarting.xml|data/spawns/Others/PlunderousPlains.xml
bridge.fb7bb28e571154672598c6a7	component.676d590e1ef5b84f1370c554	16384	5	R	generated.farm.def39836c97f08ea0cee9080.anchor	generated.farm.8417f5d804225e6423448125.anchor	119877	-202135	-3456	132017	-208635	-3592	0	0	NO_PATH	0	0	data/spawns/DwarvenTerritory/DwarvenStarting.xml|data/spawns/DwarvenTerritory/DwarvenStarting.xml
bridge.fba03b730986b2d3cdc6df27	component.d5d468daa4bebd1a4eb327d6	32768	10	R	generated.farm.08eced60f60a66b7fc7027b7.anchor	population.ingress.dark-elf.02	6712	-9399	-3680	28302	11008	-4232	0	0	NO_PATH	0	0	data/spawns/Rune/PrimevalIsle.xml|data/stats/players/templates/StartingClass/DarkFighter.xml|data/stats/players/templates/StartingClass/DarkMystic.xml
bridge.fbb72d3676d5adbb548470c2	component.6b6dbba2f1367f01991dfe32	32768	3	F	population.route.orc.a1	generated.farm.59f334c6c58a366ac0ebe3c9.anchor	-54685	-113715	-520	-50720	-82961	-8320	0	0	NO_PATH	0	0	data/stats/players/templates/StartingClass/OrcFighter.xml|data/stats/players/templates/StartingClass/OrcMystic.xml|data/spawns/OrcTerritory/OrcStarting.xml|data/spawns/Others/KrateisCube.xml
bridge.fc222a7023a15f654a15be8e	component.c9ca976b53659986c6d066ce	32768	4	F	generated.farm.a0a916d344116254f0d4e3f5.anchor	generated.farm.a72d8924a597b43a1b34ebbd.anchor	31295	61887	-3544	2890	62317	-3576	0	0	VALID_DIRECT	28409	1	data/spawns/ElvenTerritory/ElvenStarting.xml|data/spawns/ElvenTerritory/ElvenStarting.xml
bridge.fc257c1e14f9daea7c75e040	component.e9ea386cf0bd55a495081c3d	32768	9	R	elven.farming.oren04-2019-08s	population.ingress.elf.03	17170	46114	-3568	46182	41198	-3504	0	0	NO_PATH	0	0	data/spawns/ElvenTerritory/ElvenStarting.xml|data/stats/players/templates/StartingClass/ElvenFighter.xml|data/stats/players/templates/StartingClass/ElvenMystic.xml
bridge.fc28cc18d143ea8bc6c697f1	component.1331db1a6d957945bfb43b8d	8192	6	F	population.ingress.elf.06	generated.farm.9d9291cb563275968a77e851.anchor	45978	41196	-3504	47907	37504	-3544	0	0	NO_PATH	0	0	data/stats/players/templates/StartingClass/ElvenFighter.xml|data/stats/players/templates/StartingClass/ElvenMystic.xml|data/spawns/ElvenTerritory/ElvenStarting.xml
bridge.fc487088b9ba2ec06d88b834	component.d1bd433314f456b9fe85fbdf	32768	4	R	generated.farm.0d7c07144eea5c608cf6c8cf.anchor	population.route.orc.a2	-25035	-119836	-1968	-52637	-113715	-80	0	0	NO_PATH	0	0	data/spawns/OrcTerritory/OrcStarting.xml|data/stats/players/templates/StartingClass/OrcFighter.xml|data/stats/players/templates/StartingClass/OrcMystic.xml|data/spawns/OrcTerritory/OrcStarting.xml
bridge.fc4f5105887cb97e95fbd460	component.9fbefbbe289820cb000eadf1	32768	9	F	population.ingress.orc.05	generated.farm.17667c6c78e20a9fb3c4ae08.anchor	-56743	-113757	-672	-52719	-84968	-8320	0	0	NO_PATH	0	0	data/stats/players/templates/StartingClass/OrcFighter.xml|data/stats/players/templates/StartingClass/OrcMystic.xml|data/spawns/Others/KrateisCube.xml
bridge.fc6a7e4f1f946dfae74a44e6	component.e155a1307403cc14572bd687	32768	3	F	population.route.dwarf.w1	generated.farm.420ed35f1a9a3f532e2d6045.anchor	108728	-173944	-408	101973	-149349	-3128	0	0	NO_PATH	0	0	data/stats/players/templates/StartingClass/DwarvenFighter.xml|data/spawns/DwarvenTerritory/DwarvenStarting.xml|data/spawns/Others/PlunderousPlains.xml
bridge.fc7b4b7ae2d6c2bbf4c6f618	component.c9ca976b53659986c6d066ce	32768	3	R	generated.farm.a05750e4fd835a9fce3722b4.anchor	generated.farm.a0a916d344116254f0d4e3f5.anchor	6095	60044	-3656	31295	61887	-3544	0	0	NO_PATH	0	0	data/spawns/ElvenTerritory/ElvenStarting.xml|data/spawns/ElvenTerritory/ElvenStarting.xml
bridge.fc8a908ee236f57acec6462c	component.18bacfc235ddd517347d8830	32768	15	F	population.ingress.dwarf.05	generated.farm.6cc54f41492a8ebff56a5815.anchor	108549	-174075	-408	119130	-144099	-3016	0	0	NO_PATH	0	0	data/stats/players/templates/StartingClass/DwarvenFighter.xml|data/spawns/Others/PlunderousPlains.xml
bridge.fca06b8fdc7c941fbcd03a12	component.d1bd433314f456b9fe85fbdf	32768	3	F	population.route.orc.a3	generated.farm.0d7c07144eea5c608cf6c8cf.anchor	-50845	-113715	-168	-25035	-119836	-1968	0	0	NO_PATH	0	0	data/stats/players/templates/StartingClass/OrcFighter.xml|data/stats/players/templates/StartingClass/OrcMystic.xml|data/spawns/OrcTerritory/OrcStarting.xml|data/spawns/OrcTerritory/OrcStarting.xml
bridge.fcc68bccb1c40add69176123	component.6b63e9a22c52715dd6894332	8192	2	F	generated.farm.58356b4e9844a379fecfbaf6.anchor	generated.farm.68243117d5885fe09a0b57bc.anchor	42118	41401	-3488	43767	37445	-3512	0	0	NO_PATH	0	0	data/spawns/ElvenTerritory/ElvenStarting.xml|data/spawns/ElvenTerritory/ElvenStarting.xml
bridge.fcd47dafa17c7c79afa345ad	component.73f096cfc3045644558d7b95	16384	4	R	generated.farm.32584ca994d21c1731c3d66e.anchor	population.route.orc.a4	-39537	-105269	-2704	-50077	-115763	-160	0	0	NO_PATH	0	0	data/spawns/OrcTerritory/OrcStarting.xml|data/stats/players/templates/StartingClass/OrcFighter.xml|data/stats/players/templates/StartingClass/OrcMystic.xml|data/spawns/OrcTerritory/OrcStarting.xml
bridge.fcd91b3ae04398f709423cf5	component.6b63e9a22c52715dd6894332	8192	3	R	generated.farm.68243117d5885fe09a0b57bc.anchor	population.ingress.elf.05	43767	37445	-3512	46048	41141	-3504	0	0	NO_PATH	0	0	data/spawns/ElvenTerritory/ElvenStarting.xml|data/stats/players/templates/StartingClass/ElvenFighter.xml|data/stats/players/templates/StartingClass/ElvenMystic.xml
bridge.fcf408350a8cc15bd6968a51	component.21c159db00da4bc03daf51c5	32768	7	F	population.ingress.elf.05	generated.farm.a0a916d344116254f0d4e3f5.anchor	46048	41141	-3504	31295	61887	-3544	0	0	NO_PATH	0	0	data/stats/players/templates/StartingClass/ElvenFighter.xml|data/stats/players/templates/StartingClass/ElvenMystic.xml|data/spawns/ElvenTerritory/ElvenStarting.xml
bridge.fd04db0f3ee35e0f7ad6e778	component.2c7e3c336954be75db3a7f7d	32768	11	F	population.route.dark-elf.a3	generated.farm.9eb7152622bad01eeb33f1c4.anchor	25304	13256	-3648	25906	-16833	-2744	0	0	NO_PATH	0	0	data/stats/players/templates/StartingClass/DarkFighter.xml|data/stats/players/templates/StartingClass/DarkMystic.xml|data/spawns/DarkElfTerritory/DarkElfStarting.xml|data/spawns/Rune/PrimevalIsle.xml
bridge.fd4c0727fbc2e4e913b56956	component.ff75e3e7e0f1b27f3a0af453	32768	1	R	generated.farm.25b75a8a47aae59991e9540b.anchor	generated.farm.77743197e238ebb0e1e3eac2.anchor	187276	-204256	-2848	175207	-189475	-2304	0	0	NO_PATH	0	0	data/spawns/DwarvenTerritory/DwarvenStarting.xml|data/spawns/DwarvenTerritory/DwarvenStarting.xml
bridge.fd8640e297e30e2d97340129	component.d4f263a6130862446fcab68a	16384	14	R	generated.farm.f9312932904adae788963399.anchor	population.farming.dwarf.20533	108605	-160621	-1688	114966	-172886	-672	0	0	NO_PATH	0	0	data/spawns/Others/PlunderousPlains.xml|data/spawns/DwarvenTerritory/DwarvenStarting.xml
bridge.fd9e3eacc353419df97a7027	component.d5d468daa4bebd1a4eb327d6	32768	16	F	population.ingress.dark-elf.03	generated.farm.b8e223341be05b45a19768c2.anchor	28377	10916	-4232	5975	-9197	-3696	0	0	NO_PATH	0	0	data/stats/players/templates/StartingClass/DarkFighter.xml|data/stats/players/templates/StartingClass/DarkMystic.xml|data/spawns/Rune/PrimevalIsle.xml
bridge.fdd89fc848f5eeba4d888346	component.2c4a1d8ed5506d43bb6025d3	32768	5	R	generated.farm.f3fef88cab3be544b94bb305.anchor	generated.farm.475038779aaee6a2e82aa06b.anchor	165484	-207409	-3496	175552	-186630	-1280	0	0	NO_PATH	0	0	data/spawns/DwarvenTerritory/DwarvenStarting.xml|data/spawns/DwarvenTerritory/DwarvenStarting.xml
bridge.fe040a91f69ff8b34a7b2a4f	component.a15eac19b29dbd838fc4cf11	32768	15	F	population.route.dwarf.a4	generated.farm.a4122c4a8bed91d0e6a70bc3.anchor	113508	-174203	-608	107302	-145184	-3656	0	0	NO_PATH	0	0	data/stats/players/templates/StartingClass/DwarvenFighter.xml|data/spawns/DwarvenTerritory/DwarvenStarting.xml|data/spawns/Others/PlunderousPlains.xml
bridge.fe049a42d298956ad67a892f	component.8958c8d9edf88034579b430b	32768	8	R	generated.farm.74d4cc08c4a95e70092d77ee.anchor	population.route.dark-elf.a2	24538	-17756	-2752	25720	11288	-3720	0	0	NO_PATH	0	0	data/spawns/Rune/PrimevalIsle.xml|data/stats/players/templates/StartingClass/DarkFighter.xml|data/stats/players/templates/StartingClass/DarkMystic.xml|data/spawns/DarkElfTerritory/DarkElfStarting.xml
bridge.fe592d4d6fb17e2c15f8fd7f	component.18c9e4ee0311769668b2eb74	8192	10	F	population.ingress.kamael.02	generated.farm.74718a641fa7e78154fea892.anchor	-125472	38450	1176	-125620	37399	1176	0	0	VALID_DIRECT	1062	1	data/stats/players/templates/StartingClass/KamaelMaleSoldier.xml|data/stats/players/templates/StartingClass/KamaelFemaleSoldier.xml|data/spawns/Others/Gremlins.xml
bridge.fe5a6750a175546952b58f48	component.6cb9bd2a57139e6f69dd23f1	32768	2	F	population.route.orc.a2	generated.farm.b4beace3b35fcf43f7ac6d15.anchor	-52637	-113715	-80	-46718	-86971	-8320	0	0	NO_PATH	0	0	data/stats/players/templates/StartingClass/OrcFighter.xml|data/stats/players/templates/StartingClass/OrcMystic.xml|data/spawns/OrcTerritory/OrcStarting.xml|data/spawns/Others/KrateisCube.xml
bridge.fe8cc266dc568cbc5753f899	component.f173a1114ed51df8ab1b4fef	32768	1	R	generated.farm.6b558842ff439d19ddf9f0ab.anchor	generated.farm.f66a8a0231b2d83dac29cc4d.anchor	2803	-13523	-3528	24496	9206	-3584	0	0	NO_PATH	0	0	data/spawns/Rune/PrimevalIsle.xml|data/spawns/DarkElfTerritory/DarkElfStarting.xml
bridge.fed41f9288584877a49093e0	component.b0959173bd82d4b722b2be8c	32768	16	F	generated.farm.36714f071123eedc9cac6c05.anchor	generated.farm.817474512080c1dba8f8cd5f.anchor	28436	11041	-4232	23315	-10716	-2648	0	0	NO_PATH	0	0	data/spawns/Others/Gremlins.xml|data/spawns/Rune/PrimevalIsle.xml
bridge.fed82c2f7d469929c6b87e46	component.b8a1ba9dfc02a229569e9998	32768	3	R	generated.farm.c246ebe1e9f6c73e829b2d38.anchor	population.ingress.dark-elf.03	22054	-11514	-2720	28377	10916	-4232	0	0	NO_PATH	0	0	data/spawns/Rune/PrimevalIsle.xml|data/stats/players/templates/StartingClass/DarkFighter.xml|data/stats/players/templates/StartingClass/DarkMystic.xml
bridge.fefeb22544e912e1c82bc9b0	component.e155a1307403cc14572bd687	32768	10	R	generated.farm.420ed35f1a9a3f532e2d6045.anchor	population.route.dwarf.a2	101973	-149349	-3128	110948	-173435	-584	0	0	NO_PATH	0	0	data/spawns/Others/PlunderousPlains.xml|data/stats/players/templates/StartingClass/DwarvenFighter.xml|data/spawns/DwarvenTerritory/DwarvenStarting.xml
bridge.ff2cdccead17bef8062a2496	component.6ed5189c1ad34dcd97c5af56	32768	1	F	population.route.orc.a3	generated.farm.728f34d7752261776a8e5fb7.anchor	-50845	-113715	-168	-50719	-84960	-8320	0	0	NO_PATH	0	0	data/stats/players/templates/StartingClass/OrcFighter.xml|data/stats/players/templates/StartingClass/OrcMystic.xml|data/spawns/OrcTerritory/OrcStarting.xml|data/spawns/Others/KrateisCube.xml
bridge.ff670b2788ccbb9b511223ee	component.6b6dbba2f1367f01991dfe32	32768	5	R	generated.farm.59f334c6c58a366ac0ebe3c9.anchor	population.ingress.orc.02	-50720	-82961	-8320	-56686	-113470	-672	0	0	NO_PATH	0	0	data/spawns/Others/KrateisCube.xml|data/stats/players/templates/StartingClass/OrcFighter.xml|data/stats/players/templates/StartingClass/OrcMystic.xml
bridge.ff8c10676a3aa119ce03ed4d	component.e837182a129d9a9bac7e6672	8192	3	F	generated.farm.ccd05d96d24167ee9a70c395.anchor	generated.farm.1bc0806803391550b59b5dd7.anchor	173397	-189657	-2016	173413	-187077	-488	0	0	PATH_SEGMENT_BLOCKED	0	0	data/spawns/DwarvenTerritory/DwarvenStarting.xml|data/spawns/DwarvenTerritory/DwarvenStarting.xml
bridge.ffc8040cc33801835814f967	component.58fa7816fe6f000be807e01c	8192	11	F	population.ingress.dark-elf.05	generated.farm.f66a8a0231b2d83dac29cc4d.anchor	28461	11044	-4232	24496	9206	-3584	0	0	NO_PATH	0	0	data/stats/players/templates/StartingClass/DarkFighter.xml|data/stats/players/templates/StartingClass/DarkMystic.xml|data/spawns/DarkElfTerritory/DarkElfStarting.xml
bridge.ffd4c2fb55c220154df5e37a	component.81e20220e9ebdfeacef509c3	16384	4	F	population.route.orc.a2	generated.farm.848f0d14f7a08b2ce9067798.anchor	-52637	-113715	-80	-39240	-120828	-1704	0	0	NO_PATH	0	0	data/stats/players/templates/StartingClass/OrcFighter.xml|data/stats/players/templates/StartingClass/OrcMystic.xml|data/spawns/OrcTerritory/OrcStarting.xml|data/spawns/OrcTerritory/OrcStarting.xml
