path	bytes	sha256	authored
L2J_Mobius_CT_2.6_HighFive/java/org/l2jmobius/gameserver/phantoms/background/PhantomBackgroundDecision.java	17620	4055a55a1ad70711c2cbe5847659ce606d29895b7a8547bcce3db05c9e5e95bd	True
L2J_Mobius_CT_2.6_HighFive/java/org/l2jmobius/gameserver/phantoms/background/PhantomBackgroundService.java	146903	63c2e18094d9cafce7d90da350879c3529041d09cf3514c90c55d2353c74f92a	True
L2J_Mobius_CT_2.6_HighFive/java/org/l2jmobius/gameserver/phantoms/background/PhantomHistoricalBackgroundService.java	91954	3e3070a627679d370cf9e31bfaac578e0bd0cd49186de35d93f8e557fce81d73	True
L2J_Mobius_CT_2.6_HighFive/java/org/l2jmobius/gameserver/phantoms/background/PhantomVisibleFarmTravel.java	42852	196b35412c1434a930131c8209716f4dbe54700f23cf33a24b60c8d170fdb2dc	True
L2J_Mobius_CT_2.6_HighFive/java/org/l2jmobius/gameserver/phantoms/player/PhantomNativeWorkScope.java	29744	1b4e6b9954ae75016fc461b3c814dfb4ad38c91c870f63de5db7050777bd2e0c	True
L2J_Mobius_CT_2.6_HighFive/test/java/org/l2jmobius/tests/phantoms/PhantomCheckpointDrain025Suite.java	11576	01731fabcdd642ccbad0c829d82f5cb45989c7a9eb48deea27dfcd02ac481831	True
L2J_Mobius_CT_2.6_HighFive/test/java/org/l2jmobius/tests/phantoms/PhantomCheckpointRecovery025Suite.java	11926	6b9578ba728e9c9d75ae75fdd127e3bb1e35563a09344770ee7ac87517c27d29	True
L2J_Mobius_CT_2.6_HighFive/test/java/org/l2jmobius/tests/phantoms/PhantomContracts025DatabaseLane.java	3060	8268deef40ca79b2338cddb522b17408d362ff75c80f96de454c6732bfc6c4f1	True
L2J_Mobius_CT_2.6_HighFive/test/java/org/l2jmobius/tests/phantoms/PhantomHeadlessPlayerTestEnvironment.java	25751	728674d972aba5c305654a24ba009889054ab9258975dbc7d8e5e84f7f6df141	True
L2J_Mobius_CT_2.6_HighFive/test/java/org/l2jmobius/tests/phantoms/PhantomNativeContextHandoffSuite.java	33961	f27d1043df9d26d1f192aebe2e7cdcf98fbff93864e6a8733534ed8148aaf426	True
L2J_Mobius_CT_2.6_HighFive/docs/phantoms/tasks/PHANTOM-M1-CHECKPOINT-RECOVERY-025/.gitattributes	162	0c21a3eee0e860191cf3c9b69244395dc29b2a99208d07682919b2a92be75e04	False
L2J_Mobius_CT_2.6_HighFive/docs/phantoms/tasks/PHANTOM-M1-CHECKPOINT-RECOVERY-025/ACCEPTANCE.md	2138	0b238d24c9d7bc3215086521148ac1cce80f895ee49554bd1b5bbfdb5810f983	True
L2J_Mobius_CT_2.6_HighFive/docs/phantoms/tasks/PHANTOM-M1-CHECKPOINT-RECOVERY-025/b2-continuation-summary.log	1382	22ad23adf0a23ce5983be638822013d1870668b3b9bfe9306fb84b534ebc136e	False
L2J_Mobius_CT_2.6_HighFive/docs/phantoms/tasks/PHANTOM-M1-CHECKPOINT-RECOVERY-025/base-admission18-run.log	1847	bc0d9e0de230538b9d45edd407c9c09aeb42b56e0bb807bef7d2853499137482	False
L2J_Mobius_CT_2.6_HighFive/docs/phantoms/tasks/PHANTOM-M1-CHECKPOINT-RECOVERY-025/base-dynamic025-run.log	2064	a4ac942d9846a8605f2454d5cea3a9c8e05e5d2afeec4899b885839932c729ad	False
L2J_Mobius_CT_2.6_HighFive/docs/phantoms/tasks/PHANTOM-M1-CHECKPOINT-RECOVERY-025/base-lawful-run.log	1347	158bc6a57443d3a0ed99318edf8d83e93b9345267c6ec428c3455d9a1a5b727a	False
L2J_Mobius_CT_2.6_HighFive/docs/phantoms/tasks/PHANTOM-M1-CHECKPOINT-RECOVERY-025/base-raw-native022-run.log	934	69ac44f54d2f58edc311ee8f10d1991f7c58ed31f0bca72a9658e542a3d72627	False
L2J_Mobius_CT_2.6_HighFive/docs/phantoms/tasks/PHANTOM-M1-CHECKPOINT-RECOVERY-025/base-scope-closure-run.log	1526	a8e41e4af4f34a18a8aea5fd76556dace9e0244d78daeb9a963d7967b43a7aac	False
L2J_Mobius_CT_2.6_HighFive/docs/phantoms/tasks/PHANTOM-M1-CHECKPOINT-RECOVERY-025/base-timers025-run.log	1763	2cf9b9c2d0e46bc5003ff7e0009236f7caf0d8469d53808ee22afbf0cd1590e4	False
L2J_Mobius_CT_2.6_HighFive/docs/phantoms/tasks/PHANTOM-M1-CHECKPOINT-RECOVERY-025/BASE_ADMISSION18_025-engine.txt	131	f68d3455ec9aa911096a217adbbedb4a229ff4559220b66902562b8a373e4b2a	False
L2J_Mobius_CT_2.6_HighFive/docs/phantoms/tasks/PHANTOM-M1-CHECKPOINT-RECOVERY-025/BASE_ADMISSION18_025.log	19949	46035a2df965ca49cad9e8ab6f6377a5ee44913c0a7ab17034796601af7d96ac	False
L2J_Mobius_CT_2.6_HighFive/docs/phantoms/tasks/PHANTOM-M1-CHECKPOINT-RECOVERY-025/BASE_DYNAMIC025-engine.txt	131	f68d3455ec9aa911096a217adbbedb4a229ff4559220b66902562b8a373e4b2a	False
L2J_Mobius_CT_2.6_HighFive/docs/phantoms/tasks/PHANTOM-M1-CHECKPOINT-RECOVERY-025/BASE_DYNAMIC025.log	17310	414c13674304716140ede1aac02c79a81bc45f5befd60976114e06554ad2f3ec	False
L2J_Mobius_CT_2.6_HighFive/docs/phantoms/tasks/PHANTOM-M1-CHECKPOINT-RECOVERY-025/BASE_LAWFUL_BOUNDARIES023_025-engine.txt	131	f68d3455ec9aa911096a217adbbedb4a229ff4559220b66902562b8a373e4b2a	False
L2J_Mobius_CT_2.6_HighFive/docs/phantoms/tasks/PHANTOM-M1-CHECKPOINT-RECOVERY-025/BASE_LAWFUL_BOUNDARIES023_025.log	20148	fdc921561765ccb96b2d80c40b20f9ef4fdf7c0125109f00ae40ec8d56838a0f	False
L2J_Mobius_CT_2.6_HighFive/docs/phantoms/tasks/PHANTOM-M1-CHECKPOINT-RECOVERY-025/BASE_RAW_NATIVE022_025-engine.txt	131	f68d3455ec9aa911096a217adbbedb4a229ff4559220b66902562b8a373e4b2a	False
L2J_Mobius_CT_2.6_HighFive/docs/phantoms/tasks/PHANTOM-M1-CHECKPOINT-RECOVERY-025/BASE_RAW_NATIVE022_025.log	16292	7b661451b9fa026cb612c75a0cd830633075d442493f42ed271b760c4770ad6a	False
L2J_Mobius_CT_2.6_HighFive/docs/phantoms/tasks/PHANTOM-M1-CHECKPOINT-RECOVERY-025/BASE_SCOPE_CLOSURE025-engine.txt	131	f68d3455ec9aa911096a217adbbedb4a229ff4559220b66902562b8a373e4b2a	False
L2J_Mobius_CT_2.6_HighFive/docs/phantoms/tasks/PHANTOM-M1-CHECKPOINT-RECOVERY-025/BASE_SCOPE_CLOSURE025.log	14173	9b60077b7c75e9c25a27bb4ed029b342185d1738bd346b96e2a677235f049007	False
L2J_Mobius_CT_2.6_HighFive/docs/phantoms/tasks/PHANTOM-M1-CHECKPOINT-RECOVERY-025/BASE_TIMERS025-engine.txt	131	f68d3455ec9aa911096a217adbbedb4a229ff4559220b66902562b8a373e4b2a	False
L2J_Mobius_CT_2.6_HighFive/docs/phantoms/tasks/PHANTOM-M1-CHECKPOINT-RECOVERY-025/BASE_TIMERS025.log	14109	2c4f2127b342339e24d04c298cc050f7f95ca0c4122e490d7f8e17e2f1041a56	False
L2J_Mobius_CT_2.6_HighFive/docs/phantoms/tasks/PHANTOM-M1-CHECKPOINT-RECOVERY-025/build-base.log	772	d7c48489b65334b888892b3d018860e008c204e5cc3a6565ce7a48cbdda48f3c	False
L2J_Mobius_CT_2.6_HighFive/docs/phantoms/tasks/PHANTOM-M1-CHECKPOINT-RECOVERY-025/build-cold-green.log	772	e4e738d3a9b450e259a56059d0005bd9b341f5982dbdd56ef7e18cc58e9ef593	False
L2J_Mobius_CT_2.6_HighFive/docs/phantoms/tasks/PHANTOM-M1-CHECKPOINT-RECOVERY-025/build-cold-probe.log	4865	d27c3fc47fe5840f70a843ffb886b91fd63995bd9544aa25b92f49c5113fd1a1	False
L2J_Mobius_CT_2.6_HighFive/docs/phantoms/tasks/PHANTOM-M1-CHECKPOINT-RECOVERY-025/build-cold-probe2.log	772	e1b5d7d98fdd302649c9df35b895545a41909bbf2c269a9314c61e3975fc8780	False
L2J_Mobius_CT_2.6_HighFive/docs/phantoms/tasks/PHANTOM-M1-CHECKPOINT-RECOVERY-025/build-cold-red.log	772	7ec310e2f3d5c3ef005f369900692dbf96e834f13d0f70a73995b7bc710e763c	False
L2J_Mobius_CT_2.6_HighFive/docs/phantoms/tasks/PHANTOM-M1-CHECKPOINT-RECOVERY-025/build-collector025.log	0	e3b0c44298fc1c149afbf4c8996fb92427ae41e4649b934ca495991b7852b855	False
L2J_Mobius_CT_2.6_HighFive/docs/phantoms/tasks/PHANTOM-M1-CHECKPOINT-RECOVERY-025/build-drain-suite.log	772	0b18589b2d31f912d29088076e700c8e9cdd43260bc37d1f5be09ab7ba2236a7	False
L2J_Mobius_CT_2.6_HighFive/docs/phantoms/tasks/PHANTOM-M1-CHECKPOINT-RECOVERY-025/build-fractional-publication-red.log	772	0b18589b2d31f912d29088076e700c8e9cdd43260bc37d1f5be09ab7ba2236a7	False
L2J_Mobius_CT_2.6_HighFive/docs/phantoms/tasks/PHANTOM-M1-CHECKPOINT-RECOVERY-025/build-live-contracts2.log	772	b7320357a65ab90c8b6498c94f2404780090ab0c495fdf0fbbc145716a52bc42	False
L2J_Mobius_CT_2.6_HighFive/docs/phantoms/tasks/PHANTOM-M1-CHECKPOINT-RECOVERY-025/build-live-contracts3.log	772	b7320357a65ab90c8b6498c94f2404780090ab0c495fdf0fbbc145716a52bc42	False
L2J_Mobius_CT_2.6_HighFive/docs/phantoms/tasks/PHANTOM-M1-CHECKPOINT-RECOVERY-025/build-live-red.log	52	4501cd85ec266b50b22b2a3c3899b025a6164eef5551c31a3a6607dbf8eb20de	False
L2J_Mobius_CT_2.6_HighFive/docs/phantoms/tasks/PHANTOM-M1-CHECKPOINT-RECOVERY-025/build-live-red2.log	772	0b18589b2d31f912d29088076e700c8e9cdd43260bc37d1f5be09ab7ba2236a7	False
L2J_Mobius_CT_2.6_HighFive/docs/phantoms/tasks/PHANTOM-M1-CHECKPOINT-RECOVERY-025/build-live-red3.log	772	e1b5d7d98fdd302649c9df35b895545a41909bbf2c269a9314c61e3975fc8780	False
L2J_Mobius_CT_2.6_HighFive/docs/phantoms/tasks/PHANTOM-M1-CHECKPOINT-RECOVERY-025/build-live-typed1.log	772	b7320357a65ab90c8b6498c94f2404780090ab0c495fdf0fbbc145716a52bc42	False
L2J_Mobius_CT_2.6_HighFive/docs/phantoms/tasks/PHANTOM-M1-CHECKPOINT-RECOVERY-025/build-r1-committed.log	44	e2135277aa1f3ea9a87576cb7519fbd49286f29a917ccaea4a752864dacdcccc	False
L2J_Mobius_CT_2.6_HighFive/docs/phantoms/tasks/PHANTOM-M1-CHECKPOINT-RECOVERY-025/build-r2-candidate.log	772	b7320357a65ab90c8b6498c94f2404780090ab0c495fdf0fbbc145716a52bc42	False
L2J_Mobius_CT_2.6_HighFive/docs/phantoms/tasks/PHANTOM-M1-CHECKPOINT-RECOVERY-025/build-r2-committed-clean.log	118	da64a66e49a1ab3252cae2dcee0fc9d7c58342d71c6af720e769811b229b60fd	False
L2J_Mobius_CT_2.6_HighFive/docs/phantoms/tasks/PHANTOM-M1-CHECKPOINT-RECOVERY-025/build-r2-committed.log	44	5aeda7664557eff95d832530c5d44e771f4c77c15523f673be240364909fe8c6	False
L2J_Mobius_CT_2.6_HighFive/docs/phantoms/tasks/PHANTOM-M1-CHECKPOINT-RECOVERY-025/build-r2-observer-hook.log	772	b7320357a65ab90c8b6498c94f2404780090ab0c495fdf0fbbc145716a52bc42	False
L2J_Mobius_CT_2.6_HighFive/docs/phantoms/tasks/PHANTOM-M1-CHECKPOINT-RECOVERY-025/build-r3-fractional.log	772	b7320357a65ab90c8b6498c94f2404780090ab0c495fdf0fbbc145716a52bc42	False
L2J_Mobius_CT_2.6_HighFive/docs/phantoms/tasks/PHANTOM-M1-CHECKPOINT-RECOVERY-025/c-r4-b-flush.log	39	56ba510fc03efb7cd7cd1ad512e4487c0809288308180eb63504eb329f85222b	False
L2J_Mobius_CT_2.6_HighFive/docs/phantoms/tasks/PHANTOM-M1-CHECKPOINT-RECOVERY-025/c-r4-b2-flush.log	39	102812e8a01f41f8952bc3a59162ea31562748fb70a8209102c946f7ad7c5fc8	False
L2J_Mobius_CT_2.6_HighFive/docs/phantoms/tasks/PHANTOM-M1-CHECKPOINT-RECOVERY-025/Checks025.ps1	4126	f0f0954d8d772a82f9c8eb1f1aa0de5c408fdeccf62de5ebbe65838ade705ae0	True
L2J_Mobius_CT_2.6_HighFive/docs/phantoms/tasks/PHANTOM-M1-CHECKPOINT-RECOVERY-025/collector-r3-build.log	0	e3b0c44298fc1c149afbf4c8996fb92427ae41e4649b934ca495991b7852b855	False
L2J_Mobius_CT_2.6_HighFive/docs/phantoms/tasks/PHANTOM-M1-CHECKPOINT-RECOVERY-025/collector-r4-build.log	0	e3b0c44298fc1c149afbf4c8996fb92427ae41e4649b934ca495991b7852b855	False
L2J_Mobius_CT_2.6_HighFive/docs/phantoms/tasks/PHANTOM-M1-CHECKPOINT-RECOVERY-025/collector-r4-compile.log	0	e3b0c44298fc1c149afbf4c8996fb92427ae41e4649b934ca495991b7852b855	False
L2J_Mobius_CT_2.6_HighFive/docs/phantoms/tasks/PHANTOM-M1-CHECKPOINT-RECOVERY-025/collector025-precrash-build.log	0	e3b0c44298fc1c149afbf4c8996fb92427ae41e4649b934ca495991b7852b855	False
L2J_Mobius_CT_2.6_HighFive/docs/phantoms/tasks/PHANTOM-M1-CHECKPOINT-RECOVERY-025/Collector025.ps1	5626	dfbaadbadb49133a8802c11dbd5d066ed7a272e41d7ef86fdeaaf093c9d47343	True
L2J_Mobius_CT_2.6_HighFive/docs/phantoms/tasks/PHANTOM-M1-CHECKPOINT-RECOVERY-025/Contract025Observer.java	18639	a92f39934471233cbf5d3da0afc9412c452e51c4e7e0c473a7a3378c5fc0b777	True
L2J_Mobius_CT_2.6_HighFive/docs/phantoms/tasks/PHANTOM-M1-CHECKPOINT-RECOVERY-025/Control025.ps1	4400	e23139d50ed4bd4391593a9522022f0d69c2ab719abf37dcc3160eb1282b4054	True
L2J_Mobius_CT_2.6_HighFive/docs/phantoms/tasks/PHANTOM-M1-CHECKPOINT-RECOVERY-025/CRASH_WINDOWS.md	1878	af046fdcde82b622990b1bc06f04ef82b0975b3de32e526de904e3d1911321bd	True
L2J_Mobius_CT_2.6_HighFive/docs/phantoms/tasks/PHANTOM-M1-CHECKPOINT-RECOVERY-025/d-a-continuation-summary.log	1498	944ef5e1ba46a225f010f99fdb90ae1f1ae730d7bc33a3dbcc8c3b55e2cadcab	False
L2J_Mobius_CT_2.6_HighFive/docs/phantoms/tasks/PHANTOM-M1-CHECKPOINT-RECOVERY-025/d-a-flush.log	38	0f40f927fea3c7dbe4d37b15000ca3cdb42671d921b0993e8459c4fe39987e1f	False
L2J_Mobius_CT_2.6_HighFive/docs/phantoms/tasks/PHANTOM-M1-CHECKPOINT-RECOVERY-025/DESIGN.md	9708	014489be323686858b4809f36845da8177d85d39776fa746816dcb01b11c3922	True
L2J_Mobius_CT_2.6_HighFive/docs/phantoms/tasks/PHANTOM-M1-CHECKPOINT-RECOVERY-025/e-crash-native-attach-run.log	278	4e8a05b6df6c4fb70e8fc324e23a689682c09af164d7c077696c0cd5f64829ee	False
L2J_Mobius_CT_2.6_HighFive/docs/phantoms/tasks/PHANTOM-M1-CHECKPOINT-RECOVERY-025/e-crash-native-control-run.log	98	e6844ef17a635bfd2bee5445a77e64fe1effa2406911ed7d961eab2c442c0e8f	False
L2J_Mobius_CT_2.6_HighFive/docs/phantoms/tasks/PHANTOM-M1-CHECKPOINT-RECOVERY-025/evidence/A_RESTART1_EARLY/characters.tsv	218	d3f3934af1aca8496cca6da423cdc33d86804162de671b47429cbed924a2d3ad	False
L2J_Mobius_CT_2.6_HighFive/docs/phantoms/tasks/PHANTOM-M1-CHECKPOINT-RECOVERY-025/evidence/A_RESTART1_EARLY/counts.tsv	91	aab3b1267a63af78e3c4d0d4c1b1c817e5fc4cb9a29f65ec42b30fe7f3215f63	False
L2J_Mobius_CT_2.6_HighFive/docs/phantoms/tasks/PHANTOM-M1-CHECKPOINT-RECOVERY-025/evidence/A_RESTART1_EARLY/durable-decoded.tsv	533	7257990f25b9d7cc53e4295b195d8368f98b4e57e372f98179e4aeac1632ed6d	False
L2J_Mobius_CT_2.6_HighFive/docs/phantoms/tasks/PHANTOM-M1-CHECKPOINT-RECOVERY-025/evidence/A_RESTART1_EARLY/durable-hex.tsv	6596	54d741fe86a9bfbe30f19c497fa8dcb22fca236371a514599a6a4309a2d8c81a	False
L2J_Mobius_CT_2.6_HighFive/docs/phantoms/tasks/PHANTOM-M1-CHECKPOINT-RECOVERY-025/evidence/A_RESTART1_EARLY/items.tsv	1700	2d192f0ca183b55a80ddc1069fc03c2f7bb8734d3b1accc90cb1330ecb31ba02	False
L2J_Mobius_CT_2.6_HighFive/docs/phantoms/tasks/PHANTOM-M1-CHECKPOINT-RECOVERY-025/evidence/A_RESTART1_EARLY/runtime-manifest.json	977	767f26c42ed3b0a829170417b2d7a8f229ff25721273b1e778d6b718e8da5215	False
L2J_Mobius_CT_2.6_HighFive/docs/phantoms/tasks/PHANTOM-M1-CHECKPOINT-RECOVERY-025/evidence/A_RESTART1_EARLY/skills.tsv	239	676c09f7f588fbd968d9227c0da5db5d8e52690505895998970a0f32125480f3	False
L2J_Mobius_CT_2.6_HighFive/docs/phantoms/tasks/PHANTOM-M1-CHECKPOINT-RECOVERY-025/evidence/A_RESTART1_EXACT.json	771	939331b0782eea5afbcd3fa5bb296bfe49ea87901ebbda5b0ac9e604adb87c83	False
L2J_Mobius_CT_2.6_HighFive/docs/phantoms/tasks/PHANTOM-M1-CHECKPOINT-RECOVERY-025/evidence/A_RESTART1_PROBE/0001-STATUS.json	1224	a149b62710dc5b9659b9a67e0babb1c8e3129084c90012bd5c3e5baac80c6572	False
L2J_Mobius_CT_2.6_HighFive/docs/phantoms/tasks/PHANTOM-M1-CHECKPOINT-RECOVERY-025/evidence/A_RESTART1_PROBE/0001-STATUS.xml	1174	984e1ca52358ecc2c8bcf9ebe18a9f7eb15fda7a82a8c924a24fe7f4ad07e20a	False
L2J_Mobius_CT_2.6_HighFive/docs/phantoms/tasks/PHANTOM-M1-CHECKPOINT-RECOVERY-025/evidence/A_RESTART1_PROBE/0002-SNAPSHOT_PHANTOMS.json	41628	738a5579453f3414a66b1f038bac9587f9ffb65c21ae371793b6f83a8c7bc0db	False
L2J_Mobius_CT_2.6_HighFive/docs/phantoms/tasks/PHANTOM-M1-CHECKPOINT-RECOVERY-025/evidence/A_RESTART1_PROBE/0002-SNAPSHOT_PHANTOMS.xml	39402	80a2b96977e96eab8066a2b6eb4262cfd470ac7b4921ff849935ed740f02b10c	False
L2J_Mobius_CT_2.6_HighFive/docs/phantoms/tasks/PHANTOM-M1-CHECKPOINT-RECOVERY-025/evidence/A_RESTART1_PROBE/0003-SNAPSHOT_PHANTOMS.json	1702	484bfde1aff77cb02987e27404e0649618a125fc3fccb24bdd22994377f8f792	False
L2J_Mobius_CT_2.6_HighFive/docs/phantoms/tasks/PHANTOM-M1-CHECKPOINT-RECOVERY-025/evidence/A_RESTART1_PROBE/0003-SNAPSHOT_PHANTOMS.xml	1618	cf771de9c906d544ba448d41cb53af2c6a5c1bb320050addba9fc48c249b3e84	False
L2J_Mobius_CT_2.6_HighFive/docs/phantoms/tasks/PHANTOM-M1-CHECKPOINT-RECOVERY-025/evidence/A_RESTART1_PROBE/0004-SNAPSHOT_PHANTOMS.json	41980	b3e67d1c7e7d5d733ee6130f6da8ddc59a29b17d1b311925ba77b2ad92963fe2	False
L2J_Mobius_CT_2.6_HighFive/docs/phantoms/tasks/PHANTOM-M1-CHECKPOINT-RECOVERY-025/evidence/A_RESTART1_PROBE/0004-SNAPSHOT_PHANTOMS.xml	39754	cc733823f5981625fb8d6beb5bd2411f8e59654e7ad383b8eae7ab936fa6a4c7	False
L2J_Mobius_CT_2.6_HighFive/docs/phantoms/tasks/PHANTOM-M1-CHECKPOINT-RECOVERY-025/evidence/A_RESTART1_PROBE/0005-SNAPSHOT_PHANTOMS.json	1821	d98e60daf7c6cbb51728e1f57f9ec5922fc43e57857eaac393404197e0e79d3f	False
L2J_Mobius_CT_2.6_HighFive/docs/phantoms/tasks/PHANTOM-M1-CHECKPOINT-RECOVERY-025/evidence/A_RESTART1_PROBE/0005-SNAPSHOT_PHANTOMS.xml	1723	65e876af05f592bdd17d48eed761983408ed51c2e1959ce2cfdcfb5ce3880ffe	False
L2J_Mobius_CT_2.6_HighFive/docs/phantoms/tasks/PHANTOM-M1-CHECKPOINT-RECOVERY-025/evidence/A_RESTART1_PROBE/0006-SNAPSHOT_PHANTOMS.json	40783	dd8d660be55268f40abd003281eecfe6010d41bc6e6b41422d41507cb3fed4be	False
L2J_Mobius_CT_2.6_HighFive/docs/phantoms/tasks/PHANTOM-M1-CHECKPOINT-RECOVERY-025/evidence/A_RESTART1_PROBE/0006-SNAPSHOT_PHANTOMS.xml	38613	9255be677964fce2b5102662c339859b12acbef4fae512a75679e4eaeb0ea8e1	False
L2J_Mobius_CT_2.6_HighFive/docs/phantoms/tasks/PHANTOM-M1-CHECKPOINT-RECOVERY-025/evidence/A_RESTART1_PROBE/0007-SNAPSHOT_PHANTOMS.json	1704	d7946ad3b74be1480035498e3d730ac12c0082604fe27d7d0a2f653e00556b87	False
L2J_Mobius_CT_2.6_HighFive/docs/phantoms/tasks/PHANTOM-M1-CHECKPOINT-RECOVERY-025/evidence/A_RESTART1_PROBE/0007-SNAPSHOT_PHANTOMS.xml	1620	5e2f61e9816cb09a83c634f8438dcd8369df93176bf749a9d5d0ea0c75a20f40	False
L2J_Mobius_CT_2.6_HighFive/docs/phantoms/tasks/PHANTOM-M1-CHECKPOINT-RECOVERY-025/evidence/A_RESTART1_PROBE/0008-SNAPSHOT_PHANTOMS.json	41101	437d4acd6e87eeb73f4a40337a338575ce6a7930516e7516d772fa7a79f44ec0	False
L2J_Mobius_CT_2.6_HighFive/docs/phantoms/tasks/PHANTOM-M1-CHECKPOINT-RECOVERY-025/evidence/A_RESTART1_PROBE/0008-SNAPSHOT_PHANTOMS.xml	38917	f9a3e1240fbf13c763848ac3ecc80e93effe027c912141ab5b39a9a8bfcbeb42	False
L2J_Mobius_CT_2.6_HighFive/docs/phantoms/tasks/PHANTOM-M1-CHECKPOINT-RECOVERY-025/evidence/A_RESTART1_PROBE/0009-SNAPSHOT_PHANTOMS.json	1816	2c11567610a698c311da55c74621fa51134b735bf00db1b46b08cf1e1f6c97cc	False
L2J_Mobius_CT_2.6_HighFive/docs/phantoms/tasks/PHANTOM-M1-CHECKPOINT-RECOVERY-025/evidence/A_RESTART1_PROBE/0009-SNAPSHOT_PHANTOMS.xml	1718	4a63932c7ab8c43977f399a4a639f17ac3310639b736b343a74c2ab22dee180a	False
L2J_Mobius_CT_2.6_HighFive/docs/phantoms/tasks/PHANTOM-M1-CHECKPOINT-RECOVERY-025/evidence/A_RESTART1_PROBE/0010-SNAPSHOT_PHANTOMS.json	42307	8f308a81084653a44fdf3023bce6f704f8e614ac4d332bba84321679c774b168	False
L2J_Mobius_CT_2.6_HighFive/docs/phantoms/tasks/PHANTOM-M1-CHECKPOINT-RECOVERY-025/evidence/A_RESTART1_PROBE/0010-SNAPSHOT_PHANTOMS.xml	40109	91404ce25213ca67a283b091f6290bc684b9a619a39124ffef841a3b28f2298d	False
L2J_Mobius_CT_2.6_HighFive/docs/phantoms/tasks/PHANTOM-M1-CHECKPOINT-RECOVERY-025/evidence/A_RESTART1_PROBE/0011-SNAPSHOT_PHANTOMS.json	1814	968c9b57e887092c15b858b0a3147ca6ad8ef0463cd32488f7ede4668983fb27	False
L2J_Mobius_CT_2.6_HighFive/docs/phantoms/tasks/PHANTOM-M1-CHECKPOINT-RECOVERY-025/evidence/A_RESTART1_PROBE/0011-SNAPSHOT_PHANTOMS.xml	1716	c94983981dd314e15fb955aafc29e01deb5fdf35bf3da772019c6e40ac2f115b	False
L2J_Mobius_CT_2.6_HighFive/docs/phantoms/tasks/PHANTOM-M1-CHECKPOINT-RECOVERY-025/evidence/A_RESTART1_PROBE/baseline/characters.tsv	218	d3f3934af1aca8496cca6da423cdc33d86804162de671b47429cbed924a2d3ad	False
L2J_Mobius_CT_2.6_HighFive/docs/phantoms/tasks/PHANTOM-M1-CHECKPOINT-RECOVERY-025/evidence/A_RESTART1_PROBE/baseline/counts.tsv	91	6530a300d1dc8de574f4319c5f9ecddc285884f8be1a276f05529bf57e91971b	False
L2J_Mobius_CT_2.6_HighFive/docs/phantoms/tasks/PHANTOM-M1-CHECKPOINT-RECOVERY-025/evidence/A_RESTART1_PROBE/baseline/durable-decoded.tsv	533	7257990f25b9d7cc53e4295b195d8368f98b4e57e372f98179e4aeac1632ed6d	False
L2J_Mobius_CT_2.6_HighFive/docs/phantoms/tasks/PHANTOM-M1-CHECKPOINT-RECOVERY-025/evidence/A_RESTART1_PROBE/baseline/durable-hex.tsv	6596	54d741fe86a9bfbe30f19c497fa8dcb22fca236371a514599a6a4309a2d8c81a	False
L2J_Mobius_CT_2.6_HighFive/docs/phantoms/tasks/PHANTOM-M1-CHECKPOINT-RECOVERY-025/evidence/A_RESTART1_PROBE/baseline/items.tsv	1700	2d192f0ca183b55a80ddc1069fc03c2f7bb8734d3b1accc90cb1330ecb31ba02	False
L2J_Mobius_CT_2.6_HighFive/docs/phantoms/tasks/PHANTOM-M1-CHECKPOINT-RECOVERY-025/evidence/A_RESTART1_PROBE/baseline/runtime-manifest.json	977	767f26c42ed3b0a829170417b2d7a8f229ff25721273b1e778d6b718e8da5215	False
L2J_Mobius_CT_2.6_HighFive/docs/phantoms/tasks/PHANTOM-M1-CHECKPOINT-RECOVERY-025/evidence/A_RESTART1_PROBE/baseline/skills.tsv	239	676c09f7f588fbd968d9227c0da5db5d8e52690505895998970a0f32125480f3	False
L2J_Mobius_CT_2.6_HighFive/docs/phantoms/tasks/PHANTOM-M1-CHECKPOINT-RECOVERY-025/evidence/A_RESTART1_PROBE/before-stop/characters.tsv	218	d3f3934af1aca8496cca6da423cdc33d86804162de671b47429cbed924a2d3ad	False
L2J_Mobius_CT_2.6_HighFive/docs/phantoms/tasks/PHANTOM-M1-CHECKPOINT-RECOVERY-025/evidence/A_RESTART1_PROBE/before-stop/counts.tsv	91	aa99ca5dba7fa381db254c5c5ddc6d5b6d06d6134c2ac9413eb37523fcdce640	False
L2J_Mobius_CT_2.6_HighFive/docs/phantoms/tasks/PHANTOM-M1-CHECKPOINT-RECOVERY-025/evidence/A_RESTART1_PROBE/before-stop/durable-decoded.tsv	427	284c3c50a03f299f6eacf18cc50b3716099dc1c33d7758008310c1612a912e70	False
L2J_Mobius_CT_2.6_HighFive/docs/phantoms/tasks/PHANTOM-M1-CHECKPOINT-RECOVERY-025/evidence/A_RESTART1_PROBE/before-stop/durable-hex.tsv	2379	f6719669d82fdeccada897266136ad70fe33e63d1f6c51192f155c24dab73c0c	False
L2J_Mobius_CT_2.6_HighFive/docs/phantoms/tasks/PHANTOM-M1-CHECKPOINT-RECOVERY-025/evidence/A_RESTART1_PROBE/before-stop/items.tsv	1700	2d192f0ca183b55a80ddc1069fc03c2f7bb8734d3b1accc90cb1330ecb31ba02	False
L2J_Mobius_CT_2.6_HighFive/docs/phantoms/tasks/PHANTOM-M1-CHECKPOINT-RECOVERY-025/evidence/A_RESTART1_PROBE/before-stop/runtime-manifest.json	977	767f26c42ed3b0a829170417b2d7a8f229ff25721273b1e778d6b718e8da5215	False
L2J_Mobius_CT_2.6_HighFive/docs/phantoms/tasks/PHANTOM-M1-CHECKPOINT-RECOVERY-025/evidence/A_RESTART1_PROBE/before-stop/skills.tsv	239	676c09f7f588fbd968d9227c0da5db5d8e52690505895998970a0f32125480f3	False
L2J_Mobius_CT_2.6_HighFive/docs/phantoms/tasks/PHANTOM-M1-CHECKPOINT-RECOVERY-025/evidence/A_RESTART1_PROBE/heartbeat-control.log	0	e3b0c44298fc1c149afbf4c8996fb92427ae41e4649b934ca495991b7852b855	False
L2J_Mobius_CT_2.6_HighFive/docs/phantoms/tasks/PHANTOM-M1-CHECKPOINT-RECOVERY-025/evidence/A_RESTART1_PROBE/observed-profile-ids.json	69	ea9c2d3efacf1442632e9ff71239859ac988f671e94b0a33144ac60312ade4f0	False
L2J_Mobius_CT_2.6_HighFive/docs/phantoms/tasks/PHANTOM-M1-CHECKPOINT-RECOVERY-025/evidence/A_RESTART1_PROBE/synthetic-start.json	112	a67ed30892b690739cbd2894ecbbaaeb97ed16ffea1432b79c5982a2407dcc34	False
L2J_Mobius_CT_2.6_HighFive/docs/phantoms/tasks/PHANTOM-M1-CHECKPOINT-RECOVERY-025/evidence/A_RESTART1_PROBE/synthetic-stop.json	114	d9cb9d4595599f482218a5aa694bc97196104e71293f6b00e01b242c1d029639	False
L2J_Mobius_CT_2.6_HighFive/docs/phantoms/tasks/PHANTOM-M1-CHECKPOINT-RECOVERY-025/evidence/A_RESTART1_STOPPED/characters.tsv	218	d3f3934af1aca8496cca6da423cdc33d86804162de671b47429cbed924a2d3ad	False
L2J_Mobius_CT_2.6_HighFive/docs/phantoms/tasks/PHANTOM-M1-CHECKPOINT-RECOVERY-025/evidence/A_RESTART1_STOPPED/counts.tsv	91	606ec69fca04582d883c1b4f719e5142c18c92ffe84921e0c2b32c180fa0adb5	False
L2J_Mobius_CT_2.6_HighFive/docs/phantoms/tasks/PHANTOM-M1-CHECKPOINT-RECOVERY-025/evidence/A_RESTART1_STOPPED/durable-decoded.tsv	427	284c3c50a03f299f6eacf18cc50b3716099dc1c33d7758008310c1612a912e70	False
L2J_Mobius_CT_2.6_HighFive/docs/phantoms/tasks/PHANTOM-M1-CHECKPOINT-RECOVERY-025/evidence/A_RESTART1_STOPPED/durable-hex.tsv	2379	f6719669d82fdeccada897266136ad70fe33e63d1f6c51192f155c24dab73c0c	False
L2J_Mobius_CT_2.6_HighFive/docs/phantoms/tasks/PHANTOM-M1-CHECKPOINT-RECOVERY-025/evidence/A_RESTART1_STOPPED/items.tsv	1700	2d192f0ca183b55a80ddc1069fc03c2f7bb8734d3b1accc90cb1330ecb31ba02	False
L2J_Mobius_CT_2.6_HighFive/docs/phantoms/tasks/PHANTOM-M1-CHECKPOINT-RECOVERY-025/evidence/A_RESTART1_STOPPED/runtime-manifest.json	977	767f26c42ed3b0a829170417b2d7a8f229ff25721273b1e778d6b718e8da5215	False
L2J_Mobius_CT_2.6_HighFive/docs/phantoms/tasks/PHANTOM-M1-CHECKPOINT-RECOVERY-025/evidence/A_RESTART1_STOPPED/skills.tsv	239	676c09f7f588fbd968d9227c0da5db5d8e52690505895998970a0f32125480f3	False
L2J_Mobius_CT_2.6_HighFive/docs/phantoms/tasks/PHANTOM-M1-CHECKPOINT-RECOVERY-025/evidence/A_RESTART2_EARLY/characters.tsv	218	d3f3934af1aca8496cca6da423cdc33d86804162de671b47429cbed924a2d3ad	False
L2J_Mobius_CT_2.6_HighFive/docs/phantoms/tasks/PHANTOM-M1-CHECKPOINT-RECOVERY-025/evidence/A_RESTART2_EARLY/counts.tsv	91	606ec69fca04582d883c1b4f719e5142c18c92ffe84921e0c2b32c180fa0adb5	False
L2J_Mobius_CT_2.6_HighFive/docs/phantoms/tasks/PHANTOM-M1-CHECKPOINT-RECOVERY-025/evidence/A_RESTART2_EARLY/durable-decoded.tsv	427	284c3c50a03f299f6eacf18cc50b3716099dc1c33d7758008310c1612a912e70	False
L2J_Mobius_CT_2.6_HighFive/docs/phantoms/tasks/PHANTOM-M1-CHECKPOINT-RECOVERY-025/evidence/A_RESTART2_EARLY/durable-hex.tsv	2379	f6719669d82fdeccada897266136ad70fe33e63d1f6c51192f155c24dab73c0c	False
L2J_Mobius_CT_2.6_HighFive/docs/phantoms/tasks/PHANTOM-M1-CHECKPOINT-RECOVERY-025/evidence/A_RESTART2_EARLY/items.tsv	1700	2d192f0ca183b55a80ddc1069fc03c2f7bb8734d3b1accc90cb1330ecb31ba02	False
L2J_Mobius_CT_2.6_HighFive/docs/phantoms/tasks/PHANTOM-M1-CHECKPOINT-RECOVERY-025/evidence/A_RESTART2_EARLY/runtime-manifest.json	977	767f26c42ed3b0a829170417b2d7a8f229ff25721273b1e778d6b718e8da5215	False
L2J_Mobius_CT_2.6_HighFive/docs/phantoms/tasks/PHANTOM-M1-CHECKPOINT-RECOVERY-025/evidence/A_RESTART2_EARLY/skills.tsv	239	676c09f7f588fbd968d9227c0da5db5d8e52690505895998970a0f32125480f3	False
L2J_Mobius_CT_2.6_HighFive/docs/phantoms/tasks/PHANTOM-M1-CHECKPOINT-RECOVERY-025/evidence/A_RESTART2_EXACT.json	771	939331b0782eea5afbcd3fa5bb296bfe49ea87901ebbda5b0ac9e604adb87c83	False
L2J_Mobius_CT_2.6_HighFive/docs/phantoms/tasks/PHANTOM-M1-CHECKPOINT-RECOVERY-025/evidence/BASE_ADMISSION18_025/visible-decision-admission.txt	4093	8de7a8e907568649e0023a0f9f3f22acb128bd5140f98221fb62342dd39eda94	False
L2J_Mobius_CT_2.6_HighFive/docs/phantoms/tasks/PHANTOM-M1-CHECKPOINT-RECOVERY-025/evidence/BASE_ADMISSION18_025/visible-decision-admission.xml	4991	53159dac78a64e2820f880764922710623abb75593433eba120b2c9d4255e68d	False
L2J_Mobius_CT_2.6_HighFive/docs/phantoms/tasks/PHANTOM-M1-CHECKPOINT-RECOVERY-025/evidence/BASE_DYNAMIC025/m1-native-lifecycle.txt	3451	0193513a8ca5b38b65ae06a4530437c3e97cf64c96b944067fccc94d6f2639fe	False
L2J_Mobius_CT_2.6_HighFive/docs/phantoms/tasks/PHANTOM-M1-CHECKPOINT-RECOVERY-025/evidence/BASE_DYNAMIC025/m1-native-lifecycle.xml	4098	1c3af8bf7701a79e6164b2bb903c7371a2f64c20b8c89bd50a15b2298a92b61b	False
L2J_Mobius_CT_2.6_HighFive/docs/phantoms/tasks/PHANTOM-M1-CHECKPOINT-RECOVERY-025/evidence/BASE_LAWFUL_BOUNDARIES023_025/living-world023.txt	8548	38c3e5ad597fad658f74718c9f06cc88ed03dc5d3ab6317a7f66959c7e18a0ea	False
L2J_Mobius_CT_2.6_HighFive/docs/phantoms/tasks/PHANTOM-M1-CHECKPOINT-RECOVERY-025/evidence/BASE_LAWFUL_BOUNDARIES023_025/living-world023.xml	9444	f8432bd04d298c9f3529c50dbdbd076703b7817a8af0bf86edbf5fe4ff3d62b8	False
L2J_Mobius_CT_2.6_HighFive/docs/phantoms/tasks/PHANTOM-M1-CHECKPOINT-RECOVERY-025/evidence/BASE_RAW_NATIVE022_025/native-farm-continuation022.txt	2137	7386cc9cbfcd07c3fb0711d0b6cbd81983513b6f995476582106eaf815df2a76	False
L2J_Mobius_CT_2.6_HighFive/docs/phantoms/tasks/PHANTOM-M1-CHECKPOINT-RECOVERY-025/evidence/BASE_RAW_NATIVE022_025/native-farm-continuation022.xml	2574	b98acf694e351537e3e4f08b82244bce93d7c52ae3ec53597d7d1f7b9067282b	False
L2J_Mobius_CT_2.6_HighFive/docs/phantoms/tasks/PHANTOM-M1-CHECKPOINT-RECOVERY-025/evidence/BASE_SCOPE_CLOSURE025/m1-native-lifecycle.txt	4574	5e8255b8efdfd14cd78ea51b3f7bbb922a60db00a9d395982a35cfa128c3f31f	False
L2J_Mobius_CT_2.6_HighFive/docs/phantoms/tasks/PHANTOM-M1-CHECKPOINT-RECOVERY-025/evidence/BASE_SCOPE_CLOSURE025/m1-native-lifecycle.xml	5534	d8550d48b3360efd5d993a3eeaeddc60fb826be9b093a568c5f182bf39f6e7c2	False
L2J_Mobius_CT_2.6_HighFive/docs/phantoms/tasks/PHANTOM-M1-CHECKPOINT-RECOVERY-025/evidence/BASE_TIMERS025/m1-native-lifecycle.txt	2751	80e391da511459ca5401751cd83a7afb19e1c948e405b28270f541c04919bb5a	False
L2J_Mobius_CT_2.6_HighFive/docs/phantoms/tasks/PHANTOM-M1-CHECKPOINT-RECOVERY-025/evidence/BASE_TIMERS025/m1-native-lifecycle.xml	3289	f6337723573423bae8f8ab6c7e18414c807f9a0d5c6a0d0aabe8da6df93d509f	False
L2J_Mobius_CT_2.6_HighFive/docs/phantoms/tasks/PHANTOM-M1-CHECKPOINT-RECOVERY-025/evidence/C_R1_FIRST_PRODUCER/heartbeat-control.log	0	e3b0c44298fc1c149afbf4c8996fb92427ae41e4649b934ca495991b7852b855	False
L2J_Mobius_CT_2.6_HighFive/docs/phantoms/tasks/PHANTOM-M1-CHECKPOINT-RECOVERY-025/evidence/C_R1_FIRST_PRODUCER/run-id.txt	38	9daab4452c6aed28307bdeebf6514062fd547e004d95ff1bd40dca08eac7f372	False
L2J_Mobius_CT_2.6_HighFive/docs/phantoms/tasks/PHANTOM-M1-CHECKPOINT-RECOVERY-025/evidence/C_R1_FIRST_PRODUCER/synthetic-start.json	112	4a217e36824e78201b9dd7f78e3da49df693282e38a4f4402487cdc0c98ce148	False
L2J_Mobius_CT_2.6_HighFive/docs/phantoms/tasks/PHANTOM-M1-CHECKPOINT-RECOVERY-025/evidence/C_R1_FIRST_PRODUCER/synthetic-stop.json	114	070d0b5bfc7a683b4d3cb502c9cee70f3cd209b0b0453cea44ba438887499cc5	False
L2J_Mobius_CT_2.6_HighFive/docs/phantoms/tasks/PHANTOM-M1-CHECKPOINT-RECOVERY-025/evidence/C_R1_FIRST_PRODUCER_2/0001-STATUS.json	1227	16707f7f1c3f1443c2eccf70a40418cc5357ef4aadc161eb20e0e5d57f4aa04f	False
L2J_Mobius_CT_2.6_HighFive/docs/phantoms/tasks/PHANTOM-M1-CHECKPOINT-RECOVERY-025/evidence/C_R1_FIRST_PRODUCER_2/0001-STATUS.xml	1177	d1ad0852c2af07418569d681c6b42b78742a4b30506a5a8ac17fcafeeda4a086	False
L2J_Mobius_CT_2.6_HighFive/docs/phantoms/tasks/PHANTOM-M1-CHECKPOINT-RECOVERY-025/evidence/C_R1_FIRST_PRODUCER_2/0002-TELEPORT_SELF.json	1149	10500a55800c79b9ba8309f0fdda78d861533f21ee0cf49aeff6c57137ce08fb	False
L2J_Mobius_CT_2.6_HighFive/docs/phantoms/tasks/PHANTOM-M1-CHECKPOINT-RECOVERY-025/evidence/C_R1_FIRST_PRODUCER_2/0002-TELEPORT_SELF.xml	1109	e3f222c3404e6f45188b9d46ea9ccc2a96c413b50b429728ac0ac08c0769136d	False
L2J_Mobius_CT_2.6_HighFive/docs/phantoms/tasks/PHANTOM-M1-CHECKPOINT-RECOVERY-025/evidence/C_R1_FIRST_PRODUCER_2/heartbeat-control.log	0	e3b0c44298fc1c149afbf4c8996fb92427ae41e4649b934ca495991b7852b855	False
L2J_Mobius_CT_2.6_HighFive/docs/phantoms/tasks/PHANTOM-M1-CHECKPOINT-RECOVERY-025/evidence/C_R1_FIRST_PRODUCER_2/run-id.txt	38	720f684bfa49dd6382fdf76dec025c112312bccb7f9e000c6ff31676043941c1	False
L2J_Mobius_CT_2.6_HighFive/docs/phantoms/tasks/PHANTOM-M1-CHECKPOINT-RECOVERY-025/evidence/C_R1_FIRST_PRODUCER_2/synthetic-start.json	112	ed81d5e631af6fbc78cef4997fb949516f6a71ca39c2360f0a60bd26f536ef70	False
L2J_Mobius_CT_2.6_HighFive/docs/phantoms/tasks/PHANTOM-M1-CHECKPOINT-RECOVERY-025/evidence/C_R1_FIRST_PRODUCER_2/synthetic-stop.json	114	ba82e99788f46c7c33b6880689577173b6610b05d1df68ad24ec436f137f8b9b	False
L2J_Mobius_CT_2.6_HighFive/docs/phantoms/tasks/PHANTOM-M1-CHECKPOINT-RECOVERY-025/evidence/C_R1_FIRST_PRODUCER_3/0001-STATUS.json	1227	3af05f0168e4e6677f04e36632e88ab011e284370d5cd9d7dc8b30e00ebe164d	False
L2J_Mobius_CT_2.6_HighFive/docs/phantoms/tasks/PHANTOM-M1-CHECKPOINT-RECOVERY-025/evidence/C_R1_FIRST_PRODUCER_3/0001-STATUS.xml	1177	7b9100fad6dd68c14d8509f346391edf6cc712b8dbc5565889d052ed4aff542e	False
L2J_Mobius_CT_2.6_HighFive/docs/phantoms/tasks/PHANTOM-M1-CHECKPOINT-RECOVERY-025/evidence/C_R1_FIRST_PRODUCER_3/0002-TELEPORT_SELF.json	1160	4fc59ab127b2feed08610f4d6ae9f7e2e3e97b5be88116f9b890cbb3545cfbc7	False
L2J_Mobius_CT_2.6_HighFive/docs/phantoms/tasks/PHANTOM-M1-CHECKPOINT-RECOVERY-025/evidence/C_R1_FIRST_PRODUCER_3/0002-TELEPORT_SELF.xml	1120	b8e5e807867c23890c9cf36b62dabf12e33c045e0b862f0fe7f81a76d924d2c8	False
L2J_Mobius_CT_2.6_HighFive/docs/phantoms/tasks/PHANTOM-M1-CHECKPOINT-RECOVERY-025/evidence/C_R1_FIRST_PRODUCER_3/0003-STATUS.json	1227	71c2facd6a77028316a90b1f27ad8b6c59f34ac89eaa5430a6c8db1e955a8e62	False
L2J_Mobius_CT_2.6_HighFive/docs/phantoms/tasks/PHANTOM-M1-CHECKPOINT-RECOVERY-025/evidence/C_R1_FIRST_PRODUCER_3/0003-STATUS.xml	1177	925bb791470ac7ddd4ce19754c44ca629d676d931b505eb6c3e5a5ea26975245	False
L2J_Mobius_CT_2.6_HighFive/docs/phantoms/tasks/PHANTOM-M1-CHECKPOINT-RECOVERY-025/evidence/C_R1_FIRST_PRODUCER_3/0004-SNAPSHOT_PHANTOMS.json	41827	ae2791f986305c9d70c5bc6788ed2937c016a5b0659aa763b1bec04c5433bad5	False
L2J_Mobius_CT_2.6_HighFive/docs/phantoms/tasks/PHANTOM-M1-CHECKPOINT-RECOVERY-025/evidence/C_R1_FIRST_PRODUCER_3/0004-SNAPSHOT_PHANTOMS.xml	39615	5a2263c3221ec89c65019ef3581663a1566e35247cadd75c4dfb7982b478789f	False
L2J_Mobius_CT_2.6_HighFive/docs/phantoms/tasks/PHANTOM-M1-CHECKPOINT-RECOVERY-025/evidence/C_R1_FIRST_PRODUCER_3/0005-SNAPSHOT_PHANTOMS.json	1700	07176e80160090b9151351c04c77daa2a4ed8a3b5ce2e733a91b346bd96d752b	False
L2J_Mobius_CT_2.6_HighFive/docs/phantoms/tasks/PHANTOM-M1-CHECKPOINT-RECOVERY-025/evidence/C_R1_FIRST_PRODUCER_3/0005-SNAPSHOT_PHANTOMS.xml	1616	e7dde56fd8c1528d8d84e9a33817888cc8c3aa4c68e703ab9cad84a0327eb487	False
L2J_Mobius_CT_2.6_HighFive/docs/phantoms/tasks/PHANTOM-M1-CHECKPOINT-RECOVERY-025/evidence/C_R1_FIRST_PRODUCER_3/0006-SNAPSHOT_PHANTOMS.json	42283	56c9931cb773785f4381e32e469d164d45258329df7deaa9baba53bdc623cc1c	False
L2J_Mobius_CT_2.6_HighFive/docs/phantoms/tasks/PHANTOM-M1-CHECKPOINT-RECOVERY-025/evidence/C_R1_FIRST_PRODUCER_3/0006-SNAPSHOT_PHANTOMS.xml	40071	bdfcb83cf120e96b7cc0614987c2ae9cc991e46157f077c951c3e8562bac7da4	False
L2J_Mobius_CT_2.6_HighFive/docs/phantoms/tasks/PHANTOM-M1-CHECKPOINT-RECOVERY-025/evidence/C_R1_FIRST_PRODUCER_3/0007-SNAPSHOT_PHANTOMS.json	1703	5c625bde6914110519fc955a5b0647949f1ce275ca701cb83f53d3bef324aa95	False
L2J_Mobius_CT_2.6_HighFive/docs/phantoms/tasks/PHANTOM-M1-CHECKPOINT-RECOVERY-025/evidence/C_R1_FIRST_PRODUCER_3/0007-SNAPSHOT_PHANTOMS.xml	1619	d82976f75fdddff2dd0f439f2f993d7f2bc266d5bf28be57e6a466389d2aa520	False
L2J_Mobius_CT_2.6_HighFive/docs/phantoms/tasks/PHANTOM-M1-CHECKPOINT-RECOVERY-025/evidence/C_R1_FIRST_PRODUCER_3/0008-SNAPSHOT_PHANTOMS.json	41374	c2eda3911eb95fdc3103eb4acd0941f95fdda35ccbe2f296ee70c19e14c9404d	False
L2J_Mobius_CT_2.6_HighFive/docs/phantoms/tasks/PHANTOM-M1-CHECKPOINT-RECOVERY-025/evidence/C_R1_FIRST_PRODUCER_3/0008-SNAPSHOT_PHANTOMS.xml	39162	ae44ddac4d29ee4930362a4cdea0f78f757a51a067d2611af4656800825dfc5f	False
L2J_Mobius_CT_2.6_HighFive/docs/phantoms/tasks/PHANTOM-M1-CHECKPOINT-RECOVERY-025/evidence/C_R1_FIRST_PRODUCER_3/0009-SNAPSHOT_PHANTOMS.json	1703	e321173887625d80eb2d320823b84705f48b20c67e4851d22d50194a1bbe5741	False
L2J_Mobius_CT_2.6_HighFive/docs/phantoms/tasks/PHANTOM-M1-CHECKPOINT-RECOVERY-025/evidence/C_R1_FIRST_PRODUCER_3/0009-SNAPSHOT_PHANTOMS.xml	1619	1870890cb346c85af0180ce67b0e2007735f01140c2d4e4778c78282b2bfb6a4	False
L2J_Mobius_CT_2.6_HighFive/docs/phantoms/tasks/PHANTOM-M1-CHECKPOINT-RECOVERY-025/evidence/C_R1_FIRST_PRODUCER_3/0010-SNAPSHOT_PHANTOMS.json	41740	901b96e3a2aba1d88121082e79d027c35b1f5b7fea4427e8aa981f4f491c3ca6	False
L2J_Mobius_CT_2.6_HighFive/docs/phantoms/tasks/PHANTOM-M1-CHECKPOINT-RECOVERY-025/evidence/C_R1_FIRST_PRODUCER_3/0010-SNAPSHOT_PHANTOMS.xml	39528	4604551f749341013ecdc87500bd64b7cc6e3c6d59449388cbfbd32b5b139ced	False
L2J_Mobius_CT_2.6_HighFive/docs/phantoms/tasks/PHANTOM-M1-CHECKPOINT-RECOVERY-025/evidence/C_R1_FIRST_PRODUCER_3/0011-SNAPSHOT_PHANTOMS.json	1704	73c27f4288f88d69f5930891cef7939dac6e8094f308774d66d539d7053ae1d2	False
L2J_Mobius_CT_2.6_HighFive/docs/phantoms/tasks/PHANTOM-M1-CHECKPOINT-RECOVERY-025/evidence/C_R1_FIRST_PRODUCER_3/0011-SNAPSHOT_PHANTOMS.xml	1620	f4fa133d29adca58efa538e2ec8c90d19c0a1edf827b7dafe4b1ee01f198ff23	False
L2J_Mobius_CT_2.6_HighFive/docs/phantoms/tasks/PHANTOM-M1-CHECKPOINT-RECOVERY-025/evidence/C_R1_FIRST_PRODUCER_3/0012-SNAPSHOT_PHANTOMS.json	41324	78e552df3fa039934ad7fda884e6cb81d10c5aab38a2f8d03e2328044ad481e6	False
L2J_Mobius_CT_2.6_HighFive/docs/phantoms/tasks/PHANTOM-M1-CHECKPOINT-RECOVERY-025/evidence/C_R1_FIRST_PRODUCER_3/0012-SNAPSHOT_PHANTOMS.xml	39112	1bcdf116bbc598eb7814636af992abd3ad864c3b4188813a9fe033506d448527	False
L2J_Mobius_CT_2.6_HighFive/docs/phantoms/tasks/PHANTOM-M1-CHECKPOINT-RECOVERY-025/evidence/C_R1_FIRST_PRODUCER_3/0013-SNAPSHOT_PHANTOMS.json	1701	3805c3a23e385ab502f8e7a93f52282558ddb6f79d9fb7f908ba97284263d715	False
L2J_Mobius_CT_2.6_HighFive/docs/phantoms/tasks/PHANTOM-M1-CHECKPOINT-RECOVERY-025/evidence/C_R1_FIRST_PRODUCER_3/0013-SNAPSHOT_PHANTOMS.xml	1617	a4c9e8ebae4b6c43954f5d9699a27aedfc0b2145dde0689b10d07817e9e20363	False
L2J_Mobius_CT_2.6_HighFive/docs/phantoms/tasks/PHANTOM-M1-CHECKPOINT-RECOVERY-025/evidence/C_R1_FIRST_PRODUCER_3/0014-SNAPSHOT_PHANTOMS.json	41431	e4d11db3808456593fad4f57768b56fd8e320801b1052364708779216a8b4745	False
L2J_Mobius_CT_2.6_HighFive/docs/phantoms/tasks/PHANTOM-M1-CHECKPOINT-RECOVERY-025/evidence/C_R1_FIRST_PRODUCER_3/0014-SNAPSHOT_PHANTOMS.xml	39219	391cf2ef1b473e952281fbe936daec0658bbf31b27edb7c04df395b3fac206ab	False
L2J_Mobius_CT_2.6_HighFive/docs/phantoms/tasks/PHANTOM-M1-CHECKPOINT-RECOVERY-025/evidence/C_R1_FIRST_PRODUCER_3/0015-SNAPSHOT_PHANTOMS.json	1704	0c073e27fbcc08ca1f46cbf2b30862e7d5f1d758136633708333d14cfef0afd8	False
L2J_Mobius_CT_2.6_HighFive/docs/phantoms/tasks/PHANTOM-M1-CHECKPOINT-RECOVERY-025/evidence/C_R1_FIRST_PRODUCER_3/0015-SNAPSHOT_PHANTOMS.xml	1620	f61faecac93260994032343887de4c821ca0b6169d09c74412f0cd0843d11da8	False
L2J_Mobius_CT_2.6_HighFive/docs/phantoms/tasks/PHANTOM-M1-CHECKPOINT-RECOVERY-025/evidence/C_R1_FIRST_PRODUCER_3/0016-SNAPSHOT_PHANTOMS.json	41458	c980277710afefaec12db4aa95b7e02415c89063cc917c779f25d5bf116b70e4	False
L2J_Mobius_CT_2.6_HighFive/docs/phantoms/tasks/PHANTOM-M1-CHECKPOINT-RECOVERY-025/evidence/C_R1_FIRST_PRODUCER_3/0016-SNAPSHOT_PHANTOMS.xml	39246	eae7d332aa5676ddfef2df91b218578de6b3575b657723f6b1ec27813a8d3c35	False
L2J_Mobius_CT_2.6_HighFive/docs/phantoms/tasks/PHANTOM-M1-CHECKPOINT-RECOVERY-025/evidence/C_R1_FIRST_PRODUCER_3/0017-SNAPSHOT_PHANTOMS.json	1696	a2d9684cfb2de7a80f97452d4cd8ef232cd2dec8f5ea5e705e8f04eda154677c	False
L2J_Mobius_CT_2.6_HighFive/docs/phantoms/tasks/PHANTOM-M1-CHECKPOINT-RECOVERY-025/evidence/C_R1_FIRST_PRODUCER_3/0017-SNAPSHOT_PHANTOMS.xml	1612	fe98e618cb902d58e97eb82a7a09e06f36d4933fcb31cd30ced071e6a3562422	False
L2J_Mobius_CT_2.6_HighFive/docs/phantoms/tasks/PHANTOM-M1-CHECKPOINT-RECOVERY-025/evidence/C_R1_FIRST_PRODUCER_3/0018-SNAPSHOT_PHANTOMS.json	41428	590360bffb32d11581f706dca4185d23e5ac2783f16111a0659694731d324f47	False
L2J_Mobius_CT_2.6_HighFive/docs/phantoms/tasks/PHANTOM-M1-CHECKPOINT-RECOVERY-025/evidence/C_R1_FIRST_PRODUCER_3/0018-SNAPSHOT_PHANTOMS.xml	39216	1858a8f439c590589c210251175ebb04c62648e061f5963136aa3e508f186e06	False
L2J_Mobius_CT_2.6_HighFive/docs/phantoms/tasks/PHANTOM-M1-CHECKPOINT-RECOVERY-025/evidence/C_R1_FIRST_PRODUCER_3/0019-SNAPSHOT_PHANTOMS.json	1701	abc5ad6e6819df26fab6be3c880a6ab72a359d41cfba01064f99cb9e2f2aa9ed	False
L2J_Mobius_CT_2.6_HighFive/docs/phantoms/tasks/PHANTOM-M1-CHECKPOINT-RECOVERY-025/evidence/C_R1_FIRST_PRODUCER_3/0019-SNAPSHOT_PHANTOMS.xml	1617	47c3476c0cc04ed13d182c862d04662e33f8efc2bf7f165a0de0cef4fc324a3f	False
L2J_Mobius_CT_2.6_HighFive/docs/phantoms/tasks/PHANTOM-M1-CHECKPOINT-RECOVERY-025/evidence/C_R1_FIRST_PRODUCER_3/0020-SNAPSHOT_PHANTOMS.json	41848	976db447ca3c9cb251b84f49f23f83b8ed7eec14bcc268ea98c61760d2d5998d	False
L2J_Mobius_CT_2.6_HighFive/docs/phantoms/tasks/PHANTOM-M1-CHECKPOINT-RECOVERY-025/evidence/C_R1_FIRST_PRODUCER_3/0020-SNAPSHOT_PHANTOMS.xml	39636	27ee47dd57469352bea5690722d26a4d69fda8bcfd3794828f5e4f6a719c89ce	False
L2J_Mobius_CT_2.6_HighFive/docs/phantoms/tasks/PHANTOM-M1-CHECKPOINT-RECOVERY-025/evidence/C_R1_FIRST_PRODUCER_3/0021-SNAPSHOT_PHANTOMS.json	1704	47aa2f0d00332ef5f32800ba1798ae53b5b85286ac75357dc81463b8176256e6	False
L2J_Mobius_CT_2.6_HighFive/docs/phantoms/tasks/PHANTOM-M1-CHECKPOINT-RECOVERY-025/evidence/C_R1_FIRST_PRODUCER_3/0021-SNAPSHOT_PHANTOMS.xml	1620	e43952efb77ab70ba5960b75aff79e3f25e54764c3c462802ac98102242702f3	False
L2J_Mobius_CT_2.6_HighFive/docs/phantoms/tasks/PHANTOM-M1-CHECKPOINT-RECOVERY-025/evidence/C_R1_FIRST_PRODUCER_3/0022-SNAPSHOT_PHANTOMS.json	41424	bf8b9657022b8d5d748e73e75c9917f542e57cd1a9fa18198529d63aa9b4c0be	False
L2J_Mobius_CT_2.6_HighFive/docs/phantoms/tasks/PHANTOM-M1-CHECKPOINT-RECOVERY-025/evidence/C_R1_FIRST_PRODUCER_3/0022-SNAPSHOT_PHANTOMS.xml	39212	87dacb4b8dbc691088520e390bc4e12d52b7631b8d342dd480c1ec9b158ed126	False
L2J_Mobius_CT_2.6_HighFive/docs/phantoms/tasks/PHANTOM-M1-CHECKPOINT-RECOVERY-025/evidence/C_R1_FIRST_PRODUCER_3/0023-SNAPSHOT_PHANTOMS.json	1704	54a01e99b199c35f8ef8e24a3fe899a95fc04faec3e3cf3b845631255d4c5ef4	False
L2J_Mobius_CT_2.6_HighFive/docs/phantoms/tasks/PHANTOM-M1-CHECKPOINT-RECOVERY-025/evidence/C_R1_FIRST_PRODUCER_3/0023-SNAPSHOT_PHANTOMS.xml	1620	cd6c45a0417f1c5c38f3f3cf05ef091fb7205714c6370a2c9d16bf66f8971797	False
L2J_Mobius_CT_2.6_HighFive/docs/phantoms/tasks/PHANTOM-M1-CHECKPOINT-RECOVERY-025/evidence/C_R1_FIRST_PRODUCER_3/0024-SNAPSHOT_PHANTOMS.json	41347	d4c872bebabf1902b0dd81ab1bf42bbcadc363c5565a78259235952f120f0004	False
L2J_Mobius_CT_2.6_HighFive/docs/phantoms/tasks/PHANTOM-M1-CHECKPOINT-RECOVERY-025/evidence/C_R1_FIRST_PRODUCER_3/0024-SNAPSHOT_PHANTOMS.xml	39135	628c156aaf4acbb36ff33fd4dc37cd5bfb4a8fdcc0f0374a2ccd368941889bdf	False
L2J_Mobius_CT_2.6_HighFive/docs/phantoms/tasks/PHANTOM-M1-CHECKPOINT-RECOVERY-025/evidence/C_R1_FIRST_PRODUCER_3/0025-SNAPSHOT_PHANTOMS.json	1704	0a7118218707f4c77f47edf7e491670eb88e3c9d163cda7077466d4c72f7cd04	False
L2J_Mobius_CT_2.6_HighFive/docs/phantoms/tasks/PHANTOM-M1-CHECKPOINT-RECOVERY-025/evidence/C_R1_FIRST_PRODUCER_3/0025-SNAPSHOT_PHANTOMS.xml	1620	a1d203040720a263e19768babbfcba1fa3d4f43745cfceb080bcdc5b0bf2f7fc	False
L2J_Mobius_CT_2.6_HighFive/docs/phantoms/tasks/PHANTOM-M1-CHECKPOINT-RECOVERY-025/evidence/C_R1_FIRST_PRODUCER_3/0026-SNAPSHOT_PHANTOMS.json	41934	91425f7348a917ccff9a425a5cb9b5d64dd5f465e010ca79962b89a6d7b5be2a	False
L2J_Mobius_CT_2.6_HighFive/docs/phantoms/tasks/PHANTOM-M1-CHECKPOINT-RECOVERY-025/evidence/C_R1_FIRST_PRODUCER_3/0026-SNAPSHOT_PHANTOMS.xml	39722	d8eeaa22064573d4c5b0328c1c0174d887b5b53bef36dafd38c22b75ed2942e4	False
L2J_Mobius_CT_2.6_HighFive/docs/phantoms/tasks/PHANTOM-M1-CHECKPOINT-RECOVERY-025/evidence/C_R1_FIRST_PRODUCER_3/0027-SNAPSHOT_PHANTOMS.json	1704	11c37322397c1d5c67367ead11c86a203c84c1e5db7b3ca65e3acb1ae6bd53fe	False
L2J_Mobius_CT_2.6_HighFive/docs/phantoms/tasks/PHANTOM-M1-CHECKPOINT-RECOVERY-025/evidence/C_R1_FIRST_PRODUCER_3/0027-SNAPSHOT_PHANTOMS.xml	1620	1fe3fd20eba2028c415dd01f48fee4158a4d0aea06ae4b2a158e067f94e47aae	False
L2J_Mobius_CT_2.6_HighFive/docs/phantoms/tasks/PHANTOM-M1-CHECKPOINT-RECOVERY-025/evidence/C_R1_FIRST_PRODUCER_3/0028-SNAPSHOT_PHANTOMS.json	41980	edb1b566056d242cfc57fdc30e8cdec4d0a6d016584549bdb2edd799ae0c165c	False
L2J_Mobius_CT_2.6_HighFive/docs/phantoms/tasks/PHANTOM-M1-CHECKPOINT-RECOVERY-025/evidence/C_R1_FIRST_PRODUCER_3/0028-SNAPSHOT_PHANTOMS.xml	39768	a7275254072a1b26f6739767f24f9f40e439a92e9140f96bde5c4da0a9b32fd4	False
L2J_Mobius_CT_2.6_HighFive/docs/phantoms/tasks/PHANTOM-M1-CHECKPOINT-RECOVERY-025/evidence/C_R1_FIRST_PRODUCER_3/0029-SNAPSHOT_PHANTOMS.json	1704	365350a780c5c5ea85010b0f1fcbc7fba254a140ef93139f032d91cbde7ca6ee	False
L2J_Mobius_CT_2.6_HighFive/docs/phantoms/tasks/PHANTOM-M1-CHECKPOINT-RECOVERY-025/evidence/C_R1_FIRST_PRODUCER_3/0029-SNAPSHOT_PHANTOMS.xml	1620	8a21df33cbc7f5480c169dda6947119b70bf1da49513bf77fce9615ffe64f160	False
L2J_Mobius_CT_2.6_HighFive/docs/phantoms/tasks/PHANTOM-M1-CHECKPOINT-RECOVERY-025/evidence/C_R1_FIRST_PRODUCER_3/0030-SNAPSHOT_PHANTOMS.json	42551	614260967cc0e91597f6f83dbc2bbd7d9611b00194d5c5c3f4b58c1393240f99	False
L2J_Mobius_CT_2.6_HighFive/docs/phantoms/tasks/PHANTOM-M1-CHECKPOINT-RECOVERY-025/evidence/C_R1_FIRST_PRODUCER_3/0030-SNAPSHOT_PHANTOMS.xml	40367	500dc432aa990deb0881e117d5abebcf63bc64896cd49f63498b62c35a2ce779	False
L2J_Mobius_CT_2.6_HighFive/docs/phantoms/tasks/PHANTOM-M1-CHECKPOINT-RECOVERY-025/evidence/C_R1_FIRST_PRODUCER_3/0031-SNAPSHOT_PHANTOMS.json	1704	2d238b6dec8cb76c2ecd233877196aa337cbff66e2868bf469fc33363f953bd0	False
L2J_Mobius_CT_2.6_HighFive/docs/phantoms/tasks/PHANTOM-M1-CHECKPOINT-RECOVERY-025/evidence/C_R1_FIRST_PRODUCER_3/0031-SNAPSHOT_PHANTOMS.xml	1620	05ec1f22002570ba40eb3ebf61e93fe6fd3f5d63a360fab604e06afd9a44c1ea	False
L2J_Mobius_CT_2.6_HighFive/docs/phantoms/tasks/PHANTOM-M1-CHECKPOINT-RECOVERY-025/evidence/C_R1_FIRST_PRODUCER_3/0032-SNAPSHOT_PHANTOMS.json	42425	5029e95db1cd3ffe958b39f51170e44892268c46a381d4fd70288e56069e8d20	False
L2J_Mobius_CT_2.6_HighFive/docs/phantoms/tasks/PHANTOM-M1-CHECKPOINT-RECOVERY-025/evidence/C_R1_FIRST_PRODUCER_3/0032-SNAPSHOT_PHANTOMS.xml	40255	5217fb6ff2189014a7a9d87d83f1ec512901f36108016173659f3017421a81da	False
L2J_Mobius_CT_2.6_HighFive/docs/phantoms/tasks/PHANTOM-M1-CHECKPOINT-RECOVERY-025/evidence/C_R1_FIRST_PRODUCER_3/0033-SNAPSHOT_PHANTOMS.json	1704	e12924ee122c070444baa4416cc085cfe7d4be814f1dca2bf05a8ee597f67454	False
L2J_Mobius_CT_2.6_HighFive/docs/phantoms/tasks/PHANTOM-M1-CHECKPOINT-RECOVERY-025/evidence/C_R1_FIRST_PRODUCER_3/0033-SNAPSHOT_PHANTOMS.xml	1620	b74eb6311c89e3461f761ee8781a85c6b10a15c12e6353de1d5ca26a3c12eae1	False
L2J_Mobius_CT_2.6_HighFive/docs/phantoms/tasks/PHANTOM-M1-CHECKPOINT-RECOVERY-025/evidence/C_R1_FIRST_PRODUCER_3/0034-SNAPSHOT_PHANTOMS.json	42118	674f13e6be369f76932991115cd2bb6446da07886bd3579b066313ad530f1e3c	False
L2J_Mobius_CT_2.6_HighFive/docs/phantoms/tasks/PHANTOM-M1-CHECKPOINT-RECOVERY-025/evidence/C_R1_FIRST_PRODUCER_3/0034-SNAPSHOT_PHANTOMS.xml	39948	c847ea064ee5077fe8cd4f76c737da545f55d77d5350d55036448d42f63f015f	False
L2J_Mobius_CT_2.6_HighFive/docs/phantoms/tasks/PHANTOM-M1-CHECKPOINT-RECOVERY-025/evidence/C_R1_FIRST_PRODUCER_3/0035-SNAPSHOT_PHANTOMS.json	1704	204e9fca1419763b6c023201daac7345c73df3b57ea8e3c3b1e4d6644cce3169	False
L2J_Mobius_CT_2.6_HighFive/docs/phantoms/tasks/PHANTOM-M1-CHECKPOINT-RECOVERY-025/evidence/C_R1_FIRST_PRODUCER_3/0035-SNAPSHOT_PHANTOMS.xml	1620	24d5e6d786ab57611b778051686e0b93abdefac60ecd3ca6c36e3d5783a64863	False
L2J_Mobius_CT_2.6_HighFive/docs/phantoms/tasks/PHANTOM-M1-CHECKPOINT-RECOVERY-025/evidence/C_R1_FIRST_PRODUCER_3/0036-SNAPSHOT_PHANTOMS.json	42177	bf633c790bec0aded7f46b7731753c16ac79f01e48f9eeb1a8c6fecf28fd9153	False
L2J_Mobius_CT_2.6_HighFive/docs/phantoms/tasks/PHANTOM-M1-CHECKPOINT-RECOVERY-025/evidence/C_R1_FIRST_PRODUCER_3/0036-SNAPSHOT_PHANTOMS.xml	40007	df1729012db5472bcb72e25269bc7640466f4c8b06e2570d61361efc5ee4e9c7	False
L2J_Mobius_CT_2.6_HighFive/docs/phantoms/tasks/PHANTOM-M1-CHECKPOINT-RECOVERY-025/evidence/C_R1_FIRST_PRODUCER_3/0037-SNAPSHOT_PHANTOMS.json	1704	4190ccac7d2912760b276e93cf0fc15f4dd3beb4bc6f7348ea5ae76df6997140	False
L2J_Mobius_CT_2.6_HighFive/docs/phantoms/tasks/PHANTOM-M1-CHECKPOINT-RECOVERY-025/evidence/C_R1_FIRST_PRODUCER_3/0037-SNAPSHOT_PHANTOMS.xml	1620	18034ed8f768e927bb6931352775b2c4f3b99751db2bd969be3fca225fac0556	False
L2J_Mobius_CT_2.6_HighFive/docs/phantoms/tasks/PHANTOM-M1-CHECKPOINT-RECOVERY-025/evidence/C_R1_FIRST_PRODUCER_3/0038-SNAPSHOT_PHANTOMS.json	42569	71660935582938dfd2679ab80d389ca802fb2ef02a5ca1a4f4ae0d82aacc993c	False
L2J_Mobius_CT_2.6_HighFive/docs/phantoms/tasks/PHANTOM-M1-CHECKPOINT-RECOVERY-025/evidence/C_R1_FIRST_PRODUCER_3/0038-SNAPSHOT_PHANTOMS.xml	40399	47f81bb091ba0496e5069b440328d7ed588c6b2413227e13db1cb7fb9347f2db	False
L2J_Mobius_CT_2.6_HighFive/docs/phantoms/tasks/PHANTOM-M1-CHECKPOINT-RECOVERY-025/evidence/C_R1_FIRST_PRODUCER_3/0039-SNAPSHOT_PHANTOMS.json	1696	edf470f944bdf4b668074ff19f33def4984f7e0da089ab43fc9dba003ac19ae8	False
L2J_Mobius_CT_2.6_HighFive/docs/phantoms/tasks/PHANTOM-M1-CHECKPOINT-RECOVERY-025/evidence/C_R1_FIRST_PRODUCER_3/0039-SNAPSHOT_PHANTOMS.xml	1612	f3fb19313a131660d91ac17ecf0cc3af0d03e5266a559ffa82f934b2e863cbec	False
L2J_Mobius_CT_2.6_HighFive/docs/phantoms/tasks/PHANTOM-M1-CHECKPOINT-RECOVERY-025/evidence/C_R1_FIRST_PRODUCER_3/0040-SNAPSHOT_PHANTOMS.json	37649	a966250462aedc60d448eb27282fdcc130208f4e65d66a6a55a4fab668e85fdb	False
L2J_Mobius_CT_2.6_HighFive/docs/phantoms/tasks/PHANTOM-M1-CHECKPOINT-RECOVERY-025/evidence/C_R1_FIRST_PRODUCER_3/0040-SNAPSHOT_PHANTOMS.xml	35731	20d67b5a6de9f2e00747e6f262f21d8afbae8f54e48e055fc30322bda7a52709	False
L2J_Mobius_CT_2.6_HighFive/docs/phantoms/tasks/PHANTOM-M1-CHECKPOINT-RECOVERY-025/evidence/C_R1_FIRST_PRODUCER_3/all-samples.json	822456	d175ab06ccda7ebdf9f4dd882d5143f3cbbafc1cb1f0b8c45a25fb2636b4a79e	False
L2J_Mobius_CT_2.6_HighFive/docs/phantoms/tasks/PHANTOM-M1-CHECKPOINT-RECOVERY-025/evidence/C_R1_FIRST_PRODUCER_3/baseline-cohort.json	39146	13c8348d7ca027ec16dc2ab842723ca9818b7eb8b1f8cf7652b018250dd15834	False
L2J_Mobius_CT_2.6_HighFive/docs/phantoms/tasks/PHANTOM-M1-CHECKPOINT-RECOVERY-025/evidence/C_R1_FIRST_PRODUCER_3/baseline-inventory.tsv	6601	2d45cfb99dbaa59030f3e7e1904502abc8f25e2f883ff4a8777706e1f6495a0f	False
L2J_Mobius_CT_2.6_HighFive/docs/phantoms/tasks/PHANTOM-M1-CHECKPOINT-RECOVERY-025/evidence/C_R1_FIRST_PRODUCER_3/cohort-002.json	41811	5f42491456bb27c1b337fac0c54ac1e21c0bec61eb7681f5fce883efbd1f8949	False
L2J_Mobius_CT_2.6_HighFive/docs/phantoms/tasks/PHANTOM-M1-CHECKPOINT-RECOVERY-025/evidence/C_R1_FIRST_PRODUCER_3/cohort-003.json	40903	e21d4637a5e81cb1155acfe826b219f8e774db3a6c6d02b286c30638568fdf4b	False
L2J_Mobius_CT_2.6_HighFive/docs/phantoms/tasks/PHANTOM-M1-CHECKPOINT-RECOVERY-025/evidence/C_R1_FIRST_PRODUCER_3/cohort-004.json	41270	58c2578c5463e485aaa38e51bb087bb98ffcf0337968dbd2af76387b4295b976	False
L2J_Mobius_CT_2.6_HighFive/docs/phantoms/tasks/PHANTOM-M1-CHECKPOINT-RECOVERY-025/evidence/C_R1_FIRST_PRODUCER_3/cohort-005.json	40863	f2c1366ea3bb642a8f37d0bcde67e492fb84d5deff4755829abd436b51ddbcf0	False
L2J_Mobius_CT_2.6_HighFive/docs/phantoms/tasks/PHANTOM-M1-CHECKPOINT-RECOVERY-025/evidence/C_R1_FIRST_PRODUCER_3/cohort-006.json	40959	4fee899e0a6b94302b66236b1e3901ec6cbf3a41bcf518884f72cae913cec2a8	False
L2J_Mobius_CT_2.6_HighFive/docs/phantoms/tasks/PHANTOM-M1-CHECKPOINT-RECOVERY-025/evidence/C_R1_FIRST_PRODUCER_3/cohort-007.json	40992	5c17c59cd71d1d5f66bfa60259e1712fd02d0e25413e02b40ca25a94004204cb	False
L2J_Mobius_CT_2.6_HighFive/docs/phantoms/tasks/PHANTOM-M1-CHECKPOINT-RECOVERY-025/evidence/C_R1_FIRST_PRODUCER_3/cohort-008.json	40956	03805c374b9f66c94d533daa4dd4005ea356b9c6ec0f2bd2c4a072c6be7288c2	False
L2J_Mobius_CT_2.6_HighFive/docs/phantoms/tasks/PHANTOM-M1-CHECKPOINT-RECOVERY-025/evidence/C_R1_FIRST_PRODUCER_3/cohort-009.json	41384	94e7ba9c9f770015aca7630af85b1dc7bf968248aecceacb70330b523629ecd6	False
L2J_Mobius_CT_2.6_HighFive/docs/phantoms/tasks/PHANTOM-M1-CHECKPOINT-RECOVERY-025/evidence/C_R1_FIRST_PRODUCER_3/cohort-010.json	40952	9f7448f127eeafa602b212c21c49fa29ec7caa90dfa6492747f7b12a2ba265ba	False
L2J_Mobius_CT_2.6_HighFive/docs/phantoms/tasks/PHANTOM-M1-CHECKPOINT-RECOVERY-025/evidence/C_R1_FIRST_PRODUCER_3/cohort-011.json	40874	88aee64011e010cc405af579dcb532354c875945b223dcb8f869ea8473d94129	False
L2J_Mobius_CT_2.6_HighFive/docs/phantoms/tasks/PHANTOM-M1-CHECKPOINT-RECOVERY-025/evidence/C_R1_FIRST_PRODUCER_3/cohort-012.json	41462	86f381eee76d191817c33e90f6855fca06d0b15d17dce43b26b13d33fee5dcf6	False
L2J_Mobius_CT_2.6_HighFive/docs/phantoms/tasks/PHANTOM-M1-CHECKPOINT-RECOVERY-025/evidence/C_R1_FIRST_PRODUCER_3/cohort-013.json	41508	75682c96a1042b6a1eb893e1f249577539705f385400fced6d24a0209d215be3	False
L2J_Mobius_CT_2.6_HighFive/docs/phantoms/tasks/PHANTOM-M1-CHECKPOINT-RECOVERY-025/evidence/C_R1_FIRST_PRODUCER_3/cohort-014.json	42065	0e5f1796beb1052473883d976f165da96357e3a28d970272a2ac1951b2f01c59	False
L2J_Mobius_CT_2.6_HighFive/docs/phantoms/tasks/PHANTOM-M1-CHECKPOINT-RECOVERY-025/evidence/C_R1_FIRST_PRODUCER_3/cohort-015.json	41934	1f4939cc719b9488d8680203543d1d80e27e3f030e5792f4b06ca87e2f374838	False
L2J_Mobius_CT_2.6_HighFive/docs/phantoms/tasks/PHANTOM-M1-CHECKPOINT-RECOVERY-025/evidence/C_R1_FIRST_PRODUCER_3/cohort-016.json	41625	f1f92a0b5cb1689c9a7c0cbea3cea12f8b8fd0bd8813028344ff849008abe51b	False
L2J_Mobius_CT_2.6_HighFive/docs/phantoms/tasks/PHANTOM-M1-CHECKPOINT-RECOVERY-025/evidence/C_R1_FIRST_PRODUCER_3/cohort-017.json	41687	9df99af5a0b47aa01cc6a3cfa9c7cf7eea1fb54c83daaf0a919090d21495b6aa	False
L2J_Mobius_CT_2.6_HighFive/docs/phantoms/tasks/PHANTOM-M1-CHECKPOINT-RECOVERY-025/evidence/C_R1_FIRST_PRODUCER_3/cohort-018.json	42082	1ea9c00d15a7faa5a3abefe5eaac2a6c91a8dd449efdafb3773e0656cfc64d7a	False
L2J_Mobius_CT_2.6_HighFive/docs/phantoms/tasks/PHANTOM-M1-CHECKPOINT-RECOVERY-025/evidence/C_R1_FIRST_PRODUCER_3/cohort-019.json	37019	a16a6ccae903eac11ff3c986c20fa6b4319e63a0066142a8b0cf9a78cda8043d	False
L2J_Mobius_CT_2.6_HighFive/docs/phantoms/tasks/PHANTOM-M1-CHECKPOINT-RECOVERY-025/evidence/C_R1_FIRST_PRODUCER_3/discovery-result.json	170	322ed099e59a9e3258ba1f763feb6e4e4dabddcd6b5634fa0adb96985da69ee2	False
L2J_Mobius_CT_2.6_HighFive/docs/phantoms/tasks/PHANTOM-M1-CHECKPOINT-RECOVERY-025/evidence/C_R1_FIRST_PRODUCER_3/heartbeat-control.log	0	e3b0c44298fc1c149afbf4c8996fb92427ae41e4649b934ca495991b7852b855	False
L2J_Mobius_CT_2.6_HighFive/docs/phantoms/tasks/PHANTOM-M1-CHECKPOINT-RECOVERY-025/evidence/C_R1_FIRST_PRODUCER_3/primary.json	9770	2432b531c5aec44564263f432c93640b430dda59ae5151356ceb2a31acc60f47	False
L2J_Mobius_CT_2.6_HighFive/docs/phantoms/tasks/PHANTOM-M1-CHECKPOINT-RECOVERY-025/evidence/C_R1_FIRST_PRODUCER_3/run-id.txt	38	878622666eadf3ab475cb7b75c581e597e21e5b48508c381b3c6c072a96e9d14	False
L2J_Mobius_CT_2.6_HighFive/docs/phantoms/tasks/PHANTOM-M1-CHECKPOINT-RECOVERY-025/evidence/C_R1_FIRST_PRODUCER_3/synthetic-start.json	112	49529e84a1b2c92d39d53e8166c9dbc426d3cacfd1e8f0b941ef80cd5c98ab6d	False
L2J_Mobius_CT_2.6_HighFive/docs/phantoms/tasks/PHANTOM-M1-CHECKPOINT-RECOVERY-025/evidence/C_R1_FIRST_PRODUCER_3/synthetic-stop.json	114	d18206050fecdb4edbe297a7c2f7c1df621f4717c0d71ef414315d1a120389fe	False
L2J_Mobius_CT_2.6_HighFive/docs/phantoms/tasks/PHANTOM-M1-CHECKPOINT-RECOVERY-025/evidence/C_R2_CONTINUATION_PROBE/0001-STATUS.json	1227	d700afdf4119cb777b6cd45389654b1042faf10a9cffe08ecd9a2b2c636286d9	False
L2J_Mobius_CT_2.6_HighFive/docs/phantoms/tasks/PHANTOM-M1-CHECKPOINT-RECOVERY-025/evidence/C_R2_CONTINUATION_PROBE/0001-STATUS.xml	1177	0fa28337b320891b97b288791764cb9a1de1f4ae47a3b5888fdda085c84412e0	False
L2J_Mobius_CT_2.6_HighFive/docs/phantoms/tasks/PHANTOM-M1-CHECKPOINT-RECOVERY-025/evidence/C_R2_CONTINUATION_PROBE/0002-TELEPORT_SELF.json	1154	d530b837ca7c5472ea2caefa0d3d1bb2dea745fd7fe37417c976c382624388ec	False
L2J_Mobius_CT_2.6_HighFive/docs/phantoms/tasks/PHANTOM-M1-CHECKPOINT-RECOVERY-025/evidence/C_R2_CONTINUATION_PROBE/0002-TELEPORT_SELF.xml	1114	58a8428bfe9954e51ec1401deded87371bc80eb0a14309bcb81227abd0c91a1f	False
L2J_Mobius_CT_2.6_HighFive/docs/phantoms/tasks/PHANTOM-M1-CHECKPOINT-RECOVERY-025/evidence/C_R2_CONTINUATION_PROBE/0003-STATUS.json	1227	68a407f85724db3f6a3101bc5cbcd5e9414978e4807a44281619ba2db41a8877	False
L2J_Mobius_CT_2.6_HighFive/docs/phantoms/tasks/PHANTOM-M1-CHECKPOINT-RECOVERY-025/evidence/C_R2_CONTINUATION_PROBE/0003-STATUS.xml	1177	63696661ab238fe9e817ee59413a3152d5aa8cb7e6fffff6a57f87684fab0f63	False
L2J_Mobius_CT_2.6_HighFive/docs/phantoms/tasks/PHANTOM-M1-CHECKPOINT-RECOVERY-025/evidence/C_R2_CONTINUATION_PROBE/0004-SNAPSHOT_PHANTOMS.json	37759	54983a4b78189506e0772d51401cb38ae8eab276d41a94119a3ab15d77e997e6	False
L2J_Mobius_CT_2.6_HighFive/docs/phantoms/tasks/PHANTOM-M1-CHECKPOINT-RECOVERY-025/evidence/C_R2_CONTINUATION_PROBE/0004-SNAPSHOT_PHANTOMS.xml	35771	84322443f57507a578e385c3174c8245cbee98fe4bfa108493da370d72a0eeeb	False
L2J_Mobius_CT_2.6_HighFive/docs/phantoms/tasks/PHANTOM-M1-CHECKPOINT-RECOVERY-025/evidence/C_R2_CONTINUATION_PROBE/0005-SNAPSHOT_PHANTOMS.json	38099	ffe0c907eb220feb1eb1808affaf7122a467360d719cdfd8f6d0594e86e4a94b	False
L2J_Mobius_CT_2.6_HighFive/docs/phantoms/tasks/PHANTOM-M1-CHECKPOINT-RECOVERY-025/evidence/C_R2_CONTINUATION_PROBE/0005-SNAPSHOT_PHANTOMS.xml	36111	ef366cc67917597e1ffd011f7ccb34802108c44ca95b2eaaa0eea1182f697f9d	False
L2J_Mobius_CT_2.6_HighFive/docs/phantoms/tasks/PHANTOM-M1-CHECKPOINT-RECOVERY-025/evidence/C_R2_CONTINUATION_PROBE/0006-SNAPSHOT_PHANTOMS.json	37668	307154f97ef6bdcb21dd80649bb890530789220c43725420c630ecfc60c53c5c	False
L2J_Mobius_CT_2.6_HighFive/docs/phantoms/tasks/PHANTOM-M1-CHECKPOINT-RECOVERY-025/evidence/C_R2_CONTINUATION_PROBE/0006-SNAPSHOT_PHANTOMS.xml	35694	8fffa6808fb46d365c2d265df23df4ff3f1f9d7a4969462d9c31631ed05c79c0	False
L2J_Mobius_CT_2.6_HighFive/docs/phantoms/tasks/PHANTOM-M1-CHECKPOINT-RECOVERY-025/evidence/C_R2_CONTINUATION_PROBE/0007-SNAPSHOT_PHANTOMS.json	37160	7aeb38866fccc0d6048ddc416517a64e66c95dd2a1890d595eb1c0c826706f2b	False
L2J_Mobius_CT_2.6_HighFive/docs/phantoms/tasks/PHANTOM-M1-CHECKPOINT-RECOVERY-025/evidence/C_R2_CONTINUATION_PROBE/0007-SNAPSHOT_PHANTOMS.xml	35186	dbd937d51e757c41a9cd7f10ed82ad61995d64f652eab0ba42bcba4cd4295df9	False
L2J_Mobius_CT_2.6_HighFive/docs/phantoms/tasks/PHANTOM-M1-CHECKPOINT-RECOVERY-025/evidence/C_R2_CONTINUATION_PROBE/0008-SNAPSHOT_PHANTOMS.json	37178	572ad49f3a339c3cbd1fc2e4cb420d63597b6decd9889e483070affbd479435c	False
L2J_Mobius_CT_2.6_HighFive/docs/phantoms/tasks/PHANTOM-M1-CHECKPOINT-RECOVERY-025/evidence/C_R2_CONTINUATION_PROBE/0008-SNAPSHOT_PHANTOMS.xml	35204	4f292a08fedf804966b071eb6e13d03bf7041b7db2e781c3789c3c02708c60c9	False
L2J_Mobius_CT_2.6_HighFive/docs/phantoms/tasks/PHANTOM-M1-CHECKPOINT-RECOVERY-025/evidence/C_R2_CONTINUATION_PROBE/0009-SNAPSHOT_PHANTOMS.json	36997	8e41b199ebf5456b5532081e03215989f40e22316fa1b09042bed792e3ec2f69	False
L2J_Mobius_CT_2.6_HighFive/docs/phantoms/tasks/PHANTOM-M1-CHECKPOINT-RECOVERY-025/evidence/C_R2_CONTINUATION_PROBE/0009-SNAPSHOT_PHANTOMS.xml	35023	cdd06abb7aa329df3fc9fc4ce390942cff959976d8746dfaf66e1efa45d7571e	False
L2J_Mobius_CT_2.6_HighFive/docs/phantoms/tasks/PHANTOM-M1-CHECKPOINT-RECOVERY-025/evidence/C_R2_CONTINUATION_PROBE/0010-SNAPSHOT_PHANTOMS.json	37757	9829aa8d370a3b33b909aa3eff3b72f493983ba9fceee09d7ced1b30f1ca1efc	False
L2J_Mobius_CT_2.6_HighFive/docs/phantoms/tasks/PHANTOM-M1-CHECKPOINT-RECOVERY-025/evidence/C_R2_CONTINUATION_PROBE/0010-SNAPSHOT_PHANTOMS.xml	35769	120d83c564763195b148a4c7238bd9c16dbb133ec7f1e6137b88eddd3b786818	False
L2J_Mobius_CT_2.6_HighFive/docs/phantoms/tasks/PHANTOM-M1-CHECKPOINT-RECOVERY-025/evidence/C_R2_CONTINUATION_PROBE/0011-SNAPSHOT_PHANTOMS.json	38141	37279310117f2e6df2e9a24af970ee8f5562681088d590599d2516893fe81f3d	False
L2J_Mobius_CT_2.6_HighFive/docs/phantoms/tasks/PHANTOM-M1-CHECKPOINT-RECOVERY-025/evidence/C_R2_CONTINUATION_PROBE/0011-SNAPSHOT_PHANTOMS.xml	36153	d1b56380e98ea525c0b9146518e6158da4619508597f626dce4b18f00ca51de6	False
L2J_Mobius_CT_2.6_HighFive/docs/phantoms/tasks/PHANTOM-M1-CHECKPOINT-RECOVERY-025/evidence/C_R2_CONTINUATION_PROBE/0012-SNAPSHOT_PHANTOMS.json	37814	6ed88ea59f2e84168c125ea258e2c392a087a291f393c829984f899a86470f1a	False
L2J_Mobius_CT_2.6_HighFive/docs/phantoms/tasks/PHANTOM-M1-CHECKPOINT-RECOVERY-025/evidence/C_R2_CONTINUATION_PROBE/0012-SNAPSHOT_PHANTOMS.xml	35826	7be482c823c409155e0a919e0f4e1e036276ed2c95bb0139fdf39ba0c63f12e8	False
L2J_Mobius_CT_2.6_HighFive/docs/phantoms/tasks/PHANTOM-M1-CHECKPOINT-RECOVERY-025/evidence/C_R2_CONTINUATION_PROBE/0013-SNAPSHOT_PHANTOMS.json	37795	4cfc10a64d17acf0c4dce342ff4417bb438b36fe8cf82b5e42f192aed571e44a	False
L2J_Mobius_CT_2.6_HighFive/docs/phantoms/tasks/PHANTOM-M1-CHECKPOINT-RECOVERY-025/evidence/C_R2_CONTINUATION_PROBE/0013-SNAPSHOT_PHANTOMS.xml	35807	7f3ed3487510f794f6dd087bf96cbe83764d09898f8a7f600b40f947e62391cf	False
L2J_Mobius_CT_2.6_HighFive/docs/phantoms/tasks/PHANTOM-M1-CHECKPOINT-RECOVERY-025/evidence/C_R2_CONTINUATION_PROBE/0014-SNAPSHOT_PHANTOMS.json	37638	b1e1312b4b442802cc28d2f353d2925eed9d3094e65d52287a32788a7884df1b	False
L2J_Mobius_CT_2.6_HighFive/docs/phantoms/tasks/PHANTOM-M1-CHECKPOINT-RECOVERY-025/evidence/C_R2_CONTINUATION_PROBE/0014-SNAPSHOT_PHANTOMS.xml	35650	0d0c500dcdeee1f47ee1a91b7fb3808859ab4c4a8806e1d716e1f3e5be402351	False
L2J_Mobius_CT_2.6_HighFive/docs/phantoms/tasks/PHANTOM-M1-CHECKPOINT-RECOVERY-025/evidence/C_R2_CONTINUATION_PROBE/0015-SNAPSHOT_PHANTOMS.json	37731	c919aae59f567f0530a391ea44d84f7dca28b904d20fcb9920c55876c1fa8c8d	False
L2J_Mobius_CT_2.6_HighFive/docs/phantoms/tasks/PHANTOM-M1-CHECKPOINT-RECOVERY-025/evidence/C_R2_CONTINUATION_PROBE/0015-SNAPSHOT_PHANTOMS.xml	35743	60336e925f270eed1676630cbe2a68afafe135907701542cc614f1a04b4c4f07	False
L2J_Mobius_CT_2.6_HighFive/docs/phantoms/tasks/PHANTOM-M1-CHECKPOINT-RECOVERY-025/evidence/C_R2_CONTINUATION_PROBE/0016-SNAPSHOT_PHANTOMS.json	36855	7c5501b850a4bef956616b275db9424bf7ae8fefe0db1346b836cc20594080e0	False
L2J_Mobius_CT_2.6_HighFive/docs/phantoms/tasks/PHANTOM-M1-CHECKPOINT-RECOVERY-025/evidence/C_R2_CONTINUATION_PROBE/0016-SNAPSHOT_PHANTOMS.xml	34909	cff1bf7dcbf0f3a8fec749f7c6520920ea858b785e25713d1a0885a72a41a784	False
L2J_Mobius_CT_2.6_HighFive/docs/phantoms/tasks/PHANTOM-M1-CHECKPOINT-RECOVERY-025/evidence/C_R2_CONTINUATION_PROBE/0017-SNAPSHOT_PHANTOMS.json	36790	7dbea71ec97bcb4078d4234d4db69a7ec4adfa9622b0cb97eac1d93e672748f5	False
L2J_Mobius_CT_2.6_HighFive/docs/phantoms/tasks/PHANTOM-M1-CHECKPOINT-RECOVERY-025/evidence/C_R2_CONTINUATION_PROBE/0017-SNAPSHOT_PHANTOMS.xml	34844	be366a87709925832d3912388c1ec607cf794af88fef7bdae07d64b1126911fc	False
L2J_Mobius_CT_2.6_HighFive/docs/phantoms/tasks/PHANTOM-M1-CHECKPOINT-RECOVERY-025/evidence/C_R2_CONTINUATION_PROBE/0018-SNAPSHOT_PHANTOMS.json	36303	ce19ccfe242deb9980dd55825a6955f72aa40717ac6f85eb66c4d543976ea404	False
L2J_Mobius_CT_2.6_HighFive/docs/phantoms/tasks/PHANTOM-M1-CHECKPOINT-RECOVERY-025/evidence/C_R2_CONTINUATION_PROBE/0018-SNAPSHOT_PHANTOMS.xml	34371	7e5368d1a8f9cb9b2c421a39083ff7470dab2a8b829d5ae1430d3f73ab6096aa	False
L2J_Mobius_CT_2.6_HighFive/docs/phantoms/tasks/PHANTOM-M1-CHECKPOINT-RECOVERY-025/evidence/C_R2_CONTINUATION_PROBE/0019-SNAPSHOT_PHANTOMS.json	37002	ed24e261916f1e57b2f0fb2a4ba2345ad3f4e15b1850307c57e33b4a98b8fc76	False
L2J_Mobius_CT_2.6_HighFive/docs/phantoms/tasks/PHANTOM-M1-CHECKPOINT-RECOVERY-025/evidence/C_R2_CONTINUATION_PROBE/0019-SNAPSHOT_PHANTOMS.xml	35042	4f7cca084555e792fd0b630563591b5fb3b7dac082170256f1bae3cf1dfc3088	False
L2J_Mobius_CT_2.6_HighFive/docs/phantoms/tasks/PHANTOM-M1-CHECKPOINT-RECOVERY-025/evidence/C_R2_CONTINUATION_PROBE/0020-SNAPSHOT_PHANTOMS.json	36942	71fc081e9e929ec6810bae45b9f12be102cf3af623b5dfee6512c44c642a59e8	False
L2J_Mobius_CT_2.6_HighFive/docs/phantoms/tasks/PHANTOM-M1-CHECKPOINT-RECOVERY-025/evidence/C_R2_CONTINUATION_PROBE/0020-SNAPSHOT_PHANTOMS.xml	34982	d598c587495eb1e07dc5438a109449c07df0c3e3ea8b3ee91f70caa8ce3e42e7	False
L2J_Mobius_CT_2.6_HighFive/docs/phantoms/tasks/PHANTOM-M1-CHECKPOINT-RECOVERY-025/evidence/C_R2_CONTINUATION_PROBE/0021-SNAPSHOT_PHANTOMS.json	36839	58492dc4b6185222c988a5b91723fa7cdf0fdba73ebb26442d368ccb1bd90499	False
L2J_Mobius_CT_2.6_HighFive/docs/phantoms/tasks/PHANTOM-M1-CHECKPOINT-RECOVERY-025/evidence/C_R2_CONTINUATION_PROBE/0021-SNAPSHOT_PHANTOMS.xml	34879	798d3bd06f17c6e5eaeaa004768651a8a96fb00a47b69e9077554aa093088d87	False
L2J_Mobius_CT_2.6_HighFive/docs/phantoms/tasks/PHANTOM-M1-CHECKPOINT-RECOVERY-025/evidence/C_R2_CONTINUATION_PROBE/0022-SNAPSHOT_PHANTOMS.json	37536	59b3b629475b4a1b5fd6dd97ede5f05b0311c47c4c38069b253aa00cced46c85	False
L2J_Mobius_CT_2.6_HighFive/docs/phantoms/tasks/PHANTOM-M1-CHECKPOINT-RECOVERY-025/evidence/C_R2_CONTINUATION_PROBE/0022-SNAPSHOT_PHANTOMS.xml	35548	773e19acead6e6dfb3bdc1fca8d96a3092fffe5a2b299c3f4c805dc03fcd0db5	False
L2J_Mobius_CT_2.6_HighFive/docs/phantoms/tasks/PHANTOM-M1-CHECKPOINT-RECOVERY-025/evidence/C_R2_CONTINUATION_PROBE/0023-SNAPSHOT_PHANTOMS.json	37624	7dbb94cecbd273a986075785f5d55d5ac56aea6b81d3ca0e89622fcb62a48288	False
L2J_Mobius_CT_2.6_HighFive/docs/phantoms/tasks/PHANTOM-M1-CHECKPOINT-RECOVERY-025/evidence/C_R2_CONTINUATION_PROBE/0023-SNAPSHOT_PHANTOMS.xml	35636	a16dda131b5a83fb33050ebfaddb9ba1154f0acf3397eeb2eba9f68b4514d36a	False
L2J_Mobius_CT_2.6_HighFive/docs/phantoms/tasks/PHANTOM-M1-CHECKPOINT-RECOVERY-025/evidence/C_R2_CONTINUATION_PROBE/0024-SNAPSHOT_PHANTOMS.json	37465	50046aa50ce55bda7f7085cdeb9d807a0a3f2914b4681fc28f980ac8df07cc37	False
L2J_Mobius_CT_2.6_HighFive/docs/phantoms/tasks/PHANTOM-M1-CHECKPOINT-RECOVERY-025/evidence/C_R2_CONTINUATION_PROBE/0024-SNAPSHOT_PHANTOMS.xml	35491	02127226590ed6db1f4c60c528cd6d15998fdf83e1dde6ce31c36661211189fc	False
L2J_Mobius_CT_2.6_HighFive/docs/phantoms/tasks/PHANTOM-M1-CHECKPOINT-RECOVERY-025/evidence/C_R2_CONTINUATION_PROBE/0025-SNAPSHOT_PHANTOMS.json	37185	360995b5a35edde162f5b6af7b0ee505bf9a2baa99d4c443336d8623ac64a4c9	False
L2J_Mobius_CT_2.6_HighFive/docs/phantoms/tasks/PHANTOM-M1-CHECKPOINT-RECOVERY-025/evidence/C_R2_CONTINUATION_PROBE/0025-SNAPSHOT_PHANTOMS.xml	35225	8363231738e1cc8a49e14bc2c5eacb80ab44bed4ce59e55eb3f108bad3538603	False
L2J_Mobius_CT_2.6_HighFive/docs/phantoms/tasks/PHANTOM-M1-CHECKPOINT-RECOVERY-025/evidence/C_R2_CONTINUATION_PROBE/all-samples.json	851449	4a9f441a807e87cf497b06d9e4065ddc54e83531caec2a4bf4efac42eaf506c1	False
L2J_Mobius_CT_2.6_HighFive/docs/phantoms/tasks/PHANTOM-M1-CHECKPOINT-RECOVERY-025/evidence/C_R2_CONTINUATION_PROBE/baseline-cohort.json	35179	faf3bd85a80a2ecb7fdbb2a31732cb4a2425f0ebb818c9040aa1a07cf129bbc0	False
L2J_Mobius_CT_2.6_HighFive/docs/phantoms/tasks/PHANTOM-M1-CHECKPOINT-RECOVERY-025/evidence/C_R2_CONTINUATION_PROBE/baseline-inventory.tsv	7704	23250aea828f2e5bfd2854c2b112bc43e5ddb7c20aab0cbca730e32da3790376	False
L2J_Mobius_CT_2.6_HighFive/docs/phantoms/tasks/PHANTOM-M1-CHECKPOINT-RECOVERY-025/evidence/C_R2_CONTINUATION_PROBE/cohort-002.json	37503	0b340cf26653144e4ff89109958e8ed9e04dd922645c6e2c7e21c44e4eb52bf9	False
L2J_Mobius_CT_2.6_HighFive/docs/phantoms/tasks/PHANTOM-M1-CHECKPOINT-RECOVERY-025/evidence/C_R2_CONTINUATION_PROBE/cohort-003.json	37065	7854eb6ea603316c9dedfb02c02d3b6d500c5da4f3209a31f95e120936fd666d	False
L2J_Mobius_CT_2.6_HighFive/docs/phantoms/tasks/PHANTOM-M1-CHECKPOINT-RECOVERY-025/evidence/C_R2_CONTINUATION_PROBE/cohort-004.json	36561	c329058bdf2d349db5589581f132079abd89d64d4c1379c47cd81d9876c0f10f	False
L2J_Mobius_CT_2.6_HighFive/docs/phantoms/tasks/PHANTOM-M1-CHECKPOINT-RECOVERY-025/evidence/C_R2_CONTINUATION_PROBE/cohort-005.json	36579	457355e382097166385006f766d95b637063fc33c5095ceb96824e98f588ecb5	False
L2J_Mobius_CT_2.6_HighFive/docs/phantoms/tasks/PHANTOM-M1-CHECKPOINT-RECOVERY-025/evidence/C_R2_CONTINUATION_PROBE/cohort-006.json	36394	34be9984412d2c0ff8165a4d35642c7ad9a26ee9031bb1760bf8741da1266407	False
L2J_Mobius_CT_2.6_HighFive/docs/phantoms/tasks/PHANTOM-M1-CHECKPOINT-RECOVERY-025/evidence/C_R2_CONTINUATION_PROBE/cohort-007.json	37161	a851756e1baf006fdef105d97c78140902aa8dc8c144d48eec4e99e8642ffbb7	False
L2J_Mobius_CT_2.6_HighFive/docs/phantoms/tasks/PHANTOM-M1-CHECKPOINT-RECOVERY-025/evidence/C_R2_CONTINUATION_PROBE/cohort-008.json	37545	a3727d0ef7492880570efb7af21450799a5ee3d23dbc9bebceaf74c23dbf0aa7	False
L2J_Mobius_CT_2.6_HighFive/docs/phantoms/tasks/PHANTOM-M1-CHECKPOINT-RECOVERY-025/evidence/C_R2_CONTINUATION_PROBE/cohort-009.json	37221	e5fb35c6aba317bfbf554a06a3b3e062c7997fc671463dc71a17cc91646a0dbe	False
L2J_Mobius_CT_2.6_HighFive/docs/phantoms/tasks/PHANTOM-M1-CHECKPOINT-RECOVERY-025/evidence/C_R2_CONTINUATION_PROBE/cohort-010.json	37199	8bfe1813959f08acef73c38b40a643c9936451cdc8939bd9c33c242a79450efd	False
L2J_Mobius_CT_2.6_HighFive/docs/phantoms/tasks/PHANTOM-M1-CHECKPOINT-RECOVERY-025/evidence/C_R2_CONTINUATION_PROBE/cohort-011.json	37042	9e3972b3f768dfc938731a70d27be1790f9a5e9b784740b8d34dc7e08b2ee6c4	False
L2J_Mobius_CT_2.6_HighFive/docs/phantoms/tasks/PHANTOM-M1-CHECKPOINT-RECOVERY-025/evidence/C_R2_CONTINUATION_PROBE/cohort-012.json	37135	c13546bd8ef605e923722f0b6b372b81ec6f837ed197a64e7fed6b1f3e0cda8b	False
L2J_Mobius_CT_2.6_HighFive/docs/phantoms/tasks/PHANTOM-M1-CHECKPOINT-RECOVERY-025/evidence/C_R2_CONTINUATION_PROBE/cohort-013.json	36238	d60a3a448bd3bf4e06bb6f5ffe1406f9eda190c51674ea650c83445a669dc37d	False
L2J_Mobius_CT_2.6_HighFive/docs/phantoms/tasks/PHANTOM-M1-CHECKPOINT-RECOVERY-025/evidence/C_R2_CONTINUATION_PROBE/cohort-014.json	36173	30557fc69bf3a699a78978dc5dcae74ecc0c4fd68a7e19a863e940b835c1befa	False
L2J_Mobius_CT_2.6_HighFive/docs/phantoms/tasks/PHANTOM-M1-CHECKPOINT-RECOVERY-025/evidence/C_R2_CONTINUATION_PROBE/cohort-015.json	35679	5f697869cd9f0035e7b8455095f9d16f3a9f0ef3efb0be3134032000531d2375	False
L2J_Mobius_CT_2.6_HighFive/docs/phantoms/tasks/PHANTOM-M1-CHECKPOINT-RECOVERY-025/evidence/C_R2_CONTINUATION_PROBE/cohort-016.json	36398	824830ce43605da4311b824cc280228a51fb4524ad84561f2cc796e6660b2ee8	False
L2J_Mobius_CT_2.6_HighFive/docs/phantoms/tasks/PHANTOM-M1-CHECKPOINT-RECOVERY-025/evidence/C_R2_CONTINUATION_PROBE/cohort-017.json	36332	38f614f2dcc02798beb1176254f8fc09292cf7003721c3a2daae64ef454aa926	False
L2J_Mobius_CT_2.6_HighFive/docs/phantoms/tasks/PHANTOM-M1-CHECKPOINT-RECOVERY-025/evidence/C_R2_CONTINUATION_PROBE/cohort-018.json	36229	8573bcb0a6cfdecce693de6c2442b8dc938bf98438a89aac2adec629cd058f26	False
L2J_Mobius_CT_2.6_HighFive/docs/phantoms/tasks/PHANTOM-M1-CHECKPOINT-RECOVERY-025/evidence/C_R2_CONTINUATION_PROBE/cohort-019.json	36941	d8d1df75ab75fb55b0eb052fe621549c2c9886ec8648e3bc3adc69fef16f83d0	False
L2J_Mobius_CT_2.6_HighFive/docs/phantoms/tasks/PHANTOM-M1-CHECKPOINT-RECOVERY-025/evidence/C_R2_CONTINUATION_PROBE/cohort-020.json	37029	35db8fbe6f96194d09efc9555ace09c0c8ae1e2dcdf44e630b64e4eb9c24459d	False
L2J_Mobius_CT_2.6_HighFive/docs/phantoms/tasks/PHANTOM-M1-CHECKPOINT-RECOVERY-025/evidence/C_R2_CONTINUATION_PROBE/cohort-021.json	36864	99760d9a4a1fba4befbb9e2b169cc6dc0c323414ec721c446c0c5880c1b3c078	False
L2J_Mobius_CT_2.6_HighFive/docs/phantoms/tasks/PHANTOM-M1-CHECKPOINT-RECOVERY-025/evidence/C_R2_CONTINUATION_PROBE/cohort-022.json	36577	6a6db8a9b581d7a4c1f58f9c5ab9ffc1c2bd5529eee6b4b5c0d0a5e0ba16367a	False
L2J_Mobius_CT_2.6_HighFive/docs/phantoms/tasks/PHANTOM-M1-CHECKPOINT-RECOVERY-025/evidence/C_R2_CONTINUATION_PROBE/continuation-correlation.json	1470	3627bedba36a49c62d713bc32df589468c6a98e66f577953b52b685494343182	False
L2J_Mobius_CT_2.6_HighFive/docs/phantoms/tasks/PHANTOM-M1-CHECKPOINT-RECOVERY-025/evidence/C_R2_CONTINUATION_PROBE/discovery-result.json	170	48b74e4d4912cd6b1ad904863752d1a15ecc3da9935ea3d3897b8c4b643d3fcf	False
L2J_Mobius_CT_2.6_HighFive/docs/phantoms/tasks/PHANTOM-M1-CHECKPOINT-RECOVERY-025/evidence/C_R2_CONTINUATION_PROBE/heartbeat-control.log	0	e3b0c44298fc1c149afbf4c8996fb92427ae41e4649b934ca495991b7852b855	False
L2J_Mobius_CT_2.6_HighFive/docs/phantoms/tasks/PHANTOM-M1-CHECKPOINT-RECOVERY-025/evidence/C_R2_CONTINUATION_PROBE/primary.json	10020	91f44999dd954689a687dc85c6e50399652e37c53a1ca33583db557df117dffe	False
L2J_Mobius_CT_2.6_HighFive/docs/phantoms/tasks/PHANTOM-M1-CHECKPOINT-RECOVERY-025/evidence/C_R2_CONTINUATION_PROBE/run-id.txt	38	453c9fa56f8ceb44c8130bd3e6bbc1227bd7b2277b39f8e9eaf2adaee3e87edb	False
L2J_Mobius_CT_2.6_HighFive/docs/phantoms/tasks/PHANTOM-M1-CHECKPOINT-RECOVERY-025/evidence/C_R2_CONTINUATION_PROBE/sealed/1159-140367216886300-3714.properties	702	f1ac447bd08eda31bb4accc43872f5861f2f243ad1204a5f4866c0f6dcf049cd	False
L2J_Mobius_CT_2.6_HighFive/docs/phantoms/tasks/PHANTOM-M1-CHECKPOINT-RECOVERY-025/evidence/C_R2_CONTINUATION_PROBE/sealed/1159-140367216886300-3716.properties	676	6ae9f8e0c6cba38595854e12b157126e6cf73cacf042850f432da77c27533699	False
L2J_Mobius_CT_2.6_HighFive/docs/phantoms/tasks/PHANTOM-M1-CHECKPOINT-RECOVERY-025/evidence/C_R2_CONTINUATION_PROBE/sealed/1159-140367216886300-3718.properties	676	41a4986b2e6303873e72e89249c88136459ed5957d547ffd9a14132c96897120	False
L2J_Mobius_CT_2.6_HighFive/docs/phantoms/tasks/PHANTOM-M1-CHECKPOINT-RECOVERY-025/evidence/C_R2_CONTINUATION_PROBE/sealed/1159-140367216886300-3720.properties	676	83ea2f16f1ec22df4e93b2a65f271135e3339917fb4de02a9ed8766421a2398e	False
L2J_Mobius_CT_2.6_HighFive/docs/phantoms/tasks/PHANTOM-M1-CHECKPOINT-RECOVERY-025/evidence/C_R2_CONTINUATION_PROBE/sealed/175-140366924834300-21692.properties	693	9db30e79a5eabb6dd5068e4431ef895003f6fa6d7e20fc24861bde7d29a3d6d2	False
L2J_Mobius_CT_2.6_HighFive/docs/phantoms/tasks/PHANTOM-M1-CHECKPOINT-RECOVERY-025/evidence/C_R2_CONTINUATION_PROBE/sealed/275-140366937374700-26610.properties	706	222aa7d68e91f273bca8a234406be656f96ed584da4be739b8fee82feafd6e1b	False
L2J_Mobius_CT_2.6_HighFive/docs/phantoms/tasks/PHANTOM-M1-CHECKPOINT-RECOVERY-025/evidence/C_R2_CONTINUATION_PROBE/sealed/294-140366952951100-4887.properties	702	fa5ce488d4f5e5dfa610036a326619e1d0e18ab392871d44b3be7b24510207fd	False
L2J_Mobius_CT_2.6_HighFive/docs/phantoms/tasks/PHANTOM-M1-CHECKPOINT-RECOVERY-025/evidence/C_R2_CONTINUATION_PROBE/sealed/294-140366952951100-4889.properties	689	ab1585aa8f25fd8d05cdc571059a3ff55081bb11331c6ce3c9c7d8353290a590	False
L2J_Mobius_CT_2.6_HighFive/docs/phantoms/tasks/PHANTOM-M1-CHECKPOINT-RECOVERY-025/evidence/C_R2_CONTINUATION_PROBE/sealed/876-140367952364900-4578.properties	676	6af155fc9550d90c2d4a81302c5fdfe04fbcd86a58043dbb18614cc3ecc86bac	False
L2J_Mobius_CT_2.6_HighFive/docs/phantoms/tasks/PHANTOM-M1-CHECKPOINT-RECOVERY-025/evidence/C_R2_CONTINUATION_PROBE/sealed/876-140367952364900-4580.properties	688	b37601b25a653e5b08b67867418c6919e164187681c28bc2f3dda88db41707d3	False
L2J_Mobius_CT_2.6_HighFive/docs/phantoms/tasks/PHANTOM-M1-CHECKPOINT-RECOVERY-025/evidence/C_R2_CONTINUATION_PROBE/sealed/876-140367952364900-4582.properties	676	9861aac9aeefc239c212399a5e22d99d7929e99fe99adda3210117fcb420f9da	False
L2J_Mobius_CT_2.6_HighFive/docs/phantoms/tasks/PHANTOM-M1-CHECKPOINT-RECOVERY-025/evidence/C_R2_CONTINUATION_PROBE/sealed/924-140367419190800-5521.properties	690	47a084459d90123a2bddcd52844d9687c34c46297db1fa1a62b1232b776423a5	False
L2J_Mobius_CT_2.6_HighFive/docs/phantoms/tasks/PHANTOM-M1-CHECKPOINT-RECOVERY-025/evidence/C_R2_CONTINUATION_PROBE/sealed/994-140367117092600-3952.properties	694	6c621fb12cf998b7bd153252bf3dd67199b419b1fb2d66f0a8e995584d83e5c2	False
L2J_Mobius_CT_2.6_HighFive/docs/phantoms/tasks/PHANTOM-M1-CHECKPOINT-RECOVERY-025/evidence/C_R2_CONTINUATION_PROBE/sealed/994-140367117092600-3954.properties	675	e88a8f6160a07af8d698379d48f04e1ff319c16fc71cdd326c33e3b6ee6e4dac	False
L2J_Mobius_CT_2.6_HighFive/docs/phantoms/tasks/PHANTOM-M1-CHECKPOINT-RECOVERY-025/evidence/C_R2_CONTINUATION_PROBE/sealed/994-140367117092600-3956.properties	675	8b5c6aaf710db0d546f82e0b7f52e87d7ba9f8fda8c46dac9afa5fdafbd94557	False
L2J_Mobius_CT_2.6_HighFive/docs/phantoms/tasks/PHANTOM-M1-CHECKPOINT-RECOVERY-025/evidence/C_R2_CONTINUATION_PROBE/sealed/994-140367117092600-3958.properties	688	0ca45740d031f00101ea472c82634577a6ed02325ecb693f6025fffbda60105e	False
L2J_Mobius_CT_2.6_HighFive/docs/phantoms/tasks/PHANTOM-M1-CHECKPOINT-RECOVERY-025/evidence/C_R2_CONTINUATION_PROBE/sealed/994-140367117092600-3960.properties	678	4ad9f414847e7dcabe8dba2c0b50859ef984a65aec6475d2d8d0264b3d9e83d6	False
L2J_Mobius_CT_2.6_HighFive/docs/phantoms/tasks/PHANTOM-M1-CHECKPOINT-RECOVERY-025/evidence/C_R2_CONTINUATION_PROBE/sealed/observer-installed.properties	130	3c89b3d8444bb62f47483042b17419525357b5035e6afe77bf8a352a8fa9b927	False
L2J_Mobius_CT_2.6_HighFive/docs/phantoms/tasks/PHANTOM-M1-CHECKPOINT-RECOVERY-025/evidence/C_R2_CONTINUATION_PROBE/sealed/observer-status-140526514738000.properties	85	ed28556aa6d5c985fca306026ce77ccefb895dfde018306d8d706aa87116e10a	False
L2J_Mobius_CT_2.6_HighFive/docs/phantoms/tasks/PHANTOM-M1-CHECKPOINT-RECOVERY-025/evidence/C_R2_CONTINUATION_PROBE/sealed/observer-status-140537681708100.properties	85	f328e06607ce623b29aadd884edc418f4d6bf7176312ba56e490885df1163e03	False
L2J_Mobius_CT_2.6_HighFive/docs/phantoms/tasks/PHANTOM-M1-CHECKPOINT-RECOVERY-025/evidence/C_R2_CONTINUATION_PROBE/synthetic-start.json	112	1e055934d50d93a45330b1c69e7c84ae700d38fd1bf4e54388426a3124e4d489	False
L2J_Mobius_CT_2.6_HighFive/docs/phantoms/tasks/PHANTOM-M1-CHECKPOINT-RECOVERY-025/evidence/C_R2_CONTINUATION_PROBE/synthetic-stop.json	114	84644f0a474b64fe49f0e780a5780a2ecdcf90e37e04225a4e3c5a3200da3d8f	False
L2J_Mobius_CT_2.6_HighFive/docs/phantoms/tasks/PHANTOM-M1-CHECKPOINT-RECOVERY-025/evidence/C_R2_STOPPED_SQL/characters.tsv	757	91c4bbf6887722a21bedf4be5508e45a629b423f0621eda993538097c2f09167	False
L2J_Mobius_CT_2.6_HighFive/docs/phantoms/tasks/PHANTOM-M1-CHECKPOINT-RECOVERY-025/evidence/C_R2_STOPPED_SQL/counts.tsv	91	14443599d3f1267e7992f4a2f9d5471d93274c9b2891c3b97451fab52a0abc84	False
L2J_Mobius_CT_2.6_HighFive/docs/phantoms/tasks/PHANTOM-M1-CHECKPOINT-RECOVERY-025/evidence/C_R2_STOPPED_SQL/durable-decoded.tsv	2909	c05e58c60a07062e13a5a3e6fc56240c8bf033f35b3dfdac48dbbd56b76c023d	False
L2J_Mobius_CT_2.6_HighFive/docs/phantoms/tasks/PHANTOM-M1-CHECKPOINT-RECOVERY-025/evidence/C_R2_STOPPED_SQL/durable-hex.tsv	17877	ddb324ab306d6835398720e2c1d8e5cef5a264508bf6cfe08d238a2c0e23c1a1	False
L2J_Mobius_CT_2.6_HighFive/docs/phantoms/tasks/PHANTOM-M1-CHECKPOINT-RECOVERY-025/evidence/C_R2_STOPPED_SQL/items.tsv	9409	ce2daaa2634f948ae5493acc76be2ff1d51abd62f5b1891445f4565c450c9b7d	False
L2J_Mobius_CT_2.6_HighFive/docs/phantoms/tasks/PHANTOM-M1-CHECKPOINT-RECOVERY-025/evidence/C_R2_STOPPED_SQL/runtime-manifest.json	977	68b4706ccc69c4c6b8e8ada4571bfc4152d69d240ad861f41148e405d3284835	False
L2J_Mobius_CT_2.6_HighFive/docs/phantoms/tasks/PHANTOM-M1-CHECKPOINT-RECOVERY-025/evidence/C_R2_STOPPED_SQL/skills.tsv	902	3b576cda57a8d196585697e0cacd924c7f7c8a1147ad5c89c3b78e4624aea748	False
L2J_Mobius_CT_2.6_HighFive/docs/phantoms/tasks/PHANTOM-M1-CHECKPOINT-RECOVERY-025/evidence/C_R2_WHOLE_GROUP_EXACT.json	4409	085e691d405cd6b3cce4bc3f69a71e39a97af8f0ca39231d4eea52cf3ecab4d9	False
L2J_Mobius_CT_2.6_HighFive/docs/phantoms/tasks/PHANTOM-M1-CHECKPOINT-RECOVERY-025/evidence/C_R3_633_NATIVE_GEO_READ.txt	100981	9b603a55d02b4ad3249c5078b8ff879868d8d2fa7831088996ea75b08e450067	False
L2J_Mobius_CT_2.6_HighFive/docs/phantoms/tasks/PHANTOM-M1-CHECKPOINT-RECOVERY-025/evidence/C_R3_A_RESTART1_EARLY/characters.tsv	764	ea26c66d1899ce39466a27bf380da860a9a713324c3cf7876ba1e9bc059019a8	False
L2J_Mobius_CT_2.6_HighFive/docs/phantoms/tasks/PHANTOM-M1-CHECKPOINT-RECOVERY-025/evidence/C_R3_A_RESTART1_EARLY/counts.tsv	91	14443599d3f1267e7992f4a2f9d5471d93274c9b2891c3b97451fab52a0abc84	False
L2J_Mobius_CT_2.6_HighFive/docs/phantoms/tasks/PHANTOM-M1-CHECKPOINT-RECOVERY-025/evidence/C_R3_A_RESTART1_EARLY/durable-decoded.tsv	2912	22c758f7063fb00e956f0d8218d6c017ee6c5b0f7e0daf620bb81f3d84455f6f	False
L2J_Mobius_CT_2.6_HighFive/docs/phantoms/tasks/PHANTOM-M1-CHECKPOINT-RECOVERY-025/evidence/C_R3_A_RESTART1_EARLY/durable-hex.tsv	19460	52e843bc5053a2e573508a4556d4e0cd930dee77ba4f8c7d48fe26501fbfd04d	False
L2J_Mobius_CT_2.6_HighFive/docs/phantoms/tasks/PHANTOM-M1-CHECKPOINT-RECOVERY-025/evidence/C_R3_A_RESTART1_EARLY/items.tsv	7945	dad7fb9b9f0510044b3384fbb15e4ca19f53516ee64d6e153cdc46324f153867	False
L2J_Mobius_CT_2.6_HighFive/docs/phantoms/tasks/PHANTOM-M1-CHECKPOINT-RECOVERY-025/evidence/C_R3_A_RESTART1_EARLY/runtime-manifest.json	977	d77cbf3dd37e09570053570eb8b5b9fab6e3516b1d9de5738a7afc540b42eaf5	False
L2J_Mobius_CT_2.6_HighFive/docs/phantoms/tasks/PHANTOM-M1-CHECKPOINT-RECOVERY-025/evidence/C_R3_A_RESTART1_EARLY/skills.tsv	1022	7c275a0b6bd93f2660b23d022ab5fb3830d01cfd0abb205bbd243b881d19d6eb	False
L2J_Mobius_CT_2.6_HighFive/docs/phantoms/tasks/PHANTOM-M1-CHECKPOINT-RECOVERY-025/evidence/C_R3_A_RESTART1_EXACT.json	3577	a9fb1175c803ab7ea564c3b80807e63d3f403e53c7aa0c1e0c2366efc6cfbd98	False
L2J_Mobius_CT_2.6_HighFive/docs/phantoms/tasks/PHANTOM-M1-CHECKPOINT-RECOVERY-025/evidence/C_R3_A_STOPPED_SQL/characters.tsv	764	ea26c66d1899ce39466a27bf380da860a9a713324c3cf7876ba1e9bc059019a8	False
L2J_Mobius_CT_2.6_HighFive/docs/phantoms/tasks/PHANTOM-M1-CHECKPOINT-RECOVERY-025/evidence/C_R3_A_STOPPED_SQL/counts.tsv	91	14443599d3f1267e7992f4a2f9d5471d93274c9b2891c3b97451fab52a0abc84	False
L2J_Mobius_CT_2.6_HighFive/docs/phantoms/tasks/PHANTOM-M1-CHECKPOINT-RECOVERY-025/evidence/C_R3_A_STOPPED_SQL/durable-decoded.tsv	2912	22c758f7063fb00e956f0d8218d6c017ee6c5b0f7e0daf620bb81f3d84455f6f	False
L2J_Mobius_CT_2.6_HighFive/docs/phantoms/tasks/PHANTOM-M1-CHECKPOINT-RECOVERY-025/evidence/C_R3_A_STOPPED_SQL/durable-hex.tsv	19460	52e843bc5053a2e573508a4556d4e0cd930dee77ba4f8c7d48fe26501fbfd04d	False
L2J_Mobius_CT_2.6_HighFive/docs/phantoms/tasks/PHANTOM-M1-CHECKPOINT-RECOVERY-025/evidence/C_R3_A_STOPPED_SQL/items.tsv	7945	dad7fb9b9f0510044b3384fbb15e4ca19f53516ee64d6e153cdc46324f153867	False
L2J_Mobius_CT_2.6_HighFive/docs/phantoms/tasks/PHANTOM-M1-CHECKPOINT-RECOVERY-025/evidence/C_R3_A_STOPPED_SQL/runtime-manifest.json	977	d77cbf3dd37e09570053570eb8b5b9fab6e3516b1d9de5738a7afc540b42eaf5	False
L2J_Mobius_CT_2.6_HighFive/docs/phantoms/tasks/PHANTOM-M1-CHECKPOINT-RECOVERY-025/evidence/C_R3_A_STOPPED_SQL/skills.tsv	1022	7c275a0b6bd93f2660b23d022ab5fb3830d01cfd0abb205bbd243b881d19d6eb	False
L2J_Mobius_CT_2.6_HighFive/docs/phantoms/tasks/PHANTOM-M1-CHECKPOINT-RECOVERY-025/evidence/C_R3_A_WHOLE_GROUP_EXACT.json	3577	a9fb1175c803ab7ea564c3b80807e63d3f403e53c7aa0c1e0c2366efc6cfbd98	False
L2J_Mobius_CT_2.6_HighFive/docs/phantoms/tasks/PHANTOM-M1-CHECKPOINT-RECOVERY-025/evidence/C_R3_SCENE_A/0001-STATUS.json	1227	e71ec8a256f4b1871ec2b7f49c9be5a3054af4c5df9b34253749d6afe009a725	False
L2J_Mobius_CT_2.6_HighFive/docs/phantoms/tasks/PHANTOM-M1-CHECKPOINT-RECOVERY-025/evidence/C_R3_SCENE_A/0001-STATUS.xml	1177	6050598e199ca2cf039a7e7ef32ad1e3b00a4e5e8c0ee62bcaef841d63838b15	False
L2J_Mobius_CT_2.6_HighFive/docs/phantoms/tasks/PHANTOM-M1-CHECKPOINT-RECOVERY-025/evidence/C_R3_SCENE_A/0002-TELEPORT_SELF.json	1160	ac4617a5852381acb82bfe63e5f5a1ade01a5ad12e8c2f3df7f80ac3c9a659a1	False
L2J_Mobius_CT_2.6_HighFive/docs/phantoms/tasks/PHANTOM-M1-CHECKPOINT-RECOVERY-025/evidence/C_R3_SCENE_A/0002-TELEPORT_SELF.xml	1120	039a56dd17ff85b53de651ba5e7fef1882468a0efd1fec6216c7c3d3f4d79681	False
L2J_Mobius_CT_2.6_HighFive/docs/phantoms/tasks/PHANTOM-M1-CHECKPOINT-RECOVERY-025/evidence/C_R3_SCENE_A/0003-STATUS.json	1227	2df68fd9a57a047496a7cde19ffe5cff92a2328185640a180ba8fd715393bdfa	False
L2J_Mobius_CT_2.6_HighFive/docs/phantoms/tasks/PHANTOM-M1-CHECKPOINT-RECOVERY-025/evidence/C_R3_SCENE_A/0003-STATUS.xml	1177	326ce95a483efcdc03639303ccbe2c3caf9b49a486e671e59a2adef57be539e4	False
L2J_Mobius_CT_2.6_HighFive/docs/phantoms/tasks/PHANTOM-M1-CHECKPOINT-RECOVERY-025/evidence/C_R3_SCENE_A/0004-SNAPSHOT_PHANTOMS.json	37744	7d31bc0d9ad18e5876d885a5e0f6cdd866132295d8fb6a77847f6516f6806592	False
L2J_Mobius_CT_2.6_HighFive/docs/phantoms/tasks/PHANTOM-M1-CHECKPOINT-RECOVERY-025/evidence/C_R3_SCENE_A/0004-SNAPSHOT_PHANTOMS.xml	35742	9ca761821b07a2281a4e585ced9801216ad306d6349a70a91b82edbfada0f4a3	False
L2J_Mobius_CT_2.6_HighFive/docs/phantoms/tasks/PHANTOM-M1-CHECKPOINT-RECOVERY-025/evidence/C_R3_SCENE_A/0005-SNAPSHOT_PHANTOMS.json	37177	3966fac80db15898498ed06f0473a1175ae2facfef6202d7b70d479eb6eb9946	False
L2J_Mobius_CT_2.6_HighFive/docs/phantoms/tasks/PHANTOM-M1-CHECKPOINT-RECOVERY-025/evidence/C_R3_SCENE_A/0005-SNAPSHOT_PHANTOMS.xml	35231	6fd9dd61a1a5f622232e52d25af8fe5c335a4cd59b26d05648b50a1506f7d781	False
L2J_Mobius_CT_2.6_HighFive/docs/phantoms/tasks/PHANTOM-M1-CHECKPOINT-RECOVERY-025/evidence/C_R3_SCENE_A/0006-SNAPSHOT_PHANTOMS.json	37085	c60d44e2e464410b6a0bcdb412968da6dabd052747524aee569b888123c87e87	False
L2J_Mobius_CT_2.6_HighFive/docs/phantoms/tasks/PHANTOM-M1-CHECKPOINT-RECOVERY-025/evidence/C_R3_SCENE_A/0006-SNAPSHOT_PHANTOMS.xml	35139	362a0f3c83133b0dc02c25e455fd0a55804457b648c80c8e175cf934eacad232	False
L2J_Mobius_CT_2.6_HighFive/docs/phantoms/tasks/PHANTOM-M1-CHECKPOINT-RECOVERY-025/evidence/C_R3_SCENE_A/0007-SNAPSHOT_PHANTOMS.json	36132	1cbc3347d5e3cab75beb5fdb47386a3f0f5bed863eb426a85cd1282bddd647b3	False
L2J_Mobius_CT_2.6_HighFive/docs/phantoms/tasks/PHANTOM-M1-CHECKPOINT-RECOVERY-025/evidence/C_R3_SCENE_A/0007-SNAPSHOT_PHANTOMS.xml	34200	a86ff02ad486d9db26a0d746100a40179889d124df4e30383d33aa7d93351f20	False
L2J_Mobius_CT_2.6_HighFive/docs/phantoms/tasks/PHANTOM-M1-CHECKPOINT-RECOVERY-025/evidence/C_R3_SCENE_A/0008-SNAPSHOT_PHANTOMS.json	35845	fae7b35993488891db140bc83f3055c469052bdf420e24ad85f69610d30f6c83	False
L2J_Mobius_CT_2.6_HighFive/docs/phantoms/tasks/PHANTOM-M1-CHECKPOINT-RECOVERY-025/evidence/C_R3_SCENE_A/0008-SNAPSHOT_PHANTOMS.xml	33927	a8df5a4fcedda7421b8743d41492c40e83fc53e6d0a443b6a5abd4597d470d4c	False
L2J_Mobius_CT_2.6_HighFive/docs/phantoms/tasks/PHANTOM-M1-CHECKPOINT-RECOVERY-025/evidence/C_R3_SCENE_A/0009-SNAPSHOT_PHANTOMS.json	35652	b0b69678785c71abc3d21b9ba158196d54c2dbba10aa8ce5cdda0afff402bee0	False
L2J_Mobius_CT_2.6_HighFive/docs/phantoms/tasks/PHANTOM-M1-CHECKPOINT-RECOVERY-025/evidence/C_R3_SCENE_A/0009-SNAPSHOT_PHANTOMS.xml	33734	b7d36de124f62dc22a0238d89c4a40dda1f00c4f9f5bbc7bdf0bea83ebf4fff1	False
L2J_Mobius_CT_2.6_HighFive/docs/phantoms/tasks/PHANTOM-M1-CHECKPOINT-RECOVERY-025/evidence/C_R3_SCENE_A/0010-SNAPSHOT_PHANTOMS.json	36834	5c5c0a3d5263d7c20b4ee601210a6615cd90c84809e63e5400ef366264d3898d	False
L2J_Mobius_CT_2.6_HighFive/docs/phantoms/tasks/PHANTOM-M1-CHECKPOINT-RECOVERY-025/evidence/C_R3_SCENE_A/0010-SNAPSHOT_PHANTOMS.xml	34874	f85eff5c3ccdd7457cc2fd381528b070a0e9736b60fff758fffa104e0d51fc2d	False
L2J_Mobius_CT_2.6_HighFive/docs/phantoms/tasks/PHANTOM-M1-CHECKPOINT-RECOVERY-025/evidence/C_R3_SCENE_A/0011-SNAPSHOT_PHANTOMS.json	36932	f9ea5510c49adaf56d9ddcecec43ec05bda710b189891952c1239b8acc7b3f10	False
L2J_Mobius_CT_2.6_HighFive/docs/phantoms/tasks/PHANTOM-M1-CHECKPOINT-RECOVERY-025/evidence/C_R3_SCENE_A/0011-SNAPSHOT_PHANTOMS.xml	34972	c4437d602566c809a9b7f3a16da4e96df8d58445a118566d1cae2f262c300b21	False
L2J_Mobius_CT_2.6_HighFive/docs/phantoms/tasks/PHANTOM-M1-CHECKPOINT-RECOVERY-025/evidence/C_R3_SCENE_A/0012-SNAPSHOT_PHANTOMS.json	37780	a94f4b6c89b14bbaed7900ebc09ae3b6c2face3398cae85414f58e5f4d7f2fcf	False
L2J_Mobius_CT_2.6_HighFive/docs/phantoms/tasks/PHANTOM-M1-CHECKPOINT-RECOVERY-025/evidence/C_R3_SCENE_A/0012-SNAPSHOT_PHANTOMS.xml	35792	5214237b752f711e619e20750bc82f70882a178f82d44bf82d847f56902eee7f	False
L2J_Mobius_CT_2.6_HighFive/docs/phantoms/tasks/PHANTOM-M1-CHECKPOINT-RECOVERY-025/evidence/C_R3_SCENE_A/0013-SNAPSHOT_PHANTOMS.json	37801	1421a6261c109c1147b703e0eccafb8f4304fbe543349f5fcb97f9c2edbb2286	False
L2J_Mobius_CT_2.6_HighFive/docs/phantoms/tasks/PHANTOM-M1-CHECKPOINT-RECOVERY-025/evidence/C_R3_SCENE_A/0013-SNAPSHOT_PHANTOMS.xml	35813	2fc6e6fb766c89f8b9b4bd04ee813a8ad647083eb75995a53faf42fbb339783d	False
L2J_Mobius_CT_2.6_HighFive/docs/phantoms/tasks/PHANTOM-M1-CHECKPOINT-RECOVERY-025/evidence/C_R3_SCENE_A/0014-SNAPSHOT_PHANTOMS.json	36953	e438f04df3e1b261a11be72467484ab8af9bbe4131175923fb8f308fbc1037f4	False
L2J_Mobius_CT_2.6_HighFive/docs/phantoms/tasks/PHANTOM-M1-CHECKPOINT-RECOVERY-025/evidence/C_R3_SCENE_A/0014-SNAPSHOT_PHANTOMS.xml	35049	1bcf53dc184e85fa023a26e0b5d1b4917ade799011951f9c9d0b5c1f3efd4d86	False
L2J_Mobius_CT_2.6_HighFive/docs/phantoms/tasks/PHANTOM-M1-CHECKPOINT-RECOVERY-025/evidence/C_R3_SCENE_A/0015-SNAPSHOT_PHANTOMS.json	36705	f94ca8962511340c55cbfc1ac5633827970c883775cb6310b023959b915b410d	False
L2J_Mobius_CT_2.6_HighFive/docs/phantoms/tasks/PHANTOM-M1-CHECKPOINT-RECOVERY-025/evidence/C_R3_SCENE_A/0015-SNAPSHOT_PHANTOMS.xml	34801	a6d629f01216791c0b79151f8a520ab3536c4e3c24bec8af025696f5ef16d23a	False
L2J_Mobius_CT_2.6_HighFive/docs/phantoms/tasks/PHANTOM-M1-CHECKPOINT-RECOVERY-025/evidence/C_R3_SCENE_A/0016-SNAPSHOT_PHANTOMS.json	36716	783680004dc6c840d306614f89048b4b112d96a207507a20e10a41219868b836	False
L2J_Mobius_CT_2.6_HighFive/docs/phantoms/tasks/PHANTOM-M1-CHECKPOINT-RECOVERY-025/evidence/C_R3_SCENE_A/0016-SNAPSHOT_PHANTOMS.xml	34812	33c9f218edc3a906cb944547d73c3d95a201029149f29bc39b8b88e69806f35c	False
L2J_Mobius_CT_2.6_HighFive/docs/phantoms/tasks/PHANTOM-M1-CHECKPOINT-RECOVERY-025/evidence/C_R3_SCENE_A/0017-SNAPSHOT_PHANTOMS.json	37159	3730145191b281ac5ccacc9a08c46b88fbf35f4bd18945704068f7333767e88a	False
L2J_Mobius_CT_2.6_HighFive/docs/phantoms/tasks/PHANTOM-M1-CHECKPOINT-RECOVERY-025/evidence/C_R3_SCENE_A/0017-SNAPSHOT_PHANTOMS.xml	35241	37cfd2db1bee3678d241cfc6a86a72e0f68ea05119be34f0f9a3c31fc7bc8a7b	False
L2J_Mobius_CT_2.6_HighFive/docs/phantoms/tasks/PHANTOM-M1-CHECKPOINT-RECOVERY-025/evidence/C_R3_SCENE_A/0018-SNAPSHOT_PHANTOMS.json	37357	1dd64796a14050e0b2104eacebc6ca34583bdcf12473ab3b015964be98b8630b	False
L2J_Mobius_CT_2.6_HighFive/docs/phantoms/tasks/PHANTOM-M1-CHECKPOINT-RECOVERY-025/evidence/C_R3_SCENE_A/0018-SNAPSHOT_PHANTOMS.xml	35425	505eb9bb96865d5e04380c09ddf9feb02e2929c7db24677044261d42ff149a21	False
L2J_Mobius_CT_2.6_HighFive/docs/phantoms/tasks/PHANTOM-M1-CHECKPOINT-RECOVERY-025/evidence/C_R3_SCENE_A/0019-SNAPSHOT_PHANTOMS.json	36833	00e31386781ed9c178632e04007005c7a328b3a7984ba0baa4b4f3eecae684d6	False
L2J_Mobius_CT_2.6_HighFive/docs/phantoms/tasks/PHANTOM-M1-CHECKPOINT-RECOVERY-025/evidence/C_R3_SCENE_A/0019-SNAPSHOT_PHANTOMS.xml	34915	9d8ac29c51d50d8261b9bd866048fab6f26d375a17d501b3e30a89c779a9a5ab	False
L2J_Mobius_CT_2.6_HighFive/docs/phantoms/tasks/PHANTOM-M1-CHECKPOINT-RECOVERY-025/evidence/C_R3_SCENE_A/0020-SNAPSHOT_PHANTOMS.json	37159	ce7750e5964a0070a1aa7fa58383a680e34477125d8b3469a61ea5b9b7f34dcf	False
L2J_Mobius_CT_2.6_HighFive/docs/phantoms/tasks/PHANTOM-M1-CHECKPOINT-RECOVERY-025/evidence/C_R3_SCENE_A/0020-SNAPSHOT_PHANTOMS.xml	35213	45930dc7934574e9ab597df7f85e53f162410dc89e1dad9fc992084f18d9f8cd	False
L2J_Mobius_CT_2.6_HighFive/docs/phantoms/tasks/PHANTOM-M1-CHECKPOINT-RECOVERY-025/evidence/C_R3_SCENE_A/0021-SNAPSHOT_PHANTOMS.json	37929	ece833f141ca11655c462c6dd7f5622a9f11102d70dd9f6fabf6fdf876271627	False
L2J_Mobius_CT_2.6_HighFive/docs/phantoms/tasks/PHANTOM-M1-CHECKPOINT-RECOVERY-025/evidence/C_R3_SCENE_A/0021-SNAPSHOT_PHANTOMS.xml	35955	9981b367a32660387bb8f6b429ec4bae7cae58fe48186fd269a0a129b1a67b6d	False
L2J_Mobius_CT_2.6_HighFive/docs/phantoms/tasks/PHANTOM-M1-CHECKPOINT-RECOVERY-025/evidence/C_R3_SCENE_A/0022-SNAPSHOT_PHANTOMS.json	37826	d0d4b1e7908324066ec7cf7e85daccd25a0bdf336b54f8f16eeba7b056c7301b	False
L2J_Mobius_CT_2.6_HighFive/docs/phantoms/tasks/PHANTOM-M1-CHECKPOINT-RECOVERY-025/evidence/C_R3_SCENE_A/0022-SNAPSHOT_PHANTOMS.xml	35852	a8436cb7d3fd1cb126122ef022665dda0f85312de47cf1175897afc9a81143da	False
L2J_Mobius_CT_2.6_HighFive/docs/phantoms/tasks/PHANTOM-M1-CHECKPOINT-RECOVERY-025/evidence/C_R3_SCENE_A/0023-SNAPSHOT_PHANTOMS.json	38557	5622cf09b8c4e2a2a60caba92b6631dfbdcc2af4da34b7a46cb30ddf9e6916d3	False
L2J_Mobius_CT_2.6_HighFive/docs/phantoms/tasks/PHANTOM-M1-CHECKPOINT-RECOVERY-025/evidence/C_R3_SCENE_A/0023-SNAPSHOT_PHANTOMS.xml	36583	2a889162ccf35b78f1a4917a0abc5c9f66d0a30ca9593d8a108d09146b04c296	False
L2J_Mobius_CT_2.6_HighFive/docs/phantoms/tasks/PHANTOM-M1-CHECKPOINT-RECOVERY-025/evidence/C_R3_SCENE_A/0024-SNAPSHOT_PHANTOMS.json	38162	54175763177e80ffe0c8fe1e78bff0bb8c388dd7144915ef08f303d3399ecc56	False
L2J_Mobius_CT_2.6_HighFive/docs/phantoms/tasks/PHANTOM-M1-CHECKPOINT-RECOVERY-025/evidence/C_R3_SCENE_A/0024-SNAPSHOT_PHANTOMS.xml	36202	a5f2c4b09b07bea5175913a2bfca2c679d3e1bb9fadee2779b1dead764e6af23	False
L2J_Mobius_CT_2.6_HighFive/docs/phantoms/tasks/PHANTOM-M1-CHECKPOINT-RECOVERY-025/evidence/C_R3_SCENE_A/0025-SNAPSHOT_PHANTOMS.json	37575	6bd23a9cbd02520c905dca578d6e4eb0280ceda2a00114c411096018b093d024	False
L2J_Mobius_CT_2.6_HighFive/docs/phantoms/tasks/PHANTOM-M1-CHECKPOINT-RECOVERY-025/evidence/C_R3_SCENE_A/0025-SNAPSHOT_PHANTOMS.xml	35629	61b64eb2d10c38bd129f2afb46d15749a82a08ade9db43dfacfb10f647b0e3c5	False
L2J_Mobius_CT_2.6_HighFive/docs/phantoms/tasks/PHANTOM-M1-CHECKPOINT-RECOVERY-025/evidence/C_R3_SCENE_A/0026-SNAPSHOT_PHANTOMS.json	36718	de4c613e4ffc249e3f93999bfea5bf4b5e64f69efe44b787dd6294ef1021727e	False
L2J_Mobius_CT_2.6_HighFive/docs/phantoms/tasks/PHANTOM-M1-CHECKPOINT-RECOVERY-025/evidence/C_R3_SCENE_A/0026-SNAPSHOT_PHANTOMS.xml	34800	a7b869f85b4e95b351639fc228588e72296ae19b24597f7288df8bde8346200f	False
L2J_Mobius_CT_2.6_HighFive/docs/phantoms/tasks/PHANTOM-M1-CHECKPOINT-RECOVERY-025/evidence/C_R3_SCENE_A/0027-SNAPSHOT_PHANTOMS.json	36712	3c595c86248c5ff048b46c7e59403dcb56fdf2ac75b4304930cba432de401961	False
L2J_Mobius_CT_2.6_HighFive/docs/phantoms/tasks/PHANTOM-M1-CHECKPOINT-RECOVERY-025/evidence/C_R3_SCENE_A/0027-SNAPSHOT_PHANTOMS.xml	34794	f57e70c1ff40674a46f2eb35148abb8730e9ea1b2855ce3710886990e96e0681	False
L2J_Mobius_CT_2.6_HighFive/docs/phantoms/tasks/PHANTOM-M1-CHECKPOINT-RECOVERY-025/evidence/C_R3_SCENE_A/0028-SNAPSHOT_PHANTOMS.json	36962	67cf03e5957124e7ca55a9b1c4415a296f5f764cbdaed07eab97ebb6172eb421	False
L2J_Mobius_CT_2.6_HighFive/docs/phantoms/tasks/PHANTOM-M1-CHECKPOINT-RECOVERY-025/evidence/C_R3_SCENE_A/0028-SNAPSHOT_PHANTOMS.xml	35030	b4bff18e1f27b09f395c2625f27ebb23cb11867b7bbbb4ac361263ab81a3f432	False
L2J_Mobius_CT_2.6_HighFive/docs/phantoms/tasks/PHANTOM-M1-CHECKPOINT-RECOVERY-025/evidence/C_R3_SCENE_A/0029-SNAPSHOT_PHANTOMS.json	37707	f067ff5278f2591c8b642f732f6463e3970b7021583fec1d89281767165e5807	False
L2J_Mobius_CT_2.6_HighFive/docs/phantoms/tasks/PHANTOM-M1-CHECKPOINT-RECOVERY-025/evidence/C_R3_SCENE_A/0029-SNAPSHOT_PHANTOMS.xml	35733	b7a2598e15b2a9208b13960af3b209096824a682070478ce6b2ad4d738ab147f	False
L2J_Mobius_CT_2.6_HighFive/docs/phantoms/tasks/PHANTOM-M1-CHECKPOINT-RECOVERY-025/evidence/C_R3_SCENE_A/0030-SNAPSHOT_PHANTOMS.json	43377	878d73b7315f7dfc2f94e62abbd791562d65cab8b3920ed5dd424cd98f46e732	False
L2J_Mobius_CT_2.6_HighFive/docs/phantoms/tasks/PHANTOM-M1-CHECKPOINT-RECOVERY-025/evidence/C_R3_SCENE_A/0030-SNAPSHOT_PHANTOMS.xml	41131	195ed085087eb82914e3786ceb93015b4fae5ab4f6d5359aa64d24123b9cb069	False
L2J_Mobius_CT_2.6_HighFive/docs/phantoms/tasks/PHANTOM-M1-CHECKPOINT-RECOVERY-025/evidence/C_R3_SCENE_A/0031-SNAPSHOT_PHANTOMS.json	1699	62515b4358b67ddfc087333bae3839614bfaad2309090cd67424084720afb61b	False
L2J_Mobius_CT_2.6_HighFive/docs/phantoms/tasks/PHANTOM-M1-CHECKPOINT-RECOVERY-025/evidence/C_R3_SCENE_A/0031-SNAPSHOT_PHANTOMS.xml	1615	36aeae839a9901cfb647b18a3dff8dcbc84f6f059886def5aebdf0df7c4bddd5	False
L2J_Mobius_CT_2.6_HighFive/docs/phantoms/tasks/PHANTOM-M1-CHECKPOINT-RECOVERY-025/evidence/C_R3_SCENE_A/0032-SNAPSHOT_PHANTOMS.json	43563	ed1920424ff248d5bbaebb0209a06dcedd19a62ec8f91167bcab8789bc018f51	False
L2J_Mobius_CT_2.6_HighFive/docs/phantoms/tasks/PHANTOM-M1-CHECKPOINT-RECOVERY-025/evidence/C_R3_SCENE_A/0032-SNAPSHOT_PHANTOMS.xml	41317	bb6bcc5a5b534ee347830b06ea690c4ffdb0e0d5deebe76e46658e5e7b795b83	False
L2J_Mobius_CT_2.6_HighFive/docs/phantoms/tasks/PHANTOM-M1-CHECKPOINT-RECOVERY-025/evidence/C_R3_SCENE_A/0033-SNAPSHOT_PHANTOMS.json	1700	184880d8fb356cc84290b7d66abe403edc2db5700cb3570f89f567ffef439120	False
L2J_Mobius_CT_2.6_HighFive/docs/phantoms/tasks/PHANTOM-M1-CHECKPOINT-RECOVERY-025/evidence/C_R3_SCENE_A/0033-SNAPSHOT_PHANTOMS.xml	1616	d5d24792797006a24c24cb591e530522e8d33d934f55b622f8ce91d7aacaca29	False
L2J_Mobius_CT_2.6_HighFive/docs/phantoms/tasks/PHANTOM-M1-CHECKPOINT-RECOVERY-025/evidence/C_R3_SCENE_A/0034-SNAPSHOT_PHANTOMS.json	43009	a3018232ea91ec48f159b16d22ee42ed66bfd00be942927bb455c1cb446e48a7	False
L2J_Mobius_CT_2.6_HighFive/docs/phantoms/tasks/PHANTOM-M1-CHECKPOINT-RECOVERY-025/evidence/C_R3_SCENE_A/0034-SNAPSHOT_PHANTOMS.xml	40763	8bc574f569bc5790c52a77ec9f79f18050e1c5cfdb51559418aa9e945985e0e6	False
L2J_Mobius_CT_2.6_HighFive/docs/phantoms/tasks/PHANTOM-M1-CHECKPOINT-RECOVERY-025/evidence/C_R3_SCENE_A/0035-SNAPSHOT_PHANTOMS.json	1700	a0d70b126e233d7f86bd4119a50b00e48fb69f8b55b950d16a4eb0c2b9bf5270	False
L2J_Mobius_CT_2.6_HighFive/docs/phantoms/tasks/PHANTOM-M1-CHECKPOINT-RECOVERY-025/evidence/C_R3_SCENE_A/0035-SNAPSHOT_PHANTOMS.xml	1616	c23cff643d998fd0338c188dd44c3b15bde2e714fbb9df1c25229770ec8b6f13	False
L2J_Mobius_CT_2.6_HighFive/docs/phantoms/tasks/PHANTOM-M1-CHECKPOINT-RECOVERY-025/evidence/C_R3_SCENE_A/0036-SNAPSHOT_PHANTOMS.json	43197	b10d7b610c489ce056800e9de0dab7b818c5f3d74d031a281816169acc60c3f1	False
L2J_Mobius_CT_2.6_HighFive/docs/phantoms/tasks/PHANTOM-M1-CHECKPOINT-RECOVERY-025/evidence/C_R3_SCENE_A/0036-SNAPSHOT_PHANTOMS.xml	40951	ebcba7f33b06389e6bc5d6fc7927ae1875656551c0667f2cede9a4a1ef76ea69	False
L2J_Mobius_CT_2.6_HighFive/docs/phantoms/tasks/PHANTOM-M1-CHECKPOINT-RECOVERY-025/evidence/C_R3_SCENE_A/0037-SNAPSHOT_PHANTOMS.json	1697	e31e03e4155d446ed444602ab0052aff38715d72c8ffbddcc17dc02edb1f9591	False
L2J_Mobius_CT_2.6_HighFive/docs/phantoms/tasks/PHANTOM-M1-CHECKPOINT-RECOVERY-025/evidence/C_R3_SCENE_A/0037-SNAPSHOT_PHANTOMS.xml	1613	a1a350b222a570d130f5dbd957215dbf0d8d344f39bc5a7922ebb9a65e4c98d2	False
L2J_Mobius_CT_2.6_HighFive/docs/phantoms/tasks/PHANTOM-M1-CHECKPOINT-RECOVERY-025/evidence/C_R3_SCENE_A/0038-SNAPSHOT_PHANTOMS.json	42874	d7d3e80eb9bf653f2e31664254d1c0cb2667132e940a2c95b3d8abbe3e871241	False
L2J_Mobius_CT_2.6_HighFive/docs/phantoms/tasks/PHANTOM-M1-CHECKPOINT-RECOVERY-025/evidence/C_R3_SCENE_A/0038-SNAPSHOT_PHANTOMS.xml	40642	ce1954691ddef1bd6e96d89796c8ee0a5b8fdf59a3cfe272afcb09a189d1f5f0	False
L2J_Mobius_CT_2.6_HighFive/docs/phantoms/tasks/PHANTOM-M1-CHECKPOINT-RECOVERY-025/evidence/C_R3_SCENE_A/0039-SNAPSHOT_PHANTOMS.json	1697	36e94e642ed5b7284c83de7c7804ecd5c940dffdd1dfc57104d5db9cce57966f	False
L2J_Mobius_CT_2.6_HighFive/docs/phantoms/tasks/PHANTOM-M1-CHECKPOINT-RECOVERY-025/evidence/C_R3_SCENE_A/0039-SNAPSHOT_PHANTOMS.xml	1613	93b5505a89da17a0bc3283fa49a985367780efbbe81eba93616ec150b74bd080	False
L2J_Mobius_CT_2.6_HighFive/docs/phantoms/tasks/PHANTOM-M1-CHECKPOINT-RECOVERY-025/evidence/C_R3_SCENE_A/0040-SNAPSHOT_PHANTOMS.json	42928	9341e4545f3116042872b326c1c5eb93dbe41c561d878b9fcdcec7591b92c1d9	False
L2J_Mobius_CT_2.6_HighFive/docs/phantoms/tasks/PHANTOM-M1-CHECKPOINT-RECOVERY-025/evidence/C_R3_SCENE_A/0040-SNAPSHOT_PHANTOMS.xml	40696	0f7d98e58f50efe3bb17c006c4a3c6650d806a29103fdb694fba047862863fc4	False
L2J_Mobius_CT_2.6_HighFive/docs/phantoms/tasks/PHANTOM-M1-CHECKPOINT-RECOVERY-025/evidence/C_R3_SCENE_A/0041-SNAPSHOT_PHANTOMS.json	1697	a7dcc1063445202366bb2646fd9651dafab1713ec96f2a8fd49c60dbf0df1f17	False
L2J_Mobius_CT_2.6_HighFive/docs/phantoms/tasks/PHANTOM-M1-CHECKPOINT-RECOVERY-025/evidence/C_R3_SCENE_A/0041-SNAPSHOT_PHANTOMS.xml	1613	a81dc029205dc21394a37ddf313c8e8a731d717c051b73f53c078528077090dc	False
L2J_Mobius_CT_2.6_HighFive/docs/phantoms/tasks/PHANTOM-M1-CHECKPOINT-RECOVERY-025/evidence/C_R3_SCENE_A/0042-SNAPSHOT_PHANTOMS.json	43184	e4653cc6d7a1a5eeec21c8b7737e67408d43e5722129eecc26e92ae080d81fc6	False
L2J_Mobius_CT_2.6_HighFive/docs/phantoms/tasks/PHANTOM-M1-CHECKPOINT-RECOVERY-025/evidence/C_R3_SCENE_A/0042-SNAPSHOT_PHANTOMS.xml	40952	faca2f6851c7c2c66381c3160bfdca53aabecf8a5f5db475e653c89995a707c1	False
L2J_Mobius_CT_2.6_HighFive/docs/phantoms/tasks/PHANTOM-M1-CHECKPOINT-RECOVERY-025/evidence/C_R3_SCENE_A/0043-SNAPSHOT_PHANTOMS.json	1704	7747311befb496aeed65b4765c17642fe458ae12505ed0ae76c186e70c047c79	False
L2J_Mobius_CT_2.6_HighFive/docs/phantoms/tasks/PHANTOM-M1-CHECKPOINT-RECOVERY-025/evidence/C_R3_SCENE_A/0043-SNAPSHOT_PHANTOMS.xml	1620	59f2813f02f0e7e301419c63d66414e1a9301227c80c713c47fa66706a82063c	False
L2J_Mobius_CT_2.6_HighFive/docs/phantoms/tasks/PHANTOM-M1-CHECKPOINT-RECOVERY-025/evidence/C_R3_SCENE_A/0044-SNAPSHOT_PHANTOMS.json	42975	c6988ac32b55daa40f9c7ba236333f15fd0890a500b87a4288c0f45c2d2f8229	False
L2J_Mobius_CT_2.6_HighFive/docs/phantoms/tasks/PHANTOM-M1-CHECKPOINT-RECOVERY-025/evidence/C_R3_SCENE_A/0044-SNAPSHOT_PHANTOMS.xml	40757	bff284b7390d8d10b69b0455f3e923e1ad0775fc08861d688ccb6aa734a47483	False
L2J_Mobius_CT_2.6_HighFive/docs/phantoms/tasks/PHANTOM-M1-CHECKPOINT-RECOVERY-025/evidence/C_R3_SCENE_A/0045-SNAPSHOT_PHANTOMS.json	1705	200dca2a641f01fcf57835bcdae94990881b613d769bcf65f1729ded31df656c	False
L2J_Mobius_CT_2.6_HighFive/docs/phantoms/tasks/PHANTOM-M1-CHECKPOINT-RECOVERY-025/evidence/C_R3_SCENE_A/0045-SNAPSHOT_PHANTOMS.xml	1621	86f1db9a661c5e71bcc5541ba11108709e6384c5c0ea8bf0ab31b2ad3fcc95d7	False
L2J_Mobius_CT_2.6_HighFive/docs/phantoms/tasks/PHANTOM-M1-CHECKPOINT-RECOVERY-025/evidence/C_R3_SCENE_A/0046-SNAPSHOT_PHANTOMS.json	44091	07ba9e755549ac1ec0dc4dae81deb1cfcc49934207bf6c830de40ec729b61c04	False
L2J_Mobius_CT_2.6_HighFive/docs/phantoms/tasks/PHANTOM-M1-CHECKPOINT-RECOVERY-025/evidence/C_R3_SCENE_A/0046-SNAPSHOT_PHANTOMS.xml	41873	24fa8e96c4d79c03c525894ed88b91c2f3b84aa0b2033598935c752e3db0cbfc	False
L2J_Mobius_CT_2.6_HighFive/docs/phantoms/tasks/PHANTOM-M1-CHECKPOINT-RECOVERY-025/evidence/C_R3_SCENE_A/0047-SNAPSHOT_PHANTOMS.json	1704	8095505437076e6d85f69d409fdef2b43df55595bed4a929700f74e1b3864c68	False
L2J_Mobius_CT_2.6_HighFive/docs/phantoms/tasks/PHANTOM-M1-CHECKPOINT-RECOVERY-025/evidence/C_R3_SCENE_A/0047-SNAPSHOT_PHANTOMS.xml	1620	d6ce1f6baa2bbe650c9765281624902e2054685f9b77c43ab032b53201c63f83	False
L2J_Mobius_CT_2.6_HighFive/docs/phantoms/tasks/PHANTOM-M1-CHECKPOINT-RECOVERY-025/evidence/C_R3_SCENE_A/0048-SNAPSHOT_PHANTOMS.json	43881	c4de88fc5b5ce0218975cd42897ed735147df36e87b200e0c778fc827bd5d67a	False
L2J_Mobius_CT_2.6_HighFive/docs/phantoms/tasks/PHANTOM-M1-CHECKPOINT-RECOVERY-025/evidence/C_R3_SCENE_A/0048-SNAPSHOT_PHANTOMS.xml	41663	413f4a5c0f9d84605f66f32aca871d7b62e27def1cd26b18a063e0ce882a59d7	False
L2J_Mobius_CT_2.6_HighFive/docs/phantoms/tasks/PHANTOM-M1-CHECKPOINT-RECOVERY-025/evidence/C_R3_SCENE_A/0049-SNAPSHOT_PHANTOMS.json	1697	d985d56859a455ce807be897a9067857beaeeb80e5e0ff1cbd702605323cadb4	False
L2J_Mobius_CT_2.6_HighFive/docs/phantoms/tasks/PHANTOM-M1-CHECKPOINT-RECOVERY-025/evidence/C_R3_SCENE_A/0049-SNAPSHOT_PHANTOMS.xml	1613	30eb04f533704e08ea503db304f7113c6d0ffaeab8cd09f7f67412cb58916ac7	False
L2J_Mobius_CT_2.6_HighFive/docs/phantoms/tasks/PHANTOM-M1-CHECKPOINT-RECOVERY-025/evidence/C_R3_SCENE_A/0050-SNAPSHOT_PHANTOMS.json	43784	2ebbfa1a4b704cbd77f9f8aec2b443edc951eb504f0505e666519a921aca4d74	False
L2J_Mobius_CT_2.6_HighFive/docs/phantoms/tasks/PHANTOM-M1-CHECKPOINT-RECOVERY-025/evidence/C_R3_SCENE_A/0050-SNAPSHOT_PHANTOMS.xml	41552	4a3bb48283548ed6b7099e30003631b9f1ebac0f76cc2bb0df6644ac89f0e901	False
L2J_Mobius_CT_2.6_HighFive/docs/phantoms/tasks/PHANTOM-M1-CHECKPOINT-RECOVERY-025/evidence/C_R3_SCENE_A/0051-SNAPSHOT_PHANTOMS.json	1697	db39d2c7d3096eb0e18b9d5db6287337204d234ddb95b40ab5d628e061ab53d2	False
L2J_Mobius_CT_2.6_HighFive/docs/phantoms/tasks/PHANTOM-M1-CHECKPOINT-RECOVERY-025/evidence/C_R3_SCENE_A/0051-SNAPSHOT_PHANTOMS.xml	1613	a5378dee5c6c2e85f9c76b0dea00e890d960acdb769f86e820ef70ffd3a4cd50	False
L2J_Mobius_CT_2.6_HighFive/docs/phantoms/tasks/PHANTOM-M1-CHECKPOINT-RECOVERY-025/evidence/C_R3_SCENE_A/0052-SNAPSHOT_PHANTOMS.json	44439	51077ddb5ac63687ffa0841ce781d0bae6457e567fe52b02cecf4f9d24f69c6b	False
L2J_Mobius_CT_2.6_HighFive/docs/phantoms/tasks/PHANTOM-M1-CHECKPOINT-RECOVERY-025/evidence/C_R3_SCENE_A/0052-SNAPSHOT_PHANTOMS.xml	42207	d1b4ec2856438bb9cc920cc03bba5065f049322254665b3bd800d655cec01b3d	False
L2J_Mobius_CT_2.6_HighFive/docs/phantoms/tasks/PHANTOM-M1-CHECKPOINT-RECOVERY-025/evidence/C_R3_SCENE_A/0053-SNAPSHOT_PHANTOMS.json	1705	b1211947bec1c8855455fe05f0e09c0192eb7b6a6261046122f0bae536ae0e02	False
L2J_Mobius_CT_2.6_HighFive/docs/phantoms/tasks/PHANTOM-M1-CHECKPOINT-RECOVERY-025/evidence/C_R3_SCENE_A/0053-SNAPSHOT_PHANTOMS.xml	1621	02416d9196370341839f525255e42cb56cc822600740c4630582823d17b0d8de	False
L2J_Mobius_CT_2.6_HighFive/docs/phantoms/tasks/PHANTOM-M1-CHECKPOINT-RECOVERY-025/evidence/C_R3_SCENE_A/0054-SNAPSHOT_PHANTOMS.json	43683	40e5855c56416066ebcaa197196962f400d4a68d0ba1ea8ed67fb4b4e92be1f3	False
L2J_Mobius_CT_2.6_HighFive/docs/phantoms/tasks/PHANTOM-M1-CHECKPOINT-RECOVERY-025/evidence/C_R3_SCENE_A/0054-SNAPSHOT_PHANTOMS.xml	41479	16aaf31aca5aafb467677b95d0df7ac046eaab6a26ec7ed97ab871a41ba4545a	False
L2J_Mobius_CT_2.6_HighFive/docs/phantoms/tasks/PHANTOM-M1-CHECKPOINT-RECOVERY-025/evidence/C_R3_SCENE_A/0055-SNAPSHOT_PHANTOMS.json	1701	ad1a2c55a35116abc298afdb4eac5d258d51dd92461f3ff689eace33967d2b6b	False
L2J_Mobius_CT_2.6_HighFive/docs/phantoms/tasks/PHANTOM-M1-CHECKPOINT-RECOVERY-025/evidence/C_R3_SCENE_A/0055-SNAPSHOT_PHANTOMS.xml	1617	cdf6bb70c053abf9fb23f20573517e2002c3ff13d0eaa0c2ef1e73a97186643a	False
L2J_Mobius_CT_2.6_HighFive/docs/phantoms/tasks/PHANTOM-M1-CHECKPOINT-RECOVERY-025/evidence/C_R3_SCENE_A/0056-SNAPSHOT_PHANTOMS.json	42951	65aab0d85dbef90967b1291e6269db28ea778452e1d16eb07f1af697b0b392f7	False
L2J_Mobius_CT_2.6_HighFive/docs/phantoms/tasks/PHANTOM-M1-CHECKPOINT-RECOVERY-025/evidence/C_R3_SCENE_A/0056-SNAPSHOT_PHANTOMS.xml	40775	0cd3ca220ec1bc0ff4143737d41ae032422d55120d4412e8918f0582168d77ff	False
L2J_Mobius_CT_2.6_HighFive/docs/phantoms/tasks/PHANTOM-M1-CHECKPOINT-RECOVERY-025/evidence/C_R3_SCENE_A/0057-SNAPSHOT_PHANTOMS.json	1706	1fdf8c857f6f36c7a55523f843f35549b70672bc6fc7dc34e5bb6f414b56b33b	False
L2J_Mobius_CT_2.6_HighFive/docs/phantoms/tasks/PHANTOM-M1-CHECKPOINT-RECOVERY-025/evidence/C_R3_SCENE_A/0057-SNAPSHOT_PHANTOMS.xml	1622	3ad39bf2bdd8a121e2f14b53fce696392df71176382620445a340d0ca059d2ab	False
L2J_Mobius_CT_2.6_HighFive/docs/phantoms/tasks/PHANTOM-M1-CHECKPOINT-RECOVERY-025/evidence/C_R3_SCENE_A/0058-SNAPSHOT_PHANTOMS.json	42989	829fc10a29506dbdcab5fd83d89f35d97d48e1147f40e92de0ccf0bb705d4f47	False
L2J_Mobius_CT_2.6_HighFive/docs/phantoms/tasks/PHANTOM-M1-CHECKPOINT-RECOVERY-025/evidence/C_R3_SCENE_A/0058-SNAPSHOT_PHANTOMS.xml	40813	a26cc0e89adf0b82d64935554d8ad9614908b8e6b9cd176bb26467526885929b	False
L2J_Mobius_CT_2.6_HighFive/docs/phantoms/tasks/PHANTOM-M1-CHECKPOINT-RECOVERY-025/evidence/C_R3_SCENE_A/0059-SNAPSHOT_PHANTOMS.json	1703	233a2a0d78851906efcb644da6804c17f67043e3989689266f7b9a878518d1f5	False
L2J_Mobius_CT_2.6_HighFive/docs/phantoms/tasks/PHANTOM-M1-CHECKPOINT-RECOVERY-025/evidence/C_R3_SCENE_A/0059-SNAPSHOT_PHANTOMS.xml	1619	79daaf38d6091ae551940f39c09ba433a8f86246777ce58dae40a380dde5a16c	False
L2J_Mobius_CT_2.6_HighFive/docs/phantoms/tasks/PHANTOM-M1-CHECKPOINT-RECOVERY-025/evidence/C_R3_SCENE_A/0060-SNAPSHOT_PHANTOMS.json	42961	d5a6e1142ba7077bac3f93c75bb102413122a30f593df76d601e5b4fafcf7603	False
L2J_Mobius_CT_2.6_HighFive/docs/phantoms/tasks/PHANTOM-M1-CHECKPOINT-RECOVERY-025/evidence/C_R3_SCENE_A/0060-SNAPSHOT_PHANTOMS.xml	40785	828acfea6ef4b96e7868a3175e4105c2285a7ad96c0961dbde676861621bab03	False
L2J_Mobius_CT_2.6_HighFive/docs/phantoms/tasks/PHANTOM-M1-CHECKPOINT-RECOVERY-025/evidence/C_R3_SCENE_A/0061-SNAPSHOT_PHANTOMS.json	1698	b90210704278b609a2e69fbac78fdf184cc46c3e88b9329c04e31fe48fe74d52	False
L2J_Mobius_CT_2.6_HighFive/docs/phantoms/tasks/PHANTOM-M1-CHECKPOINT-RECOVERY-025/evidence/C_R3_SCENE_A/0061-SNAPSHOT_PHANTOMS.xml	1614	9f068a5126870361595cef07d68e7da5c1a69085efb5ca036acd891c1038e113	False
L2J_Mobius_CT_2.6_HighFive/docs/phantoms/tasks/PHANTOM-M1-CHECKPOINT-RECOVERY-025/evidence/C_R3_SCENE_A/0062-SNAPSHOT_PHANTOMS.json	43318	fe9671ad1ffc3f629fe3987de8ed00fc5e50ffaa533ec28655bfb957ea2bade2	False
L2J_Mobius_CT_2.6_HighFive/docs/phantoms/tasks/PHANTOM-M1-CHECKPOINT-RECOVERY-025/evidence/C_R3_SCENE_A/0062-SNAPSHOT_PHANTOMS.xml	41128	f66e521a6d596e2523180dad0283772da6c27486a9eb95e5af170ab1db713e18	False
L2J_Mobius_CT_2.6_HighFive/docs/phantoms/tasks/PHANTOM-M1-CHECKPOINT-RECOVERY-025/evidence/C_R3_SCENE_A/0063-SNAPSHOT_PHANTOMS.json	1698	a93ee86b5776628cdfe8b2c7e6f3f3b0f9b491b514f99f3d52ee11d022dae3d2	False
L2J_Mobius_CT_2.6_HighFive/docs/phantoms/tasks/PHANTOM-M1-CHECKPOINT-RECOVERY-025/evidence/C_R3_SCENE_A/0063-SNAPSHOT_PHANTOMS.xml	1614	a4be6ecd93e7f77ec377bb74d3a23d566f3678b00e1790b601d4ea9ea2fc08aa	False
L2J_Mobius_CT_2.6_HighFive/docs/phantoms/tasks/PHANTOM-M1-CHECKPOINT-RECOVERY-025/evidence/C_R3_SCENE_A/0064-SNAPSHOT_PHANTOMS.json	42903	0bc70bf593f239d7cca6be85d32b7a891f92f4a628788c296f451f328c6cd738	False
L2J_Mobius_CT_2.6_HighFive/docs/phantoms/tasks/PHANTOM-M1-CHECKPOINT-RECOVERY-025/evidence/C_R3_SCENE_A/0064-SNAPSHOT_PHANTOMS.xml	40727	8dcbc4c7f1a889b7d106b573b442792ae2327a2376018dc147ba0f89d6059da7	False
L2J_Mobius_CT_2.6_HighFive/docs/phantoms/tasks/PHANTOM-M1-CHECKPOINT-RECOVERY-025/evidence/C_R3_SCENE_A/0065-SNAPSHOT_PHANTOMS.json	1698	d120272a5236a7e3a89becbf3f60193305a87bffaa579bd94a07ec986d3588fe	False
L2J_Mobius_CT_2.6_HighFive/docs/phantoms/tasks/PHANTOM-M1-CHECKPOINT-RECOVERY-025/evidence/C_R3_SCENE_A/0065-SNAPSHOT_PHANTOMS.xml	1614	339064fefcac6046e18f51d83be5d01cf4bb81c422791f2a6dc510fdd3008a46	False
L2J_Mobius_CT_2.6_HighFive/docs/phantoms/tasks/PHANTOM-M1-CHECKPOINT-RECOVERY-025/evidence/C_R3_SCENE_A/0066-SNAPSHOT_PHANTOMS.json	43127	5c3df2e0131f6a69dd9ed3fd329ed48259ac67d5f9777f0292e45c1df36e0c88	False
L2J_Mobius_CT_2.6_HighFive/docs/phantoms/tasks/PHANTOM-M1-CHECKPOINT-RECOVERY-025/evidence/C_R3_SCENE_A/0066-SNAPSHOT_PHANTOMS.xml	40951	64d5d2e2eeb1d0231f51f6467ddff2fb9a86eb40909b1530ac6b760b75200d04	False
L2J_Mobius_CT_2.6_HighFive/docs/phantoms/tasks/PHANTOM-M1-CHECKPOINT-RECOVERY-025/evidence/C_R3_SCENE_A/0067-SNAPSHOT_PHANTOMS.json	1698	2610645141d68394249d875cb3bea1a26cc8d68c3f6394b3d479545cfd6c85cd	False
L2J_Mobius_CT_2.6_HighFive/docs/phantoms/tasks/PHANTOM-M1-CHECKPOINT-RECOVERY-025/evidence/C_R3_SCENE_A/0067-SNAPSHOT_PHANTOMS.xml	1614	914baa7b2a8ee8df466bead12fa97067d0b49898c3f1a09f696693c0c2ab7fd0	False
L2J_Mobius_CT_2.6_HighFive/docs/phantoms/tasks/PHANTOM-M1-CHECKPOINT-RECOVERY-025/evidence/C_R3_SCENE_A/0068-SNAPSHOT_PHANTOMS.json	42924	bab3ecdfb14f10d04be3d81a22fa055db2f94dfa94652f2d567efe10e953974f	False
L2J_Mobius_CT_2.6_HighFive/docs/phantoms/tasks/PHANTOM-M1-CHECKPOINT-RECOVERY-025/evidence/C_R3_SCENE_A/0068-SNAPSHOT_PHANTOMS.xml	40762	a13175a5923f2017a54bbea87bee8e90defbd6e2d6c798baa608c881dca20d0a	False
L2J_Mobius_CT_2.6_HighFive/docs/phantoms/tasks/PHANTOM-M1-CHECKPOINT-RECOVERY-025/evidence/C_R3_SCENE_A/0069-SNAPSHOT_PHANTOMS.json	1698	cf94fabacc461e389ab05278a0c3b7ca8fd8337aa86663ae4ac1c739ccdbda52	False
L2J_Mobius_CT_2.6_HighFive/docs/phantoms/tasks/PHANTOM-M1-CHECKPOINT-RECOVERY-025/evidence/C_R3_SCENE_A/0069-SNAPSHOT_PHANTOMS.xml	1614	2d3e575d5a95d6d759be5f4f0ba01496444e14b3100f561b90a80981ca82a0d4	False
L2J_Mobius_CT_2.6_HighFive/docs/phantoms/tasks/PHANTOM-M1-CHECKPOINT-RECOVERY-025/evidence/C_R3_SCENE_A/0070-SNAPSHOT_PHANTOMS.json	42617	b38090df97c96f5ab1c7c5106bbc667df3d72e48c38b20ae0f20da8494df4979	False
L2J_Mobius_CT_2.6_HighFive/docs/phantoms/tasks/PHANTOM-M1-CHECKPOINT-RECOVERY-025/evidence/C_R3_SCENE_A/0070-SNAPSHOT_PHANTOMS.xml	40455	3daf4b4a183599039660b15dc0a53c9cb5f0b5e212d6a88fd13628ed6d564984	False
L2J_Mobius_CT_2.6_HighFive/docs/phantoms/tasks/PHANTOM-M1-CHECKPOINT-RECOVERY-025/evidence/C_R3_SCENE_A/0071-SNAPSHOT_PHANTOMS.json	1698	89a70372627ba80ea88d0e0942df07cb1133abb4d979fda514fdf4bd200cdbf4	False
L2J_Mobius_CT_2.6_HighFive/docs/phantoms/tasks/PHANTOM-M1-CHECKPOINT-RECOVERY-025/evidence/C_R3_SCENE_A/0071-SNAPSHOT_PHANTOMS.xml	1614	a515ba09ecac657107fea93fbd436da2325420bb05c542424dbfe12d1cdb3574	False
L2J_Mobius_CT_2.6_HighFive/docs/phantoms/tasks/PHANTOM-M1-CHECKPOINT-RECOVERY-025/evidence/C_R3_SCENE_A/0072-SNAPSHOT_PHANTOMS.json	42700	7a2e09deb025b9e5a78f96b38b51e6739d6d37dc7cf79e955f2741c761dc6614	False
L2J_Mobius_CT_2.6_HighFive/docs/phantoms/tasks/PHANTOM-M1-CHECKPOINT-RECOVERY-025/evidence/C_R3_SCENE_A/0072-SNAPSHOT_PHANTOMS.xml	40538	70d800795f79a55f48167b4db563cb42fe59fd56ede71bb9812523b9ebfa0388	False
L2J_Mobius_CT_2.6_HighFive/docs/phantoms/tasks/PHANTOM-M1-CHECKPOINT-RECOVERY-025/evidence/C_R3_SCENE_A/0073-SNAPSHOT_PHANTOMS.json	1698	2bb6a8c77d09c07e5e7746c432bc387128acb6e8891da55807bdb6c08dd17701	False
L2J_Mobius_CT_2.6_HighFive/docs/phantoms/tasks/PHANTOM-M1-CHECKPOINT-RECOVERY-025/evidence/C_R3_SCENE_A/0073-SNAPSHOT_PHANTOMS.xml	1614	fdbc3973f4673955178168a7691313cf6b86c103b7af2a6d4ddad330cc3a1f9d	False
L2J_Mobius_CT_2.6_HighFive/docs/phantoms/tasks/PHANTOM-M1-CHECKPOINT-RECOVERY-025/evidence/C_R3_SCENE_A/0074-SNAPSHOT_PHANTOMS.json	42584	977e8af14444318230b80479ad13b1b74a69d29fc2eccb3f987c3c25636f595b	False
L2J_Mobius_CT_2.6_HighFive/docs/phantoms/tasks/PHANTOM-M1-CHECKPOINT-RECOVERY-025/evidence/C_R3_SCENE_A/0074-SNAPSHOT_PHANTOMS.xml	40422	10f0040b1c1397d4e7f449847d811f133f2d9e157c0cee848b0ff2e9608f273d	False
L2J_Mobius_CT_2.6_HighFive/docs/phantoms/tasks/PHANTOM-M1-CHECKPOINT-RECOVERY-025/evidence/C_R3_SCENE_A/0075-SNAPSHOT_PHANTOMS.json	1698	cfea7d91cd8dfa4e018905aa81a465f194a90124070482e0b64dbe7b69879b6f	False
L2J_Mobius_CT_2.6_HighFive/docs/phantoms/tasks/PHANTOM-M1-CHECKPOINT-RECOVERY-025/evidence/C_R3_SCENE_A/0075-SNAPSHOT_PHANTOMS.xml	1614	71e871db03a34b2be8cbcd430a6dcd48c5882bcd74c5b535d3d8f30172a5983c	False
L2J_Mobius_CT_2.6_HighFive/docs/phantoms/tasks/PHANTOM-M1-CHECKPOINT-RECOVERY-025/evidence/C_R3_SCENE_A/0076-SNAPSHOT_PHANTOMS.json	42935	906c7183790b5d32f447b771333e67f77bcd7654eb121600ec7fc1feb7849a81	False
L2J_Mobius_CT_2.6_HighFive/docs/phantoms/tasks/PHANTOM-M1-CHECKPOINT-RECOVERY-025/evidence/C_R3_SCENE_A/0076-SNAPSHOT_PHANTOMS.xml	40759	26fadfdda03d9376317ecc75053ddf14df54283d05e7bb72110be927120c8f7a	False
L2J_Mobius_CT_2.6_HighFive/docs/phantoms/tasks/PHANTOM-M1-CHECKPOINT-RECOVERY-025/evidence/C_R3_SCENE_A/0077-SNAPSHOT_PHANTOMS.json	1698	d67b38a326a70823642fdf5b142f2e271775cf5f1a238bf02c2c38f7179a94d2	False
L2J_Mobius_CT_2.6_HighFive/docs/phantoms/tasks/PHANTOM-M1-CHECKPOINT-RECOVERY-025/evidence/C_R3_SCENE_A/0077-SNAPSHOT_PHANTOMS.xml	1614	8b8a18453ce346f34e3b3406001ec87642889d4e3abfffc1c0aaea5791f86c7c	False
L2J_Mobius_CT_2.6_HighFive/docs/phantoms/tasks/PHANTOM-M1-CHECKPOINT-RECOVERY-025/evidence/C_R3_SCENE_A/0078-SNAPSHOT_PHANTOMS.json	43003	3e087c34ebd51d558da5617d795800e8214763a1a7ad23274b37e767c1ae7270	False
L2J_Mobius_CT_2.6_HighFive/docs/phantoms/tasks/PHANTOM-M1-CHECKPOINT-RECOVERY-025/evidence/C_R3_SCENE_A/0078-SNAPSHOT_PHANTOMS.xml	40827	d457028c62a70937dc1726383fabccca45fff151a206cd2d954169e63ddd26dd	False
L2J_Mobius_CT_2.6_HighFive/docs/phantoms/tasks/PHANTOM-M1-CHECKPOINT-RECOVERY-025/evidence/C_R3_SCENE_A/0079-SNAPSHOT_PHANTOMS.json	1698	404e1ee5137035d6fe7f59cd2ec64d262b80ac85e376dc331b23cfdf24e3e5f3	False
L2J_Mobius_CT_2.6_HighFive/docs/phantoms/tasks/PHANTOM-M1-CHECKPOINT-RECOVERY-025/evidence/C_R3_SCENE_A/0079-SNAPSHOT_PHANTOMS.xml	1614	2c68bc9eb04ad911a585bc996b4989b3fa8384fb0a67b8acfd403991378c0664	False
L2J_Mobius_CT_2.6_HighFive/docs/phantoms/tasks/PHANTOM-M1-CHECKPOINT-RECOVERY-025/evidence/C_R3_SCENE_A/0080-SNAPSHOT_PHANTOMS.json	42866	476e04d3223bce954afa72575c8b3c935423e5e56f811aba4eabd76834dcaf3e	False
L2J_Mobius_CT_2.6_HighFive/docs/phantoms/tasks/PHANTOM-M1-CHECKPOINT-RECOVERY-025/evidence/C_R3_SCENE_A/0080-SNAPSHOT_PHANTOMS.xml	40704	b0b76f026036e982f0c27ab7a6e3a559c2c863ad5eb4e1984a070f589306c748	False
L2J_Mobius_CT_2.6_HighFive/docs/phantoms/tasks/PHANTOM-M1-CHECKPOINT-RECOVERY-025/evidence/C_R3_SCENE_A/0081-SNAPSHOT_PHANTOMS.json	1698	344752392e35f1014fe996fef58f652b10df83bd4ecc4703e9fa29747089414f	False
L2J_Mobius_CT_2.6_HighFive/docs/phantoms/tasks/PHANTOM-M1-CHECKPOINT-RECOVERY-025/evidence/C_R3_SCENE_A/0081-SNAPSHOT_PHANTOMS.xml	1614	daa3f99372839a2d1b2f2818488e5109a94a60635c4a65a97e79b4348881aea5	False
L2J_Mobius_CT_2.6_HighFive/docs/phantoms/tasks/PHANTOM-M1-CHECKPOINT-RECOVERY-025/evidence/C_R3_SCENE_A/0082-SNAPSHOT_PHANTOMS.json	42863	46551eff249d6ce66d03a066f4f2d5f0dbc9f7d9bdbe6918bd4cd2863a205648	False
L2J_Mobius_CT_2.6_HighFive/docs/phantoms/tasks/PHANTOM-M1-CHECKPOINT-RECOVERY-025/evidence/C_R3_SCENE_A/0082-SNAPSHOT_PHANTOMS.xml	40701	8d948d8b302aeccbcb076a00248d3450a62e324b24bc35b9fb4f3aeda81a4f03	False
L2J_Mobius_CT_2.6_HighFive/docs/phantoms/tasks/PHANTOM-M1-CHECKPOINT-RECOVERY-025/evidence/C_R3_SCENE_A/0083-SNAPSHOT_PHANTOMS.json	1698	e67321b9617fca62296a9b8f298ca3cec085dc42970805d12922fe6a2ea85dba	False
L2J_Mobius_CT_2.6_HighFive/docs/phantoms/tasks/PHANTOM-M1-CHECKPOINT-RECOVERY-025/evidence/C_R3_SCENE_A/0083-SNAPSHOT_PHANTOMS.xml	1614	d939af6e50087cdd0b6053d2df09b2edcc7f65474fab27653834be1e2f981b17	False
L2J_Mobius_CT_2.6_HighFive/docs/phantoms/tasks/PHANTOM-M1-CHECKPOINT-RECOVERY-025/evidence/C_R3_SCENE_A/0084-SNAPSHOT_PHANTOMS.json	42969	4f72950580b81ff9344c2856aa81816e620b7ad34e73915cc62ad85604b34ab4	False
L2J_Mobius_CT_2.6_HighFive/docs/phantoms/tasks/PHANTOM-M1-CHECKPOINT-RECOVERY-025/evidence/C_R3_SCENE_A/0084-SNAPSHOT_PHANTOMS.xml	40793	4b4d7fa0663694e33fe5a8180fcb26562c899a3bcdc8a758e1d8cbaa2e774e46	False
L2J_Mobius_CT_2.6_HighFive/docs/phantoms/tasks/PHANTOM-M1-CHECKPOINT-RECOVERY-025/evidence/C_R3_SCENE_A/0085-SNAPSHOT_PHANTOMS.json	1698	e332abab2735b386ba054b9681f62113b2f69192ece6b5d030f72fc10347a05a	False
L2J_Mobius_CT_2.6_HighFive/docs/phantoms/tasks/PHANTOM-M1-CHECKPOINT-RECOVERY-025/evidence/C_R3_SCENE_A/0085-SNAPSHOT_PHANTOMS.xml	1614	363a6575eb1ef27e631a2031253e06c2de0eed6047ddb02f8fa4ded9434463c2	False
L2J_Mobius_CT_2.6_HighFive/docs/phantoms/tasks/PHANTOM-M1-CHECKPOINT-RECOVERY-025/evidence/C_R3_SCENE_A/0086-SNAPSHOT_PHANTOMS.json	43019	94cf3a690862db0479a6dd9c05f4c74a45f3c1c14bb136feccfdf2de8d9f9927	False
L2J_Mobius_CT_2.6_HighFive/docs/phantoms/tasks/PHANTOM-M1-CHECKPOINT-RECOVERY-025/evidence/C_R3_SCENE_A/0086-SNAPSHOT_PHANTOMS.xml	40843	1b9aca6fe81eb18529a8a089d256689ebef15d71e6fd67e7ef4084c5d50343d9	False
L2J_Mobius_CT_2.6_HighFive/docs/phantoms/tasks/PHANTOM-M1-CHECKPOINT-RECOVERY-025/evidence/C_R3_SCENE_A/0087-SNAPSHOT_PHANTOMS.json	1698	f5ab4a38c792a6bea4877a86dd2223c856b412ccbbba59cc6f5e56e066c2032f	False
L2J_Mobius_CT_2.6_HighFive/docs/phantoms/tasks/PHANTOM-M1-CHECKPOINT-RECOVERY-025/evidence/C_R3_SCENE_A/0087-SNAPSHOT_PHANTOMS.xml	1614	949df69cb21827a79b120b434e3b9a3a926a54645f3ac339fd749a26918c8889	False
L2J_Mobius_CT_2.6_HighFive/docs/phantoms/tasks/PHANTOM-M1-CHECKPOINT-RECOVERY-025/evidence/C_R3_SCENE_A/0088-SNAPSHOT_PHANTOMS.json	43215	d295f2c9209580b98a0fcb31a208f49d0c9cf77e5986b2904c48fbf0192c670a	False
L2J_Mobius_CT_2.6_HighFive/docs/phantoms/tasks/PHANTOM-M1-CHECKPOINT-RECOVERY-025/evidence/C_R3_SCENE_A/0088-SNAPSHOT_PHANTOMS.xml	41039	d4f8e1256e7f754bc06ec0f5398d6ad061387cae3c1f5f8fdec9fed2efe0d896	False
L2J_Mobius_CT_2.6_HighFive/docs/phantoms/tasks/PHANTOM-M1-CHECKPOINT-RECOVERY-025/evidence/C_R3_SCENE_A/0089-SNAPSHOT_PHANTOMS.json	1698	deb629c6d6c037f309b823f6f1edccf6418929009530e4cc6994969c8e5383f3	False
L2J_Mobius_CT_2.6_HighFive/docs/phantoms/tasks/PHANTOM-M1-CHECKPOINT-RECOVERY-025/evidence/C_R3_SCENE_A/0089-SNAPSHOT_PHANTOMS.xml	1614	cec000df1e48d2894c8a8acf8437e6bb2f9b5167df547055d92b722dad815ad8	False
L2J_Mobius_CT_2.6_HighFive/docs/phantoms/tasks/PHANTOM-M1-CHECKPOINT-RECOVERY-025/evidence/C_R3_SCENE_A/0090-SNAPSHOT_PHANTOMS.json	43025	c632343e0804af8e02a4942cb1f8430071641a2a9922bdf9d4d5c6a1ea6bbb17	False
L2J_Mobius_CT_2.6_HighFive/docs/phantoms/tasks/PHANTOM-M1-CHECKPOINT-RECOVERY-025/evidence/C_R3_SCENE_A/0090-SNAPSHOT_PHANTOMS.xml	40849	f343090dba7c548ad4252cc051998298e6bac3280ca5ced60b195278761679d0	False
L2J_Mobius_CT_2.6_HighFive/docs/phantoms/tasks/PHANTOM-M1-CHECKPOINT-RECOVERY-025/evidence/C_R3_SCENE_A/0091-SNAPSHOT_PHANTOMS.json	1698	32cf2ae9922fa04194e4393a1cb5e20471071f37ab3feaaf0bc56754736fb424	False
L2J_Mobius_CT_2.6_HighFive/docs/phantoms/tasks/PHANTOM-M1-CHECKPOINT-RECOVERY-025/evidence/C_R3_SCENE_A/0091-SNAPSHOT_PHANTOMS.xml	1614	c0ac7c322312aebd66c80aee638b5e07f6ba96e554cb94fc598aee4400d299de	False
L2J_Mobius_CT_2.6_HighFive/docs/phantoms/tasks/PHANTOM-M1-CHECKPOINT-RECOVERY-025/evidence/C_R3_SCENE_A/0092-SNAPSHOT_PHANTOMS.json	42857	46854ae3728a8a31b2d9992572862285877ea8b8845a997a318812c826874a7a	False
L2J_Mobius_CT_2.6_HighFive/docs/phantoms/tasks/PHANTOM-M1-CHECKPOINT-RECOVERY-025/evidence/C_R3_SCENE_A/0092-SNAPSHOT_PHANTOMS.xml	40681	f8479c5611d5895570377fd06c0ac5be85a4ccd9c26bffdfbbd81bc959b615fc	False
L2J_Mobius_CT_2.6_HighFive/docs/phantoms/tasks/PHANTOM-M1-CHECKPOINT-RECOVERY-025/evidence/C_R3_SCENE_A/0093-SNAPSHOT_PHANTOMS.json	1698	cc4165c6cf230393dec12d3d7d2402fb4463a51644a98c369bdabab86645dbd5	False
L2J_Mobius_CT_2.6_HighFive/docs/phantoms/tasks/PHANTOM-M1-CHECKPOINT-RECOVERY-025/evidence/C_R3_SCENE_A/0093-SNAPSHOT_PHANTOMS.xml	1614	57ccc8875b35a4c6e93fec4e0e9dc3a94ba96aee8f5abc4fb0807bd2d78bac76	False
L2J_Mobius_CT_2.6_HighFive/docs/phantoms/tasks/PHANTOM-M1-CHECKPOINT-RECOVERY-025/evidence/C_R3_SCENE_A/0094-SNAPSHOT_PHANTOMS.json	42947	1d5f67d94aa1866e2254e3d7951a14c5dee43803fbfe1962978b3ecfc123fe8c	False
L2J_Mobius_CT_2.6_HighFive/docs/phantoms/tasks/PHANTOM-M1-CHECKPOINT-RECOVERY-025/evidence/C_R3_SCENE_A/0094-SNAPSHOT_PHANTOMS.xml	40771	6933abdcb9de5a9aa9df967223df24e99d229fd24060bdf62e1ba0c5c7a16f0c	False
L2J_Mobius_CT_2.6_HighFive/docs/phantoms/tasks/PHANTOM-M1-CHECKPOINT-RECOVERY-025/evidence/C_R3_SCENE_A/0095-SNAPSHOT_PHANTOMS.json	1698	84b0eb8efed52f1e2f5d45dff24d29e77d8ff64c07107a2e844f8df510d8cf79	False
L2J_Mobius_CT_2.6_HighFive/docs/phantoms/tasks/PHANTOM-M1-CHECKPOINT-RECOVERY-025/evidence/C_R3_SCENE_A/0095-SNAPSHOT_PHANTOMS.xml	1614	f6006c772453014f43b2054cea3213b4b9b9a5663e5d36d6cd215daba4887554	False
L2J_Mobius_CT_2.6_HighFive/docs/phantoms/tasks/PHANTOM-M1-CHECKPOINT-RECOVERY-025/evidence/C_R3_SCENE_A/0096-SNAPSHOT_PHANTOMS.json	42890	586f42f329ec6406a8dcc90017a0798ae8d129cf5dc70c0feaa4f5bf6f88a555	False
L2J_Mobius_CT_2.6_HighFive/docs/phantoms/tasks/PHANTOM-M1-CHECKPOINT-RECOVERY-025/evidence/C_R3_SCENE_A/0096-SNAPSHOT_PHANTOMS.xml	40714	a6e612ae1f30ffae3e97e4ac6bd31b4c7df3b2f9139bdee999a27aff3dbc6764	False
L2J_Mobius_CT_2.6_HighFive/docs/phantoms/tasks/PHANTOM-M1-CHECKPOINT-RECOVERY-025/evidence/C_R3_SCENE_A/0097-SNAPSHOT_PHANTOMS.json	1698	bd22e312d9e1e29c168c612dc5ddca8237abc4a8e8568913d26d335a1ddde85d	False
L2J_Mobius_CT_2.6_HighFive/docs/phantoms/tasks/PHANTOM-M1-CHECKPOINT-RECOVERY-025/evidence/C_R3_SCENE_A/0097-SNAPSHOT_PHANTOMS.xml	1614	ffc2b9c38cc8b01ce2d004ef70ec47cd629e65e77ba32df666b3954975f0df03	False
L2J_Mobius_CT_2.6_HighFive/docs/phantoms/tasks/PHANTOM-M1-CHECKPOINT-RECOVERY-025/evidence/C_R3_SCENE_A/0098-SNAPSHOT_PHANTOMS.json	42973	87661f268730fa9533f596a07d6a60c36ead2e6ebc88113ec882d622aba27cb2	False
L2J_Mobius_CT_2.6_HighFive/docs/phantoms/tasks/PHANTOM-M1-CHECKPOINT-RECOVERY-025/evidence/C_R3_SCENE_A/0098-SNAPSHOT_PHANTOMS.xml	40797	2255cfd79c9d95c63a93ae42aa7f76dcd6f96bde8520994292a9a5bceac2be96	False
L2J_Mobius_CT_2.6_HighFive/docs/phantoms/tasks/PHANTOM-M1-CHECKPOINT-RECOVERY-025/evidence/C_R3_SCENE_A/0099-SNAPSHOT_PHANTOMS.json	1695	c04168fd28f8e382875d1bb81241ad57ae4af6e69a1f9ad4b0bd7dbffa6a5d4c	False
L2J_Mobius_CT_2.6_HighFive/docs/phantoms/tasks/PHANTOM-M1-CHECKPOINT-RECOVERY-025/evidence/C_R3_SCENE_A/0099-SNAPSHOT_PHANTOMS.xml	1611	cc945018c30b1ef281d01431a6462731f1f8322e26dfff12b30e30a50a40f7ed	False
L2J_Mobius_CT_2.6_HighFive/docs/phantoms/tasks/PHANTOM-M1-CHECKPOINT-RECOVERY-025/evidence/C_R3_SCENE_A/0100-SNAPSHOT_PHANTOMS.json	42962	574c115633a927e46d5a83252db3742f8ee69831e69e1ee2a31575933cb823dc	False
L2J_Mobius_CT_2.6_HighFive/docs/phantoms/tasks/PHANTOM-M1-CHECKPOINT-RECOVERY-025/evidence/C_R3_SCENE_A/0100-SNAPSHOT_PHANTOMS.xml	40786	01805d1bbc0ba840d857334e608740ca379e1835845da881764455d5b43de282	False
L2J_Mobius_CT_2.6_HighFive/docs/phantoms/tasks/PHANTOM-M1-CHECKPOINT-RECOVERY-025/evidence/C_R3_SCENE_A/0101-SNAPSHOT_PHANTOMS.json	1699	20e832918c346fbaab607e25c2b2cd0867c796c1e059ce9454deb4a10429ae7c	False
L2J_Mobius_CT_2.6_HighFive/docs/phantoms/tasks/PHANTOM-M1-CHECKPOINT-RECOVERY-025/evidence/C_R3_SCENE_A/0101-SNAPSHOT_PHANTOMS.xml	1615	9fc44bcd6f53089704f464d4b2b73e72d977f74a7d4360844e78234931fb5a1e	False
L2J_Mobius_CT_2.6_HighFive/docs/phantoms/tasks/PHANTOM-M1-CHECKPOINT-RECOVERY-025/evidence/C_R3_SCENE_A/0102-SNAPSHOT_PHANTOMS.json	42959	fa9f21c190a2448a79a1a20f4ec2fd1c623d8a7c26ac9a87338c32cae2548c5f	False
L2J_Mobius_CT_2.6_HighFive/docs/phantoms/tasks/PHANTOM-M1-CHECKPOINT-RECOVERY-025/evidence/C_R3_SCENE_A/0102-SNAPSHOT_PHANTOMS.xml	40783	8dc677a74fca9a9f651eed0a4090f65807de5df61b12b5f0fe49f18635b9f62d	False
L2J_Mobius_CT_2.6_HighFive/docs/phantoms/tasks/PHANTOM-M1-CHECKPOINT-RECOVERY-025/evidence/C_R3_SCENE_A/0103-SNAPSHOT_PHANTOMS.json	1699	8bd36d504c5397342be864762a3a6bb393232fbafef4b390ec4a583155441411	False
L2J_Mobius_CT_2.6_HighFive/docs/phantoms/tasks/PHANTOM-M1-CHECKPOINT-RECOVERY-025/evidence/C_R3_SCENE_A/0103-SNAPSHOT_PHANTOMS.xml	1615	2a18a6ffee1a0eb3593329c04af6300482dc7c9084431020b98dba295c4580bf	False
L2J_Mobius_CT_2.6_HighFive/docs/phantoms/tasks/PHANTOM-M1-CHECKPOINT-RECOVERY-025/evidence/C_R3_SCENE_A/0104-SNAPSHOT_PHANTOMS.json	42895	06b0ff1e9dd9493776254d7e5fd5585acc45f307e6789b597cc34268d723c7ce	False
L2J_Mobius_CT_2.6_HighFive/docs/phantoms/tasks/PHANTOM-M1-CHECKPOINT-RECOVERY-025/evidence/C_R3_SCENE_A/0104-SNAPSHOT_PHANTOMS.xml	40719	89a3cf1e68326989f30df20f765895798bec340ff482bb902acf5cfce7f8a86e	False
L2J_Mobius_CT_2.6_HighFive/docs/phantoms/tasks/PHANTOM-M1-CHECKPOINT-RECOVERY-025/evidence/C_R3_SCENE_A/0105-SNAPSHOT_PHANTOMS.json	1699	974d9cfc1288412fc066a6fc7dd1be3aaa72aeaf20ffb356c672c61622155d85	False
L2J_Mobius_CT_2.6_HighFive/docs/phantoms/tasks/PHANTOM-M1-CHECKPOINT-RECOVERY-025/evidence/C_R3_SCENE_A/0105-SNAPSHOT_PHANTOMS.xml	1615	8ec11bd87ac9c4c45adaeba834b9db6e533559d929cadbec4d89667e305475f4	False
L2J_Mobius_CT_2.6_HighFive/docs/phantoms/tasks/PHANTOM-M1-CHECKPOINT-RECOVERY-025/evidence/C_R3_SCENE_A/0106-SNAPSHOT_PHANTOMS.json	42974	09769b69ca81e49a74dc1a6974b457d6b731d8c2eb22719f148272b71acd1d27	False
L2J_Mobius_CT_2.6_HighFive/docs/phantoms/tasks/PHANTOM-M1-CHECKPOINT-RECOVERY-025/evidence/C_R3_SCENE_A/0106-SNAPSHOT_PHANTOMS.xml	40798	d9f6e98e1a5820c01e4bc5683364ac0a27629cc9cc5313bed9d5e1860d673de2	False
L2J_Mobius_CT_2.6_HighFive/docs/phantoms/tasks/PHANTOM-M1-CHECKPOINT-RECOVERY-025/evidence/C_R3_SCENE_A/0107-SNAPSHOT_PHANTOMS.json	1699	557214afd230d9b932edc854565063fb4b0dbfffd80253035ddbc275c96b7d49	False
L2J_Mobius_CT_2.6_HighFive/docs/phantoms/tasks/PHANTOM-M1-CHECKPOINT-RECOVERY-025/evidence/C_R3_SCENE_A/0107-SNAPSHOT_PHANTOMS.xml	1615	68a6054323a8a507f5055e522650655795fb81e3ffd5c596ec870e6acbe9e6d1	False
L2J_Mobius_CT_2.6_HighFive/docs/phantoms/tasks/PHANTOM-M1-CHECKPOINT-RECOVERY-025/evidence/C_R3_SCENE_A/0108-SNAPSHOT_PHANTOMS.json	43019	ff30ec0d563a20456b9ec132bce09f6350afd52af33164fd71679b5814e789e4	False
L2J_Mobius_CT_2.6_HighFive/docs/phantoms/tasks/PHANTOM-M1-CHECKPOINT-RECOVERY-025/evidence/C_R3_SCENE_A/0108-SNAPSHOT_PHANTOMS.xml	40843	20b697cf8e11974127183b1ee5ba9cf98c3e91a99c76625734092822ad18d61b	False
L2J_Mobius_CT_2.6_HighFive/docs/phantoms/tasks/PHANTOM-M1-CHECKPOINT-RECOVERY-025/evidence/C_R3_SCENE_A/0109-SNAPSHOT_PHANTOMS.json	1696	fefea53af23f0e33ed0b5389e5041af460322d1864fab5fe92e79a0cb5417e52	False
L2J_Mobius_CT_2.6_HighFive/docs/phantoms/tasks/PHANTOM-M1-CHECKPOINT-RECOVERY-025/evidence/C_R3_SCENE_A/0109-SNAPSHOT_PHANTOMS.xml	1612	58a3fabbb293a40911f378505ff8364ac700818f94aca72a636236c424788d37	False
L2J_Mobius_CT_2.6_HighFive/docs/phantoms/tasks/PHANTOM-M1-CHECKPOINT-RECOVERY-025/evidence/C_R3_SCENE_A/0110-SNAPSHOT_PHANTOMS.json	42996	f9a5398fe1185ffab14791ad3d1d1c18eb34b8ed2bc4e6e1b8974fa6406950f2	False
L2J_Mobius_CT_2.6_HighFive/docs/phantoms/tasks/PHANTOM-M1-CHECKPOINT-RECOVERY-025/evidence/C_R3_SCENE_A/0110-SNAPSHOT_PHANTOMS.xml	40820	8687abc81eb6354f853ad70ca0232f97839cd7c7d2cab78d9449c774440f3cc6	False
L2J_Mobius_CT_2.6_HighFive/docs/phantoms/tasks/PHANTOM-M1-CHECKPOINT-RECOVERY-025/evidence/C_R3_SCENE_A/0111-SNAPSHOT_PHANTOMS.json	1699	21dac7277df5f94b4b64a55222a597cb1d6dd74ce5ccec8eecbb06cb35959833	False
L2J_Mobius_CT_2.6_HighFive/docs/phantoms/tasks/PHANTOM-M1-CHECKPOINT-RECOVERY-025/evidence/C_R3_SCENE_A/0111-SNAPSHOT_PHANTOMS.xml	1615	3dd8954c310deb005ddcc30af7a1036d92aa9c29a506ce96d66543666f263a89	False
L2J_Mobius_CT_2.6_HighFive/docs/phantoms/tasks/PHANTOM-M1-CHECKPOINT-RECOVERY-025/evidence/C_R3_SCENE_A/0112-SNAPSHOT_PHANTOMS.json	42582	ff213c659ab5d48259c01868cc40e3a585b6bc960302c500a999447c4ac53e62	False
L2J_Mobius_CT_2.6_HighFive/docs/phantoms/tasks/PHANTOM-M1-CHECKPOINT-RECOVERY-025/evidence/C_R3_SCENE_A/0112-SNAPSHOT_PHANTOMS.xml	40420	87286dea7b4e9faf0c1ba07b094feddf6fb2677363df6772fb94b1f3ded7c21c	False
L2J_Mobius_CT_2.6_HighFive/docs/phantoms/tasks/PHANTOM-M1-CHECKPOINT-RECOVERY-025/evidence/C_R3_SCENE_A/0113-SNAPSHOT_PHANTOMS.json	1699	73ccfc7cd6c8bb2179704181fd269c5c05a47d86e9951f44d6b6c60515641cee	False
L2J_Mobius_CT_2.6_HighFive/docs/phantoms/tasks/PHANTOM-M1-CHECKPOINT-RECOVERY-025/evidence/C_R3_SCENE_A/0113-SNAPSHOT_PHANTOMS.xml	1615	0de36ea9e799640ef8b89e79edafc13542e800280a1af9956454732bc93dbd61	False
L2J_Mobius_CT_2.6_HighFive/docs/phantoms/tasks/PHANTOM-M1-CHECKPOINT-RECOVERY-025/evidence/C_R3_SCENE_A/0114-SNAPSHOT_PHANTOMS.json	42709	4bbc5dd5ca4e4fe63686483bb1537b96a468bc5e33971d996a7d25227fec9e47	False
L2J_Mobius_CT_2.6_HighFive/docs/phantoms/tasks/PHANTOM-M1-CHECKPOINT-RECOVERY-025/evidence/C_R3_SCENE_A/0114-SNAPSHOT_PHANTOMS.xml	40547	09788c56c31a6d44bc0e60264d7150e52f356a5877990234dfb77b74230515fa	False
L2J_Mobius_CT_2.6_HighFive/docs/phantoms/tasks/PHANTOM-M1-CHECKPOINT-RECOVERY-025/evidence/C_R3_SCENE_A/0115-SNAPSHOT_PHANTOMS.json	1696	b9a7c3ceafce009ac1e24933ede5dd246afe698d92d49792b00934ba2e9af389	False
L2J_Mobius_CT_2.6_HighFive/docs/phantoms/tasks/PHANTOM-M1-CHECKPOINT-RECOVERY-025/evidence/C_R3_SCENE_A/0115-SNAPSHOT_PHANTOMS.xml	1612	3c25bb4a6270b6d0eb2bac1648fd6c949271afe9f22504e8787ff60131906794	False
L2J_Mobius_CT_2.6_HighFive/docs/phantoms/tasks/PHANTOM-M1-CHECKPOINT-RECOVERY-025/evidence/C_R3_SCENE_A/all-samples.json	2923883	bfdf853af48eb73cb31556051705c0d370d9c3e7f7921ee725f05b526ce67cb4	False
L2J_Mobius_CT_2.6_HighFive/docs/phantoms/tasks/PHANTOM-M1-CHECKPOINT-RECOVERY-025/evidence/C_R3_SCENE_A/baseline-cohort.json	35046	03a11d376a2a612d1f9f2a186e8d22b2030846d03b8414598c6563283172b309	False
L2J_Mobius_CT_2.6_HighFive/docs/phantoms/tasks/PHANTOM-M1-CHECKPOINT-RECOVERY-025/evidence/C_R3_SCENE_A/baseline-inventory.tsv	5421	58f90e8f8b8382ab071c7563199bf6fd413dd48e5179cc5f513f5467a8d2a515	False
L2J_Mobius_CT_2.6_HighFive/docs/phantoms/tasks/PHANTOM-M1-CHECKPOINT-RECOVERY-025/evidence/C_R3_SCENE_A/cohort-002.json	36558	c34489be66746d12e9f32c357f9517b8b3bf1c6bd9eb8d8439aa22b6ecdc6004	False
L2J_Mobius_CT_2.6_HighFive/docs/phantoms/tasks/PHANTOM-M1-CHECKPOINT-RECOVERY-025/evidence/C_R3_SCENE_A/cohort-003.json	36467	591fc3b5f9bcfb2190fcb49c66b46cb4c2db87cfb7dcd168da40c33233e3b8c4	False
L2J_Mobius_CT_2.6_HighFive/docs/phantoms/tasks/PHANTOM-M1-CHECKPOINT-RECOVERY-025/evidence/C_R3_SCENE_A/cohort-004.json	35516	b6384eddb7d74c47769dee3d3f4bd2fef49d54ce94f8027bbd135cdd165bb161	False
L2J_Mobius_CT_2.6_HighFive/docs/phantoms/tasks/PHANTOM-M1-CHECKPOINT-RECOVERY-025/evidence/C_R3_SCENE_A/cohort-005.json	35222	52620a0a486e5848151248c442031afb4bba60ed813eec7afac023b3163bd903	False
L2J_Mobius_CT_2.6_HighFive/docs/phantoms/tasks/PHANTOM-M1-CHECKPOINT-RECOVERY-025/evidence/C_R3_SCENE_A/cohort-006.json	35029	c8b74beb70d9239b8802815b5128a9a6379781af21209a17539bf398087c2381	False
L2J_Mobius_CT_2.6_HighFive/docs/phantoms/tasks/PHANTOM-M1-CHECKPOINT-RECOVERY-025/evidence/C_R3_SCENE_A/cohort-007.json	36226	69ea42834760e697d6ba58942a02149c824c17004589fd114f72a3ed104b6408	False
L2J_Mobius_CT_2.6_HighFive/docs/phantoms/tasks/PHANTOM-M1-CHECKPOINT-RECOVERY-025/evidence/C_R3_SCENE_A/cohort-008.json	36322	cef38daa3666dfc2c494bfac7e8b25c331db7ba55d02b4e060069d953514ea9b	False
L2J_Mobius_CT_2.6_HighFive/docs/phantoms/tasks/PHANTOM-M1-CHECKPOINT-RECOVERY-025/evidence/C_R3_SCENE_A/cohort-009.json	37184	d9acfb158a1fc38153b25409a5277266057648670c7680f27d0073a4c53eab0d	False
L2J_Mobius_CT_2.6_HighFive/docs/phantoms/tasks/PHANTOM-M1-CHECKPOINT-RECOVERY-025/evidence/C_R3_SCENE_A/cohort-010.json	37204	42251265776f0f9ec3e43e513c851dda7d11db31fb7435ea3b44b2d8e66778bb	False
L2J_Mobius_CT_2.6_HighFive/docs/phantoms/tasks/PHANTOM-M1-CHECKPOINT-RECOVERY-025/evidence/C_R3_SCENE_A/cohort-011.json	36313	3f425fb42f51eff80b7484df56a6a7ebb179577d260ea7fe70ab45c957ed2d8e	False
L2J_Mobius_CT_2.6_HighFive/docs/phantoms/tasks/PHANTOM-M1-CHECKPOINT-RECOVERY-025/evidence/C_R3_SCENE_A/cohort-012.json	36072	6c36ab5f6d2b1c3c9a0ad47952cdde72f72c539b943f242a58f079fb7a4e4d50	False
L2J_Mobius_CT_2.6_HighFive/docs/phantoms/tasks/PHANTOM-M1-CHECKPOINT-RECOVERY-025/evidence/C_R3_SCENE_A/cohort-013.json	36084	600390df5ce41165a0eb290bf5f28ac26ba00f66bfb386831bac21ec9ca7c3b2	False
L2J_Mobius_CT_2.6_HighFive/docs/phantoms/tasks/PHANTOM-M1-CHECKPOINT-RECOVERY-025/evidence/C_R3_SCENE_A/cohort-014.json	36532	25fb0bc8f5e630ee3be6513ffaa631893c5bf96b9764d5080fa040b887280875	False
L2J_Mobius_CT_2.6_HighFive/docs/phantoms/tasks/PHANTOM-M1-CHECKPOINT-RECOVERY-025/evidence/C_R3_SCENE_A/cohort-015.json	36740	554896358902646b7f931d417e23672f4662da309fd7543813904b95da4236f9	False
L2J_Mobius_CT_2.6_HighFive/docs/phantoms/tasks/PHANTOM-M1-CHECKPOINT-RECOVERY-025/evidence/C_R3_SCENE_A/cohort-016.json	36209	5febd95459f4af1b8cf80a86730f71de77805940c25d1611846b7f9d9c92899f	False
L2J_Mobius_CT_2.6_HighFive/docs/phantoms/tasks/PHANTOM-M1-CHECKPOINT-RECOVERY-025/evidence/C_R3_SCENE_A/cohort-017.json	36545	e32e65a393f1a38b7e73702a60cfab4a7e0861fd21df9752b454f3989801e04b	False
L2J_Mobius_CT_2.6_HighFive/docs/phantoms/tasks/PHANTOM-M1-CHECKPOINT-RECOVERY-025/evidence/C_R3_SCENE_A/cohort-018.json	37333	05e3167e73d2024d8987409715e23e71833221b049fb58ee036df1e60b9608f4	False
L2J_Mobius_CT_2.6_HighFive/docs/phantoms/tasks/PHANTOM-M1-CHECKPOINT-RECOVERY-025/evidence/C_R3_SCENE_A/cohort-019.json	37230	ec3a066ad8a382fc7b6ad43c02b1bb4b280ea7b48fd94289a1dd986729a3cbb7	False
L2J_Mobius_CT_2.6_HighFive/docs/phantoms/tasks/PHANTOM-M1-CHECKPOINT-RECOVERY-025/evidence/C_R3_SCENE_A/cohort-020.json	37956	58201d590e53e54d80c30d296d184d90bfed9b1a4fdf28e519d6bd52a0a064b4	False
L2J_Mobius_CT_2.6_HighFive/docs/phantoms/tasks/PHANTOM-M1-CHECKPOINT-RECOVERY-025/evidence/C_R3_SCENE_A/cohort-021.json	37550	3f289c6050f9cf19b55a8dff3b9bc238747f21b049b94c3eb764d87b3a80374e	False
L2J_Mobius_CT_2.6_HighFive/docs/phantoms/tasks/PHANTOM-M1-CHECKPOINT-RECOVERY-025/evidence/C_R3_SCENE_A/cohort-022.json	36959	8970597ce8661da2706d086b10339ae6a976b187d17b9b6d2cc5df836710b6ae	False
L2J_Mobius_CT_2.6_HighFive/docs/phantoms/tasks/PHANTOM-M1-CHECKPOINT-RECOVERY-025/evidence/C_R3_SCENE_A/cohort-023.json	36086	b42a2f3e9c5d3a85461a403fac12339096918c1c6aa6658dcbdce854853b07dc	False
L2J_Mobius_CT_2.6_HighFive/docs/phantoms/tasks/PHANTOM-M1-CHECKPOINT-RECOVERY-025/evidence/C_R3_SCENE_A/cohort-024.json	36088	a3c50a1d4e5fe8f6052905998b0a69525188ade458cde29dd0e078cce155f7c5	False
L2J_Mobius_CT_2.6_HighFive/docs/phantoms/tasks/PHANTOM-M1-CHECKPOINT-RECOVERY-025/evidence/C_R3_SCENE_A/cohort-025.json	36348	3115452bc6b0263fcde1425de1d47acb20890a2c580c69a4ab68df1c84f2c260	False
L2J_Mobius_CT_2.6_HighFive/docs/phantoms/tasks/PHANTOM-M1-CHECKPOINT-RECOVERY-025/evidence/C_R3_SCENE_A/cohort-026.json	37112	9682de617b6e71a195ce1b5816173ae69aa545e561f8f5645c598577f5942d69	False
L2J_Mobius_CT_2.6_HighFive/docs/phantoms/tasks/PHANTOM-M1-CHECKPOINT-RECOVERY-025/evidence/C_R3_SCENE_A/cohort-027.json	42927	92db8db51f7f0b75e3bc72dce6ecc4181b6c8af964f14d41a170b90d46a8bc90	False
L2J_Mobius_CT_2.6_HighFive/docs/phantoms/tasks/PHANTOM-M1-CHECKPOINT-RECOVERY-025/evidence/C_R3_SCENE_A/cohort-028.json	43111	80f9de01520b20f1ab6c659904d4bfc34c3075f0f3090d7c379ac437909c5412	False
L2J_Mobius_CT_2.6_HighFive/docs/phantoms/tasks/PHANTOM-M1-CHECKPOINT-RECOVERY-025/evidence/C_R3_SCENE_A/cohort-029.json	42558	4e9e07aa4835b9e3bff5e3879a52c293d6cb95bf4e45cb3d4dbbea442889132d	False
L2J_Mobius_CT_2.6_HighFive/docs/phantoms/tasks/PHANTOM-M1-CHECKPOINT-RECOVERY-025/evidence/C_R3_SCENE_A/cohort-030.json	42749	45cfd2d6573935b2ecb45bd043c38668bd3f4e7c1938019a106828a8cdd9f0ef	False
L2J_Mobius_CT_2.6_HighFive/docs/phantoms/tasks/PHANTOM-M1-CHECKPOINT-RECOVERY-025/evidence/C_R3_SCENE_A/cohort-031.json	42419	bc58780a6888b86ff1b6c93e6921ed065b389334c7a410bfef90d4d1272adc43	False
L2J_Mobius_CT_2.6_HighFive/docs/phantoms/tasks/PHANTOM-M1-CHECKPOINT-RECOVERY-025/evidence/C_R3_SCENE_A/cohort-032.json	42473	5cc829a2c5bc7be1b43b6299c01d9664f25cbaead69ebfcaf5bb29be46385ed1	False
L2J_Mobius_CT_2.6_HighFive/docs/phantoms/tasks/PHANTOM-M1-CHECKPOINT-RECOVERY-025/evidence/C_R3_SCENE_A/cohort-033.json	42722	43821fbac634778f1b112b36ce5c29b7021340947046942c42dc88de0cca23ea	False
L2J_Mobius_CT_2.6_HighFive/docs/phantoms/tasks/PHANTOM-M1-CHECKPOINT-RECOVERY-025/evidence/C_R3_SCENE_A/cohort-034.json	42505	c1039379eec812460ffd58366b5dfeca1a121f0814f76560bc1bc9cf1bd6fc6a	False
L2J_Mobius_CT_2.6_HighFive/docs/phantoms/tasks/PHANTOM-M1-CHECKPOINT-RECOVERY-025/evidence/C_R3_SCENE_A/cohort-035.json	43622	9db84f7887f7d3207640137d54f9bb6862c93b139e35621b97082ba5b1886803	False
L2J_Mobius_CT_2.6_HighFive/docs/phantoms/tasks/PHANTOM-M1-CHECKPOINT-RECOVERY-025/evidence/C_R3_SCENE_A/cohort-036.json	43419	c070029de8af7772d9e27ba3550a88f8a942b7e0ad9cdbef0af4018d073bb4b3	False
L2J_Mobius_CT_2.6_HighFive/docs/phantoms/tasks/PHANTOM-M1-CHECKPOINT-RECOVERY-025/evidence/C_R3_SCENE_A/cohort-037.json	43329	9b759c5ca7dfb8194e98fa356fcb35e52561b3d43dc70bdce52509cc5ba889d6	False
L2J_Mobius_CT_2.6_HighFive/docs/phantoms/tasks/PHANTOM-M1-CHECKPOINT-RECOVERY-025/evidence/C_R3_SCENE_A/cohort-038.json	43976	a43d696f808af40423c460911a3c0d6591c2f7f8e6ab07bb44d29d3d02a7c0a3	False
L2J_Mobius_CT_2.6_HighFive/docs/phantoms/tasks/PHANTOM-M1-CHECKPOINT-RECOVERY-025/evidence/C_R3_SCENE_A/cohort-039.json	43210	6a34a7e9b092ead0249952cada0c4c8abc3b6412986d63f8820d4f1a80a90671	False
L2J_Mobius_CT_2.6_HighFive/docs/phantoms/tasks/PHANTOM-M1-CHECKPOINT-RECOVERY-025/evidence/C_R3_SCENE_A/cohort-040.json	42459	5c4d9a6c4e9e0070217bf1c1a33f396ff4e97a935a5d753631a70b601bc9d06c	False
L2J_Mobius_CT_2.6_HighFive/docs/phantoms/tasks/PHANTOM-M1-CHECKPOINT-RECOVERY-025/evidence/C_R3_SCENE_A/cohort-041.json	42497	33d87a49f8e9578059fc2ca19fe6bb1973de795ae6e102fa1d1ded4b4540cf7a	False
L2J_Mobius_CT_2.6_HighFive/docs/phantoms/tasks/PHANTOM-M1-CHECKPOINT-RECOVERY-025/evidence/C_R3_SCENE_A/cohort-042.json	42477	b301d24a1e7b9f925226854a6be921cb6ebf86776301cb468367037bbcccd46f	False
L2J_Mobius_CT_2.6_HighFive/docs/phantoms/tasks/PHANTOM-M1-CHECKPOINT-RECOVERY-025/evidence/C_R3_SCENE_A/cohort-043.json	42841	5e7f88d1c0232c0cc0561fd41bcc9c3725f290538a81644fbf359a13c40dc9e3	False
L2J_Mobius_CT_2.6_HighFive/docs/phantoms/tasks/PHANTOM-M1-CHECKPOINT-RECOVERY-025/evidence/C_R3_SCENE_A/cohort-044.json	42419	d6000cb4b11e1d44d3c8370fd3615d7e00aadd3267b2d3d03c094d9c706eb9ef	False
L2J_Mobius_CT_2.6_HighFive/docs/phantoms/tasks/PHANTOM-M1-CHECKPOINT-RECOVERY-025/evidence/C_R3_SCENE_A/cohort-045.json	42643	fedb10eca61f2f61b963ae830f4bc5badd73c806f2f890ef9184d91614393a1a	False
L2J_Mobius_CT_2.6_HighFive/docs/phantoms/tasks/PHANTOM-M1-CHECKPOINT-RECOVERY-025/evidence/C_R3_SCENE_A/cohort-046.json	42433	3c6cc9e883ff01e982106250da6b409497ac9d484086e08cc735cb2836e1a5ed	False
L2J_Mobius_CT_2.6_HighFive/docs/phantoms/tasks/PHANTOM-M1-CHECKPOINT-RECOVERY-025/evidence/C_R3_SCENE_A/cohort-047.json	42129	5b3ea734cd059f735c7c79ba8cbc04edc1a59926582c6a470f9d038f66d7eb1e	False
L2J_Mobius_CT_2.6_HighFive/docs/phantoms/tasks/PHANTOM-M1-CHECKPOINT-RECOVERY-025/evidence/C_R3_SCENE_A/cohort-048.json	42209	79973a3c15b139a0ce452d35d3140ee509a2be2a3543ff290ccec7713da7322b	False
L2J_Mobius_CT_2.6_HighFive/docs/phantoms/tasks/PHANTOM-M1-CHECKPOINT-RECOVERY-025/evidence/C_R3_SCENE_A/cohort-049.json	42096	2415e8c4b589a0db0cacb81f5035d02c9a1dbb70458655e7ecbbf56a6707fa20	False
L2J_Mobius_CT_2.6_HighFive/docs/phantoms/tasks/PHANTOM-M1-CHECKPOINT-RECOVERY-025/evidence/C_R3_SCENE_A/cohort-050.json	42451	ba66b057715245a64b2285fac8d5379e5c5b204f44bad3371afd06f29c31db02	False
L2J_Mobius_CT_2.6_HighFive/docs/phantoms/tasks/PHANTOM-M1-CHECKPOINT-RECOVERY-025/evidence/C_R3_SCENE_A/cohort-051.json	42519	18ca0d52b2f5c3c95b8450338eb0bea3b5b8700c5b1b4ea4b2756b37688e5db7	False
L2J_Mobius_CT_2.6_HighFive/docs/phantoms/tasks/PHANTOM-M1-CHECKPOINT-RECOVERY-025/evidence/C_R3_SCENE_A/cohort-052.json	42375	49dcb27bb7213aa622ab81b758726a3c69fb2c51b000f0af0eb40d2b27eb68c7	False
L2J_Mobius_CT_2.6_HighFive/docs/phantoms/tasks/PHANTOM-M1-CHECKPOINT-RECOVERY-025/evidence/C_R3_SCENE_A/cohort-053.json	42372	7ed40c111393eec27605e9c4e2deca8c412545157f04198ed20158114b699dd3	False
L2J_Mobius_CT_2.6_HighFive/docs/phantoms/tasks/PHANTOM-M1-CHECKPOINT-RECOVERY-025/evidence/C_R3_SCENE_A/cohort-054.json	42485	299bcd6cdcc705a4a3f82550553d01dbc4f66964a4dcc52ffc8966dea4e71acd	False
L2J_Mobius_CT_2.6_HighFive/docs/phantoms/tasks/PHANTOM-M1-CHECKPOINT-RECOVERY-025/evidence/C_R3_SCENE_A/cohort-055.json	42535	da71a64835e254711b493785f6a39152db76ae3697b55c9600e687a229a6a3d6	False
L2J_Mobius_CT_2.6_HighFive/docs/phantoms/tasks/PHANTOM-M1-CHECKPOINT-RECOVERY-025/evidence/C_R3_SCENE_A/cohort-056.json	42734	8eb8ebb76b3a129aa73e0539152ed3b4f53b4719917b23e12c02731898244334	False
L2J_Mobius_CT_2.6_HighFive/docs/phantoms/tasks/PHANTOM-M1-CHECKPOINT-RECOVERY-025/evidence/C_R3_SCENE_A/cohort-057.json	42541	eba3edd5a9f470dfe492d59ca509ec714841246fedc410a15da4e4d59de748c4	False
L2J_Mobius_CT_2.6_HighFive/docs/phantoms/tasks/PHANTOM-M1-CHECKPOINT-RECOVERY-025/evidence/C_R3_SCENE_A/cohort-058.json	42373	0a90574d5079e0e1fbd3a4b9fa9aea4284036c033ce7a8c9163515dad456fdd7	False
L2J_Mobius_CT_2.6_HighFive/docs/phantoms/tasks/PHANTOM-M1-CHECKPOINT-RECOVERY-025/evidence/C_R3_SCENE_A/cohort-059.json	42463	af65c84cdddeb07be35e6cb49a6dd353cee4a9b4ea13b0b43526785bff195492	False
L2J_Mobius_CT_2.6_HighFive/docs/phantoms/tasks/PHANTOM-M1-CHECKPOINT-RECOVERY-025/evidence/C_R3_SCENE_A/cohort-060.json	42409	2d2f6108b0b8d023b52c8eac0937e65e8fd5251dfd2edaec85a7c52b649cbf71	False
L2J_Mobius_CT_2.6_HighFive/docs/phantoms/tasks/PHANTOM-M1-CHECKPOINT-RECOVERY-025/evidence/C_R3_SCENE_A/cohort-061.json	42489	2a54948d121cdbb7bd2d4ca4c81f70fe84a922507f782df5e50e09ce337476c7	False
L2J_Mobius_CT_2.6_HighFive/docs/phantoms/tasks/PHANTOM-M1-CHECKPOINT-RECOVERY-025/evidence/C_R3_SCENE_A/cohort-062.json	42480	fd0f8bd88818dcc2095c8e5f1da701ec54e51fe28ebfcfbf9ae04840df2a5f81	False
L2J_Mobius_CT_2.6_HighFive/docs/phantoms/tasks/PHANTOM-M1-CHECKPOINT-RECOVERY-025/evidence/C_R3_SCENE_A/cohort-063.json	42474	d61134d9429a1e38383ee17adf307a718a9ef91f47e2609a3a0f5a46aecb7533	False
L2J_Mobius_CT_2.6_HighFive/docs/phantoms/tasks/PHANTOM-M1-CHECKPOINT-RECOVERY-025/evidence/C_R3_SCENE_A/cohort-064.json	42413	04b746082191ccd7bfd772c49a134acb9d36cc465f2d0f71743069e7128fe8e9	False
L2J_Mobius_CT_2.6_HighFive/docs/phantoms/tasks/PHANTOM-M1-CHECKPOINT-RECOVERY-025/evidence/C_R3_SCENE_A/cohort-065.json	42489	0ca6c70300448f9cd0ae00668c9f33143de4cbfa32e42d016eceb4d403154696	False
L2J_Mobius_CT_2.6_HighFive/docs/phantoms/tasks/PHANTOM-M1-CHECKPOINT-RECOVERY-025/evidence/C_R3_SCENE_A/cohort-066.json	42534	97eec53c29638066f8b0e1e36d4f9875b7d1a8e0eb5d6420ce0e0f99da27264c	False
L2J_Mobius_CT_2.6_HighFive/docs/phantoms/tasks/PHANTOM-M1-CHECKPOINT-RECOVERY-025/evidence/C_R3_SCENE_A/cohort-067.json	42511	09452cf1ae9ff2da65a685a7df2b4a928d7ef5664c66df9a31c48a40a13c1fbe	False
L2J_Mobius_CT_2.6_HighFive/docs/phantoms/tasks/PHANTOM-M1-CHECKPOINT-RECOVERY-025/evidence/C_R3_SCENE_A/cohort-068.json	42093	cd47f1376b2238ea8a26768d11b73681d72111e41b3bc15757aa0822d6ea7abb	False
L2J_Mobius_CT_2.6_HighFive/docs/phantoms/tasks/PHANTOM-M1-CHECKPOINT-RECOVERY-025/evidence/C_R3_SCENE_A/cohort-069.json	42217	3a6a11b4991951668d7e026bff0b9406186f8ed2bf91585f9ccdd47de16f26e2	False
L2J_Mobius_CT_2.6_HighFive/docs/phantoms/tasks/PHANTOM-M1-CHECKPOINT-RECOVERY-025/evidence/C_R3_SCENE_A/cohort-result.json	38619	679a3917ffe147ddcc23d067a13053a5999e2f50b4839ff47ef2c308d79e3f03	False
L2J_Mobius_CT_2.6_HighFive/docs/phantoms/tasks/PHANTOM-M1-CHECKPOINT-RECOVERY-025/evidence/C_R3_SCENE_A/continuation-correlation.json	1599	8906aa712127ba76e1331d1ffca834e215904e35cab1c179ae534097d49718b7	False
L2J_Mobius_CT_2.6_HighFive/docs/phantoms/tasks/PHANTOM-M1-CHECKPOINT-RECOVERY-025/evidence/C_R3_SCENE_A/final-live-inventory.tsv	5866	087b1bcd4f7f25e25d5eee56dbc6837a580db187e305cf084db525150e1ac870	False
L2J_Mobius_CT_2.6_HighFive/docs/phantoms/tasks/PHANTOM-M1-CHECKPOINT-RECOVERY-025/evidence/C_R3_SCENE_A/heartbeat-control.log	0	e3b0c44298fc1c149afbf4c8996fb92427ae41e4649b934ca495991b7852b855	False
L2J_Mobius_CT_2.6_HighFive/docs/phantoms/tasks/PHANTOM-M1-CHECKPOINT-RECOVERY-025/evidence/C_R3_SCENE_A/native-control-transitions.json	26645	3a8f04282e9d6f846d342235450761b5d59d7bf35ed3bfd269d2d5c8438cdc97	False
L2J_Mobius_CT_2.6_HighFive/docs/phantoms/tasks/PHANTOM-M1-CHECKPOINT-RECOVERY-025/evidence/C_R3_SCENE_A/primary.json	10036	3d1d1f40b31a10f1dbf264fe525bca7b1264310c886f5431154bb624e0d7564c	False
L2J_Mobius_CT_2.6_HighFive/docs/phantoms/tasks/PHANTOM-M1-CHECKPOINT-RECOVERY-025/evidence/C_R3_SCENE_A/result.json	273	688df01ebc7d1335a9003d615a65a97808babc9faa2e6ff026933fd6661ada5d	False
L2J_Mobius_CT_2.6_HighFive/docs/phantoms/tasks/PHANTOM-M1-CHECKPOINT-RECOVERY-025/evidence/C_R3_SCENE_A/run-id.txt	38	00dc880a14381ddee60de6863899d5254382531956552d01d767753eba58c0ec	False
L2J_Mobius_CT_2.6_HighFive/docs/phantoms/tasks/PHANTOM-M1-CHECKPOINT-RECOVERY-025/evidence/C_R3_SCENE_A/sealed/1159-142049392869300-3726.properties	716	0d6e42e3bd497a0a8f86cdc84c9ab306311866d908aeb04524989b4a359202b6	False
L2J_Mobius_CT_2.6_HighFive/docs/phantoms/tasks/PHANTOM-M1-CHECKPOINT-RECOVERY-025/evidence/C_R3_SCENE_A/sealed/1159-142049392869300-3728.properties	716	c75506313f0b8bec528d098e6d34a91cd6fec3d2c45c0c47b8281afb20534be5	False
L2J_Mobius_CT_2.6_HighFive/docs/phantoms/tasks/PHANTOM-M1-CHECKPOINT-RECOVERY-025/evidence/C_R3_SCENE_A/sealed/1159-142049392869300-3730.properties	716	4cd5465d530199b6e9e70b1bda6e50ccc81dca31b113c99886f7e6f9836d14dc	False
L2J_Mobius_CT_2.6_HighFive/docs/phantoms/tasks/PHANTOM-M1-CHECKPOINT-RECOVERY-025/evidence/C_R3_SCENE_A/sealed/1176-142047991983900-6692.properties	732	0cf1223adb80553de24c0587c99bb83204a7ecbed8de9e09a3366777de998fad	False
L2J_Mobius_CT_2.6_HighFive/docs/phantoms/tasks/PHANTOM-M1-CHECKPOINT-RECOVERY-025/evidence/C_R3_SCENE_A/sealed/1176-142047991983900-6694.properties	720	a71f94a09e97fd75f8cb809ce1f1fcf0b279386b52f8476e8bdb3143471c3f69	False
L2J_Mobius_CT_2.6_HighFive/docs/phantoms/tasks/PHANTOM-M1-CHECKPOINT-RECOVERY-025/evidence/C_R3_SCENE_A/sealed/1176-142047991983900-6696.properties	717	9cf53d62daac82c8022f08322fa27c2b45874858560b2398e20adcd34c2b3d38	False
L2J_Mobius_CT_2.6_HighFive/docs/phantoms/tasks/PHANTOM-M1-CHECKPOINT-RECOVERY-025/evidence/C_R3_SCENE_A/sealed/1176-142047991983900-6698.properties	717	3b764a352fdb7514f8e64eaeec23f957961c48e649087af1bd73b447d64d7d68	False
L2J_Mobius_CT_2.6_HighFive/docs/phantoms/tasks/PHANTOM-M1-CHECKPOINT-RECOVERY-025/evidence/C_R3_SCENE_A/sealed/175-142048693521800-21698.properties	734	51dd6c04aecc8ccf3123ba02a839de0aed87720ff3a075e3461039e62c6e7d60	False
L2J_Mobius_CT_2.6_HighFive/docs/phantoms/tasks/PHANTOM-M1-CHECKPOINT-RECOVERY-025/evidence/C_R3_SCENE_A/sealed/175-142048693521800-21700.properties	732	b804cc47de07b9cce17b534b5a412b6516fba532eba554834ad484a460b5f86a	False
L2J_Mobius_CT_2.6_HighFive/docs/phantoms/tasks/PHANTOM-M1-CHECKPOINT-RECOVERY-025/evidence/C_R3_SCENE_A/sealed/175-142048693521800-21702.properties	732	92ec8cd3ef177893b4613ad47c902b382a9aa21ce1aa6b1c644623986c3f38de	False
L2J_Mobius_CT_2.6_HighFive/docs/phantoms/tasks/PHANTOM-M1-CHECKPOINT-RECOVERY-025/evidence/C_R3_SCENE_A/sealed/175-142048693521800-21704.properties	725	102f33cd7e6afe807baa9e523bf17a526308678a2d768ebab32dedd8bd0e8c68	False
L2J_Mobius_CT_2.6_HighFive/docs/phantoms/tasks/PHANTOM-M1-CHECKPOINT-RECOVERY-025/evidence/C_R3_SCENE_A/sealed/175-142048693521800-21706.properties	736	1fdc9d39ee35046c6eb21207556e6f3b65e2633cf4e574828821040f03804533	False
L2J_Mobius_CT_2.6_HighFive/docs/phantoms/tasks/PHANTOM-M1-CHECKPOINT-RECOVERY-025/evidence/C_R3_SCENE_A/sealed/175-142048693521800-21708.properties	737	d68c95b9787f5e9d9f7ed2e3308d88cba1fe8b0b2bb5fc3629fcd5999ddb9c11	False
L2J_Mobius_CT_2.6_HighFive/docs/phantoms/tasks/PHANTOM-M1-CHECKPOINT-RECOVERY-025/evidence/C_R3_SCENE_A/sealed/633-142048494069100-11370.properties	720	947b1989ad71d43c7fc4f03c476450d3f4b6e3bd26124440b34e708d74ee253d	False
L2J_Mobius_CT_2.6_HighFive/docs/phantoms/tasks/PHANTOM-M1-CHECKPOINT-RECOVERY-025/evidence/C_R3_SCENE_A/sealed/633-142048494069100-11372.properties	725	53651068eece4c6049fc11fcbb51f21bf1b85c1ea3db2beef0bad0f0ed043fdb	False
L2J_Mobius_CT_2.6_HighFive/docs/phantoms/tasks/PHANTOM-M1-CHECKPOINT-RECOVERY-025/evidence/C_R3_SCENE_A/sealed/633-142048494069100-11374.properties	726	4bd82876a87683307576a8ad0bb21af4621f3bc22b7c419893540a8f46974dd5	False
L2J_Mobius_CT_2.6_HighFive/docs/phantoms/tasks/PHANTOM-M1-CHECKPOINT-RECOVERY-025/evidence/C_R3_SCENE_A/sealed/633-142048494069100-11376.properties	720	7d3818ea7732be7ee6e7ca78ecaff90ecd8fef54e088dd9dc34789b6c488ca61	False
L2J_Mobius_CT_2.6_HighFive/docs/phantoms/tasks/PHANTOM-M1-CHECKPOINT-RECOVERY-025/evidence/C_R3_SCENE_A/sealed/924-142048503891700-5527.properties	730	7f32ec9b7f42e53085b5dc01463375aa8681b0a420ed66b4d5980d6963e5d5db	False
L2J_Mobius_CT_2.6_HighFive/docs/phantoms/tasks/PHANTOM-M1-CHECKPOINT-RECOVERY-025/evidence/C_R3_SCENE_A/sealed/924-142048503891700-5529.properties	724	8ea2ab29508d6cb2724b298d78d4fe3219f6d4ad0ccf2d472a7ca55aa2f07d8e	False
L2J_Mobius_CT_2.6_HighFive/docs/phantoms/tasks/PHANTOM-M1-CHECKPOINT-RECOVERY-025/evidence/C_R3_SCENE_A/sealed/924-142048503891700-5531.properties	719	1b688ac16f45a3b379cd149d5405a4a84e6cdacd8e71fe634018ce2d1f4c8271	False
L2J_Mobius_CT_2.6_HighFive/docs/phantoms/tasks/PHANTOM-M1-CHECKPOINT-RECOVERY-025/evidence/C_R3_SCENE_A/sealed/975-142048619415400-27032.properties	725	ef2e8fecaae62cb2bfe99daa67deb579822004435f66a910a4522feb38d2c124	False
L2J_Mobius_CT_2.6_HighFive/docs/phantoms/tasks/PHANTOM-M1-CHECKPOINT-RECOVERY-025/evidence/C_R3_SCENE_A/sealed/975-142048619415400-27034.properties	733	0a9c4600c172c3c84a232ae970e68261873a0cdf50bebd3cbe48d033d1c88380	False
L2J_Mobius_CT_2.6_HighFive/docs/phantoms/tasks/PHANTOM-M1-CHECKPOINT-RECOVERY-025/evidence/C_R3_SCENE_A/sealed/975-142048619415400-27036.properties	720	770a5f8f1494fdd744fea6c5640a1a9ba0953f0404ab091065ade78a0710e1d8	False
L2J_Mobius_CT_2.6_HighFive/docs/phantoms/tasks/PHANTOM-M1-CHECKPOINT-RECOVERY-025/evidence/C_R3_SCENE_A/sealed/975-142048619415400-27038.properties	733	bef75585adf6b49df37bae2c40b75d47bb9ab1834f1a0481c111e79add5f41e5	False
L2J_Mobius_CT_2.6_HighFive/docs/phantoms/tasks/PHANTOM-M1-CHECKPOINT-RECOVERY-025/evidence/C_R3_SCENE_A/sealed/975-142048619415400-27040.properties	720	d8e46f4724ac53efc1d9f4378ebf1468bed1916a2c6d30aae6cae09ab13da0d7	False
L2J_Mobius_CT_2.6_HighFive/docs/phantoms/tasks/PHANTOM-M1-CHECKPOINT-RECOVERY-025/evidence/C_R3_SCENE_A/sealed/994-142048991638300-3966.properties	715	3b03d0e90c5e90fb5fc924213a8361e83ffa46fb2b4a59355401d5af818eefb0	False
L2J_Mobius_CT_2.6_HighFive/docs/phantoms/tasks/PHANTOM-M1-CHECKPOINT-RECOVERY-025/evidence/C_R3_SCENE_A/sealed/994-142048991638300-3968.properties	715	d1a714748fbe13a303a8e49ca29debb10c3a508b35ab3b651dc1fda199b2c307	False
L2J_Mobius_CT_2.6_HighFive/docs/phantoms/tasks/PHANTOM-M1-CHECKPOINT-RECOVERY-025/evidence/C_R3_SCENE_A/sealed/994-142048991638300-3970.properties	715	6d7d10d12139e4d99e7ce8541c9ab8fad24208732cd8c7cc799ee47b14206523	False
L2J_Mobius_CT_2.6_HighFive/docs/phantoms/tasks/PHANTOM-M1-CHECKPOINT-RECOVERY-025/evidence/C_R3_SCENE_A/sealed/observer-installed.properties	130	5729ea9ceaacbdb4d2cc7506dc7c62fc8cc6be0fd67253b5d073cc4d5184a45c	False
L2J_Mobius_CT_2.6_HighFive/docs/phantoms/tasks/PHANTOM-M1-CHECKPOINT-RECOVERY-025/evidence/C_R3_SCENE_A/sealed/observer-status-142511269343000.properties	85	3ff276064fbd805bc6afb7871d9aa7438b8fe8b23faa54ee98c9dfc97efce69d	False
L2J_Mobius_CT_2.6_HighFive/docs/phantoms/tasks/PHANTOM-M1-CHECKPOINT-RECOVERY-025/evidence/C_R3_SCENE_A/sealed/observer-status-142539203556800.properties	85	a418518be3a30b53294632f5175f459097f4a600d9f8a27f8c583caeec551660	False
L2J_Mobius_CT_2.6_HighFive/docs/phantoms/tasks/PHANTOM-M1-CHECKPOINT-RECOVERY-025/evidence/C_R3_SCENE_A/synthetic-start.json	112	1369d49da20cb7c70d84865945b7bedd68aadf9235de2e3be7704cedba96d695	False
L2J_Mobius_CT_2.6_HighFive/docs/phantoms/tasks/PHANTOM-M1-CHECKPOINT-RECOVERY-025/evidence/C_R3_SCENE_A/synthetic-stop.json	114	c11e4210780e338e7306679d92c8fe81dc783d9a906603435b20a645c220255e	False
L2J_Mobius_CT_2.6_HighFive/docs/phantoms/tasks/PHANTOM-M1-CHECKPOINT-RECOVERY-025/evidence/C_R4_A_STOPPED_SQL/characters.tsv	837	78e41a9125dc9fae2a035c92bae69ee6db288302447f752787f9219c03fc6f31	False
L2J_Mobius_CT_2.6_HighFive/docs/phantoms/tasks/PHANTOM-M1-CHECKPOINT-RECOVERY-025/evidence/C_R4_A_STOPPED_SQL/counts.tsv	91	14443599d3f1267e7992f4a2f9d5471d93274c9b2891c3b97451fab52a0abc84	False
L2J_Mobius_CT_2.6_HighFive/docs/phantoms/tasks/PHANTOM-M1-CHECKPOINT-RECOVERY-025/evidence/C_R4_A_STOPPED_SQL/durable-decoded.tsv	3403	8317a766454178038bf85a80d536730a85ea739180006f3acd1f92bb9b93df05	False
L2J_Mobius_CT_2.6_HighFive/docs/phantoms/tasks/PHANTOM-M1-CHECKPOINT-RECOVERY-025/evidence/C_R4_A_STOPPED_SQL/durable-hex.tsv	21585	2e1fd460cb2d62cabce67d35ae648b88aac523450e24393e25513c6a459838b3	False
L2J_Mobius_CT_2.6_HighFive/docs/phantoms/tasks/PHANTOM-M1-CHECKPOINT-RECOVERY-025/evidence/C_R4_A_STOPPED_SQL/items.tsv	14290	a7ef840f3769f1ae42a4e9bbf8968cbb96c0d030d714a82ae67e76e6d447dfed	False
L2J_Mobius_CT_2.6_HighFive/docs/phantoms/tasks/PHANTOM-M1-CHECKPOINT-RECOVERY-025/evidence/C_R4_A_STOPPED_SQL/runtime-manifest.json	977	7b107075322b426fadcc235534b32e463fd65ba623b621124de7c559f6d79db9	False
L2J_Mobius_CT_2.6_HighFive/docs/phantoms/tasks/PHANTOM-M1-CHECKPOINT-RECOVERY-025/evidence/C_R4_A_STOPPED_SQL/skills.tsv	1204	8366a0c928cd474fa7369752330246fed6f14b4cd2d453eab4c24121bbb23927	False
L2J_Mobius_CT_2.6_HighFive/docs/phantoms/tasks/PHANTOM-M1-CHECKPOINT-RECOVERY-025/evidence/C_R4_A_WHOLE_GROUP_EXACT	4723	bb6a943d9591fa10e31639110a83c9e7a1a4439c377625c0e764f33a71c734b5	False
L2J_Mobius_CT_2.6_HighFive/docs/phantoms/tasks/PHANTOM-M1-CHECKPOINT-RECOVERY-025/evidence/C_R4_B2_STOP_DUMPS/dump-control.log	192	ddca21ab383153067d32f8e0ee17dc0f44b6555ec37bdbbf0105ea13cb9d878e	False
L2J_Mobius_CT_2.6_HighFive/docs/phantoms/tasks/PHANTOM-M1-CHECKPOINT-RECOVERY-025/evidence/C_R4_B2_STOP_DUMPS/exact-process.json	158	cebe48c6cb9e49419202300ca783995d9a63e43f5044970e54ea860fa5313971	False
L2J_Mobius_CT_2.6_HighFive/docs/phantoms/tasks/PHANTOM-M1-CHECKPOINT-RECOVERY-025/evidence/C_R4_B2_STOP_DUMPS/threads-0.txt	207352	e957fc4368f75235669625b58bb4035dcce6995ce4a95c3171526028c4c769c4	False
L2J_Mobius_CT_2.6_HighFive/docs/phantoms/tasks/PHANTOM-M1-CHECKPOINT-RECOVERY-025/evidence/C_R4_B2_STOP_DUMPS/threads-1.txt	207339	2895a899a054eb822ae81369a364e8efa05063f8d530a0c6529de408dafef6a9	False
L2J_Mobius_CT_2.6_HighFive/docs/phantoms/tasks/PHANTOM-M1-CHECKPOINT-RECOVERY-025/evidence/C_R4_B2_STOP_DUMPS/threads-2.txt	18444	2566e5aaae7bdd102bcf42e062fe6e70d1a4f4ed5e89dd8ada494a2e6ed4fcb7	False
L2J_Mobius_CT_2.6_HighFive/docs/phantoms/tasks/PHANTOM-M1-CHECKPOINT-RECOVERY-025/evidence/C_R4_B2_STOP_DUMPS/threads-3.txt	18395	009a12c108c4320b3d34da8ea51435e5b00b54951266fa813f275daafb15953a	False
L2J_Mobius_CT_2.6_HighFive/docs/phantoms/tasks/PHANTOM-M1-CHECKPOINT-RECOVERY-025/evidence/C_R4_B2_STOPPED_SQL/characters.tsv	838	90c8e573c2d3f5cf40672fb5920bc4ffbbf5073ee07cba1a1a8a372888b1d493	False
L2J_Mobius_CT_2.6_HighFive/docs/phantoms/tasks/PHANTOM-M1-CHECKPOINT-RECOVERY-025/evidence/C_R4_B2_STOPPED_SQL/counts.tsv	91	14443599d3f1267e7992f4a2f9d5471d93274c9b2891c3b97451fab52a0abc84	False
L2J_Mobius_CT_2.6_HighFive/docs/phantoms/tasks/PHANTOM-M1-CHECKPOINT-RECOVERY-025/evidence/C_R4_B2_STOPPED_SQL/durable-decoded.tsv	3332	187ffcd903692b1578e889f06fe04f63aa519a6fdeca7868c2eb0796aa1f4248	False
L2J_Mobius_CT_2.6_HighFive/docs/phantoms/tasks/PHANTOM-M1-CHECKPOINT-RECOVERY-025/evidence/C_R4_B2_STOPPED_SQL/durable-hex.tsv	21484	92ad7b49dd6e51be22147d1679bfbeae9bb7e7dcfda3f92bd7c136662f0f35e0	False
L2J_Mobius_CT_2.6_HighFive/docs/phantoms/tasks/PHANTOM-M1-CHECKPOINT-RECOVERY-025/evidence/C_R4_B2_STOPPED_SQL/items.tsv	13521	f69b4d9e0a594ca13c13ad795bb07e1146a610655659a53ee84b21c6252fd669	False
L2J_Mobius_CT_2.6_HighFive/docs/phantoms/tasks/PHANTOM-M1-CHECKPOINT-RECOVERY-025/evidence/C_R4_B2_STOPPED_SQL/runtime-manifest.json	977	7b107075322b426fadcc235534b32e463fd65ba623b621124de7c559f6d79db9	False
L2J_Mobius_CT_2.6_HighFive/docs/phantoms/tasks/PHANTOM-M1-CHECKPOINT-RECOVERY-025/evidence/C_R4_B2_STOPPED_SQL/skills.tsv	1087	c3739d46376c8e32e1d6852f47f2ab1d575475d4e62b038765466f7bea27c810	False
L2J_Mobius_CT_2.6_HighFive/docs/phantoms/tasks/PHANTOM-M1-CHECKPOINT-RECOVERY-025/evidence/C_R4_B2_WHOLE_GROUP_EXACT.json	4800	3a2a4d6b8a3570a820f9146ae514c6e06c4bc630b408f2d386404d2048520a03	False
L2J_Mobius_CT_2.6_HighFive/docs/phantoms/tasks/PHANTOM-M1-CHECKPOINT-RECOVERY-025/evidence/C_R4_B_STOP_DUMPS/dump-control.log	176	e5bbc58f7222c50f87ab56b2acf35463a93c778844bfa8749c8e37df846a08b7	False
L2J_Mobius_CT_2.6_HighFive/docs/phantoms/tasks/PHANTOM-M1-CHECKPOINT-RECOVERY-025/evidence/C_R4_B_STOP_DUMPS/exact-process.json	158	4d0da70c20ff2023fb6e588c6f26e30775c203c93decc3b27b97db880d7c8ecc	False
L2J_Mobius_CT_2.6_HighFive/docs/phantoms/tasks/PHANTOM-M1-CHECKPOINT-RECOVERY-025/evidence/C_R4_B_STOP_DUMPS/threads-0.txt	207998	4e941ddf692a43eef64925a2cdbcbd6973a51b74ae53075fbeed46c5fe4c02fc	False
L2J_Mobius_CT_2.6_HighFive/docs/phantoms/tasks/PHANTOM-M1-CHECKPOINT-RECOVERY-025/evidence/C_R4_B_STOP_DUMPS/threads-1.txt	21262	05bf325ddd4ed24c5fedce1afa09e02ed5778eb0317de3a37716dedfcfd8a97c	False
L2J_Mobius_CT_2.6_HighFive/docs/phantoms/tasks/PHANTOM-M1-CHECKPOINT-RECOVERY-025/evidence/C_R4_B_STOP_DUMPS/threads-2.txt	21154	0207d59c1d9c485adca0798fa421a44072345f6c011d8cdf2c71ed9720c80958	False
L2J_Mobius_CT_2.6_HighFive/docs/phantoms/tasks/PHANTOM-M1-CHECKPOINT-RECOVERY-025/evidence/C_R4_C_B_EXPORT.log	743	80bfc6732b54e232a5105c2d682744fd19b9aa142d9e88c19550997257156a4f	False
L2J_Mobius_CT_2.6_HighFive/docs/phantoms/tasks/PHANTOM-M1-CHECKPOINT-RECOVERY-025/evidence/C_R4_C_B_FLUSH.log	39	48e910e4770f4f3bf04e0c4e054b3624dfb390de93efbad12b49740b2509e03e	False
L2J_Mobius_CT_2.6_HighFive/docs/phantoms/tasks/PHANTOM-M1-CHECKPOINT-RECOVERY-025/evidence/C_R4_C_B_SQL/characters.tsv	848	b45f5458f8b66ad120b97cc027dcfc8e55767d21848680b22d1c683ff0df22f2	False
L2J_Mobius_CT_2.6_HighFive/docs/phantoms/tasks/PHANTOM-M1-CHECKPOINT-RECOVERY-025/evidence/C_R4_C_B_SQL/counts.tsv	91	14443599d3f1267e7992f4a2f9d5471d93274c9b2891c3b97451fab52a0abc84	False
L2J_Mobius_CT_2.6_HighFive/docs/phantoms/tasks/PHANTOM-M1-CHECKPOINT-RECOVERY-025/evidence/C_R4_C_B_SQL/durable-decoded.tsv	3401	d95339ee4e13da75d63e97316be1e1a3726e7c3071c9d7f4f12ebbf824992da1	False
L2J_Mobius_CT_2.6_HighFive/docs/phantoms/tasks/PHANTOM-M1-CHECKPOINT-RECOVERY-025/evidence/C_R4_C_B_SQL/durable-hex.tsv	21480	e182a623bf4b3f282287d07d5961b926c06fc787d8c3fe5e471ff1d759f21672	False
L2J_Mobius_CT_2.6_HighFive/docs/phantoms/tasks/PHANTOM-M1-CHECKPOINT-RECOVERY-025/evidence/C_R4_C_B_SQL/items.tsv	9757	ef16f14be79f1ebfb1927e13bebc7f448b46ecfde2538a18c1e93b710454a561	False
L2J_Mobius_CT_2.6_HighFive/docs/phantoms/tasks/PHANTOM-M1-CHECKPOINT-RECOVERY-025/evidence/C_R4_C_B_SQL/runtime-manifest.json	977	7b107075322b426fadcc235534b32e463fd65ba623b621124de7c559f6d79db9	False
L2J_Mobius_CT_2.6_HighFive/docs/phantoms/tasks/PHANTOM-M1-CHECKPOINT-RECOVERY-025/evidence/C_R4_C_B_SQL/skills.tsv	1093	1fbcef5419dab359a75c774efbf7c451287e13dccae6b90568fcf62810aa260d	False
L2J_Mobius_CT_2.6_HighFive/docs/phantoms/tasks/PHANTOM-M1-CHECKPOINT-RECOVERY-025/evidence/C_R4_C_B_STOP.log	325	5d26622cfa45a5e4d09b3c43176fc1ba1c1822b0b89018e37e489067a0a67681	False
L2J_Mobius_CT_2.6_HighFive/docs/phantoms/tasks/PHANTOM-M1-CHECKPOINT-RECOVERY-025/evidence/C_R4_C_B_STOP_DUMPS/dump-control.log	176	98d0373f370342714ed88b482d6d3dfaa7878f499250e1d5e6a1050101c905ee	False
L2J_Mobius_CT_2.6_HighFive/docs/phantoms/tasks/PHANTOM-M1-CHECKPOINT-RECOVERY-025/evidence/C_R4_C_B_STOP_DUMPS/exact-process.json	158	baaf306e0fb60d182d02dd7ab8bda6dec5111ff6353e520cc96d456d5819ca66	False
L2J_Mobius_CT_2.6_HighFive/docs/phantoms/tasks/PHANTOM-M1-CHECKPOINT-RECOVERY-025/evidence/C_R4_C_B_STOP_DUMPS/threads-0.txt	207033	459099b6d456a09c91dabd96ba7eca34750b6ca6c8cbbf0223cd6954e39b2945	False
L2J_Mobius_CT_2.6_HighFive/docs/phantoms/tasks/PHANTOM-M1-CHECKPOINT-RECOVERY-025/evidence/C_R4_C_B_STOP_DUMPS/threads-1.txt	19132	199284cca11f631fe20119e47f4a16e38badc958090277f700aa20a4623d6c91	False
L2J_Mobius_CT_2.6_HighFive/docs/phantoms/tasks/PHANTOM-M1-CHECKPOINT-RECOVERY-025/evidence/C_R4_C_B_STOP_DUMPS/threads-2.txt	19129	026e15b961a949e1a2593e7dba2c61857e6593c6f29528dfbc69b4603211860c	False
L2J_Mobius_CT_2.6_HighFive/docs/phantoms/tasks/PHANTOM-M1-CHECKPOINT-RECOVERY-025/evidence/C_R4_C_B_WHOLE_GROUP_EXACT.json	4031	57a6d340ea5d4f54517a398593033851198f1db5ef608b16b926af9bc62ffa43	False
L2J_Mobius_CT_2.6_HighFive/docs/phantoms/tasks/PHANTOM-M1-CHECKPOINT-RECOVERY-025/evidence/C_R4_GROUP_RESTART1_EARLY/characters.tsv	838	90c8e573c2d3f5cf40672fb5920bc4ffbbf5073ee07cba1a1a8a372888b1d493	False
L2J_Mobius_CT_2.6_HighFive/docs/phantoms/tasks/PHANTOM-M1-CHECKPOINT-RECOVERY-025/evidence/C_R4_GROUP_RESTART1_EARLY/counts.tsv	91	14443599d3f1267e7992f4a2f9d5471d93274c9b2891c3b97451fab52a0abc84	False
L2J_Mobius_CT_2.6_HighFive/docs/phantoms/tasks/PHANTOM-M1-CHECKPOINT-RECOVERY-025/evidence/C_R4_GROUP_RESTART1_EARLY/durable-decoded.tsv	3332	187ffcd903692b1578e889f06fe04f63aa519a6fdeca7868c2eb0796aa1f4248	False
L2J_Mobius_CT_2.6_HighFive/docs/phantoms/tasks/PHANTOM-M1-CHECKPOINT-RECOVERY-025/evidence/C_R4_GROUP_RESTART1_EARLY/durable-hex.tsv	21484	92ad7b49dd6e51be22147d1679bfbeae9bb7e7dcfda3f92bd7c136662f0f35e0	False
L2J_Mobius_CT_2.6_HighFive/docs/phantoms/tasks/PHANTOM-M1-CHECKPOINT-RECOVERY-025/evidence/C_R4_GROUP_RESTART1_EARLY/items.tsv	13521	f69b4d9e0a594ca13c13ad795bb07e1146a610655659a53ee84b21c6252fd669	False
L2J_Mobius_CT_2.6_HighFive/docs/phantoms/tasks/PHANTOM-M1-CHECKPOINT-RECOVERY-025/evidence/C_R4_GROUP_RESTART1_EARLY/runtime-manifest.json	977	7b107075322b426fadcc235534b32e463fd65ba623b621124de7c559f6d79db9	False
L2J_Mobius_CT_2.6_HighFive/docs/phantoms/tasks/PHANTOM-M1-CHECKPOINT-RECOVERY-025/evidence/C_R4_GROUP_RESTART1_EARLY/skills.tsv	1087	c3739d46376c8e32e1d6852f47f2ab1d575475d4e62b038765466f7bea27c810	False
L2J_Mobius_CT_2.6_HighFive/docs/phantoms/tasks/PHANTOM-M1-CHECKPOINT-RECOVERY-025/evidence/C_R4_GROUP_RESTART1_EXACT.json	4800	3a2a4d6b8a3570a820f9146ae514c6e06c4bc630b408f2d386404d2048520a03	False
L2J_Mobius_CT_2.6_HighFive/docs/phantoms/tasks/PHANTOM-M1-CHECKPOINT-RECOVERY-025/evidence/C_R4_GROUP_RESTART2_EARLY/characters.tsv	838	90c8e573c2d3f5cf40672fb5920bc4ffbbf5073ee07cba1a1a8a372888b1d493	False
L2J_Mobius_CT_2.6_HighFive/docs/phantoms/tasks/PHANTOM-M1-CHECKPOINT-RECOVERY-025/evidence/C_R4_GROUP_RESTART2_EARLY/counts.tsv	91	14443599d3f1267e7992f4a2f9d5471d93274c9b2891c3b97451fab52a0abc84	False
L2J_Mobius_CT_2.6_HighFive/docs/phantoms/tasks/PHANTOM-M1-CHECKPOINT-RECOVERY-025/evidence/C_R4_GROUP_RESTART2_EARLY/durable-decoded.tsv	3332	187ffcd903692b1578e889f06fe04f63aa519a6fdeca7868c2eb0796aa1f4248	False
L2J_Mobius_CT_2.6_HighFive/docs/phantoms/tasks/PHANTOM-M1-CHECKPOINT-RECOVERY-025/evidence/C_R4_GROUP_RESTART2_EARLY/durable-hex.tsv	21484	92ad7b49dd6e51be22147d1679bfbeae9bb7e7dcfda3f92bd7c136662f0f35e0	False
L2J_Mobius_CT_2.6_HighFive/docs/phantoms/tasks/PHANTOM-M1-CHECKPOINT-RECOVERY-025/evidence/C_R4_GROUP_RESTART2_EARLY/items.tsv	13521	f69b4d9e0a594ca13c13ad795bb07e1146a610655659a53ee84b21c6252fd669	False
L2J_Mobius_CT_2.6_HighFive/docs/phantoms/tasks/PHANTOM-M1-CHECKPOINT-RECOVERY-025/evidence/C_R4_GROUP_RESTART2_EARLY/runtime-manifest.json	977	7b107075322b426fadcc235534b32e463fd65ba623b621124de7c559f6d79db9	False
L2J_Mobius_CT_2.6_HighFive/docs/phantoms/tasks/PHANTOM-M1-CHECKPOINT-RECOVERY-025/evidence/C_R4_GROUP_RESTART2_EARLY/skills.tsv	1087	c3739d46376c8e32e1d6852f47f2ab1d575475d4e62b038765466f7bea27c810	False
L2J_Mobius_CT_2.6_HighFive/docs/phantoms/tasks/PHANTOM-M1-CHECKPOINT-RECOVERY-025/evidence/C_R4_GROUP_RESTART2_EXACT.json	4800	3a2a4d6b8a3570a820f9146ae514c6e06c4bc630b408f2d386404d2048520a03	False
L2J_Mobius_CT_2.6_HighFive/docs/phantoms/tasks/PHANTOM-M1-CHECKPOINT-RECOVERY-025/evidence/CRASH_AFTER_NATIVE025/272-145656103452000-5841.properties	746	c8fbe044e2ae95062e52ee79ca32714148d6460f079e39a83ab276e1e6520237	False
L2J_Mobius_CT_2.6_HighFive/docs/phantoms/tasks/PHANTOM-M1-CHECKPOINT-RECOVERY-025/evidence/CRASH_AFTER_NATIVE025/observer-status-145882704371300.properties	85	c488288f1d4ca312f113e7eef4840bf127bb6a4519dc1a1dd086248462db3c24	False
L2J_Mobius_CT_2.6_HighFive/docs/phantoms/tasks/PHANTOM-M1-CHECKPOINT-RECOVERY-025/evidence/CRASH_AFTER_NATIVE025/pre-arm-threads.txt	208102	7dc106d1385856b24cd221e8320be9b4aa8b2f003b12fcf02f936beb112b0d7b	False
L2J_Mobius_CT_2.6_HighFive/docs/phantoms/tasks/PHANTOM-M1-CHECKPOINT-RECOVERY-025/evidence/CRASH_AFTER_NATIVE025_FRESH/872-149330882822900-5803.properties	735	840919e171fb6a37a4128e055d60bd59413cc2e4e782c8a7fb1b56531b070450	False
L2J_Mobius_CT_2.6_HighFive/docs/phantoms/tasks/PHANTOM-M1-CHECKPOINT-RECOVERY-025/evidence/CRASH_AFTER_NATIVE025_FRESH/observer-installed.properties	135	3fabc547c25111675f79c0215c5fe5dedf60ec37a474b00398dd3f24869fdf83	False
L2J_Mobius_CT_2.6_HighFive/docs/phantoms/tasks/PHANTOM-M1-CHECKPOINT-RECOVERY-025/evidence/CRASH_AFTER_NATIVE025_FRESH/planned-crash.properties	3902	1e4c028840bfa2a10db8875f135b3198ee010e6a299272814306154b77b5699c	False
L2J_Mobius_CT_2.6_HighFive/docs/phantoms/tasks/PHANTOM-M1-CHECKPOINT-RECOVERY-025/evidence/CRASH_AFTER_NATIVE025_FRESH/pre-arm-threads.txt	204458	59d15330ced0fa83ae9700b75d616c3de47b2e9b0d44dc7cec8fcb18a23d8a1e	False
L2J_Mobius_CT_2.6_HighFive/docs/phantoms/tasks/PHANTOM-M1-CHECKPOINT-RECOVERY-025/evidence/CRASH_AFTER_NATIVE025_FRESH/window-sql.tsv	8128	33b0f0e47261524527fe77ef6bb822752c899b349ae0a104bea593e8fa7ecba9	False
L2J_Mobius_CT_2.6_HighFive/docs/phantoms/tasks/PHANTOM-M1-CHECKPOINT-RECOVERY-025/evidence/D_R4_A_STOP_DUMPS/dump-control.log	192	bedf2835e186168b091279d9456d107b9ebf525bce5445236b9743c41147eab0	False
L2J_Mobius_CT_2.6_HighFive/docs/phantoms/tasks/PHANTOM-M1-CHECKPOINT-RECOVERY-025/evidence/D_R4_A_STOP_DUMPS/exact-process.json	157	7a77663541f26d8ae0d76a3355d3b8a3d435bbba16f345b3a1a2121e9393743e	False
L2J_Mobius_CT_2.6_HighFive/docs/phantoms/tasks/PHANTOM-M1-CHECKPOINT-RECOVERY-025/evidence/D_R4_A_STOP_DUMPS/threads-0.txt	212233	99a16bac7d6841ac5de84ba79f0cf29e1a7f1c4ae27ab66a31a0aae09b2906db	False
L2J_Mobius_CT_2.6_HighFive/docs/phantoms/tasks/PHANTOM-M1-CHECKPOINT-RECOVERY-025/evidence/D_R4_A_STOP_DUMPS/threads-1.txt	209458	49544e7554f5e128aade01cabc1da701afe3e2e81333c9933594f622b49f9eeb	False
L2J_Mobius_CT_2.6_HighFive/docs/phantoms/tasks/PHANTOM-M1-CHECKPOINT-RECOVERY-025/evidence/D_R4_A_STOP_DUMPS/threads-2.txt	19228	4aae2e8e3c167b4ffc6786e427b4080ab03df7cd6795581f0e5e563fde1b1b49	False
L2J_Mobius_CT_2.6_HighFive/docs/phantoms/tasks/PHANTOM-M1-CHECKPOINT-RECOVERY-025/evidence/D_R4_A_STOP_DUMPS/threads-3.txt	17921	6f961776b64dc5679af8e0dba13601d2d197b76891a2cbda1ee0a8f271086f7f	False
L2J_Mobius_CT_2.6_HighFive/docs/phantoms/tasks/PHANTOM-M1-CHECKPOINT-RECOVERY-025/evidence/D_R4_A_STOPPED_SQL/characters.tsv	839	31a5b582fb2a3821610b39c73c1b6157c8d84e0dedec0679131c85ad85390e7a	False
L2J_Mobius_CT_2.6_HighFive/docs/phantoms/tasks/PHANTOM-M1-CHECKPOINT-RECOVERY-025/evidence/D_R4_A_STOPPED_SQL/counts.tsv	91	aa7420681274b80358a4291999e618386c01a6a4ddc0d6f9801f8f5e5e94f77f	False
L2J_Mobius_CT_2.6_HighFive/docs/phantoms/tasks/PHANTOM-M1-CHECKPOINT-RECOVERY-025/evidence/D_R4_A_STOPPED_SQL/durable-decoded.tsv	3363	f7d30c9ca61b3db93324def060c577c0aaddc6ff0ab435604ef85fba2ec76b25	False
L2J_Mobius_CT_2.6_HighFive/docs/phantoms/tasks/PHANTOM-M1-CHECKPOINT-RECOVERY-025/evidence/D_R4_A_STOPPED_SQL/durable-hex.tsv	19568	dd1846e1454bfbc246fcc4c9c56e86c6b42fab24da1a23ab61f3d03780595cb8	False
L2J_Mobius_CT_2.6_HighFive/docs/phantoms/tasks/PHANTOM-M1-CHECKPOINT-RECOVERY-025/evidence/D_R4_A_STOPPED_SQL/items.tsv	9888	6d6921ad807e7ba8950563cdb92a963980ce45f3e16d69734aab85ae191d49d1	False
L2J_Mobius_CT_2.6_HighFive/docs/phantoms/tasks/PHANTOM-M1-CHECKPOINT-RECOVERY-025/evidence/D_R4_A_STOPPED_SQL/runtime-manifest.json	977	e015ab11c4819e9af44462445b3e2a0e956c7ee2beedf2715d14da511bd752af	False
L2J_Mobius_CT_2.6_HighFive/docs/phantoms/tasks/PHANTOM-M1-CHECKPOINT-RECOVERY-025/evidence/D_R4_A_STOPPED_SQL/skills.tsv	859	a5f4932d925eb2cd81a317b665417c928a8df9d579542c6793197cc4d16a02d5	False
L2J_Mobius_CT_2.6_HighFive/docs/phantoms/tasks/PHANTOM-M1-CHECKPOINT-RECOVERY-025/evidence/D_R4_A_WHOLE_GROUP_EXACT.json	4034	d86cbcb673721cf999cb2f7a0ca259f6d1165caf733f357584ab0f3db49e908e	False
L2J_Mobius_CT_2.6_HighFive/docs/phantoms/tasks/PHANTOM-M1-CHECKPOINT-RECOVERY-025/evidence/D_R4_GROUP_RESTART1_EXACT.json	4034	d86cbcb673721cf999cb2f7a0ca259f6d1165caf733f357584ab0f3db49e908e	False
L2J_Mobius_CT_2.6_HighFive/docs/phantoms/tasks/PHANTOM-M1-CHECKPOINT-RECOVERY-025/evidence/D_R4_GROUP_RESTART1_EXPORT.log	754	ec71bb2c3812c18423f8dc2ff37e18cc85101e72e71b853f697504bbc570c38b	False
L2J_Mobius_CT_2.6_HighFive/docs/phantoms/tasks/PHANTOM-M1-CHECKPOINT-RECOVERY-025/evidence/D_R4_GROUP_RESTART1_SQL/characters.tsv	839	31a5b582fb2a3821610b39c73c1b6157c8d84e0dedec0679131c85ad85390e7a	False
L2J_Mobius_CT_2.6_HighFive/docs/phantoms/tasks/PHANTOM-M1-CHECKPOINT-RECOVERY-025/evidence/D_R4_GROUP_RESTART1_SQL/counts.tsv	91	aa7420681274b80358a4291999e618386c01a6a4ddc0d6f9801f8f5e5e94f77f	False
L2J_Mobius_CT_2.6_HighFive/docs/phantoms/tasks/PHANTOM-M1-CHECKPOINT-RECOVERY-025/evidence/D_R4_GROUP_RESTART1_SQL/durable-decoded.tsv	3363	f7d30c9ca61b3db93324def060c577c0aaddc6ff0ab435604ef85fba2ec76b25	False
L2J_Mobius_CT_2.6_HighFive/docs/phantoms/tasks/PHANTOM-M1-CHECKPOINT-RECOVERY-025/evidence/D_R4_GROUP_RESTART1_SQL/durable-hex.tsv	19568	dd1846e1454bfbc246fcc4c9c56e86c6b42fab24da1a23ab61f3d03780595cb8	False
L2J_Mobius_CT_2.6_HighFive/docs/phantoms/tasks/PHANTOM-M1-CHECKPOINT-RECOVERY-025/evidence/D_R4_GROUP_RESTART1_SQL/items.tsv	9888	6d6921ad807e7ba8950563cdb92a963980ce45f3e16d69734aab85ae191d49d1	False
L2J_Mobius_CT_2.6_HighFive/docs/phantoms/tasks/PHANTOM-M1-CHECKPOINT-RECOVERY-025/evidence/D_R4_GROUP_RESTART1_SQL/runtime-manifest.json	977	e015ab11c4819e9af44462445b3e2a0e956c7ee2beedf2715d14da511bd752af	False
L2J_Mobius_CT_2.6_HighFive/docs/phantoms/tasks/PHANTOM-M1-CHECKPOINT-RECOVERY-025/evidence/D_R4_GROUP_RESTART1_SQL/skills.tsv	859	a5f4932d925eb2cd81a317b665417c928a8df9d579542c6793197cc4d16a02d5	False
L2J_Mobius_CT_2.6_HighFive/docs/phantoms/tasks/PHANTOM-M1-CHECKPOINT-RECOVERY-025/evidence/D_R4_GROUP_RESTART1_START.log	343	c66e2d227d0607a46f3f64c6ca864ac31e9eba10275f7511a02be8b0d70236dd	False
L2J_Mobius_CT_2.6_HighFive/docs/phantoms/tasks/PHANTOM-M1-CHECKPOINT-RECOVERY-025/evidence/D_R4_GROUP_RESTART1_STOP.log	325	c4a6be47bb52e0380efc64f63064bb0368da08b597e9b047b8171cbc2a6f929e	False
L2J_Mobius_CT_2.6_HighFive/docs/phantoms/tasks/PHANTOM-M1-CHECKPOINT-RECOVERY-025/evidence/D_R4_GROUP_RESTART2_EXACT.json	4034	d86cbcb673721cf999cb2f7a0ca259f6d1165caf733f357584ab0f3db49e908e	False
L2J_Mobius_CT_2.6_HighFive/docs/phantoms/tasks/PHANTOM-M1-CHECKPOINT-RECOVERY-025/evidence/D_R4_GROUP_RESTART2_EXPORT.log	754	bbe5b6fae4876d53f6ef3f75c73280c6371e6318d737c8719de027a7389b2fe3	False
L2J_Mobius_CT_2.6_HighFive/docs/phantoms/tasks/PHANTOM-M1-CHECKPOINT-RECOVERY-025/evidence/D_R4_GROUP_RESTART2_SQL/characters.tsv	839	31a5b582fb2a3821610b39c73c1b6157c8d84e0dedec0679131c85ad85390e7a	False
L2J_Mobius_CT_2.6_HighFive/docs/phantoms/tasks/PHANTOM-M1-CHECKPOINT-RECOVERY-025/evidence/D_R4_GROUP_RESTART2_SQL/counts.tsv	91	aa7420681274b80358a4291999e618386c01a6a4ddc0d6f9801f8f5e5e94f77f	False
L2J_Mobius_CT_2.6_HighFive/docs/phantoms/tasks/PHANTOM-M1-CHECKPOINT-RECOVERY-025/evidence/D_R4_GROUP_RESTART2_SQL/durable-decoded.tsv	3363	f7d30c9ca61b3db93324def060c577c0aaddc6ff0ab435604ef85fba2ec76b25	False
L2J_Mobius_CT_2.6_HighFive/docs/phantoms/tasks/PHANTOM-M1-CHECKPOINT-RECOVERY-025/evidence/D_R4_GROUP_RESTART2_SQL/durable-hex.tsv	19568	dd1846e1454bfbc246fcc4c9c56e86c6b42fab24da1a23ab61f3d03780595cb8	False
L2J_Mobius_CT_2.6_HighFive/docs/phantoms/tasks/PHANTOM-M1-CHECKPOINT-RECOVERY-025/evidence/D_R4_GROUP_RESTART2_SQL/items.tsv	9888	6d6921ad807e7ba8950563cdb92a963980ce45f3e16d69734aab85ae191d49d1	False
L2J_Mobius_CT_2.6_HighFive/docs/phantoms/tasks/PHANTOM-M1-CHECKPOINT-RECOVERY-025/evidence/D_R4_GROUP_RESTART2_SQL/runtime-manifest.json	977	e015ab11c4819e9af44462445b3e2a0e956c7ee2beedf2715d14da511bd752af	False
L2J_Mobius_CT_2.6_HighFive/docs/phantoms/tasks/PHANTOM-M1-CHECKPOINT-RECOVERY-025/evidence/D_R4_GROUP_RESTART2_SQL/skills.tsv	859	a5f4932d925eb2cd81a317b665417c928a8df9d579542c6793197cc4d16a02d5	False
L2J_Mobius_CT_2.6_HighFive/docs/phantoms/tasks/PHANTOM-M1-CHECKPOINT-RECOVERY-025/evidence/D_R4_GROUP_RESTART2_START.log	343	0d52c46f223a6e61d00a8345bf9248734d96cb68a89a562d52af1142c711bb98	False
L2J_Mobius_CT_2.6_HighFive/docs/phantoms/tasks/PHANTOM-M1-CHECKPOINT-RECOVERY-025/evidence/D_R4_GROUP_RESTART2_STOP.log	325	cd106b493133fb9f3ee8d62da10b00c4e5b7deead3c27038fc4efc8efde05e44	False
L2J_Mobius_CT_2.6_HighFive/docs/phantoms/tasks/PHANTOM-M1-CHECKPOINT-RECOVERY-025/evidence/E_CRASH_NATIVE_BEFORE_EXPORT.log	765	52c9a306739bef4165f8bb3b839981f56ffee90ea30b6787e6a6d3057958c733	False
L2J_Mobius_CT_2.6_HighFive/docs/phantoms/tasks/PHANTOM-M1-CHECKPOINT-RECOVERY-025/evidence/E_CRASH_NATIVE_BEFORE_RECOVERY_SQL/characters.tsv	220	f9932c793fe4d12247313a1c089a5cda841f34eb3d31ebbc087fe9e904fcb9e7	False
L2J_Mobius_CT_2.6_HighFive/docs/phantoms/tasks/PHANTOM-M1-CHECKPOINT-RECOVERY-025/evidence/E_CRASH_NATIVE_BEFORE_RECOVERY_SQL/counts.tsv	91	c473c5a6c561af67c83c6be73c02a2b16341d6606e5ec3ebb0e4ea65902be963	False
L2J_Mobius_CT_2.6_HighFive/docs/phantoms/tasks/PHANTOM-M1-CHECKPOINT-RECOVERY-025/evidence/E_CRASH_NATIVE_BEFORE_RECOVERY_SQL/durable-decoded.tsv	520	c5cfa885f37f260ec7f8105c6789299505324afac92d5c0d27e6322523bb222d	False
L2J_Mobius_CT_2.6_HighFive/docs/phantoms/tasks/PHANTOM-M1-CHECKPOINT-RECOVERY-025/evidence/E_CRASH_NATIVE_BEFORE_RECOVERY_SQL/durable-hex.tsv	6596	63f9529a2c13459cf26e3dcb4b0fe55ecc0c752bfef38d51682896c8edf09d92	False
L2J_Mobius_CT_2.6_HighFive/docs/phantoms/tasks/PHANTOM-M1-CHECKPOINT-RECOVERY-025/evidence/E_CRASH_NATIVE_BEFORE_RECOVERY_SQL/items.tsv	534	a2ec194d35007a480cecb9a9b2d6f7480f6150c7eca0552a44b7a0329a5ea668	False
L2J_Mobius_CT_2.6_HighFive/docs/phantoms/tasks/PHANTOM-M1-CHECKPOINT-RECOVERY-025/evidence/E_CRASH_NATIVE_BEFORE_RECOVERY_SQL/runtime-manifest.json	977	a4d03105ce5a1d72dc245d91794ad03ef47d11d771fac4ee198e62b3fae0b214	False
L2J_Mobius_CT_2.6_HighFive/docs/phantoms/tasks/PHANTOM-M1-CHECKPOINT-RECOVERY-025/evidence/E_CRASH_NATIVE_BEFORE_RECOVERY_SQL/skills.tsv	239	53dc23d21ded562bb26c88432555b5170f8c5132b04dbaee81822f86cf764733	False
L2J_Mobius_CT_2.6_HighFive/docs/phantoms/tasks/PHANTOM-M1-CHECKPOINT-RECOVERY-025/evidence/E_CRASH_NATIVE_CONTROL/0001-STATUS.json	1227	eef9eaaff6b5f223741fef96ccdcddcedeea13c92c0792ae41093883e3bbf610	False
L2J_Mobius_CT_2.6_HighFive/docs/phantoms/tasks/PHANTOM-M1-CHECKPOINT-RECOVERY-025/evidence/E_CRASH_NATIVE_CONTROL/0001-STATUS.xml	1177	18cbde4b4984e78ca1cad1a2370bf15b810a7c8b3cb5f5ce57c6d77d4e5013ff	False
L2J_Mobius_CT_2.6_HighFive/docs/phantoms/tasks/PHANTOM-M1-CHECKPOINT-RECOVERY-025/evidence/E_CRASH_NATIVE_CONTROL/0002-TELEPORT_SELF.json	1157	69a983d19196957653a8ae2a9cf506d8f1d50da472b4696f7c4ad5518b0e1c0e	False
L2J_Mobius_CT_2.6_HighFive/docs/phantoms/tasks/PHANTOM-M1-CHECKPOINT-RECOVERY-025/evidence/E_CRASH_NATIVE_CONTROL/0002-TELEPORT_SELF.xml	1117	efd718ae419ffc5d3632d307f11f9378ec4bbd471d1279623c9f0d1037d07a59	False
L2J_Mobius_CT_2.6_HighFive/docs/phantoms/tasks/PHANTOM-M1-CHECKPOINT-RECOVERY-025/evidence/E_CRASH_NATIVE_CONTROL/0003-STATUS.json	1227	1c85727288f7bf95c0ca7559fec010eb7753a6e241be1d364007eea8d2dd09a8	False
L2J_Mobius_CT_2.6_HighFive/docs/phantoms/tasks/PHANTOM-M1-CHECKPOINT-RECOVERY-025/evidence/E_CRASH_NATIVE_CONTROL/0003-STATUS.xml	1177	e51ad9ee7989254998bc019885c504ec97e9c0b11ddf970d2972659103979e78	False
L2J_Mobius_CT_2.6_HighFive/docs/phantoms/tasks/PHANTOM-M1-CHECKPOINT-RECOVERY-025/evidence/E_CRASH_NATIVE_CONTROL/0004-SNAPSHOT_PHANTOMS.json	33053	a91df714fdcf8bace96560511b68e754b0d593590470de357315e6ba9478b151	False
L2J_Mobius_CT_2.6_HighFive/docs/phantoms/tasks/PHANTOM-M1-CHECKPOINT-RECOVERY-025/evidence/E_CRASH_NATIVE_CONTROL/0004-SNAPSHOT_PHANTOMS.xml	31393	63dd13353090206278d27e29f99165daebaebb5bba097457c231e2ae1e5a33e4	False
L2J_Mobius_CT_2.6_HighFive/docs/phantoms/tasks/PHANTOM-M1-CHECKPOINT-RECOVERY-025/evidence/E_CRASH_NATIVE_CONTROL/0005-SNAPSHOT_PHANTOMS.json	33056	6395078d5453e8a68cd1864dec9eff2bcc0ad2aac3c08cff9cb987447f58ff73	False
L2J_Mobius_CT_2.6_HighFive/docs/phantoms/tasks/PHANTOM-M1-CHECKPOINT-RECOVERY-025/evidence/E_CRASH_NATIVE_CONTROL/0005-SNAPSHOT_PHANTOMS.xml	31396	2dc07941c3df0f30829508a9981dc0a6bba757de7172055759f4d8815a6875bb	False
L2J_Mobius_CT_2.6_HighFive/docs/phantoms/tasks/PHANTOM-M1-CHECKPOINT-RECOVERY-025/evidence/E_CRASH_NATIVE_CONTROL/0006-SNAPSHOT_PHANTOMS.json	33104	74e759b3bc914f85f00b1dab6a5fd69abf4c8c3682ddb48ca33a0cbf53ddda1c	False
L2J_Mobius_CT_2.6_HighFive/docs/phantoms/tasks/PHANTOM-M1-CHECKPOINT-RECOVERY-025/evidence/E_CRASH_NATIVE_CONTROL/0006-SNAPSHOT_PHANTOMS.xml	31444	1c282e781424a08732071bd98ada2401000c79fdcc645c6f25428337260f907d	False
L2J_Mobius_CT_2.6_HighFive/docs/phantoms/tasks/PHANTOM-M1-CHECKPOINT-RECOVERY-025/evidence/E_CRASH_NATIVE_CONTROL/0007-SNAPSHOT_PHANTOMS.json	33060	e046f1ab7f6dd3ab2cd393024a350ffc50ae2d7c509f94ff00f82bd627a64425	False
L2J_Mobius_CT_2.6_HighFive/docs/phantoms/tasks/PHANTOM-M1-CHECKPOINT-RECOVERY-025/evidence/E_CRASH_NATIVE_CONTROL/0007-SNAPSHOT_PHANTOMS.xml	31400	98a53f1139bb99d5965330a6db20c303a97728b07a943ae0dbc427df5388c032	False
L2J_Mobius_CT_2.6_HighFive/docs/phantoms/tasks/PHANTOM-M1-CHECKPOINT-RECOVERY-025/evidence/E_CRASH_NATIVE_CONTROL/0008-SNAPSHOT_PHANTOMS.json	33061	5a752f48bbe63d02644468ce7ee31447e15c2677182318af4e2d85018503078d	False
L2J_Mobius_CT_2.6_HighFive/docs/phantoms/tasks/PHANTOM-M1-CHECKPOINT-RECOVERY-025/evidence/E_CRASH_NATIVE_CONTROL/0008-SNAPSHOT_PHANTOMS.xml	31401	fed3aa6a30260287932c4b80b308f821e1581cab6cd374f4c501e162180bffe7	False
L2J_Mobius_CT_2.6_HighFive/docs/phantoms/tasks/PHANTOM-M1-CHECKPOINT-RECOVERY-025/evidence/E_CRASH_NATIVE_CONTROL/0009-SNAPSHOT_PHANTOMS.json	33059	23854377aa2881f7ed0243571ad08fbffe4b05ac56e23233b62a4893ea2f392c	False
L2J_Mobius_CT_2.6_HighFive/docs/phantoms/tasks/PHANTOM-M1-CHECKPOINT-RECOVERY-025/evidence/E_CRASH_NATIVE_CONTROL/0009-SNAPSHOT_PHANTOMS.xml	31399	17d15a0dca5eeb0da2f90d315aed350a7f151812d20bcc5a24ecfbf35409643b	False
L2J_Mobius_CT_2.6_HighFive/docs/phantoms/tasks/PHANTOM-M1-CHECKPOINT-RECOVERY-025/evidence/E_CRASH_NATIVE_CONTROL/0010-SNAPSHOT_PHANTOMS.json	33061	c23dc84c6707b7a5c7d6f1abb2ead3fd719c99ce52363f650ef0a222053ecebe	False
L2J_Mobius_CT_2.6_HighFive/docs/phantoms/tasks/PHANTOM-M1-CHECKPOINT-RECOVERY-025/evidence/E_CRASH_NATIVE_CONTROL/0010-SNAPSHOT_PHANTOMS.xml	31401	2d752da8f79a9422dc735b2a53c96adf970beef5d080c00ea37f45e318a528fe	False
L2J_Mobius_CT_2.6_HighFive/docs/phantoms/tasks/PHANTOM-M1-CHECKPOINT-RECOVERY-025/evidence/E_CRASH_NATIVE_CONTROL/0011-SNAPSHOT_PHANTOMS.json	33190	4c1ab3b8977909baff00fe7e994c51d6936ea7efbcefaa9ed4cd9575e4875a08	False
L2J_Mobius_CT_2.6_HighFive/docs/phantoms/tasks/PHANTOM-M1-CHECKPOINT-RECOVERY-025/evidence/E_CRASH_NATIVE_CONTROL/0011-SNAPSHOT_PHANTOMS.xml	31530	467c36fd7b9b2ffccea5038d51ab047d890a77c8c80f6d6cb83ec6c22b333ae5	False
L2J_Mobius_CT_2.6_HighFive/docs/phantoms/tasks/PHANTOM-M1-CHECKPOINT-RECOVERY-025/evidence/E_CRASH_NATIVE_CONTROL/0012-SNAPSHOT_PHANTOMS.json	37901	21f62c0577b985d2acdc262b6644d2e1a63e16200c8f79b3794aaa4c403ea856	False
L2J_Mobius_CT_2.6_HighFive/docs/phantoms/tasks/PHANTOM-M1-CHECKPOINT-RECOVERY-025/evidence/E_CRASH_NATIVE_CONTROL/0012-SNAPSHOT_PHANTOMS.xml	35997	4949d8b8405d85c2bfd32a1010c7ad4031bae66b9e89b2751ae4d92da7b6ccfe	False
L2J_Mobius_CT_2.6_HighFive/docs/phantoms/tasks/PHANTOM-M1-CHECKPOINT-RECOVERY-025/evidence/E_CRASH_NATIVE_CONTROL/0013-SNAPSHOT_PHANTOMS.json	38222	2162b3a14d66bb2f8b3f00f5b5c25d9ff7214f9509837327bb4d22de239935e3	False
L2J_Mobius_CT_2.6_HighFive/docs/phantoms/tasks/PHANTOM-M1-CHECKPOINT-RECOVERY-025/evidence/E_CRASH_NATIVE_CONTROL/0013-SNAPSHOT_PHANTOMS.xml	36304	35ec08451b9edbc1f7eb23d283d5a90aeba6bcc9b2a6bebc43587bc9d50908b5	False
L2J_Mobius_CT_2.6_HighFive/docs/phantoms/tasks/PHANTOM-M1-CHECKPOINT-RECOVERY-025/evidence/E_CRASH_NATIVE_CONTROL/0014-SNAPSHOT_PHANTOMS.json	38244	dc85ee939c86199f8c5fd45f6503a10e8c78e541d73a39c40b5f4c5b55899277	False
L2J_Mobius_CT_2.6_HighFive/docs/phantoms/tasks/PHANTOM-M1-CHECKPOINT-RECOVERY-025/evidence/E_CRASH_NATIVE_CONTROL/0014-SNAPSHOT_PHANTOMS.xml	36326	7b66c9ac6d14f62c0233ac4cd5957376a02a2261633dfae12ada3f980b42cacc	False
L2J_Mobius_CT_2.6_HighFive/docs/phantoms/tasks/PHANTOM-M1-CHECKPOINT-RECOVERY-025/evidence/E_CRASH_NATIVE_CONTROL/0015-SNAPSHOT_PHANTOMS.json	38191	f03928435e8dadbdea9c06fc147303e2cffd50ed459915666878034fd345ac66	False
L2J_Mobius_CT_2.6_HighFive/docs/phantoms/tasks/PHANTOM-M1-CHECKPOINT-RECOVERY-025/evidence/E_CRASH_NATIVE_CONTROL/0015-SNAPSHOT_PHANTOMS.xml	36273	b8919b4a15fe14d5014272a6ae7ce06bfd4d4870054b434d0f81b05ec5598054	False
L2J_Mobius_CT_2.6_HighFive/docs/phantoms/tasks/PHANTOM-M1-CHECKPOINT-RECOVERY-025/evidence/E_CRASH_NATIVE_CONTROL/0016-SNAPSHOT_PHANTOMS.json	38160	c636b24bd7d60c56f8e9c01cb2af6d4e01e3613a3552c295cb553b66292f0b74	False
L2J_Mobius_CT_2.6_HighFive/docs/phantoms/tasks/PHANTOM-M1-CHECKPOINT-RECOVERY-025/evidence/E_CRASH_NATIVE_CONTROL/0016-SNAPSHOT_PHANTOMS.xml	36242	75b0e6bec26b02c7c0d82e813bfd6fca306df34d705d30f51645ed3fb8f0b965	False
L2J_Mobius_CT_2.6_HighFive/docs/phantoms/tasks/PHANTOM-M1-CHECKPOINT-RECOVERY-025/evidence/E_CRASH_NATIVE_CONTROL/0017-SNAPSHOT_PHANTOMS.json	38196	c6f02ebc74d0004718d70d430c94861a285e101d8514164eaf7113ca211c60d9	False
L2J_Mobius_CT_2.6_HighFive/docs/phantoms/tasks/PHANTOM-M1-CHECKPOINT-RECOVERY-025/evidence/E_CRASH_NATIVE_CONTROL/0017-SNAPSHOT_PHANTOMS.xml	36278	50201e6cfb9358b5ab7bf5f3012dabbe248569ba4e9917954d40a07db88c6a20	False
L2J_Mobius_CT_2.6_HighFive/docs/phantoms/tasks/PHANTOM-M1-CHECKPOINT-RECOVERY-025/evidence/E_CRASH_NATIVE_CONTROL/0018-SNAPSHOT_PHANTOMS.json	37838	33ad39c45ba2e338910a403421b9680ab225f6bfe91a8a624961403241b045b9	False
L2J_Mobius_CT_2.6_HighFive/docs/phantoms/tasks/PHANTOM-M1-CHECKPOINT-RECOVERY-025/evidence/E_CRASH_NATIVE_CONTROL/0018-SNAPSHOT_PHANTOMS.xml	35934	b650b7df04cd5219d1b4a3437c513cc38a42480d53bfd5e55b6b1b7ecdb9f8be	False
L2J_Mobius_CT_2.6_HighFive/docs/phantoms/tasks/PHANTOM-M1-CHECKPOINT-RECOVERY-025/evidence/E_CRASH_NATIVE_CONTROL/0019-SNAPSHOT_PHANTOMS.json	37760	ba9f08e11121c87c9e5240c31f29521681015f62db9ea53608b6d10d053b00be	False
L2J_Mobius_CT_2.6_HighFive/docs/phantoms/tasks/PHANTOM-M1-CHECKPOINT-RECOVERY-025/evidence/E_CRASH_NATIVE_CONTROL/0019-SNAPSHOT_PHANTOMS.xml	35856	42bf3f1fca863e7097e06755b35dc38ceea6337fd862ead1c80cc12c8a73aab2	False
L2J_Mobius_CT_2.6_HighFive/docs/phantoms/tasks/PHANTOM-M1-CHECKPOINT-RECOVERY-025/evidence/E_CRASH_NATIVE_CONTROL/0020-SNAPSHOT_PHANTOMS.json	37785	00e41b7b1c09b1c3a02e6a6230aca5546cc5bf9845e89e8ac51c27954d733522	False
L2J_Mobius_CT_2.6_HighFive/docs/phantoms/tasks/PHANTOM-M1-CHECKPOINT-RECOVERY-025/evidence/E_CRASH_NATIVE_CONTROL/0020-SNAPSHOT_PHANTOMS.xml	35867	577271217719df8fccf6a950277a80e7e8f5ae5ca5da9eabbe8a3d87bb4ff5ae	False
L2J_Mobius_CT_2.6_HighFive/docs/phantoms/tasks/PHANTOM-M1-CHECKPOINT-RECOVERY-025/evidence/E_CRASH_NATIVE_CONTROL/0021-SNAPSHOT_PHANTOMS.json	37793	3bad5ae897a71c89daae09bd56fabe1a469fb20d13ec0431457c6fa749780f87	False
L2J_Mobius_CT_2.6_HighFive/docs/phantoms/tasks/PHANTOM-M1-CHECKPOINT-RECOVERY-025/evidence/E_CRASH_NATIVE_CONTROL/0021-SNAPSHOT_PHANTOMS.xml	35875	48e4c22c9628c364fef964ff7f96e0c01a378569e06e1f2372915b3e0d46ad86	False
L2J_Mobius_CT_2.6_HighFive/docs/phantoms/tasks/PHANTOM-M1-CHECKPOINT-RECOVERY-025/evidence/E_CRASH_NATIVE_CONTROL/0022-SNAPSHOT_PHANTOMS.json	37857	013d0e6e5918a0bfbcfe782df209a74e8b0d07d073a9cd2dd2bbe2d58e693f10	False
L2J_Mobius_CT_2.6_HighFive/docs/phantoms/tasks/PHANTOM-M1-CHECKPOINT-RECOVERY-025/evidence/E_CRASH_NATIVE_CONTROL/0022-SNAPSHOT_PHANTOMS.xml	35939	b74b05593a3ec643d925281e1ceceb740fa46ada72f87094a679a5b1011a9626	False
L2J_Mobius_CT_2.6_HighFive/docs/phantoms/tasks/PHANTOM-M1-CHECKPOINT-RECOVERY-025/evidence/E_CRASH_NATIVE_CONTROL/0023-SNAPSHOT_PHANTOMS.json	38120	2699ba8cdc833ef02cc52c5349c750b3681a61dc79ef05e1f2abbf7bf2f8cd44	False
L2J_Mobius_CT_2.6_HighFive/docs/phantoms/tasks/PHANTOM-M1-CHECKPOINT-RECOVERY-025/evidence/E_CRASH_NATIVE_CONTROL/0023-SNAPSHOT_PHANTOMS.xml	36188	9c3911cf6b6b6b582cd26badbcacf3bb79c3c7f68c1bf032f024f840aaa1da46	False
L2J_Mobius_CT_2.6_HighFive/docs/phantoms/tasks/PHANTOM-M1-CHECKPOINT-RECOVERY-025/evidence/E_CRASH_NATIVE_CONTROL/0024-SNAPSHOT_PHANTOMS.json	38289	b254181d4066179d40f4b33f5cda06ff4e3cc4d40172ffff4e112b6c2d36a14d	False
L2J_Mobius_CT_2.6_HighFive/docs/phantoms/tasks/PHANTOM-M1-CHECKPOINT-RECOVERY-025/evidence/E_CRASH_NATIVE_CONTROL/0024-SNAPSHOT_PHANTOMS.xml	36357	3b699e02c11cb822e2f61a9539bf06992adb58368b0472ce606a19fc75f2423e	False
L2J_Mobius_CT_2.6_HighFive/docs/phantoms/tasks/PHANTOM-M1-CHECKPOINT-RECOVERY-025/evidence/E_CRASH_NATIVE_CONTROL/0025-SNAPSHOT_PHANTOMS.json	38340	496342af4ec6999d235c6ae70881e231646b6058f3c6a0d00b8070d1b297ce89	False
L2J_Mobius_CT_2.6_HighFive/docs/phantoms/tasks/PHANTOM-M1-CHECKPOINT-RECOVERY-025/evidence/E_CRASH_NATIVE_CONTROL/0025-SNAPSHOT_PHANTOMS.xml	36408	9e3be35f3ab4c3b4032f9720b1deec8b15c2507c30526f96df7097c5de3071c9	False
L2J_Mobius_CT_2.6_HighFive/docs/phantoms/tasks/PHANTOM-M1-CHECKPOINT-RECOVERY-025/evidence/E_CRASH_NATIVE_CONTROL/0026-SNAPSHOT_PHANTOMS.json	38456	fe5e4b9a31fe553a06048f762bbee4b2da0af94f83245f41a7ffb50e8e7fbb6a	False
L2J_Mobius_CT_2.6_HighFive/docs/phantoms/tasks/PHANTOM-M1-CHECKPOINT-RECOVERY-025/evidence/E_CRASH_NATIVE_CONTROL/0026-SNAPSHOT_PHANTOMS.xml	36524	f4c1083076b20da557ff21f3665b99c243f368451ebd4d2f4cc46b44a3028d3f	False
L2J_Mobius_CT_2.6_HighFive/docs/phantoms/tasks/PHANTOM-M1-CHECKPOINT-RECOVERY-025/evidence/E_CRASH_NATIVE_CONTROL/0027-SNAPSHOT_PHANTOMS.json	38258	973caa087d9998531274f8ebe3d79c1927f15f9d071e3f3190dfc05048c4f13d	False
L2J_Mobius_CT_2.6_HighFive/docs/phantoms/tasks/PHANTOM-M1-CHECKPOINT-RECOVERY-025/evidence/E_CRASH_NATIVE_CONTROL/0027-SNAPSHOT_PHANTOMS.xml	36326	dd30e61d193bf54e2501a7c529a1e6f3d00c5bdfc0ce140353eb3cde7b37384c	False
L2J_Mobius_CT_2.6_HighFive/docs/phantoms/tasks/PHANTOM-M1-CHECKPOINT-RECOVERY-025/evidence/E_CRASH_NATIVE_CONTROL/0028-SNAPSHOT_PHANTOMS.json	38090	56d4275b423bdb9ee80e31cf473eba3807ea36c770f2dd8d9ca78beb275318cb	False
L2J_Mobius_CT_2.6_HighFive/docs/phantoms/tasks/PHANTOM-M1-CHECKPOINT-RECOVERY-025/evidence/E_CRASH_NATIVE_CONTROL/0028-SNAPSHOT_PHANTOMS.xml	36158	23f48d681c4a4b45a6920d2fb2fc3ae4d7665c5a395f8e15cd42bfcc26e85b1e	False
L2J_Mobius_CT_2.6_HighFive/docs/phantoms/tasks/PHANTOM-M1-CHECKPOINT-RECOVERY-025/evidence/E_CRASH_NATIVE_CONTROL/0029-SNAPSHOT_PHANTOMS.json	38155	7e679f2f6713053ba4684a245123a19c9040c93c8355bc07d0c9587b33629bc5	False
L2J_Mobius_CT_2.6_HighFive/docs/phantoms/tasks/PHANTOM-M1-CHECKPOINT-RECOVERY-025/evidence/E_CRASH_NATIVE_CONTROL/0029-SNAPSHOT_PHANTOMS.xml	36223	4f61115d75f6840ea420c76a11095ba228d2f1348d75cfbc7665e37ab29ab24f	False
L2J_Mobius_CT_2.6_HighFive/docs/phantoms/tasks/PHANTOM-M1-CHECKPOINT-RECOVERY-025/evidence/E_CRASH_NATIVE_CONTROL/0030-SNAPSHOT_PHANTOMS.json	38250	07a1ed020bbe4c7225bfca4e7373d12335019be7683f070cfbc1d23978f2ed2f	False
L2J_Mobius_CT_2.6_HighFive/docs/phantoms/tasks/PHANTOM-M1-CHECKPOINT-RECOVERY-025/evidence/E_CRASH_NATIVE_CONTROL/0030-SNAPSHOT_PHANTOMS.xml	36318	ea3e8ccdbadb6b125c2a7d83c63d42a0e3a1ff8c46ce13733d002f140a9e263b	False
L2J_Mobius_CT_2.6_HighFive/docs/phantoms/tasks/PHANTOM-M1-CHECKPOINT-RECOVERY-025/evidence/E_CRASH_NATIVE_CONTROL/all-samples.json	1016306	cef7a054219db129e774c945b25ef2160a9afbcfeb55ccf94eb4568d5c545682	False
L2J_Mobius_CT_2.6_HighFive/docs/phantoms/tasks/PHANTOM-M1-CHECKPOINT-RECOVERY-025/evidence/E_CRASH_NATIVE_CONTROL/baseline-cohort.json	30521	d6149150cd9612bb5db176afc21c03dd4ea2c6c123a8fd60e2e9010b46ccfe89	False
L2J_Mobius_CT_2.6_HighFive/docs/phantoms/tasks/PHANTOM-M1-CHECKPOINT-RECOVERY-025/evidence/E_CRASH_NATIVE_CONTROL/baseline-inventory.tsv	5924	5be2f6812cf064bc50af097036d2599f614f8cde0beb8a20285a6e532669e1a9	False
L2J_Mobius_CT_2.6_HighFive/docs/phantoms/tasks/PHANTOM-M1-CHECKPOINT-RECOVERY-025/evidence/E_CRASH_NATIVE_CONTROL/cohort-002.json	32154	bc2d35eb53c5052b9c9f5f92ed8160c8781dcf25dd74824925fd72194f1e02fa	False
L2J_Mobius_CT_2.6_HighFive/docs/phantoms/tasks/PHANTOM-M1-CHECKPOINT-RECOVERY-025/evidence/E_CRASH_NATIVE_CONTROL/cohort-003.json	32202	a4da7d2038744ec313ee949e4107d12cf1353d0670bf8f442ab8dd9384b6bb4f	False
L2J_Mobius_CT_2.6_HighFive/docs/phantoms/tasks/PHANTOM-M1-CHECKPOINT-RECOVERY-025/evidence/E_CRASH_NATIVE_CONTROL/cohort-004.json	32159	963fbc5a54ee741445f14d8bbd1de9525c08f6df74d3082ff196a5d3f3c47c3e	False
L2J_Mobius_CT_2.6_HighFive/docs/phantoms/tasks/PHANTOM-M1-CHECKPOINT-RECOVERY-025/evidence/E_CRASH_NATIVE_CONTROL/cohort-005.json	32160	cc04c277816b6576b9d69919b2559cfe2ff4098a0bc3aa5233958966720311b1	False
L2J_Mobius_CT_2.6_HighFive/docs/phantoms/tasks/PHANTOM-M1-CHECKPOINT-RECOVERY-025/evidence/E_CRASH_NATIVE_CONTROL/cohort-006.json	32158	13acae7ba3b51e354100c1838e93c816b24f9be1b3378ba59c78700aea1acf75	False
L2J_Mobius_CT_2.6_HighFive/docs/phantoms/tasks/PHANTOM-M1-CHECKPOINT-RECOVERY-025/evidence/E_CRASH_NATIVE_CONTROL/cohort-007.json	32159	a22454139ce9158f3d5fdae29bf944a650225042120de00a179aac42001a7539	False
L2J_Mobius_CT_2.6_HighFive/docs/phantoms/tasks/PHANTOM-M1-CHECKPOINT-RECOVERY-025/evidence/E_CRASH_NATIVE_CONTROL/cohort-008.json	32289	c961b4d35dc33139c757f37e47e61672ddac3fd805ef53a23dc3981079e26dab	False
L2J_Mobius_CT_2.6_HighFive/docs/phantoms/tasks/PHANTOM-M1-CHECKPOINT-RECOVERY-025/evidence/E_CRASH_NATIVE_CONTROL/cohort-009.json	37263	3abb917fa9a823c4c7cabfaefc0aa4404d61d366bc28cd8bf8cc48fef6009f3a	False
L2J_Mobius_CT_2.6_HighFive/docs/phantoms/tasks/PHANTOM-M1-CHECKPOINT-RECOVERY-025/evidence/E_CRASH_NATIVE_CONTROL/cohort-010.json	37595	dd4afe002479fb94c8bf76c0fd9da16e279b454550ad4df9b91fa42ec113ca93	False
L2J_Mobius_CT_2.6_HighFive/docs/phantoms/tasks/PHANTOM-M1-CHECKPOINT-RECOVERY-025/evidence/E_CRASH_NATIVE_CONTROL/cohort-011.json	37613	4b87a142d4aa5bd522623878e89ca9259e7b76f3d023d43bba491322148b5fe6	False
L2J_Mobius_CT_2.6_HighFive/docs/phantoms/tasks/PHANTOM-M1-CHECKPOINT-RECOVERY-025/evidence/E_CRASH_NATIVE_CONTROL/cohort-012.json	37560	162c9bc01ccaa6982e7455f20be61bd64de90262e3ed87de18dc84a9f99192e3	False
L2J_Mobius_CT_2.6_HighFive/docs/phantoms/tasks/PHANTOM-M1-CHECKPOINT-RECOVERY-025/evidence/E_CRASH_NATIVE_CONTROL/cohort-013.json	37529	9513864f562d70777b0b80026ace6e8709e4fd37625c0665c98366a75b63fb3d	False
L2J_Mobius_CT_2.6_HighFive/docs/phantoms/tasks/PHANTOM-M1-CHECKPOINT-RECOVERY-025/evidence/E_CRASH_NATIVE_CONTROL/cohort-014.json	37568	2312106b44eceb8bf2cafb2c46f361fcdbc09ceeffa0e91f36693f23a611629b	False
L2J_Mobius_CT_2.6_HighFive/docs/phantoms/tasks/PHANTOM-M1-CHECKPOINT-RECOVERY-025/evidence/E_CRASH_NATIVE_CONTROL/cohort-015.json	37200	0a0fbb993d46bc704c8b784aaae3ea553099774a38f725d21a2fed35644071d8	False
L2J_Mobius_CT_2.6_HighFive/docs/phantoms/tasks/PHANTOM-M1-CHECKPOINT-RECOVERY-025/evidence/E_CRASH_NATIVE_CONTROL/cohort-016.json	37122	60cbee0f0e959b88d036ff949e5aed374b50c8aade0772fd30d17d840327f2bb	False
L2J_Mobius_CT_2.6_HighFive/docs/phantoms/tasks/PHANTOM-M1-CHECKPOINT-RECOVERY-025/evidence/E_CRASH_NATIVE_CONTROL/cohort-017.json	37035	155318164e436858577f58112caf130c88c5c8ccfff354b485628d92382ff6c2	False
L2J_Mobius_CT_2.6_HighFive/docs/phantoms/tasks/PHANTOM-M1-CHECKPOINT-RECOVERY-025/evidence/E_CRASH_NATIVE_CONTROL/cohort-018.json	37045	53d5ca0a61afab7f9a96cb0841231accbaf97c374659912fce3f98b3aa2e7fe2	False
L2J_Mobius_CT_2.6_HighFive/docs/phantoms/tasks/PHANTOM-M1-CHECKPOINT-RECOVERY-025/evidence/E_CRASH_NATIVE_CONTROL/cohort-019.json	37098	9197d47c3f320785d4685ae909fdf4767761dfc072270f4e37d158c21e81bf4e	False
L2J_Mobius_CT_2.6_HighFive/docs/phantoms/tasks/PHANTOM-M1-CHECKPOINT-RECOVERY-025/evidence/E_CRASH_NATIVE_CONTROL/cohort-020.json	37368	d314f8170c5c6b511fce0636df079033de4f6f2401a6cf07e2a8cc66c41933fd	False
L2J_Mobius_CT_2.6_HighFive/docs/phantoms/tasks/PHANTOM-M1-CHECKPOINT-RECOVERY-025/evidence/E_CRASH_NATIVE_CONTROL/cohort-021.json	37540	f55f5e64c2dcacc7c4dea848a7c8cff6364b15f8900d12786f003e599dd76bb0	False
L2J_Mobius_CT_2.6_HighFive/docs/phantoms/tasks/PHANTOM-M1-CHECKPOINT-RECOVERY-025/evidence/E_CRASH_NATIVE_CONTROL/cohort-022.json	37591	4f6adfb6aae52605b78b194f8fceafbdd831ffa3e36ad4bfb81b3244f06180af	False
L2J_Mobius_CT_2.6_HighFive/docs/phantoms/tasks/PHANTOM-M1-CHECKPOINT-RECOVERY-025/evidence/E_CRASH_NATIVE_CONTROL/cohort-023.json	37704	3fa717760bc52d19d796a0301bc93fb2129257f277e0f0dc51c81e0aed08a26a	False
L2J_Mobius_CT_2.6_HighFive/docs/phantoms/tasks/PHANTOM-M1-CHECKPOINT-RECOVERY-025/evidence/E_CRASH_NATIVE_CONTROL/cohort-024.json	37512	3b1c6e5e349d04b759c57da23afd21b88feac487ab01e93c7b95c33267fcd6a2	False
L2J_Mobius_CT_2.6_HighFive/docs/phantoms/tasks/PHANTOM-M1-CHECKPOINT-RECOVERY-025/evidence/E_CRASH_NATIVE_CONTROL/cohort-025.json	37344	730ad0f038ee7e4700f089d988e874cfe1e70b4498e5798b1645ab8b739bcb4d	False
L2J_Mobius_CT_2.6_HighFive/docs/phantoms/tasks/PHANTOM-M1-CHECKPOINT-RECOVERY-025/evidence/E_CRASH_NATIVE_CONTROL/cohort-026.json	37402	247a42318c6fd07858aba26c16227f2f7844e9956f57fb8a8cea8857d0f72040	False
L2J_Mobius_CT_2.6_HighFive/docs/phantoms/tasks/PHANTOM-M1-CHECKPOINT-RECOVERY-025/evidence/E_CRASH_NATIVE_CONTROL/cohort-027.json	37501	abc0b67f26b29d7b5fe64e7212b6cc193e06925e8096e73a4255ac47527feda9	False
L2J_Mobius_CT_2.6_HighFive/docs/phantoms/tasks/PHANTOM-M1-CHECKPOINT-RECOVERY-025/evidence/E_CRASH_NATIVE_CONTROL/discovery-result.json	170	7928c1cef6d12d2b74b1ee2fa93c9d9911f083fbaa73403108d05ff304a03311	False
L2J_Mobius_CT_2.6_HighFive/docs/phantoms/tasks/PHANTOM-M1-CHECKPOINT-RECOVERY-025/evidence/E_CRASH_NATIVE_CONTROL/heartbeat-control.log	692	fc212382cce75ee1cd138d72ee7226042a4cb1aee3a0ba49e6d7ee54879060d1	False
L2J_Mobius_CT_2.6_HighFive/docs/phantoms/tasks/PHANTOM-M1-CHECKPOINT-RECOVERY-025/evidence/E_CRASH_NATIVE_CONTROL/primary.json	9778	6931ce4bbbe6da59e27e9f6aa236d6a73fb35e126dff6e957191f14e39954002	False
L2J_Mobius_CT_2.6_HighFive/docs/phantoms/tasks/PHANTOM-M1-CHECKPOINT-RECOVERY-025/evidence/E_CRASH_NATIVE_CONTROL/run-id.txt	38	86b829bd720445d621ea29f2647af1c9e1c68847068ecd5219d67842cf4d5204	False
L2J_Mobius_CT_2.6_HighFive/docs/phantoms/tasks/PHANTOM-M1-CHECKPOINT-RECOVERY-025/evidence/E_CRASH_NATIVE_CONTROL/synthetic-start.json	112	27ed724838062f8b041600ae8bc52ce0ff24ead2200907cb591fb1838ded9ef9	False
L2J_Mobius_CT_2.6_HighFive/docs/phantoms/tasks/PHANTOM-M1-CHECKPOINT-RECOVERY-025/evidence/E_CRASH_NATIVE_CONTROL/synthetic-stop.json	114	b3af57ea04c3e1b94da3bfb83741421bffc959dc2d7e3baadc455d035d01c1b1	False
L2J_Mobius_CT_2.6_HighFive/docs/phantoms/tasks/PHANTOM-M1-CHECKPOINT-RECOVERY-025/evidence/E_CRASH_NATIVE_LOGIN_STOP.log	301	65c15d0258a9b3e0c0b1112b2f34a8e818b57aa33d98b440ab51f6fc82915bed	False
L2J_Mobius_CT_2.6_HighFive/docs/phantoms/tasks/PHANTOM-M1-CHECKPOINT-RECOVERY-025/evidence/E_CRASH_RECOVERY1_DISCOVERY/0001-STATUS.json	1227	c574098d406db988247f0e6f514ced40c3efbdb7a682ae3831a961992d204f0a	False
L2J_Mobius_CT_2.6_HighFive/docs/phantoms/tasks/PHANTOM-M1-CHECKPOINT-RECOVERY-025/evidence/E_CRASH_RECOVERY1_DISCOVERY/0001-STATUS.xml	1177	a77431677229750427e06f7792cdb4bf18cf70a85219edd718bf363956fa5889	False
L2J_Mobius_CT_2.6_HighFive/docs/phantoms/tasks/PHANTOM-M1-CHECKPOINT-RECOVERY-025/evidence/E_CRASH_RECOVERY1_DISCOVERY/0002-TELEPORT_SELF.json	1157	b2f5122f7693606887ae217f51c281e60225ba074f485e67e2e38288ff70c481	False
L2J_Mobius_CT_2.6_HighFive/docs/phantoms/tasks/PHANTOM-M1-CHECKPOINT-RECOVERY-025/evidence/E_CRASH_RECOVERY1_DISCOVERY/0002-TELEPORT_SELF.xml	1117	ddad40966bdfd4a721ea5eaca756561e85196a4839ca0214d85ad11bec5ec659	False
L2J_Mobius_CT_2.6_HighFive/docs/phantoms/tasks/PHANTOM-M1-CHECKPOINT-RECOVERY-025/evidence/E_CRASH_RECOVERY1_DISCOVERY/0003-STATUS.json	1227	4aef335d0e0fb20419c31ee19d36216eea892d0547f59941f1e36cf7a3de80ea	False
L2J_Mobius_CT_2.6_HighFive/docs/phantoms/tasks/PHANTOM-M1-CHECKPOINT-RECOVERY-025/evidence/E_CRASH_RECOVERY1_DISCOVERY/0003-STATUS.xml	1177	54037445f39d7025afd1f0a3116664d2d5f949626dd764dd474b2dc8cedd77ef	False
L2J_Mobius_CT_2.6_HighFive/docs/phantoms/tasks/PHANTOM-M1-CHECKPOINT-RECOVERY-025/evidence/E_CRASH_RECOVERY1_DISCOVERY/0004-SNAPSHOT_PHANTOMS.json	32062	6906a8b69d075d3e08fa3e73c7d70c871d861c28ea96e7ad1d725aecb7332d2c	False
L2J_Mobius_CT_2.6_HighFive/docs/phantoms/tasks/PHANTOM-M1-CHECKPOINT-RECOVERY-025/evidence/E_CRASH_RECOVERY1_DISCOVERY/0004-SNAPSHOT_PHANTOMS.xml	30346	8ac1232f7e559a445b62cf16c2dde3220e7e6c333b52c5c73f5b7faaf251c81b	False
L2J_Mobius_CT_2.6_HighFive/docs/phantoms/tasks/PHANTOM-M1-CHECKPOINT-RECOVERY-025/evidence/E_CRASH_RECOVERY1_DISCOVERY/0005-SNAPSHOT_PHANTOMS.json	37141	5288e8383338685fab403e8f34c7e9af6a4d137f5598dd8b3904b9168759338a	False
L2J_Mobius_CT_2.6_HighFive/docs/phantoms/tasks/PHANTOM-M1-CHECKPOINT-RECOVERY-025/evidence/E_CRASH_RECOVERY1_DISCOVERY/0005-SNAPSHOT_PHANTOMS.xml	35167	0a9a3f2128be33bdcf383bff815107186feb8d757c6d7cf31e39284dc5c176f7	False
L2J_Mobius_CT_2.6_HighFive/docs/phantoms/tasks/PHANTOM-M1-CHECKPOINT-RECOVERY-025/evidence/E_CRASH_RECOVERY1_DISCOVERY/0006-SNAPSHOT_PHANTOMS.json	36971	8948f4ca6e132a97a0d4eff4689613ee46dfd88b31824ff8b8a28b540d8f109f	False
L2J_Mobius_CT_2.6_HighFive/docs/phantoms/tasks/PHANTOM-M1-CHECKPOINT-RECOVERY-025/evidence/E_CRASH_RECOVERY1_DISCOVERY/0006-SNAPSHOT_PHANTOMS.xml	34997	97b45c6b5a71c69e9e427915517bd946e3e211881ab0d9d442f66cb3baca12aa	False
L2J_Mobius_CT_2.6_HighFive/docs/phantoms/tasks/PHANTOM-M1-CHECKPOINT-RECOVERY-025/evidence/E_CRASH_RECOVERY1_DISCOVERY/0007-SNAPSHOT_PHANTOMS.json	36861	1c350540e0d54c6ad6b196d8ae28aaacaae89d9606ba2c6489d7de1fde1e8700	False
L2J_Mobius_CT_2.6_HighFive/docs/phantoms/tasks/PHANTOM-M1-CHECKPOINT-RECOVERY-025/evidence/E_CRASH_RECOVERY1_DISCOVERY/0007-SNAPSHOT_PHANTOMS.xml	34901	c2f797078f957ba948f12cb2100944e5396bd6ae018d735b532aec5f965946db	False
L2J_Mobius_CT_2.6_HighFive/docs/phantoms/tasks/PHANTOM-M1-CHECKPOINT-RECOVERY-025/evidence/E_CRASH_RECOVERY1_DISCOVERY/0008-SNAPSHOT_PHANTOMS.json	36601	83c79a0f8806533f8449978fc6e06b806d4f8d46ce00257891b69afa9000074f	False
L2J_Mobius_CT_2.6_HighFive/docs/phantoms/tasks/PHANTOM-M1-CHECKPOINT-RECOVERY-025/evidence/E_CRASH_RECOVERY1_DISCOVERY/0008-SNAPSHOT_PHANTOMS.xml	34655	39466ce7f32b378b045f98a66abf20f15c6b06d8e83eaf0b1f4ce516822290ac	False
L2J_Mobius_CT_2.6_HighFive/docs/phantoms/tasks/PHANTOM-M1-CHECKPOINT-RECOVERY-025/evidence/E_CRASH_RECOVERY1_DISCOVERY/0009-SNAPSHOT_PHANTOMS.json	31740	c4b4bfb422aac7b163b3ee28052a6d99cff2f113a719b7537137d33a7152fcf5	False
L2J_Mobius_CT_2.6_HighFive/docs/phantoms/tasks/PHANTOM-M1-CHECKPOINT-RECOVERY-025/evidence/E_CRASH_RECOVERY1_DISCOVERY/0009-SNAPSHOT_PHANTOMS.xml	30052	7919714ff5013453715f1c9855f0d0ac135767cad5dbe428a84c60dfc5ee8399	False
L2J_Mobius_CT_2.6_HighFive/docs/phantoms/tasks/PHANTOM-M1-CHECKPOINT-RECOVERY-025/evidence/E_CRASH_RECOVERY1_DISCOVERY/0010-SNAPSHOT_PHANTOMS.json	32785	0fdc1af7fda1e631c060e64d93a7f6dff980d67447b2dd540c0ff1bd7023b4f7	False
L2J_Mobius_CT_2.6_HighFive/docs/phantoms/tasks/PHANTOM-M1-CHECKPOINT-RECOVERY-025/evidence/E_CRASH_RECOVERY1_DISCOVERY/0010-SNAPSHOT_PHANTOMS.xml	31097	f3719407ab1fee1e99f7eeae117dbca92c286748f0522c8ede34fd5271f434ea	False
L2J_Mobius_CT_2.6_HighFive/docs/phantoms/tasks/PHANTOM-M1-CHECKPOINT-RECOVERY-025/evidence/E_CRASH_RECOVERY1_DISCOVERY/0011-SNAPSHOT_PHANTOMS.json	32679	7853c961d11f800df1f575ea39c8388bdfe6141b985127ffbcd63bf5d4f3049e	False
L2J_Mobius_CT_2.6_HighFive/docs/phantoms/tasks/PHANTOM-M1-CHECKPOINT-RECOVERY-025/evidence/E_CRASH_RECOVERY1_DISCOVERY/0011-SNAPSHOT_PHANTOMS.xml	31005	6ad738e7271cfbfeb102c218e857242051cff9dfbb30e778635f9aa47c567ca5	False
L2J_Mobius_CT_2.6_HighFive/docs/phantoms/tasks/PHANTOM-M1-CHECKPOINT-RECOVERY-025/evidence/E_CRASH_RECOVERY1_DISCOVERY/0012-SNAPSHOT_PHANTOMS.json	37818	3d1f951d4f27bb2f85223f3b3fe2213b11e866dca4093d30919028a21efe3749	False
L2J_Mobius_CT_2.6_HighFive/docs/phantoms/tasks/PHANTOM-M1-CHECKPOINT-RECOVERY-025/evidence/E_CRASH_RECOVERY1_DISCOVERY/0012-SNAPSHOT_PHANTOMS.xml	35872	d28fa14b1c53b0b443794bad2efc8f65068a43f734dfb5733ba9609496806d78	False
L2J_Mobius_CT_2.6_HighFive/docs/phantoms/tasks/PHANTOM-M1-CHECKPOINT-RECOVERY-025/evidence/E_CRASH_RECOVERY1_DISCOVERY/0013-SNAPSHOT_PHANTOMS.json	37463	25ac9e53e89a623a7732d2b03dc22405f8ec6c2d6bf4be2c59db0ad8f135fcaa	False
L2J_Mobius_CT_2.6_HighFive/docs/phantoms/tasks/PHANTOM-M1-CHECKPOINT-RECOVERY-025/evidence/E_CRASH_RECOVERY1_DISCOVERY/0013-SNAPSHOT_PHANTOMS.xml	35531	ba90a5142e915b89aef4ae7277f60689cb7070b37b75ddd0ccc4a64ff8c435ac	False
L2J_Mobius_CT_2.6_HighFive/docs/phantoms/tasks/PHANTOM-M1-CHECKPOINT-RECOVERY-025/evidence/E_CRASH_RECOVERY1_DISCOVERY/0014-SNAPSHOT_PHANTOMS.json	37388	af5218b8b0236a4030acfeada8c0ff9f059e23de46a13d8f9ec5f8b75ed6a6cc	False
L2J_Mobius_CT_2.6_HighFive/docs/phantoms/tasks/PHANTOM-M1-CHECKPOINT-RECOVERY-025/evidence/E_CRASH_RECOVERY1_DISCOVERY/0014-SNAPSHOT_PHANTOMS.xml	35456	cd0b33e43db1c30312c2ca1f3ee599c45d0374c702d740c59ea5227092ce879b	False
L2J_Mobius_CT_2.6_HighFive/docs/phantoms/tasks/PHANTOM-M1-CHECKPOINT-RECOVERY-025/evidence/E_CRASH_RECOVERY1_DISCOVERY/0015-SNAPSHOT_PHANTOMS.json	37834	8ae596048f974b3c4cd3258efd21af97dcbd24a0233b638dd0257b919a631d1a	False
L2J_Mobius_CT_2.6_HighFive/docs/phantoms/tasks/PHANTOM-M1-CHECKPOINT-RECOVERY-025/evidence/E_CRASH_RECOVERY1_DISCOVERY/0015-SNAPSHOT_PHANTOMS.xml	35874	0abee7969191ef931faa65a7e327c65af3fe5d3f7e83221680b4857242c44744	False
L2J_Mobius_CT_2.6_HighFive/docs/phantoms/tasks/PHANTOM-M1-CHECKPOINT-RECOVERY-025/evidence/E_CRASH_RECOVERY1_DISCOVERY/0016-SNAPSHOT_PHANTOMS.json	37992	fcb91301485fb26c9d4d6723c3743f721d0623b251b59dec25e9ebfe1803bf9d	False
L2J_Mobius_CT_2.6_HighFive/docs/phantoms/tasks/PHANTOM-M1-CHECKPOINT-RECOVERY-025/evidence/E_CRASH_RECOVERY1_DISCOVERY/0016-SNAPSHOT_PHANTOMS.xml	36018	038eeb57c8a25b5d4c1e3f40846408f012407d795353286cab0da1969de19757	False
L2J_Mobius_CT_2.6_HighFive/docs/phantoms/tasks/PHANTOM-M1-CHECKPOINT-RECOVERY-025/evidence/E_CRASH_RECOVERY1_DISCOVERY/0017-SNAPSHOT_PHANTOMS.json	38272	dc9ccf828a09468914f25f2fed133dcbc7383b9208c4f26d77afbf02126ad1cc	False
L2J_Mobius_CT_2.6_HighFive/docs/phantoms/tasks/PHANTOM-M1-CHECKPOINT-RECOVERY-025/evidence/E_CRASH_RECOVERY1_DISCOVERY/0017-SNAPSHOT_PHANTOMS.xml	36298	4069799e12394c6cd46e562d2ab7e60e77c7c17c2599d7c73c2143fdb708002f	False
L2J_Mobius_CT_2.6_HighFive/docs/phantoms/tasks/PHANTOM-M1-CHECKPOINT-RECOVERY-025/evidence/E_CRASH_RECOVERY1_DISCOVERY/0018-SNAPSHOT_PHANTOMS.json	37727	d5229d58b7d8567042258ab35bd80070726e35bc4d6f347d8a712008ef46faa0	False
L2J_Mobius_CT_2.6_HighFive/docs/phantoms/tasks/PHANTOM-M1-CHECKPOINT-RECOVERY-025/evidence/E_CRASH_RECOVERY1_DISCOVERY/0018-SNAPSHOT_PHANTOMS.xml	35767	c9d6fff6a3c4e68f276a8dfb44791087b5ed2860306603e7f43829110f650a9e	False
L2J_Mobius_CT_2.6_HighFive/docs/phantoms/tasks/PHANTOM-M1-CHECKPOINT-RECOVERY-025/evidence/E_CRASH_RECOVERY1_DISCOVERY/0019-SNAPSHOT_PHANTOMS.json	37085	7cc7343ce169f4217a0766d66517057ad233ccc6bbea7cfa6e98affc93e524dd	False
L2J_Mobius_CT_2.6_HighFive/docs/phantoms/tasks/PHANTOM-M1-CHECKPOINT-RECOVERY-025/evidence/E_CRASH_RECOVERY1_DISCOVERY/0019-SNAPSHOT_PHANTOMS.xml	35153	7379755e3940dfe34439ebcee8c0b77e68e7a0cb327c3b4c04d6be4ce344e026	False
L2J_Mobius_CT_2.6_HighFive/docs/phantoms/tasks/PHANTOM-M1-CHECKPOINT-RECOVERY-025/evidence/E_CRASH_RECOVERY1_DISCOVERY/0020-SNAPSHOT_PHANTOMS.json	37773	69a1596891278e17c5ba2fe28da433e6c0ca77ce879dcc13a67830ffda9b4ac8	False
L2J_Mobius_CT_2.6_HighFive/docs/phantoms/tasks/PHANTOM-M1-CHECKPOINT-RECOVERY-025/evidence/E_CRASH_RECOVERY1_DISCOVERY/0020-SNAPSHOT_PHANTOMS.xml	35827	02bfec0032795e183a5d3e6db663a706385c717e5ac5cff0038f99b53d0c972c	False
L2J_Mobius_CT_2.6_HighFive/docs/phantoms/tasks/PHANTOM-M1-CHECKPOINT-RECOVERY-025/evidence/E_CRASH_RECOVERY1_DISCOVERY/0021-SNAPSHOT_PHANTOMS.json	37506	79ede9e6bff586161427b8ab1a8bfcd67c66e0ad34d57485e6a4227348afd856	False
L2J_Mobius_CT_2.6_HighFive/docs/phantoms/tasks/PHANTOM-M1-CHECKPOINT-RECOVERY-025/evidence/E_CRASH_RECOVERY1_DISCOVERY/0021-SNAPSHOT_PHANTOMS.xml	35574	c40c11918a45c09449f96d29db185015854dfa35bed04b4b029c8555d9364bdc	False
L2J_Mobius_CT_2.6_HighFive/docs/phantoms/tasks/PHANTOM-M1-CHECKPOINT-RECOVERY-025/evidence/E_CRASH_RECOVERY1_DISCOVERY/0022-SNAPSHOT_PHANTOMS.json	37366	0227d7affd9977a2ce5e1aed2816d388198bcdd688e29bf62590ee52b1240208	False
L2J_Mobius_CT_2.6_HighFive/docs/phantoms/tasks/PHANTOM-M1-CHECKPOINT-RECOVERY-025/evidence/E_CRASH_RECOVERY1_DISCOVERY/0022-SNAPSHOT_PHANTOMS.xml	35434	88f8e93d0221c0e58192a499c35814aa6be34a93898603a3100440c1e15b5bc1	False
L2J_Mobius_CT_2.6_HighFive/docs/phantoms/tasks/PHANTOM-M1-CHECKPOINT-RECOVERY-025/evidence/E_CRASH_RECOVERY1_DISCOVERY/0023-SNAPSHOT_PHANTOMS.json	37420	e17f1dd6c3d28cd822b7028868eb256f02f3a6ecb06ca773d75e23eeedbd15c9	False
L2J_Mobius_CT_2.6_HighFive/docs/phantoms/tasks/PHANTOM-M1-CHECKPOINT-RECOVERY-025/evidence/E_CRASH_RECOVERY1_DISCOVERY/0023-SNAPSHOT_PHANTOMS.xml	35488	e0440077b1d20745102656f988dfa2a1407b412ac29ed431f60a51e4d2f83cb8	False
L2J_Mobius_CT_2.6_HighFive/docs/phantoms/tasks/PHANTOM-M1-CHECKPOINT-RECOVERY-025/evidence/E_CRASH_RECOVERY1_DISCOVERY/0024-SNAPSHOT_PHANTOMS.json	37062	475a876e65f1cd9499a55b77f4adad42e7209d78ef018672f8dc7a39fe63db43	False
L2J_Mobius_CT_2.6_HighFive/docs/phantoms/tasks/PHANTOM-M1-CHECKPOINT-RECOVERY-025/evidence/E_CRASH_RECOVERY1_DISCOVERY/0024-SNAPSHOT_PHANTOMS.xml	35144	73561680617c7df12b798654802f52c6e5377007ef4e6070b5c0e6bb36f5fdf1	False
L2J_Mobius_CT_2.6_HighFive/docs/phantoms/tasks/PHANTOM-M1-CHECKPOINT-RECOVERY-025/evidence/E_CRASH_RECOVERY1_DISCOVERY/0025-SNAPSHOT_PHANTOMS.json	37237	b040be41612be52dc628f89aef6a2486116529ff46a3f460c97021ce25c58483	False
L2J_Mobius_CT_2.6_HighFive/docs/phantoms/tasks/PHANTOM-M1-CHECKPOINT-RECOVERY-025/evidence/E_CRASH_RECOVERY1_DISCOVERY/0025-SNAPSHOT_PHANTOMS.xml	35305	9b41f0e91cdb542c8537103a355f8bd30bb3364eb4e919b37c9f5e847d489f0a	False
L2J_Mobius_CT_2.6_HighFive/docs/phantoms/tasks/PHANTOM-M1-CHECKPOINT-RECOVERY-025/evidence/E_CRASH_RECOVERY1_DISCOVERY/0026-SNAPSHOT_PHANTOMS.json	38510	f69eba3d65585e0323a7244769598a3b4963857807b7d226a1a22d36f026e5cc	False
L2J_Mobius_CT_2.6_HighFive/docs/phantoms/tasks/PHANTOM-M1-CHECKPOINT-RECOVERY-025/evidence/E_CRASH_RECOVERY1_DISCOVERY/0026-SNAPSHOT_PHANTOMS.xml	36578	018189ca978c731339bdff9e5cdd4fafa13b5fe85068bdff62212f9bc4593d88	False
L2J_Mobius_CT_2.6_HighFive/docs/phantoms/tasks/PHANTOM-M1-CHECKPOINT-RECOVERY-025/evidence/E_CRASH_RECOVERY1_DISCOVERY/0027-SNAPSHOT_PHANTOMS.json	39431	83f98bbdb58d4ac117abd0c72abf06085f8ba32971f42931438478737e5020bd	False
L2J_Mobius_CT_2.6_HighFive/docs/phantoms/tasks/PHANTOM-M1-CHECKPOINT-RECOVERY-025/evidence/E_CRASH_RECOVERY1_DISCOVERY/0027-SNAPSHOT_PHANTOMS.xml	37457	f3748927cf93b488b945fe93af220487743b676c9b0adc76aea794a4c5e857df	False
L2J_Mobius_CT_2.6_HighFive/docs/phantoms/tasks/PHANTOM-M1-CHECKPOINT-RECOVERY-025/evidence/E_CRASH_RECOVERY1_DISCOVERY/0028-SNAPSHOT_PHANTOMS.json	39606	2a64f48197de3001fa12b7ed3aad2c143579beb3541201b928d0a57b183907cb	False
L2J_Mobius_CT_2.6_HighFive/docs/phantoms/tasks/PHANTOM-M1-CHECKPOINT-RECOVERY-025/evidence/E_CRASH_RECOVERY1_DISCOVERY/0028-SNAPSHOT_PHANTOMS.xml	37632	f43c4860a8f76591c157bfe93f798622ba68d8be376c11d94021e8284a0fd55c	False
L2J_Mobius_CT_2.6_HighFive/docs/phantoms/tasks/PHANTOM-M1-CHECKPOINT-RECOVERY-025/evidence/E_CRASH_RECOVERY1_DISCOVERY/0029-SNAPSHOT_PHANTOMS.json	38989	098a90bcabd92c8ea0cfc1bec3bb7318a4dd74fab0db93c781d21ec89807eaa7	False
L2J_Mobius_CT_2.6_HighFive/docs/phantoms/tasks/PHANTOM-M1-CHECKPOINT-RECOVERY-025/evidence/E_CRASH_RECOVERY1_DISCOVERY/0029-SNAPSHOT_PHANTOMS.xml	37029	8a4bac64a4b6cc46da45ba5e8f6bb489f07badcf57b6c3f02c01712506987ede	False
L2J_Mobius_CT_2.6_HighFive/docs/phantoms/tasks/PHANTOM-M1-CHECKPOINT-RECOVERY-025/evidence/E_CRASH_RECOVERY1_DISCOVERY/0030-SNAPSHOT_PHANTOMS.json	38895	cffe3517d769e7daa780f680676e446fa1c3d580f92ce031547d5da9489ba0f5	False
L2J_Mobius_CT_2.6_HighFive/docs/phantoms/tasks/PHANTOM-M1-CHECKPOINT-RECOVERY-025/evidence/E_CRASH_RECOVERY1_DISCOVERY/0030-SNAPSHOT_PHANTOMS.xml	36935	450e1e8d0158274602c3453e575e746af008da9fe1b940ee1046f2cc0222b8dd	False
L2J_Mobius_CT_2.6_HighFive/docs/phantoms/tasks/PHANTOM-M1-CHECKPOINT-RECOVERY-025/evidence/E_CRASH_RECOVERY1_DISCOVERY/0031-SNAPSHOT_PHANTOMS.json	39530	ecbbd641847343f34c47f6f568d6dd56baeaa69eb7535940f1492c4658450876	False
L2J_Mobius_CT_2.6_HighFive/docs/phantoms/tasks/PHANTOM-M1-CHECKPOINT-RECOVERY-025/evidence/E_CRASH_RECOVERY1_DISCOVERY/0031-SNAPSHOT_PHANTOMS.xml	37556	153d4452cfdb02d0b1939242b7842f192a3da4ba670ee4e30b18c282d9271112	False
L2J_Mobius_CT_2.6_HighFive/docs/phantoms/tasks/PHANTOM-M1-CHECKPOINT-RECOVERY-025/evidence/E_CRASH_RECOVERY1_DISCOVERY/0032-SNAPSHOT_PHANTOMS.json	39160	4ec6cf9df932d6c93766824fea7f0d7ce584c47bd787d2613d560249ad98d243	False
L2J_Mobius_CT_2.6_HighFive/docs/phantoms/tasks/PHANTOM-M1-CHECKPOINT-RECOVERY-025/evidence/E_CRASH_RECOVERY1_DISCOVERY/0032-SNAPSHOT_PHANTOMS.xml	37186	9de04590f3780dfba7d54f29b6e31c0cbe4229c203e5b653cb20c2927855e73a	False
L2J_Mobius_CT_2.6_HighFive/docs/phantoms/tasks/PHANTOM-M1-CHECKPOINT-RECOVERY-025/evidence/E_CRASH_RECOVERY1_DISCOVERY/0033-SNAPSHOT_PHANTOMS.json	39083	0e2d2dd84072239a619ce8706a369ce88963cfa59ffa3dd45fcbd0d72b1b7467	False
L2J_Mobius_CT_2.6_HighFive/docs/phantoms/tasks/PHANTOM-M1-CHECKPOINT-RECOVERY-025/evidence/E_CRASH_RECOVERY1_DISCOVERY/0033-SNAPSHOT_PHANTOMS.xml	37109	21206e4b423afecdf6103afe45b4c65fbec7c6070132fb9f873e11293a611060	False
L2J_Mobius_CT_2.6_HighFive/docs/phantoms/tasks/PHANTOM-M1-CHECKPOINT-RECOVERY-025/evidence/E_CRASH_RECOVERY1_DISCOVERY/all-samples.json	1150884	effb684beb3851ec185c4fd5aa19365269b61de35edec53f3301e2696ae64b2f	False
L2J_Mobius_CT_2.6_HighFive/docs/phantoms/tasks/PHANTOM-M1-CHECKPOINT-RECOVERY-025/evidence/E_CRASH_RECOVERY1_DISCOVERY/baseline-cohort.json	29503	7d30a0c4434e7b207adb1c752dd43aca8d1e91393a7a96d0c2dc367c15c8b9c3	False
L2J_Mobius_CT_2.6_HighFive/docs/phantoms/tasks/PHANTOM-M1-CHECKPOINT-RECOVERY-025/evidence/E_CRASH_RECOVERY1_DISCOVERY/baseline-inventory.tsv	6150	7a391ff5c975391bc07cbee18f4b59e7e8ebb70158deb489d189ce98b53529bf	False
L2J_Mobius_CT_2.6_HighFive/docs/phantoms/tasks/PHANTOM-M1-CHECKPOINT-RECOVERY-025/evidence/E_CRASH_RECOVERY1_DISCOVERY/cohort-002.json	36417	de02f51c385c961c15bd72e4f96e73c21ca5e1e86aad83f123b8acbdbb0b19bb	False
L2J_Mobius_CT_2.6_HighFive/docs/phantoms/tasks/PHANTOM-M1-CHECKPOINT-RECOVERY-025/evidence/E_CRASH_RECOVERY1_DISCOVERY/cohort-003.json	36247	febe8d79b37ea7a414e0434751e64fc719255c8012f258a233651c23e893ced6	False
L2J_Mobius_CT_2.6_HighFive/docs/phantoms/tasks/PHANTOM-M1-CHECKPOINT-RECOVERY-025/evidence/E_CRASH_RECOVERY1_DISCOVERY/cohort-004.json	36129	8ba5a053f1d516ea57f35cd1bbcc184d4d0a3643834eaaccde84f389509ef2c6	False
L2J_Mobius_CT_2.6_HighFive/docs/phantoms/tasks/PHANTOM-M1-CHECKPOINT-RECOVERY-025/evidence/E_CRASH_RECOVERY1_DISCOVERY/cohort-005.json	35863	76989865dfe490b589df3ca60e745d5fe0876f8530d2a3d406689b859515e03a	False
L2J_Mobius_CT_2.6_HighFive/docs/phantoms/tasks/PHANTOM-M1-CHECKPOINT-RECOVERY-025/evidence/E_CRASH_RECOVERY1_DISCOVERY/cohort-006.json	30859	aa147f7b9f58ecfb437cb8cbb41b1fc020d434b085eb09f1f37b758324896c56	False
L2J_Mobius_CT_2.6_HighFive/docs/phantoms/tasks/PHANTOM-M1-CHECKPOINT-RECOVERY-025/evidence/E_CRASH_RECOVERY1_DISCOVERY/cohort-007.json	31903	ea355b7d0a19e5c209f3b847666cc100d71b94c59299c2d13c9209211bad30d0	False
L2J_Mobius_CT_2.6_HighFive/docs/phantoms/tasks/PHANTOM-M1-CHECKPOINT-RECOVERY-025/evidence/E_CRASH_RECOVERY1_DISCOVERY/cohort-008.json	31790	7165b78c0185752bbaf7c85386eb8020a52e454482efff95a226a3a4df0a1ef8	False
L2J_Mobius_CT_2.6_HighFive/docs/phantoms/tasks/PHANTOM-M1-CHECKPOINT-RECOVERY-025/evidence/E_CRASH_RECOVERY1_DISCOVERY/cohort-009.json	37076	93db37479386380b8cf8b1b90dd22026f66a4f7edf993598b5362316c75adcdf	False
L2J_Mobius_CT_2.6_HighFive/docs/phantoms/tasks/PHANTOM-M1-CHECKPOINT-RECOVERY-025/evidence/E_CRASH_RECOVERY1_DISCOVERY/cohort-010.json	36717	b779d404e6c638c403e14500d6b5ad15ba5dac6cb61da5f9395e83784229072e	False
L2J_Mobius_CT_2.6_HighFive/docs/phantoms/tasks/PHANTOM-M1-CHECKPOINT-RECOVERY-025/evidence/E_CRASH_RECOVERY1_DISCOVERY/cohort-011.json	36644	9bd0cdc7ba5173ed95f56c14b4e7db46a5d0f113070e72129d2747d8d4378dc7	False
L2J_Mobius_CT_2.6_HighFive/docs/phantoms/tasks/PHANTOM-M1-CHECKPOINT-RECOVERY-025/evidence/E_CRASH_RECOVERY1_DISCOVERY/cohort-012.json	37109	ad133670d3b2cbf68282b6d8e83605389d42f9d57ea237b95875153f27c71528	False
L2J_Mobius_CT_2.6_HighFive/docs/phantoms/tasks/PHANTOM-M1-CHECKPOINT-RECOVERY-025/evidence/E_CRASH_RECOVERY1_DISCOVERY/cohort-013.json	37271	563661a27d87d19c90ee83a29d70a8950226e7b9a25c7b4bd20e1ecf0d3006f5	False
L2J_Mobius_CT_2.6_HighFive/docs/phantoms/tasks/PHANTOM-M1-CHECKPOINT-RECOVERY-025/evidence/E_CRASH_RECOVERY1_DISCOVERY/cohort-014.json	37543	0a31ca92e9947c5cb82c5e511f43f60c62fd5e89e942a88b9257362cf68656e5	False
L2J_Mobius_CT_2.6_HighFive/docs/phantoms/tasks/PHANTOM-M1-CHECKPOINT-RECOVERY-025/evidence/E_CRASH_RECOVERY1_DISCOVERY/cohort-015.json	36998	985ed3e5f82e11d02526b9b340c121ca1f325f03d966e77b10d915c80302cc50	False
L2J_Mobius_CT_2.6_HighFive/docs/phantoms/tasks/PHANTOM-M1-CHECKPOINT-RECOVERY-025/evidence/E_CRASH_RECOVERY1_DISCOVERY/cohort-016.json	36342	9044158496aae5275f544ba95555c132026cc6aeff843aa78902b3adb7a4da82	False
L2J_Mobius_CT_2.6_HighFive/docs/phantoms/tasks/PHANTOM-M1-CHECKPOINT-RECOVERY-025/evidence/E_CRASH_RECOVERY1_DISCOVERY/cohort-017.json	37031	95551176e08f6e00c8e111ed7045be01bc16ad62f600b829d056b248974b2df1	False
L2J_Mobius_CT_2.6_HighFive/docs/phantoms/tasks/PHANTOM-M1-CHECKPOINT-RECOVERY-025/evidence/E_CRASH_RECOVERY1_DISCOVERY/cohort-018.json	36882	e325841cce4965e29bafd3330301576317acb60b1631c8b6e553aa6225f4f5e5	False
L2J_Mobius_CT_2.6_HighFive/docs/phantoms/tasks/PHANTOM-M1-CHECKPOINT-RECOVERY-025/evidence/E_CRASH_RECOVERY1_DISCOVERY/cohort-019.json	36741	35200fe9b28da1e8a90577cd5322e8cb14fc3de5455e24878b4be4909da4e388	False
L2J_Mobius_CT_2.6_HighFive/docs/phantoms/tasks/PHANTOM-M1-CHECKPOINT-RECOVERY-025/evidence/E_CRASH_RECOVERY1_DISCOVERY/cohort-020.json	36795	0dd0dc735751e1f867825954b60490c10f272ae874d396bb8fb2563ef2f3405d	False
L2J_Mobius_CT_2.6_HighFive/docs/phantoms/tasks/PHANTOM-M1-CHECKPOINT-RECOVERY-025/evidence/E_CRASH_RECOVERY1_DISCOVERY/cohort-021.json	36430	1fbc958674f4e2a729493b1d608534e0a8990efc2416c349c6822501e3a29ac4	False
L2J_Mobius_CT_2.6_HighFive/docs/phantoms/tasks/PHANTOM-M1-CHECKPOINT-RECOVERY-025/evidence/E_CRASH_RECOVERY1_DISCOVERY/cohort-022.json	36613	2a3a967732564231852ca2f62b57273404dc655d34d77dcc419cf50ec187436f	False
L2J_Mobius_CT_2.6_HighFive/docs/phantoms/tasks/PHANTOM-M1-CHECKPOINT-RECOVERY-025/evidence/E_CRASH_RECOVERY1_DISCOVERY/cohort-023.json	37891	d0e6f98a7ca7d9147c31398ed754eecd1e94d3a0f26fd338296b0a1436f8fe02	False
L2J_Mobius_CT_2.6_HighFive/docs/phantoms/tasks/PHANTOM-M1-CHECKPOINT-RECOVERY-025/evidence/E_CRASH_RECOVERY1_DISCOVERY/cohort-024.json	38829	90f5eb097a1d7b18e3d8082468fc6dc30593cb51edb6a0b245d6cc7b7008f78c	False
L2J_Mobius_CT_2.6_HighFive/docs/phantoms/tasks/PHANTOM-M1-CHECKPOINT-RECOVERY-025/evidence/E_CRASH_RECOVERY1_DISCOVERY/cohort-025.json	39002	0797adcd417ede30d2ecc7a5d3efdae6acd86d58815fbba1312a0a976e6262bd	False
L2J_Mobius_CT_2.6_HighFive/docs/phantoms/tasks/PHANTOM-M1-CHECKPOINT-RECOVERY-025/evidence/E_CRASH_RECOVERY1_DISCOVERY/cohort-026.json	38386	734d21c3da363bbbe785d6ebfa6c419d9da3aa7207edd2d321e3061c8c815c6d	False
L2J_Mobius_CT_2.6_HighFive/docs/phantoms/tasks/PHANTOM-M1-CHECKPOINT-RECOVERY-025/evidence/E_CRASH_RECOVERY1_DISCOVERY/cohort-027.json	38283	11b955beccef0fe17f905b597b05b4057fa89d7a3da14fae351eb92e5155d9d4	False
L2J_Mobius_CT_2.6_HighFive/docs/phantoms/tasks/PHANTOM-M1-CHECKPOINT-RECOVERY-025/evidence/E_CRASH_RECOVERY1_DISCOVERY/cohort-028.json	38925	9d5908361f3359c997cd40299484f3307f8a912dadc853089df177e7a60d7bea	False
L2J_Mobius_CT_2.6_HighFive/docs/phantoms/tasks/PHANTOM-M1-CHECKPOINT-RECOVERY-025/evidence/E_CRASH_RECOVERY1_DISCOVERY/cohort-029.json	38555	36cd17f135419c84d63004bc78faa6ff6d55241d2d0498c060a1ca30a02b374d	False
L2J_Mobius_CT_2.6_HighFive/docs/phantoms/tasks/PHANTOM-M1-CHECKPOINT-RECOVERY-025/evidence/E_CRASH_RECOVERY1_DISCOVERY/cohort-030.json	38479	8ea535f22611306c0d7da9004263b485141f6f7f8e272704df7eee455f03f195	False
L2J_Mobius_CT_2.6_HighFive/docs/phantoms/tasks/PHANTOM-M1-CHECKPOINT-RECOVERY-025/evidence/E_CRASH_RECOVERY1_DISCOVERY/discovery-result.json	169	59d19a393a77b41c3fd548e57895856a51ff98e01d9236bea3aa48acabd78e31	False
L2J_Mobius_CT_2.6_HighFive/docs/phantoms/tasks/PHANTOM-M1-CHECKPOINT-RECOVERY-025/evidence/E_CRASH_RECOVERY1_DISCOVERY/heartbeat-control.log	566	54b5f992dbc292aefc4129db13337eec5bde56a7ce4200ee0b4a0f4533190045	False
L2J_Mobius_CT_2.6_HighFive/docs/phantoms/tasks/PHANTOM-M1-CHECKPOINT-RECOVERY-025/evidence/E_CRASH_RECOVERY1_DISCOVERY/primary.json	9965	5a891142989a0e69bb961737986cf15c9a9337b78bba851e95b07f15066fb3de	False
L2J_Mobius_CT_2.6_HighFive/docs/phantoms/tasks/PHANTOM-M1-CHECKPOINT-RECOVERY-025/evidence/E_CRASH_RECOVERY1_DISCOVERY/run-id.txt	38	f0b2f912374e92296d49b12c5be942b47185f4f1ae71e9edefe556b2bb9b3b40	False
L2J_Mobius_CT_2.6_HighFive/docs/phantoms/tasks/PHANTOM-M1-CHECKPOINT-RECOVERY-025/evidence/E_CRASH_RECOVERY1_DISCOVERY/sampling-result.json	364	b84eaa26fad230922cbcecc3a0cb6d07fc0957ffc56587f922071fb1e34fd620	False
L2J_Mobius_CT_2.6_HighFive/docs/phantoms/tasks/PHANTOM-M1-CHECKPOINT-RECOVERY-025/evidence/E_CRASH_RECOVERY1_DISCOVERY/synthetic-start.json	112	84bcb1f8cda1bf86f22f1db144ecc833b1e035893c6afd2b96c4adb99cf3b76b	False
L2J_Mobius_CT_2.6_HighFive/docs/phantoms/tasks/PHANTOM-M1-CHECKPOINT-RECOVERY-025/evidence/E_CRASH_RECOVERY1_DISCOVERY/synthetic-stop.json	114	4f52e8897cdf0ed5f1a9bc102dec749662b6e8b9a249b8778c8470965643fed0	False
L2J_Mobius_CT_2.6_HighFive/docs/phantoms/tasks/PHANTOM-M1-CHECKPOINT-RECOVERY-025/evidence/E_CRASH_RECOVERY1_DISCOVERY.log	98	e6844ef17a635bfd2bee5445a77e64fe1effa2406911ed7d961eab2c442c0e8f	False
L2J_Mobius_CT_2.6_HighFive/docs/phantoms/tasks/PHANTOM-M1-CHECKPOINT-RECOVERY-025/evidence/E_CRASH_RECOVERY1_EARLY_EXACT.json	1085	de005c5a3aee1da2ac34d0dee65ad3b98772909b2fba0788bfadaba1fc081c98	False
L2J_Mobius_CT_2.6_HighFive/docs/phantoms/tasks/PHANTOM-M1-CHECKPOINT-RECOVERY-025/evidence/E_CRASH_RECOVERY1_EARLY_EXPORT.log	758	137ea5d0457ede6e636def6163cde79225683eb390402d09f73c20299a71f64b	False
L2J_Mobius_CT_2.6_HighFive/docs/phantoms/tasks/PHANTOM-M1-CHECKPOINT-RECOVERY-025/evidence/E_CRASH_RECOVERY1_EARLY_SQL/characters.tsv	220	697ca33a6150b477445c3e6d758d775d53f75b7cba631323c15057dc27f89eea	False
L2J_Mobius_CT_2.6_HighFive/docs/phantoms/tasks/PHANTOM-M1-CHECKPOINT-RECOVERY-025/evidence/E_CRASH_RECOVERY1_EARLY_SQL/counts.tsv	91	142b42eee08eda90520a84daf78553202b70c29a81f29ac0b85c90fe1c4ccb67	False
L2J_Mobius_CT_2.6_HighFive/docs/phantoms/tasks/PHANTOM-M1-CHECKPOINT-RECOVERY-025/evidence/E_CRASH_RECOVERY1_EARLY_SQL/durable-decoded.tsv	413	20667e868d5c533ac2b949300c11732a1655bcb17cc3701b87d2f54b18e4e5ea	False
L2J_Mobius_CT_2.6_HighFive/docs/phantoms/tasks/PHANTOM-M1-CHECKPOINT-RECOVERY-025/evidence/E_CRASH_RECOVERY1_EARLY_SQL/durable-hex.tsv	2379	6d33a459e76396ee223c5d423091677832a00efff1e57630f66ef90c2a6a166d	False
L2J_Mobius_CT_2.6_HighFive/docs/phantoms/tasks/PHANTOM-M1-CHECKPOINT-RECOVERY-025/evidence/E_CRASH_RECOVERY1_EARLY_SQL/items.tsv	534	a2ec194d35007a480cecb9a9b2d6f7480f6150c7eca0552a44b7a0329a5ea668	False
L2J_Mobius_CT_2.6_HighFive/docs/phantoms/tasks/PHANTOM-M1-CHECKPOINT-RECOVERY-025/evidence/E_CRASH_RECOVERY1_EARLY_SQL/runtime-manifest.json	977	a4d03105ce5a1d72dc245d91794ad03ef47d11d771fac4ee198e62b3fae0b214	False
L2J_Mobius_CT_2.6_HighFive/docs/phantoms/tasks/PHANTOM-M1-CHECKPOINT-RECOVERY-025/evidence/E_CRASH_RECOVERY1_EARLY_SQL/skills.tsv	239	53dc23d21ded562bb26c88432555b5170f8c5132b04dbaee81822f86cf764733	False
L2J_Mobius_CT_2.6_HighFive/docs/phantoms/tasks/PHANTOM-M1-CHECKPOINT-RECOVERY-025/evidence/E_CRASH_RECOVERY1_START.log	343	0a20efaca69af868e74d8d7aaafc7bbae2d5d6691793c66e62f2c663b4300971	False
L2J_Mobius_CT_2.6_HighFive/docs/phantoms/tasks/PHANTOM-M1-CHECKPOINT-RECOVERY-025/evidence/E_CRASH_RECOVERY1_STOP.log	325	633fc6deb67380708a2fad3a66696925878af2239716e95de632fdbeba9a0d3a	False
L2J_Mobius_CT_2.6_HighFive/docs/phantoms/tasks/PHANTOM-M1-CHECKPOINT-RECOVERY-025/evidence/E_CRASH_RECOVERY1_STOP_DUMPS/dump-control.log	192	ab3e3eb6b16f6e9d09fc50531038427a69eedb8fcb21dc19fe4ce313d46c1834	False
L2J_Mobius_CT_2.6_HighFive/docs/phantoms/tasks/PHANTOM-M1-CHECKPOINT-RECOVERY-025/evidence/E_CRASH_RECOVERY1_STOP_DUMPS/exact-process.json	158	357256814d60a2dbe28bf00c1cec0e52e0dd0c6777f9c71def2d8445653693a5	False
L2J_Mobius_CT_2.6_HighFive/docs/phantoms/tasks/PHANTOM-M1-CHECKPOINT-RECOVERY-025/evidence/E_CRASH_RECOVERY1_STOP_DUMPS/threads-0.txt	207948	9977f013fe78fe3cceed22dab9970e8607c06f143166e4751d3f776574685859	False
L2J_Mobius_CT_2.6_HighFive/docs/phantoms/tasks/PHANTOM-M1-CHECKPOINT-RECOVERY-025/evidence/E_CRASH_RECOVERY1_STOP_DUMPS/threads-1.txt	207740	3b32d4780e427bfc16a405a543042e12de3497377cd041d164953671acc5b35e	False
L2J_Mobius_CT_2.6_HighFive/docs/phantoms/tasks/PHANTOM-M1-CHECKPOINT-RECOVERY-025/evidence/E_CRASH_RECOVERY1_STOP_DUMPS/threads-2.txt	18809	c5c011dc9eae100c28c3f170646e8f52e515439c897d5d2521114c28a8014388	False
L2J_Mobius_CT_2.6_HighFive/docs/phantoms/tasks/PHANTOM-M1-CHECKPOINT-RECOVERY-025/evidence/E_CRASH_RECOVERY1_STOP_DUMPS/threads-3.txt	18773	494323d34dd77920bf71a1012f23ecfd6b90760076afc3703ba215ce29ec7d99	False
L2J_Mobius_CT_2.6_HighFive/docs/phantoms/tasks/PHANTOM-M1-CHECKPOINT-RECOVERY-025/evidence/E_CRASH_RECOVERY1_STOPPED_EXPORT.log	760	51f97d17c092499269dea4245486f032cf7a0dd036d5bd52a230aaa4f06be6f1	False
L2J_Mobius_CT_2.6_HighFive/docs/phantoms/tasks/PHANTOM-M1-CHECKPOINT-RECOVERY-025/evidence/E_CRASH_RECOVERY1_STOPPED_SQL/characters.tsv	220	697ca33a6150b477445c3e6d758d775d53f75b7cba631323c15057dc27f89eea	False
L2J_Mobius_CT_2.6_HighFive/docs/phantoms/tasks/PHANTOM-M1-CHECKPOINT-RECOVERY-025/evidence/E_CRASH_RECOVERY1_STOPPED_SQL/counts.tsv	91	105dca8a4e6237c70917b7c17053a48b2d55a4590998d405fcf752ec971f0897	False
L2J_Mobius_CT_2.6_HighFive/docs/phantoms/tasks/PHANTOM-M1-CHECKPOINT-RECOVERY-025/evidence/E_CRASH_RECOVERY1_STOPPED_SQL/durable-decoded.tsv	413	20667e868d5c533ac2b949300c11732a1655bcb17cc3701b87d2f54b18e4e5ea	False
L2J_Mobius_CT_2.6_HighFive/docs/phantoms/tasks/PHANTOM-M1-CHECKPOINT-RECOVERY-025/evidence/E_CRASH_RECOVERY1_STOPPED_SQL/durable-hex.tsv	2379	6d33a459e76396ee223c5d423091677832a00efff1e57630f66ef90c2a6a166d	False
L2J_Mobius_CT_2.6_HighFive/docs/phantoms/tasks/PHANTOM-M1-CHECKPOINT-RECOVERY-025/evidence/E_CRASH_RECOVERY1_STOPPED_SQL/items.tsv	534	a2ec194d35007a480cecb9a9b2d6f7480f6150c7eca0552a44b7a0329a5ea668	False
L2J_Mobius_CT_2.6_HighFive/docs/phantoms/tasks/PHANTOM-M1-CHECKPOINT-RECOVERY-025/evidence/E_CRASH_RECOVERY1_STOPPED_SQL/runtime-manifest.json	977	a4d03105ce5a1d72dc245d91794ad03ef47d11d771fac4ee198e62b3fae0b214	False
L2J_Mobius_CT_2.6_HighFive/docs/phantoms/tasks/PHANTOM-M1-CHECKPOINT-RECOVERY-025/evidence/E_CRASH_RECOVERY1_STOPPED_SQL/skills.tsv	239	53dc23d21ded562bb26c88432555b5170f8c5132b04dbaee81822f86cf764733	False
L2J_Mobius_CT_2.6_HighFive/docs/phantoms/tasks/PHANTOM-M1-CHECKPOINT-RECOVERY-025/evidence/E_CRASH_RECOVERY2_EARLY_EXACT.json	1085	de005c5a3aee1da2ac34d0dee65ad3b98772909b2fba0788bfadaba1fc081c98	False
L2J_Mobius_CT_2.6_HighFive/docs/phantoms/tasks/PHANTOM-M1-CHECKPOINT-RECOVERY-025/evidence/E_CRASH_RECOVERY2_EARLY_EXPORT.log	758	8d998a09e932417c7a723f2f792caa136e72e6d8dacbfe1fe54c028a3e134692	False
L2J_Mobius_CT_2.6_HighFive/docs/phantoms/tasks/PHANTOM-M1-CHECKPOINT-RECOVERY-025/evidence/E_CRASH_RECOVERY2_EARLY_SQL/characters.tsv	220	697ca33a6150b477445c3e6d758d775d53f75b7cba631323c15057dc27f89eea	False
L2J_Mobius_CT_2.6_HighFive/docs/phantoms/tasks/PHANTOM-M1-CHECKPOINT-RECOVERY-025/evidence/E_CRASH_RECOVERY2_EARLY_SQL/counts.tsv	91	105dca8a4e6237c70917b7c17053a48b2d55a4590998d405fcf752ec971f0897	False
L2J_Mobius_CT_2.6_HighFive/docs/phantoms/tasks/PHANTOM-M1-CHECKPOINT-RECOVERY-025/evidence/E_CRASH_RECOVERY2_EARLY_SQL/durable-decoded.tsv	413	20667e868d5c533ac2b949300c11732a1655bcb17cc3701b87d2f54b18e4e5ea	False
L2J_Mobius_CT_2.6_HighFive/docs/phantoms/tasks/PHANTOM-M1-CHECKPOINT-RECOVERY-025/evidence/E_CRASH_RECOVERY2_EARLY_SQL/durable-hex.tsv	2379	6d33a459e76396ee223c5d423091677832a00efff1e57630f66ef90c2a6a166d	False
L2J_Mobius_CT_2.6_HighFive/docs/phantoms/tasks/PHANTOM-M1-CHECKPOINT-RECOVERY-025/evidence/E_CRASH_RECOVERY2_EARLY_SQL/items.tsv	534	a2ec194d35007a480cecb9a9b2d6f7480f6150c7eca0552a44b7a0329a5ea668	False
L2J_Mobius_CT_2.6_HighFive/docs/phantoms/tasks/PHANTOM-M1-CHECKPOINT-RECOVERY-025/evidence/E_CRASH_RECOVERY2_EARLY_SQL/runtime-manifest.json	977	a4d03105ce5a1d72dc245d91794ad03ef47d11d771fac4ee198e62b3fae0b214	False
L2J_Mobius_CT_2.6_HighFive/docs/phantoms/tasks/PHANTOM-M1-CHECKPOINT-RECOVERY-025/evidence/E_CRASH_RECOVERY2_EARLY_SQL/skills.tsv	239	53dc23d21ded562bb26c88432555b5170f8c5132b04dbaee81822f86cf764733	False
L2J_Mobius_CT_2.6_HighFive/docs/phantoms/tasks/PHANTOM-M1-CHECKPOINT-RECOVERY-025/evidence/E_CRASH_RECOVERY2_IDEMPOTENCE.json	1192	6083f4add9d0fbf8a8fe42086edbf449622dd61607256469f2f3d4f49ba90731	False
L2J_Mobius_CT_2.6_HighFive/docs/phantoms/tasks/PHANTOM-M1-CHECKPOINT-RECOVERY-025/evidence/E_CRASH_RECOVERY2_START.log	343	ff97e1a14051ee917e89a7dc309cdafabcbbdc347599734b669a92bc87ede51e	False
L2J_Mobius_CT_2.6_HighFive/docs/phantoms/tasks/PHANTOM-M1-CHECKPOINT-RECOVERY-025/evidence/E_CRASH_RECOVERY2_STOP.log	325	c20c0e1756447b0f77f5cdf0ea3be6d72befa67655ffc7199f569e76acc81493	False
L2J_Mobius_CT_2.6_HighFive/docs/phantoms/tasks/PHANTOM-M1-CHECKPOINT-RECOVERY-025/evidence/E_CRASH_SELECTED_COHORT.json	5675	84c4746a49f1ead38f6c8c6b0a25afc15be3458a25c9659de706ec83a01b4919	False
L2J_Mobius_CT_2.6_HighFive/docs/phantoms/tasks/PHANTOM-M1-CHECKPOINT-RECOVERY-025/evidence/E_CRASH_SELECTED_COHORT272.json	5062	8aaf47b1b5942cb0dd73b7ea83d11186bfa86237163a723b7bce95257e6a3850	False
L2J_Mobius_CT_2.6_HighFive/docs/phantoms/tasks/PHANTOM-M1-CHECKPOINT-RECOVERY-025/evidence/E_R4_FRESH_CRASH_ATTACH.log	45	c5ba03bb26ac0bcb8c491ea81177fa7ac7df7d8c47b474e9045c52a92f4e1d2d	False
L2J_Mobius_CT_2.6_HighFive/docs/phantoms/tasks/PHANTOM-M1-CHECKPOINT-RECOVERY-025/evidence/E_R4_FRESH_CRASH_DISCOVERY/0001-STATUS.json	1227	ba9a7b1e4debc1ce03001bafbdea21cb8aebc7ab9072b31e6daebf7411594672	False
L2J_Mobius_CT_2.6_HighFive/docs/phantoms/tasks/PHANTOM-M1-CHECKPOINT-RECOVERY-025/evidence/E_R4_FRESH_CRASH_DISCOVERY/0001-STATUS.xml	1177	96a6e6a9e5e633e74cfd5053a6517c34ce37d32f359188f9e81b5cd608a018d4	False
L2J_Mobius_CT_2.6_HighFive/docs/phantoms/tasks/PHANTOM-M1-CHECKPOINT-RECOVERY-025/evidence/E_R4_FRESH_CRASH_DISCOVERY/0002-TELEPORT_SELF.json	1160	a54aea9271fde95d8f628a1fd4c25d60900921a6c29714421a3fad16bfabbfe2	False
L2J_Mobius_CT_2.6_HighFive/docs/phantoms/tasks/PHANTOM-M1-CHECKPOINT-RECOVERY-025/evidence/E_R4_FRESH_CRASH_DISCOVERY/0002-TELEPORT_SELF.xml	1120	d0d52b7649d9e4b52e7e5bd71156e0d2bb1acb646e7c8c5fe4b7c52896714603	False
L2J_Mobius_CT_2.6_HighFive/docs/phantoms/tasks/PHANTOM-M1-CHECKPOINT-RECOVERY-025/evidence/E_R4_FRESH_CRASH_DISCOVERY/0003-STATUS.json	1227	e6038c646fa9e73599a1ea20ff72e0c2198f68bef312f5748ef6f2f0a2f68fbf	False
L2J_Mobius_CT_2.6_HighFive/docs/phantoms/tasks/PHANTOM-M1-CHECKPOINT-RECOVERY-025/evidence/E_R4_FRESH_CRASH_DISCOVERY/0003-STATUS.xml	1177	85473f6ba1c0b43b4c5e51c8e75ff46f5c48f02d5d74c54652b4d465118c23a2	False
L2J_Mobius_CT_2.6_HighFive/docs/phantoms/tasks/PHANTOM-M1-CHECKPOINT-RECOVERY-025/evidence/E_R4_FRESH_CRASH_DISCOVERY/0004-SNAPSHOT_PHANTOMS.json	36287	fdc6ec685435ac05f2307a7a7bd1712a217daf16603f5b916d87b5658de57dd8	False
L2J_Mobius_CT_2.6_HighFive/docs/phantoms/tasks/PHANTOM-M1-CHECKPOINT-RECOVERY-025/evidence/E_R4_FRESH_CRASH_DISCOVERY/0004-SNAPSHOT_PHANTOMS.xml	34327	b1833821a665f938d9ff5149114a115a2fa525bd881d1c791df3a723457e6e36	False
L2J_Mobius_CT_2.6_HighFive/docs/phantoms/tasks/PHANTOM-M1-CHECKPOINT-RECOVERY-025/evidence/E_R4_FRESH_CRASH_DISCOVERY/0005-SNAPSHOT_PHANTOMS.json	36815	f516e879337444952e85903978b5e5f33d28bf9562a401fc095e81400c41fafc	False
L2J_Mobius_CT_2.6_HighFive/docs/phantoms/tasks/PHANTOM-M1-CHECKPOINT-RECOVERY-025/evidence/E_R4_FRESH_CRASH_DISCOVERY/0005-SNAPSHOT_PHANTOMS.xml	34855	da838a638d99278b6de2877a86c11fa4061b4b56202758e38f8843c4052968ee	False
L2J_Mobius_CT_2.6_HighFive/docs/phantoms/tasks/PHANTOM-M1-CHECKPOINT-RECOVERY-025/evidence/E_R4_FRESH_CRASH_DISCOVERY/0006-SNAPSHOT_PHANTOMS.json	41696	4d7ad8475234ebafb28204d9073f4b67a7337c176dfaad9cb41ece5419715dc1	False
L2J_Mobius_CT_2.6_HighFive/docs/phantoms/tasks/PHANTOM-M1-CHECKPOINT-RECOVERY-025/evidence/E_R4_FRESH_CRASH_DISCOVERY/0006-SNAPSHOT_PHANTOMS.xml	39464	5e481180d5fbb28ea9765266765299b9cdefe40fe1622a27b9733baa18f4c33d	False
L2J_Mobius_CT_2.6_HighFive/docs/phantoms/tasks/PHANTOM-M1-CHECKPOINT-RECOVERY-025/evidence/E_R4_FRESH_CRASH_DISCOVERY/0007-SNAPSHOT_PHANTOMS.json	1821	f6d276ae40ab9816686df10a890abe87f94a9fc13ec3d0a33ac8f0736ed920aa	False
L2J_Mobius_CT_2.6_HighFive/docs/phantoms/tasks/PHANTOM-M1-CHECKPOINT-RECOVERY-025/evidence/E_R4_FRESH_CRASH_DISCOVERY/0007-SNAPSHOT_PHANTOMS.xml	1723	aea280a8b8f1ef35e02b726392e12f564423aa70c7f09221dc9e7938fb955e96	False
L2J_Mobius_CT_2.6_HighFive/docs/phantoms/tasks/PHANTOM-M1-CHECKPOINT-RECOVERY-025/evidence/E_R4_FRESH_CRASH_DISCOVERY/0008-SNAPSHOT_PHANTOMS.json	42343	9d3accc7c8db9350c6f124b8a32429c9d38524ad3f0c26b4171d4e875e5bec44	False
L2J_Mobius_CT_2.6_HighFive/docs/phantoms/tasks/PHANTOM-M1-CHECKPOINT-RECOVERY-025/evidence/E_R4_FRESH_CRASH_DISCOVERY/0008-SNAPSHOT_PHANTOMS.xml	40111	93295bc51d8c2be94158ae23c3571f5813e8cc25d739385e0a5010b887b5537a	False
L2J_Mobius_CT_2.6_HighFive/docs/phantoms/tasks/PHANTOM-M1-CHECKPOINT-RECOVERY-025/evidence/E_R4_FRESH_CRASH_DISCOVERY/0009-SNAPSHOT_PHANTOMS.json	1697	716f7d2dc762001be839cd8f1155c2b7265c55a6187f81a31dc2faf20047fe3c	False
L2J_Mobius_CT_2.6_HighFive/docs/phantoms/tasks/PHANTOM-M1-CHECKPOINT-RECOVERY-025/evidence/E_R4_FRESH_CRASH_DISCOVERY/0009-SNAPSHOT_PHANTOMS.xml	1613	28e19c9ea7bb7e327039a225ff6b582fc5c75dc20dcab4d9670a64fdda536df2	False
L2J_Mobius_CT_2.6_HighFive/docs/phantoms/tasks/PHANTOM-M1-CHECKPOINT-RECOVERY-025/evidence/E_R4_FRESH_CRASH_DISCOVERY/0010-SNAPSHOT_PHANTOMS.json	42053	abe4f32e9e0d9a08b1af17850aeacd3ba4884bdf1f8f03f7956758835ce5dc32	False
L2J_Mobius_CT_2.6_HighFive/docs/phantoms/tasks/PHANTOM-M1-CHECKPOINT-RECOVERY-025/evidence/E_R4_FRESH_CRASH_DISCOVERY/0010-SNAPSHOT_PHANTOMS.xml	39849	af1f2709a256eef5bf6871ce864fc2ddd977bb837b49ba91d6a6c2046fae9fe8	False
L2J_Mobius_CT_2.6_HighFive/docs/phantoms/tasks/PHANTOM-M1-CHECKPOINT-RECOVERY-025/evidence/E_R4_FRESH_CRASH_DISCOVERY/0011-SNAPSHOT_PHANTOMS.json	1822	906e2f7dca4c97a2f45a306f4e21107b6bead5895649c31caadee1fdf2209633	False
L2J_Mobius_CT_2.6_HighFive/docs/phantoms/tasks/PHANTOM-M1-CHECKPOINT-RECOVERY-025/evidence/E_R4_FRESH_CRASH_DISCOVERY/0011-SNAPSHOT_PHANTOMS.xml	1724	1a237277026a190e436476e80af43f250bffd574854c76c043e0f7c63ede9c0a	False
L2J_Mobius_CT_2.6_HighFive/docs/phantoms/tasks/PHANTOM-M1-CHECKPOINT-RECOVERY-025/evidence/E_R4_FRESH_CRASH_DISCOVERY/0012-SNAPSHOT_PHANTOMS.json	41671	2f53cc8b0d6537c7823921b2a96131aa7495c52af0f621962563dee194d00853	False
L2J_Mobius_CT_2.6_HighFive/docs/phantoms/tasks/PHANTOM-M1-CHECKPOINT-RECOVERY-025/evidence/E_R4_FRESH_CRASH_DISCOVERY/0012-SNAPSHOT_PHANTOMS.xml	39467	02524b0d327f1633eebc8c1c812868af2a40e6817f069d6d49b07f5e915ad247	False
L2J_Mobius_CT_2.6_HighFive/docs/phantoms/tasks/PHANTOM-M1-CHECKPOINT-RECOVERY-025/evidence/E_R4_FRESH_CRASH_DISCOVERY/0013-SNAPSHOT_PHANTOMS.json	1822	77942e2fc445a652d210dc3a859a06c79487909b89082e4f600c658249293b7d	False
L2J_Mobius_CT_2.6_HighFive/docs/phantoms/tasks/PHANTOM-M1-CHECKPOINT-RECOVERY-025/evidence/E_R4_FRESH_CRASH_DISCOVERY/0013-SNAPSHOT_PHANTOMS.xml	1724	8df042915d2c70398263acc8c8cfcb0522f66046e4c6b00a414543daa9c5b960	False
L2J_Mobius_CT_2.6_HighFive/docs/phantoms/tasks/PHANTOM-M1-CHECKPOINT-RECOVERY-025/evidence/E_R4_FRESH_CRASH_DISCOVERY/0014-SNAPSHOT_PHANTOMS.json	41964	a9780d3b0115c523bc5109cff5bad4f03a58edc0a298ba8ff32c062b0cee59be	False
L2J_Mobius_CT_2.6_HighFive/docs/phantoms/tasks/PHANTOM-M1-CHECKPOINT-RECOVERY-025/evidence/E_R4_FRESH_CRASH_DISCOVERY/0014-SNAPSHOT_PHANTOMS.xml	39746	9185d6e9737657f60b0a119b7c69c25abc37b2c9cf65719af48dd7c5035b56a8	False
L2J_Mobius_CT_2.6_HighFive/docs/phantoms/tasks/PHANTOM-M1-CHECKPOINT-RECOVERY-025/evidence/E_R4_FRESH_CRASH_DISCOVERY/0015-SNAPSHOT_PHANTOMS.json	1822	5b887758ce826d026b0fbb8668b2ae2d171e914dc3597b2d723ef94bcc30c245	False
L2J_Mobius_CT_2.6_HighFive/docs/phantoms/tasks/PHANTOM-M1-CHECKPOINT-RECOVERY-025/evidence/E_R4_FRESH_CRASH_DISCOVERY/0015-SNAPSHOT_PHANTOMS.xml	1724	6e202ec1375067d306166460c11bd4c99a97b10acdae194e494f7628c04dc604	False
L2J_Mobius_CT_2.6_HighFive/docs/phantoms/tasks/PHANTOM-M1-CHECKPOINT-RECOVERY-025/evidence/E_R4_FRESH_CRASH_DISCOVERY/0016-SNAPSHOT_PHANTOMS.json	42673	421e38187ab0562432f4124fad66f0ecc5ff4208e23895f3dbc88611df6e3fa5	False
L2J_Mobius_CT_2.6_HighFive/docs/phantoms/tasks/PHANTOM-M1-CHECKPOINT-RECOVERY-025/evidence/E_R4_FRESH_CRASH_DISCOVERY/0016-SNAPSHOT_PHANTOMS.xml	40441	0926a0c6032f9a992ab04a3960e1554d242eab826eb59990e9d0d4c860cb241a	False
L2J_Mobius_CT_2.6_HighFive/docs/phantoms/tasks/PHANTOM-M1-CHECKPOINT-RECOVERY-025/evidence/E_R4_FRESH_CRASH_DISCOVERY/0017-SNAPSHOT_PHANTOMS.json	1703	325ae979a74dbf845ad4cc82d2f5d9db6eef1a5de3c70409de8b46b745460c09	False
L2J_Mobius_CT_2.6_HighFive/docs/phantoms/tasks/PHANTOM-M1-CHECKPOINT-RECOVERY-025/evidence/E_R4_FRESH_CRASH_DISCOVERY/0017-SNAPSHOT_PHANTOMS.xml	1619	14bcf3e23bbeb86d3f55986b6dbdbdee8ba9a3ba636cedf392eca501ed4ba815	False
L2J_Mobius_CT_2.6_HighFive/docs/phantoms/tasks/PHANTOM-M1-CHECKPOINT-RECOVERY-025/evidence/E_R4_FRESH_CRASH_DISCOVERY/0018-SNAPSHOT_PHANTOMS.json	42509	96058c4f9eb8b0842bc5a3fd1f64c5efb38495749d7cc49490dce37a95bea31f	False
L2J_Mobius_CT_2.6_HighFive/docs/phantoms/tasks/PHANTOM-M1-CHECKPOINT-RECOVERY-025/evidence/E_R4_FRESH_CRASH_DISCOVERY/0018-SNAPSHOT_PHANTOMS.xml	40277	a9417bcbac491434a8191287035fca7cace863f33e1dfb3d9b1ab5e3daf3f0b7	False
L2J_Mobius_CT_2.6_HighFive/docs/phantoms/tasks/PHANTOM-M1-CHECKPOINT-RECOVERY-025/evidence/E_R4_FRESH_CRASH_DISCOVERY/0019-SNAPSHOT_PHANTOMS.json	1704	e6332a6310158f0cc00a8694ccb49947accb8e502babbdaedbc1688a2fe6e9af	False
L2J_Mobius_CT_2.6_HighFive/docs/phantoms/tasks/PHANTOM-M1-CHECKPOINT-RECOVERY-025/evidence/E_R4_FRESH_CRASH_DISCOVERY/0019-SNAPSHOT_PHANTOMS.xml	1620	f31a3190f03c6bcc5621ba256bdfa5680e279aa28bcfc74a00c827c446c0e42c	False
L2J_Mobius_CT_2.6_HighFive/docs/phantoms/tasks/PHANTOM-M1-CHECKPOINT-RECOVERY-025/evidence/E_R4_FRESH_CRASH_DISCOVERY/0020-SNAPSHOT_PHANTOMS.json	42362	ded0ab414757fba11d553c9987f0ee933b8d10a09d842a5da0b0e5321d9203d8	False
L2J_Mobius_CT_2.6_HighFive/docs/phantoms/tasks/PHANTOM-M1-CHECKPOINT-RECOVERY-025/evidence/E_R4_FRESH_CRASH_DISCOVERY/0020-SNAPSHOT_PHANTOMS.xml	40116	a8a0d30b570f1d340bfb7a2b7caee9a134c8f8a26c5978aad7366f3f6dbe9dea	False
L2J_Mobius_CT_2.6_HighFive/docs/phantoms/tasks/PHANTOM-M1-CHECKPOINT-RECOVERY-025/evidence/E_R4_FRESH_CRASH_DISCOVERY/0021-SNAPSHOT_PHANTOMS.json	1701	ba980d34d99b97f0d7557aa85ecc20f11fd28027e5b7793d41fc3a2b2be14baf	False
L2J_Mobius_CT_2.6_HighFive/docs/phantoms/tasks/PHANTOM-M1-CHECKPOINT-RECOVERY-025/evidence/E_R4_FRESH_CRASH_DISCOVERY/0021-SNAPSHOT_PHANTOMS.xml	1617	3e9eedbd99c8f7818dc5b287ba14f8d50518a6081ccf02895fdd171f68a03213	False
L2J_Mobius_CT_2.6_HighFive/docs/phantoms/tasks/PHANTOM-M1-CHECKPOINT-RECOVERY-025/evidence/E_R4_FRESH_CRASH_DISCOVERY/0022-SNAPSHOT_PHANTOMS.json	42378	2b4612d87a447e3630a147bab45937e12bb2b4f715335e71630748fb0172cf9e	False
L2J_Mobius_CT_2.6_HighFive/docs/phantoms/tasks/PHANTOM-M1-CHECKPOINT-RECOVERY-025/evidence/E_R4_FRESH_CRASH_DISCOVERY/0022-SNAPSHOT_PHANTOMS.xml	40132	ce8295ea46e83a6a25996ba626aa6dc00149ab35b5f078ae208e5086b97c548a	False
L2J_Mobius_CT_2.6_HighFive/docs/phantoms/tasks/PHANTOM-M1-CHECKPOINT-RECOVERY-025/evidence/E_R4_FRESH_CRASH_DISCOVERY/0023-SNAPSHOT_PHANTOMS.json	1822	7fc6782f8899a49bc26e575a884dbf9c0da8bc1b160142bbc6437935f5e16848	False
L2J_Mobius_CT_2.6_HighFive/docs/phantoms/tasks/PHANTOM-M1-CHECKPOINT-RECOVERY-025/evidence/E_R4_FRESH_CRASH_DISCOVERY/0023-SNAPSHOT_PHANTOMS.xml	1724	437c549c01c98969fbfd3565b32411ea46d4d617ada5df70808666b6ad7853d6	False
L2J_Mobius_CT_2.6_HighFive/docs/phantoms/tasks/PHANTOM-M1-CHECKPOINT-RECOVERY-025/evidence/E_R4_FRESH_CRASH_DISCOVERY/0024-SNAPSHOT_PHANTOMS.json	41863	addb63c1cb222fcb8fce2304ab1b0f53d12b3d01585ec9ba954619ac2aa29699	False
L2J_Mobius_CT_2.6_HighFive/docs/phantoms/tasks/PHANTOM-M1-CHECKPOINT-RECOVERY-025/evidence/E_R4_FRESH_CRASH_DISCOVERY/0024-SNAPSHOT_PHANTOMS.xml	39631	dea388c83c03d6823c26679d42301d2d09427c6209766201c9f562fe080436da	False
L2J_Mobius_CT_2.6_HighFive/docs/phantoms/tasks/PHANTOM-M1-CHECKPOINT-RECOVERY-025/evidence/E_R4_FRESH_CRASH_DISCOVERY/0025-SNAPSHOT_PHANTOMS.json	1823	bdbb7657fbdaebbdf248c80bec2ca6bf03f6aab107e9f16102f50615fa1a42bd	False
L2J_Mobius_CT_2.6_HighFive/docs/phantoms/tasks/PHANTOM-M1-CHECKPOINT-RECOVERY-025/evidence/E_R4_FRESH_CRASH_DISCOVERY/0025-SNAPSHOT_PHANTOMS.xml	1725	97dce7132a158a911c9e0db46049a2fb353fb9fef2115415e2f447a536f31cd4	False
L2J_Mobius_CT_2.6_HighFive/docs/phantoms/tasks/PHANTOM-M1-CHECKPOINT-RECOVERY-025/evidence/E_R4_FRESH_CRASH_DISCOVERY/0026-SNAPSHOT_PHANTOMS.json	42980	4353353ce48f053e54011e43d79bc9999ce9f3c6d25074e5f2370f8bc88a7a8e	False
L2J_Mobius_CT_2.6_HighFive/docs/phantoms/tasks/PHANTOM-M1-CHECKPOINT-RECOVERY-025/evidence/E_R4_FRESH_CRASH_DISCOVERY/0026-SNAPSHOT_PHANTOMS.xml	40762	5f3dcaec1aa9a3e5fa7f9cd8c2d8dc0e05fd6ae8ff597a6671b7928aaedde622	False
L2J_Mobius_CT_2.6_HighFive/docs/phantoms/tasks/PHANTOM-M1-CHECKPOINT-RECOVERY-025/evidence/E_R4_FRESH_CRASH_DISCOVERY/0027-SNAPSHOT_PHANTOMS.json	1823	b8114fb11af855d63d064f92d1ecd093a697a217ad1e0e61fed0828a63dc8c97	False
L2J_Mobius_CT_2.6_HighFive/docs/phantoms/tasks/PHANTOM-M1-CHECKPOINT-RECOVERY-025/evidence/E_R4_FRESH_CRASH_DISCOVERY/0027-SNAPSHOT_PHANTOMS.xml	1725	bd5698320f4981e4a4c922978f0e8112622012d4b08c0cb956088b45ec457777	False
L2J_Mobius_CT_2.6_HighFive/docs/phantoms/tasks/PHANTOM-M1-CHECKPOINT-RECOVERY-025/evidence/E_R4_FRESH_CRASH_DISCOVERY/0028-SNAPSHOT_PHANTOMS.json	43168	a04d5adda3411b58a1af5f10132e07eaf3c7c09fa2c3ab2beeae2a7affc71d3d	False
L2J_Mobius_CT_2.6_HighFive/docs/phantoms/tasks/PHANTOM-M1-CHECKPOINT-RECOVERY-025/evidence/E_R4_FRESH_CRASH_DISCOVERY/0028-SNAPSHOT_PHANTOMS.xml	40936	3d49d14c10abb900b828c61d847dcc9b769f2b3b61b547517eb5811b9aa74573	False
L2J_Mobius_CT_2.6_HighFive/docs/phantoms/tasks/PHANTOM-M1-CHECKPOINT-RECOVERY-025/evidence/E_R4_FRESH_CRASH_DISCOVERY/0029-SNAPSHOT_PHANTOMS.json	1823	e0aba66cfe4cb84b3c05ceb5917b1b14a94edb7bfb100a7263872df88102c258	False
L2J_Mobius_CT_2.6_HighFive/docs/phantoms/tasks/PHANTOM-M1-CHECKPOINT-RECOVERY-025/evidence/E_R4_FRESH_CRASH_DISCOVERY/0029-SNAPSHOT_PHANTOMS.xml	1725	ffb6878faf5706426312c27c0540a5a8535957c2916d4c74d94f594e69e07659	False
L2J_Mobius_CT_2.6_HighFive/docs/phantoms/tasks/PHANTOM-M1-CHECKPOINT-RECOVERY-025/evidence/E_R4_FRESH_CRASH_DISCOVERY/0030-SNAPSHOT_PHANTOMS.json	43425	f5ebfc4474b5e15ac3c8a87f0417ef99d18087908f7f00bf797e94c14b6391fd	False
L2J_Mobius_CT_2.6_HighFive/docs/phantoms/tasks/PHANTOM-M1-CHECKPOINT-RECOVERY-025/evidence/E_R4_FRESH_CRASH_DISCOVERY/0030-SNAPSHOT_PHANTOMS.xml	41193	d358749bb9f3b2af55422559a82647493dd78d1aa88f509a736e2dac22069a9c	False
L2J_Mobius_CT_2.6_HighFive/docs/phantoms/tasks/PHANTOM-M1-CHECKPOINT-RECOVERY-025/evidence/E_R4_FRESH_CRASH_DISCOVERY/0031-SNAPSHOT_PHANTOMS.json	1815	799fee36ab95b726871fa0be848fed5386053f16c4ed9dbe89e05ab1475bdb04	False
L2J_Mobius_CT_2.6_HighFive/docs/phantoms/tasks/PHANTOM-M1-CHECKPOINT-RECOVERY-025/evidence/E_R4_FRESH_CRASH_DISCOVERY/0031-SNAPSHOT_PHANTOMS.xml	1717	a1a93fb1d9f0d818e4298e75a471f123766de863c9c65c515388c17fb37536fd	False
L2J_Mobius_CT_2.6_HighFive/docs/phantoms/tasks/PHANTOM-M1-CHECKPOINT-RECOVERY-025/evidence/E_R4_FRESH_CRASH_DISCOVERY/0032-SNAPSHOT_PHANTOMS.json	43497	3b71cd9cdbbf5939b2966f7385d10cc3a8f0d017a1304fd32b3f005515bb7d05	False
L2J_Mobius_CT_2.6_HighFive/docs/phantoms/tasks/PHANTOM-M1-CHECKPOINT-RECOVERY-025/evidence/E_R4_FRESH_CRASH_DISCOVERY/0032-SNAPSHOT_PHANTOMS.xml	41251	c92def5581c77045f5986edb043ccea0730b8ccfa8c38a293ce026e75ab36ca7	False
L2J_Mobius_CT_2.6_HighFive/docs/phantoms/tasks/PHANTOM-M1-CHECKPOINT-RECOVERY-025/evidence/E_R4_FRESH_CRASH_DISCOVERY/0033-SNAPSHOT_PHANTOMS.json	1821	0c1eb74853f41324974d76b3cf55e04f88c11224dc3fcbbc8f28e0a06e1a296f	False
L2J_Mobius_CT_2.6_HighFive/docs/phantoms/tasks/PHANTOM-M1-CHECKPOINT-RECOVERY-025/evidence/E_R4_FRESH_CRASH_DISCOVERY/0033-SNAPSHOT_PHANTOMS.xml	1723	2b7a650ad9606f396c5ce59b53d92d3a013909a605e80ed01ec9b8d5f155017b	False
L2J_Mobius_CT_2.6_HighFive/docs/phantoms/tasks/PHANTOM-M1-CHECKPOINT-RECOVERY-025/evidence/E_R4_FRESH_CRASH_DISCOVERY/0034-SNAPSHOT_PHANTOMS.json	43578	7b43379555437551a83ab3fc2229f7a89fefd94e574817332280c1862f073101	False
L2J_Mobius_CT_2.6_HighFive/docs/phantoms/tasks/PHANTOM-M1-CHECKPOINT-RECOVERY-025/evidence/E_R4_FRESH_CRASH_DISCOVERY/0034-SNAPSHOT_PHANTOMS.xml	41332	9922b4b10d15e2ae40cc7901b7a48a92fdc771372df757ce32f166aa90e53250	False
L2J_Mobius_CT_2.6_HighFive/docs/phantoms/tasks/PHANTOM-M1-CHECKPOINT-RECOVERY-025/evidence/E_R4_FRESH_CRASH_DISCOVERY/0035-SNAPSHOT_PHANTOMS.json	1814	c288d093b1ae6897a51751ea2a209e9d233c867c2767dcfd35e6bdb3883fa63f	False
L2J_Mobius_CT_2.6_HighFive/docs/phantoms/tasks/PHANTOM-M1-CHECKPOINT-RECOVERY-025/evidence/E_R4_FRESH_CRASH_DISCOVERY/0035-SNAPSHOT_PHANTOMS.xml	1716	d5b28c99fde1f4c8ab9a96153cb578c657f9e2d29750cbc432e1fab954da7127	False
L2J_Mobius_CT_2.6_HighFive/docs/phantoms/tasks/PHANTOM-M1-CHECKPOINT-RECOVERY-025/evidence/E_R4_FRESH_CRASH_DISCOVERY/0036-SNAPSHOT_PHANTOMS.json	43299	3c8828e02de5d527c527640332aa8b78da20d8492757e21a033552d8d0d57651	False
L2J_Mobius_CT_2.6_HighFive/docs/phantoms/tasks/PHANTOM-M1-CHECKPOINT-RECOVERY-025/evidence/E_R4_FRESH_CRASH_DISCOVERY/0036-SNAPSHOT_PHANTOMS.xml	41067	fa0e24b4e5f9cb604ac7d35971c1ca2d764a765e4363105ddc54799716413cbc	False
L2J_Mobius_CT_2.6_HighFive/docs/phantoms/tasks/PHANTOM-M1-CHECKPOINT-RECOVERY-025/evidence/E_R4_FRESH_CRASH_DISCOVERY/all-samples.json	738089	9427d509c1a581c20b4e72b1282183ac19f3b2d54c863a2d5d024e9c42dd433f	False
L2J_Mobius_CT_2.6_HighFive/docs/phantoms/tasks/PHANTOM-M1-CHECKPOINT-RECOVERY-025/evidence/E_R4_FRESH_CRASH_DISCOVERY/baseline-cohort.json	33618	ba3470bc31898dd908c9ba339f76510198eb34d7078c66d91c2982a7669ec430	False
L2J_Mobius_CT_2.6_HighFive/docs/phantoms/tasks/PHANTOM-M1-CHECKPOINT-RECOVERY-025/evidence/E_R4_FRESH_CRASH_DISCOVERY/baseline-inventory.tsv	5051	8be48c33b83c1aa6a939b88cf68c194ec13e551681e1139da5850fa58f5cf32a	False
L2J_Mobius_CT_2.6_HighFive/docs/phantoms/tasks/PHANTOM-M1-CHECKPOINT-RECOVERY-025/evidence/E_R4_FRESH_CRASH_DISCOVERY/cohort-002.json	36083	44a1dd4c8ecacab93604bf618da12b04c68c920230d8c06af5ae402de9f32480	False
L2J_Mobius_CT_2.6_HighFive/docs/phantoms/tasks/PHANTOM-M1-CHECKPOINT-RECOVERY-025/evidence/E_R4_FRESH_CRASH_DISCOVERY/cohort-003.json	41115	e6626af825790c13b5a3f2b00f7e2e2240f7875ac2853051ce21ca4888244ec5	False
L2J_Mobius_CT_2.6_HighFive/docs/phantoms/tasks/PHANTOM-M1-CHECKPOINT-RECOVERY-025/evidence/E_R4_FRESH_CRASH_DISCOVERY/cohort-004.json	41879	93e4da75e53f0cde039224e17175bec456352998a8f2441f05451a0fcd63f223	False
L2J_Mobius_CT_2.6_HighFive/docs/phantoms/tasks/PHANTOM-M1-CHECKPOINT-RECOVERY-025/evidence/E_R4_FRESH_CRASH_DISCOVERY/cohort-005.json	41576	499dde348bd3eba534cb50c39bfb5558604c5b2bb8bbdaf5ab2992e935ad6478	False
L2J_Mobius_CT_2.6_HighFive/docs/phantoms/tasks/PHANTOM-M1-CHECKPOINT-RECOVERY-025/evidence/E_R4_FRESH_CRASH_DISCOVERY/cohort-006.json	41194	cc40f53568dbd9fa4a93f99595546761333b8c2e290a6a4483a5a8a1697a8f3d	False
L2J_Mobius_CT_2.6_HighFive/docs/phantoms/tasks/PHANTOM-M1-CHECKPOINT-RECOVERY-025/evidence/E_R4_FRESH_CRASH_DISCOVERY/cohort-007.json	41369	11e4da96cee7141cd9b01a17131798b9ef1db13a7569a31c5b55ec0917acc530	False
L2J_Mobius_CT_2.6_HighFive/docs/phantoms/tasks/PHANTOM-M1-CHECKPOINT-RECOVERY-025/evidence/E_R4_FRESH_CRASH_DISCOVERY/cohort-008.json	42210	a1099ead3b7e9146d2912d8a6a5b1a8ef9b5aec10f486073deb6031d0ea989c0	False
L2J_Mobius_CT_2.6_HighFive/docs/phantoms/tasks/PHANTOM-M1-CHECKPOINT-RECOVERY-025/evidence/E_R4_FRESH_CRASH_DISCOVERY/cohort-009.json	42046	8623bffab38f90cee7eaa479ca61b1c10c81af8cc19c8cf46430e44127a804de	False
L2J_Mobius_CT_2.6_HighFive/docs/phantoms/tasks/PHANTOM-M1-CHECKPOINT-RECOVERY-025/evidence/E_R4_FRESH_CRASH_DISCOVERY/cohort-010.json	41781	cfc9263513a8be985dc546eb984a879983ba6180ba78e94cf51ce655e17083af	False
L2J_Mobius_CT_2.6_HighFive/docs/phantoms/tasks/PHANTOM-M1-CHECKPOINT-RECOVERY-025/evidence/E_R4_FRESH_CRASH_DISCOVERY/cohort-011.json	41797	4b8b6a3ef053024a9f2f0b4c577e0ed47023a537a933354ec862ff9c195931bf	False
L2J_Mobius_CT_2.6_HighFive/docs/phantoms/tasks/PHANTOM-M1-CHECKPOINT-RECOVERY-025/evidence/E_R4_FRESH_CRASH_DISCOVERY/cohort-012.json	41275	b6195009ab33ba9680c2f885c7600f4eb5ea21bc9a252c9c90820859710ae8ef	False
L2J_Mobius_CT_2.6_HighFive/docs/phantoms/tasks/PHANTOM-M1-CHECKPOINT-RECOVERY-025/evidence/E_R4_FRESH_CRASH_DISCOVERY/cohort-013.json	42384	3e6dbff9b7587b6ad8c365beb577c36f9a70bcaae0bc8cc3a6f6992ad75a372c	False
L2J_Mobius_CT_2.6_HighFive/docs/phantoms/tasks/PHANTOM-M1-CHECKPOINT-RECOVERY-025/evidence/E_R4_FRESH_CRASH_DISCOVERY/cohort-014.json	42579	9cf84595722bac0030c71ce9936956b095e68cdfec1663cfbdbaf8a05d1a1481	False
L2J_Mobius_CT_2.6_HighFive/docs/phantoms/tasks/PHANTOM-M1-CHECKPOINT-RECOVERY-025/evidence/E_R4_FRESH_CRASH_DISCOVERY/cohort-015.json	42836	df71b69bfebfc46d9abb6f26d744b566132204f9f23d2d460f96aa89281fd6cc	False
L2J_Mobius_CT_2.6_HighFive/docs/phantoms/tasks/PHANTOM-M1-CHECKPOINT-RECOVERY-025/evidence/E_R4_FRESH_CRASH_DISCOVERY/cohort-016.json	42914	243c9fc3c723726bf4e9a899de0572855da446856af8550c682ca1ecc1f5f5f9	False
L2J_Mobius_CT_2.6_HighFive/docs/phantoms/tasks/PHANTOM-M1-CHECKPOINT-RECOVERY-025/evidence/E_R4_FRESH_CRASH_DISCOVERY/cohort-017.json	42995	c9ef8f13bbb2f5a3d695ca318af1ebf645238d70bb19d3091baeefe83883cfeb	False
L2J_Mobius_CT_2.6_HighFive/docs/phantoms/tasks/PHANTOM-M1-CHECKPOINT-RECOVERY-025/evidence/E_R4_FRESH_CRASH_DISCOVERY/heartbeat-control.log	503	e76372f534108671f656467e152420cad1a6166e1051ceef42569049ced247f3	False
L2J_Mobius_CT_2.6_HighFive/docs/phantoms/tasks/PHANTOM-M1-CHECKPOINT-RECOVERY-025/evidence/E_R4_FRESH_CRASH_DISCOVERY/primary.json	9926	ed4ea7745dafb50a7e86acb8fe94adff747a0f97691d7b7416b7e32f0753ab5d	False
L2J_Mobius_CT_2.6_HighFive/docs/phantoms/tasks/PHANTOM-M1-CHECKPOINT-RECOVERY-025/evidence/E_R4_FRESH_CRASH_DISCOVERY/run-id.txt	38	0ed8e84d82e6fe3ff1c14a4e16663b1155373d4e4a124c6b6d93579557fc0ba6	False
L2J_Mobius_CT_2.6_HighFive/docs/phantoms/tasks/PHANTOM-M1-CHECKPOINT-RECOVERY-025/evidence/E_R4_FRESH_CRASH_DISCOVERY/synthetic-start.json	112	7dee0422f9af3a6054a80332aa0c96d481b270817f34e0d4951dfae57f80ff93	False
L2J_Mobius_CT_2.6_HighFive/docs/phantoms/tasks/PHANTOM-M1-CHECKPOINT-RECOVERY-025/evidence/E_R4_FRESH_CRASH_DISCOVERY.log	98	e6844ef17a635bfd2bee5445a77e64fe1effa2406911ed7d961eab2c442c0e8f	False
L2J_Mobius_CT_2.6_HighFive/docs/phantoms/tasks/PHANTOM-M1-CHECKPOINT-RECOVERY-025/evidence/E_R4_FRESH_CRASH_SELECTED.json	5127	8230343ec2ecf2e3734dfd16f23ffb0de3b5f6fc0e1aa81d9de93827765d3935	False
L2J_Mobius_CT_2.6_HighFive/docs/phantoms/tasks/PHANTOM-M1-CHECKPOINT-RECOVERY-025/evidence/E_R4_FRESH_CRASH_START.log	343	0167ea667e48f0d4c71267507e8a2bb8c6ba799e7c60887aeda96749889758d3	False
L2J_Mobius_CT_2.6_HighFive/docs/phantoms/tasks/PHANTOM-M1-CHECKPOINT-RECOVERY-025/evidence/FINAL_AUTHORED_CACHED_CHECK.log	0	e3b0c44298fc1c149afbf4c8996fb92427ae41e4649b934ca495991b7852b855	False
L2J_Mobius_CT_2.6_HighFive/docs/phantoms/tasks/PHANTOM-M1-CHECKPOINT-RECOVERY-025/evidence/FINAL_DIFF_CHECK.log	0	e3b0c44298fc1c149afbf4c8996fb92427ae41e4649b934ca495991b7852b855	False
L2J_Mobius_CT_2.6_HighFive/docs/phantoms/tasks/PHANTOM-M1-CHECKPOINT-RECOVERY-025/evidence/FINAL_FROZEN_SOURCE_DIFF.txt	0	e3b0c44298fc1c149afbf4c8996fb92427ae41e4649b934ca495991b7852b855	False
L2J_Mobius_CT_2.6_HighFive/docs/phantoms/tasks/PHANTOM-M1-CHECKPOINT-RECOVERY-025/evidence/FINAL_OWNED_a_EXPORT.log	748	88277ae5c2af7f37a1ef38645754872c426578d42e1384d7774b2601cfb27217	False
L2J_Mobius_CT_2.6_HighFive/docs/phantoms/tasks/PHANTOM-M1-CHECKPOINT-RECOVERY-025/evidence/FINAL_OWNED_a_SQL/characters.tsv	218	d3f3934af1aca8496cca6da423cdc33d86804162de671b47429cbed924a2d3ad	False
L2J_Mobius_CT_2.6_HighFive/docs/phantoms/tasks/PHANTOM-M1-CHECKPOINT-RECOVERY-025/evidence/FINAL_OWNED_a_SQL/counts.tsv	91	606ec69fca04582d883c1b4f719e5142c18c92ffe84921e0c2b32c180fa0adb5	False
L2J_Mobius_CT_2.6_HighFive/docs/phantoms/tasks/PHANTOM-M1-CHECKPOINT-RECOVERY-025/evidence/FINAL_OWNED_a_SQL/durable-decoded.tsv	427	284c3c50a03f299f6eacf18cc50b3716099dc1c33d7758008310c1612a912e70	False
L2J_Mobius_CT_2.6_HighFive/docs/phantoms/tasks/PHANTOM-M1-CHECKPOINT-RECOVERY-025/evidence/FINAL_OWNED_a_SQL/durable-hex.tsv	2379	f6719669d82fdeccada897266136ad70fe33e63d1f6c51192f155c24dab73c0c	False
L2J_Mobius_CT_2.6_HighFive/docs/phantoms/tasks/PHANTOM-M1-CHECKPOINT-RECOVERY-025/evidence/FINAL_OWNED_a_SQL/items.tsv	1700	2d192f0ca183b55a80ddc1069fc03c2f7bb8734d3b1accc90cb1330ecb31ba02	False
L2J_Mobius_CT_2.6_HighFive/docs/phantoms/tasks/PHANTOM-M1-CHECKPOINT-RECOVERY-025/evidence/FINAL_OWNED_a_SQL/runtime-manifest.json	977	767f26c42ed3b0a829170417b2d7a8f229ff25721273b1e778d6b718e8da5215	False
L2J_Mobius_CT_2.6_HighFive/docs/phantoms/tasks/PHANTOM-M1-CHECKPOINT-RECOVERY-025/evidence/FINAL_OWNED_a_SQL/skills.tsv	239	676c09f7f588fbd968d9227c0da5db5d8e52690505895998970a0f32125480f3	False
L2J_Mobius_CT_2.6_HighFive/docs/phantoms/tasks/PHANTOM-M1-CHECKPOINT-RECOVERY-025/evidence/FINAL_OWNED_b_EXPORT.log	748	9070bbd8122eab489eeca2ac008d3a75ce67991f7fdd9bb080c37bdbe3f5de46	False
L2J_Mobius_CT_2.6_HighFive/docs/phantoms/tasks/PHANTOM-M1-CHECKPOINT-RECOVERY-025/evidence/FINAL_OWNED_b_SQL/characters.tsv	218	9f7879fca77225256355e2e704b3f5a06e14650071ef8e2d60db0df19b7616e4	False
L2J_Mobius_CT_2.6_HighFive/docs/phantoms/tasks/PHANTOM-M1-CHECKPOINT-RECOVERY-025/evidence/FINAL_OWNED_b_SQL/counts.tsv	91	910ec6e40b53d03f7e5840e22c4cef6b94adbefa658b2c901b5072aef5f7c3bc	False
L2J_Mobius_CT_2.6_HighFive/docs/phantoms/tasks/PHANTOM-M1-CHECKPOINT-RECOVERY-025/evidence/FINAL_OWNED_b_SQL/durable-decoded.tsv	300	c6f9411190decbdba854e02078a816ac2cfea2200699746c54f148f85a421eb5	False
L2J_Mobius_CT_2.6_HighFive/docs/phantoms/tasks/PHANTOM-M1-CHECKPOINT-RECOVERY-025/evidence/FINAL_OWNED_b_SQL/durable-hex.tsv	2318	46b634cd67843e3f9ea549fa3888d38feabe525c3a653228c9465901699bb490	False
L2J_Mobius_CT_2.6_HighFive/docs/phantoms/tasks/PHANTOM-M1-CHECKPOINT-RECOVERY-025/evidence/FINAL_OWNED_b_SQL/items.tsv	1652	2c850d1230da76072f81a276a9d0c40d96535eb8d62edc943b2c0a341095ab4f	False
L2J_Mobius_CT_2.6_HighFive/docs/phantoms/tasks/PHANTOM-M1-CHECKPOINT-RECOVERY-025/evidence/FINAL_OWNED_b_SQL/runtime-manifest.json	977	890b7001f4b5cec4d1ebef0a766f17b885829f580a71fd7c8dce378eeab19312	False
L2J_Mobius_CT_2.6_HighFive/docs/phantoms/tasks/PHANTOM-M1-CHECKPOINT-RECOVERY-025/evidence/FINAL_OWNED_b_SQL/skills.tsv	239	676c09f7f588fbd968d9227c0da5db5d8e52690505895998970a0f32125480f3	False
L2J_Mobius_CT_2.6_HighFive/docs/phantoms/tasks/PHANTOM-M1-CHECKPOINT-RECOVERY-025/evidence/FINAL_OWNED_c_EXPORT.log	748	efb269e6110a86aff06ffeaf8b527e68d20351cfc4f8a5b3325bd8dd22457ae6	False
L2J_Mobius_CT_2.6_HighFive/docs/phantoms/tasks/PHANTOM-M1-CHECKPOINT-RECOVERY-025/evidence/FINAL_OWNED_c_SQL/characters.tsv	220	9ad4a373a6a3f307030c9b7e64adab58f66626ed8e71f60a5fbfd634eb89c9a7	False
L2J_Mobius_CT_2.6_HighFive/docs/phantoms/tasks/PHANTOM-M1-CHECKPOINT-RECOVERY-025/evidence/FINAL_OWNED_c_SQL/counts.tsv	91	14443599d3f1267e7992f4a2f9d5471d93274c9b2891c3b97451fab52a0abc84	False
L2J_Mobius_CT_2.6_HighFive/docs/phantoms/tasks/PHANTOM-M1-CHECKPOINT-RECOVERY-025/evidence/FINAL_OWNED_c_SQL/durable-decoded.tsv	429	8427fd2ea6e7d213cac869349a11b2d72bd93faa6be1335942c9650ccb2c705c	False
L2J_Mobius_CT_2.6_HighFive/docs/phantoms/tasks/PHANTOM-M1-CHECKPOINT-RECOVERY-025/evidence/FINAL_OWNED_c_SQL/durable-hex.tsv	2427	2730c07c5549c76d84fb08694a6adf45de1eab92493d3b7e373877739906265b	False
L2J_Mobius_CT_2.6_HighFive/docs/phantoms/tasks/PHANTOM-M1-CHECKPOINT-RECOVERY-025/evidence/FINAL_OWNED_c_SQL/items.tsv	2093	4193642a5f85b44b6197a877d593249171dce8f0f756ff490df625976b58ab0d	False
L2J_Mobius_CT_2.6_HighFive/docs/phantoms/tasks/PHANTOM-M1-CHECKPOINT-RECOVERY-025/evidence/FINAL_OWNED_c_SQL/runtime-manifest.json	977	7b107075322b426fadcc235534b32e463fd65ba623b621124de7c559f6d79db9	False
L2J_Mobius_CT_2.6_HighFive/docs/phantoms/tasks/PHANTOM-M1-CHECKPOINT-RECOVERY-025/evidence/FINAL_OWNED_c_SQL/skills.tsv	239	676c09f7f588fbd968d9227c0da5db5d8e52690505895998970a0f32125480f3	False
L2J_Mobius_CT_2.6_HighFive/docs/phantoms/tasks/PHANTOM-M1-CHECKPOINT-RECOVERY-025/evidence/FINAL_OWNED_d_EXPORT.log	748	ca82e981bb5e845dd56e08ea26f409aaa5fb9d3250ca21e33a47c99941d7a131	False
L2J_Mobius_CT_2.6_HighFive/docs/phantoms/tasks/PHANTOM-M1-CHECKPOINT-RECOVERY-025/evidence/FINAL_OWNED_d_SQL/characters.tsv	218	9f7879fca77225256355e2e704b3f5a06e14650071ef8e2d60db0df19b7616e4	False
L2J_Mobius_CT_2.6_HighFive/docs/phantoms/tasks/PHANTOM-M1-CHECKPOINT-RECOVERY-025/evidence/FINAL_OWNED_d_SQL/counts.tsv	91	aa7420681274b80358a4291999e618386c01a6a4ddc0d6f9801f8f5e5e94f77f	False
L2J_Mobius_CT_2.6_HighFive/docs/phantoms/tasks/PHANTOM-M1-CHECKPOINT-RECOVERY-025/evidence/FINAL_OWNED_d_SQL/durable-decoded.tsv	300	c6f9411190decbdba854e02078a816ac2cfea2200699746c54f148f85a421eb5	False
L2J_Mobius_CT_2.6_HighFive/docs/phantoms/tasks/PHANTOM-M1-CHECKPOINT-RECOVERY-025/evidence/FINAL_OWNED_d_SQL/durable-hex.tsv	2318	46b634cd67843e3f9ea549fa3888d38feabe525c3a653228c9465901699bb490	False
L2J_Mobius_CT_2.6_HighFive/docs/phantoms/tasks/PHANTOM-M1-CHECKPOINT-RECOVERY-025/evidence/FINAL_OWNED_d_SQL/items.tsv	1652	2c850d1230da76072f81a276a9d0c40d96535eb8d62edc943b2c0a341095ab4f	False
L2J_Mobius_CT_2.6_HighFive/docs/phantoms/tasks/PHANTOM-M1-CHECKPOINT-RECOVERY-025/evidence/FINAL_OWNED_d_SQL/runtime-manifest.json	977	e015ab11c4819e9af44462445b3e2a0e956c7ee2beedf2715d14da511bd752af	False
L2J_Mobius_CT_2.6_HighFive/docs/phantoms/tasks/PHANTOM-M1-CHECKPOINT-RECOVERY-025/evidence/FINAL_OWNED_d_SQL/skills.tsv	239	676c09f7f588fbd968d9227c0da5db5d8e52690505895998970a0f32125480f3	False
L2J_Mobius_CT_2.6_HighFive/docs/phantoms/tasks/PHANTOM-M1-CHECKPOINT-RECOVERY-025/evidence/FINAL_OWNED_e_EXPORT.log	748	ea5a3492c4d6c38124abd3c3254cd1ca5efa795da64d4b6d14565c7f6894fc04	False
L2J_Mobius_CT_2.6_HighFive/docs/phantoms/tasks/PHANTOM-M1-CHECKPOINT-RECOVERY-025/evidence/FINAL_OWNED_e_SQL/characters.tsv	218	9f7879fca77225256355e2e704b3f5a06e14650071ef8e2d60db0df19b7616e4	False
L2J_Mobius_CT_2.6_HighFive/docs/phantoms/tasks/PHANTOM-M1-CHECKPOINT-RECOVERY-025/evidence/FINAL_OWNED_e_SQL/counts.tsv	91	105dca8a4e6237c70917b7c17053a48b2d55a4590998d405fcf752ec971f0897	False
L2J_Mobius_CT_2.6_HighFive/docs/phantoms/tasks/PHANTOM-M1-CHECKPOINT-RECOVERY-025/evidence/FINAL_OWNED_e_SQL/durable-decoded.tsv	300	c6f9411190decbdba854e02078a816ac2cfea2200699746c54f148f85a421eb5	False
L2J_Mobius_CT_2.6_HighFive/docs/phantoms/tasks/PHANTOM-M1-CHECKPOINT-RECOVERY-025/evidence/FINAL_OWNED_e_SQL/durable-hex.tsv	2318	46b634cd67843e3f9ea549fa3888d38feabe525c3a653228c9465901699bb490	False
L2J_Mobius_CT_2.6_HighFive/docs/phantoms/tasks/PHANTOM-M1-CHECKPOINT-RECOVERY-025/evidence/FINAL_OWNED_e_SQL/items.tsv	1652	2c850d1230da76072f81a276a9d0c40d96535eb8d62edc943b2c0a341095ab4f	False
L2J_Mobius_CT_2.6_HighFive/docs/phantoms/tasks/PHANTOM-M1-CHECKPOINT-RECOVERY-025/evidence/FINAL_OWNED_e_SQL/runtime-manifest.json	977	a4d03105ce5a1d72dc245d91794ad03ef47d11d771fac4ee198e62b3fae0b214	False
L2J_Mobius_CT_2.6_HighFive/docs/phantoms/tasks/PHANTOM-M1-CHECKPOINT-RECOVERY-025/evidence/FINAL_OWNED_e_SQL/skills.tsv	239	676c09f7f588fbd968d9227c0da5db5d8e52690505895998970a0f32125480f3	False
L2J_Mobius_CT_2.6_HighFive/docs/phantoms/tasks/PHANTOM-M1-CHECKPOINT-RECOVERY-025/evidence/FINAL_OWNED_h_EXPORT.log	748	44325ac6e77b022ef3b042835fc6657180f9fc5ba8a9798e481829d0fcab1030	False
L2J_Mobius_CT_2.6_HighFive/docs/phantoms/tasks/PHANTOM-M1-CHECKPOINT-RECOVERY-025/evidence/FINAL_OWNED_h_SQL/characters.tsv	218	d3f3934af1aca8496cca6da423cdc33d86804162de671b47429cbed924a2d3ad	False
L2J_Mobius_CT_2.6_HighFive/docs/phantoms/tasks/PHANTOM-M1-CHECKPOINT-RECOVERY-025/evidence/FINAL_OWNED_h_SQL/counts.tsv	91	7ee91975cb2924d2714d8ff769c41367702c259496ecf5578d8b6140fe5dfa28	False
L2J_Mobius_CT_2.6_HighFive/docs/phantoms/tasks/PHANTOM-M1-CHECKPOINT-RECOVERY-025/evidence/FINAL_OWNED_h_SQL/durable-decoded.tsv	427	5bbeda2e5366b7536309ddc4e6027bbc9867bca9766f83b5bb5bd5ddb881d649	False
L2J_Mobius_CT_2.6_HighFive/docs/phantoms/tasks/PHANTOM-M1-CHECKPOINT-RECOVERY-025/evidence/FINAL_OWNED_h_SQL/durable-hex.tsv	2379	dc0fc6632a77ccd58a40f12891d5c751b3534c9a3afcc26576672cd59bb7f1d1	False
L2J_Mobius_CT_2.6_HighFive/docs/phantoms/tasks/PHANTOM-M1-CHECKPOINT-RECOVERY-025/evidence/FINAL_OWNED_h_SQL/items.tsv	1700	2d192f0ca183b55a80ddc1069fc03c2f7bb8734d3b1accc90cb1330ecb31ba02	False
L2J_Mobius_CT_2.6_HighFive/docs/phantoms/tasks/PHANTOM-M1-CHECKPOINT-RECOVERY-025/evidence/FINAL_OWNED_h_SQL/runtime-manifest.json	977	b8c31547c7eb720fc2859c431ced60ebd016a399673c4559c42180f9cbc192d5	False
L2J_Mobius_CT_2.6_HighFive/docs/phantoms/tasks/PHANTOM-M1-CHECKPOINT-RECOVERY-025/evidence/FINAL_OWNED_h_SQL/skills.tsv	239	676c09f7f588fbd968d9227c0da5db5d8e52690505895998970a0f32125480f3	False
L2J_Mobius_CT_2.6_HighFive/docs/phantoms/tasks/PHANTOM-M1-CHECKPOINT-RECOVERY-025/evidence/FINAL_OWNED_PROCESS_AUDIT.json	2085	4585ca79ce6257d22b376cbe4d33e142326cd6f941f113e285af1cd4322e0aff	False
L2J_Mobius_CT_2.6_HighFive/docs/phantoms/tasks/PHANTOM-M1-CHECKPOINT-RECOVERY-025/evidence/FINAL_OWNED_PROCESS_LISTENER_PROOF.json	236	058f648ff438506a5ccd5cdca0318a22c8a26fac68a5c76fe7d614d012e99b38	False
L2J_Mobius_CT_2.6_HighFive/docs/phantoms/tasks/PHANTOM-M1-CHECKPOINT-RECOVERY-025/evidence/FINAL_PRIVATE_INPUT_SCAN.json	84	0c4658818c34e6cbae0d7034018f398c6c38a2c7712e7ac8ecc70be481b0a080	False
L2J_Mobius_CT_2.6_HighFive/docs/phantoms/tasks/PHANTOM-M1-CHECKPOINT-RECOVERY-025/evidence/FINAL_R4_C_B/0001-STATUS.json	1227	6e4c6d89d1a9e7dba569cb50392ae7c858614efe9b2bca50cb57d38bd95a5827	False
L2J_Mobius_CT_2.6_HighFive/docs/phantoms/tasks/PHANTOM-M1-CHECKPOINT-RECOVERY-025/evidence/FINAL_R4_C_B/0001-STATUS.xml	1177	769da3170b59aaedf9627c73e3f3ec72ccdba5a6bf55de6cfe6df7046d2e7ef7	False
L2J_Mobius_CT_2.6_HighFive/docs/phantoms/tasks/PHANTOM-M1-CHECKPOINT-RECOVERY-025/evidence/FINAL_R4_C_B/0002-TELEPORT_SELF.json	1160	e33d25e406c268307b8201e67ee09b45654c8eeac76cf98c0bca00421ce1c66b	False
L2J_Mobius_CT_2.6_HighFive/docs/phantoms/tasks/PHANTOM-M1-CHECKPOINT-RECOVERY-025/evidence/FINAL_R4_C_B/0002-TELEPORT_SELF.xml	1120	ea438341b2e7151a96502aeda7416e9c5ab249a9666cb0383aa041ce0dc58dd4	False
L2J_Mobius_CT_2.6_HighFive/docs/phantoms/tasks/PHANTOM-M1-CHECKPOINT-RECOVERY-025/evidence/FINAL_R4_C_B/0003-STATUS.json	1227	57b84a5ba9db10a518374b85eabc64d05405bcf6c5adff545b330d9befb77de2	False
L2J_Mobius_CT_2.6_HighFive/docs/phantoms/tasks/PHANTOM-M1-CHECKPOINT-RECOVERY-025/evidence/FINAL_R4_C_B/0003-STATUS.xml	1177	25caf301ed1cd4ccb979cd73c04d9b1d95bbb5ae8dbe4d6e51dbb9b31bcf4346	False
L2J_Mobius_CT_2.6_HighFive/docs/phantoms/tasks/PHANTOM-M1-CHECKPOINT-RECOVERY-025/evidence/FINAL_R4_C_B/0004-SNAPSHOT_PHANTOMS.json	41415	42a9c191e77252aee170939e5b3ebb882b7b08f289f9cab1842bf3eebb30dc89	False
L2J_Mobius_CT_2.6_HighFive/docs/phantoms/tasks/PHANTOM-M1-CHECKPOINT-RECOVERY-025/evidence/FINAL_R4_C_B/0004-SNAPSHOT_PHANTOMS.xml	39197	84327f79c26eb41f88d1dae8388c5b06024cf2844a01d3a1f1cdd36bb94b1002	False
L2J_Mobius_CT_2.6_HighFive/docs/phantoms/tasks/PHANTOM-M1-CHECKPOINT-RECOVERY-025/evidence/FINAL_R4_C_B/0005-SNAPSHOT_PHANTOMS.json	1821	830e074ca5cd326214a51573911f824f2889ae8025e27ab59b47e7d2c14a9366	False
L2J_Mobius_CT_2.6_HighFive/docs/phantoms/tasks/PHANTOM-M1-CHECKPOINT-RECOVERY-025/evidence/FINAL_R4_C_B/0005-SNAPSHOT_PHANTOMS.xml	1723	df98235e4bfa98e8112576ce1f5df45f25f9ced15f99c6ec20fd03b6133adaf0	False
L2J_Mobius_CT_2.6_HighFive/docs/phantoms/tasks/PHANTOM-M1-CHECKPOINT-RECOVERY-025/evidence/FINAL_R4_C_B/0006-SNAPSHOT_PHANTOMS.json	42705	1128829db132c2210735f64f0d6ade2326ea9b944690bf2f31403d3f5e0e19ae	False
L2J_Mobius_CT_2.6_HighFive/docs/phantoms/tasks/PHANTOM-M1-CHECKPOINT-RECOVERY-025/evidence/FINAL_R4_C_B/0006-SNAPSHOT_PHANTOMS.xml	40445	5808f41a0c506792316f070f3ebe0c5e2f66ae5fcd00c533454c05791c5ff8d5	False
L2J_Mobius_CT_2.6_HighFive/docs/phantoms/tasks/PHANTOM-M1-CHECKPOINT-RECOVERY-025/evidence/FINAL_R4_C_B/0007-SNAPSHOT_PHANTOMS.json	1821	af13e8c0fc6d67abf40497596a0b1027520eefc2bd1041a983e657765612d910	False
L2J_Mobius_CT_2.6_HighFive/docs/phantoms/tasks/PHANTOM-M1-CHECKPOINT-RECOVERY-025/evidence/FINAL_R4_C_B/0007-SNAPSHOT_PHANTOMS.xml	1723	8c492932bf5827f4911098346f937dbc332fa1023bb854f83fd5ca7278b35789	False
L2J_Mobius_CT_2.6_HighFive/docs/phantoms/tasks/PHANTOM-M1-CHECKPOINT-RECOVERY-025/evidence/FINAL_R4_C_B/0008-SNAPSHOT_PHANTOMS.json	42707	35707313504dbdf69647a4d5bb7d35fec393ae0f7a686b8131d8d02e08151fa3	False
L2J_Mobius_CT_2.6_HighFive/docs/phantoms/tasks/PHANTOM-M1-CHECKPOINT-RECOVERY-025/evidence/FINAL_R4_C_B/0008-SNAPSHOT_PHANTOMS.xml	40461	edb8e58853c0ce02e4a13bed118c794809e03d4a01dbf446b8ce280fc087c4c2	False
L2J_Mobius_CT_2.6_HighFive/docs/phantoms/tasks/PHANTOM-M1-CHECKPOINT-RECOVERY-025/evidence/FINAL_R4_C_B/0009-SNAPSHOT_PHANTOMS.json	1821	dac7f8e3032debe26c10d802c7bb19102fa40930d7f2b3d67e89e64c52c9f5bf	False
L2J_Mobius_CT_2.6_HighFive/docs/phantoms/tasks/PHANTOM-M1-CHECKPOINT-RECOVERY-025/evidence/FINAL_R4_C_B/0009-SNAPSHOT_PHANTOMS.xml	1723	384d59ba52b31af59d7b50c6fb685d960e94e656b375dbc20e0bf910d16e1e42	False
L2J_Mobius_CT_2.6_HighFive/docs/phantoms/tasks/PHANTOM-M1-CHECKPOINT-RECOVERY-025/evidence/FINAL_R4_C_B/0010-SNAPSHOT_PHANTOMS.json	42494	a4f6fec7337ea64670b16f1a07c512ff33760f50213fdf4ba5995ddd08b1481e	False
L2J_Mobius_CT_2.6_HighFive/docs/phantoms/tasks/PHANTOM-M1-CHECKPOINT-RECOVERY-025/evidence/FINAL_R4_C_B/0010-SNAPSHOT_PHANTOMS.xml	40248	ff0e45126c2a1fd0c66b015e922833726cbcb395189fb067afd05bb27ee833c4	False
L2J_Mobius_CT_2.6_HighFive/docs/phantoms/tasks/PHANTOM-M1-CHECKPOINT-RECOVERY-025/evidence/FINAL_R4_C_B/0011-SNAPSHOT_PHANTOMS.json	1822	ef7fdf9b2a82a38701e74d473358066cabb8e4ae021ba1aeea37581b3cbab790	False
L2J_Mobius_CT_2.6_HighFive/docs/phantoms/tasks/PHANTOM-M1-CHECKPOINT-RECOVERY-025/evidence/FINAL_R4_C_B/0011-SNAPSHOT_PHANTOMS.xml	1724	49901f280fc583385a7e5ff8427234fdebd9adc11144d9064fab8cee7dc2ef7c	False
L2J_Mobius_CT_2.6_HighFive/docs/phantoms/tasks/PHANTOM-M1-CHECKPOINT-RECOVERY-025/evidence/FINAL_R4_C_B/0012-SNAPSHOT_PHANTOMS.json	26965	530cb1f9721159a9e62c78b0697b0a011fe9368e46eb23afc83d4f00d43320df	False
L2J_Mobius_CT_2.6_HighFive/docs/phantoms/tasks/PHANTOM-M1-CHECKPOINT-RECOVERY-025/evidence/FINAL_R4_C_B/0012-SNAPSHOT_PHANTOMS.xml	25535	ba742e41031097806f83bd285dd2023079731666c1a17b483edc9d42d3625632	False
L2J_Mobius_CT_2.6_HighFive/docs/phantoms/tasks/PHANTOM-M1-CHECKPOINT-RECOVERY-025/evidence/FINAL_R4_C_B/0013-SNAPSHOT_PHANTOMS.json	26593	e314e253921f3bb3d7827316c8ee911249c35709f5b03d87f3b68770ffd49ea2	False
L2J_Mobius_CT_2.6_HighFive/docs/phantoms/tasks/PHANTOM-M1-CHECKPOINT-RECOVERY-025/evidence/FINAL_R4_C_B/0013-SNAPSHOT_PHANTOMS.xml	25177	3eb909af36fc360969ec12147472b1a6c641dde28942aa8d2219b2f83e947f80	False
L2J_Mobius_CT_2.6_HighFive/docs/phantoms/tasks/PHANTOM-M1-CHECKPOINT-RECOVERY-025/evidence/FINAL_R4_C_B/0014-SNAPSHOT_PHANTOMS.json	27015	298cdc8a4b959b01af9d3b3189719ca02eb17686c741e9ae767bbdbe61ecc9aa	False
L2J_Mobius_CT_2.6_HighFive/docs/phantoms/tasks/PHANTOM-M1-CHECKPOINT-RECOVERY-025/evidence/FINAL_R4_C_B/0014-SNAPSHOT_PHANTOMS.xml	25585	8f49b51f1d06944866fa8b2698075cd2d24f58206f00176996fe20eb657e908f	False
L2J_Mobius_CT_2.6_HighFive/docs/phantoms/tasks/PHANTOM-M1-CHECKPOINT-RECOVERY-025/evidence/FINAL_R4_C_B/0015-SNAPSHOT_PHANTOMS.json	26915	13a682d386d68d319927972fc79c59fd193c38e7d01857b843be3571d94dcd58	False
L2J_Mobius_CT_2.6_HighFive/docs/phantoms/tasks/PHANTOM-M1-CHECKPOINT-RECOVERY-025/evidence/FINAL_R4_C_B/0015-SNAPSHOT_PHANTOMS.xml	25485	0483b0be18b1aa8e2b6bdea94329d348cd03e632070c0287108dc68ce7a5743e	False
L2J_Mobius_CT_2.6_HighFive/docs/phantoms/tasks/PHANTOM-M1-CHECKPOINT-RECOVERY-025/evidence/FINAL_R4_C_B/0016-SNAPSHOT_PHANTOMS.json	26778	a5a408c2b358a98baa0e77d6a191e559939ef683ae6bc98083b994de945e4b09	False
L2J_Mobius_CT_2.6_HighFive/docs/phantoms/tasks/PHANTOM-M1-CHECKPOINT-RECOVERY-025/evidence/FINAL_R4_C_B/0016-SNAPSHOT_PHANTOMS.xml	25348	13269153582768e966940afb4e356b0e42c77f68740d303dbb5192df5bc7b949	False
L2J_Mobius_CT_2.6_HighFive/docs/phantoms/tasks/PHANTOM-M1-CHECKPOINT-RECOVERY-025/evidence/FINAL_R4_C_B/0017-SNAPSHOT_PHANTOMS.json	26937	0fe1572cc018846c63621eee34018195db0430287bb3037790e3da9d8d2a4010	False
L2J_Mobius_CT_2.6_HighFive/docs/phantoms/tasks/PHANTOM-M1-CHECKPOINT-RECOVERY-025/evidence/FINAL_R4_C_B/0017-SNAPSHOT_PHANTOMS.xml	25507	ccc5675ff27990a2626dee279d11f15514cfb45ab8ef7bafcc966e4801c0159a	False
L2J_Mobius_CT_2.6_HighFive/docs/phantoms/tasks/PHANTOM-M1-CHECKPOINT-RECOVERY-025/evidence/FINAL_R4_C_B/0018-SNAPSHOT_PHANTOMS.json	26860	ee36e75a551300aaf98522a615cbca168db2d8ec11d7e44cbff70fe47f799fad	False
L2J_Mobius_CT_2.6_HighFive/docs/phantoms/tasks/PHANTOM-M1-CHECKPOINT-RECOVERY-025/evidence/FINAL_R4_C_B/0018-SNAPSHOT_PHANTOMS.xml	25430	d758e4f08a34790868fc3c2dc0e2db57719d492d031459ad621faa207b17f551	False
L2J_Mobius_CT_2.6_HighFive/docs/phantoms/tasks/PHANTOM-M1-CHECKPOINT-RECOVERY-025/evidence/FINAL_R4_C_B/0019-SNAPSHOT_PHANTOMS.json	41202	b4f018e1a9027a038ed4e611767327d937989e98394df3e29bcb7573b8a14845	False
L2J_Mobius_CT_2.6_HighFive/docs/phantoms/tasks/PHANTOM-M1-CHECKPOINT-RECOVERY-025/evidence/FINAL_R4_C_B/0019-SNAPSHOT_PHANTOMS.xml	39012	35a7ced43f8ca3a64765310bad1baacba14275c997c442ae4847648cfb724d1d	False
L2J_Mobius_CT_2.6_HighFive/docs/phantoms/tasks/PHANTOM-M1-CHECKPOINT-RECOVERY-025/evidence/FINAL_R4_C_B/0020-SNAPSHOT_PHANTOMS.json	1822	e22e69e839277b295c04ca17246938f161d21b090ab22a959eb73945a58b58fb	False
L2J_Mobius_CT_2.6_HighFive/docs/phantoms/tasks/PHANTOM-M1-CHECKPOINT-RECOVERY-025/evidence/FINAL_R4_C_B/0020-SNAPSHOT_PHANTOMS.xml	1724	3531be4bfd7cbb0b639da7e1849003e2fa4cfc9dabc581e62f0f3ff6a8a75be6	False
L2J_Mobius_CT_2.6_HighFive/docs/phantoms/tasks/PHANTOM-M1-CHECKPOINT-RECOVERY-025/evidence/FINAL_R4_C_B/0021-SNAPSHOT_PHANTOMS.json	41543	aef95b171134315c9995fca9ef4c84345e4cf058752e64c98f9efac817b35ff7	False
L2J_Mobius_CT_2.6_HighFive/docs/phantoms/tasks/PHANTOM-M1-CHECKPOINT-RECOVERY-025/evidence/FINAL_R4_C_B/0021-SNAPSHOT_PHANTOMS.xml	39339	69fe20751f9909aa1b2053fd87ee03c51e159a19a1f0c105b372293e7dd97780	False
L2J_Mobius_CT_2.6_HighFive/docs/phantoms/tasks/PHANTOM-M1-CHECKPOINT-RECOVERY-025/evidence/FINAL_R4_C_B/0022-SNAPSHOT_PHANTOMS.json	1822	8fb526b15cdf6ea8786fbc6bf86b80cf05212d14ec53fe7d38e5ebf315ac2614	False
L2J_Mobius_CT_2.6_HighFive/docs/phantoms/tasks/PHANTOM-M1-CHECKPOINT-RECOVERY-025/evidence/FINAL_R4_C_B/0022-SNAPSHOT_PHANTOMS.xml	1724	921dcfd480cb9609afc4eb0dd1acfca61ee928e300b37d4b89880c7b6bceb13d	False
L2J_Mobius_CT_2.6_HighFive/docs/phantoms/tasks/PHANTOM-M1-CHECKPOINT-RECOVERY-025/evidence/FINAL_R4_C_B/0023-SNAPSHOT_PHANTOMS.json	41390	26f7adcdc55728a83623169295da54ab818c0b9396e1687de40846a206cf82f4	False
L2J_Mobius_CT_2.6_HighFive/docs/phantoms/tasks/PHANTOM-M1-CHECKPOINT-RECOVERY-025/evidence/FINAL_R4_C_B/0023-SNAPSHOT_PHANTOMS.xml	39186	deb570aad44e24a540fefde53064ce33487b2ecca340f66142ccdb1433f56fc9	False
L2J_Mobius_CT_2.6_HighFive/docs/phantoms/tasks/PHANTOM-M1-CHECKPOINT-RECOVERY-025/evidence/FINAL_R4_C_B/0024-SNAPSHOT_PHANTOMS.json	1822	216f93ea8966ff33708218aa069b80721012f5c539802d8b9fae34268499c280	False
L2J_Mobius_CT_2.6_HighFive/docs/phantoms/tasks/PHANTOM-M1-CHECKPOINT-RECOVERY-025/evidence/FINAL_R4_C_B/0024-SNAPSHOT_PHANTOMS.xml	1724	e8f081573dc1152fcdea5109574e652ebf5481e680a06ec87955ae88522487e9	False
L2J_Mobius_CT_2.6_HighFive/docs/phantoms/tasks/PHANTOM-M1-CHECKPOINT-RECOVERY-025/evidence/FINAL_R4_C_B/0025-SNAPSHOT_PHANTOMS.json	42092	84ddb12af1674570efc01b0968499774fb43d7bd38822f4a5899466613ed842e	False
L2J_Mobius_CT_2.6_HighFive/docs/phantoms/tasks/PHANTOM-M1-CHECKPOINT-RECOVERY-025/evidence/FINAL_R4_C_B/0025-SNAPSHOT_PHANTOMS.xml	39846	06cd23ef073f541984b54cd6259457fd8e9043a982334104cd5795c47dad6b99	False
L2J_Mobius_CT_2.6_HighFive/docs/phantoms/tasks/PHANTOM-M1-CHECKPOINT-RECOVERY-025/evidence/FINAL_R4_C_B/0026-SNAPSHOT_PHANTOMS.json	1822	551f5b4b0fa76d35fef1c0c98084e79d60dff8bc60c6d9715870b57813439e6a	False
L2J_Mobius_CT_2.6_HighFive/docs/phantoms/tasks/PHANTOM-M1-CHECKPOINT-RECOVERY-025/evidence/FINAL_R4_C_B/0026-SNAPSHOT_PHANTOMS.xml	1724	02537f8ceec9ee6098a77fe36bd314c8f79f7ef5d975534b7381df79ad0ba000	False
L2J_Mobius_CT_2.6_HighFive/docs/phantoms/tasks/PHANTOM-M1-CHECKPOINT-RECOVERY-025/evidence/FINAL_R4_C_B/0027-SNAPSHOT_PHANTOMS.json	42238	58964e899a435e0eaff536191d08358bd33ed160b4c73a5f43bdd656c61d1f43	False
L2J_Mobius_CT_2.6_HighFive/docs/phantoms/tasks/PHANTOM-M1-CHECKPOINT-RECOVERY-025/evidence/FINAL_R4_C_B/0027-SNAPSHOT_PHANTOMS.xml	39992	5054c119ca62b25463eeb7678194204cf04e07970411b94b35acd3a04aa0b8ac	False
L2J_Mobius_CT_2.6_HighFive/docs/phantoms/tasks/PHANTOM-M1-CHECKPOINT-RECOVERY-025/evidence/FINAL_R4_C_B/0028-SNAPSHOT_PHANTOMS.json	1816	77b12b3e18cbc6d50203c5ffec9ce763ba203a53bcc01c2ad17557c6f2908e92	False
L2J_Mobius_CT_2.6_HighFive/docs/phantoms/tasks/PHANTOM-M1-CHECKPOINT-RECOVERY-025/evidence/FINAL_R4_C_B/0028-SNAPSHOT_PHANTOMS.xml	1718	eefb85991054b684379e69bc083b906ff0f34f46e1be27eff67dc709d19deca5	False
L2J_Mobius_CT_2.6_HighFive/docs/phantoms/tasks/PHANTOM-M1-CHECKPOINT-RECOVERY-025/evidence/FINAL_R4_C_B/0029-SNAPSHOT_PHANTOMS.json	42365	819f079c87a183b074e20178a2e3d153efb921ed97d37d0e6e91d331a31f354f	False
L2J_Mobius_CT_2.6_HighFive/docs/phantoms/tasks/PHANTOM-M1-CHECKPOINT-RECOVERY-025/evidence/FINAL_R4_C_B/0029-SNAPSHOT_PHANTOMS.xml	40119	52248a21ee164097fcca8f4b35df77d68ddbfa988d5f54bc34403baa76dbb3e9	False
L2J_Mobius_CT_2.6_HighFive/docs/phantoms/tasks/PHANTOM-M1-CHECKPOINT-RECOVERY-025/evidence/FINAL_R4_C_B/0030-SNAPSHOT_PHANTOMS.json	1814	a6311900e7c44c51c8373b973dcb81bd1b3bd113bc8d783fcfa83a937578c985	False
L2J_Mobius_CT_2.6_HighFive/docs/phantoms/tasks/PHANTOM-M1-CHECKPOINT-RECOVERY-025/evidence/FINAL_R4_C_B/0030-SNAPSHOT_PHANTOMS.xml	1716	54a040e0662dcdba8c7f74db3d3367f45649d5b91c66d419efa3f0b8e0e9fac2	False
L2J_Mobius_CT_2.6_HighFive/docs/phantoms/tasks/PHANTOM-M1-CHECKPOINT-RECOVERY-025/evidence/FINAL_R4_C_B/0031-SNAPSHOT_PHANTOMS.json	42014	7ea60862ee4761fad75c3da511093971fef6ffb5cd62ea99bd1e99251e0dbc93	False
L2J_Mobius_CT_2.6_HighFive/docs/phantoms/tasks/PHANTOM-M1-CHECKPOINT-RECOVERY-025/evidence/FINAL_R4_C_B/0031-SNAPSHOT_PHANTOMS.xml	39782	f6d2840ef31598cbfc7cf75627262c22f051baa18f691dec4609fafed20eaa11	False
L2J_Mobius_CT_2.6_HighFive/docs/phantoms/tasks/PHANTOM-M1-CHECKPOINT-RECOVERY-025/evidence/FINAL_R4_C_B/0032-SNAPSHOT_PHANTOMS.json	1822	4f4a63d4defceec9d8f2744bcee4a2c2553bf1b1081d66ca1011555603256a5e	False
L2J_Mobius_CT_2.6_HighFive/docs/phantoms/tasks/PHANTOM-M1-CHECKPOINT-RECOVERY-025/evidence/FINAL_R4_C_B/0032-SNAPSHOT_PHANTOMS.xml	1724	cc4912e88eb5a7a013f5aa75796c48836f0b56c66503b09a09bf8affdab26931	False
L2J_Mobius_CT_2.6_HighFive/docs/phantoms/tasks/PHANTOM-M1-CHECKPOINT-RECOVERY-025/evidence/FINAL_R4_C_B/0033-SNAPSHOT_PHANTOMS.json	41566	51d3a31df916f25a4656afaf009428dfc40bb5129ff2828e034929d876c4e229	False
L2J_Mobius_CT_2.6_HighFive/docs/phantoms/tasks/PHANTOM-M1-CHECKPOINT-RECOVERY-025/evidence/FINAL_R4_C_B/0033-SNAPSHOT_PHANTOMS.xml	39348	8fef512f1fb2dc8077c9606daae575563b26c482118b405be3f7022b5efdb99a	False
L2J_Mobius_CT_2.6_HighFive/docs/phantoms/tasks/PHANTOM-M1-CHECKPOINT-RECOVERY-025/evidence/FINAL_R4_C_B/0034-SNAPSHOT_PHANTOMS.json	1822	11f59df20d810dfb82ea8a0aa83928dc12fe237e1db0e11d2155ead6950e69b7	False
L2J_Mobius_CT_2.6_HighFive/docs/phantoms/tasks/PHANTOM-M1-CHECKPOINT-RECOVERY-025/evidence/FINAL_R4_C_B/0034-SNAPSHOT_PHANTOMS.xml	1724	d436c2c6ecbf402fd0fcdfa84ea913348af6103f1650e2f38122604740011cfd	False
L2J_Mobius_CT_2.6_HighFive/docs/phantoms/tasks/PHANTOM-M1-CHECKPOINT-RECOVERY-025/evidence/FINAL_R4_C_B/0035-SNAPSHOT_PHANTOMS.json	41537	0159cef892707b929339adead4c3d88e6b9125e1198a2bc6c2570df226f37a5f	False
L2J_Mobius_CT_2.6_HighFive/docs/phantoms/tasks/PHANTOM-M1-CHECKPOINT-RECOVERY-025/evidence/FINAL_R4_C_B/0035-SNAPSHOT_PHANTOMS.xml	39319	a3667a05ccba24dc242ea56e9ad3878c385759030801b1c66c0eac16aaf7149d	False
L2J_Mobius_CT_2.6_HighFive/docs/phantoms/tasks/PHANTOM-M1-CHECKPOINT-RECOVERY-025/evidence/FINAL_R4_C_B/0036-SNAPSHOT_PHANTOMS.json	1814	7861daca44bab2dea8430c84ee8e9d3297a205df404c5835b22fc2966608141f	False
L2J_Mobius_CT_2.6_HighFive/docs/phantoms/tasks/PHANTOM-M1-CHECKPOINT-RECOVERY-025/evidence/FINAL_R4_C_B/0036-SNAPSHOT_PHANTOMS.xml	1716	274d2c0b4f59ea655f461fd5c8c0ea008314ab04359cf2b3c03b79324eff40f9	False
L2J_Mobius_CT_2.6_HighFive/docs/phantoms/tasks/PHANTOM-M1-CHECKPOINT-RECOVERY-025/evidence/FINAL_R4_C_B/0037-SNAPSHOT_PHANTOMS.json	42460	8fc4ef3e54e5cab812b5262c7f0b44fcda5c8ca8b81f6c7e47730a1f9a273d59	False
L2J_Mobius_CT_2.6_HighFive/docs/phantoms/tasks/PHANTOM-M1-CHECKPOINT-RECOVERY-025/evidence/FINAL_R4_C_B/0037-SNAPSHOT_PHANTOMS.xml	40256	28d77a8a585008f47cddce2f60eaa0fc5704bfe7d0e980da626634021fe37bb9	False
L2J_Mobius_CT_2.6_HighFive/docs/phantoms/tasks/PHANTOM-M1-CHECKPOINT-RECOVERY-025/evidence/FINAL_R4_C_B/0038-SNAPSHOT_PHANTOMS.json	1822	6eb8b3b6bd67493ea400de99433bdf8a112e1dba63194e6e1df8503cb32c7045	False
L2J_Mobius_CT_2.6_HighFive/docs/phantoms/tasks/PHANTOM-M1-CHECKPOINT-RECOVERY-025/evidence/FINAL_R4_C_B/0038-SNAPSHOT_PHANTOMS.xml	1724	e4c130a5805e35ae3b32eeef7e9699f1492ce59834426e886c0114d000a4c181	False
L2J_Mobius_CT_2.6_HighFive/docs/phantoms/tasks/PHANTOM-M1-CHECKPOINT-RECOVERY-025/evidence/FINAL_R4_C_B/0039-SNAPSHOT_PHANTOMS.json	42412	5b60bc86fdb7f0d1a6643bf593bce9a9324e3ffb5e40b58bd8b3403455073727	False
L2J_Mobius_CT_2.6_HighFive/docs/phantoms/tasks/PHANTOM-M1-CHECKPOINT-RECOVERY-025/evidence/FINAL_R4_C_B/0039-SNAPSHOT_PHANTOMS.xml	40208	17d9e9f5bffc7d74b30219c4447adc09abec5eefed1cbbc44415a83ef75a59ab	False
L2J_Mobius_CT_2.6_HighFive/docs/phantoms/tasks/PHANTOM-M1-CHECKPOINT-RECOVERY-025/evidence/FINAL_R4_C_B/0040-SNAPSHOT_PHANTOMS.json	1822	38190b4efa46bcaefb35b314ebfaf5d8dff096fbd1ade23e38555ee2a19bde3c	False
L2J_Mobius_CT_2.6_HighFive/docs/phantoms/tasks/PHANTOM-M1-CHECKPOINT-RECOVERY-025/evidence/FINAL_R4_C_B/0040-SNAPSHOT_PHANTOMS.xml	1724	9b92f04621e70daebfb14e02ae29b9d473dbb5ca22e17eff5bb6e70b4428fc09	False
L2J_Mobius_CT_2.6_HighFive/docs/phantoms/tasks/PHANTOM-M1-CHECKPOINT-RECOVERY-025/evidence/FINAL_R4_C_B/0041-SNAPSHOT_PHANTOMS.json	42681	733c6dbf8e478b4bc757a893ba483f677d26e6c762c645686f25cabb9b8d2660	False
L2J_Mobius_CT_2.6_HighFive/docs/phantoms/tasks/PHANTOM-M1-CHECKPOINT-RECOVERY-025/evidence/FINAL_R4_C_B/0041-SNAPSHOT_PHANTOMS.xml	40477	139fff54307cf153496b18d6576a63a9c75a56c8949ed74c670b6021cd9f5e41	False
L2J_Mobius_CT_2.6_HighFive/docs/phantoms/tasks/PHANTOM-M1-CHECKPOINT-RECOVERY-025/evidence/FINAL_R4_C_B/0042-SNAPSHOT_PHANTOMS.json	1819	fba16be302ae9e8d5d00118ce95f9f9d7c930c90a40f0a48ca63a9e97ce33dd7	False
L2J_Mobius_CT_2.6_HighFive/docs/phantoms/tasks/PHANTOM-M1-CHECKPOINT-RECOVERY-025/evidence/FINAL_R4_C_B/0042-SNAPSHOT_PHANTOMS.xml	1721	6f72c0b1aafe4ce94cc1896064cd96e81393f7f0db3739745f3eb50e0e10bee5	False
L2J_Mobius_CT_2.6_HighFive/docs/phantoms/tasks/PHANTOM-M1-CHECKPOINT-RECOVERY-025/evidence/FINAL_R4_C_B/0043-SNAPSHOT_PHANTOMS.json	42515	9f7e9b4fb8f28dca0d3a740b9e591bac1810e33edac53bff1cedf9d36f04830e	False
L2J_Mobius_CT_2.6_HighFive/docs/phantoms/tasks/PHANTOM-M1-CHECKPOINT-RECOVERY-025/evidence/FINAL_R4_C_B/0043-SNAPSHOT_PHANTOMS.xml	40311	dc50be51b1f638b483bad2bdef673974266056e678ca58dfeb29e7a5ce7adc51	False
L2J_Mobius_CT_2.6_HighFive/docs/phantoms/tasks/PHANTOM-M1-CHECKPOINT-RECOVERY-025/evidence/FINAL_R4_C_B/0044-SNAPSHOT_PHANTOMS.json	1822	c74928a85f557c77547980801ca490a7b3dd292c7b28eba81380cb5dc9eea77d	False
L2J_Mobius_CT_2.6_HighFive/docs/phantoms/tasks/PHANTOM-M1-CHECKPOINT-RECOVERY-025/evidence/FINAL_R4_C_B/0044-SNAPSHOT_PHANTOMS.xml	1724	bd225044aacbd3c8853fcd936e91e850fa684cd2c6442af5c3f96b5701642dee	False
L2J_Mobius_CT_2.6_HighFive/docs/phantoms/tasks/PHANTOM-M1-CHECKPOINT-RECOVERY-025/evidence/FINAL_R4_C_B/0045-SNAPSHOT_PHANTOMS.json	42262	eca69e19f47ca6de086f03d27312b8aa9755bb3d91423fff553904880cef8301	False
L2J_Mobius_CT_2.6_HighFive/docs/phantoms/tasks/PHANTOM-M1-CHECKPOINT-RECOVERY-025/evidence/FINAL_R4_C_B/0045-SNAPSHOT_PHANTOMS.xml	40044	c4f340b7a4b8aea2fe9f5795e5323b8eb22db935cc929df4a7ff758ae9a5ae09	False
L2J_Mobius_CT_2.6_HighFive/docs/phantoms/tasks/PHANTOM-M1-CHECKPOINT-RECOVERY-025/evidence/FINAL_R4_C_B/0046-SNAPSHOT_PHANTOMS.json	1816	971b7e0dd441b5303c321ecbd88e551cf5cf2c4d17d2ff0b20ad4b941261ca36	False
L2J_Mobius_CT_2.6_HighFive/docs/phantoms/tasks/PHANTOM-M1-CHECKPOINT-RECOVERY-025/evidence/FINAL_R4_C_B/0046-SNAPSHOT_PHANTOMS.xml	1718	24e7e3fbfe250f3294993d275d8caea07b31cfbac3499f837ac69da57410ba6e	False
L2J_Mobius_CT_2.6_HighFive/docs/phantoms/tasks/PHANTOM-M1-CHECKPOINT-RECOVERY-025/evidence/FINAL_R4_C_B/0047-SNAPSHOT_PHANTOMS.json	43716	d6941dc9ee7be68efc9ebb139c921898042c5772b0cb2998ae2cd4f8a5512981	False
L2J_Mobius_CT_2.6_HighFive/docs/phantoms/tasks/PHANTOM-M1-CHECKPOINT-RECOVERY-025/evidence/FINAL_R4_C_B/0047-SNAPSHOT_PHANTOMS.xml	41456	188e4ab385bf4d370e876057b8056834ab8e36ce2b064e5b758099311e687c68	False
L2J_Mobius_CT_2.6_HighFive/docs/phantoms/tasks/PHANTOM-M1-CHECKPOINT-RECOVERY-025/evidence/FINAL_R4_C_B/0048-SNAPSHOT_PHANTOMS.json	1822	2a100ca7af470a4a05f3cf312b5a36ab7d06b1814cd6c82349ea3a3d5130a564	False
L2J_Mobius_CT_2.6_HighFive/docs/phantoms/tasks/PHANTOM-M1-CHECKPOINT-RECOVERY-025/evidence/FINAL_R4_C_B/0048-SNAPSHOT_PHANTOMS.xml	1724	df80c7cf88320a7ffd87493ba7e0a02359f99d831d30fa367b54146e0618a3ef	False
L2J_Mobius_CT_2.6_HighFive/docs/phantoms/tasks/PHANTOM-M1-CHECKPOINT-RECOVERY-025/evidence/FINAL_R4_C_B/0049-SNAPSHOT_PHANTOMS.json	43579	8dd1fbf84b2e269832e757441dce9d886476e9f5543c19e32f6d0f976d99a8aa	False
L2J_Mobius_CT_2.6_HighFive/docs/phantoms/tasks/PHANTOM-M1-CHECKPOINT-RECOVERY-025/evidence/FINAL_R4_C_B/0049-SNAPSHOT_PHANTOMS.xml	41319	efd871136a7d2aef2a4a354d7b541f3ec72da713f0f3b6a29d1d292ba45763e3	False
L2J_Mobius_CT_2.6_HighFive/docs/phantoms/tasks/PHANTOM-M1-CHECKPOINT-RECOVERY-025/evidence/FINAL_R4_C_B/0050-SNAPSHOT_PHANTOMS.json	1821	35a934a3fb9c31ffe01c6350b80b12a7bb593aae21b0f992957689311cd9da05	False
L2J_Mobius_CT_2.6_HighFive/docs/phantoms/tasks/PHANTOM-M1-CHECKPOINT-RECOVERY-025/evidence/FINAL_R4_C_B/0050-SNAPSHOT_PHANTOMS.xml	1723	ffb429b03369f669cc2e364d841d13587dd858c7b67891a317c9836cd56f27df	False
L2J_Mobius_CT_2.6_HighFive/docs/phantoms/tasks/PHANTOM-M1-CHECKPOINT-RECOVERY-025/evidence/FINAL_R4_C_B/0051-SNAPSHOT_PHANTOMS.json	37135	4f6260b4df719477735c3f81c16e5cbd728a3d6ad5b2f660c6e1606a11048ec2	False
L2J_Mobius_CT_2.6_HighFive/docs/phantoms/tasks/PHANTOM-M1-CHECKPOINT-RECOVERY-025/evidence/FINAL_R4_C_B/0051-SNAPSHOT_PHANTOMS.xml	35161	3be0ac3393de263a40531e2bc16b56d46f582126ff197405e639a5b84d583c8e	False
L2J_Mobius_CT_2.6_HighFive/docs/phantoms/tasks/PHANTOM-M1-CHECKPOINT-RECOVERY-025/evidence/FINAL_R4_C_B/0052-SNAPSHOT_PHANTOMS.json	31714	6380b33e0dc04f2a1bcda8bd24859d730b920842f969dda1a9a153c14297927b	False
L2J_Mobius_CT_2.6_HighFive/docs/phantoms/tasks/PHANTOM-M1-CHECKPOINT-RECOVERY-025/evidence/FINAL_R4_C_B/0052-SNAPSHOT_PHANTOMS.xml	30012	b8977bbc9828017093539e501125af0a84afed6cbc4e2d2d319ecdb49b595f0e	False
L2J_Mobius_CT_2.6_HighFive/docs/phantoms/tasks/PHANTOM-M1-CHECKPOINT-RECOVERY-025/evidence/FINAL_R4_C_B/0053-SNAPSHOT_PHANTOMS.json	31964	3ee34b9b86ecf2334d3dac75639a59e9c7767a239cafbdda0aca1dc8bfea7db9	False
L2J_Mobius_CT_2.6_HighFive/docs/phantoms/tasks/PHANTOM-M1-CHECKPOINT-RECOVERY-025/evidence/FINAL_R4_C_B/0053-SNAPSHOT_PHANTOMS.xml	30262	7d3e7b7ea105049c4b5f3dd5edaeaacf47fe97ea7653fda6d5685dc30931f2c4	False
L2J_Mobius_CT_2.6_HighFive/docs/phantoms/tasks/PHANTOM-M1-CHECKPOINT-RECOVERY-025/evidence/FINAL_R4_C_B/0054-SNAPSHOT_PHANTOMS.json	31833	2296e1346a83a361eeddd5c0413df0cacfff11f7235446a6b78d7d67e4e0acdc	False
L2J_Mobius_CT_2.6_HighFive/docs/phantoms/tasks/PHANTOM-M1-CHECKPOINT-RECOVERY-025/evidence/FINAL_R4_C_B/0054-SNAPSHOT_PHANTOMS.xml	30145	5b580b677dd38e8e52aec03a2198c11e35a7a39759bdab6c38b96b8859790849	False
L2J_Mobius_CT_2.6_HighFive/docs/phantoms/tasks/PHANTOM-M1-CHECKPOINT-RECOVERY-025/evidence/FINAL_R4_C_B/0055-SNAPSHOT_PHANTOMS.json	31756	16dc702198fcc7bbd7e545637178ecc665023aada64b22bbd4007eab118b04ff	False
L2J_Mobius_CT_2.6_HighFive/docs/phantoms/tasks/PHANTOM-M1-CHECKPOINT-RECOVERY-025/evidence/FINAL_R4_C_B/0055-SNAPSHOT_PHANTOMS.xml	30068	4422741b7db23b3e4363c4754d9b4b62a4bf6627805a9f74748c6880f3873e40	False
L2J_Mobius_CT_2.6_HighFive/docs/phantoms/tasks/PHANTOM-M1-CHECKPOINT-RECOVERY-025/evidence/FINAL_R4_C_B/0056-SNAPSHOT_PHANTOMS.json	31870	7bbc4b9051f36e62343e6d3433c66f40bf492028a09e398c187869d3f997e6eb	False
L2J_Mobius_CT_2.6_HighFive/docs/phantoms/tasks/PHANTOM-M1-CHECKPOINT-RECOVERY-025/evidence/FINAL_R4_C_B/0056-SNAPSHOT_PHANTOMS.xml	30182	3c80fc730ea2a9ce3390807db17894671995661383f73a8d64e366c74b60f2d3	False
L2J_Mobius_CT_2.6_HighFive/docs/phantoms/tasks/PHANTOM-M1-CHECKPOINT-RECOVERY-025/evidence/FINAL_R4_C_B/0057-SNAPSHOT_PHANTOMS.json	31755	faa66f2a60a06cedf5f160480f62572c21aed733ed590814c8caea9a39ea2b62	False
L2J_Mobius_CT_2.6_HighFive/docs/phantoms/tasks/PHANTOM-M1-CHECKPOINT-RECOVERY-025/evidence/FINAL_R4_C_B/0057-SNAPSHOT_PHANTOMS.xml	30067	1388d39d5e3e17fcd7753057e37701a10911b84e0627a442fb5a4ed981ad04f8	False
L2J_Mobius_CT_2.6_HighFive/docs/phantoms/tasks/PHANTOM-M1-CHECKPOINT-RECOVERY-025/evidence/FINAL_R4_C_B/0058-SNAPSHOT_PHANTOMS.json	32228	fb4014a762bf02a35510756b6a8c9187ecdc26d8c60247fb2fe4e96b8e36f829	False
L2J_Mobius_CT_2.6_HighFive/docs/phantoms/tasks/PHANTOM-M1-CHECKPOINT-RECOVERY-025/evidence/FINAL_R4_C_B/0058-SNAPSHOT_PHANTOMS.xml	30526	ec256014cc8f314f3f14d5f794b8cc87da9a270796ad7dcc337173b23f6be847	False
L2J_Mobius_CT_2.6_HighFive/docs/phantoms/tasks/PHANTOM-M1-CHECKPOINT-RECOVERY-025/evidence/FINAL_R4_C_B/0059-SNAPSHOT_PHANTOMS.json	32365	804b9a469bb627682f156d34ff4595af8abaa038dbc4944f999cfd9c64a5b2ce	False
L2J_Mobius_CT_2.6_HighFive/docs/phantoms/tasks/PHANTOM-M1-CHECKPOINT-RECOVERY-025/evidence/FINAL_R4_C_B/0059-SNAPSHOT_PHANTOMS.xml	30649	b52a626f0b32170f96dc1c86cd3561300ef496b023a49eaed918bfbcc329a4c3	False
L2J_Mobius_CT_2.6_HighFive/docs/phantoms/tasks/PHANTOM-M1-CHECKPOINT-RECOVERY-025/evidence/FINAL_R4_C_B/0060-SNAPSHOT_PHANTOMS.json	32681	e718ff58ee38cfb05c5310a60fff294deed62df0dcc474fc0a18fcb0e4eeaf83	False
L2J_Mobius_CT_2.6_HighFive/docs/phantoms/tasks/PHANTOM-M1-CHECKPOINT-RECOVERY-025/evidence/FINAL_R4_C_B/0060-SNAPSHOT_PHANTOMS.xml	30951	6a72ce9140a3a7d2bffadb1a1ecda883f4f4b23debadd03cfbcfa309d340ae4d	False
L2J_Mobius_CT_2.6_HighFive/docs/phantoms/tasks/PHANTOM-M1-CHECKPOINT-RECOVERY-025/evidence/FINAL_R4_C_B/0061-SNAPSHOT_PHANTOMS.json	32535	5e015d63dc87d55234e13a6b94844638cb3d0df4269572bedb42be187a1a8ed1	False
L2J_Mobius_CT_2.6_HighFive/docs/phantoms/tasks/PHANTOM-M1-CHECKPOINT-RECOVERY-025/evidence/FINAL_R4_C_B/0061-SNAPSHOT_PHANTOMS.xml	30805	fe2752213ee7c05783b779179af5641665b8efc9d356681440d29c3f7887bba1	False
L2J_Mobius_CT_2.6_HighFive/docs/phantoms/tasks/PHANTOM-M1-CHECKPOINT-RECOVERY-025/evidence/FINAL_R4_C_B/0062-SNAPSHOT_PHANTOMS.json	32390	9fa6a8bdfdf23e8529e96fa3dbfa6c5db62be442608c252b9c14b53056154456	False
L2J_Mobius_CT_2.6_HighFive/docs/phantoms/tasks/PHANTOM-M1-CHECKPOINT-RECOVERY-025/evidence/FINAL_R4_C_B/0062-SNAPSHOT_PHANTOMS.xml	30674	067cbbddc72cc32a2c51618797ea1c7f735676208436581a3116027429912667	False
L2J_Mobius_CT_2.6_HighFive/docs/phantoms/tasks/PHANTOM-M1-CHECKPOINT-RECOVERY-025/evidence/FINAL_R4_C_B/0063-SNAPSHOT_PHANTOMS.json	42714	cce7d39b8617973502e1b6d472d9731f7f63684227da779eaf30867f3ef5ae71	False
L2J_Mobius_CT_2.6_HighFive/docs/phantoms/tasks/PHANTOM-M1-CHECKPOINT-RECOVERY-025/evidence/FINAL_R4_C_B/0063-SNAPSHOT_PHANTOMS.xml	40482	b3ad945ccb92a5e8c9fa09ec62cdb3cdfc1a6b5788c8240bb8352677f41784eb	False
L2J_Mobius_CT_2.6_HighFive/docs/phantoms/tasks/PHANTOM-M1-CHECKPOINT-RECOVERY-025/evidence/FINAL_R4_C_B/0064-SNAPSHOT_PHANTOMS.json	1822	e64fbb6f79bb62686b024c3c23f30ca57e0ac780d26e8177ee99d84984912b4f	False
L2J_Mobius_CT_2.6_HighFive/docs/phantoms/tasks/PHANTOM-M1-CHECKPOINT-RECOVERY-025/evidence/FINAL_R4_C_B/0064-SNAPSHOT_PHANTOMS.xml	1724	6d40541360f286130cfcf447f7790394c5d3875dbdfd1fe3b2999bb3fdf5c1fe	False
L2J_Mobius_CT_2.6_HighFive/docs/phantoms/tasks/PHANTOM-M1-CHECKPOINT-RECOVERY-025/evidence/FINAL_R4_C_B/0065-SNAPSHOT_PHANTOMS.json	42660	89eb16ee21fe3f996565e5d29c6dc960bbaa8793def042487233ed9cb6114296	False
L2J_Mobius_CT_2.6_HighFive/docs/phantoms/tasks/PHANTOM-M1-CHECKPOINT-RECOVERY-025/evidence/FINAL_R4_C_B/0065-SNAPSHOT_PHANTOMS.xml	40428	a5fb688867788a2b9f04152822ac22eda8149ac3f8d35bd9d187d9a6d447e434	False
L2J_Mobius_CT_2.6_HighFive/docs/phantoms/tasks/PHANTOM-M1-CHECKPOINT-RECOVERY-025/evidence/FINAL_R4_C_B/0066-SNAPSHOT_PHANTOMS.json	1822	961e7d6fcbabefedcfa3642a763654b03d0e7ee222803cecbb121a79a2ee1cb3	False
L2J_Mobius_CT_2.6_HighFive/docs/phantoms/tasks/PHANTOM-M1-CHECKPOINT-RECOVERY-025/evidence/FINAL_R4_C_B/0066-SNAPSHOT_PHANTOMS.xml	1724	d1ac7cf1dbc231fa3a1344035815bc4894b30386012dd0491cbf5c995459a5f1	False
L2J_Mobius_CT_2.6_HighFive/docs/phantoms/tasks/PHANTOM-M1-CHECKPOINT-RECOVERY-025/evidence/FINAL_R4_C_B/0067-SNAPSHOT_PHANTOMS.json	43006	4b3d8f10f2d65299f841a776ef4f7993c947466d5cbf82fd1146dfb32a142b12	False
L2J_Mobius_CT_2.6_HighFive/docs/phantoms/tasks/PHANTOM-M1-CHECKPOINT-RECOVERY-025/evidence/FINAL_R4_C_B/0067-SNAPSHOT_PHANTOMS.xml	40774	46fc78a0de9c3cd28ea7ea5421ddc05ad3de905188f0cc12a6472de0477988b5	False
L2J_Mobius_CT_2.6_HighFive/docs/phantoms/tasks/PHANTOM-M1-CHECKPOINT-RECOVERY-025/evidence/FINAL_R4_C_B/0068-SNAPSHOT_PHANTOMS.json	1822	8ba5873f1010d9349d3d6b2dcd188a28a5c3f63074ab7cf1b14e160d88f6bc2b	False
L2J_Mobius_CT_2.6_HighFive/docs/phantoms/tasks/PHANTOM-M1-CHECKPOINT-RECOVERY-025/evidence/FINAL_R4_C_B/0068-SNAPSHOT_PHANTOMS.xml	1724	2fde7b55f7d7bd13c298312f9c3f7a736e76b1034bb78d6419cd0fef971ff55a	False
L2J_Mobius_CT_2.6_HighFive/docs/phantoms/tasks/PHANTOM-M1-CHECKPOINT-RECOVERY-025/evidence/FINAL_R4_C_B/0069-SNAPSHOT_PHANTOMS.json	43447	adc6d6088ad9cb35a3be19d398cd54c3b15cfa3123fb4c91dd853c5b16611273	False
L2J_Mobius_CT_2.6_HighFive/docs/phantoms/tasks/PHANTOM-M1-CHECKPOINT-RECOVERY-025/evidence/FINAL_R4_C_B/0069-SNAPSHOT_PHANTOMS.xml	41201	ee8624357060c9e795910d4c26c2929e9a8ee3a0cb14fd8c477a500c12ce25fd	False
L2J_Mobius_CT_2.6_HighFive/docs/phantoms/tasks/PHANTOM-M1-CHECKPOINT-RECOVERY-025/evidence/FINAL_R4_C_B/0070-SNAPSHOT_PHANTOMS.json	1822	3cd0bf730898ba341d1b9c7fba991c03efcb44b824ca1097be100dad24f7f9ea	False
L2J_Mobius_CT_2.6_HighFive/docs/phantoms/tasks/PHANTOM-M1-CHECKPOINT-RECOVERY-025/evidence/FINAL_R4_C_B/0070-SNAPSHOT_PHANTOMS.xml	1724	418e086d27256bb388e24d7cd59b4789e0100f3ee707a84fc864b79b800608b2	False
L2J_Mobius_CT_2.6_HighFive/docs/phantoms/tasks/PHANTOM-M1-CHECKPOINT-RECOVERY-025/evidence/FINAL_R4_C_B/0071-SNAPSHOT_PHANTOMS.json	43840	5f7e68268587b00dbc1c8a90e1acdb36ebc2ead072e7f2e22404a4cd407b9030	False
L2J_Mobius_CT_2.6_HighFive/docs/phantoms/tasks/PHANTOM-M1-CHECKPOINT-RECOVERY-025/evidence/FINAL_R4_C_B/0071-SNAPSHOT_PHANTOMS.xml	41580	ffc9cf576aa2c31ce15395865833a67d9a8e342b343e0d42af8ef7ad9c69ad8a	False
L2J_Mobius_CT_2.6_HighFive/docs/phantoms/tasks/PHANTOM-M1-CHECKPOINT-RECOVERY-025/evidence/FINAL_R4_C_B/0072-SNAPSHOT_PHANTOMS.json	1822	961e1a102312e5a37233858d2789ad91828a71f4cec2255055883a0840add2b5	False
L2J_Mobius_CT_2.6_HighFive/docs/phantoms/tasks/PHANTOM-M1-CHECKPOINT-RECOVERY-025/evidence/FINAL_R4_C_B/0072-SNAPSHOT_PHANTOMS.xml	1724	b6998fff0e9292ec8e09bfa3f0cbbb76bf2f526dc941b8d61cd2b0a37bf7e810	False
L2J_Mobius_CT_2.6_HighFive/docs/phantoms/tasks/PHANTOM-M1-CHECKPOINT-RECOVERY-025/evidence/FINAL_R4_C_B/0073-SNAPSHOT_PHANTOMS.json	43491	8c7081161f63565d984746faa61a14a717f9371a708bc8201084597b8a095f33	False
L2J_Mobius_CT_2.6_HighFive/docs/phantoms/tasks/PHANTOM-M1-CHECKPOINT-RECOVERY-025/evidence/FINAL_R4_C_B/0073-SNAPSHOT_PHANTOMS.xml	41231	e134848442aa356ea387700236bcc8b982e1669be02884259e83ac1d6f8d5c3b	False
L2J_Mobius_CT_2.6_HighFive/docs/phantoms/tasks/PHANTOM-M1-CHECKPOINT-RECOVERY-025/evidence/FINAL_R4_C_B/0074-SNAPSHOT_PHANTOMS.json	1822	640ebb90a7dfb1bdcf70f5b61f59beec8ec7955cbaeaad981b01d053a15da2e3	False
L2J_Mobius_CT_2.6_HighFive/docs/phantoms/tasks/PHANTOM-M1-CHECKPOINT-RECOVERY-025/evidence/FINAL_R4_C_B/0074-SNAPSHOT_PHANTOMS.xml	1724	d2c56da8b8c066de35baa0c647a02726e25f5f8f2bc4bd1cd27de4f55b86e842	False
L2J_Mobius_CT_2.6_HighFive/docs/phantoms/tasks/PHANTOM-M1-CHECKPOINT-RECOVERY-025/evidence/FINAL_R4_C_B/0075-SNAPSHOT_PHANTOMS.json	38248	e7eb983c6663c965c2e29f709de32bd491591958d7972ebeaf988afb7fe52a40	False
L2J_Mobius_CT_2.6_HighFive/docs/phantoms/tasks/PHANTOM-M1-CHECKPOINT-RECOVERY-025/evidence/FINAL_R4_C_B/0075-SNAPSHOT_PHANTOMS.xml	36288	2375dd69c29c0d8b7c5e3cde04163dd753916b764ceaa16caa1d62c22155c3c0	False
L2J_Mobius_CT_2.6_HighFive/docs/phantoms/tasks/PHANTOM-M1-CHECKPOINT-RECOVERY-025/evidence/FINAL_R4_C_B/0076-SNAPSHOT_PHANTOMS.json	38007	477a9ae841d3d5c6231800946d95166b3786d931734fc61c1f0a1c6127ee54be	False
L2J_Mobius_CT_2.6_HighFive/docs/phantoms/tasks/PHANTOM-M1-CHECKPOINT-RECOVERY-025/evidence/FINAL_R4_C_B/0076-SNAPSHOT_PHANTOMS.xml	36047	e12ee87a516713dea136f1eda32e6408ce7cf02b17296a42b8f9f7db616ecf92	False
L2J_Mobius_CT_2.6_HighFive/docs/phantoms/tasks/PHANTOM-M1-CHECKPOINT-RECOVERY-025/evidence/FINAL_R4_C_B/0077-SNAPSHOT_PHANTOMS.json	38408	a59a7dc62fc778c7d8025d1c061197cbb3816b7dd969afb1143c776c8c6be560	False
L2J_Mobius_CT_2.6_HighFive/docs/phantoms/tasks/PHANTOM-M1-CHECKPOINT-RECOVERY-025/evidence/FINAL_R4_C_B/0077-SNAPSHOT_PHANTOMS.xml	36434	d473f5807b48d5daba8e28c307795f608bd20c9195a4e622d5376e8d38bf3071	False
L2J_Mobius_CT_2.6_HighFive/docs/phantoms/tasks/PHANTOM-M1-CHECKPOINT-RECOVERY-025/evidence/FINAL_R4_C_B/0078-SNAPSHOT_PHANTOMS.json	33356	757c9c3f567d961cb0ed0ce39ad34d33f98ebd331568901d7f4f1e9f51dd1653	False
L2J_Mobius_CT_2.6_HighFive/docs/phantoms/tasks/PHANTOM-M1-CHECKPOINT-RECOVERY-025/evidence/FINAL_R4_C_B/0078-SNAPSHOT_PHANTOMS.xml	31640	5cadee21e56bc5256bb457167dc4b9667c59f5d267527e8da5d3b87eb676bb7d	False
L2J_Mobius_CT_2.6_HighFive/docs/phantoms/tasks/PHANTOM-M1-CHECKPOINT-RECOVERY-025/evidence/FINAL_R4_C_B/0079-SNAPSHOT_PHANTOMS.json	33530	cdb951e5d00eb0bfa927825c4bd1cc082cccf051c652f4eae6ba664e9ddfd99f	False
L2J_Mobius_CT_2.6_HighFive/docs/phantoms/tasks/PHANTOM-M1-CHECKPOINT-RECOVERY-025/evidence/FINAL_R4_C_B/0079-SNAPSHOT_PHANTOMS.xml	31814	d46296a4da23522107f5770d66fa8db5b288a0f084b0716f02904fcac88d3aea	False
L2J_Mobius_CT_2.6_HighFive/docs/phantoms/tasks/PHANTOM-M1-CHECKPOINT-RECOVERY-025/evidence/FINAL_R4_C_B/0080-SNAPSHOT_PHANTOMS.json	33317	99c3b9410a8d1890767d627fbedd79fc90896bf1474c0927268e7b546104dd49	False
L2J_Mobius_CT_2.6_HighFive/docs/phantoms/tasks/PHANTOM-M1-CHECKPOINT-RECOVERY-025/evidence/FINAL_R4_C_B/0080-SNAPSHOT_PHANTOMS.xml	31601	e604802b8e47e08abd46fb81efeb98df9fd81ec0f88f1cc2fa333512fd349727	False
L2J_Mobius_CT_2.6_HighFive/docs/phantoms/tasks/PHANTOM-M1-CHECKPOINT-RECOVERY-025/evidence/FINAL_R4_C_B/0081-SNAPSHOT_PHANTOMS.json	33239	0479ff920360477a349cf0aa6ec2a9ead7e2c10508f9119be06a03d1d86b400a	False
L2J_Mobius_CT_2.6_HighFive/docs/phantoms/tasks/PHANTOM-M1-CHECKPOINT-RECOVERY-025/evidence/FINAL_R4_C_B/0081-SNAPSHOT_PHANTOMS.xml	31523	aa57767d876a5b8ccc8eab88985ae8bd2480d24bb4b8628b515913574dd4cc24	False
L2J_Mobius_CT_2.6_HighFive/docs/phantoms/tasks/PHANTOM-M1-CHECKPOINT-RECOVERY-025/evidence/FINAL_R4_C_B/0082-SNAPSHOT_PHANTOMS.json	33350	cb6c977e70dbdccff1fbb2bf8584e67b55a281c67f5b2732d360c538140e8df7	False
L2J_Mobius_CT_2.6_HighFive/docs/phantoms/tasks/PHANTOM-M1-CHECKPOINT-RECOVERY-025/evidence/FINAL_R4_C_B/0082-SNAPSHOT_PHANTOMS.xml	31634	326d716ac617ad74a35a699225e43eeb8051670d12beeca069187f6877377d12	False
L2J_Mobius_CT_2.6_HighFive/docs/phantoms/tasks/PHANTOM-M1-CHECKPOINT-RECOVERY-025/evidence/FINAL_R4_C_B/0083-SNAPSHOT_PHANTOMS.json	33454	7b8948c719e48de2b8aabcd1ac0f2441647aac08da41ed3c83193a0b05a389a6	False
L2J_Mobius_CT_2.6_HighFive/docs/phantoms/tasks/PHANTOM-M1-CHECKPOINT-RECOVERY-025/evidence/FINAL_R4_C_B/0083-SNAPSHOT_PHANTOMS.xml	31738	27bc59d006ad2c9ebf79ff82fbb3a143374d189f2a5ec56dc6bd64eccd018482	False
L2J_Mobius_CT_2.6_HighFive/docs/phantoms/tasks/PHANTOM-M1-CHECKPOINT-RECOVERY-025/evidence/FINAL_R4_C_B/0084-SNAPSHOT_PHANTOMS.json	33366	ae7f2845860fccda66ce823a2b8c47c1c76dd284e20414f77603b5ec482dd614	False
L2J_Mobius_CT_2.6_HighFive/docs/phantoms/tasks/PHANTOM-M1-CHECKPOINT-RECOVERY-025/evidence/FINAL_R4_C_B/0084-SNAPSHOT_PHANTOMS.xml	31650	a744b12488992b0c2dc2a83d5ebae073e69d1329315ded92a492bfc12f064960	False
L2J_Mobius_CT_2.6_HighFive/docs/phantoms/tasks/PHANTOM-M1-CHECKPOINT-RECOVERY-025/evidence/FINAL_R4_C_B/0085-SNAPSHOT_PHANTOMS.json	33410	f2dcac36d6bc3cbec8aa44494ff1109e7552d57f1f0b2814913b9c29befa4cca	False
L2J_Mobius_CT_2.6_HighFive/docs/phantoms/tasks/PHANTOM-M1-CHECKPOINT-RECOVERY-025/evidence/FINAL_R4_C_B/0085-SNAPSHOT_PHANTOMS.xml	31694	1fceb8881eacbf5376bb681a1d762dc6af6e8bfaba002a0d7c4e08cd5bd2bde1	False
L2J_Mobius_CT_2.6_HighFive/docs/phantoms/tasks/PHANTOM-M1-CHECKPOINT-RECOVERY-025/evidence/FINAL_R4_C_B/0086-SNAPSHOT_PHANTOMS.json	28176	6e0a35eb2dbe90873afbd42aaa7ebf401811cd20d0ebf1f581ae71b6200eee5d	False
L2J_Mobius_CT_2.6_HighFive/docs/phantoms/tasks/PHANTOM-M1-CHECKPOINT-RECOVERY-025/evidence/FINAL_R4_C_B/0086-SNAPSHOT_PHANTOMS.xml	26732	ae55dadac1c2dc4fb7489362dd70a1ec216f5afb5d303a53566fb8ad706dfb1e	False
L2J_Mobius_CT_2.6_HighFive/docs/phantoms/tasks/PHANTOM-M1-CHECKPOINT-RECOVERY-025/evidence/FINAL_R4_C_B/0087-SNAPSHOT_PHANTOMS.json	28176	1509e3b7b46a3fa5178d3e8f0e7446b4644e7a5a508b2eedf5568e2fe549e2d9	False
L2J_Mobius_CT_2.6_HighFive/docs/phantoms/tasks/PHANTOM-M1-CHECKPOINT-RECOVERY-025/evidence/FINAL_R4_C_B/0087-SNAPSHOT_PHANTOMS.xml	26732	4bfda632150a12e6f6620f80a848c10dc8c5bf818c46e97f9ebe118e367a8584	False
L2J_Mobius_CT_2.6_HighFive/docs/phantoms/tasks/PHANTOM-M1-CHECKPOINT-RECOVERY-025/evidence/FINAL_R4_C_B/0088-SNAPSHOT_PHANTOMS.json	28268	d03628103b3ed240d4ec570a96add5fdcbfeed1ffc90bba91c7fe16e728b5470	False
L2J_Mobius_CT_2.6_HighFive/docs/phantoms/tasks/PHANTOM-M1-CHECKPOINT-RECOVERY-025/evidence/FINAL_R4_C_B/0088-SNAPSHOT_PHANTOMS.xml	26824	a4ec94d1d5ebfc1c1f7cc39c46492776ca348cb7e7527924e04ce1fae8d7aaee	False
L2J_Mobius_CT_2.6_HighFive/docs/phantoms/tasks/PHANTOM-M1-CHECKPOINT-RECOVERY-025/evidence/FINAL_R4_C_B/0089-SNAPSHOT_PHANTOMS.json	33289	09bccba8cfb99ffab169bbb3e6e5e7bb9ef41cfdad2df4d00ba03011a612e31a	False
L2J_Mobius_CT_2.6_HighFive/docs/phantoms/tasks/PHANTOM-M1-CHECKPOINT-RECOVERY-025/evidence/FINAL_R4_C_B/0089-SNAPSHOT_PHANTOMS.xml	31573	4ca758f6ff369eeacc7aba87d71f75c16ca717d48797ce4b74c8e1cd5ec6de2a	False
L2J_Mobius_CT_2.6_HighFive/docs/phantoms/tasks/PHANTOM-M1-CHECKPOINT-RECOVERY-025/evidence/FINAL_R4_C_B/0090-SNAPSHOT_PHANTOMS.json	33352	ef35b5d881c5b5ae53e96f2ce2b8abafd09b06dfc5fed87ef2edc55814f21905	False
L2J_Mobius_CT_2.6_HighFive/docs/phantoms/tasks/PHANTOM-M1-CHECKPOINT-RECOVERY-025/evidence/FINAL_R4_C_B/0090-SNAPSHOT_PHANTOMS.xml	31636	d6ddc5d38e8859fc9ab051fc6cfc0a1f0373adaa4a05bac343fc814e5753439d	False
L2J_Mobius_CT_2.6_HighFive/docs/phantoms/tasks/PHANTOM-M1-CHECKPOINT-RECOVERY-025/evidence/FINAL_R4_C_B/0091-SNAPSHOT_PHANTOMS.json	33548	3fec6abfcf3d80ea6491ee5d0016ee57c1ee8a70bb835fedb5c405ed2235460b	False
L2J_Mobius_CT_2.6_HighFive/docs/phantoms/tasks/PHANTOM-M1-CHECKPOINT-RECOVERY-025/evidence/FINAL_R4_C_B/0091-SNAPSHOT_PHANTOMS.xml	31832	c93c1ffdd3b78950ebc52b19e37d14f62f90eea8cc29ae5698438b4d5eb648c0	False
L2J_Mobius_CT_2.6_HighFive/docs/phantoms/tasks/PHANTOM-M1-CHECKPOINT-RECOVERY-025/evidence/FINAL_R4_C_B/0092-SNAPSHOT_PHANTOMS.json	33292	9937bb743f2b0b4d04cbc34df814f7438df4db068a3b46fe4e51b415a66e5690	False
L2J_Mobius_CT_2.6_HighFive/docs/phantoms/tasks/PHANTOM-M1-CHECKPOINT-RECOVERY-025/evidence/FINAL_R4_C_B/0092-SNAPSHOT_PHANTOMS.xml	31576	6da6f92fcda44c6e1cf96969f86c20ee981c59d709ea2089b5ece81d37d5461d	False
L2J_Mobius_CT_2.6_HighFive/docs/phantoms/tasks/PHANTOM-M1-CHECKPOINT-RECOVERY-025/evidence/FINAL_R4_C_B/0093-SNAPSHOT_PHANTOMS.json	33311	6ad438eeb59f303c37be00dc11d3e3d7441a9958d34d05407de9df6721565513	False
L2J_Mobius_CT_2.6_HighFive/docs/phantoms/tasks/PHANTOM-M1-CHECKPOINT-RECOVERY-025/evidence/FINAL_R4_C_B/0093-SNAPSHOT_PHANTOMS.xml	31595	d08544cc0ddf59a687fa7605b2de9d98f3cd57c915232fbecaccedc8b42fb8cf	False
L2J_Mobius_CT_2.6_HighFive/docs/phantoms/tasks/PHANTOM-M1-CHECKPOINT-RECOVERY-025/evidence/FINAL_R4_C_B/0094-SNAPSHOT_PHANTOMS.json	33136	25c9890bd4c9dc6f7f4f7909e6e1cf81d7ac1fe063eac88ba1d380f2ecd89a9a	False
L2J_Mobius_CT_2.6_HighFive/docs/phantoms/tasks/PHANTOM-M1-CHECKPOINT-RECOVERY-025/evidence/FINAL_R4_C_B/0094-SNAPSHOT_PHANTOMS.xml	31434	796c24d072ee2f3ccce4f206c27941367c631a7373e6b37a5cb2012ea14fc590	False
L2J_Mobius_CT_2.6_HighFive/docs/phantoms/tasks/PHANTOM-M1-CHECKPOINT-RECOVERY-025/evidence/FINAL_R4_C_B/0095-SNAPSHOT_PHANTOMS.json	33077	0460ba4d8c6754760eee311053475eace4a939559baaf013136a6cba76d204a5	False
L2J_Mobius_CT_2.6_HighFive/docs/phantoms/tasks/PHANTOM-M1-CHECKPOINT-RECOVERY-025/evidence/FINAL_R4_C_B/0095-SNAPSHOT_PHANTOMS.xml	31375	89d382b123cb0506c200eab4fd8cc97227f10e949eea92121ad93a3a91e50a9f	False
L2J_Mobius_CT_2.6_HighFive/docs/phantoms/tasks/PHANTOM-M1-CHECKPOINT-RECOVERY-025/evidence/FINAL_R4_C_B/0096-SNAPSHOT_PHANTOMS.json	32947	9ad595719c52bbecb1023fcbdfe8ce3dedeb71ab9b3eda1eca505ef20b5a1dd5	False
L2J_Mobius_CT_2.6_HighFive/docs/phantoms/tasks/PHANTOM-M1-CHECKPOINT-RECOVERY-025/evidence/FINAL_R4_C_B/0096-SNAPSHOT_PHANTOMS.xml	31245	e7940fef7f5293f06006f3edd8962b80a8debb5044bab43cfc6d54a281892b16	False
L2J_Mobius_CT_2.6_HighFive/docs/phantoms/tasks/PHANTOM-M1-CHECKPOINT-RECOVERY-025/evidence/FINAL_R4_C_B/0097-SNAPSHOT_PHANTOMS.json	32922	3009362ea8931e67c499c82ec6f9672e7d1e61b927b0b7ffee5027296aeb8eef	False
L2J_Mobius_CT_2.6_HighFive/docs/phantoms/tasks/PHANTOM-M1-CHECKPOINT-RECOVERY-025/evidence/FINAL_R4_C_B/0097-SNAPSHOT_PHANTOMS.xml	31220	3e97c93825fa9f6a92d9e0c649f0d25690bb800659ac6a9ba8350c02eaa3e320	False
L2J_Mobius_CT_2.6_HighFive/docs/phantoms/tasks/PHANTOM-M1-CHECKPOINT-RECOVERY-025/evidence/FINAL_R4_C_B/0098-SNAPSHOT_PHANTOMS.json	33016	a1a8f8fa400c0e8980c179ebf11f73f327bbe2ba9ef51e068220d48041160907	False
L2J_Mobius_CT_2.6_HighFive/docs/phantoms/tasks/PHANTOM-M1-CHECKPOINT-RECOVERY-025/evidence/FINAL_R4_C_B/0098-SNAPSHOT_PHANTOMS.xml	31314	d9966c3360d7ba46282d2120fb2a743a4e2b4306d84799d25d009159b48eaaf4	False
L2J_Mobius_CT_2.6_HighFive/docs/phantoms/tasks/PHANTOM-M1-CHECKPOINT-RECOVERY-025/evidence/FINAL_R4_C_B/0099-SNAPSHOT_PHANTOMS.json	33055	85b4ef74c8799331e3663b1fbc8f22afd5eae40278d0a006f73800e4c19de44f	False
L2J_Mobius_CT_2.6_HighFive/docs/phantoms/tasks/PHANTOM-M1-CHECKPOINT-RECOVERY-025/evidence/FINAL_R4_C_B/0099-SNAPSHOT_PHANTOMS.xml	31353	6aba9eb97856e70662134bff6346342a6b2eeac7ec9078e6218ab6dd2c17a4df	False
L2J_Mobius_CT_2.6_HighFive/docs/phantoms/tasks/PHANTOM-M1-CHECKPOINT-RECOVERY-025/evidence/FINAL_R4_C_B/0100-SNAPSHOT_PHANTOMS.json	33133	ca6aaeec4842d3ff4a49cbeeaf514ba41d49a4e1ff7ddd8b0532549354b0d99a	False
L2J_Mobius_CT_2.6_HighFive/docs/phantoms/tasks/PHANTOM-M1-CHECKPOINT-RECOVERY-025/evidence/FINAL_R4_C_B/0100-SNAPSHOT_PHANTOMS.xml	31431	cdd5213598ae8ad4a035df79ac82deaba65903f41cc60fa446c392836bebf525	False
L2J_Mobius_CT_2.6_HighFive/docs/phantoms/tasks/PHANTOM-M1-CHECKPOINT-RECOVERY-025/evidence/FINAL_R4_C_B/0101-SNAPSHOT_PHANTOMS.json	27970	db8cf9d0be13a6e4cb9e63b46f75731ff997b971783922659dfff323e096d0f1	False
L2J_Mobius_CT_2.6_HighFive/docs/phantoms/tasks/PHANTOM-M1-CHECKPOINT-RECOVERY-025/evidence/FINAL_R4_C_B/0101-SNAPSHOT_PHANTOMS.xml	26526	13e2aa0bacba8a1f51e1a5f6b3b956866f400fb2d7dd23ae589920fef40c0066	False
L2J_Mobius_CT_2.6_HighFive/docs/phantoms/tasks/PHANTOM-M1-CHECKPOINT-RECOVERY-025/evidence/FINAL_R4_C_B/0102-SNAPSHOT_PHANTOMS.json	27915	161d769095a3c3a9eb9077e95bf6491bf2437a8e00ca4e775f2026c3200a79b6	False
L2J_Mobius_CT_2.6_HighFive/docs/phantoms/tasks/PHANTOM-M1-CHECKPOINT-RECOVERY-025/evidence/FINAL_R4_C_B/0102-SNAPSHOT_PHANTOMS.xml	26471	c4b8bf1b6d191d568bda0ac23745e3620ca6abb3031110b62302ccc2c8d2aea0	False
L2J_Mobius_CT_2.6_HighFive/docs/phantoms/tasks/PHANTOM-M1-CHECKPOINT-RECOVERY-025/evidence/FINAL_R4_C_B/0103-SNAPSHOT_PHANTOMS.json	28252	32b28d1a792b9eaac85756e0f0c2725726e54abfb4b946e70b877c2971adbeae	False
L2J_Mobius_CT_2.6_HighFive/docs/phantoms/tasks/PHANTOM-M1-CHECKPOINT-RECOVERY-025/evidence/FINAL_R4_C_B/0103-SNAPSHOT_PHANTOMS.xml	26808	79536c2e637054358259b4a413bdaf7b03a5abc1f739368fe44ad5d39b2166f0	False
L2J_Mobius_CT_2.6_HighFive/docs/phantoms/tasks/PHANTOM-M1-CHECKPOINT-RECOVERY-025/evidence/FINAL_R4_C_B/0104-SNAPSHOT_PHANTOMS.json	28055	07772c02312ace15cde2351a5f74941e47ce837a0c8176bf4a771bd6a0dfa81c	False
L2J_Mobius_CT_2.6_HighFive/docs/phantoms/tasks/PHANTOM-M1-CHECKPOINT-RECOVERY-025/evidence/FINAL_R4_C_B/0104-SNAPSHOT_PHANTOMS.xml	26611	c127c08cf937897eb258cdfd0c3789e478f312024c06c11775e5dc290245cf84	False
L2J_Mobius_CT_2.6_HighFive/docs/phantoms/tasks/PHANTOM-M1-CHECKPOINT-RECOVERY-025/evidence/FINAL_R4_C_B/0105-SNAPSHOT_PHANTOMS.json	27939	59bb600597d13c9c080722e14aab6dd99d910c463c07fb36f01773a40c684177	False
L2J_Mobius_CT_2.6_HighFive/docs/phantoms/tasks/PHANTOM-M1-CHECKPOINT-RECOVERY-025/evidence/FINAL_R4_C_B/0105-SNAPSHOT_PHANTOMS.xml	26495	29c7d540b7027cd45d0b0391e121ac58a3aad57d5c557441288428e9d51de344	False
L2J_Mobius_CT_2.6_HighFive/docs/phantoms/tasks/PHANTOM-M1-CHECKPOINT-RECOVERY-025/evidence/FINAL_R4_C_B/0106-SNAPSHOT_PHANTOMS.json	27930	d9453fc9465fec955b692a394c7ae521d01a96d7d6a3a056e9ce6527fa07dc47	False
L2J_Mobius_CT_2.6_HighFive/docs/phantoms/tasks/PHANTOM-M1-CHECKPOINT-RECOVERY-025/evidence/FINAL_R4_C_B/0106-SNAPSHOT_PHANTOMS.xml	26486	0f9f042fd016a3e3f55a7bb97770f5b0224292deb200bb9ac4770b60f3ce8c5c	False
L2J_Mobius_CT_2.6_HighFive/docs/phantoms/tasks/PHANTOM-M1-CHECKPOINT-RECOVERY-025/evidence/FINAL_R4_C_B/0107-SNAPSHOT_PHANTOMS.json	27931	ab9dac89d11425701baa23ca6e0d613d8fbb7b9665768e7789815dd146bbcbcb	False
L2J_Mobius_CT_2.6_HighFive/docs/phantoms/tasks/PHANTOM-M1-CHECKPOINT-RECOVERY-025/evidence/FINAL_R4_C_B/0107-SNAPSHOT_PHANTOMS.xml	26487	eaebf8f120b6ed5bfc1c7286caf26ecd600d79a3047a37032c6cf3b236a44274	False
L2J_Mobius_CT_2.6_HighFive/docs/phantoms/tasks/PHANTOM-M1-CHECKPOINT-RECOVERY-025/evidence/FINAL_R4_C_B/0108-SNAPSHOT_PHANTOMS.json	28198	92224979530bf327317ba07bf6d1c8c9335b2f5c98c6070c240c44376f3f702a	False
L2J_Mobius_CT_2.6_HighFive/docs/phantoms/tasks/PHANTOM-M1-CHECKPOINT-RECOVERY-025/evidence/FINAL_R4_C_B/0108-SNAPSHOT_PHANTOMS.xml	26754	2b362c0591ba681d98dbbeae3aa05b95ebd6a56f768deb5c4c6bc2ac1ef2d553	False
L2J_Mobius_CT_2.6_HighFive/docs/phantoms/tasks/PHANTOM-M1-CHECKPOINT-RECOVERY-025/evidence/FINAL_R4_C_B/0109-SNAPSHOT_PHANTOMS.json	28123	a7b5f922aaaca103a7a0f88dc0102aef37bd2ae3ef65725f194d70bcc46903d1	False
L2J_Mobius_CT_2.6_HighFive/docs/phantoms/tasks/PHANTOM-M1-CHECKPOINT-RECOVERY-025/evidence/FINAL_R4_C_B/0109-SNAPSHOT_PHANTOMS.xml	26679	e8289ce49f7c2be14e5db5669231ba3d64870d1419e76d216c52a5680f0af024	False
L2J_Mobius_CT_2.6_HighFive/docs/phantoms/tasks/PHANTOM-M1-CHECKPOINT-RECOVERY-025/evidence/FINAL_R4_C_B/0110-SNAPSHOT_PHANTOMS.json	28004	d009eb464df480b6042123473ea541ac57c29472af6e7f68f9ede7e4f0c32b0c	False
L2J_Mobius_CT_2.6_HighFive/docs/phantoms/tasks/PHANTOM-M1-CHECKPOINT-RECOVERY-025/evidence/FINAL_R4_C_B/0110-SNAPSHOT_PHANTOMS.xml	26560	e1677ae5b06555984441a3eea5b453a6e58dab19cbc5b50306d331f5191a0d0b	False
L2J_Mobius_CT_2.6_HighFive/docs/phantoms/tasks/PHANTOM-M1-CHECKPOINT-RECOVERY-025/evidence/FINAL_R4_C_B/0111-SNAPSHOT_PHANTOMS.json	28463	a2e25090ae9fcd92b6fb492fb2d3aeb2179b49802fdbe462b7d690a18cf8516f	False
L2J_Mobius_CT_2.6_HighFive/docs/phantoms/tasks/PHANTOM-M1-CHECKPOINT-RECOVERY-025/evidence/FINAL_R4_C_B/0111-SNAPSHOT_PHANTOMS.xml	27019	663d49c8ee889334a378ea317c39f4622d04ea72c019a4ac7fa7be87482b5d6b	False
L2J_Mobius_CT_2.6_HighFive/docs/phantoms/tasks/PHANTOM-M1-CHECKPOINT-RECOVERY-025/evidence/FINAL_R4_C_B/0112-SNAPSHOT_PHANTOMS.json	28052	33a98054cf1fa88cd1356b61e535a87c81d3a0777ac3e710c850ecdbb0394166	False
L2J_Mobius_CT_2.6_HighFive/docs/phantoms/tasks/PHANTOM-M1-CHECKPOINT-RECOVERY-025/evidence/FINAL_R4_C_B/0112-SNAPSHOT_PHANTOMS.xml	26608	67c8b54737245d85bfb23f6152260555e511be3457a37d6e811253cd090b39a4	False
L2J_Mobius_CT_2.6_HighFive/docs/phantoms/tasks/PHANTOM-M1-CHECKPOINT-RECOVERY-025/evidence/FINAL_R4_C_B/0113-SNAPSHOT_PHANTOMS.json	27859	cf64a6fbb51fc5ff597f1da237201d22b983c60a41cb32f0887392ea08084fef	False
L2J_Mobius_CT_2.6_HighFive/docs/phantoms/tasks/PHANTOM-M1-CHECKPOINT-RECOVERY-025/evidence/FINAL_R4_C_B/0113-SNAPSHOT_PHANTOMS.xml	26415	9558ea0d38b4508e78ea4182613d61881d4da0a862b90045f657c0fcb8115f94	False
L2J_Mobius_CT_2.6_HighFive/docs/phantoms/tasks/PHANTOM-M1-CHECKPOINT-RECOVERY-025/evidence/FINAL_R4_C_B/0114-SNAPSHOT_PHANTOMS.json	28205	e0744ec2c8e848938ec489039467d5f9f65081f3de4a7d283d1195b7db9f4296	False
L2J_Mobius_CT_2.6_HighFive/docs/phantoms/tasks/PHANTOM-M1-CHECKPOINT-RECOVERY-025/evidence/FINAL_R4_C_B/0114-SNAPSHOT_PHANTOMS.xml	26761	93aeb798e558ab726102537b01577665942cdd1cd0c13727db330173cac9faaf	False
L2J_Mobius_CT_2.6_HighFive/docs/phantoms/tasks/PHANTOM-M1-CHECKPOINT-RECOVERY-025/evidence/FINAL_R4_C_B/0115-SNAPSHOT_PHANTOMS.json	28274	1df57ef92d9b28b3dea4bf2376bdaab61fd41ebd1bf35ee1624be1b374ce897f	False
L2J_Mobius_CT_2.6_HighFive/docs/phantoms/tasks/PHANTOM-M1-CHECKPOINT-RECOVERY-025/evidence/FINAL_R4_C_B/0115-SNAPSHOT_PHANTOMS.xml	26830	082233a2d14d585f68b3b7d8fc3f15c713dc6628508204317b252131eb3014ec	False
L2J_Mobius_CT_2.6_HighFive/docs/phantoms/tasks/PHANTOM-M1-CHECKPOINT-RECOVERY-025/evidence/FINAL_R4_C_B/0116-SNAPSHOT_PHANTOMS.json	28040	2ae6455818bd8888f8c78810f2914827ded8283953f80ce08ca6365f841c9b9b	False
L2J_Mobius_CT_2.6_HighFive/docs/phantoms/tasks/PHANTOM-M1-CHECKPOINT-RECOVERY-025/evidence/FINAL_R4_C_B/0116-SNAPSHOT_PHANTOMS.xml	26596	df73bd11300f349db433020f8fd53e67b796ea5939e5a278e3d0e9ebe575b1f8	False
L2J_Mobius_CT_2.6_HighFive/docs/phantoms/tasks/PHANTOM-M1-CHECKPOINT-RECOVERY-025/evidence/FINAL_R4_C_B/0117-SNAPSHOT_PHANTOMS.json	28034	2305e969a2c6f8a9a7cf6c9919ad3c91b10eb6713838cda91ac69f89d73e055d	False
L2J_Mobius_CT_2.6_HighFive/docs/phantoms/tasks/PHANTOM-M1-CHECKPOINT-RECOVERY-025/evidence/FINAL_R4_C_B/0117-SNAPSHOT_PHANTOMS.xml	26590	6a5f79322cffb6dff158406fee0050188119e93b0cbe0f7062c3659e9258c60a	False
L2J_Mobius_CT_2.6_HighFive/docs/phantoms/tasks/PHANTOM-M1-CHECKPOINT-RECOVERY-025/evidence/FINAL_R4_C_B/0118-SNAPSHOT_PHANTOMS.json	28133	c8185b8093d5af93c1cea57ad24798055c50c925534e1938ff716d5c217d94ee	False
L2J_Mobius_CT_2.6_HighFive/docs/phantoms/tasks/PHANTOM-M1-CHECKPOINT-RECOVERY-025/evidence/FINAL_R4_C_B/0118-SNAPSHOT_PHANTOMS.xml	26689	4f115ac55b0544ce21468878bdedc6ca98785366e893cbe5446148c0098f5830	False
L2J_Mobius_CT_2.6_HighFive/docs/phantoms/tasks/PHANTOM-M1-CHECKPOINT-RECOVERY-025/evidence/FINAL_R4_C_B/0119-SNAPSHOT_PHANTOMS.json	28022	ae41b2240a7f91bacef89e9e63cd56fa0df06977ef070315bb2a8f0a2fe22291	False
L2J_Mobius_CT_2.6_HighFive/docs/phantoms/tasks/PHANTOM-M1-CHECKPOINT-RECOVERY-025/evidence/FINAL_R4_C_B/0119-SNAPSHOT_PHANTOMS.xml	26578	673c063571dbe3c44ef647aec66f66cc1a34131d599bbaabe2cc1577817214ac	False
L2J_Mobius_CT_2.6_HighFive/docs/phantoms/tasks/PHANTOM-M1-CHECKPOINT-RECOVERY-025/evidence/FINAL_R4_C_B/0120-SNAPSHOT_PHANTOMS.json	28267	c03bef52e0664a7d46c8f86c5817e7ecfd3f115353a8a9fa02a79fd95a20bab1	False
L2J_Mobius_CT_2.6_HighFive/docs/phantoms/tasks/PHANTOM-M1-CHECKPOINT-RECOVERY-025/evidence/FINAL_R4_C_B/0120-SNAPSHOT_PHANTOMS.xml	26823	c8d62e41e891f9fec847196f9ab7a7d581b01e423c3bf2ec0abb7c9d90a1b0f2	False
L2J_Mobius_CT_2.6_HighFive/docs/phantoms/tasks/PHANTOM-M1-CHECKPOINT-RECOVERY-025/evidence/FINAL_R4_C_B/0121-SNAPSHOT_PHANTOMS.json	28362	b843d508496b227df47f8d4694d682429b9ab88176c9f74e50f9a6b13ee4123b	False
L2J_Mobius_CT_2.6_HighFive/docs/phantoms/tasks/PHANTOM-M1-CHECKPOINT-RECOVERY-025/evidence/FINAL_R4_C_B/0121-SNAPSHOT_PHANTOMS.xml	26918	eadbe21a50eb022e89d4e9cfe1ed971ec9c7cd997c5e8e8b9c20d82930846146	False
L2J_Mobius_CT_2.6_HighFive/docs/phantoms/tasks/PHANTOM-M1-CHECKPOINT-RECOVERY-025/evidence/FINAL_R4_C_B/0122-SNAPSHOT_PHANTOMS.json	28246	be836324263b556919735864e8dd58b2deb852fd98c8dfd8d47af2ff73f26d0f	False
L2J_Mobius_CT_2.6_HighFive/docs/phantoms/tasks/PHANTOM-M1-CHECKPOINT-RECOVERY-025/evidence/FINAL_R4_C_B/0122-SNAPSHOT_PHANTOMS.xml	26802	2ed01f11a56889eca883675b6308325dc588f229f67ad3ffebc1d04761df9ae5	False
L2J_Mobius_CT_2.6_HighFive/docs/phantoms/tasks/PHANTOM-M1-CHECKPOINT-RECOVERY-025/evidence/FINAL_R4_C_B/0123-SNAPSHOT_PHANTOMS.json	28203	956179a70f35e3225fc4e4f4b17aac4a69dc1578f152f094a3c90d43f72fa936	False
L2J_Mobius_CT_2.6_HighFive/docs/phantoms/tasks/PHANTOM-M1-CHECKPOINT-RECOVERY-025/evidence/FINAL_R4_C_B/0123-SNAPSHOT_PHANTOMS.xml	26759	82ae44cc7c0b401faf1c8967dadb4791a1e1f5d6fb15a75a8e3e4aeee06aeff1	False
L2J_Mobius_CT_2.6_HighFive/docs/phantoms/tasks/PHANTOM-M1-CHECKPOINT-RECOVERY-025/evidence/FINAL_R4_C_B/0124-SNAPSHOT_PHANTOMS.json	28006	a5bc2ebc515b8299e6d9d98dc8565fd79ae5cff7bd2dba8317b666dd72b148b0	False
L2J_Mobius_CT_2.6_HighFive/docs/phantoms/tasks/PHANTOM-M1-CHECKPOINT-RECOVERY-025/evidence/FINAL_R4_C_B/0124-SNAPSHOT_PHANTOMS.xml	26562	4c6caa98f6ed76f8f6cf9d418c537f2e79cb9bed69eb7a32ba4e85adf7fbd3bf	False
L2J_Mobius_CT_2.6_HighFive/docs/phantoms/tasks/PHANTOM-M1-CHECKPOINT-RECOVERY-025/evidence/FINAL_R4_C_B/0125-SNAPSHOT_PHANTOMS.json	27929	b92b33a73cfd94d452948b4cb48fdc1d7aefac4074c6b334b841daf96fda17d8	False
L2J_Mobius_CT_2.6_HighFive/docs/phantoms/tasks/PHANTOM-M1-CHECKPOINT-RECOVERY-025/evidence/FINAL_R4_C_B/0125-SNAPSHOT_PHANTOMS.xml	26485	a426dc7e06f2b1585e824f79954cb0b024eacd8da975c0c5af993a890228f2f7	False
L2J_Mobius_CT_2.6_HighFive/docs/phantoms/tasks/PHANTOM-M1-CHECKPOINT-RECOVERY-025/evidence/FINAL_R4_C_B/0126-SNAPSHOT_PHANTOMS.json	28247	1e36d559c92eb2a06957ef50818336d16ad916675e83ece1704aa1c33e94433d	False
L2J_Mobius_CT_2.6_HighFive/docs/phantoms/tasks/PHANTOM-M1-CHECKPOINT-RECOVERY-025/evidence/FINAL_R4_C_B/0126-SNAPSHOT_PHANTOMS.xml	26803	18816b7da5184a3e2cecc14723831d1961901f4a4c10085630d82ec0aae9c2e0	False
L2J_Mobius_CT_2.6_HighFive/docs/phantoms/tasks/PHANTOM-M1-CHECKPOINT-RECOVERY-025/evidence/FINAL_R4_C_B/0127-SNAPSHOT_PHANTOMS.json	28249	0f3cdb111e897873a0628832ad7a5497ad36073dc6c6961ec5c5d7c863edab0b	False
L2J_Mobius_CT_2.6_HighFive/docs/phantoms/tasks/PHANTOM-M1-CHECKPOINT-RECOVERY-025/evidence/FINAL_R4_C_B/0127-SNAPSHOT_PHANTOMS.xml	26805	985d0596db664ec5426632b7d0d656168926483ae328f7492ef77eb618600b02	False
L2J_Mobius_CT_2.6_HighFive/docs/phantoms/tasks/PHANTOM-M1-CHECKPOINT-RECOVERY-025/evidence/FINAL_R4_C_B/0128-SNAPSHOT_PHANTOMS.json	27834	87aa33f899382fdc073ec3d31841a0c3eb62376085668c94cbfb0d148648946d	False
L2J_Mobius_CT_2.6_HighFive/docs/phantoms/tasks/PHANTOM-M1-CHECKPOINT-RECOVERY-025/evidence/FINAL_R4_C_B/0128-SNAPSHOT_PHANTOMS.xml	26404	7babb2950cb6174b8822bb49c9a3b4248d5f0a4b0a8c1eca9c3b6d664840732c	False
L2J_Mobius_CT_2.6_HighFive/docs/phantoms/tasks/PHANTOM-M1-CHECKPOINT-RECOVERY-025/evidence/FINAL_R4_C_B/0129-SNAPSHOT_PHANTOMS.json	33148	e4a6bb4101e4ed7ab3df1ecd232958a682e5db69c1d9ef392bd29af549aed1c7	False
L2J_Mobius_CT_2.6_HighFive/docs/phantoms/tasks/PHANTOM-M1-CHECKPOINT-RECOVERY-025/evidence/FINAL_R4_C_B/0129-SNAPSHOT_PHANTOMS.xml	31446	1bed9adc302cac2666659926eed75a6ea4327b9d1b531a3101f14d48fd9ca0be	False
L2J_Mobius_CT_2.6_HighFive/docs/phantoms/tasks/PHANTOM-M1-CHECKPOINT-RECOVERY-025/evidence/FINAL_R4_C_B/0130-SNAPSHOT_PHANTOMS.json	32783	75eb223f6292786322c69f400b7c8f38bf850cac65d4dc6f4b8c69bc19e315a3	False
L2J_Mobius_CT_2.6_HighFive/docs/phantoms/tasks/PHANTOM-M1-CHECKPOINT-RECOVERY-025/evidence/FINAL_R4_C_B/0130-SNAPSHOT_PHANTOMS.xml	31095	fc2f56ed2e70665fa6e71639183b30c4f6b3e420e4b6eef18ef8eebae6d8233c	False
L2J_Mobius_CT_2.6_HighFive/docs/phantoms/tasks/PHANTOM-M1-CHECKPOINT-RECOVERY-025/evidence/FINAL_R4_C_B/0131-SNAPSHOT_PHANTOMS.json	32892	57fad0f804faf1e4aa5602c6ec8eb06e17f6a3dae600c7b7f22d541439fd3d2c	False
L2J_Mobius_CT_2.6_HighFive/docs/phantoms/tasks/PHANTOM-M1-CHECKPOINT-RECOVERY-025/evidence/FINAL_R4_C_B/0131-SNAPSHOT_PHANTOMS.xml	31204	48278f2d59e6984eb63d462266bb4c95253033359f3a72ccc2c9753e3562aeb1	False
L2J_Mobius_CT_2.6_HighFive/docs/phantoms/tasks/PHANTOM-M1-CHECKPOINT-RECOVERY-025/evidence/FINAL_R4_C_B/0132-SNAPSHOT_PHANTOMS.json	33006	40d19149f18c62c4e81ecd2e3748e9351baee9498f5ef39fe0fe1682d8ba1385	False
L2J_Mobius_CT_2.6_HighFive/docs/phantoms/tasks/PHANTOM-M1-CHECKPOINT-RECOVERY-025/evidence/FINAL_R4_C_B/0132-SNAPSHOT_PHANTOMS.xml	31318	a57112fe941be0b72e834293704f6eb0f81cf9723ce75cbe1f77aa6210e41909	False
L2J_Mobius_CT_2.6_HighFive/docs/phantoms/tasks/PHANTOM-M1-CHECKPOINT-RECOVERY-025/evidence/FINAL_R4_C_B/0133-SNAPSHOT_PHANTOMS.json	33163	04eed7385afdbdb5ed2616bc4d0e550291d1a068532cfab6c76e18e7d2904801	False
L2J_Mobius_CT_2.6_HighFive/docs/phantoms/tasks/PHANTOM-M1-CHECKPOINT-RECOVERY-025/evidence/FINAL_R4_C_B/0133-SNAPSHOT_PHANTOMS.xml	31475	44bb1818f1a7c645a9129033f76034fe901f6f61feac245fa27aeda9d2bb865d	False
L2J_Mobius_CT_2.6_HighFive/docs/phantoms/tasks/PHANTOM-M1-CHECKPOINT-RECOVERY-025/evidence/FINAL_R4_C_B/0134-SNAPSHOT_PHANTOMS.json	32839	8f917ca7af1daa64d82b4c1d65bcefd0a9f41245c66df8016f0efc909a36df53	False
L2J_Mobius_CT_2.6_HighFive/docs/phantoms/tasks/PHANTOM-M1-CHECKPOINT-RECOVERY-025/evidence/FINAL_R4_C_B/0134-SNAPSHOT_PHANTOMS.xml	31151	7cca52e445dbbbc8a2633097cfb9b803418eae42ae6ec0ec1c3ceede28b4565a	False
L2J_Mobius_CT_2.6_HighFive/docs/phantoms/tasks/PHANTOM-M1-CHECKPOINT-RECOVERY-025/evidence/FINAL_R4_C_B/0135-SNAPSHOT_PHANTOMS.json	32928	aa42b4d169ce4a8367b0aa5bbc039c547ce795f52d9831fdb70a7909081ffbda	False
L2J_Mobius_CT_2.6_HighFive/docs/phantoms/tasks/PHANTOM-M1-CHECKPOINT-RECOVERY-025/evidence/FINAL_R4_C_B/0135-SNAPSHOT_PHANTOMS.xml	31240	f540307c442f84e181e372a42053a6c11fce0428c046fef45265594f9f826c5e	False
L2J_Mobius_CT_2.6_HighFive/docs/phantoms/tasks/PHANTOM-M1-CHECKPOINT-RECOVERY-025/evidence/FINAL_R4_C_B/0136-SNAPSHOT_PHANTOMS.json	32754	dd39e32eb4ff773dedb3f71c1f005efabdb8ec5bc9e986dab4693585977c9434	False
L2J_Mobius_CT_2.6_HighFive/docs/phantoms/tasks/PHANTOM-M1-CHECKPOINT-RECOVERY-025/evidence/FINAL_R4_C_B/0136-SNAPSHOT_PHANTOMS.xml	31062	d083adb76e6d756f85581a5342841c7dd0ed9cd98baf8373d01e1573b1203777	False
L2J_Mobius_CT_2.6_HighFive/docs/phantoms/tasks/PHANTOM-M1-CHECKPOINT-RECOVERY-025/evidence/FINAL_R4_C_B/0137-SNAPSHOT_PHANTOMS.json	32977	1cc8b03e49a6c910df37cf1ca4081cb31193a4807a73cacb29a2384d1246c82f	False
L2J_Mobius_CT_2.6_HighFive/docs/phantoms/tasks/PHANTOM-M1-CHECKPOINT-RECOVERY-025/evidence/FINAL_R4_C_B/0137-SNAPSHOT_PHANTOMS.xml	31289	da667fc1294ce88d983a486ae58fac7c08f12c66a3365486a80fff061a31eb7e	False
L2J_Mobius_CT_2.6_HighFive/docs/phantoms/tasks/PHANTOM-M1-CHECKPOINT-RECOVERY-025/evidence/FINAL_R4_C_B/0138-SNAPSHOT_PHANTOMS.json	33019	19ad273f9dfe611424d274353ce0804796bac18bac7d60132e08cb38c41f975d	False
L2J_Mobius_CT_2.6_HighFive/docs/phantoms/tasks/PHANTOM-M1-CHECKPOINT-RECOVERY-025/evidence/FINAL_R4_C_B/0138-SNAPSHOT_PHANTOMS.xml	31331	7c7f30432b540cf24bceea923b5ee27d92ea9d5b6f14c6f177e10aafd5cd6a14	False
L2J_Mobius_CT_2.6_HighFive/docs/phantoms/tasks/PHANTOM-M1-CHECKPOINT-RECOVERY-025/evidence/FINAL_R4_C_B/0139-SNAPSHOT_PHANTOMS.json	33128	50e4f6a0d5fa10997b7ed011d9f24a30699e5524427015996736c5796c29be33	False
L2J_Mobius_CT_2.6_HighFive/docs/phantoms/tasks/PHANTOM-M1-CHECKPOINT-RECOVERY-025/evidence/FINAL_R4_C_B/0139-SNAPSHOT_PHANTOMS.xml	31426	1d609703ac71f808db05aef50820a105e8e08d23876d2d4a5904a81ef83ac9e3	False
L2J_Mobius_CT_2.6_HighFive/docs/phantoms/tasks/PHANTOM-M1-CHECKPOINT-RECOVERY-025/evidence/FINAL_R4_C_B/0140-SNAPSHOT_PHANTOMS.json	32922	68f3279f49ff115ff09a8b61a50c5cc2a1711a7577ae2b8ea954ab0874bf5767	False
L2J_Mobius_CT_2.6_HighFive/docs/phantoms/tasks/PHANTOM-M1-CHECKPOINT-RECOVERY-025/evidence/FINAL_R4_C_B/0140-SNAPSHOT_PHANTOMS.xml	31234	6b08559510d62bc4e2c35b46d2d72bcaa178b693726621246ed5407c671c4679	False
L2J_Mobius_CT_2.6_HighFive/docs/phantoms/tasks/PHANTOM-M1-CHECKPOINT-RECOVERY-025/evidence/FINAL_R4_C_B/0141-SNAPSHOT_PHANTOMS.json	32947	1d3bc692158c46712c4161f5cd60ddebf4238c1951bcf8e89b64a5e3374a72e5	False
L2J_Mobius_CT_2.6_HighFive/docs/phantoms/tasks/PHANTOM-M1-CHECKPOINT-RECOVERY-025/evidence/FINAL_R4_C_B/0141-SNAPSHOT_PHANTOMS.xml	31259	b1a6d00c9205fc505e9ea905aa765b229b569675048b4db14425cced980503b8	False
L2J_Mobius_CT_2.6_HighFive/docs/phantoms/tasks/PHANTOM-M1-CHECKPOINT-RECOVERY-025/evidence/FINAL_R4_C_B/0142-SNAPSHOT_PHANTOMS.json	32720	f3ddfc5a82bd250410850483333f9f4b3d47a020f8a3e48a077453c5f2bbf932	False
L2J_Mobius_CT_2.6_HighFive/docs/phantoms/tasks/PHANTOM-M1-CHECKPOINT-RECOVERY-025/evidence/FINAL_R4_C_B/0142-SNAPSHOT_PHANTOMS.xml	31046	c63345045ae18e15542d0353b8503d35f2465aa1c588c908ba84bf010e0bbb71	False
L2J_Mobius_CT_2.6_HighFive/docs/phantoms/tasks/PHANTOM-M1-CHECKPOINT-RECOVERY-025/evidence/FINAL_R4_C_B/0143-SNAPSHOT_PHANTOMS.json	32595	8afd8cbfe789d3afc0697cb0fbd5b608da5a9dc4c84b693da8730a5dc010d760	False
L2J_Mobius_CT_2.6_HighFive/docs/phantoms/tasks/PHANTOM-M1-CHECKPOINT-RECOVERY-025/evidence/FINAL_R4_C_B/0143-SNAPSHOT_PHANTOMS.xml	30921	28ffc14bc11a02e4a8430fb624b480843c10e214cb089c44ef7c5350517a2e09	False
L2J_Mobius_CT_2.6_HighFive/docs/phantoms/tasks/PHANTOM-M1-CHECKPOINT-RECOVERY-025/evidence/FINAL_R4_C_B/0144-SNAPSHOT_PHANTOMS.json	32761	4fc7bdee5501bd3266c0552313fd8ecd7ece919bbd2057267aff070569212cee	False
L2J_Mobius_CT_2.6_HighFive/docs/phantoms/tasks/PHANTOM-M1-CHECKPOINT-RECOVERY-025/evidence/FINAL_R4_C_B/0144-SNAPSHOT_PHANTOMS.xml	31087	5b854f1ec6d70d64635ad816ae80527d88a83f22efbe9503a187e7e2e12c2db0	False
L2J_Mobius_CT_2.6_HighFive/docs/phantoms/tasks/PHANTOM-M1-CHECKPOINT-RECOVERY-025/evidence/FINAL_R4_C_B/0145-SNAPSHOT_PHANTOMS.json	32698	a5fe056455440f8a4dfd8817fc4bcf126e0cfad2351b34b6c44456e1561ccf24	False
L2J_Mobius_CT_2.6_HighFive/docs/phantoms/tasks/PHANTOM-M1-CHECKPOINT-RECOVERY-025/evidence/FINAL_R4_C_B/0145-SNAPSHOT_PHANTOMS.xml	31024	69f9dc242a7daa48032238b9309ee60dd3db924f08173d74b085da919c6182ed	False
L2J_Mobius_CT_2.6_HighFive/docs/phantoms/tasks/PHANTOM-M1-CHECKPOINT-RECOVERY-025/evidence/FINAL_R4_C_B/0146-SNAPSHOT_PHANTOMS.json	32624	eadb052cf45550f66995f2f0d49b4850b94196e9d7e05ff2747c90e885a920a1	False
L2J_Mobius_CT_2.6_HighFive/docs/phantoms/tasks/PHANTOM-M1-CHECKPOINT-RECOVERY-025/evidence/FINAL_R4_C_B/0146-SNAPSHOT_PHANTOMS.xml	30950	360d218d32c84eab0b6608da07a3117c524c4da219884549f6da68bfa00b1275	False
L2J_Mobius_CT_2.6_HighFive/docs/phantoms/tasks/PHANTOM-M1-CHECKPOINT-RECOVERY-025/evidence/FINAL_R4_C_B/0147-SNAPSHOT_PHANTOMS.json	32631	b07f6dc358ba123f078c6aaf666f2cae21315a9e6d443c7651de09eeaab699aa	False
L2J_Mobius_CT_2.6_HighFive/docs/phantoms/tasks/PHANTOM-M1-CHECKPOINT-RECOVERY-025/evidence/FINAL_R4_C_B/0147-SNAPSHOT_PHANTOMS.xml	30957	7cfda7f29a0dca371429114bb417163d813ac5f99f9c85279f262a5f61e2a019	False
L2J_Mobius_CT_2.6_HighFive/docs/phantoms/tasks/PHANTOM-M1-CHECKPOINT-RECOVERY-025/evidence/FINAL_R4_C_B/0148-SNAPSHOT_PHANTOMS.json	32429	aba4ce7d999b49e3848f5bad03df43b18bf42b0e6163ddfad880172c04f7b4a7	False
L2J_Mobius_CT_2.6_HighFive/docs/phantoms/tasks/PHANTOM-M1-CHECKPOINT-RECOVERY-025/evidence/FINAL_R4_C_B/0148-SNAPSHOT_PHANTOMS.xml	30755	980f21c72cfb50682303d6c6e12b69eb2ca9bfd533f01b23324df089601ff662	False
L2J_Mobius_CT_2.6_HighFive/docs/phantoms/tasks/PHANTOM-M1-CHECKPOINT-RECOVERY-025/evidence/FINAL_R4_C_B/0149-SNAPSHOT_PHANTOMS.json	32614	58c4d9608afb1893eb1fdeaf5c5ef7317ae6bf5f38f8060ec7d586bbcd61c7e9	False
L2J_Mobius_CT_2.6_HighFive/docs/phantoms/tasks/PHANTOM-M1-CHECKPOINT-RECOVERY-025/evidence/FINAL_R4_C_B/0149-SNAPSHOT_PHANTOMS.xml	30940	160f3b7ff5f7e5cc8731f8caa3e8a15112bc884a0200f40c63490e603e9d294f	False
L2J_Mobius_CT_2.6_HighFive/docs/phantoms/tasks/PHANTOM-M1-CHECKPOINT-RECOVERY-025/evidence/FINAL_R4_C_B/0150-SNAPSHOT_PHANTOMS.json	32692	938dc4260e06fd47d76556578c22f884e89b7becb2e5684fa9c5b54caa94e7dc	False
L2J_Mobius_CT_2.6_HighFive/docs/phantoms/tasks/PHANTOM-M1-CHECKPOINT-RECOVERY-025/evidence/FINAL_R4_C_B/0150-SNAPSHOT_PHANTOMS.xml	31018	0a1401f24b26919290502d1ee837468c1aea6971fdc31c30c9ec35773bc6fafa	False
L2J_Mobius_CT_2.6_HighFive/docs/phantoms/tasks/PHANTOM-M1-CHECKPOINT-RECOVERY-025/evidence/FINAL_R4_C_B/0151-SNAPSHOT_PHANTOMS.json	32606	764d9416e2b5c3c5158c987007818db2df7b7be7668f3173d4e86f474c217baf	False
L2J_Mobius_CT_2.6_HighFive/docs/phantoms/tasks/PHANTOM-M1-CHECKPOINT-RECOVERY-025/evidence/FINAL_R4_C_B/0151-SNAPSHOT_PHANTOMS.xml	30932	a23d96e3e2623dd38046bcb5f767eace437f7d2ddf3949a5f68ba3c0871733d3	False
L2J_Mobius_CT_2.6_HighFive/docs/phantoms/tasks/PHANTOM-M1-CHECKPOINT-RECOVERY-025/evidence/FINAL_R4_C_B/0152-SNAPSHOT_PHANTOMS.json	33025	bd062f5d63f1bcec8a80a6842c7ba951e8d3f7c12803191a9a9ef14432ed1b12	False
L2J_Mobius_CT_2.6_HighFive/docs/phantoms/tasks/PHANTOM-M1-CHECKPOINT-RECOVERY-025/evidence/FINAL_R4_C_B/0152-SNAPSHOT_PHANTOMS.xml	31337	314aa323e398203db35eb0b3fa3443ec4f3e3bc1281a6c56280a389202b52c4e	False
L2J_Mobius_CT_2.6_HighFive/docs/phantoms/tasks/PHANTOM-M1-CHECKPOINT-RECOVERY-025/evidence/FINAL_R4_C_B/0153-SNAPSHOT_PHANTOMS.json	32767	b48c357533fa3392fc780586e3f22804be402adfb39a7a41951ca4d5495644ee	False
L2J_Mobius_CT_2.6_HighFive/docs/phantoms/tasks/PHANTOM-M1-CHECKPOINT-RECOVERY-025/evidence/FINAL_R4_C_B/0153-SNAPSHOT_PHANTOMS.xml	31079	504a18ed794d0220a550017ea5563feb168977075418bf6f07645c5252d5b605	False
L2J_Mobius_CT_2.6_HighFive/docs/phantoms/tasks/PHANTOM-M1-CHECKPOINT-RECOVERY-025/evidence/FINAL_R4_C_B/0154-SNAPSHOT_PHANTOMS.json	33004	7670a081924a0481ed12722970f923a6a2050ff7895a46a5ada805a27c3fc192	False
L2J_Mobius_CT_2.6_HighFive/docs/phantoms/tasks/PHANTOM-M1-CHECKPOINT-RECOVERY-025/evidence/FINAL_R4_C_B/0154-SNAPSHOT_PHANTOMS.xml	31316	c0f084a28cd72148dad6f843216549655f25bb972cd4bf2e480c6750f536e2f5	False
L2J_Mobius_CT_2.6_HighFive/docs/phantoms/tasks/PHANTOM-M1-CHECKPOINT-RECOVERY-025/evidence/FINAL_R4_C_B/0155-SNAPSHOT_PHANTOMS.json	32889	12b31021b8c4470fb4dd41e819dce5cdee6fecec37dcab88f84f2388a48d4e6d	False
L2J_Mobius_CT_2.6_HighFive/docs/phantoms/tasks/PHANTOM-M1-CHECKPOINT-RECOVERY-025/evidence/FINAL_R4_C_B/0155-SNAPSHOT_PHANTOMS.xml	31201	90f340a552238333cbe8ccab47f03a96b911e75ca46f4da2b2e70c72e5a4aaf8	False
L2J_Mobius_CT_2.6_HighFive/docs/phantoms/tasks/PHANTOM-M1-CHECKPOINT-RECOVERY-025/evidence/FINAL_R4_C_B/0156-SNAPSHOT_PHANTOMS.json	32886	86ba0be62aaae1da8143fda39a221fce22a3bfe4b8923a158dd3f76ed874476c	False
L2J_Mobius_CT_2.6_HighFive/docs/phantoms/tasks/PHANTOM-M1-CHECKPOINT-RECOVERY-025/evidence/FINAL_R4_C_B/0156-SNAPSHOT_PHANTOMS.xml	31198	aaecc7e07abcd62571c81f713ef41c8a8e9a352db2c921498c3b5e0984234d87	False
L2J_Mobius_CT_2.6_HighFive/docs/phantoms/tasks/PHANTOM-M1-CHECKPOINT-RECOVERY-025/evidence/FINAL_R4_C_B/0157-SNAPSHOT_PHANTOMS.json	32934	210c9ab016477e60a174bfb3fd3fc3245ee9117c44dc38ef7da113f7e2dbab41	False
L2J_Mobius_CT_2.6_HighFive/docs/phantoms/tasks/PHANTOM-M1-CHECKPOINT-RECOVERY-025/evidence/FINAL_R4_C_B/0157-SNAPSHOT_PHANTOMS.xml	31246	1177f7096c4d2f1907feec55fa5fcd3dc4c431ed8609bbbb09d9cbea70ea9e89	False
L2J_Mobius_CT_2.6_HighFive/docs/phantoms/tasks/PHANTOM-M1-CHECKPOINT-RECOVERY-025/evidence/FINAL_R4_C_B/0158-SNAPSHOT_PHANTOMS.json	33342	50f4d79f634e99824b8f618a318695c96b0351511f5eb832ab34057a9a23d8f6	False
L2J_Mobius_CT_2.6_HighFive/docs/phantoms/tasks/PHANTOM-M1-CHECKPOINT-RECOVERY-025/evidence/FINAL_R4_C_B/0158-SNAPSHOT_PHANTOMS.xml	31640	d3d2e2a932f63376c816b72d3d802bb4c12f5d6269da8599f9d7104d26c2d111	False
L2J_Mobius_CT_2.6_HighFive/docs/phantoms/tasks/PHANTOM-M1-CHECKPOINT-RECOVERY-025/evidence/FINAL_R4_C_B/all-samples.json	4424582	84cdf3d76ff91e9a1765870533e25f1035ce380a9b2e3a1846fdd07277959453	False
L2J_Mobius_CT_2.6_HighFive/docs/phantoms/tasks/PHANTOM-M1-CHECKPOINT-RECOVERY-025/evidence/FINAL_R4_C_B/baseline-cohort.json	38619	c4e2153ef739152bdd58a2b6baad5e0fa3ba586a4e62f7043e67c33b55758724	False
L2J_Mobius_CT_2.6_HighFive/docs/phantoms/tasks/PHANTOM-M1-CHECKPOINT-RECOVERY-025/evidence/FINAL_R4_C_B/baseline-inventory.tsv	8847	6d72021051b25caba51b949ac99f4b7b69656386c32ea391a52f4986418f163e	False
L2J_Mobius_CT_2.6_HighFive/docs/phantoms/tasks/PHANTOM-M1-CHECKPOINT-RECOVERY-025/evidence/FINAL_R4_C_B/cohort-002.json	42131	3198b295509e6d7e6a9d1921f9c6f811ac0d374f35836ca261d920120a8a1f36	False
L2J_Mobius_CT_2.6_HighFive/docs/phantoms/tasks/PHANTOM-M1-CHECKPOINT-RECOVERY-025/evidence/FINAL_R4_C_B/cohort-003.json	42126	b581077af2c6ab1c1a24b685904d8e2c39a8809413fb97ba68c6ee7e08583064	False
L2J_Mobius_CT_2.6_HighFive/docs/phantoms/tasks/PHANTOM-M1-CHECKPOINT-RECOVERY-025/evidence/FINAL_R4_C_B/cohort-004.json	41913	18d3e2a156a986ef73d146fbbea8f085d85a93db5be59485a4f3debbf7e6d0d2	False
L2J_Mobius_CT_2.6_HighFive/docs/phantoms/tasks/PHANTOM-M1-CHECKPOINT-RECOVERY-025/evidence/FINAL_R4_C_B/cohort-005.json	25937	eb8e64a4f5909b061ca092c8b21d1ddfb3a5edf54bd9460b289a2ca774aa88d0	False
L2J_Mobius_CT_2.6_HighFive/docs/phantoms/tasks/PHANTOM-M1-CHECKPOINT-RECOVERY-025/evidence/FINAL_R4_C_B/cohort-006.json	25558	857b70ce1337dd38fb744133fdfad3187c46d579b44862479624a98cb54bc5b7	False
L2J_Mobius_CT_2.6_HighFive/docs/phantoms/tasks/PHANTOM-M1-CHECKPOINT-RECOVERY-025/evidence/FINAL_R4_C_B/cohort-007.json	25989	6fb390cc865bf8aad5d941a8fa1b07a86eadf8552297c65cf1a7ba216fe38605	False
L2J_Mobius_CT_2.6_HighFive/docs/phantoms/tasks/PHANTOM-M1-CHECKPOINT-RECOVERY-025/evidence/FINAL_R4_C_B/cohort-008.json	25887	f3a7a1f4078f7cad5cd5b74862da9d29dfd4b425ef2a8968e265a3cb0a36aa49	False
L2J_Mobius_CT_2.6_HighFive/docs/phantoms/tasks/PHANTOM-M1-CHECKPOINT-RECOVERY-025/evidence/FINAL_R4_C_B/cohort-009.json	25755	4a06dd2ba17b00298da58bd9679f1f421129e17f6cb5173bd2d6fe48bba486b5	False
L2J_Mobius_CT_2.6_HighFive/docs/phantoms/tasks/PHANTOM-M1-CHECKPOINT-RECOVERY-025/evidence/FINAL_R4_C_B/cohort-010.json	25909	70b0e2cfcab1cffc017d4b44e601e6bf33745cf984ff92ca435bd2b29687ed27	False
L2J_Mobius_CT_2.6_HighFive/docs/phantoms/tasks/PHANTOM-M1-CHECKPOINT-RECOVERY-025/evidence/FINAL_R4_C_B/cohort-011.json	25835	ea34a03383c308e2ac3bc10ce378c80a6b4bedcdb1bdddc1e43a17840aecc2be	False
L2J_Mobius_CT_2.6_HighFive/docs/phantoms/tasks/PHANTOM-M1-CHECKPOINT-RECOVERY-025/evidence/FINAL_R4_C_B/cohort-012.json	40593	1e77201e0bcaeea5e40a019fc3a8053562029093b9c3a878a6c7c56ad47ea040	False
L2J_Mobius_CT_2.6_HighFive/docs/phantoms/tasks/PHANTOM-M1-CHECKPOINT-RECOVERY-025/evidence/FINAL_R4_C_B/cohort-013.json	40941	141689a92e92f8bebb20df5d06381427e1bc556eb3430c8b6db352104b1c37be	False
L2J_Mobius_CT_2.6_HighFive/docs/phantoms/tasks/PHANTOM-M1-CHECKPOINT-RECOVERY-025/evidence/FINAL_R4_C_B/cohort-014.json	40788	c7e5a91f62061f6c3197abb23de79d182686367c5c4013e35da033c4f66e239f	False
L2J_Mobius_CT_2.6_HighFive/docs/phantoms/tasks/PHANTOM-M1-CHECKPOINT-RECOVERY-025/evidence/FINAL_R4_C_B/cohort-015.json	41509	8b8e9f19b6b9b76e3daf28698883b62d9c05c1504afabc7c2c8c440559fc0896	False
L2J_Mobius_CT_2.6_HighFive/docs/phantoms/tasks/PHANTOM-M1-CHECKPOINT-RECOVERY-025/evidence/FINAL_R4_C_B/cohort-016.json	41657	c5883c3660d867116d2d436efafb51125a1f3af70f15334856f175f981d341d9	False
L2J_Mobius_CT_2.6_HighFive/docs/phantoms/tasks/PHANTOM-M1-CHECKPOINT-RECOVERY-025/evidence/FINAL_R4_C_B/cohort-017.json	41792	7223173c22720c305c54cf32ad65f6d79cafdedbbc729b2d472cd44d43046e9e	False
L2J_Mobius_CT_2.6_HighFive/docs/phantoms/tasks/PHANTOM-M1-CHECKPOINT-RECOVERY-025/evidence/FINAL_R4_C_B/cohort-018.json	41426	4e53e33341937e5a3233379b66e2586a2e6f7b8661ce8455ddf96309f5343d99	False
L2J_Mobius_CT_2.6_HighFive/docs/phantoms/tasks/PHANTOM-M1-CHECKPOINT-RECOVERY-025/evidence/FINAL_R4_C_B/cohort-019.json	40971	6165ee834282f2d385fa0a9a209763e08a221cea0238e027bd50c15059d93be1	False
L2J_Mobius_CT_2.6_HighFive/docs/phantoms/tasks/PHANTOM-M1-CHECKPOINT-RECOVERY-025/evidence/FINAL_R4_C_B/cohort-020.json	40951	60e0e547470f7eca8f145d440cb5d5716997f4b4add6005129f411022c3c877f	False
L2J_Mobius_CT_2.6_HighFive/docs/phantoms/tasks/PHANTOM-M1-CHECKPOINT-RECOVERY-025/evidence/FINAL_R4_C_B/cohort-021.json	41866	b2519ab33d8132d02ebf4250e5280a3d481f3122e31ff4594caa58bc00c2614f	False
L2J_Mobius_CT_2.6_HighFive/docs/phantoms/tasks/PHANTOM-M1-CHECKPOINT-RECOVERY-025/evidence/FINAL_R4_C_B/cohort-022.json	41810	5a9dbf70a939c11c61152ced13a226c3c1b776753df3771c5b9180cefc6def69	False
L2J_Mobius_CT_2.6_HighFive/docs/phantoms/tasks/PHANTOM-M1-CHECKPOINT-RECOVERY-025/evidence/FINAL_R4_C_B/cohort-023.json	42079	88a867ad3a530293bb6d69c8a89a3601b9d5ff19cbf3d88e1959dd331d5ffb51	False
L2J_Mobius_CT_2.6_HighFive/docs/phantoms/tasks/PHANTOM-M1-CHECKPOINT-RECOVERY-025/evidence/FINAL_R4_C_B/cohort-024.json	41915	e2386a1b60ade37e42747d1dfa7f9e73fd23f6f111626f35741c17ccf1082775	False
L2J_Mobius_CT_2.6_HighFive/docs/phantoms/tasks/PHANTOM-M1-CHECKPOINT-RECOVERY-025/evidence/FINAL_R4_C_B/cohort-025.json	41676	8785f24c9292912f8a6f1930733dc34c23272ce510a7a200d74a29a41f525ea9	False
L2J_Mobius_CT_2.6_HighFive/docs/phantoms/tasks/PHANTOM-M1-CHECKPOINT-RECOVERY-025/evidence/FINAL_R4_C_B/cohort-026.json	43144	cc19085110c9d5bdf56f087893e97d6078212e9d0c040b408b7e00560a4f5db0	False
L2J_Mobius_CT_2.6_HighFive/docs/phantoms/tasks/PHANTOM-M1-CHECKPOINT-RECOVERY-025/evidence/FINAL_R4_C_B/cohort-027.json	43004	e9b98763671de1d9c6a6247d50f6e72f2f62def22076ea900a978df89e9b2547	False
L2J_Mobius_CT_2.6_HighFive/docs/phantoms/tasks/PHANTOM-M1-CHECKPOINT-RECOVERY-025/evidence/FINAL_R4_C_B/cohort-028.json	36410	d5692dec1243c86fda3d96e6ca08b50dfcd97567c09cca45201e53e87d7ac387	False
L2J_Mobius_CT_2.6_HighFive/docs/phantoms/tasks/PHANTOM-M1-CHECKPOINT-RECOVERY-025/evidence/FINAL_R4_C_B/cohort-029.json	30844	afe64f30df93307f52c967961f5fe8bf4014dbce11b948aa678763c2f9c826ec	False
L2J_Mobius_CT_2.6_HighFive/docs/phantoms/tasks/PHANTOM-M1-CHECKPOINT-RECOVERY-025/evidence/FINAL_R4_C_B/cohort-030.json	31086	9deae1e57dc27f2dc949ad70b0e664f8570ac0395bbe63e443f0e93463765528	False
L2J_Mobius_CT_2.6_HighFive/docs/phantoms/tasks/PHANTOM-M1-CHECKPOINT-RECOVERY-025/evidence/FINAL_R4_C_B/cohort-031.json	30951	fbd4a16c6fe4edd7f446f20b7cae55bd09278abad714178980eef6bf7fdc3c02	False
L2J_Mobius_CT_2.6_HighFive/docs/phantoms/tasks/PHANTOM-M1-CHECKPOINT-RECOVERY-025/evidence/FINAL_R4_C_B/cohort-032.json	30871	e55276d7a19d071eb8c6175fcb228030e26ae70185ea7eff3afd75d682b2bfaf	False
L2J_Mobius_CT_2.6_HighFive/docs/phantoms/tasks/PHANTOM-M1-CHECKPOINT-RECOVERY-025/evidence/FINAL_R4_C_B/cohort-033.json	30989	dcd9a18501ba72b288f94a8e9e4f2951693ee5f1e7c67c6fa437b757c2191314	False
L2J_Mobius_CT_2.6_HighFive/docs/phantoms/tasks/PHANTOM-M1-CHECKPOINT-RECOVERY-025/evidence/FINAL_R4_C_B/cohort-034.json	30871	99cd06a4823f7282636620a1aaff31ff7fbcf68f796016d35fd7055469c65e15	False
L2J_Mobius_CT_2.6_HighFive/docs/phantoms/tasks/PHANTOM-M1-CHECKPOINT-RECOVERY-025/evidence/FINAL_R4_C_B/cohort-035.json	31351	27dbae1bc990d9f1654ef2e49238fd76ee91f4ab0ac65a4c7c094bacbe72c274	False
L2J_Mobius_CT_2.6_HighFive/docs/phantoms/tasks/PHANTOM-M1-CHECKPOINT-RECOVERY-025/evidence/FINAL_R4_C_B/cohort-036.json	31497	c2a4ee64b83eb2a249466db7b3821d168d4c7925bde4a08489c72d321471336c	False
L2J_Mobius_CT_2.6_HighFive/docs/phantoms/tasks/PHANTOM-M1-CHECKPOINT-RECOVERY-025/evidence/FINAL_R4_C_B/cohort-037.json	31818	535f6db314c4a2457d0d18be6c0141036485139cbf879e837345eaba3d863368	False
L2J_Mobius_CT_2.6_HighFive/docs/phantoms/tasks/PHANTOM-M1-CHECKPOINT-RECOVERY-025/evidence/FINAL_R4_C_B/cohort-038.json	31678	a0115258fca9bc3386d460b71053c5c651b3396210b16482b548f6e6b6203a10	False
L2J_Mobius_CT_2.6_HighFive/docs/phantoms/tasks/PHANTOM-M1-CHECKPOINT-RECOVERY-025/evidence/FINAL_R4_C_B/cohort-039.json	31520	806134931dc7002e9738861f1c01dcacdb07677e493cb3c7cd28974e7c09c94b	False
L2J_Mobius_CT_2.6_HighFive/docs/phantoms/tasks/PHANTOM-M1-CHECKPOINT-RECOVERY-025/evidence/FINAL_R4_C_B/cohort-040.json	42127	1eefd96abad94fb3e355367a8f20489c5622a9b6a6a003f1b9736954c8d4288f	False
L2J_Mobius_CT_2.6_HighFive/docs/phantoms/tasks/PHANTOM-M1-CHECKPOINT-RECOVERY-025/evidence/FINAL_R4_C_B/cohort-041.json	42073	e9ae6d90647719a156f5c4c9cb3ee29e0cdb9bea91a6f81b521775762a06f240	False
L2J_Mobius_CT_2.6_HighFive/docs/phantoms/tasks/PHANTOM-M1-CHECKPOINT-RECOVERY-025/evidence/FINAL_R4_C_B/cohort-042.json	42419	97619ba434c41c38aec3062a54012dbe0dc857c4937ef1ac9cfffde036236de0	False
L2J_Mobius_CT_2.6_HighFive/docs/phantoms/tasks/PHANTOM-M1-CHECKPOINT-RECOVERY-025/evidence/FINAL_R4_C_B/cohort-043.json	42867	ddb900218a3f5ea729ca12eb716ef7fff32683c06d0734eddeecab5b2a076fae	False
L2J_Mobius_CT_2.6_HighFive/docs/phantoms/tasks/PHANTOM-M1-CHECKPOINT-RECOVERY-025/evidence/FINAL_R4_C_B/cohort-044.json	43267	854560ab9a8e9e5eee9488d8d8d5e2ed3339a5949a41850ee35f8b84f7d59ede	False
L2J_Mobius_CT_2.6_HighFive/docs/phantoms/tasks/PHANTOM-M1-CHECKPOINT-RECOVERY-025/evidence/FINAL_R4_C_B/cohort-045.json	42918	6d49a853fd17cb9e71fe4878245a0fe323f10a41c5f312c1ac201aeb42473f3a	False
L2J_Mobius_CT_2.6_HighFive/docs/phantoms/tasks/PHANTOM-M1-CHECKPOINT-RECOVERY-025/evidence/FINAL_R4_C_B/cohort-046.json	37514	de1595ad9e6b72ce2e18d1122aad5ea35d86f8de28157f8fcb1e4fa71eca5435	False
L2J_Mobius_CT_2.6_HighFive/docs/phantoms/tasks/PHANTOM-M1-CHECKPOINT-RECOVERY-025/evidence/FINAL_R4_C_B/cohort-047.json	37273	408a38e103a91f2acde2a8c8660a37a524be2c24beec38023d7e48204e659ee9	False
L2J_Mobius_CT_2.6_HighFive/docs/phantoms/tasks/PHANTOM-M1-CHECKPOINT-RECOVERY-025/evidence/FINAL_R4_C_B/cohort-048.json	37680	034eb068e61932e8614d0094e8aaa7ef29f918d325b57239d5374ec34b516400	False
L2J_Mobius_CT_2.6_HighFive/docs/phantoms/tasks/PHANTOM-M1-CHECKPOINT-RECOVERY-025/evidence/FINAL_R4_C_B/cohort-049.json	32486	5bcc9c23759f1c5c7241d0579bc7f4d783554c2287acb205d74d2c4c38f7b79a	False
L2J_Mobius_CT_2.6_HighFive/docs/phantoms/tasks/PHANTOM-M1-CHECKPOINT-RECOVERY-025/evidence/FINAL_R4_C_B/cohort-050.json	32660	cc055229860a01ae0f53e71f76e65033cddc1229e354e253ff76e9b720d68fcb	False
L2J_Mobius_CT_2.6_HighFive/docs/phantoms/tasks/PHANTOM-M1-CHECKPOINT-RECOVERY-025/evidence/FINAL_R4_C_B/cohort-051.json	32450	f00cc135d08cdc72f5949f50a760081d97029630b0d63f3ecc7f90ac0e059eff	False
L2J_Mobius_CT_2.6_HighFive/docs/phantoms/tasks/PHANTOM-M1-CHECKPOINT-RECOVERY-025/evidence/FINAL_R4_C_B/cohort-052.json	32368	75000af6ffb261ec640b12905597103344628c1875be13a775246382d7fc42fd	False
L2J_Mobius_CT_2.6_HighFive/docs/phantoms/tasks/PHANTOM-M1-CHECKPOINT-RECOVERY-025/evidence/FINAL_R4_C_B/cohort-053.json	32479	d0c1632e72291f250af1d5b20172e89c2a7bad69613e60eaa6dcfcda37a505c7	False
L2J_Mobius_CT_2.6_HighFive/docs/phantoms/tasks/PHANTOM-M1-CHECKPOINT-RECOVERY-025/evidence/FINAL_R4_C_B/cohort-054.json	32584	5cd662001ffdc3f7abf6c5def40569bca1029b5808c8f0a8e298055d615461e0	False
L2J_Mobius_CT_2.6_HighFive/docs/phantoms/tasks/PHANTOM-M1-CHECKPOINT-RECOVERY-025/evidence/FINAL_R4_C_B/cohort-055.json	32499	4176c3acaa1e3083753f04bcd2d2ad4ddd7e011ec9dc0599ecb86b850361d050	False
L2J_Mobius_CT_2.6_HighFive/docs/phantoms/tasks/PHANTOM-M1-CHECKPOINT-RECOVERY-025/evidence/FINAL_R4_C_B/cohort-056.json	32548	9ed67e586a73eaafb5aafc1202b9d3cff00ba837105df3931acefd2ca2c43fea	False
L2J_Mobius_CT_2.6_HighFive/docs/phantoms/tasks/PHANTOM-M1-CHECKPOINT-RECOVERY-025/evidence/FINAL_R4_C_B/cohort-057.json	27155	dd2186a714992cc5dcaab94474a69eb65a4f7d2ef432951a4dba5846920af475	False
L2J_Mobius_CT_2.6_HighFive/docs/phantoms/tasks/PHANTOM-M1-CHECKPOINT-RECOVERY-025/evidence/FINAL_R4_C_B/cohort-058.json	27155	33436e346c72d4610d6d43a4b8e18df8551a431767927cfad73819d9e11dd451	False
L2J_Mobius_CT_2.6_HighFive/docs/phantoms/tasks/PHANTOM-M1-CHECKPOINT-RECOVERY-025/evidence/FINAL_R4_C_B/cohort-059.json	27247	b2fc9e5aa7747b43cb0dd6228295226b13cce6685bd0f65a5b4b0ec2672c9241	False
L2J_Mobius_CT_2.6_HighFive/docs/phantoms/tasks/PHANTOM-M1-CHECKPOINT-RECOVERY-025/evidence/FINAL_R4_C_B/cohort-060.json	32418	ba795bd8d68f853b54c8c4bf230e41a81ff192d85170663fe6e9ae1505518676	False
L2J_Mobius_CT_2.6_HighFive/docs/phantoms/tasks/PHANTOM-M1-CHECKPOINT-RECOVERY-025/evidence/FINAL_R4_C_B/cohort-061.json	32481	1cfa074551e82c80115989f3d5c63787cd5e2e09e09a798ee6d4dfa65205a872	False
L2J_Mobius_CT_2.6_HighFive/docs/phantoms/tasks/PHANTOM-M1-CHECKPOINT-RECOVERY-025/evidence/FINAL_R4_C_B/cohort-062.json	32677	4ff0bef429e3bc0a275658d4b90993db8cd5e98bd937e711fbcdf8d13dd4d411	False
L2J_Mobius_CT_2.6_HighFive/docs/phantoms/tasks/PHANTOM-M1-CHECKPOINT-RECOVERY-025/evidence/FINAL_R4_C_B/cohort-063.json	32422	1513c5eab9c06086ec992d289b5454b858889e47608b376dcca562c4cd04db95	False
L2J_Mobius_CT_2.6_HighFive/docs/phantoms/tasks/PHANTOM-M1-CHECKPOINT-RECOVERY-025/evidence/FINAL_R4_C_B/cohort-064.json	32449	6954350a6445f297277d27b874a9552fd734a90b684f0753f808077d4cf51080	False
L2J_Mobius_CT_2.6_HighFive/docs/phantoms/tasks/PHANTOM-M1-CHECKPOINT-RECOVERY-025/evidence/FINAL_R4_C_B/cohort-065.json	32258	949f4ca66f6707d98daad95755df42ae65ce6bb3fd73dbb11e003a8cc39f8e17	False
L2J_Mobius_CT_2.6_HighFive/docs/phantoms/tasks/PHANTOM-M1-CHECKPOINT-RECOVERY-025/evidence/FINAL_R4_C_B/cohort-066.json	32200	ae6df059ae01d5fc264b374bd8f49b74955756a9e630f4ead5d1620b8814228d	False
L2J_Mobius_CT_2.6_HighFive/docs/phantoms/tasks/PHANTOM-M1-CHECKPOINT-RECOVERY-025/evidence/FINAL_R4_C_B/cohort-067.json	32078	9198da9966a7ce9e7cebd1b96b90687e8271284dacd1a3585932f3646d4d431c	False
L2J_Mobius_CT_2.6_HighFive/docs/phantoms/tasks/PHANTOM-M1-CHECKPOINT-RECOVERY-025/evidence/FINAL_R4_C_B/cohort-068.json	32044	02456d0c24104f08063680bae045491aae52dea8e696af838d463544a83a4240	False
L2J_Mobius_CT_2.6_HighFive/docs/phantoms/tasks/PHANTOM-M1-CHECKPOINT-RECOVERY-025/evidence/FINAL_R4_C_B/cohort-069.json	32140	3aa1f925968b3848ea68a903ab1192bf1232e8b4e968965ed6421ff01f0bc9d7	False
L2J_Mobius_CT_2.6_HighFive/docs/phantoms/tasks/PHANTOM-M1-CHECKPOINT-RECOVERY-025/evidence/FINAL_R4_C_B/cohort-070.json	32180	14ce39ac3107bccd6c53e9a7d118a541e903ecbe26ee89bda4b81df2f5c44395	False
L2J_Mobius_CT_2.6_HighFive/docs/phantoms/tasks/PHANTOM-M1-CHECKPOINT-RECOVERY-025/evidence/FINAL_R4_C_B/cohort-071.json	32255	ac80ab9c6772918c96001b3ca766346ac9dd9c5d3c9466a865138e0688035187	False
L2J_Mobius_CT_2.6_HighFive/docs/phantoms/tasks/PHANTOM-M1-CHECKPOINT-RECOVERY-025/evidence/FINAL_R4_C_B/cohort-072.json	26955	4ea9d41fb073c5006f582afef5760e0264aa3d03562986f8c1e1fab67e7c3e2b	False
L2J_Mobius_CT_2.6_HighFive/docs/phantoms/tasks/PHANTOM-M1-CHECKPOINT-RECOVERY-025/evidence/FINAL_R4_C_B/cohort-073.json	26900	3c7cfe8350a73c7daf95e926ac95d567fdecf5b40464239df4f75ba10718a7ad	False
L2J_Mobius_CT_2.6_HighFive/docs/phantoms/tasks/PHANTOM-M1-CHECKPOINT-RECOVERY-025/evidence/FINAL_R4_C_B/cohort-074.json	27237	19fb758a081d464dc06a83d4d9028822a4b2830c31fb04431ddbd4fbe236cfe4	False
L2J_Mobius_CT_2.6_HighFive/docs/phantoms/tasks/PHANTOM-M1-CHECKPOINT-RECOVERY-025/evidence/FINAL_R4_C_B/cohort-075.json	27040	182873e5f527e6f16d6919c341d20d50634e877041fa8a3e850c1258710e9ae0	False
L2J_Mobius_CT_2.6_HighFive/docs/phantoms/tasks/PHANTOM-M1-CHECKPOINT-RECOVERY-025/evidence/FINAL_R4_C_B/cohort-076.json	26924	69b98034f324a4d392f689d0737eae3980b320bd87ac01d8b1e704efdaf6ba2d	False
L2J_Mobius_CT_2.6_HighFive/docs/phantoms/tasks/PHANTOM-M1-CHECKPOINT-RECOVERY-025/evidence/FINAL_R4_C_B/cohort-077.json	26917	1ad294f75a4b09f38cc69eb55aeb8cce0e9a40b4e8d41c1ad4a10c6498c03d23	False
L2J_Mobius_CT_2.6_HighFive/docs/phantoms/tasks/PHANTOM-M1-CHECKPOINT-RECOVERY-025/evidence/FINAL_R4_C_B/cohort-078.json	26917	fb10c8791c430a8624aad6f5b65a060683eacadf6ff92333a5b0b6a842c4972d	False
L2J_Mobius_CT_2.6_HighFive/docs/phantoms/tasks/PHANTOM-M1-CHECKPOINT-RECOVERY-025/evidence/FINAL_R4_C_B/cohort-079.json	27177	580cd7474ea7c63ceb075db38fc8eb88a0ad4b7ae5a800bee59d2aa03b50cf39	False
L2J_Mobius_CT_2.6_HighFive/docs/phantoms/tasks/PHANTOM-M1-CHECKPOINT-RECOVERY-025/evidence/FINAL_R4_C_B/cohort-080.json	27110	21ce66e535d21e9017d8438bb7a515d122cc0e139504aedbd2c7829d7ebd63d2	False
L2J_Mobius_CT_2.6_HighFive/docs/phantoms/tasks/PHANTOM-M1-CHECKPOINT-RECOVERY-025/evidence/FINAL_R4_C_B/cohort-081.json	26983	b0d72328bba97446039fe29377f65fe5980aae3e69a94aaa41956e17691abc64	False
L2J_Mobius_CT_2.6_HighFive/docs/phantoms/tasks/PHANTOM-M1-CHECKPOINT-RECOVERY-025/evidence/FINAL_R4_C_B/cohort-082.json	27445	5369363bb1cbb5c933ed0427026c1b60af2e3bd69bec5f01fddadebf98114e3b	False
L2J_Mobius_CT_2.6_HighFive/docs/phantoms/tasks/PHANTOM-M1-CHECKPOINT-RECOVERY-025/evidence/FINAL_R4_C_B/cohort-083.json	27031	44800e6d0abc0680b019dd40623cb74727335f49f71b055239aa7797f0f33764	False
L2J_Mobius_CT_2.6_HighFive/docs/phantoms/tasks/PHANTOM-M1-CHECKPOINT-RECOVERY-025/evidence/FINAL_R4_C_B/cohort-084.json	26846	7ad96f3103188b151e3c19c03275db4bd7760ca2fa66463d7199228dccdb19b7	False
L2J_Mobius_CT_2.6_HighFive/docs/phantoms/tasks/PHANTOM-M1-CHECKPOINT-RECOVERY-025/evidence/FINAL_R4_C_B/cohort-085.json	27193	de8dccf8741ada0e9cd4e9c899b2766449da8f71f8dc88445181dedfd9d33549	False
L2J_Mobius_CT_2.6_HighFive/docs/phantoms/tasks/PHANTOM-M1-CHECKPOINT-RECOVERY-025/evidence/FINAL_R4_C_B/cohort-086.json	27254	e2766c325b4e3491dd9eb028c4d0cc9019985b76c294254c8e12c0a29d269911	False
L2J_Mobius_CT_2.6_HighFive/docs/phantoms/tasks/PHANTOM-M1-CHECKPOINT-RECOVERY-025/evidence/FINAL_R4_C_B/cohort-087.json	27019	7bf068b25a04b48aebc966eeed6ba325dc545211d7d2f4126470610d3393b1c2	False
L2J_Mobius_CT_2.6_HighFive/docs/phantoms/tasks/PHANTOM-M1-CHECKPOINT-RECOVERY-025/evidence/FINAL_R4_C_B/cohort-088.json	27011	bcd9a11e2254b4fa16948abe25a0527c62b2331e5f3022245e822c1ae09b73b9	False
L2J_Mobius_CT_2.6_HighFive/docs/phantoms/tasks/PHANTOM-M1-CHECKPOINT-RECOVERY-025/evidence/FINAL_R4_C_B/cohort-089.json	27111	2fd282a0b291b937e5298f375079df2765c5cb26e479be78e4a4575e888fa614	False
L2J_Mobius_CT_2.6_HighFive/docs/phantoms/tasks/PHANTOM-M1-CHECKPOINT-RECOVERY-025/evidence/FINAL_R4_C_B/cohort-090.json	27001	c385e6f99cfc522b8eb1c81aaab597f785a1f8696fa1d57bc03fff444c3b1058	False
L2J_Mobius_CT_2.6_HighFive/docs/phantoms/tasks/PHANTOM-M1-CHECKPOINT-RECOVERY-025/evidence/FINAL_R4_C_B/cohort-091.json	27245	afd6ac544e835a5a0c37c851d1d4f3a9459018dd8c7956dd4509be22d7202f3b	False
L2J_Mobius_CT_2.6_HighFive/docs/phantoms/tasks/PHANTOM-M1-CHECKPOINT-RECOVERY-025/evidence/FINAL_R4_C_B/cohort-092.json	27340	5b6e1b133c21ae922a8d8df2822124c39d7ab7263cc8b3ceb910ed5b222e8586	False
L2J_Mobius_CT_2.6_HighFive/docs/phantoms/tasks/PHANTOM-M1-CHECKPOINT-RECOVERY-025/evidence/FINAL_R4_C_B/cohort-093.json	27224	91cde8ef63e0a6e59fff2af366c6a5388d80b41cb63665baf1475a35af9b24cb	False
L2J_Mobius_CT_2.6_HighFive/docs/phantoms/tasks/PHANTOM-M1-CHECKPOINT-RECOVERY-025/evidence/FINAL_R4_C_B/cohort-094.json	27183	b60a9452d515e34d763c0d4a139431a5c4485163aec2c3b8875b8111a80275ea	False
L2J_Mobius_CT_2.6_HighFive/docs/phantoms/tasks/PHANTOM-M1-CHECKPOINT-RECOVERY-025/evidence/FINAL_R4_C_B/cohort-095.json	26985	a698df176631ff0e3d7fbb337a0103c14fee7d0d06706ea6a3215b0da0f202b0	False
L2J_Mobius_CT_2.6_HighFive/docs/phantoms/tasks/PHANTOM-M1-CHECKPOINT-RECOVERY-025/evidence/FINAL_R4_C_B/cohort-096.json	26914	3d2554f4d8b556ccb493d52732926289d0fc726bc57e6a5209a90e93588fc6b2	False
L2J_Mobius_CT_2.6_HighFive/docs/phantoms/tasks/PHANTOM-M1-CHECKPOINT-RECOVERY-025/evidence/FINAL_R4_C_B/cohort-097.json	27228	1ef93cc51e85f5f9f025d7ff90cf25ee0a59230cb98576d6b7898cd3ac6c351b	False
L2J_Mobius_CT_2.6_HighFive/docs/phantoms/tasks/PHANTOM-M1-CHECKPOINT-RECOVERY-025/evidence/FINAL_R4_C_B/cohort-098.json	27231	5418cdbbb78bd3a8d831338ed3f19c36b011b8c4d3dafe583414087a44896ba4	False
L2J_Mobius_CT_2.6_HighFive/docs/phantoms/tasks/PHANTOM-M1-CHECKPOINT-RECOVERY-025/evidence/FINAL_R4_C_B/cohort-099.json	26813	87617ed3cde6277142ed9d837d5f890c9c5087313cf8b53bb29e10017eaf626c	False
L2J_Mobius_CT_2.6_HighFive/docs/phantoms/tasks/PHANTOM-M1-CHECKPOINT-RECOVERY-025/evidence/FINAL_R4_C_B/cohort-100.json	32267	4b7c1bdce4ec83fe1702210e5e772528075dfb722148cd295e9fafd3b1579ddb	False
L2J_Mobius_CT_2.6_HighFive/docs/phantoms/tasks/PHANTOM-M1-CHECKPOINT-RECOVERY-025/evidence/FINAL_R4_C_B/cohort-101.json	31898	c2a5de5b781c74685f167096b1650cb4c4a8612436f9b36843da57897ddaa2cf	False
L2J_Mobius_CT_2.6_HighFive/docs/phantoms/tasks/PHANTOM-M1-CHECKPOINT-RECOVERY-025/evidence/FINAL_R4_C_B/cohort-102.json	32013	438d1f3664eda86b7011b7443d0a4795819f9d2565ad8fb6776d9b8bae4375bf	False
L2J_Mobius_CT_2.6_HighFive/docs/phantoms/tasks/PHANTOM-M1-CHECKPOINT-RECOVERY-025/evidence/FINAL_R4_C_B/cohort-103.json	32118	f0f1b8e293b96b39a49ba84646111a5bca18a18f3e4c18efe019292f46ffa1bd	False
L2J_Mobius_CT_2.6_HighFive/docs/phantoms/tasks/PHANTOM-M1-CHECKPOINT-RECOVERY-025/evidence/FINAL_R4_C_B/cohort-104.json	32275	da2edd4159542ce5bd4f588dfc1d8177388c08abab6291f403cdc2b6100f8d20	False
L2J_Mobius_CT_2.6_HighFive/docs/phantoms/tasks/PHANTOM-M1-CHECKPOINT-RECOVERY-025/evidence/FINAL_R4_C_B/cohort-105.json	31951	f53f0003799666a5ed1f6f262357590eeab253039895852e676eeb744b7e28b6	False
L2J_Mobius_CT_2.6_HighFive/docs/phantoms/tasks/PHANTOM-M1-CHECKPOINT-RECOVERY-025/evidence/FINAL_R4_C_B/cohort-106.json	32039	1bcdd16d36499712dac211531ad1041cc6c351bab7c601d525642b9687ba6028	False
L2J_Mobius_CT_2.6_HighFive/docs/phantoms/tasks/PHANTOM-M1-CHECKPOINT-RECOVERY-025/evidence/FINAL_R4_C_B/cohort-107.json	31832	af3052278c34ce6c8359425f7be4324b7a8286c652d9a117c4b4223f9adeeac6	False
L2J_Mobius_CT_2.6_HighFive/docs/phantoms/tasks/PHANTOM-M1-CHECKPOINT-RECOVERY-025/evidence/FINAL_R4_C_B/cohort-108.json	32092	6bd4c503ca37aa79b240b5d675f1b263b25876b132d9f4f1117853a67f79c079	False
L2J_Mobius_CT_2.6_HighFive/docs/phantoms/tasks/PHANTOM-M1-CHECKPOINT-RECOVERY-025/evidence/FINAL_R4_C_B/cohort-109.json	32130	0a8eb653bc89132f94885de699655d62e5c932b7af33d9c7120d0aca4b2a1647	False
L2J_Mobius_CT_2.6_HighFive/docs/phantoms/tasks/PHANTOM-M1-CHECKPOINT-RECOVERY-025/evidence/FINAL_R4_C_B/cohort-110.json	32259	d449d2d61d8b2d6f982a2396fea1903fc2c0472b4f27268ab7bc29e5fe6bc978	False
L2J_Mobius_CT_2.6_HighFive/docs/phantoms/tasks/PHANTOM-M1-CHECKPOINT-RECOVERY-025/evidence/FINAL_R4_C_B/cohort-111.json	32035	c0fcdc2cf268ece202db48fec265d42e199b3e81bd76fc6948821a92f910ee8a	False
L2J_Mobius_CT_2.6_HighFive/docs/phantoms/tasks/PHANTOM-M1-CHECKPOINT-RECOVERY-025/evidence/FINAL_R4_C_B/cohort-112.json	32060	5f387b601a2e6c1da97676076f9c7a6296968e40bdf76bcb61c5a4dc99806946	False
L2J_Mobius_CT_2.6_HighFive/docs/phantoms/tasks/PHANTOM-M1-CHECKPOINT-RECOVERY-025/evidence/FINAL_R4_C_B/cohort-113.json	31826	7317733e8a9f7abebdc87214f81dd266689eb4b494f866c65092adabe2e6f33a	False
L2J_Mobius_CT_2.6_HighFive/docs/phantoms/tasks/PHANTOM-M1-CHECKPOINT-RECOVERY-025/evidence/FINAL_R4_C_B/cohort-114.json	31700	4e22bda04a6cc4733bae0cc0635ddb751ab78574a5d35045f0f6da1f67a4f1bb	False
L2J_Mobius_CT_2.6_HighFive/docs/phantoms/tasks/PHANTOM-M1-CHECKPOINT-RECOVERY-025/evidence/FINAL_R4_C_B/cohort-115.json	31867	12a80eab59556922bd9903790fceb279ac2ac5e34bd2e518b6f75c7454e0c322	False
L2J_Mobius_CT_2.6_HighFive/docs/phantoms/tasks/PHANTOM-M1-CHECKPOINT-RECOVERY-025/evidence/FINAL_R4_C_B/cohort-116.json	31803	4d1e6271a6813d686172ad4c6e0b4721a6d072f664cb79a2a5dcd6862e8bae21	False
L2J_Mobius_CT_2.6_HighFive/docs/phantoms/tasks/PHANTOM-M1-CHECKPOINT-RECOVERY-025/evidence/FINAL_R4_C_B/cohort-117.json	31730	473032198942492518640cebe7fed4c8f353121fe04c87c4a609bfbcbfd22e70	False
L2J_Mobius_CT_2.6_HighFive/docs/phantoms/tasks/PHANTOM-M1-CHECKPOINT-RECOVERY-025/evidence/FINAL_R4_C_B/cohort-118.json	31738	eaf49de8888334c3436f31f79f1f07e510a998ec167bfa95ec03694cc41780fe	False
L2J_Mobius_CT_2.6_HighFive/docs/phantoms/tasks/PHANTOM-M1-CHECKPOINT-RECOVERY-025/evidence/FINAL_R4_C_B/cohort-119.json	31535	2e4fb52bd8182deb65b4a9462946d6c57f80be2e1f62498b9bc840d3af276a3f	False
L2J_Mobius_CT_2.6_HighFive/docs/phantoms/tasks/PHANTOM-M1-CHECKPOINT-RECOVERY-025/evidence/FINAL_R4_C_B/cohort-120.json	31723	e6d4ff7cfff813e4630807ad276fe9dc7a62baf5cd3e3b1ce55c0d91c91dd835	False
L2J_Mobius_CT_2.6_HighFive/docs/phantoms/tasks/PHANTOM-M1-CHECKPOINT-RECOVERY-025/evidence/FINAL_R4_C_B/cohort-121.json	31798	83c1548953b8c2f2242ada6743ca15c456cb16ea3af538292a34445e96ff23ee	False
L2J_Mobius_CT_2.6_HighFive/docs/phantoms/tasks/PHANTOM-M1-CHECKPOINT-RECOVERY-025/evidence/FINAL_R4_C_B/cohort-122.json	31710	974b171b82d1b37af05cefd0a85b207b8cbadd9bc8c0878b4aa174cfa58ba794	False
L2J_Mobius_CT_2.6_HighFive/docs/phantoms/tasks/PHANTOM-M1-CHECKPOINT-RECOVERY-025/evidence/FINAL_R4_C_B/cohort-123.json	32139	9621ca7e4a4f31e38661bcd2211f067cd2303e3555e3862cfa0df3d2ccda6326	False
L2J_Mobius_CT_2.6_HighFive/docs/phantoms/tasks/PHANTOM-M1-CHECKPOINT-RECOVERY-025/evidence/FINAL_R4_C_B/cohort-124.json	31880	7f184d166593ab463a889d322d3dc43659624f171ef95965ce4432c10da0291c	False
L2J_Mobius_CT_2.6_HighFive/docs/phantoms/tasks/PHANTOM-M1-CHECKPOINT-RECOVERY-025/evidence/FINAL_R4_C_B/cohort-125.json	32117	e859df795db54506c6897bc504e635014b392949e85717ff9d3eca8dcb559422	False
L2J_Mobius_CT_2.6_HighFive/docs/phantoms/tasks/PHANTOM-M1-CHECKPOINT-RECOVERY-025/evidence/FINAL_R4_C_B/cohort-126.json	32002	f6516b98d07c8da496c7a5cd76454a09c86978d0f731e26955b2c3431cf5a083	False
L2J_Mobius_CT_2.6_HighFive/docs/phantoms/tasks/PHANTOM-M1-CHECKPOINT-RECOVERY-025/evidence/FINAL_R4_C_B/cohort-127.json	31999	8785cb615924849db5f31cb49ba24e9867fa3c945e0886c14d25926b6d0f5908	False
L2J_Mobius_CT_2.6_HighFive/docs/phantoms/tasks/PHANTOM-M1-CHECKPOINT-RECOVERY-025/evidence/FINAL_R4_C_B/cohort-128.json	32048	2820095178d14cd9f0f939a1b4040de14820cbfefbc0e6906c98a9e561c69214	False
L2J_Mobius_CT_2.6_HighFive/docs/phantoms/tasks/PHANTOM-M1-CHECKPOINT-RECOVERY-025/evidence/FINAL_R4_C_B/cohort-129.json	32462	4debd0fea7d7312c6789902e9921f6e8ee84e59aba7faff18fb797d834130405	False
L2J_Mobius_CT_2.6_HighFive/docs/phantoms/tasks/PHANTOM-M1-CHECKPOINT-RECOVERY-025/evidence/FINAL_R4_C_B/cohort-result.json	30182	4ddd9024cacc6af0c2f8ed4f793fffb0c207541736ac0cc30ab0145b63a8dc41	False
L2J_Mobius_CT_2.6_HighFive/docs/phantoms/tasks/PHANTOM-M1-CHECKPOINT-RECOVERY-025/evidence/FINAL_R4_C_B/continuation-correlation.json	1788	72a3e6cd56405569058de373838003f1c6eafc892003a6a2e4a9885d1e9f8b90	False
L2J_Mobius_CT_2.6_HighFive/docs/phantoms/tasks/PHANTOM-M1-CHECKPOINT-RECOVERY-025/evidence/FINAL_R4_C_B/final-live-inventory.tsv	9250	831b9c01775fa6ca38d1aaa6c49ff90dbdf003824b69a5e29d6beed9f9627771	False
L2J_Mobius_CT_2.6_HighFive/docs/phantoms/tasks/PHANTOM-M1-CHECKPOINT-RECOVERY-025/evidence/FINAL_R4_C_B/heartbeat-control.log	2348	92ddfc4dbb7c83b8a3d06f84eaae55f0bcb0b8aa55a8874357e0b0264ec3c40c	False
L2J_Mobius_CT_2.6_HighFive/docs/phantoms/tasks/PHANTOM-M1-CHECKPOINT-RECOVERY-025/evidence/FINAL_R4_C_B/native-control-transitions.json	36686	42db1677e26ffa743958d60ff96321e18e0a644087134d3da7b5a1046966ca30	False
L2J_Mobius_CT_2.6_HighFive/docs/phantoms/tasks/PHANTOM-M1-CHECKPOINT-RECOVERY-025/evidence/FINAL_R4_C_B/primary.json	10010	bdc0c6016477a38586abf6bc63b5fd60ed7240f58f7e3f63dd8d2e2fde24ae38	False
L2J_Mobius_CT_2.6_HighFive/docs/phantoms/tasks/PHANTOM-M1-CHECKPOINT-RECOVERY-025/evidence/FINAL_R4_C_B/result.json	273	465b1349594687b9c8cc087fc363cb4b29e9f4895bd448b44b57f04792906d3b	False
L2J_Mobius_CT_2.6_HighFive/docs/phantoms/tasks/PHANTOM-M1-CHECKPOINT-RECOVERY-025/evidence/FINAL_R4_C_B/run-id.txt	38	7c0260208937c987a7387fba844ef0128a0aca10ee460341a3d2c6e675febd22	False
L2J_Mobius_CT_2.6_HighFive/docs/phantoms/tasks/PHANTOM-M1-CHECKPOINT-RECOVERY-025/evidence/FINAL_R4_C_B/sampling-result.json	356	b7fdd251c160b6ba0e92337cebb85a8e4f36824eb8c5b9a1c65bb9b2bd7460ec	False
L2J_Mobius_CT_2.6_HighFive/docs/phantoms/tasks/PHANTOM-M1-CHECKPOINT-RECOVERY-025/evidence/FINAL_R4_C_B/sealed/1159-148716766480700-3745.properties	716	a61d7a8b4e2652f852b93440c10e68f01cd0523d476de7604ef18da8c5ecbac8	False
L2J_Mobius_CT_2.6_HighFive/docs/phantoms/tasks/PHANTOM-M1-CHECKPOINT-RECOVERY-025/evidence/FINAL_R4_C_B/sealed/1159-148716766480700-3747.properties	716	2306387bb8e31e88d21a1a2d55f607bb8f188863394d0766ad47d4ccbe1fd285	False
L2J_Mobius_CT_2.6_HighFive/docs/phantoms/tasks/PHANTOM-M1-CHECKPOINT-RECOVERY-025/evidence/FINAL_R4_C_B/sealed/1159-148716766480700-3749.properties	716	5bdf64693ec4b925706343fd88ce273eb45a146f73d6032ec412b9b26bc084d7	False
L2J_Mobius_CT_2.6_HighFive/docs/phantoms/tasks/PHANTOM-M1-CHECKPOINT-RECOVERY-025/evidence/FINAL_R4_C_B/sealed/1159-148716766480700-3751.properties	716	d9a5dd7644ccfa277e4c44e9e110ac67f340cebee7ab6b171c49939892b4e0c6	False
L2J_Mobius_CT_2.6_HighFive/docs/phantoms/tasks/PHANTOM-M1-CHECKPOINT-RECOVERY-025/evidence/FINAL_R4_C_B/sealed/1159-148716766480700-3753.properties	716	ab0601b299f71ad71a5270bd83cebf8c00eca1480c0b1407d24e5e4a3a820705	False
L2J_Mobius_CT_2.6_HighFive/docs/phantoms/tasks/PHANTOM-M1-CHECKPOINT-RECOVERY-025/evidence/FINAL_R4_C_B/sealed/1159-148716766480700-3755.properties	729	35bf55d6d163ece2047fcdbe0876fe850ddd718065db26bdd5baa67eb1c5df6b	False
L2J_Mobius_CT_2.6_HighFive/docs/phantoms/tasks/PHANTOM-M1-CHECKPOINT-RECOVERY-025/evidence/FINAL_R4_C_B/sealed/1159-148716766480700-3757.properties	717	63d72072c2770455dea15f7af16a2dc470d50b8765b0f03137ef281c634d03ed	False
L2J_Mobius_CT_2.6_HighFive/docs/phantoms/tasks/PHANTOM-M1-CHECKPOINT-RECOVERY-025/evidence/FINAL_R4_C_B/sealed/1159-148716766480700-3759.properties	717	b46e0cd463b73177ea3d0b702108c8210f62a3b476340fd6107e3c4c29521f27	False
L2J_Mobius_CT_2.6_HighFive/docs/phantoms/tasks/PHANTOM-M1-CHECKPOINT-RECOVERY-025/evidence/FINAL_R4_C_B/sealed/1159-148716766480700-3761.properties	716	e1f7ff68a514eb466cc0797a4f219de54c5ada89df05b2d1429d2d96fa9084c2	False
L2J_Mobius_CT_2.6_HighFive/docs/phantoms/tasks/PHANTOM-M1-CHECKPOINT-RECOVERY-025/evidence/FINAL_R4_C_B/sealed/1176-148716465768400-6713.properties	717	23dc7e6fd325ca852e4852af93db997559217f35c529d554f467ba29283c02ea	False
L2J_Mobius_CT_2.6_HighFive/docs/phantoms/tasks/PHANTOM-M1-CHECKPOINT-RECOVERY-025/evidence/FINAL_R4_C_B/sealed/1176-148716465768400-6715.properties	717	a1bc03a375f78c982ec6d12862fdec6dd45125667db3d3ef8389440abec7026c	False
L2J_Mobius_CT_2.6_HighFive/docs/phantoms/tasks/PHANTOM-M1-CHECKPOINT-RECOVERY-025/evidence/FINAL_R4_C_B/sealed/1176-148716465768400-6717.properties	717	f864c1d28b6ac478c6c0cbf680b067db0b0b0e31abbfd1e8c99219db8d14f407	False
L2J_Mobius_CT_2.6_HighFive/docs/phantoms/tasks/PHANTOM-M1-CHECKPOINT-RECOVERY-025/evidence/FINAL_R4_C_B/sealed/1176-148716465768400-6719.properties	717	60e0efa34bc60e9eef060da223351f1fb3e75ab501937eeb8912fa52042875aa	False
L2J_Mobius_CT_2.6_HighFive/docs/phantoms/tasks/PHANTOM-M1-CHECKPOINT-RECOVERY-025/evidence/FINAL_R4_C_B/sealed/1176-148716465768400-6721.properties	717	8e6c86649d8487e76fac22c821d71409ee4a3c11890378988c25415efc555721	False
L2J_Mobius_CT_2.6_HighFive/docs/phantoms/tasks/PHANTOM-M1-CHECKPOINT-RECOVERY-025/evidence/FINAL_R4_C_B/sealed/1176-148716465768400-6723.properties	730	1f1c661d0a065d0e5f6009884e2d39edaf678411811d890f3309333572870ba1	False
L2J_Mobius_CT_2.6_HighFive/docs/phantoms/tasks/PHANTOM-M1-CHECKPOINT-RECOVERY-025/evidence/FINAL_R4_C_B/sealed/1176-148716465768400-6725.properties	717	a5a7ef5d2eae71365f5cbae2b3bec119c8c8ee71cf5a27937e9c4ced31066265	False
L2J_Mobius_CT_2.6_HighFive/docs/phantoms/tasks/PHANTOM-M1-CHECKPOINT-RECOVERY-025/evidence/FINAL_R4_C_B/sealed/1176-148716465768400-6727.properties	718	c8a8feb3f981ac9543b590e3098b5d2f1a62341c17a3557d76f693c620f01a28	False
L2J_Mobius_CT_2.6_HighFive/docs/phantoms/tasks/PHANTOM-M1-CHECKPOINT-RECOVERY-025/evidence/FINAL_R4_C_B/sealed/1176-148716465768400-6729.properties	718	ae60161d9ce879db1f0d4741a28434315b95545289c463307d36f35c50d0e659	False
L2J_Mobius_CT_2.6_HighFive/docs/phantoms/tasks/PHANTOM-M1-CHECKPOINT-RECOVERY-025/evidence/FINAL_R4_C_B/sealed/450-148714868402900-4817.properties	730	6524371df6c0e9fdad974bec5c22692fde65e33d2c1d02b24c35a2f895fea9cf	False
L2J_Mobius_CT_2.6_HighFive/docs/phantoms/tasks/PHANTOM-M1-CHECKPOINT-RECOVERY-025/evidence/FINAL_R4_C_B/sealed/450-148714868402900-4819.properties	730	0ace9d899b839c91bac2d508ee0bfb574bd2f4562b62ad8a658e00be1b0beace	False
L2J_Mobius_CT_2.6_HighFive/docs/phantoms/tasks/PHANTOM-M1-CHECKPOINT-RECOVERY-025/evidence/FINAL_R4_C_B/sealed/450-148714868402900-4821.properties	744	b814d8e0cf76322eeb7dedccebe296364925a1cfe1a368612fb968131cee94c8	False
L2J_Mobius_CT_2.6_HighFive/docs/phantoms/tasks/PHANTOM-M1-CHECKPOINT-RECOVERY-025/evidence/FINAL_R4_C_B/sealed/872-148717265756900-5815.properties	746	629d9c30b2e3e4ee66c2e3dfec7a0679699cc805dbe85749df9d46f60c119c0e	False
L2J_Mobius_CT_2.6_HighFive/docs/phantoms/tasks/PHANTOM-M1-CHECKPOINT-RECOVERY-025/evidence/FINAL_R4_C_B/sealed/872-148717265756900-5817.properties	738	01773d3fa2cbd04d27c2e790ffa8239122fceea98fa3304547f3ac3b7066111d	False
L2J_Mobius_CT_2.6_HighFive/docs/phantoms/tasks/PHANTOM-M1-CHECKPOINT-RECOVERY-025/evidence/FINAL_R4_C_B/sealed/876-148716268322000-4597.properties	721	605b29942f2ec273d7962c8fdd912dc6382116ed2e7f9c057e47b36c0ed42f76	False
L2J_Mobius_CT_2.6_HighFive/docs/phantoms/tasks/PHANTOM-M1-CHECKPOINT-RECOVERY-025/evidence/FINAL_R4_C_B/sealed/876-148716268322000-4599.properties	716	588db1880d6036c6a8154354389bba7823fd9dc69cf38c9b4ed3d2a11f7b894c	False
L2J_Mobius_CT_2.6_HighFive/docs/phantoms/tasks/PHANTOM-M1-CHECKPOINT-RECOVERY-025/evidence/FINAL_R4_C_B/sealed/876-148716268322000-4601.properties	716	0a548fca1605020d64f55d612dc9f4efabd4891ccaa8a4c1e57dd7c9aba7d793	False
L2J_Mobius_CT_2.6_HighFive/docs/phantoms/tasks/PHANTOM-M1-CHECKPOINT-RECOVERY-025/evidence/FINAL_R4_C_B/sealed/876-148716268322000-4603.properties	716	827ed7c1735161994356412d5edca5eeed387dd7cb82a0867d8acd4707407c98	False
L2J_Mobius_CT_2.6_HighFive/docs/phantoms/tasks/PHANTOM-M1-CHECKPOINT-RECOVERY-025/evidence/FINAL_R4_C_B/sealed/876-148716268322000-4605.properties	716	6f3553fe8ff10e43c1fe340902b2dbfa09b89607f25d38cb92caabfb64bf27c9	False
L2J_Mobius_CT_2.6_HighFive/docs/phantoms/tasks/PHANTOM-M1-CHECKPOINT-RECOVERY-025/evidence/FINAL_R4_C_B/sealed/876-148716268322000-4607.properties	716	0b7dac2d07609f03c56cd761e862c441d3e782c4c1620394b4e5e0d47db714b9	False
L2J_Mobius_CT_2.6_HighFive/docs/phantoms/tasks/PHANTOM-M1-CHECKPOINT-RECOVERY-025/evidence/FINAL_R4_C_B/sealed/924-148716274375900-5546.properties	719	281d0150da3d7e0ff0ffe6687b7b0d374be40317499978b7f6e41d608ce48451	False
L2J_Mobius_CT_2.6_HighFive/docs/phantoms/tasks/PHANTOM-M1-CHECKPOINT-RECOVERY-025/evidence/FINAL_R4_C_B/sealed/924-148716274375900-5548.properties	725	381c64e90b8d4749958adfee34971891d80714a110a12a8afccecf24c4023d54	False
L2J_Mobius_CT_2.6_HighFive/docs/phantoms/tasks/PHANTOM-M1-CHECKPOINT-RECOVERY-025/evidence/FINAL_R4_C_B/sealed/924-148716274375900-5550.properties	725	a9b5efeb114fdbddddf4b2fc036d95438cfe6043cd313734fe47700dbf885d62	False
L2J_Mobius_CT_2.6_HighFive/docs/phantoms/tasks/PHANTOM-M1-CHECKPOINT-RECOVERY-025/evidence/FINAL_R4_C_B/sealed/924-148716274375900-5552.properties	725	23945f6e77f75135f95d0e0a271974c3b83d97fa2bad9b97faec8a6594632643	False
L2J_Mobius_CT_2.6_HighFive/docs/phantoms/tasks/PHANTOM-M1-CHECKPOINT-RECOVERY-025/evidence/FINAL_R4_C_B/sealed/924-148716274375900-5554.properties	732	18466e707c41c6d0e2300918a9f0fa1c0872e989a3cf6eea1b843b5a7269ced7	False
L2J_Mobius_CT_2.6_HighFive/docs/phantoms/tasks/PHANTOM-M1-CHECKPOINT-RECOVERY-025/evidence/FINAL_R4_C_B/sealed/924-148716274375900-5556.properties	723	5dc78b8e8b11cf647594d248c6cf986f1662a9ed89fd1acefedcd50ed258742c	False
L2J_Mobius_CT_2.6_HighFive/docs/phantoms/tasks/PHANTOM-M1-CHECKPOINT-RECOVERY-025/evidence/FINAL_R4_C_B/sealed/924-148716274375900-5558.properties	736	99b5a82802e2114d8edadaf8145c91d1612d0d3dd649b04c41fc7455da696075	False
L2J_Mobius_CT_2.6_HighFive/docs/phantoms/tasks/PHANTOM-M1-CHECKPOINT-RECOVERY-025/evidence/FINAL_R4_C_B/sealed/924-148716274375900-5560.properties	736	abc12b9b772470be877e61f68194a04ca6d0859bbabc10053f08ddfc10bd0bae	False
L2J_Mobius_CT_2.6_HighFive/docs/phantoms/tasks/PHANTOM-M1-CHECKPOINT-RECOVERY-025/evidence/FINAL_R4_C_B/sealed/981-148717666301900-8625.properties	743	06c4b6962f57238243ce863b718687ad35d2e9448464b6239750df62989a526b	False
L2J_Mobius_CT_2.6_HighFive/docs/phantoms/tasks/PHANTOM-M1-CHECKPOINT-RECOVERY-025/evidence/FINAL_R4_C_B/sealed/981-148717666301900-8627.properties	752	a9cadd6fdde924f6e3954ef02d93c3ad088eb57f93e46978818bdb6ca64733f0	False
L2J_Mobius_CT_2.6_HighFive/docs/phantoms/tasks/PHANTOM-M1-CHECKPOINT-RECOVERY-025/evidence/FINAL_R4_C_B/sealed/981-148717666301900-8629.properties	741	65bf17765940642e4b4186ddd39eab991afea708c3e442c24dc28693d6e71872	False
L2J_Mobius_CT_2.6_HighFive/docs/phantoms/tasks/PHANTOM-M1-CHECKPOINT-RECOVERY-025/evidence/FINAL_R4_C_B/sealed/981-148717666301900-8631.properties	738	2c6d3c066d41c2dbd5ac2ee5e71c252686bc21d68afc4cc63aa5f7e5f6ec5952	False
L2J_Mobius_CT_2.6_HighFive/docs/phantoms/tasks/PHANTOM-M1-CHECKPOINT-RECOVERY-025/evidence/FINAL_R4_C_B/sealed/981-148717666301900-8633.properties	743	9f76d4b8f4b0c6aa455952101070c7fc4b33784eba509747d11bcce97cd78bc9	False
L2J_Mobius_CT_2.6_HighFive/docs/phantoms/tasks/PHANTOM-M1-CHECKPOINT-RECOVERY-025/evidence/FINAL_R4_C_B/sealed/981-148717666301900-8635.properties	722	04e233267ef58d87d99ce3071a4d59767da066a84498260bfe02ad11307b5a2c	False
L2J_Mobius_CT_2.6_HighFive/docs/phantoms/tasks/PHANTOM-M1-CHECKPOINT-RECOVERY-025/evidence/FINAL_R4_C_B/sealed/981-148717666301900-8637.properties	735	e808237ead724036ba4e4117098165fca543bf5b1c760007293d9c3b308c5772	False
L2J_Mobius_CT_2.6_HighFive/docs/phantoms/tasks/PHANTOM-M1-CHECKPOINT-RECOVERY-025/evidence/FINAL_R4_C_B/sealed/994-148715266967000-4011.properties	716	9fecebb1a3e8eff6b1e5c17f951a781d839e91ac98e7c7d52171813d8ca37b6b	False
L2J_Mobius_CT_2.6_HighFive/docs/phantoms/tasks/PHANTOM-M1-CHECKPOINT-RECOVERY-025/evidence/FINAL_R4_C_B/sealed/994-148715266967000-4013.properties	716	7bd943093338b4ac98ff249b868e2b6ce82cfa0d389fed20b9a96f964594a9d5	False
L2J_Mobius_CT_2.6_HighFive/docs/phantoms/tasks/PHANTOM-M1-CHECKPOINT-RECOVERY-025/evidence/FINAL_R4_C_B/sealed/994-148715266967000-4015.properties	716	1b772b86deffc2c9a571800b7f1b3c12bb8228e36a6ee6808adc7ba90b6fa03a	False
L2J_Mobius_CT_2.6_HighFive/docs/phantoms/tasks/PHANTOM-M1-CHECKPOINT-RECOVERY-025/evidence/FINAL_R4_C_B/sealed/994-148715266967000-4017.properties	712	e2f6ae90e3963b0e9b7348a0611356ca4fff088077752c388a6aa41acc7e46c2	False
L2J_Mobius_CT_2.6_HighFive/docs/phantoms/tasks/PHANTOM-M1-CHECKPOINT-RECOVERY-025/evidence/FINAL_R4_C_B/sealed/observer-installed.properties	130	6e424093db7243dac6d390a469f5a830d97398f16cd5f71dcf3138d6089bd573	False
L2J_Mobius_CT_2.6_HighFive/docs/phantoms/tasks/PHANTOM-M1-CHECKPOINT-RECOVERY-025/evidence/FINAL_R4_C_B/sealed/observer-status-149130823995600.properties	85	6e5fc05295fedb47d762725930b76f50944e50e55e7350fbdd9eccec4971bcf0	False
L2J_Mobius_CT_2.6_HighFive/docs/phantoms/tasks/PHANTOM-M1-CHECKPOINT-RECOVERY-025/evidence/FINAL_R4_C_B/sealed/observer-status-149141840558300.properties	85	83c307cf63c61d48571f635587e434d860fd7629c5ca19151061488dc30b398e	False
L2J_Mobius_CT_2.6_HighFive/docs/phantoms/tasks/PHANTOM-M1-CHECKPOINT-RECOVERY-025/evidence/FINAL_R4_C_B/synthetic-start.json	112	f5db86040eb1e2f511c505f412dd41b14aef3ed29fe5d1a546b6ca4d71f42d54	False
L2J_Mobius_CT_2.6_HighFive/docs/phantoms/tasks/PHANTOM-M1-CHECKPOINT-RECOVERY-025/evidence/FINAL_R4_C_B/synthetic-stop.json	114	78aee496393e17bd773712b039fe9e6f9cc0395c89e2a7e99b4e4bc63359546d	False
L2J_Mobius_CT_2.6_HighFive/docs/phantoms/tasks/PHANTOM-M1-CHECKPOINT-RECOVERY-025/evidence/FINAL_R4_C_B_CORRELATION.log	1323	8593599e10367b598be42d196420dd8bacc9dd080648e954f6b5583ee7b2a944	False
L2J_Mobius_CT_2.6_HighFive/docs/phantoms/tasks/PHANTOM-M1-CHECKPOINT-RECOVERY-025/evidence/FINAL_R4_D_A/0001-STATUS.json	1227	eee50d7ed707c308500a3cfbf7478987ba44932a301a292efef00875c78a43b8	False
L2J_Mobius_CT_2.6_HighFive/docs/phantoms/tasks/PHANTOM-M1-CHECKPOINT-RECOVERY-025/evidence/FINAL_R4_D_A/0001-STATUS.xml	1177	f248e8e8ceb61f89e25337c35a0807b98f0ed81242fe04ae2cc3b239c9161315	False
L2J_Mobius_CT_2.6_HighFive/docs/phantoms/tasks/PHANTOM-M1-CHECKPOINT-RECOVERY-025/evidence/FINAL_R4_D_A/0002-TELEPORT_SELF.json	1160	dfe12304d4600c59162c65eeefadf924eb4888623f3772941802a276e32fa44b	False
L2J_Mobius_CT_2.6_HighFive/docs/phantoms/tasks/PHANTOM-M1-CHECKPOINT-RECOVERY-025/evidence/FINAL_R4_D_A/0002-TELEPORT_SELF.xml	1120	9c98059d405e151cb9125e73ba788501849f7b3c647692412bb578d62a307de7	False
L2J_Mobius_CT_2.6_HighFive/docs/phantoms/tasks/PHANTOM-M1-CHECKPOINT-RECOVERY-025/evidence/FINAL_R4_D_A/0003-STATUS.json	1227	75406446e2a0abe35a638dee858e996095ad2a0610e4c22d54aae7562607231b	False
L2J_Mobius_CT_2.6_HighFive/docs/phantoms/tasks/PHANTOM-M1-CHECKPOINT-RECOVERY-025/evidence/FINAL_R4_D_A/0003-STATUS.xml	1177	343e69f498586f52a7e1cc62d1c2de1823782611505a22b77e36e51fcc62eabc	False
L2J_Mobius_CT_2.6_HighFive/docs/phantoms/tasks/PHANTOM-M1-CHECKPOINT-RECOVERY-025/evidence/FINAL_R4_D_A/0004-SNAPSHOT_PHANTOMS.json	42291	20e2217ec1404f2331cf33220fd719d76bf2beae84ce0fda276be3137f18204a	False
L2J_Mobius_CT_2.6_HighFive/docs/phantoms/tasks/PHANTOM-M1-CHECKPOINT-RECOVERY-025/evidence/FINAL_R4_D_A/0004-SNAPSHOT_PHANTOMS.xml	40031	35664294c6757b9fd68edd8a784a273b0794e184318de51019a1d324bf9d8016	False
L2J_Mobius_CT_2.6_HighFive/docs/phantoms/tasks/PHANTOM-M1-CHECKPOINT-RECOVERY-025/evidence/FINAL_R4_D_A/0005-SNAPSHOT_PHANTOMS.json	1699	bc6b18dcf98025fb622fdff217d5f71b33a62c187586b2f720c804fd6aaa15c5	False
L2J_Mobius_CT_2.6_HighFive/docs/phantoms/tasks/PHANTOM-M1-CHECKPOINT-RECOVERY-025/evidence/FINAL_R4_D_A/0005-SNAPSHOT_PHANTOMS.xml	1615	b9039095feefdd1bb1c8e7365e67c9b3507729eccc78af2827675a1e717b99ab	False
L2J_Mobius_CT_2.6_HighFive/docs/phantoms/tasks/PHANTOM-M1-CHECKPOINT-RECOVERY-025/evidence/FINAL_R4_D_A/0006-SNAPSHOT_PHANTOMS.json	42898	7da6cce33542f4c9dbb9d41734cbc98fade5603d06f82dec8ffa7b1153d1052b	False
L2J_Mobius_CT_2.6_HighFive/docs/phantoms/tasks/PHANTOM-M1-CHECKPOINT-RECOVERY-025/evidence/FINAL_R4_D_A/0006-SNAPSHOT_PHANTOMS.xml	40638	e949ceffdeaebbad04330bc5a0fe6a2cfc6b97b187b1d671c32dc7ed79b056bd	False
L2J_Mobius_CT_2.6_HighFive/docs/phantoms/tasks/PHANTOM-M1-CHECKPOINT-RECOVERY-025/evidence/FINAL_R4_D_A/0007-SNAPSHOT_PHANTOMS.json	1706	fac687b51220abe15e404212e97e1d015ff95173c78257ae2fe8a66f4884da58	False
L2J_Mobius_CT_2.6_HighFive/docs/phantoms/tasks/PHANTOM-M1-CHECKPOINT-RECOVERY-025/evidence/FINAL_R4_D_A/0007-SNAPSHOT_PHANTOMS.xml	1622	c028f58df91f75cc464619731e67d07abb5a26bd04ac29fa5686a99a2175a198	False
L2J_Mobius_CT_2.6_HighFive/docs/phantoms/tasks/PHANTOM-M1-CHECKPOINT-RECOVERY-025/evidence/FINAL_R4_D_A/0008-SNAPSHOT_PHANTOMS.json	42885	119d2c2ead5d5c14fea2122bce0af83287b0f2272fbc5ce71fc6eb0d072a030b	False
L2J_Mobius_CT_2.6_HighFive/docs/phantoms/tasks/PHANTOM-M1-CHECKPOINT-RECOVERY-025/evidence/FINAL_R4_D_A/0008-SNAPSHOT_PHANTOMS.xml	40639	dccd7dd393f35c1f3465f7c4f59d9913b0271019f532d3e6cad704779ba48c09	False
L2J_Mobius_CT_2.6_HighFive/docs/phantoms/tasks/PHANTOM-M1-CHECKPOINT-RECOVERY-025/evidence/FINAL_R4_D_A/0009-SNAPSHOT_PHANTOMS.json	1706	f6b2444eff434cf2e7d86bcf4eb707cfe5f5c29457d91633b132aaa3abd0f426	False
L2J_Mobius_CT_2.6_HighFive/docs/phantoms/tasks/PHANTOM-M1-CHECKPOINT-RECOVERY-025/evidence/FINAL_R4_D_A/0009-SNAPSHOT_PHANTOMS.xml	1622	eb44c8eaa44cf3d99a766b2b4260c82b0445dc25274579cca22f819298bad0ae	False
L2J_Mobius_CT_2.6_HighFive/docs/phantoms/tasks/PHANTOM-M1-CHECKPOINT-RECOVERY-025/evidence/FINAL_R4_D_A/0010-SNAPSHOT_PHANTOMS.json	40556	8c2b09bc33613451d1c86d88c8aa42dfe643914eecfe8e8cd14121dd39a9c828	False
L2J_Mobius_CT_2.6_HighFive/docs/phantoms/tasks/PHANTOM-M1-CHECKPOINT-RECOVERY-025/evidence/FINAL_R4_D_A/0010-SNAPSHOT_PHANTOMS.xml	38380	05c5ae0fb452c21efe43866bcc336ddce5a1049b837f4f65016020840aa27924	False
L2J_Mobius_CT_2.6_HighFive/docs/phantoms/tasks/PHANTOM-M1-CHECKPOINT-RECOVERY-025/evidence/FINAL_R4_D_A/0011-SNAPSHOT_PHANTOMS.json	1706	0e8e89d18e0779e7da50c9ea0890c799308893913ad4204e73ba1f34fdc9e96d	False
L2J_Mobius_CT_2.6_HighFive/docs/phantoms/tasks/PHANTOM-M1-CHECKPOINT-RECOVERY-025/evidence/FINAL_R4_D_A/0011-SNAPSHOT_PHANTOMS.xml	1622	f34e90fb564448b1402feef24fa99d730a6c5c497bd63694ba303fa609ff9c11	False
L2J_Mobius_CT_2.6_HighFive/docs/phantoms/tasks/PHANTOM-M1-CHECKPOINT-RECOVERY-025/evidence/FINAL_R4_D_A/0012-SNAPSHOT_PHANTOMS.json	40591	2c69edf7499ae8952961360e2e897d4762b31ff17d3371d19c196d1157096e40	False
L2J_Mobius_CT_2.6_HighFive/docs/phantoms/tasks/PHANTOM-M1-CHECKPOINT-RECOVERY-025/evidence/FINAL_R4_D_A/0012-SNAPSHOT_PHANTOMS.xml	38415	22e687d5abaf2a3e9a760c62486c9e571dbf3ee57530a5e2fd5d29938b25c258	False
L2J_Mobius_CT_2.6_HighFive/docs/phantoms/tasks/PHANTOM-M1-CHECKPOINT-RECOVERY-025/evidence/FINAL_R4_D_A/0013-SNAPSHOT_PHANTOMS.json	1706	490219bfcfe8f8e81c193c7054f032b6ada82e604db5797ea2aabff3c9bd6da2	False
L2J_Mobius_CT_2.6_HighFive/docs/phantoms/tasks/PHANTOM-M1-CHECKPOINT-RECOVERY-025/evidence/FINAL_R4_D_A/0013-SNAPSHOT_PHANTOMS.xml	1622	98254d961a3992df2938cfdac83133f355bec2e7a24a40fa951afe60ed4acd09	False
L2J_Mobius_CT_2.6_HighFive/docs/phantoms/tasks/PHANTOM-M1-CHECKPOINT-RECOVERY-025/evidence/FINAL_R4_D_A/0014-SNAPSHOT_PHANTOMS.json	40470	6c61e15bcba28caf93bc504120e745ecc93c65493563ad6b8951ec78346d85ba	False
L2J_Mobius_CT_2.6_HighFive/docs/phantoms/tasks/PHANTOM-M1-CHECKPOINT-RECOVERY-025/evidence/FINAL_R4_D_A/0014-SNAPSHOT_PHANTOMS.xml	38294	66adb10d00a1d9f2c069c2dffaabbc3a292915489b059b586bcb6872c88c020e	False
L2J_Mobius_CT_2.6_HighFive/docs/phantoms/tasks/PHANTOM-M1-CHECKPOINT-RECOVERY-025/evidence/FINAL_R4_D_A/0015-SNAPSHOT_PHANTOMS.json	1698	ff4ed1093778a294cb342c65dcd011da0531adef60199020652e33a45439e3de	False
L2J_Mobius_CT_2.6_HighFive/docs/phantoms/tasks/PHANTOM-M1-CHECKPOINT-RECOVERY-025/evidence/FINAL_R4_D_A/0015-SNAPSHOT_PHANTOMS.xml	1614	db9769a9235655d41249784cdebac515726868971ff341812dec13e6b9874394	False
L2J_Mobius_CT_2.6_HighFive/docs/phantoms/tasks/PHANTOM-M1-CHECKPOINT-RECOVERY-025/evidence/FINAL_R4_D_A/0016-SNAPSHOT_PHANTOMS.json	41320	ffc30080eb9bf887fa595d1842f8ed17b6c55b92b2f6966073b5bdd42939b533	False
L2J_Mobius_CT_2.6_HighFive/docs/phantoms/tasks/PHANTOM-M1-CHECKPOINT-RECOVERY-025/evidence/FINAL_R4_D_A/0016-SNAPSHOT_PHANTOMS.xml	39102	c612a30ed2f60ea230d3df24d180a22140887be9ffad0c5d0223c779646022f2	False
L2J_Mobius_CT_2.6_HighFive/docs/phantoms/tasks/PHANTOM-M1-CHECKPOINT-RECOVERY-025/evidence/FINAL_R4_D_A/0017-SNAPSHOT_PHANTOMS.json	1697	bc1d0a446a89a18cc629437edd377ff9a5dac4fdadcd9ff65096dae7b47a2698	False
L2J_Mobius_CT_2.6_HighFive/docs/phantoms/tasks/PHANTOM-M1-CHECKPOINT-RECOVERY-025/evidence/FINAL_R4_D_A/0017-SNAPSHOT_PHANTOMS.xml	1613	62496a9cb1fbdc4d739287061548867164b6a449960c205e2d13d3cf3cfc9aba	False
L2J_Mobius_CT_2.6_HighFive/docs/phantoms/tasks/PHANTOM-M1-CHECKPOINT-RECOVERY-025/evidence/FINAL_R4_D_A/0018-SNAPSHOT_PHANTOMS.json	42343	9f2decc4106ffb5acd687911eba7ddc55a68e71b0a9849315dea253f836c1afe	False
L2J_Mobius_CT_2.6_HighFive/docs/phantoms/tasks/PHANTOM-M1-CHECKPOINT-RECOVERY-025/evidence/FINAL_R4_D_A/0018-SNAPSHOT_PHANTOMS.xml	40083	620f7b687dd180414a0f5a617b0f4fb2161a956d060ebfbf598fb5a671b6eac8	False
L2J_Mobius_CT_2.6_HighFive/docs/phantoms/tasks/PHANTOM-M1-CHECKPOINT-RECOVERY-025/evidence/FINAL_R4_D_A/0019-SNAPSHOT_PHANTOMS.json	1697	12e2cfef1f69095a0c61eb63866c92893c6c8f7aa021d2b968b840044739d240	False
L2J_Mobius_CT_2.6_HighFive/docs/phantoms/tasks/PHANTOM-M1-CHECKPOINT-RECOVERY-025/evidence/FINAL_R4_D_A/0019-SNAPSHOT_PHANTOMS.xml	1613	a836c6f29eba784ea7cd87baba96367ee8aae7168b3ae235e0c11818fe0c6992	False
L2J_Mobius_CT_2.6_HighFive/docs/phantoms/tasks/PHANTOM-M1-CHECKPOINT-RECOVERY-025/evidence/FINAL_R4_D_A/0020-SNAPSHOT_PHANTOMS.json	42941	1dc2c738a7655e6be8a5f458dfebc9879d921c581d61ae037355363a2428ccc2	False
L2J_Mobius_CT_2.6_HighFive/docs/phantoms/tasks/PHANTOM-M1-CHECKPOINT-RECOVERY-025/evidence/FINAL_R4_D_A/0020-SNAPSHOT_PHANTOMS.xml	40681	753844625f5ccda0dbfb57700167c9c00c107ebbb500ad3915b09f74aa92d179	False
L2J_Mobius_CT_2.6_HighFive/docs/phantoms/tasks/PHANTOM-M1-CHECKPOINT-RECOVERY-025/evidence/FINAL_R4_D_A/0021-SNAPSHOT_PHANTOMS.json	1706	c2c4623b97ad10754b1e7caf3931f57172598ab042fa96a32d9cb1188d25e268	False
L2J_Mobius_CT_2.6_HighFive/docs/phantoms/tasks/PHANTOM-M1-CHECKPOINT-RECOVERY-025/evidence/FINAL_R4_D_A/0021-SNAPSHOT_PHANTOMS.xml	1622	225a144809cebbd7117e60b751e91c3921a38c8ee2b8fd2de7b0e9012f469e37	False
L2J_Mobius_CT_2.6_HighFive/docs/phantoms/tasks/PHANTOM-M1-CHECKPOINT-RECOVERY-025/evidence/FINAL_R4_D_A/0022-SNAPSHOT_PHANTOMS.json	42726	5ab57e227d0386bd2d07722f50b5fb558493c337e11e38e0cc3f13ac530953d3	False
L2J_Mobius_CT_2.6_HighFive/docs/phantoms/tasks/PHANTOM-M1-CHECKPOINT-RECOVERY-025/evidence/FINAL_R4_D_A/0022-SNAPSHOT_PHANTOMS.xml	40466	eadfebd248d1707743de821537661f2a7cf133a2e966f2fc04dcf4e6b8421d9e	False
L2J_Mobius_CT_2.6_HighFive/docs/phantoms/tasks/PHANTOM-M1-CHECKPOINT-RECOVERY-025/evidence/FINAL_R4_D_A/0023-SNAPSHOT_PHANTOMS.json	1706	2d1a0c8fc344f3a1cfc93a4d839609ac0c13295da20f467fdf922559b11106b4	False
L2J_Mobius_CT_2.6_HighFive/docs/phantoms/tasks/PHANTOM-M1-CHECKPOINT-RECOVERY-025/evidence/FINAL_R4_D_A/0023-SNAPSHOT_PHANTOMS.xml	1622	659b4682192976bd23e29f98f98a170349559c9569c9502c956c536158bf1b72	False
L2J_Mobius_CT_2.6_HighFive/docs/phantoms/tasks/PHANTOM-M1-CHECKPOINT-RECOVERY-025/evidence/FINAL_R4_D_A/0024-SNAPSHOT_PHANTOMS.json	43467	0f62dbcf5647002737ba06964e05925f1c30869aed81e634955d3c568b5b16fb	False
L2J_Mobius_CT_2.6_HighFive/docs/phantoms/tasks/PHANTOM-M1-CHECKPOINT-RECOVERY-025/evidence/FINAL_R4_D_A/0024-SNAPSHOT_PHANTOMS.xml	41207	e55e70b31ee546c0cc20aed94b13e65530ef034e362d23001ddbd0ab7715211b	False
L2J_Mobius_CT_2.6_HighFive/docs/phantoms/tasks/PHANTOM-M1-CHECKPOINT-RECOVERY-025/evidence/FINAL_R4_D_A/0025-SNAPSHOT_PHANTOMS.json	1706	ac938aced1aaf22ecaad1a729ed9efba86f928e8f1fe141da467ea507c71e5d5	False
L2J_Mobius_CT_2.6_HighFive/docs/phantoms/tasks/PHANTOM-M1-CHECKPOINT-RECOVERY-025/evidence/FINAL_R4_D_A/0025-SNAPSHOT_PHANTOMS.xml	1622	27d51cf082f34721c65d493605c620ba44f34f779d17f7e01f1f30706653d498	False
L2J_Mobius_CT_2.6_HighFive/docs/phantoms/tasks/PHANTOM-M1-CHECKPOINT-RECOVERY-025/evidence/FINAL_R4_D_A/0026-SNAPSHOT_PHANTOMS.json	43182	e519ccd5ca15315e11065aebb39e2bdb48397c39a105cd62d03b9ce5de0fe2ec	False
L2J_Mobius_CT_2.6_HighFive/docs/phantoms/tasks/PHANTOM-M1-CHECKPOINT-RECOVERY-025/evidence/FINAL_R4_D_A/0026-SNAPSHOT_PHANTOMS.xml	40936	ff90000f114467184a2bcef13645bbf0c362b71f3123af8cc15642098247400e	False
L2J_Mobius_CT_2.6_HighFive/docs/phantoms/tasks/PHANTOM-M1-CHECKPOINT-RECOVERY-025/evidence/FINAL_R4_D_A/0027-SNAPSHOT_PHANTOMS.json	1703	6cfe38653ee5c732a7c5473ce5c8db9b68992b3421fab43d1fca1cfbe89d827a	False
L2J_Mobius_CT_2.6_HighFive/docs/phantoms/tasks/PHANTOM-M1-CHECKPOINT-RECOVERY-025/evidence/FINAL_R4_D_A/0027-SNAPSHOT_PHANTOMS.xml	1619	9e46135dc01b16b4dd1a8df75808e0ec3e74aacaa642fcd06d2cff05942ebdd9	False
L2J_Mobius_CT_2.6_HighFive/docs/phantoms/tasks/PHANTOM-M1-CHECKPOINT-RECOVERY-025/evidence/FINAL_R4_D_A/0028-SNAPSHOT_PHANTOMS.json	43051	97485352b71c6c07e88ca3857267a9be179a509048d20f1da9576903d42267e8	False
L2J_Mobius_CT_2.6_HighFive/docs/phantoms/tasks/PHANTOM-M1-CHECKPOINT-RECOVERY-025/evidence/FINAL_R4_D_A/0028-SNAPSHOT_PHANTOMS.xml	40819	a1af12c293a350dca2e85db7b14f2f98b34338950313a40888fd849159fb32a3	False
L2J_Mobius_CT_2.6_HighFive/docs/phantoms/tasks/PHANTOM-M1-CHECKPOINT-RECOVERY-025/evidence/FINAL_R4_D_A/0029-SNAPSHOT_PHANTOMS.json	1697	9317c42f0fa71804f848ec15408d7f6c1c7dac755ad36ca2b48a0bacd8b3a6d4	False
L2J_Mobius_CT_2.6_HighFive/docs/phantoms/tasks/PHANTOM-M1-CHECKPOINT-RECOVERY-025/evidence/FINAL_R4_D_A/0029-SNAPSHOT_PHANTOMS.xml	1613	60acce358dc5a1c6737fd5b13e3a8aac3716b663e5f48cae5fec159f079cd6d1	False
L2J_Mobius_CT_2.6_HighFive/docs/phantoms/tasks/PHANTOM-M1-CHECKPOINT-RECOVERY-025/evidence/FINAL_R4_D_A/0030-SNAPSHOT_PHANTOMS.json	42998	8bf0e4300dd33814099e3525bb2ce162cce9732495b2a915c2627467cb9371a4	False
L2J_Mobius_CT_2.6_HighFive/docs/phantoms/tasks/PHANTOM-M1-CHECKPOINT-RECOVERY-025/evidence/FINAL_R4_D_A/0030-SNAPSHOT_PHANTOMS.xml	40752	67691e027294ab19f469bf27ae0c734d0d5cd9817534fbaac1abe34f45b15671	False
L2J_Mobius_CT_2.6_HighFive/docs/phantoms/tasks/PHANTOM-M1-CHECKPOINT-RECOVERY-025/evidence/FINAL_R4_D_A/0031-SNAPSHOT_PHANTOMS.json	1694	4f1ce7beb8e782c64f52d97458d383ac5191a20e02f73ae71cdb925b535c39d7	False
L2J_Mobius_CT_2.6_HighFive/docs/phantoms/tasks/PHANTOM-M1-CHECKPOINT-RECOVERY-025/evidence/FINAL_R4_D_A/0031-SNAPSHOT_PHANTOMS.xml	1610	cdfaa4c1c18237b46269b6c5657bf6aa46f815ec78e021d4b5c2fdd9bf817867	False
L2J_Mobius_CT_2.6_HighFive/docs/phantoms/tasks/PHANTOM-M1-CHECKPOINT-RECOVERY-025/evidence/FINAL_R4_D_A/0032-SNAPSHOT_PHANTOMS.json	42976	21dde1e06ef1eb1aba8acd1f1421db5459dcb7e1039586aaf699b374cd855903	False
L2J_Mobius_CT_2.6_HighFive/docs/phantoms/tasks/PHANTOM-M1-CHECKPOINT-RECOVERY-025/evidence/FINAL_R4_D_A/0032-SNAPSHOT_PHANTOMS.xml	40730	0ad1f085507ddd7bfb2b18acfe14f8e9a62e656ceee1714793dc71763e60549c	False
L2J_Mobius_CT_2.6_HighFive/docs/phantoms/tasks/PHANTOM-M1-CHECKPOINT-RECOVERY-025/evidence/FINAL_R4_D_A/0033-SNAPSHOT_PHANTOMS.json	1691	1c8eed93b03143a228940568fa56e1b06e2fb03eb2719c0f778c116c868d3859	False
L2J_Mobius_CT_2.6_HighFive/docs/phantoms/tasks/PHANTOM-M1-CHECKPOINT-RECOVERY-025/evidence/FINAL_R4_D_A/0033-SNAPSHOT_PHANTOMS.xml	1607	44b333fb7fb76fdc10b47f4b35a8e7c23f919045e2c5f61d8bc6ce491ee8324f	False
L2J_Mobius_CT_2.6_HighFive/docs/phantoms/tasks/PHANTOM-M1-CHECKPOINT-RECOVERY-025/evidence/FINAL_R4_D_A/0034-SNAPSHOT_PHANTOMS.json	42978	6396605c1e29771b5d47bd5e2b194368058b66c83e0cd42c18cde45d7c42b4dc	False
L2J_Mobius_CT_2.6_HighFive/docs/phantoms/tasks/PHANTOM-M1-CHECKPOINT-RECOVERY-025/evidence/FINAL_R4_D_A/0034-SNAPSHOT_PHANTOMS.xml	40732	4028f2168b276dfe8d411d6c38c9d16b02f6487984bad83831d86212a5f37e37	False
L2J_Mobius_CT_2.6_HighFive/docs/phantoms/tasks/PHANTOM-M1-CHECKPOINT-RECOVERY-025/evidence/FINAL_R4_D_A/0035-SNAPSHOT_PHANTOMS.json	1694	e9270328cb4e8e09b8cf42d18420aa04ae8a0eafe32b3bc928d6e9e197329711	False
L2J_Mobius_CT_2.6_HighFive/docs/phantoms/tasks/PHANTOM-M1-CHECKPOINT-RECOVERY-025/evidence/FINAL_R4_D_A/0035-SNAPSHOT_PHANTOMS.xml	1610	1bf5a06ede6f4ce4da373e9d654c71afe0dba5b7896e762e241a1d7ec1e4d1ab	False
L2J_Mobius_CT_2.6_HighFive/docs/phantoms/tasks/PHANTOM-M1-CHECKPOINT-RECOVERY-025/evidence/FINAL_R4_D_A/0036-SNAPSHOT_PHANTOMS.json	42990	0b6aa812bfc8f6c08b57e1e8dd87671b663b838794deae50436e487a35a18834	False
L2J_Mobius_CT_2.6_HighFive/docs/phantoms/tasks/PHANTOM-M1-CHECKPOINT-RECOVERY-025/evidence/FINAL_R4_D_A/0036-SNAPSHOT_PHANTOMS.xml	40744	f6c049c1fb156ef7cf0db883ac09312ff1812e0477a864881ec37a96b9ac6be4	False
L2J_Mobius_CT_2.6_HighFive/docs/phantoms/tasks/PHANTOM-M1-CHECKPOINT-RECOVERY-025/evidence/FINAL_R4_D_A/0037-SNAPSHOT_PHANTOMS.json	1697	7371328248482a24251f3cdbb8a02a2911617f2a8a7f56ebac99f9dc0ef366d1	False
L2J_Mobius_CT_2.6_HighFive/docs/phantoms/tasks/PHANTOM-M1-CHECKPOINT-RECOVERY-025/evidence/FINAL_R4_D_A/0037-SNAPSHOT_PHANTOMS.xml	1613	4decf13c9ec3a06c81f939cb356d2a5dee26369a5f3293d739ce8cb5546b9782	False
L2J_Mobius_CT_2.6_HighFive/docs/phantoms/tasks/PHANTOM-M1-CHECKPOINT-RECOVERY-025/evidence/FINAL_R4_D_A/0038-SNAPSHOT_PHANTOMS.json	43286	afa4d796b5a6e6dbb84598ee67c77faff1da4908f7d121f1637e45c86e36f486	False
L2J_Mobius_CT_2.6_HighFive/docs/phantoms/tasks/PHANTOM-M1-CHECKPOINT-RECOVERY-025/evidence/FINAL_R4_D_A/0038-SNAPSHOT_PHANTOMS.xml	41026	dc7ebd10934ca073cbd1cebf758b8539dd8d78d96b310e6a36f95d5f61c5159c	False
L2J_Mobius_CT_2.6_HighFive/docs/phantoms/tasks/PHANTOM-M1-CHECKPOINT-RECOVERY-025/evidence/FINAL_R4_D_A/0039-SNAPSHOT_PHANTOMS.json	1697	d516431b2a58a416027ead995cab966a24745b22d187441d38d3d71941ad66e7	False
L2J_Mobius_CT_2.6_HighFive/docs/phantoms/tasks/PHANTOM-M1-CHECKPOINT-RECOVERY-025/evidence/FINAL_R4_D_A/0039-SNAPSHOT_PHANTOMS.xml	1613	554c7cd4bbfa89f0cc56d167b407bb80cd7b77de69ee54f09a8c26b89a1899b5	False
L2J_Mobius_CT_2.6_HighFive/docs/phantoms/tasks/PHANTOM-M1-CHECKPOINT-RECOVERY-025/evidence/FINAL_R4_D_A/0040-SNAPSHOT_PHANTOMS.json	44096	67d4b0cd5bb7ec3b6b10852acfa1ec6976694c8a61bc40fa223cc74afa8a57e8	False
L2J_Mobius_CT_2.6_HighFive/docs/phantoms/tasks/PHANTOM-M1-CHECKPOINT-RECOVERY-025/evidence/FINAL_R4_D_A/0040-SNAPSHOT_PHANTOMS.xml	41836	449feaf9a5863ccce65a0587df4af6f702ef3cd9a590ba9d30645f23a92815e9	False
L2J_Mobius_CT_2.6_HighFive/docs/phantoms/tasks/PHANTOM-M1-CHECKPOINT-RECOVERY-025/evidence/FINAL_R4_D_A/0041-SNAPSHOT_PHANTOMS.json	1706	023a68691091ca21c944089dd37a109b6436058118dcd0e6f4fe04c1c6f5a04a	False
L2J_Mobius_CT_2.6_HighFive/docs/phantoms/tasks/PHANTOM-M1-CHECKPOINT-RECOVERY-025/evidence/FINAL_R4_D_A/0041-SNAPSHOT_PHANTOMS.xml	1622	11564ff882d86f45bd9b4772aea74b0591ec0b6e676af7c644801d669a430d61	False
L2J_Mobius_CT_2.6_HighFive/docs/phantoms/tasks/PHANTOM-M1-CHECKPOINT-RECOVERY-025/evidence/FINAL_R4_D_A/0042-SNAPSHOT_PHANTOMS.json	44516	631686c4bcd9d1e821331365841324f5f2554f32aefe645e674d1e4115bed626	False
L2J_Mobius_CT_2.6_HighFive/docs/phantoms/tasks/PHANTOM-M1-CHECKPOINT-RECOVERY-025/evidence/FINAL_R4_D_A/0042-SNAPSHOT_PHANTOMS.xml	42256	a1fd8fc8b663f7d2f06fc413cd7df33fb06e914094d3bd3aaefa268bdbd11b47	False
L2J_Mobius_CT_2.6_HighFive/docs/phantoms/tasks/PHANTOM-M1-CHECKPOINT-RECOVERY-025/evidence/FINAL_R4_D_A/0043-SNAPSHOT_PHANTOMS.json	1706	2def536c5d986378fa18cd00400d2cbfd3d4a7eeb34824c7d434196530f0ddd8	False
L2J_Mobius_CT_2.6_HighFive/docs/phantoms/tasks/PHANTOM-M1-CHECKPOINT-RECOVERY-025/evidence/FINAL_R4_D_A/0043-SNAPSHOT_PHANTOMS.xml	1622	e08cc8565bcf21ddcbbcdcf3933d209ddb2f48e94d0d49e626d0946ffc09756d	False
L2J_Mobius_CT_2.6_HighFive/docs/phantoms/tasks/PHANTOM-M1-CHECKPOINT-RECOVERY-025/evidence/FINAL_R4_D_A/0044-SNAPSHOT_PHANTOMS.json	43995	1c4483fdce49e32957e17d5055ddcb19af99e60c8c679c3de5a86d90ba5689c7	False
L2J_Mobius_CT_2.6_HighFive/docs/phantoms/tasks/PHANTOM-M1-CHECKPOINT-RECOVERY-025/evidence/FINAL_R4_D_A/0044-SNAPSHOT_PHANTOMS.xml	41735	c700132fd758b648b9fa43fe496925b463d191d11ff170927d41c00e1ca6c1d6	False
L2J_Mobius_CT_2.6_HighFive/docs/phantoms/tasks/PHANTOM-M1-CHECKPOINT-RECOVERY-025/evidence/FINAL_R4_D_A/0045-SNAPSHOT_PHANTOMS.json	1706	c267b687fbe3396419a0dfc1aafd8491098e11d49728213497e1c5da93a52a1b	False
L2J_Mobius_CT_2.6_HighFive/docs/phantoms/tasks/PHANTOM-M1-CHECKPOINT-RECOVERY-025/evidence/FINAL_R4_D_A/0045-SNAPSHOT_PHANTOMS.xml	1622	2a8ac93fc369b89f0acbe2ecedbfcb91a44a7d8574d619aab8eaf8e6ffa65860	False
L2J_Mobius_CT_2.6_HighFive/docs/phantoms/tasks/PHANTOM-M1-CHECKPOINT-RECOVERY-025/evidence/FINAL_R4_D_A/0046-SNAPSHOT_PHANTOMS.json	45295	ad0eede0e84569fac3f1435db7cb08a639f3ffe9d7fb50f5f84674729f98d790	False
L2J_Mobius_CT_2.6_HighFive/docs/phantoms/tasks/PHANTOM-M1-CHECKPOINT-RECOVERY-025/evidence/FINAL_R4_D_A/0046-SNAPSHOT_PHANTOMS.xml	43077	788696647af605927e0fe96f0a36db4d71e8904c1925ccdd40ed17160ee04f88	False
L2J_Mobius_CT_2.6_HighFive/docs/phantoms/tasks/PHANTOM-M1-CHECKPOINT-RECOVERY-025/evidence/FINAL_R4_D_A/0047-SNAPSHOT_PHANTOMS.json	1707	0d72015971e12786b7e272cecdcac784a358acef5042f4bcd52cc3ef0a0ba522	False
L2J_Mobius_CT_2.6_HighFive/docs/phantoms/tasks/PHANTOM-M1-CHECKPOINT-RECOVERY-025/evidence/FINAL_R4_D_A/0047-SNAPSHOT_PHANTOMS.xml	1623	5d2e8362544677d60b5305d50101388a177f1a5092632a53bae62690d0640fb6	False
L2J_Mobius_CT_2.6_HighFive/docs/phantoms/tasks/PHANTOM-M1-CHECKPOINT-RECOVERY-025/evidence/FINAL_R4_D_A/0048-SNAPSHOT_PHANTOMS.json	45318	0b3b03ba981f475331b3a8e7dc6020dae944fa868d0746eb03c0bab8eb708807	False
L2J_Mobius_CT_2.6_HighFive/docs/phantoms/tasks/PHANTOM-M1-CHECKPOINT-RECOVERY-025/evidence/FINAL_R4_D_A/0048-SNAPSHOT_PHANTOMS.xml	43100	54ee17b4bf9b07636fc142a13c9e7383e177dfd364a30b59223407c89b6b432c	False
L2J_Mobius_CT_2.6_HighFive/docs/phantoms/tasks/PHANTOM-M1-CHECKPOINT-RECOVERY-025/evidence/FINAL_R4_D_A/0049-SNAPSHOT_PHANTOMS.json	1707	1abfacc31a74fbae4ab26c240538f025eaee2d0d02a72cb3175b095e6b29c797	False
L2J_Mobius_CT_2.6_HighFive/docs/phantoms/tasks/PHANTOM-M1-CHECKPOINT-RECOVERY-025/evidence/FINAL_R4_D_A/0049-SNAPSHOT_PHANTOMS.xml	1623	273e9e4a935518eb158946f672fbae1d9a593dac016778068a1c25c42f65a389	False
L2J_Mobius_CT_2.6_HighFive/docs/phantoms/tasks/PHANTOM-M1-CHECKPOINT-RECOVERY-025/evidence/FINAL_R4_D_A/0050-SNAPSHOT_PHANTOMS.json	44650	ff7c009f50d2bd01679215ef09f41923035f0eb3a47008be16e1f57afef88f8b	False
L2J_Mobius_CT_2.6_HighFive/docs/phantoms/tasks/PHANTOM-M1-CHECKPOINT-RECOVERY-025/evidence/FINAL_R4_D_A/0050-SNAPSHOT_PHANTOMS.xml	42404	b243a03244852b0e4d2dd667a1b49f3124d435203172331800f9d4812fb4ea8c	False
L2J_Mobius_CT_2.6_HighFive/docs/phantoms/tasks/PHANTOM-M1-CHECKPOINT-RECOVERY-025/evidence/FINAL_R4_D_A/0051-SNAPSHOT_PHANTOMS.json	1697	b1107aee0421baef6cadbcd76659708417beb871bcc7d2177880603277f427be	False
L2J_Mobius_CT_2.6_HighFive/docs/phantoms/tasks/PHANTOM-M1-CHECKPOINT-RECOVERY-025/evidence/FINAL_R4_D_A/0051-SNAPSHOT_PHANTOMS.xml	1613	bce30613cdf94df65edd171a3f04273e811e3d96b19a4ac740839989a540afe7	False
L2J_Mobius_CT_2.6_HighFive/docs/phantoms/tasks/PHANTOM-M1-CHECKPOINT-RECOVERY-025/evidence/FINAL_R4_D_A/0052-SNAPSHOT_PHANTOMS.json	44661	f034e76598b71b0fb4dedaf5484cac52658a047046ae26690d56f098b79b7100	False
L2J_Mobius_CT_2.6_HighFive/docs/phantoms/tasks/PHANTOM-M1-CHECKPOINT-RECOVERY-025/evidence/FINAL_R4_D_A/0052-SNAPSHOT_PHANTOMS.xml	42415	ebcf58174d71283b12ec3f83682d3db79b6d6dd15c29f6ebd88bbf67eb0b723c	False
L2J_Mobius_CT_2.6_HighFive/docs/phantoms/tasks/PHANTOM-M1-CHECKPOINT-RECOVERY-025/evidence/FINAL_R4_D_A/0053-SNAPSHOT_PHANTOMS.json	1697	adb027e65bf7a6fa01ac02e7a32bd13b7e39fd12a5819b2a18d43710c183806d	False
L2J_Mobius_CT_2.6_HighFive/docs/phantoms/tasks/PHANTOM-M1-CHECKPOINT-RECOVERY-025/evidence/FINAL_R4_D_A/0053-SNAPSHOT_PHANTOMS.xml	1613	f3f4aebee52914ae3c3b6e477721350956959f9615fa10e7a4d0b8bf48bb42f3	False
L2J_Mobius_CT_2.6_HighFive/docs/phantoms/tasks/PHANTOM-M1-CHECKPOINT-RECOVERY-025/evidence/FINAL_R4_D_A/0054-SNAPSHOT_PHANTOMS.json	44656	a58519fbaf08d34af983341ef3057e42b1c5c31be3b43f5ffe2b3dc4c8453324	False
L2J_Mobius_CT_2.6_HighFive/docs/phantoms/tasks/PHANTOM-M1-CHECKPOINT-RECOVERY-025/evidence/FINAL_R4_D_A/0054-SNAPSHOT_PHANTOMS.xml	42410	1f35d778d5b2d41270088f9067d9ae26abb1dc1229d4d20b4bd1eea76f9d35b6	False
L2J_Mobius_CT_2.6_HighFive/docs/phantoms/tasks/PHANTOM-M1-CHECKPOINT-RECOVERY-025/evidence/FINAL_R4_D_A/0055-SNAPSHOT_PHANTOMS.json	1697	182b23bb5b4ae2cccdec181024c8e3affdb4687a08eb282e200403575005e116	False
L2J_Mobius_CT_2.6_HighFive/docs/phantoms/tasks/PHANTOM-M1-CHECKPOINT-RECOVERY-025/evidence/FINAL_R4_D_A/0055-SNAPSHOT_PHANTOMS.xml	1613	496bf2421a47eb9de45785083cc743830661f521121a6e21a72463524ddb346e	False
L2J_Mobius_CT_2.6_HighFive/docs/phantoms/tasks/PHANTOM-M1-CHECKPOINT-RECOVERY-025/evidence/FINAL_R4_D_A/0056-SNAPSHOT_PHANTOMS.json	44605	1c60e72e6064139856f77dde087001a4d6a1cfabf92d23854b7de532411feb6e	False
L2J_Mobius_CT_2.6_HighFive/docs/phantoms/tasks/PHANTOM-M1-CHECKPOINT-RECOVERY-025/evidence/FINAL_R4_D_A/0056-SNAPSHOT_PHANTOMS.xml	42359	0d3998bcc93de945d9e4fb1101a1c331be181188a432baaf32d84f7db46f2fa3	False
L2J_Mobius_CT_2.6_HighFive/docs/phantoms/tasks/PHANTOM-M1-CHECKPOINT-RECOVERY-025/evidence/FINAL_R4_D_A/0057-SNAPSHOT_PHANTOMS.json	1697	7b47d279cf2a72862c13dc9bf2e76168284e19cedeef5bf89bcdfcceac6eb227	False
L2J_Mobius_CT_2.6_HighFive/docs/phantoms/tasks/PHANTOM-M1-CHECKPOINT-RECOVERY-025/evidence/FINAL_R4_D_A/0057-SNAPSHOT_PHANTOMS.xml	1613	9419a3ac4e0540c4e99577434f81716d8a8f0dd5f7dc5ca7cc0b3d3d9836cb47	False
L2J_Mobius_CT_2.6_HighFive/docs/phantoms/tasks/PHANTOM-M1-CHECKPOINT-RECOVERY-025/evidence/FINAL_R4_D_A/0058-SNAPSHOT_PHANTOMS.json	45515	f99e453096e0ec12021aba646855585173e6c989a4ebbf6f5b07560561693a64	False
L2J_Mobius_CT_2.6_HighFive/docs/phantoms/tasks/PHANTOM-M1-CHECKPOINT-RECOVERY-025/evidence/FINAL_R4_D_A/0058-SNAPSHOT_PHANTOMS.xml	43269	ab64330728388a86b2b88f2b0cc6fc7a29c2cf220e983a4e168042b8e936dbf9	False
L2J_Mobius_CT_2.6_HighFive/docs/phantoms/tasks/PHANTOM-M1-CHECKPOINT-RECOVERY-025/evidence/FINAL_R4_D_A/0059-SNAPSHOT_PHANTOMS.json	1703	1844ef1a4e78f27f8fcef8ff2abfeeea54de569c48487fa45490040cf03a0134	False
L2J_Mobius_CT_2.6_HighFive/docs/phantoms/tasks/PHANTOM-M1-CHECKPOINT-RECOVERY-025/evidence/FINAL_R4_D_A/0059-SNAPSHOT_PHANTOMS.xml	1619	6bcd635bc53a3703b2f520e24c5348a7d609b34ea2e39064df7a0fa71cf70754	False
L2J_Mobius_CT_2.6_HighFive/docs/phantoms/tasks/PHANTOM-M1-CHECKPOINT-RECOVERY-025/evidence/FINAL_R4_D_A/0060-SNAPSHOT_PHANTOMS.json	45124	e3da473e7fed25f99b467afb78763d29055536e2fbe7c82fa568ea0cebd8546c	False
L2J_Mobius_CT_2.6_HighFive/docs/phantoms/tasks/PHANTOM-M1-CHECKPOINT-RECOVERY-025/evidence/FINAL_R4_D_A/0060-SNAPSHOT_PHANTOMS.xml	42878	1f01788483bf5df2e47809adebbb5b877fe62c86a012f661f452a5283f6fd253	False
L2J_Mobius_CT_2.6_HighFive/docs/phantoms/tasks/PHANTOM-M1-CHECKPOINT-RECOVERY-025/evidence/FINAL_R4_D_A/0061-SNAPSHOT_PHANTOMS.json	1697	a6554f24b14df86e1740e45626a2eef529ea3385ce7dd767c7bd26f34f056971	False
L2J_Mobius_CT_2.6_HighFive/docs/phantoms/tasks/PHANTOM-M1-CHECKPOINT-RECOVERY-025/evidence/FINAL_R4_D_A/0061-SNAPSHOT_PHANTOMS.xml	1613	b698475ad13325292b520336538c372ce5e67a6356ec0dbecf6a5d372bdbc69f	False
L2J_Mobius_CT_2.6_HighFive/docs/phantoms/tasks/PHANTOM-M1-CHECKPOINT-RECOVERY-025/evidence/FINAL_R4_D_A/0062-SNAPSHOT_PHANTOMS.json	44857	fc0046ddb8936d2ac8a424cbdc351ab3b52f722f4c7e9bba83ecace6c82020f3	False
L2J_Mobius_CT_2.6_HighFive/docs/phantoms/tasks/PHANTOM-M1-CHECKPOINT-RECOVERY-025/evidence/FINAL_R4_D_A/0062-SNAPSHOT_PHANTOMS.xml	42625	8112230b18815f47081d23ed6276c410e4ff5669129e573e199fa2389eef0117	False
L2J_Mobius_CT_2.6_HighFive/docs/phantoms/tasks/PHANTOM-M1-CHECKPOINT-RECOVERY-025/evidence/FINAL_R4_D_A/0063-SNAPSHOT_PHANTOMS.json	1700	eeb5c1a727b7b4d4371e8534c8031df7733dadddef92559bcd69a4b14a20659d	False
L2J_Mobius_CT_2.6_HighFive/docs/phantoms/tasks/PHANTOM-M1-CHECKPOINT-RECOVERY-025/evidence/FINAL_R4_D_A/0063-SNAPSHOT_PHANTOMS.xml	1616	1464a337ba8ac67e25cc7ade9570126a848bca3dbe7c7d127f9917fdb4f4cf31	False
L2J_Mobius_CT_2.6_HighFive/docs/phantoms/tasks/PHANTOM-M1-CHECKPOINT-RECOVERY-025/evidence/FINAL_R4_D_A/0064-SNAPSHOT_PHANTOMS.json	44365	4452ef597a5f2c8a2747078e46b544b4498f1795eb254bfb611695c740d995c4	False
L2J_Mobius_CT_2.6_HighFive/docs/phantoms/tasks/PHANTOM-M1-CHECKPOINT-RECOVERY-025/evidence/FINAL_R4_D_A/0064-SNAPSHOT_PHANTOMS.xml	42133	2170facfaca7b445a15cb0c6873f05eb6fddc49815cd044f36122a92da70c719	False
L2J_Mobius_CT_2.6_HighFive/docs/phantoms/tasks/PHANTOM-M1-CHECKPOINT-RECOVERY-025/evidence/FINAL_R4_D_A/0065-SNAPSHOT_PHANTOMS.json	1698	e1389c202536a1cd1c41493e7dab4c922a34627b8c8f3de1613664fb3cb96a8a	False
L2J_Mobius_CT_2.6_HighFive/docs/phantoms/tasks/PHANTOM-M1-CHECKPOINT-RECOVERY-025/evidence/FINAL_R4_D_A/0065-SNAPSHOT_PHANTOMS.xml	1614	bce8e5909a6662a8da3cb1d4e633abf58dc0fcbe93bbd2c3de4f000df63d08df	False
L2J_Mobius_CT_2.6_HighFive/docs/phantoms/tasks/PHANTOM-M1-CHECKPOINT-RECOVERY-025/evidence/FINAL_R4_D_A/0066-SNAPSHOT_PHANTOMS.json	44966	99c0dd9b5710e922bd617f6dad59e60b881599da469baed4bf59dbb96e1e7103	False
L2J_Mobius_CT_2.6_HighFive/docs/phantoms/tasks/PHANTOM-M1-CHECKPOINT-RECOVERY-025/evidence/FINAL_R4_D_A/0066-SNAPSHOT_PHANTOMS.xml	42720	d84317c4ba9cf2260b02a81e3a8a740704fcf0ef67d7ee44d8166b5924216f7c	False
L2J_Mobius_CT_2.6_HighFive/docs/phantoms/tasks/PHANTOM-M1-CHECKPOINT-RECOVERY-025/evidence/FINAL_R4_D_A/0067-SNAPSHOT_PHANTOMS.json	1707	f911e979e66c140ede9765321adf2a342948dbc879c4ffd8e49dda2d0784d2c2	False
L2J_Mobius_CT_2.6_HighFive/docs/phantoms/tasks/PHANTOM-M1-CHECKPOINT-RECOVERY-025/evidence/FINAL_R4_D_A/0067-SNAPSHOT_PHANTOMS.xml	1623	56396637d042403486db94fed39ff8e68ae76f00f2c6913318b878eb7071cf91	False
L2J_Mobius_CT_2.6_HighFive/docs/phantoms/tasks/PHANTOM-M1-CHECKPOINT-RECOVERY-025/evidence/FINAL_R4_D_A/0068-SNAPSHOT_PHANTOMS.json	45182	54d752387adec1027ad99edf5d2c2c162070e88e28183202e5bbed0d9c19f1cf	False
L2J_Mobius_CT_2.6_HighFive/docs/phantoms/tasks/PHANTOM-M1-CHECKPOINT-RECOVERY-025/evidence/FINAL_R4_D_A/0068-SNAPSHOT_PHANTOMS.xml	42922	94605493f9dc9099bcb1471a3e9e268e10a832cb40eb11e32679b9f3482e50db	False
L2J_Mobius_CT_2.6_HighFive/docs/phantoms/tasks/PHANTOM-M1-CHECKPOINT-RECOVERY-025/evidence/FINAL_R4_D_A/0069-SNAPSHOT_PHANTOMS.json	1698	52e60ed0eb8c7ad24c31e9d13f417e175f887402bce2bbe56833ece33600c7d7	False
L2J_Mobius_CT_2.6_HighFive/docs/phantoms/tasks/PHANTOM-M1-CHECKPOINT-RECOVERY-025/evidence/FINAL_R4_D_A/0069-SNAPSHOT_PHANTOMS.xml	1614	53b08ddbaebf9d910fded0cd07550a3274e4c724bcc4ff123a47a16827e85b7c	False
L2J_Mobius_CT_2.6_HighFive/docs/phantoms/tasks/PHANTOM-M1-CHECKPOINT-RECOVERY-025/evidence/FINAL_R4_D_A/0070-SNAPSHOT_PHANTOMS.json	45546	374749c92fe4e3dfa91dd488d4fd182a280932bcbd26bd3fb54a374533fb3b6a	False
L2J_Mobius_CT_2.6_HighFive/docs/phantoms/tasks/PHANTOM-M1-CHECKPOINT-RECOVERY-025/evidence/FINAL_R4_D_A/0070-SNAPSHOT_PHANTOMS.xml	43286	4f9276df0dc66d53d3295ea0e717ec2912c08772ea8d13878345ed4f6875b4c9	False
L2J_Mobius_CT_2.6_HighFive/docs/phantoms/tasks/PHANTOM-M1-CHECKPOINT-RECOVERY-025/evidence/FINAL_R4_D_A/0071-SNAPSHOT_PHANTOMS.json	1707	70bd9966bc7551905d10658ce0374bda7ab2b615f919bdf7ae38849e94e1d815	False
L2J_Mobius_CT_2.6_HighFive/docs/phantoms/tasks/PHANTOM-M1-CHECKPOINT-RECOVERY-025/evidence/FINAL_R4_D_A/0071-SNAPSHOT_PHANTOMS.xml	1623	0528e2202c8bc2265adb15a875c654198fd72ea4c0a7bf5b0fef77cbcea51092	False
L2J_Mobius_CT_2.6_HighFive/docs/phantoms/tasks/PHANTOM-M1-CHECKPOINT-RECOVERY-025/evidence/FINAL_R4_D_A/0072-SNAPSHOT_PHANTOMS.json	34421	c9d32ac560920b58966916d4856fb8a7b0028e75ebcec911626b4a4b9706a9e2	False
L2J_Mobius_CT_2.6_HighFive/docs/phantoms/tasks/PHANTOM-M1-CHECKPOINT-RECOVERY-025/evidence/FINAL_R4_D_A/0072-SNAPSHOT_PHANTOMS.xml	32705	0e6e99ee86e9aed8a11964ee8055acb9fadca7dd1f7bacb6adedd9e91c8a872c	False
L2J_Mobius_CT_2.6_HighFive/docs/phantoms/tasks/PHANTOM-M1-CHECKPOINT-RECOVERY-025/evidence/FINAL_R4_D_A/0073-SNAPSHOT_PHANTOMS.json	27915	b4b84bbd728880980a252cb140f1d437c45b417da6a3407003ead41b2b66dc8f	False
L2J_Mobius_CT_2.6_HighFive/docs/phantoms/tasks/PHANTOM-M1-CHECKPOINT-RECOVERY-025/evidence/FINAL_R4_D_A/0073-SNAPSHOT_PHANTOMS.xml	26485	d786a53e03110dddaa9bc05882a3e5f0890184411889364b0bddc145fdaea843	False
L2J_Mobius_CT_2.6_HighFive/docs/phantoms/tasks/PHANTOM-M1-CHECKPOINT-RECOVERY-025/evidence/FINAL_R4_D_A/0074-SNAPSHOT_PHANTOMS.json	22576	81cda6136c03776cd7e3265744ebfeec3f0e18db6d24053075c856313b4bff97	False
L2J_Mobius_CT_2.6_HighFive/docs/phantoms/tasks/PHANTOM-M1-CHECKPOINT-RECOVERY-025/evidence/FINAL_R4_D_A/0074-SNAPSHOT_PHANTOMS.xml	21418	c466ba2d183f9937151802bcd72c689593b0a9ad44b3bae49c4115c1aa092c23	False
L2J_Mobius_CT_2.6_HighFive/docs/phantoms/tasks/PHANTOM-M1-CHECKPOINT-RECOVERY-025/evidence/FINAL_R4_D_A/0075-SNAPSHOT_PHANTOMS.json	22864	49fe9fa997c21c4ac0bcd0f8372967da24790d12456ddde54fba7ad30397dfec	False
L2J_Mobius_CT_2.6_HighFive/docs/phantoms/tasks/PHANTOM-M1-CHECKPOINT-RECOVERY-025/evidence/FINAL_R4_D_A/0075-SNAPSHOT_PHANTOMS.xml	21706	4c2816608cc54cf0440db0ffb77b112f5f4376d334f5d3451c1992d8ddc80c52	False
L2J_Mobius_CT_2.6_HighFive/docs/phantoms/tasks/PHANTOM-M1-CHECKPOINT-RECOVERY-025/evidence/FINAL_R4_D_A/0076-SNAPSHOT_PHANTOMS.json	22680	2f99b5f694f19e06e1240a8be82cc828d3da3d94998aa6e188f8c3a64be45b85	False
L2J_Mobius_CT_2.6_HighFive/docs/phantoms/tasks/PHANTOM-M1-CHECKPOINT-RECOVERY-025/evidence/FINAL_R4_D_A/0076-SNAPSHOT_PHANTOMS.xml	21522	779fd24d993474065c1b328b439e451297b3286b7482a0913431005bd4b9eeee	False
L2J_Mobius_CT_2.6_HighFive/docs/phantoms/tasks/PHANTOM-M1-CHECKPOINT-RECOVERY-025/evidence/FINAL_R4_D_A/0077-SNAPSHOT_PHANTOMS.json	22847	737e4be4ac7274ed267070fdb50e24ba4d1d35bbd548a58db98ad65e9eca43d7	False
L2J_Mobius_CT_2.6_HighFive/docs/phantoms/tasks/PHANTOM-M1-CHECKPOINT-RECOVERY-025/evidence/FINAL_R4_D_A/0077-SNAPSHOT_PHANTOMS.xml	21689	9564a5f8c6a33b635d0bdb26c5800ab33b846ea965f0436ef4ec822959db4cf5	False
L2J_Mobius_CT_2.6_HighFive/docs/phantoms/tasks/PHANTOM-M1-CHECKPOINT-RECOVERY-025/evidence/FINAL_R4_D_A/0078-SNAPSHOT_PHANTOMS.json	22823	2eacd09e82785df3558771105fcb1c27a61b35968044945d8726e8514d2afa4f	False
L2J_Mobius_CT_2.6_HighFive/docs/phantoms/tasks/PHANTOM-M1-CHECKPOINT-RECOVERY-025/evidence/FINAL_R4_D_A/0078-SNAPSHOT_PHANTOMS.xml	21665	e2ba8add1caa338e38ffd334e206793a7255a7a84b68561558a2c0a124d06508	False
L2J_Mobius_CT_2.6_HighFive/docs/phantoms/tasks/PHANTOM-M1-CHECKPOINT-RECOVERY-025/evidence/FINAL_R4_D_A/0079-SNAPSHOT_PHANTOMS.json	22746	9f4f4228173743a2de3ef1f03030c3afed8890d8b06b34b22613aee0fe9b74f4	False
L2J_Mobius_CT_2.6_HighFive/docs/phantoms/tasks/PHANTOM-M1-CHECKPOINT-RECOVERY-025/evidence/FINAL_R4_D_A/0079-SNAPSHOT_PHANTOMS.xml	21588	e94e5c3df7e0a9b64a87a97311dab77722a93d45c05f8a109c47f78b48fbcb24	False
L2J_Mobius_CT_2.6_HighFive/docs/phantoms/tasks/PHANTOM-M1-CHECKPOINT-RECOVERY-025/evidence/FINAL_R4_D_A/0080-SNAPSHOT_PHANTOMS.json	23087	a928ad0140b147905d7f252822220de4c6b81f563c076aa05988c7990710eb91	False
L2J_Mobius_CT_2.6_HighFive/docs/phantoms/tasks/PHANTOM-M1-CHECKPOINT-RECOVERY-025/evidence/FINAL_R4_D_A/0080-SNAPSHOT_PHANTOMS.xml	21915	99a8c5dc6b0857a55c7a0eced19366291818e631e856590b32f139bd60869867	False
L2J_Mobius_CT_2.6_HighFive/docs/phantoms/tasks/PHANTOM-M1-CHECKPOINT-RECOVERY-025/evidence/FINAL_R4_D_A/0081-SNAPSHOT_PHANTOMS.json	23340	9465e9602249d35d068ff5615e0dba86ab6f379d683a296360c0a1f9df92d4c2	False
L2J_Mobius_CT_2.6_HighFive/docs/phantoms/tasks/PHANTOM-M1-CHECKPOINT-RECOVERY-025/evidence/FINAL_R4_D_A/0081-SNAPSHOT_PHANTOMS.xml	22168	6d45d8c650ad65eff46c64723fb22611beaff2b408325fa17af832f84bf50bb5	False
L2J_Mobius_CT_2.6_HighFive/docs/phantoms/tasks/PHANTOM-M1-CHECKPOINT-RECOVERY-025/evidence/FINAL_R4_D_A/0082-SNAPSHOT_PHANTOMS.json	22991	d3c8223394bb21f78a84ef66a8810ef4fc28125258a6f3d3556d7af17aa352cb	False
L2J_Mobius_CT_2.6_HighFive/docs/phantoms/tasks/PHANTOM-M1-CHECKPOINT-RECOVERY-025/evidence/FINAL_R4_D_A/0082-SNAPSHOT_PHANTOMS.xml	21819	8897e0d05e0816fda6ea1a4d406dca184d7690d8118596a9d08114785b0439c5	False
L2J_Mobius_CT_2.6_HighFive/docs/phantoms/tasks/PHANTOM-M1-CHECKPOINT-RECOVERY-025/evidence/FINAL_R4_D_A/0083-SNAPSHOT_PHANTOMS.json	22902	a49029fec8c30d3bcbb04438d99e1f7327047489a0bb916e0ee09be5904c930b	False
L2J_Mobius_CT_2.6_HighFive/docs/phantoms/tasks/PHANTOM-M1-CHECKPOINT-RECOVERY-025/evidence/FINAL_R4_D_A/0083-SNAPSHOT_PHANTOMS.xml	21730	f46acec973335946b2e190dfeb0e4e9ba78ea539cb5b0af4b97d9e9c3586feeb	False
L2J_Mobius_CT_2.6_HighFive/docs/phantoms/tasks/PHANTOM-M1-CHECKPOINT-RECOVERY-025/evidence/FINAL_R4_D_A/0084-SNAPSHOT_PHANTOMS.json	22904	58357dce6dcb2981469a1bd92ac27da17a92d26d49bb8aacf22e66c734252e17	False
L2J_Mobius_CT_2.6_HighFive/docs/phantoms/tasks/PHANTOM-M1-CHECKPOINT-RECOVERY-025/evidence/FINAL_R4_D_A/0084-SNAPSHOT_PHANTOMS.xml	21732	84d8562154682d4b7b011d65126483ad2ce0c2f1139f52f2d00bce5ffe0e98d1	False
L2J_Mobius_CT_2.6_HighFive/docs/phantoms/tasks/PHANTOM-M1-CHECKPOINT-RECOVERY-025/evidence/FINAL_R4_D_A/0085-SNAPSHOT_PHANTOMS.json	22904	073044ecd3c8b3a8ec29f6d1540d76493ce275e62dd7d620071c6be7ddf9056a	False
L2J_Mobius_CT_2.6_HighFive/docs/phantoms/tasks/PHANTOM-M1-CHECKPOINT-RECOVERY-025/evidence/FINAL_R4_D_A/0085-SNAPSHOT_PHANTOMS.xml	21732	5d39095e7cd645be5c3bd7e1bd181d7dd4a267be31b07279c5395d0ca7dd11c6	False
L2J_Mobius_CT_2.6_HighFive/docs/phantoms/tasks/PHANTOM-M1-CHECKPOINT-RECOVERY-025/evidence/FINAL_R4_D_A/0086-SNAPSHOT_PHANTOMS.json	23044	0a81ab213cb8425062ab9aafcc6c9bd4092157d34c57fc5d827c11de9128ebd0	False
L2J_Mobius_CT_2.6_HighFive/docs/phantoms/tasks/PHANTOM-M1-CHECKPOINT-RECOVERY-025/evidence/FINAL_R4_D_A/0086-SNAPSHOT_PHANTOMS.xml	21872	1bcf9248d3645c3c2f11ca4186370e683fce66b0392a2b602611b77d745a69dd	False
L2J_Mobius_CT_2.6_HighFive/docs/phantoms/tasks/PHANTOM-M1-CHECKPOINT-RECOVERY-025/evidence/FINAL_R4_D_A/0087-SNAPSHOT_PHANTOMS.json	23268	e1bc0f107643115b600501cc8613c9ef3fa03061ec0d9a69f0ee374b45a065a3	False
L2J_Mobius_CT_2.6_HighFive/docs/phantoms/tasks/PHANTOM-M1-CHECKPOINT-RECOVERY-025/evidence/FINAL_R4_D_A/0087-SNAPSHOT_PHANTOMS.xml	22096	248a280c444b828c9821bc8a9923ac741189aa54a7ebb3f85d91d9c6bed7e7b8	False
L2J_Mobius_CT_2.6_HighFive/docs/phantoms/tasks/PHANTOM-M1-CHECKPOINT-RECOVERY-025/evidence/FINAL_R4_D_A/0088-SNAPSHOT_PHANTOMS.json	23208	7ec7251b389091a7b96e891998fd602c4d4bc5a40d9c407f2a2347b50ebee8d6	False
L2J_Mobius_CT_2.6_HighFive/docs/phantoms/tasks/PHANTOM-M1-CHECKPOINT-RECOVERY-025/evidence/FINAL_R4_D_A/0088-SNAPSHOT_PHANTOMS.xml	22036	0d28531df746e1c296cf38d3e26cbb10bf51e3608844698e8b4d160e042243dc	False
L2J_Mobius_CT_2.6_HighFive/docs/phantoms/tasks/PHANTOM-M1-CHECKPOINT-RECOVERY-025/evidence/FINAL_R4_D_A/0089-SNAPSHOT_PHANTOMS.json	16946	240ab97744d4467fe65fe33381183559edc46dfb4fbdc7b1f0bb23e00f92c415	False
L2J_Mobius_CT_2.6_HighFive/docs/phantoms/tasks/PHANTOM-M1-CHECKPOINT-RECOVERY-025/evidence/FINAL_R4_D_A/0089-SNAPSHOT_PHANTOMS.xml	16060	a486066550ddb22cb8370a41a177058266d7a1b151c59c5b72c319c648561679	False
L2J_Mobius_CT_2.6_HighFive/docs/phantoms/tasks/PHANTOM-M1-CHECKPOINT-RECOVERY-025/evidence/FINAL_R4_D_A/0090-SNAPSHOT_PHANTOMS.json	16275	d52af038d49beed3ee4319fa31126d2dab521d30147c7fcedf1bf5f31efdfa68	False
L2J_Mobius_CT_2.6_HighFive/docs/phantoms/tasks/PHANTOM-M1-CHECKPOINT-RECOVERY-025/evidence/FINAL_R4_D_A/0090-SNAPSHOT_PHANTOMS.xml	15417	88625f72ce9aa6c481a6de081d1f0ba2611d86e3d9dc870758617dd6514291fc	False
L2J_Mobius_CT_2.6_HighFive/docs/phantoms/tasks/PHANTOM-M1-CHECKPOINT-RECOVERY-025/evidence/FINAL_R4_D_A/0091-SNAPSHOT_PHANTOMS.json	16339	b5fa2bb61ae406c15a029e087cca0ab9d648eba25c3756a4a090beac91036df9	False
L2J_Mobius_CT_2.6_HighFive/docs/phantoms/tasks/PHANTOM-M1-CHECKPOINT-RECOVERY-025/evidence/FINAL_R4_D_A/0091-SNAPSHOT_PHANTOMS.xml	15481	e87a0b17a51d0a593b40ff641acd21965c37d10de28e51ec472068acc25e2ee3	False
L2J_Mobius_CT_2.6_HighFive/docs/phantoms/tasks/PHANTOM-M1-CHECKPOINT-RECOVERY-025/evidence/FINAL_R4_D_A/0092-SNAPSHOT_PHANTOMS.json	21922	ec89ff2389e5bb7bc7d35f83d97f7f6b68c088e6d12db447475dc24fb389e151	False
L2J_Mobius_CT_2.6_HighFive/docs/phantoms/tasks/PHANTOM-M1-CHECKPOINT-RECOVERY-025/evidence/FINAL_R4_D_A/0092-SNAPSHOT_PHANTOMS.xml	20806	d2ed00dff44803db2bc7f2aa4a87df938de0866ef580bc3f28ac1d57878248fb	False
L2J_Mobius_CT_2.6_HighFive/docs/phantoms/tasks/PHANTOM-M1-CHECKPOINT-RECOVERY-025/evidence/FINAL_R4_D_A/0093-SNAPSHOT_PHANTOMS.json	22247	76314b4a7157ec2cc4503837c86644018817907df624e2989e39c7d337a3e251	False
L2J_Mobius_CT_2.6_HighFive/docs/phantoms/tasks/PHANTOM-M1-CHECKPOINT-RECOVERY-025/evidence/FINAL_R4_D_A/0093-SNAPSHOT_PHANTOMS.xml	21117	322d290abb4d7870624f63bc1014d385036c117688e071379cb0ebe2acee13c3	False
L2J_Mobius_CT_2.6_HighFive/docs/phantoms/tasks/PHANTOM-M1-CHECKPOINT-RECOVERY-025/evidence/FINAL_R4_D_A/0094-SNAPSHOT_PHANTOMS.json	22132	5487d6b41dd760d37f7cb6e1cb8c5c21598af3a5e4d2fda3dc3da048ff35c0e4	False
L2J_Mobius_CT_2.6_HighFive/docs/phantoms/tasks/PHANTOM-M1-CHECKPOINT-RECOVERY-025/evidence/FINAL_R4_D_A/0094-SNAPSHOT_PHANTOMS.xml	21002	81b8f2fd215805f9236ffc22face70089dd3ba4ad36ad772fdf185539b167ba0	False
L2J_Mobius_CT_2.6_HighFive/docs/phantoms/tasks/PHANTOM-M1-CHECKPOINT-RECOVERY-025/evidence/FINAL_R4_D_A/0095-SNAPSHOT_PHANTOMS.json	22270	aa81f102f918a81b01a8d5348eb8cbabdaaf7ffee89f0aa54d951e235071bc5f	False
L2J_Mobius_CT_2.6_HighFive/docs/phantoms/tasks/PHANTOM-M1-CHECKPOINT-RECOVERY-025/evidence/FINAL_R4_D_A/0095-SNAPSHOT_PHANTOMS.xml	21140	a01b361e4f3d443b48405b3609d0352822786277e0ba5dd8cfae2c4926257695	False
L2J_Mobius_CT_2.6_HighFive/docs/phantoms/tasks/PHANTOM-M1-CHECKPOINT-RECOVERY-025/evidence/FINAL_R4_D_A/0096-SNAPSHOT_PHANTOMS.json	22670	3212be3314799ab4b68debf0d9aeb03766558020436157ba97508d67904c434d	False
L2J_Mobius_CT_2.6_HighFive/docs/phantoms/tasks/PHANTOM-M1-CHECKPOINT-RECOVERY-025/evidence/FINAL_R4_D_A/0096-SNAPSHOT_PHANTOMS.xml	21526	54bc9d208e30c952fb623c0faaa85ee22181524b32f9af6edc046cf6ff77269a	False
L2J_Mobius_CT_2.6_HighFive/docs/phantoms/tasks/PHANTOM-M1-CHECKPOINT-RECOVERY-025/evidence/FINAL_R4_D_A/0097-SNAPSHOT_PHANTOMS.json	22579	0555caa8a65cc1d16e745538cf14e808d329228dcac9748287c5fdee31868a5f	False
L2J_Mobius_CT_2.6_HighFive/docs/phantoms/tasks/PHANTOM-M1-CHECKPOINT-RECOVERY-025/evidence/FINAL_R4_D_A/0097-SNAPSHOT_PHANTOMS.xml	21435	38a37551deff040fd51840101ed428931707dc63ee6cb46ff07427ce0861c842	False
L2J_Mobius_CT_2.6_HighFive/docs/phantoms/tasks/PHANTOM-M1-CHECKPOINT-RECOVERY-025/evidence/FINAL_R4_D_A/0098-SNAPSHOT_PHANTOMS.json	22707	5d7c517449305c9dfe547e40b930ae37cfd2a4aa7ab315002e066176f65d66d1	False
L2J_Mobius_CT_2.6_HighFive/docs/phantoms/tasks/PHANTOM-M1-CHECKPOINT-RECOVERY-025/evidence/FINAL_R4_D_A/0098-SNAPSHOT_PHANTOMS.xml	21563	b7dd8b740f6deff4a96a5bf7905d350379b9bc5596ddcf74a281a94c2b730dac	False
L2J_Mobius_CT_2.6_HighFive/docs/phantoms/tasks/PHANTOM-M1-CHECKPOINT-RECOVERY-025/evidence/FINAL_R4_D_A/0099-SNAPSHOT_PHANTOMS.json	22662	61d17b42909bf7170f97c1aa7aec45f5b5aec49ddf674aba6c73ba8792f5807f	False
L2J_Mobius_CT_2.6_HighFive/docs/phantoms/tasks/PHANTOM-M1-CHECKPOINT-RECOVERY-025/evidence/FINAL_R4_D_A/0099-SNAPSHOT_PHANTOMS.xml	21518	5177e84cc5260eff12caf99d264da2d05ac943a4173d66ea4cc8b4ef0e310567	False
L2J_Mobius_CT_2.6_HighFive/docs/phantoms/tasks/PHANTOM-M1-CHECKPOINT-RECOVERY-025/evidence/FINAL_R4_D_A/0100-SNAPSHOT_PHANTOMS.json	22592	b4eaf43ec6d39830b450f0c6501bc8f09c024efd5366ab2979d9b9c3ff058e1f	False
L2J_Mobius_CT_2.6_HighFive/docs/phantoms/tasks/PHANTOM-M1-CHECKPOINT-RECOVERY-025/evidence/FINAL_R4_D_A/0100-SNAPSHOT_PHANTOMS.xml	21448	dbff1dc9717045f57506182c1af7d86007c525179f5ec787f9848e862087cdc9	False
L2J_Mobius_CT_2.6_HighFive/docs/phantoms/tasks/PHANTOM-M1-CHECKPOINT-RECOVERY-025/evidence/FINAL_R4_D_A/0101-SNAPSHOT_PHANTOMS.json	22477	a2f1ab6e8e0829cc000c7030ce6fd8331f84721d458a8d3ec386a96e55f9da57	False
L2J_Mobius_CT_2.6_HighFive/docs/phantoms/tasks/PHANTOM-M1-CHECKPOINT-RECOVERY-025/evidence/FINAL_R4_D_A/0101-SNAPSHOT_PHANTOMS.xml	21333	1ac4acc2a68fc86f2f2ce57448773737cd65c7c6c8ebdcf3817ee5e8abd26b33	False
L2J_Mobius_CT_2.6_HighFive/docs/phantoms/tasks/PHANTOM-M1-CHECKPOINT-RECOVERY-025/evidence/FINAL_R4_D_A/0102-SNAPSHOT_PHANTOMS.json	22501	852d00870a97d9efcbfa255a0c74b5e6ea4f5be85acec33d62876af590ee9c68	False
L2J_Mobius_CT_2.6_HighFive/docs/phantoms/tasks/PHANTOM-M1-CHECKPOINT-RECOVERY-025/evidence/FINAL_R4_D_A/0102-SNAPSHOT_PHANTOMS.xml	21357	efbe949ccf43d2d334f72307f0b01ed395f144e3d97fbe491e42991d236fb832	False
L2J_Mobius_CT_2.6_HighFive/docs/phantoms/tasks/PHANTOM-M1-CHECKPOINT-RECOVERY-025/evidence/FINAL_R4_D_A/0103-SNAPSHOT_PHANTOMS.json	22486	1d1cadc9cf892e7fee7fa17288816c1693a26987794aef807bb987db9ef9c0b0	False
L2J_Mobius_CT_2.6_HighFive/docs/phantoms/tasks/PHANTOM-M1-CHECKPOINT-RECOVERY-025/evidence/FINAL_R4_D_A/0103-SNAPSHOT_PHANTOMS.xml	21342	3687394fc0d057e2a242897c824a0196ba020d30617fe02ce70b42d95d1d8f49	False
L2J_Mobius_CT_2.6_HighFive/docs/phantoms/tasks/PHANTOM-M1-CHECKPOINT-RECOVERY-025/evidence/FINAL_R4_D_A/0104-SNAPSHOT_PHANTOMS.json	22291	d59108dec508517e0bf49dc0e8490a15040b0313ed258e2e1cb6872f1481d712	False
L2J_Mobius_CT_2.6_HighFive/docs/phantoms/tasks/PHANTOM-M1-CHECKPOINT-RECOVERY-025/evidence/FINAL_R4_D_A/0104-SNAPSHOT_PHANTOMS.xml	21161	e081f4d8e69941fc8a0a576a1177da80a7fe819a9263b1cadb3d292627546408	False
L2J_Mobius_CT_2.6_HighFive/docs/phantoms/tasks/PHANTOM-M1-CHECKPOINT-RECOVERY-025/evidence/FINAL_R4_D_A/0105-SNAPSHOT_PHANTOMS.json	22238	723adac903b52cd272217fa5c5f7a63f08d108db8fbe3b390eb9e06ac03486a9	False
L2J_Mobius_CT_2.6_HighFive/docs/phantoms/tasks/PHANTOM-M1-CHECKPOINT-RECOVERY-025/evidence/FINAL_R4_D_A/0105-SNAPSHOT_PHANTOMS.xml	21108	865a5be9076e2b300bf341228a664c01efc6231e813deeeadd4714364fc99c91	False
L2J_Mobius_CT_2.6_HighFive/docs/phantoms/tasks/PHANTOM-M1-CHECKPOINT-RECOVERY-025/evidence/FINAL_R4_D_A/0106-SNAPSHOT_PHANTOMS.json	22143	a356bf3a12288663f9a757addb8a0423f339d20b25575b7e0055ed2e33a0dacc	False
L2J_Mobius_CT_2.6_HighFive/docs/phantoms/tasks/PHANTOM-M1-CHECKPOINT-RECOVERY-025/evidence/FINAL_R4_D_A/0106-SNAPSHOT_PHANTOMS.xml	21013	eddb0684648809f61fb5b728428903cda7282ee63bc9cfb50b08ca18110c7980	False
L2J_Mobius_CT_2.6_HighFive/docs/phantoms/tasks/PHANTOM-M1-CHECKPOINT-RECOVERY-025/evidence/FINAL_R4_D_A/0107-SNAPSHOT_PHANTOMS.json	22149	f9d814622c6b71c7f7021c16ede0b11f53bd5015e7146f61a7571c778f51d5c9	False
L2J_Mobius_CT_2.6_HighFive/docs/phantoms/tasks/PHANTOM-M1-CHECKPOINT-RECOVERY-025/evidence/FINAL_R4_D_A/0107-SNAPSHOT_PHANTOMS.xml	21019	46f30afc19ee1efc0a7e6f66641a45f35d4ad66ecc21f9c5c8612951948b1a1b	False
L2J_Mobius_CT_2.6_HighFive/docs/phantoms/tasks/PHANTOM-M1-CHECKPOINT-RECOVERY-025/evidence/FINAL_R4_D_A/0108-SNAPSHOT_PHANTOMS.json	22286	19ca99f3fa29ccf315358344ff02ee784a4a06269e7627cad4eb44f7577ff633	False
L2J_Mobius_CT_2.6_HighFive/docs/phantoms/tasks/PHANTOM-M1-CHECKPOINT-RECOVERY-025/evidence/FINAL_R4_D_A/0108-SNAPSHOT_PHANTOMS.xml	21156	535566548a90d5da718d95c41d5c57aae60bf3aae1dafb6c54b3a32f1ba1e5a6	False
L2J_Mobius_CT_2.6_HighFive/docs/phantoms/tasks/PHANTOM-M1-CHECKPOINT-RECOVERY-025/evidence/FINAL_R4_D_A/0109-SNAPSHOT_PHANTOMS.json	22155	f8ad802dc7236a894e4c46e30ea036e9cc032d68ea3e654b9cba313d30a036f6	False
L2J_Mobius_CT_2.6_HighFive/docs/phantoms/tasks/PHANTOM-M1-CHECKPOINT-RECOVERY-025/evidence/FINAL_R4_D_A/0109-SNAPSHOT_PHANTOMS.xml	21025	a41ef93109eb1c20235449914278437ac12cb4ea9a097893c51c05fdd69434cb	False
L2J_Mobius_CT_2.6_HighFive/docs/phantoms/tasks/PHANTOM-M1-CHECKPOINT-RECOVERY-025/evidence/FINAL_R4_D_A/0110-SNAPSHOT_PHANTOMS.json	22407	6fefb8f88c373496c22aa6ca33bda07be1915711536acebc65ef5ed4c57be129	False
L2J_Mobius_CT_2.6_HighFive/docs/phantoms/tasks/PHANTOM-M1-CHECKPOINT-RECOVERY-025/evidence/FINAL_R4_D_A/0110-SNAPSHOT_PHANTOMS.xml	21277	7507f206c120eb4457ea59e0c3a52b0f56a31151836e8cfeb0e43e04eb5897ed	False
L2J_Mobius_CT_2.6_HighFive/docs/phantoms/tasks/PHANTOM-M1-CHECKPOINT-RECOVERY-025/evidence/FINAL_R4_D_A/0111-SNAPSHOT_PHANTOMS.json	22247	06d7edd109647258a9bb59b2a6bab5e7bb6a483c8337605d20b5528f1152caba	False
L2J_Mobius_CT_2.6_HighFive/docs/phantoms/tasks/PHANTOM-M1-CHECKPOINT-RECOVERY-025/evidence/FINAL_R4_D_A/0111-SNAPSHOT_PHANTOMS.xml	21117	2f966b8f510bbe8cffa108b1f719088c05c55f19989167cd17334a6afb003d9e	False
L2J_Mobius_CT_2.6_HighFive/docs/phantoms/tasks/PHANTOM-M1-CHECKPOINT-RECOVERY-025/evidence/FINAL_R4_D_A/0112-SNAPSHOT_PHANTOMS.json	22306	ecef10853259173f5cb712dd5d84208706f6733191b48367befafc2263cd3877	False
L2J_Mobius_CT_2.6_HighFive/docs/phantoms/tasks/PHANTOM-M1-CHECKPOINT-RECOVERY-025/evidence/FINAL_R4_D_A/0112-SNAPSHOT_PHANTOMS.xml	21176	439ed4dadb53c83ad03583150c40ab1ea25aa369ee007f69069bb0b394fd6f8f	False
L2J_Mobius_CT_2.6_HighFive/docs/phantoms/tasks/PHANTOM-M1-CHECKPOINT-RECOVERY-025/evidence/FINAL_R4_D_A/0113-SNAPSHOT_PHANTOMS.json	22676	963915e88f6be551478934d03fe27bb6073f8b29f316322c8b90849f0b900932	False
L2J_Mobius_CT_2.6_HighFive/docs/phantoms/tasks/PHANTOM-M1-CHECKPOINT-RECOVERY-025/evidence/FINAL_R4_D_A/0113-SNAPSHOT_PHANTOMS.xml	21532	8c8a139bfd9d41308e1ea4ca4feb4e4a3ec76b5e7f8e08b655d383cf3c1e62ef	False
L2J_Mobius_CT_2.6_HighFive/docs/phantoms/tasks/PHANTOM-M1-CHECKPOINT-RECOVERY-025/evidence/FINAL_R4_D_A/0114-SNAPSHOT_PHANTOMS.json	22512	d43caed3359826382a1f8c95e54326b4f93dfb25bff707a5c845d5364b55ce4e	False
L2J_Mobius_CT_2.6_HighFive/docs/phantoms/tasks/PHANTOM-M1-CHECKPOINT-RECOVERY-025/evidence/FINAL_R4_D_A/0114-SNAPSHOT_PHANTOMS.xml	21368	ff138006c2a29a86149f02b8f762697f7a8002d6b8056b74e24b71d2680e5fca	False
L2J_Mobius_CT_2.6_HighFive/docs/phantoms/tasks/PHANTOM-M1-CHECKPOINT-RECOVERY-025/evidence/FINAL_R4_D_A/0115-SNAPSHOT_PHANTOMS.json	22692	397b336d0bd22b666946169541afc93b9fe2d1d9667ba8b6429e6fc1c9953a2d	False
L2J_Mobius_CT_2.6_HighFive/docs/phantoms/tasks/PHANTOM-M1-CHECKPOINT-RECOVERY-025/evidence/FINAL_R4_D_A/0115-SNAPSHOT_PHANTOMS.xml	21548	2d435bf50266ffa2acd03a11798f8c3b9cfcd45e499d90bcbec3e9c9dd79ac8a	False
L2J_Mobius_CT_2.6_HighFive/docs/phantoms/tasks/PHANTOM-M1-CHECKPOINT-RECOVERY-025/evidence/FINAL_R4_D_A/0116-SNAPSHOT_PHANTOMS.json	22667	cdaaeaf064c8b5f9eb30639bc28b690f015e35ae534d95e629fa8b2c0d026af8	False
L2J_Mobius_CT_2.6_HighFive/docs/phantoms/tasks/PHANTOM-M1-CHECKPOINT-RECOVERY-025/evidence/FINAL_R4_D_A/0116-SNAPSHOT_PHANTOMS.xml	21523	69b550783804a0780ecc9c7344348fd93d0df8372e29ce32527dfd726d6abbfd	False
L2J_Mobius_CT_2.6_HighFive/docs/phantoms/tasks/PHANTOM-M1-CHECKPOINT-RECOVERY-025/evidence/FINAL_R4_D_A/0117-SNAPSHOT_PHANTOMS.json	22627	8b8dbcf1c9d223052ab84b1d91a108e369b491ac338856f7a8f585896d77f58c	False
L2J_Mobius_CT_2.6_HighFive/docs/phantoms/tasks/PHANTOM-M1-CHECKPOINT-RECOVERY-025/evidence/FINAL_R4_D_A/0117-SNAPSHOT_PHANTOMS.xml	21483	3a572614bfee4e2915869ad72bc5a7375338eab46312e929f941a63900dc6983	False
L2J_Mobius_CT_2.6_HighFive/docs/phantoms/tasks/PHANTOM-M1-CHECKPOINT-RECOVERY-025/evidence/FINAL_R4_D_A/0118-SNAPSHOT_PHANTOMS.json	22475	ab57d1ffaa4f2c8d64b5220bab08c672069a805058f761e6901573373899576a	False
L2J_Mobius_CT_2.6_HighFive/docs/phantoms/tasks/PHANTOM-M1-CHECKPOINT-RECOVERY-025/evidence/FINAL_R4_D_A/0118-SNAPSHOT_PHANTOMS.xml	21331	f6301a5a78a5ac63f5e18cce568be437ee58d6bf3147226681d37b24a0b3a5bf	False
L2J_Mobius_CT_2.6_HighFive/docs/phantoms/tasks/PHANTOM-M1-CHECKPOINT-RECOVERY-025/evidence/FINAL_R4_D_A/0119-SNAPSHOT_PHANTOMS.json	22475	a3475cc0fa7fb9eeff2fa8f519e6dc2b89d7ef1c52008bbd6aba68469ce5092e	False
L2J_Mobius_CT_2.6_HighFive/docs/phantoms/tasks/PHANTOM-M1-CHECKPOINT-RECOVERY-025/evidence/FINAL_R4_D_A/0119-SNAPSHOT_PHANTOMS.xml	21331	c4e48cafefea8c7079e7301988053a10f7a0a1b79feacbb181e083ddf22a26ca	False
L2J_Mobius_CT_2.6_HighFive/docs/phantoms/tasks/PHANTOM-M1-CHECKPOINT-RECOVERY-025/evidence/FINAL_R4_D_A/0120-SNAPSHOT_PHANTOMS.json	22475	e7626a01169552aad864ed4ece9ebd24d3b4a4c68cc593ca3521c46744b63e46	False
L2J_Mobius_CT_2.6_HighFive/docs/phantoms/tasks/PHANTOM-M1-CHECKPOINT-RECOVERY-025/evidence/FINAL_R4_D_A/0120-SNAPSHOT_PHANTOMS.xml	21331	d06f1a5dc3ef16f5827e00f1dfcf97fd5090912095ccf9efed0522ba5b4102b3	False
L2J_Mobius_CT_2.6_HighFive/docs/phantoms/tasks/PHANTOM-M1-CHECKPOINT-RECOVERY-025/evidence/FINAL_R4_D_A/0121-SNAPSHOT_PHANTOMS.json	22435	8134ad5026ae60e758382c8035a2960c9a522ae1a6e0dc8dfd184cbd6838f286	False
L2J_Mobius_CT_2.6_HighFive/docs/phantoms/tasks/PHANTOM-M1-CHECKPOINT-RECOVERY-025/evidence/FINAL_R4_D_A/0121-SNAPSHOT_PHANTOMS.xml	21291	674f22eb39f9d294c24b29c1f072759da5db276b39a8f4884b1872051254d06d	False
L2J_Mobius_CT_2.6_HighFive/docs/phantoms/tasks/PHANTOM-M1-CHECKPOINT-RECOVERY-025/evidence/FINAL_R4_D_A/0122-SNAPSHOT_PHANTOMS.json	22431	36a90d61d9dffba7b69469b75e10c23f2f666145113e371f146574eee601a837	False
L2J_Mobius_CT_2.6_HighFive/docs/phantoms/tasks/PHANTOM-M1-CHECKPOINT-RECOVERY-025/evidence/FINAL_R4_D_A/0122-SNAPSHOT_PHANTOMS.xml	21287	9e6d0f50ee65e3309927be859f6398d36ccded082a6f5937d463df31bd48197c	False
L2J_Mobius_CT_2.6_HighFive/docs/phantoms/tasks/PHANTOM-M1-CHECKPOINT-RECOVERY-025/evidence/FINAL_R4_D_A/0123-SNAPSHOT_PHANTOMS.json	22537	079597927ebfb31ec5ed4c282cab2d1f70cc9182bd7b43a9ae6c1dc158e732a7	False
L2J_Mobius_CT_2.6_HighFive/docs/phantoms/tasks/PHANTOM-M1-CHECKPOINT-RECOVERY-025/evidence/FINAL_R4_D_A/0123-SNAPSHOT_PHANTOMS.xml	21393	dde1936ab10af9247902e6897101e51247dee95983143bd785061b7b4facde74	False
L2J_Mobius_CT_2.6_HighFive/docs/phantoms/tasks/PHANTOM-M1-CHECKPOINT-RECOVERY-025/evidence/FINAL_R4_D_A/0124-SNAPSHOT_PHANTOMS.json	22597	bf3ba073e7545d119051fa94768a8721a99b91f3aaba454dccdcf7e6807f43b9	False
L2J_Mobius_CT_2.6_HighFive/docs/phantoms/tasks/PHANTOM-M1-CHECKPOINT-RECOVERY-025/evidence/FINAL_R4_D_A/0124-SNAPSHOT_PHANTOMS.xml	21453	e9e5acc61fbdb248780d063f4de1cecfc8f77e79db7e8db285bb413138334bd6	False
L2J_Mobius_CT_2.6_HighFive/docs/phantoms/tasks/PHANTOM-M1-CHECKPOINT-RECOVERY-025/evidence/FINAL_R4_D_A/0125-SNAPSHOT_PHANTOMS.json	22604	fc17a885c9d1585c7e6e4395c542c2c255d9b756dd149f13b18888dad18b2642	False
L2J_Mobius_CT_2.6_HighFive/docs/phantoms/tasks/PHANTOM-M1-CHECKPOINT-RECOVERY-025/evidence/FINAL_R4_D_A/0125-SNAPSHOT_PHANTOMS.xml	21460	79d7fb53b0bedb43e777f4fd0261ec3df1d864cdc3760200531d60725246dff4	False
L2J_Mobius_CT_2.6_HighFive/docs/phantoms/tasks/PHANTOM-M1-CHECKPOINT-RECOVERY-025/evidence/FINAL_R4_D_A/0126-SNAPSHOT_PHANTOMS.json	22513	ba2128f46d5f906980b6d8609d8a950438a792fe0ea7d0905b94d6eef87a193e	False
L2J_Mobius_CT_2.6_HighFive/docs/phantoms/tasks/PHANTOM-M1-CHECKPOINT-RECOVERY-025/evidence/FINAL_R4_D_A/0126-SNAPSHOT_PHANTOMS.xml	21369	450425b3d29715bbcb84a0420244956cfba33d0d0971d010cfe658c8260ded7c	False
L2J_Mobius_CT_2.6_HighFive/docs/phantoms/tasks/PHANTOM-M1-CHECKPOINT-RECOVERY-025/evidence/FINAL_R4_D_A/0127-SNAPSHOT_PHANTOMS.json	22534	25429b98804db6ac7e827720befd00698d49813d7ee2f9ea3c2f606056af4b4f	False
L2J_Mobius_CT_2.6_HighFive/docs/phantoms/tasks/PHANTOM-M1-CHECKPOINT-RECOVERY-025/evidence/FINAL_R4_D_A/0127-SNAPSHOT_PHANTOMS.xml	21390	ecc370479b89ec018240e157097fdfafd073f8bb5982e6b5b138e06da32e318e	False
L2J_Mobius_CT_2.6_HighFive/docs/phantoms/tasks/PHANTOM-M1-CHECKPOINT-RECOVERY-025/evidence/FINAL_R4_D_A/0128-SNAPSHOT_PHANTOMS.json	22734	834d1bff4f653fa7e32898e197b8be306893f2da4e1bfcbea1b1c4ca9dc2fd80	False
L2J_Mobius_CT_2.6_HighFive/docs/phantoms/tasks/PHANTOM-M1-CHECKPOINT-RECOVERY-025/evidence/FINAL_R4_D_A/0128-SNAPSHOT_PHANTOMS.xml	21590	94ad638d27442fa34cb24df77bbc53473ad2deac5231627e83c4f284a14ca537	False
L2J_Mobius_CT_2.6_HighFive/docs/phantoms/tasks/PHANTOM-M1-CHECKPOINT-RECOVERY-025/evidence/FINAL_R4_D_A/0129-SNAPSHOT_PHANTOMS.json	22523	49a2b44438229bf4cf5f309dafc915b3a432d6fdd0203fb63283a1b3a01e1ec6	False
L2J_Mobius_CT_2.6_HighFive/docs/phantoms/tasks/PHANTOM-M1-CHECKPOINT-RECOVERY-025/evidence/FINAL_R4_D_A/0129-SNAPSHOT_PHANTOMS.xml	21379	8cb6c3df54a2e9cc1146835a3e03723f6d152c139e3252fe08135ac234ba18d3	False
L2J_Mobius_CT_2.6_HighFive/docs/phantoms/tasks/PHANTOM-M1-CHECKPOINT-RECOVERY-025/evidence/FINAL_R4_D_A/0130-SNAPSHOT_PHANTOMS.json	22156	f73267a1c6b719d1ca8bc413bf19d6a46d904e250a45822499befe239273be2d	False
L2J_Mobius_CT_2.6_HighFive/docs/phantoms/tasks/PHANTOM-M1-CHECKPOINT-RECOVERY-025/evidence/FINAL_R4_D_A/0130-SNAPSHOT_PHANTOMS.xml	21026	a30c0e7c770d179fbcfc9d593e46af36799366791e49ff6591a900b8a01f9fb8	False
L2J_Mobius_CT_2.6_HighFive/docs/phantoms/tasks/PHANTOM-M1-CHECKPOINT-RECOVERY-025/evidence/FINAL_R4_D_A/0131-SNAPSHOT_PHANTOMS.json	22188	8cf7e01c5008ba01210f799483aec840a34154b573f876ffb4d8d97b78ed5bb6	False
L2J_Mobius_CT_2.6_HighFive/docs/phantoms/tasks/PHANTOM-M1-CHECKPOINT-RECOVERY-025/evidence/FINAL_R4_D_A/0131-SNAPSHOT_PHANTOMS.xml	21058	d9e436417cd6406e10c16d1c1c4e13031d19fc57cf8a0db2dd40e0b95110d5b8	False
L2J_Mobius_CT_2.6_HighFive/docs/phantoms/tasks/PHANTOM-M1-CHECKPOINT-RECOVERY-025/evidence/FINAL_R4_D_A/0132-SNAPSHOT_PHANTOMS.json	22185	a5d650e61d28bafb7b0e4120ddd3c99febae5f04b752edca3614a8ef9fc62702	False
L2J_Mobius_CT_2.6_HighFive/docs/phantoms/tasks/PHANTOM-M1-CHECKPOINT-RECOVERY-025/evidence/FINAL_R4_D_A/0132-SNAPSHOT_PHANTOMS.xml	21055	8ad0a1d9b3735c4025c416082df98e81a5ef089c474087f1f030a1cdce9a2685	False
L2J_Mobius_CT_2.6_HighFive/docs/phantoms/tasks/PHANTOM-M1-CHECKPOINT-RECOVERY-025/evidence/FINAL_R4_D_A/0133-SNAPSHOT_PHANTOMS.json	22282	b0e23d2cc1cf3cf5e9e7ed1fa94e1aaa5ecdc9cb267b8bb6963077cdcb79a539	False
L2J_Mobius_CT_2.6_HighFive/docs/phantoms/tasks/PHANTOM-M1-CHECKPOINT-RECOVERY-025/evidence/FINAL_R4_D_A/0133-SNAPSHOT_PHANTOMS.xml	21152	3d25531fedb306b4409653ea10c1013ed6d3b76ed4bc31783bc7ef878b07f729	False
L2J_Mobius_CT_2.6_HighFive/docs/phantoms/tasks/PHANTOM-M1-CHECKPOINT-RECOVERY-025/evidence/FINAL_R4_D_A/0134-SNAPSHOT_PHANTOMS.json	22209	f971378330a4b64dce83f4f2b8a3a9faca6755a76d0541e46b2db54d93d6f60b	False
L2J_Mobius_CT_2.6_HighFive/docs/phantoms/tasks/PHANTOM-M1-CHECKPOINT-RECOVERY-025/evidence/FINAL_R4_D_A/0134-SNAPSHOT_PHANTOMS.xml	21079	07ea9153f8c7ba1abf955d1feae760b3f7b8acd48d10aad944e7d85eec8892f4	False
L2J_Mobius_CT_2.6_HighFive/docs/phantoms/tasks/PHANTOM-M1-CHECKPOINT-RECOVERY-025/evidence/FINAL_R4_D_A/0135-SNAPSHOT_PHANTOMS.json	16612	d7df364e545f7857ff1ecccf6a89f53dd611f6a0d4063539114c5854d130115a	False
L2J_Mobius_CT_2.6_HighFive/docs/phantoms/tasks/PHANTOM-M1-CHECKPOINT-RECOVERY-025/evidence/FINAL_R4_D_A/0135-SNAPSHOT_PHANTOMS.xml	15740	f8b6b0047c5e94ddeec3e63c22ae3af515316240ae26cbbdbc0578a9256a1877	False
L2J_Mobius_CT_2.6_HighFive/docs/phantoms/tasks/PHANTOM-M1-CHECKPOINT-RECOVERY-025/evidence/FINAL_R4_D_A/0136-SNAPSHOT_PHANTOMS.json	16547	9d19d5d389ffe27a4212d1e756bb448fd11149626217eb243cad997aa28f7b29	False
L2J_Mobius_CT_2.6_HighFive/docs/phantoms/tasks/PHANTOM-M1-CHECKPOINT-RECOVERY-025/evidence/FINAL_R4_D_A/0136-SNAPSHOT_PHANTOMS.xml	15675	624a3771faf0f3fa999430e0fa4c1e8d216dcdf05bae9c0e3a73b15fda863729	False
L2J_Mobius_CT_2.6_HighFive/docs/phantoms/tasks/PHANTOM-M1-CHECKPOINT-RECOVERY-025/evidence/FINAL_R4_D_A/0137-SNAPSHOT_PHANTOMS.json	16697	15d690639d24f976f00986482c5a1654b2732de724fa728608e3ac58c123609c	False
L2J_Mobius_CT_2.6_HighFive/docs/phantoms/tasks/PHANTOM-M1-CHECKPOINT-RECOVERY-025/evidence/FINAL_R4_D_A/0137-SNAPSHOT_PHANTOMS.xml	15825	70a8cb4ea200a0803af96797b6b39e41ce643f7d829fc5cf0c125471305aeb62	False
L2J_Mobius_CT_2.6_HighFive/docs/phantoms/tasks/PHANTOM-M1-CHECKPOINT-RECOVERY-025/evidence/FINAL_R4_D_A/0138-SNAPSHOT_PHANTOMS.json	16547	854a60239d6ee0caabe3b9590062a4e7b8ec732540ea53b02ea7a60640a27a9b	False
L2J_Mobius_CT_2.6_HighFive/docs/phantoms/tasks/PHANTOM-M1-CHECKPOINT-RECOVERY-025/evidence/FINAL_R4_D_A/0138-SNAPSHOT_PHANTOMS.xml	15675	82e81f8257669babb4d6110ca03603653d5f0b8bdbd7a0e19d44cb2e69a07981	False
L2J_Mobius_CT_2.6_HighFive/docs/phantoms/tasks/PHANTOM-M1-CHECKPOINT-RECOVERY-025/evidence/FINAL_R4_D_A/0139-SNAPSHOT_PHANTOMS.json	16299	76236d06a5db9d62de3d830278e074b2c4511a28822a7cac0c5de2723024b024	False
L2J_Mobius_CT_2.6_HighFive/docs/phantoms/tasks/PHANTOM-M1-CHECKPOINT-RECOVERY-025/evidence/FINAL_R4_D_A/0139-SNAPSHOT_PHANTOMS.xml	15441	dab3bc9f0c3edda3bf48578abcc1ad773fdd672b4f9315cd32204753b47b3ddf	False
L2J_Mobius_CT_2.6_HighFive/docs/phantoms/tasks/PHANTOM-M1-CHECKPOINT-RECOVERY-025/evidence/FINAL_R4_D_A/0140-SNAPSHOT_PHANTOMS.json	16205	b0dbe0f2b3b32f2105a47d072ccc9dba8c6211645965cc909688a81a1181dcb9	False
L2J_Mobius_CT_2.6_HighFive/docs/phantoms/tasks/PHANTOM-M1-CHECKPOINT-RECOVERY-025/evidence/FINAL_R4_D_A/0140-SNAPSHOT_PHANTOMS.xml	15347	01bca71f64ba3b84ab85732439709dce5690e200d11b62fe8034fd9c194fe93a	False
L2J_Mobius_CT_2.6_HighFive/docs/phantoms/tasks/PHANTOM-M1-CHECKPOINT-RECOVERY-025/evidence/FINAL_R4_D_A/0141-SNAPSHOT_PHANTOMS.json	16234	ca9b6498c1297ec687142ba471d54d6b73a06b335f182f59ea96a99419931c53	False
L2J_Mobius_CT_2.6_HighFive/docs/phantoms/tasks/PHANTOM-M1-CHECKPOINT-RECOVERY-025/evidence/FINAL_R4_D_A/0141-SNAPSHOT_PHANTOMS.xml	15376	21ac9af24c068f8ee379eb9686d9273c7b8c4b9192aa46998459b4115900b53c	False
L2J_Mobius_CT_2.6_HighFive/docs/phantoms/tasks/PHANTOM-M1-CHECKPOINT-RECOVERY-025/evidence/FINAL_R4_D_A/0142-SNAPSHOT_PHANTOMS.json	16214	de3daee2f8c15f4e94a3adb1c2ccff04eaf2edca58743056073e29e1ab5e4315	False
L2J_Mobius_CT_2.6_HighFive/docs/phantoms/tasks/PHANTOM-M1-CHECKPOINT-RECOVERY-025/evidence/FINAL_R4_D_A/0142-SNAPSHOT_PHANTOMS.xml	15356	415839ca99b50f339345f30d08888fb5e2c3d621047d45edb76b6927c5a97805	False
L2J_Mobius_CT_2.6_HighFive/docs/phantoms/tasks/PHANTOM-M1-CHECKPOINT-RECOVERY-025/evidence/FINAL_R4_D_A/0143-SNAPSHOT_PHANTOMS.json	16203	3b546d142dd7871175655adf714dbc73d6c230990c728343ed71ef243cd63316	False
L2J_Mobius_CT_2.6_HighFive/docs/phantoms/tasks/PHANTOM-M1-CHECKPOINT-RECOVERY-025/evidence/FINAL_R4_D_A/0143-SNAPSHOT_PHANTOMS.xml	15345	7bd8f6d2a29794321ef4d16ab964e30b04d9ab546687a305dee75d7606238064	False
L2J_Mobius_CT_2.6_HighFive/docs/phantoms/tasks/PHANTOM-M1-CHECKPOINT-RECOVERY-025/evidence/FINAL_R4_D_A/0144-SNAPSHOT_PHANTOMS.json	16214	d03804f92f8a48963fb1cdc51631ac661b9ff6a79e6884a787d71b57a07867e1	False
L2J_Mobius_CT_2.6_HighFive/docs/phantoms/tasks/PHANTOM-M1-CHECKPOINT-RECOVERY-025/evidence/FINAL_R4_D_A/0144-SNAPSHOT_PHANTOMS.xml	15356	2703124c634b7497167db3149fd6850f86049db71058bd7fa048fe2c4a48b835	False
L2J_Mobius_CT_2.6_HighFive/docs/phantoms/tasks/PHANTOM-M1-CHECKPOINT-RECOVERY-025/evidence/FINAL_R4_D_A/0145-SNAPSHOT_PHANTOMS.json	16269	dad7e33c966bea4d2873ebae1c838eab9ab291b5e181381a7f9b1ad3cb6190a4	False
L2J_Mobius_CT_2.6_HighFive/docs/phantoms/tasks/PHANTOM-M1-CHECKPOINT-RECOVERY-025/evidence/FINAL_R4_D_A/0145-SNAPSHOT_PHANTOMS.xml	15411	a728375e90341066a1477f0ee666fd9b351762ee5f87c85f7214ed95952402c4	False
L2J_Mobius_CT_2.6_HighFive/docs/phantoms/tasks/PHANTOM-M1-CHECKPOINT-RECOVERY-025/evidence/FINAL_R4_D_A/0146-SNAPSHOT_PHANTOMS.json	16218	72ad8cd4d1bebc35febed29896a34743b709c845d8315d673fff6aeaa8ee2c04	False
L2J_Mobius_CT_2.6_HighFive/docs/phantoms/tasks/PHANTOM-M1-CHECKPOINT-RECOVERY-025/evidence/FINAL_R4_D_A/0146-SNAPSHOT_PHANTOMS.xml	15360	627cba81cad53cd92d6fc040c3c881ca379876984bb0ddb6561f01a9ff36beda	False
L2J_Mobius_CT_2.6_HighFive/docs/phantoms/tasks/PHANTOM-M1-CHECKPOINT-RECOVERY-025/evidence/FINAL_R4_D_A/0147-SNAPSHOT_PHANTOMS.json	16207	d1006ccaa50898b648ee6e0bf8b693e317611655acd99389aaed5dcb2990d3bc	False
L2J_Mobius_CT_2.6_HighFive/docs/phantoms/tasks/PHANTOM-M1-CHECKPOINT-RECOVERY-025/evidence/FINAL_R4_D_A/0147-SNAPSHOT_PHANTOMS.xml	15349	d5f091ec82f672eb6e9893701fc0129550b287fdd62ffd5222688070e3490c3f	False
L2J_Mobius_CT_2.6_HighFive/docs/phantoms/tasks/PHANTOM-M1-CHECKPOINT-RECOVERY-025/evidence/FINAL_R4_D_A/0148-SNAPSHOT_PHANTOMS.json	11385	24fb28f88e7477d872e90f9cba810284ff95db520acd3783229d58be75615500	False
L2J_Mobius_CT_2.6_HighFive/docs/phantoms/tasks/PHANTOM-M1-CHECKPOINT-RECOVERY-025/evidence/FINAL_R4_D_A/0148-SNAPSHOT_PHANTOMS.xml	10785	58440f58c316c38e15039bb12475acdac7eb8aeb5677e29fb694c03108fde4ff	False
L2J_Mobius_CT_2.6_HighFive/docs/phantoms/tasks/PHANTOM-M1-CHECKPOINT-RECOVERY-025/evidence/FINAL_R4_D_A/0149-SNAPSHOT_PHANTOMS.json	11389	99bc474aa6c717ec7e68eed9b45045721b625c00c76b8611087c6087def4eff9	False
L2J_Mobius_CT_2.6_HighFive/docs/phantoms/tasks/PHANTOM-M1-CHECKPOINT-RECOVERY-025/evidence/FINAL_R4_D_A/0149-SNAPSHOT_PHANTOMS.xml	10789	08995636dd42c01d79e54be16db22a6da8a106f18c39410b96f206a511332baf	False
L2J_Mobius_CT_2.6_HighFive/docs/phantoms/tasks/PHANTOM-M1-CHECKPOINT-RECOVERY-025/evidence/FINAL_R4_D_A/0150-SNAPSHOT_PHANTOMS.json	11389	ec5d4c532083dc30337c2dada46a2cb7d21534bbcbad992c14df15f70d43e3fd	False
L2J_Mobius_CT_2.6_HighFive/docs/phantoms/tasks/PHANTOM-M1-CHECKPOINT-RECOVERY-025/evidence/FINAL_R4_D_A/0150-SNAPSHOT_PHANTOMS.xml	10789	e76b6f2cc15bfef8bbed07dd1944a34b9b2359147a4a451763fe301a7ba98e15	False
L2J_Mobius_CT_2.6_HighFive/docs/phantoms/tasks/PHANTOM-M1-CHECKPOINT-RECOVERY-025/evidence/FINAL_R4_D_A/0151-SNAPSHOT_PHANTOMS.json	11389	98f325cc95556f3650833b87c4806b7c695ce36fc02b094bba9067d418038370	False
L2J_Mobius_CT_2.6_HighFive/docs/phantoms/tasks/PHANTOM-M1-CHECKPOINT-RECOVERY-025/evidence/FINAL_R4_D_A/0151-SNAPSHOT_PHANTOMS.xml	10789	292ca03d444059ef4b3a345d1f1e78fac5feb1637e6af1220621f02e53e53959	False
L2J_Mobius_CT_2.6_HighFive/docs/phantoms/tasks/PHANTOM-M1-CHECKPOINT-RECOVERY-025/evidence/FINAL_R4_D_A/0152-SNAPSHOT_PHANTOMS.json	11389	a41b69b265be63541735f334dce206e36e728e9f0a8dcf0de2ec36904ba2a6ce	False
L2J_Mobius_CT_2.6_HighFive/docs/phantoms/tasks/PHANTOM-M1-CHECKPOINT-RECOVERY-025/evidence/FINAL_R4_D_A/0152-SNAPSHOT_PHANTOMS.xml	10789	490841b274cbc5c1b66cadcad6c3bdba71314b36657e77ade22a483080902d30	False
L2J_Mobius_CT_2.6_HighFive/docs/phantoms/tasks/PHANTOM-M1-CHECKPOINT-RECOVERY-025/evidence/FINAL_R4_D_A/0153-SNAPSHOT_PHANTOMS.json	11389	c6affaa8c9089c7bfed5db0fc4bd0510b5c4cc41b9a1484fa2eef3b580948c0e	False
L2J_Mobius_CT_2.6_HighFive/docs/phantoms/tasks/PHANTOM-M1-CHECKPOINT-RECOVERY-025/evidence/FINAL_R4_D_A/0153-SNAPSHOT_PHANTOMS.xml	10789	e85640e2919ef11e5b33d34d010807ceda1a768a5e29e1f65493241e29ca0517	False
L2J_Mobius_CT_2.6_HighFive/docs/phantoms/tasks/PHANTOM-M1-CHECKPOINT-RECOVERY-025/evidence/FINAL_R4_D_A/0154-SNAPSHOT_PHANTOMS.json	11389	108f48b557cffadc7119e7685cf027262dc90011a921c605a4ca70c44bc70b1b	False
L2J_Mobius_CT_2.6_HighFive/docs/phantoms/tasks/PHANTOM-M1-CHECKPOINT-RECOVERY-025/evidence/FINAL_R4_D_A/0154-SNAPSHOT_PHANTOMS.xml	10789	8173987a03adce7fa19063596f6ed69c1544f02a9d81935e6c5df1e7b328a210	False
L2J_Mobius_CT_2.6_HighFive/docs/phantoms/tasks/PHANTOM-M1-CHECKPOINT-RECOVERY-025/evidence/FINAL_R4_D_A/0155-SNAPSHOT_PHANTOMS.json	11386	e2d5f83bf1b45c0f6dd0ce2c665c3af5913038e90d04b4738cdd754699e877ed	False
L2J_Mobius_CT_2.6_HighFive/docs/phantoms/tasks/PHANTOM-M1-CHECKPOINT-RECOVERY-025/evidence/FINAL_R4_D_A/0155-SNAPSHOT_PHANTOMS.xml	10786	f409139bd0cde02b6b87b0c613654373ca49c1b42c43253cbc77d3e013daac2f	False
L2J_Mobius_CT_2.6_HighFive/docs/phantoms/tasks/PHANTOM-M1-CHECKPOINT-RECOVERY-025/evidence/FINAL_R4_D_A/0156-SNAPSHOT_PHANTOMS.json	11386	9c4792fff9468f48139510c95692118fa0886cf6fc32cfaeda5234006c02b5cf	False
L2J_Mobius_CT_2.6_HighFive/docs/phantoms/tasks/PHANTOM-M1-CHECKPOINT-RECOVERY-025/evidence/FINAL_R4_D_A/0156-SNAPSHOT_PHANTOMS.xml	10786	e0712c2a794c5a4783139b13e4d237a211d91399b8f1be03ca175b61e2c75fab	False
L2J_Mobius_CT_2.6_HighFive/docs/phantoms/tasks/PHANTOM-M1-CHECKPOINT-RECOVERY-025/evidence/FINAL_R4_D_A/0157-SNAPSHOT_PHANTOMS.json	11389	3be4efcf5139909abf7f765ad41358ed2e6ddf3205b659fdae15ff2135c30ea4	False
L2J_Mobius_CT_2.6_HighFive/docs/phantoms/tasks/PHANTOM-M1-CHECKPOINT-RECOVERY-025/evidence/FINAL_R4_D_A/0157-SNAPSHOT_PHANTOMS.xml	10789	c182ad02101b78d5fdec6298f637a225afc1a57a09bc42448269875cb0547ca9	False
L2J_Mobius_CT_2.6_HighFive/docs/phantoms/tasks/PHANTOM-M1-CHECKPOINT-RECOVERY-025/evidence/FINAL_R4_D_A/0158-SNAPSHOT_PHANTOMS.json	11389	6eff1cfada3af5ed5df21025254d4ed8e7f33d5ef08f00ce4ae0446c92040c8b	False
L2J_Mobius_CT_2.6_HighFive/docs/phantoms/tasks/PHANTOM-M1-CHECKPOINT-RECOVERY-025/evidence/FINAL_R4_D_A/0158-SNAPSHOT_PHANTOMS.xml	10789	3f314b008a33af02fadd95e13e353af140d07248e7ca70687bfc52201a7b5929	False
L2J_Mobius_CT_2.6_HighFive/docs/phantoms/tasks/PHANTOM-M1-CHECKPOINT-RECOVERY-025/evidence/FINAL_R4_D_A/0159-SNAPSHOT_PHANTOMS.json	11389	95d7f3f17226e05195209b26afce14afe08cc41b44965a0ad65fbb283834afe9	False
L2J_Mobius_CT_2.6_HighFive/docs/phantoms/tasks/PHANTOM-M1-CHECKPOINT-RECOVERY-025/evidence/FINAL_R4_D_A/0159-SNAPSHOT_PHANTOMS.xml	10789	bcf0888d313410b29f0cd287284608933e8642744514a4194afec2c7f40728a5	False
L2J_Mobius_CT_2.6_HighFive/docs/phantoms/tasks/PHANTOM-M1-CHECKPOINT-RECOVERY-025/evidence/FINAL_R4_D_A/0160-SNAPSHOT_PHANTOMS.json	11386	444aa99ef0fa836de7ec14ad03f3b0954ff396856b17ef4e144ca0aecba0bfd4	False
L2J_Mobius_CT_2.6_HighFive/docs/phantoms/tasks/PHANTOM-M1-CHECKPOINT-RECOVERY-025/evidence/FINAL_R4_D_A/0160-SNAPSHOT_PHANTOMS.xml	10786	f062a0b4f34a843eb284178f65846da59c3e27774c95d8a2546a8dd5f0682a28	False
L2J_Mobius_CT_2.6_HighFive/docs/phantoms/tasks/PHANTOM-M1-CHECKPOINT-RECOVERY-025/evidence/FINAL_R4_D_A/0161-SNAPSHOT_PHANTOMS.json	11389	358bcfe5d04c295b2659bb7a6952550824927387a64af359c60073b972882c24	False
L2J_Mobius_CT_2.6_HighFive/docs/phantoms/tasks/PHANTOM-M1-CHECKPOINT-RECOVERY-025/evidence/FINAL_R4_D_A/0161-SNAPSHOT_PHANTOMS.xml	10789	22add85ba1bb272eacec543b213c582a4694b583845f3b9bdf8fba3f486c1f72	False
L2J_Mobius_CT_2.6_HighFive/docs/phantoms/tasks/PHANTOM-M1-CHECKPOINT-RECOVERY-025/evidence/FINAL_R4_D_A/0162-SNAPSHOT_PHANTOMS.json	11389	36040d9d46d8c10195aac73fbfca7ca86265520645d3b4d7c4a3d36634f7096e	False
L2J_Mobius_CT_2.6_HighFive/docs/phantoms/tasks/PHANTOM-M1-CHECKPOINT-RECOVERY-025/evidence/FINAL_R4_D_A/0162-SNAPSHOT_PHANTOMS.xml	10789	e8be6b855f189445ffcdda351a858d20aa0d9216f4c96c91fbd4dbafbcb10804	False
L2J_Mobius_CT_2.6_HighFive/docs/phantoms/tasks/PHANTOM-M1-CHECKPOINT-RECOVERY-025/evidence/FINAL_R4_D_A/all-samples.json	3328385	b3801cb6516335cd18b118fc2c42c27a7291c37fdd9bf730d456e1838e5b8f61	False
L2J_Mobius_CT_2.6_HighFive/docs/phantoms/tasks/PHANTOM-M1-CHECKPOINT-RECOVERY-025/evidence/FINAL_R4_D_A/baseline-cohort.json	39583	20badc2ea5a3e0b46de1aeeaa95c2fd10a2f06424353144e94a6af132cae3377	False
L2J_Mobius_CT_2.6_HighFive/docs/phantoms/tasks/PHANTOM-M1-CHECKPOINT-RECOVERY-025/evidence/FINAL_R4_D_A/baseline-inventory.tsv	7378	551a309d829fc37fad53d35aadb01a16694bb0efc19d1bc781356ee43a4903df	False
L2J_Mobius_CT_2.6_HighFive/docs/phantoms/tasks/PHANTOM-M1-CHECKPOINT-RECOVERY-025/evidence/FINAL_R4_D_A/cohort-002.json	42447	294104fa7184846008c6be2d1ba257873edec11dde8afd846a4199eafd4d43a4	False
L2J_Mobius_CT_2.6_HighFive/docs/phantoms/tasks/PHANTOM-M1-CHECKPOINT-RECOVERY-025/evidence/FINAL_R4_D_A/cohort-003.json	42429	c0801949ceee3931f6b9b3d02235dfc14f22f5cfcf2a0709de9b56973fc2d26e	False
L2J_Mobius_CT_2.6_HighFive/docs/phantoms/tasks/PHANTOM-M1-CHECKPOINT-RECOVERY-025/evidence/FINAL_R4_D_A/cohort-004.json	40063	fcca656a460c475f7631e8fe209f2433c8181a0b9843604980bc736a7b72d739	False
L2J_Mobius_CT_2.6_HighFive/docs/phantoms/tasks/PHANTOM-M1-CHECKPOINT-RECOVERY-025/evidence/FINAL_R4_D_A/cohort-005.json	40098	c5fc231bd17b1f7671441359807ac5062790d85f7f90e2af649b62c901585285	False
L2J_Mobius_CT_2.6_HighFive/docs/phantoms/tasks/PHANTOM-M1-CHECKPOINT-RECOVERY-025/evidence/FINAL_R4_D_A/cohort-006.json	39985	b54b3eec8fb0e7c716e0362e6b47697b7697b0b509730246e232adfbd4e8790b	False
L2J_Mobius_CT_2.6_HighFive/docs/phantoms/tasks/PHANTOM-M1-CHECKPOINT-RECOVERY-025/evidence/FINAL_R4_D_A/cohort-007.json	40857	4ca54603989842f612b48204086e191d98be13b457c9d2d179e3c993e6714d6d	False
L2J_Mobius_CT_2.6_HighFive/docs/phantoms/tasks/PHANTOM-M1-CHECKPOINT-RECOVERY-025/evidence/FINAL_R4_D_A/cohort-008.json	41901	7a12927ef515caf5a2e33beee91c29afa99095a971e348ec9fae463d416b41d9	False
L2J_Mobius_CT_2.6_HighFive/docs/phantoms/tasks/PHANTOM-M1-CHECKPOINT-RECOVERY-025/evidence/FINAL_R4_D_A/cohort-009.json	42490	0a5902e2fcc24677d67b0ee11083d907247c905a74188d8264af7164f6202267	False
L2J_Mobius_CT_2.6_HighFive/docs/phantoms/tasks/PHANTOM-M1-CHECKPOINT-RECOVERY-025/evidence/FINAL_R4_D_A/cohort-010.json	42275	85596fcc6b8378a5c15bff73339b7cde8c53efee677e6f3178115b8fb4bdca9e	False
L2J_Mobius_CT_2.6_HighFive/docs/phantoms/tasks/PHANTOM-M1-CHECKPOINT-RECOVERY-025/evidence/FINAL_R4_D_A/cohort-011.json	43016	e98b8e471ea4dcf991c466e3bafeaee905f18c143269518aa7b9fbae1259427e	False
L2J_Mobius_CT_2.6_HighFive/docs/phantoms/tasks/PHANTOM-M1-CHECKPOINT-RECOVERY-025/evidence/FINAL_R4_D_A/cohort-012.json	42722	7aa87aec9eb754eddf06a458b3849e7bb3e584a477bb55085600106e14a73e46	False
L2J_Mobius_CT_2.6_HighFive/docs/phantoms/tasks/PHANTOM-M1-CHECKPOINT-RECOVERY-025/evidence/FINAL_R4_D_A/cohort-013.json	42586	5a5632b55fdcdf39266e880d2283b7845f6e66612ec3fd4cfed651e4015112b2	False
L2J_Mobius_CT_2.6_HighFive/docs/phantoms/tasks/PHANTOM-M1-CHECKPOINT-RECOVERY-025/evidence/FINAL_R4_D_A/cohort-014.json	42549	f49cc44de2e05a7cd6cce3b982fbfede53c2661b5da3e18b6ed2c01146830b35	False
L2J_Mobius_CT_2.6_HighFive/docs/phantoms/tasks/PHANTOM-M1-CHECKPOINT-RECOVERY-025/evidence/FINAL_R4_D_A/cohort-015.json	42527	4b89aa07091da32bda38411e2067598c9b47f6cef10c51d1dd0fc119a3992b7e	False
L2J_Mobius_CT_2.6_HighFive/docs/phantoms/tasks/PHANTOM-M1-CHECKPOINT-RECOVERY-025/evidence/FINAL_R4_D_A/cohort-016.json	42532	4e2f92b14cd0bc612ea211963a2f89f368ac8c80a1cb3c6da58eb260fd25c40b	False
L2J_Mobius_CT_2.6_HighFive/docs/phantoms/tasks/PHANTOM-M1-CHECKPOINT-RECOVERY-025/evidence/FINAL_R4_D_A/cohort-017.json	42541	6f2a6909c20ec89b9142ee0517bd32c6d57d52fa6436ea56135c0cfb30c4d467	False
L2J_Mobius_CT_2.6_HighFive/docs/phantoms/tasks/PHANTOM-M1-CHECKPOINT-RECOVERY-025/evidence/FINAL_R4_D_A/cohort-018.json	42844	ff19ca25c35d815dbb22c492cb4bcbe874f6c7a9a332b2e8882436486e020695	False
L2J_Mobius_CT_2.6_HighFive/docs/phantoms/tasks/PHANTOM-M1-CHECKPOINT-RECOVERY-025/evidence/FINAL_R4_D_A/cohort-019.json	43651	cd20078b81f75e6b4ae25d27caf67621807b55065b512794981171f7acd72ec1	False
L2J_Mobius_CT_2.6_HighFive/docs/phantoms/tasks/PHANTOM-M1-CHECKPOINT-RECOVERY-025/evidence/FINAL_R4_D_A/cohort-020.json	44065	e3d8a5a4f1aada01bdf7ac8c4f0bf794197f87cf31f2ee519e59ff3cdb089d2d	False
L2J_Mobius_CT_2.6_HighFive/docs/phantoms/tasks/PHANTOM-M1-CHECKPOINT-RECOVERY-025/evidence/FINAL_R4_D_A/cohort-021.json	43544	03ebabcd6d4d654411e12bc8ecde63652d28066a1f3ff559a917e401bbd6b5a7	False
L2J_Mobius_CT_2.6_HighFive/docs/phantoms/tasks/PHANTOM-M1-CHECKPOINT-RECOVERY-025/evidence/FINAL_R4_D_A/cohort-022.json	44822	dc8eeeb4eb9be99d129032b0e35ec97ab506762cab39cb7fa3c2adba5f0a1484	False
L2J_Mobius_CT_2.6_HighFive/docs/phantoms/tasks/PHANTOM-M1-CHECKPOINT-RECOVERY-025/evidence/FINAL_R4_D_A/cohort-023.json	44848	44280221ba4ee251d56fbd9b2ff45b59d70e45679a6a63c092608535bf8fb713	False
L2J_Mobius_CT_2.6_HighFive/docs/phantoms/tasks/PHANTOM-M1-CHECKPOINT-RECOVERY-025/evidence/FINAL_R4_D_A/cohort-024.json	44193	bf71f947a644b7b9e6c2c47ddec55e238eeeb9a60f39670c7bfa2834a7f469e7	False
L2J_Mobius_CT_2.6_HighFive/docs/phantoms/tasks/PHANTOM-M1-CHECKPOINT-RECOVERY-025/evidence/FINAL_R4_D_A/cohort-025.json	44211	cc180450b48aedc059108f81142db68943500bcbaca14a52c88d5cfc2bca4100	False
L2J_Mobius_CT_2.6_HighFive/docs/phantoms/tasks/PHANTOM-M1-CHECKPOINT-RECOVERY-025/evidence/FINAL_R4_D_A/cohort-026.json	44210	b85fcc0c6259e3df08a194d4904371cb69a384e09b7bf626d747fe3f0b5fa02a	False
L2J_Mobius_CT_2.6_HighFive/docs/phantoms/tasks/PHANTOM-M1-CHECKPOINT-RECOVERY-025/evidence/FINAL_R4_D_A/cohort-027.json	44156	3ead1e8c2644c7da279665578cd40083c2fd7bb3547771d98ba02880286b862d	False
L2J_Mobius_CT_2.6_HighFive/docs/phantoms/tasks/PHANTOM-M1-CHECKPOINT-RECOVERY-025/evidence/FINAL_R4_D_A/cohort-028.json	45057	d78a1409ece580fec154654a89cd25ea60ef59173f9bdb61f73206448d3686dc	False
L2J_Mobius_CT_2.6_HighFive/docs/phantoms/tasks/PHANTOM-M1-CHECKPOINT-RECOVERY-025/evidence/FINAL_R4_D_A/cohort-029.json	44666	fed824479c5855c9217c229f0b0cf1f5f737ed7ed4f84970c05e57195250d013	False
L2J_Mobius_CT_2.6_HighFive/docs/phantoms/tasks/PHANTOM-M1-CHECKPOINT-RECOVERY-025/evidence/FINAL_R4_D_A/cohort-030.json	44402	2a2d688523f9db84915df9292c9ca7ec55ac845868f7e6b8294eb0c47277cc10	False
L2J_Mobius_CT_2.6_HighFive/docs/phantoms/tasks/PHANTOM-M1-CHECKPOINT-RECOVERY-025/evidence/FINAL_R4_D_A/cohort-031.json	43909	253d3eaf49522fd370b981cdd2d89f8c2ffa13b0a6633d01cb1cfe9f51cb7930	False
L2J_Mobius_CT_2.6_HighFive/docs/phantoms/tasks/PHANTOM-M1-CHECKPOINT-RECOVERY-025/evidence/FINAL_R4_D_A/cohort-032.json	44508	2d0f4b2155e8b0800ae8f8c82eb93cd7d33dcb8d3a4428bf5c31883b0cca1fc0	False
L2J_Mobius_CT_2.6_HighFive/docs/phantoms/tasks/PHANTOM-M1-CHECKPOINT-RECOVERY-025/evidence/FINAL_R4_D_A/cohort-033.json	44740	3e437426d22148a719e8d1e72cb02fba4db11c4046447b2a0043eccfef1b8349	False
L2J_Mobius_CT_2.6_HighFive/docs/phantoms/tasks/PHANTOM-M1-CHECKPOINT-RECOVERY-025/evidence/FINAL_R4_D_A/cohort-034.json	45094	9ee99367e9eb25697ba58aa18b8f111cb3e67a278eab6cd38f61715ec227a3eb	False
L2J_Mobius_CT_2.6_HighFive/docs/phantoms/tasks/PHANTOM-M1-CHECKPOINT-RECOVERY-025/evidence/FINAL_R4_D_A/cohort-035.json	33676	4667e79899e16cfe21042a36230ea6537f381ffe150fc76953b590b8dd366acf	False
L2J_Mobius_CT_2.6_HighFive/docs/phantoms/tasks/PHANTOM-M1-CHECKPOINT-RECOVERY-025/evidence/FINAL_R4_D_A/cohort-036.json	27010	7a954a7ab878299c44a75c7333e528f76779814844d41ce0f01de756e4a9e220	False
L2J_Mobius_CT_2.6_HighFive/docs/phantoms/tasks/PHANTOM-M1-CHECKPOINT-RECOVERY-025/evidence/FINAL_R4_D_A/cohort-037.json	21521	bdb17b8abff92967e9da9e2d9ec2f11129805617abffb09ab0858ada58e41746	False
L2J_Mobius_CT_2.6_HighFive/docs/phantoms/tasks/PHANTOM-M1-CHECKPOINT-RECOVERY-025/evidence/FINAL_R4_D_A/cohort-038.json	21809	ba6c5dd4c6e308bb09c96495dfb325678c14b1e417c1fda584aeddc5efacb67e	False
L2J_Mobius_CT_2.6_HighFive/docs/phantoms/tasks/PHANTOM-M1-CHECKPOINT-RECOVERY-025/evidence/FINAL_R4_D_A/cohort-039.json	21633	bfed5ab086bf6a6e03ea1da23d9dd2b9bbf15a4bbd99137e8344d68a0152d469	False
L2J_Mobius_CT_2.6_HighFive/docs/phantoms/tasks/PHANTOM-M1-CHECKPOINT-RECOVERY-025/evidence/FINAL_R4_D_A/cohort-040.json	21803	0341d39f87228d67db640527fc0b6b749f8b0db487c038fff2d9cec5e7600abe	False
L2J_Mobius_CT_2.6_HighFive/docs/phantoms/tasks/PHANTOM-M1-CHECKPOINT-RECOVERY-025/evidence/FINAL_R4_D_A/cohort-041.json	21779	e8335a153705c2eef356e1fd90954668dd010912e923b8af81b687c753b18cf6	False
L2J_Mobius_CT_2.6_HighFive/docs/phantoms/tasks/PHANTOM-M1-CHECKPOINT-RECOVERY-025/evidence/FINAL_R4_D_A/cohort-042.json	21697	155ef3d9450520c4e313190c5df91972e0a05eb800822f20c9eb3ef0f542e828	False
L2J_Mobius_CT_2.6_HighFive/docs/phantoms/tasks/PHANTOM-M1-CHECKPOINT-RECOVERY-025/evidence/FINAL_R4_D_A/cohort-043.json	22041	445886e2bdaf167e8edb9722d791bebf74536e0d39087c6cf29d5f58550a76d0	False
L2J_Mobius_CT_2.6_HighFive/docs/phantoms/tasks/PHANTOM-M1-CHECKPOINT-RECOVERY-025/evidence/FINAL_R4_D_A/cohort-044.json	22293	f13ab7f08bbfbe1a0e232d5cf33ce9a8658abcdf91f631f4c0b0d8cbd32c1a87	False
L2J_Mobius_CT_2.6_HighFive/docs/phantoms/tasks/PHANTOM-M1-CHECKPOINT-RECOVERY-025/evidence/FINAL_R4_D_A/cohort-045.json	21953	1207e5aacf319aaee8475d995ff2377f38fd0b94dbc91985bdfcbab8fdc4430e	False
L2J_Mobius_CT_2.6_HighFive/docs/phantoms/tasks/PHANTOM-M1-CHECKPOINT-RECOVERY-025/evidence/FINAL_R4_D_A/cohort-046.json	21866	b03378d2075ed5625afff77a50a78edc34c6200dd61ba0d36151a66821c4c47a	False
L2J_Mobius_CT_2.6_HighFive/docs/phantoms/tasks/PHANTOM-M1-CHECKPOINT-RECOVERY-025/evidence/FINAL_R4_D_A/cohort-047.json	21866	56e4ac690c560b86918df7d5d2d0f8ce454218d3e32767db1d56e6e1e28cb958	False
L2J_Mobius_CT_2.6_HighFive/docs/phantoms/tasks/PHANTOM-M1-CHECKPOINT-RECOVERY-025/evidence/FINAL_R4_D_A/cohort-048.json	21866	6e79c21852e5a24d97d2ec1df77a4083bff1f55ecf97cc52507cf9c987a13243	False
L2J_Mobius_CT_2.6_HighFive/docs/phantoms/tasks/PHANTOM-M1-CHECKPOINT-RECOVERY-025/evidence/FINAL_R4_D_A/cohort-049.json	22009	2ac8be837abe45563690b30d29b6d8e70c26bcaffb1a46478fdd640d02c02256	False
L2J_Mobius_CT_2.6_HighFive/docs/phantoms/tasks/PHANTOM-M1-CHECKPOINT-RECOVERY-025/evidence/FINAL_R4_D_A/cohort-050.json	22222	60b0823977fbadf67db3905b969042fabd832e8031a3b6a68bcdf94ece62e431	False
L2J_Mobius_CT_2.6_HighFive/docs/phantoms/tasks/PHANTOM-M1-CHECKPOINT-RECOVERY-025/evidence/FINAL_R4_D_A/cohort-051.json	22162	ee9b81f4ddecabb7d3e649e69c71638a6667276d4dc94ebed30e80fcc4b2893c	False
L2J_Mobius_CT_2.6_HighFive/docs/phantoms/tasks/PHANTOM-M1-CHECKPOINT-RECOVERY-025/evidence/FINAL_R4_D_A/cohort-052.json	15743	f78e6dcbe3b468fafcb7c4dd2d024f530ca958f04bd2eb7ac48c082f84a7e127	False
L2J_Mobius_CT_2.6_HighFive/docs/phantoms/tasks/PHANTOM-M1-CHECKPOINT-RECOVERY-025/evidence/FINAL_R4_D_A/cohort-053.json	15065	aa81137939f4264144ff42db87bb78cad42b553f5cd749477eb075edf43651da	False
L2J_Mobius_CT_2.6_HighFive/docs/phantoms/tasks/PHANTOM-M1-CHECKPOINT-RECOVERY-025/evidence/FINAL_R4_D_A/cohort-054.json	15128	43b4d6ff71c6bac7bbf8fc5b25b8a07a9c5036827e5af0c0a526130dc95df949	False
L2J_Mobius_CT_2.6_HighFive/docs/phantoms/tasks/PHANTOM-M1-CHECKPOINT-RECOVERY-025/evidence/FINAL_R4_D_A/cohort-055.json	20855	77eaa855c5d55cb8e17b41bd4b5ec8046eb435f9eca8c5b9a0078a2c1cb424b1	False
L2J_Mobius_CT_2.6_HighFive/docs/phantoms/tasks/PHANTOM-M1-CHECKPOINT-RECOVERY-025/evidence/FINAL_R4_D_A/cohort-056.json	21186	c8ccd0ddde90c2a7a0ffdbe8dc84df6f5c60e3ac7879e0cc9a3b9ac11fcdcdaa	False
L2J_Mobius_CT_2.6_HighFive/docs/phantoms/tasks/PHANTOM-M1-CHECKPOINT-RECOVERY-025/evidence/FINAL_R4_D_A/cohort-057.json	21072	366b0461f6059ae18b75f932ac6ecfe54a273bdf432ceb89e6f1d90dcac030f1	False
L2J_Mobius_CT_2.6_HighFive/docs/phantoms/tasks/PHANTOM-M1-CHECKPOINT-RECOVERY-025/evidence/FINAL_R4_D_A/cohort-058.json	21208	6bbcfc4414bb9b6056a26d19941a7abf881f49374b5aa7d146eb5ba95f08dc82	False
L2J_Mobius_CT_2.6_HighFive/docs/phantoms/tasks/PHANTOM-M1-CHECKPOINT-RECOVERY-025/evidence/FINAL_R4_D_A/cohort-059.json	21613	b23f41bc875394f164f89b3d94b777d8f45e70f541b3d66d5bb303c753b6f580	False
L2J_Mobius_CT_2.6_HighFive/docs/phantoms/tasks/PHANTOM-M1-CHECKPOINT-RECOVERY-025/evidence/FINAL_R4_D_A/cohort-060.json	21519	87d80a51e9becc9ac8245d4bab4a334a98d60f78acbbd6bc1ae80ae6ea6e55e4	False
L2J_Mobius_CT_2.6_HighFive/docs/phantoms/tasks/PHANTOM-M1-CHECKPOINT-RECOVERY-025/evidence/FINAL_R4_D_A/cohort-061.json	21647	60be71e0eaea0b5dfa34c8d152e6ca32815e51173327dbf40aa3382f68cda0dd	False
L2J_Mobius_CT_2.6_HighFive/docs/phantoms/tasks/PHANTOM-M1-CHECKPOINT-RECOVERY-025/evidence/FINAL_R4_D_A/cohort-062.json	21602	562f28225e6229eadaf8b8599e1a225885b5902e3a66d0ad2d0670ddbb842df7	False
L2J_Mobius_CT_2.6_HighFive/docs/phantoms/tasks/PHANTOM-M1-CHECKPOINT-RECOVERY-025/evidence/FINAL_R4_D_A/cohort-063.json	21535	3c4541c62f4b3e095878cfac86b07609af4fc10d4fd15f0e99627b5d872ce5c7	False
L2J_Mobius_CT_2.6_HighFive/docs/phantoms/tasks/PHANTOM-M1-CHECKPOINT-RECOVERY-025/evidence/FINAL_R4_D_A/cohort-064.json	21423	ff836d85679d376633c825b120af2877d988879cab6680ccbb8cece790c8898c	False
L2J_Mobius_CT_2.6_HighFive/docs/phantoms/tasks/PHANTOM-M1-CHECKPOINT-RECOVERY-025/evidence/FINAL_R4_D_A/cohort-065.json	21440	1be816284ae96c311ed7d436bef94a64db6536fa168f9dbe1fbd0018b59bb952	False
L2J_Mobius_CT_2.6_HighFive/docs/phantoms/tasks/PHANTOM-M1-CHECKPOINT-RECOVERY-025/evidence/FINAL_R4_D_A/cohort-066.json	21425	46e7b1b120a7ad4e4ae8bbf3132b44d5fcfcbd911b5a51d398d1007f595366fe	False
L2J_Mobius_CT_2.6_HighFive/docs/phantoms/tasks/PHANTOM-M1-CHECKPOINT-RECOVERY-025/evidence/FINAL_R4_D_A/cohort-067.json	21222	322954f74b3888b416dd0257c73a515e075fc7846135de1934a7ec3e1f2faceb	False
L2J_Mobius_CT_2.6_HighFive/docs/phantoms/tasks/PHANTOM-M1-CHECKPOINT-RECOVERY-025/evidence/FINAL_R4_D_A/cohort-068.json	21168	702682c21d49b72b5bb0cfa74170a23b3ded8fde4e0bf4ee8691976f8151fc04	False
L2J_Mobius_CT_2.6_HighFive/docs/phantoms/tasks/PHANTOM-M1-CHECKPOINT-RECOVERY-025/evidence/FINAL_R4_D_A/cohort-069.json	21074	cd4a4cf0b2d6bc9891765e9ffb08bb0b3132635ca54b53e16443a6ed4e8ae5c7	False
L2J_Mobius_CT_2.6_HighFive/docs/phantoms/tasks/PHANTOM-M1-CHECKPOINT-RECOVERY-025/evidence/FINAL_R4_D_A/cohort-070.json	21088	c448fe87bcedc161b7051b20c3ab8f66c4a90ff48fde71da696b074a73e0dd5c	False
L2J_Mobius_CT_2.6_HighFive/docs/phantoms/tasks/PHANTOM-M1-CHECKPOINT-RECOVERY-025/evidence/FINAL_R4_D_A/cohort-071.json	21225	9231f9d3e4eb2919dd8887429f82a8aac975abf7016b1e7eda1d1837025c97e7	False
L2J_Mobius_CT_2.6_HighFive/docs/phantoms/tasks/PHANTOM-M1-CHECKPOINT-RECOVERY-025/evidence/FINAL_R4_D_A/cohort-072.json	21094	893550b0aa666658a280cca6246e3e5cfc659d09ffd1e0a618992b0c0e9c7515	False
L2J_Mobius_CT_2.6_HighFive/docs/phantoms/tasks/PHANTOM-M1-CHECKPOINT-RECOVERY-025/evidence/FINAL_R4_D_A/cohort-073.json	21347	563674efc2df663fb3e23fda695b8422ee89039b237adf8920a4f897da9a60b5	False
L2J_Mobius_CT_2.6_HighFive/docs/phantoms/tasks/PHANTOM-M1-CHECKPOINT-RECOVERY-025/evidence/FINAL_R4_D_A/cohort-074.json	21184	32d23468e69cf1df4a6de5048a5474d0602b8e5c012c4cecca7b4589df9ecc0c	False
L2J_Mobius_CT_2.6_HighFive/docs/phantoms/tasks/PHANTOM-M1-CHECKPOINT-RECOVERY-025/evidence/FINAL_R4_D_A/cohort-075.json	21243	c1bcaf74997fa0acae3a3402af57f1fd3f68200af03c3a4bc752a7e902e386cd	False
L2J_Mobius_CT_2.6_HighFive/docs/phantoms/tasks/PHANTOM-M1-CHECKPOINT-RECOVERY-025/evidence/FINAL_R4_D_A/cohort-076.json	21615	5b74e2d7d065b631b1dcb7bd6d5ea8585fcebf8bc87f3e7f88336269bf5f478a	False
L2J_Mobius_CT_2.6_HighFive/docs/phantoms/tasks/PHANTOM-M1-CHECKPOINT-RECOVERY-025/evidence/FINAL_R4_D_A/cohort-077.json	21451	29189d495e0989a619cc2f38ed1b8e97902386ac91a50a93a08db631f8a315f2	False
L2J_Mobius_CT_2.6_HighFive/docs/phantoms/tasks/PHANTOM-M1-CHECKPOINT-RECOVERY-025/evidence/FINAL_R4_D_A/cohort-078.json	21631	6acf5547f4e3e4dee72eaebe150c55523ef3b0c1fa4fa734d362d2e590a0f8d8	False
L2J_Mobius_CT_2.6_HighFive/docs/phantoms/tasks/PHANTOM-M1-CHECKPOINT-RECOVERY-025/evidence/FINAL_R4_D_A/cohort-079.json	21606	0a55887e6f424519e30443bd49e65b3ced0fb0ed9b3ed592300a1dafa1101083	False
L2J_Mobius_CT_2.6_HighFive/docs/phantoms/tasks/PHANTOM-M1-CHECKPOINT-RECOVERY-025/evidence/FINAL_R4_D_A/cohort-080.json	21566	35bcfabfbd264ca6ab295fc1e44dedfebf5bbcf91eeecb6007df5c83400fa94d	False
L2J_Mobius_CT_2.6_HighFive/docs/phantoms/tasks/PHANTOM-M1-CHECKPOINT-RECOVERY-025/evidence/FINAL_R4_D_A/cohort-081.json	21422	ae8dadb2ce39df0a45e8ac7f1c46b5f01dc91cf0f6ffe2ca0dc011a5d41a0669	False
L2J_Mobius_CT_2.6_HighFive/docs/phantoms/tasks/PHANTOM-M1-CHECKPOINT-RECOVERY-025/evidence/FINAL_R4_D_A/cohort-082.json	21422	3690e68e6bff1cd5d6e0ee66558722d186808a59afdf3cf568e558f1b8011903	False
L2J_Mobius_CT_2.6_HighFive/docs/phantoms/tasks/PHANTOM-M1-CHECKPOINT-RECOVERY-025/evidence/FINAL_R4_D_A/cohort-083.json	21422	308e09a122cad4a20c5c4f53690e0f5ff3dc31db7e0d20f84e8056fdefd766a0	False
L2J_Mobius_CT_2.6_HighFive/docs/phantoms/tasks/PHANTOM-M1-CHECKPOINT-RECOVERY-025/evidence/FINAL_R4_D_A/cohort-084.json	21382	1a4b98c5c33e4a3ec5daf1ff5f3bc1a88b45243488ad21c2e2cdad6ade8b269c	False
L2J_Mobius_CT_2.6_HighFive/docs/phantoms/tasks/PHANTOM-M1-CHECKPOINT-RECOVERY-025/evidence/FINAL_R4_D_A/cohort-085.json	21381	2986c5780070083592368c7f817d7aa0549a9b3a8fa5f1029a9fd3582094b75c	False
L2J_Mobius_CT_2.6_HighFive/docs/phantoms/tasks/PHANTOM-M1-CHECKPOINT-RECOVERY-025/evidence/FINAL_R4_D_A/cohort-086.json	21476	98bdf2d053516bfafbf3867cb220511036b25f1b31543fbaeac0a9376aee5cb7	False
L2J_Mobius_CT_2.6_HighFive/docs/phantoms/tasks/PHANTOM-M1-CHECKPOINT-RECOVERY-025/evidence/FINAL_R4_D_A/cohort-087.json	21534	9e0b9cba6f05d8e3ae40be421d6ab0fea71ab8d1f749453de5b820aed3a5f749	False
L2J_Mobius_CT_2.6_HighFive/docs/phantoms/tasks/PHANTOM-M1-CHECKPOINT-RECOVERY-025/evidence/FINAL_R4_D_A/cohort-088.json	21543	5872d5b5a50e28dd036a27692f06bec3bbd5252c835badcaccd9627f03aa8837	False
L2J_Mobius_CT_2.6_HighFive/docs/phantoms/tasks/PHANTOM-M1-CHECKPOINT-RECOVERY-025/evidence/FINAL_R4_D_A/cohort-089.json	21460	f87b5b7e640a0ecb1c898f7a808c7940b75b854a559b694c0f21324c8bc66666	False
L2J_Mobius_CT_2.6_HighFive/docs/phantoms/tasks/PHANTOM-M1-CHECKPOINT-RECOVERY-025/evidence/FINAL_R4_D_A/cohort-090.json	21476	1b4df5ba9d8d9cd8872909ee89b2c1f2e0187da11d24450571b49d5846dd0b4d	False
L2J_Mobius_CT_2.6_HighFive/docs/phantoms/tasks/PHANTOM-M1-CHECKPOINT-RECOVERY-025/evidence/FINAL_R4_D_A/cohort-091.json	21673	5a0fa671691e8e6c163ae5638a9c648dbd851b33d6fd8eff5f1873e4fd09d1e6	False
L2J_Mobius_CT_2.6_HighFive/docs/phantoms/tasks/PHANTOM-M1-CHECKPOINT-RECOVERY-025/evidence/FINAL_R4_D_A/cohort-092.json	21470	88b51dda01950b046e3470736f13d0885a731cda5cfaffaa57e7528c4329aac8	False
L2J_Mobius_CT_2.6_HighFive/docs/phantoms/tasks/PHANTOM-M1-CHECKPOINT-RECOVERY-025/evidence/FINAL_R4_D_A/cohort-093.json	21099	c498f1055b72a494e807f08d43be8d08f41680fe36e8812e1e489334cdc46189	False
L2J_Mobius_CT_2.6_HighFive/docs/phantoms/tasks/PHANTOM-M1-CHECKPOINT-RECOVERY-025/evidence/FINAL_R4_D_A/cohort-094.json	21128	7f223e47939979bef01f6432fccfe6577dbec6e7328145b7c061dc82a75d7956	False
L2J_Mobius_CT_2.6_HighFive/docs/phantoms/tasks/PHANTOM-M1-CHECKPOINT-RECOVERY-025/evidence/FINAL_R4_D_A/cohort-095.json	21128	856bed672611207774dd0a783406b87cb48c76902324ae029762e8cb4999ffda	False
L2J_Mobius_CT_2.6_HighFive/docs/phantoms/tasks/PHANTOM-M1-CHECKPOINT-RECOVERY-025/evidence/FINAL_R4_D_A/cohort-096.json	21222	6397a18ab828483891e396a956c7b408768ac783713ac4319579296634a0257f	False
L2J_Mobius_CT_2.6_HighFive/docs/phantoms/tasks/PHANTOM-M1-CHECKPOINT-RECOVERY-025/evidence/FINAL_R4_D_A/cohort-097.json	21149	452574b88f7680ec73966bf87b62851024976d9900d168a6ad36ac75e640e38b	False
L2J_Mobius_CT_2.6_HighFive/docs/phantoms/tasks/PHANTOM-M1-CHECKPOINT-RECOVERY-025/evidence/FINAL_R4_D_A/cohort-098.json	15401	c9ea342f4dd39278967b9c347f24dbdc712204f5d39326c53650248806db5aa8	False
L2J_Mobius_CT_2.6_HighFive/docs/phantoms/tasks/PHANTOM-M1-CHECKPOINT-RECOVERY-025/evidence/FINAL_R4_D_A/cohort-099.json	15336	4cf73386a9672d65438f226cb93ca03a2d01c54993288212c3de9c33fad5b4a3	False
L2J_Mobius_CT_2.6_HighFive/docs/phantoms/tasks/PHANTOM-M1-CHECKPOINT-RECOVERY-025/evidence/FINAL_R4_D_A/cohort-100.json	15487	29468b8f027ee25187bfea207a28e05c3156d7fce787e759478281ceb0eb79fd	False
L2J_Mobius_CT_2.6_HighFive/docs/phantoms/tasks/PHANTOM-M1-CHECKPOINT-RECOVERY-025/evidence/FINAL_R4_D_A/cohort-101.json	15336	90a77237385bc9a5087cf2063ba96b9148709899f4d1b9e1150cdfd4c9713360	False
L2J_Mobius_CT_2.6_HighFive/docs/phantoms/tasks/PHANTOM-M1-CHECKPOINT-RECOVERY-025/evidence/FINAL_R4_D_A/cohort-102.json	15080	a3b0d7eac7bf49de07f1db1910931f9f90a25e8a4a6a60d764b2666b6c127bee	False
L2J_Mobius_CT_2.6_HighFive/docs/phantoms/tasks/PHANTOM-M1-CHECKPOINT-RECOVERY-025/evidence/FINAL_R4_D_A/cohort-103.json	14986	8f644f1475e7e216db409d0b3631663f39c714b1ff67c5ba34de136096fa73a6	False
L2J_Mobius_CT_2.6_HighFive/docs/phantoms/tasks/PHANTOM-M1-CHECKPOINT-RECOVERY-025/evidence/FINAL_R4_D_A/cohort-104.json	15015	7e3721d44d62445e7659880d49203a1c16cffde03c0c23404bc7ba993b4c49a7	False
L2J_Mobius_CT_2.6_HighFive/docs/phantoms/tasks/PHANTOM-M1-CHECKPOINT-RECOVERY-025/evidence/FINAL_R4_D_A/cohort-105.json	15003	b08dab629256d159da21b377535d244f0fb84ff4b39e43d9c52c324e7e839242	False
L2J_Mobius_CT_2.6_HighFive/docs/phantoms/tasks/PHANTOM-M1-CHECKPOINT-RECOVERY-025/evidence/FINAL_R4_D_A/cohort-106.json	14991	9ec40f4159f103f0c257ccb4d9113c4747d0d9ada6431eca36984d6c0ca36426	False
L2J_Mobius_CT_2.6_HighFive/docs/phantoms/tasks/PHANTOM-M1-CHECKPOINT-RECOVERY-025/evidence/FINAL_R4_D_A/cohort-107.json	15003	91581f331b31a4ec805cee3e633d530859c9c28790e6e2c1052815e9c171bfcb	False
L2J_Mobius_CT_2.6_HighFive/docs/phantoms/tasks/PHANTOM-M1-CHECKPOINT-RECOVERY-025/evidence/FINAL_R4_D_A/cohort-108.json	15059	30a03466b66ea9813e72a461986cac151bd00196f3343bb86889be7fea19ac6e	False
L2J_Mobius_CT_2.6_HighFive/docs/phantoms/tasks/PHANTOM-M1-CHECKPOINT-RECOVERY-025/evidence/FINAL_R4_D_A/cohort-109.json	15005	a5e7e58fcb0096c0d66a0e55af7025d17543b04f8f8d601f178898894e47e275	False
L2J_Mobius_CT_2.6_HighFive/docs/phantoms/tasks/PHANTOM-M1-CHECKPOINT-RECOVERY-025/evidence/FINAL_R4_D_A/cohort-110.json	14993	84ed14bbd93c5a8f860eaacce7153999cf23f4abdb43a9a54065092b3ba6f009	False
L2J_Mobius_CT_2.6_HighFive/docs/phantoms/tasks/PHANTOM-M1-CHECKPOINT-RECOVERY-025/evidence/FINAL_R4_D_A/cohort-111.json	10033	bcf75459ccb7b2c5d9a6225e056215efd22acc641d3484d42040e297337a9318	False
L2J_Mobius_CT_2.6_HighFive/docs/phantoms/tasks/PHANTOM-M1-CHECKPOINT-RECOVERY-025/evidence/FINAL_R4_D_A/cohort-112.json	10035	2661befaa0ad1a7984fa10e9b5cdaf031fd733f803068501c9bed4d5a1af708f	False
L2J_Mobius_CT_2.6_HighFive/docs/phantoms/tasks/PHANTOM-M1-CHECKPOINT-RECOVERY-025/evidence/FINAL_R4_D_A/cohort-113.json	10035	90c0a806d40eef73a571f565688dfb2b45c6f701b816e7e55aec3f51b74bc323	False
L2J_Mobius_CT_2.6_HighFive/docs/phantoms/tasks/PHANTOM-M1-CHECKPOINT-RECOVERY-025/evidence/FINAL_R4_D_A/cohort-114.json	10034	ac0e5aa0c05d89e31a685bc0ce5a59368a946794869489222f50502a1454ed79	False
L2J_Mobius_CT_2.6_HighFive/docs/phantoms/tasks/PHANTOM-M1-CHECKPOINT-RECOVERY-025/evidence/FINAL_R4_D_A/cohort-115.json	10035	8b13621f4006030b128fa617064b23c0f8145b34410d0386f424f385381102c6	False
L2J_Mobius_CT_2.6_HighFive/docs/phantoms/tasks/PHANTOM-M1-CHECKPOINT-RECOVERY-025/evidence/FINAL_R4_D_A/cohort-116.json	10035	a40b531a68480ec54b7587dfd7b99441fb91e859331efcf67bfc69be8d71b246	False
L2J_Mobius_CT_2.6_HighFive/docs/phantoms/tasks/PHANTOM-M1-CHECKPOINT-RECOVERY-025/evidence/FINAL_R4_D_A/cohort-117.json	10035	a136f10e6c30c12d82142181f937f00fb76487a0988ce680e228bfdd2f206cb5	False
L2J_Mobius_CT_2.6_HighFive/docs/phantoms/tasks/PHANTOM-M1-CHECKPOINT-RECOVERY-025/evidence/FINAL_R4_D_A/cohort-118.json	10035	5b8e687436d2d1cfe4837ee144883e0c5f7b9d921c21cbc9e2436d36235c6c6c	False
L2J_Mobius_CT_2.6_HighFive/docs/phantoms/tasks/PHANTOM-M1-CHECKPOINT-RECOVERY-025/evidence/FINAL_R4_D_A/cohort-119.json	10035	49dd1019b8cbbd6015da18c572cb1295cf0190f25ea1467cbd036c1e7d2428ac	False
L2J_Mobius_CT_2.6_HighFive/docs/phantoms/tasks/PHANTOM-M1-CHECKPOINT-RECOVERY-025/evidence/FINAL_R4_D_A/cohort-120.json	10034	5dfc397d87f11508cdb27c77dcd351f22f2c188332b51a9f8042215804de2227	False
L2J_Mobius_CT_2.6_HighFive/docs/phantoms/tasks/PHANTOM-M1-CHECKPOINT-RECOVERY-025/evidence/FINAL_R4_D_A/cohort-121.json	10035	e11cb5d2062abf781f3e479579938b4c2a20b74882198b6eff0b283a8261ecd8	False
L2J_Mobius_CT_2.6_HighFive/docs/phantoms/tasks/PHANTOM-M1-CHECKPOINT-RECOVERY-025/evidence/FINAL_R4_D_A/cohort-122.json	10035	2885f6e8f7a6d13b42f1a0e1285ba04b8933ba63518ede0f85bb8b1195c62d14	False
L2J_Mobius_CT_2.6_HighFive/docs/phantoms/tasks/PHANTOM-M1-CHECKPOINT-RECOVERY-025/evidence/FINAL_R4_D_A/cohort-123.json	10035	9dd40d3182a68b495d512a62a6ba02aa92d5a6f8a095dab285319024dbb60e63	False
L2J_Mobius_CT_2.6_HighFive/docs/phantoms/tasks/PHANTOM-M1-CHECKPOINT-RECOVERY-025/evidence/FINAL_R4_D_A/cohort-124.json	10035	816ba177a82550bc523001bebb9dbc1d4fcc04a247a3913c4231c9127d8cafa6	False
L2J_Mobius_CT_2.6_HighFive/docs/phantoms/tasks/PHANTOM-M1-CHECKPOINT-RECOVERY-025/evidence/FINAL_R4_D_A/cohort-125.json	10035	f2e7ca8d251dd801ceb9b7303835d3c473399a452da70dabb9c396bbdf3f48f7	False
L2J_Mobius_CT_2.6_HighFive/docs/phantoms/tasks/PHANTOM-M1-CHECKPOINT-RECOVERY-025/evidence/FINAL_R4_D_A/cohort-result.json	13168	89506b14f2e3ce9d922951a8e865d7009881d85215b9c8c5a59a0c83c6017180	False
L2J_Mobius_CT_2.6_HighFive/docs/phantoms/tasks/PHANTOM-M1-CHECKPOINT-RECOVERY-025/evidence/FINAL_R4_D_A/continuation-correlation.json	1999	c2b9923c81bfeef29e8543e6c8339a2bc7b5cb41e44c55a499a474f72901c3c4	False
L2J_Mobius_CT_2.6_HighFive/docs/phantoms/tasks/PHANTOM-M1-CHECKPOINT-RECOVERY-025/evidence/FINAL_R4_D_A/final-live-inventory.tsv	8181	8722ab4bf4d48762a25e56d06591a5068ff75b00d66a395935e835f283a4af5f	False
L2J_Mobius_CT_2.6_HighFive/docs/phantoms/tasks/PHANTOM-M1-CHECKPOINT-RECOVERY-025/evidence/FINAL_R4_D_A/heartbeat-control.log	2352	99a2b5ceb805b521a7a478e74bf37083da3334be5c95f170bb7a1541fa72fa15	False
L2J_Mobius_CT_2.6_HighFive/docs/phantoms/tasks/PHANTOM-M1-CHECKPOINT-RECOVERY-025/evidence/FINAL_R4_D_A/native-control-transitions.json	23569	4492c6651d8067262bcdd7662a4cd56520fc0782ed4f7ec69cb699ff67249d4a	False
L2J_Mobius_CT_2.6_HighFive/docs/phantoms/tasks/PHANTOM-M1-CHECKPOINT-RECOVERY-025/evidence/FINAL_R4_D_A/primary.json	9903	616e56261bd8dc7559821ab97ba288fc3d2c384e76c17406ec08975a8d77e55e	False
L2J_Mobius_CT_2.6_HighFive/docs/phantoms/tasks/PHANTOM-M1-CHECKPOINT-RECOVERY-025/evidence/FINAL_R4_D_A/result.json	273	d0c31964b97f6fe3bb1909f9f75ba1f060720661dbfec3686a131374f3f02296	False
L2J_Mobius_CT_2.6_HighFive/docs/phantoms/tasks/PHANTOM-M1-CHECKPOINT-RECOVERY-025/evidence/FINAL_R4_D_A/run-id.txt	38	c62134e5c7a2972ae60c3bb450e8990c60223a30bd5cbc9ecb475f26a94b4999	False
L2J_Mobius_CT_2.6_HighFive/docs/phantoms/tasks/PHANTOM-M1-CHECKPOINT-RECOVERY-025/evidence/FINAL_R4_D_A/sampling-result.json	365	3c88ab989c8bf66510dc2cc0617328e9ef23422e0a5ffcb045480ea906941bed	False
L2J_Mobius_CT_2.6_HighFive/docs/phantoms/tasks/PHANTOM-M1-CHECKPOINT-RECOVERY-025/evidence/FINAL_R4_D_A/sealed/1159-147819487965600-3711.properties	743	e465eb848a777764f1fd60f5719ae4e45858a5d8d93d8b0f88d6b0935c9fe17b	False
L2J_Mobius_CT_2.6_HighFive/docs/phantoms/tasks/PHANTOM-M1-CHECKPOINT-RECOVERY-025/evidence/FINAL_R4_D_A/sealed/1159-147819487965600-3713.properties	716	fcb9efe40196e4f6334b85da622802f37fa7b20da06e2440be200b054217d906	False
L2J_Mobius_CT_2.6_HighFive/docs/phantoms/tasks/PHANTOM-M1-CHECKPOINT-RECOVERY-025/evidence/FINAL_R4_D_A/sealed/1159-147819487965600-3715.properties	716	88715f8872bcaf59daeb45b61ffea6fef19e9d3f4e6fa70f6ff0a632a0619157	False
L2J_Mobius_CT_2.6_HighFive/docs/phantoms/tasks/PHANTOM-M1-CHECKPOINT-RECOVERY-025/evidence/FINAL_R4_D_A/sealed/1159-147819487965600-3717.properties	716	921067a69c15b379158a673731ce434e6f7e5436479892b57d653346504168d6	False
L2J_Mobius_CT_2.6_HighFive/docs/phantoms/tasks/PHANTOM-M1-CHECKPOINT-RECOVERY-025/evidence/FINAL_R4_D_A/sealed/1159-147819487965600-3719.properties	716	cd96444865764afaaf53ff862de8e5cef78f80dbf0a1e65848befe487cf7ab16	False
L2J_Mobius_CT_2.6_HighFive/docs/phantoms/tasks/PHANTOM-M1-CHECKPOINT-RECOVERY-025/evidence/FINAL_R4_D_A/sealed/1159-147819487965600-3721.properties	715	4267d33b70b6995afa08f9f7a198bfc0662001e6569b3ad6dd8ed1a81cd5179c	False
L2J_Mobius_CT_2.6_HighFive/docs/phantoms/tasks/PHANTOM-M1-CHECKPOINT-RECOVERY-025/evidence/FINAL_R4_D_A/sealed/1159-147819487965600-3723.properties	716	2ce7546cc3754cbcdeececce6cfc42fbfe892f5824c052df964b99dcb693097a	False
L2J_Mobius_CT_2.6_HighFive/docs/phantoms/tasks/PHANTOM-M1-CHECKPOINT-RECOVERY-025/evidence/FINAL_R4_D_A/sealed/1159-147819487965600-3725.properties	715	b23867cc30e231046c7bd5803012963939efcdd596f803e9617a9e58a2cb114c	False
L2J_Mobius_CT_2.6_HighFive/docs/phantoms/tasks/PHANTOM-M1-CHECKPOINT-RECOVERY-025/evidence/FINAL_R4_D_A/sealed/1159-147819487965600-3727.properties	728	34b19338347abd9b9c24359caf116c82cee30a94554f70edf806f5741a69dd7f	False
L2J_Mobius_CT_2.6_HighFive/docs/phantoms/tasks/PHANTOM-M1-CHECKPOINT-RECOVERY-025/evidence/FINAL_R4_D_A/sealed/1159-147819487965600-3729.properties	716	4d54f059947088cf3cb648b0dc032ccd0b20aa6d5cb2e0dc2bb58df9fcf4db93	False
L2J_Mobius_CT_2.6_HighFive/docs/phantoms/tasks/PHANTOM-M1-CHECKPOINT-RECOVERY-025/evidence/FINAL_R4_D_A/sealed/1159-147819487965600-3731.properties	716	5897b2d69b4e6e5c3771f0538563355b8da02af67d8242bb14ef8e366d6f4bcd	False
L2J_Mobius_CT_2.6_HighFive/docs/phantoms/tasks/PHANTOM-M1-CHECKPOINT-RECOVERY-025/evidence/FINAL_R4_D_A/sealed/1176-147819503272500-6686.properties	734	339e4a6a7976a50fd276872bd7dcc42d792367987c1b558b0ce59a22a4180503	False
L2J_Mobius_CT_2.6_HighFive/docs/phantoms/tasks/PHANTOM-M1-CHECKPOINT-RECOVERY-025/evidence/FINAL_R4_D_A/sealed/1176-147819503272500-6688.properties	719	6ed8bf3f29bdf3aa859f1d3e0a51cf460de0dcfb6d707ffbc6da2835cbf07c1a	False
L2J_Mobius_CT_2.6_HighFive/docs/phantoms/tasks/PHANTOM-M1-CHECKPOINT-RECOVERY-025/evidence/FINAL_R4_D_A/sealed/1176-147819503272500-6690.properties	716	ca79f30a9da12982827b2723e2db47ccce5d93c3f697f3aac4e21d747e112d44	False
L2J_Mobius_CT_2.6_HighFive/docs/phantoms/tasks/PHANTOM-M1-CHECKPOINT-RECOVERY-025/evidence/FINAL_R4_D_A/sealed/1176-147819503272500-6692.properties	716	902871683e2dfd1f165cd6d9f4d67f237dd769a828d3a0f39bd2d3a642a9356a	False
L2J_Mobius_CT_2.6_HighFive/docs/phantoms/tasks/PHANTOM-M1-CHECKPOINT-RECOVERY-025/evidence/FINAL_R4_D_A/sealed/1176-147819503272500-6694.properties	717	57e79453a8b20172774df5d98feaf9471618dca904476f0e25f49818585aa825	False
L2J_Mobius_CT_2.6_HighFive/docs/phantoms/tasks/PHANTOM-M1-CHECKPOINT-RECOVERY-025/evidence/FINAL_R4_D_A/sealed/1176-147819503272500-6696.properties	716	63c58e8d940636888badaf361f57fe57fea2e5c6342fbb776b4b91e75a28666c	False
L2J_Mobius_CT_2.6_HighFive/docs/phantoms/tasks/PHANTOM-M1-CHECKPOINT-RECOVERY-025/evidence/FINAL_R4_D_A/sealed/1176-147819503272500-6698.properties	717	c0d034f4be4e86beb2f87c19724d209f1e56f44ff159cbe15389935b4685233b	False
L2J_Mobius_CT_2.6_HighFive/docs/phantoms/tasks/PHANTOM-M1-CHECKPOINT-RECOVERY-025/evidence/FINAL_R4_D_A/sealed/1176-147819503272500-6700.properties	730	159384d2dc1549226c8c470883509025b0916724b6b88f60392a8090f7b13864	False
L2J_Mobius_CT_2.6_HighFive/docs/phantoms/tasks/PHANTOM-M1-CHECKPOINT-RECOVERY-025/evidence/FINAL_R4_D_A/sealed/1176-147819503272500-6702.properties	727	0992ccd2158255351e5ef3e5f6417a59433c5a2bc382108cfb47b08b93c740cc	False
L2J_Mobius_CT_2.6_HighFive/docs/phantoms/tasks/PHANTOM-M1-CHECKPOINT-RECOVERY-025/evidence/FINAL_R4_D_A/sealed/424-147818489222100-3629.properties	742	a2d90a054a89c012d7230946b05acbde561db85cb308cd7bc9caf6ec289f0398	False
L2J_Mobius_CT_2.6_HighFive/docs/phantoms/tasks/PHANTOM-M1-CHECKPOINT-RECOVERY-025/evidence/FINAL_R4_D_A/sealed/424-147818489222100-3631.properties	741	62ed98802fc0cb2bb52b4344cf2b0fd54063d3f73cbfc9b41ff9e45008938924	False
L2J_Mobius_CT_2.6_HighFive/docs/phantoms/tasks/PHANTOM-M1-CHECKPOINT-RECOVERY-025/evidence/FINAL_R4_D_A/sealed/424-147818489222100-3633.properties	715	97436a92896f7def26c484e0fb982b01adbd645d455067eb373f40904f4a9f57	False
L2J_Mobius_CT_2.6_HighFive/docs/phantoms/tasks/PHANTOM-M1-CHECKPOINT-RECOVERY-025/evidence/FINAL_R4_D_A/sealed/424-147818489222100-3635.properties	715	87f1afed16dd2f9a234a10cc4ca0d6fb6ce9188481f656cc32ff0ab050eecf11	False
L2J_Mobius_CT_2.6_HighFive/docs/phantoms/tasks/PHANTOM-M1-CHECKPOINT-RECOVERY-025/evidence/FINAL_R4_D_A/sealed/424-147818489222100-3637.properties	715	84bb1cef6631857e91097d6f0ad6daa308172b56a3131b2010cba9bd5a6b2c79	False
L2J_Mobius_CT_2.6_HighFive/docs/phantoms/tasks/PHANTOM-M1-CHECKPOINT-RECOVERY-025/evidence/FINAL_R4_D_A/sealed/424-147818489222100-3639.properties	715	1eb4d35478ccc4e3b7656dd94b104da21e82d63c8c25a7df060836800f542db4	False
L2J_Mobius_CT_2.6_HighFive/docs/phantoms/tasks/PHANTOM-M1-CHECKPOINT-RECOVERY-025/evidence/FINAL_R4_D_A/sealed/424-147818489222100-3641.properties	714	b82705b61b9f26f0fed30c7d71ab00116e932025e1193cea93b963a0db6d6e51	False
L2J_Mobius_CT_2.6_HighFive/docs/phantoms/tasks/PHANTOM-M1-CHECKPOINT-RECOVERY-025/evidence/FINAL_R4_D_A/sealed/424-147818489222100-3643.properties	714	90aef7f7ce910e009279dc4ef0bb8a212ca130477e6d41903e176a79a8ba0846	False
L2J_Mobius_CT_2.6_HighFive/docs/phantoms/tasks/PHANTOM-M1-CHECKPOINT-RECOVERY-025/evidence/FINAL_R4_D_A/sealed/424-147818489222100-3645.properties	715	fd40bbf45fa51683353622c7445faa776a292ef8efdd92094db12a82ecffe614	False
L2J_Mobius_CT_2.6_HighFive/docs/phantoms/tasks/PHANTOM-M1-CHECKPOINT-RECOVERY-025/evidence/FINAL_R4_D_A/sealed/424-147818489222100-3647.properties	716	eccf767d248db96fd52e00bf3523dcf154edf99ab92c6198bd76e758f80d5dbb	False
L2J_Mobius_CT_2.6_HighFive/docs/phantoms/tasks/PHANTOM-M1-CHECKPOINT-RECOVERY-025/evidence/FINAL_R4_D_A/sealed/633-147818987104100-11362.properties	731	58e48c458d3352813d61a7b4ef8a2a5b9ec73f416b43176589b731e396ac543e	False
L2J_Mobius_CT_2.6_HighFive/docs/phantoms/tasks/PHANTOM-M1-CHECKPOINT-RECOVERY-025/evidence/FINAL_R4_D_A/sealed/633-147818987104100-11364.properties	733	24cf7d6c085fe80796812bdf3589ca4382807833cdf1b65ae7d630159688ee9d	False
L2J_Mobius_CT_2.6_HighFive/docs/phantoms/tasks/PHANTOM-M1-CHECKPOINT-RECOVERY-025/evidence/FINAL_R4_D_A/sealed/633-147818987104100-11366.properties	733	fca186e4011aff2a9a5214d4ad0b6af28cbf501c6e5249e709790a091a1e0874	False
L2J_Mobius_CT_2.6_HighFive/docs/phantoms/tasks/PHANTOM-M1-CHECKPOINT-RECOVERY-025/evidence/FINAL_R4_D_A/sealed/633-147818987104100-11368.properties	733	0dac84ceb797d389445b906894192857279864cb6923dd21b2eac113ea274a40	False
L2J_Mobius_CT_2.6_HighFive/docs/phantoms/tasks/PHANTOM-M1-CHECKPOINT-RECOVERY-025/evidence/FINAL_R4_D_A/sealed/633-147818987104100-11370.properties	733	f7a75e1680b651f662f6fecdd29c0730cb5a18e890d46bedd85eed2814f38d89	False
L2J_Mobius_CT_2.6_HighFive/docs/phantoms/tasks/PHANTOM-M1-CHECKPOINT-RECOVERY-025/evidence/FINAL_R4_D_A/sealed/633-147818987104100-11372.properties	731	71b2dedbc852fe464a75f56cc7adec9e51cce558a7c85ed6b006cfef856b6412	False
L2J_Mobius_CT_2.6_HighFive/docs/phantoms/tasks/PHANTOM-M1-CHECKPOINT-RECOVERY-025/evidence/FINAL_R4_D_A/sealed/633-147818987104100-11374.properties	724	40aa40dbc06f16964c204c637dc0f0ed96ef9794b0495b29b62dd6b5b1655b96	False
L2J_Mobius_CT_2.6_HighFive/docs/phantoms/tasks/PHANTOM-M1-CHECKPOINT-RECOVERY-025/evidence/FINAL_R4_D_A/sealed/633-147818987104100-11376.properties	730	cdb3ba4565603a6472f896516b5031c2c900f43083f238a792b82c5acd083951	False
L2J_Mobius_CT_2.6_HighFive/docs/phantoms/tasks/PHANTOM-M1-CHECKPOINT-RECOVERY-025/evidence/FINAL_R4_D_A/sealed/759-147819087542000-3839.properties	742	3c63f5745317ac668c815a5f76eaedce70e0c5f35c98b5039b1cecc5f028b1d4	False
L2J_Mobius_CT_2.6_HighFive/docs/phantoms/tasks/PHANTOM-M1-CHECKPOINT-RECOVERY-025/evidence/FINAL_R4_D_A/sealed/759-147819087542000-3841.properties	728	d5bbe4aa50b2b04fe97a0404d45f8302d948e7662f87c64b515cbcb29396c990	False
L2J_Mobius_CT_2.6_HighFive/docs/phantoms/tasks/PHANTOM-M1-CHECKPOINT-RECOVERY-025/evidence/FINAL_R4_D_A/sealed/759-147819087542000-3843.properties	715	3da9a50db9f73de991f4635923d9a6312c5a3abc0d3f73b54517ea1dc2fd5cb1	False
L2J_Mobius_CT_2.6_HighFive/docs/phantoms/tasks/PHANTOM-M1-CHECKPOINT-RECOVERY-025/evidence/FINAL_R4_D_A/sealed/759-147819087542000-3845.properties	715	edae004074779ca28e771a2a01017c6cb7ddf5b8eed0abd0991dbeb71b1694b6	False
L2J_Mobius_CT_2.6_HighFive/docs/phantoms/tasks/PHANTOM-M1-CHECKPOINT-RECOVERY-025/evidence/FINAL_R4_D_A/sealed/759-147819087542000-3847.properties	715	ed4d6ee8f001adbb50801d1387c14bce2a5395498761d9b3525a55ebd51e3f8a	False
L2J_Mobius_CT_2.6_HighFive/docs/phantoms/tasks/PHANTOM-M1-CHECKPOINT-RECOVERY-025/evidence/FINAL_R4_D_A/sealed/759-147819087542000-3849.properties	715	d3686619f5370ff9660cc0496622769ac810e53818edea07fe0494c8909b6383	False
L2J_Mobius_CT_2.6_HighFive/docs/phantoms/tasks/PHANTOM-M1-CHECKPOINT-RECOVERY-025/evidence/FINAL_R4_D_A/sealed/759-147819087542000-3851.properties	714	90da25c467a5ae676b0b8d401fb890c4f0e56e8293a7793c702a52a283ee038f	False
L2J_Mobius_CT_2.6_HighFive/docs/phantoms/tasks/PHANTOM-M1-CHECKPOINT-RECOVERY-025/evidence/FINAL_R4_D_A/sealed/759-147819087542000-3853.properties	715	7b563afc7694e277c1116520971433eac0866c5dc09276a6f84ed42cd4822034	False
L2J_Mobius_CT_2.6_HighFive/docs/phantoms/tasks/PHANTOM-M1-CHECKPOINT-RECOVERY-025/evidence/FINAL_R4_D_A/sealed/759-147819087542000-3855.properties	715	004d1bcbad98ea10ba1e08fcf0f2ea1135cbd2098aecc6ec35024f0c5d8bec1e	False
L2J_Mobius_CT_2.6_HighFive/docs/phantoms/tasks/PHANTOM-M1-CHECKPOINT-RECOVERY-025/evidence/FINAL_R4_D_A/sealed/759-147819087542000-3857.properties	727	cb6c249f01a172d47fc41e5e0d4381541e70850db03945bc0f5554e175d77986	False
L2J_Mobius_CT_2.6_HighFive/docs/phantoms/tasks/PHANTOM-M1-CHECKPOINT-RECOVERY-025/evidence/FINAL_R4_D_A/sealed/759-147819087542000-3859.properties	716	d7bf83c06eaa1f2679254810554e3767a70737181e1d1faa5f28a600c807f003	False
L2J_Mobius_CT_2.6_HighFive/docs/phantoms/tasks/PHANTOM-M1-CHECKPOINT-RECOVERY-025/evidence/FINAL_R4_D_A/sealed/876-147819100606000-4570.properties	730	282faadccfd9107f0c5ed318a69a06e3ddc6c0522c759fd390ef96f201dc7369	False
L2J_Mobius_CT_2.6_HighFive/docs/phantoms/tasks/PHANTOM-M1-CHECKPOINT-RECOVERY-025/evidence/FINAL_R4_D_A/sealed/876-147819100606000-4572.properties	716	63ab7310a9b7f6f49705905e80bb7fb5706560439ebecbff1bbfd3d0ad047d96	False
L2J_Mobius_CT_2.6_HighFive/docs/phantoms/tasks/PHANTOM-M1-CHECKPOINT-RECOVERY-025/evidence/FINAL_R4_D_A/sealed/876-147819100606000-4574.properties	715	ebb827b5ebccb623067366fe7add20efe56476d7cab1d090c4051f2701e760a3	False
L2J_Mobius_CT_2.6_HighFive/docs/phantoms/tasks/PHANTOM-M1-CHECKPOINT-RECOVERY-025/evidence/FINAL_R4_D_A/sealed/876-147819100606000-4576.properties	712	21ca10f113756162ab767aa953aa2d91046dc8862b83fdc3048c66e6c3a84f97	False
L2J_Mobius_CT_2.6_HighFive/docs/phantoms/tasks/PHANTOM-M1-CHECKPOINT-RECOVERY-025/evidence/FINAL_R4_D_A/sealed/924-147819388086700-5518.properties	746	3bb528f755583642545a89be1dd185dc5d1ae41520fe213b35da096da5f9271c	False
L2J_Mobius_CT_2.6_HighFive/docs/phantoms/tasks/PHANTOM-M1-CHECKPOINT-RECOVERY-025/evidence/FINAL_R4_D_A/sealed/924-147819388086700-5520.properties	719	9d107d0e66b2222e3b5aab97c561f96ccdff380c7e865f6b58eed7bff5b4d427	False
L2J_Mobius_CT_2.6_HighFive/docs/phantoms/tasks/PHANTOM-M1-CHECKPOINT-RECOVERY-025/evidence/FINAL_R4_D_A/sealed/994-147818888359100-3949.properties	742	ae106d6ad179ee33d744af2bcec7ae51275fffa3365e80d1352261046bb5cfd8	False
L2J_Mobius_CT_2.6_HighFive/docs/phantoms/tasks/PHANTOM-M1-CHECKPOINT-RECOVERY-025/evidence/FINAL_R4_D_A/sealed/994-147818888359100-3951.properties	715	96fcee648b2f1faea8150282d4dd1f523e5393bea29f3d457b7af183b6a4cfef	False
L2J_Mobius_CT_2.6_HighFive/docs/phantoms/tasks/PHANTOM-M1-CHECKPOINT-RECOVERY-025/evidence/FINAL_R4_D_A/sealed/994-147818888359100-3953.properties	715	89ec4cdb444d0a6fb515d64e0e45e3748797582ce517066f07dbaf823f29a7b6	False
L2J_Mobius_CT_2.6_HighFive/docs/phantoms/tasks/PHANTOM-M1-CHECKPOINT-RECOVERY-025/evidence/FINAL_R4_D_A/sealed/994-147818888359100-3955.properties	728	987160897f97af40e78a9e2e96fe111d2c7832e13b3c9b2018bf0ad06c97c91b	False
L2J_Mobius_CT_2.6_HighFive/docs/phantoms/tasks/PHANTOM-M1-CHECKPOINT-RECOVERY-025/evidence/FINAL_R4_D_A/sealed/994-147818888359100-3957.properties	727	bb0a62ff3fb357b2b84a9e0d78c1c6039b97f9a5ac5424a3cde93d93b9dede04	False
L2J_Mobius_CT_2.6_HighFive/docs/phantoms/tasks/PHANTOM-M1-CHECKPOINT-RECOVERY-025/evidence/FINAL_R4_D_A/sealed/994-147818888359100-3959.properties	728	10c0a0857bf583ad42ef4e4da0c460e66a6d4c85b9cfb1f7cc46e4a3c55e1424	False
L2J_Mobius_CT_2.6_HighFive/docs/phantoms/tasks/PHANTOM-M1-CHECKPOINT-RECOVERY-025/evidence/FINAL_R4_D_A/sealed/994-147818888359100-3961.properties	727	dab103e5d70dc8ef394dc1c2d550f47ec02359bcc48891c552dec16e9f737e68	False
L2J_Mobius_CT_2.6_HighFive/docs/phantoms/tasks/PHANTOM-M1-CHECKPOINT-RECOVERY-025/evidence/FINAL_R4_D_A/sealed/994-147818888359100-3963.properties	728	f8873335055b8a9cf3a9b469f75e79ea850c14940fff416c0510cef7665b4b89	False
L2J_Mobius_CT_2.6_HighFive/docs/phantoms/tasks/PHANTOM-M1-CHECKPOINT-RECOVERY-025/evidence/FINAL_R4_D_A/sealed/994-147818888359100-3965.properties	727	60b7d8f96c4b8bf295447c218dce62daa36f30102955ac97f8e3db3e427f5637	False
L2J_Mobius_CT_2.6_HighFive/docs/phantoms/tasks/PHANTOM-M1-CHECKPOINT-RECOVERY-025/evidence/FINAL_R4_D_A/sealed/994-147818888359100-3967.properties	714	b032ec9f26c7f6b2f69609f7cc7b54aa80de69dfbdd76d3a5807b6951a48962c	False
L2J_Mobius_CT_2.6_HighFive/docs/phantoms/tasks/PHANTOM-M1-CHECKPOINT-RECOVERY-025/evidence/FINAL_R4_D_A/sealed/observer-installed.properties	129	33544137f13a176a4d114063711645c315d0776ac212dd55937ee71388badf4c	False
L2J_Mobius_CT_2.6_HighFive/docs/phantoms/tasks/PHANTOM-M1-CHECKPOINT-RECOVERY-025/evidence/FINAL_R4_D_A/sealed/observer-status-148356128492000.properties	85	b60a9a9fd76aeb955a05645d93a35b1763ac5eb6dc283d145a0bbafabaaf4e9a	False
L2J_Mobius_CT_2.6_HighFive/docs/phantoms/tasks/PHANTOM-M1-CHECKPOINT-RECOVERY-025/evidence/FINAL_R4_D_A/sealed/observer-status-148370622319400.properties	85	1dd359988330a8deb3d19b7da6559e9f771bc04575417afcfc6f267cbbc33a88	False
L2J_Mobius_CT_2.6_HighFive/docs/phantoms/tasks/PHANTOM-M1-CHECKPOINT-RECOVERY-025/evidence/FINAL_R4_D_A/synthetic-start.json	111	6b61036767f1039dd904ee23b5af91ff4eae7e067345f35961255fdbc4d72d51	False
L2J_Mobius_CT_2.6_HighFive/docs/phantoms/tasks/PHANTOM-M1-CHECKPOINT-RECOVERY-025/evidence/FINAL_R4_D_A/synthetic-stop.json	113	e9962d1a9b5da5b3ed1c9590a0ffe713aa12c3a0e93668fe3ea82d14ddd39ff0	False
L2J_Mobius_CT_2.6_HighFive/docs/phantoms/tasks/PHANTOM-M1-CHECKPOINT-RECOVERY-025/evidence/FINAL_R4_D_A_CORRELATION.log	1498	944ef5e1ba46a225f010f99fdb90ae1f1ae730d7bc33a3dbcc8c3b55e2cadcab	False
L2J_Mobius_CT_2.6_HighFive/docs/phantoms/tasks/PHANTOM-M1-CHECKPOINT-RECOVERY-025/evidence/FINAL_R4_SCENE_A/0001-STATUS.json	1224	e898a09bd7b30daba479aa4f393cf3cfcc782d7ab512f6478618fa7cbdc4f641	False
L2J_Mobius_CT_2.6_HighFive/docs/phantoms/tasks/PHANTOM-M1-CHECKPOINT-RECOVERY-025/evidence/FINAL_R4_SCENE_A/0001-STATUS.xml	1174	29ec7e8ad29680d0dbf1780cc19cb903ca0d46cfebb7ecb89efc2f6a5d4f3fd1	False
L2J_Mobius_CT_2.6_HighFive/docs/phantoms/tasks/PHANTOM-M1-CHECKPOINT-RECOVERY-025/evidence/FINAL_R4_SCENE_A/0002-TELEPORT_SELF.json	1160	ffd9fdd4a0f2da538dc25b5405dca87ced52c7e43b4b2a18b4437ca519dee140	False
L2J_Mobius_CT_2.6_HighFive/docs/phantoms/tasks/PHANTOM-M1-CHECKPOINT-RECOVERY-025/evidence/FINAL_R4_SCENE_A/0002-TELEPORT_SELF.xml	1120	640f4550381df326be1c365072eab8f1690faf829de8f81da1cb75d8a176e2b0	False
L2J_Mobius_CT_2.6_HighFive/docs/phantoms/tasks/PHANTOM-M1-CHECKPOINT-RECOVERY-025/evidence/FINAL_R4_SCENE_A/0003-STATUS.json	1227	c48609d28f7705ea95c9d317829769aae2a0d3608288871d01296e3bc9cc5624	False
L2J_Mobius_CT_2.6_HighFive/docs/phantoms/tasks/PHANTOM-M1-CHECKPOINT-RECOVERY-025/evidence/FINAL_R4_SCENE_A/0003-STATUS.xml	1177	2e4df54f9fb9256917432e504c4c2e18ca9764995bc23d00c17ab5246a952837	False
L2J_Mobius_CT_2.6_HighFive/docs/phantoms/tasks/PHANTOM-M1-CHECKPOINT-RECOVERY-025/evidence/FINAL_R4_SCENE_A/0004-SNAPSHOT_PHANTOMS.json	42378	cd5c138791b08f4f1ed789ad84b7b0ccc2e1c817753de0e80cca61353fb0ebee	False
L2J_Mobius_CT_2.6_HighFive/docs/phantoms/tasks/PHANTOM-M1-CHECKPOINT-RECOVERY-025/evidence/FINAL_R4_SCENE_A/0004-SNAPSHOT_PHANTOMS.xml	40132	6708585aef58b15075ef4eabd6108ff33b6d98a1846fdc2b6ebd26922bcd955c	False
L2J_Mobius_CT_2.6_HighFive/docs/phantoms/tasks/PHANTOM-M1-CHECKPOINT-RECOVERY-025/evidence/FINAL_R4_SCENE_A/0005-SNAPSHOT_PHANTOMS.json	1704	7e302bc6959274e0d2791f1da3f1cf9500829024084438206f52f4e5927a9a21	False
L2J_Mobius_CT_2.6_HighFive/docs/phantoms/tasks/PHANTOM-M1-CHECKPOINT-RECOVERY-025/evidence/FINAL_R4_SCENE_A/0005-SNAPSHOT_PHANTOMS.xml	1620	eaa9ae1f6ba68911a8f2467b9775302b7e11983ed77e1d2ecb82ac288e070a64	False
L2J_Mobius_CT_2.6_HighFive/docs/phantoms/tasks/PHANTOM-M1-CHECKPOINT-RECOVERY-025/evidence/FINAL_R4_SCENE_A/0006-SNAPSHOT_PHANTOMS.json	42730	ea07cda303807105a14eeba3a0e1306133424cd84817c911a21052aec274d813	False
L2J_Mobius_CT_2.6_HighFive/docs/phantoms/tasks/PHANTOM-M1-CHECKPOINT-RECOVERY-025/evidence/FINAL_R4_SCENE_A/0006-SNAPSHOT_PHANTOMS.xml	40484	ca48c5130234ac2af38404d49814fcbf8147c2cbb9e1a915f2d824d9d04dc9d9	False
L2J_Mobius_CT_2.6_HighFive/docs/phantoms/tasks/PHANTOM-M1-CHECKPOINT-RECOVERY-025/evidence/FINAL_R4_SCENE_A/0007-SNAPSHOT_PHANTOMS.json	1704	33d168a54f321f177cb9f94620b80b01f37cc59563eae645dd28702d951d422f	False
L2J_Mobius_CT_2.6_HighFive/docs/phantoms/tasks/PHANTOM-M1-CHECKPOINT-RECOVERY-025/evidence/FINAL_R4_SCENE_A/0007-SNAPSHOT_PHANTOMS.xml	1620	1f0524920b071779655980b0f03ff75385b95b2c04e35a0af51d14dd5a968425	False
L2J_Mobius_CT_2.6_HighFive/docs/phantoms/tasks/PHANTOM-M1-CHECKPOINT-RECOVERY-025/evidence/FINAL_R4_SCENE_A/0008-SNAPSHOT_PHANTOMS.json	42680	14289b62276e4b69f9e18d71b86a102d3233b0a320592cde3bc9e887bc541e08	False
L2J_Mobius_CT_2.6_HighFive/docs/phantoms/tasks/PHANTOM-M1-CHECKPOINT-RECOVERY-025/evidence/FINAL_R4_SCENE_A/0008-SNAPSHOT_PHANTOMS.xml	40434	20eaea00b7e197539cf11e67011955b1436afb1839633ab38cda96d2418d7630	False
L2J_Mobius_CT_2.6_HighFive/docs/phantoms/tasks/PHANTOM-M1-CHECKPOINT-RECOVERY-025/evidence/FINAL_R4_SCENE_A/0009-SNAPSHOT_PHANTOMS.json	1704	ba8611f72862abb43aff49c892efe0aab06b36834c95fd3f4065b85430e4d6df	False
L2J_Mobius_CT_2.6_HighFive/docs/phantoms/tasks/PHANTOM-M1-CHECKPOINT-RECOVERY-025/evidence/FINAL_R4_SCENE_A/0009-SNAPSHOT_PHANTOMS.xml	1620	1d474601dd483d571de314518ee6b905c460184058d1784255adc5d201c45c00	False
L2J_Mobius_CT_2.6_HighFive/docs/phantoms/tasks/PHANTOM-M1-CHECKPOINT-RECOVERY-025/evidence/FINAL_R4_SCENE_A/0010-SNAPSHOT_PHANTOMS.json	42303	39f6610abd08decc240e348c518444d65b71c73d302c08fd9770849a0a9510af	False
L2J_Mobius_CT_2.6_HighFive/docs/phantoms/tasks/PHANTOM-M1-CHECKPOINT-RECOVERY-025/evidence/FINAL_R4_SCENE_A/0010-SNAPSHOT_PHANTOMS.xml	40057	33316edd4ef6248fd9d790000b40572407b348ca2e9ed60db704fdbcc0697ad7	False
L2J_Mobius_CT_2.6_HighFive/docs/phantoms/tasks/PHANTOM-M1-CHECKPOINT-RECOVERY-025/evidence/FINAL_R4_SCENE_A/0011-SNAPSHOT_PHANTOMS.json	1705	e96d18e620057b75c5bb31fe167e51e2465edf52cf1dbcfcc705cb13c0675182	False
L2J_Mobius_CT_2.6_HighFive/docs/phantoms/tasks/PHANTOM-M1-CHECKPOINT-RECOVERY-025/evidence/FINAL_R4_SCENE_A/0011-SNAPSHOT_PHANTOMS.xml	1621	4b894cdf5d0ca5aeeab72de40fe101c1343fda347bbb1c4153d2fdda258f1a7a	False
L2J_Mobius_CT_2.6_HighFive/docs/phantoms/tasks/PHANTOM-M1-CHECKPOINT-RECOVERY-025/evidence/FINAL_R4_SCENE_A/0012-SNAPSHOT_PHANTOMS.json	43391	3270e5237885fb7c25ae5b49f5752f9cb5f144fa3b353bba41d74090c27194d2	False
L2J_Mobius_CT_2.6_HighFive/docs/phantoms/tasks/PHANTOM-M1-CHECKPOINT-RECOVERY-025/evidence/FINAL_R4_SCENE_A/0012-SNAPSHOT_PHANTOMS.xml	41131	644e1ab4181eeb46d596b76ee7019b43e16917c3fc31bfc8dad9b7b3dd2f3f64	False
L2J_Mobius_CT_2.6_HighFive/docs/phantoms/tasks/PHANTOM-M1-CHECKPOINT-RECOVERY-025/evidence/FINAL_R4_SCENE_A/0013-SNAPSHOT_PHANTOMS.json	1699	7b91e496e7eee0046f93f8b4eccf3be8009badbfb5251d21125e01c6d48574c2	False
L2J_Mobius_CT_2.6_HighFive/docs/phantoms/tasks/PHANTOM-M1-CHECKPOINT-RECOVERY-025/evidence/FINAL_R4_SCENE_A/0013-SNAPSHOT_PHANTOMS.xml	1615	093ad3f86adf56435ba523dc3ca1112a2d2408e4b8c2cd4b48f72c9ae4f9aac3	False
L2J_Mobius_CT_2.6_HighFive/docs/phantoms/tasks/PHANTOM-M1-CHECKPOINT-RECOVERY-025/evidence/FINAL_R4_SCENE_A/0014-SNAPSHOT_PHANTOMS.json	42984	a8083f238d3e0757cda67f531d814050bda4d0a92df28e6765d2c47a41a9e712	False
L2J_Mobius_CT_2.6_HighFive/docs/phantoms/tasks/PHANTOM-M1-CHECKPOINT-RECOVERY-025/evidence/FINAL_R4_SCENE_A/0014-SNAPSHOT_PHANTOMS.xml	40710	dfbc2c3e1f03dfe8107faf6d7f0734e46a55b9b08dfe174b0ea5f91031d38f52	False
L2J_Mobius_CT_2.6_HighFive/docs/phantoms/tasks/PHANTOM-M1-CHECKPOINT-RECOVERY-025/evidence/FINAL_R4_SCENE_A/0015-SNAPSHOT_PHANTOMS.json	1823	6da4dff00445dac15610700fdd3c5361b7fbdaca7c73ba7b28db709705accae3	False
L2J_Mobius_CT_2.6_HighFive/docs/phantoms/tasks/PHANTOM-M1-CHECKPOINT-RECOVERY-025/evidence/FINAL_R4_SCENE_A/0015-SNAPSHOT_PHANTOMS.xml	1725	6fdbf8dae60b5d30d689241a6168abcb84c35fb204db3cbf294a4f8b75176cc0	False
L2J_Mobius_CT_2.6_HighFive/docs/phantoms/tasks/PHANTOM-M1-CHECKPOINT-RECOVERY-025/evidence/FINAL_R4_SCENE_A/0016-SNAPSHOT_PHANTOMS.json	43256	14b8d85a1c81e06c94e38736696b9e28e35a9782cb26f41b7b947b52ecb1b16d	False
L2J_Mobius_CT_2.6_HighFive/docs/phantoms/tasks/PHANTOM-M1-CHECKPOINT-RECOVERY-025/evidence/FINAL_R4_SCENE_A/0016-SNAPSHOT_PHANTOMS.xml	40982	77d8ed01a9b0c5af010d09d0c07a0d01717f487b7ae2a7012bdf63f734ee7f2b	False
L2J_Mobius_CT_2.6_HighFive/docs/phantoms/tasks/PHANTOM-M1-CHECKPOINT-RECOVERY-025/evidence/FINAL_R4_SCENE_A/0017-SNAPSHOT_PHANTOMS.json	1823	ae65d7eb5d6205b76f73fe1f1a664f821009c6c9c7110929b00ac8bc83674531	False
L2J_Mobius_CT_2.6_HighFive/docs/phantoms/tasks/PHANTOM-M1-CHECKPOINT-RECOVERY-025/evidence/FINAL_R4_SCENE_A/0017-SNAPSHOT_PHANTOMS.xml	1725	dd48a28500359d95d4dd0c4f26d70060ea6925ea9a1d316431be5aef3c7aaa2a	False
L2J_Mobius_CT_2.6_HighFive/docs/phantoms/tasks/PHANTOM-M1-CHECKPOINT-RECOVERY-025/evidence/FINAL_R4_SCENE_A/0018-SNAPSHOT_PHANTOMS.json	42924	93b1bc47c3d28a800fd8e057a34d1ef92a02b76bfdfff449c04f8932b0982f8e	False
L2J_Mobius_CT_2.6_HighFive/docs/phantoms/tasks/PHANTOM-M1-CHECKPOINT-RECOVERY-025/evidence/FINAL_R4_SCENE_A/0018-SNAPSHOT_PHANTOMS.xml	40664	e6f22ea0958069468aef0d13ee7fbe5d17056e099d5341a54d0845dfaf60d081	False
L2J_Mobius_CT_2.6_HighFive/docs/phantoms/tasks/PHANTOM-M1-CHECKPOINT-RECOVERY-025/evidence/FINAL_R4_SCENE_A/0019-SNAPSHOT_PHANTOMS.json	1821	105a913d7611cce55c6db0c03a1421a0fb69895087d5c1ae015235a949842fad	False
L2J_Mobius_CT_2.6_HighFive/docs/phantoms/tasks/PHANTOM-M1-CHECKPOINT-RECOVERY-025/evidence/FINAL_R4_SCENE_A/0019-SNAPSHOT_PHANTOMS.xml	1723	a5f2b020738f3b54807b2c99049f7e6172b69d46c4c5e76343b904588e450a0b	False
L2J_Mobius_CT_2.6_HighFive/docs/phantoms/tasks/PHANTOM-M1-CHECKPOINT-RECOVERY-025/evidence/FINAL_R4_SCENE_A/0020-SNAPSHOT_PHANTOMS.json	42862	9340525f764e5afc2e35780401d9675e99c4a86fb6a5edcbcfcfdbe744ce97e3	False
L2J_Mobius_CT_2.6_HighFive/docs/phantoms/tasks/PHANTOM-M1-CHECKPOINT-RECOVERY-025/evidence/FINAL_R4_SCENE_A/0020-SNAPSHOT_PHANTOMS.xml	40602	1a29eee4067e7947e58a6f4d85e0e014fc89875b14528f132d6db7db500fcff5	False
L2J_Mobius_CT_2.6_HighFive/docs/phantoms/tasks/PHANTOM-M1-CHECKPOINT-RECOVERY-025/evidence/FINAL_R4_SCENE_A/0021-SNAPSHOT_PHANTOMS.json	1823	4dbb3656e67f3724c91cac779bc9761a0db3e48d597b162e9c9f709f0a26ff34	False
L2J_Mobius_CT_2.6_HighFive/docs/phantoms/tasks/PHANTOM-M1-CHECKPOINT-RECOVERY-025/evidence/FINAL_R4_SCENE_A/0021-SNAPSHOT_PHANTOMS.xml	1725	c7a0e6c33ba5eb9a53d7dae478e2a5c7700ba819e4a20dc1d244a58fdd0167e0	False
L2J_Mobius_CT_2.6_HighFive/docs/phantoms/tasks/PHANTOM-M1-CHECKPOINT-RECOVERY-025/evidence/FINAL_R4_SCENE_A/0022-SNAPSHOT_PHANTOMS.json	42756	84686dd7964a149ffddcc7b1cd6d88b9026029686a28c11b0c4f3e550939cac8	False
L2J_Mobius_CT_2.6_HighFive/docs/phantoms/tasks/PHANTOM-M1-CHECKPOINT-RECOVERY-025/evidence/FINAL_R4_SCENE_A/0022-SNAPSHOT_PHANTOMS.xml	40496	1b89b1b5690945ee1aed6c16eaea9425942f2f6cccdae7b2f5feb9aa4aee2524	False
L2J_Mobius_CT_2.6_HighFive/docs/phantoms/tasks/PHANTOM-M1-CHECKPOINT-RECOVERY-025/evidence/FINAL_R4_SCENE_A/0023-SNAPSHOT_PHANTOMS.json	1823	b9bc618fbeb2d85fb53036810a8f88403bc4b89c2870bac0ea6c13b79a830e7a	False
L2J_Mobius_CT_2.6_HighFive/docs/phantoms/tasks/PHANTOM-M1-CHECKPOINT-RECOVERY-025/evidence/FINAL_R4_SCENE_A/0023-SNAPSHOT_PHANTOMS.xml	1725	a9761c36fbb1621d502e58700f5f52cc0c88c55c27024d92418b392d5c8d3bbb	False
L2J_Mobius_CT_2.6_HighFive/docs/phantoms/tasks/PHANTOM-M1-CHECKPOINT-RECOVERY-025/evidence/FINAL_R4_SCENE_A/0024-SNAPSHOT_PHANTOMS.json	42161	846ab54da84d14903e30d21df6bec9b7c41328fff8fb72ff5d2d49ca2e78226c	False
L2J_Mobius_CT_2.6_HighFive/docs/phantoms/tasks/PHANTOM-M1-CHECKPOINT-RECOVERY-025/evidence/FINAL_R4_SCENE_A/0024-SNAPSHOT_PHANTOMS.xml	39915	7ea0fc980ff7e208dca8182fa481a37c34b076671d2932bbdf9d3aed0a7e3f24	False
L2J_Mobius_CT_2.6_HighFive/docs/phantoms/tasks/PHANTOM-M1-CHECKPOINT-RECOVERY-025/evidence/FINAL_R4_SCENE_A/0025-SNAPSHOT_PHANTOMS.json	1820	cf496e23e565a6285d96ba8b7f987e9ed95f9a9daf2d808fd461ddcbf658ea46	False
L2J_Mobius_CT_2.6_HighFive/docs/phantoms/tasks/PHANTOM-M1-CHECKPOINT-RECOVERY-025/evidence/FINAL_R4_SCENE_A/0025-SNAPSHOT_PHANTOMS.xml	1722	4b31b93c89464f8ffc84028d9bd30128d9f582f586003a666557ed4a7c7e8e5e	False
L2J_Mobius_CT_2.6_HighFive/docs/phantoms/tasks/PHANTOM-M1-CHECKPOINT-RECOVERY-025/evidence/FINAL_R4_SCENE_A/0026-SNAPSHOT_PHANTOMS.json	42854	d5a383bf1529f67580f6ee495439f5a59bef24ec6bf968d2acf2c32770c3dc7f	False
L2J_Mobius_CT_2.6_HighFive/docs/phantoms/tasks/PHANTOM-M1-CHECKPOINT-RECOVERY-025/evidence/FINAL_R4_SCENE_A/0026-SNAPSHOT_PHANTOMS.xml	40608	b0db8410a16f127f5123dc2bea75cc0114fb3e91e704c31b5424f2f52c02ec6e	False
L2J_Mobius_CT_2.6_HighFive/docs/phantoms/tasks/PHANTOM-M1-CHECKPOINT-RECOVERY-025/evidence/FINAL_R4_SCENE_A/0027-SNAPSHOT_PHANTOMS.json	1703	99119f18d4c5367b2eb7be12b38a23f41dd9aeb2098c67aded8f4323d7e8afad	False
L2J_Mobius_CT_2.6_HighFive/docs/phantoms/tasks/PHANTOM-M1-CHECKPOINT-RECOVERY-025/evidence/FINAL_R4_SCENE_A/0027-SNAPSHOT_PHANTOMS.xml	1619	3ff8adb5e1abb197fa4a5e85f2b4b54b420a37a514b0b8022c6e1719f1c37cdb	False
L2J_Mobius_CT_2.6_HighFive/docs/phantoms/tasks/PHANTOM-M1-CHECKPOINT-RECOVERY-025/evidence/FINAL_R4_SCENE_A/0028-SNAPSHOT_PHANTOMS.json	42908	95d13267d89d1d254efb22c4d5b733a01490686dfcc55a169ce09f39019460db	False
L2J_Mobius_CT_2.6_HighFive/docs/phantoms/tasks/PHANTOM-M1-CHECKPOINT-RECOVERY-025/evidence/FINAL_R4_SCENE_A/0028-SNAPSHOT_PHANTOMS.xml	40648	d91899a8334219dabd51fb7b8da6a57bb028e490eacbe770f6a126218a619f3c	False
L2J_Mobius_CT_2.6_HighFive/docs/phantoms/tasks/PHANTOM-M1-CHECKPOINT-RECOVERY-025/evidence/FINAL_R4_SCENE_A/0029-SNAPSHOT_PHANTOMS.json	1706	ce210fd70206c89aa25dd107417b98a1e5240ac10b1909d19335e3db9e598ec9	False
L2J_Mobius_CT_2.6_HighFive/docs/phantoms/tasks/PHANTOM-M1-CHECKPOINT-RECOVERY-025/evidence/FINAL_R4_SCENE_A/0029-SNAPSHOT_PHANTOMS.xml	1622	628a602377e7fbe300bdd6b762211a00d42126f877ed8509ea588933c49e5125	False
L2J_Mobius_CT_2.6_HighFive/docs/phantoms/tasks/PHANTOM-M1-CHECKPOINT-RECOVERY-025/evidence/FINAL_R4_SCENE_A/0030-SNAPSHOT_PHANTOMS.json	42790	5c1ce24e1c4ca0fae69ecdbed9539d0654fc406b10df49479c2d41bab4ade250	False
L2J_Mobius_CT_2.6_HighFive/docs/phantoms/tasks/PHANTOM-M1-CHECKPOINT-RECOVERY-025/evidence/FINAL_R4_SCENE_A/0030-SNAPSHOT_PHANTOMS.xml	40530	45b1f27b2d75d4e7c2f2fc6564601a7c43259b1ae52e60f5a07b97cc40c55638	False
L2J_Mobius_CT_2.6_HighFive/docs/phantoms/tasks/PHANTOM-M1-CHECKPOINT-RECOVERY-025/evidence/FINAL_R4_SCENE_A/0031-SNAPSHOT_PHANTOMS.json	1705	3069ef9c158ca61dfe64970fcfd80a56443da11b80fb527bcbb4e713ff9cce1a	False
L2J_Mobius_CT_2.6_HighFive/docs/phantoms/tasks/PHANTOM-M1-CHECKPOINT-RECOVERY-025/evidence/FINAL_R4_SCENE_A/0031-SNAPSHOT_PHANTOMS.xml	1621	57cc9bc836b22ceabcf71c4834113fb65e4bfd0f3c7538d9e6f7027b2bf146d7	False
L2J_Mobius_CT_2.6_HighFive/docs/phantoms/tasks/PHANTOM-M1-CHECKPOINT-RECOVERY-025/evidence/FINAL_R4_SCENE_A/0032-SNAPSHOT_PHANTOMS.json	43149	adf272525aea3852d66d9873043e3960d8b0d6b9c03e22d9e33a783f20711ab3	False
L2J_Mobius_CT_2.6_HighFive/docs/phantoms/tasks/PHANTOM-M1-CHECKPOINT-RECOVERY-025/evidence/FINAL_R4_SCENE_A/0032-SNAPSHOT_PHANTOMS.xml	40889	362eea6515a087d6869795c52ca3a3cfde935981c3446d9f1a13fc68a3706b01	False
L2J_Mobius_CT_2.6_HighFive/docs/phantoms/tasks/PHANTOM-M1-CHECKPOINT-RECOVERY-025/evidence/FINAL_R4_SCENE_A/0033-SNAPSHOT_PHANTOMS.json	1702	db1cab918889669d2c116429ae7355db6c798913da4934a7830dd954b2f5a8ed	False
L2J_Mobius_CT_2.6_HighFive/docs/phantoms/tasks/PHANTOM-M1-CHECKPOINT-RECOVERY-025/evidence/FINAL_R4_SCENE_A/0033-SNAPSHOT_PHANTOMS.xml	1618	aa42d8dba922b363361b5281e485397a59e9b1d4d2df09766b5ff524287eb11a	False
L2J_Mobius_CT_2.6_HighFive/docs/phantoms/tasks/PHANTOM-M1-CHECKPOINT-RECOVERY-025/evidence/FINAL_R4_SCENE_A/0034-SNAPSHOT_PHANTOMS.json	42794	b1ed81a1a17a2ad7d9419f702bd0011858a5d9a30f6fac06e267d1e3e19d6c25	False
L2J_Mobius_CT_2.6_HighFive/docs/phantoms/tasks/PHANTOM-M1-CHECKPOINT-RECOVERY-025/evidence/FINAL_R4_SCENE_A/0034-SNAPSHOT_PHANTOMS.xml	40534	926ac908080d20f99eb077ff872f5348e9b35e7575fbc7cb1b66f12ae760a373	False
L2J_Mobius_CT_2.6_HighFive/docs/phantoms/tasks/PHANTOM-M1-CHECKPOINT-RECOVERY-025/evidence/FINAL_R4_SCENE_A/0035-SNAPSHOT_PHANTOMS.json	1699	e79ab1cd7254461c63df77cc1e4b68f37e090b8f3086b594d5789657192a5999	False
L2J_Mobius_CT_2.6_HighFive/docs/phantoms/tasks/PHANTOM-M1-CHECKPOINT-RECOVERY-025/evidence/FINAL_R4_SCENE_A/0035-SNAPSHOT_PHANTOMS.xml	1615	eb836c99751d68e8db3f20c0a915557456309317bcd3a103050d94271e989a08	False
L2J_Mobius_CT_2.6_HighFive/docs/phantoms/tasks/PHANTOM-M1-CHECKPOINT-RECOVERY-025/evidence/FINAL_R4_SCENE_A/0036-SNAPSHOT_PHANTOMS.json	43743	f263f5dac796b61059096c533f2a99bd14ecf73590385b919b06195e3f5bfff7	False
L2J_Mobius_CT_2.6_HighFive/docs/phantoms/tasks/PHANTOM-M1-CHECKPOINT-RECOVERY-025/evidence/FINAL_R4_SCENE_A/0036-SNAPSHOT_PHANTOMS.xml	41511	a6dd824df64c1de29bb53337ee239dba0baff505b303604dd68759326435b5b3	False
L2J_Mobius_CT_2.6_HighFive/docs/phantoms/tasks/PHANTOM-M1-CHECKPOINT-RECOVERY-025/evidence/FINAL_R4_SCENE_A/0037-SNAPSHOT_PHANTOMS.json	1705	f5e164449f4e042ebed89e4352d544703e4b5f1e90e680fac1423c04d10e06cc	False
L2J_Mobius_CT_2.6_HighFive/docs/phantoms/tasks/PHANTOM-M1-CHECKPOINT-RECOVERY-025/evidence/FINAL_R4_SCENE_A/0037-SNAPSHOT_PHANTOMS.xml	1621	3c30b34c223ee0abd89ec81cfedd8076f80c5189e18b447b37ee7e2a5cc45194	False
L2J_Mobius_CT_2.6_HighFive/docs/phantoms/tasks/PHANTOM-M1-CHECKPOINT-RECOVERY-025/evidence/FINAL_R4_SCENE_A/0038-SNAPSHOT_PHANTOMS.json	43604	0ecb2ed5b4ee295c1a703b3ad9dc437c8f920e528a7ef5d0c7ece99e4ea13430	False
L2J_Mobius_CT_2.6_HighFive/docs/phantoms/tasks/PHANTOM-M1-CHECKPOINT-RECOVERY-025/evidence/FINAL_R4_SCENE_A/0038-SNAPSHOT_PHANTOMS.xml	41358	b0b1cf372b90e0707fda96588f963c35c671ef2ec95b65693527f469b821c43d	False
L2J_Mobius_CT_2.6_HighFive/docs/phantoms/tasks/PHANTOM-M1-CHECKPOINT-RECOVERY-025/evidence/FINAL_R4_SCENE_A/0039-SNAPSHOT_PHANTOMS.json	1706	91d83e06b6e4942b88759f83727e60fd678f439de1224b8925c55ba07f1b5386	False
L2J_Mobius_CT_2.6_HighFive/docs/phantoms/tasks/PHANTOM-M1-CHECKPOINT-RECOVERY-025/evidence/FINAL_R4_SCENE_A/0039-SNAPSHOT_PHANTOMS.xml	1622	117d2efef38565ea2e8f566b07fba87abd772c58319732f5417c8dcef5a2d4d4	False
L2J_Mobius_CT_2.6_HighFive/docs/phantoms/tasks/PHANTOM-M1-CHECKPOINT-RECOVERY-025/evidence/FINAL_R4_SCENE_A/0040-SNAPSHOT_PHANTOMS.json	43740	cc8a18cccfc526c47f98590953cf8a0abef412cb7409b2702321de5b7744bfb9	False
L2J_Mobius_CT_2.6_HighFive/docs/phantoms/tasks/PHANTOM-M1-CHECKPOINT-RECOVERY-025/evidence/FINAL_R4_SCENE_A/0040-SNAPSHOT_PHANTOMS.xml	41480	a6c75c9f5c70dc4000d282baccae2cc79c0b26ad877c775892d240122dc223e4	False
L2J_Mobius_CT_2.6_HighFive/docs/phantoms/tasks/PHANTOM-M1-CHECKPOINT-RECOVERY-025/evidence/FINAL_R4_SCENE_A/0041-SNAPSHOT_PHANTOMS.json	1705	5db78d30f2f192385f6d461328454610308fb34f7abbdeaef04bd334ca33883c	False
L2J_Mobius_CT_2.6_HighFive/docs/phantoms/tasks/PHANTOM-M1-CHECKPOINT-RECOVERY-025/evidence/FINAL_R4_SCENE_A/0041-SNAPSHOT_PHANTOMS.xml	1621	379d9a6c2cf6c8153ed900f1bdaa741702ee65e75dd00472ac3edb62a3320bcc	False
L2J_Mobius_CT_2.6_HighFive/docs/phantoms/tasks/PHANTOM-M1-CHECKPOINT-RECOVERY-025/evidence/FINAL_R4_SCENE_A/0042-SNAPSHOT_PHANTOMS.json	43710	c19bfb7954e2438057bea5e381bca3fdb4f81cb222f67ad4780d07d2bf51c4c4	False
L2J_Mobius_CT_2.6_HighFive/docs/phantoms/tasks/PHANTOM-M1-CHECKPOINT-RECOVERY-025/evidence/FINAL_R4_SCENE_A/0042-SNAPSHOT_PHANTOMS.xml	41450	d6cda4f007044a563a98841305ab538f9861b611f76d5c7c3a191ea21d358a26	False
L2J_Mobius_CT_2.6_HighFive/docs/phantoms/tasks/PHANTOM-M1-CHECKPOINT-RECOVERY-025/evidence/FINAL_R4_SCENE_A/0043-SNAPSHOT_PHANTOMS.json	1706	ef245cfb2be072bd962454329e0aa5d96bbd787b8905cab6c0475f31c1445af5	False
L2J_Mobius_CT_2.6_HighFive/docs/phantoms/tasks/PHANTOM-M1-CHECKPOINT-RECOVERY-025/evidence/FINAL_R4_SCENE_A/0043-SNAPSHOT_PHANTOMS.xml	1622	079b62828bc2d7807641b187c8318bfe83e5027ea392d38db6dc25ddb3d0eff2	False
L2J_Mobius_CT_2.6_HighFive/docs/phantoms/tasks/PHANTOM-M1-CHECKPOINT-RECOVERY-025/evidence/FINAL_R4_SCENE_A/0044-SNAPSHOT_PHANTOMS.json	43825	858f1c09c2839bc16db60df3385749f9b647255ca55cbe7e8342b5e6f7323bf8	False
L2J_Mobius_CT_2.6_HighFive/docs/phantoms/tasks/PHANTOM-M1-CHECKPOINT-RECOVERY-025/evidence/FINAL_R4_SCENE_A/0044-SNAPSHOT_PHANTOMS.xml	41565	23c52853ad79b542d2cfb6926ee6dda831623d73e9b5afedca97ac60b3239b5f	False
L2J_Mobius_CT_2.6_HighFive/docs/phantoms/tasks/PHANTOM-M1-CHECKPOINT-RECOVERY-025/evidence/FINAL_R4_SCENE_A/0045-SNAPSHOT_PHANTOMS.json	1697	600499ac32cd7011d9c6234b5b60fc8d2abaea83543cbd73c16646f0c8509207	False
L2J_Mobius_CT_2.6_HighFive/docs/phantoms/tasks/PHANTOM-M1-CHECKPOINT-RECOVERY-025/evidence/FINAL_R4_SCENE_A/0045-SNAPSHOT_PHANTOMS.xml	1613	a25229bb7c4fb06ef565ee4b58250ce6487dd3c5744cf6fe1db79761b740aaae	False
L2J_Mobius_CT_2.6_HighFive/docs/phantoms/tasks/PHANTOM-M1-CHECKPOINT-RECOVERY-025/evidence/FINAL_R4_SCENE_A/0046-SNAPSHOT_PHANTOMS.json	44059	5748c4f4205b8a943181f3f7bb14e705f10c1802ea18be9a4972460f08a3ac2a	False
L2J_Mobius_CT_2.6_HighFive/docs/phantoms/tasks/PHANTOM-M1-CHECKPOINT-RECOVERY-025/evidence/FINAL_R4_SCENE_A/0046-SNAPSHOT_PHANTOMS.xml	41799	e8183b7f1fc0e10f13a258cfa6feb8ff1df69a2e49f68a0ba640b05757838c0d	False
L2J_Mobius_CT_2.6_HighFive/docs/phantoms/tasks/PHANTOM-M1-CHECKPOINT-RECOVERY-025/evidence/FINAL_R4_SCENE_A/0047-SNAPSHOT_PHANTOMS.json	1706	8d7f045ff945aa86ce4685dd51ffbcbc0e3cd11a09ce8c74d3f3d764abd95dcf	False
L2J_Mobius_CT_2.6_HighFive/docs/phantoms/tasks/PHANTOM-M1-CHECKPOINT-RECOVERY-025/evidence/FINAL_R4_SCENE_A/0047-SNAPSHOT_PHANTOMS.xml	1622	ddf1ad33c251bd78e251416c69892daa7cb4b7c7e77a7fd4b0793a9db10ca726	False
L2J_Mobius_CT_2.6_HighFive/docs/phantoms/tasks/PHANTOM-M1-CHECKPOINT-RECOVERY-025/evidence/FINAL_R4_SCENE_A/0048-SNAPSHOT_PHANTOMS.json	44050	8f389113ad533a8acbac1207e3113709efb517bb14ca6a77013a4ccc612102cb	False
L2J_Mobius_CT_2.6_HighFive/docs/phantoms/tasks/PHANTOM-M1-CHECKPOINT-RECOVERY-025/evidence/FINAL_R4_SCENE_A/0048-SNAPSHOT_PHANTOMS.xml	41790	085f7c9eac46a3109da422e90db0ae8a18540305fb2ae28c9d1f015063f1214e	False
L2J_Mobius_CT_2.6_HighFive/docs/phantoms/tasks/PHANTOM-M1-CHECKPOINT-RECOVERY-025/evidence/FINAL_R4_SCENE_A/0049-SNAPSHOT_PHANTOMS.json	1706	7ef884a51380d5927ab31fde2f626f37bf369df3930ee44ef2a7742fc2ff678b	False
L2J_Mobius_CT_2.6_HighFive/docs/phantoms/tasks/PHANTOM-M1-CHECKPOINT-RECOVERY-025/evidence/FINAL_R4_SCENE_A/0049-SNAPSHOT_PHANTOMS.xml	1622	1bfeb657fd4daf71d094fa21db03b082ac064935d21edaea539e02336d32e59c	False
L2J_Mobius_CT_2.6_HighFive/docs/phantoms/tasks/PHANTOM-M1-CHECKPOINT-RECOVERY-025/evidence/FINAL_R4_SCENE_A/0050-SNAPSHOT_PHANTOMS.json	43945	62fc46f075c86534ef5273d592cab1ea728cb434946ae9523698f496d8a7d06d	False
L2J_Mobius_CT_2.6_HighFive/docs/phantoms/tasks/PHANTOM-M1-CHECKPOINT-RECOVERY-025/evidence/FINAL_R4_SCENE_A/0050-SNAPSHOT_PHANTOMS.xml	41685	05921c1da821513a65936ed3ef647d16149851c038e5923c0d3c40de74a69b13	False
L2J_Mobius_CT_2.6_HighFive/docs/phantoms/tasks/PHANTOM-M1-CHECKPOINT-RECOVERY-025/evidence/FINAL_R4_SCENE_A/0051-SNAPSHOT_PHANTOMS.json	1705	ef2b52413d41581c374b077475f5af658b229799fdad190c2a4d409c74ab9893	False
L2J_Mobius_CT_2.6_HighFive/docs/phantoms/tasks/PHANTOM-M1-CHECKPOINT-RECOVERY-025/evidence/FINAL_R4_SCENE_A/0051-SNAPSHOT_PHANTOMS.xml	1621	4c64348a0bec4b8f36959cda5ea523de00ba98136d0506e4791dc7726d276ee5	False
L2J_Mobius_CT_2.6_HighFive/docs/phantoms/tasks/PHANTOM-M1-CHECKPOINT-RECOVERY-025/evidence/FINAL_R4_SCENE_A/0052-SNAPSHOT_PHANTOMS.json	43905	fd21d74f698ec2746e4d0dba9c6c97d82bf101fe743a540b850f87d72e7fd20a	False
L2J_Mobius_CT_2.6_HighFive/docs/phantoms/tasks/PHANTOM-M1-CHECKPOINT-RECOVERY-025/evidence/FINAL_R4_SCENE_A/0052-SNAPSHOT_PHANTOMS.xml	41645	8c5d509393120c81846862379c842366a75e83ae47aca7662b27407768b1195f	False
L2J_Mobius_CT_2.6_HighFive/docs/phantoms/tasks/PHANTOM-M1-CHECKPOINT-RECOVERY-025/evidence/FINAL_R4_SCENE_A/0053-SNAPSHOT_PHANTOMS.json	1705	823dd1eed556da3749e58371f29d02c26ba29493f903a31ae4b8b5565a52ce92	False
L2J_Mobius_CT_2.6_HighFive/docs/phantoms/tasks/PHANTOM-M1-CHECKPOINT-RECOVERY-025/evidence/FINAL_R4_SCENE_A/0053-SNAPSHOT_PHANTOMS.xml	1621	109bbb275958ee82ddbd0887bb88efd4229934c1ec63c371fab0207e796fadec	False
L2J_Mobius_CT_2.6_HighFive/docs/phantoms/tasks/PHANTOM-M1-CHECKPOINT-RECOVERY-025/evidence/FINAL_R4_SCENE_A/0054-SNAPSHOT_PHANTOMS.json	43939	2a2c747b45287340b690d739e1980a4248d2478200443e51f65ee0899abdd397	False
L2J_Mobius_CT_2.6_HighFive/docs/phantoms/tasks/PHANTOM-M1-CHECKPOINT-RECOVERY-025/evidence/FINAL_R4_SCENE_A/0054-SNAPSHOT_PHANTOMS.xml	41679	cd7649c236cf2701a7accd5c8b08dadcedbe39ba4f6d935838be01c62055ef39	False
L2J_Mobius_CT_2.6_HighFive/docs/phantoms/tasks/PHANTOM-M1-CHECKPOINT-RECOVERY-025/evidence/FINAL_R4_SCENE_A/0055-SNAPSHOT_PHANTOMS.json	1705	bfd08510d517694c1947fd4c382948054450c2edf6527a5be0333a68b296b131	False
L2J_Mobius_CT_2.6_HighFive/docs/phantoms/tasks/PHANTOM-M1-CHECKPOINT-RECOVERY-025/evidence/FINAL_R4_SCENE_A/0055-SNAPSHOT_PHANTOMS.xml	1621	2367c9a6d1db95b04fb755afaf35521e2c55a9ce898a46aa30a3032c1bebde32	False
L2J_Mobius_CT_2.6_HighFive/docs/phantoms/tasks/PHANTOM-M1-CHECKPOINT-RECOVERY-025/evidence/FINAL_R4_SCENE_A/0056-SNAPSHOT_PHANTOMS.json	43875	dd6f079182c5b64aaee68754b50f75ee178fe7e19e30d93311c2dbcf1e387977	False
L2J_Mobius_CT_2.6_HighFive/docs/phantoms/tasks/PHANTOM-M1-CHECKPOINT-RECOVERY-025/evidence/FINAL_R4_SCENE_A/0056-SNAPSHOT_PHANTOMS.xml	41601	94ecbea1bc8c3fc3c07fa3c2d242cfd3212b03f094ad2b9aaa79c0e76c34f45c	False
L2J_Mobius_CT_2.6_HighFive/docs/phantoms/tasks/PHANTOM-M1-CHECKPOINT-RECOVERY-025/evidence/FINAL_R4_SCENE_A/all-samples.json	1168528	0d955e14325cae6d81a052f01a62c6e7819a307f1e6729bc2c827e792085ad83	False
L2J_Mobius_CT_2.6_HighFive/docs/phantoms/tasks/PHANTOM-M1-CHECKPOINT-RECOVERY-025/evidence/FINAL_R4_SCENE_A/baseline-cohort.json	39676	6b22e7fa348d50bf691d84ebbe676844b6a99a084a8a62783cb2f5bdfc7ae3c3	False
L2J_Mobius_CT_2.6_HighFive/docs/phantoms/tasks/PHANTOM-M1-CHECKPOINT-RECOVERY-025/evidence/FINAL_R4_SCENE_A/baseline-inventory.tsv	11746	e9c16316fb438b22dc1d17b364e0e27250021ded25dd9ee63eea2418689ca4cc	False
L2J_Mobius_CT_2.6_HighFive/docs/phantoms/tasks/PHANTOM-M1-CHECKPOINT-RECOVERY-025/evidence/FINAL_R4_SCENE_A/cohort-002.json	42274	a030b0c2049f62124785b9eeaae4aa2efa904a97be18bd9b2eac5e9a8b59cefa	False
L2J_Mobius_CT_2.6_HighFive/docs/phantoms/tasks/PHANTOM-M1-CHECKPOINT-RECOVERY-025/evidence/FINAL_R4_SCENE_A/cohort-003.json	42223	ee42c4a862486a8422a86fa4124ba8dfb4417e66a6329bb28d799b1c97f4dc83	False
L2J_Mobius_CT_2.6_HighFive/docs/phantoms/tasks/PHANTOM-M1-CHECKPOINT-RECOVERY-025/evidence/FINAL_R4_SCENE_A/cohort-004.json	41850	f65d8dcf7dcbef3a049a111d34c3eda9f8655ac1495946d738a7ac3b8b03751a	False
L2J_Mobius_CT_2.6_HighFive/docs/phantoms/tasks/PHANTOM-M1-CHECKPOINT-RECOVERY-025/evidence/FINAL_R4_SCENE_A/cohort-005.json	42942	74c46c49493a940438d40da2d2abf783f5f3eb1f0d8a56df51e412b4381e3f51	False
L2J_Mobius_CT_2.6_HighFive/docs/phantoms/tasks/PHANTOM-M1-CHECKPOINT-RECOVERY-025/evidence/FINAL_R4_SCENE_A/cohort-006.json	42417	91938567480b4e816b1c51293a610bb9d760be9aa6d7e5d5125189e87247285b	False
L2J_Mobius_CT_2.6_HighFive/docs/phantoms/tasks/PHANTOM-M1-CHECKPOINT-RECOVERY-025/evidence/FINAL_R4_SCENE_A/cohort-007.json	42689	fb82c2f5f8fcb9cde247300dfc538185b9a53210079363852003bf06cd5511ee	False
L2J_Mobius_CT_2.6_HighFive/docs/phantoms/tasks/PHANTOM-M1-CHECKPOINT-RECOVERY-025/evidence/FINAL_R4_SCENE_A/cohort-008.json	42350	ba756a7e186000990c4c3129bbf9aff9821bd40fbd0e46b608b9c8b9929e9c49	False
L2J_Mobius_CT_2.6_HighFive/docs/phantoms/tasks/PHANTOM-M1-CHECKPOINT-RECOVERY-025/evidence/FINAL_R4_SCENE_A/cohort-009.json	42288	ea43b3c0d34c7eb5b068878f382b78d59af04ef04e3685490be40ba522bb08dc	False
L2J_Mobius_CT_2.6_HighFive/docs/phantoms/tasks/PHANTOM-M1-CHECKPOINT-RECOVERY-025/evidence/FINAL_R4_SCENE_A/cohort-010.json	42189	36eea6669504c158daeaae26d07f1943d0e49059a2f85c611180ca673afe772d	False
L2J_Mobius_CT_2.6_HighFive/docs/phantoms/tasks/PHANTOM-M1-CHECKPOINT-RECOVERY-025/evidence/FINAL_R4_SCENE_A/cohort-011.json	41589	fa9905796c7f2de0e3ca71d36d742f70431878672a93b191b814c365a90b860a	False
L2J_Mobius_CT_2.6_HighFive/docs/phantoms/tasks/PHANTOM-M1-CHECKPOINT-RECOVERY-025/evidence/FINAL_R4_SCENE_A/cohort-012.json	42397	9aae8e8ebd327c761a95aa0dab438527cf35c07bc535d1fca95fca0e1c79a7c3	False
L2J_Mobius_CT_2.6_HighFive/docs/phantoms/tasks/PHANTOM-M1-CHECKPOINT-RECOVERY-025/evidence/FINAL_R4_SCENE_A/cohort-013.json	42468	0c18cacd8a4d5daa8415a22f0d0219b13956c82b11fb36fe9a4da002332f29d0	False
L2J_Mobius_CT_2.6_HighFive/docs/phantoms/tasks/PHANTOM-M1-CHECKPOINT-RECOVERY-025/evidence/FINAL_R4_SCENE_A/cohort-014.json	42349	5cb01ee554a7ed1cae89ccc5ca36d1ebb45b7a7d892676f302763d65d3c8ba37	False
L2J_Mobius_CT_2.6_HighFive/docs/phantoms/tasks/PHANTOM-M1-CHECKPOINT-RECOVERY-025/evidence/FINAL_R4_SCENE_A/cohort-015.json	42700	816abec80e62ef063cfff6f534e850b8869c0180ddea2d8ab108a55beb7e5afb	False
L2J_Mobius_CT_2.6_HighFive/docs/phantoms/tasks/PHANTOM-M1-CHECKPOINT-RECOVERY-025/evidence/FINAL_R4_SCENE_A/cohort-016.json	42354	6376cc33ad288b6907de85afa9301db469eed276490d4790921b8651b7dfe0fb	False
L2J_Mobius_CT_2.6_HighFive/docs/phantoms/tasks/PHANTOM-M1-CHECKPOINT-RECOVERY-025/evidence/FINAL_R4_SCENE_A/cohort-017.json	43280	ce70e4e99137f901f85401a18051eded53e6e77888e12ba1829bc08fb692bc34	False
L2J_Mobius_CT_2.6_HighFive/docs/phantoms/tasks/PHANTOM-M1-CHECKPOINT-RECOVERY-025/evidence/FINAL_R4_SCENE_A/cohort-018.json	43147	82890b818b287b69f93a95edaef62d4f90eb72615f2a4ea8569023a4cfdd2661	False
L2J_Mobius_CT_2.6_HighFive/docs/phantoms/tasks/PHANTOM-M1-CHECKPOINT-RECOVERY-025/evidence/FINAL_R4_SCENE_A/cohort-019.json	43294	c29b3bc99f2fcbbfc30abc334ae8cbfb4c1d15e7633d0cae45e172382af4d4c9	False
L2J_Mobius_CT_2.6_HighFive/docs/phantoms/tasks/PHANTOM-M1-CHECKPOINT-RECOVERY-025/evidence/FINAL_R4_SCENE_A/cohort-020.json	43261	134306e22948114e15814aea29a69729664c36b5f834ed7772cd61ad874606cd	False
L2J_Mobius_CT_2.6_HighFive/docs/phantoms/tasks/PHANTOM-M1-CHECKPOINT-RECOVERY-025/evidence/FINAL_R4_SCENE_A/cohort-021.json	43382	743253541433575c1ab79dc8dcfd5deff0eaf7480c592ad06a4e44f4cb207c59	False
L2J_Mobius_CT_2.6_HighFive/docs/phantoms/tasks/PHANTOM-M1-CHECKPOINT-RECOVERY-025/evidence/FINAL_R4_SCENE_A/cohort-022.json	43609	f49cfa508bc8864dfdc3fd1096bb7345aad0890931b2fa2ba71afedc664f6166	False
L2J_Mobius_CT_2.6_HighFive/docs/phantoms/tasks/PHANTOM-M1-CHECKPOINT-RECOVERY-025/evidence/FINAL_R4_SCENE_A/cohort-023.json	43601	c2dd6b6e92b97458cb99d8b8d5613acca8a2bfb5374f1154f22cb848549e453a	False
L2J_Mobius_CT_2.6_HighFive/docs/phantoms/tasks/PHANTOM-M1-CHECKPOINT-RECOVERY-025/evidence/FINAL_R4_SCENE_A/cohort-024.json	43497	b6587deae879a5fbee25f523569e131277e527044427dfb5c738b872de2091ac	False
L2J_Mobius_CT_2.6_HighFive/docs/phantoms/tasks/PHANTOM-M1-CHECKPOINT-RECOVERY-025/evidence/FINAL_R4_SCENE_A/cohort-025.json	43457	e5b2ff79f2b5a049151046c0d0b47496471c1685b2bfd1e4d84eec6fcdad4807	False
L2J_Mobius_CT_2.6_HighFive/docs/phantoms/tasks/PHANTOM-M1-CHECKPOINT-RECOVERY-025/evidence/FINAL_R4_SCENE_A/cohort-026.json	43490	cb420cb60dc889c801e529512eaafaa56e9ad9609e1c772db9db169a7bb885e6	False
L2J_Mobius_CT_2.6_HighFive/docs/phantoms/tasks/PHANTOM-M1-CHECKPOINT-RECOVERY-025/evidence/FINAL_R4_SCENE_A/db-locks-first.tsv	3717	1fb31743a14e2a0bd571b628b503df35a70707000f4db833d5534fb7ca7773ec	False
L2J_Mobius_CT_2.6_HighFive/docs/phantoms/tasks/PHANTOM-M1-CHECKPOINT-RECOVERY-025/evidence/FINAL_R4_SCENE_A/exact-process-before-dump.json	158	53be00216727d8435719a0d4be56217d173f9555680d401dad7119d640ec6e15	False
L2J_Mobius_CT_2.6_HighFive/docs/phantoms/tasks/PHANTOM-M1-CHECKPOINT-RECOVERY-025/evidence/FINAL_R4_SCENE_A/heartbeat-control.log	0	e3b0c44298fc1c149afbf4c8996fb92427ae41e4649b934ca495991b7852b855	False
L2J_Mobius_CT_2.6_HighFive/docs/phantoms/tasks/PHANTOM-M1-CHECKPOINT-RECOVERY-025/evidence/FINAL_R4_SCENE_A/primary.json	9997	dd1c50c06bcb524590db1852f0cb14dc08ab504042bf3424c9ff41b5ec4e3ff0	False
L2J_Mobius_CT_2.6_HighFive/docs/phantoms/tasks/PHANTOM-M1-CHECKPOINT-RECOVERY-025/evidence/FINAL_R4_SCENE_A/run-id.txt	38	740d51549b24d7d90f5690a2d4602aa2121f9a703c5b52d1dc2de46a61f504b8	False
L2J_Mobius_CT_2.6_HighFive/docs/phantoms/tasks/PHANTOM-M1-CHECKPOINT-RECOVERY-025/evidence/FINAL_R4_SCENE_A/sealed/275-144459717337300-26621.properties	748	be8b5ab172c9c937169149b12c98656977c63913cdf85594333dfbc441ae2046	False
L2J_Mobius_CT_2.6_HighFive/docs/phantoms/tasks/PHANTOM-M1-CHECKPOINT-RECOVERY-025/evidence/FINAL_R4_SCENE_A/sealed/275-144459717337300-26623.properties	748	2622ac0b8c807ec56c92761b8824fae7cbb5f540c8e032cf000945596536b6ba	False
L2J_Mobius_CT_2.6_HighFive/docs/phantoms/tasks/PHANTOM-M1-CHECKPOINT-RECOVERY-025/evidence/FINAL_R4_SCENE_A/sealed/275-144459717337300-26625.properties	736	4cb8ab68b30979622d23d7de807d30d3e3dcd033b4de03734d059ffa739fde14	False
L2J_Mobius_CT_2.6_HighFive/docs/phantoms/tasks/PHANTOM-M1-CHECKPOINT-RECOVERY-025/evidence/FINAL_R4_SCENE_A/sealed/275-144459717337300-26627.properties	737	1f37ed14a1a4a70c231bdf1ed1e0606b8008aa6f9128e79e258734e96a5a176f	False
L2J_Mobius_CT_2.6_HighFive/docs/phantoms/tasks/PHANTOM-M1-CHECKPOINT-RECOVERY-025/evidence/FINAL_R4_SCENE_A/sealed/275-144459717337300-26629.properties	737	d41802133b604e9d9f8cca2b97960ffa355f1758a55c066d5ff9959772c3bc64	False
L2J_Mobius_CT_2.6_HighFive/docs/phantoms/tasks/PHANTOM-M1-CHECKPOINT-RECOVERY-025/evidence/FINAL_R4_SCENE_A/sealed/275-144459717337300-26631.properties	734	0262a39af00811901f0aa54c0e157f73a9b4e7df2d7cbf4c930921041529b6aa	False
L2J_Mobius_CT_2.6_HighFive/docs/phantoms/tasks/PHANTOM-M1-CHECKPOINT-RECOVERY-025/evidence/FINAL_R4_SCENE_A/sealed/389-144459733374200-16500.properties	717	90caab005f71021b10ad47548597274e2dab49d90fefee11b9c78846f760c3ab	False
L2J_Mobius_CT_2.6_HighFive/docs/phantoms/tasks/PHANTOM-M1-CHECKPOINT-RECOVERY-025/evidence/FINAL_R4_SCENE_A/sealed/389-144459733374200-16502.properties	717	14f296a23f985cbdabeb0f4deed70a0354ab1ace97677cd47d5a9fa01da9e6f3	False
L2J_Mobius_CT_2.6_HighFive/docs/phantoms/tasks/PHANTOM-M1-CHECKPOINT-RECOVERY-025/evidence/FINAL_R4_SCENE_A/sealed/389-144459733374200-16504.properties	717	fa71a677de45fd7633f8d891ed18091c086cc6d684b56f29337dd0a44dfa5fe1	False
L2J_Mobius_CT_2.6_HighFive/docs/phantoms/tasks/PHANTOM-M1-CHECKPOINT-RECOVERY-025/evidence/FINAL_R4_SCENE_A/sealed/424-144459754503000-3640.properties	715	c92be67438ad849704556e3a0e80eb0bfe1288919d32d6189e1b3da4336ebe8e	False
L2J_Mobius_CT_2.6_HighFive/docs/phantoms/tasks/PHANTOM-M1-CHECKPOINT-RECOVERY-025/evidence/FINAL_R4_SCENE_A/sealed/424-144459754503000-3642.properties	715	7c28464d2d1cabdeeb5aade7a8a17f8b11347ad30b80c624a6fa9893ba21a43c	False
L2J_Mobius_CT_2.6_HighFive/docs/phantoms/tasks/PHANTOM-M1-CHECKPOINT-RECOVERY-025/evidence/FINAL_R4_SCENE_A/sealed/424-144459754503000-3644.properties	714	b53265121b35d732f1a4ef0590b991ee62c4bcf082a8d781358f689bdab15c4e	False
L2J_Mobius_CT_2.6_HighFive/docs/phantoms/tasks/PHANTOM-M1-CHECKPOINT-RECOVERY-025/evidence/FINAL_R4_SCENE_A/sealed/424-144459754503000-3646.properties	718	34fe2a152551761c7b1e41862f2217e71d28d385c603d04b049a96654891adfc	False
L2J_Mobius_CT_2.6_HighFive/docs/phantoms/tasks/PHANTOM-M1-CHECKPOINT-RECOVERY-025/evidence/FINAL_R4_SCENE_A/sealed/424-144459754503000-3648.properties	718	fd7fabe98cf625edd51d23b1b43076c0630010bb1342588340419478268fa25a	False
L2J_Mobius_CT_2.6_HighFive/docs/phantoms/tasks/PHANTOM-M1-CHECKPOINT-RECOVERY-025/evidence/FINAL_R4_SCENE_A/sealed/424-144459754503000-3650.properties	713	3dba13afcead31a80e589f6617763a1d390c80e7ab7fd7422eb7bcde928a1f02	False
L2J_Mobius_CT_2.6_HighFive/docs/phantoms/tasks/PHANTOM-M1-CHECKPOINT-RECOVERY-025/evidence/FINAL_R4_SCENE_A/sealed/450-144459771263900-4775.properties	732	0e0b0a48f3ceca76a0571c07498d46e8ca9c00eed01aa0e8f4b9fc8c39884b73	False
L2J_Mobius_CT_2.6_HighFive/docs/phantoms/tasks/PHANTOM-M1-CHECKPOINT-RECOVERY-025/evidence/FINAL_R4_SCENE_A/sealed/450-144459771263900-4777.properties	732	08417aef7f5e103aef434f586a1768d37178636ff25457f672bf8425498b5add	False
L2J_Mobius_CT_2.6_HighFive/docs/phantoms/tasks/PHANTOM-M1-CHECKPOINT-RECOVERY-025/evidence/FINAL_R4_SCENE_A/sealed/450-144459771263900-4779.properties	732	d595a01148b50d23ddb1fdfa4f256823e0572eda435745d552c323c564c1e45f	False
L2J_Mobius_CT_2.6_HighFive/docs/phantoms/tasks/PHANTOM-M1-CHECKPOINT-RECOVERY-025/evidence/FINAL_R4_SCENE_A/sealed/450-144459771263900-4781.properties	728	c9a7845daa1dc85968ef7dfc7ae4276a9a04c0102a2015073b274f1113fa1474	False
L2J_Mobius_CT_2.6_HighFive/docs/phantoms/tasks/PHANTOM-M1-CHECKPOINT-RECOVERY-025/evidence/FINAL_R4_SCENE_A/sealed/452-144459783650300-8399.properties	748	40ed5414c02083287ee900d8522656e2db26b051bd9819c14b55c424201ee3a1	False
L2J_Mobius_CT_2.6_HighFive/docs/phantoms/tasks/PHANTOM-M1-CHECKPOINT-RECOVERY-025/evidence/FINAL_R4_SCENE_A/sealed/452-144459783650300-8401.properties	739	b36cd5c345a275b850234486f4937ffee67de430a8a49f3078d9427667881159	False
L2J_Mobius_CT_2.6_HighFive/docs/phantoms/tasks/PHANTOM-M1-CHECKPOINT-RECOVERY-025/evidence/FINAL_R4_SCENE_A/sealed/452-144459783650300-8403.properties	745	a6d7f04f7c554c5c44a86c0540eaf7e585bc474523599b014f65adb748963431	False
L2J_Mobius_CT_2.6_HighFive/docs/phantoms/tasks/PHANTOM-M1-CHECKPOINT-RECOVERY-025/evidence/FINAL_R4_SCENE_A/sealed/452-144459783650300-8405.properties	734	5fc58c775fcdeffabed51ad32e89e2caaaeb33e8790315dcf672fb69b9bf0fe4	False
L2J_Mobius_CT_2.6_HighFive/docs/phantoms/tasks/PHANTOM-M1-CHECKPOINT-RECOVERY-025/evidence/FINAL_R4_SCENE_A/sealed/452-144459783650300-8407.properties	735	d059345669af95e0314f35c22e36b536809b9867313e2a40ff55c659be720922	False
L2J_Mobius_CT_2.6_HighFive/docs/phantoms/tasks/PHANTOM-M1-CHECKPOINT-RECOVERY-025/evidence/FINAL_R4_SCENE_A/sealed/452-144459783650300-8409.properties	734	ece8c7495c98bf78e7d6a097ad5a252753cff1605bda696d5b5fe3c2af7677fb	False
L2J_Mobius_CT_2.6_HighFive/docs/phantoms/tasks/PHANTOM-M1-CHECKPOINT-RECOVERY-025/evidence/FINAL_R4_SCENE_A/sealed/452-144459783650300-8411.properties	745	6daadf96229e03f0a324eac828fac4fb6b81d8a7b107146b6084ba4bdf9dc068	False
L2J_Mobius_CT_2.6_HighFive/docs/phantoms/tasks/PHANTOM-M1-CHECKPOINT-RECOVERY-025/evidence/FINAL_R4_SCENE_A/sealed/452-144459783650300-8413.properties	748	d9d1cfed140922bfb9a04ee8a56db846e76079c6b81c72a260a54c66a442f12d	False
L2J_Mobius_CT_2.6_HighFive/docs/phantoms/tasks/PHANTOM-M1-CHECKPOINT-RECOVERY-025/evidence/FINAL_R4_SCENE_A/sealed/452-144459783650300-8415.properties	732	d33ab70853b17c517048c722ede8ccd2af8c3ab1b319eee94899b16b79205dfc	False
L2J_Mobius_CT_2.6_HighFive/docs/phantoms/tasks/PHANTOM-M1-CHECKPOINT-RECOVERY-025/evidence/FINAL_R4_SCENE_A/sealed/459-144459803462000-4386.properties	718	11dd5cc209935e84b3ade3928baea037865d8fc640d6a4b3248c37c32535d7c4	False
L2J_Mobius_CT_2.6_HighFive/docs/phantoms/tasks/PHANTOM-M1-CHECKPOINT-RECOVERY-025/evidence/FINAL_R4_SCENE_A/sealed/459-144459803462000-4388.properties	718	3145616ef8512339392b962fe361ae6a20d5d4dd656c4356f839fa3702a84b01	False
L2J_Mobius_CT_2.6_HighFive/docs/phantoms/tasks/PHANTOM-M1-CHECKPOINT-RECOVERY-025/evidence/FINAL_R4_SCENE_A/sealed/459-144459803462000-4390.properties	717	725f304b69bd4caf6f10df2b83737339f3e16c205086d3580e85ca42c1b628f9	False
L2J_Mobius_CT_2.6_HighFive/docs/phantoms/tasks/PHANTOM-M1-CHECKPOINT-RECOVERY-025/evidence/FINAL_R4_SCENE_A/sealed/459-144459803462000-4392.properties	718	305af6317d460fdfdee3307fba7f46f2a25548d50522b8a277bc251045a69a0f	False
L2J_Mobius_CT_2.6_HighFive/docs/phantoms/tasks/PHANTOM-M1-CHECKPOINT-RECOVERY-025/evidence/FINAL_R4_SCENE_A/sealed/459-144459803462000-4394.properties	718	af52819fccf8b1c13911c706720619d4b7e77acd8d653ff306eb782b747348f3	False
L2J_Mobius_CT_2.6_HighFive/docs/phantoms/tasks/PHANTOM-M1-CHECKPOINT-RECOVERY-025/evidence/FINAL_R4_SCENE_A/sealed/459-144459803462000-4396.properties	731	0cc640faf32e28f78aa146dcb8d2dd479c5586131c82488e2d9b58d8220fe594	False
L2J_Mobius_CT_2.6_HighFive/docs/phantoms/tasks/PHANTOM-M1-CHECKPOINT-RECOVERY-025/evidence/FINAL_R4_SCENE_A/sealed/459-144459803462000-4398.properties	710	3453dec1a51924f4163861c35f649c98b9fe81b1ea3e3e24626ec9067bf1fbe3	False
L2J_Mobius_CT_2.6_HighFive/docs/phantoms/tasks/PHANTOM-M1-CHECKPOINT-RECOVERY-025/evidence/FINAL_R4_SCENE_A/sealed/506-144459821680300-10543.properties	744	308299ec2bf8977b1db2760ebc837dc7621dc01c8cc107bac18b6009e6906258	False
L2J_Mobius_CT_2.6_HighFive/docs/phantoms/tasks/PHANTOM-M1-CHECKPOINT-RECOVERY-025/evidence/FINAL_R4_SCENE_A/sealed/506-144459821680300-10545.properties	736	7b8a9a1c5f53346731252c18cdf05c304afd1aa1a075a892902d74bb6db2bd23	False
L2J_Mobius_CT_2.6_HighFive/docs/phantoms/tasks/PHANTOM-M1-CHECKPOINT-RECOVERY-025/evidence/FINAL_R4_SCENE_A/sealed/506-144459821680300-10547.properties	736	f984854364e08b08c75a8db22fffb3a1dfd1432f6301082b83b784b28e080d7f	False
L2J_Mobius_CT_2.6_HighFive/docs/phantoms/tasks/PHANTOM-M1-CHECKPOINT-RECOVERY-025/evidence/FINAL_R4_SCENE_A/sealed/506-144459821680300-10549.properties	734	5a472b5a50f3ed530d2f84c18ff3f5763ecc269f936dd8114b5f3dd79dd49bee	False
L2J_Mobius_CT_2.6_HighFive/docs/phantoms/tasks/PHANTOM-M1-CHECKPOINT-RECOVERY-025/evidence/FINAL_R4_SCENE_A/sealed/506-144459821680300-10551.properties	734	eb3ef9ae33bac6b71723f33f73fc66240f459e6208981cdaaa1b39ccc1b54ec5	False
L2J_Mobius_CT_2.6_HighFive/docs/phantoms/tasks/PHANTOM-M1-CHECKPOINT-RECOVERY-025/evidence/FINAL_R4_SCENE_A/sealed/506-144459821680300-10553.properties	723	8402713b89e1d62034c49b950f7365b063450ba6ed35e67360404aa7741e1859	False
L2J_Mobius_CT_2.6_HighFive/docs/phantoms/tasks/PHANTOM-M1-CHECKPOINT-RECOVERY-025/evidence/FINAL_R4_SCENE_A/sealed/633-144459839433300-11387.properties	737	a6c0c85505ea5980c46c1dd2ee35671b8519909f07fcd18476301d3c3d479c9d	False
L2J_Mobius_CT_2.6_HighFive/docs/phantoms/tasks/PHANTOM-M1-CHECKPOINT-RECOVERY-025/evidence/FINAL_R4_SCENE_A/sealed/633-144459839433300-11389.properties	734	6ac0409fc05372c98984d4d03fbb886d4afa3760c163a0b8192d4c85478babad	False
L2J_Mobius_CT_2.6_HighFive/docs/phantoms/tasks/PHANTOM-M1-CHECKPOINT-RECOVERY-025/evidence/FINAL_R4_SCENE_A/sealed/633-144459839433300-11391.properties	732	a8dd0ba837e013eaabe802b15ae0b7456ee8d24f10f942884f0f9014fce3402d	False
L2J_Mobius_CT_2.6_HighFive/docs/phantoms/tasks/PHANTOM-M1-CHECKPOINT-RECOVERY-025/evidence/FINAL_R4_SCENE_A/sealed/observer-installed.properties	130	4858989bc38603f7aa066e54542d47f883827133e884d17f95847054bdaa32e8	False
L2J_Mobius_CT_2.6_HighFive/docs/phantoms/tasks/PHANTOM-M1-CHECKPOINT-RECOVERY-025/evidence/FINAL_R4_SCENE_A/sealed/observer-status-145192340288000.properties	85	26b014e090d90666d8eb63c544d8b538724deb7fcc93be479105eb60f9d927ad	False
L2J_Mobius_CT_2.6_HighFive/docs/phantoms/tasks/PHANTOM-M1-CHECKPOINT-RECOVERY-025/evidence/FINAL_R4_SCENE_A/sealed/observer-status-145202491162600.properties	85	f21ddc6b47a62045e4c6c1edb3c26112ac71cb59a863e121bdd3e7c7b4d8a4c8	False
L2J_Mobius_CT_2.6_HighFive/docs/phantoms/tasks/PHANTOM-M1-CHECKPOINT-RECOVERY-025/evidence/FINAL_R4_SCENE_A/synthetic-start.json	112	787e833d0140e9e3482424edf716609f8228a584e392502aa47da776f55f9911	False
L2J_Mobius_CT_2.6_HighFive/docs/phantoms/tasks/PHANTOM-M1-CHECKPOINT-RECOVERY-025/evidence/FINAL_R4_SCENE_A/synthetic-stop.json	114	b0747285cd816435af00b086ee3e24af6304c6a69787bdce160c4f083c17a63d	False
L2J_Mobius_CT_2.6_HighFive/docs/phantoms/tasks/PHANTOM-M1-CHECKPOINT-RECOVERY-025/evidence/FINAL_R4_SCENE_A/threads-uncertain-first.txt	210388	4e51b9c7309c0d411d2f6051fc57e3f87c138a490eb749e01b30ebf42ef23d10	False
L2J_Mobius_CT_2.6_HighFive/docs/phantoms/tasks/PHANTOM-M1-CHECKPOINT-RECOVERY-025/evidence/FINAL_R4_SCENE_B/0001-STATUS.json	1224	eeaeac45f6f9a98c5a498601eb544f458081b5d7d70eb55a17d938b45235a0d2	False
L2J_Mobius_CT_2.6_HighFive/docs/phantoms/tasks/PHANTOM-M1-CHECKPOINT-RECOVERY-025/evidence/FINAL_R4_SCENE_B/0001-STATUS.xml	1174	1dffc8ab0b118df9067c911df21e9ccd169ca17043d391d6d7c0b52b7eddbe68	False
L2J_Mobius_CT_2.6_HighFive/docs/phantoms/tasks/PHANTOM-M1-CHECKPOINT-RECOVERY-025/evidence/FINAL_R4_SCENE_B/0002-TELEPORT_SELF.json	1160	44bd7dbb2c25417c01e0a167a610d648c078e638187faa2640c4fcc04620a915	False
L2J_Mobius_CT_2.6_HighFive/docs/phantoms/tasks/PHANTOM-M1-CHECKPOINT-RECOVERY-025/evidence/FINAL_R4_SCENE_B/0002-TELEPORT_SELF.xml	1120	5aa30fa59a3022597794e834977848f7b43c523bde32e7cdc76b56643b94de7f	False
L2J_Mobius_CT_2.6_HighFive/docs/phantoms/tasks/PHANTOM-M1-CHECKPOINT-RECOVERY-025/evidence/FINAL_R4_SCENE_B/0003-STATUS.json	1227	1ade6bb055312f130cb9f7af7e7227c03f43fadd05a13069fe05c816765e5bee	False
L2J_Mobius_CT_2.6_HighFive/docs/phantoms/tasks/PHANTOM-M1-CHECKPOINT-RECOVERY-025/evidence/FINAL_R4_SCENE_B/0003-STATUS.xml	1177	f49b4a61c1fc4d49723c908a455f04f5c6748c27cd66500c3bab78531cc91b35	False
L2J_Mobius_CT_2.6_HighFive/docs/phantoms/tasks/PHANTOM-M1-CHECKPOINT-RECOVERY-025/evidence/FINAL_R4_SCENE_B/0004-SNAPSHOT_PHANTOMS.json	37089	21bc05d6ab1b8cbf4271dc05ecfc601b6e3cb8db352080d28e0da14ad1918027	False
L2J_Mobius_CT_2.6_HighFive/docs/phantoms/tasks/PHANTOM-M1-CHECKPOINT-RECOVERY-025/evidence/FINAL_R4_SCENE_B/0004-SNAPSHOT_PHANTOMS.xml	35115	fea46a8a5eba44ae8c291550883cc0be5b9f904901c81b930c52b7fe3cb0e592	False
L2J_Mobius_CT_2.6_HighFive/docs/phantoms/tasks/PHANTOM-M1-CHECKPOINT-RECOVERY-025/evidence/FINAL_R4_SCENE_B/0005-SNAPSHOT_PHANTOMS.json	37211	742a86810f404bc58fffee192767abbf279a28577e8c04cfb0882a6a7813ed14	False
L2J_Mobius_CT_2.6_HighFive/docs/phantoms/tasks/PHANTOM-M1-CHECKPOINT-RECOVERY-025/evidence/FINAL_R4_SCENE_B/0005-SNAPSHOT_PHANTOMS.xml	35237	6e2ce4a2d361e38af0e8350e5a14eed1a91fc9de8fce738fea986debc82447a5	False
L2J_Mobius_CT_2.6_HighFive/docs/phantoms/tasks/PHANTOM-M1-CHECKPOINT-RECOVERY-025/evidence/FINAL_R4_SCENE_B/0006-SNAPSHOT_PHANTOMS.json	37152	59492124e5933ce376b2ad52b884026f5d36a12b8175ad1c1c0c43ba8c8fb892	False
L2J_Mobius_CT_2.6_HighFive/docs/phantoms/tasks/PHANTOM-M1-CHECKPOINT-RECOVERY-025/evidence/FINAL_R4_SCENE_B/0006-SNAPSHOT_PHANTOMS.xml	35178	20408f9d3e076c2dc5ea1ea118a2e908fc828309556bb874138168485c0662fe	False
L2J_Mobius_CT_2.6_HighFive/docs/phantoms/tasks/PHANTOM-M1-CHECKPOINT-RECOVERY-025/evidence/FINAL_R4_SCENE_B/0007-SNAPSHOT_PHANTOMS.json	37435	0a522a831333c36338b8ab1285a3a17ce61170bb8ad6a0461d4c5f13e1eebcb6	False
L2J_Mobius_CT_2.6_HighFive/docs/phantoms/tasks/PHANTOM-M1-CHECKPOINT-RECOVERY-025/evidence/FINAL_R4_SCENE_B/0007-SNAPSHOT_PHANTOMS.xml	35461	bb18a25b2fb1811eed9b4215c44a8bd1508523994d52a91b91ff7f794c3ea07a	False
L2J_Mobius_CT_2.6_HighFive/docs/phantoms/tasks/PHANTOM-M1-CHECKPOINT-RECOVERY-025/evidence/FINAL_R4_SCENE_B/0008-SNAPSHOT_PHANTOMS.json	37511	b25d47e69baaf7e96b3591e05348b44ae6a60ef616e32525d33831684b3438c4	False
L2J_Mobius_CT_2.6_HighFive/docs/phantoms/tasks/PHANTOM-M1-CHECKPOINT-RECOVERY-025/evidence/FINAL_R4_SCENE_B/0008-SNAPSHOT_PHANTOMS.xml	35537	43d72a7cb62055557ba6996bebb2c146b8933a9158b75d943f3ee490544715d8	False
L2J_Mobius_CT_2.6_HighFive/docs/phantoms/tasks/PHANTOM-M1-CHECKPOINT-RECOVERY-025/evidence/FINAL_R4_SCENE_B/0009-SNAPSHOT_PHANTOMS.json	37798	57ed433686274a4b2eed232efb1c76f7fccfe30ef1cbba6e692038743cb835e3	False
L2J_Mobius_CT_2.6_HighFive/docs/phantoms/tasks/PHANTOM-M1-CHECKPOINT-RECOVERY-025/evidence/FINAL_R4_SCENE_B/0009-SNAPSHOT_PHANTOMS.xml	35810	602fe761a438d9eed0df20411849032ae1c448f2b46e2416ffe13d695c9873a2	False
L2J_Mobius_CT_2.6_HighFive/docs/phantoms/tasks/PHANTOM-M1-CHECKPOINT-RECOVERY-025/evidence/FINAL_R4_SCENE_B/0010-SNAPSHOT_PHANTOMS.json	37940	890433077ac60f11754d37923c8ad0f2e2f6d3f1f6b5f29deb2374a85801cc32	False
L2J_Mobius_CT_2.6_HighFive/docs/phantoms/tasks/PHANTOM-M1-CHECKPOINT-RECOVERY-025/evidence/FINAL_R4_SCENE_B/0010-SNAPSHOT_PHANTOMS.xml	35952	653b5f2dee28ef99e567cd3508819f861a44ac9f9c380be0499596c18b22d2d9	False
L2J_Mobius_CT_2.6_HighFive/docs/phantoms/tasks/PHANTOM-M1-CHECKPOINT-RECOVERY-025/evidence/FINAL_R4_SCENE_B/0011-SNAPSHOT_PHANTOMS.json	37513	4685db591b76d798c94ad6d0596222029ed3d316f148cea4869479533d8406a4	False
L2J_Mobius_CT_2.6_HighFive/docs/phantoms/tasks/PHANTOM-M1-CHECKPOINT-RECOVERY-025/evidence/FINAL_R4_SCENE_B/0011-SNAPSHOT_PHANTOMS.xml	35525	a85b837419a2da3e29507baa4ece3d1df02665f383a407c8a7653109858077dd	False
L2J_Mobius_CT_2.6_HighFive/docs/phantoms/tasks/PHANTOM-M1-CHECKPOINT-RECOVERY-025/evidence/FINAL_R4_SCENE_B/0012-SNAPSHOT_PHANTOMS.json	37352	ce9b11ee0ce3e48924eaa430de0513b8bca8a5725112958e6e3b9e9e3abd5956	False
L2J_Mobius_CT_2.6_HighFive/docs/phantoms/tasks/PHANTOM-M1-CHECKPOINT-RECOVERY-025/evidence/FINAL_R4_SCENE_B/0012-SNAPSHOT_PHANTOMS.xml	35378	8f756c84591f8f469bd057a6ed890b5408c8317053652a0e726b847bc78093ca	False
L2J_Mobius_CT_2.6_HighFive/docs/phantoms/tasks/PHANTOM-M1-CHECKPOINT-RECOVERY-025/evidence/FINAL_R4_SCENE_B/0013-SNAPSHOT_PHANTOMS.json	37161	3ef6f0a37fedbe18f699f7da8326f9dbdada540ed0cfe62a88e2f0a60e1a7d29	False
L2J_Mobius_CT_2.6_HighFive/docs/phantoms/tasks/PHANTOM-M1-CHECKPOINT-RECOVERY-025/evidence/FINAL_R4_SCENE_B/0013-SNAPSHOT_PHANTOMS.xml	35187	65501f0c153d7dbec460cbc20e787ce8c2521c036eacd2aca873306a70ab7e90	False
L2J_Mobius_CT_2.6_HighFive/docs/phantoms/tasks/PHANTOM-M1-CHECKPOINT-RECOVERY-025/evidence/FINAL_R4_SCENE_B/0014-SNAPSHOT_PHANTOMS.json	36639	72f8fdfd9aba77f58396e722709896bcf88479bbd9a70760939c45c440cf2b2d	False
L2J_Mobius_CT_2.6_HighFive/docs/phantoms/tasks/PHANTOM-M1-CHECKPOINT-RECOVERY-025/evidence/FINAL_R4_SCENE_B/0014-SNAPSHOT_PHANTOMS.xml	34693	ecc6330f7a2b9af60c95637150cf695155953f3ffe92e2eb2edaec417d0d1e9a	False
L2J_Mobius_CT_2.6_HighFive/docs/phantoms/tasks/PHANTOM-M1-CHECKPOINT-RECOVERY-025/evidence/FINAL_R4_SCENE_B/0015-SNAPSHOT_PHANTOMS.json	36683	3c19449c8ed2107dd501b77101f43fff768c0be6987205591d337ec8e5138e1f	False
L2J_Mobius_CT_2.6_HighFive/docs/phantoms/tasks/PHANTOM-M1-CHECKPOINT-RECOVERY-025/evidence/FINAL_R4_SCENE_B/0015-SNAPSHOT_PHANTOMS.xml	34737	b18d14d6bd9875624d2b127bfcc33c6757437c18779e57088c36835297c4c141	False
L2J_Mobius_CT_2.6_HighFive/docs/phantoms/tasks/PHANTOM-M1-CHECKPOINT-RECOVERY-025/evidence/FINAL_R4_SCENE_B/0016-SNAPSHOT_PHANTOMS.json	36798	08dbaf9654b187f90a8caac52bad44f7fe3c576e0b6ad106da83ae5dfabefdc6	False
L2J_Mobius_CT_2.6_HighFive/docs/phantoms/tasks/PHANTOM-M1-CHECKPOINT-RECOVERY-025/evidence/FINAL_R4_SCENE_B/0016-SNAPSHOT_PHANTOMS.xml	34852	62fe7765bb194181f3e32c3425d93f65abb223b6365c4f86d7877402d3da165f	False
L2J_Mobius_CT_2.6_HighFive/docs/phantoms/tasks/PHANTOM-M1-CHECKPOINT-RECOVERY-025/evidence/FINAL_R4_SCENE_B/0017-SNAPSHOT_PHANTOMS.json	36707	c72cf17ee30d1e5ee4a0f8f07733d08e31e73211478addd99c12cf98ba48baea	False
L2J_Mobius_CT_2.6_HighFive/docs/phantoms/tasks/PHANTOM-M1-CHECKPOINT-RECOVERY-025/evidence/FINAL_R4_SCENE_B/0017-SNAPSHOT_PHANTOMS.xml	34761	90a3ba1d78c3cac20be6202d2d9f256e34b77306301cd77560bc55a56f2bf10f	False
L2J_Mobius_CT_2.6_HighFive/docs/phantoms/tasks/PHANTOM-M1-CHECKPOINT-RECOVERY-025/evidence/FINAL_R4_SCENE_B/0018-SNAPSHOT_PHANTOMS.json	36780	35996412a685eae84e57d88685a99860787652fedf1f445bc5d4e912e333765b	False
L2J_Mobius_CT_2.6_HighFive/docs/phantoms/tasks/PHANTOM-M1-CHECKPOINT-RECOVERY-025/evidence/FINAL_R4_SCENE_B/0018-SNAPSHOT_PHANTOMS.xml	34820	d0f4d432c7162f3c533fd9350f6593cd71d4816be5cb394f987dd37c347b22bb	False
L2J_Mobius_CT_2.6_HighFive/docs/phantoms/tasks/PHANTOM-M1-CHECKPOINT-RECOVERY-025/evidence/FINAL_R4_SCENE_B/0019-SNAPSHOT_PHANTOMS.json	36788	7dd54a90a0f565efcd6c509d249278e1994848cddb002d4e7dd8539ff01d4775	False
L2J_Mobius_CT_2.6_HighFive/docs/phantoms/tasks/PHANTOM-M1-CHECKPOINT-RECOVERY-025/evidence/FINAL_R4_SCENE_B/0019-SNAPSHOT_PHANTOMS.xml	34828	85bb8d9a88547e1b798fef026e0b2276d9b4be566f304df8eb12f7ba397611e8	False
L2J_Mobius_CT_2.6_HighFive/docs/phantoms/tasks/PHANTOM-M1-CHECKPOINT-RECOVERY-025/evidence/FINAL_R4_SCENE_B/0020-SNAPSHOT_PHANTOMS.json	36639	c3e97cb6803aae1c62634a4b6f788861967fa9b319016a299e0d74530948f3c0	False
L2J_Mobius_CT_2.6_HighFive/docs/phantoms/tasks/PHANTOM-M1-CHECKPOINT-RECOVERY-025/evidence/FINAL_R4_SCENE_B/0020-SNAPSHOT_PHANTOMS.xml	34693	253a9aac357701af07f54589640f8e4fe00740353171f8d9fec775dfad802ef4	False
L2J_Mobius_CT_2.6_HighFive/docs/phantoms/tasks/PHANTOM-M1-CHECKPOINT-RECOVERY-025/evidence/FINAL_R4_SCENE_B/0021-SNAPSHOT_PHANTOMS.json	38540	38cdaf29661af018f562dbcd3b9a02e20e6405a0a8e37fca64144824f80f23f7	False
L2J_Mobius_CT_2.6_HighFive/docs/phantoms/tasks/PHANTOM-M1-CHECKPOINT-RECOVERY-025/evidence/FINAL_R4_SCENE_B/0021-SNAPSHOT_PHANTOMS.xml	36608	2d88549a1e2546de11f2f155e900074d3bece1ae81901e61764b4f9fc65e6d9a	False
L2J_Mobius_CT_2.6_HighFive/docs/phantoms/tasks/PHANTOM-M1-CHECKPOINT-RECOVERY-025/evidence/FINAL_R4_SCENE_B/0022-SNAPSHOT_PHANTOMS.json	38817	43faf6b707d2425dc010c09966532b4363eb8fd08668c3f251b3369b0a9f693e	False
L2J_Mobius_CT_2.6_HighFive/docs/phantoms/tasks/PHANTOM-M1-CHECKPOINT-RECOVERY-025/evidence/FINAL_R4_SCENE_B/0022-SNAPSHOT_PHANTOMS.xml	36871	d7446bff196afab809fc86f9078cae524c1512da16feac2665a082996065c1d5	False
L2J_Mobius_CT_2.6_HighFive/docs/phantoms/tasks/PHANTOM-M1-CHECKPOINT-RECOVERY-025/evidence/FINAL_R4_SCENE_B/0023-SNAPSHOT_PHANTOMS.json	39240	d389fa1e1e008d28203a5423c5a299c20d4353877eb0dfd69af6d519ad85d2d3	False
L2J_Mobius_CT_2.6_HighFive/docs/phantoms/tasks/PHANTOM-M1-CHECKPOINT-RECOVERY-025/evidence/FINAL_R4_SCENE_B/0023-SNAPSHOT_PHANTOMS.xml	37280	91ed0152762c2ebb871979888819247a2ac793e0fb4aad3711f09f0cc2b548bd	False
L2J_Mobius_CT_2.6_HighFive/docs/phantoms/tasks/PHANTOM-M1-CHECKPOINT-RECOVERY-025/evidence/FINAL_R4_SCENE_B/0024-SNAPSHOT_PHANTOMS.json	39154	d4a7a26d4c51d0ae37fadb2eabd1ddbbade5bbd4f3491808f182ad2c4dcb1a08	False
L2J_Mobius_CT_2.6_HighFive/docs/phantoms/tasks/PHANTOM-M1-CHECKPOINT-RECOVERY-025/evidence/FINAL_R4_SCENE_B/0024-SNAPSHOT_PHANTOMS.xml	37194	4b1ec0360a415bd84b1902ea48b9b4ce1aa48d6142ba78785e9955b1a94eb5d6	False
L2J_Mobius_CT_2.6_HighFive/docs/phantoms/tasks/PHANTOM-M1-CHECKPOINT-RECOVERY-025/evidence/FINAL_R4_SCENE_B/0025-SNAPSHOT_PHANTOMS.json	38958	d9b48b7e2a72e7ceebca90d005837685e8a21b2d124e4526dc2a908853b65587	False
L2J_Mobius_CT_2.6_HighFive/docs/phantoms/tasks/PHANTOM-M1-CHECKPOINT-RECOVERY-025/evidence/FINAL_R4_SCENE_B/0025-SNAPSHOT_PHANTOMS.xml	37012	0bece8b163bb294625d8be0dc6873724dd0647111c7afcc10a675f8b36f6b0a6	False
L2J_Mobius_CT_2.6_HighFive/docs/phantoms/tasks/PHANTOM-M1-CHECKPOINT-RECOVERY-025/evidence/FINAL_R4_SCENE_B/0026-SNAPSHOT_PHANTOMS.json	38824	6297bda1d147f8c620f8a0a3e35f6de4d9e89c44571a67203a3387f0eadbd09e	False
L2J_Mobius_CT_2.6_HighFive/docs/phantoms/tasks/PHANTOM-M1-CHECKPOINT-RECOVERY-025/evidence/FINAL_R4_SCENE_B/0026-SNAPSHOT_PHANTOMS.xml	36892	e09b89853d0f4417dfd45b3783d248aab98830c0218628eb3092e668f3df5d04	False
L2J_Mobius_CT_2.6_HighFive/docs/phantoms/tasks/PHANTOM-M1-CHECKPOINT-RECOVERY-025/evidence/FINAL_R4_SCENE_B/0027-SNAPSHOT_PHANTOMS.json	38671	6f34c62be8f66e97f0a7355feb3a6e9f7b2f3862bf180b0d12f7c1e05d99cf0a	False
L2J_Mobius_CT_2.6_HighFive/docs/phantoms/tasks/PHANTOM-M1-CHECKPOINT-RECOVERY-025/evidence/FINAL_R4_SCENE_B/0027-SNAPSHOT_PHANTOMS.xml	36739	df768f498f8b3af7586983ce5b125fba19026f25f5ebcfc982692ec875a89356	False
L2J_Mobius_CT_2.6_HighFive/docs/phantoms/tasks/PHANTOM-M1-CHECKPOINT-RECOVERY-025/evidence/FINAL_R4_SCENE_B/0028-SNAPSHOT_PHANTOMS.json	38854	d4bf89141d855868ef2cbb9031c239feb16b8a1dcebc9661aabdfacda600fb17	False
L2J_Mobius_CT_2.6_HighFive/docs/phantoms/tasks/PHANTOM-M1-CHECKPOINT-RECOVERY-025/evidence/FINAL_R4_SCENE_B/0028-SNAPSHOT_PHANTOMS.xml	36922	80c233886636c19084c76b1fa26c2e5de4b36f2771e62373e33501a174e0567a	False
L2J_Mobius_CT_2.6_HighFive/docs/phantoms/tasks/PHANTOM-M1-CHECKPOINT-RECOVERY-025/evidence/FINAL_R4_SCENE_B/0029-SNAPSHOT_PHANTOMS.json	38769	3dc229782726210c4c7cd704b685b308598851f68fe346867eb8e50f3f0dd506	False
L2J_Mobius_CT_2.6_HighFive/docs/phantoms/tasks/PHANTOM-M1-CHECKPOINT-RECOVERY-025/evidence/FINAL_R4_SCENE_B/0029-SNAPSHOT_PHANTOMS.xml	36823	32a6af9947f6104d994ed2daf6e74a766d16273de6c50a6c11a82be86dc423d9	False
L2J_Mobius_CT_2.6_HighFive/docs/phantoms/tasks/PHANTOM-M1-CHECKPOINT-RECOVERY-025/evidence/FINAL_R4_SCENE_B/0030-SNAPSHOT_PHANTOMS.json	38687	8c5861232550d76b7db32e3ca8d93951c5b481fd88e94343b77a45734e261263	False
L2J_Mobius_CT_2.6_HighFive/docs/phantoms/tasks/PHANTOM-M1-CHECKPOINT-RECOVERY-025/evidence/FINAL_R4_SCENE_B/0030-SNAPSHOT_PHANTOMS.xml	36755	3fffe6ec27c9df474a9e938ffc947aa93e3277becb71885b50c20fe6ce4c9f0c	False
L2J_Mobius_CT_2.6_HighFive/docs/phantoms/tasks/PHANTOM-M1-CHECKPOINT-RECOVERY-025/evidence/FINAL_R4_SCENE_B/0031-SNAPSHOT_PHANTOMS.json	38510	2fae386c9462a77bf226cba14cbb2fc8052c3f7e88188e8573092032ebb15e64	False
L2J_Mobius_CT_2.6_HighFive/docs/phantoms/tasks/PHANTOM-M1-CHECKPOINT-RECOVERY-025/evidence/FINAL_R4_SCENE_B/0031-SNAPSHOT_PHANTOMS.xml	36578	2e70b4090bdbe8f96d084bed6e4e37d885cd2daf440e9a21c65534bbbafb5234	False
L2J_Mobius_CT_2.6_HighFive/docs/phantoms/tasks/PHANTOM-M1-CHECKPOINT-RECOVERY-025/evidence/FINAL_R4_SCENE_B/all-samples.json	1091763	049b9006633546b390ffdeea887e16a35678e34fe46989b54d91707c62df0ee1	False
L2J_Mobius_CT_2.6_HighFive/docs/phantoms/tasks/PHANTOM-M1-CHECKPOINT-RECOVERY-025/evidence/FINAL_R4_SCENE_B/baseline-cohort.json	34403	fb96970fe5c1c520ad8fe976bd2b248f7c575332848d9dfb6e5b631518f9bcbf	False
L2J_Mobius_CT_2.6_HighFive/docs/phantoms/tasks/PHANTOM-M1-CHECKPOINT-RECOVERY-025/evidence/FINAL_R4_SCENE_B/baseline-inventory.tsv	6439	c87640c2d836c85858e204ba60a1c5104fcfca75b71286d7a959a55081f776ee	False
L2J_Mobius_CT_2.6_HighFive/docs/phantoms/tasks/PHANTOM-M1-CHECKPOINT-RECOVERY-025/evidence/FINAL_R4_SCENE_B/cohort-002.json	36481	546ad51bfd1a9361a9a1343467d3acaae63c7e930fad82adb00758b958cf9b76	False
L2J_Mobius_CT_2.6_HighFive/docs/phantoms/tasks/PHANTOM-M1-CHECKPOINT-RECOVERY-025/evidence/FINAL_R4_SCENE_B/cohort-003.json	36430	9beea9582521b65535015f7bbb09ba4f1c47815a770bc234e40978b0f49653c5	False
L2J_Mobius_CT_2.6_HighFive/docs/phantoms/tasks/PHANTOM-M1-CHECKPOINT-RECOVERY-025/evidence/FINAL_R4_SCENE_B/cohort-004.json	36706	47e52683096a0a239f762e73f1fe1db6a28241b213aad37f547fe44217a3609b	False
L2J_Mobius_CT_2.6_HighFive/docs/phantoms/tasks/PHANTOM-M1-CHECKPOINT-RECOVERY-025/evidence/FINAL_R4_SCENE_B/cohort-005.json	36783	4465c7565487c9290e983e6ab5b977eceb744a78efafb618cdb4625eb7f3f003	False
L2J_Mobius_CT_2.6_HighFive/docs/phantoms/tasks/PHANTOM-M1-CHECKPOINT-RECOVERY-025/evidence/FINAL_R4_SCENE_B/cohort-006.json	37084	0d57e546190bdb4d2058188d38467303e2f535c0466f8ccb5051376317709531	False
L2J_Mobius_CT_2.6_HighFive/docs/phantoms/tasks/PHANTOM-M1-CHECKPOINT-RECOVERY-025/evidence/FINAL_R4_SCENE_B/cohort-007.json	37214	7761c37f0cdf56915704cff905aa2d7daf2c5f45238f2d03e1b4feb0633cfb52	False
L2J_Mobius_CT_2.6_HighFive/docs/phantoms/tasks/PHANTOM-M1-CHECKPOINT-RECOVERY-025/evidence/FINAL_R4_SCENE_B/cohort-008.json	36789	b48d06cd034cfdcbdd8a4955e0b854e11b168f9420877fe69fc47a14e96fa5b3	False
L2J_Mobius_CT_2.6_HighFive/docs/phantoms/tasks/PHANTOM-M1-CHECKPOINT-RECOVERY-025/evidence/FINAL_R4_SCENE_B/cohort-009.json	36630	e17965b3548dad2248746ace072f2e5ab8ea5bf6d9289dcded170c90ca8a638c	False
L2J_Mobius_CT_2.6_HighFive/docs/phantoms/tasks/PHANTOM-M1-CHECKPOINT-RECOVERY-025/evidence/FINAL_R4_SCENE_B/cohort-010.json	36439	da8154172c0a7b7e3c7e895a4b112523d0bfa7c974980d41a511f5d37200031f	False
L2J_Mobius_CT_2.6_HighFive/docs/phantoms/tasks/PHANTOM-M1-CHECKPOINT-RECOVERY-025/evidence/FINAL_R4_SCENE_B/cohort-011.json	35903	daf69f66e96e2950ff0ce4ee278b7abc8bd90a668406ec80a3bd22884d5fb722	False
L2J_Mobius_CT_2.6_HighFive/docs/phantoms/tasks/PHANTOM-M1-CHECKPOINT-RECOVERY-025/evidence/FINAL_R4_SCENE_B/cohort-012.json	35950	948ebd25b59ec49f6c9ad7e3c0b7d222f18ba7e436b7b966f493e29921c7f445	False
L2J_Mobius_CT_2.6_HighFive/docs/phantoms/tasks/PHANTOM-M1-CHECKPOINT-RECOVERY-025/evidence/FINAL_R4_SCENE_B/cohort-013.json	36056	528427ff143f52ddb60c423bef1d16a6f521a5ee986c38851d17bae00fc0ef11	False
L2J_Mobius_CT_2.6_HighFive/docs/phantoms/tasks/PHANTOM-M1-CHECKPOINT-RECOVERY-025/evidence/FINAL_R4_SCENE_B/cohort-014.json	35965	0b977e288b21aee24b3f030cca52dd8e12d62e9588776507dab7ef29573d6440	False
L2J_Mobius_CT_2.6_HighFive/docs/phantoms/tasks/PHANTOM-M1-CHECKPOINT-RECOVERY-025/evidence/FINAL_R4_SCENE_B/cohort-015.json	36045	ef778d60df4cc078699c430ef854c0d4fb9ed9c4d7c41d2a2cde85b54ed259bc	False
L2J_Mobius_CT_2.6_HighFive/docs/phantoms/tasks/PHANTOM-M1-CHECKPOINT-RECOVERY-025/evidence/FINAL_R4_SCENE_B/cohort-016.json	36053	677a587bbcae960cf063a8f0191d374055fde18c96125bb6db5bbd5cc63e788b	False
L2J_Mobius_CT_2.6_HighFive/docs/phantoms/tasks/PHANTOM-M1-CHECKPOINT-RECOVERY-025/evidence/FINAL_R4_SCENE_B/cohort-017.json	35900	b24f515c1b1efd4c3e7ee887132f4a110f5bacfe0805ba872b0ea68e9d8da967	False
L2J_Mobius_CT_2.6_HighFive/docs/phantoms/tasks/PHANTOM-M1-CHECKPOINT-RECOVERY-025/evidence/FINAL_R4_SCENE_B/cohort-018.json	37791	c22ec6e4b3de5d465162a807a0e379881709375b402d99115b78cc52094a4493	False
L2J_Mobius_CT_2.6_HighFive/docs/phantoms/tasks/PHANTOM-M1-CHECKPOINT-RECOVERY-025/evidence/FINAL_R4_SCENE_B/cohort-019.json	38075	4ad99b3fb08f1830db0c138041a64840532752ffb2ab69a59617ee5bdb17bd43	False
L2J_Mobius_CT_2.6_HighFive/docs/phantoms/tasks/PHANTOM-M1-CHECKPOINT-RECOVERY-025/evidence/FINAL_R4_SCENE_B/cohort-020.json	38514	3f23746788a29c5bbce8164a928a1d3c49ec92fa36f49b7649d8c881e5673269	False
L2J_Mobius_CT_2.6_HighFive/docs/phantoms/tasks/PHANTOM-M1-CHECKPOINT-RECOVERY-025/evidence/FINAL_R4_SCENE_B/cohort-021.json	38430	a516fc371dc2a3d76517c1d574124c35ce9d5c6c41d1865357ec83c0085e9ece	False
L2J_Mobius_CT_2.6_HighFive/docs/phantoms/tasks/PHANTOM-M1-CHECKPOINT-RECOVERY-025/evidence/FINAL_R4_SCENE_B/cohort-022.json	38343	91729d929f4e3553b51f1a52134bbacb21c1df91c258036ee537a8cf6b5532d4	False
L2J_Mobius_CT_2.6_HighFive/docs/phantoms/tasks/PHANTOM-M1-CHECKPOINT-RECOVERY-025/evidence/FINAL_R4_SCENE_B/cohort-023.json	38198	48cdfa9b0b63ea76789044a64835d754bf7af7baa0ba35784f68772e382ce54c	False
L2J_Mobius_CT_2.6_HighFive/docs/phantoms/tasks/PHANTOM-M1-CHECKPOINT-RECOVERY-025/evidence/FINAL_R4_SCENE_B/cohort-024.json	38052	d39ef2a25b118bb32f276a68a614e86459a9b31557541347c74e2eb3b43181d7	False
L2J_Mobius_CT_2.6_HighFive/docs/phantoms/tasks/PHANTOM-M1-CHECKPOINT-RECOVERY-025/evidence/FINAL_R4_SCENE_B/cohort-025.json	38229	2ce66fdfa4c56cde0ba0ad35a10e90ad43046e92fc0086fc4bcb649f16890ce7	False
L2J_Mobius_CT_2.6_HighFive/docs/phantoms/tasks/PHANTOM-M1-CHECKPOINT-RECOVERY-025/evidence/FINAL_R4_SCENE_B/cohort-026.json	38159	364fd0ce3ffd678ca538c0da6319606b80f9f3618744c32084de15b25a54529c	False
L2J_Mobius_CT_2.6_HighFive/docs/phantoms/tasks/PHANTOM-M1-CHECKPOINT-RECOVERY-025/evidence/FINAL_R4_SCENE_B/cohort-027.json	38070	7aa303db16bcf15279f3db06798a06b11f59729a7508ac162b83b70b9e670717	False
L2J_Mobius_CT_2.6_HighFive/docs/phantoms/tasks/PHANTOM-M1-CHECKPOINT-RECOVERY-025/evidence/FINAL_R4_SCENE_B/cohort-028.json	37890	b220b05fce466e6a141067e4f33490dbcdedf2be689b253c9d5ba46072a40121	False
L2J_Mobius_CT_2.6_HighFive/docs/phantoms/tasks/PHANTOM-M1-CHECKPOINT-RECOVERY-025/evidence/FINAL_R4_SCENE_B/heartbeat-control.log	821	eb1528470686803cf052cefe9542f858daf982f9f0184c2ae657a8e9532ef212	False
L2J_Mobius_CT_2.6_HighFive/docs/phantoms/tasks/PHANTOM-M1-CHECKPOINT-RECOVERY-025/evidence/FINAL_R4_SCENE_B/primary.json	9651	8b4c2dd42e85ced4f37e36680b6b07a1956d369a9b23341a3e95082d62f888d1	False
L2J_Mobius_CT_2.6_HighFive/docs/phantoms/tasks/PHANTOM-M1-CHECKPOINT-RECOVERY-025/evidence/FINAL_R4_SCENE_B/run-id.txt	38	d82fb503782c4f2bea112fa346f6d30b52f5423c7712a884ff1f5f67a8e85030	False
L2J_Mobius_CT_2.6_HighFive/docs/phantoms/tasks/PHANTOM-M1-CHECKPOINT-RECOVERY-025/evidence/FINAL_R4_SCENE_B/sealed/424-146443713887400-3658.properties	725	bc6b9f8cd2af7d98260326272eb68d2b4b4e64e7ebad526ec00d2343eca38a45	False
L2J_Mobius_CT_2.6_HighFive/docs/phantoms/tasks/PHANTOM-M1-CHECKPOINT-RECOVERY-025/evidence/FINAL_R4_SCENE_B/sealed/424-146443713887400-3660.properties	713	575bb230c408d4cc08cd74796ddf097b0d7ec6c44c51fff3b5148197ec16b1ae	False
L2J_Mobius_CT_2.6_HighFive/docs/phantoms/tasks/PHANTOM-M1-CHECKPOINT-RECOVERY-025/evidence/FINAL_R4_SCENE_B/sealed/424-146443713887400-3662.properties	712	5162a2ffb4fb4d4a491b5f1c6a5480810fd717e5d87ebe1ae6d04360389f55d3	False
L2J_Mobius_CT_2.6_HighFive/docs/phantoms/tasks/PHANTOM-M1-CHECKPOINT-RECOVERY-025/evidence/FINAL_R4_SCENE_B/sealed/424-146443713887400-3664.properties	724	4409054e704cb06123bf3bf2139e488d3ec14bcb2906163e349d26196bff1f62	False
L2J_Mobius_CT_2.6_HighFive/docs/phantoms/tasks/PHANTOM-M1-CHECKPOINT-RECOVERY-025/evidence/FINAL_R4_SCENE_B/sealed/424-146443713887400-3666.properties	713	596344ea5491bba7471849922023abb4ab9d389260d9ca243612c0a39d0b9cbd	False
L2J_Mobius_CT_2.6_HighFive/docs/phantoms/tasks/PHANTOM-M1-CHECKPOINT-RECOVERY-025/evidence/FINAL_R4_SCENE_B/sealed/424-146443713887400-3668.properties	713	9a552bfbc9fc2683a66b227d1b56c3d6f9015624ba1cc6e74e10302e23645a20	False
L2J_Mobius_CT_2.6_HighFive/docs/phantoms/tasks/PHANTOM-M1-CHECKPOINT-RECOVERY-025/evidence/FINAL_R4_SCENE_B/sealed/424-146443713887400-3670.properties	713	8dfc4d8e4a4a349ef6b3af40037c963e92d7380c65d8ac6b11483d21f9b39890	False
L2J_Mobius_CT_2.6_HighFive/docs/phantoms/tasks/PHANTOM-M1-CHECKPOINT-RECOVERY-025/evidence/FINAL_R4_SCENE_B/sealed/450-146443002753200-4787.properties	741	44e1208d685ae808e1876a14a95228912fa1cf6d5b0a10726ca9d9feb115b0d7	False
L2J_Mobius_CT_2.6_HighFive/docs/phantoms/tasks/PHANTOM-M1-CHECKPOINT-RECOVERY-025/evidence/FINAL_R4_SCENE_B/sealed/450-146443002753200-4789.properties	741	116511552b7fa31cd998a5c79ff6832803c6ffff6c9c2dc75f91370a5abdd19d	False
L2J_Mobius_CT_2.6_HighFive/docs/phantoms/tasks/PHANTOM-M1-CHECKPOINT-RECOVERY-025/evidence/FINAL_R4_SCENE_B/sealed/450-146443002753200-4791.properties	729	3331c5c4126727b70f50443db3da01a66e33a4ac7cd394827854966aa35eca49	False
L2J_Mobius_CT_2.6_HighFive/docs/phantoms/tasks/PHANTOM-M1-CHECKPOINT-RECOVERY-025/evidence/FINAL_R4_SCENE_B/sealed/633-146443912522400-11399.properties	722	97a4afa9ff055a8df613e629c31c4f91cfe228184de7b00d8432c0890b79bc78	False
L2J_Mobius_CT_2.6_HighFive/docs/phantoms/tasks/PHANTOM-M1-CHECKPOINT-RECOVERY-025/evidence/FINAL_R4_SCENE_B/sealed/633-146443912522400-11401.properties	734	17ff8e7cf1e9098f8a1197f614fdee6cb1ff56fc0cc10e3a8150f6bfe49062f7	False
L2J_Mobius_CT_2.6_HighFive/docs/phantoms/tasks/PHANTOM-M1-CHECKPOINT-RECOVERY-025/evidence/FINAL_R4_SCENE_B/sealed/663-146443613320300-13260.properties	745	04aa6877924e16e8d909fe3cc55cbc114f5ffa1e886cf07e9b3723efaf1da855	False
L2J_Mobius_CT_2.6_HighFive/docs/phantoms/tasks/PHANTOM-M1-CHECKPOINT-RECOVERY-025/evidence/FINAL_R4_SCENE_B/sealed/663-146443613320300-13262.properties	748	e653c733b0566df24ed656d6a20aaf8e71b88d2714ed77dea7a00749189cc25a	False
L2J_Mobius_CT_2.6_HighFive/docs/phantoms/tasks/PHANTOM-M1-CHECKPOINT-RECOVERY-025/evidence/FINAL_R4_SCENE_B/sealed/663-146443613320300-13264.properties	735	0b3e879ca89d31dc99bb7d0b70f55d0102e8e4e9a9c8f7052a371b28fc120c69	False
L2J_Mobius_CT_2.6_HighFive/docs/phantoms/tasks/PHANTOM-M1-CHECKPOINT-RECOVERY-025/evidence/FINAL_R4_SCENE_B/sealed/663-146443613320300-13266.properties	748	4ac84d9cbe72c7781e01cad36132b6be0cf8c932eda8cb1590a6ad73239ac6b7	False
L2J_Mobius_CT_2.6_HighFive/docs/phantoms/tasks/PHANTOM-M1-CHECKPOINT-RECOVERY-025/evidence/FINAL_R4_SCENE_B/sealed/676-146443058163800-7989.properties	742	75a3e043b53674c59654cb5120f78e521e69160ae3324b4c65dcc7c1b287ffe8	False
L2J_Mobius_CT_2.6_HighFive/docs/phantoms/tasks/PHANTOM-M1-CHECKPOINT-RECOVERY-025/evidence/FINAL_R4_SCENE_B/sealed/676-146443058163800-7991.properties	742	671256531905073374de8825cac1d8c72432f8a197650f5beb3b2e6d1c2811a8	False
L2J_Mobius_CT_2.6_HighFive/docs/phantoms/tasks/PHANTOM-M1-CHECKPOINT-RECOVERY-025/evidence/FINAL_R4_SCENE_B/sealed/676-146443058163800-7993.properties	716	cf1755840dff12547e578058736544530ea6d5a8757bdae3bd85823636d2f566	False
L2J_Mobius_CT_2.6_HighFive/docs/phantoms/tasks/PHANTOM-M1-CHECKPOINT-RECOVERY-025/evidence/FINAL_R4_SCENE_B/sealed/676-146443058163800-7995.properties	715	5d7eda1e015b3edc9e165265fd8ea46a195ca6fc4804bb12d2d0c508ab932ddd	False
L2J_Mobius_CT_2.6_HighFive/docs/phantoms/tasks/PHANTOM-M1-CHECKPOINT-RECOVERY-025/evidence/FINAL_R4_SCENE_B/sealed/676-146443058163800-7997.properties	715	c675434d52f06a6640cedf58983c2c4a5809ca5e790a1ca0b6164f4206030d92	False
L2J_Mobius_CT_2.6_HighFive/docs/phantoms/tasks/PHANTOM-M1-CHECKPOINT-RECOVERY-025/evidence/FINAL_R4_SCENE_B/sealed/724-146443918456800-4535.properties	733	ad23cf0f2c2317bfb8b8d23be01f4f80d74e565ce087b1e8f21cf39d4c22cc77	False
L2J_Mobius_CT_2.6_HighFive/docs/phantoms/tasks/PHANTOM-M1-CHECKPOINT-RECOVERY-025/evidence/FINAL_R4_SCENE_B/sealed/724-146443918456800-4537.properties	736	771906b773426de099400f2fa7811d06ce1d45d5b42be56e5a6a9460f24ff133	False
L2J_Mobius_CT_2.6_HighFive/docs/phantoms/tasks/PHANTOM-M1-CHECKPOINT-RECOVERY-025/evidence/FINAL_R4_SCENE_B/sealed/724-146443918456800-4539.properties	736	0cfe8d5edb6e963bab9de49c0212a4b706ad67858935092bf9594e34cb3637e1	False
L2J_Mobius_CT_2.6_HighFive/docs/phantoms/tasks/PHANTOM-M1-CHECKPOINT-RECOVERY-025/evidence/FINAL_R4_SCENE_B/sealed/724-146443918456800-4541.properties	737	fedc772544f4a4f877c6744d30caad96519160cf0884dce74f03ee94424550c7	False
L2J_Mobius_CT_2.6_HighFive/docs/phantoms/tasks/PHANTOM-M1-CHECKPOINT-RECOVERY-025/evidence/FINAL_R4_SCENE_B/sealed/724-146443918456800-4543.properties	737	d5b0d98b56700637240b4e0ae8c230f4a84855b56f63e56677b87a67907be311	False
L2J_Mobius_CT_2.6_HighFive/docs/phantoms/tasks/PHANTOM-M1-CHECKPOINT-RECOVERY-025/evidence/FINAL_R4_SCENE_B/sealed/724-146443918456800-4545.properties	737	ba420beb50e0e2d259b6b4dd945a9103bfee46d93811543156cf061af0d8acf0	False
L2J_Mobius_CT_2.6_HighFive/docs/phantoms/tasks/PHANTOM-M1-CHECKPOINT-RECOVERY-025/evidence/FINAL_R4_SCENE_B/sealed/724-146443918456800-4547.properties	735	1f8d0ffdcf0ec2a889b9110ecf36b728793c1ba3e061b5d119f5cff866af2594	False
L2J_Mobius_CT_2.6_HighFive/docs/phantoms/tasks/PHANTOM-M1-CHECKPOINT-RECOVERY-025/evidence/FINAL_R4_SCENE_B/sealed/724-146443918456800-4549.properties	735	24598d3f0f54563a40e3ad455f5d5cea1b5fd8e1fed35e3d91bc5409faa64f5c	False
L2J_Mobius_CT_2.6_HighFive/docs/phantoms/tasks/PHANTOM-M1-CHECKPOINT-RECOVERY-025/evidence/FINAL_R4_SCENE_B/sealed/759-146442883253100-3856.properties	715	e51d60e78e828d44ce0c491cfedd2353790be2a3fe612e46c6b4ae570a429365	False
L2J_Mobius_CT_2.6_HighFive/docs/phantoms/tasks/PHANTOM-M1-CHECKPOINT-RECOVERY-025/evidence/FINAL_R4_SCENE_B/sealed/759-146442883253100-3858.properties	715	6b55dc3ee92b547bb2e35e428d24816ee8d749fd0356c5cd9fab308c21bfeba8	False
L2J_Mobius_CT_2.6_HighFive/docs/phantoms/tasks/PHANTOM-M1-CHECKPOINT-RECOVERY-025/evidence/FINAL_R4_SCENE_B/sealed/759-146442883253100-3860.properties	716	10428cf7381612e16fcc137aef38637954bb8d1691f3f094c40516ccd59c2d19	False
L2J_Mobius_CT_2.6_HighFive/docs/phantoms/tasks/PHANTOM-M1-CHECKPOINT-RECOVERY-025/evidence/FINAL_R4_SCENE_B/sealed/759-146442883253100-3862.properties	729	e9130bca1d75fd944368dce859160e17e422f91dd772861743bf1408beef0f5d	False
L2J_Mobius_CT_2.6_HighFive/docs/phantoms/tasks/PHANTOM-M1-CHECKPOINT-RECOVERY-025/evidence/FINAL_R4_SCENE_B/sealed/759-146442883253100-3864.properties	716	039fbb6fa25497268e9ee5dd1f93538d2a1075679ff5a5fde8f16fda3eb448dd	False
L2J_Mobius_CT_2.6_HighFive/docs/phantoms/tasks/PHANTOM-M1-CHECKPOINT-RECOVERY-025/evidence/FINAL_R4_SCENE_B/sealed/759-146442883253100-3866.properties	713	c01f4dcadcb1523da1d5d3591cb0f7114879cb2d01b918a5235d850ac5c3a7a3	False
L2J_Mobius_CT_2.6_HighFive/docs/phantoms/tasks/PHANTOM-M1-CHECKPOINT-RECOVERY-025/evidence/FINAL_R4_SCENE_B/sealed/observer-installed.properties	130	ab146e181b0bc62117edd01049c41b6f0fd7f85cec196f8a3c239f218a28697f	False
L2J_Mobius_CT_2.6_HighFive/docs/phantoms/tasks/PHANTOM-M1-CHECKPOINT-RECOVERY-025/evidence/FINAL_R4_SCENE_B/sealed/observer-status-146868799103100.properties	85	91ef7cadd4e4df7496afcf9dcee606ecf2a20116f6ed69fdf5b18517b12e67fc	False
L2J_Mobius_CT_2.6_HighFive/docs/phantoms/tasks/PHANTOM-M1-CHECKPOINT-RECOVERY-025/evidence/FINAL_R4_SCENE_B/sealed/observer-status-146879996610100.properties	85	cbfd98ec3e98c71028017f0629ab9b628cfbfac564939185c24730e1a5beba7e	False
L2J_Mobius_CT_2.6_HighFive/docs/phantoms/tasks/PHANTOM-M1-CHECKPOINT-RECOVERY-025/evidence/FINAL_R4_SCENE_B/synthetic-start.json	112	8f61e3a1c493287f54bdabfe90cf39695b1f9f483f82424d0489740d5c1afafc	False
L2J_Mobius_CT_2.6_HighFive/docs/phantoms/tasks/PHANTOM-M1-CHECKPOINT-RECOVERY-025/evidence/FINAL_R4_SCENE_B/synthetic-stop.json	114	509faac15232c5f2adfbfac87d4722f4a6357ef04a7cb6648ff03fe59751b4ab	False
L2J_Mobius_CT_2.6_HighFive/docs/phantoms/tasks/PHANTOM-M1-CHECKPOINT-RECOVERY-025/evidence/FINAL_R4_SCENE_B2/0001-STATUS.json	1224	52a29646f982f1ec5775b07464603cef0fe113ec590d40f9c423b0978182c22c	False
L2J_Mobius_CT_2.6_HighFive/docs/phantoms/tasks/PHANTOM-M1-CHECKPOINT-RECOVERY-025/evidence/FINAL_R4_SCENE_B2/0001-STATUS.xml	1174	2541812a8d8587ff723864e81208b840588abe6a7ef290cc8fd5fbbe22068da1	False
L2J_Mobius_CT_2.6_HighFive/docs/phantoms/tasks/PHANTOM-M1-CHECKPOINT-RECOVERY-025/evidence/FINAL_R4_SCENE_B2/0002-TELEPORT_SELF.json	1160	6310799a7d9bb9e4da8ca58ca0a0202f74e855caed61f665eab47a3b45705ab7	False
L2J_Mobius_CT_2.6_HighFive/docs/phantoms/tasks/PHANTOM-M1-CHECKPOINT-RECOVERY-025/evidence/FINAL_R4_SCENE_B2/0002-TELEPORT_SELF.xml	1120	f3925976e7a5564f1b5b9a0a116f3b42f37c5a05071464de828358d698f41293	False
L2J_Mobius_CT_2.6_HighFive/docs/phantoms/tasks/PHANTOM-M1-CHECKPOINT-RECOVERY-025/evidence/FINAL_R4_SCENE_B2/0003-STATUS.json	1227	0a699c702b67d7a4914bc1e75e223e100d2af2cb15bedcf83010b216bfccb53f	False
L2J_Mobius_CT_2.6_HighFive/docs/phantoms/tasks/PHANTOM-M1-CHECKPOINT-RECOVERY-025/evidence/FINAL_R4_SCENE_B2/0003-STATUS.xml	1177	ca36417d316ef01301e3eacdd4d440e3fb5d07e0fa0b89c850ac6dd300c33da8	False
L2J_Mobius_CT_2.6_HighFive/docs/phantoms/tasks/PHANTOM-M1-CHECKPOINT-RECOVERY-025/evidence/FINAL_R4_SCENE_B2/0004-SNAPSHOT_PHANTOMS.json	41455	93ecac8f7ccfc34ece6b8d57dedb027a823b6402599b2227275f653ca07ccb35	False
L2J_Mobius_CT_2.6_HighFive/docs/phantoms/tasks/PHANTOM-M1-CHECKPOINT-RECOVERY-025/evidence/FINAL_R4_SCENE_B2/0004-SNAPSHOT_PHANTOMS.xml	39237	3a68cba90f375fa5d11d8c830bb1073d1a2cad2419387ab9aa920c4cac32a9c8	False
L2J_Mobius_CT_2.6_HighFive/docs/phantoms/tasks/PHANTOM-M1-CHECKPOINT-RECOVERY-025/evidence/FINAL_R4_SCENE_B2/0005-SNAPSHOT_PHANTOMS.json	1698	40ed02b3d24429476b6011ee5e32ebe9aee81c3fc71d65e36a14cfa21c7bbc1b	False
L2J_Mobius_CT_2.6_HighFive/docs/phantoms/tasks/PHANTOM-M1-CHECKPOINT-RECOVERY-025/evidence/FINAL_R4_SCENE_B2/0005-SNAPSHOT_PHANTOMS.xml	1614	cef5a924f6018c6d7928b9d09a83df9cd406768a01550a2219d292b30f5f82ac	False
L2J_Mobius_CT_2.6_HighFive/docs/phantoms/tasks/PHANTOM-M1-CHECKPOINT-RECOVERY-025/evidence/FINAL_R4_SCENE_B2/0006-SNAPSHOT_PHANTOMS.json	42198	964b8652628273b487ee69d13862f04f88dfc048ce417a5d37a67355bc1d00b5	False
L2J_Mobius_CT_2.6_HighFive/docs/phantoms/tasks/PHANTOM-M1-CHECKPOINT-RECOVERY-025/evidence/FINAL_R4_SCENE_B2/0006-SNAPSHOT_PHANTOMS.xml	39966	15ae1470974b60f4a7b5063214bf7ac85a3220c27f15d7418864f5053c732c83	False
L2J_Mobius_CT_2.6_HighFive/docs/phantoms/tasks/PHANTOM-M1-CHECKPOINT-RECOVERY-025/evidence/FINAL_R4_SCENE_B2/0007-SNAPSHOT_PHANTOMS.json	1818	df52a13857b7d774d0ac805ff31bcedd030ac370bdce36739a45e6a3fe812650	False
L2J_Mobius_CT_2.6_HighFive/docs/phantoms/tasks/PHANTOM-M1-CHECKPOINT-RECOVERY-025/evidence/FINAL_R4_SCENE_B2/0007-SNAPSHOT_PHANTOMS.xml	1720	3333999dc88656758d330385d5f8d5f42c1320f4067b16fc20e478ca641311d2	False
L2J_Mobius_CT_2.6_HighFive/docs/phantoms/tasks/PHANTOM-M1-CHECKPOINT-RECOVERY-025/evidence/FINAL_R4_SCENE_B2/0008-SNAPSHOT_PHANTOMS.json	42353	eed001dcbde786453604c519f59ccbfcad63227f46c1122696b2c2ee82c5d748	False
L2J_Mobius_CT_2.6_HighFive/docs/phantoms/tasks/PHANTOM-M1-CHECKPOINT-RECOVERY-025/evidence/FINAL_R4_SCENE_B2/0008-SNAPSHOT_PHANTOMS.xml	40121	16f33cfffd93fec0f43fb45f51ac805ba01db5dd5fb728f963358398968f170e	False
L2J_Mobius_CT_2.6_HighFive/docs/phantoms/tasks/PHANTOM-M1-CHECKPOINT-RECOVERY-025/evidence/FINAL_R4_SCENE_B2/0009-SNAPSHOT_PHANTOMS.json	1818	ec81c83c43d38f1997be6db75aa1d21f1b8884412750cab601e6346b68c30bd8	False
L2J_Mobius_CT_2.6_HighFive/docs/phantoms/tasks/PHANTOM-M1-CHECKPOINT-RECOVERY-025/evidence/FINAL_R4_SCENE_B2/0009-SNAPSHOT_PHANTOMS.xml	1720	0cb76a2a175451afe8700ca44202b5ce3d454190dd28f0d30e015388e5340e8b	False
L2J_Mobius_CT_2.6_HighFive/docs/phantoms/tasks/PHANTOM-M1-CHECKPOINT-RECOVERY-025/evidence/FINAL_R4_SCENE_B2/0010-SNAPSHOT_PHANTOMS.json	41868	e8cb52920b4abc56ce8cc0acf4c1166e186e56c9b002e1ee17b8f1bf00b208f9	False
L2J_Mobius_CT_2.6_HighFive/docs/phantoms/tasks/PHANTOM-M1-CHECKPOINT-RECOVERY-025/evidence/FINAL_R4_SCENE_B2/0010-SNAPSHOT_PHANTOMS.xml	39650	c6f2fb572b43236f04d1727ce78a70ed486f831b6c69422a44af6651ddd84585	False
L2J_Mobius_CT_2.6_HighFive/docs/phantoms/tasks/PHANTOM-M1-CHECKPOINT-RECOVERY-025/evidence/FINAL_R4_SCENE_B2/0011-SNAPSHOT_PHANTOMS.json	1816	44316cbdb78d9011112fa55f6af18ed65905f4a0be1445afef6caa473559547a	False
L2J_Mobius_CT_2.6_HighFive/docs/phantoms/tasks/PHANTOM-M1-CHECKPOINT-RECOVERY-025/evidence/FINAL_R4_SCENE_B2/0011-SNAPSHOT_PHANTOMS.xml	1718	b8cb1a1ba7ecb96acff583165d77d35b49512a3b3b09d4fc52ae6ceecc86a314	False
L2J_Mobius_CT_2.6_HighFive/docs/phantoms/tasks/PHANTOM-M1-CHECKPOINT-RECOVERY-025/evidence/FINAL_R4_SCENE_B2/0012-SNAPSHOT_PHANTOMS.json	42502	a3604cb04ec1e923c037b5bb7c5ccc4af4f26549e04aa78d0c26cfc7daaa82fb	False
L2J_Mobius_CT_2.6_HighFive/docs/phantoms/tasks/PHANTOM-M1-CHECKPOINT-RECOVERY-025/evidence/FINAL_R4_SCENE_B2/0012-SNAPSHOT_PHANTOMS.xml	40270	486d8225d8898f97329100e11a236203618639d85b2f0dfc82c89a4b0a0da318	False
L2J_Mobius_CT_2.6_HighFive/docs/phantoms/tasks/PHANTOM-M1-CHECKPOINT-RECOVERY-025/evidence/FINAL_R4_SCENE_B2/0013-SNAPSHOT_PHANTOMS.json	1823	4b7036bbc64ee17768d5d20c4bebc52420293d4f4aa39b263128e8df1fc5248d	False
L2J_Mobius_CT_2.6_HighFive/docs/phantoms/tasks/PHANTOM-M1-CHECKPOINT-RECOVERY-025/evidence/FINAL_R4_SCENE_B2/0013-SNAPSHOT_PHANTOMS.xml	1725	c0a035be9d6a433a18cf5a45f119b8449e897fb6a28d743a586e6740c18c5404	False
L2J_Mobius_CT_2.6_HighFive/docs/phantoms/tasks/PHANTOM-M1-CHECKPOINT-RECOVERY-025/evidence/FINAL_R4_SCENE_B2/0014-SNAPSHOT_PHANTOMS.json	42690	29b0b122228be3b4a9c5424ba2e7acffc37a7b53e214aaa5821ed5932aa3ca97	False
L2J_Mobius_CT_2.6_HighFive/docs/phantoms/tasks/PHANTOM-M1-CHECKPOINT-RECOVERY-025/evidence/FINAL_R4_SCENE_B2/0014-SNAPSHOT_PHANTOMS.xml	40444	1bbffe6ad9d570e64baba595ee77ff2a90931f6a4ee0fcbcc5644fb4e533c7a0	False
L2J_Mobius_CT_2.6_HighFive/docs/phantoms/tasks/PHANTOM-M1-CHECKPOINT-RECOVERY-025/evidence/FINAL_R4_SCENE_B2/0015-SNAPSHOT_PHANTOMS.json	1819	7108f1018294f2eb35c00e23bf0eff055aade09b248c63257ce38c964c97cde5	False
L2J_Mobius_CT_2.6_HighFive/docs/phantoms/tasks/PHANTOM-M1-CHECKPOINT-RECOVERY-025/evidence/FINAL_R4_SCENE_B2/0015-SNAPSHOT_PHANTOMS.xml	1721	172c09ba4d9fe1a2692a16efc7565c3117dc14c8f57a4694bdcafbd46c61a4e0	False
L2J_Mobius_CT_2.6_HighFive/docs/phantoms/tasks/PHANTOM-M1-CHECKPOINT-RECOVERY-025/evidence/FINAL_R4_SCENE_B2/0016-SNAPSHOT_PHANTOMS.json	42474	89a800a98ae0730b6e332927f944e562c6cf666c085b87befcfe26ad06d1b93e	False
L2J_Mobius_CT_2.6_HighFive/docs/phantoms/tasks/PHANTOM-M1-CHECKPOINT-RECOVERY-025/evidence/FINAL_R4_SCENE_B2/0016-SNAPSHOT_PHANTOMS.xml	40228	046097074aa8a4f9dcfc3239506e4be1b2120a5fe7683cf8c137571bef71ac8e	False
L2J_Mobius_CT_2.6_HighFive/docs/phantoms/tasks/PHANTOM-M1-CHECKPOINT-RECOVERY-025/evidence/FINAL_R4_SCENE_B2/0017-SNAPSHOT_PHANTOMS.json	1823	1edc88d21135958ff792ba06cbdca95b727f968a29d82949cfe2ff5adef7e1dd	False
L2J_Mobius_CT_2.6_HighFive/docs/phantoms/tasks/PHANTOM-M1-CHECKPOINT-RECOVERY-025/evidence/FINAL_R4_SCENE_B2/0017-SNAPSHOT_PHANTOMS.xml	1725	49c7d7f1476766b66d1dacc9ece886561b80f2fd0a02c2e72a6727afa2f0e34a	False
L2J_Mobius_CT_2.6_HighFive/docs/phantoms/tasks/PHANTOM-M1-CHECKPOINT-RECOVERY-025/evidence/FINAL_R4_SCENE_B2/0018-SNAPSHOT_PHANTOMS.json	42407	371e1c7921b0540d80af3e215a44c3bfb172e05e94181060dd3b4d4fc7202f46	False
L2J_Mobius_CT_2.6_HighFive/docs/phantoms/tasks/PHANTOM-M1-CHECKPOINT-RECOVERY-025/evidence/FINAL_R4_SCENE_B2/0018-SNAPSHOT_PHANTOMS.xml	40161	bc6015a25c8ed090826af913be4d3e1c9ca04c919ddbb7405821cb891292b50a	False
L2J_Mobius_CT_2.6_HighFive/docs/phantoms/tasks/PHANTOM-M1-CHECKPOINT-RECOVERY-025/evidence/FINAL_R4_SCENE_B2/0019-SNAPSHOT_PHANTOMS.json	1823	509a461caf9543fb5cc57d6c3d3fdc43440917601530eea5a0f90439c5a19690	False
L2J_Mobius_CT_2.6_HighFive/docs/phantoms/tasks/PHANTOM-M1-CHECKPOINT-RECOVERY-025/evidence/FINAL_R4_SCENE_B2/0019-SNAPSHOT_PHANTOMS.xml	1725	2616c1e1bee1ef7a619695c01339f499de78365da7c22a6c9133efe08d7d2d9b	False
L2J_Mobius_CT_2.6_HighFive/docs/phantoms/tasks/PHANTOM-M1-CHECKPOINT-RECOVERY-025/evidence/FINAL_R4_SCENE_B2/0020-SNAPSHOT_PHANTOMS.json	42174	7330cee3f08232e6672c7d9f6af490521e63edc7cc3e45c267dd4b055109ef00	False
L2J_Mobius_CT_2.6_HighFive/docs/phantoms/tasks/PHANTOM-M1-CHECKPOINT-RECOVERY-025/evidence/FINAL_R4_SCENE_B2/0020-SNAPSHOT_PHANTOMS.xml	39942	962417f5775d5fffc94a36ba5c9803efea7d13e4c7d6e6af5af344a88a7914a4	False
L2J_Mobius_CT_2.6_HighFive/docs/phantoms/tasks/PHANTOM-M1-CHECKPOINT-RECOVERY-025/evidence/FINAL_R4_SCENE_B2/0021-SNAPSHOT_PHANTOMS.json	1823	cfc6659e07ca3fc927197e357a46553547d7bc46d085e9a96312dac33024853f	False
L2J_Mobius_CT_2.6_HighFive/docs/phantoms/tasks/PHANTOM-M1-CHECKPOINT-RECOVERY-025/evidence/FINAL_R4_SCENE_B2/0021-SNAPSHOT_PHANTOMS.xml	1725	a722e21fb69db258a75dceb1177ed2cbbee7f49ae1f55390a79d66f3cec9fa24	False
L2J_Mobius_CT_2.6_HighFive/docs/phantoms/tasks/PHANTOM-M1-CHECKPOINT-RECOVERY-025/evidence/FINAL_R4_SCENE_B2/0022-SNAPSHOT_PHANTOMS.json	41758	7be25c268f2c499ee3cff17598bcf6451c5bbd797d0880af0daa7c993f4d1fe7	False
L2J_Mobius_CT_2.6_HighFive/docs/phantoms/tasks/PHANTOM-M1-CHECKPOINT-RECOVERY-025/evidence/FINAL_R4_SCENE_B2/0022-SNAPSHOT_PHANTOMS.xml	39540	6d3b0c775ad5f2d73b61bbdfc2d05264ca497a23e7a7d087e31c704752d93729	False
L2J_Mobius_CT_2.6_HighFive/docs/phantoms/tasks/PHANTOM-M1-CHECKPOINT-RECOVERY-025/evidence/FINAL_R4_SCENE_B2/0023-SNAPSHOT_PHANTOMS.json	1813	d755b418e73f52d541855b93f668b4629122bd09a420129a19bd9cba74b9dc58	False
L2J_Mobius_CT_2.6_HighFive/docs/phantoms/tasks/PHANTOM-M1-CHECKPOINT-RECOVERY-025/evidence/FINAL_R4_SCENE_B2/0023-SNAPSHOT_PHANTOMS.xml	1715	143dfbe1f8bdf1fcc052f36cb4129de6756c468ee571eb85b75bb761ec8ab5bd	False
L2J_Mobius_CT_2.6_HighFive/docs/phantoms/tasks/PHANTOM-M1-CHECKPOINT-RECOVERY-025/evidence/FINAL_R4_SCENE_B2/0024-SNAPSHOT_PHANTOMS.json	42860	75844c08b33316e118ff1346716896d025a339920bdccf9a4f00b62b51e58f56	False
L2J_Mobius_CT_2.6_HighFive/docs/phantoms/tasks/PHANTOM-M1-CHECKPOINT-RECOVERY-025/evidence/FINAL_R4_SCENE_B2/0024-SNAPSHOT_PHANTOMS.xml	40600	b1998daf5cd7c133b1564cb5ae5452509ea69fb3afe7ffde397c36ade2c5f2fa	False
L2J_Mobius_CT_2.6_HighFive/docs/phantoms/tasks/PHANTOM-M1-CHECKPOINT-RECOVERY-025/evidence/FINAL_R4_SCENE_B2/0025-SNAPSHOT_PHANTOMS.json	1820	33b7001ab1d8adb224991c9320e078036555e9c4ba56024012ccd6a28af3cfbd	False
L2J_Mobius_CT_2.6_HighFive/docs/phantoms/tasks/PHANTOM-M1-CHECKPOINT-RECOVERY-025/evidence/FINAL_R4_SCENE_B2/0025-SNAPSHOT_PHANTOMS.xml	1722	49ff25d7acfe8b69c6753630bf43a4aa8dd0fa63fae4b2af6f2bf9c6df50f8e8	False
L2J_Mobius_CT_2.6_HighFive/docs/phantoms/tasks/PHANTOM-M1-CHECKPOINT-RECOVERY-025/evidence/FINAL_R4_SCENE_B2/0026-SNAPSHOT_PHANTOMS.json	42890	0e7abe089b3bf26f84131feede71b2aa0a8d84feb692b1fb9a2f91d126126dc3	False
L2J_Mobius_CT_2.6_HighFive/docs/phantoms/tasks/PHANTOM-M1-CHECKPOINT-RECOVERY-025/evidence/FINAL_R4_SCENE_B2/0026-SNAPSHOT_PHANTOMS.xml	40630	69683511bba56f0667dcdc784115faaca1b8d27870bf9438e6e774eea9381984	False
L2J_Mobius_CT_2.6_HighFive/docs/phantoms/tasks/PHANTOM-M1-CHECKPOINT-RECOVERY-025/evidence/FINAL_R4_SCENE_B2/0027-SNAPSHOT_PHANTOMS.json	1824	ded914661acd1c018ad48985784da00d0455256aa47cfa94c596d5dea15c2756	False
L2J_Mobius_CT_2.6_HighFive/docs/phantoms/tasks/PHANTOM-M1-CHECKPOINT-RECOVERY-025/evidence/FINAL_R4_SCENE_B2/0027-SNAPSHOT_PHANTOMS.xml	1726	4c51a5fd0893f01f59db1283bc6760b35b4e07bae7228b1e87879e7a4b52c0da	False
L2J_Mobius_CT_2.6_HighFive/docs/phantoms/tasks/PHANTOM-M1-CHECKPOINT-RECOVERY-025/evidence/FINAL_R4_SCENE_B2/0028-SNAPSHOT_PHANTOMS.json	41528	25b79a13a664f065f4a769c415741810ed0563f7022166c91aa399e73a3d6b1f	False
L2J_Mobius_CT_2.6_HighFive/docs/phantoms/tasks/PHANTOM-M1-CHECKPOINT-RECOVERY-025/evidence/FINAL_R4_SCENE_B2/0028-SNAPSHOT_PHANTOMS.xml	39324	b14569607054b0db0d461f7ca6f43095b7d0fe0ad702b744d20fbe916bea8d49	False
L2J_Mobius_CT_2.6_HighFive/docs/phantoms/tasks/PHANTOM-M1-CHECKPOINT-RECOVERY-025/evidence/FINAL_R4_SCENE_B2/0029-SNAPSHOT_PHANTOMS.json	1816	cdb9d499b234b90a5f5f323b4d0e54d9868d355c6bb3f8eac6fa45e1837752f1	False
L2J_Mobius_CT_2.6_HighFive/docs/phantoms/tasks/PHANTOM-M1-CHECKPOINT-RECOVERY-025/evidence/FINAL_R4_SCENE_B2/0029-SNAPSHOT_PHANTOMS.xml	1718	d026ac419ed0031726b39135c51866bd19e9f4fa9d379bd540b2af6a3e8beb0c	False
L2J_Mobius_CT_2.6_HighFive/docs/phantoms/tasks/PHANTOM-M1-CHECKPOINT-RECOVERY-025/evidence/FINAL_R4_SCENE_B2/0030-SNAPSHOT_PHANTOMS.json	41696	e5edccc48ab6e31de0541cc4110a99b0e1482eea9310c68febe82c88dded3dbe	False
L2J_Mobius_CT_2.6_HighFive/docs/phantoms/tasks/PHANTOM-M1-CHECKPOINT-RECOVERY-025/evidence/FINAL_R4_SCENE_B2/0030-SNAPSHOT_PHANTOMS.xml	39478	4a51f2bfd8b122d01cb341ba8a05f34ac1aa37cbe0e7c81c7fc7431dc6aaab07	False
L2J_Mobius_CT_2.6_HighFive/docs/phantoms/tasks/PHANTOM-M1-CHECKPOINT-RECOVERY-025/evidence/FINAL_R4_SCENE_B2/0031-SNAPSHOT_PHANTOMS.json	1824	fc2cf942fc90331a8e390c37fd7a17becf227b259bd341ca283bc2ec4c78ddb2	False
L2J_Mobius_CT_2.6_HighFive/docs/phantoms/tasks/PHANTOM-M1-CHECKPOINT-RECOVERY-025/evidence/FINAL_R4_SCENE_B2/0031-SNAPSHOT_PHANTOMS.xml	1726	43a0ce8450a2104b986f5dcaa2acb05435067ef92c93d0ff7a8dcaac4fc017f0	False
L2J_Mobius_CT_2.6_HighFive/docs/phantoms/tasks/PHANTOM-M1-CHECKPOINT-RECOVERY-025/evidence/FINAL_R4_SCENE_B2/0032-SNAPSHOT_PHANTOMS.json	41766	5374b7185121a2bebc48fd214c901a21740a178f3bbdbc0f637a9299e3483b16	False
L2J_Mobius_CT_2.6_HighFive/docs/phantoms/tasks/PHANTOM-M1-CHECKPOINT-RECOVERY-025/evidence/FINAL_R4_SCENE_B2/0032-SNAPSHOT_PHANTOMS.xml	39548	2a25f9b15422efa8f08c03108e60da10c7ca85ac04098d32832c7705ecea8ef1	False
L2J_Mobius_CT_2.6_HighFive/docs/phantoms/tasks/PHANTOM-M1-CHECKPOINT-RECOVERY-025/evidence/FINAL_R4_SCENE_B2/0033-SNAPSHOT_PHANTOMS.json	1821	03105145ba8b6c16f4bc1f6659378e0358d44fd74a871b86f43c4302ca1dd1dd	False
L2J_Mobius_CT_2.6_HighFive/docs/phantoms/tasks/PHANTOM-M1-CHECKPOINT-RECOVERY-025/evidence/FINAL_R4_SCENE_B2/0033-SNAPSHOT_PHANTOMS.xml	1723	e048f0a27da2e5dd7f5227097e5227cadabfdc2c788e7ae9cc0cb87811d22cde	False
L2J_Mobius_CT_2.6_HighFive/docs/phantoms/tasks/PHANTOM-M1-CHECKPOINT-RECOVERY-025/evidence/FINAL_R4_SCENE_B2/0034-SNAPSHOT_PHANTOMS.json	41336	00897e89240476fca536ab93891d5cd09b0d49a5abe1a7257003babc3c1e8425	False
L2J_Mobius_CT_2.6_HighFive/docs/phantoms/tasks/PHANTOM-M1-CHECKPOINT-RECOVERY-025/evidence/FINAL_R4_SCENE_B2/0034-SNAPSHOT_PHANTOMS.xml	39132	420f670537b666d2497ee40ad5a1e03df84fe6b259885517ec631e4c86a673dd	False
L2J_Mobius_CT_2.6_HighFive/docs/phantoms/tasks/PHANTOM-M1-CHECKPOINT-RECOVERY-025/evidence/FINAL_R4_SCENE_B2/0035-SNAPSHOT_PHANTOMS.json	1818	be161057a51a7589cff0ca2d60939d200fb83e104c6989e02ba0649d6d19dd99	False
L2J_Mobius_CT_2.6_HighFive/docs/phantoms/tasks/PHANTOM-M1-CHECKPOINT-RECOVERY-025/evidence/FINAL_R4_SCENE_B2/0035-SNAPSHOT_PHANTOMS.xml	1720	3bfce3ab15a8382230b9ac1129f3914dbfbf536895bd5d11fd867c2b3fe3efc2	False
L2J_Mobius_CT_2.6_HighFive/docs/phantoms/tasks/PHANTOM-M1-CHECKPOINT-RECOVERY-025/evidence/FINAL_R4_SCENE_B2/0036-SNAPSHOT_PHANTOMS.json	42720	537347b8fe1fdd575cde1c1d2eacb9f3c6410a2ba592f81ddb154fb48e638edc	False
L2J_Mobius_CT_2.6_HighFive/docs/phantoms/tasks/PHANTOM-M1-CHECKPOINT-RECOVERY-025/evidence/FINAL_R4_SCENE_B2/0036-SNAPSHOT_PHANTOMS.xml	40460	632c97eb9a251ef81f19ed0ec4ea2edf18604a35b7624ed5013a8c4c8114bfcd	False
L2J_Mobius_CT_2.6_HighFive/docs/phantoms/tasks/PHANTOM-M1-CHECKPOINT-RECOVERY-025/evidence/FINAL_R4_SCENE_B2/0037-SNAPSHOT_PHANTOMS.json	1824	fa71f3da980e57767fc6578ee4d8c4846c969d6984f6a69cdde373513620dee1	False
L2J_Mobius_CT_2.6_HighFive/docs/phantoms/tasks/PHANTOM-M1-CHECKPOINT-RECOVERY-025/evidence/FINAL_R4_SCENE_B2/0037-SNAPSHOT_PHANTOMS.xml	1726	209dbc3b5e8c7663ee037871b3fdc67dae7c050c14cf8daf8785c8667be1e092	False
L2J_Mobius_CT_2.6_HighFive/docs/phantoms/tasks/PHANTOM-M1-CHECKPOINT-RECOVERY-025/evidence/FINAL_R4_SCENE_B2/0038-SNAPSHOT_PHANTOMS.json	42948	2a559a67f5490c543c9e2168dc32b91e5d2713ee51a24e72d007b43f094030d9	False
L2J_Mobius_CT_2.6_HighFive/docs/phantoms/tasks/PHANTOM-M1-CHECKPOINT-RECOVERY-025/evidence/FINAL_R4_SCENE_B2/0038-SNAPSHOT_PHANTOMS.xml	40688	b3849973bf66fcbd5647a1a34222e36a96b54a70ca2ec9bfbf9a52f5ebd7f5fb	False
L2J_Mobius_CT_2.6_HighFive/docs/phantoms/tasks/PHANTOM-M1-CHECKPOINT-RECOVERY-025/evidence/FINAL_R4_SCENE_B2/0039-SNAPSHOT_PHANTOMS.json	1701	520a5f8ce6a61b8006023cec04c3b50c4bb7d1586fbf63a92b99fcf02f31f8e6	False
L2J_Mobius_CT_2.6_HighFive/docs/phantoms/tasks/PHANTOM-M1-CHECKPOINT-RECOVERY-025/evidence/FINAL_R4_SCENE_B2/0039-SNAPSHOT_PHANTOMS.xml	1617	c1fb1554fa9494c7c03da66f7eeb91ba97332c3ab59b3b694d0c786aa19f85c3	False
L2J_Mobius_CT_2.6_HighFive/docs/phantoms/tasks/PHANTOM-M1-CHECKPOINT-RECOVERY-025/evidence/FINAL_R4_SCENE_B2/0040-SNAPSHOT_PHANTOMS.json	42117	cfadf2075ec23b2116bc4795f30850c8da4f9973f2a5ce592edf4f1c48375feb	False
L2J_Mobius_CT_2.6_HighFive/docs/phantoms/tasks/PHANTOM-M1-CHECKPOINT-RECOVERY-025/evidence/FINAL_R4_SCENE_B2/0040-SNAPSHOT_PHANTOMS.xml	39913	1c4600dd666880699a95b2dea9210c2ed86dd8a777e2253744bcf5ccc8b652f7	False
L2J_Mobius_CT_2.6_HighFive/docs/phantoms/tasks/PHANTOM-M1-CHECKPOINT-RECOVERY-025/evidence/FINAL_R4_SCENE_B2/0041-SNAPSHOT_PHANTOMS.json	1704	5085fbc35c45b5982ed00284afaa055f44dac971e4a43e5190ca32cb29894291	False
L2J_Mobius_CT_2.6_HighFive/docs/phantoms/tasks/PHANTOM-M1-CHECKPOINT-RECOVERY-025/evidence/FINAL_R4_SCENE_B2/0041-SNAPSHOT_PHANTOMS.xml	1620	4601798da456b583c13a6531837442b52e206e6967b301db5f3bf03100eb7727	False
L2J_Mobius_CT_2.6_HighFive/docs/phantoms/tasks/PHANTOM-M1-CHECKPOINT-RECOVERY-025/evidence/FINAL_R4_SCENE_B2/0042-SNAPSHOT_PHANTOMS.json	42390	bca879dd19ca93a0dc52f4d0527843638cb61c62de98e949e43267d93a2894d0	False
L2J_Mobius_CT_2.6_HighFive/docs/phantoms/tasks/PHANTOM-M1-CHECKPOINT-RECOVERY-025/evidence/FINAL_R4_SCENE_B2/0042-SNAPSHOT_PHANTOMS.xml	40172	14f75d4195e0908219ca216c64fe2a7d89a6d9841bf936b45018b6cb02034ed4	False
L2J_Mobius_CT_2.6_HighFive/docs/phantoms/tasks/PHANTOM-M1-CHECKPOINT-RECOVERY-025/evidence/FINAL_R4_SCENE_B2/0043-SNAPSHOT_PHANTOMS.json	1704	1a9ac366c5de7fa9a660bf9768ead49eefb01bc0e70d6d9c35ebfb70879c398e	False
L2J_Mobius_CT_2.6_HighFive/docs/phantoms/tasks/PHANTOM-M1-CHECKPOINT-RECOVERY-025/evidence/FINAL_R4_SCENE_B2/0043-SNAPSHOT_PHANTOMS.xml	1620	944f63da8e6eb72eaf718e540f103b89170608c7715bd2a4726fcaa402cbbe42	False
L2J_Mobius_CT_2.6_HighFive/docs/phantoms/tasks/PHANTOM-M1-CHECKPOINT-RECOVERY-025/evidence/FINAL_R4_SCENE_B2/0044-SNAPSHOT_PHANTOMS.json	42098	30c5e8d4be955f63a9f48f75b306363db00c4661fae7c3879313b2002b29d537	False
L2J_Mobius_CT_2.6_HighFive/docs/phantoms/tasks/PHANTOM-M1-CHECKPOINT-RECOVERY-025/evidence/FINAL_R4_SCENE_B2/0044-SNAPSHOT_PHANTOMS.xml	39880	3463b91fe79ba117c163bdc144d205ca8b671acf528e7b7b8c7354c56dcaac1c	False
L2J_Mobius_CT_2.6_HighFive/docs/phantoms/tasks/PHANTOM-M1-CHECKPOINT-RECOVERY-025/evidence/FINAL_R4_SCENE_B2/0045-SNAPSHOT_PHANTOMS.json	1701	74caad75f5a2cae832546bfec151e14cd36c1522b2515fd9cd75c5eed69ef1bf	False
L2J_Mobius_CT_2.6_HighFive/docs/phantoms/tasks/PHANTOM-M1-CHECKPOINT-RECOVERY-025/evidence/FINAL_R4_SCENE_B2/0045-SNAPSHOT_PHANTOMS.xml	1617	41bb41b35c2d0364ac2aed06b09a77f9466f074ea3df3f4880d06e647f4a2b9e	False
L2J_Mobius_CT_2.6_HighFive/docs/phantoms/tasks/PHANTOM-M1-CHECKPOINT-RECOVERY-025/evidence/FINAL_R4_SCENE_B2/0046-SNAPSHOT_PHANTOMS.json	41787	fbcaf51181a72e24290996fb51fc46f3c0c2545c8878dd4f0620eb936ade43c4	False
L2J_Mobius_CT_2.6_HighFive/docs/phantoms/tasks/PHANTOM-M1-CHECKPOINT-RECOVERY-025/evidence/FINAL_R4_SCENE_B2/0046-SNAPSHOT_PHANTOMS.xml	39583	ccc56d07fa91a3797f0844d88d9e922a3f2c86b1affc041b17fc42d71abf2dc6	False
L2J_Mobius_CT_2.6_HighFive/docs/phantoms/tasks/PHANTOM-M1-CHECKPOINT-RECOVERY-025/evidence/FINAL_R4_SCENE_B2/0047-SNAPSHOT_PHANTOMS.json	1701	04dd17ccb6725d430f6049ac21ba1473380fcaf18c1ff9a6632ea816c427ad22	False
L2J_Mobius_CT_2.6_HighFive/docs/phantoms/tasks/PHANTOM-M1-CHECKPOINT-RECOVERY-025/evidence/FINAL_R4_SCENE_B2/0047-SNAPSHOT_PHANTOMS.xml	1617	93af238950b7de49766a979c8e270459d2e43b095789edee4751a1b5ba6ed9c6	False
L2J_Mobius_CT_2.6_HighFive/docs/phantoms/tasks/PHANTOM-M1-CHECKPOINT-RECOVERY-025/evidence/FINAL_R4_SCENE_B2/0048-SNAPSHOT_PHANTOMS.json	41750	c140e644d6807803fef1e22a3ad4521a2b01b463c5246ee9af88dabe4202893d	False
L2J_Mobius_CT_2.6_HighFive/docs/phantoms/tasks/PHANTOM-M1-CHECKPOINT-RECOVERY-025/evidence/FINAL_R4_SCENE_B2/0048-SNAPSHOT_PHANTOMS.xml	39546	caf8037398f662d4737a46d1e4de6def67c705cddcfd9ff71ba62a321ef79dc0	False
L2J_Mobius_CT_2.6_HighFive/docs/phantoms/tasks/PHANTOM-M1-CHECKPOINT-RECOVERY-025/evidence/FINAL_R4_SCENE_B2/0049-SNAPSHOT_PHANTOMS.json	1701	0e00028ad4945bc4da1d06b47f752e3a01bc84dafcf0eefe82b069abd92b2c1d	False
L2J_Mobius_CT_2.6_HighFive/docs/phantoms/tasks/PHANTOM-M1-CHECKPOINT-RECOVERY-025/evidence/FINAL_R4_SCENE_B2/0049-SNAPSHOT_PHANTOMS.xml	1617	627d5189fbfdacc8f1b890bc9a68007075d1be0f7fb223cf0a32b33201a93483	False
L2J_Mobius_CT_2.6_HighFive/docs/phantoms/tasks/PHANTOM-M1-CHECKPOINT-RECOVERY-025/evidence/FINAL_R4_SCENE_B2/0050-SNAPSHOT_PHANTOMS.json	42550	276a2e55f58215e1f0e6e6b3f677bd4d0971cb15be5097be6e4671146140ca1c	False
L2J_Mobius_CT_2.6_HighFive/docs/phantoms/tasks/PHANTOM-M1-CHECKPOINT-RECOVERY-025/evidence/FINAL_R4_SCENE_B2/0050-SNAPSHOT_PHANTOMS.xml	40346	e6843bca85aed1f3b79cfe3457a0391eed219d3bd45c9f2e44cfcd4456f57b53	False
L2J_Mobius_CT_2.6_HighFive/docs/phantoms/tasks/PHANTOM-M1-CHECKPOINT-RECOVERY-025/evidence/FINAL_R4_SCENE_B2/0051-SNAPSHOT_PHANTOMS.json	1817	aa59ec0a2532871f9097955d27bb51f90477bb739a3a172efed49e4672d40ed8	False
L2J_Mobius_CT_2.6_HighFive/docs/phantoms/tasks/PHANTOM-M1-CHECKPOINT-RECOVERY-025/evidence/FINAL_R4_SCENE_B2/0051-SNAPSHOT_PHANTOMS.xml	1719	88d8eb81f702ba7bf075408341042b30ca7da2b1e55ac9f86a4a400ff6103c57	False
L2J_Mobius_CT_2.6_HighFive/docs/phantoms/tasks/PHANTOM-M1-CHECKPOINT-RECOVERY-025/evidence/FINAL_R4_SCENE_B2/0052-SNAPSHOT_PHANTOMS.json	43321	b4b7baedb3811a00b7e3e67b5355da97dc2a974cf48cdf86066c7a7b227f0823	False
L2J_Mobius_CT_2.6_HighFive/docs/phantoms/tasks/PHANTOM-M1-CHECKPOINT-RECOVERY-025/evidence/FINAL_R4_SCENE_B2/0052-SNAPSHOT_PHANTOMS.xml	41075	1d8ac3b14a5544c7c0d117308715d9e7fb400c53107b461834b57dce56a8d575	False
L2J_Mobius_CT_2.6_HighFive/docs/phantoms/tasks/PHANTOM-M1-CHECKPOINT-RECOVERY-025/evidence/FINAL_R4_SCENE_B2/0053-SNAPSHOT_PHANTOMS.json	1816	98f236cc4df13578454793168d6d51daacac90533679606b6ebf2d13bfc34b9c	False
L2J_Mobius_CT_2.6_HighFive/docs/phantoms/tasks/PHANTOM-M1-CHECKPOINT-RECOVERY-025/evidence/FINAL_R4_SCENE_B2/0053-SNAPSHOT_PHANTOMS.xml	1718	1f3e62f7e6cf71d4602a3b5ab9a059cc745fb99639378e4a84584a13e79de8cb	False
L2J_Mobius_CT_2.6_HighFive/docs/phantoms/tasks/PHANTOM-M1-CHECKPOINT-RECOVERY-025/evidence/FINAL_R4_SCENE_B2/0054-SNAPSHOT_PHANTOMS.json	43763	c4f8c3e8ef6f309e833a5d4d90045ce3b283aa62c0dacab59d3ad18963b02b2f	False
L2J_Mobius_CT_2.6_HighFive/docs/phantoms/tasks/PHANTOM-M1-CHECKPOINT-RECOVERY-025/evidence/FINAL_R4_SCENE_B2/0054-SNAPSHOT_PHANTOMS.xml	41503	9f6b2481d0cff26e9dfdf296bd5a5f77d1189544965c9deaa6a9ad909a6189a4	False
L2J_Mobius_CT_2.6_HighFive/docs/phantoms/tasks/PHANTOM-M1-CHECKPOINT-RECOVERY-025/evidence/FINAL_R4_SCENE_B2/0055-SNAPSHOT_PHANTOMS.json	1825	5eff05ccc0081869cabb1954f562a4fcb85327c3e9f0ede0766901f42f8eb7f0	False
L2J_Mobius_CT_2.6_HighFive/docs/phantoms/tasks/PHANTOM-M1-CHECKPOINT-RECOVERY-025/evidence/FINAL_R4_SCENE_B2/0055-SNAPSHOT_PHANTOMS.xml	1727	fdb4db957376829b777aeaf278005ac6a829fc969b28ba2069e7eadb53210012	False
L2J_Mobius_CT_2.6_HighFive/docs/phantoms/tasks/PHANTOM-M1-CHECKPOINT-RECOVERY-025/evidence/FINAL_R4_SCENE_B2/0056-SNAPSHOT_PHANTOMS.json	43919	5c567e8d5897259799e30916b881ae66bda62d122494f106f73a2a25767efd51	False
L2J_Mobius_CT_2.6_HighFive/docs/phantoms/tasks/PHANTOM-M1-CHECKPOINT-RECOVERY-025/evidence/FINAL_R4_SCENE_B2/0056-SNAPSHOT_PHANTOMS.xml	41645	e8ecfc83358d7ff6856f8d28de04dcf453a7c3dbf016855ded1ca3547185f5b7	False
L2J_Mobius_CT_2.6_HighFive/docs/phantoms/tasks/PHANTOM-M1-CHECKPOINT-RECOVERY-025/evidence/FINAL_R4_SCENE_B2/0057-SNAPSHOT_PHANTOMS.json	1824	39df1c65f63f94090541123ec60296222fe33e15da08673641e11e8f8e259f96	False
L2J_Mobius_CT_2.6_HighFive/docs/phantoms/tasks/PHANTOM-M1-CHECKPOINT-RECOVERY-025/evidence/FINAL_R4_SCENE_B2/0057-SNAPSHOT_PHANTOMS.xml	1726	6231029fc56c2ba35b04a7afe28c2d7fe73a1a00260e49749d9fcf1b1ccac62a	False
L2J_Mobius_CT_2.6_HighFive/docs/phantoms/tasks/PHANTOM-M1-CHECKPOINT-RECOVERY-025/evidence/FINAL_R4_SCENE_B2/0058-SNAPSHOT_PHANTOMS.json	43580	342aad39a417a0e476f541cde89989314452407faa18a5df6f593f256ab65c37	False
L2J_Mobius_CT_2.6_HighFive/docs/phantoms/tasks/PHANTOM-M1-CHECKPOINT-RECOVERY-025/evidence/FINAL_R4_SCENE_B2/0058-SNAPSHOT_PHANTOMS.xml	41306	2156a017dd1d2edc4ac6246ef5e235dcc45d8a7da4842a59e48b4322b42dd571	False
L2J_Mobius_CT_2.6_HighFive/docs/phantoms/tasks/PHANTOM-M1-CHECKPOINT-RECOVERY-025/evidence/FINAL_R4_SCENE_B2/0059-SNAPSHOT_PHANTOMS.json	1813	d7320e7fc3fc82ff456d797ebe4e99692fdf07df82cc981aaef926023c27ac3f	False
L2J_Mobius_CT_2.6_HighFive/docs/phantoms/tasks/PHANTOM-M1-CHECKPOINT-RECOVERY-025/evidence/FINAL_R4_SCENE_B2/0059-SNAPSHOT_PHANTOMS.xml	1715	1bea72af534a98d400b9cf01500d64ff466e4093348ec3ce0a096584fee69cc2	False
L2J_Mobius_CT_2.6_HighFive/docs/phantoms/tasks/PHANTOM-M1-CHECKPOINT-RECOVERY-025/evidence/FINAL_R4_SCENE_B2/0060-SNAPSHOT_PHANTOMS.json	43669	45b5f1968e65649b310f409136b24c17ceeee4b60c17aff11bcee0bb29cace72	False
L2J_Mobius_CT_2.6_HighFive/docs/phantoms/tasks/PHANTOM-M1-CHECKPOINT-RECOVERY-025/evidence/FINAL_R4_SCENE_B2/0060-SNAPSHOT_PHANTOMS.xml	41395	f12a6b2c06f255e22ebdd93b7d6a2510ee65af48078bae350a7600945937f10d	False
L2J_Mobius_CT_2.6_HighFive/docs/phantoms/tasks/PHANTOM-M1-CHECKPOINT-RECOVERY-025/evidence/FINAL_R4_SCENE_B2/0061-SNAPSHOT_PHANTOMS.json	1817	c29f00f7c7288808857d5a9e0fdec4f3075a80ba9fc3cc871a5774b71d322219	False
L2J_Mobius_CT_2.6_HighFive/docs/phantoms/tasks/PHANTOM-M1-CHECKPOINT-RECOVERY-025/evidence/FINAL_R4_SCENE_B2/0061-SNAPSHOT_PHANTOMS.xml	1719	2b30e8c0327b75bdbefc0bfaab39848a5c43e8e3726b6a55bfc3c097f1d9f08d	False
L2J_Mobius_CT_2.6_HighFive/docs/phantoms/tasks/PHANTOM-M1-CHECKPOINT-RECOVERY-025/evidence/FINAL_R4_SCENE_B2/0062-SNAPSHOT_PHANTOMS.json	43882	14d49e33c333a6fa397eb4351a37443141145d1cec864a8dfcdf41d5bfb74c6c	False
L2J_Mobius_CT_2.6_HighFive/docs/phantoms/tasks/PHANTOM-M1-CHECKPOINT-RECOVERY-025/evidence/FINAL_R4_SCENE_B2/0062-SNAPSHOT_PHANTOMS.xml	41608	d71a611baf699d3eeed848f5fb45b20e0f3e0b8446da3d01ca632870cd3e9baf	False
L2J_Mobius_CT_2.6_HighFive/docs/phantoms/tasks/PHANTOM-M1-CHECKPOINT-RECOVERY-025/evidence/FINAL_R4_SCENE_B2/0063-SNAPSHOT_PHANTOMS.json	1825	413ff09dca2a8919f70601ab3fe9277d49a3494b26af23a51c58e92ee077b1a5	False
L2J_Mobius_CT_2.6_HighFive/docs/phantoms/tasks/PHANTOM-M1-CHECKPOINT-RECOVERY-025/evidence/FINAL_R4_SCENE_B2/0063-SNAPSHOT_PHANTOMS.xml	1727	28671b349f60e5c63e2f793be6a2966d429d7c3b516d0f52a75924225adb1549	False
L2J_Mobius_CT_2.6_HighFive/docs/phantoms/tasks/PHANTOM-M1-CHECKPOINT-RECOVERY-025/evidence/FINAL_R4_SCENE_B2/0064-SNAPSHOT_PHANTOMS.json	43489	c855d31032ca68f632091ad1101acaf5ba8b2295ee4653a18ae3e0385fb19d05	False
L2J_Mobius_CT_2.6_HighFive/docs/phantoms/tasks/PHANTOM-M1-CHECKPOINT-RECOVERY-025/evidence/FINAL_R4_SCENE_B2/0064-SNAPSHOT_PHANTOMS.xml	41215	676a9f00c006e0a86b1a61b29e0a5e3edf9ec87f25e4e7922f964f4ad8537e5b	False
L2J_Mobius_CT_2.6_HighFive/docs/phantoms/tasks/PHANTOM-M1-CHECKPOINT-RECOVERY-025/evidence/FINAL_R4_SCENE_B2/0065-SNAPSHOT_PHANTOMS.json	1820	81bd3aff4b3c25e90a86df8f87ec46b19f03adc81854510fc615cadd32d85791	False
L2J_Mobius_CT_2.6_HighFive/docs/phantoms/tasks/PHANTOM-M1-CHECKPOINT-RECOVERY-025/evidence/FINAL_R4_SCENE_B2/0065-SNAPSHOT_PHANTOMS.xml	1722	12cb08e79ae3254c8821c3a45fd6e0998772005b015893301d5a350d30e0ccc3	False
L2J_Mobius_CT_2.6_HighFive/docs/phantoms/tasks/PHANTOM-M1-CHECKPOINT-RECOVERY-025/evidence/FINAL_R4_SCENE_B2/0066-SNAPSHOT_PHANTOMS.json	43804	6867b9abc0ffe7cd90deab1f2d4ec0a0e96563d4c15bb9f6c5227fbe052b2805	False
L2J_Mobius_CT_2.6_HighFive/docs/phantoms/tasks/PHANTOM-M1-CHECKPOINT-RECOVERY-025/evidence/FINAL_R4_SCENE_B2/0066-SNAPSHOT_PHANTOMS.xml	41530	b25c5e77de9316c2e548bf9bebbca7b589be4a6cac5641464d6867fe659163d0	False
L2J_Mobius_CT_2.6_HighFive/docs/phantoms/tasks/PHANTOM-M1-CHECKPOINT-RECOVERY-025/evidence/FINAL_R4_SCENE_B2/0067-SNAPSHOT_PHANTOMS.json	1825	8cfa7fa8c85eb8e562666f67b53c07ec6d6cc766ab1c2b537f207cc73ea682b8	False
L2J_Mobius_CT_2.6_HighFive/docs/phantoms/tasks/PHANTOM-M1-CHECKPOINT-RECOVERY-025/evidence/FINAL_R4_SCENE_B2/0067-SNAPSHOT_PHANTOMS.xml	1727	515ee13dd5663e3c6c2374060c46c25f7e7dcf669fd26b606599df13f0c6b073	False
L2J_Mobius_CT_2.6_HighFive/docs/phantoms/tasks/PHANTOM-M1-CHECKPOINT-RECOVERY-025/evidence/FINAL_R4_SCENE_B2/0068-SNAPSHOT_PHANTOMS.json	44060	75fa8f3737b1eff1e24a1c2a025dc861c2e8541f62451dba1239bb4d5174c44c	False
L2J_Mobius_CT_2.6_HighFive/docs/phantoms/tasks/PHANTOM-M1-CHECKPOINT-RECOVERY-025/evidence/FINAL_R4_SCENE_B2/0068-SNAPSHOT_PHANTOMS.xml	41786	5daca7ea079b18760225d1a64ed05f6d8069df1a772832e03c63ceb8a9b1d52c	False
L2J_Mobius_CT_2.6_HighFive/docs/phantoms/tasks/PHANTOM-M1-CHECKPOINT-RECOVERY-025/evidence/FINAL_R4_SCENE_B2/0069-SNAPSHOT_PHANTOMS.json	1826	234cba8d4272e1b477e2950fd9ac3fb31e2f60932f675f2d9affeac5fded3891	False
L2J_Mobius_CT_2.6_HighFive/docs/phantoms/tasks/PHANTOM-M1-CHECKPOINT-RECOVERY-025/evidence/FINAL_R4_SCENE_B2/0069-SNAPSHOT_PHANTOMS.xml	1728	96376d17f6ddc14872cb80a7224a5f70949480929392accb26efb76c616aa202	False
L2J_Mobius_CT_2.6_HighFive/docs/phantoms/tasks/PHANTOM-M1-CHECKPOINT-RECOVERY-025/evidence/FINAL_R4_SCENE_B2/0070-SNAPSHOT_PHANTOMS.json	43794	58fb1d41507e99e738339a714b1ab9ab3d9494e9ce0b3bfc6d7f075df7113c8d	False
L2J_Mobius_CT_2.6_HighFive/docs/phantoms/tasks/PHANTOM-M1-CHECKPOINT-RECOVERY-025/evidence/FINAL_R4_SCENE_B2/0070-SNAPSHOT_PHANTOMS.xml	41534	e03267b16137d5aed5ef6d8baed86e29773b3a1f8329c1679e7c30e319346bcd	False
L2J_Mobius_CT_2.6_HighFive/docs/phantoms/tasks/PHANTOM-M1-CHECKPOINT-RECOVERY-025/evidence/FINAL_R4_SCENE_B2/0071-SNAPSHOT_PHANTOMS.json	1824	fdb16d3402c831af440fabea8a6c7a1d63e7be0f84afce400dd3893215b38f02	False
L2J_Mobius_CT_2.6_HighFive/docs/phantoms/tasks/PHANTOM-M1-CHECKPOINT-RECOVERY-025/evidence/FINAL_R4_SCENE_B2/0071-SNAPSHOT_PHANTOMS.xml	1726	f204a0f0e16cbc13fad4369854521fcfec40d5b7785b56208eea326b7b97e3fd	False
L2J_Mobius_CT_2.6_HighFive/docs/phantoms/tasks/PHANTOM-M1-CHECKPOINT-RECOVERY-025/evidence/FINAL_R4_SCENE_B2/0072-SNAPSHOT_PHANTOMS.json	43125	364113f0efef49dab506ef92f31766092bc78689d4938135a902bfe4169c894a	False
L2J_Mobius_CT_2.6_HighFive/docs/phantoms/tasks/PHANTOM-M1-CHECKPOINT-RECOVERY-025/evidence/FINAL_R4_SCENE_B2/0072-SNAPSHOT_PHANTOMS.xml	40879	099e0e13d15a1feb275044d70f0beeb54717c820d0fc609f4ede4eba0fa42a16	False
L2J_Mobius_CT_2.6_HighFive/docs/phantoms/tasks/PHANTOM-M1-CHECKPOINT-RECOVERY-025/evidence/FINAL_R4_SCENE_B2/0073-SNAPSHOT_PHANTOMS.json	1826	2bb5f96bad1b810f76b53ac939566981d487276fe0a74920b5d929213611d49b	False
L2J_Mobius_CT_2.6_HighFive/docs/phantoms/tasks/PHANTOM-M1-CHECKPOINT-RECOVERY-025/evidence/FINAL_R4_SCENE_B2/0073-SNAPSHOT_PHANTOMS.xml	1728	a95d7d41e9850b02d1940d7418f36ecd19613ad6bac93b70762710b64b247a16	False
L2J_Mobius_CT_2.6_HighFive/docs/phantoms/tasks/PHANTOM-M1-CHECKPOINT-RECOVERY-025/evidence/FINAL_R4_SCENE_B2/0074-SNAPSHOT_PHANTOMS.json	42683	58c74c0587e8a77e39aabfc7ce71ecaea383b330f19b4815ddeccaa1d093416c	False
L2J_Mobius_CT_2.6_HighFive/docs/phantoms/tasks/PHANTOM-M1-CHECKPOINT-RECOVERY-025/evidence/FINAL_R4_SCENE_B2/0074-SNAPSHOT_PHANTOMS.xml	40465	379840854c1e76db767457b4f9bc770848b18ed160c05a167bc301dc9e23f16b	False
L2J_Mobius_CT_2.6_HighFive/docs/phantoms/tasks/PHANTOM-M1-CHECKPOINT-RECOVERY-025/evidence/FINAL_R4_SCENE_B2/0075-SNAPSHOT_PHANTOMS.json	1825	a655a6eeca5cde59fef09fea414f64aa419396525449a8dacdc5d9aa59303c31	False
L2J_Mobius_CT_2.6_HighFive/docs/phantoms/tasks/PHANTOM-M1-CHECKPOINT-RECOVERY-025/evidence/FINAL_R4_SCENE_B2/0075-SNAPSHOT_PHANTOMS.xml	1727	fcba811eea1d70812f6f04a3dac9c692f73b0a3b598b310f722bce7e9e0e729f	False
L2J_Mobius_CT_2.6_HighFive/docs/phantoms/tasks/PHANTOM-M1-CHECKPOINT-RECOVERY-025/evidence/FINAL_R4_SCENE_B2/0076-SNAPSHOT_PHANTOMS.json	42941	f409a2419dd62f8b1387b8d5a2e669acbdde11aa3cb245463069a59008da4967	False
L2J_Mobius_CT_2.6_HighFive/docs/phantoms/tasks/PHANTOM-M1-CHECKPOINT-RECOVERY-025/evidence/FINAL_R4_SCENE_B2/0076-SNAPSHOT_PHANTOMS.xml	40723	6954fc2d66431211afa197b936e62568ddbad9a040bed4fd93a776462ad78cde	False
L2J_Mobius_CT_2.6_HighFive/docs/phantoms/tasks/PHANTOM-M1-CHECKPOINT-RECOVERY-025/evidence/FINAL_R4_SCENE_B2/0077-SNAPSHOT_PHANTOMS.json	1817	40ad421b1c4559f020162910717b6e90285bf6ab86222814b7a01583e7990d32	False
L2J_Mobius_CT_2.6_HighFive/docs/phantoms/tasks/PHANTOM-M1-CHECKPOINT-RECOVERY-025/evidence/FINAL_R4_SCENE_B2/0077-SNAPSHOT_PHANTOMS.xml	1719	6f1fe874d029a5651c1b1fed87a3f71327fb81781ae4db89cb1f7a752bbf69a4	False
L2J_Mobius_CT_2.6_HighFive/docs/phantoms/tasks/PHANTOM-M1-CHECKPOINT-RECOVERY-025/evidence/FINAL_R4_SCENE_B2/0078-SNAPSHOT_PHANTOMS.json	42929	40f09beb7732fb5196b34cd0012f0a6ab93cf479d61c86a596662245bdf08463	False
L2J_Mobius_CT_2.6_HighFive/docs/phantoms/tasks/PHANTOM-M1-CHECKPOINT-RECOVERY-025/evidence/FINAL_R4_SCENE_B2/0078-SNAPSHOT_PHANTOMS.xml	40711	c1e6bb0318a42c9d64c30e550dcdf8b65ab82c657976c04d9570c0a3c591e81a	False
L2J_Mobius_CT_2.6_HighFive/docs/phantoms/tasks/PHANTOM-M1-CHECKPOINT-RECOVERY-025/evidence/FINAL_R4_SCENE_B2/0079-SNAPSHOT_PHANTOMS.json	1824	46c726889127589258d69489278d673536e801ad67aec5b690d68c18dc04cf26	False
L2J_Mobius_CT_2.6_HighFive/docs/phantoms/tasks/PHANTOM-M1-CHECKPOINT-RECOVERY-025/evidence/FINAL_R4_SCENE_B2/0079-SNAPSHOT_PHANTOMS.xml	1726	804bf587d8ae872a1e5dfbc1df7c8bfc80aa19ddbc070dd7a11ea6d599bc81f6	False
L2J_Mobius_CT_2.6_HighFive/docs/phantoms/tasks/PHANTOM-M1-CHECKPOINT-RECOVERY-025/evidence/FINAL_R4_SCENE_B2/0080-SNAPSHOT_PHANTOMS.json	42734	55bdfe53cd702c73230ef57d04f084dd456a305947b51f9088dcf88e4e2fab63	False
L2J_Mobius_CT_2.6_HighFive/docs/phantoms/tasks/PHANTOM-M1-CHECKPOINT-RECOVERY-025/evidence/FINAL_R4_SCENE_B2/0080-SNAPSHOT_PHANTOMS.xml	40516	d5a2c81f9fd34bfab76a659c284d227c8f80f7f0825c72ad6f69d590e2a108a2	False
L2J_Mobius_CT_2.6_HighFive/docs/phantoms/tasks/PHANTOM-M1-CHECKPOINT-RECOVERY-025/evidence/FINAL_R4_SCENE_B2/0081-SNAPSHOT_PHANTOMS.json	1822	daa3da13310a60f8b624e170c5441eafe7d2508f83e7069266397b272499dcdd	False
L2J_Mobius_CT_2.6_HighFive/docs/phantoms/tasks/PHANTOM-M1-CHECKPOINT-RECOVERY-025/evidence/FINAL_R4_SCENE_B2/0081-SNAPSHOT_PHANTOMS.xml	1724	08a2891492558649c3510861b59f7d6ebef0f34574fb7938d037acda9d3a7097	False
L2J_Mobius_CT_2.6_HighFive/docs/phantoms/tasks/PHANTOM-M1-CHECKPOINT-RECOVERY-025/evidence/FINAL_R4_SCENE_B2/0082-SNAPSHOT_PHANTOMS.json	38115	81345173e5da32316d15fe1ee25c08d20b81ba9223ff7ae776d98efa97b4dbdf	False
L2J_Mobius_CT_2.6_HighFive/docs/phantoms/tasks/PHANTOM-M1-CHECKPOINT-RECOVERY-025/evidence/FINAL_R4_SCENE_B2/0082-SNAPSHOT_PHANTOMS.xml	36155	dad8bcebe6e60d7ce6efb0336ca1cfd8ff1ccbdc25853fb0e4e442756b071570	False
L2J_Mobius_CT_2.6_HighFive/docs/phantoms/tasks/PHANTOM-M1-CHECKPOINT-RECOVERY-025/evidence/FINAL_R4_SCENE_B2/0083-SNAPSHOT_PHANTOMS.json	33555	89d75f6f1d987fce8b790417ff089fb65d1e147a4abff519e28557534b56ffe5	False
L2J_Mobius_CT_2.6_HighFive/docs/phantoms/tasks/PHANTOM-M1-CHECKPOINT-RECOVERY-025/evidence/FINAL_R4_SCENE_B2/0083-SNAPSHOT_PHANTOMS.xml	31853	2ee28a275bb7a3bd3be4fa496fc4be87c7c98782e2ebd299f1e49d88eb9f4090	False
L2J_Mobius_CT_2.6_HighFive/docs/phantoms/tasks/PHANTOM-M1-CHECKPOINT-RECOVERY-025/evidence/FINAL_R4_SCENE_B2/0084-SNAPSHOT_PHANTOMS.json	33283	6144e17972ecfe3a4ecb09a1d05a22be2435de89a460941228ebe6acb30cb346	False
L2J_Mobius_CT_2.6_HighFive/docs/phantoms/tasks/PHANTOM-M1-CHECKPOINT-RECOVERY-025/evidence/FINAL_R4_SCENE_B2/0084-SNAPSHOT_PHANTOMS.xml	31581	8ded308f503bb8fa6c12d3c7f7d9d2b8b85a7f06b5995d1d4e0ffd8bc5cab373	False
L2J_Mobius_CT_2.6_HighFive/docs/phantoms/tasks/PHANTOM-M1-CHECKPOINT-RECOVERY-025/evidence/FINAL_R4_SCENE_B2/0085-SNAPSHOT_PHANTOMS.json	33476	bdb8b803ffbec39ebf7e7ff401ad2cef8fb8e7242b12fe917e0d1ee895e956c2	False
L2J_Mobius_CT_2.6_HighFive/docs/phantoms/tasks/PHANTOM-M1-CHECKPOINT-RECOVERY-025/evidence/FINAL_R4_SCENE_B2/0085-SNAPSHOT_PHANTOMS.xml	31760	902000dde1b9de15210985923a77b93febb1fceb61c121ea74eb41a6d9131a8c	False
L2J_Mobius_CT_2.6_HighFive/docs/phantoms/tasks/PHANTOM-M1-CHECKPOINT-RECOVERY-025/evidence/FINAL_R4_SCENE_B2/0086-SNAPSHOT_PHANTOMS.json	33572	6c7e2199fa279cd20484e4d0e0f9578e629d16297d58cff61651a8748cf972fa	False
L2J_Mobius_CT_2.6_HighFive/docs/phantoms/tasks/PHANTOM-M1-CHECKPOINT-RECOVERY-025/evidence/FINAL_R4_SCENE_B2/0086-SNAPSHOT_PHANTOMS.xml	31856	27a137570fcca0e6fcb318371e138c2a04016fabecc3dd617833fed407d3a5cd	False
L2J_Mobius_CT_2.6_HighFive/docs/phantoms/tasks/PHANTOM-M1-CHECKPOINT-RECOVERY-025/evidence/FINAL_R4_SCENE_B2/0087-SNAPSHOT_PHANTOMS.json	33507	05ff9c9eb5e40e4949645fc455ed4bb2ae79c68d786523aa232c77b288f70d15	False
L2J_Mobius_CT_2.6_HighFive/docs/phantoms/tasks/PHANTOM-M1-CHECKPOINT-RECOVERY-025/evidence/FINAL_R4_SCENE_B2/0087-SNAPSHOT_PHANTOMS.xml	31805	c893bad7ea322273f2d288efba68b5d3143660a0a78d4e530eb59a9850434e73	False
L2J_Mobius_CT_2.6_HighFive/docs/phantoms/tasks/PHANTOM-M1-CHECKPOINT-RECOVERY-025/evidence/FINAL_R4_SCENE_B2/0088-SNAPSHOT_PHANTOMS.json	33493	cf9746e5457f803f395879a51762a34a6df7b2cdf2d369e6254e277dcc3c8b17	False
L2J_Mobius_CT_2.6_HighFive/docs/phantoms/tasks/PHANTOM-M1-CHECKPOINT-RECOVERY-025/evidence/FINAL_R4_SCENE_B2/0088-SNAPSHOT_PHANTOMS.xml	31791	0f316229dffd9d260bd7741525f725dea26e2b6bbb9964794dbf4abfca3429f1	False
L2J_Mobius_CT_2.6_HighFive/docs/phantoms/tasks/PHANTOM-M1-CHECKPOINT-RECOVERY-025/evidence/FINAL_R4_SCENE_B2/0089-SNAPSHOT_PHANTOMS.json	33230	3b64961b20297c9d0d34a62bfeafc962e9bd402314e0f8e86557b4e85dd576d6	False
L2J_Mobius_CT_2.6_HighFive/docs/phantoms/tasks/PHANTOM-M1-CHECKPOINT-RECOVERY-025/evidence/FINAL_R4_SCENE_B2/0089-SNAPSHOT_PHANTOMS.xml	31528	5c45668bd67f10e8e0247316a9ee55f3d7117e2180de0b7a63d82a24fee3e718	False
L2J_Mobius_CT_2.6_HighFive/docs/phantoms/tasks/PHANTOM-M1-CHECKPOINT-RECOVERY-025/evidence/FINAL_R4_SCENE_B2/0090-SNAPSHOT_PHANTOMS.json	33022	82ebd240fb31dc1663debb11bae29d201e18c7211ff96fd8f8be88f406fe3c73	False
L2J_Mobius_CT_2.6_HighFive/docs/phantoms/tasks/PHANTOM-M1-CHECKPOINT-RECOVERY-025/evidence/FINAL_R4_SCENE_B2/0090-SNAPSHOT_PHANTOMS.xml	31320	21e97236c4b658dd0eea2092bafb37472861e1089b3da82ddafa81dd94a2169e	False
L2J_Mobius_CT_2.6_HighFive/docs/phantoms/tasks/PHANTOM-M1-CHECKPOINT-RECOVERY-025/evidence/FINAL_R4_SCENE_B2/0091-SNAPSHOT_PHANTOMS.json	33103	4b1db03533f3e9efe89ba04663c8fbc2cba5df300a49790e30cc346127bf6c0c	False
L2J_Mobius_CT_2.6_HighFive/docs/phantoms/tasks/PHANTOM-M1-CHECKPOINT-RECOVERY-025/evidence/FINAL_R4_SCENE_B2/0091-SNAPSHOT_PHANTOMS.xml	31401	346e08acd6d58c15de99025a9d1168a45b5f6beb7009432d442cf3fcd03cea47	False
L2J_Mobius_CT_2.6_HighFive/docs/phantoms/tasks/PHANTOM-M1-CHECKPOINT-RECOVERY-025/evidence/FINAL_R4_SCENE_B2/0092-SNAPSHOT_PHANTOMS.json	33136	7df4b1139a3f55a84efb9650f2b0c042c8a5c78cd7bcaa671326b8e05b20c800	False
L2J_Mobius_CT_2.6_HighFive/docs/phantoms/tasks/PHANTOM-M1-CHECKPOINT-RECOVERY-025/evidence/FINAL_R4_SCENE_B2/0092-SNAPSHOT_PHANTOMS.xml	31434	8fe7c6468dd7f3ae6290a61519c05a94594a111883c782a8daec61b89dc41c45	False
L2J_Mobius_CT_2.6_HighFive/docs/phantoms/tasks/PHANTOM-M1-CHECKPOINT-RECOVERY-025/evidence/FINAL_R4_SCENE_B2/0093-SNAPSHOT_PHANTOMS.json	33494	671be20449319219413437b331b7f9960c979711a7a6b77e4f636f6b33cd9d30	False
L2J_Mobius_CT_2.6_HighFive/docs/phantoms/tasks/PHANTOM-M1-CHECKPOINT-RECOVERY-025/evidence/FINAL_R4_SCENE_B2/0093-SNAPSHOT_PHANTOMS.xml	31778	9d6e2e410c366ec5522beb4d371fcabc567d1519f1391128ad201d6add6b7a9e	False
L2J_Mobius_CT_2.6_HighFive/docs/phantoms/tasks/PHANTOM-M1-CHECKPOINT-RECOVERY-025/evidence/FINAL_R4_SCENE_B2/0094-SNAPSHOT_PHANTOMS.json	33793	f5c20f3071922bd90ff22892a096c5e8a66eb22d0d777af6070370e74e7cf3b9	False
L2J_Mobius_CT_2.6_HighFive/docs/phantoms/tasks/PHANTOM-M1-CHECKPOINT-RECOVERY-025/evidence/FINAL_R4_SCENE_B2/0094-SNAPSHOT_PHANTOMS.xml	32063	e1a497fa6b6aa2cfb8192356ce421e0c085f802e12571ba18a741e31047a9cda	False
L2J_Mobius_CT_2.6_HighFive/docs/phantoms/tasks/PHANTOM-M1-CHECKPOINT-RECOVERY-025/evidence/FINAL_R4_SCENE_B2/0095-SNAPSHOT_PHANTOMS.json	33914	eb0a3eb71ae78151283733a002d55d20c09f7bd2407b679b8e265924ab78767a	False
L2J_Mobius_CT_2.6_HighFive/docs/phantoms/tasks/PHANTOM-M1-CHECKPOINT-RECOVERY-025/evidence/FINAL_R4_SCENE_B2/0095-SNAPSHOT_PHANTOMS.xml	32184	c81522f09f9615c13185f0f0bb1e030f5bb6e4ab16aaec09a94cffa9dd2b277c	False
L2J_Mobius_CT_2.6_HighFive/docs/phantoms/tasks/PHANTOM-M1-CHECKPOINT-RECOVERY-025/evidence/FINAL_R4_SCENE_B2/0096-SNAPSHOT_PHANTOMS.json	33707	6b9a772a6fe654076b61c966e106b4b8133da4b22b82bb5ec0d27310bda96b08	False
L2J_Mobius_CT_2.6_HighFive/docs/phantoms/tasks/PHANTOM-M1-CHECKPOINT-RECOVERY-025/evidence/FINAL_R4_SCENE_B2/0096-SNAPSHOT_PHANTOMS.xml	31991	6fbe00e06a7620d6a0c886d313657a30a1bf89ebc6ee6f22c78ccb0eb6e8425e	False
L2J_Mobius_CT_2.6_HighFive/docs/phantoms/tasks/PHANTOM-M1-CHECKPOINT-RECOVERY-025/evidence/FINAL_R4_SCENE_B2/0097-SNAPSHOT_PHANTOMS.json	33654	147cfa3ac267f15e2f8bdb15e417af45d90548c2701db81efd6d6fa738c60a8b	False
L2J_Mobius_CT_2.6_HighFive/docs/phantoms/tasks/PHANTOM-M1-CHECKPOINT-RECOVERY-025/evidence/FINAL_R4_SCENE_B2/0097-SNAPSHOT_PHANTOMS.xml	31938	fdc197597df6026a00a12fe8681f0b187d3618af7900ffd97cbd9cf3ddedc207	False
L2J_Mobius_CT_2.6_HighFive/docs/phantoms/tasks/PHANTOM-M1-CHECKPOINT-RECOVERY-025/evidence/FINAL_R4_SCENE_B2/0098-SNAPSHOT_PHANTOMS.json	33455	13d1828f9554f1b562ae1fa5bfca6f04b4c7f9c64791ce868af8bc5d05036def	False
L2J_Mobius_CT_2.6_HighFive/docs/phantoms/tasks/PHANTOM-M1-CHECKPOINT-RECOVERY-025/evidence/FINAL_R4_SCENE_B2/0098-SNAPSHOT_PHANTOMS.xml	31739	1b4ac3807d50f94932b2466776a404ef64bf02f63cd70e73d4ff11ac36fc4e90	False
L2J_Mobius_CT_2.6_HighFive/docs/phantoms/tasks/PHANTOM-M1-CHECKPOINT-RECOVERY-025/evidence/FINAL_R4_SCENE_B2/0099-SNAPSHOT_PHANTOMS.json	33623	c7269683ad47d0f5a9d0c75363e5a7a6f501bb5f0a04cc69c5378c26a4abcfe5	False
L2J_Mobius_CT_2.6_HighFive/docs/phantoms/tasks/PHANTOM-M1-CHECKPOINT-RECOVERY-025/evidence/FINAL_R4_SCENE_B2/0099-SNAPSHOT_PHANTOMS.xml	31907	0f4de8f7407c1a542c367d5e0c38baddc3443f7bc64225dd655f71c85a589e39	False
L2J_Mobius_CT_2.6_HighFive/docs/phantoms/tasks/PHANTOM-M1-CHECKPOINT-RECOVERY-025/evidence/FINAL_R4_SCENE_B2/0100-SNAPSHOT_PHANTOMS.json	33585	e71c3e3faa9eb81ab5b53705d4df2878fb7f2163783d6ff75214f50414fb16f0	False
L2J_Mobius_CT_2.6_HighFive/docs/phantoms/tasks/PHANTOM-M1-CHECKPOINT-RECOVERY-025/evidence/FINAL_R4_SCENE_B2/0100-SNAPSHOT_PHANTOMS.xml	31869	d8bbe493633d968059cdcc990944605a8359ad185be722154ab98eb9604c66e4	False
L2J_Mobius_CT_2.6_HighFive/docs/phantoms/tasks/PHANTOM-M1-CHECKPOINT-RECOVERY-025/evidence/FINAL_R4_SCENE_B2/0101-SNAPSHOT_PHANTOMS.json	33457	a1a517d1d3d039619fe9163791bfbf346bb4c8abb36b0c8f357061df7729c390	False
L2J_Mobius_CT_2.6_HighFive/docs/phantoms/tasks/PHANTOM-M1-CHECKPOINT-RECOVERY-025/evidence/FINAL_R4_SCENE_B2/0101-SNAPSHOT_PHANTOMS.xml	31741	4e10d64ee4b954ff40e4b24dfecc2bfd2d3ac3045538fc1ad4d1d8a1c6691ff9	False
L2J_Mobius_CT_2.6_HighFive/docs/phantoms/tasks/PHANTOM-M1-CHECKPOINT-RECOVERY-025/evidence/FINAL_R4_SCENE_B2/0102-SNAPSHOT_PHANTOMS.json	33438	3a52a502a29fdb35e1723ec1eff7d3d5d56d5567d069fd6d10c86bcd6cb01874	False
L2J_Mobius_CT_2.6_HighFive/docs/phantoms/tasks/PHANTOM-M1-CHECKPOINT-RECOVERY-025/evidence/FINAL_R4_SCENE_B2/0102-SNAPSHOT_PHANTOMS.xml	31722	53434b9744c49e5ff9d5083d3fc8317ad02038a4cf6a3af3d21a877db6811679	False
L2J_Mobius_CT_2.6_HighFive/docs/phantoms/tasks/PHANTOM-M1-CHECKPOINT-RECOVERY-025/evidence/FINAL_R4_SCENE_B2/0103-SNAPSHOT_PHANTOMS.json	33441	a2c32ccec752fd2ae93d66cbfaffe1ddaa49ab48e5a68aa693b2514636b68fe1	False
L2J_Mobius_CT_2.6_HighFive/docs/phantoms/tasks/PHANTOM-M1-CHECKPOINT-RECOVERY-025/evidence/FINAL_R4_SCENE_B2/0103-SNAPSHOT_PHANTOMS.xml	31725	857b6c2312e3abf600d3355151e3b2af98ccc340f915793e6363831d66bbf863	False
L2J_Mobius_CT_2.6_HighFive/docs/phantoms/tasks/PHANTOM-M1-CHECKPOINT-RECOVERY-025/evidence/FINAL_R4_SCENE_B2/0104-SNAPSHOT_PHANTOMS.json	33232	18533663541bf8345c369662ff7656c700a06bf4ac02dac66542f8e0e14b93a9	False
L2J_Mobius_CT_2.6_HighFive/docs/phantoms/tasks/PHANTOM-M1-CHECKPOINT-RECOVERY-025/evidence/FINAL_R4_SCENE_B2/0104-SNAPSHOT_PHANTOMS.xml	31530	9069ae24b0953bd24760754111a54d2a47b2dd648d2c38318ee208e7891088a3	False
L2J_Mobius_CT_2.6_HighFive/docs/phantoms/tasks/PHANTOM-M1-CHECKPOINT-RECOVERY-025/evidence/FINAL_R4_SCENE_B2/0105-SNAPSHOT_PHANTOMS.json	33079	55a88524b25cd880a2d5e62b0a68a3d37f750ed6f7391f5edb9f222db7e5f8c9	False
L2J_Mobius_CT_2.6_HighFive/docs/phantoms/tasks/PHANTOM-M1-CHECKPOINT-RECOVERY-025/evidence/FINAL_R4_SCENE_B2/0105-SNAPSHOT_PHANTOMS.xml	31377	0652015e3ed6cae139893c003646655b7b45a3b9431a3897cfcde72bedf4d538	False
L2J_Mobius_CT_2.6_HighFive/docs/phantoms/tasks/PHANTOM-M1-CHECKPOINT-RECOVERY-025/evidence/FINAL_R4_SCENE_B2/0106-SNAPSHOT_PHANTOMS.json	33175	fe936c50a365fe7c315ba605200c12e28d9f17fd2aff7562df4c6eb93cc77e7e	False
L2J_Mobius_CT_2.6_HighFive/docs/phantoms/tasks/PHANTOM-M1-CHECKPOINT-RECOVERY-025/evidence/FINAL_R4_SCENE_B2/0106-SNAPSHOT_PHANTOMS.xml	31473	ce27c7d55c793651ba764e1a0e9232f67706d1ea27f18fad14e2e36a2429e04d	False
L2J_Mobius_CT_2.6_HighFive/docs/phantoms/tasks/PHANTOM-M1-CHECKPOINT-RECOVERY-025/evidence/FINAL_R4_SCENE_B2/0107-SNAPSHOT_PHANTOMS.json	33438	b87139d021a808587b5525a7cdc9158d817bafb6e7c5fe8c35e324c0d6163edc	False
L2J_Mobius_CT_2.6_HighFive/docs/phantoms/tasks/PHANTOM-M1-CHECKPOINT-RECOVERY-025/evidence/FINAL_R4_SCENE_B2/0107-SNAPSHOT_PHANTOMS.xml	31722	0bde5683ba74876a294dcc2d90f15a1f36fe997ffc207a317c9401d17b08be53	False
L2J_Mobius_CT_2.6_HighFive/docs/phantoms/tasks/PHANTOM-M1-CHECKPOINT-RECOVERY-025/evidence/FINAL_R4_SCENE_B2/0108-SNAPSHOT_PHANTOMS.json	33727	9674c290556736b4a49b59a76aaf840032afa38ccaaa183eda3b826d314e3b13	False
L2J_Mobius_CT_2.6_HighFive/docs/phantoms/tasks/PHANTOM-M1-CHECKPOINT-RECOVERY-025/evidence/FINAL_R4_SCENE_B2/0108-SNAPSHOT_PHANTOMS.xml	32011	3b4d31b23a5deaa67e2507f9b98b080fe1ea38c572a944fb867e6c2301777b8b	False
L2J_Mobius_CT_2.6_HighFive/docs/phantoms/tasks/PHANTOM-M1-CHECKPOINT-RECOVERY-025/evidence/FINAL_R4_SCENE_B2/0109-SNAPSHOT_PHANTOMS.json	33566	b19b09a9daf35815501d361e1ef41225904c7d54ef10503b4b9c3fa4008ea9a8	False
L2J_Mobius_CT_2.6_HighFive/docs/phantoms/tasks/PHANTOM-M1-CHECKPOINT-RECOVERY-025/evidence/FINAL_R4_SCENE_B2/0109-SNAPSHOT_PHANTOMS.xml	31850	2e8191f6b6fc47190df823af0d30858efabd6c6050225cac8bcfc15b3579445d	False
L2J_Mobius_CT_2.6_HighFive/docs/phantoms/tasks/PHANTOM-M1-CHECKPOINT-RECOVERY-025/evidence/FINAL_R4_SCENE_B2/0110-SNAPSHOT_PHANTOMS.json	34195	c9475806deec9b9ac2eadae718bfb71b4577d53881d175da94621ad0383d4fce	False
L2J_Mobius_CT_2.6_HighFive/docs/phantoms/tasks/PHANTOM-M1-CHECKPOINT-RECOVERY-025/evidence/FINAL_R4_SCENE_B2/0110-SNAPSHOT_PHANTOMS.xml	32493	df9d885715a2b31a61018123aec205335cbbfc548e6ec8ad4bdee13c85030d16	False
L2J_Mobius_CT_2.6_HighFive/docs/phantoms/tasks/PHANTOM-M1-CHECKPOINT-RECOVERY-025/evidence/FINAL_R4_SCENE_B2/0111-SNAPSHOT_PHANTOMS.json	34500	d959c048558f31994fe138882f404948a5e87577dc7753b092d37960d27c34f9	False
L2J_Mobius_CT_2.6_HighFive/docs/phantoms/tasks/PHANTOM-M1-CHECKPOINT-RECOVERY-025/evidence/FINAL_R4_SCENE_B2/0111-SNAPSHOT_PHANTOMS.xml	32798	ae6e4f9eccf6281fe5c1212279e0c02e4586c695020e0e5305234f883a4ba6cd	False
L2J_Mobius_CT_2.6_HighFive/docs/phantoms/tasks/PHANTOM-M1-CHECKPOINT-RECOVERY-025/evidence/FINAL_R4_SCENE_B2/0112-SNAPSHOT_PHANTOMS.json	34732	23c62f002eb70d1fac7fb71e46476eba364f71c9555ff8aa8bc3aad7bd4ca0a2	False
L2J_Mobius_CT_2.6_HighFive/docs/phantoms/tasks/PHANTOM-M1-CHECKPOINT-RECOVERY-025/evidence/FINAL_R4_SCENE_B2/0112-SNAPSHOT_PHANTOMS.xml	33016	54b93d7f88657ce277235b324655e0caebdf5c74385bf0aae7333edd5501692d	False
L2J_Mobius_CT_2.6_HighFive/docs/phantoms/tasks/PHANTOM-M1-CHECKPOINT-RECOVERY-025/evidence/FINAL_R4_SCENE_B2/0113-SNAPSHOT_PHANTOMS.json	34444	c4d926085b3f5a954730fde0c885d71e8e70978381cb2a2f6fbde5464ef9c5e6	False
L2J_Mobius_CT_2.6_HighFive/docs/phantoms/tasks/PHANTOM-M1-CHECKPOINT-RECOVERY-025/evidence/FINAL_R4_SCENE_B2/0113-SNAPSHOT_PHANTOMS.xml	32742	cc808d1f1c84f842c4d507200c35071be5d8c750fbb9f6387e63449983b0471c	False
L2J_Mobius_CT_2.6_HighFive/docs/phantoms/tasks/PHANTOM-M1-CHECKPOINT-RECOVERY-025/evidence/FINAL_R4_SCENE_B2/0114-SNAPSHOT_PHANTOMS.json	34547	cb850cdacbcdd4a5ad59dc259bd930c317b5077150a7209553220eb9b1fc3454	False
L2J_Mobius_CT_2.6_HighFive/docs/phantoms/tasks/PHANTOM-M1-CHECKPOINT-RECOVERY-025/evidence/FINAL_R4_SCENE_B2/0114-SNAPSHOT_PHANTOMS.xml	32831	acf05021c760c3b2374d3c28bfd0fab296684633fad8947a67923e326c34f9fb	False
L2J_Mobius_CT_2.6_HighFive/docs/phantoms/tasks/PHANTOM-M1-CHECKPOINT-RECOVERY-025/evidence/FINAL_R4_SCENE_B2/0115-SNAPSHOT_PHANTOMS.json	34513	c59be6641fc32636df65805fde4f5fac5dd380010bb9ac9db5723111d104638f	False
L2J_Mobius_CT_2.6_HighFive/docs/phantoms/tasks/PHANTOM-M1-CHECKPOINT-RECOVERY-025/evidence/FINAL_R4_SCENE_B2/0115-SNAPSHOT_PHANTOMS.xml	32797	3a72971f80e3f21b1125009b5798f0bc15312dde225306fc0e5560ff5833f87d	False
L2J_Mobius_CT_2.6_HighFive/docs/phantoms/tasks/PHANTOM-M1-CHECKPOINT-RECOVERY-025/evidence/FINAL_R4_SCENE_B2/0116-SNAPSHOT_PHANTOMS.json	34673	15007d4b578d762f7d4a2425ce5673c55aaaf28de431afc6f90a621fc3e02418	False
L2J_Mobius_CT_2.6_HighFive/docs/phantoms/tasks/PHANTOM-M1-CHECKPOINT-RECOVERY-025/evidence/FINAL_R4_SCENE_B2/0116-SNAPSHOT_PHANTOMS.xml	32957	a35297f33420c6db11ba44dbd2c026519fceaf970928b8d28fcf1e02ba25d1be	False
L2J_Mobius_CT_2.6_HighFive/docs/phantoms/tasks/PHANTOM-M1-CHECKPOINT-RECOVERY-025/evidence/FINAL_R4_SCENE_B2/0117-SNAPSHOT_PHANTOMS.json	34495	9e0d457d8ee9a1b3a14ab0dc1e29bbf3e4e5ea850c66f56da701dd813101d0c6	False
L2J_Mobius_CT_2.6_HighFive/docs/phantoms/tasks/PHANTOM-M1-CHECKPOINT-RECOVERY-025/evidence/FINAL_R4_SCENE_B2/0117-SNAPSHOT_PHANTOMS.xml	32779	acc55ddcc595a3e3c7e5d08aa2cb65c9027caa9ac40a04a5a1664398a1e4030a	False
L2J_Mobius_CT_2.6_HighFive/docs/phantoms/tasks/PHANTOM-M1-CHECKPOINT-RECOVERY-025/evidence/FINAL_R4_SCENE_B2/0118-SNAPSHOT_PHANTOMS.json	34131	896d8a66dd08c625b4c6e86d7e3acc806557b9f4cca8751f51ed37eed8a33bc0	False
L2J_Mobius_CT_2.6_HighFive/docs/phantoms/tasks/PHANTOM-M1-CHECKPOINT-RECOVERY-025/evidence/FINAL_R4_SCENE_B2/0118-SNAPSHOT_PHANTOMS.xml	32429	36b2ab4d5dad73e70b71081406fc65e28a884ffe2639fb34b289cb249b772d2a	False
L2J_Mobius_CT_2.6_HighFive/docs/phantoms/tasks/PHANTOM-M1-CHECKPOINT-RECOVERY-025/evidence/FINAL_R4_SCENE_B2/0119-SNAPSHOT_PHANTOMS.json	33910	fe3a715fdb50636b4e93abb11db53146aaefbb4d17bc1d41b36d8bbcf32ed687	False
L2J_Mobius_CT_2.6_HighFive/docs/phantoms/tasks/PHANTOM-M1-CHECKPOINT-RECOVERY-025/evidence/FINAL_R4_SCENE_B2/0119-SNAPSHOT_PHANTOMS.xml	32208	dda4280af44bc2e1600d65801168da733e3a4c9cad8fc5ca4729fa6f5615b1a2	False
L2J_Mobius_CT_2.6_HighFive/docs/phantoms/tasks/PHANTOM-M1-CHECKPOINT-RECOVERY-025/evidence/FINAL_R4_SCENE_B2/0120-SNAPSHOT_PHANTOMS.json	34005	220e766da7f5e29ac31ea1d82069b9f5fcfe5fed430d05f13bb76856b8cde4bc	False
L2J_Mobius_CT_2.6_HighFive/docs/phantoms/tasks/PHANTOM-M1-CHECKPOINT-RECOVERY-025/evidence/FINAL_R4_SCENE_B2/0120-SNAPSHOT_PHANTOMS.xml	32303	2b989af5498c46d288ed0cd5206243ab9e81725e7777334825913aa7b39733ff	False
L2J_Mobius_CT_2.6_HighFive/docs/phantoms/tasks/PHANTOM-M1-CHECKPOINT-RECOVERY-025/evidence/FINAL_R4_SCENE_B2/0121-SNAPSHOT_PHANTOMS.json	34065	b91f0871c66af4b64a65af549d730710ebf2c933ccb90a2e4147dd08f29f205b	False
L2J_Mobius_CT_2.6_HighFive/docs/phantoms/tasks/PHANTOM-M1-CHECKPOINT-RECOVERY-025/evidence/FINAL_R4_SCENE_B2/0121-SNAPSHOT_PHANTOMS.xml	32363	14a11c71d87f79bc5227ec5e654b080aa476b00fd42ef9663b55201f320dfbc0	False
L2J_Mobius_CT_2.6_HighFive/docs/phantoms/tasks/PHANTOM-M1-CHECKPOINT-RECOVERY-025/evidence/FINAL_R4_SCENE_B2/0122-SNAPSHOT_PHANTOMS.json	33811	b9d854e9b6ed4c8e18e6bc26d8728bcd162f7623a7aef1604026fce85e8ad072	False
L2J_Mobius_CT_2.6_HighFive/docs/phantoms/tasks/PHANTOM-M1-CHECKPOINT-RECOVERY-025/evidence/FINAL_R4_SCENE_B2/0122-SNAPSHOT_PHANTOMS.xml	32123	3617ba80f5e26b4f6ad80b642371a93cc15e1e69dd91ebf4922e1e9a639cb8de	False
L2J_Mobius_CT_2.6_HighFive/docs/phantoms/tasks/PHANTOM-M1-CHECKPOINT-RECOVERY-025/evidence/FINAL_R4_SCENE_B2/0123-SNAPSHOT_PHANTOMS.json	33835	9d3d40700fd78a7c3bf2f9781d63c33af8fe1fe066f29378736e07202c55309e	False
L2J_Mobius_CT_2.6_HighFive/docs/phantoms/tasks/PHANTOM-M1-CHECKPOINT-RECOVERY-025/evidence/FINAL_R4_SCENE_B2/0123-SNAPSHOT_PHANTOMS.xml	32147	e63d4357f7d1c94f0ebb72d8453a3dbfdf17e14243017b8fe77bf276cc373c35	False
L2J_Mobius_CT_2.6_HighFive/docs/phantoms/tasks/PHANTOM-M1-CHECKPOINT-RECOVERY-025/evidence/FINAL_R4_SCENE_B2/0124-SNAPSHOT_PHANTOMS.json	33490	b5096975179d1ac5b98580310966fa8fcf02bd2a7db82f6f9f024de68a276c33	False
L2J_Mobius_CT_2.6_HighFive/docs/phantoms/tasks/PHANTOM-M1-CHECKPOINT-RECOVERY-025/evidence/FINAL_R4_SCENE_B2/0124-SNAPSHOT_PHANTOMS.xml	31816	6db941a1ede34491725156de3449a1424861a459fa6bacdc44e6c156283543c0	False
L2J_Mobius_CT_2.6_HighFive/docs/phantoms/tasks/PHANTOM-M1-CHECKPOINT-RECOVERY-025/evidence/FINAL_R4_SCENE_B2/0125-SNAPSHOT_PHANTOMS.json	33886	58fe864a5cd7e402cfb35d0b87b29a6d1eb0a7def00ed748b75fbe0081b5c0ba	False
L2J_Mobius_CT_2.6_HighFive/docs/phantoms/tasks/PHANTOM-M1-CHECKPOINT-RECOVERY-025/evidence/FINAL_R4_SCENE_B2/0125-SNAPSHOT_PHANTOMS.xml	32184	7a7404e5d2406f4a443afb47b45a8c751a5615dac16235a83560e7e2a8e922b6	False
L2J_Mobius_CT_2.6_HighFive/docs/phantoms/tasks/PHANTOM-M1-CHECKPOINT-RECOVERY-025/evidence/FINAL_R4_SCENE_B2/0126-SNAPSHOT_PHANTOMS.json	33924	68fdfb490b1f07cfc1a53b6515247533230fca93b24a5f15f15766203866c423	False
L2J_Mobius_CT_2.6_HighFive/docs/phantoms/tasks/PHANTOM-M1-CHECKPOINT-RECOVERY-025/evidence/FINAL_R4_SCENE_B2/0126-SNAPSHOT_PHANTOMS.xml	32222	5d181534fa36ffe6f944a23eba32f8efee7974745979c7cd864c2fd580db1a9e	False
L2J_Mobius_CT_2.6_HighFive/docs/phantoms/tasks/PHANTOM-M1-CHECKPOINT-RECOVERY-025/evidence/FINAL_R4_SCENE_B2/0127-SNAPSHOT_PHANTOMS.json	34025	3a2dc16d4c49cd4c668e0ba81f52a61ba03c5d0f567ce0b23d830ebf35e654ee	False
L2J_Mobius_CT_2.6_HighFive/docs/phantoms/tasks/PHANTOM-M1-CHECKPOINT-RECOVERY-025/evidence/FINAL_R4_SCENE_B2/0127-SNAPSHOT_PHANTOMS.xml	32323	f1c9a7ed41110bb736536040da6ea1c4545c2f51643c16a4c486d3fa90a5bbbc	False
L2J_Mobius_CT_2.6_HighFive/docs/phantoms/tasks/PHANTOM-M1-CHECKPOINT-RECOVERY-025/evidence/FINAL_R4_SCENE_B2/0128-SNAPSHOT_PHANTOMS.json	33980	77bb878215f69a608a4b893f9d128e7204632fd5755237fc544bc231baccef28	False
L2J_Mobius_CT_2.6_HighFive/docs/phantoms/tasks/PHANTOM-M1-CHECKPOINT-RECOVERY-025/evidence/FINAL_R4_SCENE_B2/0128-SNAPSHOT_PHANTOMS.xml	32278	8bb08be110cbcc0a8f6a1ccc1ea1b695e4b89421226ea7b6cfc92a0ab6e757a7	False
L2J_Mobius_CT_2.6_HighFive/docs/phantoms/tasks/PHANTOM-M1-CHECKPOINT-RECOVERY-025/evidence/FINAL_R4_SCENE_B2/0129-SNAPSHOT_PHANTOMS.json	33801	99747efc741d15c08778851d7ac81f29d9e7ff2e00157c477104fdafd750cc0c	False
L2J_Mobius_CT_2.6_HighFive/docs/phantoms/tasks/PHANTOM-M1-CHECKPOINT-RECOVERY-025/evidence/FINAL_R4_SCENE_B2/0129-SNAPSHOT_PHANTOMS.xml	32099	54585a9e7bba19d7aa134f694e89825db5d70c8d8cb11ddaf0808a769b381163	False
L2J_Mobius_CT_2.6_HighFive/docs/phantoms/tasks/PHANTOM-M1-CHECKPOINT-RECOVERY-025/evidence/FINAL_R4_SCENE_B2/0130-SNAPSHOT_PHANTOMS.json	33925	5d448bb6f133fddbe4acf3ca6c15d94763818b82a0cc731cf99d99567acc8ac8	False
L2J_Mobius_CT_2.6_HighFive/docs/phantoms/tasks/PHANTOM-M1-CHECKPOINT-RECOVERY-025/evidence/FINAL_R4_SCENE_B2/0130-SNAPSHOT_PHANTOMS.xml	32223	27fbd046923fafee92e3dbb9eb5b9819d05aeb570296799aec5ffc1b7bf44763	False
L2J_Mobius_CT_2.6_HighFive/docs/phantoms/tasks/PHANTOM-M1-CHECKPOINT-RECOVERY-025/evidence/FINAL_R4_SCENE_B2/0131-SNAPSHOT_PHANTOMS.json	33811	ecb6291fa4cc4d2ae4683dede96b61852c1332b0cd1312fe7971830d29922a4e	False
L2J_Mobius_CT_2.6_HighFive/docs/phantoms/tasks/PHANTOM-M1-CHECKPOINT-RECOVERY-025/evidence/FINAL_R4_SCENE_B2/0131-SNAPSHOT_PHANTOMS.xml	32109	ce491099a431a3bf6673e8106edc9b36fb1c7697a571cd6ff47aea8b3bb50d52	False
L2J_Mobius_CT_2.6_HighFive/docs/phantoms/tasks/PHANTOM-M1-CHECKPOINT-RECOVERY-025/evidence/FINAL_R4_SCENE_B2/all-samples.json	3457884	e4ca1ab79d10b50a4d5620db40a2a4805ff2659cdff6391ebce9611425b7897e	False
L2J_Mobius_CT_2.6_HighFive/docs/phantoms/tasks/PHANTOM-M1-CHECKPOINT-RECOVERY-025/evidence/FINAL_R4_SCENE_B2/baseline-cohort.json	38666	9c983c325b23758b7cd26f4f7c0bd554593f0d6a50846842d9b1894400f94552	False
L2J_Mobius_CT_2.6_HighFive/docs/phantoms/tasks/PHANTOM-M1-CHECKPOINT-RECOVERY-025/evidence/FINAL_R4_SCENE_B2/baseline-inventory.tsv	9531	e9179896a1ef08680e761de56263c4b5080e4bfc0880309aa82fce2de3ce0b9b	False
L2J_Mobius_CT_2.6_HighFive/docs/phantoms/tasks/PHANTOM-M1-CHECKPOINT-RECOVERY-025/evidence/FINAL_R4_SCENE_B2/cohort-002.json	41618	1613602edf38bd5f0e714cb89cb12b5029321b7a3f8b55fb9d51e05df7ad0d4e	False
L2J_Mobius_CT_2.6_HighFive/docs/phantoms/tasks/PHANTOM-M1-CHECKPOINT-RECOVERY-025/evidence/FINAL_R4_SCENE_B2/cohort-003.json	41771	75e75a7997e7fe601b6332d47d32b6c16e039cdf70f8beb9b6f272b5b65af104	False
L2J_Mobius_CT_2.6_HighFive/docs/phantoms/tasks/PHANTOM-M1-CHECKPOINT-RECOVERY-025/evidence/FINAL_R4_SCENE_B2/cohort-004.json	41276	76915c80dfa4c53279e4a3092fadba9d7714e57a390873c87f5a3de58569e886	False
L2J_Mobius_CT_2.6_HighFive/docs/phantoms/tasks/PHANTOM-M1-CHECKPOINT-RECOVERY-025/evidence/FINAL_R4_SCENE_B2/cohort-005.json	41914	5e543f4be8cb9f110f98c4b28c1a0d6a43952a6ebf1d3c235dd056fe36a29611	False
L2J_Mobius_CT_2.6_HighFive/docs/phantoms/tasks/PHANTOM-M1-CHECKPOINT-RECOVERY-025/evidence/FINAL_R4_SCENE_B2/cohort-006.json	42110	5af6dce3944a07a4c39cc0a70dd408770c50e7579006f5569296eaef5edb4762	False
L2J_Mobius_CT_2.6_HighFive/docs/phantoms/tasks/PHANTOM-M1-CHECKPOINT-RECOVERY-025/evidence/FINAL_R4_SCENE_B2/cohort-007.json	41896	bdbaaeabe91e90dff86ce8bd490c9d94259ffaf063be6b9d7aa9ccb81e277cb0	False
L2J_Mobius_CT_2.6_HighFive/docs/phantoms/tasks/PHANTOM-M1-CHECKPOINT-RECOVERY-025/evidence/FINAL_R4_SCENE_B2/cohort-008.json	41826	bcca76cdae36575d27c423087c13636afa80a333669fc55cba792959182f06df	False
L2J_Mobius_CT_2.6_HighFive/docs/phantoms/tasks/PHANTOM-M1-CHECKPOINT-RECOVERY-025/evidence/FINAL_R4_SCENE_B2/cohort-009.json	41594	c7d408e8ce5dae1e68220a0bcc4c32fee0972687f2c198b5eab61f4023d43f67	False
L2J_Mobius_CT_2.6_HighFive/docs/phantoms/tasks/PHANTOM-M1-CHECKPOINT-RECOVERY-025/evidence/FINAL_R4_SCENE_B2/cohort-010.json	41162	c01a93d8b659c295533b6b0b757d95fc16d37e8665caec2a0a01feffae947d8d	False
L2J_Mobius_CT_2.6_HighFive/docs/phantoms/tasks/PHANTOM-M1-CHECKPOINT-RECOVERY-025/evidence/FINAL_R4_SCENE_B2/cohort-011.json	42286	2c1c9d2a92e3f8a97c4e5780a5ce85a74023572a20fb74017f89bd6dbf7887f9	False
L2J_Mobius_CT_2.6_HighFive/docs/phantoms/tasks/PHANTOM-M1-CHECKPOINT-RECOVERY-025/evidence/FINAL_R4_SCENE_B2/cohort-012.json	42315	eddc99bc23272f145fb84be0f2cbaf1adbb1cd667f44bea9acf26322c746f945	False
L2J_Mobius_CT_2.6_HighFive/docs/phantoms/tasks/PHANTOM-M1-CHECKPOINT-RECOVERY-025/evidence/FINAL_R4_SCENE_B2/cohort-013.json	40931	636ae1e09c200bdc90a61861b740ece47c402b9d4f82e41d417ba9dff2d9a401	False
L2J_Mobius_CT_2.6_HighFive/docs/phantoms/tasks/PHANTOM-M1-CHECKPOINT-RECOVERY-025/evidence/FINAL_R4_SCENE_B2/cohort-014.json	41100	5406d685d9976e6d139586709f13245f95a3a08cd1ca263bd4f8bbe0b006d4fa	False
L2J_Mobius_CT_2.6_HighFive/docs/phantoms/tasks/PHANTOM-M1-CHECKPOINT-RECOVERY-025/evidence/FINAL_R4_SCENE_B2/cohort-015.json	41170	bd2eafdf2b47e53208e324babc69ff2c511f488b5117569abd3dd6c5bc317385	False
L2J_Mobius_CT_2.6_HighFive/docs/phantoms/tasks/PHANTOM-M1-CHECKPOINT-RECOVERY-025/evidence/FINAL_R4_SCENE_B2/cohort-016.json	40741	6ba6d77985b82c95865f4f883466a2630d5e61f95a5fe97066ea2d4adeb1cf1e	False
L2J_Mobius_CT_2.6_HighFive/docs/phantoms/tasks/PHANTOM-M1-CHECKPOINT-RECOVERY-025/evidence/FINAL_R4_SCENE_B2/cohort-017.json	42145	c9f923ce745cf018e0a8c52ab95996378356428c31db43666f15134c53f2a4b0	False
L2J_Mobius_CT_2.6_HighFive/docs/phantoms/tasks/PHANTOM-M1-CHECKPOINT-RECOVERY-025/evidence/FINAL_R4_SCENE_B2/cohort-018.json	42379	36c8bd7030c7d465d117f1017c04fda4c5b3f55f1c6d5052c21882e6fe5aa716	False
L2J_Mobius_CT_2.6_HighFive/docs/phantoms/tasks/PHANTOM-M1-CHECKPOINT-RECOVERY-025/evidence/FINAL_R4_SCENE_B2/cohort-019.json	41641	93f0f8c68d362c101b6fe49c7eb5a92e05226e85fb1d3400f2cc59c7871bf92e	False
L2J_Mobius_CT_2.6_HighFive/docs/phantoms/tasks/PHANTOM-M1-CHECKPOINT-RECOVERY-025/evidence/FINAL_R4_SCENE_B2/cohort-020.json	41921	c69ea6b5be1fdc5489999e68b0991c80ec87613fd27fbae7442124b097143656	False
L2J_Mobius_CT_2.6_HighFive/docs/phantoms/tasks/PHANTOM-M1-CHECKPOINT-RECOVERY-025/evidence/FINAL_R4_SCENE_B2/cohort-021.json	41629	66bd3052df45e2d445e46e67d53bce625339f0ae001b2bc43976f7642a9cdb34	False
L2J_Mobius_CT_2.6_HighFive/docs/phantoms/tasks/PHANTOM-M1-CHECKPOINT-RECOVERY-025/evidence/FINAL_R4_SCENE_B2/cohort-022.json	41311	7a92a91f0c620fff0bef9683e0d3d2ccd51483c7605413566233668643f037d0	False
L2J_Mobius_CT_2.6_HighFive/docs/phantoms/tasks/PHANTOM-M1-CHECKPOINT-RECOVERY-025/evidence/FINAL_R4_SCENE_B2/cohort-023.json	41273	95b3bc9ab5b11d1099ffdf98346c47ae3841bc221683abb29b9c636262bb8c74	False
L2J_Mobius_CT_2.6_HighFive/docs/phantoms/tasks/PHANTOM-M1-CHECKPOINT-RECOVERY-025/evidence/FINAL_R4_SCENE_B2/cohort-024.json	41947	c7d628cba40a324d4ecc17b97bbcee095af2105e2143f53d3680bd948bcbe92d	False
L2J_Mobius_CT_2.6_HighFive/docs/phantoms/tasks/PHANTOM-M1-CHECKPOINT-RECOVERY-025/evidence/FINAL_R4_SCENE_B2/cohort-025.json	42747	5462705f8ac069f9c88d454473c359785d01da415d98a57f6fe54cd41b4b1c4e	False
L2J_Mobius_CT_2.6_HighFive/docs/phantoms/tasks/PHANTOM-M1-CHECKPOINT-RECOVERY-025/evidence/FINAL_R4_SCENE_B2/cohort-026.json	43194	cd22df7322cc8ee7cae827910beb3593abe36d242078741ddddcd13004fcc32e	False
L2J_Mobius_CT_2.6_HighFive/docs/phantoms/tasks/PHANTOM-M1-CHECKPOINT-RECOVERY-025/evidence/FINAL_R4_SCENE_B2/cohort-027.json	43354	e7ad945adbb5524159ab7d7744d4b05c38a878c3b47cad5249b4bb606c1dec02	False
L2J_Mobius_CT_2.6_HighFive/docs/phantoms/tasks/PHANTOM-M1-CHECKPOINT-RECOVERY-025/evidence/FINAL_R4_SCENE_B2/cohort-028.json	43019	c14f41227aff8be27bfe848d7a56ec30f8ae71ac4798a96996096b3e01d4d6a3	False
L2J_Mobius_CT_2.6_HighFive/docs/phantoms/tasks/PHANTOM-M1-CHECKPOINT-RECOVERY-025/evidence/FINAL_R4_SCENE_B2/cohort-029.json	43109	5e7c830d366cfb9395f7ca761350c7489015b83f3f73561c6853ec7a4d194a75	False
L2J_Mobius_CT_2.6_HighFive/docs/phantoms/tasks/PHANTOM-M1-CHECKPOINT-RECOVERY-025/evidence/FINAL_R4_SCENE_B2/cohort-030.json	43314	773d47216ed0b784607b18e55cf14ba74d3978da8349b56c68d3035c5c732ca4	False
L2J_Mobius_CT_2.6_HighFive/docs/phantoms/tasks/PHANTOM-M1-CHECKPOINT-RECOVERY-025/evidence/FINAL_R4_SCENE_B2/cohort-031.json	42920	e184d0429630cdb642f6a7823cb7607c40a636892691c057cfdcbb289310b23c	False
L2J_Mobius_CT_2.6_HighFive/docs/phantoms/tasks/PHANTOM-M1-CHECKPOINT-RECOVERY-025/evidence/FINAL_R4_SCENE_B2/cohort-032.json	43235	010411a8058cffd4fec337ea13eca5249a185b8fe1a79bde9969098b8ad0f7dc	False
L2J_Mobius_CT_2.6_HighFive/docs/phantoms/tasks/PHANTOM-M1-CHECKPOINT-RECOVERY-025/evidence/FINAL_R4_SCENE_B2/cohort-033.json	43491	39a57c4e0fb52830742f6ced06a97cb073e9cc23aafaa055779a59701dea7313	False
L2J_Mobius_CT_2.6_HighFive/docs/phantoms/tasks/PHANTOM-M1-CHECKPOINT-RECOVERY-025/evidence/FINAL_R4_SCENE_B2/cohort-034.json	43218	279d6fd08332b5543e3305064f9e4bf30d3c26541af5a75e20c4bac3575b9ed2	False
L2J_Mobius_CT_2.6_HighFive/docs/phantoms/tasks/PHANTOM-M1-CHECKPOINT-RECOVERY-025/evidence/FINAL_R4_SCENE_B2/cohort-035.json	42542	597f794c1207c1a35e8ce795723d5b543e4ef44aec41f3391b8294a1bfd12b14	False
L2J_Mobius_CT_2.6_HighFive/docs/phantoms/tasks/PHANTOM-M1-CHECKPOINT-RECOVERY-025/evidence/FINAL_R4_SCENE_B2/cohort-036.json	42086	0beae84f529ac4cb0a604695ac493778139b031654a516bd659cc745ca5376ad	False
L2J_Mobius_CT_2.6_HighFive/docs/phantoms/tasks/PHANTOM-M1-CHECKPOINT-RECOVERY-025/evidence/FINAL_R4_SCENE_B2/cohort-037.json	42351	ba438b6fd364d2a24fa05106e98df338f5888596ab51a4f6ad31e8ebad651387	False
L2J_Mobius_CT_2.6_HighFive/docs/phantoms/tasks/PHANTOM-M1-CHECKPOINT-RECOVERY-025/evidence/FINAL_R4_SCENE_B2/cohort-038.json	42332	03f66a6a4e4c27d134fc2ca89534ec54408c3525993fef39804a455e56658dcf	False
L2J_Mobius_CT_2.6_HighFive/docs/phantoms/tasks/PHANTOM-M1-CHECKPOINT-RECOVERY-025/evidence/FINAL_R4_SCENE_B2/cohort-039.json	42137	a9ef6d7034f418aa5c7174ffbf21a154cc9e0a18ebe5728f78639fa5304be75a	False
L2J_Mobius_CT_2.6_HighFive/docs/phantoms/tasks/PHANTOM-M1-CHECKPOINT-RECOVERY-025/evidence/FINAL_R4_SCENE_B2/cohort-040.json	37378	2281b6d65dbdb7e020ee45c4ea5f72a373b734215f96cda4db237c74ca141730	False
L2J_Mobius_CT_2.6_HighFive/docs/phantoms/tasks/PHANTOM-M1-CHECKPOINT-RECOVERY-025/evidence/FINAL_R4_SCENE_B2/cohort-041.json	32675	2822e36539bef14961b9f2ba45b32663c388078fb03753fe83c7c3f1b6b63c11	False
L2J_Mobius_CT_2.6_HighFive/docs/phantoms/tasks/PHANTOM-M1-CHECKPOINT-RECOVERY-025/evidence/FINAL_R4_SCENE_B2/cohort-042.json	32406	7b3ea487b475e16808e9556d820703fc7144a82db4c4a04f1e4d98524e81c800	False
L2J_Mobius_CT_2.6_HighFive/docs/phantoms/tasks/PHANTOM-M1-CHECKPOINT-RECOVERY-025/evidence/FINAL_R4_SCENE_B2/cohort-043.json	32609	bd0752173246ce01de98e1bdc5c6aad51815c3a1593a6555ca1d0448de40b2ec	False
L2J_Mobius_CT_2.6_HighFive/docs/phantoms/tasks/PHANTOM-M1-CHECKPOINT-RECOVERY-025/evidence/FINAL_R4_SCENE_B2/cohort-044.json	32702	6460667e055a76dca128a6f44bac8bba2b0eb4b0be3f2ab34ae60988d1e3e805	False
L2J_Mobius_CT_2.6_HighFive/docs/phantoms/tasks/PHANTOM-M1-CHECKPOINT-RECOVERY-025/evidence/FINAL_R4_SCENE_B2/cohort-045.json	32627	c16c016b2346233e486fdccf0ef1a06a4c5f675f5994d2a67d870732ee5f24d5	False
L2J_Mobius_CT_2.6_HighFive/docs/phantoms/tasks/PHANTOM-M1-CHECKPOINT-RECOVERY-025/evidence/FINAL_R4_SCENE_B2/cohort-046.json	32613	46eb8d183cfe2846aaeabbee66e53b35b9730d0ee46dc8ad9af5fa5942663241	False
L2J_Mobius_CT_2.6_HighFive/docs/phantoms/tasks/PHANTOM-M1-CHECKPOINT-RECOVERY-025/evidence/FINAL_R4_SCENE_B2/cohort-047.json	32350	df7c91dbc217faec1b2e0c2775a07e1284ff17759c7a37097375d828c0ce9bf2	False
L2J_Mobius_CT_2.6_HighFive/docs/phantoms/tasks/PHANTOM-M1-CHECKPOINT-RECOVERY-025/evidence/FINAL_R4_SCENE_B2/cohort-048.json	32149	3af794d7f6d379275aa234e065b40c09d1859c899e1745a8398acdc55e3d8715	False
L2J_Mobius_CT_2.6_HighFive/docs/phantoms/tasks/PHANTOM-M1-CHECKPOINT-RECOVERY-025/evidence/FINAL_R4_SCENE_B2/cohort-049.json	32222	b12dd224dab0e68d759075d9f8a0954977d09d207f2b2c34ed4777576c2b216d	False
L2J_Mobius_CT_2.6_HighFive/docs/phantoms/tasks/PHANTOM-M1-CHECKPOINT-RECOVERY-025/evidence/FINAL_R4_SCENE_B2/cohort-050.json	32255	d0751ffa37b0046df6e6c88ec3ac61d63244e354a7a76fa7be8a4bd125309968	False
L2J_Mobius_CT_2.6_HighFive/docs/phantoms/tasks/PHANTOM-M1-CHECKPOINT-RECOVERY-025/evidence/FINAL_R4_SCENE_B2/cohort-051.json	32620	84524970aa7ef0eb526625635e59201427f6e2b2b6f9b1dcbe52d73df2dee447	False
L2J_Mobius_CT_2.6_HighFive/docs/phantoms/tasks/PHANTOM-M1-CHECKPOINT-RECOVERY-025/evidence/FINAL_R4_SCENE_B2/cohort-052.json	32928	de9892c9fe19baad141bfc9daab25f71effadb0255663b467989b79edfe99ed4	False
L2J_Mobius_CT_2.6_HighFive/docs/phantoms/tasks/PHANTOM-M1-CHECKPOINT-RECOVERY-025/evidence/FINAL_R4_SCENE_B2/cohort-053.json	33052	45c49f991a334ff0e7ae86ae71491cfaa22c961ddae6908e417721c97dbe27b7	False
L2J_Mobius_CT_2.6_HighFive/docs/phantoms/tasks/PHANTOM-M1-CHECKPOINT-RECOVERY-025/evidence/FINAL_R4_SCENE_B2/cohort-054.json	32835	350b8007e0370f2cc5e9ace9d0be46ad05ba57f3fbcde51774c9b812ccf283d3	False
L2J_Mobius_CT_2.6_HighFive/docs/phantoms/tasks/PHANTOM-M1-CHECKPOINT-RECOVERY-025/evidence/FINAL_R4_SCENE_B2/cohort-055.json	32781	d8cb8b8f5c190b7a6fb96a2654da1fa04214d13082874ccaef51855cec8201a7	False
L2J_Mobius_CT_2.6_HighFive/docs/phantoms/tasks/PHANTOM-M1-CHECKPOINT-RECOVERY-025/evidence/FINAL_R4_SCENE_B2/cohort-056.json	32582	01fa8bbabbc492677de7a6a218c9dfc32c72eb09189392ef5715088b8d821215	False
L2J_Mobius_CT_2.6_HighFive/docs/phantoms/tasks/PHANTOM-M1-CHECKPOINT-RECOVERY-025/evidence/FINAL_R4_SCENE_B2/cohort-057.json	32754	b0e23fb157631ccda3792afe68b9ee8f979c78bb2b7af0f18495760ea388f4c5	False
L2J_Mobius_CT_2.6_HighFive/docs/phantoms/tasks/PHANTOM-M1-CHECKPOINT-RECOVERY-025/evidence/FINAL_R4_SCENE_B2/cohort-058.json	32714	ef2ef6f7d2bb92857cf750eac430a4acf676e5178f81d747943b03e8ca66727a	False
L2J_Mobius_CT_2.6_HighFive/docs/phantoms/tasks/PHANTOM-M1-CHECKPOINT-RECOVERY-025/evidence/FINAL_R4_SCENE_B2/cohort-059.json	32592	339312e02a33483d4062dee194de72f19e23bdf65192508ef34ade713ea13481	False
L2J_Mobius_CT_2.6_HighFive/docs/phantoms/tasks/PHANTOM-M1-CHECKPOINT-RECOVERY-025/evidence/FINAL_R4_SCENE_B2/cohort-060.json	32568	f74c8588c082cc7892da84056c2f284773fef8282feb646ba563c0c474c91438	False
L2J_Mobius_CT_2.6_HighFive/docs/phantoms/tasks/PHANTOM-M1-CHECKPOINT-RECOVERY-025/evidence/FINAL_R4_SCENE_B2/cohort-061.json	32576	03f96304dc7d231b2e8486632cbf561a349d02fa83cee0368c4b81efcddd5318	False
L2J_Mobius_CT_2.6_HighFive/docs/phantoms/tasks/PHANTOM-M1-CHECKPOINT-RECOVERY-025/evidence/FINAL_R4_SCENE_B2/cohort-062.json	32352	bcd861e697f819da2c1fbdd14d8e54e44d97a291b2ef302e063d26262f096bd9	False
L2J_Mobius_CT_2.6_HighFive/docs/phantoms/tasks/PHANTOM-M1-CHECKPOINT-RECOVERY-025/evidence/FINAL_R4_SCENE_B2/cohort-063.json	32205	828c42db67b3bc04def210ea83181f6b549f36cb602a763c3b8c216f90dbcede	False
L2J_Mobius_CT_2.6_HighFive/docs/phantoms/tasks/PHANTOM-M1-CHECKPOINT-RECOVERY-025/evidence/FINAL_R4_SCENE_B2/cohort-064.json	32303	5202d9d785f35d5842e2fe8165f20c9544197674272d7a0699094f5d654b7c99	False
L2J_Mobius_CT_2.6_HighFive/docs/phantoms/tasks/PHANTOM-M1-CHECKPOINT-RECOVERY-025/evidence/FINAL_R4_SCENE_B2/cohort-065.json	32563	45214f218ba39354c89609186f9cb0455d6a6d31301a682fee7ec410d33015d4	False
L2J_Mobius_CT_2.6_HighFive/docs/phantoms/tasks/PHANTOM-M1-CHECKPOINT-RECOVERY-025/evidence/FINAL_R4_SCENE_B2/cohort-066.json	32854	34da85720345ec91cc8db64b0391e771886607ad9f8fce9c7eec09a42601d7c0	False
L2J_Mobius_CT_2.6_HighFive/docs/phantoms/tasks/PHANTOM-M1-CHECKPOINT-RECOVERY-025/evidence/FINAL_R4_SCENE_B2/cohort-067.json	32692	350818f44cf28507b7f449cfdfcc48c453ff2f53195044fdfe89dbac401e3c45	False
L2J_Mobius_CT_2.6_HighFive/docs/phantoms/tasks/PHANTOM-M1-CHECKPOINT-RECOVERY-025/evidence/FINAL_R4_SCENE_B2/cohort-068.json	33315	ace306d3a8cfeea05cae2bdbd8c733806ea60f67b269246642f49f38cbb56d56	False
L2J_Mobius_CT_2.6_HighFive/docs/phantoms/tasks/PHANTOM-M1-CHECKPOINT-RECOVERY-025/evidence/FINAL_R4_SCENE_B2/cohort-069.json	33618	f0b8c369719fb6a2facd8c2e78c5f200000de6edf504dd82dfe8fdb70362a291	False
L2J_Mobius_CT_2.6_HighFive/docs/phantoms/tasks/PHANTOM-M1-CHECKPOINT-RECOVERY-025/evidence/FINAL_R4_SCENE_B2/cohort-070.json	33858	4775d32c7d3b8f37a273d11ffb291bb562bb609657cdd59d1e293815175e94dc	False
L2J_Mobius_CT_2.6_HighFive/docs/phantoms/tasks/PHANTOM-M1-CHECKPOINT-RECOVERY-025/evidence/FINAL_R4_SCENE_B2/cohort-071.json	33560	8f31c2e2f5ff11b4cb80583c0cdf2b93e73f200b8137c6fbc791777c2b7cd665	False
L2J_Mobius_CT_2.6_HighFive/docs/phantoms/tasks/PHANTOM-M1-CHECKPOINT-RECOVERY-025/evidence/FINAL_R4_SCENE_B2/cohort-072.json	33675	99f1fb2f48cab43c66052a5515dd49bf4761128ef9fe96f3c67490dccd83ed68	False
L2J_Mobius_CT_2.6_HighFive/docs/phantoms/tasks/PHANTOM-M1-CHECKPOINT-RECOVERY-025/evidence/FINAL_R4_SCENE_B2/cohort-073.json	33638	66f0bc0a314cda3138b85957b47606a0fefbd269c7c5f2e960172e6dc523bbf9	False
L2J_Mobius_CT_2.6_HighFive/docs/phantoms/tasks/PHANTOM-M1-CHECKPOINT-RECOVERY-025/evidence/FINAL_R4_SCENE_B2/cohort-074.json	33801	7845e36eaebc4acc31c94a0a6f5375c7045da1880811b2bfeccfb6efef7185cb	False
L2J_Mobius_CT_2.6_HighFive/docs/phantoms/tasks/PHANTOM-M1-CHECKPOINT-RECOVERY-025/evidence/FINAL_R4_SCENE_B2/cohort-075.json	33621	240b34ea312fa10690b4a7008d0f3ca4f6ad7a25afa0cc66f9c28e317851d177	False
L2J_Mobius_CT_2.6_HighFive/docs/phantoms/tasks/PHANTOM-M1-CHECKPOINT-RECOVERY-025/evidence/FINAL_R4_SCENE_B2/cohort-076.json	33257	d7d4fcf8c6a7ba4a1d4bf5f07bb8bc8fa02ef31836f032d1add0ae9034382f4f	False
L2J_Mobius_CT_2.6_HighFive/docs/phantoms/tasks/PHANTOM-M1-CHECKPOINT-RECOVERY-025/evidence/FINAL_R4_SCENE_B2/cohort-077.json	33037	3e59cd33583420e83cb7768f8d23c44708423083bcb36717c12567151e34dd2f	False
L2J_Mobius_CT_2.6_HighFive/docs/phantoms/tasks/PHANTOM-M1-CHECKPOINT-RECOVERY-025/evidence/FINAL_R4_SCENE_B2/cohort-078.json	33135	eaf86071e6bdf70ae311b137d6ee188c89bffd7ea52dc036bdd01b9e82ac9388	False
L2J_Mobius_CT_2.6_HighFive/docs/phantoms/tasks/PHANTOM-M1-CHECKPOINT-RECOVERY-025/evidence/FINAL_R4_SCENE_B2/cohort-079.json	33190	c1ed49fad4529333934d55efe41c705a1466f4a8c2c5edd32bf9225a3b48ed72	False
L2J_Mobius_CT_2.6_HighFive/docs/phantoms/tasks/PHANTOM-M1-CHECKPOINT-RECOVERY-025/evidence/FINAL_R4_SCENE_B2/cohort-080.json	32929	2327fc001f10eeef1f484a7445e1baf51e08770c67219637530e2209f342bf73	False
L2J_Mobius_CT_2.6_HighFive/docs/phantoms/tasks/PHANTOM-M1-CHECKPOINT-RECOVERY-025/evidence/FINAL_R4_SCENE_B2/cohort-081.json	32955	996c90f4426688bdc8651cb69db0a2c3dba056d17a46cec04e70425921d22760	False
L2J_Mobius_CT_2.6_HighFive/docs/phantoms/tasks/PHANTOM-M1-CHECKPOINT-RECOVERY-025/evidence/FINAL_R4_SCENE_B2/cohort-082.json	32603	b9c438ce1f81895f20a8fbc3dd1aa4480b9cacbe05d04b195005ba4e7e326a33	False
L2J_Mobius_CT_2.6_HighFive/docs/phantoms/tasks/PHANTOM-M1-CHECKPOINT-RECOVERY-025/evidence/FINAL_R4_SCENE_B2/cohort-083.json	33006	8156d4edcef22043c6e91e47c4ba94162e59d1c8f7efe52d2e182e6d8feadde4	False
L2J_Mobius_CT_2.6_HighFive/docs/phantoms/tasks/PHANTOM-M1-CHECKPOINT-RECOVERY-025/evidence/FINAL_R4_SCENE_B2/cohort-084.json	33044	3c3dfaf13259c18a197a10a6222416896e9e769a301416bafdf9f60f4752ddcb	False
L2J_Mobius_CT_2.6_HighFive/docs/phantoms/tasks/PHANTOM-M1-CHECKPOINT-RECOVERY-025/evidence/FINAL_R4_SCENE_B2/cohort-085.json	33145	6a9c794b351ee51c3582fc716c448ea66402f55b52636c7e087d85b0a909d441	False
L2J_Mobius_CT_2.6_HighFive/docs/phantoms/tasks/PHANTOM-M1-CHECKPOINT-RECOVERY-025/evidence/FINAL_R4_SCENE_B2/cohort-086.json	33100	48e3b06536bf36515362f691803364d770c0006f3d79b3a0354fd1bc4fc2f6f0	False
L2J_Mobius_CT_2.6_HighFive/docs/phantoms/tasks/PHANTOM-M1-CHECKPOINT-RECOVERY-025/evidence/FINAL_R4_SCENE_B2/cohort-087.json	32929	e968f4201b320c26463ca4ae83e3f7db0a10f4cc2df5da47e4af76476211d08b	False
L2J_Mobius_CT_2.6_HighFive/docs/phantoms/tasks/PHANTOM-M1-CHECKPOINT-RECOVERY-025/evidence/FINAL_R4_SCENE_B2/cohort-088.json	33045	83ce2673359a67857547886788802f2cff005a9579523ef8b51bb66eae081a2d	False
L2J_Mobius_CT_2.6_HighFive/docs/phantoms/tasks/PHANTOM-M1-CHECKPOINT-RECOVERY-025/evidence/FINAL_R4_SCENE_B2/cohort-089.json	32933	34c96fcf1b587583df61c3e353d7a1f05e4c91d0619618dc1470deb7223511b4	False
L2J_Mobius_CT_2.6_HighFive/docs/phantoms/tasks/PHANTOM-M1-CHECKPOINT-RECOVERY-025/evidence/FINAL_R4_SCENE_B2/cohort-result.json	36089	ffa4703f331fa285b2b829fcd14237dd24a7c2fb3d8f10126475e589226b9a41	False
L2J_Mobius_CT_2.6_HighFive/docs/phantoms/tasks/PHANTOM-M1-CHECKPOINT-RECOVERY-025/evidence/FINAL_R4_SCENE_B2/continuation-correlation.json	1865	4e77ddcba9b5e776576a829a44a2ad997895474a4273758e3d9b8d366c87fe94	False
L2J_Mobius_CT_2.6_HighFive/docs/phantoms/tasks/PHANTOM-M1-CHECKPOINT-RECOVERY-025/evidence/FINAL_R4_SCENE_B2/final-live-inventory.tsv	10334	d6516f3a31e61d9bd3c2dcf314dfc9c5aceebcc8553840ba303af5f4e5d4a16a	False
L2J_Mobius_CT_2.6_HighFive/docs/phantoms/tasks/PHANTOM-M1-CHECKPOINT-RECOVERY-025/evidence/FINAL_R4_SCENE_B2/heartbeat-control.log	2353	97919655f04d5d5041e11a974b4505748b7d974efab1691f5ecfcfe5c574b079	False
L2J_Mobius_CT_2.6_HighFive/docs/phantoms/tasks/PHANTOM-M1-CHECKPOINT-RECOVERY-025/evidence/FINAL_R4_SCENE_B2/native-control-transitions.json	38772	3dd2e73bced22b302e46542251c8f866c8213934b696ad4e66e211e2291820c0	False
L2J_Mobius_CT_2.6_HighFive/docs/phantoms/tasks/PHANTOM-M1-CHECKPOINT-RECOVERY-025/evidence/FINAL_R4_SCENE_B2/primary.json	9653	10d15c500e7c0db593a7a177641cd6badd1d80df2b9f7fe0f539648a7ed6618f	False
L2J_Mobius_CT_2.6_HighFive/docs/phantoms/tasks/PHANTOM-M1-CHECKPOINT-RECOVERY-025/evidence/FINAL_R4_SCENE_B2/result.json	273	178a2172a4ccbc42128a3836c559caa74f6cf4fe6a00bffe99e472f158d99a76	False
L2J_Mobius_CT_2.6_HighFive/docs/phantoms/tasks/PHANTOM-M1-CHECKPOINT-RECOVERY-025/evidence/FINAL_R4_SCENE_B2/run-id.txt	38	dbcd93d75171ab14915e78f94c59b1e161864cb789e928790cd536a150303610	False
L2J_Mobius_CT_2.6_HighFive/docs/phantoms/tasks/PHANTOM-M1-CHECKPOINT-RECOVERY-025/evidence/FINAL_R4_SCENE_B2/sealed/363-147018005296800-13603.properties	747	311d456ed1efb01851746261910af9ced78d8e59a7395ea40459417d913631f7	False
L2J_Mobius_CT_2.6_HighFive/docs/phantoms/tasks/PHANTOM-M1-CHECKPOINT-RECOVERY-025/evidence/FINAL_R4_SCENE_B2/sealed/363-147018005296800-13605.properties	735	007cf06f0ca19aaa14fed967989d2f490e3b9eddd2ee8337b46124b72940b309	False
L2J_Mobius_CT_2.6_HighFive/docs/phantoms/tasks/PHANTOM-M1-CHECKPOINT-RECOVERY-025/evidence/FINAL_R4_SCENE_B2/sealed/363-147018005296800-13607.properties	735	27b15bdccaefe5f1b6f62aa744acf1fd60cf2c5d824b953daefe5ea57745a9a8	False
L2J_Mobius_CT_2.6_HighFive/docs/phantoms/tasks/PHANTOM-M1-CHECKPOINT-RECOVERY-025/evidence/FINAL_R4_SCENE_B2/sealed/424-147018903367400-3676.properties	713	416eb80771384392c9e72d0c9a71b46a06dc445e1e7c829eb7ec17e15044356f	False
L2J_Mobius_CT_2.6_HighFive/docs/phantoms/tasks/PHANTOM-M1-CHECKPOINT-RECOVERY-025/evidence/FINAL_R4_SCENE_B2/sealed/424-147018903367400-3678.properties	712	cff2edff07e0ecf55f734ea5cabeef2f42f417bae2518f0ec61db8bda0886283	False
L2J_Mobius_CT_2.6_HighFive/docs/phantoms/tasks/PHANTOM-M1-CHECKPOINT-RECOVERY-025/evidence/FINAL_R4_SCENE_B2/sealed/424-147018903367400-3680.properties	713	ceffa5aff98e20d057116165882c0081b2f8b98f5c8ff449b83405b2d4cc9ca0	False
L2J_Mobius_CT_2.6_HighFive/docs/phantoms/tasks/PHANTOM-M1-CHECKPOINT-RECOVERY-025/evidence/FINAL_R4_SCENE_B2/sealed/424-147018903367400-3682.properties	713	8aa21723c83f98e3b776218a2c5ca1cfe5034faad93c4b0df911b17b13b052e3	False
L2J_Mobius_CT_2.6_HighFive/docs/phantoms/tasks/PHANTOM-M1-CHECKPOINT-RECOVERY-025/evidence/FINAL_R4_SCENE_B2/sealed/424-147018903367400-3684.properties	712	cf16c9e78b826cc8730b45da5162c29096c842da0291dd4cb34d03c15cb1c6e3	False
L2J_Mobius_CT_2.6_HighFive/docs/phantoms/tasks/PHANTOM-M1-CHECKPOINT-RECOVERY-025/evidence/FINAL_R4_SCENE_B2/sealed/424-147018903367400-3686.properties	713	7d584d5e3b81995f8352439375571851a695d4d8d6c483889c4eabd656f2b425	False
L2J_Mobius_CT_2.6_HighFive/docs/phantoms/tasks/PHANTOM-M1-CHECKPOINT-RECOVERY-025/evidence/FINAL_R4_SCENE_B2/sealed/424-147018903367400-3688.properties	726	b753abab446567c904be2ef9bb8bc4b76f7d9c0edb636af4e08e87442aeffbd8	False
L2J_Mobius_CT_2.6_HighFive/docs/phantoms/tasks/PHANTOM-M1-CHECKPOINT-RECOVERY-025/evidence/FINAL_R4_SCENE_B2/sealed/424-147018903367400-3690.properties	714	ed1e2ed777265da1b2c12908708e902214e6303ba68a7073b8cdee8e8ee45a5b	False
L2J_Mobius_CT_2.6_HighFive/docs/phantoms/tasks/PHANTOM-M1-CHECKPOINT-RECOVERY-025/evidence/FINAL_R4_SCENE_B2/sealed/424-147018903367400-3692.properties	727	d31396055dacd2afeb494a5810b18471dbbb454e0cd88f97528ac2d03e13a84a	False
L2J_Mobius_CT_2.6_HighFive/docs/phantoms/tasks/PHANTOM-M1-CHECKPOINT-RECOVERY-025/evidence/FINAL_R4_SCENE_B2/sealed/450-147019407373700-4799.properties	739	989c218748b8061cd092e69e4e7fb52eeb27b2363a4652339e72774b74bb5d47	False
L2J_Mobius_CT_2.6_HighFive/docs/phantoms/tasks/PHANTOM-M1-CHECKPOINT-RECOVERY-025/evidence/FINAL_R4_SCENE_B2/sealed/450-147019407373700-4801.properties	741	1f5ae921c722b00a139e3acaaed4a9bf6002e748bf4c2c1027868d24aaf16065	False
L2J_Mobius_CT_2.6_HighFive/docs/phantoms/tasks/PHANTOM-M1-CHECKPOINT-RECOVERY-025/evidence/FINAL_R4_SCENE_B2/sealed/450-147019407373700-4803.properties	740	543179a8f8a8446fd6ac5cb66eb162ea3bcb5dc2aa61d8224c1ba2eaf43d9db4	False
L2J_Mobius_CT_2.6_HighFive/docs/phantoms/tasks/PHANTOM-M1-CHECKPOINT-RECOVERY-025/evidence/FINAL_R4_SCENE_B2/sealed/450-147019407373700-4805.properties	728	2e14fd7a6005081ef74894d33ba5f5fba4da5c0f3c99365d6a6ea5e16ada496c	False
L2J_Mobius_CT_2.6_HighFive/docs/phantoms/tasks/PHANTOM-M1-CHECKPOINT-RECOVERY-025/evidence/FINAL_R4_SCENE_B2/sealed/450-147019407373700-4807.properties	733	5ace600311423d073576c8ae0ef0857cdf41ec4f6a7a26003ab0a7fc25b3c525	False
L2J_Mobius_CT_2.6_HighFive/docs/phantoms/tasks/PHANTOM-M1-CHECKPOINT-RECOVERY-025/evidence/FINAL_R4_SCENE_B2/sealed/450-147019407373700-4809.properties	740	519ee645faf6a29706a059cae24a8eb4360b78e959bb701ee5664ded2e62c1d7	False
L2J_Mobius_CT_2.6_HighFive/docs/phantoms/tasks/PHANTOM-M1-CHECKPOINT-RECOVERY-025/evidence/FINAL_R4_SCENE_B2/sealed/450-147019407373700-4811.properties	732	30dd80c3b431683f39b53b8e3d4c04b57bad1246b6c597cf14f130e76db1f019	False
L2J_Mobius_CT_2.6_HighFive/docs/phantoms/tasks/PHANTOM-M1-CHECKPOINT-RECOVERY-025/evidence/FINAL_R4_SCENE_B2/sealed/459-147020007914300-4412.properties	714	5d41895321b4db7a34d7a2913db721551502a55a9774bc52d5690537fbd06e56	False
L2J_Mobius_CT_2.6_HighFive/docs/phantoms/tasks/PHANTOM-M1-CHECKPOINT-RECOVERY-025/evidence/FINAL_R4_SCENE_B2/sealed/459-147020007914300-4414.properties	714	b519bf75ca7bd4179d8ca6a2b8a53cd59a192eba0a17111976801bdcd71903e0	False
L2J_Mobius_CT_2.6_HighFive/docs/phantoms/tasks/PHANTOM-M1-CHECKPOINT-RECOVERY-025/evidence/FINAL_R4_SCENE_B2/sealed/459-147020007914300-4416.properties	714	17475401ab7778083a706bb18fcd9ea3d6293ab2b9855651a4fae6aedcadc091	False
L2J_Mobius_CT_2.6_HighFive/docs/phantoms/tasks/PHANTOM-M1-CHECKPOINT-RECOVERY-025/evidence/FINAL_R4_SCENE_B2/sealed/633-147019402814300-11409.properties	733	733e81a0c7c9c5d88afcbb475cec1ceaf228dcbde4e0220749cac5e064760d12	False
L2J_Mobius_CT_2.6_HighFive/docs/phantoms/tasks/PHANTOM-M1-CHECKPOINT-RECOVERY-025/evidence/FINAL_R4_SCENE_B2/sealed/633-147019402814300-11411.properties	734	5cc5a67ac5a60e5c34f544338e3aa59c2e393f75752e1cdb35c8fea75c7d7417	False
L2J_Mobius_CT_2.6_HighFive/docs/phantoms/tasks/PHANTOM-M1-CHECKPOINT-RECOVERY-025/evidence/FINAL_R4_SCENE_B2/sealed/633-147019402814300-11413.properties	732	1ab68594ce95dd7e2493372e330220ea2f7d8048a7bbcabaee7f228249cdd4b5	False
L2J_Mobius_CT_2.6_HighFive/docs/phantoms/tasks/PHANTOM-M1-CHECKPOINT-RECOVERY-025/evidence/FINAL_R4_SCENE_B2/sealed/633-147019402814300-11415.properties	733	a5c29ed1cfc6060c8267d820c6a5379bc9e77e5597899af89bebc90060f03bb1	False
L2J_Mobius_CT_2.6_HighFive/docs/phantoms/tasks/PHANTOM-M1-CHECKPOINT-RECOVERY-025/evidence/FINAL_R4_SCENE_B2/sealed/633-147019402814300-11417.properties	732	e556aacd32e1ccf176f6a07da715d89b12a7520f3b28d78ccb8bab4caeb0f443	False
L2J_Mobius_CT_2.6_HighFive/docs/phantoms/tasks/PHANTOM-M1-CHECKPOINT-RECOVERY-025/evidence/FINAL_R4_SCENE_B2/sealed/759-147020003663500-3872.properties	726	d44f66ec9c83de4c16662ea35675bd8aa0f47c17669947d20722dc16b53b7fa6	False
L2J_Mobius_CT_2.6_HighFive/docs/phantoms/tasks/PHANTOM-M1-CHECKPOINT-RECOVERY-025/evidence/FINAL_R4_SCENE_B2/sealed/759-147020003663500-3874.properties	717	a7eb935944bf7123b0689faa7833a32f450c71477a3f995aa881528b347a4488	False
L2J_Mobius_CT_2.6_HighFive/docs/phantoms/tasks/PHANTOM-M1-CHECKPOINT-RECOVERY-025/evidence/FINAL_R4_SCENE_B2/sealed/759-147020003663500-3876.properties	726	24fb8584b7cf46fc90b6c2a90d8682f3ff92c3606ae826469fa4624c389478bf	False
L2J_Mobius_CT_2.6_HighFive/docs/phantoms/tasks/PHANTOM-M1-CHECKPOINT-RECOVERY-025/evidence/FINAL_R4_SCENE_B2/sealed/759-147020003663500-3878.properties	713	3f707e3a7b3493e5ee89f40f082efe5378e329bd3b34086ef70bd0ab2e8ccb4e	False
L2J_Mobius_CT_2.6_HighFive/docs/phantoms/tasks/PHANTOM-M1-CHECKPOINT-RECOVERY-025/evidence/FINAL_R4_SCENE_B2/sealed/759-147020003663500-3880.properties	712	eebfe74c28c66d8aaacf390a3e68d8a3ff0e15a3d9e92fad88af7a78895766a7	False
L2J_Mobius_CT_2.6_HighFive/docs/phantoms/tasks/PHANTOM-M1-CHECKPOINT-RECOVERY-025/evidence/FINAL_R4_SCENE_B2/sealed/759-147020003663500-3882.properties	714	c6a9ab20e402143edc7adf9b6b5d4944949bc33289b5a5e9f43efdeabf30e445	False
L2J_Mobius_CT_2.6_HighFive/docs/phantoms/tasks/PHANTOM-M1-CHECKPOINT-RECOVERY-025/evidence/FINAL_R4_SCENE_B2/sealed/759-147020003663500-3884.properties	727	d814efac4d5cd3b3321c86901c19e1fa1615f88472003716f53fbd1ea558ea6c	False
L2J_Mobius_CT_2.6_HighFive/docs/phantoms/tasks/PHANTOM-M1-CHECKPOINT-RECOVERY-025/evidence/FINAL_R4_SCENE_B2/sealed/759-147020003663500-3886.properties	726	1a2b9fe0d0698b77711275dc4ef83e56ce299124775e6394b0a2e21b3bddd964	False
L2J_Mobius_CT_2.6_HighFive/docs/phantoms/tasks/PHANTOM-M1-CHECKPOINT-RECOVERY-025/evidence/FINAL_R4_SCENE_B2/sealed/759-147020003663500-3888.properties	726	471703878b1be3240922fe0264751e65e7c13bb687c8949e8639a070e4fe1d8c	False
L2J_Mobius_CT_2.6_HighFive/docs/phantoms/tasks/PHANTOM-M1-CHECKPOINT-RECOVERY-025/evidence/FINAL_R4_SCENE_B2/sealed/963-147020427322300-11971.properties	744	ddebd19c935af6b47968782ceac2a84963cb5622197da3fbbbc2cce5d9a81e7d	False
L2J_Mobius_CT_2.6_HighFive/docs/phantoms/tasks/PHANTOM-M1-CHECKPOINT-RECOVERY-025/evidence/FINAL_R4_SCENE_B2/sealed/963-147020427322300-11973.properties	739	f811b1840d7e8a334009cefb3f12f48c60cea0e6da293e32c80f152daf04a07c	False
L2J_Mobius_CT_2.6_HighFive/docs/phantoms/tasks/PHANTOM-M1-CHECKPOINT-RECOVERY-025/evidence/FINAL_R4_SCENE_B2/sealed/963-147020427322300-11975.properties	737	06aaa7f26c0b3907f6df09084c08c531acfe98375caaa85146854fd173b22b56	False
L2J_Mobius_CT_2.6_HighFive/docs/phantoms/tasks/PHANTOM-M1-CHECKPOINT-RECOVERY-025/evidence/FINAL_R4_SCENE_B2/sealed/963-147020427322300-11977.properties	738	c808866d9415af39d0ce2f978215d054b4b10076189a2a3794d65651c397f7c6	False
L2J_Mobius_CT_2.6_HighFive/docs/phantoms/tasks/PHANTOM-M1-CHECKPOINT-RECOVERY-025/evidence/FINAL_R4_SCENE_B2/sealed/963-147020427322300-11979.properties	733	3ef0bf4f4b863f071a25ee6d74312d2c24842dcde8722a9ae6c8b7e7341a6e49	False
L2J_Mobius_CT_2.6_HighFive/docs/phantoms/tasks/PHANTOM-M1-CHECKPOINT-RECOVERY-025/evidence/FINAL_R4_SCENE_B2/sealed/963-147020427322300-11981.properties	733	0d954f3bd07c3ed36e6dd1f0f546cc7401fcccacb3459ee1d7799c3975e36997	False
L2J_Mobius_CT_2.6_HighFive/docs/phantoms/tasks/PHANTOM-M1-CHECKPOINT-RECOVERY-025/evidence/FINAL_R4_SCENE_B2/sealed/994-147018502082300-3985.properties	715	9d5026543c2a0f5b7682a10f96cac660c8f6be5e25680fe72f4f3bea76bcbf36	False
L2J_Mobius_CT_2.6_HighFive/docs/phantoms/tasks/PHANTOM-M1-CHECKPOINT-RECOVERY-025/evidence/FINAL_R4_SCENE_B2/sealed/994-147018502082300-3987.properties	728	f2ad2883508087908a59f25f6a523a282468ccbc3227a117454eb2947323c354	False
L2J_Mobius_CT_2.6_HighFive/docs/phantoms/tasks/PHANTOM-M1-CHECKPOINT-RECOVERY-025/evidence/FINAL_R4_SCENE_B2/sealed/994-147018502082300-3989.properties	714	250c601ae25a13fc930c3a161344ed81c7d41e23b1be1d888c71891d54bd0e6e	False
L2J_Mobius_CT_2.6_HighFive/docs/phantoms/tasks/PHANTOM-M1-CHECKPOINT-RECOVERY-025/evidence/FINAL_R4_SCENE_B2/sealed/994-147018502082300-3991.properties	716	1466a35a0a26b69188df36586a46ade80f2e52b265ef31f734d16aa00e8bbe84	False
L2J_Mobius_CT_2.6_HighFive/docs/phantoms/tasks/PHANTOM-M1-CHECKPOINT-RECOVERY-025/evidence/FINAL_R4_SCENE_B2/sealed/994-147018502082300-3993.properties	716	5f3ef28bc7ff7f2d6108f82b5797278762828510e32059b67d29f7c52df0186e	False
L2J_Mobius_CT_2.6_HighFive/docs/phantoms/tasks/PHANTOM-M1-CHECKPOINT-RECOVERY-025/evidence/FINAL_R4_SCENE_B2/sealed/994-147018502082300-3995.properties	716	11f31c0d4d3c00c2a258506bae077a6d427cd265ce7225f9f4ccfb0437741664	False
L2J_Mobius_CT_2.6_HighFive/docs/phantoms/tasks/PHANTOM-M1-CHECKPOINT-RECOVERY-025/evidence/FINAL_R4_SCENE_B2/sealed/994-147018502082300-3997.properties	716	96b5f0471496c97c6fd723276c3737efb75de44032b5e4fd86e02bb81762a9e1	False
L2J_Mobius_CT_2.6_HighFive/docs/phantoms/tasks/PHANTOM-M1-CHECKPOINT-RECOVERY-025/evidence/FINAL_R4_SCENE_B2/sealed/994-147018502082300-3999.properties	716	df24b9bb809b744fe816bd3eb61c3c45f7909a03f9e5e95cef013590f16ed428	False
L2J_Mobius_CT_2.6_HighFive/docs/phantoms/tasks/PHANTOM-M1-CHECKPOINT-RECOVERY-025/evidence/FINAL_R4_SCENE_B2/sealed/994-147018502082300-4001.properties	716	af14b6e386585ad6de09f168bf43102c5facaf5902822111e09df8f7a9895e16	False
L2J_Mobius_CT_2.6_HighFive/docs/phantoms/tasks/PHANTOM-M1-CHECKPOINT-RECOVERY-025/evidence/FINAL_R4_SCENE_B2/sealed/994-147018502082300-4003.properties	716	683b9b21ee4fec1128fca4782c0434d4008173242f1f2996bc979c3eef060e51	False
L2J_Mobius_CT_2.6_HighFive/docs/phantoms/tasks/PHANTOM-M1-CHECKPOINT-RECOVERY-025/evidence/FINAL_R4_SCENE_B2/sealed/994-147018502082300-4005.properties	729	a0f8edec3f7a23cf579d8d4680e41ec6bbe63b32e0030abaad32c01d32e9ed60	False
L2J_Mobius_CT_2.6_HighFive/docs/phantoms/tasks/PHANTOM-M1-CHECKPOINT-RECOVERY-025/evidence/FINAL_R4_SCENE_B2/sealed/observer-installed.properties	130	92c313bdcc865e5e286cdff4bdd569512e356c7b1823fef104d9c7dc7d11a0ad	False
L2J_Mobius_CT_2.6_HighFive/docs/phantoms/tasks/PHANTOM-M1-CHECKPOINT-RECOVERY-025/evidence/FINAL_R4_SCENE_B2/sealed/observer-status-147485702754500.properties	85	2aa682960abb4a5eb3ba5a0f4193ada390c64e667670bd0db21570c21ae6b846	False
L2J_Mobius_CT_2.6_HighFive/docs/phantoms/tasks/PHANTOM-M1-CHECKPOINT-RECOVERY-025/evidence/FINAL_R4_SCENE_B2/sealed/observer-status-147500136492900.properties	85	e379771d369982e43337ea7757017e2185d391b7cbb602935a29b1dfc87e48e5	False
L2J_Mobius_CT_2.6_HighFive/docs/phantoms/tasks/PHANTOM-M1-CHECKPOINT-RECOVERY-025/evidence/FINAL_R4_SCENE_B2/synthetic-start.json	112	6c91724abdd30d8b7492747462ea28e49a51b588eba3a26336c55132a19ca4bb	False
L2J_Mobius_CT_2.6_HighFive/docs/phantoms/tasks/PHANTOM-M1-CHECKPOINT-RECOVERY-025/evidence/FINAL_R4_SCENE_B2/synthetic-stop.json	114	ae82636cdc726481203f370e300508764fc2fb7092e17680abeed27187ae005f	False
L2J_Mobius_CT_2.6_HighFive/docs/phantoms/tasks/PHANTOM-M1-CHECKPOINT-RECOVERY-025/evidence/FINAL_R4_SCENE_E/0001-STATUS.json	1227	bc4bbd31ce35b9d724f3c1f7a949f15036201d948d2fa69073c915d233824560	False
L2J_Mobius_CT_2.6_HighFive/docs/phantoms/tasks/PHANTOM-M1-CHECKPOINT-RECOVERY-025/evidence/FINAL_R4_SCENE_E/0001-STATUS.xml	1177	e8ccfbd670391ac04257d6b7b096f67ee7b3431f7affdbff3a6e817e39c337b6	False
L2J_Mobius_CT_2.6_HighFive/docs/phantoms/tasks/PHANTOM-M1-CHECKPOINT-RECOVERY-025/evidence/FINAL_R4_SCENE_E/0002-TELEPORT_SELF.json	1160	3fc07643d6b802e99d221bf0e7865e5d2641b4698f1e6195074da15ce777eb4b	False
L2J_Mobius_CT_2.6_HighFive/docs/phantoms/tasks/PHANTOM-M1-CHECKPOINT-RECOVERY-025/evidence/FINAL_R4_SCENE_E/0002-TELEPORT_SELF.xml	1120	61e5b8f09afc308a429baee1e572db2384fe2ff545a073d8a00b8b22a2491557	False
L2J_Mobius_CT_2.6_HighFive/docs/phantoms/tasks/PHANTOM-M1-CHECKPOINT-RECOVERY-025/evidence/FINAL_R4_SCENE_E/0003-STATUS.json	1221	df37a5089dad1468de2f3fcfe9c84c4db9de112c7db0b61d42c80395018a1494	False
L2J_Mobius_CT_2.6_HighFive/docs/phantoms/tasks/PHANTOM-M1-CHECKPOINT-RECOVERY-025/evidence/FINAL_R4_SCENE_E/0003-STATUS.xml	1171	1cd2e502874d1a49592d5fd1d8872b0991d787e64a5c213eda090b75753ab469	False
L2J_Mobius_CT_2.6_HighFive/docs/phantoms/tasks/PHANTOM-M1-CHECKPOINT-RECOVERY-025/evidence/FINAL_R4_SCENE_E/0004-SNAPSHOT_PHANTOMS.json	35358	6b008fe7eaad84c675038cf5edde85cc58f844d6a4bad13bd306be8620fcbba5	False
L2J_Mobius_CT_2.6_HighFive/docs/phantoms/tasks/PHANTOM-M1-CHECKPOINT-RECOVERY-025/evidence/FINAL_R4_SCENE_E/0004-SNAPSHOT_PHANTOMS.xml	33454	2fbe0e1f748d2859b698c4536793f7413b45b8dea3c27e63ce1f98f774365b2e	False
L2J_Mobius_CT_2.6_HighFive/docs/phantoms/tasks/PHANTOM-M1-CHECKPOINT-RECOVERY-025/evidence/FINAL_R4_SCENE_E/0005-SNAPSHOT_PHANTOMS.json	42450	857806425aa0eb0d2563ae2bf81acc5e3b0a661e02be34072ea6a85f577cf790	False
L2J_Mobius_CT_2.6_HighFive/docs/phantoms/tasks/PHANTOM-M1-CHECKPOINT-RECOVERY-025/evidence/FINAL_R4_SCENE_E/0005-SNAPSHOT_PHANTOMS.xml	40204	6546da8d70aa9062b788b3de96226656283ee00b07f84614f497cff76c425594	False
L2J_Mobius_CT_2.6_HighFive/docs/phantoms/tasks/PHANTOM-M1-CHECKPOINT-RECOVERY-025/evidence/FINAL_R4_SCENE_E/0006-SNAPSHOT_PHANTOMS.json	1696	d5bf6c67d45e2435194085dfc79595f1054396c051dd904ed8391cd50a85454a	False
L2J_Mobius_CT_2.6_HighFive/docs/phantoms/tasks/PHANTOM-M1-CHECKPOINT-RECOVERY-025/evidence/FINAL_R4_SCENE_E/0006-SNAPSHOT_PHANTOMS.xml	1612	28d1d9a5ba4629441bb719d4f23d16884da03daefeaeaca9f2e631ec69bfd348	False
L2J_Mobius_CT_2.6_HighFive/docs/phantoms/tasks/PHANTOM-M1-CHECKPOINT-RECOVERY-025/evidence/FINAL_R4_SCENE_E/0007-SNAPSHOT_PHANTOMS.json	42371	7a4cd28578cb753fb3c2afecd753473724f4ab867fa0c97d6afa33ce14e0fb54	False
L2J_Mobius_CT_2.6_HighFive/docs/phantoms/tasks/PHANTOM-M1-CHECKPOINT-RECOVERY-025/evidence/FINAL_R4_SCENE_E/0007-SNAPSHOT_PHANTOMS.xml	40125	ee7ce33e9147436eaa4250c8ccce02387b32408f042b85eb04957d844b794b26	False
L2J_Mobius_CT_2.6_HighFive/docs/phantoms/tasks/PHANTOM-M1-CHECKPOINT-RECOVERY-025/evidence/FINAL_R4_SCENE_E/0008-SNAPSHOT_PHANTOMS.json	1696	7fcfb0c40b7e95623a75d69dbafc249ab20721aaaf7277d266a5f359e1f68507	False
L2J_Mobius_CT_2.6_HighFive/docs/phantoms/tasks/PHANTOM-M1-CHECKPOINT-RECOVERY-025/evidence/FINAL_R4_SCENE_E/0008-SNAPSHOT_PHANTOMS.xml	1612	932e0619e0d81fd26b630565ffef4a6584a78acd6e73a61622168a1c9c246e71	False
L2J_Mobius_CT_2.6_HighFive/docs/phantoms/tasks/PHANTOM-M1-CHECKPOINT-RECOVERY-025/evidence/FINAL_R4_SCENE_E/0009-SNAPSHOT_PHANTOMS.json	40803	4d9e516008b5809e24f7ed7171dd58c2fed76e58f484e9b7e2c6a38354facf71	False
L2J_Mobius_CT_2.6_HighFive/docs/phantoms/tasks/PHANTOM-M1-CHECKPOINT-RECOVERY-025/evidence/FINAL_R4_SCENE_E/0009-SNAPSHOT_PHANTOMS.xml	38641	7aea217faed483f4455531904143d27acec4ffe040212f3dc16f244ad51e732b	False
L2J_Mobius_CT_2.6_HighFive/docs/phantoms/tasks/PHANTOM-M1-CHECKPOINT-RECOVERY-025/evidence/FINAL_R4_SCENE_E/0010-SNAPSHOT_PHANTOMS.json	1697	992455c5dc07d03f9d57dfb5a52fde56e4dfc38857c8cf7e0a8246e2f38bb01c	False
L2J_Mobius_CT_2.6_HighFive/docs/phantoms/tasks/PHANTOM-M1-CHECKPOINT-RECOVERY-025/evidence/FINAL_R4_SCENE_E/0010-SNAPSHOT_PHANTOMS.xml	1613	409ebb048afc1f7400c6fc1a25d95ca44d3027d158c651597f9c4a5ad3b9d22f	False
L2J_Mobius_CT_2.6_HighFive/docs/phantoms/tasks/PHANTOM-M1-CHECKPOINT-RECOVERY-025/evidence/FINAL_R4_SCENE_E/0011-SNAPSHOT_PHANTOMS.json	40337	d836d3acf641ea0f4e4500748db5474fcbcd73c3133c1c0338ce414b4f39d231	False
L2J_Mobius_CT_2.6_HighFive/docs/phantoms/tasks/PHANTOM-M1-CHECKPOINT-RECOVERY-025/evidence/FINAL_R4_SCENE_E/0011-SNAPSHOT_PHANTOMS.xml	38175	e6f4d8c7781ccefceb98b7b0422eb54ed1c874f05256335523fd32815a3cd683	False
L2J_Mobius_CT_2.6_HighFive/docs/phantoms/tasks/PHANTOM-M1-CHECKPOINT-RECOVERY-025/evidence/FINAL_R4_SCENE_E/0012-SNAPSHOT_PHANTOMS.json	1697	ca4477955e3864d47ba45bfba6395883640e71945b5c76d6aaee9bf8c084aa8d	False
L2J_Mobius_CT_2.6_HighFive/docs/phantoms/tasks/PHANTOM-M1-CHECKPOINT-RECOVERY-025/evidence/FINAL_R4_SCENE_E/0012-SNAPSHOT_PHANTOMS.xml	1613	77780fdf9ed99282284a770e04c9ec260c47a9629d86bd386e8f39b7227ec981	False
L2J_Mobius_CT_2.6_HighFive/docs/phantoms/tasks/PHANTOM-M1-CHECKPOINT-RECOVERY-025/evidence/FINAL_R4_SCENE_E/0013-SNAPSHOT_PHANTOMS.json	40355	9b5e0d5539f32bc7fc23584d0172b8fc876e59cc31b1dad35d48aa20feb44b37	False
L2J_Mobius_CT_2.6_HighFive/docs/phantoms/tasks/PHANTOM-M1-CHECKPOINT-RECOVERY-025/evidence/FINAL_R4_SCENE_E/0013-SNAPSHOT_PHANTOMS.xml	38193	a1abc640bfe82b5a47ac9b3443f1c8c3e206a950bca924904ae9d3e6684c97d2	False
L2J_Mobius_CT_2.6_HighFive/docs/phantoms/tasks/PHANTOM-M1-CHECKPOINT-RECOVERY-025/evidence/FINAL_R4_SCENE_E/0014-SNAPSHOT_PHANTOMS.json	1694	0121b4de895b2176c87b6c523c90e545c5503628166982f4b77148e7a1b978b0	False
L2J_Mobius_CT_2.6_HighFive/docs/phantoms/tasks/PHANTOM-M1-CHECKPOINT-RECOVERY-025/evidence/FINAL_R4_SCENE_E/0014-SNAPSHOT_PHANTOMS.xml	1610	a4645fa11a7049d52f6126fd1230c876e5ce1a690048797d6a914538eac23d52	False
L2J_Mobius_CT_2.6_HighFive/docs/phantoms/tasks/PHANTOM-M1-CHECKPOINT-RECOVERY-025/evidence/FINAL_R4_SCENE_E/0015-SNAPSHOT_PHANTOMS.json	40118	981341399d22e0017c4849ee59f9d31555c85787b1ce82c1cdf5be71ffad1c19	False
L2J_Mobius_CT_2.6_HighFive/docs/phantoms/tasks/PHANTOM-M1-CHECKPOINT-RECOVERY-025/evidence/FINAL_R4_SCENE_E/0015-SNAPSHOT_PHANTOMS.xml	37970	d30ea16743f0f08206de90200df98aa78b47da1ca3119883580645e2a6b9189b	False
L2J_Mobius_CT_2.6_HighFive/docs/phantoms/tasks/PHANTOM-M1-CHECKPOINT-RECOVERY-025/evidence/FINAL_R4_SCENE_E/0016-SNAPSHOT_PHANTOMS.json	1697	d9881bc615e21c942577dec50ca77b23c8f91f5c1df2bcaa61b3160687539a57	False
L2J_Mobius_CT_2.6_HighFive/docs/phantoms/tasks/PHANTOM-M1-CHECKPOINT-RECOVERY-025/evidence/FINAL_R4_SCENE_E/0016-SNAPSHOT_PHANTOMS.xml	1613	393fde016d8121eec94eb1d8064e31af5603a9366203958afd7d79ad7f373cda	False
L2J_Mobius_CT_2.6_HighFive/docs/phantoms/tasks/PHANTOM-M1-CHECKPOINT-RECOVERY-025/evidence/FINAL_R4_SCENE_E/0017-SNAPSHOT_PHANTOMS.json	40841	677c2b3d226f92131927f2f1c92f918d425ac244212f847c2174fc87a09beec9	False
L2J_Mobius_CT_2.6_HighFive/docs/phantoms/tasks/PHANTOM-M1-CHECKPOINT-RECOVERY-025/evidence/FINAL_R4_SCENE_E/0017-SNAPSHOT_PHANTOMS.xml	38665	f50c39184761c50b60c14efd32bbbe68e4b7fabb96a364c2a3346695a42adc33	False
L2J_Mobius_CT_2.6_HighFive/docs/phantoms/tasks/PHANTOM-M1-CHECKPOINT-RECOVERY-025/evidence/FINAL_R4_SCENE_E/0018-SNAPSHOT_PHANTOMS.json	1697	8c5ed8fbed0edff7f5dc7d48d2a473f580f6d63c94d6d79486614c808e473e34	False
L2J_Mobius_CT_2.6_HighFive/docs/phantoms/tasks/PHANTOM-M1-CHECKPOINT-RECOVERY-025/evidence/FINAL_R4_SCENE_E/0018-SNAPSHOT_PHANTOMS.xml	1613	414ab96c5b2fce89680ecce866aa4e4a482b91e503157abbd6fb5f50f1084e87	False
L2J_Mobius_CT_2.6_HighFive/docs/phantoms/tasks/PHANTOM-M1-CHECKPOINT-RECOVERY-025/evidence/FINAL_R4_SCENE_E/0019-SNAPSHOT_PHANTOMS.json	41291	185e4b4cfbda59c80e3e95e57e46af35821b44bebb99e35f6ffbca122a08caff	False
L2J_Mobius_CT_2.6_HighFive/docs/phantoms/tasks/PHANTOM-M1-CHECKPOINT-RECOVERY-025/evidence/FINAL_R4_SCENE_E/0019-SNAPSHOT_PHANTOMS.xml	39101	28df39fd76037c0a456113452e55d991b845c412603e5932d7a6d6aec13cf0cb	False
L2J_Mobius_CT_2.6_HighFive/docs/phantoms/tasks/PHANTOM-M1-CHECKPOINT-RECOVERY-025/evidence/FINAL_R4_SCENE_E/0020-SNAPSHOT_PHANTOMS.json	1697	59c2cb5b10b4311608501b6e1b3f68a9e115a87261db7394ca4dde8b19bbbafa	False
L2J_Mobius_CT_2.6_HighFive/docs/phantoms/tasks/PHANTOM-M1-CHECKPOINT-RECOVERY-025/evidence/FINAL_R4_SCENE_E/0020-SNAPSHOT_PHANTOMS.xml	1613	86e899413cdc9fe71880858da1bb1d2440bfb794de6ea2c37690eb109c905509	False
L2J_Mobius_CT_2.6_HighFive/docs/phantoms/tasks/PHANTOM-M1-CHECKPOINT-RECOVERY-025/evidence/FINAL_R4_SCENE_E/0021-SNAPSHOT_PHANTOMS.json	42432	866c12ce06e1613fde9d589781fabf97f10768c2bee7650e015ee8438b6cede1	False
L2J_Mobius_CT_2.6_HighFive/docs/phantoms/tasks/PHANTOM-M1-CHECKPOINT-RECOVERY-025/evidence/FINAL_R4_SCENE_E/0021-SNAPSHOT_PHANTOMS.xml	40200	aadc28ec16865bf0ff6ca29df0cc36affa0e9aab0c5f731cb58fcf056f8be1be	False
L2J_Mobius_CT_2.6_HighFive/docs/phantoms/tasks/PHANTOM-M1-CHECKPOINT-RECOVERY-025/evidence/FINAL_R4_SCENE_E/0022-SNAPSHOT_PHANTOMS.json	1694	da6f20a6f427902d4c820e539a3cdd4f4a06b4f5b34fec23e7130db511cf1856	False
L2J_Mobius_CT_2.6_HighFive/docs/phantoms/tasks/PHANTOM-M1-CHECKPOINT-RECOVERY-025/evidence/FINAL_R4_SCENE_E/0022-SNAPSHOT_PHANTOMS.xml	1610	edb2c086a2445b5b4917a07375493a3520d5dbe5e674382d8cc5df644668b595	False
L2J_Mobius_CT_2.6_HighFive/docs/phantoms/tasks/PHANTOM-M1-CHECKPOINT-RECOVERY-025/evidence/FINAL_R4_SCENE_E/0023-SNAPSHOT_PHANTOMS.json	42232	52ab2c6a34967bfd6d1dc12e3c859b6c20c98744235af5af48d17d49cd123456	False
L2J_Mobius_CT_2.6_HighFive/docs/phantoms/tasks/PHANTOM-M1-CHECKPOINT-RECOVERY-025/evidence/FINAL_R4_SCENE_E/0023-SNAPSHOT_PHANTOMS.xml	40014	a24e1c68b43cc8cb496aa2e4d95b9eac659d9bf66a55ff0941de0096aa600ba0	False
L2J_Mobius_CT_2.6_HighFive/docs/phantoms/tasks/PHANTOM-M1-CHECKPOINT-RECOVERY-025/evidence/FINAL_R4_SCENE_E/0024-SNAPSHOT_PHANTOMS.json	1694	2161374f5c2a2a28bc9c9f9918d60cc0e8910ef5d868d2f39443e58ff682f163	False
L2J_Mobius_CT_2.6_HighFive/docs/phantoms/tasks/PHANTOM-M1-CHECKPOINT-RECOVERY-025/evidence/FINAL_R4_SCENE_E/0024-SNAPSHOT_PHANTOMS.xml	1610	e6e94b5f794246d8a646a3f4787e53ae2e67092ed739f7607d1ae16540973ec6	False
L2J_Mobius_CT_2.6_HighFive/docs/phantoms/tasks/PHANTOM-M1-CHECKPOINT-RECOVERY-025/evidence/FINAL_R4_SCENE_E/0025-SNAPSHOT_PHANTOMS.json	41396	f90b935eaafbef1d973cdc10211a74a638f9ad727ead2e8d8a9f825bf0fd94a0	False
L2J_Mobius_CT_2.6_HighFive/docs/phantoms/tasks/PHANTOM-M1-CHECKPOINT-RECOVERY-025/evidence/FINAL_R4_SCENE_E/0025-SNAPSHOT_PHANTOMS.xml	39206	dad0f347e597dd8f7880d5319871e6a1adcac934409a693356abb0177ceb8083	False
L2J_Mobius_CT_2.6_HighFive/docs/phantoms/tasks/PHANTOM-M1-CHECKPOINT-RECOVERY-025/evidence/FINAL_R4_SCENE_E/0026-SNAPSHOT_PHANTOMS.json	1694	1d0befbd2d867a535cdb23597c314723029a55e2169e98e6a320891d37f554de	False
L2J_Mobius_CT_2.6_HighFive/docs/phantoms/tasks/PHANTOM-M1-CHECKPOINT-RECOVERY-025/evidence/FINAL_R4_SCENE_E/0026-SNAPSHOT_PHANTOMS.xml	1610	34e3f555b4d010d9b383c22a9c9b2b57c4e1452965cea186c5ae59d9df834f43	False
L2J_Mobius_CT_2.6_HighFive/docs/phantoms/tasks/PHANTOM-M1-CHECKPOINT-RECOVERY-025/evidence/FINAL_R4_SCENE_E/0027-SNAPSHOT_PHANTOMS.json	40803	20814e0efd646c5cb6065d0a94293c69ae37586daf6f6e93ca75d4915af15e3a	False
L2J_Mobius_CT_2.6_HighFive/docs/phantoms/tasks/PHANTOM-M1-CHECKPOINT-RECOVERY-025/evidence/FINAL_R4_SCENE_E/0027-SNAPSHOT_PHANTOMS.xml	38613	e66028294bea9361bbd81a9e40b8b3c5d86d07b31ccb502f62ae2fa38a17ec75	False
L2J_Mobius_CT_2.6_HighFive/docs/phantoms/tasks/PHANTOM-M1-CHECKPOINT-RECOVERY-025/evidence/FINAL_R4_SCENE_E/0028-SNAPSHOT_PHANTOMS.json	1697	6d4459904073de49e9ebb40cb4dd615076ce117d2f60be16e5076201aff05b35	False
L2J_Mobius_CT_2.6_HighFive/docs/phantoms/tasks/PHANTOM-M1-CHECKPOINT-RECOVERY-025/evidence/FINAL_R4_SCENE_E/0028-SNAPSHOT_PHANTOMS.xml	1613	93be93e7fab6f5d3dcfbe697ebf67ccb80d3a1b58ea1822c097ae6c09088c5c4	False
L2J_Mobius_CT_2.6_HighFive/docs/phantoms/tasks/PHANTOM-M1-CHECKPOINT-RECOVERY-025/evidence/FINAL_R4_SCENE_E/0029-SNAPSHOT_PHANTOMS.json	40838	9f0d2377a00646cfc21012e71f92134e78f25c049a0c2a9085427edc48bb8171	False
L2J_Mobius_CT_2.6_HighFive/docs/phantoms/tasks/PHANTOM-M1-CHECKPOINT-RECOVERY-025/evidence/FINAL_R4_SCENE_E/0029-SNAPSHOT_PHANTOMS.xml	38662	01b482a182d12a7b4c95e93f4e11104f6682d0cce1cdda59c0b57e969788dd7b	False
L2J_Mobius_CT_2.6_HighFive/docs/phantoms/tasks/PHANTOM-M1-CHECKPOINT-RECOVERY-025/evidence/FINAL_R4_SCENE_E/0030-SNAPSHOT_PHANTOMS.json	1694	fcbc06b0e4898ce6dae8033115a8be123eae7134514fd3b87a9194d36e9f4587	False
L2J_Mobius_CT_2.6_HighFive/docs/phantoms/tasks/PHANTOM-M1-CHECKPOINT-RECOVERY-025/evidence/FINAL_R4_SCENE_E/0030-SNAPSHOT_PHANTOMS.xml	1610	998cee5906308efabe962affac84a98fb4c4d9ae35b8b70f65e8af5c47b952a0	False
L2J_Mobius_CT_2.6_HighFive/docs/phantoms/tasks/PHANTOM-M1-CHECKPOINT-RECOVERY-025/evidence/FINAL_R4_SCENE_E/0031-SNAPSHOT_PHANTOMS.json	41320	c72b9f5b39b2e071278894e4bc1e76efb8f636faf92fdda19aa05e4d2fb325c6	False
L2J_Mobius_CT_2.6_HighFive/docs/phantoms/tasks/PHANTOM-M1-CHECKPOINT-RECOVERY-025/evidence/FINAL_R4_SCENE_E/0031-SNAPSHOT_PHANTOMS.xml	39116	c632fdf342ab4377027c50aa6b8d1e18daa65ab24fb2126c9aadecfac19fa204	False
L2J_Mobius_CT_2.6_HighFive/docs/phantoms/tasks/PHANTOM-M1-CHECKPOINT-RECOVERY-025/evidence/FINAL_R4_SCENE_E/0032-SNAPSHOT_PHANTOMS.json	1697	ede053a9cdb46c57139cd09234e6a9c95771583766cf48ca8259ff3bd6190759	False
L2J_Mobius_CT_2.6_HighFive/docs/phantoms/tasks/PHANTOM-M1-CHECKPOINT-RECOVERY-025/evidence/FINAL_R4_SCENE_E/0032-SNAPSHOT_PHANTOMS.xml	1613	724fb6bad0b78369b63e788b734258b2489ca0b10149fedd24ebc5dcfd898998	False
L2J_Mobius_CT_2.6_HighFive/docs/phantoms/tasks/PHANTOM-M1-CHECKPOINT-RECOVERY-025/evidence/FINAL_R4_SCENE_E/0033-SNAPSHOT_PHANTOMS.json	41407	c4a8e477e95692da6519fb91788616025c9d648288e75d43947d2906dcaaf977	False
L2J_Mobius_CT_2.6_HighFive/docs/phantoms/tasks/PHANTOM-M1-CHECKPOINT-RECOVERY-025/evidence/FINAL_R4_SCENE_E/0033-SNAPSHOT_PHANTOMS.xml	39203	4163d91280f43570e6ec9133413caeccfb8d45a9fed7e7e627fbf96c3cba6b0c	False
L2J_Mobius_CT_2.6_HighFive/docs/phantoms/tasks/PHANTOM-M1-CHECKPOINT-RECOVERY-025/evidence/FINAL_R4_SCENE_E/0034-SNAPSHOT_PHANTOMS.json	1694	6c338c888e740d36d1a0d5d6d90e1358e72346c2f5e49c33722b283d804abf1e	False
L2J_Mobius_CT_2.6_HighFive/docs/phantoms/tasks/PHANTOM-M1-CHECKPOINT-RECOVERY-025/evidence/FINAL_R4_SCENE_E/0034-SNAPSHOT_PHANTOMS.xml	1610	db2e5d65e43b8c9f3f53e6816a285b9c22e984f4e54c491359691101e3cde135	False
L2J_Mobius_CT_2.6_HighFive/docs/phantoms/tasks/PHANTOM-M1-CHECKPOINT-RECOVERY-025/evidence/FINAL_R4_SCENE_E/0035-SNAPSHOT_PHANTOMS.json	41778	862b84b44562992f1203df2357e523cb11dee579ae50aef85397a2c18c5bfcfe	False
L2J_Mobius_CT_2.6_HighFive/docs/phantoms/tasks/PHANTOM-M1-CHECKPOINT-RECOVERY-025/evidence/FINAL_R4_SCENE_E/0035-SNAPSHOT_PHANTOMS.xml	39560	20f4822411dd69ea0cdf13b125ccf55edbb8c67a6694b03cace53f53fd5e1956	False
L2J_Mobius_CT_2.6_HighFive/docs/phantoms/tasks/PHANTOM-M1-CHECKPOINT-RECOVERY-025/evidence/FINAL_R4_SCENE_E/0036-SNAPSHOT_PHANTOMS.json	1697	f25cabe6006e16f2abf51d66d9513f778db7d9906f82a317444f234907d2f8e6	False
L2J_Mobius_CT_2.6_HighFive/docs/phantoms/tasks/PHANTOM-M1-CHECKPOINT-RECOVERY-025/evidence/FINAL_R4_SCENE_E/0036-SNAPSHOT_PHANTOMS.xml	1613	e82eca33a5bbf365bb4243c0177878b6ed789f7db0da788565eb3de36b279791	False
L2J_Mobius_CT_2.6_HighFive/docs/phantoms/tasks/PHANTOM-M1-CHECKPOINT-RECOVERY-025/evidence/FINAL_R4_SCENE_E/0037-SNAPSHOT_PHANTOMS.json	42485	5457dd71740b4f52a87fe1bfc862a102c7cc0b0e48002bb3b736afd1bf56a46c	False
L2J_Mobius_CT_2.6_HighFive/docs/phantoms/tasks/PHANTOM-M1-CHECKPOINT-RECOVERY-025/evidence/FINAL_R4_SCENE_E/0037-SNAPSHOT_PHANTOMS.xml	40239	43096a8a6ffc80f335df7115f218b0d75be23947308ae79934f7a1d9e27aed31	False
L2J_Mobius_CT_2.6_HighFive/docs/phantoms/tasks/PHANTOM-M1-CHECKPOINT-RECOVERY-025/evidence/FINAL_R4_SCENE_E/0038-SNAPSHOT_PHANTOMS.json	1694	d5dba959655f526206e8a8808d0cfe15c0395ab5500601cd71d4f72bf0d0a4da	False
L2J_Mobius_CT_2.6_HighFive/docs/phantoms/tasks/PHANTOM-M1-CHECKPOINT-RECOVERY-025/evidence/FINAL_R4_SCENE_E/0038-SNAPSHOT_PHANTOMS.xml	1610	158ba762dd18030037ae8934ac0a3dbf24d8a8f1d0610c2da9904183a8657892	False
L2J_Mobius_CT_2.6_HighFive/docs/phantoms/tasks/PHANTOM-M1-CHECKPOINT-RECOVERY-025/evidence/FINAL_R4_SCENE_E/0039-SNAPSHOT_PHANTOMS.json	42221	f4132dc97e2fc2129e11027138efcbfb8e6c1e9f20313ae7ea6c78a628e2fb3b	False
L2J_Mobius_CT_2.6_HighFive/docs/phantoms/tasks/PHANTOM-M1-CHECKPOINT-RECOVERY-025/evidence/FINAL_R4_SCENE_E/0039-SNAPSHOT_PHANTOMS.xml	40003	e9999a2448f2e5cc3f22ef9839b4dd9aad3409e887e88c5a37aa2e8eb42f8437	False
L2J_Mobius_CT_2.6_HighFive/docs/phantoms/tasks/PHANTOM-M1-CHECKPOINT-RECOVERY-025/evidence/FINAL_R4_SCENE_E/0040-SNAPSHOT_PHANTOMS.json	1694	bff2083a2b3873df69fd1a87544df44ec2c0c252e2661a9a38b9a5abcb1f45c1	False
L2J_Mobius_CT_2.6_HighFive/docs/phantoms/tasks/PHANTOM-M1-CHECKPOINT-RECOVERY-025/evidence/FINAL_R4_SCENE_E/0040-SNAPSHOT_PHANTOMS.xml	1610	1a05e629f32834f5747e5649e1995f729bdb563b318cce89c972daf9401ca63e	False
L2J_Mobius_CT_2.6_HighFive/docs/phantoms/tasks/PHANTOM-M1-CHECKPOINT-RECOVERY-025/evidence/FINAL_R4_SCENE_E/0041-SNAPSHOT_PHANTOMS.json	40806	6ee9b6a1ae7e5529d4018e565817f691f39219bb46607559fcfdb63bda5e4de3	False
L2J_Mobius_CT_2.6_HighFive/docs/phantoms/tasks/PHANTOM-M1-CHECKPOINT-RECOVERY-025/evidence/FINAL_R4_SCENE_E/0041-SNAPSHOT_PHANTOMS.xml	38630	a1436595b3f2c316aab33a7c5c0c845e0a5228ac39171fb7a40d56d4b9082fec	False
L2J_Mobius_CT_2.6_HighFive/docs/phantoms/tasks/PHANTOM-M1-CHECKPOINT-RECOVERY-025/evidence/FINAL_R4_SCENE_E/0042-SNAPSHOT_PHANTOMS.json	1697	4c11b919bed06b432f3ce2e17d60dcf23401b25e8b462b4fb6f043e2d466b99d	False
L2J_Mobius_CT_2.6_HighFive/docs/phantoms/tasks/PHANTOM-M1-CHECKPOINT-RECOVERY-025/evidence/FINAL_R4_SCENE_E/0042-SNAPSHOT_PHANTOMS.xml	1613	1fdf91f90c1fd3e5026c0791e0ffe587f16f3e5e5fc07b6d11b02caf21528dfc	False
L2J_Mobius_CT_2.6_HighFive/docs/phantoms/tasks/PHANTOM-M1-CHECKPOINT-RECOVERY-025/evidence/FINAL_R4_SCENE_E/0043-SNAPSHOT_PHANTOMS.json	40832	88a6df8701ce9264e862bd1511d60470ea4ddfd6e7af27aacf21a1b21257cb2b	False
L2J_Mobius_CT_2.6_HighFive/docs/phantoms/tasks/PHANTOM-M1-CHECKPOINT-RECOVERY-025/evidence/FINAL_R4_SCENE_E/0043-SNAPSHOT_PHANTOMS.xml	38642	b628e7e3e2c94956cc9d3a1c83e49ae970bfc363f324830f329652bdca23f7f4	False
L2J_Mobius_CT_2.6_HighFive/docs/phantoms/tasks/PHANTOM-M1-CHECKPOINT-RECOVERY-025/evidence/FINAL_R4_SCENE_E/0044-SNAPSHOT_PHANTOMS.json	1697	313443351f12b753f91a58bb671b0a8c51f00bf1e7a31984449c6adb554da60e	False
L2J_Mobius_CT_2.6_HighFive/docs/phantoms/tasks/PHANTOM-M1-CHECKPOINT-RECOVERY-025/evidence/FINAL_R4_SCENE_E/0044-SNAPSHOT_PHANTOMS.xml	1613	1b384f67c46e7b1b56178318f71af504dc934bbbf4fc5c68d2921e92407b4c40	False
L2J_Mobius_CT_2.6_HighFive/docs/phantoms/tasks/PHANTOM-M1-CHECKPOINT-RECOVERY-025/evidence/FINAL_R4_SCENE_E/0045-SNAPSHOT_PHANTOMS.json	41268	366f9bcc6ba17cacb05c9f1386efb92ce6337dbf73f14dd457745787556ce88b	False
L2J_Mobius_CT_2.6_HighFive/docs/phantoms/tasks/PHANTOM-M1-CHECKPOINT-RECOVERY-025/evidence/FINAL_R4_SCENE_E/0045-SNAPSHOT_PHANTOMS.xml	39064	3aa594db1f4b12cca53bed464308513ae4ab2b741b8e957aaf5b5a3db4dc417b	False
L2J_Mobius_CT_2.6_HighFive/docs/phantoms/tasks/PHANTOM-M1-CHECKPOINT-RECOVERY-025/evidence/FINAL_R4_SCENE_E/0046-SNAPSHOT_PHANTOMS.json	1697	4fd82faee01130a88e1cc945bbbd63f319fae088370ac710571cfcbd466e3d54	False
L2J_Mobius_CT_2.6_HighFive/docs/phantoms/tasks/PHANTOM-M1-CHECKPOINT-RECOVERY-025/evidence/FINAL_R4_SCENE_E/0046-SNAPSHOT_PHANTOMS.xml	1613	17ca8131db7eb00b1563167309b0f07216666694a39d9d9d5f889ce2cc4fe4a4	False
L2J_Mobius_CT_2.6_HighFive/docs/phantoms/tasks/PHANTOM-M1-CHECKPOINT-RECOVERY-025/evidence/FINAL_R4_SCENE_E/0047-SNAPSHOT_PHANTOMS.json	30689	06465a081a686a6baa623b87d4ce0d8cedd6bc4d57db34356b690359ce413e23	False
L2J_Mobius_CT_2.6_HighFive/docs/phantoms/tasks/PHANTOM-M1-CHECKPOINT-RECOVERY-025/evidence/FINAL_R4_SCENE_E/0047-SNAPSHOT_PHANTOMS.xml	29043	460e07bb5385f28572bbe593fb4798c2b3b0a0b2a7c56d8acaf9af6662a41ac1	False
L2J_Mobius_CT_2.6_HighFive/docs/phantoms/tasks/PHANTOM-M1-CHECKPOINT-RECOVERY-025/evidence/FINAL_R4_SCENE_E/0048-SNAPSHOT_PHANTOMS.json	40591	a6909d98f22dad24d5df07c0f5122bff1b5577ff32ec5a91136a356fa0915cc4	False
L2J_Mobius_CT_2.6_HighFive/docs/phantoms/tasks/PHANTOM-M1-CHECKPOINT-RECOVERY-025/evidence/FINAL_R4_SCENE_E/0048-SNAPSHOT_PHANTOMS.xml	38429	15ad02ddd1a182b1bcbb51651d8120d0c5a0cf8490aa029b060fbd40d17b693b	False
L2J_Mobius_CT_2.6_HighFive/docs/phantoms/tasks/PHANTOM-M1-CHECKPOINT-RECOVERY-025/evidence/FINAL_R4_SCENE_E/0049-SNAPSHOT_PHANTOMS.json	1697	19c43cbc92614f3bb14b046835c0c51798f13c7529445bb7c7e4d6b495f6518a	False
L2J_Mobius_CT_2.6_HighFive/docs/phantoms/tasks/PHANTOM-M1-CHECKPOINT-RECOVERY-025/evidence/FINAL_R4_SCENE_E/0049-SNAPSHOT_PHANTOMS.xml	1613	d97524fb81091622bf474dc9e845dd7a1038037894b8cc1b88c4df899ad98ab8	False
L2J_Mobius_CT_2.6_HighFive/docs/phantoms/tasks/PHANTOM-M1-CHECKPOINT-RECOVERY-025/evidence/FINAL_R4_SCENE_E/0050-SNAPSHOT_PHANTOMS.json	42310	3daadfb44be3db4c9db28d3f5337bd0b5d78bed4030f794cc2691edf716ddb6c	False
L2J_Mobius_CT_2.6_HighFive/docs/phantoms/tasks/PHANTOM-M1-CHECKPOINT-RECOVERY-025/evidence/FINAL_R4_SCENE_E/0050-SNAPSHOT_PHANTOMS.xml	40120	6f66443527af5d4acac6e12e58aba0d1bf36f3213a773599897a3ac385b2b084	False
L2J_Mobius_CT_2.6_HighFive/docs/phantoms/tasks/PHANTOM-M1-CHECKPOINT-RECOVERY-025/evidence/FINAL_R4_SCENE_E/0051-SNAPSHOT_PHANTOMS.json	1697	ef91188fd5a2782f4d11165222f0e75828f231af1bb74f4b0543a961a9baf9e1	False
L2J_Mobius_CT_2.6_HighFive/docs/phantoms/tasks/PHANTOM-M1-CHECKPOINT-RECOVERY-025/evidence/FINAL_R4_SCENE_E/0051-SNAPSHOT_PHANTOMS.xml	1613	9a7a6b3e05f1b79302f0716c8d31ae2a8a716d45d67bbd6d7b9af073907934af	False
L2J_Mobius_CT_2.6_HighFive/docs/phantoms/tasks/PHANTOM-M1-CHECKPOINT-RECOVERY-025/evidence/FINAL_R4_SCENE_E/0052-SNAPSHOT_PHANTOMS.json	42617	7a75b7e81cd594410a12ae2ff78f87878d446cfd4e070d5546102d42c6c2426a	False
L2J_Mobius_CT_2.6_HighFive/docs/phantoms/tasks/PHANTOM-M1-CHECKPOINT-RECOVERY-025/evidence/FINAL_R4_SCENE_E/0052-SNAPSHOT_PHANTOMS.xml	40413	8176dc83fe89fbba5591704c0d4df35a0c638c46919e88e3c1aae1f7ea6d3082	False
L2J_Mobius_CT_2.6_HighFive/docs/phantoms/tasks/PHANTOM-M1-CHECKPOINT-RECOVERY-025/evidence/FINAL_R4_SCENE_E/0053-SNAPSHOT_PHANTOMS.json	1697	af698dc924cde6fdd38ea36cc6f2ae6217a00521e395ed7255be49d0e3a0b0da	False
L2J_Mobius_CT_2.6_HighFive/docs/phantoms/tasks/PHANTOM-M1-CHECKPOINT-RECOVERY-025/evidence/FINAL_R4_SCENE_E/0053-SNAPSHOT_PHANTOMS.xml	1613	42e5010eaf0fe31661879d78f336dc10ed009088a8375f9d98ada3f6a7960ca5	False
L2J_Mobius_CT_2.6_HighFive/docs/phantoms/tasks/PHANTOM-M1-CHECKPOINT-RECOVERY-025/evidence/FINAL_R4_SCENE_E/0054-SNAPSHOT_PHANTOMS.json	42464	f36867ed78130e63a2b687beb89c0301d5ac16272879fc0aa3368d20e5b0c2d0	False
L2J_Mobius_CT_2.6_HighFive/docs/phantoms/tasks/PHANTOM-M1-CHECKPOINT-RECOVERY-025/evidence/FINAL_R4_SCENE_E/0054-SNAPSHOT_PHANTOMS.xml	40260	0b766b35dd5fb70b5af02bf28cbeeef78b73e8c7e07fd2a535b6dfd453d4b77e	False
L2J_Mobius_CT_2.6_HighFive/docs/phantoms/tasks/PHANTOM-M1-CHECKPOINT-RECOVERY-025/evidence/FINAL_R4_SCENE_E/0055-SNAPSHOT_PHANTOMS.json	1697	305a244526dc286e5d4cfd255ff6ff3a7ebc092cb9c79330ae2515807254bdc0	False
L2J_Mobius_CT_2.6_HighFive/docs/phantoms/tasks/PHANTOM-M1-CHECKPOINT-RECOVERY-025/evidence/FINAL_R4_SCENE_E/0055-SNAPSHOT_PHANTOMS.xml	1613	6c5154d5566f14a6c338b1a72377b41b32ff681f3d942802d5d8643b8ea9512a	False
L2J_Mobius_CT_2.6_HighFive/docs/phantoms/tasks/PHANTOM-M1-CHECKPOINT-RECOVERY-025/evidence/FINAL_R4_SCENE_E/0056-SNAPSHOT_PHANTOMS.json	42918	fde32ea90132d8abfe4d46d7b9bddef1ef9d8f25d57713833c0de8f3a3e389d9	False
L2J_Mobius_CT_2.6_HighFive/docs/phantoms/tasks/PHANTOM-M1-CHECKPOINT-RECOVERY-025/evidence/FINAL_R4_SCENE_E/0056-SNAPSHOT_PHANTOMS.xml	40686	ec73f43684a29e123fee22cf7c01d86d26e71a48776c8460d4c687cc78b1152b	False
L2J_Mobius_CT_2.6_HighFive/docs/phantoms/tasks/PHANTOM-M1-CHECKPOINT-RECOVERY-025/evidence/FINAL_R4_SCENE_E/0057-SNAPSHOT_PHANTOMS.json	1699	e90c4d5243da3106b49253a5023fe2e669997eccb388e1e9d0d7aede93e902ca	False
L2J_Mobius_CT_2.6_HighFive/docs/phantoms/tasks/PHANTOM-M1-CHECKPOINT-RECOVERY-025/evidence/FINAL_R4_SCENE_E/0057-SNAPSHOT_PHANTOMS.xml	1615	5f960a6e7085aa58d9e39244695e50aefa35edf47767e3598ec8b1e1fd071624	False
L2J_Mobius_CT_2.6_HighFive/docs/phantoms/tasks/PHANTOM-M1-CHECKPOINT-RECOVERY-025/evidence/FINAL_R4_SCENE_E/0058-SNAPSHOT_PHANTOMS.json	42858	fafa6c3d78de77ca21dbe6c2ca995161bd1eb78db7e7cbcbfbbb817925b92075	False
L2J_Mobius_CT_2.6_HighFive/docs/phantoms/tasks/PHANTOM-M1-CHECKPOINT-RECOVERY-025/evidence/FINAL_R4_SCENE_E/0058-SNAPSHOT_PHANTOMS.xml	40612	0d0731db5a71af3287d3c330427915dced9dc3ebd91c55ab8907d3fb90bb91d0	False
L2J_Mobius_CT_2.6_HighFive/docs/phantoms/tasks/PHANTOM-M1-CHECKPOINT-RECOVERY-025/evidence/FINAL_R4_SCENE_E/0059-SNAPSHOT_PHANTOMS.json	1700	bc3e02f644f36a50c8b28713033d350ded913778e6526d8f96681cc0dc690cd9	False
L2J_Mobius_CT_2.6_HighFive/docs/phantoms/tasks/PHANTOM-M1-CHECKPOINT-RECOVERY-025/evidence/FINAL_R4_SCENE_E/0059-SNAPSHOT_PHANTOMS.xml	1616	98a192b40daa5100f071c7749d3573c3938db13fff2a0d9ad9564a142e010fe6	False
L2J_Mobius_CT_2.6_HighFive/docs/phantoms/tasks/PHANTOM-M1-CHECKPOINT-RECOVERY-025/evidence/FINAL_R4_SCENE_E/0060-SNAPSHOT_PHANTOMS.json	42811	bc7fb06f23bc88c3af8bf1e7b7c4222411dc1b8210cd19b14a12d1449eaa9b02	False
L2J_Mobius_CT_2.6_HighFive/docs/phantoms/tasks/PHANTOM-M1-CHECKPOINT-RECOVERY-025/evidence/FINAL_R4_SCENE_E/0060-SNAPSHOT_PHANTOMS.xml	40565	0966bc51d841f59d8a2ef55e0bf5cfbd3903dd26f146123328457f7b164302e8	False
L2J_Mobius_CT_2.6_HighFive/docs/phantoms/tasks/PHANTOM-M1-CHECKPOINT-RECOVERY-025/evidence/FINAL_R4_SCENE_E/0061-SNAPSHOT_PHANTOMS.json	1697	034b11f6b17b015d2f289bb50b029846a762fb1a8cd45a390b36dd0f8db154bc	False
L2J_Mobius_CT_2.6_HighFive/docs/phantoms/tasks/PHANTOM-M1-CHECKPOINT-RECOVERY-025/evidence/FINAL_R4_SCENE_E/0061-SNAPSHOT_PHANTOMS.xml	1613	d19d46e9230271c13cd621e97d6380f1f403a3cc156c5cd45e7e0a259ef73fdf	False
L2J_Mobius_CT_2.6_HighFive/docs/phantoms/tasks/PHANTOM-M1-CHECKPOINT-RECOVERY-025/evidence/FINAL_R4_SCENE_E/0062-SNAPSHOT_PHANTOMS.json	43743	28f7aea45e0b4387c6c8e2bba8657e6ddc4e1cf011e754372d830a8e20ed9f11	False
L2J_Mobius_CT_2.6_HighFive/docs/phantoms/tasks/PHANTOM-M1-CHECKPOINT-RECOVERY-025/evidence/FINAL_R4_SCENE_E/0062-SNAPSHOT_PHANTOMS.xml	41483	e586730dae576ae2d6a34bf2ea188ed5266557cf3f826e00ce2e29de29472246	False
L2J_Mobius_CT_2.6_HighFive/docs/phantoms/tasks/PHANTOM-M1-CHECKPOINT-RECOVERY-025/evidence/FINAL_R4_SCENE_E/0063-SNAPSHOT_PHANTOMS.json	1706	7d6e14e8eb2619120bfcb1519968cfad920f4f0e17869b7fb83cc17e5ac5e9ad	False
L2J_Mobius_CT_2.6_HighFive/docs/phantoms/tasks/PHANTOM-M1-CHECKPOINT-RECOVERY-025/evidence/FINAL_R4_SCENE_E/0063-SNAPSHOT_PHANTOMS.xml	1622	2a6d37a16c8f7fe7e72cd332815785beff4e5e03f8705cbd8e21829df92da3e4	False
L2J_Mobius_CT_2.6_HighFive/docs/phantoms/tasks/PHANTOM-M1-CHECKPOINT-RECOVERY-025/evidence/FINAL_R4_SCENE_E/0064-SNAPSHOT_PHANTOMS.json	43618	f6bcd79bf10662576c808ca5455a97fba627f02512ed91894a6bab9f9fc504b9	False
L2J_Mobius_CT_2.6_HighFive/docs/phantoms/tasks/PHANTOM-M1-CHECKPOINT-RECOVERY-025/evidence/FINAL_R4_SCENE_E/0064-SNAPSHOT_PHANTOMS.xml	41372	d65ee35e3bf16449a6a4a54e629ecc6c0b57d604cf5400652c9126b0ec2b38d3	False
L2J_Mobius_CT_2.6_HighFive/docs/phantoms/tasks/PHANTOM-M1-CHECKPOINT-RECOVERY-025/evidence/FINAL_R4_SCENE_E/0065-SNAPSHOT_PHANTOMS.json	1706	ccd006586615448964ecb5c6b6df1247f691f38bb10281ed56b884119c2b498a	False
L2J_Mobius_CT_2.6_HighFive/docs/phantoms/tasks/PHANTOM-M1-CHECKPOINT-RECOVERY-025/evidence/FINAL_R4_SCENE_E/0065-SNAPSHOT_PHANTOMS.xml	1622	1de221b104ae2ee3fb00219c04f1118e84e002a3a6162eceb58cc7c90e74bbc8	False
L2J_Mobius_CT_2.6_HighFive/docs/phantoms/tasks/PHANTOM-M1-CHECKPOINT-RECOVERY-025/evidence/FINAL_R4_SCENE_E/0066-SNAPSHOT_PHANTOMS.json	43071	adee411ccd1f425d69d40146e61de6138fdf08934093173a979e4cc0876190fc	False
L2J_Mobius_CT_2.6_HighFive/docs/phantoms/tasks/PHANTOM-M1-CHECKPOINT-RECOVERY-025/evidence/FINAL_R4_SCENE_E/0066-SNAPSHOT_PHANTOMS.xml	40839	245aaf44fcfe3be3ca4510bd49dea6924e40bfadb25dd8da0239edfb710238ea	False
L2J_Mobius_CT_2.6_HighFive/docs/phantoms/tasks/PHANTOM-M1-CHECKPOINT-RECOVERY-025/evidence/FINAL_R4_SCENE_E/0067-SNAPSHOT_PHANTOMS.json	1703	b75715674e25e130f65247c014ef8c67cf67f8a011ebb85ebca3b6cf5eda02e3	False
L2J_Mobius_CT_2.6_HighFive/docs/phantoms/tasks/PHANTOM-M1-CHECKPOINT-RECOVERY-025/evidence/FINAL_R4_SCENE_E/0067-SNAPSHOT_PHANTOMS.xml	1619	76076fa665893dc854e2e8f03b9c68c638a3da541d4323afc8045fbf84c42769	False
L2J_Mobius_CT_2.6_HighFive/docs/phantoms/tasks/PHANTOM-M1-CHECKPOINT-RECOVERY-025/evidence/FINAL_R4_SCENE_E/0068-SNAPSHOT_PHANTOMS.json	42901	4a7e169ce81108dd78fd31e19459c2549587d41fe661c18684968a5b9e901d18	False
L2J_Mobius_CT_2.6_HighFive/docs/phantoms/tasks/PHANTOM-M1-CHECKPOINT-RECOVERY-025/evidence/FINAL_R4_SCENE_E/0068-SNAPSHOT_PHANTOMS.xml	40669	56d89233ac4e5461f7dc3c282b5a8be5d0cc33f172b03fcf89861703b8eafd0c	False
L2J_Mobius_CT_2.6_HighFive/docs/phantoms/tasks/PHANTOM-M1-CHECKPOINT-RECOVERY-025/evidence/FINAL_R4_SCENE_E/0069-SNAPSHOT_PHANTOMS.json	1698	3aa590c511df139b76a5e9ec3ddc2199e2b950caf706860e9dd00ea748425825	False
L2J_Mobius_CT_2.6_HighFive/docs/phantoms/tasks/PHANTOM-M1-CHECKPOINT-RECOVERY-025/evidence/FINAL_R4_SCENE_E/0069-SNAPSHOT_PHANTOMS.xml	1614	e25e8d63cb46df909ba11ee62089d1883423902bb0764a9fbdfddb6364e512c6	False
L2J_Mobius_CT_2.6_HighFive/docs/phantoms/tasks/PHANTOM-M1-CHECKPOINT-RECOVERY-025/evidence/FINAL_R4_SCENE_E/0070-SNAPSHOT_PHANTOMS.json	42915	2fe828ca3f9f00d5ae7b437b54e0ec03e2c2ea7517d927a154a0ed8079c53ce6	False
L2J_Mobius_CT_2.6_HighFive/docs/phantoms/tasks/PHANTOM-M1-CHECKPOINT-RECOVERY-025/evidence/FINAL_R4_SCENE_E/0070-SNAPSHOT_PHANTOMS.xml	40683	60bdb5a70bc5076e814ac8850645b62e7e3baee0050b82a2067f639f2b14d08e	False
L2J_Mobius_CT_2.6_HighFive/docs/phantoms/tasks/PHANTOM-M1-CHECKPOINT-RECOVERY-025/evidence/FINAL_R4_SCENE_E/0071-SNAPSHOT_PHANTOMS.json	1700	b0a8d6cbd09404dc4908f131e19726eff4e2b03085810be00a405fc4b2c2ac3f	False
L2J_Mobius_CT_2.6_HighFive/docs/phantoms/tasks/PHANTOM-M1-CHECKPOINT-RECOVERY-025/evidence/FINAL_R4_SCENE_E/0071-SNAPSHOT_PHANTOMS.xml	1616	26c2bfb86db608a3b0aed602fd67fd9680ff5f608c798855cec1a07cb3385642	False
L2J_Mobius_CT_2.6_HighFive/docs/phantoms/tasks/PHANTOM-M1-CHECKPOINT-RECOVERY-025/evidence/FINAL_R4_SCENE_E/0072-SNAPSHOT_PHANTOMS.json	42930	52be6cf6e47d6bf5a96fd731c5b69929332cd87c537c09a9930f493b434c67c0	False
L2J_Mobius_CT_2.6_HighFive/docs/phantoms/tasks/PHANTOM-M1-CHECKPOINT-RECOVERY-025/evidence/FINAL_R4_SCENE_E/0072-SNAPSHOT_PHANTOMS.xml	40698	b6e006740770586c73e45ac7b8f5c54b6dc27bf60d79840a5440d8f1742f66e1	False
L2J_Mobius_CT_2.6_HighFive/docs/phantoms/tasks/PHANTOM-M1-CHECKPOINT-RECOVERY-025/evidence/FINAL_R4_SCENE_E/0073-SNAPSHOT_PHANTOMS.json	1700	bcc828ec674417340f8857301e1a3e2efd87b08ebded51728fba8bc1e7c32cc0	False
L2J_Mobius_CT_2.6_HighFive/docs/phantoms/tasks/PHANTOM-M1-CHECKPOINT-RECOVERY-025/evidence/FINAL_R4_SCENE_E/0073-SNAPSHOT_PHANTOMS.xml	1616	139ccb459609d089d59f99d2ad302c2a0a84bf5e2bf035d81c9d79f37afee3f0	False
L2J_Mobius_CT_2.6_HighFive/docs/phantoms/tasks/PHANTOM-M1-CHECKPOINT-RECOVERY-025/evidence/FINAL_R4_SCENE_E/0074-SNAPSHOT_PHANTOMS.json	37625	f3afa9d1724b7c2196a318f2fbff722ed106304979644276bf1d042ca2891204	False
L2J_Mobius_CT_2.6_HighFive/docs/phantoms/tasks/PHANTOM-M1-CHECKPOINT-RECOVERY-025/evidence/FINAL_R4_SCENE_E/0074-SNAPSHOT_PHANTOMS.xml	35679	1f15439aced4403c2615c38d421d03efe26c688066b959a0fb8f1924c5e8c750	False
L2J_Mobius_CT_2.6_HighFive/docs/phantoms/tasks/PHANTOM-M1-CHECKPOINT-RECOVERY-025/evidence/FINAL_R4_SCENE_E/0075-SNAPSHOT_PHANTOMS.json	37520	15b43bf7b1f58f68dc3e86bd8a8df29266aecb9d8263998cd07d808e213b1e42	False
L2J_Mobius_CT_2.6_HighFive/docs/phantoms/tasks/PHANTOM-M1-CHECKPOINT-RECOVERY-025/evidence/FINAL_R4_SCENE_E/0075-SNAPSHOT_PHANTOMS.xml	35574	cf694d279f9a04e288f7eaf6d829b493b5b808f6ee64d0aadbddda317e7d2140	False
L2J_Mobius_CT_2.6_HighFive/docs/phantoms/tasks/PHANTOM-M1-CHECKPOINT-RECOVERY-025/evidence/FINAL_R4_SCENE_E/0076-SNAPSHOT_PHANTOMS.json	37514	adc4a15234aa2055f8321407383d1c047a2d53e21608491493ed9cc5de5efbfb	False
L2J_Mobius_CT_2.6_HighFive/docs/phantoms/tasks/PHANTOM-M1-CHECKPOINT-RECOVERY-025/evidence/FINAL_R4_SCENE_E/0076-SNAPSHOT_PHANTOMS.xml	35568	aa515897e2ed785e9aad07fe855bd559fe877c45129353720b28d448ea94b639	False
L2J_Mobius_CT_2.6_HighFive/docs/phantoms/tasks/PHANTOM-M1-CHECKPOINT-RECOVERY-025/evidence/FINAL_R4_SCENE_E/0077-SNAPSHOT_PHANTOMS.json	37706	d2f458ede19b808fd128850b90e9346518169d8251290b97e33d66411d117d0e	False
L2J_Mobius_CT_2.6_HighFive/docs/phantoms/tasks/PHANTOM-M1-CHECKPOINT-RECOVERY-025/evidence/FINAL_R4_SCENE_E/0077-SNAPSHOT_PHANTOMS.xml	35760	0127c5c918bed665ae223d9e62edd197e398d2801c32803e34d815d308e86fdf	False
L2J_Mobius_CT_2.6_HighFive/docs/phantoms/tasks/PHANTOM-M1-CHECKPOINT-RECOVERY-025/evidence/FINAL_R4_SCENE_E/0078-SNAPSHOT_PHANTOMS.json	37599	7136538bbc8e7df9a1dc27fd761b0539f8e5f7a90caf6a3ecb3a3e1585193762	False
L2J_Mobius_CT_2.6_HighFive/docs/phantoms/tasks/PHANTOM-M1-CHECKPOINT-RECOVERY-025/evidence/FINAL_R4_SCENE_E/0078-SNAPSHOT_PHANTOMS.xml	35653	b9cd324c3f5f6d9f8de8d273cbe639f8b09a09b043fa2d6f7b8ce14e51c30575	False
L2J_Mobius_CT_2.6_HighFive/docs/phantoms/tasks/PHANTOM-M1-CHECKPOINT-RECOVERY-025/evidence/FINAL_R4_SCENE_E/0079-SNAPSHOT_PHANTOMS.json	37252	53990b5e19359f4e1baf77bb18855afcbe7cbe524d400881502b0d0232ed6df6	False
L2J_Mobius_CT_2.6_HighFive/docs/phantoms/tasks/PHANTOM-M1-CHECKPOINT-RECOVERY-025/evidence/FINAL_R4_SCENE_E/0079-SNAPSHOT_PHANTOMS.xml	35334	3d6d578d672d257d62130afc0beedfe4302d32779412ef1e8a120d0046bee358	False
L2J_Mobius_CT_2.6_HighFive/docs/phantoms/tasks/PHANTOM-M1-CHECKPOINT-RECOVERY-025/evidence/FINAL_R4_SCENE_E/0080-SNAPSHOT_PHANTOMS.json	37296	45345ced0acf1136bff8b8e3fb2d66144040873f190444f465fb971e66812acb	False
L2J_Mobius_CT_2.6_HighFive/docs/phantoms/tasks/PHANTOM-M1-CHECKPOINT-RECOVERY-025/evidence/FINAL_R4_SCENE_E/0080-SNAPSHOT_PHANTOMS.xml	35378	02098e4aad7ecacd4c989275d744ab2a497df679496d095405ee94d8fcb09e7f	False
L2J_Mobius_CT_2.6_HighFive/docs/phantoms/tasks/PHANTOM-M1-CHECKPOINT-RECOVERY-025/evidence/FINAL_R4_SCENE_E/0081-SNAPSHOT_PHANTOMS.json	38126	f3503a33504ddbb865aee3910d05418a7183e2464ad41d4ef76dda33645e12d5	False
L2J_Mobius_CT_2.6_HighFive/docs/phantoms/tasks/PHANTOM-M1-CHECKPOINT-RECOVERY-025/evidence/FINAL_R4_SCENE_E/0081-SNAPSHOT_PHANTOMS.xml	36222	00fcc7e540cf4d09ddd6f998ed2b7a73cbf53797444e1ce12a151b4a1137d606	False
L2J_Mobius_CT_2.6_HighFive/docs/phantoms/tasks/PHANTOM-M1-CHECKPOINT-RECOVERY-025/evidence/FINAL_R4_SCENE_E/0082-SNAPSHOT_PHANTOMS.json	37977	af91a7dbf71619aed2e471c666413b43473b3244e724c620764ffeb88e207127	False
L2J_Mobius_CT_2.6_HighFive/docs/phantoms/tasks/PHANTOM-M1-CHECKPOINT-RECOVERY-025/evidence/FINAL_R4_SCENE_E/0082-SNAPSHOT_PHANTOMS.xml	36073	5a20e99b8e9f4eea6f7dd8c95687d78b4062f922b91367bc007d366f6f89a57a	False
L2J_Mobius_CT_2.6_HighFive/docs/phantoms/tasks/PHANTOM-M1-CHECKPOINT-RECOVERY-025/evidence/FINAL_R4_SCENE_E/0083-SNAPSHOT_PHANTOMS.json	37657	1c880c18976650a56aee6efb69ab57d221be47b73a57485ab58d4578018e4732	False
L2J_Mobius_CT_2.6_HighFive/docs/phantoms/tasks/PHANTOM-M1-CHECKPOINT-RECOVERY-025/evidence/FINAL_R4_SCENE_E/0083-SNAPSHOT_PHANTOMS.xml	35767	32348e4bd7765087bf05b21303b46cd44645ed31237cceeb024454a48b5b4a83	False
L2J_Mobius_CT_2.6_HighFive/docs/phantoms/tasks/PHANTOM-M1-CHECKPOINT-RECOVERY-025/evidence/FINAL_R4_SCENE_E/0084-SNAPSHOT_PHANTOMS.json	37657	8064aac0a1d3bf161905571305352f8c917a3772adf6387db40376f7776243b1	False
L2J_Mobius_CT_2.6_HighFive/docs/phantoms/tasks/PHANTOM-M1-CHECKPOINT-RECOVERY-025/evidence/FINAL_R4_SCENE_E/0084-SNAPSHOT_PHANTOMS.xml	35767	10c06603100417e1e3deeefb2693ee1c8c2d4b269fc0df26a709b33afa1c6ef3	False
L2J_Mobius_CT_2.6_HighFive/docs/phantoms/tasks/PHANTOM-M1-CHECKPOINT-RECOVERY-025/evidence/FINAL_R4_SCENE_E/0085-SNAPSHOT_PHANTOMS.json	37804	fe377907f3568bca6c8899dc5ba3434702aa0d2285630d58e4157c3054908df0	False
L2J_Mobius_CT_2.6_HighFive/docs/phantoms/tasks/PHANTOM-M1-CHECKPOINT-RECOVERY-025/evidence/FINAL_R4_SCENE_E/0085-SNAPSHOT_PHANTOMS.xml	35900	e6a71ee11df029d5a1d9d7cd9c2d36e95e561da12fe930fe59e03131aab6f0f6	False
L2J_Mobius_CT_2.6_HighFive/docs/phantoms/tasks/PHANTOM-M1-CHECKPOINT-RECOVERY-025/evidence/FINAL_R4_SCENE_E/0086-SNAPSHOT_PHANTOMS.json	37671	9f67b0b14ec1e0c8dd94e8ead02bca9aeba3a0e317744104b78151df42b4d311	False
L2J_Mobius_CT_2.6_HighFive/docs/phantoms/tasks/PHANTOM-M1-CHECKPOINT-RECOVERY-025/evidence/FINAL_R4_SCENE_E/0086-SNAPSHOT_PHANTOMS.xml	35767	7e04506331180f4afc19b271d89ea3d98ae97b82ac5611fcb751ffe69590c86d	False
L2J_Mobius_CT_2.6_HighFive/docs/phantoms/tasks/PHANTOM-M1-CHECKPOINT-RECOVERY-025/evidence/FINAL_R4_SCENE_E/0087-SNAPSHOT_PHANTOMS.json	37625	b16284608bda85304d11fcfb32e9f117705a344033e170b3e0da04b711987a20	False
L2J_Mobius_CT_2.6_HighFive/docs/phantoms/tasks/PHANTOM-M1-CHECKPOINT-RECOVERY-025/evidence/FINAL_R4_SCENE_E/0087-SNAPSHOT_PHANTOMS.xml	35721	fe13c7b94d6b1e5216d82d554edaf924cd2630fa8574894d99eb47d18a714f79	False
L2J_Mobius_CT_2.6_HighFive/docs/phantoms/tasks/PHANTOM-M1-CHECKPOINT-RECOVERY-025/evidence/FINAL_R4_SCENE_E/0088-SNAPSHOT_PHANTOMS.json	32863	bdd1b68e2bb43e0f38c4eddaaa9e8d551c2b1fccecb5279d3f0898488c6fbfd6	False
L2J_Mobius_CT_2.6_HighFive/docs/phantoms/tasks/PHANTOM-M1-CHECKPOINT-RECOVERY-025/evidence/FINAL_R4_SCENE_E/0088-SNAPSHOT_PHANTOMS.xml	31217	1d25b718069cda37f1a6b8e9f190b6c0c6a9e77ec378585c71781caf616cbae4	False
L2J_Mobius_CT_2.6_HighFive/docs/phantoms/tasks/PHANTOM-M1-CHECKPOINT-RECOVERY-025/evidence/FINAL_R4_SCENE_E/0089-SNAPSHOT_PHANTOMS.json	28046	90d3bbd7ff2e88547d47521af22d26e2c6764b98ffc5fcf58d70e8dde8d684fc	False
L2J_Mobius_CT_2.6_HighFive/docs/phantoms/tasks/PHANTOM-M1-CHECKPOINT-RECOVERY-025/evidence/FINAL_R4_SCENE_E/0089-SNAPSHOT_PHANTOMS.xml	26658	4c392873960c783e4f0a7c039840a9ce5b296922b0696b3da94921dfea831b39	False
L2J_Mobius_CT_2.6_HighFive/docs/phantoms/tasks/PHANTOM-M1-CHECKPOINT-RECOVERY-025/evidence/FINAL_R4_SCENE_E/0090-SNAPSHOT_PHANTOMS.json	27991	8082088b37353268b434908fb057ee5751b08cfa1db9b50ab09d312c43ed1765	False
L2J_Mobius_CT_2.6_HighFive/docs/phantoms/tasks/PHANTOM-M1-CHECKPOINT-RECOVERY-025/evidence/FINAL_R4_SCENE_E/0090-SNAPSHOT_PHANTOMS.xml	26603	7863f74f3d1a0e2acab1e0f1818a20765cec28dfa61253365700f86b683b75f1	False
L2J_Mobius_CT_2.6_HighFive/docs/phantoms/tasks/PHANTOM-M1-CHECKPOINT-RECOVERY-025/evidence/FINAL_R4_SCENE_E/0091-SNAPSHOT_PHANTOMS.json	28039	e4d689748629fda6112434aff1145866a0d3d59d4fc1bdb689a479118358675f	False
L2J_Mobius_CT_2.6_HighFive/docs/phantoms/tasks/PHANTOM-M1-CHECKPOINT-RECOVERY-025/evidence/FINAL_R4_SCENE_E/0091-SNAPSHOT_PHANTOMS.xml	26651	b7ac318f7a539705dc38eb842897a79f0d0c3de034eb5950d43ca9b3f7f5638b	False
L2J_Mobius_CT_2.6_HighFive/docs/phantoms/tasks/PHANTOM-M1-CHECKPOINT-RECOVERY-025/evidence/FINAL_R4_SCENE_E/0092-SNAPSHOT_PHANTOMS.json	28044	e6caf5a7a08f50e446d053c0f79966425d8fb0b33fb237316872fc45ddef61d3	False
L2J_Mobius_CT_2.6_HighFive/docs/phantoms/tasks/PHANTOM-M1-CHECKPOINT-RECOVERY-025/evidence/FINAL_R4_SCENE_E/0092-SNAPSHOT_PHANTOMS.xml	26656	cf40f3e0047b3d298eb6361b30128145afaf29fcd30e98042beb1b9259e984cf	False
L2J_Mobius_CT_2.6_HighFive/docs/phantoms/tasks/PHANTOM-M1-CHECKPOINT-RECOVERY-025/evidence/FINAL_R4_SCENE_E/0093-SNAPSHOT_PHANTOMS.json	28055	3f6e22f61bf177396906bd10c65476a46680a3a0f4f81940e374b3d34cbe6306	False
L2J_Mobius_CT_2.6_HighFive/docs/phantoms/tasks/PHANTOM-M1-CHECKPOINT-RECOVERY-025/evidence/FINAL_R4_SCENE_E/0093-SNAPSHOT_PHANTOMS.xml	26667	4bbb2bf2cb2f5ad0821d9ce7e53000ff8b18d3f6f9c0a4845f48ae66bb0ff1d8	False
L2J_Mobius_CT_2.6_HighFive/docs/phantoms/tasks/PHANTOM-M1-CHECKPOINT-RECOVERY-025/evidence/FINAL_R4_SCENE_E/0094-SNAPSHOT_PHANTOMS.json	28050	98eed34e030eb55f25a5227b082fc72bdbb6504a5cec49ffe1c26715cdc60ff7	False
L2J_Mobius_CT_2.6_HighFive/docs/phantoms/tasks/PHANTOM-M1-CHECKPOINT-RECOVERY-025/evidence/FINAL_R4_SCENE_E/0094-SNAPSHOT_PHANTOMS.xml	26662	c2ee0648ad5b06bd9953bac19974a019d52a7bd9b4f635d7fd53076c49d2d165	False
L2J_Mobius_CT_2.6_HighFive/docs/phantoms/tasks/PHANTOM-M1-CHECKPOINT-RECOVERY-025/evidence/FINAL_R4_SCENE_E/0095-SNAPSHOT_PHANTOMS.json	27771	c83a80c4cfbecd5ccc421167f7a168236e2ca50d80dff60c8e58ee12cd67d0f5	False
L2J_Mobius_CT_2.6_HighFive/docs/phantoms/tasks/PHANTOM-M1-CHECKPOINT-RECOVERY-025/evidence/FINAL_R4_SCENE_E/0095-SNAPSHOT_PHANTOMS.xml	26397	42da36d56131691386ea19386c946ecbc9b532eb38a31c6d734b9bbdeb09d244	False
L2J_Mobius_CT_2.6_HighFive/docs/phantoms/tasks/PHANTOM-M1-CHECKPOINT-RECOVERY-025/evidence/FINAL_R4_SCENE_E/0096-SNAPSHOT_PHANTOMS.json	27824	3f25f16dac8a5c06ed13a75c8bb83042519df793adeb6cdfc63bda58f99fa948	False
L2J_Mobius_CT_2.6_HighFive/docs/phantoms/tasks/PHANTOM-M1-CHECKPOINT-RECOVERY-025/evidence/FINAL_R4_SCENE_E/0096-SNAPSHOT_PHANTOMS.xml	26450	760b8402b66272245db24b1d652d7a91c13074f78a7f6b3b8fd1da0bc18e34f7	False
L2J_Mobius_CT_2.6_HighFive/docs/phantoms/tasks/PHANTOM-M1-CHECKPOINT-RECOVERY-025/evidence/FINAL_R4_SCENE_E/0097-SNAPSHOT_PHANTOMS.json	27763	9cd2b240372c927836f1075d1901ca05a3092c5cb2a5fa891d91ac1dc398e3d3	False
L2J_Mobius_CT_2.6_HighFive/docs/phantoms/tasks/PHANTOM-M1-CHECKPOINT-RECOVERY-025/evidence/FINAL_R4_SCENE_E/0097-SNAPSHOT_PHANTOMS.xml	26389	345dfd5cf286aa5f4bd191e62d0f4d8b73007ef2e6d3d6f22282da490b29fb7d	False
L2J_Mobius_CT_2.6_HighFive/docs/phantoms/tasks/PHANTOM-M1-CHECKPOINT-RECOVERY-025/evidence/FINAL_R4_SCENE_E/0098-SNAPSHOT_PHANTOMS.json	27763	8dc4cde2f1dd7e5210d2b327c02ae8d8975a4782ec507c4764c3bb545d7b941e	False
L2J_Mobius_CT_2.6_HighFive/docs/phantoms/tasks/PHANTOM-M1-CHECKPOINT-RECOVERY-025/evidence/FINAL_R4_SCENE_E/0098-SNAPSHOT_PHANTOMS.xml	26389	b7fa35b7d67f0cc5e0783e93e38d752a62fa37c6d4e531a33916106085bf28c2	False
L2J_Mobius_CT_2.6_HighFive/docs/phantoms/tasks/PHANTOM-M1-CHECKPOINT-RECOVERY-025/evidence/FINAL_R4_SCENE_E/0099-SNAPSHOT_PHANTOMS.json	27751	1f41f62414db4ce2a94d936678aa9c1035684d0900d6e83d07ccff0ed6333018	False
L2J_Mobius_CT_2.6_HighFive/docs/phantoms/tasks/PHANTOM-M1-CHECKPOINT-RECOVERY-025/evidence/FINAL_R4_SCENE_E/0099-SNAPSHOT_PHANTOMS.xml	26377	456b076fbca6804d426a21168a7292e7590b369759b40a7970425cb019bfb727	False
L2J_Mobius_CT_2.6_HighFive/docs/phantoms/tasks/PHANTOM-M1-CHECKPOINT-RECOVERY-025/evidence/FINAL_R4_SCENE_E/0100-SNAPSHOT_PHANTOMS.json	27749	28256f86b3da69259e3462346c9f77f3f55a37bc8dfed95ed1821f871e11ea64	False
L2J_Mobius_CT_2.6_HighFive/docs/phantoms/tasks/PHANTOM-M1-CHECKPOINT-RECOVERY-025/evidence/FINAL_R4_SCENE_E/0100-SNAPSHOT_PHANTOMS.xml	26375	cc0fd0db0d5dd106db789190bc02ec890510b50b55ad5320aa788a62d7680c2c	False
L2J_Mobius_CT_2.6_HighFive/docs/phantoms/tasks/PHANTOM-M1-CHECKPOINT-RECOVERY-025/evidence/FINAL_R4_SCENE_E/0101-SNAPSHOT_PHANTOMS.json	27752	dae37ba59e3b39c0b93b6dcff3c91ab70399d4f19a7cb3fda82e98eb1e4ad10e	False
L2J_Mobius_CT_2.6_HighFive/docs/phantoms/tasks/PHANTOM-M1-CHECKPOINT-RECOVERY-025/evidence/FINAL_R4_SCENE_E/0101-SNAPSHOT_PHANTOMS.xml	26378	5f18ccc437b962b1a983b601335d8df659783092a55c7e986ed354b7843124d1	False
L2J_Mobius_CT_2.6_HighFive/docs/phantoms/tasks/PHANTOM-M1-CHECKPOINT-RECOVERY-025/evidence/FINAL_R4_SCENE_E/0102-SNAPSHOT_PHANTOMS.json	27749	c1dc8de7799d3453a95ed559533f3cd1ec592b7fbf7b75633370a42aec95c584	False
L2J_Mobius_CT_2.6_HighFive/docs/phantoms/tasks/PHANTOM-M1-CHECKPOINT-RECOVERY-025/evidence/FINAL_R4_SCENE_E/0102-SNAPSHOT_PHANTOMS.xml	26375	f56f4a26a25f7b2e7aec89b9b5e578ac568177a122e127a3f17205827f4a1864	False
L2J_Mobius_CT_2.6_HighFive/docs/phantoms/tasks/PHANTOM-M1-CHECKPOINT-RECOVERY-025/evidence/FINAL_R4_SCENE_E/0103-SNAPSHOT_PHANTOMS.json	27749	596557889e12f9b323b87ca2e6897690640c022505fdfd7712518adeaee1720a	False
L2J_Mobius_CT_2.6_HighFive/docs/phantoms/tasks/PHANTOM-M1-CHECKPOINT-RECOVERY-025/evidence/FINAL_R4_SCENE_E/0103-SNAPSHOT_PHANTOMS.xml	26375	e1afdfd4d8f912078c9055a3883b6538fdcbce3a55a7f6b0aa2cf692d589a87a	False
L2J_Mobius_CT_2.6_HighFive/docs/phantoms/tasks/PHANTOM-M1-CHECKPOINT-RECOVERY-025/evidence/FINAL_R4_SCENE_E/0104-SNAPSHOT_PHANTOMS.json	27749	201af54df91eea09df2363f5a0375b3dc2955a8f964fea97ec0a869176eb9e85	False
L2J_Mobius_CT_2.6_HighFive/docs/phantoms/tasks/PHANTOM-M1-CHECKPOINT-RECOVERY-025/evidence/FINAL_R4_SCENE_E/0104-SNAPSHOT_PHANTOMS.xml	26375	b3356179a4da0c5ffabc37fcc0bc0cb9f9c1ba1fb338774654ce40b510d95498	False
L2J_Mobius_CT_2.6_HighFive/docs/phantoms/tasks/PHANTOM-M1-CHECKPOINT-RECOVERY-025/evidence/FINAL_R4_SCENE_E/0105-SNAPSHOT_PHANTOMS.json	27752	52917c12428c4290a2fcec2e29468ba68d5c45af61c4418fa5de51f4f3d4c1fa	False
L2J_Mobius_CT_2.6_HighFive/docs/phantoms/tasks/PHANTOM-M1-CHECKPOINT-RECOVERY-025/evidence/FINAL_R4_SCENE_E/0105-SNAPSHOT_PHANTOMS.xml	26378	b45e4ea1b425ae054febd9c25443b2d65caa04332393baa665ec9a4f1e135f00	False
L2J_Mobius_CT_2.6_HighFive/docs/phantoms/tasks/PHANTOM-M1-CHECKPOINT-RECOVERY-025/evidence/FINAL_R4_SCENE_E/0106-SNAPSHOT_PHANTOMS.json	27752	8fb6a559da883cd3ef15eb14e40437bd7ee23a460f4f4c223e94d481c2083ff2	False
L2J_Mobius_CT_2.6_HighFive/docs/phantoms/tasks/PHANTOM-M1-CHECKPOINT-RECOVERY-025/evidence/FINAL_R4_SCENE_E/0106-SNAPSHOT_PHANTOMS.xml	26378	3cc0f86af1b630943d07fa54dd151aed28724aadf9bfd2f3262c83f09e3d438c	False
L2J_Mobius_CT_2.6_HighFive/docs/phantoms/tasks/PHANTOM-M1-CHECKPOINT-RECOVERY-025/evidence/FINAL_R4_SCENE_E/0107-SNAPSHOT_PHANTOMS.json	27752	9443db3c686eed8042be734b5496c3a86f0c744d2bf5be45f13ac062df18ec90	False
L2J_Mobius_CT_2.6_HighFive/docs/phantoms/tasks/PHANTOM-M1-CHECKPOINT-RECOVERY-025/evidence/FINAL_R4_SCENE_E/0107-SNAPSHOT_PHANTOMS.xml	26378	a50634afe383e6a5698087723017689131c0cc36a9c17f40d34becec3ec2651f	False
L2J_Mobius_CT_2.6_HighFive/docs/phantoms/tasks/PHANTOM-M1-CHECKPOINT-RECOVERY-025/evidence/FINAL_R4_SCENE_E/0108-SNAPSHOT_PHANTOMS.json	27752	db448ae8a8be3ae8d83e319d38bcc82b8b054a7c34f22f1ed8ddb77426a036c8	False
L2J_Mobius_CT_2.6_HighFive/docs/phantoms/tasks/PHANTOM-M1-CHECKPOINT-RECOVERY-025/evidence/FINAL_R4_SCENE_E/0108-SNAPSHOT_PHANTOMS.xml	26378	cf77cef187f90f7ae30be7bd3364fcc3b0499d2068897ddb6348b5d4238f0ac5	False
L2J_Mobius_CT_2.6_HighFive/docs/phantoms/tasks/PHANTOM-M1-CHECKPOINT-RECOVERY-025/evidence/FINAL_R4_SCENE_E/0109-SNAPSHOT_PHANTOMS.json	27749	0f2443c0814e3089ebd15fe30f1d6346ca89cf6c4ab135a616f84220f31b2ffe	False
L2J_Mobius_CT_2.6_HighFive/docs/phantoms/tasks/PHANTOM-M1-CHECKPOINT-RECOVERY-025/evidence/FINAL_R4_SCENE_E/0109-SNAPSHOT_PHANTOMS.xml	26375	f82fd54f1c787513be50e7f0ad8325f0c6ad37848206bc2abeb05e6e364fa05b	False
L2J_Mobius_CT_2.6_HighFive/docs/phantoms/tasks/PHANTOM-M1-CHECKPOINT-RECOVERY-025/evidence/FINAL_R4_SCENE_E/0110-SNAPSHOT_PHANTOMS.json	27752	40c038d9e6ba2b507fd902a14bd6fe994f0699008500395f4d25713a66cc73b2	False
L2J_Mobius_CT_2.6_HighFive/docs/phantoms/tasks/PHANTOM-M1-CHECKPOINT-RECOVERY-025/evidence/FINAL_R4_SCENE_E/0110-SNAPSHOT_PHANTOMS.xml	26378	eb8dcc19160b01247d35f5f65c2d689f03e63bf539dc5f2ebc8747e8590d2ee9	False
L2J_Mobius_CT_2.6_HighFive/docs/phantoms/tasks/PHANTOM-M1-CHECKPOINT-RECOVERY-025/evidence/FINAL_R4_SCENE_E/0111-SNAPSHOT_PHANTOMS.json	27752	37d9686687e6560fd7da9ff8b27d41c8fa8fbc2b417764196fb9bb917d1342ad	False
L2J_Mobius_CT_2.6_HighFive/docs/phantoms/tasks/PHANTOM-M1-CHECKPOINT-RECOVERY-025/evidence/FINAL_R4_SCENE_E/0111-SNAPSHOT_PHANTOMS.xml	26378	d201026e3b42ff588ab3ad77b80726e2935dc58c335af123e75fefcef6a63738	False
L2J_Mobius_CT_2.6_HighFive/docs/phantoms/tasks/PHANTOM-M1-CHECKPOINT-RECOVERY-025/evidence/FINAL_R4_SCENE_E/0112-SNAPSHOT_PHANTOMS.json	27752	6937b2bcee0e9558417edcc49de307734a6f11c4e76f7bbd7d0e265579338ca2	False
L2J_Mobius_CT_2.6_HighFive/docs/phantoms/tasks/PHANTOM-M1-CHECKPOINT-RECOVERY-025/evidence/FINAL_R4_SCENE_E/0112-SNAPSHOT_PHANTOMS.xml	26378	2eea968cc94da5916339ff6d23de00775df9434fcecd27b9cc6ebfc3930338cd	False
L2J_Mobius_CT_2.6_HighFive/docs/phantoms/tasks/PHANTOM-M1-CHECKPOINT-RECOVERY-025/evidence/FINAL_R4_SCENE_E/0113-SNAPSHOT_PHANTOMS.json	27752	3603d569487661a938bc1fa8a9ea51111d2f44608430e4cc6259cd9f41c16ca5	False
L2J_Mobius_CT_2.6_HighFive/docs/phantoms/tasks/PHANTOM-M1-CHECKPOINT-RECOVERY-025/evidence/FINAL_R4_SCENE_E/0113-SNAPSHOT_PHANTOMS.xml	26378	032152a4b63d3a9a38120e9cbeb3b90cc64274e09f96ce954f463bf4df4bd3b3	False
L2J_Mobius_CT_2.6_HighFive/docs/phantoms/tasks/PHANTOM-M1-CHECKPOINT-RECOVERY-025/evidence/FINAL_R4_SCENE_E/0114-SNAPSHOT_PHANTOMS.json	27752	593321ac0d653d03e7b8702e20145952ebfbb0e7ad192ebcf53807dbba4f4f19	False
L2J_Mobius_CT_2.6_HighFive/docs/phantoms/tasks/PHANTOM-M1-CHECKPOINT-RECOVERY-025/evidence/FINAL_R4_SCENE_E/0114-SNAPSHOT_PHANTOMS.xml	26378	66a54f5df5ea65361d15ecc4f54b9e09693a608351cb4517b96967da840d26e5	False
L2J_Mobius_CT_2.6_HighFive/docs/phantoms/tasks/PHANTOM-M1-CHECKPOINT-RECOVERY-025/evidence/FINAL_R4_SCENE_E/0115-SNAPSHOT_PHANTOMS.json	27749	8dd3ff9f3665a147799e1f484288324908627e95745d4259dc767113ebaab8a0	False
L2J_Mobius_CT_2.6_HighFive/docs/phantoms/tasks/PHANTOM-M1-CHECKPOINT-RECOVERY-025/evidence/FINAL_R4_SCENE_E/0115-SNAPSHOT_PHANTOMS.xml	26375	e2af7cea84c42ab309d69711d322333517c28c4b46859ab517cfdc56ffb31dcc	False
L2J_Mobius_CT_2.6_HighFive/docs/phantoms/tasks/PHANTOM-M1-CHECKPOINT-RECOVERY-025/evidence/FINAL_R4_SCENE_E/0116-SNAPSHOT_PHANTOMS.json	27752	66db7c38bc65a11693b1bde92edc9556fa2999082e313718e72cea66d5270bb9	False
L2J_Mobius_CT_2.6_HighFive/docs/phantoms/tasks/PHANTOM-M1-CHECKPOINT-RECOVERY-025/evidence/FINAL_R4_SCENE_E/0116-SNAPSHOT_PHANTOMS.xml	26378	a7cc19790017b54d82af6855657b9d0531a738a4df34140a7db5c0b1fb80ce4f	False
L2J_Mobius_CT_2.6_HighFive/docs/phantoms/tasks/PHANTOM-M1-CHECKPOINT-RECOVERY-025/evidence/FINAL_R4_SCENE_E/0117-SNAPSHOT_PHANTOMS.json	27749	940c788a90feb1bf7d021b4bef85c0236ba2fd0d5c1471189427338a7013b4e8	False
L2J_Mobius_CT_2.6_HighFive/docs/phantoms/tasks/PHANTOM-M1-CHECKPOINT-RECOVERY-025/evidence/FINAL_R4_SCENE_E/0117-SNAPSHOT_PHANTOMS.xml	26375	906b0c1fe13053eedfe136f6ad54319d619eea9b7e0f6cbcd28783244e4f3575	False
L2J_Mobius_CT_2.6_HighFive/docs/phantoms/tasks/PHANTOM-M1-CHECKPOINT-RECOVERY-025/evidence/FINAL_R4_SCENE_E/0118-SNAPSHOT_PHANTOMS.json	27752	cc49814a25eeb8718b6c8f70e15be46904119212219899fc4a462cebe59c9139	False
L2J_Mobius_CT_2.6_HighFive/docs/phantoms/tasks/PHANTOM-M1-CHECKPOINT-RECOVERY-025/evidence/FINAL_R4_SCENE_E/0118-SNAPSHOT_PHANTOMS.xml	26378	c7f64e2b1aab60af388dc4b996ee1600a833e4cc1d1137f749758730cf9ea1c8	False
L2J_Mobius_CT_2.6_HighFive/docs/phantoms/tasks/PHANTOM-M1-CHECKPOINT-RECOVERY-025/evidence/FINAL_R4_SCENE_E/0119-SNAPSHOT_PHANTOMS.json	27752	c7acb1700cde2ea11733de623d8092a6a7e525803e015dfa54c2e54fbdab7846	False
L2J_Mobius_CT_2.6_HighFive/docs/phantoms/tasks/PHANTOM-M1-CHECKPOINT-RECOVERY-025/evidence/FINAL_R4_SCENE_E/0119-SNAPSHOT_PHANTOMS.xml	26378	668865b09a7fe1ee2e89039a5a417ff0f414e520ccee8669512587f877455269	False
L2J_Mobius_CT_2.6_HighFive/docs/phantoms/tasks/PHANTOM-M1-CHECKPOINT-RECOVERY-025/evidence/FINAL_R4_SCENE_E/0120-SNAPSHOT_PHANTOMS.json	32557	20d122f71bcf5741e5caf772f518d6ee8cf5e2fb49583f69dbfc18b16526b8dc	False
L2J_Mobius_CT_2.6_HighFive/docs/phantoms/tasks/PHANTOM-M1-CHECKPOINT-RECOVERY-025/evidence/FINAL_R4_SCENE_E/0120-SNAPSHOT_PHANTOMS.xml	30911	3c4f58829a0879b845fe2d0749556540bf9da34b522faabd08112c366e1893ae	False
L2J_Mobius_CT_2.6_HighFive/docs/phantoms/tasks/PHANTOM-M1-CHECKPOINT-RECOVERY-025/evidence/FINAL_R4_SCENE_E/0121-SNAPSHOT_PHANTOMS.json	32879	7215b28735b5a5777c9384e3830a79084437bfc543db892027b52c13138c3eab	False
L2J_Mobius_CT_2.6_HighFive/docs/phantoms/tasks/PHANTOM-M1-CHECKPOINT-RECOVERY-025/evidence/FINAL_R4_SCENE_E/0121-SNAPSHOT_PHANTOMS.xml	31233	04ea1e0f67f9d5e4ab647f738ed3134a23bc4cd02ca0c4437501cf3da3b38c93	False
L2J_Mobius_CT_2.6_HighFive/docs/phantoms/tasks/PHANTOM-M1-CHECKPOINT-RECOVERY-025/evidence/FINAL_R4_SCENE_E/0122-SNAPSHOT_PHANTOMS.json	32916	fc10b7f0e886821f2981500336eda552fc366205f8f01101e28bc4314f5e46f6	False
L2J_Mobius_CT_2.6_HighFive/docs/phantoms/tasks/PHANTOM-M1-CHECKPOINT-RECOVERY-025/evidence/FINAL_R4_SCENE_E/0122-SNAPSHOT_PHANTOMS.xml	31270	1c5bf52bddcbd120823fc3c55391283b2083ddb7f6e32c6abf2fa8d59f3b53fd	False
L2J_Mobius_CT_2.6_HighFive/docs/phantoms/tasks/PHANTOM-M1-CHECKPOINT-RECOVERY-025/evidence/FINAL_R4_SCENE_E/0123-SNAPSHOT_PHANTOMS.json	32938	79d986beff17db938426eb189874bb342c8a7764c024874112e41784b49fe57b	False
L2J_Mobius_CT_2.6_HighFive/docs/phantoms/tasks/PHANTOM-M1-CHECKPOINT-RECOVERY-025/evidence/FINAL_R4_SCENE_E/0123-SNAPSHOT_PHANTOMS.xml	31292	a41583f54d2ebd7e5c190dc80bfa2a765a25e08643bc3bfd34bf5bf3f2047bea	False
L2J_Mobius_CT_2.6_HighFive/docs/phantoms/tasks/PHANTOM-M1-CHECKPOINT-RECOVERY-025/evidence/FINAL_R4_SCENE_E/0124-SNAPSHOT_PHANTOMS.json	32941	0988eadbad91f48bc6770fff7d2c2fd1387f71dcc8b6f22548355d996c97c082	False
L2J_Mobius_CT_2.6_HighFive/docs/phantoms/tasks/PHANTOM-M1-CHECKPOINT-RECOVERY-025/evidence/FINAL_R4_SCENE_E/0124-SNAPSHOT_PHANTOMS.xml	31295	162789d3acc86c0f10b52559808333fd088b4587f9c7a1b259dc93fc92cb9029	False
L2J_Mobius_CT_2.6_HighFive/docs/phantoms/tasks/PHANTOM-M1-CHECKPOINT-RECOVERY-025/evidence/FINAL_R4_SCENE_E/all-samples.json	3170929	c75e83971dfbcd37b672a6a83c215a0efdef3dbf9395c1c8098ca519d770351c	False
L2J_Mobius_CT_2.6_HighFive/docs/phantoms/tasks/PHANTOM-M1-CHECKPOINT-RECOVERY-025/evidence/FINAL_R4_SCENE_E/baseline-cohort.json	32826	7298ade3b010d6fff1c94b414bc10f3f43726f443d03db4d69d0f1d9c6a99c34	False
L2J_Mobius_CT_2.6_HighFive/docs/phantoms/tasks/PHANTOM-M1-CHECKPOINT-RECOVERY-025/evidence/FINAL_R4_SCENE_E/baseline-inventory.tsv	6867	3d85170856e333585a7a99630dee0dc99d4fcce65716a162565ebb2d5f4209c5	False
L2J_Mobius_CT_2.6_HighFive/docs/phantoms/tasks/PHANTOM-M1-CHECKPOINT-RECOVERY-025/evidence/FINAL_R4_SCENE_E/cohort-002.json	42001	59d4cc0278ec07dc12d70d5897a226f50802d4a3ef2e168213fc3abea70782b7	False
L2J_Mobius_CT_2.6_HighFive/docs/phantoms/tasks/PHANTOM-M1-CHECKPOINT-RECOVERY-025/evidence/FINAL_R4_SCENE_E/cohort-003.json	41922	ebe0fdb9d9cec4f723ec8b00109da58fb94de45144a9e93a4e5acdc078c0288c	False
L2J_Mobius_CT_2.6_HighFive/docs/phantoms/tasks/PHANTOM-M1-CHECKPOINT-RECOVERY-025/evidence/FINAL_R4_SCENE_E/cohort-004.json	40312	e966511dca4d2d216c98b51e7ccd8cc46e70b53bfb4795c7e59da711978534ad	False
L2J_Mobius_CT_2.6_HighFive/docs/phantoms/tasks/PHANTOM-M1-CHECKPOINT-RECOVERY-025/evidence/FINAL_R4_SCENE_E/cohort-005.json	39846	e8e6d68c804ffb1c5948d9e857c6e9c3d3604fbaeeeb5ef4799dd8f4795cf23c	False
L2J_Mobius_CT_2.6_HighFive/docs/phantoms/tasks/PHANTOM-M1-CHECKPOINT-RECOVERY-025/evidence/FINAL_R4_SCENE_E/cohort-006.json	39864	6e71231a75ce8b9704eeaf1e217668c33c5122e09b6ca5b7d93a8facbfc0155d	False
L2J_Mobius_CT_2.6_HighFive/docs/phantoms/tasks/PHANTOM-M1-CHECKPOINT-RECOVERY-025/evidence/FINAL_R4_SCENE_E/cohort-007.json	39620	4da9c1135e98f6fae84ddfdeb1f4beed3a49e8f350becacf26e3432348b1be66	False
L2J_Mobius_CT_2.6_HighFive/docs/phantoms/tasks/PHANTOM-M1-CHECKPOINT-RECOVERY-025/evidence/FINAL_R4_SCENE_E/cohort-008.json	40356	eaa6031f669fdf2e1baa407c3b0c3d9791451dc2807fc6a3336540315077f5c4	False
L2J_Mobius_CT_2.6_HighFive/docs/phantoms/tasks/PHANTOM-M1-CHECKPOINT-RECOVERY-025/evidence/FINAL_R4_SCENE_E/cohort-009.json	40814	b6b9ffdd965b274b41248ca024ed932dec5c2393736827fd15b095196a73c3c5	False
L2J_Mobius_CT_2.6_HighFive/docs/phantoms/tasks/PHANTOM-M1-CHECKPOINT-RECOVERY-025/evidence/FINAL_R4_SCENE_E/cohort-010.json	41976	e6d6743743e5f71f3168fdc1749af329e2849b83cb284270b691b15f0e15b880	False
L2J_Mobius_CT_2.6_HighFive/docs/phantoms/tasks/PHANTOM-M1-CHECKPOINT-RECOVERY-025/evidence/FINAL_R4_SCENE_E/cohort-011.json	41769	957b022219c24839394c27b4e6ab6441916b0aedac52f3cf390b417a54097536	False
L2J_Mobius_CT_2.6_HighFive/docs/phantoms/tasks/PHANTOM-M1-CHECKPOINT-RECOVERY-025/evidence/FINAL_R4_SCENE_E/cohort-012.json	40922	2489453a851190f781be3536d9d76b0a5463abb7928c3c11bf73aadbea759ced	False
L2J_Mobius_CT_2.6_HighFive/docs/phantoms/tasks/PHANTOM-M1-CHECKPOINT-RECOVERY-025/evidence/FINAL_R4_SCENE_E/cohort-013.json	40329	0ea61852a7dcaf1df8d002c30938c94128861c89d6251db751bf9f01cc8dc827	False
L2J_Mobius_CT_2.6_HighFive/docs/phantoms/tasks/PHANTOM-M1-CHECKPOINT-RECOVERY-025/evidence/FINAL_R4_SCENE_E/cohort-014.json	40354	fe01e1b89af080c4214f135444db8a2de24d251395740d6fc7825d2b695b94e0	False
L2J_Mobius_CT_2.6_HighFive/docs/phantoms/tasks/PHANTOM-M1-CHECKPOINT-RECOVERY-025/evidence/FINAL_R4_SCENE_E/cohort-015.json	40850	a2e02b808e912f8c7abee6eb85159f20ee4c5ff46ecff1a493eb83f8b19dd10d	False
L2J_Mobius_CT_2.6_HighFive/docs/phantoms/tasks/PHANTOM-M1-CHECKPOINT-RECOVERY-025/evidence/FINAL_R4_SCENE_E/cohort-016.json	40937	41b95aa4b5b9ea602cf7a0e6ba0e341ca663671d9195800f4770fe120a3fb58f	False
L2J_Mobius_CT_2.6_HighFive/docs/phantoms/tasks/PHANTOM-M1-CHECKPOINT-RECOVERY-025/evidence/FINAL_R4_SCENE_E/cohort-017.json	41314	ef18d15269dc7d896e7f7646c3682528175a936a001c3465320cf35588e050ac	False
L2J_Mobius_CT_2.6_HighFive/docs/phantoms/tasks/PHANTOM-M1-CHECKPOINT-RECOVERY-025/evidence/FINAL_R4_SCENE_E/cohort-018.json	42039	227f2cb2767da79baaddd788b342f1cc436a99d135a4451c39ebcfd5a3f53ff2	False
L2J_Mobius_CT_2.6_HighFive/docs/phantoms/tasks/PHANTOM-M1-CHECKPOINT-RECOVERY-025/evidence/FINAL_R4_SCENE_E/cohort-019.json	41758	9a5e2850beabf4d4816ec1f13ba8fba31d94c91299409cd6847914ec49503c09	False
L2J_Mobius_CT_2.6_HighFive/docs/phantoms/tasks/PHANTOM-M1-CHECKPOINT-RECOVERY-025/evidence/FINAL_R4_SCENE_E/cohort-020.json	40322	bf2cb3c0d69f7b614bf954909366ab331960555d251ebd64ed658caf6cad05ea	False
L2J_Mobius_CT_2.6_HighFive/docs/phantoms/tasks/PHANTOM-M1-CHECKPOINT-RECOVERY-025/evidence/FINAL_R4_SCENE_E/cohort-021.json	40355	1f0f40001bd02fe288522dad9bc224a4612256777c29122b18aa57ffa64b5b53	False
L2J_Mobius_CT_2.6_HighFive/docs/phantoms/tasks/PHANTOM-M1-CHECKPOINT-RECOVERY-025/evidence/FINAL_R4_SCENE_E/cohort-022.json	40798	75c3a746d29caa9097ebe42c0e5472de6c0bf190ce2907cf66d2812e99105b53	False
L2J_Mobius_CT_2.6_HighFive/docs/phantoms/tasks/PHANTOM-M1-CHECKPOINT-RECOVERY-025/evidence/FINAL_R4_SCENE_E/cohort-023.json	29915	f3c455ca02aa60ec395c540e7875a6f8d047001f0df101945bbea2bcb4d060df	False
L2J_Mobius_CT_2.6_HighFive/docs/phantoms/tasks/PHANTOM-M1-CHECKPOINT-RECOVERY-025/evidence/FINAL_R4_SCENE_E/cohort-024.json	40101	64bdfca2fcd36954b9d82d6a85b0b51694299139fc9a93a40a6a3c866e5054ac	False
L2J_Mobius_CT_2.6_HighFive/docs/phantoms/tasks/PHANTOM-M1-CHECKPOINT-RECOVERY-025/evidence/FINAL_R4_SCENE_E/cohort-025.json	41837	ee44a6df7245cdcf05926688d8a330be96a684aea891f3c465e3428ab5eee298	False
L2J_Mobius_CT_2.6_HighFive/docs/phantoms/tasks/PHANTOM-M1-CHECKPOINT-RECOVERY-025/evidence/FINAL_R4_SCENE_E/cohort-026.json	42148	b34816aecac5292860584cf753d0d53a6e0c81ca77136a998745fc2aa91a9bc0	False
L2J_Mobius_CT_2.6_HighFive/docs/phantoms/tasks/PHANTOM-M1-CHECKPOINT-RECOVERY-025/evidence/FINAL_R4_SCENE_E/cohort-027.json	41995	ac4d17a5a2ae3481404a064bf16f42efb039872a4c44945f12a7d26ca293d97e	False
L2J_Mobius_CT_2.6_HighFive/docs/phantoms/tasks/PHANTOM-M1-CHECKPOINT-RECOVERY-025/evidence/FINAL_R4_SCENE_E/cohort-028.json	42461	5887ed0062b7468d2795c2041f2910dbf65df0b3491e37c8ef0655bc32503b0e	False
L2J_Mobius_CT_2.6_HighFive/docs/phantoms/tasks/PHANTOM-M1-CHECKPOINT-RECOVERY-025/evidence/FINAL_R4_SCENE_E/cohort-029.json	42407	7ea0c98f4cbefc12f77b87c261f3e0279a39b185e438c92104728473a71d8a3b	False
L2J_Mobius_CT_2.6_HighFive/docs/phantoms/tasks/PHANTOM-M1-CHECKPOINT-RECOVERY-025/evidence/FINAL_R4_SCENE_E/cohort-030.json	42360	612f4029a971be284215ce878e201f9dde2c5c7292e5c976658017d1d20fc29a	False
L2J_Mobius_CT_2.6_HighFive/docs/phantoms/tasks/PHANTOM-M1-CHECKPOINT-RECOVERY-025/evidence/FINAL_R4_SCENE_E/cohort-031.json	43293	7f47565bdeced897dca23a036981fabb3d51702b3f6569bac02b650d2071673f	False
L2J_Mobius_CT_2.6_HighFive/docs/phantoms/tasks/PHANTOM-M1-CHECKPOINT-RECOVERY-025/evidence/FINAL_R4_SCENE_E/cohort-032.json	43162	c19f6d1fc7c075d6d42dc7d57a69812443bcc8ffedc05ffc20d6f2dbe761029f	False
L2J_Mobius_CT_2.6_HighFive/docs/phantoms/tasks/PHANTOM-M1-CHECKPOINT-RECOVERY-025/evidence/FINAL_R4_SCENE_E/cohort-033.json	42607	606ec106d83a2ea2eef2515aeee42debebba6e40d90036f527a0729bc742c6b9	False
L2J_Mobius_CT_2.6_HighFive/docs/phantoms/tasks/PHANTOM-M1-CHECKPOINT-RECOVERY-025/evidence/FINAL_R4_SCENE_E/cohort-034.json	42445	54b67df6ced59ff10c29112d079b53ba27cb5805d63c0835eed6f9fd4f4c59f7	False
L2J_Mobius_CT_2.6_HighFive/docs/phantoms/tasks/PHANTOM-M1-CHECKPOINT-RECOVERY-025/evidence/FINAL_R4_SCENE_E/cohort-035.json	42459	37bec3b790d2e7dd82702e4c9ad688610187b3d008984294e11445a00b03608e	False
L2J_Mobius_CT_2.6_HighFive/docs/phantoms/tasks/PHANTOM-M1-CHECKPOINT-RECOVERY-025/evidence/FINAL_R4_SCENE_E/cohort-036.json	42472	e8d36a4fd48e7f26cb8aee1663459d6819fa134be078949bb972316453d773bd	False
L2J_Mobius_CT_2.6_HighFive/docs/phantoms/tasks/PHANTOM-M1-CHECKPOINT-RECOVERY-025/evidence/FINAL_R4_SCENE_E/cohort-037.json	37010	80d2e630c18cc925ee9d7dcd3e17beaa266f635fb268224d9e5a22630429553c	False
L2J_Mobius_CT_2.6_HighFive/docs/phantoms/tasks/PHANTOM-M1-CHECKPOINT-RECOVERY-025/evidence/FINAL_R4_SCENE_E/cohort-038.json	36902	e3c94dea32b6acb7800e73ae0cec80d91028dfd45036375143ee5eb90bb09adf	False
L2J_Mobius_CT_2.6_HighFive/docs/phantoms/tasks/PHANTOM-M1-CHECKPOINT-RECOVERY-025/evidence/FINAL_R4_SCENE_E/cohort-039.json	36904	19b3f6e1ec44ea5c65abb4633df42e100c8dfa7f41cbc3ebe0be65ab0eefc29f	False
L2J_Mobius_CT_2.6_HighFive/docs/phantoms/tasks/PHANTOM-M1-CHECKPOINT-RECOVERY-025/evidence/FINAL_R4_SCENE_E/cohort-040.json	37096	e6d2c7833ef7e18bcf2d92a6e413eb04863bc43e34cd154e50197fccec219faf	False
L2J_Mobius_CT_2.6_HighFive/docs/phantoms/tasks/PHANTOM-M1-CHECKPOINT-RECOVERY-025/evidence/FINAL_R4_SCENE_E/cohort-041.json	36989	1d32c2b36da28580a8cc63b0da32363017e6c969fbe75fdd4f072342695394e5	False
L2J_Mobius_CT_2.6_HighFive/docs/phantoms/tasks/PHANTOM-M1-CHECKPOINT-RECOVERY-025/evidence/FINAL_R4_SCENE_E/cohort-042.json	36627	129259a3399306cc2c9e25078357bae578d1e9e4c7f7ef2bf08719bc3163f90d	False
L2J_Mobius_CT_2.6_HighFive/docs/phantoms/tasks/PHANTOM-M1-CHECKPOINT-RECOVERY-025/evidence/FINAL_R4_SCENE_E/cohort-043.json	36672	f94011ef29e62aa3b5098021df54ad6fc533d850d46961de3306abf2e1922492	False
L2J_Mobius_CT_2.6_HighFive/docs/phantoms/tasks/PHANTOM-M1-CHECKPOINT-RECOVERY-025/evidence/FINAL_R4_SCENE_E/cohort-044.json	37495	1f4d48d70e248e0639399c0df59b79799a7d766adfe75332c6020fd17d7d694f	False
L2J_Mobius_CT_2.6_HighFive/docs/phantoms/tasks/PHANTOM-M1-CHECKPOINT-RECOVERY-025/evidence/FINAL_R4_SCENE_E/cohort-045.json	37346	baf08ce7251eeae9811505de79b937f08731975515de2d69f85e6aebf1575bbd	False
L2J_Mobius_CT_2.6_HighFive/docs/phantoms/tasks/PHANTOM-M1-CHECKPOINT-RECOVERY-025/evidence/FINAL_R4_SCENE_E/cohort-046.json	37019	d10f0975800a622425bded440112e6511d43443d5f25c43b2041d123a45fdba9	False
L2J_Mobius_CT_2.6_HighFive/docs/phantoms/tasks/PHANTOM-M1-CHECKPOINT-RECOVERY-025/evidence/FINAL_R4_SCENE_E/cohort-047.json	37019	59cf024a7e46e246495b04f8ea2eb21ba9bd57509b451c27066f3c48703ef057	False
L2J_Mobius_CT_2.6_HighFive/docs/phantoms/tasks/PHANTOM-M1-CHECKPOINT-RECOVERY-025/evidence/FINAL_R4_SCENE_E/cohort-048.json	37173	302107ee33e6e60d8c2e9b5cb9dcb71b1c462112f23202b9baaffa0fb204157a	False
L2J_Mobius_CT_2.6_HighFive/docs/phantoms/tasks/PHANTOM-M1-CHECKPOINT-RECOVERY-025/evidence/FINAL_R4_SCENE_E/cohort-049.json	37043	f18b38ce594a2bdc9b7de67cb817d6c0ae14a93155ad4e83cc3c3148ed2f48b4	False
L2J_Mobius_CT_2.6_HighFive/docs/phantoms/tasks/PHANTOM-M1-CHECKPOINT-RECOVERY-025/evidence/FINAL_R4_SCENE_E/cohort-050.json	36994	49bcdc616c6f7d95f84aa28226f59ce945b6d68cff85a742dcd454c3cc0c421e	False
L2J_Mobius_CT_2.6_HighFive/docs/phantoms/tasks/PHANTOM-M1-CHECKPOINT-RECOVERY-025/evidence/FINAL_R4_SCENE_E/cohort-051.json	32089	a374005e16ed849537dd17570b86407d606d70fe329a0df1fcf53f6770336305	False
L2J_Mobius_CT_2.6_HighFive/docs/phantoms/tasks/PHANTOM-M1-CHECKPOINT-RECOVERY-025/evidence/FINAL_R4_SCENE_E/cohort-052.json	27129	b9448a6e985bc44a0a05ac9402220773f762f365616ce27bae7794ec8b54a91d	False
L2J_Mobius_CT_2.6_HighFive/docs/phantoms/tasks/PHANTOM-M1-CHECKPOINT-RECOVERY-025/evidence/FINAL_R4_SCENE_E/cohort-053.json	27077	4676220dc5daf3758c2795f525cd9d219492c8adc86216c92276add920e82111	False
L2J_Mobius_CT_2.6_HighFive/docs/phantoms/tasks/PHANTOM-M1-CHECKPOINT-RECOVERY-025/evidence/FINAL_R4_SCENE_E/cohort-054.json	27122	6309dd5f65454b25e8c1cd4a144facc39568c9dda01ea7680e38a10f852efa11	False
L2J_Mobius_CT_2.6_HighFive/docs/phantoms/tasks/PHANTOM-M1-CHECKPOINT-RECOVERY-025/evidence/FINAL_R4_SCENE_E/cohort-055.json	27127	b05b7f0304d0d15492e96d17c930fa772b7d99f13a1ad8dfbbff9b6a37698e64	False
L2J_Mobius_CT_2.6_HighFive/docs/phantoms/tasks/PHANTOM-M1-CHECKPOINT-RECOVERY-025/evidence/FINAL_R4_SCENE_E/cohort-056.json	27138	aa4951e0036a5f70f9a2bbab99d0505d2e857d6ddcf7afff5c2113f7764305f9	False
L2J_Mobius_CT_2.6_HighFive/docs/phantoms/tasks/PHANTOM-M1-CHECKPOINT-RECOVERY-025/evidence/FINAL_R4_SCENE_E/cohort-057.json	27133	c89ec58951b8f516fe3148c6c071fcef1e207974a75238784f72c1a6b4c64c4a	False
L2J_Mobius_CT_2.6_HighFive/docs/phantoms/tasks/PHANTOM-M1-CHECKPOINT-RECOVERY-025/evidence/FINAL_R4_SCENE_E/cohort-058.json	26850	4780b909d7f53bc9ebef93784f1c9d8036ed267ebe74fb502cb85c8918de2463	False
L2J_Mobius_CT_2.6_HighFive/docs/phantoms/tasks/PHANTOM-M1-CHECKPOINT-RECOVERY-025/evidence/FINAL_R4_SCENE_E/cohort-059.json	26900	727e90d463402b551ed7f8be20e33e0f63e5176525457f43bee0f47b3f5db2c9	False
L2J_Mobius_CT_2.6_HighFive/docs/phantoms/tasks/PHANTOM-M1-CHECKPOINT-RECOVERY-025/evidence/FINAL_R4_SCENE_E/cohort-060.json	26839	a2de34f46d1f4024304270d733dfe3747e992dddaae712d9068aeb714284f6df	False
L2J_Mobius_CT_2.6_HighFive/docs/phantoms/tasks/PHANTOM-M1-CHECKPOINT-RECOVERY-025/evidence/FINAL_R4_SCENE_E/cohort-061.json	26839	5a5fcac96cdd385684ff0cbfbba3b2c23fabedc820d6b38070f59115f99eb8aa	False
L2J_Mobius_CT_2.6_HighFive/docs/phantoms/tasks/PHANTOM-M1-CHECKPOINT-RECOVERY-025/evidence/FINAL_R4_SCENE_E/cohort-062.json	26827	b985bd7f4d40470b787eca0106cbab2d5d290a4c53d3ad0527a84b6e20b08929	False
L2J_Mobius_CT_2.6_HighFive/docs/phantoms/tasks/PHANTOM-M1-CHECKPOINT-RECOVERY-025/evidence/FINAL_R4_SCENE_E/cohort-063.json	26827	3a0f3823fb2e30a66626e6ffee0e046018651ea8ba9bb824fd25ce4abb547ea3	False
L2J_Mobius_CT_2.6_HighFive/docs/phantoms/tasks/PHANTOM-M1-CHECKPOINT-RECOVERY-025/evidence/FINAL_R4_SCENE_E/cohort-064.json	26827	7310119cd920dee4a29a1df0a3980320efbf9919d7a8a5cbc9df230ec2a63243	False
L2J_Mobius_CT_2.6_HighFive/docs/phantoms/tasks/PHANTOM-M1-CHECKPOINT-RECOVERY-025/evidence/FINAL_R4_SCENE_E/cohort-065.json	26827	49fb2d42b5cff25271f3b3c34ee44e5972b4ef8999e7fc127e2449bbd680ae2f	False
L2J_Mobius_CT_2.6_HighFive/docs/phantoms/tasks/PHANTOM-M1-CHECKPOINT-RECOVERY-025/evidence/FINAL_R4_SCENE_E/cohort-066.json	26827	e3959a1ac70f463649771f9b169bd0efd7a1d924efc598a3556bd31f3690a64e	False
L2J_Mobius_CT_2.6_HighFive/docs/phantoms/tasks/PHANTOM-M1-CHECKPOINT-RECOVERY-025/evidence/FINAL_R4_SCENE_E/cohort-067.json	26825	6fc1ac6b67180d7ca7d9299f6bb4fe91f60b36d34f30b43241ee5080d5619a5d	False
L2J_Mobius_CT_2.6_HighFive/docs/phantoms/tasks/PHANTOM-M1-CHECKPOINT-RECOVERY-025/evidence/FINAL_R4_SCENE_E/cohort-068.json	26827	46dcfd1c18c5c060bf2d44d123a8d170e13a31f88a9cfbd8943568c5e9ca5ed5	False
L2J_Mobius_CT_2.6_HighFive/docs/phantoms/tasks/PHANTOM-M1-CHECKPOINT-RECOVERY-025/evidence/FINAL_R4_SCENE_E/cohort-069.json	26827	e8cea3a767669c3bea72f3c754d785cbad1292dcd6ca734d9de6f3621a1c3091	False
L2J_Mobius_CT_2.6_HighFive/docs/phantoms/tasks/PHANTOM-M1-CHECKPOINT-RECOVERY-025/evidence/FINAL_R4_SCENE_E/cohort-070.json	26827	fa666f2de8a3c7504c7e9f1f2112e16e05ea12e490ec7b6b048395329f729ee9	False
L2J_Mobius_CT_2.6_HighFive/docs/phantoms/tasks/PHANTOM-M1-CHECKPOINT-RECOVERY-025/evidence/FINAL_R4_SCENE_E/cohort-071.json	26827	25940e0c7d479625064f7213fb02f21e5cf84f820c859fd94bdfa0de6fce7933	False
L2J_Mobius_CT_2.6_HighFive/docs/phantoms/tasks/PHANTOM-M1-CHECKPOINT-RECOVERY-025/evidence/FINAL_R4_SCENE_E/cohort-072.json	26827	7626ed9187244a9d2451499be87b078701dc3f4cf3e8f39d5d7abf3c42ae52b4	False
L2J_Mobius_CT_2.6_HighFive/docs/phantoms/tasks/PHANTOM-M1-CHECKPOINT-RECOVERY-025/evidence/FINAL_R4_SCENE_E/cohort-073.json	26827	404b5e6c018d8a57277e9e79269bd8611a5ecd0823c7baa76732b0972547705f	False
L2J_Mobius_CT_2.6_HighFive/docs/phantoms/tasks/PHANTOM-M1-CHECKPOINT-RECOVERY-025/evidence/FINAL_R4_SCENE_E/cohort-074.json	26827	34fb8d228f808fb01c3480e315dc24b29616ff4457602a000aeb0fb50dc600a5	False
L2J_Mobius_CT_2.6_HighFive/docs/phantoms/tasks/PHANTOM-M1-CHECKPOINT-RECOVERY-025/evidence/FINAL_R4_SCENE_E/cohort-075.json	26827	c13450eb5580208a379f5ea121e4f85a18f599d86959d9f766704f20cd211d1d	False
L2J_Mobius_CT_2.6_HighFive/docs/phantoms/tasks/PHANTOM-M1-CHECKPOINT-RECOVERY-025/evidence/FINAL_R4_SCENE_E/cohort-076.json	26827	e001368c3b122b2d01c9668126cad12b76aed0072fb39a350c26a886f05e3117	False
L2J_Mobius_CT_2.6_HighFive/docs/phantoms/tasks/PHANTOM-M1-CHECKPOINT-RECOVERY-025/evidence/FINAL_R4_SCENE_E/cohort-077.json	26827	d64b82a10f73db05c287fc7591b2dd4bd3d953673b519544fba059cd73d95f63	False
L2J_Mobius_CT_2.6_HighFive/docs/phantoms/tasks/PHANTOM-M1-CHECKPOINT-RECOVERY-025/evidence/FINAL_R4_SCENE_E/cohort-078.json	26827	949851cb4516f6a9f0bbcf9bbd1b4fbde7680e4c07e09b83db304d17cb7ee4f3	False
L2J_Mobius_CT_2.6_HighFive/docs/phantoms/tasks/PHANTOM-M1-CHECKPOINT-RECOVERY-025/evidence/FINAL_R4_SCENE_E/cohort-079.json	26827	e60009cb401f9a7ddadc49e5fc4b91e7aa1c937e11e95faf27a923cdd0525ac1	False
L2J_Mobius_CT_2.6_HighFive/docs/phantoms/tasks/PHANTOM-M1-CHECKPOINT-RECOVERY-025/evidence/FINAL_R4_SCENE_E/cohort-080.json	26827	3961df2637ba9f1c8a1c1273b31f9c019cdcbe3f7c1a83cb1c9824eb696080ae	False
L2J_Mobius_CT_2.6_HighFive/docs/phantoms/tasks/PHANTOM-M1-CHECKPOINT-RECOVERY-025/evidence/FINAL_R4_SCENE_E/cohort-081.json	26827	808348807eafdd7004f4b10b05376ad7d506d6bdd4160e4c4374f2a7d0137bef	False
L2J_Mobius_CT_2.6_HighFive/docs/phantoms/tasks/PHANTOM-M1-CHECKPOINT-RECOVERY-025/evidence/FINAL_R4_SCENE_E/cohort-082.json	26827	319e405c383f6a1fc1daded5f41235e712f52b9f3ea7b9f99dd148aed1761f0f	False
L2J_Mobius_CT_2.6_HighFive/docs/phantoms/tasks/PHANTOM-M1-CHECKPOINT-RECOVERY-025/evidence/FINAL_R4_SCENE_E/cohort-083.json	31654	0cbf2694ded17cd7f9d83f2155c20313fa570495dc82acf137404077de732564	False
L2J_Mobius_CT_2.6_HighFive/docs/phantoms/tasks/PHANTOM-M1-CHECKPOINT-RECOVERY-025/evidence/FINAL_R4_SCENE_E/cohort-084.json	32098	3317395de2917f72ad66b66e921d4e431ebf4acbb90c7dac471be027b12d11e3	False
L2J_Mobius_CT_2.6_HighFive/docs/phantoms/tasks/PHANTOM-M1-CHECKPOINT-RECOVERY-025/evidence/FINAL_R4_SCENE_E/cohort-085.json	32143	eceecdf299a229a2680ae0dea4240df3a7c71ad356ffd85aa001454381c7ece7	False
L2J_Mobius_CT_2.6_HighFive/docs/phantoms/tasks/PHANTOM-M1-CHECKPOINT-RECOVERY-025/evidence/FINAL_R4_SCENE_E/cohort-086.json	32157	96246496481783d6e697f89c22257e919186d290a2eca906941aa1ed2f0acc22	False
L2J_Mobius_CT_2.6_HighFive/docs/phantoms/tasks/PHANTOM-M1-CHECKPOINT-RECOVERY-025/evidence/FINAL_R4_SCENE_E/cohort-087.json	32160	457c4ee0cfae72f64a9285ae1aae65afd2f99012b30af946501b13a99d851e77	False
L2J_Mobius_CT_2.6_HighFive/docs/phantoms/tasks/PHANTOM-M1-CHECKPOINT-RECOVERY-025/evidence/FINAL_R4_SCENE_E/cohort-result.json	23637	46edad4ef7baf54744d3d9d9a572c07d612ecbcc8685da504f12ba2304595098	False
L2J_Mobius_CT_2.6_HighFive/docs/phantoms/tasks/PHANTOM-M1-CHECKPOINT-RECOVERY-025/evidence/FINAL_R4_SCENE_E/continuation-correlation.json	1595	be4474ee7032af4d55176a9011dd7a37968db10c733a3f12a5bf0cf96b1e49ef	False
L2J_Mobius_CT_2.6_HighFive/docs/phantoms/tasks/PHANTOM-M1-CHECKPOINT-RECOVERY-025/evidence/FINAL_R4_SCENE_E/final-live-inventory.tsv	7270	df8d564e3e42b41a9845218d6cf3816253af4657d9573699d0c30c0483929385	False
L2J_Mobius_CT_2.6_HighFive/docs/phantoms/tasks/PHANTOM-M1-CHECKPOINT-RECOVERY-025/evidence/FINAL_R4_SCENE_E/heartbeat-control.log	2353	32f76a1359011ca216e35b978e82494b7e2136e5cdc9265bd03786df2d023613	False
L2J_Mobius_CT_2.6_HighFive/docs/phantoms/tasks/PHANTOM-M1-CHECKPOINT-RECOVERY-025/evidence/FINAL_R4_SCENE_E/native-control-transitions.json	35311	d48f943a049f0948dfb509d5e6110dee9c8f26e1c3a5bab641ba400a20617a9d	False
L2J_Mobius_CT_2.6_HighFive/docs/phantoms/tasks/PHANTOM-M1-CHECKPOINT-RECOVERY-025/evidence/FINAL_R4_SCENE_E/primary.json	9241	548ab1c63ccb256e1c43e10d933cb30af335bdbf21bcf3a0259292ff80d5779e	False
L2J_Mobius_CT_2.6_HighFive/docs/phantoms/tasks/PHANTOM-M1-CHECKPOINT-RECOVERY-025/evidence/FINAL_R4_SCENE_E/result.json	273	c4520190b5fca0bfa0cc03a10f3b64ef937116e55f42a9bca97dc848e3998dfc	False
L2J_Mobius_CT_2.6_HighFive/docs/phantoms/tasks/PHANTOM-M1-CHECKPOINT-RECOVERY-025/evidence/FINAL_R4_SCENE_E/run-id.txt	38	62d7649764b66eeb080948c31969a8858220e3e7a06a5e29cbd2bd6421bc812e	False
L2J_Mobius_CT_2.6_HighFive/docs/phantoms/tasks/PHANTOM-M1-CHECKPOINT-RECOVERY-025/evidence/FINAL_R4_SCENE_E/sealed/1159-145304603555800-3711.properties	742	c0e39ee48a8db97d02671c3b65118d245b872826352a985d2ef78807090dfaba	False
L2J_Mobius_CT_2.6_HighFive/docs/phantoms/tasks/PHANTOM-M1-CHECKPOINT-RECOVERY-025/evidence/FINAL_R4_SCENE_E/sealed/1159-145304603555800-3713.properties	741	5f9eef6d74b9104bbc11f63b3fbc85e5d8413441667b481b1fbec9060fb8f1c8	False
L2J_Mobius_CT_2.6_HighFive/docs/phantoms/tasks/PHANTOM-M1-CHECKPOINT-RECOVERY-025/evidence/FINAL_R4_SCENE_E/sealed/1159-145304603555800-3715.properties	715	a82e5e60cefd0d0e271798615c0f3c554c2eb6e9bc1432d5901c7be03d6620fd	False
L2J_Mobius_CT_2.6_HighFive/docs/phantoms/tasks/PHANTOM-M1-CHECKPOINT-RECOVERY-025/evidence/FINAL_R4_SCENE_E/sealed/424-145304005061500-3629.properties	741	0417315a7f260aea360801ac26689c7ed8406a92698b1f4a7ce2ccf9a20e241e	False
L2J_Mobius_CT_2.6_HighFive/docs/phantoms/tasks/PHANTOM-M1-CHECKPOINT-RECOVERY-025/evidence/FINAL_R4_SCENE_E/sealed/424-145304005061500-3631.properties	715	d285c6b209b20abcaf776dbbd3ca177f7c35e995b7d7982525cf41d28b6792a3	False
L2J_Mobius_CT_2.6_HighFive/docs/phantoms/tasks/PHANTOM-M1-CHECKPOINT-RECOVERY-025/evidence/FINAL_R4_SCENE_E/sealed/424-145304005061500-3633.properties	714	effe7324fb9bcc5754f970196feea3681e2de6ba178db37faf679109b279ec16	False
L2J_Mobius_CT_2.6_HighFive/docs/phantoms/tasks/PHANTOM-M1-CHECKPOINT-RECOVERY-025/evidence/FINAL_R4_SCENE_E/sealed/633-145304403522100-11362.properties	751	b5c8e91e3319ebcda8e2b097834a6c1d0bf3bb5f299f24aa86320f063dfd07d7	False
L2J_Mobius_CT_2.6_HighFive/docs/phantoms/tasks/PHANTOM-M1-CHECKPOINT-RECOVERY-025/evidence/FINAL_R4_SCENE_E/sealed/633-145304403522100-11364.properties	744	bda4ac325a691ae78e945b0de2f08b4d481f1c170f43c0b7fdcb1cc0159a5cb1	False
L2J_Mobius_CT_2.6_HighFive/docs/phantoms/tasks/PHANTOM-M1-CHECKPOINT-RECOVERY-025/evidence/FINAL_R4_SCENE_E/sealed/633-145304403522100-11366.properties	732	3483d56446f2b7592be4a89bec778bb26d63549cd82dfab80e0f4134823e45b2	False
L2J_Mobius_CT_2.6_HighFive/docs/phantoms/tasks/PHANTOM-M1-CHECKPOINT-RECOVERY-025/evidence/FINAL_R4_SCENE_E/sealed/633-145304403522100-11368.properties	732	e4ff0fb3927402505f4310ca3c84de78d547c975330eb06d0844e14dd2c9386d	False
L2J_Mobius_CT_2.6_HighFive/docs/phantoms/tasks/PHANTOM-M1-CHECKPOINT-RECOVERY-025/evidence/FINAL_R4_SCENE_E/sealed/633-145304403522100-11370.properties	733	4915f4e1bbaf9c534402d078f0bad033281733d27ae94860965c3648140cfd41	False
L2J_Mobius_CT_2.6_HighFive/docs/phantoms/tasks/PHANTOM-M1-CHECKPOINT-RECOVERY-025/evidence/FINAL_R4_SCENE_E/sealed/633-145304403522100-11372.properties	731	72813bbc844fad3b170747f6bcf78a3a7ea094c3d890bdae74aa2854007aaf79	False
L2J_Mobius_CT_2.6_HighFive/docs/phantoms/tasks/PHANTOM-M1-CHECKPOINT-RECOVERY-025/evidence/FINAL_R4_SCENE_E/sealed/633-145304403522100-11374.properties	719	5c58149cab26056b710b020051866eff3d0c8143652ba5dbf36f4ad753e800cc	False
L2J_Mobius_CT_2.6_HighFive/docs/phantoms/tasks/PHANTOM-M1-CHECKPOINT-RECOVERY-025/evidence/FINAL_R4_SCENE_E/sealed/759-145304103432300-3839.properties	741	b9d1abbb9d0c502c11149a3358adedb5b305db914a3ec6258becb2a6283d96e6	False
L2J_Mobius_CT_2.6_HighFive/docs/phantoms/tasks/PHANTOM-M1-CHECKPOINT-RECOVERY-025/evidence/FINAL_R4_SCENE_E/sealed/759-145304103432300-3841.properties	741	878aa1f69d8947b1112d00ce85d50d6ee4de570cef0b656dba1affd7f56eda7b	False
L2J_Mobius_CT_2.6_HighFive/docs/phantoms/tasks/PHANTOM-M1-CHECKPOINT-RECOVERY-025/evidence/FINAL_R4_SCENE_E/sealed/759-145304103432300-3843.properties	714	e4ea795dd2f50e09de611a688d683796f44ad7b23df9f87a5041e59b729818f7	False
L2J_Mobius_CT_2.6_HighFive/docs/phantoms/tasks/PHANTOM-M1-CHECKPOINT-RECOVERY-025/evidence/FINAL_R4_SCENE_E/sealed/759-145304103432300-3845.properties	715	063869a2740a1af2eabc0e2c18f1ffd29f02b493ce05a2b2f48c765945974f98	False
L2J_Mobius_CT_2.6_HighFive/docs/phantoms/tasks/PHANTOM-M1-CHECKPOINT-RECOVERY-025/evidence/FINAL_R4_SCENE_E/sealed/759-145304103432300-3847.properties	715	9eb1daca146256a7c3bdaea71b7edae1f7d49ecc724c91dfb9c69b6799251c21	False
L2J_Mobius_CT_2.6_HighFive/docs/phantoms/tasks/PHANTOM-M1-CHECKPOINT-RECOVERY-025/evidence/FINAL_R4_SCENE_E/sealed/759-145304103432300-3849.properties	715	a05df410fadae82b90968c626a2b47c8cc860046151a4f8f0eeffe16d3fd0e0b	False
L2J_Mobius_CT_2.6_HighFive/docs/phantoms/tasks/PHANTOM-M1-CHECKPOINT-RECOVERY-025/evidence/FINAL_R4_SCENE_E/sealed/759-145304103432300-3851.properties	728	fe27ef46c9c0a3dc38484834b2b4c9d3a13a53efbd09881592bf1e0b6fd81ab8	False
L2J_Mobius_CT_2.6_HighFive/docs/phantoms/tasks/PHANTOM-M1-CHECKPOINT-RECOVERY-025/evidence/FINAL_R4_SCENE_E/sealed/759-145304103432300-3853.properties	715	bfdce31c6ee1ee0c41548ac27cef93c7a52bb211f03c050e00199c56eaca57e5	False
L2J_Mobius_CT_2.6_HighFive/docs/phantoms/tasks/PHANTOM-M1-CHECKPOINT-RECOVERY-025/evidence/FINAL_R4_SCENE_E/sealed/876-145304506390800-4570.properties	729	ff1800fda1224a6bb039d492f6e35da745f2a0f556d099e1f391d3898250b70b	False
L2J_Mobius_CT_2.6_HighFive/docs/phantoms/tasks/PHANTOM-M1-CHECKPOINT-RECOVERY-025/evidence/FINAL_R4_SCENE_E/sealed/876-145304506390800-4572.properties	729	5507be16cc6f0b12714debc7bf1b4b0e688076082a8b1dcb30b6109d9cd26156	False
L2J_Mobius_CT_2.6_HighFive/docs/phantoms/tasks/PHANTOM-M1-CHECKPOINT-RECOVERY-025/evidence/FINAL_R4_SCENE_E/sealed/876-145304506390800-4574.properties	728	5f70a2f1dc7efd4c1ea7ad2a37d080f29729b8db7b5150a74a4b6e7b592a447c	False
L2J_Mobius_CT_2.6_HighFive/docs/phantoms/tasks/PHANTOM-M1-CHECKPOINT-RECOVERY-025/evidence/FINAL_R4_SCENE_E/sealed/876-145304506390800-4576.properties	716	9259d926fd8dc3b54fe5d3932b6cc690e8c2e9ad4e9006e645e93c0eaf9a06c1	False
L2J_Mobius_CT_2.6_HighFive/docs/phantoms/tasks/PHANTOM-M1-CHECKPOINT-RECOVERY-025/evidence/FINAL_R4_SCENE_E/sealed/924-145304525612700-5518.properties	747	2b1d0a15ab3816921ff621eeae2cc7c69e28e0120c63a98d7bb0b912b99b8bfa	False
L2J_Mobius_CT_2.6_HighFive/docs/phantoms/tasks/PHANTOM-M1-CHECKPOINT-RECOVERY-025/evidence/FINAL_R4_SCENE_E/sealed/924-145304525612700-5520.properties	742	50f2d660163e65260f4d2b9650dda4ebdafb7f96ec9f9b90471a9a48f2c7e1ae	False
L2J_Mobius_CT_2.6_HighFive/docs/phantoms/tasks/PHANTOM-M1-CHECKPOINT-RECOVERY-025/evidence/FINAL_R4_SCENE_E/sealed/924-145304525612700-5522.properties	732	e4bb54893bb0545ba1c2e50aa4e5c8ba7d751d77fb17518c747e3ef4a19712d1	False
L2J_Mobius_CT_2.6_HighFive/docs/phantoms/tasks/PHANTOM-M1-CHECKPOINT-RECOVERY-025/evidence/FINAL_R4_SCENE_E/sealed/924-145304525612700-5524.properties	725	dc994dadccfc34c2a351d9fcfe731e7731c1ad03a7ee3ad6166f6b2035fac3a2	False
L2J_Mobius_CT_2.6_HighFive/docs/phantoms/tasks/PHANTOM-M1-CHECKPOINT-RECOVERY-025/evidence/FINAL_R4_SCENE_E/sealed/924-145304525612700-5526.properties	725	9c6e0dcc9b2fde91e494c8edc2967b8cc5a73bbe4804fa8145a4be23c2034e31	False
L2J_Mobius_CT_2.6_HighFive/docs/phantoms/tasks/PHANTOM-M1-CHECKPOINT-RECOVERY-025/evidence/FINAL_R4_SCENE_E/sealed/924-145304525612700-5528.properties	725	ff1e2d9c5b858717285030e3f185411258654dcb803beab1c091d55964f301a3	False
L2J_Mobius_CT_2.6_HighFive/docs/phantoms/tasks/PHANTOM-M1-CHECKPOINT-RECOVERY-025/evidence/FINAL_R4_SCENE_E/sealed/924-145304525612700-5530.properties	724	7ec59e897b64b09f42bb304f9817849b20e4fd12bd0b58f000e97b123e57133f	False
L2J_Mobius_CT_2.6_HighFive/docs/phantoms/tasks/PHANTOM-M1-CHECKPOINT-RECOVERY-025/evidence/FINAL_R4_SCENE_E/sealed/994-145304544133800-3949.properties	741	dd4fed5bfd4395884792d1590ed319a3874754cef8697237757a6ec6890b105e	False
L2J_Mobius_CT_2.6_HighFive/docs/phantoms/tasks/PHANTOM-M1-CHECKPOINT-RECOVERY-025/evidence/FINAL_R4_SCENE_E/sealed/994-145304544133800-3951.properties	715	65b3a142c29c92fb5da662dc67ebea6b69bb1af064a3869ebd205f1a1bbe236f	False
L2J_Mobius_CT_2.6_HighFive/docs/phantoms/tasks/PHANTOM-M1-CHECKPOINT-RECOVERY-025/evidence/FINAL_R4_SCENE_E/sealed/994-145304544133800-3953.properties	714	09de39598bc6492e90c2a2e03fc7c5f5318f6d39c055f42cb9b5f5fb68986e5f	False
L2J_Mobius_CT_2.6_HighFive/docs/phantoms/tasks/PHANTOM-M1-CHECKPOINT-RECOVERY-025/evidence/FINAL_R4_SCENE_E/sealed/observer-installed.properties	130	f69e7ae9dcddfdf54883168256a412deaa57183c01e5033affb255a5cfe41184	False
L2J_Mobius_CT_2.6_HighFive/docs/phantoms/tasks/PHANTOM-M1-CHECKPOINT-RECOVERY-025/evidence/FINAL_R4_SCENE_E/synthetic-start.json	112	645832901617ade08eb4babd7f5064f6cff5a745cb913e712480fbd4fd58c75f	False
L2J_Mobius_CT_2.6_HighFive/docs/phantoms/tasks/PHANTOM-M1-CHECKPOINT-RECOVERY-025/evidence/FINAL_R4_SCENE_E/synthetic-stop.json	114	b6d07166e16cd322cb542d17305ad7eeca219fcd4ac5b4cad1f5e626bd013076	False
L2J_Mobius_CT_2.6_HighFive/docs/phantoms/tasks/PHANTOM-M1-CHECKPOINT-RECOVERY-025/evidence/FINAL_SCOPE_STATUS.txt	512278	38e9ca602a33edcf89ad35189e2a0e0674d1c0a8f10038c3a47db5cc223f1af4	False
L2J_Mobius_CT_2.6_HighFive/docs/phantoms/tasks/PHANTOM-M1-CHECKPOINT-RECOVERY-025/evidence/FINAL_SOURCE_DIFF_CHECK.log	0	e3b0c44298fc1c149afbf4c8996fb92427ae41e4649b934ca495991b7852b855	False
L2J_Mobius_CT_2.6_HighFive/docs/phantoms/tasks/PHANTOM-M1-CHECKPOINT-RECOVERY-025/evidence/FINAL_SOURCE_PATHS.txt	1072	ec28c01f7e48e2f964b833526f2dd32021d62185bfd87a08f1ab4cd6b297ac98	False
L2J_Mobius_CT_2.6_HighFive/docs/phantoms/tasks/PHANTOM-M1-CHECKPOINT-RECOVERY-025/evidence/FINAL_SOURCE_STAT.txt	741	b1d2eddb30b8db774eb7f1c837c865a947bed6d38df3092ab60943799d87e45d	False
L2J_Mobius_CT_2.6_HighFive/docs/phantoms/tasks/PHANTOM-M1-CHECKPOINT-RECOVERY-025/evidence/FROZEN_R4_REGRESSION_SUMMARY.json	3045	f956ddf830acbf2089e3dd611cc7752105f0416878ac81debb14e815d0f918dd	False
L2J_Mobius_CT_2.6_HighFive/docs/phantoms/tasks/PHANTOM-M1-CHECKPOINT-RECOVERY-025/evidence/GREEN_BINDING025/checkpoint-drain025.txt	1764	8f3c8763925adcd85c01a87505c07940a50458604c268f1d4afdfd72311cac80	False
L2J_Mobius_CT_2.6_HighFive/docs/phantoms/tasks/PHANTOM-M1-CHECKPOINT-RECOVERY-025/evidence/GREEN_BINDING025/checkpoint-drain025.xml	2126	75b2087c2952ea26792243948edc66bea49c59d0ee43f5bbad0fe9a979d87317	False
L2J_Mobius_CT_2.6_HighFive/docs/phantoms/tasks/PHANTOM-M1-CHECKPOINT-RECOVERY-025/evidence/GREEN_COLD025/checkpoint-recovery025.txt	1983	912438e249f598c6fc7f1ba09c2c30ee339967ec12a98b68091277dca2dbf853	False
L2J_Mobius_CT_2.6_HighFive/docs/phantoms/tasks/PHANTOM-M1-CHECKPOINT-RECOVERY-025/evidence/GREEN_COLD025/checkpoint-recovery025.xml	2338	512b647ccb50a1754a94cec9c590e63ca8c58ddbda7597b4a186e03fe3c27bae	False
L2J_Mobius_CT_2.6_HighFive/docs/phantoms/tasks/PHANTOM-M1-CHECKPOINT-RECOVERY-025/evidence/GREEN_COLD_BEGIN025/checkpoint-recovery025.txt	1470	46268781a75e49dc96adc69945ddd3f0e287df52613bd70156c352a36e92831b	False
L2J_Mobius_CT_2.6_HighFive/docs/phantoms/tasks/PHANTOM-M1-CHECKPOINT-RECOVERY-025/evidence/GREEN_COLD_BEGIN025/checkpoint-recovery025.xml	1769	de598fcb1b5a8920951f80bc00efddcb6862642d203880a7d9e49777685ef5db	False
L2J_Mobius_CT_2.6_HighFive/docs/phantoms/tasks/PHANTOM-M1-CHECKPOINT-RECOVERY-025/evidence/GREEN_FRACTIONAL_PUBLICATION025/checkpoint-recovery025.txt	1934	7a028a99c5b6f6a31396b4c9cfff35aa40e69720e2f4f80b3bf91deba29fb6a1	False
L2J_Mobius_CT_2.6_HighFive/docs/phantoms/tasks/PHANTOM-M1-CHECKPOINT-RECOVERY-025/evidence/GREEN_FRACTIONAL_PUBLICATION025/checkpoint-recovery025.xml	2368	baa94ad8d36b9e36c5f630afaa21d1f257a8c9fc61a41dda5520b7362d60c198	False
L2J_Mobius_CT_2.6_HighFive/docs/phantoms/tasks/PHANTOM-M1-CHECKPOINT-RECOVERY-025/evidence/GREEN_LIVE_TYPED025/checkpoint-recovery025.txt	1568	21118335814321bb70af2ad07fa0427846154e8cd2a21c2de9c6826053b3e12d	False
L2J_Mobius_CT_2.6_HighFive/docs/phantoms/tasks/PHANTOM-M1-CHECKPOINT-RECOVERY-025/evidence/GREEN_LIVE_TYPED025/checkpoint-recovery025.xml	1894	74ee89079f8b01281ba39b848cb36b343be89b743a247ac628b15d2f8e51f84d	False
L2J_Mobius_CT_2.6_HighFive/docs/phantoms/tasks/PHANTOM-M1-CHECKPOINT-RECOVERY-025/evidence/GREEN_STALE_GOAL025/checkpoint-recovery025.txt	2024	390198a5b649e3ae334164e02d20172b983e3e3c6e67d727fdfd1ec73f1150a5	False
L2J_Mobius_CT_2.6_HighFive/docs/phantoms/tasks/PHANTOM-M1-CHECKPOINT-RECOVERY-025/evidence/GREEN_STALE_GOAL025/checkpoint-recovery025.xml	2485	312addeed259d5299d011d9d501391767923205ddcb49c24076cae569bbfce67	False
L2J_Mobius_CT_2.6_HighFive/docs/phantoms/tasks/PHANTOM-M1-CHECKPOINT-RECOVERY-025/evidence/GREEN_STOCK_DRAIN025/checkpoint-drain025.txt	1485	60715b80469f12df0746789cfdc4102c67bd85fe8b282ed6077a20750dd2840a	False
L2J_Mobius_CT_2.6_HighFive/docs/phantoms/tasks/PHANTOM-M1-CHECKPOINT-RECOVERY-025/evidence/GREEN_STOCK_DRAIN025/checkpoint-drain025.xml	1775	4425cb0735e4b0189dbee15e1c2d445d6c2293a1c5fe9d116c1750498198077a	False
L2J_Mobius_CT_2.6_HighFive/docs/phantoms/tasks/PHANTOM-M1-CHECKPOINT-RECOVERY-025/evidence/GREEN_TYPED_BOUNDARIES025/checkpoint-recovery025.txt	2072	bd83b41243187868e848fba261084a0c01a498ba948860941afd71333503e6ce	False
L2J_Mobius_CT_2.6_HighFive/docs/phantoms/tasks/PHANTOM-M1-CHECKPOINT-RECOVERY-025/evidence/GREEN_TYPED_BOUNDARIES025/checkpoint-recovery025.xml	2534	037bb32a9da0caa4027bef3ce09c1a77cae4d2b0d9f243e22882fa146a8cd6b4	False
L2J_Mobius_CT_2.6_HighFive/docs/phantoms/tasks/PHANTOM-M1-CHECKPOINT-RECOVERY-025/evidence/GREEN_TYPED_DISTINCT_NATIVE025/checkpoint-recovery025.txt	1934	fc68fe42c116b1242c5a64dc7a9d26c7f4c83625bee435779fbb43b85821a257	False
L2J_Mobius_CT_2.6_HighFive/docs/phantoms/tasks/PHANTOM-M1-CHECKPOINT-RECOVERY-025/evidence/GREEN_TYPED_DISTINCT_NATIVE025/checkpoint-recovery025.xml	2368	028c13929862dc4ce22461803e8279fa4f1d4b31b99be19254d07d73613a3ba0	False
L2J_Mobius_CT_2.6_HighFive/docs/phantoms/tasks/PHANTOM-M1-CHECKPOINT-RECOVERY-025/evidence/H_R4_COLD_PROBE/0001-STATUS.json	1227	fff8c700f05ff9a6d4b01a32c37abfb20c0f0d4191f235ea60ddff919a0d334d	False
L2J_Mobius_CT_2.6_HighFive/docs/phantoms/tasks/PHANTOM-M1-CHECKPOINT-RECOVERY-025/evidence/H_R4_COLD_PROBE/0001-STATUS.xml	1177	ed677844862f9d04d4ae8b8737372c336699b46074f69029da8a30447db11093	False
L2J_Mobius_CT_2.6_HighFive/docs/phantoms/tasks/PHANTOM-M1-CHECKPOINT-RECOVERY-025/evidence/H_R4_COLD_PROBE/0002-SNAPSHOT_PHANTOMS.json	42048	463dc96ff7657395e5b4ef2ad24a02c1a4366e73dbbe82fd294e471625d431e5	False
L2J_Mobius_CT_2.6_HighFive/docs/phantoms/tasks/PHANTOM-M1-CHECKPOINT-RECOVERY-025/evidence/H_R4_COLD_PROBE/0002-SNAPSHOT_PHANTOMS.xml	39788	006bea06ea0cbf3bfef774a983a865c197a28136920eedcdd05531770ff356d6	False
L2J_Mobius_CT_2.6_HighFive/docs/phantoms/tasks/PHANTOM-M1-CHECKPOINT-RECOVERY-025/evidence/H_R4_COLD_PROBE/0003-SNAPSHOT_PHANTOMS.json	1704	b8916d9b46924a3a975a25551cf3daecb0711a1e76baf40bf8dec9982b5534d2	False
L2J_Mobius_CT_2.6_HighFive/docs/phantoms/tasks/PHANTOM-M1-CHECKPOINT-RECOVERY-025/evidence/H_R4_COLD_PROBE/0003-SNAPSHOT_PHANTOMS.xml	1620	79650e05c1ba61c6bfe00db86a0ac1123d793232d5209c4625c1166bc03f948a	False
L2J_Mobius_CT_2.6_HighFive/docs/phantoms/tasks/PHANTOM-M1-CHECKPOINT-RECOVERY-025/evidence/H_R4_COLD_PROBE/0004-SNAPSHOT_PHANTOMS.json	44859	3129ffaf5d6a1a6c68b6a7bc57859d0bb68e3b3a07f09433c67f16aaef651398	False
L2J_Mobius_CT_2.6_HighFive/docs/phantoms/tasks/PHANTOM-M1-CHECKPOINT-RECOVERY-025/evidence/H_R4_COLD_PROBE/0004-SNAPSHOT_PHANTOMS.xml	42627	e974b4da18679531957b4e1969682e18b87bb5aa24aa9936d68d6462107dc442	False
L2J_Mobius_CT_2.6_HighFive/docs/phantoms/tasks/PHANTOM-M1-CHECKPOINT-RECOVERY-025/evidence/H_R4_COLD_PROBE/0005-SNAPSHOT_PHANTOMS.json	1706	e56cad2d3251212e52eb4ae3a4fefa3140b6d896eca036ad4bc6e4f1918f9430	False
L2J_Mobius_CT_2.6_HighFive/docs/phantoms/tasks/PHANTOM-M1-CHECKPOINT-RECOVERY-025/evidence/H_R4_COLD_PROBE/0005-SNAPSHOT_PHANTOMS.xml	1622	a2a176ab6711f0697cee5f353dc033d84e727df38a22aa5b868bbdcff5c45178	False
L2J_Mobius_CT_2.6_HighFive/docs/phantoms/tasks/PHANTOM-M1-CHECKPOINT-RECOVERY-025/evidence/H_R4_COLD_PROBE/0006-SNAPSHOT_PHANTOMS.json	43810	19b685dc43264d78f877bf4c8027f45f1be4255a0076e1735839a8a3843dcd61	False
L2J_Mobius_CT_2.6_HighFive/docs/phantoms/tasks/PHANTOM-M1-CHECKPOINT-RECOVERY-025/evidence/H_R4_COLD_PROBE/0006-SNAPSHOT_PHANTOMS.xml	41592	4da25f2a481f04d3707d5608c63e9d1f52821fb87e67bf21f8f4c7bf2b7cd57b	False
L2J_Mobius_CT_2.6_HighFive/docs/phantoms/tasks/PHANTOM-M1-CHECKPOINT-RECOVERY-025/evidence/H_R4_COLD_PROBE/0007-SNAPSHOT_PHANTOMS.json	1695	d5ac4410048190d9e32931a3f8ecf196877fc2548b27cd754d247e1a9e295e64	False
L2J_Mobius_CT_2.6_HighFive/docs/phantoms/tasks/PHANTOM-M1-CHECKPOINT-RECOVERY-025/evidence/H_R4_COLD_PROBE/0007-SNAPSHOT_PHANTOMS.xml	1611	c2aacd032cc810b9868bbb5a476fc6595b2b6e0a1bd957c9f384568fac77c822	False
L2J_Mobius_CT_2.6_HighFive/docs/phantoms/tasks/PHANTOM-M1-CHECKPOINT-RECOVERY-025/evidence/H_R4_COLD_PROBE/0008-SNAPSHOT_PHANTOMS.json	43978	a06622a61c4a31949117abe66ee92ef8cfda07d5109286387226083f39dcc69f	False
L2J_Mobius_CT_2.6_HighFive/docs/phantoms/tasks/PHANTOM-M1-CHECKPOINT-RECOVERY-025/evidence/H_R4_COLD_PROBE/0008-SNAPSHOT_PHANTOMS.xml	41746	d2c27ea02eab61a758d03c4459ba9d082ca793fc8eff8ffefbe6f8fa8f3745cf	False
L2J_Mobius_CT_2.6_HighFive/docs/phantoms/tasks/PHANTOM-M1-CHECKPOINT-RECOVERY-025/evidence/H_R4_COLD_PROBE/0009-SNAPSHOT_PHANTOMS.json	1703	9f8151180e70fc8e67cde1665551e35a79a56eb4386973a307b282e2125f8e00	False
L2J_Mobius_CT_2.6_HighFive/docs/phantoms/tasks/PHANTOM-M1-CHECKPOINT-RECOVERY-025/evidence/H_R4_COLD_PROBE/0009-SNAPSHOT_PHANTOMS.xml	1619	dc1c951416ed0562782f154b806d0328ca61070635febf624b810252459d84c2	False
L2J_Mobius_CT_2.6_HighFive/docs/phantoms/tasks/PHANTOM-M1-CHECKPOINT-RECOVERY-025/evidence/H_R4_COLD_PROBE/0010-SNAPSHOT_PHANTOMS.json	44152	be012d3822a5b3570626b1ee63606ab37eba4b5cdd1c16c6604a6cd9526602ac	False
L2J_Mobius_CT_2.6_HighFive/docs/phantoms/tasks/PHANTOM-M1-CHECKPOINT-RECOVERY-025/evidence/H_R4_COLD_PROBE/0010-SNAPSHOT_PHANTOMS.xml	41962	079ab2b4b037d4b8ae1190474feae42f615047047537f4e9b9ba179cc1f1c065	False
L2J_Mobius_CT_2.6_HighFive/docs/phantoms/tasks/PHANTOM-M1-CHECKPOINT-RECOVERY-025/evidence/H_R4_COLD_PROBE/0011-SNAPSHOT_PHANTOMS.json	1694	a54ed244988b279ba09b7885194c4ed8bf2c6cec4d03a536e8c2bd381326754d	False
L2J_Mobius_CT_2.6_HighFive/docs/phantoms/tasks/PHANTOM-M1-CHECKPOINT-RECOVERY-025/evidence/H_R4_COLD_PROBE/0011-SNAPSHOT_PHANTOMS.xml	1610	18233539b3c7e9fca37fc65cf6fc511ff1442d6ed8be57d3edf85afdbd596107	False
L2J_Mobius_CT_2.6_HighFive/docs/phantoms/tasks/PHANTOM-M1-CHECKPOINT-RECOVERY-025/evidence/H_R4_COLD_PROBE/baseline/characters.tsv	218	d3f3934af1aca8496cca6da423cdc33d86804162de671b47429cbed924a2d3ad	False
L2J_Mobius_CT_2.6_HighFive/docs/phantoms/tasks/PHANTOM-M1-CHECKPOINT-RECOVERY-025/evidence/H_R4_COLD_PROBE/baseline/counts.tsv	91	f2234065b2e9927fd5c35cf2bc9ad19edbe3c9897f4280e58ba8944eb51b499b	False
L2J_Mobius_CT_2.6_HighFive/docs/phantoms/tasks/PHANTOM-M1-CHECKPOINT-RECOVERY-025/evidence/H_R4_COLD_PROBE/baseline/durable-decoded.tsv	427	5bbeda2e5366b7536309ddc4e6027bbc9867bca9766f83b5bb5bd5ddb881d649	False
L2J_Mobius_CT_2.6_HighFive/docs/phantoms/tasks/PHANTOM-M1-CHECKPOINT-RECOVERY-025/evidence/H_R4_COLD_PROBE/baseline/durable-hex.tsv	2379	dc0fc6632a77ccd58a40f12891d5c751b3534c9a3afcc26576672cd59bb7f1d1	False
L2J_Mobius_CT_2.6_HighFive/docs/phantoms/tasks/PHANTOM-M1-CHECKPOINT-RECOVERY-025/evidence/H_R4_COLD_PROBE/baseline/items.tsv	1700	2d192f0ca183b55a80ddc1069fc03c2f7bb8734d3b1accc90cb1330ecb31ba02	False
L2J_Mobius_CT_2.6_HighFive/docs/phantoms/tasks/PHANTOM-M1-CHECKPOINT-RECOVERY-025/evidence/H_R4_COLD_PROBE/baseline/runtime-manifest.json	977	b8c31547c7eb720fc2859c431ced60ebd016a399673c4559c42180f9cbc192d5	False
L2J_Mobius_CT_2.6_HighFive/docs/phantoms/tasks/PHANTOM-M1-CHECKPOINT-RECOVERY-025/evidence/H_R4_COLD_PROBE/baseline/skills.tsv	239	676c09f7f588fbd968d9227c0da5db5d8e52690505895998970a0f32125480f3	False
L2J_Mobius_CT_2.6_HighFive/docs/phantoms/tasks/PHANTOM-M1-CHECKPOINT-RECOVERY-025/evidence/H_R4_COLD_PROBE/before-stop/characters.tsv	218	d3f3934af1aca8496cca6da423cdc33d86804162de671b47429cbed924a2d3ad	False
L2J_Mobius_CT_2.6_HighFive/docs/phantoms/tasks/PHANTOM-M1-CHECKPOINT-RECOVERY-025/evidence/H_R4_COLD_PROBE/before-stop/counts.tsv	91	f2234065b2e9927fd5c35cf2bc9ad19edbe3c9897f4280e58ba8944eb51b499b	False
L2J_Mobius_CT_2.6_HighFive/docs/phantoms/tasks/PHANTOM-M1-CHECKPOINT-RECOVERY-025/evidence/H_R4_COLD_PROBE/before-stop/durable-decoded.tsv	427	5bbeda2e5366b7536309ddc4e6027bbc9867bca9766f83b5bb5bd5ddb881d649	False
L2J_Mobius_CT_2.6_HighFive/docs/phantoms/tasks/PHANTOM-M1-CHECKPOINT-RECOVERY-025/evidence/H_R4_COLD_PROBE/before-stop/durable-hex.tsv	2379	dc0fc6632a77ccd58a40f12891d5c751b3534c9a3afcc26576672cd59bb7f1d1	False
L2J_Mobius_CT_2.6_HighFive/docs/phantoms/tasks/PHANTOM-M1-CHECKPOINT-RECOVERY-025/evidence/H_R4_COLD_PROBE/before-stop/items.tsv	1700	2d192f0ca183b55a80ddc1069fc03c2f7bb8734d3b1accc90cb1330ecb31ba02	False
L2J_Mobius_CT_2.6_HighFive/docs/phantoms/tasks/PHANTOM-M1-CHECKPOINT-RECOVERY-025/evidence/H_R4_COLD_PROBE/before-stop/runtime-manifest.json	977	b8c31547c7eb720fc2859c431ced60ebd016a399673c4559c42180f9cbc192d5	False
L2J_Mobius_CT_2.6_HighFive/docs/phantoms/tasks/PHANTOM-M1-CHECKPOINT-RECOVERY-025/evidence/H_R4_COLD_PROBE/before-stop/skills.tsv	239	676c09f7f588fbd968d9227c0da5db5d8e52690505895998970a0f32125480f3	False
L2J_Mobius_CT_2.6_HighFive/docs/phantoms/tasks/PHANTOM-M1-CHECKPOINT-RECOVERY-025/evidence/H_R4_COLD_PROBE/heartbeat-control.log	377	9ac479a8fa337a07d462000963719656d933f39f73f2d02044a4f30e6ef6424a	False
L2J_Mobius_CT_2.6_HighFive/docs/phantoms/tasks/PHANTOM-M1-CHECKPOINT-RECOVERY-025/evidence/H_R4_COLD_PROBE/observed-profile-ids.json	71	e6daada0920cf1b75e14084385588cd9af765c5a02450c5c36643dc034f56d83	False
L2J_Mobius_CT_2.6_HighFive/docs/phantoms/tasks/PHANTOM-M1-CHECKPOINT-RECOVERY-025/evidence/H_R4_COLD_PROBE/synthetic-start.json	112	efd0002ac50c82243bdbe47aa699bceed745c9b4962326de01740ceaf5064a6f	False
L2J_Mobius_CT_2.6_HighFive/docs/phantoms/tasks/PHANTOM-M1-CHECKPOINT-RECOVERY-025/evidence/H_R4_COLD_PROBE/synthetic-stop.json	114	26033c8dcc07798ae450ef64427a165ab5344374a94b3651401570ec4870dbc7	False
L2J_Mobius_CT_2.6_HighFive/docs/phantoms/tasks/PHANTOM-M1-CHECKPOINT-RECOVERY-025/evidence/H_R4_FIRST_EXACT.json	771	1a7953bd3feceb2f453e9d8686213f80ba0c375609a1b143c65a77d7c57150f5	False
L2J_Mobius_CT_2.6_HighFive/docs/phantoms/tasks/PHANTOM-M1-CHECKPOINT-RECOVERY-025/evidence/H_R4_FIRST_STOPPED_SQL/characters.tsv	218	d3f3934af1aca8496cca6da423cdc33d86804162de671b47429cbed924a2d3ad	False
L2J_Mobius_CT_2.6_HighFive/docs/phantoms/tasks/PHANTOM-M1-CHECKPOINT-RECOVERY-025/evidence/H_R4_FIRST_STOPPED_SQL/counts.tsv	91	7ee91975cb2924d2714d8ff769c41367702c259496ecf5578d8b6140fe5dfa28	False
L2J_Mobius_CT_2.6_HighFive/docs/phantoms/tasks/PHANTOM-M1-CHECKPOINT-RECOVERY-025/evidence/H_R4_FIRST_STOPPED_SQL/durable-decoded.tsv	427	5bbeda2e5366b7536309ddc4e6027bbc9867bca9766f83b5bb5bd5ddb881d649	False
L2J_Mobius_CT_2.6_HighFive/docs/phantoms/tasks/PHANTOM-M1-CHECKPOINT-RECOVERY-025/evidence/H_R4_FIRST_STOPPED_SQL/durable-hex.tsv	2379	dc0fc6632a77ccd58a40f12891d5c751b3534c9a3afcc26576672cd59bb7f1d1	False
L2J_Mobius_CT_2.6_HighFive/docs/phantoms/tasks/PHANTOM-M1-CHECKPOINT-RECOVERY-025/evidence/H_R4_FIRST_STOPPED_SQL/items.tsv	1700	2d192f0ca183b55a80ddc1069fc03c2f7bb8734d3b1accc90cb1330ecb31ba02	False
L2J_Mobius_CT_2.6_HighFive/docs/phantoms/tasks/PHANTOM-M1-CHECKPOINT-RECOVERY-025/evidence/H_R4_FIRST_STOPPED_SQL/runtime-manifest.json	977	b8c31547c7eb720fc2859c431ced60ebd016a399673c4559c42180f9cbc192d5	False
L2J_Mobius_CT_2.6_HighFive/docs/phantoms/tasks/PHANTOM-M1-CHECKPOINT-RECOVERY-025/evidence/H_R4_FIRST_STOPPED_SQL/skills.tsv	239	676c09f7f588fbd968d9227c0da5db5d8e52690505895998970a0f32125480f3	False
L2J_Mobius_CT_2.6_HighFive/docs/phantoms/tasks/PHANTOM-M1-CHECKPOINT-RECOVERY-025/evidence/H_R4_RETAINED452_BEFORE/characters.tsv	218	d3f3934af1aca8496cca6da423cdc33d86804162de671b47429cbed924a2d3ad	False
L2J_Mobius_CT_2.6_HighFive/docs/phantoms/tasks/PHANTOM-M1-CHECKPOINT-RECOVERY-025/evidence/H_R4_RETAINED452_BEFORE/counts.tsv	91	0f26fbe3ccde805c28b163dcf24b5e4d6262a375e155db87d7a9c9761a1aa5ca	False
L2J_Mobius_CT_2.6_HighFive/docs/phantoms/tasks/PHANTOM-M1-CHECKPOINT-RECOVERY-025/evidence/H_R4_RETAINED452_BEFORE/durable-decoded.tsv	533	7257990f25b9d7cc53e4295b195d8368f98b4e57e372f98179e4aeac1632ed6d	False
L2J_Mobius_CT_2.6_HighFive/docs/phantoms/tasks/PHANTOM-M1-CHECKPOINT-RECOVERY-025/evidence/H_R4_RETAINED452_BEFORE/durable-hex.tsv	6596	54d741fe86a9bfbe30f19c497fa8dcb22fca236371a514599a6a4309a2d8c81a	False
L2J_Mobius_CT_2.6_HighFive/docs/phantoms/tasks/PHANTOM-M1-CHECKPOINT-RECOVERY-025/evidence/H_R4_RETAINED452_BEFORE/items.tsv	1700	2d192f0ca183b55a80ddc1069fc03c2f7bb8734d3b1accc90cb1330ecb31ba02	False
L2J_Mobius_CT_2.6_HighFive/docs/phantoms/tasks/PHANTOM-M1-CHECKPOINT-RECOVERY-025/evidence/H_R4_RETAINED452_BEFORE/runtime-manifest.json	977	b8c31547c7eb720fc2859c431ced60ebd016a399673c4559c42180f9cbc192d5	False
L2J_Mobius_CT_2.6_HighFive/docs/phantoms/tasks/PHANTOM-M1-CHECKPOINT-RECOVERY-025/evidence/H_R4_RETAINED452_BEFORE/skills.tsv	239	676c09f7f588fbd968d9227c0da5db5d8e52690505895998970a0f32125480f3	False
L2J_Mobius_CT_2.6_HighFive/docs/phantoms/tasks/PHANTOM-M1-CHECKPOINT-RECOVERY-025/evidence/H_R4_SECOND_EARLY_SQL/characters.tsv	218	d3f3934af1aca8496cca6da423cdc33d86804162de671b47429cbed924a2d3ad	False
L2J_Mobius_CT_2.6_HighFive/docs/phantoms/tasks/PHANTOM-M1-CHECKPOINT-RECOVERY-025/evidence/H_R4_SECOND_EARLY_SQL/counts.tsv	91	7ee91975cb2924d2714d8ff769c41367702c259496ecf5578d8b6140fe5dfa28	False
L2J_Mobius_CT_2.6_HighFive/docs/phantoms/tasks/PHANTOM-M1-CHECKPOINT-RECOVERY-025/evidence/H_R4_SECOND_EARLY_SQL/durable-decoded.tsv	427	5bbeda2e5366b7536309ddc4e6027bbc9867bca9766f83b5bb5bd5ddb881d649	False
L2J_Mobius_CT_2.6_HighFive/docs/phantoms/tasks/PHANTOM-M1-CHECKPOINT-RECOVERY-025/evidence/H_R4_SECOND_EARLY_SQL/durable-hex.tsv	2379	dc0fc6632a77ccd58a40f12891d5c751b3534c9a3afcc26576672cd59bb7f1d1	False
L2J_Mobius_CT_2.6_HighFive/docs/phantoms/tasks/PHANTOM-M1-CHECKPOINT-RECOVERY-025/evidence/H_R4_SECOND_EARLY_SQL/items.tsv	1700	2d192f0ca183b55a80ddc1069fc03c2f7bb8734d3b1accc90cb1330ecb31ba02	False
L2J_Mobius_CT_2.6_HighFive/docs/phantoms/tasks/PHANTOM-M1-CHECKPOINT-RECOVERY-025/evidence/H_R4_SECOND_EARLY_SQL/runtime-manifest.json	977	b8c31547c7eb720fc2859c431ced60ebd016a399673c4559c42180f9cbc192d5	False
L2J_Mobius_CT_2.6_HighFive/docs/phantoms/tasks/PHANTOM-M1-CHECKPOINT-RECOVERY-025/evidence/H_R4_SECOND_EARLY_SQL/skills.tsv	239	676c09f7f588fbd968d9227c0da5db5d8e52690505895998970a0f32125480f3	False
L2J_Mobius_CT_2.6_HighFive/docs/phantoms/tasks/PHANTOM-M1-CHECKPOINT-RECOVERY-025/evidence/H_R4_SECOND_EXACT.json	771	1a7953bd3feceb2f453e9d8686213f80ba0c375609a1b143c65a77d7c57150f5	False
L2J_Mobius_CT_2.6_HighFive/docs/phantoms/tasks/PHANTOM-M1-CHECKPOINT-RECOVERY-025/evidence/NATIVE_SCOPE_EXACT_DIFF.patch	11280	8abd6f90894da21e436bac98660bc2eabd80be7f0cd52e2b4f1b05f4ea5d0769	False
L2J_Mobius_CT_2.6_HighFive/docs/phantoms/tasks/PHANTOM-M1-CHECKPOINT-RECOVERY-025/evidence/PREFINAL_DIFF_CHECK.log	1154	a7e196f2087fac94d2719688f5aa408cbb29f7c8bb46fe8c237b2bf6ca4f5421	False
L2J_Mobius_CT_2.6_HighFive/docs/phantoms/tasks/PHANTOM-M1-CHECKPOINT-RECOVERY-025/evidence/R2_CHECKPOINT_CONTRACTS/checkpoint-recovery025.txt	1934	155e31073c583b818346a74717d5ca955883f346fcea2820d9173829365f8393	False
L2J_Mobius_CT_2.6_HighFive/docs/phantoms/tasks/PHANTOM-M1-CHECKPOINT-RECOVERY-025/evidence/R2_CHECKPOINT_CONTRACTS/checkpoint-recovery025.xml	2368	af40142f596577fe57676c12f7797d99c4bec2ef01608116f5773e7b51182de7	False
L2J_Mobius_CT_2.6_HighFive/docs/phantoms/tasks/PHANTOM-M1-CHECKPOINT-RECOVERY-025/evidence/R2_NATIVE_REVIEW/m1-native-lifecycle.txt	2207	8a7caddb3a974de662ffe4421b7a84f6b6c5d655d43c411388ede93771c28500	False
L2J_Mobius_CT_2.6_HighFive/docs/phantoms/tasks/PHANTOM-M1-CHECKPOINT-RECOVERY-025/evidence/R2_NATIVE_REVIEW/m1-native-lifecycle.xml	2632	0028f34a2030c0751eb64e2c19702c49ca78fac1633d16280106b7e6ebfdc8df	False
L2J_Mobius_CT_2.6_HighFive/docs/phantoms/tasks/PHANTOM-M1-CHECKPOINT-RECOVERY-025/evidence/R2_OBSERVER_HOOK_CHECKPOINTS/checkpoint-recovery025.txt	1934	7c0ba5b03a9362a13f89e216680eb1b07f3b158d81fc14cf4f3b47e03ddfb7b4	False
L2J_Mobius_CT_2.6_HighFive/docs/phantoms/tasks/PHANTOM-M1-CHECKPOINT-RECOVERY-025/evidence/R2_OBSERVER_HOOK_CHECKPOINTS/checkpoint-recovery025.xml	2368	75568134c03588e7080156cc5e04240c407ae381df8c3f872f489a329b23ac7b	False
L2J_Mobius_CT_2.6_HighFive/docs/phantoms/tasks/PHANTOM-M1-CHECKPOINT-RECOVERY-025/evidence/R2_OWNED_STORE_MATRIX/background-position-canonicalization.txt	16344	f82b8384aebaddb9153f667a8c19cf5557426ce2210f0f22d7d8e942199b96b1	False
L2J_Mobius_CT_2.6_HighFive/docs/phantoms/tasks/PHANTOM-M1-CHECKPOINT-RECOVERY-025/evidence/R2_OWNED_STORE_MATRIX/background-position-canonicalization.xml	17570	85282dd5b4c56110a308cf14b58660ed60bc712269d5c9ba54a13d84856cec6d	False
L2J_Mobius_CT_2.6_HighFive/docs/phantoms/tasks/PHANTOM-M1-CHECKPOINT-RECOVERY-025/evidence/R2_STOCK_DRAIN/checkpoint-drain025.txt	1485	93732f365b2facea70c7deaedc3e0f116ebefb3f85a716a178346d0dbe501f54	False
L2J_Mobius_CT_2.6_HighFive/docs/phantoms/tasks/PHANTOM-M1-CHECKPOINT-RECOVERY-025/evidence/R2_STOCK_DRAIN/checkpoint-drain025.xml	1775	644b6d69d6269b8ec44cc3f2d1ba5a165dff769dd0254c42c06540c7527f2caf	False
L2J_Mobius_CT_2.6_HighFive/docs/phantoms/tasks/PHANTOM-M1-CHECKPOINT-RECOVERY-025/evidence/R3_ADMISSION18/visible-decision-admission.txt	4093	350fd6d6daefefb4d3fb1dea03c7ea586b078805e3d2974ca4b12bbb5d4f6ad6	False
L2J_Mobius_CT_2.6_HighFive/docs/phantoms/tasks/PHANTOM-M1-CHECKPOINT-RECOVERY-025/evidence/R3_ADMISSION18/visible-decision-admission.xml	4991	b6ae554459165ff37d9960e9bcba422dfe3a5767e3aa130fd8a4ce72a960702e	False
L2J_Mobius_CT_2.6_HighFive/docs/phantoms/tasks/PHANTOM-M1-CHECKPOINT-RECOVERY-025/evidence/R3_HANDOFF15/native-context-handoff.txt	2924	a94f143154f34d2fda9b5da1d939c42ea1453e0cef8a928b7065a3eade686204	False
L2J_Mobius_CT_2.6_HighFive/docs/phantoms/tasks/PHANTOM-M1-CHECKPOINT-RECOVERY-025/evidence/R3_HANDOFF15/native-context-handoff.xml	3592	a079473cacd833b7166cf084b631ec435f7793dcc870a331bf0a5df7671d8fb7	False
L2J_Mobius_CT_2.6_HighFive/docs/phantoms/tasks/PHANTOM-M1-CHECKPOINT-RECOVERY-025/evidence/R3_LAWFUL_BOUNDARIES023/living-world023.txt	8659	c32a2537fd11b595810b42a4fc6306e559f46cf7c7da9edb3ec94d1156e23b2c	False
L2J_Mobius_CT_2.6_HighFive/docs/phantoms/tasks/PHANTOM-M1-CHECKPOINT-RECOVERY-025/evidence/R3_LAWFUL_BOUNDARIES023/living-world023.xml	9571	7601a653d266a4cf1b84eab2c81c1b946cd1201efbb988826b69a50d50f13b5b	False
L2J_Mobius_CT_2.6_HighFive/docs/phantoms/tasks/PHANTOM-M1-CHECKPOINT-RECOVERY-025/evidence/R3_LOCAL_RECOVERY024/native-farm-continuation022.txt	1804	4392b64f05cac7fd930a88f73b330ab5440d7613773b530a9af34e932e10d67e	False
L2J_Mobius_CT_2.6_HighFive/docs/phantoms/tasks/PHANTOM-M1-CHECKPOINT-RECOVERY-025/evidence/R3_LOCAL_RECOVERY024/native-farm-continuation022.xml	2135	15def90b275fc524fda18806d2ca3e86c1e848141b0fab95655bf89099f14670	False
L2J_Mobius_CT_2.6_HighFive/docs/phantoms/tasks/PHANTOM-M1-CHECKPOINT-RECOVERY-025/evidence/R3_LOCAL_RECOVERY024_FRESH/native-farm-continuation022.txt	1633	2c36f3a3705557fe40e34f31babd053874badb02abd6b20e6bfa786d05f16131	False
L2J_Mobius_CT_2.6_HighFive/docs/phantoms/tasks/PHANTOM-M1-CHECKPOINT-RECOVERY-025/evidence/R3_LOCAL_RECOVERY024_FRESH/native-farm-continuation022.xml	1950	f0e2ac7e88a959b0d35b99003e1cf9fd90ad1ed8e832a433ed12194e9f4690d1	False
L2J_Mobius_CT_2.6_HighFive/docs/phantoms/tasks/PHANTOM-M1-CHECKPOINT-RECOVERY-025/evidence/R3_NATIVE_REVIEW/m1-native-lifecycle.txt	2207	3e7c3382eb1158f41a79351534492ce76a36f20c748bd2e4c7a17c3851b2533d	False
L2J_Mobius_CT_2.6_HighFive/docs/phantoms/tasks/PHANTOM-M1-CHECKPOINT-RECOVERY-025/evidence/R3_NATIVE_REVIEW/m1-native-lifecycle.xml	2632	aae08743330d3f238b6ffd18732ec062088c24ee33ff4386a56e7d60c87a2e26	False
L2J_Mobius_CT_2.6_HighFive/docs/phantoms/tasks/PHANTOM-M1-CHECKPOINT-RECOVERY-025/evidence/R3_SCOPE_CLOSURE/m1-native-lifecycle.txt	4575	c8de338e08df407ab5c628000ff01de1e6ca9933d315812565d79b9ba939f070	False
L2J_Mobius_CT_2.6_HighFive/docs/phantoms/tasks/PHANTOM-M1-CHECKPOINT-RECOVERY-025/evidence/R3_SCOPE_CLOSURE/m1-native-lifecycle.xml	5535	f4bc564cc8db8a1c0387a170642c8c9af291e3c967ead40431ae0227a46a5848	False
L2J_Mobius_CT_2.6_HighFive/docs/phantoms/tasks/PHANTOM-M1-CHECKPOINT-RECOVERY-025/evidence/R3_TWO_STOCK_DRAINS025/checkpoint-drain025.txt	1665	0a534344295f5b65fc6093fde02956bb588d23e6817d6263b25472d9a7eafc5d	False
L2J_Mobius_CT_2.6_HighFive/docs/phantoms/tasks/PHANTOM-M1-CHECKPOINT-RECOVERY-025/evidence/R3_TWO_STOCK_DRAINS025/checkpoint-drain025.xml	2000	2974b5e69934be3dc79c8775b47fdcfc0e7b0de63568bf76517e59e617484060	False
L2J_Mobius_CT_2.6_HighFive/docs/phantoms/tasks/PHANTOM-M1-CHECKPOINT-RECOVERY-025/evidence/R4_CURRENT_INTENT021/visible-intent-recovery.txt	2378	d2511de820f0a7afa7d5012a842b1b1115492765066de36a0067769297c786ba	False
L2J_Mobius_CT_2.6_HighFive/docs/phantoms/tasks/PHANTOM-M1-CHECKPOINT-RECOVERY-025/evidence/R4_CURRENT_INTENT021/visible-intent-recovery.xml	2911	4b1f7f050c8a8f79a9d71142bc0e3f31677cdd50b17c7ca11b3ed997fa9fc981	False
L2J_Mobius_CT_2.6_HighFive/docs/phantoms/tasks/PHANTOM-M1-CHECKPOINT-RECOVERY-025/evidence/R4_DYNAMIC_NATIVE/m1-native-lifecycle.txt	3451	130d28d46ae97bf4ee5c70852365870c31b36e183a7b905b6eae1218cb36509b	False
L2J_Mobius_CT_2.6_HighFive/docs/phantoms/tasks/PHANTOM-M1-CHECKPOINT-RECOVERY-025/evidence/R4_DYNAMIC_NATIVE/m1-native-lifecycle.xml	4098	c227cff35e02ca9545c0f13c58c980160f899e91766b057b56982a2dc4094fa9	False
L2J_Mobius_CT_2.6_HighFive/docs/phantoms/tasks/PHANTOM-M1-CHECKPOINT-RECOVERY-025/evidence/R4_ECOLOGY30/population-ecology-goal033.txt	265	4c1a90852b92007ca0222c1af77bad90ba27e52f3b0d4831d14a57184094311f	False
L2J_Mobius_CT_2.6_HighFive/docs/phantoms/tasks/PHANTOM-M1-CHECKPOINT-RECOVERY-025/evidence/R4_ECOLOGY30/population-ecology-goal033.xml	421	92d5cc14a01c5b2947f2812e3c9fa0858878b53976403e03e9b3f8ad14f3259d	False
L2J_Mobius_CT_2.6_HighFive/docs/phantoms/tasks/PHANTOM-M1-CHECKPOINT-RECOVERY-025/evidence/R4_ECOLOGY30_CORRECT_SEED/population-ecology-goal033.txt	6278	ee171eb2c24a0893e8492639f61dbbce6437924db0b029831630588f4afbd8dc	False
L2J_Mobius_CT_2.6_HighFive/docs/phantoms/tasks/PHANTOM-M1-CHECKPOINT-RECOVERY-025/evidence/R4_ECOLOGY30_CORRECT_SEED/population-ecology-goal033.xml	7873	33924e8b37ed4eaacee26fa3602c31941d042261fefa95a3ecda7ef15acf98fe	False
L2J_Mobius_CT_2.6_HighFive/docs/phantoms/tasks/PHANTOM-M1-CHECKPOINT-RECOVERY-025/evidence/R4_ECOLOGY_HANDOFF6/population-ecology-handoff-regression.txt	1094	91c7d1af7b20f95d9991c5301b4be9caed72916cc6d89373e07b24a6e3e3e124	False
L2J_Mobius_CT_2.6_HighFive/docs/phantoms/tasks/PHANTOM-M1-CHECKPOINT-RECOVERY-025/evidence/R4_ECOLOGY_HANDOFF6/population-ecology-handoff-regression.xml	1465	78b7497e8e538ad7d018eab0abdefdf1b517aee29326a8bfee240e24cd992806	False
L2J_Mobius_CT_2.6_HighFive/docs/phantoms/tasks/PHANTOM-M1-CHECKPOINT-RECOVERY-025/evidence/R4_FIGHTER022/native-farm-continuation022.txt	3354	2c64a6aae1c4e731227b3021282e262443599b007b2b85bdefebd4903d8e6648	False
L2J_Mobius_CT_2.6_HighFive/docs/phantoms/tasks/PHANTOM-M1-CHECKPOINT-RECOVERY-025/evidence/R4_FIGHTER022/native-farm-continuation022.xml	3734	ec885ce464b3a962d8635a0c0ab1a820befd3812c47b98eb1cc5a0bd7d4e404a	False
L2J_Mobius_CT_2.6_HighFive/docs/phantoms/tasks/PHANTOM-M1-CHECKPOINT-RECOVERY-025/evidence/R4_MAGE022/native-farm-continuation022.txt	3360	033547f805fc0d26115b7223c2b3a74e0fda9ea3dfff3c5db055b812a00b85b8	False
L2J_Mobius_CT_2.6_HighFive/docs/phantoms/tasks/PHANTOM-M1-CHECKPOINT-RECOVERY-025/evidence/R4_MAGE022/native-farm-continuation022.xml	3740	96e6f84939de67a9c626a215495cb490a1e729f708e0600045643a14f192b9db	False
L2J_Mobius_CT_2.6_HighFive/docs/phantoms/tasks/PHANTOM-M1-CHECKPOINT-RECOVERY-025/evidence/R4_NATIVE_REVIEW/m1-native-lifecycle.txt	2207	cad6792b0e84189226a64250c93b53412e7b04236c883cd522503637e664c06d	False
L2J_Mobius_CT_2.6_HighFive/docs/phantoms/tasks/PHANTOM-M1-CHECKPOINT-RECOVERY-025/evidence/R4_NATIVE_REVIEW/m1-native-lifecycle.xml	2632	f40552ff4bab1b0347332c5d5990c7e7fc6ad49b173f90935a222d366055f501	False
L2J_Mobius_CT_2.6_HighFive/docs/phantoms/tasks/PHANTOM-M1-CHECKPOINT-RECOVERY-025/evidence/R4_NATIVE_TIMERS/m1-native-lifecycle.txt	2751	d8192480173e84b5a815600d3b44ef543720b19df2b78329ce6bd93473b23bbb	False
L2J_Mobius_CT_2.6_HighFive/docs/phantoms/tasks/PHANTOM-M1-CHECKPOINT-RECOVERY-025/evidence/R4_NATIVE_TIMERS/m1-native-lifecycle.xml	3289	948fdcc0b5e2b31b1fedc0b9ff1fcbc7408820842342ce56ed743d67e7b2d2c3	False
L2J_Mobius_CT_2.6_HighFive/docs/phantoms/tasks/PHANTOM-M1-CHECKPOINT-RECOVERY-025/evidence/R4_NATIVE_Z022/native-farm-continuation022.txt	1492	9b0b85239a61c6b0a4b3b989697a871fdf237e003c5154833d5273ea2575edfb	False
L2J_Mobius_CT_2.6_HighFive/docs/phantoms/tasks/PHANTOM-M1-CHECKPOINT-RECOVERY-025/evidence/R4_NATIVE_Z022/native-farm-continuation022.xml	1800	20ab1692af8dbdd14f0f1943552d943a3bca16fd997ca72a6a465696785ac669	False
L2J_Mobius_CT_2.6_HighFive/docs/phantoms/tasks/PHANTOM-M1-CHECKPOINT-RECOVERY-025/evidence/R4_ORIGINAL_RETALIATION024/living-world023.txt	4104	568fd2a8254481e15cd1f413a76271f5210be4897dfe383b85196e521c8f08c5	False
L2J_Mobius_CT_2.6_HighFive/docs/phantoms/tasks/PHANTOM-M1-CHECKPOINT-RECOVERY-025/evidence/R4_ORIGINAL_RETALIATION024/living-world023.xml	4601	44da7155fb21dbc0c91d017821bcd9b8db77fcb3cbc14316e98f6d095f9d889b	False
L2J_Mobius_CT_2.6_HighFive/docs/phantoms/tasks/PHANTOM-M1-CHECKPOINT-RECOVERY-025/evidence/R4_OWNED_STORE27/background-position-canonicalization.txt	16344	d0f53d65540316c5de33b1a1bf921478f94f3ff260c92114f68f16b5e55748c8	False
L2J_Mobius_CT_2.6_HighFive/docs/phantoms/tasks/PHANTOM-M1-CHECKPOINT-RECOVERY-025/evidence/R4_OWNED_STORE27/background-position-canonicalization.xml	17570	f4a6d22bfeb730f6eb6f84a425335ddf1339b4066937485ff3b832d07a14c305	False
L2J_Mobius_CT_2.6_HighFive/docs/phantoms/tasks/PHANTOM-M1-CHECKPOINT-RECOVERY-025/evidence/R4_PENDING022/native-farm-continuation022.txt	1578	9285b459cefe127bbdeeeb6d67802c3c2313881ad1e26c97231ad07a7e3042cc	False
L2J_Mobius_CT_2.6_HighFive/docs/phantoms/tasks/PHANTOM-M1-CHECKPOINT-RECOVERY-025/evidence/R4_PENDING022/native-farm-continuation022.xml	1868	33124b44ea1f44aca295bceec5381bf3b938779af360aa719d79888140db3d81	False
L2J_Mobius_CT_2.6_HighFive/docs/phantoms/tasks/PHANTOM-M1-CHECKPOINT-RECOVERY-025/evidence/R4_RAW_NATIVE022/native-farm-continuation022.txt	2286	810301e9a63bd7aefe52394efa7a1691b7de9543417f7f2271b0e2791f8f6664	False
L2J_Mobius_CT_2.6_HighFive/docs/phantoms/tasks/PHANTOM-M1-CHECKPOINT-RECOVERY-025/evidence/R4_RAW_NATIVE022/native-farm-continuation022.xml	2739	64d0445b8f609d443d86e8d2593dd0ba2399dccbcfacda7c1f77b75a0eaf75db	False
L2J_Mobius_CT_2.6_HighFive/docs/phantoms/tasks/PHANTOM-M1-CHECKPOINT-RECOVERY-025/evidence/R4_RECOVERY_CONTRACTS/checkpoint-recovery025.txt	2024	10561b6548c4ae0b3e9af18e1c0409b41d2cecf47e16ad5655ae2a77a609a73b	False
L2J_Mobius_CT_2.6_HighFive/docs/phantoms/tasks/PHANTOM-M1-CHECKPOINT-RECOVERY-025/evidence/R4_RECOVERY_CONTRACTS/checkpoint-recovery025.xml	2485	9c247dfe4fb4fefbefb900ff914ffea3d08ee1b23b86e85a738eca5146c6353e	False
L2J_Mobius_CT_2.6_HighFive/docs/phantoms/tasks/PHANTOM-M1-CHECKPOINT-RECOVERY-025/evidence/R4_RESTART022/native-farm-continuation022.txt	1536	18acd08042cbe52f277c84d859eda1f7e7310a6257d1d99ceed418f9db0fe272	False
L2J_Mobius_CT_2.6_HighFive/docs/phantoms/tasks/PHANTOM-M1-CHECKPOINT-RECOVERY-025/evidence/R4_RESTART022/native-farm-continuation022.xml	1844	cc2ece82529acfe8b476bf7c08b62388fd0a284faa382160010ca68d2c682622	False
L2J_Mobius_CT_2.6_HighFive/docs/phantoms/tasks/PHANTOM-M1-CHECKPOINT-RECOVERY-025/evidence/R4_SERVER_SHUTDOWN/server-shutdown-handoff.txt	2304	996f148767e75853820255df649a8e33a3ab22b801bc18c20934b9af75ae74d4	False
L2J_Mobius_CT_2.6_HighFive/docs/phantoms/tasks/PHANTOM-M1-CHECKPOINT-RECOVERY-025/evidence/R4_SERVER_SHUTDOWN/server-shutdown-handoff.xml	2819	3940391b4675bc1299fb0a089a1cea10108238c6e5e737dd691b99c7763b05a4	False
L2J_Mobius_CT_2.6_HighFive/docs/phantoms/tasks/PHANTOM-M1-CHECKPOINT-RECOVERY-025/evidence/RED_BINDING025/checkpoint-drain025.txt	1892	6754e2c37111634f7e42ceaefb59eab286c2739b64753761bdd64085af1fb06b	False
L2J_Mobius_CT_2.6_HighFive/docs/phantoms/tasks/PHANTOM-M1-CHECKPOINT-RECOVERY-025/evidence/RED_BINDING025/checkpoint-drain025.xml	2270	6feab19d73cb27765a5560802d4e1312c41c6d49b1f2f4f8668e9c909aca72f4	False
L2J_Mobius_CT_2.6_HighFive/docs/phantoms/tasks/PHANTOM-M1-CHECKPOINT-RECOVERY-025/evidence/RED_COLD025/checkpoint-recovery025.txt	1758	5268dd4262378683299d5019ad60509029837dc9a87ad3949a9e6d2fd151cd0c	False
L2J_Mobius_CT_2.6_HighFive/docs/phantoms/tasks/PHANTOM-M1-CHECKPOINT-RECOVERY-025/evidence/RED_COLD025/checkpoint-recovery025.xml	2089	0fed297da03ecada6198c9334be987b11b9918a677c68eded7691536bd8e7671	False
L2J_Mobius_CT_2.6_HighFive/docs/phantoms/tasks/PHANTOM-M1-CHECKPOINT-RECOVERY-025/evidence/RED_COLD_BEGIN025/checkpoint-recovery025.txt	1758	f03ae3cda006840172f41608f02e3983678f5d9df7161d506df99b594f62d673	False
L2J_Mobius_CT_2.6_HighFive/docs/phantoms/tasks/PHANTOM-M1-CHECKPOINT-RECOVERY-025/evidence/RED_COLD_BEGIN025/checkpoint-recovery025.xml	2089	66aa587d1d5b3b4ed5de80da189e608b60c0d96d2873ed803ecd45e1235faa3e	False
L2J_Mobius_CT_2.6_HighFive/docs/phantoms/tasks/PHANTOM-M1-CHECKPOINT-RECOVERY-025/evidence/RED_COLD_BEGIN025_COMPILED/checkpoint-recovery025.txt	1758	13cd391864b5efeb243eccc44f1e0e620a04a1ce348e5c17263074b9911fd297	False
L2J_Mobius_CT_2.6_HighFive/docs/phantoms/tasks/PHANTOM-M1-CHECKPOINT-RECOVERY-025/evidence/RED_COLD_BEGIN025_COMPILED/checkpoint-recovery025.xml	2089	cfdf570c508c9bf611fb3ab5462d2dce00ad3eaa90079a420d3283a690db1621	False
L2J_Mobius_CT_2.6_HighFive/docs/phantoms/tasks/PHANTOM-M1-CHECKPOINT-RECOVERY-025/evidence/RED_FRACTIONAL_PUBLICATION025/checkpoint-recovery025.txt	2188	a2a3d3a717fd86a671f3d578991a274a4c5f5c5f0c7dfdeb7e0b6d5f58d531ab	False
L2J_Mobius_CT_2.6_HighFive/docs/phantoms/tasks/PHANTOM-M1-CHECKPOINT-RECOVERY-025/evidence/RED_FRACTIONAL_PUBLICATION025/checkpoint-recovery025.xml	2650	793f49c45a3f23425c0dda7c9b4922ebb98f54963c9ed0f6c3fa39c3d98938a1	False
L2J_Mobius_CT_2.6_HighFive/docs/phantoms/tasks/PHANTOM-M1-CHECKPOINT-RECOVERY-025/evidence/RED_LIVE_COMBAT025/checkpoint-recovery025.txt	1653	c2e3c2f4c8c7dd77391ac483d55ccfcdf2416af15c214863d432deab9d3b6254	False
L2J_Mobius_CT_2.6_HighFive/docs/phantoms/tasks/PHANTOM-M1-CHECKPOINT-RECOVERY-025/evidence/RED_LIVE_COMBAT025/checkpoint-recovery025.xml	1995	7250d3bcbaef3f8192520f5fc736e804de38bf73bc310e0cfe7f46ac037349ee	False
L2J_Mobius_CT_2.6_HighFive/docs/phantoms/tasks/PHANTOM-M1-CHECKPOINT-RECOVERY-025/evidence/RED_LIVE_COMBAT025_STOCK_AI/checkpoint-recovery025.txt	1692	d83339fa8c26a293ca0db7666dad35bd17236c81e39460fb38b6b6cb5454e01e	False
L2J_Mobius_CT_2.6_HighFive/docs/phantoms/tasks/PHANTOM-M1-CHECKPOINT-RECOVERY-025/evidence/RED_LIVE_COMBAT025_STOCK_AI/checkpoint-recovery025.xml	2034	0cd83535235fbb5e1ac4fc203f44b3369da698f737c1c99ef038fed17e61fda1	False
L2J_Mobius_CT_2.6_HighFive/docs/phantoms/tasks/PHANTOM-M1-CHECKPOINT-RECOVERY-025/evidence/RED_STALE_GOAL025/checkpoint-recovery025.txt	2147	4c138502ae995beeef9c644af6c0e7293f313887731717b4c7084d51305e68b9	False
L2J_Mobius_CT_2.6_HighFive/docs/phantoms/tasks/PHANTOM-M1-CHECKPOINT-RECOVERY-025/evidence/RED_STALE_GOAL025/checkpoint-recovery025.xml	2624	2909797316cb626de87508cd09cf8538b5e9ba1a787c99e0f89b906b71b3e247	False
L2J_Mobius_CT_2.6_HighFive/docs/phantoms/tasks/PHANTOM-M1-CHECKPOINT-RECOVERY-025/evidence/RED_STOCK_DRAIN025/checkpoint-drain025.txt	1480	785b36e61acb81679c9c0446483db13781263a260bf12f6eab31aa12e0ec8d4a	False
L2J_Mobius_CT_2.6_HighFive/docs/phantoms/tasks/PHANTOM-M1-CHECKPOINT-RECOVERY-025/evidence/RED_STOCK_DRAIN025/checkpoint-drain025.xml	1768	3f4df9085388f548f30f1d72cd4e8e0fb018b695cf051de7b73c0cbcd0240ee0	False
L2J_Mobius_CT_2.6_HighFive/docs/phantoms/tasks/PHANTOM-M1-CHECKPOINT-RECOVERY-025/evidence/RED_TWO_STOCK_DRAINS025/checkpoint-drain025.txt	1653	c90f9b369747ec1fefbffa2f62a71e50b5b82dbbc9415119e21d0a7c6153650a	False
L2J_Mobius_CT_2.6_HighFive/docs/phantoms/tasks/PHANTOM-M1-CHECKPOINT-RECOVERY-025/evidence/RED_TWO_STOCK_DRAINS025/checkpoint-drain025.xml	1984	c9c3f74ea617aa43aa512e78482c68bdc668192fa568bd83ed53ca2875994e95	False
L2J_Mobius_CT_2.6_HighFive/docs/phantoms/tasks/PHANTOM-M1-CHECKPOINT-RECOVERY-025/evidence/REG_NATIVE_REVIEW025/m1-native-lifecycle.txt	2207	70e708cfae7f4dcdd7db8b48161ce67abd9da53a245cb5269d39def5574d0eb4	False
L2J_Mobius_CT_2.6_HighFive/docs/phantoms/tasks/PHANTOM-M1-CHECKPOINT-RECOVERY-025/evidence/REG_NATIVE_REVIEW025/m1-native-lifecycle.xml	2632	338b80ae983cb118a788088ca32e28b3485967b011f91c8e697164c5fa5766b0	False
L2J_Mobius_CT_2.6_HighFive/docs/phantoms/tasks/PHANTOM-M1-CHECKPOINT-RECOVERY-025/evidence/REMOTE_BEFORE_FINAL_PACKET.txt	91	491f21002e120a87eb437e05f1087ede9eccfbd6529ade29ff621f4ec45a92b9	False
L2J_Mobius_CT_2.6_HighFive/docs/phantoms/tasks/PHANTOM-M1-CHECKPOINT-RECOVERY-025/evidence/retained-cohort.json	20	2b6a4f4086c9b81b89c5e34494530776db6952625f2beb94f5fe45044686a195	False
L2J_Mobius_CT_2.6_HighFive/docs/phantoms/tasks/PHANTOM-M1-CHECKPOINT-RECOVERY-025/evidence/RETAINED452_BEFORE/characters.tsv	218	d3f3934af1aca8496cca6da423cdc33d86804162de671b47429cbed924a2d3ad	False
L2J_Mobius_CT_2.6_HighFive/docs/phantoms/tasks/PHANTOM-M1-CHECKPOINT-RECOVERY-025/evidence/RETAINED452_BEFORE/counts.tsv	91	aab3b1267a63af78e3c4d0d4c1b1c817e5fc4cb9a29f65ec42b30fe7f3215f63	False
L2J_Mobius_CT_2.6_HighFive/docs/phantoms/tasks/PHANTOM-M1-CHECKPOINT-RECOVERY-025/evidence/RETAINED452_BEFORE/durable-decoded.tsv	533	7257990f25b9d7cc53e4295b195d8368f98b4e57e372f98179e4aeac1632ed6d	False
L2J_Mobius_CT_2.6_HighFive/docs/phantoms/tasks/PHANTOM-M1-CHECKPOINT-RECOVERY-025/evidence/RETAINED452_BEFORE/durable-hex.tsv	6596	54d741fe86a9bfbe30f19c497fa8dcb22fca236371a514599a6a4309a2d8c81a	False
L2J_Mobius_CT_2.6_HighFive/docs/phantoms/tasks/PHANTOM-M1-CHECKPOINT-RECOVERY-025/evidence/RETAINED452_BEFORE/items.tsv	1700	2d192f0ca183b55a80ddc1069fc03c2f7bb8734d3b1accc90cb1330ecb31ba02	False
L2J_Mobius_CT_2.6_HighFive/docs/phantoms/tasks/PHANTOM-M1-CHECKPOINT-RECOVERY-025/evidence/RETAINED452_BEFORE/runtime-manifest.json	977	1bdd206c8ffa320084af7679349a90232f1f7aa45144914512b71f4e048a285f	False
L2J_Mobius_CT_2.6_HighFive/docs/phantoms/tasks/PHANTOM-M1-CHECKPOINT-RECOVERY-025/evidence/RETAINED452_BEFORE/skills.tsv	239	676c09f7f588fbd968d9227c0da5db5d8e52690505895998970a0f32125480f3	False
L2J_Mobius_CT_2.6_HighFive/docs/phantoms/tasks/PHANTOM-M1-CHECKPOINT-RECOVERY-025/export-a1-early.log	747	fa8f566ad8cc6f529002168c381155caf1f1d789fd406df88ae103751ad44405	False
L2J_Mobius_CT_2.6_HighFive/docs/phantoms/tasks/PHANTOM-M1-CHECKPOINT-RECOVERY-025/export-a1-stopped.log	749	2cae177f203e0f9952d604fe374e80d6cf11de6eda7c1e7af8d402d1c62c2677	False
L2J_Mobius_CT_2.6_HighFive/docs/phantoms/tasks/PHANTOM-M1-CHECKPOINT-RECOVERY-025/export-a2-early.log	747	2a023c03d0a0177f804a4c0d83dda423216ea6816a1e31447a7caaca370f6927	False
L2J_Mobius_CT_2.6_HighFive/docs/phantoms/tasks/PHANTOM-M1-CHECKPOINT-RECOVERY-025/export-c-r2-stopped.log	747	ce092190dd6610e9012c0f2d8dcc48fb490381794823a9cdd47b9cf2a700fb28	False
L2J_Mobius_CT_2.6_HighFive/docs/phantoms/tasks/PHANTOM-M1-CHECKPOINT-RECOVERY-025/export-c-r3-a.log	749	26e2d15da495a63e54a5c505c5376cd4d7a15e8076cdcc1b204b48a72b7ebcd1	False
L2J_Mobius_CT_2.6_HighFive/docs/phantoms/tasks/PHANTOM-M1-CHECKPOINT-RECOVERY-025/export-c-r3-restart1.log	752	08a943a01f30b8d17c9f4d463e0d7bfaa4738a6b29aacbe7f2a211d25d883371	False
L2J_Mobius_CT_2.6_HighFive/docs/phantoms/tasks/PHANTOM-M1-CHECKPOINT-RECOVERY-025/export-c-r4-a-run.log	749	0478fd429499a49d2c9ba6fec5b37f00afa50b6c8d561337acee42fe37085d62	False
L2J_Mobius_CT_2.6_HighFive/docs/phantoms/tasks/PHANTOM-M1-CHECKPOINT-RECOVERY-025/export-c-r4-b2-stopped.log	750	f147707c462061dd8c54375b345d7a4e345311d2d47115aaad98723194adcfc3	False
L2J_Mobius_CT_2.6_HighFive/docs/phantoms/tasks/PHANTOM-M1-CHECKPOINT-RECOVERY-025/export-c-r4-group-restart1.log	756	b0c22a9c14ccc1a4569f8d1c0b22200bef3011160588efd11663f45408896922	False
L2J_Mobius_CT_2.6_HighFive/docs/phantoms/tasks/PHANTOM-M1-CHECKPOINT-RECOVERY-025/export-c-r4-group-restart2.log	756	f8eaa1420a180d4b0c474bd19739058611c092c68bd8dfd524b728217e892a62	False
L2J_Mobius_CT_2.6_HighFive/docs/phantoms/tasks/PHANTOM-M1-CHECKPOINT-RECOVERY-025/export-d-r4-a-stopped.log	749	d94a40caf675c63ed9c64f30a81b8649e9786f58642256fe1c05e0f8a43bab10	False
L2J_Mobius_CT_2.6_HighFive/docs/phantoms/tasks/PHANTOM-M1-CHECKPOINT-RECOVERY-025/export-h-before-run.log	754	d4f0533ac0c4faa3f0060c1cdc87bc34d370b5bde6091beb9e480572063e8d13	False
L2J_Mobius_CT_2.6_HighFive/docs/phantoms/tasks/PHANTOM-M1-CHECKPOINT-RECOVERY-025/export-h-first-stopped.log	753	a5f6522514e30b495d12ba83656a98c9a44e80d058999e0d60a9c0fde3bc9345	False
L2J_Mobius_CT_2.6_HighFive/docs/phantoms/tasks/PHANTOM-M1-CHECKPOINT-RECOVERY-025/export-h-second-early.log	752	740568d2e5a89e8947f59014748290148c02b95798951da1e1f9a8b0a1ede45f	False
L2J_Mobius_CT_2.6_HighFive/docs/phantoms/tasks/PHANTOM-M1-CHECKPOINT-RECOVERY-025/export-retained-before.log	749	da32f19b023a0291afc06f7856b01f8bf2003c044a456b2a703879d6aa045ca1	False
L2J_Mobius_CT_2.6_HighFive/docs/phantoms/tasks/PHANTOM-M1-CHECKPOINT-RECOVERY-025/final-r4-c-b-run.log	1161	e05413d60017c5a771ec3c16b51383e498141fb96376379d3a52b14526d52481	False
L2J_Mobius_CT_2.6_HighFive/docs/phantoms/tasks/PHANTOM-M1-CHECKPOINT-RECOVERY-025/final-r4-d-a-run.log	1160	0fac7e3715f9d4b0f6a2b689e6bdda7ffb5b8c6e10e627fc1898211bdf25eba1	False
L2J_Mobius_CT_2.6_HighFive/docs/phantoms/tasks/PHANTOM-M1-CHECKPOINT-RECOVERY-025/final-r4-scene-a-run.log	139	bb7e96bcc802807fc385e4dc9a1f7e5454bc2a9c75dab8bb83f3195caff1bac0	False
L2J_Mobius_CT_2.6_HighFive/docs/phantoms/tasks/PHANTOM-M1-CHECKPOINT-RECOVERY-025/final-r4-scene-b-run.log	139	0ee16451f2985cd4327c3730037123367987fd277977afc8cfca50c82a52e1a9	False
L2J_Mobius_CT_2.6_HighFive/docs/phantoms/tasks/PHANTOM-M1-CHECKPOINT-RECOVERY-025/final-r4-scene-b2-run.log	1181	2ae4ec3a679d6ad0873da75a4e8b67ec4edfd8f4edf4e90206d4a8944be55aa9	False
L2J_Mobius_CT_2.6_HighFive/docs/phantoms/tasks/PHANTOM-M1-CHECKPOINT-RECOVERY-025/final-r4-scene-e-run.log	1060	31396f19b76bd0d04279baa6c77151241659857f17933921aeeace2b7a60e1bf	False
L2J_Mobius_CT_2.6_HighFive/docs/phantoms/tasks/PHANTOM-M1-CHECKPOINT-RECOVERY-025/FIX_LEDGER.md	5961	ed900bf0888d2f0bfe2f39f3cb94ba00b4a3c91dff419618bab25ecc6c1ec475	True
L2J_Mobius_CT_2.6_HighFive/docs/phantoms/tasks/PHANTOM-M1-CHECKPOINT-RECOVERY-025/fixture-b-collision-select.tsv	180	0958aa9755c37c0638b73258d52ee7c739bfb4a3d53db9fdb033f8ebb18ff476	True
L2J_Mobius_CT_2.6_HighFive/docs/phantoms/tasks/PHANTOM-M1-CHECKPOINT-RECOVERY-025/fixture-reset025-01.log	0	e3b0c44298fc1c149afbf4c8996fb92427ae41e4649b934ca495991b7852b855	False
L2J_Mobius_CT_2.6_HighFive/docs/phantoms/tasks/PHANTOM-M1-CHECKPOINT-RECOVERY-025/FIXTURE_RESET025_01.json	509	de255601ca8ec9372f72256eb218a90783abc4bf69913ee115f0390f6697c1ff	False
L2J_Mobius_CT_2.6_HighFive/docs/phantoms/tasks/PHANTOM-M1-CHECKPOINT-RECOVERY-025/flush-c-r2.log	39	acc14f375f7491b1c15bad215bf9f37e6c39c45b92a72c3916bae70b00776ccd	False
L2J_Mobius_CT_2.6_HighFive/docs/phantoms/tasks/PHANTOM-M1-CHECKPOINT-RECOVERY-025/flush-c-r3-a.log	39	d9b0d880e7b0a5bcf3c73c84d2c42991dfed4a2f5cbd9247bf5af0992df941ad	False
L2J_Mobius_CT_2.6_HighFive/docs/phantoms/tasks/PHANTOM-M1-CHECKPOINT-RECOVERY-025/GIT_COMMANDS.md	30548	07ca8d79479eec78163e3a0500b9326824d59f09b2de3cfb5c1d84bfdf537f4f	True
L2J_Mobius_CT_2.6_HighFive/docs/phantoms/tasks/PHANTOM-M1-CHECKPOINT-RECOVERY-025/GOAL.md	4376	5c3ef5bc7cc27e7aaf33d253d23ede88d26290dbdebcaa85d789e4fac0380486	True
L2J_Mobius_CT_2.6_HighFive/docs/phantoms/tasks/PHANTOM-M1-CHECKPOINT-RECOVERY-025/green-binding-run.log	913	d067e8f6a7061f5bd2f9559a964fc8c50e03b757c8c8a5449db40556e26ff727	False
L2J_Mobius_CT_2.6_HighFive/docs/phantoms/tasks/PHANTOM-M1-CHECKPOINT-RECOVERY-025/green-fractional-publication-run.log	880	61d0988fd229937f973e07b8e131f928d010aac0acd83eee63e099985f2ff31d	False
L2J_Mobius_CT_2.6_HighFive/docs/phantoms/tasks/PHANTOM-M1-CHECKPOINT-RECOVERY-025/green-live-typed-run.log	906	18393931f4fe8758e0cbc00d423fa4421bc0d610eb456fa131d2255dcf6e714c	False
L2J_Mobius_CT_2.6_HighFive/docs/phantoms/tasks/PHANTOM-M1-CHECKPOINT-RECOVERY-025/green-stale-run.log	862	3b9d0c54b5c64d1b601ff1d2d6bb6cd0f9ccdb7d95f592830796f66ad3f95a40	False
L2J_Mobius_CT_2.6_HighFive/docs/phantoms/tasks/PHANTOM-M1-CHECKPOINT-RECOVERY-025/green-stock-drain-run.log	897	4b50ebfb9e34496ce7ddffd297d5b3ac4efbd8e5c66affd18fd6e4e999b1328a	False
L2J_Mobius_CT_2.6_HighFive/docs/phantoms/tasks/PHANTOM-M1-CHECKPOINT-RECOVERY-025/green-typed-boundaries-run.log	1008	273bfcdf42983e18ace565cacf6c4f70b8563c99c28cbe639f964f7710e701f7	False
L2J_Mobius_CT_2.6_HighFive/docs/phantoms/tasks/PHANTOM-M1-CHECKPOINT-RECOVERY-025/green-typed-distinct-run.log	880	7b328a73a35b4fdf6279886f9538a80beca017e67b327ce52934b6af31c70194	False
L2J_Mobius_CT_2.6_HighFive/docs/phantoms/tasks/PHANTOM-M1-CHECKPOINT-RECOVERY-025/GREEN_BINDING025.log	14510	7ec1017566616b0cd92858d742907baaa9c2a3b0033e853982db8f4b566549b2	False
L2J_Mobius_CT_2.6_HighFive/docs/phantoms/tasks/PHANTOM-M1-CHECKPOINT-RECOVERY-025/GREEN_COLD025.log	16153	3264565da87ef53a87268f29a4d7eb5f32998e63e2be0500987f415c8b462c2c	False
L2J_Mobius_CT_2.6_HighFive/docs/phantoms/tasks/PHANTOM-M1-CHECKPOINT-RECOVERY-025/GREEN_COLD_BEGIN025.log	14525	07e35e57462eede0619b8ebad6aa3647b691eae483fbe8702b10ba1ae1ffb7d5	False
L2J_Mobius_CT_2.6_HighFive/docs/phantoms/tasks/PHANTOM-M1-CHECKPOINT-RECOVERY-025/GREEN_FRACTIONAL_PUBLICATION025.log	14789	b46030b820db6cc3f9d774ca5cc31c9df4c342fe5f2007fa67ffb2cd9ec2cde5	False
L2J_Mobius_CT_2.6_HighFive/docs/phantoms/tasks/PHANTOM-M1-CHECKPOINT-RECOVERY-025/GREEN_LIVE_TYPED025.log	14503	6a4c9b2ee4af16ae90ca2b0948dc0b10194233bb355e0c9b9a3ce27e4e05115a	False
L2J_Mobius_CT_2.6_HighFive/docs/phantoms/tasks/PHANTOM-M1-CHECKPOINT-RECOVERY-025/GREEN_STALE_GOAL025.log	14858	0bb68b253b4cb51bae85929096b7ee1f07444d740806d7878689a4c6c728b62c	False
L2J_Mobius_CT_2.6_HighFive/docs/phantoms/tasks/PHANTOM-M1-CHECKPOINT-RECOVERY-025/GREEN_STOCK_DRAIN025.log	14360	cf21e217762c199cdad67aa532fb208c90d6b747c689f700fde4f53a3eb3035e	False
L2J_Mobius_CT_2.6_HighFive/docs/phantoms/tasks/PHANTOM-M1-CHECKPOINT-RECOVERY-025/GREEN_TYPED_BOUNDARIES025.log	14917	c51fcce7f7420f1f06e87faf4ac53e0f8608049bde709fb197e8d05ca866e193	False
L2J_Mobius_CT_2.6_HighFive/docs/phantoms/tasks/PHANTOM-M1-CHECKPOINT-RECOVERY-025/GREEN_TYPED_DISTINCT_NATIVE025.log	14789	9715dc0386d4cc187adc6e72ef4e6f963159e23470a3b120cb19da81be51a6f9	False
L2J_Mobius_CT_2.6_HighFive/docs/phantoms/tasks/PHANTOM-M1-CHECKPOINT-RECOVERY-025/h-r4-cold-probe-run.log	1584	4692d6a073162e390e25bb6f9707b5df2ef75268af3d5e014938e247157e8309	False
L2J_Mobius_CT_2.6_HighFive/docs/phantoms/tasks/PHANTOM-M1-CHECKPOINT-RECOVERY-025/HANDOFF.md	3813	481cb58042fe51872216f5e63887b3616b1db68e5db8059474b9597eccda4ba3	True
L2J_Mobius_CT_2.6_HighFive/docs/phantoms/tasks/PHANTOM-M1-CHECKPOINT-RECOVERY-025/MODEL.md	286	9b8c86b82f55393b725bc8f8adb509bc425b69aa6b22372558c9711afbd98df9	True
L2J_Mobius_CT_2.6_HighFive/docs/phantoms/tasks/PHANTOM-M1-CHECKPOINT-RECOVERY-025/MORNING.md	1268	b99340ac210a31273893e9f720a7e88e8560917a92c6ef054581c50abaac8d95	True
L2J_Mobius_CT_2.6_HighFive/docs/phantoms/tasks/PHANTOM-M1-CHECKPOINT-RECOVERY-025/Observe025.ps1	5452	dd99d1aa3761849c041527930cca54d82dc005ec6fdcdf925f7cdfbea7243ed6	True
L2J_Mobius_CT_2.6_HighFive/docs/phantoms/tasks/PHANTOM-M1-CHECKPOINT-RECOVERY-025/PACKAGE_CHECKS.md	574	70d6a4a34f386441bc10bb2654e38ebaea9f15db00dc91b20d86b129809d2855	True
L2J_Mobius_CT_2.6_HighFive/docs/phantoms/tasks/PHANTOM-M1-CHECKPOINT-RECOVERY-025/PACKAGE_MANIFEST.json	5131	2045520e59b70c99edba5ea0168d8b2580b372b4b78a8edeea1a9ea51989555b	False
L2J_Mobius_CT_2.6_HighFive/docs/phantoms/tasks/PHANTOM-M1-CHECKPOINT-RECOVERY-025/PATCH_GUIDE.md	5828	05f51e6b1178bbf3c122a7bc7188d6e7d15723041ff462c96723752181bd333b	True
L2J_Mobius_CT_2.6_HighFive/docs/phantoms/tasks/PHANTOM-M1-CHECKPOINT-RECOVERY-025/PLAN.md	7107	fafbd0c4cba91117e2751a20a4d53f70708bc1b2ac7c169cc1946b9d34162b4c	True
L2J_Mobius_CT_2.6_HighFive/docs/phantoms/tasks/PHANTOM-M1-CHECKPOINT-RECOVERY-025/prepare-a.log	280	ee7c944e6e4207946d0cdced92f4788a42b6d3ba6210b5416413a8b95ca99948	False
L2J_Mobius_CT_2.6_HighFive/docs/phantoms/tasks/PHANTOM-M1-CHECKPOINT-RECOVERY-025/prepare-b.log	268	118266bcbd3a6e92e2785ce5bbecad1d36bea57931560f5c0c793b2a18f48b61	False
L2J_Mobius_CT_2.6_HighFive/docs/phantoms/tasks/PHANTOM-M1-CHECKPOINT-RECOVERY-025/prepare-c.log	268	7a28b92c959c098be879d73bb662f6ac4af88f0c8f1578232b5e5e78312e2d24	False
L2J_Mobius_CT_2.6_HighFive/docs/phantoms/tasks/PHANTOM-M1-CHECKPOINT-RECOVERY-025/prepare-d-frozen-r4.log	268	407053e393a040edafb7a092f66d721e6dccac452db3b2318c64b0cc962305c8	False
L2J_Mobius_CT_2.6_HighFive/docs/phantoms/tasks/PHANTOM-M1-CHECKPOINT-RECOVERY-025/prepare-e-r4.log	268	941c5c1d72d7495c6663a60adf200a7b9ce2abf8391caaaeed9867a20d419fe9	False
L2J_Mobius_CT_2.6_HighFive/docs/phantoms/tasks/PHANTOM-M1-CHECKPOINT-RECOVERY-025/prepare-h-retained-r4.log	280	4debb83aa3311948988aadd07e75eae47866fcb2cf23b38ea132a9094e46406b	False
L2J_Mobius_CT_2.6_HighFive/docs/phantoms/tasks/PHANTOM-M1-CHECKPOINT-RECOVERY-025/Prepare025.ps1	3902	4020c67a2176443aad914ac698beec3dc13a03df8c9ebe37aa9e121a0dfea0d3	True
L2J_Mobius_CT_2.6_HighFive/docs/phantoms/tasks/PHANTOM-M1-CHECKPOINT-RECOVERY-025/probe-a1.log	1587	dc76e1b61af6153e5d731aa5b339b9cf7e47ced3f6b9fabfed19e138a0f1daa6	False
L2J_Mobius_CT_2.6_HighFive/docs/phantoms/tasks/PHANTOM-M1-CHECKPOINT-RECOVERY-025/probe-c-r1-2.log	0	e3b0c44298fc1c149afbf4c8996fb92427ae41e4649b934ca495991b7852b855	False
L2J_Mobius_CT_2.6_HighFive/docs/phantoms/tasks/PHANTOM-M1-CHECKPOINT-RECOVERY-025/probe-c-r1-3.log	98	e6844ef17a635bfd2bee5445a77e64fe1effa2406911ed7d961eab2c442c0e8f	False
L2J_Mobius_CT_2.6_HighFive/docs/phantoms/tasks/PHANTOM-M1-CHECKPOINT-RECOVERY-025/probe-c-r1.log	0	e3b0c44298fc1c149afbf4c8996fb92427ae41e4649b934ca495991b7852b855	False
L2J_Mobius_CT_2.6_HighFive/docs/phantoms/tasks/PHANTOM-M1-CHECKPOINT-RECOVERY-025/probe-c-r2.log	139	e1a5db65c7f5edc8a6910e5c17945f51b3c88e3398d48d0c359dbcca504bc9f6	False
L2J_Mobius_CT_2.6_HighFive/docs/phantoms/tasks/PHANTOM-M1-CHECKPOINT-RECOVERY-025/PROGRESS_CURRENT.md	12617	fa03f402aaed5f60cfd909b76ea42bdc81d26aa817d6c48e72350d9c8de8dce2	True
L2J_Mobius_CT_2.6_HighFive/docs/phantoms/tasks/PHANTOM-M1-CHECKPOINT-RECOVERY-025/proposals/CheckpointPolicy025.java	4308	9c20e9012605ac77c3f7cf91654a9d7ad4d7ff5c94dcbb7cd55a1f7e74160fcb	False
L2J_Mobius_CT_2.6_HighFive/docs/phantoms/tasks/PHANTOM-M1-CHECKPOINT-RECOVERY-025/proposals/CheckpointPolicy025Test.java	5417	98859a76dc58841443537aa4a1fd04b75cda48fd9bfcfebc218ac50231394565	False
L2J_Mobius_CT_2.6_HighFive/docs/phantoms/tasks/PHANTOM-M1-CHECKPOINT-RECOVERY-025/proposals/README.md	1170	af1877784989ba1b5f0779655d651f720dd103929ef133f977b984163de4a8d0	False
L2J_Mobius_CT_2.6_HighFive/docs/phantoms/tasks/PHANTOM-M1-CHECKPOINT-RECOVERY-025/proposals/recovery-flow.java-snippet	1176	537716d534da94af3a44f8f0132160bc20bd8d5d2aba7b05f946464f11dacd5b	False
L2J_Mobius_CT_2.6_HighFive/docs/phantoms/tasks/PHANTOM-M1-CHECKPOINT-RECOVERY-025/r2-checkpoint-contracts-run.log	880	ed4729dedcb72a3428e54eef51078f52f13aa0ec7c37754f83a7f61a37f555fe	False
L2J_Mobius_CT_2.6_HighFive/docs/phantoms/tasks/PHANTOM-M1-CHECKPOINT-RECOVERY-025/r2-native-review-run.log	907	591fa6ec28bea3fc70121209b02f0dd70285e47864579b50bb3942747bd409cf	False
L2J_Mobius_CT_2.6_HighFive/docs/phantoms/tasks/PHANTOM-M1-CHECKPOINT-RECOVERY-025/r2-observer-hook-checkpoints-run.log	880	fb97dfc2cff4baf061e21accf91e72fe051b67990c342a2117ed0869261db12b	False
L2J_Mobius_CT_2.6_HighFive/docs/phantoms/tasks/PHANTOM-M1-CHECKPOINT-RECOVERY-025/r2-owned-store-matrix-run.log	926	6773901409f2b6b88a1ee38cf8e13d9993a216fc3f404d973c5662efcbffdd22	False
L2J_Mobius_CT_2.6_HighFive/docs/phantoms/tasks/PHANTOM-M1-CHECKPOINT-RECOVERY-025/r2-stock-drain-run.log	897	7d71fef7a903108fb981099425062bd9c576c2d18d85930dd98673165bc90e6c	False
L2J_Mobius_CT_2.6_HighFive/docs/phantoms/tasks/PHANTOM-M1-CHECKPOINT-RECOVERY-025/R2_CHECKPOINT_CONTRACTS.log	14789	5af031461a6f3318b922246bd6f39f15bb640fc494126cf3441aaccc87a8f48f	False
L2J_Mobius_CT_2.6_HighFive/docs/phantoms/tasks/PHANTOM-M1-CHECKPOINT-RECOVERY-025/R2_NATIVE_REVIEW.log	15744	bf54eb3edb36d109b61aec355414b2213ce98c7764aaceb723da19b3b3eaac3f	False
L2J_Mobius_CT_2.6_HighFive/docs/phantoms/tasks/PHANTOM-M1-CHECKPOINT-RECOVERY-025/R2_OBSERVER_HOOK_CHECKPOINTS.log	14789	8aade2562fb221042144025ef499596a871e405b78d279bbad584e800981a8ec	False
L2J_Mobius_CT_2.6_HighFive/docs/phantoms/tasks/PHANTOM-M1-CHECKPOINT-RECOVERY-025/R2_OWNED_STORE_MATRIX.log	55908	d450aa0f69d7c648b7c2dc5931a778fc0ab4fae85677cecc582d813374490e21	False
L2J_Mobius_CT_2.6_HighFive/docs/phantoms/tasks/PHANTOM-M1-CHECKPOINT-RECOVERY-025/R2_STOCK_DRAIN.log	14360	214259b41edea4d86a8c2ace56afa9b3ab0574bf0b41e1a6757786c39ee18d2b	False
L2J_Mobius_CT_2.6_HighFive/docs/phantoms/tasks/PHANTOM-M1-CHECKPOINT-RECOVERY-025/r3-a-correlation.log	1188	40bb99c776085e8942fa8072734b21831aa58033d6d87abc8211a7cc9223aed6	False
L2J_Mobius_CT_2.6_HighFive/docs/phantoms/tasks/PHANTOM-M1-CHECKPOINT-RECOVERY-025/r3-admission18-run.log	1847	bc0d9e0de230538b9d45edd407c9c09aeb42b56e0bb807bef7d2853499137482	False
L2J_Mobius_CT_2.6_HighFive/docs/phantoms/tasks/PHANTOM-M1-CHECKPOINT-RECOVERY-025/r3-committed-jar.log	44	e2135277aa1f3ea9a87576cb7519fbd49286f29a917ccaea4a752864dacdcccc	False
L2J_Mobius_CT_2.6_HighFive/docs/phantoms/tasks/PHANTOM-M1-CHECKPOINT-RECOVERY-025/r3-complete-compile.log	772	5a1e9d4890bf26a516ddb5c48fc17fb773b64c0be55c25a517c3dac1c9ac4a1f	False
L2J_Mobius_CT_2.6_HighFive/docs/phantoms/tasks/PHANTOM-M1-CHECKPOINT-RECOVERY-025/r3-handoff15-run.log	897	88910a1544b864c7dd00f2e8603fb17aec629b96296243acacf35997f88a1e81	False
L2J_Mobius_CT_2.6_HighFive/docs/phantoms/tasks/PHANTOM-M1-CHECKPOINT-RECOVERY-025/r3-lawful-run.log	1347	2e2769a5cbd6bd73cee703e78692922e6df7d0e9b659e85d2e1c4a88814b10aa	False
L2J_Mobius_CT_2.6_HighFive/docs/phantoms/tasks/PHANTOM-M1-CHECKPOINT-RECOVERY-025/r3-local-recovery-fresh-run.log	835	dbc9e6dc85b2935243ee632ab38fe3c59e76ef286ea3be737eddd825cfeba7e0	False
L2J_Mobius_CT_2.6_HighFive/docs/phantoms/tasks/PHANTOM-M1-CHECKPOINT-RECOVERY-025/r3-local-recovery-run.log	1091	badad80302c1b0fd09d99884c4c98fe60ed48c53ea4e3416c95821823308fd1b	False
L2J_Mobius_CT_2.6_HighFive/docs/phantoms/tasks/PHANTOM-M1-CHECKPOINT-RECOVERY-025/r3-native-review-run.log	907	3d78c89c8e62a9fad0c68bcf477909d836a4dd7ac5fed6af9d409e5529e4754b	False
L2J_Mobius_CT_2.6_HighFive/docs/phantoms/tasks/PHANTOM-M1-CHECKPOINT-RECOVERY-025/r3-pair-compile.log	772	5a1e9d4890bf26a516ddb5c48fc17fb773b64c0be55c25a517c3dac1c9ac4a1f	False
L2J_Mobius_CT_2.6_HighFive/docs/phantoms/tasks/PHANTOM-M1-CHECKPOINT-RECOVERY-025/r3-scope-closure-run.log	1526	26c29c20738ae8ee3a81c7b102a5f13c8757261a75450525e12c5b0c6a3a9493	False
L2J_Mobius_CT_2.6_HighFive/docs/phantoms/tasks/PHANTOM-M1-CHECKPOINT-RECOVERY-025/r3-stale-compile.log	772	5a1e9d4890bf26a516ddb5c48fc17fb773b64c0be55c25a517c3dac1c9ac4a1f	False
L2J_Mobius_CT_2.6_HighFive/docs/phantoms/tasks/PHANTOM-M1-CHECKPOINT-RECOVERY-025/r3-stale-green-compile.log	772	5a1e9d4890bf26a516ddb5c48fc17fb773b64c0be55c25a517c3dac1c9ac4a1f	False
L2J_Mobius_CT_2.6_HighFive/docs/phantoms/tasks/PHANTOM-M1-CHECKPOINT-RECOVERY-025/r3-two-drains-run.log	886	67cfabf8d57a4544bd2e93de093d118509c102272edc27ff631d3b5411ae540f	False
L2J_Mobius_CT_2.6_HighFive/docs/phantoms/tasks/PHANTOM-M1-CHECKPOINT-RECOVERY-025/R3_ADMISSION18.log	19950	32037226aee61000eea84588b9f9166338c87c2420c8ffe0dbf86a8efb13644f	False
L2J_Mobius_CT_2.6_HighFive/docs/phantoms/tasks/PHANTOM-M1-CHECKPOINT-RECOVERY-025/R3_HANDOFF15.log	22800	53d8582fbe80556b827fa15f59403dd1abc3631242de42c1580d4e60e84596f6	False
L2J_Mobius_CT_2.6_HighFive/docs/phantoms/tasks/PHANTOM-M1-CHECKPOINT-RECOVERY-025/R3_LAWFUL_BOUNDARIES023.log	20287	b3744a05c115500017c8c5dcdbcf96297b277c2fa86321404c2a6e9b16544932	False
L2J_Mobius_CT_2.6_HighFive/docs/phantoms/tasks/PHANTOM-M1-CHECKPOINT-RECOVERY-025/R3_LOCAL_RECOVERY024.log	15854	6f3b5cf4711ece89c4569ddc2883916c28c42c46e296d180d52d76e44c1be2ac	False
L2J_Mobius_CT_2.6_HighFive/docs/phantoms/tasks/PHANTOM-M1-CHECKPOINT-RECOVERY-025/R3_LOCAL_RECOVERY024_FRESH.log	16153	86a25cc070b21fb01648395ea44ced9cf0efdb61d0a90b88804d1d9feccbd581	False
L2J_Mobius_CT_2.6_HighFive/docs/phantoms/tasks/PHANTOM-M1-CHECKPOINT-RECOVERY-025/R3_NATIVE_REVIEW.log	15743	617fb818e0785dfa707581d3239d851504642b3ee5de8f2f0c5d1a1ccbd6b560	False
L2J_Mobius_CT_2.6_HighFive/docs/phantoms/tasks/PHANTOM-M1-CHECKPOINT-RECOVERY-025/R3_SCOPE_CLOSURE.log	14176	cfe22368d245faa2324de9a107c84d6e49bb52a22a5cc9688a341b0a473e055b	False
L2J_Mobius_CT_2.6_HighFive/docs/phantoms/tasks/PHANTOM-M1-CHECKPOINT-RECOVERY-025/R3_TWO_STOCK_DRAINS025.log	14432	d123177b090bd9072083391a8534075d3b8d2f2ef6b78a373f1706d35ae4da8c	False
L2J_Mobius_CT_2.6_HighFive/docs/phantoms/tasks/PHANTOM-M1-CHECKPOINT-RECOVERY-025/r4-binding-green-compile.log	772	5a1e9d4890bf26a516ddb5c48fc17fb773b64c0be55c25a517c3dac1c9ac4a1f	False
L2J_Mobius_CT_2.6_HighFive/docs/phantoms/tasks/PHANTOM-M1-CHECKPOINT-RECOVERY-025/r4-binding-red-compile.log	4291	d813f6e683b69c22d1c2a5260b8fb99f869528ae382c6633dab299611137cec8	False
L2J_Mobius_CT_2.6_HighFive/docs/phantoms/tasks/PHANTOM-M1-CHECKPOINT-RECOVERY-025/r4-binding-red-compile2.log	772	5a1e9d4890bf26a516ddb5c48fc17fb773b64c0be55c25a517c3dac1c9ac4a1f	False
L2J_Mobius_CT_2.6_HighFive/docs/phantoms/tasks/PHANTOM-M1-CHECKPOINT-RECOVERY-025/r4-committed-jar.log	44	e2135277aa1f3ea9a87576cb7519fbd49286f29a917ccaea4a752864dacdcccc	False
L2J_Mobius_CT_2.6_HighFive/docs/phantoms/tasks/PHANTOM-M1-CHECKPOINT-RECOVERY-025/r4-current-intent-run.log	932	cb06c736e438b68a378f5e886ef967a5b7805215bd7bd932c5bde2e71bbca546	False
L2J_Mobius_CT_2.6_HighFive/docs/phantoms/tasks/PHANTOM-M1-CHECKPOINT-RECOVERY-025/r4-dynamic-native-run.log	2064	673025a5a8cd5544ae658fa4bc4cdb1053abe808484f5acec99a4ff470756b4f	False
L2J_Mobius_CT_2.6_HighFive/docs/phantoms/tasks/PHANTOM-M1-CHECKPOINT-RECOVERY-025/r4-ecology-handoff6-run.log	610	91a042da8624926c23d61b68cbd4c5000e459d426efdbf64e5bcd6e706ebbe7d	False
L2J_Mobius_CT_2.6_HighFive/docs/phantoms/tasks/PHANTOM-M1-CHECKPOINT-RECOVERY-025/r4-ecology30-correct-seed-run.log	800	d726a3ae3cd1a204734a3a6f8e9b3a38185104da9185fdf3551aded247b27989	False
L2J_Mobius_CT_2.6_HighFive/docs/phantoms/tasks/PHANTOM-M1-CHECKPOINT-RECOVERY-025/r4-ecology30-run.log	247	0823032a2e643f981a2d8a53d2c0bbaa30aa64cbf1fcb0e6fb13f4639de19ceb	False
L2J_Mobius_CT_2.6_HighFive/docs/phantoms/tasks/PHANTOM-M1-CHECKPOINT-RECOVERY-025/r4-fighter022-run.log	885	4953263ce400b1a26ac059726f4da335c0b00a9aa5044869760febefedf06f21	False
L2J_Mobius_CT_2.6_HighFive/docs/phantoms/tasks/PHANTOM-M1-CHECKPOINT-RECOVERY-025/r4-mage022-run.log	897	d2cc6cf335e82b1be146b63c2f4b79d8cda7ea1602a9f10d0978fb74152fd24d	False
L2J_Mobius_CT_2.6_HighFive/docs/phantoms/tasks/PHANTOM-M1-CHECKPOINT-RECOVERY-025/r4-native-review-run.log	907	77482067f5f941a37e8240aeee985410a09c7d10425beaa9de387947805856e1	False
L2J_Mobius_CT_2.6_HighFive/docs/phantoms/tasks/PHANTOM-M1-CHECKPOINT-RECOVERY-025/r4-native-timers-run.log	1763	03eca9cbb45d633c4ed12c4d1effe82b2f5d3ad6c594fa10e9fe0f47a734cb3b	False
L2J_Mobius_CT_2.6_HighFive/docs/phantoms/tasks/PHANTOM-M1-CHECKPOINT-RECOVERY-025/r4-native-z022-run.log	1000	89240fb628140b9068a97d9a6807f283f167caa434450645a17cdb4ccc7f2017	False
L2J_Mobius_CT_2.6_HighFive/docs/phantoms/tasks/PHANTOM-M1-CHECKPOINT-RECOVERY-025/r4-owned-store27-run.log	926	f0d70c2a683260cd10f4596de49ecf2e394018c44d24480100b3efe78058eb10	False
L2J_Mobius_CT_2.6_HighFive/docs/phantoms/tasks/PHANTOM-M1-CHECKPOINT-RECOVERY-025/r4-pending022-run.log	901	7c33a793e599d908cf7028f29e587e168671682d570f3e19df7073ba36598f07	False
L2J_Mobius_CT_2.6_HighFive/docs/phantoms/tasks/PHANTOM-M1-CHECKPOINT-RECOVERY-025/r4-raw-native022-run.log	1073	186dd2de69b16bfe45fecfb9762fdfee6c02dd979d2e3411b5c99349772cd32a	False
L2J_Mobius_CT_2.6_HighFive/docs/phantoms/tasks/PHANTOM-M1-CHECKPOINT-RECOVERY-025/r4-recovery-contracts-run.log	862	0112ce177484ea638e1bd5edeb3b6198f44a5b2b2d0498ba98ebec85b7b1e0ed	False
L2J_Mobius_CT_2.6_HighFive/docs/phantoms/tasks/PHANTOM-M1-CHECKPOINT-RECOVERY-025/r4-restart022-run.log	1040	1f89166513a924742eaf63fca858b437b4823a04f9405ee4bbc127ced8282258	False
L2J_Mobius_CT_2.6_HighFive/docs/phantoms/tasks/PHANTOM-M1-CHECKPOINT-RECOVERY-025/r4-retaliation-run.log	861	010817a81de0b0e64ae8c8fbadc3a03cc8534f8b4a8d3794a2e019a9841043c4	False
L2J_Mobius_CT_2.6_HighFive/docs/phantoms/tasks/PHANTOM-M1-CHECKPOINT-RECOVERY-025/r4-server-shutdown-run.log	932	6bd16fb2d06e2d53b4539bd37a71078b21217acf744bba32fa2be97c3e93fce7	False
L2J_Mobius_CT_2.6_HighFive/docs/phantoms/tasks/PHANTOM-M1-CHECKPOINT-RECOVERY-025/R4_CURRENT_INTENT021.log	15097	7ca178f7c4647bd64f4ac1f86275665e16c1b0cc631f17438df1ded1bc79775e	False
L2J_Mobius_CT_2.6_HighFive/docs/phantoms/tasks/PHANTOM-M1-CHECKPOINT-RECOVERY-025/R4_DYNAMIC_NATIVE.log	17310	c9aa964c4ebb2ab2b233fed664f37bba31f53df9e7065f8db8b75efcc218d079	False
L2J_Mobius_CT_2.6_HighFive/docs/phantoms/tasks/PHANTOM-M1-CHECKPOINT-RECOVERY-025/R4_ECOLOGY30.log	247	0823032a2e643f981a2d8a53d2c0bbaa30aa64cbf1fcb0e6fb13f4639de19ceb	False
L2J_Mobius_CT_2.6_HighFive/docs/phantoms/tasks/PHANTOM-M1-CHECKPOINT-RECOVERY-025/R4_ECOLOGY30_CORRECT_SEED.log	2307	b9c960273e6b6fe4c1ef7ef8beeb28074a6c7711f39d11aa28525b4fda571ba1	False
L2J_Mobius_CT_2.6_HighFive/docs/phantoms/tasks/PHANTOM-M1-CHECKPOINT-RECOVERY-025/R4_ECOLOGY_HANDOFF6.log	610	91a042da8624926c23d61b68cbd4c5000e459d426efdbf64e5bcd6e706ebbe7d	False
L2J_Mobius_CT_2.6_HighFive/docs/phantoms/tasks/PHANTOM-M1-CHECKPOINT-RECOVERY-025/R4_FIGHTER022.log	16383	4c0fa6dc037c0df214130347d0ce67761f46ba472f4f39704d354909b3c220e5	False
L2J_Mobius_CT_2.6_HighFive/docs/phantoms/tasks/PHANTOM-M1-CHECKPOINT-RECOVERY-025/R4_MAGE022.log	16395	249f49bfa2495658dbc82e20119e4a81542c968cb9ce57d7065dc7a1d4a15c8a	False
L2J_Mobius_CT_2.6_HighFive/docs/phantoms/tasks/PHANTOM-M1-CHECKPOINT-RECOVERY-025/R4_NATIVE_REVIEW.log	15744	b6c3a0a68c82e22a4aab0b75e983257a2f63687aa380c56624c49d73aeffaf5e	False
L2J_Mobius_CT_2.6_HighFive/docs/phantoms/tasks/PHANTOM-M1-CHECKPOINT-RECOVERY-025/R4_NATIVE_TIMERS.log	14108	6369d99689c1e9d06f57a38cb87ec072703b594f70219752ab69c049653819df	False
L2J_Mobius_CT_2.6_HighFive/docs/phantoms/tasks/PHANTOM-M1-CHECKPOINT-RECOVERY-025/R4_NATIVE_Z022.log	15888	1bc7c227d4b0e216c63b2982b8487478616eb7231f05b4648b229344c43849fe	False
L2J_Mobius_CT_2.6_HighFive/docs/phantoms/tasks/PHANTOM-M1-CHECKPOINT-RECOVERY-025/R4_ORIGINAL_RETALIATION024.log	15022	1082a84f2025bd7ef83a972716e150d5e0c862a9e48d40b48e71cf6dabec33ad	False
L2J_Mobius_CT_2.6_HighFive/docs/phantoms/tasks/PHANTOM-M1-CHECKPOINT-RECOVERY-025/R4_OWNED_STORE27.log	55914	2ff091746d56542576217ba8d45b8676346e3589ae95b064c59bede4869831e8	False
L2J_Mobius_CT_2.6_HighFive/docs/phantoms/tasks/PHANTOM-M1-CHECKPOINT-RECOVERY-025/R4_PENDING022.log	15704	c7db75ee69213053dbfa37ca4c3d932b43a16ac6a0f8e4f616da1b88674415ff	False
L2J_Mobius_CT_2.6_HighFive/docs/phantoms/tasks/PHANTOM-M1-CHECKPOINT-RECOVERY-025/R4_RAW_NATIVE022.log	16431	563c4be08ad8bd6efaf2dce69f0ccbe7284a59f675cc4e91feec40c249cf7678	False
L2J_Mobius_CT_2.6_HighFive/docs/phantoms/tasks/PHANTOM-M1-CHECKPOINT-RECOVERY-025/R4_RECOVERY_CONTRACTS.log	14859	65e5bfcf851638a8acb726e1cc83f186546f2dc9f51ce43d0a2d1896555b1fc4	False
L2J_Mobius_CT_2.6_HighFive/docs/phantoms/tasks/PHANTOM-M1-CHECKPOINT-RECOVERY-025/R4_RESTART022.log	17044	bb4050d2d3fe78563be55339e265417f51c276e46dd4fc29a62c1b56dbffe9af	False
L2J_Mobius_CT_2.6_HighFive/docs/phantoms/tasks/PHANTOM-M1-CHECKPOINT-RECOVERY-025/R4_SERVER_SHUTDOWN.log	16224	215ff11327489373dd47c5f6a458a052a7d98214730df99b1faaa4ab9d70d6da	False
L2J_Mobius_CT_2.6_HighFive/docs/phantoms/tasks/PHANTOM-M1-CHECKPOINT-RECOVERY-025/README.md	2019	ed7398b3067150c32aabd6c6eac7cd7bd7e5369e39b6c7c6561ebbec47ac9079	True
L2J_Mobius_CT_2.6_HighFive/docs/phantoms/tasks/PHANTOM-M1-CHECKPOINT-RECOVERY-025/red-binding-run.log	983	3b72d2c517147003a4054f8a8a107c46a034ba21a8adcd4acb2e2e80f2938c0b	False
L2J_Mobius_CT_2.6_HighFive/docs/phantoms/tasks/PHANTOM-M1-CHECKPOINT-RECOVERY-025/red-fractional-publication-run.log	1124	cbbaa65cc1f2488af384f64e7aa3c687b5a8934e64759f1dbc6dfa3ce802d4e6	False
L2J_Mobius_CT_2.6_HighFive/docs/phantoms/tasks/PHANTOM-M1-CHECKPOINT-RECOVERY-025/red-live-combat-run.log	984	d100946a972e3778b550f4d120b98dcc411dc0966eca5f80570c4eb3c6670886	False
L2J_Mobius_CT_2.6_HighFive/docs/phantoms/tasks/PHANTOM-M1-CHECKPOINT-RECOVERY-025/red-live-combat-stock-ai-run.log	1020	6348f068788f3fe4ba6995d2b348048077e48192717309b3d0b47911eef2546c	False
L2J_Mobius_CT_2.6_HighFive/docs/phantoms/tasks/PHANTOM-M1-CHECKPOINT-RECOVERY-025/red-stale-run.log	975	c63fc35105fe83079bf824e91ad42758333ea24cd85b91c649da10afee5b7290	False
L2J_Mobius_CT_2.6_HighFive/docs/phantoms/tasks/PHANTOM-M1-CHECKPOINT-RECOVERY-025/red-stock-drain-run.log	986	5800f263732c83d43d0320fb3f53ec8d707e3038e99b54465eaeaf194ce473c5	False
L2J_Mobius_CT_2.6_HighFive/docs/phantoms/tasks/PHANTOM-M1-CHECKPOINT-RECOVERY-025/red-two-drains-run.log	1045	c344be270aa903a9106316d99d3b9f3ff19376d283b8fba1f5078a0103587018	False
L2J_Mobius_CT_2.6_HighFive/docs/phantoms/tasks/PHANTOM-M1-CHECKPOINT-RECOVERY-025/RED_BINDING025.log	15622	b1bb5f7c2348bcfcba9fc906a2b4560d6da7e3108e71885bb5f3bf4917b1607e	False
L2J_Mobius_CT_2.6_HighFive/docs/phantoms/tasks/PHANTOM-M1-CHECKPOINT-RECOVERY-025/RED_COLD025.log	15170	07d4bf05154dc38a5d6c3d68b46fa956b55b6b20ea7ecbc11617242a8a760d19	False
L2J_Mobius_CT_2.6_HighFive/docs/phantoms/tasks/PHANTOM-M1-CHECKPOINT-RECOVERY-025/RED_COLD_BEGIN025-engine.txt	131	f68d3455ec9aa911096a217adbbedb4a229ff4559220b66902562b8a373e4b2a	False
L2J_Mobius_CT_2.6_HighFive/docs/phantoms/tasks/PHANTOM-M1-CHECKPOINT-RECOVERY-025/RED_COLD_BEGIN025.log	14794	ad0d2c2699cd96d0405efb9fc5302440b07813fc20261da9d7de702906356cca	False
L2J_Mobius_CT_2.6_HighFive/docs/phantoms/tasks/PHANTOM-M1-CHECKPOINT-RECOVERY-025/RED_COLD_BEGIN025_COMPILED-engine.txt	131	f68d3455ec9aa911096a217adbbedb4a229ff4559220b66902562b8a373e4b2a	False
L2J_Mobius_CT_2.6_HighFive/docs/phantoms/tasks/PHANTOM-M1-CHECKPOINT-RECOVERY-025/RED_COLD_BEGIN025_COMPILED.log	14794	756977abe436a7f1423e1b68f9fa7ac9f39533744c9bb2edd7d8c63d8241ff51	False
L2J_Mobius_CT_2.6_HighFive/docs/phantoms/tasks/PHANTOM-M1-CHECKPOINT-RECOVERY-025/RED_FRACTIONAL_PUBLICATION025.log	15033	34be2140ef05ef34cf6b106095505c9d1afedad3b2a96aab58ad194005b98d3f	False
L2J_Mobius_CT_2.6_HighFive/docs/phantoms/tasks/PHANTOM-M1-CHECKPOINT-RECOVERY-025/RED_LIVE_COMBAT025.log	14665	c7fdc8d9c40e6e87eec134c632fb5a02b81758965b9dde30847aaf45afc918d9	False
L2J_Mobius_CT_2.6_HighFive/docs/phantoms/tasks/PHANTOM-M1-CHECKPOINT-RECOVERY-025/RED_LIVE_COMBAT025_STOCK_AI.log	14617	267725d289f8b49ff334b70f49a68362127293c829d0067b8e262f4494c95402	False
L2J_Mobius_CT_2.6_HighFive/docs/phantoms/tasks/PHANTOM-M1-CHECKPOINT-RECOVERY-025/RED_STALE_GOAL025.log	14971	08dcaaada18a2b2d2770c76045c4d58b42c4f6d42e567ae20b6b97a70915e7ca	False
L2J_Mobius_CT_2.6_HighFive/docs/phantoms/tasks/PHANTOM-M1-CHECKPOINT-RECOVERY-025/RED_STOCK_DRAIN025-engine.txt	131	f68d3455ec9aa911096a217adbbedb4a229ff4559220b66902562b8a373e4b2a	False
L2J_Mobius_CT_2.6_HighFive/docs/phantoms/tasks/PHANTOM-M1-CHECKPOINT-RECOVERY-025/RED_STOCK_DRAIN025.log	14449	640c64e1bec101f3bae457c50420ccd9d5cc765dabbba8cee5f94ab91268890f	False
L2J_Mobius_CT_2.6_HighFive/docs/phantoms/tasks/PHANTOM-M1-CHECKPOINT-RECOVERY-025/RED_TWO_STOCK_DRAINS025-engine.txt	131	f68d3455ec9aa911096a217adbbedb4a229ff4559220b66902562b8a373e4b2a	False
L2J_Mobius_CT_2.6_HighFive/docs/phantoms/tasks/PHANTOM-M1-CHECKPOINT-RECOVERY-025/RED_TWO_STOCK_DRAINS025.log	14590	4f033c98eb734b81690d6cad4abb34e1b8d6db3857326e4c23b139c4c8171082	False
L2J_Mobius_CT_2.6_HighFive/docs/phantoms/tasks/PHANTOM-M1-CHECKPOINT-RECOVERY-025/REFERENCES.md	1801	4727c45fd4eaa501b1b17695dde09bc3d6a08a8e774855b6720083a1247164cb	True
L2J_Mobius_CT_2.6_HighFive/docs/phantoms/tasks/PHANTOM-M1-CHECKPOINT-RECOVERY-025/reg-native-review-run.log	907	5e89f1f1f2b99657f2fe5c6117b04447cb4ea82f7bbeb0192658b5a1519f6593	False
L2J_Mobius_CT_2.6_HighFive/docs/phantoms/tasks/PHANTOM-M1-CHECKPOINT-RECOVERY-025/REG_NATIVE_REVIEW025.log	15744	d1b5456a1d183597edded0dbdf987411b8347e463aeee39110eba900853c5b23	False
L2J_Mobius_CT_2.6_HighFive/docs/phantoms/tasks/PHANTOM-M1-CHECKPOINT-RECOVERY-025/restart-r3-a-exact-run.log	42	7468725027305bf02846a1e7cacee1f77a742b3be61e8414fb7a95574e658522	False
L2J_Mobius_CT_2.6_HighFive/docs/phantoms/tasks/PHANTOM-M1-CHECKPOINT-RECOVERY-025/RESULT.md	14174	8cb2cf577d33dfb1053787cee8bf7904908255268f9c0c935cc712750025ba84	True
L2J_Mobius_CT_2.6_HighFive/docs/phantoms/tasks/PHANTOM-M1-CHECKPOINT-RECOVERY-025/RESULT_TEMPLATE.md	806	ea8ae025ebd26d329eb91c967d89579027b2f9e32fa2dbe7209774ea6bf4fb1b	True
L2J_Mobius_CT_2.6_HighFive/docs/phantoms/tasks/PHANTOM-M1-CHECKPOINT-RECOVERY-025/ROOT_CAUSES.md	5209	1fbce301498796aee847601ac77941c2b2f9e2e0ed36f9504ee2cbb8ffbe70e2	True
L2J_Mobius_CT_2.6_HighFive/docs/phantoms/tasks/PHANTOM-M1-CHECKPOINT-RECOVERY-025/RUNBOOK.md	4377	d2c0cbc92da90003c64f21a7c9a989452752adf7505121e279486ca583265385	True
L2J_Mobius_CT_2.6_HighFive/docs/phantoms/tasks/PHANTOM-M1-CHECKPOINT-RECOVERY-025/SCENARIOS.md	5425	57d3aa9a8d39f038de447134e51ea5a6da3962afac2bedec699e2b95325710a4	True
L2J_Mobius_CT_2.6_HighFive/docs/phantoms/tasks/PHANTOM-M1-CHECKPOINT-RECOVERY-025/scene-a-r3-run.log	1069	b9dc4642e0dbd40454e370e8eaa8ba8129456f7d2435509754a479af507622e6	False
L2J_Mobius_CT_2.6_HighFive/docs/phantoms/tasks/PHANTOM-M1-CHECKPOINT-RECOVERY-025/SCOPE_NOTES.md	1687	1d0e8c96acc9a12e16a366cdbc7f51260592c84a965d1db9cca5bf87a8fb1981	True
L2J_Mobius_CT_2.6_HighFive/docs/phantoms/tasks/PHANTOM-M1-CHECKPOINT-RECOVERY-025/source-excerpts/01-checkpoint-finally.java-snippet	990	cd951dea5b11d94ebc4f9f826ab4e210eab97e62c02d2b0e76471743cfa7498a	False
L2J_Mobius_CT_2.6_HighFive/docs/phantoms/tasks/PHANTOM-M1-CHECKPOINT-RECOVERY-025/source-excerpts/02-hidden-arrival.java-snippet	757	345b4f40978cd8cd3d7c202823c3b3f48d3f9876f38871ef9a404f225ba994f5	False
L2J_Mobius_CT_2.6_HighFive/docs/phantoms/tasks/PHANTOM-M1-CHECKPOINT-RECOVERY-025/source-excerpts/03-cold-pending.java-snippet	1518	00f62cc9b30f5761090b308e9c10a337ebab77266b4e9fcbf34ae1b7504dfc4f	False
L2J_Mobius_CT_2.6_HighFive/docs/phantoms/tasks/PHANTOM-M1-CHECKPOINT-RECOVERY-025/SOURCE_MAP.tsv	4899	ebf7f52a94eaef4ac0f7c9a788ae00281d5588a9754430659f97ea1c60b64750	True
L2J_Mobius_CT_2.6_HighFive/docs/phantoms/tasks/PHANTOM-M1-CHECKPOINT-RECOVERY-025/start-a-r1-second.log	343	bc30ebb002e418f13bdc4c8eeeba7c21ef7cfa716f75d586709cab755be19ba4	False
L2J_Mobius_CT_2.6_HighFive/docs/phantoms/tasks/PHANTOM-M1-CHECKPOINT-RECOVERY-025/start-a-r1.log	343	26802ca524a5afccec8e5f6b4e7f7b54bec04e9688286812884364f302613cba	False
L2J_Mobius_CT_2.6_HighFive/docs/phantoms/tasks/PHANTOM-M1-CHECKPOINT-RECOVERY-025/start-c-r1.log	343	94248865da36f3dda9ce3e62a54de6e125664767e5757861787c1332f6d9c38f	False
L2J_Mobius_CT_2.6_HighFive/docs/phantoms/tasks/PHANTOM-M1-CHECKPOINT-RECOVERY-025/start-c-r2.log	343	7f6a22011c0d3aa1ee4783cbdde9458556642fe600f3d3ac6c044572c52ee255	False
L2J_Mobius_CT_2.6_HighFive/docs/phantoms/tasks/PHANTOM-M1-CHECKPOINT-RECOVERY-025/start-c-r3-restart1.log	343	160209b52bf2b59c38bdff472f1279ab4f36a97c05430a8c6eafc08bb3f5a7bb	False
L2J_Mobius_CT_2.6_HighFive/docs/phantoms/tasks/PHANTOM-M1-CHECKPOINT-RECOVERY-025/start-c-r3.log	343	0f1dfc23e001aa368a74ca8db23a4498230254b7c87081ae99c5989911251cf8	False
L2J_Mobius_CT_2.6_HighFive/docs/phantoms/tasks/PHANTOM-M1-CHECKPOINT-RECOVERY-025/start-c-r4-a.log	343	7d7336c17aece046bd487b207386d5b7f29d9098c70b19d02156b912b15663dd	False
L2J_Mobius_CT_2.6_HighFive/docs/phantoms/tasks/PHANTOM-M1-CHECKPOINT-RECOVERY-025/start-c-r4-b.log	343	79d01bac9c7b411d9323024860163d7791e6df7910b3c626d45f80421346f671	False
L2J_Mobius_CT_2.6_HighFive/docs/phantoms/tasks/PHANTOM-M1-CHECKPOINT-RECOVERY-025/start-c-r4-b2.log	343	aaae83d4d8975c93eceb80697c0f4765fa6d866e92f3408a3c0ff77147517de5	False
L2J_Mobius_CT_2.6_HighFive/docs/phantoms/tasks/PHANTOM-M1-CHECKPOINT-RECOVERY-025/start-c-r4-group-restart1.log	343	5add53356e3265b7a79c1caa7250804c0e684567b5f495f491f0a35836843459	False
L2J_Mobius_CT_2.6_HighFive/docs/phantoms/tasks/PHANTOM-M1-CHECKPOINT-RECOVERY-025/start-c-r4-group-restart2.log	343	d92965deb89985c7060d611a1fe694e1c3d8c6095e6f41f80f408f59b891ecd5	False
L2J_Mobius_CT_2.6_HighFive/docs/phantoms/tasks/PHANTOM-M1-CHECKPOINT-RECOVERY-025/START-CODEX.txt	4162	0982910324bc9cf12c697ccbf19679b9b4ff88de043d58e91a1a54ba2a263229	False
L2J_Mobius_CT_2.6_HighFive/docs/phantoms/tasks/PHANTOM-M1-CHECKPOINT-RECOVERY-025/start-d-r4-final-a.log	341	3cf1a635bed8b84c0dafbc405ddbca7ea1d6c4b9ffac2740fc1907bbaafadb55	False
L2J_Mobius_CT_2.6_HighFive/docs/phantoms/tasks/PHANTOM-M1-CHECKPOINT-RECOVERY-025/start-e-r4-a.log	343	d700a1750239ab17bb702256807ac2802b688739d3146add27975f0900f385f2	False
L2J_Mobius_CT_2.6_HighFive/docs/phantoms/tasks/PHANTOM-M1-CHECKPOINT-RECOVERY-025/start-h-r4-first.log	343	1c2d4fa6602b4c62d45834cb773c8910dcd401e420fd302bbc46a54f4b1f07a2	False
L2J_Mobius_CT_2.6_HighFive/docs/phantoms/tasks/PHANTOM-M1-CHECKPOINT-RECOVERY-025/start-h-r4-second.log	343	41089ea994ff630a7bcf666daf863b2173b82a2dba7711c88c9f1afd9e81a8b7	False
L2J_Mobius_CT_2.6_HighFive/docs/phantoms/tasks/PHANTOM-M1-CHECKPOINT-RECOVERY-025/STATE_MACHINE.md	1764	8a5694464f1f35726c318f998e760e936b2e689c9fe20525ffa5efc4273fd0b7	True
L2J_Mobius_CT_2.6_HighFive/docs/phantoms/tasks/PHANTOM-M1-CHECKPOINT-RECOVERY-025/stop-a-r1-second.log	325	c8e6577f040f016b2d4f454cd1ce29ecfc0b88c6d169f49632892ecf12f2a6be	False
L2J_Mobius_CT_2.6_HighFive/docs/phantoms/tasks/PHANTOM-M1-CHECKPOINT-RECOVERY-025/stop-a-r1.log	325	787a558e0274c4b7252f45e293d8f9faff96bc07c07458db684d9ae9ac8f8a0c	False
L2J_Mobius_CT_2.6_HighFive/docs/phantoms/tasks/PHANTOM-M1-CHECKPOINT-RECOVERY-025/stop-c-r1.log	325	741c301288f1fd21aba885960b88b25d4214e340d430b6df870d7f83893cab22	False
L2J_Mobius_CT_2.6_HighFive/docs/phantoms/tasks/PHANTOM-M1-CHECKPOINT-RECOVERY-025/stop-c-r2.log	325	d5a8f5dd8a67127f0bb493fb749c6ffcfd11d9aa20d1fc409da00f700925af4f	False
L2J_Mobius_CT_2.6_HighFive/docs/phantoms/tasks/PHANTOM-M1-CHECKPOINT-RECOVERY-025/stop-c-r3-a.log	325	b9202712f2fbf71e9cd50968f53b67527b1ac3836d879b1089bdee17abf73cc9	False
L2J_Mobius_CT_2.6_HighFive/docs/phantoms/tasks/PHANTOM-M1-CHECKPOINT-RECOVERY-025/stop-c-r3-restart1.log	325	210f8e513799176b244ad1223bc2c6ef92cfcef4cd840d31a6316fbb0a98be97	False
L2J_Mobius_CT_2.6_HighFive/docs/phantoms/tasks/PHANTOM-M1-CHECKPOINT-RECOVERY-025/stop-c-r4-a.log	1055	00520795dd13de1b1cb07bdb4e7848621b1ec4c553e8388b65777ad291e1a870	False
L2J_Mobius_CT_2.6_HighFive/docs/phantoms/tasks/PHANTOM-M1-CHECKPOINT-RECOVERY-025/stop-c-r4-b.log	325	c67829ee91b1252f1949e60282c96dd9a4a6ac5232d494894f3da84bdcae4c0a	False
L2J_Mobius_CT_2.6_HighFive/docs/phantoms/tasks/PHANTOM-M1-CHECKPOINT-RECOVERY-025/stop-c-r4-b2.log	325	f54899b9dec6b3456b22fff99102a9ebf7a0c1cd1b11ce6799fff1beadb9de6a	False
L2J_Mobius_CT_2.6_HighFive/docs/phantoms/tasks/PHANTOM-M1-CHECKPOINT-RECOVERY-025/stop-c-r4-group-restart1.log	325	4d7dff4f6c9820d370fcb34903dba387cd17eb6195d25a7b08ee8c0647831727	False
L2J_Mobius_CT_2.6_HighFive/docs/phantoms/tasks/PHANTOM-M1-CHECKPOINT-RECOVERY-025/stop-d-r4-a.log	323	4875c4424d0dde45ed24f19f87fefe3937c895d0787b4b4d6383ccefd2b2f7d5	False
L2J_Mobius_CT_2.6_HighFive/docs/phantoms/tasks/PHANTOM-M1-CHECKPOINT-RECOVERY-025/stop-e-r4-precrash.log	325	9a81ea4485d43fa084ad6f60df0955f4c06f156e29463c77fb0ecc6106cd0948	False
L2J_Mobius_CT_2.6_HighFive/docs/phantoms/tasks/PHANTOM-M1-CHECKPOINT-RECOVERY-025/stop-h-r4-first.log	325	1d7225fdf78c205eedab9b0651ad79530920064b337b5acd6b33ad06d7ab90ba	False
L2J_Mobius_CT_2.6_HighFive/docs/phantoms/tasks/PHANTOM-M1-CHECKPOINT-RECOVERY-025/stop-h-r4-second.log	325	264c9438ff1689473176234b624df01afb18d607d11436d2f3661a7a04d734f6	False
L2J_Mobius_CT_2.6_HighFive/docs/phantoms/tasks/PHANTOM-M1-CHECKPOINT-RECOVERY-025/SummarizeProbe025.py	2433	133de14aa50389bad4cde260d065d814d9b0178e2c1c5c58019f00f0284f5ab3	True
L2J_Mobius_CT_2.6_HighFive/docs/phantoms/tasks/PHANTOM-M1-CHECKPOINT-RECOVERY-025/TASK.md	4650	6965aeea5a1c3f4f3e279d98688b9d35ebadb78ea1f0fc6191dc17a11b246ef9	True
L2J_Mobius_CT_2.6_HighFive/docs/phantoms/tasks/PHANTOM-M1-CHECKPOINT-RECOVERY-025/update-c-r2.log	105	2bdc7d55049dc1b09cf87af3086141ed1bd2ea9b93d6c3d41ab33147c440fc7d	False
L2J_Mobius_CT_2.6_HighFive/docs/phantoms/tasks/PHANTOM-M1-CHECKPOINT-RECOVERY-025/update-c-r3.log	105	991d108623e7937e7f99f4dcdd9228e312f970b82d49e59c3941c47d2f9a931f	False
L2J_Mobius_CT_2.6_HighFive/docs/phantoms/tasks/PHANTOM-M1-CHECKPOINT-RECOVERY-025/update-c-r4.log	105	3f912f7359fc6cddbf4886044062cfb0337fd4177b5335cce9bcf62c38684e90	False
L2J_Mobius_CT_2.6_HighFive/docs/phantoms/tasks/PHANTOM-M1-CHECKPOINT-RECOVERY-025/update-d-frozen-r4.log	105	edd34308b139fb4e60e0b82e9255929e06f8a3f0e73048c5e729a902f76fee40	False
L2J_Mobius_CT_2.6_HighFive/docs/phantoms/tasks/PHANTOM-M1-CHECKPOINT-RECOVERY-025/update-e-r4.log	105	f20ba9055f41fa8d91414039cde2f5f82932e30f5c8c2ce7eeb96f839dd9407c	False
L2J_Mobius_CT_2.6_HighFive/docs/phantoms/tasks/PHANTOM-M1-CHECKPOINT-RECOVERY-025/update-h-r4.log	105	550792052fdcac09b77d963cc7cd40bd58734739124fc7b827c9d6e7f87a66f7	False
L2J_Mobius_CT_2.6_HighFive/docs/phantoms/tasks/PHANTOM-M1-CHECKPOINT-RECOVERY-025/VerifyPersistence025.py	530	d3f3af7cf9facc186b3b9ce3727f8bbf5a6d9151a15f667f2060cbb1af252fa8	True
L2J_Mobius_CT_2.6_HighFive/docs/phantoms/tasks/PHANTOM-M1-CHECKPOINT-RECOVERY-025/whole-r3-a-run.log	42	7468725027305bf02846a1e7cacee1f77a742b3be61e8414fb7a95574e658522	False
