profileId	objectId	state	calendarOnline	admitted	x	y	z	contextPhase	farmAllowed	readinessComplete	firstGuard	sampleNanos
1	268484216	DEAD	true	false	-125615	37771	1176	COMPLETED	true	false	ecology_fenced:ecology.commit_pending:SUCCESS	297913324256800
2	268484217	READY	false	false	-50077	-115763	-160	COMPLETED	true	false	schedule_not_active:transaction.backend_failure:SUCCESS	297913326182200
3	268484237	READY	false	false	-86401	253927	-3736	COMPLETED	true	false	schedule_not_active:ecology.persistence_or_runtime_failure:SUCCESS	297913327400200
4	268484238	READY	false	false	24496	9206	-3584	COMPLETED	true	false	schedule_not_active:transaction.backend_failure:SUCCESS	297913329145900
5	268484256	DEAD	true	false	-86401	253927	-3736	COMPLETED	true	false	ecology_fenced:ecology.cursor_pending:SUCCESS	297913330958700
6	268484257	READY	true	false	-86401	253927	-3736	UNKNOWN	false	false	ecology_fenced:transaction.item_conflict_canonical:NATIVE_CONTEXT_REQUIRED	297913332025900
7	268484274	READY	false	false	-86401	253927	-3736	UNKNOWN	false	false	schedule_not_active:transaction.item_conflict_canonical:NATIVE_CONTEXT_REQUIRED	297913332993600
8	268484275	READY	false	false	119877	-202135	-3456	UNKNOWN	false	false	schedule_not_active:transaction.item_conflict_canonical:NATIVE_CONTEXT_REQUIRED	297913334090200
9	268484290	READY	true	false	-50077	-115763	-160	COMPLETED	true	false	ecology_fenced:ecology.persistence_or_runtime_failure:SUCCESS	297913335021200
10	268484291	READY	true	false	24496	9206	-3584	COMPLETED	true	false	ecology_fenced:transaction.backend_failure:SUCCESS	297913336137800
11	268484308	READY	false	false	-50077	-115763	-160	COMPLETED	true	false	schedule_not_active:transaction.backend_failure:SUCCESS	297913337042900
12	268484309	READY	false	false	26607	63533	-3552	COMPLETED	true	false	schedule_not_active:ecology.persistence_or_runtime_failure:SUCCESS	297913338050800
13	268484332	READY	true	false	51500	59679	-3368	UNKNOWN	false	false	ecology_fenced:transaction.item_conflict_canonical:NATIVE_CONTEXT_REQUIRED	297913339107300
14	268484333	DEAD	true	false	-125464	37776	1176	COMPLETED	true	false	ecology_fenced:ecology.commit_pending:SUCCESS	297913340178600
15	268484350	DEAD	false	false	-125615	37771	1176	COMPLETED	true	false	schedule_not_active:ecology.commit_pending:SUCCESS	297913341280900
16	268484351	READY	false	false	119336	-180368	-2368	UNKNOWN	false	false	schedule_not_active:transaction.item_conflict_canonical:NATIVE_CONTEXT_REQUIRED	297913342191900
17	268484368	READY	false	false	-50077	-115763	-160	COMPLETED	true	false	schedule_not_active:ecology.persistence_or_runtime_failure:SUCCESS	297913343418800
18	268484369	READY	true	false	24496	9206	-3584	COMPLETED	true	false	ecology_fenced:transaction.backend_failure:SUCCESS	297913345220600
19	268484387	DEAD	true	false	-86401	253927	-3736	COMPLETED	true	false	ecology_fenced:ecology.cursor_pending:SUCCESS	297913347033300
20	268484388	DEAD	false	false	-86401	253927	-3736	COMPLETED	true	false	schedule_not_active:ecology.commit_pending:SUCCESS	297913348112600
21	268484405	DEAD	false	false	-86401	253927	-3736	COMPLETED	true	false	schedule_not_active:ecology.commit_pending:SUCCESS	297913349021000
22	268484406	DEAD	true	false	-125615	37771	1176	COMPLETED	true	false	ecology_fenced:ecology.commit_pending:SUCCESS	297913350055900
23	268484426	DEAD	true	false	-125607	38452	1176	COMPLETED	true	false	ecology_fenced:ecology.commit_pending:SUCCESS	297913350921200
24	268484427	READY	false	false	-49106	-115854	-160	COMPLETED	true	false	schedule_not_active:transaction.backend_failure:SUCCESS	297913351821500
25	268484444	DEAD	false	false	54714	51620	-3592	COMPLETED	true	false	schedule_not_active:ecology.commit_pending:SUCCESS	297913352674600
26	268484447	READY	true	false	24496	9206	-3584	COMPLETED	true	false	ecology_fenced:transaction.backend_failure:SUCCESS	297913353611700
27	268484461	DEAD	true	false	-86401	253927	-3736	COMPLETED	true	false	ecology_fenced:ecology.commit_pending:SUCCESS	297913354553100
28	268484462	DEAD	true	false	-86401	253927	-3736	COMPLETED	true	false	ecology_fenced:ecology.commit_pending:SUCCESS	297913355619200
29	268484480	READY	false	false	24496	9206	-3584	COMPLETED	true	false	schedule_not_active:transaction.backend_failure:SUCCESS	297913357007700
30	268484481	INCONSISTENT	false	false	46045	41251	-3504	UNKNOWN	false	false	schedule_not_active:catchup.renewal.background_state_invalid:INCONSISTENT	297913357602900
31	268484498	READY	true	false	119336	-180368	-2368	UNKNOWN	false	false	ecology_fenced:transaction.item_conflict_canonical:NATIVE_CONTEXT_REQUIRED	297913358511300
32	268484499	READY	true	false	-50077	-115763	-160	COMPLETED	true	false	ecology_fenced:ecology.persistence_or_runtime_failure:SUCCESS	297913359577800
33	268484515	READY	false	false	-86401	253927	-3736	COMPLETED	true	false	schedule_not_active:ecology.persistence_or_runtime_failure:SUCCESS	297913360762900
34	268484517	READY	false	false	-50077	-115763	-160	COMPLETED	true	false	schedule_not_active:transaction.backend_failure:SUCCESS	297913362399800
35	268484532	DEAD	true	false	53398	63278	-3480	COMPLETED	true	false	ecology_fenced:transaction.native_context_required:SUCCESS	297913363826500
36	268484533	READY	true	false	24496	9206	-3584	COMPLETED	true	false	ecology_fenced:transaction.backend_failure:SUCCESS	297913365010700
37	268484548	READY	false	false	-50077	-115763	-160	COMPLETED	true	false	schedule_not_active:ecology.persistence_or_runtime_failure:SUCCESS	297913366012300
38	268484549	READY	false	false	-86401	253927	-3736	COMPLETED	true	false	schedule_not_active:ecology.persistence_or_runtime_failure:SUCCESS	297913367130700
39	268484565	READY	true	false	119877	-202135	-3456	UNKNOWN	false	false	ecology_fenced:transaction.item_conflict_canonical:NATIVE_CONTEXT_REQUIRED	297913368135300
40	268484566	READY	true	false	-86401	253927	-3736	COMPLETED	true	false	ecology_fenced:ecology.persistence_or_runtime_failure:SUCCESS	297913368966900
41	268484580	READY	true	false	24496	9206	-3584	COMPLETED	true	false	ecology_fenced:transaction.backend_failure:SUCCESS	297913369956400
42	268484581	READY	false	false	-50077	-115763	-160	COMPLETED	true	false	schedule_not_active:transaction.backend_failure:SUCCESS	297913370974500
43	268484597	DEAD	false	false	-86401	253927	-3736	COMPLETED	true	false	schedule_not_active:ecology.commit_pending:SUCCESS	297913372024200
44	268484598	READY	true	false	54714	51620	-3592	UNKNOWN	false	false	ecology_fenced:transaction.item_conflict_canonical:NATIVE_CONTEXT_REQUIRED	297913373256600
45	268484616	READY	true	false	24496	9206	-3584	COMPLETED	true	false	ecology_fenced:transaction.backend_failure:SUCCESS	297913374404800
46	268484617	DEAD	false	false	-125472	38450	1176	COMPLETED	true	false	schedule_not_active:ecology.commit_pending:SUCCESS	297913375401400
47	268484635	READY	false	false	24496	9206	-3584	COMPLETED	true	false	schedule_not_active:transaction.backend_failure:SUCCESS	297913376568800
48	268484639	READY	true	false	-86401	253927	-3736	UNKNOWN	false	false	ecology_fenced:transaction.item_conflict_canonical:NATIVE_CONTEXT_REQUIRED	297913377521200
49	268484653	READY	true	false	24496	9206	-3584	COMPLETED	true	false	ecology_fenced:transaction.backend_failure:SUCCESS	297913379235700
50	268484654	DEAD	false	false	-86401	253927	-3736	COMPLETED	true	false	schedule_not_active:ecology.commit_pending:SUCCESS	297913380758300
51	268484671	READY	false	false	24496	9206	-3584	COMPLETED	true	false	schedule_not_active:transaction.backend_failure:SUCCESS	297913381926500
52	268484676	READY	true	false	24496	9206	-3584	COMPLETED	true	false	ecology_fenced:transaction.backend_failure:SUCCESS	297913383175300
53	268485295	READY	true	false	-50077	-115763	-160	COMPLETED	true	false	ecology_fenced:transaction.backend_failure:SUCCESS	297913384385900
54	268485302	READY	true	false	119877	-202135	-3456	UNKNOWN	false	false	ecology_fenced:transaction.item_conflict_canonical:NATIVE_CONTEXT_REQUIRED	297913385259800
55	268485303	DEAD	false	false	-125472	38450	1176	COMPLETED	true	false	schedule_not_active:ecology.commit_pending:SUCCESS	297913386069700
56	268485320	READY	false	false	24496	9206	-3584	COMPLETED	true	false	schedule_not_active:transaction.backend_failure:SUCCESS	297913387053200
57	268485321	DEAD	true	false	-86401	253927	-3736	COMPLETED	true	false	ecology_fenced:ecology.commit_pending:SUCCESS	297913387924900
58	268485337	READY	true	false	-50077	-115763	-160	COMPLETED	true	false	ecology_fenced:ecology.persistence_or_runtime_failure:SUCCESS	297913388814800
59	268485338	READY	false	false	48712	55466	-3464	COMPLETED	true	false	schedule_not_active:ecology.persistence_or_runtime_failure:SUCCESS	297913389718800
60	268485354	READY	false	false	24496	9206	-3584	COMPLETED	true	false	schedule_not_active:transaction.backend_failure:SUCCESS	297913390779700
61	268485355	DEAD	true	false	-125472	38450	1176	COMPLETED	true	false	ecology_fenced:ecology.commit_pending:SUCCESS	297913391801000
62	268485371	DEAD	true	false	119877	-202135	-3456	COMPLETED	true	false	ecology_fenced:ecology.commit_pending:SUCCESS	297913392869800
63	268485372	READY	false	false	26607	63533	-3552	UNKNOWN	false	false	schedule_not_active:transaction.item_conflict_canonical:NATIVE_CONTEXT_REQUIRED	297913393888100
64	268485388	READY	false	false	48712	55466	-3464	COMPLETED	true	false	schedule_not_active:ecology.persistence_or_runtime_failure:SUCCESS	297913395127700
65	268485389	READY	true	false	51500	59679	-3368	UNKNOWN	false	false	ecology_fenced:transaction.item_conflict_canonical:NATIVE_CONTEXT_REQUIRED	297913396290000
66	268485412	READY	true	false	-50077	-115763	-160	COMPLETED	true	false	ecology_fenced:ecology.persistence_or_runtime_failure:SUCCESS	297913397334400
67	268485413	READY	true	false	48712	55466	-3464	COMPLETED	true	false	ecology_fenced:ecology.persistence_or_runtime_failure:SUCCESS	297913398139600
68	268485428	DEAD	false	false	53398	63278	-3480	COMPLETED	true	false	schedule_not_active:ecology.commit_pending:SUCCESS	297913399137700
69	268485429	READY	false	false	-49106	-115854	-160	COMPLETED	true	false	schedule_not_active:transaction.backend_failure:SUCCESS	297913400257500
70	268485444	READY	true	false	-50077	-115763	-160	COMPLETED	true	false	ecology_fenced:transaction.backend_failure:SUCCESS	297913401220500
71	268485445	DEAD	true	false	-125607	38452	1176	COMPLETED	true	false	ecology_fenced:ecology.commit_pending:SUCCESS	297913402150300
72	268485460	DEAD	false	false	-125472	38450	1176	COMPLETED	true	false	schedule_not_active:ecology.commit_pending:SUCCESS	297913403015900
73	268485461	READY	false	false	48712	55466	-3464	COMPLETED	true	false	schedule_not_active:ecology.persistence_or_runtime_failure:SUCCESS	297913403818500
74	268485478	READY	true	false	48712	55466	-3464	COMPLETED	true	false	ecology_fenced:ecology.persistence_or_runtime_failure:SUCCESS	297913404587900
75	268485479	READY	true	false	25308	13254	-3648	COMPLETED	true	false	ecology_fenced:transaction.backend_failure:SUCCESS	297913405484400
76	268485496	READY	false	false	-86401	253927	-3736	UNKNOWN	false	false	schedule_not_active:transaction.item_conflict_canonical:NATIVE_CONTEXT_REQUIRED	297913406431900
77	268485497	READY	false	false	119877	-202135	-3456	UNKNOWN	false	false	schedule_not_active:transaction.item_conflict_canonical:NATIVE_CONTEXT_REQUIRED	297913407389000
78	268485512	READY	false	false	-50077	-115763	-160	COMPLETED	true	false	schedule_not_active:transaction.backend_failure:SUCCESS	297913408427000
79	268485514	DEAD	true	false	-125531	37944	1176	COMPLETED	true	false	ecology_fenced:ecology.commit_pending:SUCCESS	297913409375000
80	268485528	READY	true	false	24496	9206	-3584	COMPLETED	true	false	ecology_fenced:transaction.backend_failure:SUCCESS	297913410421000
81	268485529	READY	false	false	24496	9206	-3584	COMPLETED	true	false	schedule_not_active:transaction.backend_failure:SUCCESS	297913411794300
82	268485546	READY	false	false	25308	13254	-3648	COMPLETED	true	false	schedule_not_active:transaction.backend_failure:SUCCESS	297913413037000
83	268485547	READY	true	false	24496	9206	-3584	COMPLETED	true	false	ecology_fenced:transaction.backend_failure:SUCCESS	297913413966900
84	268485562	READY	true	false	53398	63278	-3480	UNKNOWN	false	false	ecology_fenced:transaction.item_conflict_canonical:NATIVE_CONTEXT_REQUIRED	297913414827000
85	268485563	READY	false	false	119336	-180368	-2368	UNKNOWN	false	false	schedule_not_active:transaction.item_conflict_canonical:NATIVE_CONTEXT_REQUIRED	297913415902400
86	268485579	READY	false	false	-50077	-115763	-160	COMPLETED	true	false	schedule_not_active:ecology.persistence_or_runtime_failure:SUCCESS	297913416794900
87	268485580	INCONSISTENT	true	false	46045	41251	-3504	UNKNOWN	false	false	ecology_fenced:catchup.renewal.background_state_invalid:INCONSISTENT	297913417288600
88	268485596	READY	true	false	24496	9206	-3584	COMPLETED	true	false	ecology_fenced:transaction.backend_failure:SUCCESS	297913418171800
89	268485597	READY	false	false	-86401	253927	-3736	UNKNOWN	false	false	schedule_not_active:transaction.item_conflict_canonical:NATIVE_CONTEXT_REQUIRED	297913418996700
90	268485613	READY	false	false	48712	55466	-3464	COMPLETED	true	false	schedule_not_active:ecology.persistence_or_runtime_failure:SUCCESS	297913419934100
91	268485614	READY	false	false	-49106	-115854	-160	COMPLETED	true	false	schedule_not_active:transaction.backend_failure:SUCCESS	297913420862200
92	268485629	DEAD	true	false	-50077	-115763	-160	COMPLETED	true	false	ecology_fenced:ecology.commit_pending:SUCCESS	297913421819900
93	268485630	READY	true	false	119877	-202135	-3456	UNKNOWN	false	false	ecology_fenced:transaction.item_conflict_canonical:NATIVE_CONTEXT_REQUIRED	297913422808700
94	268485644	DEAD	false	false	24496	9206	-3584	COMPLETED	true	false	schedule_not_active:ecology.commit_pending:SUCCESS	297913423878400
95	268485645	DEAD	false	false	-86401	253927	-3736	COMPLETED	true	false	schedule_not_active:ecology.commit_pending:SUCCESS	297913424763800
96	268485661	READY	true	false	-50077	-115763	-160	COMPLETED	true	false	ecology_fenced:transaction.backend_failure:SUCCESS	297913425764300
97	268485662	DEAD	true	false	-125615	37771	1176	COMPLETED	true	false	ecology_fenced:ecology.commit_pending:SUCCESS	297913426722800
98	268485679	READY	false	false	24496	9206	-3584	COMPLETED	true	false	schedule_not_active:transaction.backend_failure:SUCCESS	297913428099000
99	268485681	READY	false	false	-50077	-115763	-160	COMPLETED	true	false	schedule_not_active:transaction.backend_failure:SUCCESS	297913429484500
100	268485694	READY	true	false	119877	-202135	-3456	UNKNOWN	false	false	ecology_fenced:transaction.item_conflict_canonical:NATIVE_CONTEXT_REQUIRED	297913430370100
101	268485696	READY	true	false	51500	59679	-3368	UNKNOWN	false	false	ecology_fenced:transaction.item_conflict_canonical:NATIVE_CONTEXT_REQUIRED	297913431115600
102	268485710	READY	false	false	53398	63278	-3480	UNKNOWN	false	false	schedule_not_active:transaction.item_conflict_canonical:NATIVE_CONTEXT_REQUIRED	297913432123400
103	268485711	READY	false	false	-50077	-115763	-160	COMPLETED	true	false	schedule_not_active:ecology.persistence_or_runtime_failure:SUCCESS	297913433297200
104	268485727	DEAD	false	false	-125615	37771	1176	COMPLETED	true	false	schedule_not_active:ecology.commit_pending:SUCCESS	297913434064700
105	268485728	READY	true	false	24496	9206	-3584	COMPLETED	true	false	ecology_fenced:transaction.backend_failure:SUCCESS	297913435092300
106	268485746	DEAD	true	false	-86401	253927	-3736	COMPLETED	true	false	ecology_fenced:ecology.commit_pending:SUCCESS	297913436356800
107	268485747	DEAD	false	false	-86401	253927	-3736	COMPLETED	true	false	schedule_not_active:ecology.cursor_pending:SUCCESS	297913437596800
108	268485762	DEAD	false	false	119877	-202135	-3456	COMPLETED	true	false	schedule_not_active:ecology.commit_pending:SUCCESS	297913438691900
109	268485763	DEAD	true	false	-86401	253927	-3736	COMPLETED	true	false	ecology_fenced:ecology.commit_pending:SUCCESS	297913439552100
110	268485779	DEAD	true	false	48712	55466	-3464	COMPLETED	true	false	ecology_fenced:transaction.native_context_required:SUCCESS	297913440402300
111	268485780	READY	false	false	24496	9206	-3584	COMPLETED	true	false	schedule_not_active:transaction.backend_failure:SUCCESS	297913441416900
112	268485796	READY	false	false	24496	9206	-3584	COMPLETED	true	false	schedule_not_active:transaction.backend_failure:SUCCESS	297913442356100
113	268485797	DEAD	true	false	-86401	253927	-3736	COMPLETED	true	false	ecology_fenced:ecology.commit_pending:SUCCESS	297913443352200
114	268485812	READY	true	false	-50077	-115763	-160	COMPLETED	true	false	ecology_fenced:transaction.backend_failure:SUCCESS	297913444583900
115	268485813	DEAD	false	false	-50077	-115763	-160	COMPLETED	true	false	schedule_not_active:ecology.cursor_pending:SUCCESS	297913446050700
116	268485826	DEAD	false	false	119877	-202135	-3456	COMPLETED	true	false	schedule_not_active:ecology.commit_pending:SUCCESS	297913447042300
117	268485827	DEAD	false	false	-86401	253927	-3736	COMPLETED	true	false	schedule_not_active:ecology.commit_pending:SUCCESS	297913447772700
118	268485843	READY	true	false	-49106	-115854	-160	COMPLETED	true	false	ecology_fenced:transaction.backend_failure:SUCCESS	297913448982400
119	268485844	DEAD	true	false	-86401	253927	-3736	COMPLETED	true	false	ecology_fenced:ecology.commit_pending:SUCCESS	297913450086400
120	268485858	DEAD	false	false	24496	9206	-3584	COMPLETED	true	false	schedule_not_active:ecology.commit_pending:SUCCESS	297913450927800
121	268485859	DEAD	false	false	-86401	253927	-3736	COMPLETED	true	false	schedule_not_active:ecology.commit_pending:SUCCESS	297913451697800
122	268485873	READY	true	false	-86401	253927	-3736	UNKNOWN	false	false	ecology_fenced:transaction.item_conflict_canonical:NATIVE_CONTEXT_REQUIRED	297913452360700
123	268485874	DEAD	true	false	-86401	253927	-3736	COMPLETED	true	false	ecology_fenced:ecology.commit_pending:SUCCESS	297913453218500
124	268485887	READY	false	false	24496	9206	-3584	COMPLETED	true	false	schedule_not_active:transaction.backend_failure:SUCCESS	297913454022500
125	268485889	DEAD	false	false	-125615	37771	1176	COMPLETED	true	false	schedule_not_active:ecology.commit_pending:SUCCESS	297913454866100
126	268485907	DEAD	true	false	-86401	253927	-3736	COMPLETED	true	false	ecology_fenced:ecology.commit_pending:SUCCESS	297913455652000
127	268485908	READY	true	false	51500	59679	-3368	UNKNOWN	false	false	ecology_fenced:transaction.item_conflict_canonical:NATIVE_CONTEXT_REQUIRED	297913456706600
128	268485926	READY	true	false	-50077	-115763	-160	COMPLETED	true	false	ecology_fenced:transaction.backend_failure:SUCCESS	297913457625700
129	268485927	INCONSISTENT	false	false	44126	42751	-3488	UNKNOWN	false	false	schedule_not_active:catchup.renewal.background_state_invalid:INCONSISTENT	297913458033700
130	268485941	READY	false	false	24496	9206	-3584	COMPLETED	true	false	schedule_not_active:transaction.backend_failure:SUCCESS	297913458993300
131	268485942	READY	true	false	119877	-202135	-3456	UNKNOWN	false	false	ecology_fenced:transaction.item_conflict_canonical:NATIVE_CONTEXT_REQUIRED	297913459913000
132	268485957	READY	true	false	24496	9206	-3584	COMPLETED	true	false	ecology_fenced:transaction.backend_failure:SUCCESS	297913460897700
133	268485959	DEAD	false	false	-86401	253927	-3736	COMPLETED	true	false	schedule_not_active:ecology.commit_pending:SUCCESS	297913462254000
134	268485973	DEAD	false	false	-86401	253927	-3736	COMPLETED	true	false	schedule_not_active:ecology.commit_pending:SUCCESS	297913463395300
135	268485974	DEAD	true	false	54714	51620	-3592	COMPLETED	true	false	ecology_fenced:transaction.native_context_required:SUCCESS	297913464334000
136	268485989	DEAD	true	false	53398	63278	-3480	COMPLETED	true	false	ecology_fenced:transaction.native_context_required:SUCCESS	297913465149500
137	268485990	DEAD	false	false	-125517	38267	1176	COMPLETED	true	false	schedule_not_active:ecology.commit_pending:SUCCESS	297913466395800
138	268486010	DEAD	false	false	-86401	253927	-3736	COMPLETED	true	false	schedule_not_active:ecology.commit_pending:SUCCESS	297913467507600
139	268486012	READY	true	false	130094	-209377	-3552	UNKNOWN	false	false	ecology_fenced:transaction.item_conflict_canonical:NATIVE_CONTEXT_REQUIRED	297913468407600
140	268486026	READY	true	false	-50077	-115763	-160	COMPLETED	true	false	ecology_fenced:transaction.backend_failure:SUCCESS	297913469224900
141	268486027	READY	true	false	-50077	-115763	-160	COMPLETED	true	false	ecology_fenced:transaction.backend_failure:SUCCESS	297913469964400
142	268486041	DEAD	false	false	54714	51620	-3592	COMPLETED	true	false	schedule_not_active:transaction.native_context_required:SUCCESS	297913470621600
143	268486042	DEAD	false	false	-50077	-115763	-160	COMPLETED	true	false	schedule_not_active:ecology.commit_pending:SUCCESS	297913471416900
144	268486058	READY	true	false	52710	55450	-3320	UNKNOWN	false	false	ecology_fenced:transaction.item_conflict_canonical:NATIVE_CONTEXT_REQUIRED	297913472270400
145	268486059	DEAD	true	false	-125472	38450	1176	COMPLETED	true	false	ecology_fenced:ecology.commit_pending:SUCCESS	297913473293300
146	268486074	DEAD	false	false	-125531	37944	1176	COMPLETED	true	false	schedule_not_active:ecology.commit_pending:SUCCESS	297913474127400
147	268486075	DEAD	false	false	-125472	38450	1176	COMPLETED	true	false	schedule_not_active:ecology.commit_pending:SUCCESS	297913475027200
148	268486091	READY	true	false	-90072	248328	-3568	COMPLETED	false	false	ecology_fenced:catchup.travel.no_route:SUCCESS	297913475851600
149	268486093	READY	true	false	24496	9206	-3584	COMPLETED	true	false	ecology_fenced:transaction.backend_failure:SUCCESS	297913477056200
150	268486108	READY	false	false	-86401	253927	-3736	UNKNOWN	false	false	schedule_not_active:transaction.item_conflict_canonical:NATIVE_CONTEXT_REQUIRED	297913477930300
151	268486109	INCONSISTENT	false	false	44126	42751	-3488	UNKNOWN	false	false	schedule_not_active:catchup.renewal.background_state_invalid:INCONSISTENT	297913478698800
152	268486123	READY	true	false	-90072	248328	-3568	COMPLETED	false	false	ecology_fenced:catchup.travel.no_route:SUCCESS	297913479777300
153	268486125	READY	true	false	-90072	248328	-3568	COMPLETED	false	false	ecology_fenced:catchup.travel.no_route:SUCCESS	297913480836500
154	268486140	READY	true	false	130094	-209377	-3552	COMPLETED	true	false	ecology_fenced:ecology.persistence_or_runtime_failure:SUCCESS	297913481705700
155	268486141	DEAD	false	false	-86401	253927	-3736	COMPLETED	true	false	schedule_not_active:ecology.commit_pending:SUCCESS	297913482740300
156	268486155	READY	false	false	-86401	253927	-3736	UNKNOWN	false	false	schedule_not_active:transaction.item_conflict_canonical:NATIVE_CONTEXT_REQUIRED	297913483761400
157	268486156	READY	true	false	24496	9206	-3584	COMPLETED	true	false	ecology_fenced:transaction.backend_failure:SUCCESS	297913484725100
158	268486170	READY	true	false	24496	9206	-3584	COMPLETED	true	false	ecology_fenced:transaction.backend_failure:SUCCESS	297913485617500
159	268486171	READY	false	false	-86401	253927	-3736	UNKNOWN	false	false	schedule_not_active:transaction.item_conflict_canonical:NATIVE_CONTEXT_REQUIRED	297913486395000
160	268486186	INCONSISTENT	false	false	44126	42751	-3488	UNKNOWN	false	false	schedule_not_active:catchup.renewal.background_state_invalid:INCONSISTENT	297913486838400
161	268486187	READY	true	false	-86401	253927	-3736	UNKNOWN	false	false	ecology_fenced:transaction.item_conflict_canonical:NATIVE_CONTEXT_REQUIRED	297913487543400
162	268486200	READY	true	false	119877	-202135	-3456	UNKNOWN	false	false	ecology_fenced:transaction.item_conflict_canonical:NATIVE_CONTEXT_REQUIRED	297913488457400
163	268486202	DEAD	false	false	-125607	38452	1176	COMPLETED	true	false	schedule_not_active:ecology.commit_pending:SUCCESS	297913489326700
164	268486219	DEAD	false	false	-50077	-115763	-160	COMPLETED	true	false	schedule_not_active:ecology.commit_pending:SUCCESS	297913490314600
165	268486221	READY	true	false	53398	63278	-3480	UNKNOWN	false	false	ecology_fenced:transaction.item_conflict_canonical:NATIVE_CONTEXT_REQUIRED	297913491110200
166	268486237	READY	true	false	-50077	-115763	-160	COMPLETED	true	false	ecology_fenced:ecology.persistence_or_runtime_failure:SUCCESS	297913491952500
167	268486238	READY	true	false	48712	55466	-3464	COMPLETED	true	false	ecology_fenced:ecology.persistence_or_runtime_failure:SUCCESS	297913492772400
168	268486253	READY	false	false	24496	9206	-3584	COMPLETED	true	false	schedule_not_active:transaction.backend_failure:SUCCESS	297913493625700
169	268486254	DEAD	false	false	-125472	38450	1176	COMPLETED	true	false	schedule_not_active:ecology.commit_pending:SUCCESS	297913494896600
170	268486269	READY	true	false	-49106	-115854	-160	COMPLETED	true	false	ecology_fenced:ecology.persistence_or_runtime_failure:SUCCESS	297913496760900
171	268486271	DEAD	true	false	-125607	38452	1176	COMPLETED	true	false	ecology_fenced:ecology.commit_pending:SUCCESS	297913497741100
172	268486288	DEAD	false	false	-86401	253927	-3736	COMPLETED	true	false	schedule_not_active:ecology.commit_pending:SUCCESS	297913498550400
173	268486289	DEAD	false	false	-86401	253927	-3736	COMPLETED	true	false	schedule_not_active:ecology.commit_pending:SUCCESS	297913500017300
174	268486302	READY	true	false	-86401	253927	-3736	UNKNOWN	false	false	ecology_fenced:transaction.item_conflict_canonical:NATIVE_CONTEXT_REQUIRED	297913500917700
175	268486304	DEAD	true	false	52710	55450	-3320	COMPLETED	true	false	ecology_fenced:transaction.native_context_required:SUCCESS	297913501731200
176	268486321	DEAD	false	false	-49106	-115854	-160	COMPLETED	true	false	schedule_not_active:ecology.commit_pending:SUCCESS	297913502640400
177	268486323	READY	false	false	119336	-180368	-2368	UNKNOWN	false	false	schedule_not_active:transaction.item_conflict_canonical:NATIVE_CONTEXT_REQUIRED	297913503358600
178	268486338	READY	false	false	-86401	253927	-3736	UNKNOWN	false	false	schedule_not_active:transaction.item_conflict_canonical:NATIVE_CONTEXT_REQUIRED	297913504033200
179	268486340	READY	true	false	24496	9206	-3584	COMPLETED	true	false	ecology_fenced:transaction.backend_failure:SUCCESS	297913504751900
180	268486357	READY	true	false	-90072	248328	-3568	COMPLETED	false	false	ecology_fenced:catchup.travel.no_route:SUCCESS	297913505457800
181	268486359	READY	false	false	-50077	-115763	-160	COMPLETED	true	false	schedule_not_active:ecology.persistence_or_runtime_failure:SUCCESS	297913506491300
182	268486374	DEAD	false	false	26607	63533	-3552	COMPLETED	true	false	schedule_not_active:ecology.commit_pending:SUCCESS	297913507282500
183	268486376	READY	true	false	51500	59679	-3368	UNKNOWN	false	false	ecology_fenced:transaction.item_conflict_canonical:NATIVE_CONTEXT_REQUIRED	297913508063000
184	268486391	DEAD	true	false	-125531	37944	1176	COMPLETED	true	false	ecology_fenced:ecology.commit_pending:SUCCESS	297913509228200
185	268486392	READY	false	false	119336	-180368	-2368	UNKNOWN	false	false	schedule_not_active:transaction.item_conflict_canonical:NATIVE_CONTEXT_REQUIRED	297913510431400
186	268486408	READY	false	false	-50077	-115763	-160	COMPLETED	true	false	schedule_not_active:ecology.persistence_or_runtime_failure:SUCCESS	297913512518700
187	268486410	READY	true	false	46045	41251	-3504	COMPLETED	false	false	ecology_fenced:ecology.preparation_capacity:SUCCESS	297913514386300
188	268486426	READY	true	false	24496	9206	-3584	COMPLETED	true	false	ecology_fenced:transaction.backend_failure:SUCCESS	297913515606800
189	268486429	DEAD	false	false	54714	51620	-3592	COMPLETED	true	false	schedule_not_active:ecology.commit_pending:SUCCESS	297913516738900
190	268486444	READY	false	false	48712	55466	-3464	COMPLETED	true	false	schedule_not_active:ecology.persistence_or_runtime_failure:SUCCESS	297913517701100
191	268486452	READY	false	false	24496	9206	-3584	COMPLETED	true	false	schedule_not_active:transaction.backend_failure:SUCCESS	297913518542000
192	268486461	DEAD	true	false	-125517	38267	1176	COMPLETED	true	false	ecology_fenced:ecology.commit_pending:SUCCESS	297913519383800
193	268486469	READY	true	false	115569	-177722	-896	COMPLETED	false	false	ecology_fenced:catchup.travel.no_route:SUCCESS	297913520227000
194	268486484	READY	false	false	24496	9206	-3584	COMPLETED	true	false	schedule_not_active:transaction.backend_failure:SUCCESS	297913521166800
195	268486492	DEAD	false	false	-86401	253927	-3736	COMPLETED	true	false	schedule_not_active:ecology.commit_pending:SUCCESS	297913522024400
196	268486500	READY	true	false	24496	9206	-3584	COMPLETED	true	false	ecology_fenced:transaction.backend_failure:SUCCESS	297913523284900
197	268486508	READY	true	false	24496	9206	-3584	COMPLETED	true	false	ecology_fenced:transaction.backend_failure:SUCCESS	297913524520400
198	268486517	READY	false	false	-86401	253927	-3736	UNKNOWN	false	false	schedule_not_active:transaction.item_conflict_canonical:NATIVE_CONTEXT_REQUIRED	297913525293300
199	268486524	DEAD	false	false	-50077	-115763	-160	COMPLETED	true	false	schedule_not_active:ecology.commit_pending:SUCCESS	297913526446100
200	268486534	READY	true	false	119336	-180368	-2368	UNKNOWN	false	false	ecology_fenced:transaction.item_conflict_canonical:NATIVE_CONTEXT_REQUIRED	297913527811400
201	268486536	READY	true	false	-90072	248328	-3568	COMPLETED	false	false	ecology_fenced:catchup.travel.no_route:SUCCESS	297913529520500
202	268486552	DEAD	false	false	-125517	38267	1176	COMPLETED	true	false	schedule_not_active:ecology.commit_pending:SUCCESS	297913530808700
203	268486553	READY	false	false	24496	9206	-3584	COMPLETED	true	false	schedule_not_active:transaction.backend_failure:SUCCESS	297913532001500
204	268486568	DEAD	false	false	-86401	253927	-3736	COMPLETED	true	false	schedule_not_active:ecology.commit_pending:SUCCESS	297913533385800
205	268486569	READY	true	false	24496	9206	-3584	COMPLETED	true	false	ecology_fenced:transaction.backend_failure:SUCCESS	297913534339200
206	268486584	READY	true	false	51500	59679	-3368	UNKNOWN	false	false	ecology_fenced:transaction.item_conflict_canonical:NATIVE_CONTEXT_REQUIRED	297913535600600
207	268486585	DEAD	false	false	-50077	-115763	-160	COMPLETED	true	false	schedule_not_active:ecology.commit_pending:SUCCESS	297913536549000
208	268486599	READY	false	false	119336	-180368	-2368	UNKNOWN	false	false	schedule_not_active:transaction.item_conflict_canonical:NATIVE_CONTEXT_REQUIRED	297913537216400
209	268486605	READY	true	false	-90072	248328	-3568	COMPLETED	false	false	ecology_fenced:catchup.travel.no_route:SUCCESS	297913537863600
210	268486621	READY	true	false	-90072	248328	-3568	COMPLETED	false	false	ecology_fenced:catchup.travel.no_route:SUCCESS	297913538587400
211	268486622	DEAD	false	false	51500	59679	-3368	COMPLETED	true	false	schedule_not_active:ecology.commit_pending:SUCCESS	297913539426200
212	268486637	READY	false	false	24496	9206	-3584	COMPLETED	true	false	schedule_not_active:transaction.backend_failure:SUCCESS	297913540432100
213	268486638	READY	true	false	24496	9206	-3584	COMPLETED	true	false	ecology_fenced:transaction.backend_failure:SUCCESS	297913541568700
214	268486652	READY	true	false	-50077	-115763	-160	COMPLETED	true	false	ecology_fenced:transaction.backend_failure:SUCCESS	297913542385400
215	268486654	DEAD	false	false	-49106	-115854	-160	COMPLETED	true	false	schedule_not_active:ecology.commit_pending:SUCCESS	297913543641100
216	268486667	READY	false	false	119877	-202135	-3456	UNKNOWN	false	false	schedule_not_active:transaction.item_conflict_canonical:NATIVE_CONTEXT_REQUIRED	297913545332700
217	268486668	DEAD	false	false	-50077	-115763	-160	COMPLETED	true	false	schedule_not_active:ecology.commit_pending:SUCCESS	297913546855600
218	268486682	READY	true	false	51500	59679	-3368	UNKNOWN	false	false	ecology_fenced:transaction.item_conflict_canonical:NATIVE_CONTEXT_REQUIRED	297913547655200
219	268486683	READY	true	false	24496	9206	-3584	COMPLETED	true	false	ecology_fenced:transaction.backend_failure:SUCCESS	297913548470700
220	268486696	DEAD	false	false	52710	55450	-3320	COMPLETED	true	false	schedule_not_active:ecology.commit_pending:SUCCESS	297913549676500
221	268486698	READY	false	false	24496	9206	-3584	COMPLETED	true	false	schedule_not_active:transaction.backend_failure:SUCCESS	297913550889800
222	268486714	READY	true	false	52710	55450	-3320	UNKNOWN	false	false	ecology_fenced:transaction.item_conflict_canonical:NATIVE_CONTEXT_REQUIRED	297913551768200
223	268486716	READY	true	false	-90072	248328	-3568	COMPLETED	false	false	ecology_fenced:catchup.travel.no_route:SUCCESS	297913552644800
224	268486731	READY	false	false	24496	9206	-3584	COMPLETED	true	false	schedule_not_active:transaction.backend_failure:SUCCESS	297913553646900
225	268486732	READY	false	false	-86401	253927	-3736	UNKNOWN	false	false	schedule_not_active:transaction.item_conflict_canonical:NATIVE_CONTEXT_REQUIRED	297913554461000
226	268486765	READY	true	false	24496	9206	-3584	COMPLETED	true	false	ecology_fenced:transaction.backend_failure:SUCCESS	297913555526800
227	268486767	READY	true	false	48712	55466	-3464	UNKNOWN	false	false	ecology_fenced:transaction.item_conflict_canonical:NATIVE_CONTEXT_REQUIRED	297913556788200
228	268486781	READY	true	false	24496	9206	-3584	COMPLETED	true	false	ecology_fenced:transaction.backend_failure:SUCCESS	297913557755800
229	268486783	INCONSISTENT	false	false	44126	42751	-3488	UNKNOWN	false	false	schedule_not_active:catchup.renewal.background_state_invalid:INCONSISTENT	297913558148500
230	268486796	DEAD	false	false	-86401	253927	-3736	COMPLETED	true	false	schedule_not_active:ecology.commit_pending:SUCCESS	297913558902000
231	268486797	READY	true	false	119877	-202135	-3456	UNKNOWN	false	false	ecology_fenced:transaction.item_conflict_canonical:NATIVE_CONTEXT_REQUIRED	297913559713000
232	268486812	READY	true	false	-125607	38452	1176	COMPLETED	false	false	ecology_fenced:native_context.required:accepted:SUCCESS	297913560595000
233	268486813	DEAD	false	false	-50077	-115763	-160	COMPLETED	true	false	schedule_not_active:ecology.commit_pending:SUCCESS	297913562312700
234	268486827	READY	false	false	-50077	-115763	-160	COMPLETED	true	false	schedule_not_active:ecology.persistence_or_runtime_failure:SUCCESS	297913563862600
235	268486828	READY	true	false	-90072	248328	-3568	COMPLETED	false	false	ecology_fenced:catchup.travel.no_route:SUCCESS	297913564842500
236	268486843	READY	true	false	24496	9206	-3584	COMPLETED	true	false	ecology_fenced:transaction.backend_failure:SUCCESS	297913565622000
237	268486844	DEAD	false	false	-86401	253927	-3736	COMPLETED	true	false	schedule_not_active:ecology.commit_pending:SUCCESS	297913567008100
238	268486859	DEAD	false	false	-86401	253927	-3736	COMPLETED	true	false	schedule_not_active:ecology.commit_pending:SUCCESS	297913567937300
239	268486860	READY	true	false	119336	-180368	-2368	UNKNOWN	false	false	ecology_fenced:transaction.item_conflict_canonical:NATIVE_CONTEXT_REQUIRED	297913568888700
240	268486875	DEAD	true	false	-125531	37944	1176	COMPLETED	true	false	ecology_fenced:ecology.commit_pending:SUCCESS	297913569745700
241	268486876	READY	true	false	-86401	253927	-3736	UNKNOWN	false	false	ecology_fenced:transaction.item_conflict_canonical:NATIVE_CONTEXT_REQUIRED	297913570647200
242	268486893	INCONSISTENT	false	false	44126	42751	-3488	UNKNOWN	false	false	schedule_not_active:catchup.renewal.background_state_invalid:INCONSISTENT	297913571121400
243	268486894	READY	false	false	-50077	-115763	-160	COMPLETED	true	false	schedule_not_active:ecology.persistence_or_runtime_failure:SUCCESS	297913572246500
244	268486908	READY	true	false	-86401	253927	-3736	UNKNOWN	false	false	ecology_fenced:transaction.item_conflict_canonical:NATIVE_CONTEXT_REQUIRED	297913573471700
245	268486909	DEAD	true	false	-125531	37944	1176	COMPLETED	true	false	ecology_fenced:ecology.commit_pending:SUCCESS	297913574804600
246	268486925	DEAD	false	false	-125517	38267	1176	COMPLETED	true	false	schedule_not_active:ecology.commit_pending:SUCCESS	297913575768900
247	268486926	READY	false	false	24496	9206	-3584	COMPLETED	true	false	schedule_not_active:transaction.backend_failure:SUCCESS	297913577169500
248	268486942	READY	true	false	24496	9206	-3584	COMPLETED	true	false	ecology_fenced:transaction.backend_failure:SUCCESS	297913578786100
249	268486943	READY	true	false	-86401	253927	-3736	UNKNOWN	false	false	ecology_fenced:transaction.item_conflict_canonical:NATIVE_CONTEXT_REQUIRED	297913580153900
250	268486958	DEAD	false	false	24496	9206	-3584	COMPLETED	true	false	schedule_not_active:ecology.commit_pending:SUCCESS	297913581096100
251	268486960	DEAD	false	false	-86401	253927	-3736	COMPLETED	true	false	schedule_not_active:ecology.commit_pending:SUCCESS	297913581913900
252	268486976	DEAD	true	false	26607	63533	-3552	COMPLETED	true	false	ecology_fenced:transaction.native_context_required:SUCCESS	297913583017800
253	268486977	READY	true	false	-49106	-115854	-160	COMPLETED	true	false	ecology_fenced:transaction.backend_failure:SUCCESS	297913583891700
254	268486991	READY	true	false	115758	-182753	-1448	COMPLETED	false	false	ecology_fenced:catchup.travel.no_route:SUCCESS	297913584634000
255	268486993	READY	false	false	-50077	-115763	-160	COMPLETED	true	false	schedule_not_active:transaction.backend_failure:SUCCESS	297913585471800
256	268487008	READY	false	false	-50077	-115763	-160	COMPLETED	true	false	schedule_not_active:transaction.backend_failure:SUCCESS	297913586290100
257	268487010	DEAD	true	false	-125607	38452	1176	COMPLETED	true	false	ecology_fenced:ecology.commit_pending:SUCCESS	297913587324300
258	268487024	READY	true	false	24496	9206	-3584	COMPLETED	true	false	ecology_fenced:transaction.backend_failure:SUCCESS	297913588157500
259	268487026	READY	false	false	-86401	253927	-3736	UNKNOWN	false	false	schedule_not_active:transaction.item_conflict_canonical:NATIVE_CONTEXT_REQUIRED	297913589011100
260	268487041	DEAD	false	false	51500	59679	-3368	COMPLETED	true	false	schedule_not_active:transaction.native_context_required:SUCCESS	297913590350300
261	268487042	READY	true	false	-125464	37776	1176	COMPLETED	false	false	ecology_fenced:native_context.required:accepted:SUCCESS	297913591347700
262	268487056	READY	true	false	115569	-177722	-896	COMPLETED	false	false	ecology_fenced:catchup.travel.no_route:SUCCESS	297913592079400
263	268487057	DEAD	false	false	-125607	38452	1176	COMPLETED	true	false	schedule_not_active:ecology.commit_pending:SUCCESS	297913592970300
264	268487074	READY	false	false	-86401	253927	-3736	UNKNOWN	false	false	schedule_not_active:transaction.item_conflict_canonical:NATIVE_CONTEXT_REQUIRED	297913593924300
265	268487076	DEAD	true	false	-125607	38452	1176	COMPLETED	true	false	ecology_fenced:ecology.commit_pending:SUCCESS	297913595396000
266	268487092	READY	true	false	24496	9206	-3584	COMPLETED	true	false	ecology_fenced:transaction.backend_failure:SUCCESS	297913596608000
267	268487093	READY	true	false	24496	9206	-3584	COMPLETED	true	false	ecology_fenced:transaction.backend_failure:SUCCESS	297913597583300
268	268487109	READY	false	false	-86401	253927	-3736	UNKNOWN	false	false	schedule_not_active:transaction.item_conflict_canonical:NATIVE_CONTEXT_REQUIRED	297913598318200
269	268487111	DEAD	false	false	-86401	253927	-3736	COMPLETED	true	false	schedule_not_active:ecology.commit_pending:SUCCESS	297913599284900
270	268487126	READY	true	false	-125615	37771	1176	COMPLETED	false	false	ecology_fenced:native_context.required:accepted:SUCCESS	297913600470800
271	268487127	READY	true	false	-50077	-115763	-160	COMPLETED	true	false	ecology_fenced:ecology.persistence_or_runtime_failure:SUCCESS	297913601551500
272	268487143	DEAD	false	false	51500	59679	-3368	COMPLETED	true	false	schedule_not_active:transaction.native_context_required:SUCCESS	297913602483800
273	268487144	READY	false	false	-50077	-115763	-160	COMPLETED	true	false	schedule_not_active:ecology.persistence_or_runtime_failure:SUCCESS	297913603694500
274	268487159	READY	true	false	-90072	248328	-3568	COMPLETED	false	false	ecology_fenced:catchup.travel.no_route:SUCCESS	297913604864500
275	268487160	READY	true	false	46045	41251	-3504	COMPLETED	false	false	ecology_fenced:ecology.preparation_capacity:SUCCESS	297913606095000
276	268487174	READY	false	false	48712	55466	-3464	COMPLETED	true	false	schedule_not_active:ecology.persistence_or_runtime_failure:SUCCESS	297913607177900
277	268487175	DEAD	false	false	130094	-209377	-3552	COMPLETED	true	false	schedule_not_active:ecology.commit_pending:SUCCESS	297913608159800
278	268487193	DEAD	false	false	48712	55466	-3464	COMPLETED	true	false	schedule_not_active:transaction.native_context_required:SUCCESS	297913609006300
279	268487194	READY	true	false	24496	9206	-3584	COMPLETED	true	false	ecology_fenced:transaction.backend_failure:SUCCESS	297913610135300
280	268487209	READY	true	false	24496	9206	-3584	COMPLETED	true	false	ecology_fenced:transaction.backend_failure:SUCCESS	297913611124800
281	268487210	DEAD	false	false	52710	55450	-3320	COMPLETED	true	false	schedule_not_active:transaction.native_context_required:SUCCESS	297913612540100
282	268487231	READY	false	false	-86401	253927	-3736	UNKNOWN	false	false	schedule_not_active:transaction.item_conflict_canonical:NATIVE_CONTEXT_REQUIRED	297913613749500
283	268487232	READY	true	false	24496	9206	-3584	COMPLETED	true	false	ecology_fenced:transaction.backend_failure:SUCCESS	297913614730100
284	268487247	READY	true	false	-90072	248328	-3568	COMPLETED	false	false	ecology_fenced:catchup.travel.no_route:SUCCESS	297913615758900
285	268487248	READY	false	false	119336	-180368	-2368	UNKNOWN	false	false	schedule_not_active:transaction.item_conflict_canonical:NATIVE_CONTEXT_REQUIRED	297913616785600
286	268487264	READY	false	false	-50077	-115763	-160	COMPLETED	true	false	schedule_not_active:transaction.backend_failure:SUCCESS	297913617933200
287	268487265	DEAD	true	false	-125472	38450	1176	COMPLETED	true	false	ecology_fenced:ecology.commit_pending:SUCCESS	297913618822300
288	268487280	DEAD	true	false	-125607	38452	1176	COMPLETED	true	false	ecology_fenced:ecology.commit_pending:SUCCESS	297913619672600
289	268487281	DEAD	false	false	24496	9206	-3584	COMPLETED	true	false	schedule_not_active:ecology.commit_pending:SUCCESS	297913620561800
290	268487298	READY	false	false	-86401	253927	-3736	UNKNOWN	false	false	schedule_not_active:transaction.item_conflict_canonical:NATIVE_CONTEXT_REQUIRED	297913621506800
291	268487300	DEAD	false	false	-86401	253927	-3736	COMPLETED	true	false	schedule_not_active:ecology.commit_pending:SUCCESS	297913622528100
292	268487314	READY	true	false	-90072	248328	-3568	COMPLETED	false	false	ecology_fenced:catchup.travel.no_route:SUCCESS	297913623695200
293	268487315	READY	true	false	119336	-180368	-2368	UNKNOWN	false	false	ecology_fenced:transaction.item_conflict_canonical:NATIVE_CONTEXT_REQUIRED	297913624666400
294	268487330	DEAD	false	false	52710	55450	-3320	COMPLETED	true	false	schedule_not_active:ecology.commit_pending:SUCCESS	297913625530100
295	268487332	DEAD	false	false	-86401	253927	-3736	COMPLETED	true	false	schedule_not_active:ecology.commit_pending:SUCCESS	297913626468300
296	268487347	READY	true	false	-86401	253927	-3736	COMPLETED	true	false	ecology_fenced:ecology.persistence_or_runtime_failure:SUCCESS	297913627566800
297	268487349	DEAD	true	false	-125615	37771	1176	COMPLETED	true	false	ecology_fenced:ecology.commit_pending:SUCCESS	297913628796100
298	268487363	DEAD	false	false	24496	9206	-3584	COMPLETED	true	false	schedule_not_active:ecology.commit_pending:SUCCESS	297913630068300
299	268487364	DEAD	false	false	-50077	-115763	-160	COMPLETED	true	false	schedule_not_active:ecology.commit_pending:SUCCESS	297913631113600
300	268487378	READY	true	false	115488	-179664	-888	COMPLETED	false	false	ecology_fenced:catchup.travel.no_route:SUCCESS	297913632032700
301	268487379	READY	true	false	-84312	252645	-3664	UNKNOWN	false	false	ecology_fenced:transaction.item_conflict_canonical:NATIVE_CONTEXT_REQUIRED	297913632929500
302	268487394	DEAD	false	false	-86401	253927	-3736	COMPLETED	true	false	schedule_not_active:ecology.commit_pending:SUCCESS	297913633832000
303	268487395	READY	false	false	-50077	-115763	-160	COMPLETED	true	false	schedule_not_active:transaction.backend_failure:SUCCESS	297913634740400
304	268487410	READY	false	false	51500	59679	-3368	UNKNOWN	false	false	schedule_not_active:transaction.item_conflict_canonical:NATIVE_CONTEXT_REQUIRED	297913635638400
305	268487411	READY	true	false	52710	55450	-3320	UNKNOWN	false	false	ecology_fenced:transaction.item_conflict_canonical:NATIVE_CONTEXT_REQUIRED	297913636529500
306	268487426	READY	true	false	24496	9206	-3584	COMPLETED	true	false	ecology_fenced:transaction.backend_failure:SUCCESS	297913637621200
307	268487427	READY	false	false	24496	9206	-3584	COMPLETED	true	false	schedule_not_active:transaction.backend_failure:SUCCESS	297913638724600
308	268487442	READY	false	false	119336	-180368	-2368	UNKNOWN	false	false	schedule_not_active:transaction.item_conflict_canonical:NATIVE_CONTEXT_REQUIRED	297913639625600
309	268487443	READY	true	false	52710	55450	-3320	UNKNOWN	false	false	ecology_fenced:transaction.item_conflict_canonical:NATIVE_CONTEXT_REQUIRED	297913640681000
310	268487459	READY	true	false	24496	9206	-3584	COMPLETED	true	false	ecology_fenced:transaction.backend_failure:SUCCESS	297913641806300
311	268487460	DEAD	false	false	-125531	37944	1176	COMPLETED	true	false	schedule_not_active:ecology.commit_pending:SUCCESS	297913642765100
312	268487476	READY	false	false	-86401	253927	-3736	UNKNOWN	false	false	schedule_not_active:transaction.item_conflict_canonical:NATIVE_CONTEXT_REQUIRED	297913643717000
313	268487478	READY	true	false	-84312	252645	-3664	UNKNOWN	false	false	ecology_fenced:transaction.item_conflict_canonical:NATIVE_CONTEXT_REQUIRED	297913645001800
314	268487494	READY	true	false	24496	9206	-3584	COMPLETED	true	false	ecology_fenced:transaction.backend_failure:SUCCESS	297913646726300
315	268487495	DEAD	false	false	-86401	253927	-3736	COMPLETED	true	false	schedule_not_active:ecology.commit_pending:SUCCESS	297913647939200
316	268487510	READY	false	false	119336	-180368	-2368	UNKNOWN	false	false	schedule_not_active:transaction.item_conflict_canonical:NATIVE_CONTEXT_REQUIRED	297913649044800
317	268487511	READY	false	false	-50077	-115763	-160	COMPLETED	true	false	schedule_not_active:ecology.persistence_or_runtime_failure:SUCCESS	297913650247200
318	268487526	DEAD	true	false	-125615	37771	1176	COMPLETED	true	false	ecology_fenced:ecology.commit_pending:SUCCESS	297913651490400
319	268487527	READY	true	false	24496	9206	-3584	COMPLETED	true	false	ecology_fenced:transaction.backend_failure:SUCCESS	297913652721100
320	268487542	READY	false	false	-86401	253927	-3736	UNKNOWN	false	false	schedule_not_active:transaction.item_conflict_canonical:NATIVE_CONTEXT_REQUIRED	297913653603000
321	268487544	INCONSISTENT	false	false	44126	42751	-3488	UNKNOWN	false	false	schedule_not_active:catchup.renewal.background_state_invalid:INCONSISTENT	297913654033900
322	268487559	DEAD	true	false	-125615	37771	1176	COMPLETED	true	false	ecology_fenced:ecology.commit_pending:SUCCESS	297913654897700
323	268487561	READY	true	false	-50077	-115763	-160	COMPLETED	true	false	ecology_fenced:transaction.backend_failure:SUCCESS	297913655993900
324	268487577	READY	false	false	-49106	-115854	-160	COMPLETED	true	false	schedule_not_active:ecology.persistence_or_runtime_failure:SUCCESS	297913656969700
325	268487578	READY	false	false	-86401	253927	-3736	UNKNOWN	false	false	schedule_not_active:transaction.item_conflict_canonical:NATIVE_CONTEXT_REQUIRED	297913657939200
326	268487594	READY	true	false	-50077	-115763	-160	COMPLETED	false	false	ecology_fenced:native_context.required:accepted:SUCCESS	297913658967900
327	268487595	READY	true	false	53398	63278	-3480	UNKNOWN	false	false	ecology_fenced:transaction.item_conflict_canonical:NATIVE_CONTEXT_REQUIRED	297913660061400
328	268487608	READY	true	false	-90072	248328	-3568	COMPLETED	false	false	ecology_fenced:catchup.travel.no_route:SUCCESS	297913661249400
329	268487609	DEAD	false	false	-86401	253927	-3736	COMPLETED	true	false	schedule_not_active:ecology.commit_pending:SUCCESS	297913662775100
330	268487624	DEAD	false	false	-86401	253927	-3736	COMPLETED	true	false	schedule_not_active:ecology.commit_pending:SUCCESS	297913664038900
331	268487626	READY	true	false	119877	-202135	-3456	UNKNOWN	false	false	ecology_fenced:transaction.item_conflict_canonical:NATIVE_CONTEXT_REQUIRED	297913665153400
332	268487642	READY	true	false	24496	9206	-3584	COMPLETED	true	false	ecology_fenced:transaction.backend_failure:SUCCESS	297913666530800
333	268487643	DEAD	false	false	-86401	253927	-3736	COMPLETED	true	false	schedule_not_active:ecology.commit_pending:SUCCESS	297913667819600
334	268487658	READY	false	false	48712	55466	-3464	COMPLETED	true	false	schedule_not_active:ecology.persistence_or_runtime_failure:SUCCESS	297913668905300
335	268487659	READY	true	false	-50077	-115763	-160	COMPLETED	true	false	ecology_fenced:transaction.backend_failure:SUCCESS	297913669881300
336	268487676	READY	true	false	51500	59679	-3368	UNKNOWN	false	false	ecology_fenced:transaction.item_conflict_canonical:NATIVE_CONTEXT_REQUIRED	297913670843700
337	268487677	DEAD	false	false	-125517	38267	1176	COMPLETED	true	false	schedule_not_active:ecology.commit_pending:SUCCESS	297913671837800
338	268487694	DEAD	false	false	-125607	38452	1176	COMPLETED	true	false	schedule_not_active:ecology.commit_pending:SUCCESS	297913672901900
339	268487695	READY	true	false	115488	-179664	-888	COMPLETED	false	false	ecology_fenced:catchup.travel.no_route:SUCCESS	297913673997600
340	268487710	READY	true	false	-84312	252645	-3664	UNKNOWN	false	false	ecology_fenced:transaction.item_conflict_canonical:NATIVE_CONTEXT_REQUIRED	297913674841500
341	268487711	READY	true	false	-50077	-115763	-160	COMPLETED	true	false	ecology_fenced:ecology.persistence_or_runtime_failure:SUCCESS	297913675719900
342	268487726	DEAD	false	false	-125464	37776	1176	COMPLETED	true	false	schedule_not_active:ecology.commit_pending:SUCCESS	297913676687300
343	268487727	READY	false	false	24496	9206	-3584	COMPLETED	true	false	schedule_not_active:transaction.backend_failure:SUCCESS	297913677695300
344	268487744	READY	true	false	52710	55450	-3320	UNKNOWN	false	false	ecology_fenced:transaction.item_conflict_canonical:NATIVE_CONTEXT_REQUIRED	297913678765400
345	268487745	READY	true	false	51500	59679	-3368	UNKNOWN	false	false	ecology_fenced:transaction.item_conflict_canonical:NATIVE_CONTEXT_REQUIRED	297913680167400
346	268487761	DEAD	false	false	-86401	253927	-3736	COMPLETED	true	false	schedule_not_active:ecology.commit_pending:SUCCESS	297913681247000
347	268487762	READY	false	false	24496	9206	-3584	COMPLETED	true	false	schedule_not_active:transaction.backend_failure:SUCCESS	297913682296500
348	268487781	DEAD	true	false	-125472	38450	1176	COMPLETED	true	false	ecology_fenced:ecology.commit_pending:SUCCESS	297913683254500
349	268487782	READY	true	false	-86401	253927	-3736	UNKNOWN	false	false	ecology_fenced:transaction.item_conflict_canonical:NATIVE_CONTEXT_REQUIRED	297913684311200
350	268487798	READY	false	false	48712	55466	-3464	UNKNOWN	false	false	schedule_not_active:transaction.item_conflict_canonical:NATIVE_CONTEXT_REQUIRED	297913685290200
351	268487800	READY	false	false	48712	55466	-3464	COMPLETED	true	false	schedule_not_active:ecology.persistence_or_runtime_failure:SUCCESS	297913686242800
352	268487820	INCONSISTENT	true	false	44126	42751	-3488	UNKNOWN	false	false	ecology_fenced:catchup.renewal.background_state_invalid:INCONSISTENT	297913686752800
353	268487821	READY	true	false	-90072	248328	-3568	COMPLETED	false	false	ecology_fenced:catchup.travel.no_route:SUCCESS	297913687679200
354	268487835	READY	true	false	130094	-209377	-3552	COMPLETED	true	false	ecology_fenced:ecology.persistence_or_runtime_failure:SUCCESS	297913688639600
355	268487836	INCONSISTENT	false	false	44126	42751	-3488	UNKNOWN	false	false	schedule_not_active:catchup.renewal.background_state_invalid:INCONSISTENT	297913689112200
356	268487851	READY	false	false	48712	55466	-3464	COMPLETED	true	false	schedule_not_active:ecology.persistence_or_runtime_failure:SUCCESS	297913690056700
357	268487852	READY	true	false	-50077	-115763	-160	COMPLETED	true	false	ecology_fenced:ecology.persistence_or_runtime_failure:SUCCESS	297913691035800
358	268487870	READY	true	false	24496	9206	-3584	COMPLETED	true	false	ecology_fenced:transaction.backend_failure:SUCCESS	297913692076900
359	268487872	DEAD	false	false	-86401	253927	-3736	COMPLETED	true	false	schedule_not_active:ecology.commit_pending:SUCCESS	297913693123300
360	268487888	DEAD	false	false	-86401	253927	-3736	COMPLETED	true	false	schedule_not_active:ecology.commit_pending:SUCCESS	297913694133700
361	268487889	READY	true	false	-90072	248328	-3568	COMPLETED	false	false	ecology_fenced:catchup.travel.no_route:SUCCESS	297913695096500
362	268487903	READY	true	false	119877	-202135	-3456	UNKNOWN	false	false	ecology_fenced:transaction.item_conflict_canonical:NATIVE_CONTEXT_REQUIRED	297913696548000
363	268487904	DEAD	false	false	54714	51620	-3592	COMPLETED	true	false	schedule_not_active:ecology.commit_pending:SUCCESS	297913697748700
364	268487919	READY	false	false	24496	9206	-3584	COMPLETED	true	false	schedule_not_active:transaction.backend_failure:SUCCESS	297913698722800
365	268487920	READY	true	false	-49106	-115854	-160	COMPLETED	true	false	ecology_fenced:transaction.backend_failure:SUCCESS	297913699935000
366	268487934	READY	true	false	-86401	253927	-3736	UNKNOWN	false	false	ecology_fenced:transaction.item_conflict_canonical:NATIVE_CONTEXT_REQUIRED	297913701031400
367	268487935	READY	true	false	48712	55466	-3464	COMPLETED	true	false	ecology_fenced:ecology.persistence_or_runtime_failure:SUCCESS	297913701911600
368	268487953	DEAD	false	false	-86401	253927	-3736	COMPLETED	true	false	schedule_not_active:ecology.commit_pending:SUCCESS	297913702748800
369	268487955	DEAD	false	false	-86401	253927	-3736	COMPLETED	true	false	schedule_not_active:ecology.commit_pending:SUCCESS	297913703681200
370	268487969	READY	true	false	-125615	37771	1176	COMPLETED	false	false	ecology_fenced:native_context.required:accepted:SUCCESS	297913704566400
371	268487970	READY	true	false	-90072	248328	-3568	COMPLETED	false	false	ecology_fenced:catchup.travel.no_route:SUCCESS	297913705631600
372	268487987	READY	false	false	24496	9206	-3584	COMPLETED	true	false	schedule_not_active:transaction.backend_failure:SUCCESS	297913706847700
373	268487988	DEAD	false	false	-125517	38267	1176	COMPLETED	true	false	schedule_not_active:ecology.cursor_pending:SUCCESS	297913707771800
374	268488003	READY	true	false	-50077	-115763	-160	COMPLETED	true	false	ecology_fenced:transaction.backend_failure:SUCCESS	297913708764000
375	268488004	READY	true	false	-90072	248328	-3568	COMPLETED	false	false	ecology_fenced:catchup.travel.no_route:SUCCESS	297913709663900
376	268488019	DEAD	false	false	-50077	-115763	-160	COMPLETED	true	false	schedule_not_active:ecology.commit_pending:SUCCESS	297913710548700
377	268488020	DEAD	false	false	119877	-202135	-3456	COMPLETED	true	false	schedule_not_active:ecology.commit_pending:SUCCESS	297913711441500
378	268488036	INCONSISTENT	false	false	44126	42751	-3488	UNKNOWN	false	false	schedule_not_active:catchup.renewal.background_state_invalid:INCONSISTENT	297913711955200
379	268488037	READY	true	false	-86401	253927	-3736	UNKNOWN	false	false	ecology_fenced:transaction.item_conflict_canonical:NATIVE_CONTEXT_REQUIRED	297913713404700
380	268488051	DEAD	true	false	-125615	37771	1176	COMPLETED	true	false	ecology_fenced:ecology.commit_pending:SUCCESS	297913714996900
381	268488052	READY	false	false	48712	55466	-3464	COMPLETED	true	false	schedule_not_active:ecology.persistence_or_runtime_failure:SUCCESS	297913716223300
382	268488067	INCONSISTENT	false	false	55857	63041	-3472	UNKNOWN	false	false	schedule_not_active:catchup.renewal.background_state_invalid:INCONSISTENT	297913716912700
383	268488068	READY	true	false	-90072	248328	-3568	COMPLETED	false	false	ecology_fenced:catchup.travel.no_route:SUCCESS	297913718160700
384	268488087	READY	true	false	-50077	-115763	-160	COMPLETED	true	false	ecology_fenced:transaction.backend_failure:SUCCESS	297913719205600
385	268488088	READY	false	false	119336	-180368	-2368	UNKNOWN	false	false	schedule_not_active:transaction.item_conflict_canonical:NATIVE_CONTEXT_REQUIRED	297913720294900
386	268488102	READY	false	false	-49106	-115854	-160	COMPLETED	true	false	schedule_not_active:ecology.persistence_or_runtime_failure:SUCCESS	297913721280500
387	268488103	READY	true	false	-86401	253927	-3736	UNKNOWN	false	false	ecology_fenced:transaction.item_conflict_canonical:NATIVE_CONTEXT_REQUIRED	297913722321600
388	268488120	DEAD	true	false	-125517	38267	1176	COMPLETED	true	false	ecology_fenced:ecology.commit_pending:SUCCESS	297913723271200
389	268488121	DEAD	false	false	53398	63278	-3480	COMPLETED	true	false	schedule_not_active:ecology.commit_pending:SUCCESS	297913724268800
390	268488137	DEAD	false	false	-86401	253927	-3736	COMPLETED	true	false	schedule_not_active:ecology.commit_pending:SUCCESS	297913725933000
391	268488138	READY	false	false	-50077	-115763	-160	COMPLETED	true	false	schedule_not_active:transaction.backend_failure:SUCCESS	297913727213800
392	268488154	DEAD	true	false	-50077	-115763	-160	COMPLETED	true	false	ecology_fenced:ecology.commit_pending:SUCCESS	297913728267100
393	268488155	READY	true	false	119877	-202135	-3456	UNKNOWN	false	false	ecology_fenced:transaction.item_conflict_canonical:NATIVE_CONTEXT_REQUIRED	297913729353600
394	268488170	DEAD	false	false	52710	55450	-3320	COMPLETED	true	false	schedule_not_active:ecology.commit_pending:SUCCESS	297913730813400
395	268488171	READY	false	false	24496	9206	-3584	COMPLETED	true	false	schedule_not_active:transaction.backend_failure:SUCCESS	297913732109000
396	268488187	READY	true	false	-49106	-115854	-160	COMPLETED	true	false	ecology_fenced:transaction.backend_failure:SUCCESS	297913733175500
397	268488188	READY	true	false	-86401	253927	-3736	UNKNOWN	false	false	ecology_fenced:transaction.item_conflict_canonical:NATIVE_CONTEXT_REQUIRED	297913734058000
398	268488205	DEAD	false	false	24496	9206	-3584	COMPLETED	true	false	schedule_not_active:ecology.commit_pending:SUCCESS	297913735217700
399	268488206	DEAD	false	false	-86401	253927	-3736	COMPLETED	true	false	schedule_not_active:ecology.commit_pending:SUCCESS	297913736018900
400	268488220	READY	true	false	115758	-182753	-1448	COMPLETED	false	false	ecology_fenced:catchup.travel.no_route:SUCCESS	297913736878000
401	268488221	READY	true	false	51500	59679	-3368	UNKNOWN	false	false	ecology_fenced:transaction.item_conflict_canonical:NATIVE_CONTEXT_REQUIRED	297913737840700
402	268488237	DEAD	false	false	24496	9206	-3584	COMPLETED	true	false	schedule_not_active:ecology.commit_pending:SUCCESS	297913738772400
403	268488238	READY	false	false	24496	9206	-3584	COMPLETED	true	false	schedule_not_active:transaction.backend_failure:SUCCESS	297913739757200
404	268488272	DEAD	false	false	51500	59679	-3368	COMPLETED	true	false	schedule_not_active:transaction.native_context_required:SUCCESS	297913740655100
405	268488273	READY	true	false	48712	55466	-3464	UNKNOWN	false	false	ecology_fenced:transaction.item_conflict_canonical:NATIVE_CONTEXT_REQUIRED	297913741456500
406	268488287	INCONSISTENT	true	false	44126	42751	-3488	UNKNOWN	false	false	ecology_fenced:catchup.renewal.background_state_invalid:INCONSISTENT	297913742018700
407	268488288	READY	false	false	48712	55466	-3464	COMPLETED	true	false	schedule_not_active:ecology.persistence_or_runtime_failure:SUCCESS	297913742889600
408	268488303	READY	false	false	119336	-180368	-2368	UNKNOWN	false	false	schedule_not_active:transaction.item_conflict_canonical:NATIVE_CONTEXT_REQUIRED	297913743808800
409	268488304	READY	true	false	-50077	-115763	-160	COMPLETED	true	false	ecology_fenced:ecology.persistence_or_runtime_failure:SUCCESS	297913744764300
410	268488320	DEAD	true	false	-125464	37776	1176	COMPLETED	true	false	ecology_fenced:ecology.commit_pending:SUCCESS	297913746764400
411	268488321	DEAD	false	false	53398	63278	-3480	COMPLETED	true	false	schedule_not_active:transaction.native_context_required:SUCCESS	297913747788000
412	268488335	READY	false	false	24496	9206	-3584	COMPLETED	true	false	schedule_not_active:transaction.backend_failure:SUCCESS	297913748710000
413	268488336	READY	true	false	24496	9206	-3584	COMPLETED	true	false	ecology_fenced:transaction.backend_failure:SUCCESS	297913749780400
414	268488351	READY	true	false	-90072	248328	-3568	COMPLETED	false	false	ecology_fenced:catchup.travel.no_route:SUCCESS	297913750825200
415	268488352	DEAD	false	false	-50077	-115763	-160	COMPLETED	true	false	schedule_not_active:ecology.commit_pending:SUCCESS	297913751768900
416	268488366	DEAD	false	false	119877	-202135	-3456	COMPLETED	true	false	schedule_not_active:ecology.commit_pending:SUCCESS	297913752565300
417	268488367	DEAD	false	false	-86401	253927	-3736	COMPLETED	true	false	schedule_not_active:ecology.commit_pending:SUCCESS	297913753307400
418	268488381	READY	true	false	48712	55466	-3464	COMPLETED	true	false	ecology_fenced:ecology.persistence_or_runtime_failure:SUCCESS	297913754074900
419	268488382	READY	true	false	24496	9206	-3584	COMPLETED	true	false	ecology_fenced:transaction.backend_failure:SUCCESS	297913755092000
420	268488399	READY	false	false	24496	9206	-3584	COMPLETED	true	false	schedule_not_active:transaction.backend_failure:SUCCESS	297913756151300
421	268488400	DEAD	false	false	-86401	253927	-3736	COMPLETED	true	false	schedule_not_active:ecology.commit_pending:SUCCESS	297913757113700
422	268488418	DEAD	true	false	-50077	-115763	-160	COMPLETED	true	false	ecology_fenced:ecology.commit_pending:SUCCESS	297913758030500
423	268488419	DEAD	true	false	-125464	37776	1176	COMPLETED	true	false	ecology_fenced:ecology.commit_pending:SUCCESS	297913758794600
424	268488438	DEAD	false	false	52710	55450	-3320	COMPLETED	true	false	schedule_not_active:transaction.native_context_required:SUCCESS	297913759716500
425	268488440	READY	false	false	-50077	-115763	-160	COMPLETED	true	false	schedule_not_active:transaction.backend_failure:SUCCESS	297913760750200
426	268488455	READY	true	false	46045	41251	-3504	COMPLETED	false	false	ecology_fenced:ecology.preparation_capacity:SUCCESS	297913762209300
427	268488456	READY	true	false	48712	55466	-3464	UNKNOWN	false	false	ecology_fenced:transaction.item_conflict_canonical:NATIVE_CONTEXT_REQUIRED	297913763464500
428	268488469	READY	true	false	24496	9206	-3584	COMPLETED	true	false	ecology_fenced:transaction.backend_failure:SUCCESS	297913764444600
429	268488470	DEAD	false	false	-86401	253927	-3736	COMPLETED	true	false	schedule_not_active:ecology.cursor_pending:SUCCESS	297913765242100
430	268488483	INCONSISTENT	false	false	54714	51620	-3592	UNKNOWN	false	false	schedule_not_active:catchup.renewal.background_state_invalid:INCONSISTENT	297913765668700
431	268488484	READY	true	false	119336	-180368	-2368	UNKNOWN	false	false	ecology_fenced:transaction.item_conflict_canonical:NATIVE_CONTEXT_REQUIRED	297913766786700
432	268488500	READY	true	false	-50077	-115763	-160	COMPLETED	true	false	ecology_fenced:ecology.persistence_or_runtime_failure:SUCCESS	297913767715700
433	268488501	READY	false	false	-86401	253927	-3736	UNKNOWN	false	false	schedule_not_active:transaction.item_conflict_canonical:NATIVE_CONTEXT_REQUIRED	297913768512800
434	268488516	INCONSISTENT	false	false	44126	42751	-3488	UNKNOWN	false	false	schedule_not_active:catchup.renewal.background_state_invalid:INCONSISTENT	297913768927400
435	268488517	READY	true	false	24496	9206	-3584	COMPLETED	true	false	ecology_fenced:transaction.backend_failure:SUCCESS	297913769759700
436	268488532	READY	true	false	24496	9206	-3584	COMPLETED	true	false	ecology_fenced:transaction.backend_failure:SUCCESS	297913770523700
437	268488533	DEAD	false	false	-86401	253927	-3736	COMPLETED	true	false	schedule_not_active:ecology.commit_pending:SUCCESS	297913771336100
438	268488549	DEAD	false	false	-125531	37944	1176	COMPLETED	true	false	schedule_not_active:ecology.commit_pending:SUCCESS	297913772269700
439	268488550	READY	true	false	119877	-202135	-3456	UNKNOWN	false	false	ecology_fenced:transaction.item_conflict_canonical:NATIVE_CONTEXT_REQUIRED	297913773236200
440	268488565	READY	true	false	-84312	252645	-3664	UNKNOWN	false	false	ecology_fenced:transaction.item_conflict_canonical:NATIVE_CONTEXT_REQUIRED	297913774248800
441	268488566	READY	true	false	24496	9206	-3584	COMPLETED	true	false	ecology_fenced:transaction.backend_failure:SUCCESS	297913775109000
442	268488581	READY	false	false	24496	9206	-3584	COMPLETED	true	false	schedule_not_active:transaction.backend_failure:SUCCESS	297913776040300
443	268488582	INCONSISTENT	false	false	44126	42751	-3488	UNKNOWN	false	false	schedule_not_active:catchup.renewal.background_state_invalid:INCONSISTENT	297913776577900
444	268488596	READY	true	false	-84312	252645	-3664	UNKNOWN	false	false	ecology_fenced:transaction.item_conflict_canonical:NATIVE_CONTEXT_REQUIRED	297913777564200
445	268488597	READY	true	false	24496	9206	-3584	COMPLETED	true	false	ecology_fenced:transaction.backend_failure:SUCCESS	297913779064000
446	268488614	DEAD	false	false	-50077	-115763	-160	COMPLETED	true	false	schedule_not_active:ecology.commit_pending:SUCCESS	297913780440300
447	268488615	DEAD	false	false	51500	59679	-3368	COMPLETED	true	false	schedule_not_active:transaction.native_context_required:SUCCESS	297913781383500
448	268488629	READY	true	false	48712	55466	-3464	COMPLETED	true	false	ecology_fenced:ecology.persistence_or_runtime_failure:SUCCESS	297913782323800
449	268488630	READY	true	false	-90072	248328	-3568	COMPLETED	false	false	ecology_fenced:catchup.travel.no_route:SUCCESS	297913783523400
450	268488646	DEAD	false	false	51500	59679	-3368	COMPLETED	true	false	schedule_not_active:transaction.native_context_required:SUCCESS	297913784325400
451	268488648	INCONSISTENT	false	false	44126	42751	-3488	UNKNOWN	false	false	schedule_not_active:catchup.renewal.background_state_invalid:INCONSISTENT	297913784664300
452	268488662	READY	true	false	46045	41251	-3504	COMPLETED	false	false	ecology_fenced:ecology.preparation_capacity:SUCCESS	297913785358200
453	268488663	READY	true	false	24496	9206	-3584	COMPLETED	true	false	ecology_fenced:transaction.backend_failure:SUCCESS	297913786098900
454	268488678	READY	true	false	119877	-202135	-3456	UNKNOWN	false	false	ecology_fenced:transaction.item_conflict_canonical:NATIVE_CONTEXT_REQUIRED	297913786732800
455	268488679	DEAD	false	false	-86401	253927	-3736	COMPLETED	true	false	schedule_not_active:ecology.commit_pending:SUCCESS	297913787326100
456	268488693	READY	false	false	48712	55466	-3464	COMPLETED	true	false	schedule_not_active:ecology.persistence_or_runtime_failure:SUCCESS	297913787920800
457	268488694	DEAD	true	false	-125531	37944	1176	COMPLETED	true	false	ecology_fenced:ecology.commit_pending:SUCCESS	297913788958200
458	268488710	READY	true	false	24496	9206	-3584	COMPLETED	true	false	ecology_fenced:transaction.backend_failure:SUCCESS	297913789831200
459	268488712	DEAD	false	false	51500	59679	-3368	COMPLETED	true	false	schedule_not_active:transaction.native_context_required:SUCCESS	297913790603100
460	268488730	INCONSISTENT	false	false	44126	42751	-3488	UNKNOWN	false	false	schedule_not_active:catchup.renewal.background_state_invalid:INCONSISTENT	297913790975000
461	268488731	READY	true	false	-90072	248328	-3568	COMPLETED	false	false	ecology_fenced:catchup.travel.no_route:SUCCESS	297913791712300
462	268488744	READY	true	false	119877	-202135	-3456	UNKNOWN	false	false	ecology_fenced:transaction.item_conflict_canonical:NATIVE_CONTEXT_REQUIRED	297913792545500
463	268488745	READY	false	false	24496	9206	-3584	COMPLETED	true	false	schedule_not_active:transaction.backend_failure:SUCCESS	297913793534700
464	268488760	DEAD	false	false	-86401	253927	-3736	COMPLETED	true	false	schedule_not_active:ecology.commit_pending:SUCCESS	297913794321900
465	268488761	READY	true	false	-90072	248328	-3568	COMPLETED	false	false	ecology_fenced:catchup.travel.no_route:SUCCESS	297913795857300
466	268488775	READY	true	false	-50077	-115763	-160	COMPLETED	true	false	ecology_fenced:ecology.persistence_or_runtime_failure:SUCCESS	297913797045100
467	268488776	READY	true	false	24496	9206	-3584	COMPLETED	true	false	ecology_fenced:transaction.backend_failure:SUCCESS	297913797941100
468	268488792	READY	false	false	24496	9206	-3584	COMPLETED	true	false	schedule_not_active:transaction.backend_failure:SUCCESS	297913798811300
469	268488793	DEAD	false	false	-86401	253927	-3736	COMPLETED	true	false	schedule_not_active:ecology.commit_pending:SUCCESS	297913799940900
470	268488806	READY	true	false	-50077	-115763	-160	COMPLETED	true	false	ecology_fenced:transaction.backend_failure:SUCCESS	297913800850500
471	268488808	READY	true	false	24496	9206	-3584	COMPLETED	true	false	ecology_fenced:transaction.backend_failure:SUCCESS	297913801646700
472	268488823	READY	false	false	-50077	-115763	-160	COMPLETED	true	false	schedule_not_active:ecology.persistence_or_runtime_failure:SUCCESS	297913802383900
473	268488824	READY	false	false	-50077	-115763	-160	COMPLETED	true	false	schedule_not_active:ecology.persistence_or_runtime_failure:SUCCESS	297913803127200
474	268488842	READY	true	false	24496	9206	-3584	COMPLETED	true	false	ecology_fenced:transaction.backend_failure:SUCCESS	297913803943500
475	268488843	READY	true	false	24496	9206	-3584	COMPLETED	true	false	ecology_fenced:transaction.backend_failure:SUCCESS	297913804928100
476	268488860	DEAD	false	false	-50077	-115763	-160	COMPLETED	true	false	schedule_not_active:ecology.commit_pending:SUCCESS	297913805884200
477	268488861	READY	false	false	119877	-202135	-3456	UNKNOWN	false	false	schedule_not_active:transaction.item_conflict_canonical:NATIVE_CONTEXT_REQUIRED	297913806749300
478	268488876	READY	false	false	-49106	-115854	-160	COMPLETED	true	false	schedule_not_active:ecology.persistence_or_runtime_failure:SUCCESS	297913807611700
479	268488877	READY	true	false	52710	55450	-3320	UNKNOWN	false	false	ecology_fenced:transaction.item_conflict_canonical:NATIVE_CONTEXT_REQUIRED	297913808427000
480	268488895	READY	true	false	-90072	248328	-3568	COMPLETED	false	false	ecology_fenced:catchup.travel.no_route:SUCCESS	297913809330200
481	268488896	READY	false	false	-86401	253927	-3736	UNKNOWN	false	false	schedule_not_active:transaction.item_conflict_canonical:NATIVE_CONTEXT_REQUIRED	297913810284600
482	268488911	READY	false	false	48712	55466	-3464	UNKNOWN	false	false	schedule_not_active:transaction.item_conflict_canonical:NATIVE_CONTEXT_REQUIRED	297913811323600
483	268488912	READY	true	false	53398	63278	-3480	UNKNOWN	false	false	ecology_fenced:transaction.item_conflict_canonical:NATIVE_CONTEXT_REQUIRED	297913812849400
484	268488927	READY	true	false	24496	9206	-3584	COMPLETED	true	false	ecology_fenced:transaction.backend_failure:SUCCESS	297913814200900
485	268488928	DEAD	false	false	119336	-180368	-2368	COMPLETED	true	false	schedule_not_active:ecology.commit_pending:SUCCESS	297913815055000
486	268488943	DEAD	false	false	-86401	253927	-3736	COMPLETED	true	false	schedule_not_active:ecology.commit_pending:SUCCESS	297913816075300
487	268488944	READY	true	false	52710	55450	-3320	UNKNOWN	false	false	ecology_fenced:transaction.item_conflict_canonical:NATIVE_CONTEXT_REQUIRED	297913817423400
488	268488958	READY	true	false	-50077	-115763	-160	COMPLETED	true	false	ecology_fenced:transaction.backend_failure:SUCCESS	297913818285100
489	268488959	DEAD	false	false	-86401	253927	-3736	COMPLETED	true	false	schedule_not_active:ecology.commit_pending:SUCCESS	297913819222000
490	268488973	READY	false	false	24496	9206	-3584	COMPLETED	true	false	schedule_not_active:transaction.backend_failure:SUCCESS	297913820288300
491	268488974	READY	false	false	-50077	-115763	-160	COMPLETED	true	false	schedule_not_active:transaction.backend_failure:SUCCESS	297913821591700
492	268488993	READY	true	false	-90072	248328	-3568	COMPLETED	false	false	ecology_fenced:catchup.travel.no_route:SUCCESS	297913822838700
493	268488995	READY	true	false	119877	-202135	-3456	UNKNOWN	false	false	ecology_fenced:transaction.item_conflict_canonical:NATIVE_CONTEXT_REQUIRED	297913824031200
494	268489009	DEAD	false	false	24496	9206	-3584	COMPLETED	true	false	schedule_not_active:ecology.commit_pending:SUCCESS	297913825306400
495	268489015	READY	false	false	24496	9206	-3584	COMPLETED	true	false	schedule_not_active:transaction.backend_failure:SUCCESS	297913826495700
496	268489031	READY	true	false	-90072	248328	-3568	COMPLETED	false	false	ecology_fenced:catchup.travel.no_route:SUCCESS	297913827756200
497	268489033	READY	true	false	24496	9206	-3584	COMPLETED	true	false	ecology_fenced:transaction.backend_failure:SUCCESS	297913829392700
498	268489048	READY	false	false	24496	9206	-3584	COMPLETED	true	false	schedule_not_active:transaction.backend_failure:SUCCESS	297913830828500
499	268489056	READY	false	false	24496	9206	-3584	COMPLETED	true	false	schedule_not_active:transaction.backend_failure:SUCCESS	297913831898000
500	268489066	READY	true	false	115758	-182753	-1448	COMPLETED	false	false	ecology_fenced:catchup.travel.no_route:SUCCESS	297913833139700
501	268489075	READY	true	false	24496	9206	-3584	COMPLETED	true	false	ecology_fenced:transaction.backend_failure:SUCCESS	297913834750500
502	268489083	READY	false	false	48712	55466	-3464	COMPLETED	true	false	schedule_not_active:ecology.persistence_or_runtime_failure:SUCCESS	297913835527400
503	268489084	DEAD	false	false	53398	63278	-3480	COMPLETED	true	false	schedule_not_active:transaction.native_context_required:SUCCESS	297913836253800
504	268489099	READY	false	false	48712	55466	-3464	COMPLETED	true	false	schedule_not_active:ecology.persistence_or_runtime_failure:SUCCESS	297913837042500
505	268489100	READY	true	false	52710	55450	-3320	UNKNOWN	false	false	ecology_fenced:transaction.item_conflict_canonical:NATIVE_CONTEXT_REQUIRED	297913837795400
506	268489117	READY	true	false	46045	41251	-3504	COMPLETED	false	false	ecology_fenced:ecology.preparation_capacity:SUCCESS	297913838823000
507	268489118	READY	false	false	24496	9206	-3584	COMPLETED	true	false	schedule_not_active:transaction.backend_failure:SUCCESS	297913840016500
508	268489133	READY	false	false	119877	-202135	-3456	UNKNOWN	false	false	schedule_not_active:transaction.item_conflict_canonical:NATIVE_CONTEXT_REQUIRED	297913840991500
509	268489136	READY	true	false	-49106	-115854	-160	COMPLETED	true	false	ecology_fenced:ecology.persistence_or_runtime_failure:SUCCESS	297913841963000
510	268489151	READY	true	false	-50077	-115763	-160	COMPLETED	true	false	ecology_fenced:transaction.backend_failure:SUCCESS	297913842951500
511	268489161	DEAD	false	false	24496	9206	-3584	COMPLETED	true	false	schedule_not_active:ecology.commit_pending:SUCCESS	297913843980500
512	268489169	DEAD	false	false	-125472	38450	1176	COMPLETED	true	false	schedule_not_active:ecology.commit_pending:SUCCESS	297913844962700
513	268489178	READY	true	false	-84312	252645	-3664	UNKNOWN	false	false	ecology_fenced:transaction.item_conflict_canonical:NATIVE_CONTEXT_REQUIRED	297913846273900
514	268489186	READY	true	false	53398	63278	-3480	UNKNOWN	false	false	ecology_fenced:transaction.item_conflict_canonical:NATIVE_CONTEXT_REQUIRED	297913847542700
515	268489187	DEAD	false	false	-86401	253927	-3736	COMPLETED	true	false	schedule_not_active:ecology.commit_pending:SUCCESS	297913848400500
516	268489202	READY	false	false	119336	-180368	-2368	UNKNOWN	false	false	schedule_not_active:transaction.item_conflict_canonical:NATIVE_CONTEXT_REQUIRED	297913849250300
517	268489210	DEAD	false	false	24496	9206	-3584	COMPLETED	true	false	schedule_not_active:ecology.commit_pending:SUCCESS	297913850448500
518	268489219	READY	true	false	24496	9206	-3584	COMPLETED	true	false	ecology_fenced:transaction.backend_failure:SUCCESS	297913851469900
519	268489221	READY	true	false	24496	9206	-3584	COMPLETED	true	false	ecology_fenced:transaction.backend_failure:SUCCESS	297913852602200
520	268489237	DEAD	false	false	24496	9206	-3584	COMPLETED	true	false	schedule_not_active:ecology.commit_pending:SUCCESS	297913853418300
521	268489239	READY	false	false	24496	9206	-3584	COMPLETED	true	false	schedule_not_active:transaction.backend_failure:SUCCESS	297913854243800
522	268489254	DEAD	true	false	-125464	37776	1176	COMPLETED	true	false	ecology_fenced:ecology.commit_pending:SUCCESS	297913855036000
523	268489255	READY	true	false	-90072	248328	-3568	COMPLETED	false	false	ecology_fenced:catchup.travel.no_route:SUCCESS	297913855968500
524	268489270	DEAD	false	false	-86401	253927	-3736	COMPLETED	true	false	schedule_not_active:ecology.commit_pending:SUCCESS	297913857271700
525	268489271	DEAD	false	false	-86401	253927	-3736	COMPLETED	true	false	schedule_not_active:ecology.commit_pending:SUCCESS	297913858366600
526	268489286	READY	true	false	-90072	248328	-3568	COMPLETED	false	false	ecology_fenced:catchup.travel.no_route:SUCCESS	297913859426300
527	268489288	READY	true	false	-50077	-115763	-160	COMPLETED	true	false	ecology_fenced:ecology.persistence_or_runtime_failure:SUCCESS	297913860643400
528	268489305	READY	true	false	-90072	248328	-3568	COMPLETED	false	false	ecology_fenced:catchup.travel.no_route:SUCCESS	297913862529000
529	268489312	DEAD	false	false	-86401	253927	-3736	COMPLETED	true	false	schedule_not_active:ecology.commit_pending:SUCCESS	297913864401100
530	268489320	READY	false	false	24496	9206	-3584	COMPLETED	true	false	schedule_not_active:transaction.backend_failure:SUCCESS	297913865504800
531	268489328	READY	true	false	119877	-202135	-3456	UNKNOWN	false	false	ecology_fenced:transaction.item_conflict_canonical:NATIVE_CONTEXT_REQUIRED	297913866517100
532	268489337	DEAD	true	false	-125472	38450	1176	COMPLETED	true	false	ecology_fenced:ecology.commit_pending:SUCCESS	297913867583000
533	268489345	READY	false	false	48712	55466	-3464	COMPLETED	true	false	schedule_not_active:ecology.persistence_or_runtime_failure:SUCCESS	297913868828300
534	268489353	READY	false	false	24496	9206	-3584	COMPLETED	true	false	schedule_not_active:transaction.backend_failure:SUCCESS	297913869985600
535	268489360	READY	true	false	-90072	248328	-3568	COMPLETED	false	false	ecology_fenced:catchup.travel.no_route:SUCCESS	297913870912800
536	268489367	READY	true	false	24496	9206	-3584	COMPLETED	true	false	ecology_fenced:transaction.backend_failure:SUCCESS	297913871964300
537	268489375	DEAD	false	false	-125615	37771	1176	COMPLETED	true	false	schedule_not_active:ecology.cursor_pending:SUCCESS	297913873280800
538	268489384	DEAD	false	false	-86401	253927	-3736	COMPLETED	true	false	schedule_not_active:ecology.commit_pending:SUCCESS	297913874386700
539	268489391	READY	true	false	115072	-178176	-880	COMPLETED	false	false	ecology_fenced:catchup.travel.no_route:SUCCESS	297913875498300
540	268489400	DEAD	true	false	-125517	38267	1176	COMPLETED	true	false	ecology_fenced:ecology.commit_pending:SUCCESS	297913876712900
541	268489410	DEAD	true	false	-125517	38267	1176	COMPLETED	true	false	ecology_fenced:ecology.commit_pending:SUCCESS	297913877966900
542	268489420	DEAD	false	false	-125517	38267	1176	COMPLETED	true	false	schedule_not_active:ecology.commit_pending:SUCCESS	297913879497000
543	268489429	DEAD	false	false	-86401	253927	-3736	COMPLETED	true	false	schedule_not_active:ecology.commit_pending:SUCCESS	297913881081600
544	268489437	READY	true	false	51500	59679	-3368	UNKNOWN	false	false	ecology_fenced:transaction.item_conflict_canonical:NATIVE_CONTEXT_REQUIRED	297913882140900
545	268489445	READY	true	false	52710	55450	-3320	UNKNOWN	false	false	ecology_fenced:transaction.item_conflict_canonical:NATIVE_CONTEXT_REQUIRED	297913883113100
546	268489453	DEAD	false	false	-125517	38267	1176	COMPLETED	true	false	schedule_not_active:ecology.commit_pending:SUCCESS	297913884447400
547	268489462	READY	false	false	51500	59679	-3368	UNKNOWN	false	false	schedule_not_active:transaction.item_conflict_canonical:NATIVE_CONTEXT_REQUIRED	297913885279000
548	268489470	READY	true	false	-50077	-115763	-160	COMPLETED	true	false	ecology_fenced:ecology.persistence_or_runtime_failure:SUCCESS	297913886149600
549	268489479	READY	true	false	53398	63278	-3480	UNKNOWN	false	false	ecology_fenced:transaction.item_conflict_canonical:NATIVE_CONTEXT_REQUIRED	297913886912200
550	268489489	DEAD	false	false	24496	9206	-3584	COMPLETED	true	false	schedule_not_active:ecology.commit_pending:SUCCESS	297913887654800
551	268489496	DEAD	false	false	-125531	37944	1176	COMPLETED	true	false	schedule_not_active:ecology.commit_pending:SUCCESS	297913888362300
552	268489505	READY	true	false	-90072	248328	-3568	COMPLETED	false	false	ecology_fenced:catchup.travel.no_route:SUCCESS	297913889436200
553	268489514	READY	true	false	48712	55466	-3464	COMPLETED	true	false	ecology_fenced:ecology.persistence_or_runtime_failure:SUCCESS	297913890508200
554	268489524	READY	true	false	119877	-202135	-3456	UNKNOWN	false	false	ecology_fenced:transaction.item_conflict_canonical:NATIVE_CONTEXT_REQUIRED	297913891360600
555	268489532	DEAD	false	false	-125472	38450	1176	COMPLETED	true	false	schedule_not_active:ecology.commit_pending:SUCCESS	297913892113300
556	268489541	READY	false	false	-50077	-115763	-160	COMPLETED	true	false	schedule_not_active:ecology.persistence_or_runtime_failure:SUCCESS	297913893389300
557	268489549	DEAD	true	false	-125531	37944	1176	COMPLETED	true	false	ecology_fenced:ecology.commit_pending:SUCCESS	297913894439500
558	268489557	READY	true	false	48712	55466	-3464	COMPLETED	true	false	ecology_fenced:ecology.persistence_or_runtime_failure:SUCCESS	297913896157200
559	268489565	READY	false	false	24496	9206	-3584	COMPLETED	true	false	schedule_not_active:transaction.backend_failure:SUCCESS	297913897531000
560	268489573	READY	false	false	24496	9206	-3584	COMPLETED	true	false	schedule_not_active:transaction.backend_failure:SUCCESS	297913898314600
561	268489580	READY	true	false	-90072	248328	-3568	COMPLETED	false	false	ecology_fenced:catchup.travel.no_route:SUCCESS	297913899037800
562	268489587	READY	true	false	119877	-202135	-3456	UNKNOWN	false	false	ecology_fenced:transaction.item_conflict_canonical:NATIVE_CONTEXT_REQUIRED	297913900022600
563	268489596	READY	false	false	24496	9206	-3584	COMPLETED	true	false	schedule_not_active:transaction.backend_failure:SUCCESS	297913901392000
564	268489605	DEAD	false	false	-50077	-115763	-160	COMPLETED	true	false	schedule_not_active:ecology.commit_pending:SUCCESS	297913902199300
565	268489613	READY	true	false	-86401	253927	-3736	UNKNOWN	false	false	ecology_fenced:transaction.item_conflict_canonical:NATIVE_CONTEXT_REQUIRED	297913902936400
566	268489626	READY	true	false	-50845	-113715	-168	COMPLETED	false	false	ecology_fenced:catchup.travel.no_route:SUCCESS	297913903641600
567	268489634	READY	true	false	24496	9206	-3584	COMPLETED	true	false	ecology_fenced:transaction.backend_failure:SUCCESS	297913904355600
568	268489642	READY	false	false	24496	9206	-3584	COMPLETED	true	false	schedule_not_active:transaction.backend_failure:SUCCESS	297913905400100
569	268489650	DEAD	false	false	-86401	253927	-3736	COMPLETED	true	false	schedule_not_active:ecology.commit_pending:SUCCESS	297913906459700
570	268489658	READY	true	false	-90072	248328	-3568	COMPLETED	false	false	ecology_fenced:catchup.travel.no_route:SUCCESS	297913907598500
571	268489667	DEAD	true	false	-50077	-115763	-160	COMPLETED	true	false	ecology_fenced:ecology.commit_pending:SUCCESS	297913908681700
572	268489674	READY	false	false	-86401	253927	-3736	UNKNOWN	false	false	schedule_not_active:transaction.item_conflict_canonical:NATIVE_CONTEXT_REQUIRED	297913909598600
573	268489682	READY	false	false	-84312	252645	-3664	UNKNOWN	false	false	schedule_not_active:transaction.item_conflict_canonical:NATIVE_CONTEXT_REQUIRED	297913910684300
574	268489691	READY	true	false	54714	51620	-3592	UNKNOWN	false	false	ecology_fenced:transaction.item_conflict_canonical:NATIVE_CONTEXT_REQUIRED	297913911887900
575	268489699	READY	true	false	51500	59679	-3368	UNKNOWN	false	false	ecology_fenced:transaction.item_conflict_canonical:NATIVE_CONTEXT_REQUIRED	297913913365000
576	268489708	DEAD	false	false	-86401	253927	-3736	COMPLETED	true	false	schedule_not_active:ecology.commit_pending:SUCCESS	297913914517000
577	268489715	DEAD	false	false	119877	-202135	-3456	COMPLETED	true	false	schedule_not_active:ecology.commit_pending:SUCCESS	297913915477600
578	268489723	READY	false	false	-84312	252645	-3664	UNKNOWN	false	false	schedule_not_active:transaction.item_conflict_canonical:NATIVE_CONTEXT_REQUIRED	297913916215000
579	268489731	READY	true	false	24496	9206	-3584	COMPLETED	true	false	ecology_fenced:transaction.backend_failure:SUCCESS	297913917635500
580	268489742	READY	true	false	24496	9206	-3584	COMPLETED	true	false	ecology_fenced:transaction.backend_failure:SUCCESS	297913918466800
581	268489749	READY	false	false	48712	55466	-3464	COMPLETED	true	false	schedule_not_active:ecology.persistence_or_runtime_failure:SUCCESS	297913919123900
582	268489775	READY	false	false	51500	59679	-3368	UNKNOWN	false	false	schedule_not_active:transaction.item_conflict_canonical:NATIVE_CONTEXT_REQUIRED	297913919759500
583	268489783	READY	true	false	-90072	248328	-3568	COMPLETED	false	false	ecology_fenced:catchup.travel.no_route:SUCCESS	297913920599900
584	268489790	READY	true	false	-50077	-115763	-160	COMPLETED	true	false	ecology_fenced:transaction.backend_failure:SUCCESS	297913921514200
585	268489797	DEAD	false	false	119336	-180368	-2368	COMPLETED	true	false	schedule_not_active:ecology.commit_pending:SUCCESS	297913922523600
586	268489807	READY	false	false	48712	55466	-3464	COMPLETED	true	false	schedule_not_active:ecology.persistence_or_runtime_failure:SUCCESS	297913923821100
587	268489815	READY	true	false	-90072	248328	-3568	COMPLETED	false	false	ecology_fenced:catchup.travel.no_route:SUCCESS	297913924890400
588	268489822	READY	true	false	-90072	248328	-3568	COMPLETED	false	false	ecology_fenced:catchup.travel.no_route:SUCCESS	297913925931700
589	268489830	READY	false	false	24496	9206	-3584	COMPLETED	true	false	schedule_not_active:transaction.backend_failure:SUCCESS	297913927070000
590	268489838	READY	false	false	24496	9206	-3584	COMPLETED	true	false	schedule_not_active:transaction.backend_failure:SUCCESS	297913928317000
591	268489848	DEAD	false	false	-125615	37771	1176	COMPLETED	true	false	schedule_not_active:ecology.commit_pending:SUCCESS	297913929693100
592	268489857	DEAD	true	false	-125464	37776	1176	COMPLETED	true	false	ecology_fenced:ecology.commit_pending:SUCCESS	297913931077000
593	268489865	READY	true	false	115488	-179664	-888	COMPLETED	false	false	ecology_fenced:catchup.travel.no_route:SUCCESS	297913932090300
594	268489873	DEAD	false	false	-49106	-115854	-160	COMPLETED	true	false	schedule_not_active:ecology.commit_pending:SUCCESS	297913933118300
595	268489881	DEAD	false	false	-86401	253927	-3736	COMPLETED	true	false	schedule_not_active:ecology.commit_pending:SUCCESS	297913934407500
596	268489888	READY	true	false	24496	9206	-3584	COMPLETED	true	false	ecology_fenced:transaction.backend_failure:SUCCESS	297913935383900
597	268489896	DEAD	true	false	-125472	38450	1176	COMPLETED	true	false	ecology_fenced:ecology.cursor_pending:SUCCESS	297913936193600
598	268489906	DEAD	false	false	54714	51620	-3592	COMPLETED	true	false	schedule_not_active:ecology.commit_pending:SUCCESS	297913937007900
599	268489915	DEAD	false	false	53398	63278	-3480	COMPLETED	true	false	schedule_not_active:transaction.native_context_required:SUCCESS	297913937850900
600	268489923	READY	true	false	119336	-180368	-2368	UNKNOWN	false	false	ecology_fenced:transaction.item_conflict_canonical:NATIVE_CONTEXT_REQUIRED	297913938737800
601	268489931	DEAD	true	false	-86401	253927	-3736	COMPLETED	true	false	ecology_fenced:ecology.commit_pending:SUCCESS	297913939845200
602	268489939	READY	false	false	24496	9206	-3584	COMPLETED	true	false	schedule_not_active:transaction.backend_failure:SUCCESS	297913941165000
603	268489947	READY	false	false	51500	59679	-3368	UNKNOWN	false	false	schedule_not_active:transaction.item_conflict_canonical:NATIVE_CONTEXT_REQUIRED	297913942105200
604	268489955	READY	false	false	-49106	-115854	-160	COMPLETED	true	false	schedule_not_active:transaction.backend_failure:SUCCESS	297913943254000
605	268489962	READY	true	false	24496	9206	-3584	COMPLETED	true	false	ecology_fenced:transaction.backend_failure:SUCCESS	297913944485300
606	268489970	DEAD	true	false	53398	63278	-3480	COMPLETED	true	false	ecology_fenced:ecology.commit_pending:SUCCESS	297913945895700
607	268489978	READY	false	false	24496	9206	-3584	COMPLETED	true	false	schedule_not_active:transaction.backend_failure:SUCCESS	297913947439600
608	268489988	READY	false	false	119336	-180368	-2368	UNKNOWN	false	false	schedule_not_active:transaction.item_conflict_canonical:NATIVE_CONTEXT_REQUIRED	297913948454700
609	268489998	READY	true	false	-50077	-115763	-160	COMPLETED	true	false	ecology_fenced:ecology.persistence_or_runtime_failure:SUCCESS	297913949584600
610	268490007	READY	true	false	52710	55450	-3320	UNKNOWN	false	false	ecology_fenced:transaction.item_conflict_canonical:NATIVE_CONTEXT_REQUIRED	297913950792300
611	268490015	READY	false	false	-50077	-115763	-160	COMPLETED	true	false	schedule_not_active:ecology.persistence_or_runtime_failure:SUCCESS	297913951745900
612	268490023	INCONSISTENT	false	false	44126	42751	-3488	UNKNOWN	false	false	schedule_not_active:catchup.renewal.background_state_invalid:INCONSISTENT	297913952220800
613	268490030	DEAD	true	false	53398	63278	-3480	COMPLETED	true	false	ecology_fenced:transaction.native_context_required:SUCCESS	297913953052600
614	268490038	READY	true	false	-50077	-115763	-160	COMPLETED	true	false	ecology_fenced:transaction.backend_failure:SUCCESS	297913954001700
615	268490046	DEAD	false	false	-50077	-115763	-160	COMPLETED	true	false	schedule_not_active:ecology.commit_pending:SUCCESS	297913954946900
616	268490054	DEAD	false	false	119877	-202135	-3456	COMPLETED	true	false	schedule_not_active:ecology.commit_pending:SUCCESS	297913956109200
617	268490062	READY	false	false	-84312	252645	-3664	UNKNOWN	false	false	schedule_not_active:transaction.item_conflict_canonical:NATIVE_CONTEXT_REQUIRED	297913957314500
618	268490071	READY	true	false	24496	9206	-3584	COMPLETED	true	false	ecology_fenced:transaction.backend_failure:SUCCESS	297913958457400
619	268490079	READY	true	false	-86401	253927	-3736	UNKNOWN	false	false	ecology_fenced:transaction.item_conflict_canonical:NATIVE_CONTEXT_REQUIRED	297913959481200
620	268490088	READY	false	false	24496	9206	-3584	COMPLETED	true	false	schedule_not_active:transaction.backend_failure:SUCCESS	297913960632100
621	268490096	DEAD	false	false	-86401	253927	-3736	COMPLETED	true	false	schedule_not_active:ecology.commit_pending:SUCCESS	297913961758300
622	268490103	READY	true	false	-90072	248328	-3568	COMPLETED	false	false	ecology_fenced:catchup.travel.no_route:SUCCESS	297913963423500
623	268490110	READY	true	false	-90072	248328	-3568	COMPLETED	false	false	ecology_fenced:catchup.travel.no_route:SUCCESS	297913964755100
624	268490117	DEAD	false	false	24496	9206	-3584	COMPLETED	true	false	schedule_not_active:ecology.commit_pending:SUCCESS	297913965832200
625	268490125	READY	false	false	-49106	-115854	-160	COMPLETED	true	false	schedule_not_active:transaction.backend_failure:SUCCESS	297913967519900
626	268490132	DEAD	true	false	-125607	38452	1176	COMPLETED	true	false	ecology_fenced:ecology.cursor_pending:SUCCESS	297913968468800
627	268490141	READY	true	false	24496	9206	-3584	COMPLETED	true	false	ecology_fenced:transaction.backend_failure:SUCCESS	297913969562600
628	268490149	READY	true	false	-50077	-115763	-160	COMPLETED	true	false	ecology_fenced:ecology.persistence_or_runtime_failure:SUCCESS	297913970641700
629	268490157	READY	false	false	24496	9206	-3584	COMPLETED	true	false	schedule_not_active:transaction.backend_failure:SUCCESS	297913971839400
630	268490164	DEAD	false	false	-86401	253927	-3736	COMPLETED	true	false	schedule_not_active:ecology.commit_pending:SUCCESS	297913973118400
631	268490172	READY	true	false	119877	-202135	-3456	UNKNOWN	false	false	ecology_fenced:transaction.item_conflict_canonical:NATIVE_CONTEXT_REQUIRED	297913974073500
632	268490180	READY	true	false	48712	55466	-3464	COMPLETED	true	false	ecology_fenced:ecology.persistence_or_runtime_failure:SUCCESS	297913974848500
633	268490188	DEAD	false	false	51500	59679	-3368	COMPLETED	true	false	schedule_not_active:transaction.native_context_required:SUCCESS	297913975671400
634	268490198	DEAD	false	false	-86401	253927	-3736	COMPLETED	true	false	schedule_not_active:ecology.commit_pending:SUCCESS	297913976560000
635	268490206	READY	true	false	24496	9206	-3584	COMPLETED	true	false	ecology_fenced:transaction.backend_failure:SUCCESS	297913977380300
636	268490214	READY	true	false	24496	9206	-3584	COMPLETED	true	false	ecology_fenced:transaction.backend_failure:SUCCESS	297913978367800
637	268490227	READY	false	false	-86401	253927	-3736	UNKNOWN	false	false	schedule_not_active:transaction.item_conflict_canonical:NATIVE_CONTEXT_REQUIRED	297913979681600
638	268490235	DEAD	false	false	-49106	-115854	-160	COMPLETED	true	false	schedule_not_active:ecology.commit_pending:SUCCESS	297913981167700
639	268490242	READY	true	false	115758	-182753	-1448	COMPLETED	false	false	ecology_fenced:catchup.travel.no_route:SUCCESS	297913982074400
640	268490251	READY	true	false	24496	9206	-3584	COMPLETED	true	false	ecology_fenced:transaction.backend_failure:SUCCESS	297913983260600
641	268490260	DEAD	true	false	-86401	253927	-3736	COMPLETED	true	false	ecology_fenced:ecology.commit_pending:SUCCESS	297913984374200
642	268490268	DEAD	false	false	-125464	37776	1176	COMPLETED	true	false	schedule_not_active:ecology.commit_pending:SUCCESS	297913985164100
643	268490276	READY	false	false	-49106	-115854	-160	COMPLETED	true	false	schedule_not_active:ecology.persistence_or_runtime_failure:SUCCESS	297913986032400
644	268490284	INCONSISTENT	true	false	46131	41458	-3504	UNKNOWN	false	false	ecology_fenced:catchup.renewal.background_state_invalid:INCONSISTENT	297913986442100
645	268490295	DEAD	true	false	-50077	-115763	-160	COMPLETED	true	false	ecology_fenced:ecology.cursor_pending:SUCCESS	297913987271400
646	268490303	DEAD	false	false	-86401	253927	-3736	COMPLETED	true	false	schedule_not_active:ecology.commit_pending:SUCCESS	297913988110300
647	268490311	READY	false	false	52710	55450	-3320	UNKNOWN	false	false	schedule_not_active:transaction.item_conflict_canonical:NATIVE_CONTEXT_REQUIRED	297913989262200
648	268490319	READY	true	false	52710	55450	-3320	UNKNOWN	false	false	ecology_fenced:transaction.item_conflict_canonical:NATIVE_CONTEXT_REQUIRED	297913990503800
649	268490327	READY	true	false	-49106	-115854	-160	COMPLETED	true	false	ecology_fenced:transaction.backend_failure:SUCCESS	297913991599400
650	268490335	READY	false	false	-86401	253927	-3736	UNKNOWN	false	false	schedule_not_active:transaction.item_conflict_canonical:NATIVE_CONTEXT_REQUIRED	297913992464100
651	268490342	READY	false	false	-49106	-115854	-160	COMPLETED	true	false	schedule_not_active:transaction.backend_failure:SUCCESS	297913993693300
652	268490349	INCONSISTENT	true	false	44126	42751	-3488	UNKNOWN	false	false	ecology_fenced:catchup.renewal.background_state_invalid:INCONSISTENT	297913994288100
653	268490356	READY	true	false	-49106	-115854	-160	COMPLETED	true	false	ecology_fenced:transaction.backend_failure:SUCCESS	297913995191800
654	268490365	READY	true	false	119336	-180368	-2368	UNKNOWN	false	false	ecology_fenced:transaction.item_conflict_canonical:NATIVE_CONTEXT_REQUIRED	297913996668200
655	268490375	READY	false	false	24496	9206	-3584	COMPLETED	true	false	schedule_not_active:transaction.backend_failure:SUCCESS	297913999162500
656	268490384	DEAD	false	false	51500	59679	-3368	COMPLETED	true	false	schedule_not_active:transaction.native_context_required:SUCCESS	297914000221300
657	268490391	DEAD	true	false	-50077	-115763	-160	COMPLETED	true	false	ecology_fenced:ecology.commit_pending:SUCCESS	297914001435100
658	268490398	DEAD	true	false	-86401	253927	-3736	COMPLETED	true	false	ecology_fenced:ecology.commit_pending:SUCCESS	297914002520500
659	268490406	READY	false	false	-86401	253927	-3736	UNKNOWN	false	false	schedule_not_active:transaction.item_conflict_canonical:NATIVE_CONTEXT_REQUIRED	297914003478300
660	268490415	DEAD	false	false	-86401	253927	-3736	COMPLETED	true	false	schedule_not_active:ecology.commit_pending:SUCCESS	297914004274800
661	268490422	DEAD	true	false	-86401	253927	-3736	COMPLETED	true	false	ecology_fenced:ecology.cursor_pending:SUCCESS	297914005236200
662	268490429	DEAD	true	false	119877	-202135	-3456	COMPLETED	true	false	ecology_fenced:ecology.cursor_pending:SUCCESS	297914006323000
663	268490438	DEAD	false	false	52710	55450	-3320	COMPLETED	true	false	schedule_not_active:transaction.native_context_required:SUCCESS	297914007378700
664	268490445	READY	false	false	-84312	252645	-3664	UNKNOWN	false	false	schedule_not_active:transaction.item_conflict_canonical:NATIVE_CONTEXT_REQUIRED	297914008168500
665	268490453	READY	true	false	24496	9206	-3584	COMPLETED	true	false	ecology_fenced:transaction.backend_failure:SUCCESS	297914009080500
666	268490462	READY	true	false	51500	59679	-3368	UNKNOWN	false	false	ecology_fenced:transaction.item_conflict_canonical:NATIVE_CONTEXT_REQUIRED	297914010063100
667	268490471	READY	true	false	24496	9206	-3584	COMPLETED	true	false	ecology_fenced:transaction.backend_failure:SUCCESS	297914011238700
668	268490480	DEAD	false	false	24496	9206	-3584	COMPLETED	true	false	schedule_not_active:ecology.commit_pending:SUCCESS	297914012720900
669	268490487	DEAD	false	false	-125615	37771	1176	COMPLETED	true	false	schedule_not_active:ecology.commit_pending:SUCCESS	297914014443100
670	268490496	DEAD	true	false	-86401	253927	-3736	COMPLETED	true	false	ecology_fenced:ecology.commit_pending:SUCCESS	297914015775600
671	268490504	READY	true	false	24496	9206	-3584	COMPLETED	true	false	ecology_fenced:transaction.backend_failure:SUCCESS	297914017080300
672	268490513	DEAD	false	false	-50077	-115763	-160	COMPLETED	true	false	schedule_not_active:ecology.commit_pending:SUCCESS	297914018494300
673	268490515	DEAD	false	false	-125607	38452	1176	COMPLETED	true	false	schedule_not_active:ecology.cursor_pending:SUCCESS	297914019653000
674	268490530	READY	true	false	51500	59679	-3368	UNKNOWN	false	false	ecology_fenced:transaction.item_conflict_canonical:NATIVE_CONTEXT_REQUIRED	297914020848900
675	268490532	READY	true	false	-84312	252645	-3664	UNKNOWN	false	false	ecology_fenced:transaction.item_conflict_canonical:NATIVE_CONTEXT_REQUIRED	297914021988600
676	268490547	DEAD	false	false	52710	55450	-3320	COMPLETED	true	false	schedule_not_active:ecology.commit_pending:SUCCESS	297914023275600
677	268490548	DEAD	false	false	119877	-202135	-3456	COMPLETED	true	false	schedule_not_active:ecology.commit_pending:SUCCESS	297914024493600
678	268490565	READY	false	false	24496	9206	-3584	COMPLETED	true	false	schedule_not_active:transaction.backend_failure:SUCCESS	297914025558600
679	268490566	DEAD	true	false	-86401	253927	-3736	COMPLETED	true	false	ecology_fenced:ecology.commit_pending:SUCCESS	297914026475700
680	268490582	READY	true	false	24496	9206	-3584	COMPLETED	true	false	ecology_fenced:transaction.backend_failure:SUCCESS	297914027576800
681	268490585	DEAD	false	false	-50077	-115763	-160	COMPLETED	true	false	schedule_not_active:ecology.commit_pending:SUCCESS	297914028506000
682	268490598	READY	false	false	52710	55450	-3320	UNKNOWN	false	false	schedule_not_active:transaction.item_conflict_canonical:NATIVE_CONTEXT_REQUIRED	297914029522400
683	268490599	READY	true	false	24496	9206	-3584	COMPLETED	true	false	ecology_fenced:transaction.backend_failure:SUCCESS	297914030912700
684	268490614	READY	true	false	-50077	-115763	-160	COMPLETED	true	false	ecology_fenced:transaction.backend_failure:SUCCESS	297914032819100
685	268490615	READY	false	false	119336	-180368	-2368	UNKNOWN	false	false	schedule_not_active:transaction.item_conflict_canonical:NATIVE_CONTEXT_REQUIRED	297914033795200
686	268490629	READY	false	false	24496	9206	-3584	COMPLETED	true	false	schedule_not_active:transaction.backend_failure:SUCCESS	297914034674900
687	268490630	READY	true	false	-49106	-115854	-160	COMPLETED	true	false	ecology_fenced:ecology.persistence_or_runtime_failure:SUCCESS	297914035844300
688	268490645	READY	true	false	51500	59679	-3368	UNKNOWN	false	false	ecology_fenced:transaction.item_conflict_canonical:NATIVE_CONTEXT_REQUIRED	297914036808100
689	268490647	READY	false	false	-49106	-115854	-160	COMPLETED	true	false	schedule_not_active:ecology.persistence_or_runtime_failure:SUCCESS	297914037748000
690	268490663	READY	false	false	48712	55466	-3464	COMPLETED	true	false	schedule_not_active:ecology.persistence_or_runtime_failure:SUCCESS	297914038684100
691	268490664	READY	false	false	24496	9206	-3584	COMPLETED	true	false	schedule_not_active:transaction.backend_failure:SUCCESS	297914039916600
692	268490680	INCONSISTENT	true	false	-90610	248293	-3568	UNKNOWN	false	false	ecology_fenced:catchup.renewal.background_state_invalid:INCONSISTENT	297914040417600
693	268490683	READY	true	false	119877	-202135	-3456	UNKNOWN	false	false	ecology_fenced:transaction.item_conflict_canonical:NATIVE_CONTEXT_REQUIRED	297914041495900
694	268490698	DEAD	false	false	-86401	253927	-3736	COMPLETED	true	false	schedule_not_active:ecology.commit_pending:SUCCESS	297914042291100
695	268490699	DEAD	false	false	-86401	253927	-3736	COMPLETED	true	false	schedule_not_active:ecology.commit_pending:SUCCESS	297914043115700
696	268490713	DEAD	true	false	-86401	253927	-3736	COMPLETED	true	false	ecology_fenced:ecology.cursor_pending:SUCCESS	297914044029300
697	268490714	READY	true	false	48712	55466	-3464	COMPLETED	true	false	ecology_fenced:ecology.persistence_or_runtime_failure:SUCCESS	297914045004300
698	268490730	READY	false	false	24496	9206	-3584	COMPLETED	true	false	schedule_not_active:transaction.backend_failure:SUCCESS	297914046768100
699	268490731	DEAD	false	false	-50077	-115763	-160	COMPLETED	true	false	schedule_not_active:ecology.commit_pending:SUCCESS	297914047957600
700	268490747	READY	true	false	119877	-202135	-3456	UNKNOWN	false	false	ecology_fenced:transaction.item_conflict_canonical:NATIVE_CONTEXT_REQUIRED	297914048846200
701	268490748	DEAD	true	false	-86401	253927	-3736	COMPLETED	true	false	ecology_fenced:ecology.commit_pending:SUCCESS	297914049750400
702	268490763	READY	false	false	24496	9206	-3584	COMPLETED	true	false	schedule_not_active:transaction.backend_failure:SUCCESS	297914050959500
703	268490764	DEAD	false	false	-86401	253927	-3736	COMPLETED	true	false	schedule_not_active:ecology.cursor_pending:SUCCESS	297914051936900
704	268490778	READY	false	false	48712	55466	-3464	COMPLETED	true	false	schedule_not_active:ecology.persistence_or_runtime_failure:SUCCESS	297914052907800
705	268490779	READY	true	false	52710	55450	-3320	UNKNOWN	false	false	ecology_fenced:transaction.item_conflict_canonical:NATIVE_CONTEXT_REQUIRED	297914053781900
706	268490796	READY	true	false	52710	55450	-3320	UNKNOWN	false	false	ecology_fenced:transaction.item_conflict_canonical:NATIVE_CONTEXT_REQUIRED	297914054496100
707	268490797	DEAD	false	false	-50077	-115763	-160	COMPLETED	true	false	schedule_not_active:ecology.commit_pending:SUCCESS	297914055389100
708	268490812	READY	false	false	119336	-180368	-2368	UNKNOWN	false	false	schedule_not_active:transaction.item_conflict_canonical:NATIVE_CONTEXT_REQUIRED	297914056243700
709	268490820	READY	true	false	-50077	-115763	-160	COMPLETED	true	false	ecology_fenced:transaction.backend_failure:SUCCESS	297914057290100
710	268490837	DEAD	true	false	-125472	38450	1176	COMPLETED	true	false	ecology_fenced:ecology.cursor_pending:SUCCESS	297914058102900
711	268490838	DEAD	false	false	54714	51620	-3592	COMPLETED	true	false	schedule_not_active:ecology.commit_pending:SUCCESS	297914058792100
712	268490854	READY	false	false	-50077	-115763	-160	COMPLETED	true	false	schedule_not_active:ecology.persistence_or_runtime_failure:SUCCESS	297914059685700
713	268490855	READY	true	false	-86401	253927	-3736	UNKNOWN	false	false	ecology_fenced:transaction.item_conflict_canonical:NATIVE_CONTEXT_REQUIRED	297914060546900
714	268490874	READY	true	false	-50077	-115763	-160	COMPLETED	true	false	ecology_fenced:transaction.backend_failure:SUCCESS	297914061793100
715	268490875	DEAD	false	false	-125472	38450	1176	COMPLETED	true	false	schedule_not_active:ecology.commit_pending:SUCCESS	297914063126500
716	268490889	READY	false	false	119877	-202135	-3456	UNKNOWN	false	false	schedule_not_active:transaction.item_conflict_canonical:NATIVE_CONTEXT_REQUIRED	297914064199100
717	268490890	INCONSISTENT	false	false	44126	42751	-3488	UNKNOWN	false	false	schedule_not_active:catchup.renewal.background_state_invalid:INCONSISTENT	297914064697100
718	268490905	READY	true	false	52710	55450	-3320	UNKNOWN	false	false	ecology_fenced:transaction.item_conflict_canonical:NATIVE_CONTEXT_REQUIRED	297914065639900
719	268490906	READY	true	false	-86401	253927	-3736	UNKNOWN	false	false	ecology_fenced:transaction.item_conflict_canonical:NATIVE_CONTEXT_REQUIRED	297914066530100
720	268490921	DEAD	false	false	24496	9206	-3584	COMPLETED	true	false	schedule_not_active:ecology.commit_pending:SUCCESS	297914067543800
721	268490922	DEAD	false	false	-86401	253927	-3736	COMPLETED	true	false	schedule_not_active:ecology.commit_pending:SUCCESS	297914068384900
722	268490936	DEAD	true	false	-50077	-115763	-160	COMPLETED	true	false	ecology_fenced:ecology.commit_pending:SUCCESS	297914069521800
723	268490937	READY	true	false	-50077	-115763	-160	COMPLETED	true	false	ecology_fenced:transaction.backend_failure:SUCCESS	297914070566100
724	268490951	DEAD	false	false	52710	55450	-3320	COMPLETED	true	false	schedule_not_active:transaction.native_context_required:SUCCESS	297914071582400
725	268490952	DEAD	false	false	-86401	253927	-3736	COMPLETED	true	false	schedule_not_active:ecology.commit_pending:SUCCESS	297914072928400
726	268490966	READY	true	false	53398	63278	-3480	UNKNOWN	false	false	ecology_fenced:transaction.item_conflict_canonical:NATIVE_CONTEXT_REQUIRED	297914074009000
727	268490967	DEAD	true	false	-125531	37944	1176	COMPLETED	true	false	ecology_fenced:ecology.commit_pending:SUCCESS	297914074961300
728	268490982	READY	true	false	52710	55450	-3320	UNKNOWN	false	false	ecology_fenced:transaction.item_conflict_canonical:NATIVE_CONTEXT_REQUIRED	297914075889300
729	268490983	DEAD	false	false	-86401	253927	-3736	COMPLETED	true	false	schedule_not_active:ecology.cursor_pending:SUCCESS	297914076858800
730	268490997	READY	false	false	24496	9206	-3584	COMPLETED	true	false	schedule_not_active:transaction.backend_failure:SUCCESS	297914078011100
731	268490998	READY	true	false	119336	-180368	-2368	UNKNOWN	false	false	ecology_fenced:transaction.item_conflict_canonical:NATIVE_CONTEXT_REQUIRED	297914079104600
732	268491014	READY	true	false	-50077	-115763	-160	COMPLETED	true	false	ecology_fenced:transaction.backend_failure:SUCCESS	297914080914000
733	268491015	READY	false	false	48712	55466	-3464	COMPLETED	true	false	schedule_not_active:ecology.persistence_or_runtime_failure:SUCCESS	297914082261900
734	268491031	READY	false	false	24496	9206	-3584	COMPLETED	true	false	schedule_not_active:transaction.backend_failure:SUCCESS	297914083346900
735	268491032	READY	true	false	24496	9206	-3584	COMPLETED	true	false	ecology_fenced:transaction.backend_failure:SUCCESS	297914084330800
736	268491046	READY	true	false	24496	9206	-3584	COMPLETED	true	false	ecology_fenced:transaction.backend_failure:SUCCESS	297914085848300
737	268491047	DEAD	false	false	-86401	253927	-3736	COMPLETED	true	false	schedule_not_active:ecology.commit_pending:SUCCESS	297914086821000
738	268491063	DEAD	false	false	-50077	-115763	-160	COMPLETED	true	false	schedule_not_active:ecology.commit_pending:SUCCESS	297914087577400
739	268491064	READY	true	false	119336	-180368	-2368	UNKNOWN	false	false	ecology_fenced:transaction.item_conflict_canonical:NATIVE_CONTEXT_REQUIRED	297914088587200
740	268491078	READY	true	false	24496	9206	-3584	COMPLETED	true	false	ecology_fenced:transaction.backend_failure:SUCCESS	297914089725900
741	268491079	READY	true	false	-50077	-115763	-160	COMPLETED	true	false	ecology_fenced:ecology.persistence_or_runtime_failure:SUCCESS	297914090841300
742	268491094	READY	false	false	-50077	-115763	-160	COMPLETED	true	false	schedule_not_active:ecology.persistence_or_runtime_failure:SUCCESS	297914091829400
743	268491095	READY	false	false	24496	9206	-3584	COMPLETED	true	false	schedule_not_active:transaction.backend_failure:SUCCESS	297914092970300
744	268491112	READY	true	false	-86401	253927	-3736	UNKNOWN	false	false	ecology_fenced:transaction.item_conflict_canonical:NATIVE_CONTEXT_REQUIRED	297914094180600
745	268491113	DEAD	true	false	-50077	-115763	-160	COMPLETED	true	false	ecology_fenced:ecology.commit_pending:SUCCESS	297914095232300
746	268491128	DEAD	false	false	-50077	-115763	-160	COMPLETED	true	false	schedule_not_active:ecology.commit_pending:SUCCESS	297914096566300
747	268491130	READY	false	false	-50077	-115763	-160	COMPLETED	true	false	schedule_not_active:ecology.persistence_or_runtime_failure:SUCCESS	297914097788300
748	268491146	READY	true	false	51500	59679	-3368	UNKNOWN	false	false	ecology_fenced:transaction.item_conflict_canonical:NATIVE_CONTEXT_REQUIRED	297914098774900
749	268491147	READY	true	false	-50077	-115763	-160	COMPLETED	true	false	ecology_fenced:transaction.backend_failure:SUCCESS	297914099795500
750	268491160	DEAD	false	false	24496	9206	-3584	COMPLETED	true	false	schedule_not_active:ecology.commit_pending:SUCCESS	297914101136100
751	268491161	DEAD	false	false	53398	63278	-3480	COMPLETED	true	false	schedule_not_active:transaction.native_context_required:SUCCESS	297914102347600
752	268491177	READY	true	false	46045	41251	-3504	COMPLETED	false	false	ecology_fenced:ecology.preparation_capacity:SUCCESS	297914103491700
753	268491178	READY	true	false	24496	9206	-3584	COMPLETED	true	false	ecology_fenced:transaction.backend_failure:SUCCESS	297914104454200
754	268491192	READY	true	false	115488	-179664	-888	COMPLETED	false	false	ecology_fenced:catchup.travel.no_route:SUCCESS	297914105493500
755	268491194	DEAD	false	false	-125607	38452	1176	COMPLETED	true	false	schedule_not_active:ecology.commit_pending:SUCCESS	297914106312200
756	268491211	DEAD	false	false	53398	63278	-3480	COMPLETED	true	false	schedule_not_active:transaction.native_context_required:SUCCESS	297914107142200
757	268491212	READY	true	false	52710	55450	-3320	UNKNOWN	false	false	ecology_fenced:transaction.item_conflict_canonical:NATIVE_CONTEXT_REQUIRED	297914107927100
758	268491228	READY	true	false	52710	55450	-3320	UNKNOWN	false	false	ecology_fenced:transaction.item_conflict_canonical:NATIVE_CONTEXT_REQUIRED	297914108710600
759	268491229	DEAD	false	false	52710	55450	-3320	COMPLETED	true	false	schedule_not_active:transaction.native_context_required:SUCCESS	297914109691000
760	268491244	DEAD	false	false	52710	55450	-3320	COMPLETED	true	false	schedule_not_active:transaction.native_context_required:SUCCESS	297914110828800
761	268491245	READY	true	false	-49106	-115854	-160	COMPLETED	true	false	ecology_fenced:transaction.backend_failure:SUCCESS	297914112052300
762	268491274	READY	true	false	115758	-182753	-1448	COMPLETED	false	false	ecology_fenced:catchup.travel.no_route:SUCCESS	297914113445400
763	268491275	READY	false	false	24496	9206	-3584	COMPLETED	true	false	schedule_not_active:transaction.backend_failure:SUCCESS	297914114755600
764	268491298	INCONSISTENT	false	false	44126	42751	-3488	UNKNOWN	false	false	schedule_not_active:catchup.renewal.background_state_invalid:INCONSISTENT	297914115359700
765	268491299	READY	true	false	-50077	-115763	-160	COMPLETED	true	false	ecology_fenced:ecology.persistence_or_runtime_failure:SUCCESS	297914116478800
766	268491315	READY	true	false	-90072	248328	-3568	COMPLETED	false	false	ecology_fenced:catchup.travel.no_route:SUCCESS	297914117590200
767	268491317	READY	true	false	52710	55450	-3320	UNKNOWN	false	false	ecology_fenced:transaction.item_conflict_canonical:NATIVE_CONTEXT_REQUIRED	297914118514000
768	268491332	DEAD	false	false	-50077	-115763	-160	COMPLETED	true	false	schedule_not_active:ecology.commit_pending:SUCCESS	297914119570900
769	268491333	DEAD	false	false	-125531	37944	1176	COMPLETED	true	false	schedule_not_active:ecology.commit_pending:SUCCESS	297914120599900
770	268491348	READY	true	false	-86401	253927	-3736	UNKNOWN	false	false	ecology_fenced:transaction.item_conflict_canonical:NATIVE_CONTEXT_REQUIRED	297914121691000
771	268491349	READY	true	false	51500	59679	-3368	UNKNOWN	false	false	ecology_fenced:transaction.item_conflict_canonical:NATIVE_CONTEXT_REQUIRED	297914122769600
772	268491366	DEAD	false	false	-50077	-115763	-160	COMPLETED	true	false	schedule_not_active:ecology.commit_pending:SUCCESS	297914124128300
773	268491367	READY	false	false	24496	9206	-3584	COMPLETED	true	false	schedule_not_active:transaction.backend_failure:SUCCESS	297914125278300
774	268491381	READY	true	false	24496	9206	-3584	COMPLETED	true	false	ecology_fenced:transaction.backend_failure:SUCCESS	297914126907700
775	268491382	DEAD	true	false	48712	55466	-3464	COMPLETED	true	false	ecology_fenced:transaction.native_context_required:SUCCESS	297914127787400
776	268491397	READY	false	false	48712	55466	-3464	COMPLETED	true	false	schedule_not_active:ecology.persistence_or_runtime_failure:SUCCESS	297914128572500
777	268491398	READY	false	false	119336	-180368	-2368	UNKNOWN	false	false	schedule_not_active:transaction.item_conflict_canonical:NATIVE_CONTEXT_REQUIRED	297914129491200
778	268491414	DEAD	false	false	-86401	253927	-3736	COMPLETED	true	false	schedule_not_active:ecology.commit_pending:SUCCESS	297914130680000
779	268491415	READY	true	false	-86401	253927	-3736	UNKNOWN	false	false	ecology_fenced:transaction.item_conflict_canonical:NATIVE_CONTEXT_REQUIRED	297914131691200
780	268491436	DEAD	true	false	-125607	38452	1176	COMPLETED	true	false	ecology_fenced:ecology.commit_pending:SUCCESS	297914132556700
781	268491437	READY	false	false	-50077	-115763	-160	COMPLETED	true	false	schedule_not_active:ecology.persistence_or_runtime_failure:SUCCESS	297914133484700
782	268491452	DEAD	false	false	53398	63278	-3480	COMPLETED	true	false	schedule_not_active:transaction.native_context_required:SUCCESS	297914134355500
783	268491453	READY	true	false	-90072	248328	-3568	COMPLETED	false	false	ecology_fenced:catchup.travel.no_route:SUCCESS	297914135494800
784	268491468	READY	true	false	-90072	248328	-3568	COMPLETED	false	false	ecology_fenced:catchup.travel.no_route:SUCCESS	297914136362400
785	268491469	READY	false	false	119336	-180368	-2368	UNKNOWN	false	false	schedule_not_active:transaction.item_conflict_canonical:NATIVE_CONTEXT_REQUIRED	297914137256900
786	268491484	DEAD	false	false	-86401	253927	-3736	COMPLETED	true	false	schedule_not_active:ecology.commit_pending:SUCCESS	297914138174800
787	268491485	DEAD	true	false	-50077	-115763	-160	COMPLETED	true	false	ecology_fenced:ecology.commit_pending:SUCCESS	297914139350500
788	268491501	READY	true	false	52710	55450	-3320	UNKNOWN	false	false	ecology_fenced:transaction.item_conflict_canonical:NATIVE_CONTEXT_REQUIRED	297914140217900
789	268491502	DEAD	false	false	-125607	38452	1176	COMPLETED	true	false	schedule_not_active:ecology.commit_pending:SUCCESS	297914141583000
790	268491517	READY	false	false	24496	9206	-3584	COMPLETED	true	false	schedule_not_active:transaction.backend_failure:SUCCESS	297914142455300
791	268491518	READY	false	false	24496	9206	-3584	COMPLETED	true	false	schedule_not_active:transaction.backend_failure:SUCCESS	297914143303800
792	268491536	READY	true	false	-50077	-115763	-160	COMPLETED	true	false	ecology_fenced:transaction.backend_failure:SUCCESS	297914144379800
793	268491539	READY	true	false	119336	-180368	-2368	UNKNOWN	false	false	ecology_fenced:transaction.item_conflict_canonical:NATIVE_CONTEXT_REQUIRED	297914145334300
794	268491554	DEAD	false	false	24496	9206	-3584	COMPLETED	true	false	schedule_not_active:ecology.commit_pending:SUCCESS	297914146653700
795	268491555	DEAD	false	false	52710	55450	-3320	COMPLETED	true	false	schedule_not_active:transaction.native_context_required:SUCCESS	297914147742000
796	268491570	READY	true	false	51500	59679	-3368	UNKNOWN	false	false	ecology_fenced:transaction.item_conflict_canonical:NATIVE_CONTEXT_REQUIRED	297914148914100
797	268491572	READY	true	false	-50077	-115763	-160	COMPLETED	true	false	ecology_fenced:ecology.persistence_or_runtime_failure:SUCCESS	297914149811600
798	268491588	READY	false	false	24496	9206	-3584	COMPLETED	true	false	schedule_not_active:transaction.backend_failure:SUCCESS	297914150817700
799	268491589	DEAD	false	false	-49106	-115854	-160	COMPLETED	true	false	schedule_not_active:ecology.commit_pending:SUCCESS	297914151995600
800	268491602	READY	true	false	119336	-180368	-2368	UNKNOWN	false	false	ecology_fenced:transaction.item_conflict_canonical:NATIVE_CONTEXT_REQUIRED	297914152872900
801	268491603	READY	true	false	51500	59679	-3368	UNKNOWN	false	false	ecology_fenced:transaction.item_conflict_canonical:NATIVE_CONTEXT_REQUIRED	297914153731100
802	268491621	READY	false	false	24496	9206	-3584	COMPLETED	true	false	schedule_not_active:transaction.backend_failure:SUCCESS	297914154650700
803	268491622	READY	false	false	-50077	-115763	-160	COMPLETED	true	false	schedule_not_active:transaction.backend_failure:SUCCESS	297914155828700
804	268491637	DEAD	false	false	-86401	253927	-3736	COMPLETED	true	false	schedule_not_active:ecology.commit_pending:SUCCESS	297914156875400
805	268491638	READY	true	false	53398	63278	-3480	UNKNOWN	false	false	ecology_fenced:transaction.item_conflict_canonical:NATIVE_CONTEXT_REQUIRED	297914157753100
806	268491652	READY	true	false	48712	55466	-3464	UNKNOWN	false	false	ecology_fenced:transaction.item_conflict_canonical:NATIVE_CONTEXT_REQUIRED	297914158551600
807	268491653	READY	false	false	24496	9206	-3584	COMPLETED	true	false	schedule_not_active:transaction.backend_failure:SUCCESS	297914159472900
808	268491669	READY	false	false	119336	-180368	-2368	UNKNOWN	false	false	schedule_not_active:transaction.item_conflict_canonical:NATIVE_CONTEXT_REQUIRED	297914160517400
809	268491670	READY	true	false	-86401	253927	-3736	UNKNOWN	false	false	ecology_fenced:transaction.item_conflict_canonical:NATIVE_CONTEXT_REQUIRED	297914161650400
810	268491685	READY	true	false	-84312	252645	-3664	UNKNOWN	false	false	ecology_fenced:transaction.item_conflict_canonical:NATIVE_CONTEXT_REQUIRED	297914162632200
811	268491686	DEAD	false	false	-125464	37776	1176	COMPLETED	true	false	schedule_not_active:ecology.commit_pending:SUCCESS	297914163987000
812	268491702	READY	false	false	-50077	-115763	-160	COMPLETED	true	false	schedule_not_active:ecology.persistence_or_runtime_failure:SUCCESS	297914165515700
813	268491703	READY	true	false	52710	55450	-3320	UNKNOWN	false	false	ecology_fenced:transaction.item_conflict_canonical:NATIVE_CONTEXT_REQUIRED	297914166515900
814	268491719	READY	true	false	24496	9206	-3584	COMPLETED	true	false	ecology_fenced:transaction.backend_failure:SUCCESS	297914167629400
815	268491721	DEAD	false	false	-125472	38450	1176	COMPLETED	true	false	schedule_not_active:ecology.commit_pending:SUCCESS	297914168637200
816	268491737	READY	false	false	119336	-180368	-2368	UNKNOWN	false	false	schedule_not_active:transaction.item_conflict_canonical:NATIVE_CONTEXT_REQUIRED	297914169517200
817	268491738	READY	false	false	24496	9206	-3584	COMPLETED	true	false	schedule_not_active:transaction.backend_failure:SUCCESS	297914170693100
818	268491755	READY	true	false	24496	9206	-3584	COMPLETED	true	false	ecology_fenced:transaction.backend_failure:SUCCESS	297914171789000
819	268491756	DEAD	true	false	-125615	37771	1176	COMPLETED	true	false	ecology_fenced:ecology.cursor_pending:SUCCESS	297914172946600
820	268491771	DEAD	false	false	-86401	253927	-3736	COMPLETED	true	false	schedule_not_active:ecology.commit_pending:SUCCESS	297914174038300
821	268491772	READY	false	false	24496	9206	-3584	COMPLETED	true	false	schedule_not_active:transaction.backend_failure:SUCCESS	297914175260200
822	268491786	READY	true	false	51500	59679	-3368	UNKNOWN	false	false	ecology_fenced:transaction.item_conflict_canonical:NATIVE_CONTEXT_REQUIRED	297914176164700
823	268491788	READY	true	false	-50077	-115763	-160	COMPLETED	true	false	ecology_fenced:transaction.backend_failure:SUCCESS	297914177466200
824	268491803	READY	false	false	-49106	-115854	-160	COMPLETED	true	false	schedule_not_active:ecology.persistence_or_runtime_failure:SUCCESS	297914178942000
825	268491804	INCONSISTENT	false	false	44126	42751	-3488	UNKNOWN	false	false	schedule_not_active:catchup.renewal.background_state_invalid:INCONSISTENT	297914180045200
826	268491818	READY	true	false	-90072	248328	-3568	COMPLETED	false	false	ecology_fenced:catchup.travel.no_route:SUCCESS	297914181579900
827	268491819	READY	true	false	-90072	248328	-3568	COMPLETED	false	false	ecology_fenced:catchup.travel.no_route:SUCCESS	297914182644200
828	268491834	READY	true	false	24496	9206	-3584	COMPLETED	true	false	ecology_fenced:transaction.backend_failure:SUCCESS	297914183971800
829	268491835	INCONSISTENT	false	false	44126	42751	-3488	UNKNOWN	false	false	schedule_not_active:catchup.renewal.background_state_invalid:INCONSISTENT	297914184714900
830	268491849	READY	false	false	-50077	-115763	-160	COMPLETED	true	false	schedule_not_active:transaction.backend_failure:SUCCESS	297914185815000
831	268491850	READY	true	false	119336	-180368	-2368	UNKNOWN	false	false	ecology_fenced:transaction.item_conflict_canonical:NATIVE_CONTEXT_REQUIRED	297914186824800
832	268491865	READY	true	false	46045	41251	-3504	COMPLETED	false	false	ecology_fenced:ecology.preparation_capacity:SUCCESS	297914187887100
833	268491866	READY	false	false	24496	9206	-3584	COMPLETED	true	false	schedule_not_active:transaction.backend_failure:SUCCESS	297914189210400
834	268491881	READY	false	false	-50077	-115763	-160	COMPLETED	true	false	schedule_not_active:ecology.persistence_or_runtime_failure:SUCCESS	297914190541600
835	268491882	READY	true	false	24496	9206	-3584	COMPLETED	true	false	ecology_fenced:transaction.backend_failure:SUCCESS	297914191977800
836	268491897	READY	true	false	24496	9206	-3584	COMPLETED	true	false	ecology_fenced:transaction.backend_failure:SUCCESS	297914193253300
837	268491898	DEAD	false	false	-49106	-115854	-160	COMPLETED	true	false	schedule_not_active:ecology.commit_pending:SUCCESS	297914194397700
838	268491916	DEAD	false	false	-86401	253927	-3736	COMPLETED	true	false	schedule_not_active:ecology.commit_pending:SUCCESS	297914195208600
839	268491918	READY	true	false	115758	-182753	-1448	COMPLETED	false	false	ecology_fenced:catchup.travel.no_route:SUCCESS	297914196688400
840	268491933	DEAD	true	false	-125464	37776	1176	COMPLETED	true	false	ecology_fenced:ecology.commit_pending:SUCCESS	297914197871400
841	268491934	READY	true	false	48712	55466	-3464	COMPLETED	true	false	ecology_fenced:ecology.persistence_or_runtime_failure:SUCCESS	297914198649600
842	268491949	INCONSISTENT	false	false	54714	51620	-3592	UNKNOWN	false	false	schedule_not_active:catchup.renewal.background_state_invalid:INCONSISTENT	297914199088200
843	268491951	DEAD	false	false	-125472	38450	1176	COMPLETED	true	false	schedule_not_active:ecology.cursor_pending:SUCCESS	297914199788200
844	268491966	READY	true	false	24496	9206	-3584	COMPLETED	true	false	ecology_fenced:transaction.backend_failure:SUCCESS	297914200893600
845	268491967	DEAD	true	false	24496	9206	-3584	COMPLETED	true	false	ecology_fenced:ecology.commit_pending:SUCCESS	297914202052800
846	268491982	DEAD	false	false	-125607	38452	1176	COMPLETED	true	false	schedule_not_active:ecology.commit_pending:SUCCESS	297914202988300
847	268491985	READY	false	false	-49106	-115854	-160	COMPLETED	true	false	schedule_not_active:ecology.persistence_or_runtime_failure:SUCCESS	297914203944000
848	268492001	DEAD	true	false	24496	9206	-3584	COMPLETED	true	false	ecology_fenced:ecology.commit_pending:SUCCESS	297914205161000
849	268492003	READY	true	false	-86401	253927	-3736	UNKNOWN	false	false	ecology_fenced:transaction.item_conflict_canonical:NATIVE_CONTEXT_REQUIRED	297914206405600
850	268492018	DEAD	false	false	24496	9206	-3584	COMPLETED	true	false	schedule_not_active:ecology.commit_pending:SUCCESS	297914207376800
851	268492019	READY	false	false	24496	9206	-3584	COMPLETED	true	false	schedule_not_active:transaction.backend_failure:SUCCESS	297914208238200
852	268492038	DEAD	true	false	24496	9206	-3584	COMPLETED	true	false	ecology_fenced:ecology.commit_pending:SUCCESS	297914209275300
853	268492039	READY	true	false	54714	51620	-3592	UNKNOWN	false	false	ecology_fenced:transaction.item_conflict_canonical:NATIVE_CONTEXT_REQUIRED	297914210213000
854	268492053	READY	true	false	119877	-202135	-3456	UNKNOWN	false	false	ecology_fenced:transaction.item_conflict_canonical:NATIVE_CONTEXT_REQUIRED	297914211140600
855	268492054	READY	false	false	24496	9206	-3584	COMPLETED	true	false	schedule_not_active:transaction.backend_failure:SUCCESS	297914212621700
856	268492069	READY	false	false	-86401	253927	-3736	UNKNOWN	false	false	schedule_not_active:transaction.item_conflict_canonical:NATIVE_CONTEXT_REQUIRED	297914214054900
857	268492070	READY	true	false	-50077	-115763	-160	COMPLETED	true	false	ecology_fenced:ecology.persistence_or_runtime_failure:SUCCESS	297914215036300
858	268492087	READY	true	false	51500	59679	-3368	UNKNOWN	false	false	ecology_fenced:transaction.item_conflict_canonical:NATIVE_CONTEXT_REQUIRED	297914216087100
859	268492088	READY	false	false	24496	9206	-3584	COMPLETED	true	false	schedule_not_active:transaction.backend_failure:SUCCESS	297914217415500
860	268492102	DEAD	false	false	-86401	253927	-3736	COMPLETED	true	false	schedule_not_active:ecology.commit_pending:SUCCESS	297914218295700
861	268492103	READY	true	false	-86401	253927	-3736	COMPLETED	true	false	ecology_fenced:ecology.persistence_or_runtime_failure:SUCCESS	297914219029300
862	268492118	READY	true	false	119877	-202135	-3456	UNKNOWN	false	false	ecology_fenced:transaction.item_conflict_canonical:NATIVE_CONTEXT_REQUIRED	297914219890600
863	268492119	READY	false	false	24496	9206	-3584	COMPLETED	true	false	schedule_not_active:transaction.backend_failure:SUCCESS	297914220937200
864	268492135	READY	false	false	-49106	-115854	-160	COMPLETED	true	false	schedule_not_active:ecology.persistence_or_runtime_failure:SUCCESS	297914221778700
865	268492136	READY	true	false	-50077	-115763	-160	COMPLETED	true	false	ecology_fenced:ecology.persistence_or_runtime_failure:SUCCESS	297914222767200
866	268492151	INCONSISTENT	true	false	-90072	248328	-3568	UNKNOWN	false	false	ecology_fenced:catchup.renewal.background_state_invalid:INCONSISTENT	297914223363000
867	268492152	READY	true	false	52710	55450	-3320	UNKNOWN	false	false	ecology_fenced:transaction.item_conflict_canonical:NATIVE_CONTEXT_REQUIRED	297914224197800
868	268492169	DEAD	false	false	-86401	253927	-3736	COMPLETED	true	false	schedule_not_active:ecology.commit_pending:SUCCESS	297914225193500
869	268492170	DEAD	false	false	-86401	253927	-3736	COMPLETED	true	false	schedule_not_active:ecology.commit_pending:SUCCESS	297914226083100
870	268492184	READY	true	false	-50077	-115763	-160	COMPLETED	true	false	ecology_fenced:ecology.persistence_or_runtime_failure:SUCCESS	297914227392300
871	268492186	READY	true	false	-90072	248328	-3568	COMPLETED	false	false	ecology_fenced:catchup.travel.no_route:SUCCESS	297914229099400
872	268492202	DEAD	false	false	54714	51620	-3592	COMPLETED	true	false	schedule_not_active:ecology.commit_pending:SUCCESS	297914230711800
873	268492203	READY	false	false	-84312	252645	-3664	UNKNOWN	false	false	schedule_not_active:transaction.item_conflict_canonical:NATIVE_CONTEXT_REQUIRED	297914231799000
874	268492219	READY	true	false	-49106	-115854	-160	COMPLETED	true	false	ecology_fenced:transaction.backend_failure:SUCCESS	297914232892800
875	268492221	READY	true	false	24496	9206	-3584	COMPLETED	true	false	ecology_fenced:transaction.backend_failure:SUCCESS	297914234162700
876	268492234	DEAD	false	false	54714	51620	-3592	COMPLETED	true	false	schedule_not_active:transaction.native_context_required:SUCCESS	297914235072700
877	268492236	READY	false	false	119336	-180368	-2368	UNKNOWN	false	false	schedule_not_active:transaction.item_conflict_canonical:NATIVE_CONTEXT_REQUIRED	297914235903000
878	268492253	DEAD	false	false	53398	63278	-3480	COMPLETED	true	false	schedule_not_active:transaction.native_context_required:SUCCESS	297914236783900
879	268492255	READY	true	false	46045	41251	-3504	COMPLETED	false	false	ecology_fenced:catchup.travel.no_route:SUCCESS	297914237736400
880	268492269	READY	true	false	51500	59679	-3368	UNKNOWN	false	false	ecology_fenced:transaction.item_conflict_canonical:NATIVE_CONTEXT_REQUIRED	297914238680400
881	268492271	READY	false	false	24496	9206	-3584	COMPLETED	true	false	schedule_not_active:transaction.backend_failure:SUCCESS	297914239824300
882	268492286	DEAD	false	false	51500	59679	-3368	COMPLETED	true	false	schedule_not_active:ecology.commit_pending:SUCCESS	297914240867800
883	268492287	READY	true	false	24496	9206	-3584	COMPLETED	true	false	ecology_fenced:transaction.backend_failure:SUCCESS	297914241892300
884	268492301	READY	true	false	-90072	248328	-3568	COMPLETED	false	false	ecology_fenced:catchup.travel.no_route:SUCCESS	297914242741500
885	268492302	READY	false	false	119336	-180368	-2368	UNKNOWN	false	false	schedule_not_active:transaction.item_conflict_canonical:NATIVE_CONTEXT_REQUIRED	297914243626900
886	268492318	DEAD	false	false	-125531	37944	1176	COMPLETED	true	false	schedule_not_active:ecology.commit_pending:SUCCESS	297914244580000
887	268492320	READY	true	false	24496	9206	-3584	COMPLETED	true	false	ecology_fenced:transaction.backend_failure:SUCCESS	297914246699700
888	268492334	INCONSISTENT	true	false	46131	41458	-3504	UNKNOWN	false	false	ecology_fenced:catchup.renewal.background_state_invalid:INCONSISTENT	297914247608300
889	268492336	DEAD	false	false	-49106	-115854	-160	COMPLETED	true	false	schedule_not_active:ecology.commit_pending:SUCCESS	297914248780500
890	268492350	READY	false	false	-84312	252645	-3664	UNKNOWN	false	false	schedule_not_active:transaction.item_conflict_canonical:NATIVE_CONTEXT_REQUIRED	297914250153100
891	268492352	INCONSISTENT	false	false	44126	42751	-3488	UNKNOWN	false	false	schedule_not_active:catchup.renewal.background_state_invalid:INCONSISTENT	297914250846400
892	268492368	DEAD	true	false	-125607	38452	1176	COMPLETED	true	false	ecology_fenced:ecology.commit_pending:SUCCESS	297914252079700
893	268492369	READY	true	false	119336	-180368	-2368	UNKNOWN	false	false	ecology_fenced:transaction.item_conflict_canonical:NATIVE_CONTEXT_REQUIRED	297914253196700
894	268492385	READY	false	false	-50077	-115763	-160	COMPLETED	true	false	schedule_not_active:ecology.persistence_or_runtime_failure:SUCCESS	297914254106300
895	268492387	READY	false	false	-49106	-115854	-160	COMPLETED	true	false	schedule_not_active:transaction.backend_failure:SUCCESS	297914255069500
896	268492403	READY	true	false	-50077	-115763	-160	COMPLETED	true	false	ecology_fenced:ecology.persistence_or_runtime_failure:SUCCESS	297914256267300
897	268492404	READY	true	false	-86401	253927	-3736	UNKNOWN	false	false	ecology_fenced:transaction.item_conflict_canonical:NATIVE_CONTEXT_REQUIRED	297914257424200
898	268492420	INCONSISTENT	false	false	-90918	248070	-3568	UNKNOWN	false	false	schedule_not_active:catchup.renewal.background_state_invalid:INCONSISTENT	297914257858200
899	268492421	DEAD	false	false	-50077	-115763	-160	COMPLETED	true	false	schedule_not_active:ecology.commit_pending:SUCCESS	297914258818100
900	268492434	READY	true	false	115488	-179664	-888	COMPLETED	false	false	ecology_fenced:catchup.travel.no_route:SUCCESS	297914259778300
901	268492435	READY	true	false	-50077	-115763	-160	COMPLETED	true	false	ecology_fenced:ecology.persistence_or_runtime_failure:SUCCESS	297914261019400
902	268492451	READY	false	false	-50077	-115763	-160	COMPLETED	true	false	schedule_not_active:ecology.persistence_or_runtime_failure:SUCCESS	297914262501000
903	268492452	DEAD	false	false	-125464	37776	1176	COMPLETED	true	false	schedule_not_active:ecology.commit_pending:SUCCESS	297914263817100
904	268492469	READY	false	false	-50077	-115763	-160	COMPLETED	true	false	schedule_not_active:ecology.persistence_or_runtime_failure:SUCCESS	297914264943600
905	268492470	READY	true	false	24496	9206	-3584	COMPLETED	true	false	ecology_fenced:transaction.backend_failure:SUCCESS	297914266412000
906	268492485	READY	true	false	-90072	248328	-3568	COMPLETED	false	false	ecology_fenced:catchup.travel.no_route:SUCCESS	297914267590800
907	268492487	DEAD	false	false	-125517	38267	1176	COMPLETED	true	false	schedule_not_active:ecology.commit_pending:SUCCESS	297914268206200
908	268492502	DEAD	false	false	119336	-180368	-2368	COMPLETED	true	false	schedule_not_active:ecology.commit_pending:SUCCESS	297914269072700
909	268492503	READY	true	false	24496	9206	-3584	COMPLETED	true	false	ecology_fenced:transaction.backend_failure:SUCCESS	297914270092600
910	268492518	READY	true	false	-50077	-115763	-160	COMPLETED	true	false	ecology_fenced:transaction.backend_failure:SUCCESS	297914271075100
911	268492519	DEAD	false	false	-50077	-115763	-160	COMPLETED	true	false	schedule_not_active:ecology.commit_pending:SUCCESS	297914271993500
912	268492534	READY	false	false	52710	55450	-3320	UNKNOWN	false	false	schedule_not_active:transaction.item_conflict_canonical:NATIVE_CONTEXT_REQUIRED	297914272944500
913	268492535	READY	true	false	52710	55450	-3320	UNKNOWN	false	false	ecology_fenced:transaction.item_conflict_canonical:NATIVE_CONTEXT_REQUIRED	297914273951600
914	268492549	READY	true	false	24496	9206	-3584	COMPLETED	true	false	ecology_fenced:transaction.backend_failure:SUCCESS	297914274934200
915	268492550	DEAD	false	false	-86401	253927	-3736	COMPLETED	true	false	schedule_not_active:ecology.commit_pending:SUCCESS	297914275780200
916	268492567	DEAD	false	false	119877	-202135	-3456	COMPLETED	true	false	schedule_not_active:ecology.commit_pending:SUCCESS	297914277055000
917	268492569	READY	false	false	-50077	-115763	-160	COMPLETED	true	false	schedule_not_active:ecology.persistence_or_runtime_failure:SUCCESS	297914278201100
918	268492585	DEAD	true	false	-125472	38450	1176	COMPLETED	true	false	ecology_fenced:ecology.commit_pending:SUCCESS	297914279257400
919	268492587	INCONSISTENT	true	false	53398	63278	-3480	UNKNOWN	false	false	ecology_fenced:catchup.renewal.background_state_invalid:INCONSISTENT	297914279705500
920	268492604	READY	false	false	48712	55466	-3464	COMPLETED	true	false	schedule_not_active:ecology.persistence_or_runtime_failure:SUCCESS	297914280890100
921	268492605	READY	false	false	24496	9206	-3584	COMPLETED	true	false	schedule_not_active:transaction.backend_failure:SUCCESS	297914281789300
922	268492626	READY	true	false	-90072	248328	-3568	COMPLETED	false	false	ecology_fenced:catchup.travel.no_route:SUCCESS	297914282745900
923	268492627	READY	true	false	-49106	-115854	-160	COMPLETED	true	false	ecology_fenced:transaction.backend_failure:SUCCESS	297914284233500
924	268492641	DEAD	false	false	51500	59679	-3368	COMPLETED	true	false	schedule_not_active:transaction.native_context_required:SUCCESS	297914285066200
925	268492642	READY	false	false	-86401	253927	-3736	UNKNOWN	false	false	schedule_not_active:transaction.item_conflict_canonical:NATIVE_CONTEXT_REQUIRED	297914285844200
926	268492658	READY	true	false	24496	9206	-3584	COMPLETED	true	false	ecology_fenced:transaction.backend_failure:SUCCESS	297914286798500
927	268492660	DEAD	true	false	-125531	37944	1176	COMPLETED	true	false	ecology_fenced:ecology.commit_pending:SUCCESS	297914287525500
928	268492676	READY	true	false	24496	9206	-3584	COMPLETED	true	false	ecology_fenced:transaction.backend_failure:SUCCESS	297914288417400
929	268492677	DEAD	false	false	-86401	253927	-3736	COMPLETED	true	false	schedule_not_active:ecology.commit_pending:SUCCESS	297914289403300
930	268492691	READY	false	false	24496	9206	-3584	COMPLETED	true	false	schedule_not_active:transaction.backend_failure:SUCCESS	297914290328600
931	268492699	READY	true	false	119877	-202135	-3456	UNKNOWN	false	false	ecology_fenced:transaction.item_conflict_canonical:NATIVE_CONTEXT_REQUIRED	297914291293500
932	268492707	READY	true	false	24496	9206	-3584	COMPLETED	true	false	ecology_fenced:transaction.backend_failure:SUCCESS	297914292234800
933	268492715	READY	false	false	24496	9206	-3584	COMPLETED	true	false	schedule_not_active:transaction.backend_failure:SUCCESS	297914293319900
934	268492723	DEAD	false	false	-125531	37944	1176	COMPLETED	true	false	schedule_not_active:ecology.commit_pending:SUCCESS	297914294311000
935	268492725	READY	true	false	-84312	252645	-3664	UNKNOWN	false	false	ecology_fenced:transaction.item_conflict_canonical:NATIVE_CONTEXT_REQUIRED	297914295609500
936	268492743	READY	true	false	-84312	252645	-3664	UNKNOWN	false	false	ecology_fenced:transaction.item_conflict_canonical:NATIVE_CONTEXT_REQUIRED	297914296659900
937	268492751	DEAD	false	false	-86401	253927	-3736	COMPLETED	true	false	schedule_not_active:ecology.commit_pending:SUCCESS	297914297778700
938	268492776	DEAD	false	false	-125472	38450	1176	COMPLETED	true	false	schedule_not_active:ecology.commit_pending:SUCCESS	297914298649200
939	268492778	READY	true	false	116852	-183595	-1568	COMPLETED	false	false	ecology_fenced:catchup.travel.no_route:SUCCESS	297914299451900
940	268492794	READY	true	false	-49106	-115854	-160	COMPLETED	true	false	ecology_fenced:ecology.persistence_or_runtime_failure:SUCCESS	297914300802400
941	268492795	READY	true	false	-50077	-115763	-160	COMPLETED	true	false	ecology_fenced:transaction.backend_failure:SUCCESS	297914301669400
942	268492809	READY	false	false	-86401	253927	-3736	UNKNOWN	false	false	schedule_not_active:transaction.item_conflict_canonical:NATIVE_CONTEXT_REQUIRED	297914302394200
943	268492811	READY	false	false	24496	9206	-3584	COMPLETED	true	false	schedule_not_active:transaction.backend_failure:SUCCESS	297914303248200
944	268492828	READY	true	false	-90072	248328	-3568	COMPLETED	false	false	ecology_fenced:catchup.travel.no_route:SUCCESS	297914304009100
945	268492829	READY	true	false	24496	9206	-3584	COMPLETED	true	false	ecology_fenced:transaction.backend_failure:SUCCESS	297914304966600
946	268492844	DEAD	false	false	-86401	253927	-3736	COMPLETED	true	false	schedule_not_active:ecology.commit_pending:SUCCESS	297914305968500
947	268492845	READY	false	false	-50077	-115763	-160	COMPLETED	true	false	schedule_not_active:transaction.backend_failure:SUCCESS	297914307159500
948	268492858	READY	true	false	-90072	248328	-3568	COMPLETED	false	false	ecology_fenced:catchup.travel.no_route:SUCCESS	297914308077400
949	268492860	READY	true	false	-90072	248328	-3568	COMPLETED	false	false	ecology_fenced:catchup.travel.no_route:SUCCESS	297914308949700
950	268492876	READY	false	false	-86401	253927	-3736	UNKNOWN	false	false	schedule_not_active:transaction.item_conflict_canonical:NATIVE_CONTEXT_REQUIRED	297914309852700
951	268492877	READY	false	false	-84312	252645	-3664	UNKNOWN	false	false	schedule_not_active:transaction.item_conflict_canonical:NATIVE_CONTEXT_REQUIRED	297914310796900
952	268492893	READY	true	false	24496	9206	-3584	COMPLETED	true	false	ecology_fenced:transaction.backend_failure:SUCCESS	297914312209800
953	268492894	READY	true	false	-49106	-115854	-160	COMPLETED	true	false	ecology_fenced:transaction.backend_failure:SUCCESS	297914313661400
954	268493009	READY	true	false	119336	-180368	-2368	UNKNOWN	false	false	ecology_fenced:transaction.item_conflict_canonical:NATIVE_CONTEXT_REQUIRED	297914314661700
955	268493017	DEAD	false	false	-86401	253927	-3736	COMPLETED	true	false	schedule_not_active:ecology.commit_pending:SUCCESS	297914315564300
956	268493026	DEAD	false	false	-86401	253927	-3736	COMPLETED	true	false	schedule_not_active:ecology.commit_pending:SUCCESS	297914316606000
957	268493027	READY	true	false	24496	9206	-3584	COMPLETED	true	false	ecology_fenced:transaction.backend_failure:SUCCESS	297914317875600
958	268493042	READY	true	false	52710	55450	-3320	UNKNOWN	false	false	ecology_fenced:transaction.item_conflict_canonical:NATIVE_CONTEXT_REQUIRED	297914318733900
959	268493044	READY	false	false	-86401	253927	-3736	UNKNOWN	false	false	schedule_not_active:transaction.item_conflict_canonical:NATIVE_CONTEXT_REQUIRED	297914319637200
960	268493060	DEAD	false	false	48712	55466	-3464	COMPLETED	true	false	schedule_not_active:transaction.native_context_required:SUCCESS	297914320544800
961	268493062	DEAD	true	false	-125517	38267	1176	COMPLETED	true	false	ecology_fenced:ecology.commit_pending:SUCCESS	297914321302000
962	268493078	READY	true	false	115758	-182753	-1448	COMPLETED	false	false	ecology_fenced:catchup.travel.no_route:SUCCESS	297914322342200
963	268493081	DEAD	false	false	54714	51620	-3592	COMPLETED	true	false	schedule_not_active:ecology.commit_pending:SUCCESS	297914323243900
964	268493095	DEAD	false	false	-49106	-115854	-160	COMPLETED	true	false	schedule_not_active:ecology.commit_pending:SUCCESS	297914324204300
965	268493097	DEAD	true	false	-125464	37776	1176	COMPLETED	true	false	ecology_fenced:ecology.commit_pending:SUCCESS	297914325083500
966	268493113	DEAD	true	false	-125517	38267	1176	COMPLETED	true	false	ecology_fenced:ecology.commit_pending:SUCCESS	297914325747200
967	268493115	READY	true	false	-90072	248328	-3568	COMPLETED	false	false	ecology_fenced:catchup.travel.no_route:SUCCESS	297914326605700
968	268493130	DEAD	false	false	-50077	-115763	-160	COMPLETED	true	false	schedule_not_active:ecology.commit_pending:SUCCESS	297914327449100
969	268493132	DEAD	false	false	-125531	37944	1176	COMPLETED	true	false	schedule_not_active:ecology.commit_pending:SUCCESS	297914328371600
970	268493146	READY	true	false	53398	63278	-3480	UNKNOWN	false	false	ecology_fenced:transaction.item_conflict_canonical:NATIVE_CONTEXT_REQUIRED	297914329729000
971	268493147	INCONSISTENT	true	false	-90610	248293	-3568	UNKNOWN	false	false	ecology_fenced:catchup.renewal.background_state_invalid:INCONSISTENT	297914330535400
972	268493164	DEAD	false	false	24496	9206	-3584	COMPLETED	true	false	schedule_not_active:ecology.commit_pending:SUCCESS	297914331364100
973	268493165	INCONSISTENT	false	false	44126	42751	-3488	UNKNOWN	false	false	schedule_not_active:catchup.renewal.background_state_invalid:INCONSISTENT	297914331717700
974	268493180	READY	true	false	24496	9206	-3584	COMPLETED	true	false	ecology_fenced:transaction.backend_failure:SUCCESS	297914332658000
975	268493181	DEAD	true	false	48712	55466	-3464	COMPLETED	true	false	ecology_fenced:transaction.native_context_required:SUCCESS	297914333762900
976	268493196	READY	false	false	48712	55466	-3464	COMPLETED	true	false	schedule_not_active:ecology.persistence_or_runtime_failure:SUCCESS	297914334573100
977	268493197	DEAD	false	false	119877	-202135	-3456	COMPLETED	true	false	schedule_not_active:ecology.commit_pending:SUCCESS	297914335196400
978	268493213	DEAD	false	false	24496	9206	-3584	COMPLETED	true	false	schedule_not_active:ecology.commit_pending:SUCCESS	297914335894400
979	268493214	READY	true	false	-49106	-115854	-160	COMPLETED	true	false	ecology_fenced:ecology.persistence_or_runtime_failure:SUCCESS	297914336602700
980	268493229	READY	true	false	24496	9206	-3584	COMPLETED	true	false	ecology_fenced:transaction.backend_failure:SUCCESS	297914337295300
981	268493231	DEAD	false	false	53387	63306	-3480	COMPLETED	true	false	schedule_not_active:ecology.commit_pending:SUCCESS	297914337954100
982	268493246	READY	false	false	24496	9206	-3584	COMPLETED	true	false	schedule_not_active:transaction.backend_failure:SUCCESS	297914338984300
983	268493247	READY	true	false	24496	9206	-3584	COMPLETED	true	false	ecology_fenced:transaction.backend_failure:SUCCESS	297914339865900
984	268493262	READY	true	false	-86401	253927	-3736	COMPLETED	true	false	ecology_fenced:ecology.persistence_or_runtime_failure:SUCCESS	297914340771700
985	268493263	READY	false	false	119336	-180368	-2368	UNKNOWN	false	false	schedule_not_active:transaction.item_conflict_canonical:NATIVE_CONTEXT_REQUIRED	297914341536700
986	268493278	DEAD	false	false	-86401	253927	-3736	COMPLETED	true	false	schedule_not_active:ecology.commit_pending:SUCCESS	297914342239900
987	268493279	READY	true	false	24496	9206	-3584	COMPLETED	true	false	ecology_fenced:transaction.backend_failure:SUCCESS	297914343205900
988	268493293	READY	true	false	52710	55450	-3320	UNKNOWN	false	false	ecology_fenced:transaction.item_conflict_canonical:NATIVE_CONTEXT_REQUIRED	297914344041800
989	268493294	DEAD	false	false	-86401	253927	-3736	COMPLETED	true	false	schedule_not_active:ecology.commit_pending:SUCCESS	297914344955900
990	268493308	DEAD	false	false	-86401	253927	-3736	COMPLETED	true	false	schedule_not_active:ecology.commit_pending:SUCCESS	297914345964200
991	268493321	DEAD	false	false	52710	55450	-3320	COMPLETED	true	false	schedule_not_active:ecology.commit_pending:SUCCESS	297914346991900
992	268493330	DEAD	true	false	-125531	37944	1176	COMPLETED	true	false	ecology_fenced:ecology.commit_pending:SUCCESS	297914347690900
993	268493331	READY	true	false	119877	-202135	-3456	UNKNOWN	false	false	ecology_fenced:transaction.item_conflict_canonical:NATIVE_CONTEXT_REQUIRED	297914348360300
994	268493348	DEAD	false	false	51500	59679	-3368	COMPLETED	true	false	schedule_not_active:transaction.native_context_required:SUCCESS	297914349213300
995	268493349	DEAD	false	false	-125472	38450	1176	COMPLETED	true	false	schedule_not_active:ecology.commit_pending:SUCCESS	297914349943600
996	268493364	READY	true	false	24496	9206	-3584	COMPLETED	true	false	ecology_fenced:transaction.backend_failure:SUCCESS	297914350939100
997	268493366	READY	true	false	-50077	-115763	-160	COMPLETED	true	false	ecology_fenced:transaction.backend_failure:SUCCESS	297914351726000
998	268493381	DEAD	false	false	-86401	253927	-3736	COMPLETED	true	false	schedule_not_active:ecology.commit_pending:SUCCESS	297914352569800
999	268493382	READY	false	false	24496	9206	-3584	COMPLETED	true	false	schedule_not_active:transaction.backend_failure:SUCCESS	297914353446200
1000	268493399	READY	true	false	115758	-182753	-1448	COMPLETED	false	false	ecology_fenced:catchup.travel.no_route:SUCCESS	297914354278200
1001	268493402	READY	true	false	-86401	253927	-3736	UNKNOWN	false	false	ecology_fenced:transaction.item_conflict_canonical:NATIVE_CONTEXT_REQUIRED	297914355453400
1002	268493418	DEAD	false	false	-86401	253927	-3736	COMPLETED	true	false	schedule_not_active:ecology.commit_pending:SUCCESS	297914356524900
1003	268493419	DEAD	false	false	-86401	253927	-3736	COMPLETED	true	false	schedule_not_active:ecology.commit_pending:SUCCESS	297914357629200
1004	268493433	READY	false	false	48712	55466	-3464	COMPLETED	true	false	schedule_not_active:ecology.persistence_or_runtime_failure:SUCCESS	297914358562300
1005	268493434	READY	true	false	24496	9206	-3584	COMPLETED	true	false	ecology_fenced:transaction.backend_failure:SUCCESS	297914359617300
1006	268493449	READY	true	false	-90072	248328	-3568	COMPLETED	false	false	ecology_fenced:catchup.travel.no_route:SUCCESS	297914360568300
1007	268493451	DEAD	false	false	-125615	37771	1176	COMPLETED	true	false	schedule_not_active:ecology.commit_pending:SUCCESS	297914361506400
1008	268493467	READY	false	false	119336	-180368	-2368	UNKNOWN	false	false	schedule_not_active:transaction.item_conflict_canonical:NATIVE_CONTEXT_REQUIRED	297914362755300
1009	268493469	READY	true	false	46045	41251	-3504	COMPLETED	false	false	ecology_fenced:ecology.preparation_capacity:SUCCESS	297914364048800
1010	268493483	READY	true	false	53398	63278	-3480	UNKNOWN	false	false	ecology_fenced:transaction.item_conflict_canonical:NATIVE_CONTEXT_REQUIRED	297914365001700
1011	268493484	READY	false	false	-86401	253927	-3736	UNKNOWN	false	false	schedule_not_active:transaction.item_conflict_canonical:NATIVE_CONTEXT_REQUIRED	297914365790300
1012	268493502	READY	false	false	24496	9206	-3584	COMPLETED	true	false	schedule_not_active:transaction.backend_failure:SUCCESS	297914366972700
1013	268493511	READY	true	false	51500	59679	-3368	UNKNOWN	false	false	ecology_fenced:transaction.item_conflict_canonical:NATIVE_CONTEXT_REQUIRED	297914367837200
1014	268493521	READY	true	false	51500	59679	-3368	UNKNOWN	false	false	ecology_fenced:transaction.item_conflict_canonical:NATIVE_CONTEXT_REQUIRED	297914368617600
1015	268493531	DEAD	false	false	-49106	-115854	-160	COMPLETED	true	false	schedule_not_active:ecology.commit_pending:SUCCESS	297914369400000
1016	268493538	READY	false	false	119336	-180368	-2368	UNKNOWN	false	false	schedule_not_active:transaction.item_conflict_canonical:NATIVE_CONTEXT_REQUIRED	297914370150800
1017	268493546	INCONSISTENT	false	false	44126	42751	-3488	UNKNOWN	false	false	schedule_not_active:catchup.renewal.background_state_invalid:INCONSISTENT	297914370588300
1018	268493554	READY	true	false	-49106	-115854	-160	COMPLETED	true	false	ecology_fenced:ecology.persistence_or_runtime_failure:SUCCESS	297914371477500
1019	268493566	READY	true	false	-50077	-115763	-160	COMPLETED	true	false	ecology_fenced:transaction.backend_failure:SUCCESS	297914372558700
1020	268493573	READY	false	false	-49106	-115854	-160	COMPLETED	true	false	schedule_not_active:ecology.persistence_or_runtime_failure:SUCCESS	297914373463500
1021	268493582	DEAD	false	false	-86401	253927	-3736	COMPLETED	true	false	schedule_not_active:ecology.commit_pending:SUCCESS	297914374588700
1022	268493590	READY	true	false	24496	9206	-3584	COMPLETED	true	false	ecology_fenced:transaction.backend_failure:SUCCESS	297914375547300
1023	268493598	DEAD	true	false	-125517	38267	1176	COMPLETED	true	false	ecology_fenced:ecology.commit_pending:SUCCESS	297914376382900
1024	268493609	DEAD	false	false	24496	9206	-3584	COMPLETED	true	false	schedule_not_active:ecology.commit_pending:SUCCESS	297914377256000
1025	268493616	DEAD	false	false	-125531	37944	1176	COMPLETED	true	false	schedule_not_active:ecology.commit_pending:SUCCESS	297914378093200
1026	268493624	READY	true	false	-50077	-115763	-160	COMPLETED	true	false	ecology_fenced:ecology.persistence_or_runtime_failure:SUCCESS	297914379459500
1027	268493634	READY	true	false	24496	9206	-3584	COMPLETED	true	false	ecology_fenced:transaction.backend_failure:SUCCESS	297914380934500
1028	268493642	READY	true	false	-50077	-115763	-160	COMPLETED	true	false	ecology_fenced:ecology.persistence_or_runtime_failure:SUCCESS	297914381825400
1029	268493652	DEAD	false	false	-86401	253927	-3736	COMPLETED	true	false	schedule_not_active:ecology.commit_pending:SUCCESS	297914382518600
1030	268493659	READY	false	false	24496	9206	-3584	COMPLETED	true	false	schedule_not_active:transaction.backend_failure:SUCCESS	297914383922200
1031	268493666	READY	true	false	119877	-202135	-3456	UNKNOWN	false	false	ecology_fenced:transaction.item_conflict_canonical:NATIVE_CONTEXT_REQUIRED	297914384762200
1032	268493674	READY	true	false	48712	55466	-3464	COMPLETED	true	false	ecology_fenced:ecology.persistence_or_runtime_failure:SUCCESS	297914385560900
1033	268493684	DEAD	false	false	-125531	37944	1176	COMPLETED	true	false	schedule_not_active:ecology.commit_pending:SUCCESS	297914386387200
1034	268493692	READY	false	false	24496	9206	-3584	COMPLETED	true	false	schedule_not_active:transaction.backend_failure:SUCCESS	297914387204400
1035	268493700	READY	true	false	-90072	248328	-3568	COMPLETED	false	false	ecology_fenced:catchup.travel.no_route:SUCCESS	297914388003600
1036	268493709	READY	true	false	24496	9206	-3584	COMPLETED	true	false	ecology_fenced:transaction.backend_failure:SUCCESS	297914389142200
1037	268493719	DEAD	false	false	-86401	253927	-3736	COMPLETED	true	false	schedule_not_active:ecology.commit_pending:SUCCESS	297914390153200
1038	268493726	DEAD	false	false	-50077	-115763	-160	COMPLETED	true	false	schedule_not_active:ecology.commit_pending:SUCCESS	297914391271500
1039	268493735	READY	true	false	117010	-180666	-1256	COMPLETED	false	false	ecology_fenced:catchup.travel.no_route:SUCCESS	297914392157700
1040	268493744	READY	true	false	48712	55466	-3464	COMPLETED	true	false	ecology_fenced:ecology.persistence_or_runtime_failure:SUCCESS	297914393073000
1041	268493752	DEAD	true	false	-125531	37944	1176	COMPLETED	true	false	ecology_fenced:ecology.commit_pending:SUCCESS	297914394028400
1042	268493762	READY	false	false	-49106	-115854	-160	COMPLETED	true	false	schedule_not_active:transaction.backend_failure:SUCCESS	297914395364200
1043	268493770	DEAD	false	false	24496	9206	-3584	COMPLETED	true	false	schedule_not_active:ecology.commit_pending:SUCCESS	297914396769400
1044	268493778	READY	true	false	24496	9206	-3584	COMPLETED	true	false	ecology_fenced:transaction.backend_failure:SUCCESS	297914397891200
1045	268493787	READY	true	false	-90072	248328	-3568	COMPLETED	false	false	ecology_fenced:catchup.travel.no_route:SUCCESS	297914398845500
1046	268493794	DEAD	false	false	-125517	38267	1176	COMPLETED	true	false	schedule_not_active:ecology.commit_pending:SUCCESS	297914399746100
1047	268493802	READY	false	false	-86401	253927	-3736	UNKNOWN	false	false	schedule_not_active:transaction.item_conflict_canonical:NATIVE_CONTEXT_REQUIRED	297914400880900
1048	268493810	READY	true	false	-50077	-115763	-160	COMPLETED	true	false	ecology_fenced:ecology.persistence_or_runtime_failure:SUCCESS	297914401749400
1049	268493820	READY	true	false	24496	9206	-3584	COMPLETED	true	false	ecology_fenced:transaction.backend_failure:SUCCESS	297914402679000
1050	268493827	DEAD	false	false	-50077	-115763	-160	COMPLETED	true	false	schedule_not_active:ecology.commit_pending:SUCCESS	297914403467500
1051	268493834	READY	false	false	-50077	-115763	-160	COMPLETED	true	false	schedule_not_active:ecology.persistence_or_runtime_failure:SUCCESS	297914404312800
1052	268493845	DEAD	true	false	24496	9206	-3584	COMPLETED	true	false	ecology_fenced:ecology.commit_pending:SUCCESS	297914405387600
1053	268493853	READY	true	false	48712	55466	-3464	COMPLETED	true	false	ecology_fenced:ecology.persistence_or_runtime_failure:SUCCESS	297914406916100
1054	268493862	READY	true	false	115569	-177722	-896	COMPLETED	false	false	ecology_fenced:catchup.travel.no_route:SUCCESS	297914407935700
1055	268493870	READY	false	false	24496	9206	-3584	COMPLETED	true	false	schedule_not_active:transaction.backend_failure:SUCCESS	297914408741300
1056	268493877	DEAD	false	false	-125517	38267	1176	COMPLETED	true	false	schedule_not_active:ecology.commit_pending:SUCCESS	297914409511900
1057	268493885	READY	true	false	-86401	253927	-3736	UNKNOWN	false	false	ecology_fenced:transaction.item_conflict_canonical:NATIVE_CONTEXT_REQUIRED	297914410362700
1058	268493895	DEAD	true	false	-125531	37944	1176	COMPLETED	true	false	ecology_fenced:ecology.commit_pending:SUCCESS	297914411237600
1059	268493906	DEAD	false	false	48712	55466	-3464	COMPLETED	true	false	schedule_not_active:transaction.native_context_required:SUCCESS	297914412484600
1060	268493914	DEAD	false	false	-86401	253927	-3736	COMPLETED	true	false	schedule_not_active:ecology.commit_pending:SUCCESS	297914413661400
1061	268493922	READY	true	false	-49106	-115854	-160	COMPLETED	true	false	ecology_fenced:transaction.backend_failure:SUCCESS	297914414622700
1062	268493935	READY	true	false	115758	-182753	-1448	COMPLETED	false	false	ecology_fenced:catchup.travel.no_route:SUCCESS	297914415419500
1063	268493944	DEAD	false	false	24496	9206	-3584	COMPLETED	true	false	schedule_not_active:ecology.commit_pending:SUCCESS	297914416297200
1064	268493952	DEAD	false	false	-125615	37771	1176	COMPLETED	true	false	schedule_not_active:ecology.commit_pending:SUCCESS	297914417221800
1065	268493960	READY	true	false	-50077	-115763	-160	COMPLETED	true	false	ecology_fenced:transaction.backend_failure:SUCCESS	297914418223400
1066	268493970	INCONSISTENT	true	false	-90072	248328	-3568	UNKNOWN	false	false	ecology_fenced:catchup.renewal.background_state_invalid:INCONSISTENT	297914418693300
1067	268493977	READY	true	false	24496	9206	-3584	COMPLETED	true	false	ecology_fenced:transaction.backend_failure:SUCCESS	297914419526500
1068	268493985	DEAD	false	false	-86401	253927	-3736	COMPLETED	true	false	schedule_not_active:ecology.commit_pending:SUCCESS	297914420354700
1069	268493995	DEAD	false	false	-86401	253927	-3736	COMPLETED	true	false	schedule_not_active:ecology.commit_pending:SUCCESS	297914421188000
1070	268494003	READY	true	false	48712	55466	-3464	UNKNOWN	false	false	ecology_fenced:transaction.item_conflict_canonical:NATIVE_CONTEXT_REQUIRED	297914422208100
1071	268494012	READY	true	false	-90072	248328	-3568	COMPLETED	false	false	ecology_fenced:catchup.travel.no_route:SUCCESS	297914424510600
1072	268494022	DEAD	false	false	-125607	38452	1176	COMPLETED	true	false	schedule_not_active:ecology.commit_pending:SUCCESS	297914426143900
1073	268494030	READY	false	false	24496	9206	-3584	COMPLETED	true	false	schedule_not_active:transaction.backend_failure:SUCCESS	297914428265600
1074	268494038	READY	true	false	52710	55450	-3320	UNKNOWN	false	false	ecology_fenced:transaction.item_conflict_canonical:NATIVE_CONTEXT_REQUIRED	297914430084700
1075	268494048	READY	true	false	52710	55450	-3320	UNKNOWN	false	false	ecology_fenced:transaction.item_conflict_canonical:NATIVE_CONTEXT_REQUIRED	297914442596200
1076	268494055	DEAD	false	false	-86401	253927	-3736	COMPLETED	true	false	schedule_not_active:ecology.commit_pending:SUCCESS	297914445059900
1077	268494062	READY	false	false	119877	-202135	-3456	UNKNOWN	false	false	schedule_not_active:transaction.item_conflict_canonical:NATIVE_CONTEXT_REQUIRED	297914446640900
1078	268494072	DEAD	false	false	52710	55450	-3320	COMPLETED	true	false	schedule_not_active:ecology.commit_pending:SUCCESS	297914447880100
1079	268494080	READY	true	false	51500	59679	-3368	UNKNOWN	false	false	ecology_fenced:transaction.item_conflict_canonical:NATIVE_CONTEXT_REQUIRED	297914449740400
1080	268494088	READY	true	false	-50077	-115763	-160	COMPLETED	true	false	ecology_fenced:ecology.persistence_or_runtime_failure:SUCCESS	297914450968500
1081	268494099	DEAD	false	false	24496	9206	-3584	COMPLETED	true	false	schedule_not_active:ecology.commit_pending:SUCCESS	297914451877200
1082	268494108	DEAD	false	false	51500	59679	-3368	COMPLETED	true	false	schedule_not_active:transaction.native_context_required:SUCCESS	297914452898500
1083	268494118	READY	true	false	-90072	248328	-3568	COMPLETED	false	false	ecology_fenced:catchup.travel.no_route:SUCCESS	297914454091400
1084	268494127	READY	true	false	-50077	-115763	-160	COMPLETED	true	false	ecology_fenced:transaction.backend_failure:SUCCESS	297914455115800
1085	268494134	READY	false	false	119336	-180368	-2368	UNKNOWN	false	false	schedule_not_active:transaction.item_conflict_canonical:NATIVE_CONTEXT_REQUIRED	297914455993100
1086	268494144	DEAD	false	false	51500	59679	-3368	COMPLETED	true	false	schedule_not_active:transaction.native_context_required:SUCCESS	297914457410400
1087	268494156	READY	true	false	-84312	252645	-3664	UNKNOWN	false	false	ecology_fenced:transaction.item_conflict_canonical:NATIVE_CONTEXT_REQUIRED	297914458482900
1088	268494167	READY	true	false	-90072	248328	-3568	COMPLETED	false	false	ecology_fenced:catchup.travel.no_route:SUCCESS	297914459657400
1089	268494174	DEAD	false	false	24496	9206	-3584	COMPLETED	true	false	schedule_not_active:ecology.commit_pending:SUCCESS	297914460946900
1090	268494182	READY	false	false	24496	9206	-3584	COMPLETED	true	false	schedule_not_active:transaction.backend_failure:SUCCESS	297914462851700
1091	268494191	DEAD	false	false	51500	59679	-3368	COMPLETED	true	false	schedule_not_active:ecology.commit_pending:SUCCESS	297914463969600
1092	268494199	DEAD	true	false	-50077	-115763	-160	COMPLETED	true	false	ecology_fenced:ecology.commit_pending:SUCCESS	297914464929000
1093	268494206	READY	true	false	115758	-182753	-1448	COMPLETED	false	false	ecology_fenced:catchup.travel.no_route:SUCCESS	297914465941200
1094	268494214	READY	false	false	48712	55466	-3464	COMPLETED	true	false	schedule_not_active:ecology.persistence_or_runtime_failure:SUCCESS	297914466737100
1095	268494223	READY	false	false	-50077	-115763	-160	COMPLETED	true	false	schedule_not_active:ecology.persistence_or_runtime_failure:SUCCESS	297914467700300
1096	268494233	READY	true	false	-90072	248328	-3568	COMPLETED	false	false	ecology_fenced:catchup.travel.no_route:SUCCESS	297914468876400
1097	268494241	DEAD	true	false	-125615	37771	1176	COMPLETED	true	false	ecology_fenced:ecology.commit_pending:SUCCESS	297914469769800
1098	268494249	READY	false	false	-86401	253927	-3736	UNKNOWN	false	false	schedule_not_active:transaction.item_conflict_canonical:NATIVE_CONTEXT_REQUIRED	297914470562900
1099	268494258	DEAD	false	false	-86401	253927	-3736	COMPLETED	true	false	schedule_not_active:ecology.commit_pending:SUCCESS	297914471413300
1100	268494265	READY	true	false	119877	-202135	-3456	UNKNOWN	false	false	ecology_fenced:transaction.item_conflict_canonical:NATIVE_CONTEXT_REQUIRED	297914472407300
1101	268494274	INCONSISTENT	true	false	-90072	248328	-3568	UNKNOWN	false	false	ecology_fenced:catchup.renewal.background_state_invalid:INCONSISTENT	297914473382000
1102	268494281	DEAD	false	false	-125517	38267	1176	COMPLETED	true	false	schedule_not_active:ecology.cursor_pending:SUCCESS	297914475122100
1103	268494290	READY	false	false	25308	13254	-3648	COMPLETED	true	false	schedule_not_active:transaction.backend_failure:SUCCESS	297914476273300
1104	268494299	READY	false	false	48712	55466	-3464	COMPLETED	true	false	schedule_not_active:ecology.persistence_or_runtime_failure:SUCCESS	297914478428300
1105	268494308	READY	true	false	-90072	248328	-3568	COMPLETED	false	false	ecology_fenced:catchup.travel.no_route:SUCCESS	297914479934000
1106	268494317	READY	true	false	46045	41251	-3504	COMPLETED	false	false	ecology_fenced:ecology.preparation_capacity:SUCCESS	297914481085000
1107	268494324	READY	false	false	48712	55466	-3464	COMPLETED	true	false	schedule_not_active:ecology.persistence_or_runtime_failure:SUCCESS	297914482130100
1108	268494332	READY	false	false	119336	-180368	-2368	UNKNOWN	false	false	schedule_not_active:transaction.item_conflict_canonical:NATIVE_CONTEXT_REQUIRED	297914483383200
1109	268494341	READY	true	false	-90072	248328	-3568	COMPLETED	false	false	ecology_fenced:catchup.travel.no_route:SUCCESS	297914484294400
1110	268494349	READY	true	false	-90072	248328	-3568	COMPLETED	false	false	ecology_fenced:catchup.travel.no_route:SUCCESS	297914485229200
1111	268494356	DEAD	false	false	-125517	38267	1176	COMPLETED	true	false	schedule_not_active:ecology.commit_pending:SUCCESS	297914486031800
1112	268494366	READY	false	false	-49106	-115854	-160	COMPLETED	true	false	schedule_not_active:ecology.persistence_or_runtime_failure:SUCCESS	297914486916900
1113	268494374	READY	true	false	-86401	253927	-3736	UNKNOWN	false	false	ecology_fenced:transaction.item_conflict_canonical:NATIVE_CONTEXT_REQUIRED	297914487721000
1114	268494398	READY	true	false	24496	9206	-3584	COMPLETED	true	false	ecology_fenced:transaction.backend_failure:SUCCESS	297914488704000
1115	268494407	READY	false	false	-86401	253927	-3736	UNKNOWN	false	false	schedule_not_active:transaction.item_conflict_canonical:NATIVE_CONTEXT_REQUIRED	297914489757400
1116	268494417	READY	false	false	119877	-202135	-3456	UNKNOWN	false	false	schedule_not_active:transaction.item_conflict_canonical:NATIVE_CONTEXT_REQUIRED	297914490854700
1117	268494425	DEAD	false	false	24496	9206	-3584	COMPLETED	true	false	schedule_not_active:ecology.commit_pending:SUCCESS	297914491897000
1118	268494432	READY	true	false	-84312	252645	-3664	UNKNOWN	false	false	ecology_fenced:transaction.item_conflict_canonical:NATIVE_CONTEXT_REQUIRED	297914493107300
1119	268494441	READY	true	false	24496	9206	-3584	COMPLETED	true	false	ecology_fenced:transaction.backend_failure:SUCCESS	297914494827200
1120	268494448	DEAD	false	false	-125607	38452	1176	COMPLETED	true	false	schedule_not_active:ecology.commit_pending:SUCCESS	297914496463400
1121	268494458	READY	false	false	24496	9206	-3584	COMPLETED	true	false	schedule_not_active:transaction.backend_failure:SUCCESS	297914497452100
1122	268494465	READY	true	false	24496	9206	-3584	COMPLETED	true	false	ecology_fenced:transaction.backend_failure:SUCCESS	297914498784900
1123	268494474	DEAD	true	false	-125607	38452	1176	COMPLETED	true	false	ecology_fenced:ecology.commit_pending:SUCCESS	297914499810800
1124	268494483	READY	false	false	-86401	253927	-3736	UNKNOWN	false	false	schedule_not_active:transaction.item_conflict_canonical:NATIVE_CONTEXT_REQUIRED	297914500803900
1125	268494491	READY	false	false	24496	9206	-3584	COMPLETED	true	false	schedule_not_active:transaction.backend_failure:SUCCESS	297914501806600
1126	268494498	READY	true	false	-50077	-115763	-160	COMPLETED	true	false	ecology_fenced:transaction.backend_failure:SUCCESS	297914502763500
1127	268494506	READY	true	false	24496	9206	-3584	COMPLETED	true	false	ecology_fenced:transaction.backend_failure:SUCCESS	297914503699400
1128	268494516	DEAD	true	false	-125517	38267	1176	COMPLETED	true	false	ecology_fenced:ecology.commit_pending:SUCCESS	297914504581800
1129	268494525	DEAD	false	false	-86401	253927	-3736	COMPLETED	true	false	schedule_not_active:ecology.commit_pending:SUCCESS	297914505626000
1130	268494532	DEAD	false	false	-125607	38452	1176	COMPLETED	true	false	schedule_not_active:ecology.commit_pending:SUCCESS	297914506821900
1131	268494543	READY	true	false	119877	-202135	-3456	UNKNOWN	false	false	ecology_fenced:transaction.item_conflict_canonical:NATIVE_CONTEXT_REQUIRED	297914507748200
1132	268494552	DEAD	true	false	-125607	38452	1176	COMPLETED	true	false	ecology_fenced:ecology.commit_pending:SUCCESS	297914508820300
1133	268494566	READY	false	false	51500	59679	-3368	UNKNOWN	false	false	schedule_not_active:transaction.item_conflict_canonical:NATIVE_CONTEXT_REQUIRED	297914509827200
1134	268494574	DEAD	false	false	-86401	253927	-3736	COMPLETED	true	false	schedule_not_active:ecology.commit_pending:SUCCESS	297914511089100
1135	268494581	READY	true	false	24496	9206	-3584	COMPLETED	true	false	ecology_fenced:transaction.backend_failure:SUCCESS	297914512500100
1136	268494589	READY	true	false	24496	9206	-3584	COMPLETED	true	false	ecology_fenced:transaction.backend_failure:SUCCESS	297914513380600
1137	268494598	DEAD	false	false	24496	9206	-3584	COMPLETED	true	false	schedule_not_active:ecology.commit_pending:SUCCESS	297914514108800
1138	268494606	DEAD	false	false	-125615	37771	1176	COMPLETED	true	false	schedule_not_active:ecology.commit_pending:SUCCESS	297914515127500
1139	268494614	READY	true	false	117010	-180666	-1256	COMPLETED	false	false	ecology_fenced:catchup.travel.no_route:SUCCESS	297914515994700
1140	268494622	READY	true	false	24496	9206	-3584	COMPLETED	true	false	ecology_fenced:transaction.backend_failure:SUCCESS	297914516965500
1141	268494630	READY	true	false	-90072	248328	-3568	COMPLETED	false	false	ecology_fenced:catchup.travel.no_route:SUCCESS	297914517700200
1142	268494637	DEAD	false	false	-86401	253927	-3736	COMPLETED	true	false	schedule_not_active:ecology.commit_pending:SUCCESS	297914518339700
1143	268494647	DEAD	false	false	48712	55466	-3464	COMPLETED	true	false	schedule_not_active:ecology.commit_pending:SUCCESS	297914518951800
1144	268494654	READY	true	false	24496	9206	-3584	COMPLETED	true	false	ecology_fenced:transaction.backend_failure:SUCCESS	297914519675000
1145	268494662	READY	true	false	-90072	248328	-3568	COMPLETED	false	false	ecology_fenced:catchup.travel.no_route:SUCCESS	297914520526700
1146	268494670	DEAD	false	false	-50077	-115763	-160	COMPLETED	true	false	schedule_not_active:ecology.commit_pending:SUCCESS	297914521362900
1147	268494677	DEAD	false	false	-125615	37771	1176	COMPLETED	true	false	schedule_not_active:ecology.commit_pending:SUCCESS	297914522376600
1148	268494686	READY	true	false	-50077	-115763	-160	COMPLETED	true	false	ecology_fenced:ecology.persistence_or_runtime_failure:SUCCESS	297914523664000
1149	268494694	READY	true	false	24496	9206	-3584	COMPLETED	true	false	ecology_fenced:transaction.backend_failure:SUCCESS	297914524773500
1150	268494702	DEAD	false	false	-50077	-115763	-160	COMPLETED	true	false	schedule_not_active:ecology.commit_pending:SUCCESS	297914525658400
1151	268494710	READY	false	false	-50077	-115763	-160	COMPLETED	true	false	schedule_not_active:transaction.backend_failure:SUCCESS	297914526757700
1152	268494718	READY	true	false	24496	9206	-3584	COMPLETED	true	false	ecology_fenced:transaction.backend_failure:SUCCESS	297914528129600
1153	268494726	READY	true	false	-50077	-115763	-160	COMPLETED	true	false	ecology_fenced:transaction.backend_failure:SUCCESS	297914529696500
1154	268494733	READY	true	false	130094	-209377	-3552	UNKNOWN	false	false	ecology_fenced:transaction.item_conflict_canonical:NATIVE_CONTEXT_REQUIRED	297914530578100
1155	268494741	READY	false	false	-86401	253927	-3736	UNKNOWN	false	false	schedule_not_active:transaction.item_conflict_canonical:NATIVE_CONTEXT_REQUIRED	297914531484300
1156	268494750	INCONSISTENT	false	false	44126	42751	-3488	UNKNOWN	false	false	schedule_not_active:catchup.renewal.background_state_invalid:INCONSISTENT	297914532358100
1157	268494758	READY	true	false	-50845	-113715	-168	COMPLETED	false	false	ecology_fenced:catchup.travel.no_route:SUCCESS	297914533456400
1158	268494765	READY	true	false	46045	41251	-3504	COMPLETED	false	false	ecology_fenced:ecology.preparation_capacity:SUCCESS	297914534384700
1159	268494774	DEAD	false	false	51500	59679	-3368	COMPLETED	true	false	schedule_not_active:transaction.native_context_required:SUCCESS	297914535224200
1160	268494783	READY	false	false	24496	9206	-3584	COMPLETED	true	false	schedule_not_active:transaction.backend_failure:SUCCESS	297914536176800
1161	268494792	DEAD	true	false	-125517	38267	1176	COMPLETED	true	false	ecology_fenced:ecology.commit_pending:SUCCESS	297914537222800
1162	268494801	READY	true	false	115488	-179664	-888	COMPLETED	false	false	ecology_fenced:catchup.travel.no_route:SUCCESS	297914538018500
1163	268494810	READY	false	false	-50077	-115763	-160	COMPLETED	true	false	schedule_not_active:ecology.persistence_or_runtime_failure:SUCCESS	297914539379900
1164	268494819	READY	false	false	24496	9206	-3584	COMPLETED	true	false	schedule_not_active:transaction.backend_failure:SUCCESS	297914540864800
1165	268494828	READY	true	false	-90072	248328	-3568	COMPLETED	false	false	ecology_fenced:catchup.travel.no_route:SUCCESS	297914541986200
1166	268494835	READY	true	false	46045	41251	-3504	COMPLETED	false	false	ecology_fenced:catchup.travel.no_route:SUCCESS	297914543210000
1167	268494842	READY	true	false	24496	9206	-3584	COMPLETED	true	false	ecology_fenced:transaction.backend_failure:SUCCESS	297914545101100
1168	268494852	DEAD	false	false	-86401	253927	-3736	COMPLETED	true	false	schedule_not_active:ecology.commit_pending:SUCCESS	297914546781800
1169	268494859	READY	false	false	-50077	-115763	-160	COMPLETED	true	false	schedule_not_active:transaction.backend_failure:SUCCESS	297914547864300
1170	268494866	READY	true	false	-86401	253927	-3736	COMPLETED	true	false	ecology_fenced:ecology.persistence_or_runtime_failure:SUCCESS	297914549335500
1171	268494873	READY	true	false	51500	59679	-3368	UNKNOWN	false	false	ecology_fenced:transaction.item_conflict_canonical:NATIVE_CONTEXT_REQUIRED	297914550133100
1172	268494880	DEAD	false	false	24496	9206	-3584	COMPLETED	true	false	schedule_not_active:ecology.commit_pending:SUCCESS	297914550984300
1173	268494888	READY	false	false	24496	9206	-3584	COMPLETED	true	false	schedule_not_active:transaction.backend_failure:SUCCESS	297914551804000
1174	268494895	READY	true	false	-90072	248328	-3568	COMPLETED	false	false	ecology_fenced:catchup.travel.no_route:SUCCESS	297914552568800
1175	268494904	READY	true	false	24496	9206	-3584	COMPLETED	true	false	ecology_fenced:transaction.backend_failure:SUCCESS	297914553385900
1176	268494911	DEAD	false	false	51500	59679	-3368	COMPLETED	true	false	schedule_not_active:transaction.native_context_required:SUCCESS	297914554164500
1177	268494919	DEAD	false	false	119877	-202135	-3456	COMPLETED	true	false	schedule_not_active:ecology.commit_pending:SUCCESS	297914554977100
1178	268494928	READY	false	false	51500	59679	-3368	UNKNOWN	false	false	schedule_not_active:transaction.item_conflict_canonical:NATIVE_CONTEXT_REQUIRED	297914555908700
1179	268494936	READY	true	false	46045	41251	-3504	COMPLETED	false	false	ecology_fenced:ecology.preparation_capacity:SUCCESS	297914556987100
1180	268494945	READY	true	false	-90072	248328	-3568	COMPLETED	false	false	ecology_fenced:catchup.travel.no_route:SUCCESS	297914557848600
1181	268494953	DEAD	false	false	-86401	253927	-3736	COMPLETED	true	false	schedule_not_active:ecology.commit_pending:SUCCESS	297914558820000
1182	268494961	DEAD	false	false	-86401	253927	-3736	COMPLETED	true	false	schedule_not_active:ecology.commit_pending:SUCCESS	297914559827200
1183	268494969	READY	true	false	-90072	248328	-3568	COMPLETED	false	false	ecology_fenced:catchup.travel.no_route:SUCCESS	297914561329200
1184	268494977	READY	true	false	-90072	248328	-3568	COMPLETED	false	false	ecology_fenced:catchup.travel.no_route:SUCCESS	297914562735300
1185	268494985	READY	false	false	119336	-180368	-2368	UNKNOWN	false	false	schedule_not_active:transaction.item_conflict_canonical:NATIVE_CONTEXT_REQUIRED	297914563685100
1186	268494994	DEAD	false	false	-125464	37776	1176	COMPLETED	true	false	schedule_not_active:ecology.commit_pending:SUCCESS	297914564526500
1187	268495003	READY	true	false	24496	9206	-3584	COMPLETED	true	false	ecology_fenced:transaction.backend_failure:SUCCESS	297914565822700
1188	268495010	READY	true	false	48712	55466	-3464	UNKNOWN	false	false	ecology_fenced:transaction.item_conflict_canonical:NATIVE_CONTEXT_REQUIRED	297914566666100
1189	268495017	DEAD	false	false	53412	63300	-3480	COMPLETED	true	false	schedule_not_active:ecology.commit_pending:SUCCESS	297914567440300
1190	268495024	READY	false	false	48712	55466	-3464	COMPLETED	true	false	schedule_not_active:ecology.persistence_or_runtime_failure:SUCCESS	297914568159500
1191	268495032	READY	false	false	-50077	-115763	-160	COMPLETED	true	false	schedule_not_active:transaction.backend_failure:SUCCESS	297914568977300
1192	268495039	DEAD	true	false	-125615	37771	1176	COMPLETED	true	false	ecology_fenced:ecology.commit_pending:SUCCESS	297914569679500
1193	268495047	READY	true	false	119877	-202135	-3456	UNKNOWN	false	false	ecology_fenced:transaction.item_conflict_canonical:NATIVE_CONTEXT_REQUIRED	297914570464100
1194	268495057	READY	false	false	48712	55466	-3464	UNKNOWN	false	false	schedule_not_active:transaction.item_conflict_canonical:NATIVE_CONTEXT_REQUIRED	297914571219600
1195	268495066	READY	false	false	-50077	-115763	-160	COMPLETED	true	false	schedule_not_active:transaction.backend_failure:SUCCESS	297914572317000
1196	268495073	READY	true	false	-86401	253927	-3736	COMPLETED	true	false	ecology_fenced:ecology.persistence_or_runtime_failure:SUCCESS	297914573224000
1197	268495080	READY	true	false	52710	55450	-3320	UNKNOWN	false	false	ecology_fenced:transaction.item_conflict_canonical:NATIVE_CONTEXT_REQUIRED	297914574205100
1198	268495088	DEAD	false	false	54684	51497	-3600	COMPLETED	true	false	schedule_not_active:ecology.commit_pending:SUCCESS	297914575027300
1199	268495096	DEAD	false	false	-50077	-115763	-160	COMPLETED	true	false	schedule_not_active:ecology.commit_pending:SUCCESS	297914575929000
1200	268495104	READY	true	false	119877	-202135	-3456	UNKNOWN	false	false	ecology_fenced:transaction.item_conflict_canonical:NATIVE_CONTEXT_REQUIRED	297914576978900
1201	268495114	READY	true	false	-49106	-115854	-160	COMPLETED	true	false	ecology_fenced:ecology.persistence_or_runtime_failure:SUCCESS	297914578304500
1202	268495128	DEAD	false	false	24496	9206	-3584	COMPLETED	true	false	schedule_not_active:ecology.commit_pending:SUCCESS	297914579588100
1203	268495136	READY	false	false	-86401	253927	-3736	UNKNOWN	false	false	schedule_not_active:transaction.item_conflict_canonical:NATIVE_CONTEXT_REQUIRED	297914580583900
1204	268495144	DEAD	false	false	-86401	253927	-3736	COMPLETED	true	false	schedule_not_active:ecology.commit_pending:SUCCESS	297914581591500
1205	268495152	READY	true	false	-90072	248328	-3568	COMPLETED	false	false	ecology_fenced:catchup.travel.no_route:SUCCESS	297914582806800
1206	268495160	READY	true	false	-90072	248328	-3568	COMPLETED	false	false	ecology_fenced:catchup.travel.no_route:SUCCESS	297914583718800
1207	268495168	READY	false	false	-86401	253927	-3736	UNKNOWN	false	false	schedule_not_active:transaction.item_conflict_canonical:NATIVE_CONTEXT_REQUIRED	297914584462700
1208	268495177	DEAD	false	false	119877	-202135	-3456	COMPLETED	true	false	schedule_not_active:ecology.commit_pending:SUCCESS	297914585180100
1209	268495186	READY	true	false	24496	9206	-3584	COMPLETED	true	false	ecology_fenced:transaction.backend_failure:SUCCESS	297914586085700
1210	268495194	READY	true	false	25308	13254	-3648	COMPLETED	true	false	ecology_fenced:transaction.backend_failure:SUCCESS	297914587068900
1211	268495202	DEAD	false	false	-50077	-115763	-160	COMPLETED	true	false	schedule_not_active:ecology.commit_pending:SUCCESS	297914587849500
1212	268495210	READY	false	false	24496	9206	-3584	COMPLETED	true	false	schedule_not_active:transaction.backend_failure:SUCCESS	297914588932400
1213	268495219	READY	true	false	24496	9206	-3584	COMPLETED	true	false	ecology_fenced:transaction.backend_failure:SUCCESS	297914590031000
1214	268495220	READY	true	false	-90072	248328	-3568	COMPLETED	false	false	ecology_fenced:catchup.travel.no_route:SUCCESS	297914591022900
1215	268495235	DEAD	false	false	-50077	-115763	-160	COMPLETED	true	false	schedule_not_active:ecology.commit_pending:SUCCESS	297914591840200
1216	268495237	READY	false	false	119877	-202135	-3456	UNKNOWN	false	false	schedule_not_active:transaction.item_conflict_canonical:NATIVE_CONTEXT_REQUIRED	297914592751300
1217	268495252	DEAD	false	false	-50077	-115763	-160	COMPLETED	true	false	schedule_not_active:ecology.cursor_pending:SUCCESS	297914593768400
1218	268495254	READY	true	false	24496	9206	-3584	COMPLETED	true	false	ecology_fenced:transaction.backend_failure:SUCCESS	297914595113300
1219	268495268	DEAD	true	false	-125517	38267	1176	COMPLETED	true	false	ecology_fenced:ecology.commit_pending:SUCCESS	297914596290400
1220	268495269	DEAD	false	false	-50077	-115763	-160	COMPLETED	true	false	schedule_not_active:ecology.commit_pending:SUCCESS	297914597340300
1221	268495284	DEAD	false	false	-86401	253927	-3736	COMPLETED	true	false	schedule_not_active:ecology.commit_pending:SUCCESS	297914598180400
1222	268495285	INCONSISTENT	true	false	-90890	248027	-3568	UNKNOWN	false	false	ecology_fenced:catchup.renewal.background_state_invalid:INCONSISTENT	297914598657900
1223	268495300	DEAD	true	false	-50077	-115763	-160	COMPLETED	true	false	ecology_fenced:ecology.commit_pending:SUCCESS	297914599859900
1224	268495301	READY	false	false	52710	55450	-3320	UNKNOWN	false	false	schedule_not_active:transaction.item_conflict_canonical:NATIVE_CONTEXT_REQUIRED	297914600724000
1225	268495316	DEAD	false	false	-86401	253927	-3736	COMPLETED	true	false	schedule_not_active:ecology.commit_pending:SUCCESS	297914601524700
1226	268495318	READY	true	false	-84312	252645	-3664	UNKNOWN	false	false	ecology_fenced:transaction.item_conflict_canonical:NATIVE_CONTEXT_REQUIRED	297914602299100
1227	268495333	READY	true	false	-90072	248328	-3568	COMPLETED	false	false	ecology_fenced:catchup.travel.no_route:SUCCESS	297914603075000
1228	268495334	READY	true	false	24496	9206	-3584	COMPLETED	true	false	ecology_fenced:transaction.backend_failure:SUCCESS	297914604066300
1229	268495350	READY	false	false	24496	9206	-3584	COMPLETED	true	false	schedule_not_active:transaction.backend_failure:SUCCESS	297914605155600
1230	268495351	DEAD	false	false	-49106	-115854	-160	COMPLETED	true	false	schedule_not_active:ecology.commit_pending:SUCCESS	297914606229600
1231	268495367	READY	true	false	119877	-202135	-3456	UNKNOWN	false	false	ecology_fenced:transaction.item_conflict_canonical:NATIVE_CONTEXT_REQUIRED	297914607168800
1232	268495368	READY	true	false	52710	55450	-3320	UNKNOWN	false	false	ecology_fenced:transaction.item_conflict_canonical:NATIVE_CONTEXT_REQUIRED	297914608178600
1233	268495385	DEAD	false	false	-125615	37771	1176	COMPLETED	true	false	schedule_not_active:ecology.commit_pending:SUCCESS	297914609179800
1234	268495386	INCONSISTENT	false	false	44126	42751	-3488	UNKNOWN	false	false	schedule_not_active:catchup.renewal.background_state_invalid:INCONSISTENT	297914609761000
1235	268495401	READY	true	false	51500	59679	-3368	UNKNOWN	false	false	ecology_fenced:transaction.item_conflict_canonical:NATIVE_CONTEXT_REQUIRED	297914610948800
1236	268495403	READY	true	false	24496	9206	-3584	COMPLETED	true	false	ecology_fenced:transaction.backend_failure:SUCCESS	297914612506400
1237	268495419	DEAD	false	false	-50077	-115763	-160	COMPLETED	true	false	schedule_not_active:ecology.commit_pending:SUCCESS	297914613623100
1238	268495421	DEAD	false	false	-125615	37771	1176	COMPLETED	true	false	schedule_not_active:ecology.commit_pending:SUCCESS	297914614574600
1239	268495436	READY	true	false	119877	-202135	-3456	UNKNOWN	false	false	ecology_fenced:transaction.item_conflict_canonical:NATIVE_CONTEXT_REQUIRED	297914615411900
1240	268495437	READY	true	false	24496	9206	-3584	COMPLETED	true	false	ecology_fenced:transaction.backend_failure:SUCCESS	297914616807800
1241	268495452	READY	true	false	46045	41251	-3504	COMPLETED	false	false	ecology_fenced:ecology.preparation_capacity:SUCCESS	297914617799500
1242	268495453	READY	false	false	-86401	253927	-3736	UNKNOWN	false	false	schedule_not_active:transaction.item_conflict_canonical:NATIVE_CONTEXT_REQUIRED	297914618752200
1243	268495467	DEAD	false	false	-86401	253927	-3736	COMPLETED	true	false	schedule_not_active:ecology.commit_pending:SUCCESS	297914619571900
1244	268495469	READY	true	false	24496	9206	-3584	COMPLETED	true	false	ecology_fenced:transaction.backend_failure:SUCCESS	297914620537600
1245	268495485	READY	true	false	24496	9206	-3584	COMPLETED	true	false	ecology_fenced:transaction.backend_failure:SUCCESS	297914621620900
1246	268495486	DEAD	false	false	-125607	38452	1176	COMPLETED	true	false	schedule_not_active:ecology.commit_pending:SUCCESS	297914622621300
1247	268495503	INCONSISTENT	false	false	46045	41251	-3504	UNKNOWN	false	false	schedule_not_active:catchup.renewal.background_state_invalid:INCONSISTENT	297914623125700
1248	268495504	READY	true	false	-50077	-115763	-160	COMPLETED	true	false	ecology_fenced:transaction.backend_failure:SUCCESS	297914624037000
1249	268495517	READY	true	false	-86401	253927	-3736	UNKNOWN	false	false	ecology_fenced:transaction.item_conflict_canonical:NATIVE_CONTEXT_REQUIRED	297914624863600
1250	268495518	DEAD	false	false	-86401	253927	-3736	COMPLETED	true	false	schedule_not_active:ecology.commit_pending:SUCCESS	297914625601100
1251	268495532	DEAD	false	false	-125607	38452	1176	COMPLETED	true	false	schedule_not_active:ecology.commit_pending:SUCCESS	297914626375100
1252	268495533	READY	true	false	24496	9206	-3584	COMPLETED	true	false	ecology_fenced:transaction.backend_failure:SUCCESS	297914627333100
1253	268495547	READY	true	false	48712	55466	-3464	COMPLETED	true	false	ecology_fenced:ecology.persistence_or_runtime_failure:SUCCESS	297914628811800
1254	268495548	DEAD	true	false	119877	-202135	-3456	COMPLETED	true	false	ecology_fenced:ecology.commit_pending:SUCCESS	297914630382400
1255	268495570	READY	false	false	-49106	-115854	-160	COMPLETED	true	false	schedule_not_active:transaction.backend_failure:SUCCESS	297914631458500
1256	268495571	READY	false	false	24496	9206	-3584	COMPLETED	true	false	schedule_not_active:transaction.backend_failure:SUCCESS	297914632506500
1257	268495585	DEAD	true	false	-125615	37771	1176	COMPLETED	true	false	ecology_fenced:ecology.commit_pending:SUCCESS	297914633655100
1258	268495586	READY	true	false	48712	55466	-3464	UNKNOWN	false	false	ecology_fenced:transaction.item_conflict_canonical:NATIVE_CONTEXT_REQUIRED	297914634417300
1259	268495600	READY	false	false	48712	55466	-3464	COMPLETED	true	false	schedule_not_active:ecology.persistence_or_runtime_failure:SUCCESS	297914635254400
1260	268495601	INCONSISTENT	false	false	44126	42751	-3488	UNKNOWN	false	false	schedule_not_active:catchup.renewal.background_state_invalid:INCONSISTENT	297914635761100
1261	268495617	READY	true	false	-90072	248328	-3568	COMPLETED	false	false	ecology_fenced:catchup.travel.no_route:SUCCESS	297914636600200
1262	268495618	READY	true	false	119877	-202135	-3456	UNKNOWN	false	false	ecology_fenced:transaction.item_conflict_canonical:NATIVE_CONTEXT_REQUIRED	297914637483800
1263	268495632	DEAD	false	false	-50077	-115763	-160	COMPLETED	true	false	schedule_not_active:ecology.commit_pending:SUCCESS	297914638386300
1264	268495633	READY	false	false	52710	55450	-3320	UNKNOWN	false	false	schedule_not_active:transaction.item_conflict_canonical:NATIVE_CONTEXT_REQUIRED	297914639384400
1265	268495650	READY	true	false	-90072	248328	-3568	COMPLETED	false	false	ecology_fenced:catchup.travel.no_route:SUCCESS	297914640356800
1266	268495651	READY	true	false	52710	55450	-3320	UNKNOWN	false	false	ecology_fenced:transaction.item_conflict_canonical:NATIVE_CONTEXT_REQUIRED	297914641373000
1267	268495666	READY	true	false	48712	55466	-3464	COMPLETED	true	false	ecology_fenced:ecology.persistence_or_runtime_failure:SUCCESS	297914642169800
1268	268495668	DEAD	false	false	-50077	-115763	-160	COMPLETED	true	false	schedule_not_active:ecology.commit_pending:SUCCESS	297914643297400
1269	268495682	DEAD	false	false	-86401	253927	-3736	COMPLETED	true	false	schedule_not_active:ecology.commit_pending:SUCCESS	297914644369000
1270	268495683	READY	true	false	53398	63278	-3480	UNKNOWN	false	false	ecology_fenced:transaction.item_conflict_canonical:NATIVE_CONTEXT_REQUIRED	297914645957100
1271	268495702	READY	true	false	-50077	-115763	-160	COMPLETED	true	false	ecology_fenced:ecology.persistence_or_runtime_failure:SUCCESS	297914647354600
1272	268495703	DEAD	false	false	51500	59679	-3368	COMPLETED	true	false	schedule_not_active:ecology.commit_pending:SUCCESS	297914648294000
1273	268495719	INCONSISTENT	false	false	44126	42751	-3488	UNKNOWN	false	false	schedule_not_active:catchup.renewal.background_state_invalid:INCONSISTENT	297914648761600
1274	268495720	DEAD	true	false	-125517	38267	1176	COMPLETED	true	false	ecology_fenced:ecology.commit_pending:SUCCESS	297914649885200
1275	268495735	READY	true	false	25308	13254	-3648	COMPLETED	true	false	ecology_fenced:transaction.backend_failure:SUCCESS	297914650802900
1276	268495736	DEAD	false	false	24496	9206	-3584	COMPLETED	true	false	schedule_not_active:ecology.commit_pending:SUCCESS	297914651613900
1277	268495751	READY	false	false	119877	-202135	-3456	UNKNOWN	false	false	schedule_not_active:transaction.item_conflict_canonical:NATIVE_CONTEXT_REQUIRED	297914652391200
1278	268495753	READY	false	false	24496	9206	-3584	COMPLETED	true	false	schedule_not_active:transaction.backend_failure:SUCCESS	297914653256400
1279	268495768	READY	true	false	-90072	248328	-3568	COMPLETED	false	false	ecology_fenced:catchup.travel.no_route:SUCCESS	297914654134700
1280	268495769	DEAD	true	false	-50077	-115763	-160	COMPLETED	true	false	ecology_fenced:ecology.commit_pending:SUCCESS	297914655207700
