profileId	objectId	state	calendarOnline	admitted	x	y	z	contextPhase	farmAllowed	readinessComplete	firstGuard	sampleNanos
1	268484216	DEAD	true	false	-125615	37771	1176	COMPLETED	true	false	ecology_fenced:ecology.commit_pending:SUCCESS	297911155976200
2	268484217	READY	false	false	-50077	-115763	-160	COMPLETED	true	false	schedule_not_active:transaction.backend_failure:SUCCESS	297911157277600
3	268484237	READY	false	false	-86401	253927	-3736	COMPLETED	true	false	schedule_not_active:ecology.persistence_or_runtime_failure:SUCCESS	297911158346900
4	268484238	READY	false	false	24496	9206	-3584	COMPLETED	true	false	schedule_not_active:transaction.backend_failure:SUCCESS	297911159350800
5	268484256	DEAD	true	false	-86401	253927	-3736	COMPLETED	true	false	ecology_fenced:ecology.cursor_pending:SUCCESS	297911160260800
6	268484257	READY	true	false	-86401	253927	-3736	UNKNOWN	false	false	ecology_fenced:transaction.item_conflict_canonical:NATIVE_CONTEXT_REQUIRED	297911161257500
7	268484274	READY	false	false	-86401	253927	-3736	UNKNOWN	false	false	schedule_not_active:transaction.item_conflict_canonical:NATIVE_CONTEXT_REQUIRED	297911162045000
8	268484275	READY	false	false	119877	-202135	-3456	UNKNOWN	false	false	schedule_not_active:transaction.item_conflict_canonical:NATIVE_CONTEXT_REQUIRED	297911163265000
9	268484290	READY	true	false	-50077	-115763	-160	COMPLETED	true	false	ecology_fenced:ecology.persistence_or_runtime_failure:SUCCESS	297911164606300
10	268484291	READY	true	false	24496	9206	-3584	COMPLETED	true	false	ecology_fenced:transaction.backend_failure:SUCCESS	297911165622300
11	268484308	READY	false	false	-50077	-115763	-160	COMPLETED	true	false	schedule_not_active:transaction.backend_failure:SUCCESS	297911166568700
12	268484309	READY	false	false	26607	63533	-3552	COMPLETED	true	false	schedule_not_active:ecology.persistence_or_runtime_failure:SUCCESS	297911167496900
13	268484332	READY	true	false	51500	59679	-3368	UNKNOWN	false	false	ecology_fenced:transaction.item_conflict_canonical:NATIVE_CONTEXT_REQUIRED	297911168467300
14	268484333	DEAD	true	false	-125464	37776	1176	COMPLETED	true	false	ecology_fenced:ecology.commit_pending:SUCCESS	297911169178100
15	268484350	DEAD	false	false	-125615	37771	1176	COMPLETED	true	false	schedule_not_active:ecology.commit_pending:SUCCESS	297911170014000
16	268484351	READY	false	false	119336	-180368	-2368	UNKNOWN	false	false	schedule_not_active:transaction.item_conflict_canonical:NATIVE_CONTEXT_REQUIRED	297911170929100
17	268484368	READY	false	false	-50077	-115763	-160	COMPLETED	true	false	schedule_not_active:ecology.persistence_or_runtime_failure:SUCCESS	297911171983900
18	268484369	READY	true	false	24496	9206	-3584	COMPLETED	true	false	ecology_fenced:transaction.backend_failure:SUCCESS	297911172979300
19	268484387	DEAD	true	false	-86401	253927	-3736	COMPLETED	true	false	ecology_fenced:ecology.cursor_pending:SUCCESS	297911173958100
20	268484388	DEAD	false	false	-86401	253927	-3736	COMPLETED	true	false	schedule_not_active:ecology.commit_pending:SUCCESS	297911174758400
21	268484405	DEAD	false	false	-86401	253927	-3736	COMPLETED	true	false	schedule_not_active:ecology.commit_pending:SUCCESS	297911175810500
22	268484406	DEAD	true	false	-125615	37771	1176	COMPLETED	true	false	ecology_fenced:ecology.commit_pending:SUCCESS	297911176649900
23	268484426	DEAD	true	false	-125607	38452	1176	COMPLETED	true	false	ecology_fenced:ecology.commit_pending:SUCCESS	297911177558500
24	268484427	READY	false	false	-49106	-115854	-160	COMPLETED	true	false	schedule_not_active:transaction.backend_failure:SUCCESS	297911178515300
25	268484444	DEAD	false	false	54714	51620	-3592	COMPLETED	true	false	schedule_not_active:ecology.commit_pending:SUCCESS	297911179823300
26	268484447	READY	true	false	24496	9206	-3584	COMPLETED	true	false	ecology_fenced:transaction.backend_failure:SUCCESS	297911181205400
27	268484461	DEAD	true	false	-86401	253927	-3736	COMPLETED	true	false	ecology_fenced:ecology.commit_pending:SUCCESS	297911182199300
28	268484462	DEAD	true	false	-86401	253927	-3736	COMPLETED	true	false	ecology_fenced:ecology.commit_pending:SUCCESS	297911183077400
29	268484480	READY	false	false	24496	9206	-3584	COMPLETED	true	false	schedule_not_active:transaction.backend_failure:SUCCESS	297911183988000
30	268484481	INCONSISTENT	false	false	46045	41251	-3504	UNKNOWN	false	false	schedule_not_active:catchup.renewal.background_state_invalid:INCONSISTENT	297911184446500
31	268484498	READY	true	false	119336	-180368	-2368	UNKNOWN	false	false	ecology_fenced:transaction.item_conflict_canonical:NATIVE_CONTEXT_REQUIRED	297911185605800
32	268484499	READY	true	false	-50077	-115763	-160	COMPLETED	true	false	ecology_fenced:ecology.persistence_or_runtime_failure:SUCCESS	297911186407200
33	268484515	READY	false	false	-86401	253927	-3736	COMPLETED	true	false	schedule_not_active:ecology.persistence_or_runtime_failure:SUCCESS	297911187266400
34	268484517	READY	false	false	-50077	-115763	-160	COMPLETED	true	false	schedule_not_active:transaction.backend_failure:SUCCESS	297911188031000
35	268484532	DEAD	true	false	53398	63278	-3480	COMPLETED	true	false	ecology_fenced:transaction.native_context_required:SUCCESS	297911189030700
36	268484533	READY	true	false	24496	9206	-3584	COMPLETED	true	false	ecology_fenced:transaction.backend_failure:SUCCESS	297911190067500
37	268484548	READY	false	false	-50077	-115763	-160	COMPLETED	true	false	schedule_not_active:ecology.persistence_or_runtime_failure:SUCCESS	297911191066000
38	268484549	READY	false	false	-86401	253927	-3736	COMPLETED	true	false	schedule_not_active:ecology.persistence_or_runtime_failure:SUCCESS	297911192022000
39	268484565	READY	true	false	119877	-202135	-3456	UNKNOWN	false	false	ecology_fenced:transaction.item_conflict_canonical:NATIVE_CONTEXT_REQUIRED	297911192989100
40	268484566	READY	true	false	-86401	253927	-3736	COMPLETED	true	false	ecology_fenced:ecology.persistence_or_runtime_failure:SUCCESS	297911193949200
41	268484580	READY	true	false	24496	9206	-3584	COMPLETED	true	false	ecology_fenced:transaction.backend_failure:SUCCESS	297911194871300
42	268484581	READY	false	false	-50077	-115763	-160	COMPLETED	true	false	schedule_not_active:transaction.backend_failure:SUCCESS	297911196320300
43	268484597	DEAD	false	false	-86401	253927	-3736	COMPLETED	true	false	schedule_not_active:ecology.commit_pending:SUCCESS	297911197429700
44	268484598	READY	true	false	54714	51620	-3592	UNKNOWN	false	false	ecology_fenced:transaction.item_conflict_canonical:NATIVE_CONTEXT_REQUIRED	297911198524600
45	268484616	READY	true	false	24496	9206	-3584	COMPLETED	true	false	ecology_fenced:transaction.backend_failure:SUCCESS	297911199483000
46	268484617	DEAD	false	false	-125472	38450	1176	COMPLETED	true	false	schedule_not_active:ecology.commit_pending:SUCCESS	297911200412200
47	268484635	READY	false	false	24496	9206	-3584	COMPLETED	true	false	schedule_not_active:transaction.backend_failure:SUCCESS	297911201568000
48	268484639	READY	true	false	-86401	253927	-3736	UNKNOWN	false	false	ecology_fenced:transaction.item_conflict_canonical:NATIVE_CONTEXT_REQUIRED	297911202535900
49	268484653	READY	true	false	24496	9206	-3584	COMPLETED	true	false	ecology_fenced:transaction.backend_failure:SUCCESS	297911203603000
50	268484654	DEAD	false	false	-86401	253927	-3736	COMPLETED	true	false	schedule_not_active:ecology.commit_pending:SUCCESS	297911204474900
51	268484671	READY	false	false	24496	9206	-3584	COMPLETED	true	false	schedule_not_active:transaction.backend_failure:SUCCESS	297911205574600
52	268484676	READY	true	false	24496	9206	-3584	COMPLETED	true	false	ecology_fenced:transaction.backend_failure:SUCCESS	297911206634900
53	268485295	READY	true	false	-50077	-115763	-160	COMPLETED	true	false	ecology_fenced:transaction.backend_failure:SUCCESS	297911207728400
54	268485302	READY	true	false	119877	-202135	-3456	UNKNOWN	false	false	ecology_fenced:transaction.item_conflict_canonical:NATIVE_CONTEXT_REQUIRED	297911208643500
55	268485303	DEAD	false	false	-125472	38450	1176	COMPLETED	true	false	schedule_not_active:ecology.commit_pending:SUCCESS	297911209505900
56	268485320	READY	false	false	24496	9206	-3584	COMPLETED	true	false	schedule_not_active:transaction.backend_failure:SUCCESS	297911210618000
57	268485321	DEAD	true	false	-86401	253927	-3736	COMPLETED	true	false	ecology_fenced:ecology.commit_pending:SUCCESS	297911211557000
58	268485337	READY	true	false	-50077	-115763	-160	COMPLETED	true	false	ecology_fenced:ecology.persistence_or_runtime_failure:SUCCESS	297911212889500
59	268485338	READY	false	false	48712	55466	-3464	COMPLETED	true	false	schedule_not_active:ecology.persistence_or_runtime_failure:SUCCESS	297911214021200
60	268485354	READY	false	false	24496	9206	-3584	COMPLETED	true	false	schedule_not_active:transaction.backend_failure:SUCCESS	297911215155800
61	268485355	DEAD	true	false	-125472	38450	1176	COMPLETED	true	false	ecology_fenced:ecology.commit_pending:SUCCESS	297911216072900
62	268485371	DEAD	true	false	119877	-202135	-3456	COMPLETED	true	false	ecology_fenced:ecology.commit_pending:SUCCESS	297911217059600
63	268485372	READY	false	false	26607	63533	-3552	UNKNOWN	false	false	schedule_not_active:transaction.item_conflict_canonical:NATIVE_CONTEXT_REQUIRED	297911218145300
64	268485388	READY	false	false	48712	55466	-3464	COMPLETED	true	false	schedule_not_active:ecology.persistence_or_runtime_failure:SUCCESS	297911219099500
65	268485389	READY	true	false	51500	59679	-3368	UNKNOWN	false	false	ecology_fenced:transaction.item_conflict_canonical:NATIVE_CONTEXT_REQUIRED	297911219984000
66	268485412	READY	true	false	-50077	-115763	-160	COMPLETED	true	false	ecology_fenced:ecology.persistence_or_runtime_failure:SUCCESS	297911221121400
67	268485413	READY	true	false	48712	55466	-3464	COMPLETED	true	false	ecology_fenced:ecology.persistence_or_runtime_failure:SUCCESS	297911222185800
68	268485428	DEAD	false	false	53398	63278	-3480	COMPLETED	true	false	schedule_not_active:ecology.commit_pending:SUCCESS	297911223178500
69	268485429	READY	false	false	-49106	-115854	-160	COMPLETED	true	false	schedule_not_active:transaction.backend_failure:SUCCESS	297911224312200
70	268485444	READY	true	false	-50077	-115763	-160	COMPLETED	true	false	ecology_fenced:transaction.backend_failure:SUCCESS	297911225368300
71	268485445	DEAD	true	false	-125607	38452	1176	COMPLETED	true	false	ecology_fenced:ecology.commit_pending:SUCCESS	297911226270100
72	268485460	DEAD	false	false	-125472	38450	1176	COMPLETED	true	false	schedule_not_active:ecology.commit_pending:SUCCESS	297911227205000
73	268485461	READY	false	false	48712	55466	-3464	COMPLETED	true	false	schedule_not_active:ecology.persistence_or_runtime_failure:SUCCESS	297911228138700
74	268485478	READY	true	false	48712	55466	-3464	COMPLETED	true	false	ecology_fenced:ecology.persistence_or_runtime_failure:SUCCESS	297911229466700
75	268485479	READY	true	false	25308	13254	-3648	COMPLETED	true	false	ecology_fenced:transaction.backend_failure:SUCCESS	297911230827400
76	268485496	READY	false	false	-86401	253927	-3736	UNKNOWN	false	false	schedule_not_active:transaction.item_conflict_canonical:NATIVE_CONTEXT_REQUIRED	297911232061600
77	268485497	READY	false	false	119877	-202135	-3456	UNKNOWN	false	false	schedule_not_active:transaction.item_conflict_canonical:NATIVE_CONTEXT_REQUIRED	297911232893100
78	268485512	READY	false	false	-50077	-115763	-160	COMPLETED	true	false	schedule_not_active:transaction.backend_failure:SUCCESS	297911233882400
79	268485514	DEAD	true	false	-125531	37944	1176	COMPLETED	true	false	ecology_fenced:ecology.commit_pending:SUCCESS	297911235063800
80	268485528	READY	true	false	24496	9206	-3584	COMPLETED	true	false	ecology_fenced:transaction.backend_failure:SUCCESS	297911236079800
81	268485529	READY	false	false	24496	9206	-3584	COMPLETED	true	false	schedule_not_active:transaction.backend_failure:SUCCESS	297911237117300
82	268485546	READY	false	false	25308	13254	-3648	COMPLETED	true	false	schedule_not_active:transaction.backend_failure:SUCCESS	297911238024500
83	268485547	READY	true	false	24496	9206	-3584	COMPLETED	true	false	ecology_fenced:transaction.backend_failure:SUCCESS	297911239206500
84	268485562	READY	true	false	53398	63278	-3480	UNKNOWN	false	false	ecology_fenced:transaction.item_conflict_canonical:NATIVE_CONTEXT_REQUIRED	297911240174300
85	268485563	READY	false	false	119336	-180368	-2368	UNKNOWN	false	false	schedule_not_active:transaction.item_conflict_canonical:NATIVE_CONTEXT_REQUIRED	297911241163600
86	268485579	READY	false	false	-50077	-115763	-160	COMPLETED	true	false	schedule_not_active:ecology.persistence_or_runtime_failure:SUCCESS	297911242095900
87	268485580	INCONSISTENT	true	false	46045	41251	-3504	UNKNOWN	false	false	ecology_fenced:catchup.renewal.background_state_invalid:INCONSISTENT	297911242613000
88	268485596	READY	true	false	24496	9206	-3584	COMPLETED	true	false	ecology_fenced:transaction.backend_failure:SUCCESS	297911243641900
89	268485597	READY	false	false	-86401	253927	-3736	UNKNOWN	false	false	schedule_not_active:transaction.item_conflict_canonical:NATIVE_CONTEXT_REQUIRED	297911244536400
90	268485613	READY	false	false	48712	55466	-3464	COMPLETED	true	false	schedule_not_active:ecology.persistence_or_runtime_failure:SUCCESS	297911245669400
91	268485614	READY	false	false	-49106	-115854	-160	COMPLETED	true	false	schedule_not_active:transaction.backend_failure:SUCCESS	297911246987700
92	268485629	DEAD	true	false	-50077	-115763	-160	COMPLETED	true	false	ecology_fenced:ecology.commit_pending:SUCCESS	297911248286000
93	268485630	READY	true	false	119877	-202135	-3456	UNKNOWN	false	false	ecology_fenced:transaction.item_conflict_canonical:NATIVE_CONTEXT_REQUIRED	297911249202700
94	268485644	DEAD	false	false	24496	9206	-3584	COMPLETED	true	false	schedule_not_active:ecology.commit_pending:SUCCESS	297911250209400
95	268485645	DEAD	false	false	-86401	253927	-3736	COMPLETED	true	false	schedule_not_active:ecology.commit_pending:SUCCESS	297911251210200
96	268485661	READY	true	false	-50077	-115763	-160	COMPLETED	true	false	ecology_fenced:transaction.backend_failure:SUCCESS	297911252450900
97	268485662	DEAD	true	false	-125615	37771	1176	COMPLETED	true	false	ecology_fenced:ecology.commit_pending:SUCCESS	297911253338100
98	268485679	READY	false	false	24496	9206	-3584	COMPLETED	true	false	schedule_not_active:transaction.backend_failure:SUCCESS	297911254414000
99	268485681	READY	false	false	-50077	-115763	-160	COMPLETED	true	false	schedule_not_active:transaction.backend_failure:SUCCESS	297911255498500
100	268485694	READY	true	false	119877	-202135	-3456	UNKNOWN	false	false	ecology_fenced:transaction.item_conflict_canonical:NATIVE_CONTEXT_REQUIRED	297911256651600
101	268485696	READY	true	false	51500	59679	-3368	UNKNOWN	false	false	ecology_fenced:transaction.item_conflict_canonical:NATIVE_CONTEXT_REQUIRED	297911257643300
102	268485710	READY	false	false	53398	63278	-3480	UNKNOWN	false	false	schedule_not_active:transaction.item_conflict_canonical:NATIVE_CONTEXT_REQUIRED	297911258569800
103	268485711	READY	false	false	-50077	-115763	-160	COMPLETED	true	false	schedule_not_active:ecology.persistence_or_runtime_failure:SUCCESS	297911259590300
104	268485727	DEAD	false	false	-125615	37771	1176	COMPLETED	true	false	schedule_not_active:ecology.commit_pending:SUCCESS	297911260542600
105	268485728	READY	true	false	24496	9206	-3584	COMPLETED	true	false	ecology_fenced:transaction.backend_failure:SUCCESS	297911261564100
106	268485746	DEAD	true	false	-86401	253927	-3736	COMPLETED	true	false	ecology_fenced:ecology.commit_pending:SUCCESS	297911262920800
107	268485747	DEAD	false	false	-86401	253927	-3736	COMPLETED	true	false	schedule_not_active:ecology.cursor_pending:SUCCESS	297911264079300
108	268485762	DEAD	false	false	119877	-202135	-3456	COMPLETED	true	false	schedule_not_active:ecology.commit_pending:SUCCESS	297911265211900
109	268485763	DEAD	true	false	-86401	253927	-3736	COMPLETED	true	false	ecology_fenced:ecology.commit_pending:SUCCESS	297911266172700
110	268485779	DEAD	true	false	48712	55466	-3464	COMPLETED	true	false	ecology_fenced:transaction.native_context_required:SUCCESS	297911267103700
111	268485780	READY	false	false	24496	9206	-3584	COMPLETED	true	false	schedule_not_active:transaction.backend_failure:SUCCESS	297911268280200
112	268485796	READY	false	false	24496	9206	-3584	COMPLETED	true	false	schedule_not_active:transaction.backend_failure:SUCCESS	297911269361700
113	268485797	DEAD	true	false	-86401	253927	-3736	COMPLETED	true	false	ecology_fenced:ecology.commit_pending:SUCCESS	297911270285900
114	268485812	READY	true	false	-50077	-115763	-160	COMPLETED	true	false	ecology_fenced:transaction.backend_failure:SUCCESS	297911271242800
115	268485813	DEAD	false	false	-50077	-115763	-160	COMPLETED	true	false	schedule_not_active:ecology.cursor_pending:SUCCESS	297911272244900
116	268485826	DEAD	false	false	119877	-202135	-3456	COMPLETED	true	false	schedule_not_active:ecology.commit_pending:SUCCESS	297911273156700
117	268485827	DEAD	false	false	-86401	253927	-3736	COMPLETED	true	false	schedule_not_active:ecology.commit_pending:SUCCESS	297911274076900
118	268485843	READY	true	false	-49106	-115854	-160	COMPLETED	true	false	ecology_fenced:transaction.backend_failure:SUCCESS	297911275016400
119	268485844	DEAD	true	false	-86401	253927	-3736	COMPLETED	true	false	ecology_fenced:ecology.commit_pending:SUCCESS	297911276124000
120	268485858	DEAD	false	false	24496	9206	-3584	COMPLETED	true	false	schedule_not_active:ecology.commit_pending:SUCCESS	297911277155800
121	268485859	DEAD	false	false	-86401	253927	-3736	COMPLETED	true	false	schedule_not_active:ecology.commit_pending:SUCCESS	297911278066900
122	268485873	READY	true	false	-86401	253927	-3736	UNKNOWN	false	false	ecology_fenced:transaction.item_conflict_canonical:NATIVE_CONTEXT_REQUIRED	297911279121100
123	268485874	DEAD	true	false	-86401	253927	-3736	COMPLETED	true	false	ecology_fenced:ecology.commit_pending:SUCCESS	297911280647700
124	268485887	READY	false	false	24496	9206	-3584	COMPLETED	true	false	schedule_not_active:transaction.backend_failure:SUCCESS	297911281789000
125	268485889	DEAD	false	false	-125615	37771	1176	COMPLETED	true	false	schedule_not_active:ecology.commit_pending:SUCCESS	297911282690900
126	268485907	DEAD	true	false	-86401	253927	-3736	COMPLETED	true	false	ecology_fenced:ecology.commit_pending:SUCCESS	297911283610200
127	268485908	READY	true	false	51500	59679	-3368	UNKNOWN	false	false	ecology_fenced:transaction.item_conflict_canonical:NATIVE_CONTEXT_REQUIRED	297911284818400
128	268485926	READY	true	false	-50077	-115763	-160	COMPLETED	true	false	ecology_fenced:transaction.backend_failure:SUCCESS	297911285941000
129	268485927	INCONSISTENT	false	false	44126	42751	-3488	UNKNOWN	false	false	schedule_not_active:catchup.renewal.background_state_invalid:INCONSISTENT	297911286443300
130	268485941	READY	false	false	24496	9206	-3584	COMPLETED	true	false	schedule_not_active:transaction.backend_failure:SUCCESS	297911287500000
131	268485942	READY	true	false	119877	-202135	-3456	UNKNOWN	false	false	ecology_fenced:transaction.item_conflict_canonical:NATIVE_CONTEXT_REQUIRED	297911288507100
132	268485957	READY	true	false	24496	9206	-3584	COMPLETED	true	false	ecology_fenced:transaction.backend_failure:SUCCESS	297911289667600
133	268485959	DEAD	false	false	-86401	253927	-3736	COMPLETED	true	false	schedule_not_active:ecology.commit_pending:SUCCESS	297911290662600
134	268485973	DEAD	false	false	-86401	253927	-3736	COMPLETED	true	false	schedule_not_active:ecology.commit_pending:SUCCESS	297911291540700
135	268485974	DEAD	true	false	54714	51620	-3592	COMPLETED	true	false	ecology_fenced:transaction.native_context_required:SUCCESS	297911292438000
136	268485989	DEAD	true	false	53398	63278	-3480	COMPLETED	true	false	ecology_fenced:transaction.native_context_required:SUCCESS	297911293495000
137	268485990	DEAD	false	false	-125517	38267	1176	COMPLETED	true	false	schedule_not_active:ecology.commit_pending:SUCCESS	297911294390200
138	268486010	DEAD	false	false	-86401	253927	-3736	COMPLETED	true	false	schedule_not_active:ecology.commit_pending:SUCCESS	297911295293100
139	268486012	READY	true	false	130094	-209377	-3552	UNKNOWN	false	false	ecology_fenced:transaction.item_conflict_canonical:NATIVE_CONTEXT_REQUIRED	297911296571900
140	268486026	READY	true	false	-50077	-115763	-160	COMPLETED	true	false	ecology_fenced:transaction.backend_failure:SUCCESS	297911297949900
141	268486027	READY	true	false	-50077	-115763	-160	COMPLETED	true	false	ecology_fenced:transaction.backend_failure:SUCCESS	297911299006400
142	268486041	DEAD	false	false	54714	51620	-3592	COMPLETED	true	false	schedule_not_active:transaction.native_context_required:SUCCESS	297911299940400
143	268486042	DEAD	false	false	-50077	-115763	-160	COMPLETED	true	false	schedule_not_active:ecology.commit_pending:SUCCESS	297911300998200
144	268486058	READY	true	false	52710	55450	-3320	UNKNOWN	false	false	ecology_fenced:transaction.item_conflict_canonical:NATIVE_CONTEXT_REQUIRED	297911301929800
145	268486059	DEAD	true	false	-125472	38450	1176	COMPLETED	true	false	ecology_fenced:ecology.commit_pending:SUCCESS	297911302806600
146	268486074	DEAD	false	false	-125531	37944	1176	COMPLETED	true	false	schedule_not_active:ecology.commit_pending:SUCCESS	297911303647200
147	268486075	DEAD	false	false	-125472	38450	1176	COMPLETED	true	false	schedule_not_active:ecology.commit_pending:SUCCESS	297911304478700
148	268486091	READY	true	false	-90072	248328	-3568	COMPLETED	false	false	ecology_fenced:catchup.travel.no_route:SUCCESS	297911305411800
149	268486093	READY	true	false	24496	9206	-3584	COMPLETED	true	false	ecology_fenced:transaction.backend_failure:SUCCESS	297911306385800
150	268486108	READY	false	false	-86401	253927	-3736	UNKNOWN	false	false	schedule_not_active:transaction.item_conflict_canonical:NATIVE_CONTEXT_REQUIRED	297911307354800
151	268486109	INCONSISTENT	false	false	44126	42751	-3488	UNKNOWN	false	false	schedule_not_active:catchup.renewal.background_state_invalid:INCONSISTENT	297911307762800
152	268486123	READY	true	false	-90072	248328	-3568	COMPLETED	false	false	ecology_fenced:catchup.travel.no_route:SUCCESS	297911308614800
153	268486125	READY	true	false	-90072	248328	-3568	COMPLETED	false	false	ecology_fenced:catchup.travel.no_route:SUCCESS	297911309456900
154	268486140	READY	true	false	130094	-209377	-3552	COMPLETED	true	false	ecology_fenced:ecology.persistence_or_runtime_failure:SUCCESS	297911310637700
155	268486141	DEAD	false	false	-86401	253927	-3736	COMPLETED	true	false	schedule_not_active:ecology.commit_pending:SUCCESS	297911311544800
156	268486155	READY	false	false	-86401	253927	-3736	UNKNOWN	false	false	schedule_not_active:transaction.item_conflict_canonical:NATIVE_CONTEXT_REQUIRED	297911312520700
157	268486156	READY	true	false	24496	9206	-3584	COMPLETED	true	false	ecology_fenced:transaction.backend_failure:SUCCESS	297911313986300
158	268486170	READY	true	false	24496	9206	-3584	COMPLETED	true	false	ecology_fenced:transaction.backend_failure:SUCCESS	297911316807400
159	268486171	READY	false	false	-86401	253927	-3736	UNKNOWN	false	false	schedule_not_active:transaction.item_conflict_canonical:NATIVE_CONTEXT_REQUIRED	297911317865500
160	268486186	INCONSISTENT	false	false	44126	42751	-3488	UNKNOWN	false	false	schedule_not_active:catchup.renewal.background_state_invalid:INCONSISTENT	297911318507900
161	268486187	READY	true	false	-86401	253927	-3736	UNKNOWN	false	false	ecology_fenced:transaction.item_conflict_canonical:NATIVE_CONTEXT_REQUIRED	297911319483800
162	268486200	READY	true	false	119877	-202135	-3456	UNKNOWN	false	false	ecology_fenced:transaction.item_conflict_canonical:NATIVE_CONTEXT_REQUIRED	297911320515400
163	268486202	DEAD	false	false	-125607	38452	1176	COMPLETED	true	false	schedule_not_active:ecology.commit_pending:SUCCESS	297911321219000
164	268486219	DEAD	false	false	-50077	-115763	-160	COMPLETED	true	false	schedule_not_active:ecology.commit_pending:SUCCESS	297911322176700
165	268486221	READY	true	false	53398	63278	-3480	UNKNOWN	false	false	ecology_fenced:transaction.item_conflict_canonical:NATIVE_CONTEXT_REQUIRED	297911323120200
166	268486237	READY	true	false	-50077	-115763	-160	COMPLETED	true	false	ecology_fenced:ecology.persistence_or_runtime_failure:SUCCESS	297911324024500
167	268486238	READY	true	false	48712	55466	-3464	COMPLETED	true	false	ecology_fenced:ecology.persistence_or_runtime_failure:SUCCESS	297911324910500
168	268486253	READY	false	false	24496	9206	-3584	COMPLETED	true	false	schedule_not_active:transaction.backend_failure:SUCCESS	297911325955600
169	268486254	DEAD	false	false	-125472	38450	1176	COMPLETED	true	false	schedule_not_active:ecology.commit_pending:SUCCESS	297911326963200
170	268486269	READY	true	false	-49106	-115854	-160	COMPLETED	true	false	ecology_fenced:ecology.persistence_or_runtime_failure:SUCCESS	297911327928400
171	268486271	DEAD	true	false	-125607	38452	1176	COMPLETED	true	false	ecology_fenced:ecology.commit_pending:SUCCESS	297911329051700
172	268486288	DEAD	false	false	-86401	253927	-3736	COMPLETED	true	false	schedule_not_active:ecology.commit_pending:SUCCESS	297911330471200
173	268486289	DEAD	false	false	-86401	253927	-3736	COMPLETED	true	false	schedule_not_active:ecology.commit_pending:SUCCESS	297911331771000
174	268486302	READY	true	false	-86401	253927	-3736	UNKNOWN	false	false	ecology_fenced:transaction.item_conflict_canonical:NATIVE_CONTEXT_REQUIRED	297911332618600
175	268486304	DEAD	true	false	52710	55450	-3320	COMPLETED	true	false	ecology_fenced:transaction.native_context_required:SUCCESS	297911333488400
176	268486321	DEAD	false	false	-49106	-115854	-160	COMPLETED	true	false	schedule_not_active:ecology.commit_pending:SUCCESS	297911334397200
177	268486323	READY	false	false	119336	-180368	-2368	UNKNOWN	false	false	schedule_not_active:transaction.item_conflict_canonical:NATIVE_CONTEXT_REQUIRED	297911335492700
178	268486338	READY	false	false	-86401	253927	-3736	UNKNOWN	false	false	schedule_not_active:transaction.item_conflict_canonical:NATIVE_CONTEXT_REQUIRED	297911336476900
179	268486340	READY	true	false	24496	9206	-3584	COMPLETED	true	false	ecology_fenced:transaction.backend_failure:SUCCESS	297911337465900
180	268486357	READY	true	false	-90072	248328	-3568	COMPLETED	false	false	ecology_fenced:catchup.travel.no_route:SUCCESS	297911338434200
181	268486359	READY	false	false	-50077	-115763	-160	COMPLETED	true	false	schedule_not_active:ecology.persistence_or_runtime_failure:SUCCESS	297911339515300
182	268486374	DEAD	false	false	26607	63533	-3552	COMPLETED	true	false	schedule_not_active:ecology.commit_pending:SUCCESS	297911340706500
183	268486376	READY	true	false	51500	59679	-3368	UNKNOWN	false	false	ecology_fenced:transaction.item_conflict_canonical:NATIVE_CONTEXT_REQUIRED	297911341779200
184	268486391	DEAD	true	false	-125531	37944	1176	COMPLETED	true	false	ecology_fenced:ecology.commit_pending:SUCCESS	297911342741000
185	268486392	READY	false	false	119336	-180368	-2368	UNKNOWN	false	false	schedule_not_active:transaction.item_conflict_canonical:NATIVE_CONTEXT_REQUIRED	297911343744700
186	268486408	READY	false	false	-50077	-115763	-160	COMPLETED	true	false	schedule_not_active:ecology.persistence_or_runtime_failure:SUCCESS	297911344799300
187	268486410	READY	true	false	46045	41251	-3504	COMPLETED	false	false	ecology_fenced:ecology.preparation_capacity:SUCCESS	297911346223600
188	268486426	READY	true	false	24496	9206	-3584	COMPLETED	true	false	ecology_fenced:transaction.backend_failure:SUCCESS	297911348656000
189	268486429	DEAD	false	false	54714	51620	-3592	COMPLETED	true	false	schedule_not_active:ecology.commit_pending:SUCCESS	297911350114900
190	268486444	READY	false	false	48712	55466	-3464	COMPLETED	true	false	schedule_not_active:ecology.persistence_or_runtime_failure:SUCCESS	297911351218300
191	268486452	READY	false	false	24496	9206	-3584	COMPLETED	true	false	schedule_not_active:transaction.backend_failure:SUCCESS	297911352349500
192	268486461	DEAD	true	false	-125517	38267	1176	COMPLETED	true	false	ecology_fenced:ecology.commit_pending:SUCCESS	297911353284400
193	268486469	READY	true	false	115569	-177722	-896	COMPLETED	false	false	ecology_fenced:catchup.travel.no_route:SUCCESS	297911354143800
194	268486484	READY	false	false	24496	9206	-3584	COMPLETED	true	false	schedule_not_active:transaction.backend_failure:SUCCESS	297911355292300
195	268486492	DEAD	false	false	-86401	253927	-3736	COMPLETED	true	false	schedule_not_active:ecology.commit_pending:SUCCESS	297911356237300
196	268486500	READY	true	false	24496	9206	-3584	COMPLETED	true	false	ecology_fenced:transaction.backend_failure:SUCCESS	297911357371600
197	268486508	READY	true	false	24496	9206	-3584	COMPLETED	true	false	ecology_fenced:transaction.backend_failure:SUCCESS	297911358548800
198	268486517	READY	false	false	-86401	253927	-3736	UNKNOWN	false	false	schedule_not_active:transaction.item_conflict_canonical:NATIVE_CONTEXT_REQUIRED	297911359455200
199	268486524	DEAD	false	false	-50077	-115763	-160	COMPLETED	true	false	schedule_not_active:ecology.commit_pending:SUCCESS	297911360532200
200	268486534	READY	true	false	119336	-180368	-2368	UNKNOWN	false	false	ecology_fenced:transaction.item_conflict_canonical:NATIVE_CONTEXT_REQUIRED	297911361579300
201	268486536	READY	true	false	-90072	248328	-3568	COMPLETED	false	false	ecology_fenced:catchup.travel.no_route:SUCCESS	297911363154400
202	268486552	DEAD	false	false	-125517	38267	1176	COMPLETED	true	false	schedule_not_active:ecology.commit_pending:SUCCESS	297911364400500
203	268486553	READY	false	false	24496	9206	-3584	COMPLETED	true	false	schedule_not_active:transaction.backend_failure:SUCCESS	297911365500900
204	268486568	DEAD	false	false	-86401	253927	-3736	COMPLETED	true	false	schedule_not_active:ecology.commit_pending:SUCCESS	297911366433200
205	268486569	READY	true	false	24496	9206	-3584	COMPLETED	true	false	ecology_fenced:transaction.backend_failure:SUCCESS	297911367552400
206	268486584	READY	true	false	51500	59679	-3368	UNKNOWN	false	false	ecology_fenced:transaction.item_conflict_canonical:NATIVE_CONTEXT_REQUIRED	297911368721900
207	268486585	DEAD	false	false	-50077	-115763	-160	COMPLETED	true	false	schedule_not_active:ecology.commit_pending:SUCCESS	297911369593800
208	268486599	READY	false	false	119336	-180368	-2368	UNKNOWN	false	false	schedule_not_active:transaction.item_conflict_canonical:NATIVE_CONTEXT_REQUIRED	297911370468900
209	268486605	READY	true	false	-90072	248328	-3568	COMPLETED	false	false	ecology_fenced:catchup.travel.no_route:SUCCESS	297911371286100
210	268486621	READY	true	false	-90072	248328	-3568	COMPLETED	false	false	ecology_fenced:catchup.travel.no_route:SUCCESS	297911372325700
211	268486622	DEAD	false	false	51500	59679	-3368	COMPLETED	true	false	schedule_not_active:ecology.commit_pending:SUCCESS	297911373289900
212	268486637	READY	false	false	24496	9206	-3584	COMPLETED	true	false	schedule_not_active:transaction.backend_failure:SUCCESS	297911374501100
213	268486638	READY	true	false	24496	9206	-3584	COMPLETED	true	false	ecology_fenced:transaction.backend_failure:SUCCESS	297911375510100
214	268486652	READY	true	false	-50077	-115763	-160	COMPLETED	true	false	ecology_fenced:transaction.backend_failure:SUCCESS	297911376561900
215	268486654	DEAD	false	false	-49106	-115854	-160	COMPLETED	true	false	schedule_not_active:ecology.commit_pending:SUCCESS	297911377543300
216	268486667	READY	false	false	119877	-202135	-3456	UNKNOWN	false	false	schedule_not_active:transaction.item_conflict_canonical:NATIVE_CONTEXT_REQUIRED	297911378433600
217	268486668	DEAD	false	false	-50077	-115763	-160	COMPLETED	true	false	schedule_not_active:ecology.commit_pending:SUCCESS	297911379907000
218	268486682	READY	true	false	51500	59679	-3368	UNKNOWN	false	false	ecology_fenced:transaction.item_conflict_canonical:NATIVE_CONTEXT_REQUIRED	297911381158400
219	268486683	READY	true	false	24496	9206	-3584	COMPLETED	true	false	ecology_fenced:transaction.backend_failure:SUCCESS	297911382264500
220	268486696	DEAD	false	false	52710	55450	-3320	COMPLETED	true	false	schedule_not_active:ecology.commit_pending:SUCCESS	297911383131000
221	268486698	READY	false	false	24496	9206	-3584	COMPLETED	true	false	schedule_not_active:transaction.backend_failure:SUCCESS	297911384158600
222	268486714	READY	true	false	52710	55450	-3320	UNKNOWN	false	false	ecology_fenced:transaction.item_conflict_canonical:NATIVE_CONTEXT_REQUIRED	297911385389100
223	268486716	READY	true	false	-90072	248328	-3568	COMPLETED	false	false	ecology_fenced:catchup.travel.no_route:SUCCESS	297911386334400
224	268486731	READY	false	false	24496	9206	-3584	COMPLETED	true	false	schedule_not_active:transaction.backend_failure:SUCCESS	297911387432200
225	268486732	READY	false	false	-86401	253927	-3736	UNKNOWN	false	false	schedule_not_active:transaction.item_conflict_canonical:NATIVE_CONTEXT_REQUIRED	297911388286000
226	268486765	READY	true	false	24496	9206	-3584	COMPLETED	true	false	ecology_fenced:transaction.backend_failure:SUCCESS	297911389829300
227	268486767	READY	true	false	48712	55466	-3464	UNKNOWN	false	false	ecology_fenced:transaction.item_conflict_canonical:NATIVE_CONTEXT_REQUIRED	297911390787000
228	268486781	READY	true	false	24496	9206	-3584	COMPLETED	true	false	ecology_fenced:transaction.backend_failure:SUCCESS	297911391910200
229	268486783	INCONSISTENT	false	false	44126	42751	-3488	UNKNOWN	false	false	schedule_not_active:catchup.renewal.background_state_invalid:INCONSISTENT	297911392414600
230	268486796	DEAD	false	false	-86401	253927	-3736	COMPLETED	true	false	schedule_not_active:ecology.commit_pending:SUCCESS	297911393175300
231	268486797	READY	true	false	119877	-202135	-3456	UNKNOWN	false	false	ecology_fenced:transaction.item_conflict_canonical:NATIVE_CONTEXT_REQUIRED	297911394065200
232	268486812	READY	true	false	-125607	38452	1176	COMPLETED	false	false	ecology_fenced:native_context.required:accepted:SUCCESS	297911394818000
233	268486813	DEAD	false	false	-50077	-115763	-160	COMPLETED	true	false	schedule_not_active:ecology.commit_pending:SUCCESS	297911395705400
234	268486827	READY	false	false	-50077	-115763	-160	COMPLETED	true	false	schedule_not_active:ecology.persistence_or_runtime_failure:SUCCESS	297911396879900
235	268486828	READY	true	false	-90072	248328	-3568	COMPLETED	false	false	ecology_fenced:catchup.travel.no_route:SUCCESS	297911398265900
236	268486843	READY	true	false	24496	9206	-3584	COMPLETED	true	false	ecology_fenced:transaction.backend_failure:SUCCESS	297911399709100
237	268486844	DEAD	false	false	-86401	253927	-3736	COMPLETED	true	false	schedule_not_active:ecology.commit_pending:SUCCESS	297911400670800
238	268486859	DEAD	false	false	-86401	253927	-3736	COMPLETED	true	false	schedule_not_active:ecology.commit_pending:SUCCESS	297911401686500
239	268486860	READY	true	false	119336	-180368	-2368	UNKNOWN	false	false	ecology_fenced:transaction.item_conflict_canonical:NATIVE_CONTEXT_REQUIRED	297911403062600
240	268486875	DEAD	true	false	-125531	37944	1176	COMPLETED	true	false	ecology_fenced:ecology.commit_pending:SUCCESS	297911403920800
241	268486876	READY	true	false	-86401	253927	-3736	UNKNOWN	false	false	ecology_fenced:transaction.item_conflict_canonical:NATIVE_CONTEXT_REQUIRED	297911405072500
242	268486893	INCONSISTENT	false	false	44126	42751	-3488	UNKNOWN	false	false	schedule_not_active:catchup.renewal.background_state_invalid:INCONSISTENT	297911405803500
243	268486894	READY	false	false	-50077	-115763	-160	COMPLETED	true	false	schedule_not_active:ecology.persistence_or_runtime_failure:SUCCESS	297911406835600
244	268486908	READY	true	false	-86401	253927	-3736	UNKNOWN	false	false	ecology_fenced:transaction.item_conflict_canonical:NATIVE_CONTEXT_REQUIRED	297911408063800
245	268486909	DEAD	true	false	-125531	37944	1176	COMPLETED	true	false	ecology_fenced:ecology.commit_pending:SUCCESS	297911409007200
246	268486925	DEAD	false	false	-125517	38267	1176	COMPLETED	true	false	schedule_not_active:ecology.commit_pending:SUCCESS	297911409937600
247	268486926	READY	false	false	24496	9206	-3584	COMPLETED	true	false	schedule_not_active:transaction.backend_failure:SUCCESS	297911411026600
248	268486942	READY	true	false	24496	9206	-3584	COMPLETED	true	false	ecology_fenced:transaction.backend_failure:SUCCESS	297911412213000
249	268486943	READY	true	false	-86401	253927	-3736	UNKNOWN	false	false	ecology_fenced:transaction.item_conflict_canonical:NATIVE_CONTEXT_REQUIRED	297911413526200
250	268486958	DEAD	false	false	24496	9206	-3584	COMPLETED	true	false	schedule_not_active:ecology.commit_pending:SUCCESS	297911414822000
251	268486960	DEAD	false	false	-86401	253927	-3736	COMPLETED	true	false	schedule_not_active:ecology.commit_pending:SUCCESS	297911415757600
252	268486976	DEAD	true	false	26607	63533	-3552	COMPLETED	true	false	ecology_fenced:transaction.native_context_required:SUCCESS	297911416768500
253	268486977	READY	true	false	-49106	-115854	-160	COMPLETED	true	false	ecology_fenced:transaction.backend_failure:SUCCESS	297911418058700
254	268486991	READY	true	false	115758	-182753	-1448	COMPLETED	false	false	ecology_fenced:catchup.travel.no_route:SUCCESS	297911419052600
255	268486993	READY	false	false	-50077	-115763	-160	COMPLETED	true	false	schedule_not_active:transaction.backend_failure:SUCCESS	297911420385800
256	268487008	READY	false	false	-50077	-115763	-160	COMPLETED	true	false	schedule_not_active:transaction.backend_failure:SUCCESS	297911421675600
257	268487010	DEAD	true	false	-125607	38452	1176	COMPLETED	true	false	ecology_fenced:ecology.commit_pending:SUCCESS	297911422641400
258	268487024	READY	true	false	24496	9206	-3584	COMPLETED	true	false	ecology_fenced:transaction.backend_failure:SUCCESS	297911423838400
259	268487026	READY	false	false	-86401	253927	-3736	UNKNOWN	false	false	schedule_not_active:transaction.item_conflict_canonical:NATIVE_CONTEXT_REQUIRED	297911424866700
260	268487041	DEAD	false	false	51500	59679	-3368	COMPLETED	true	false	schedule_not_active:transaction.native_context_required:SUCCESS	297911425744600
261	268487042	READY	true	false	-125464	37776	1176	COMPLETED	false	false	ecology_fenced:native_context.required:accepted:SUCCESS	297911426681600
262	268487056	READY	true	false	115569	-177722	-896	COMPLETED	false	false	ecology_fenced:catchup.travel.no_route:SUCCESS	297911427746200
263	268487057	DEAD	false	false	-125607	38452	1176	COMPLETED	true	false	schedule_not_active:ecology.commit_pending:SUCCESS	297911428739400
264	268487074	READY	false	false	-86401	253927	-3736	UNKNOWN	false	false	schedule_not_active:transaction.item_conflict_canonical:NATIVE_CONTEXT_REQUIRED	297911430212700
265	268487076	DEAD	true	false	-125607	38452	1176	COMPLETED	true	false	ecology_fenced:ecology.commit_pending:SUCCESS	297911431609200
266	268487092	READY	true	false	24496	9206	-3584	COMPLETED	true	false	ecology_fenced:transaction.backend_failure:SUCCESS	297911432843500
267	268487093	READY	true	false	24496	9206	-3584	COMPLETED	true	false	ecology_fenced:transaction.backend_failure:SUCCESS	297911433866700
268	268487109	READY	false	false	-86401	253927	-3736	UNKNOWN	false	false	schedule_not_active:transaction.item_conflict_canonical:NATIVE_CONTEXT_REQUIRED	297911435109200
269	268487111	DEAD	false	false	-86401	253927	-3736	COMPLETED	true	false	schedule_not_active:ecology.commit_pending:SUCCESS	297911436054000
270	268487126	READY	true	false	-125615	37771	1176	COMPLETED	false	false	ecology_fenced:native_context.required:accepted:SUCCESS	297911436987400
271	268487127	READY	true	false	-50077	-115763	-160	COMPLETED	true	false	ecology_fenced:ecology.persistence_or_runtime_failure:SUCCESS	297911437864700
272	268487143	DEAD	false	false	51500	59679	-3368	COMPLETED	true	false	schedule_not_active:transaction.native_context_required:SUCCESS	297911438827600
273	268487144	READY	false	false	-50077	-115763	-160	COMPLETED	true	false	schedule_not_active:ecology.persistence_or_runtime_failure:SUCCESS	297911440203100
274	268487159	READY	true	false	-90072	248328	-3568	COMPLETED	false	false	ecology_fenced:catchup.travel.no_route:SUCCESS	297911441266800
275	268487160	READY	true	false	46045	41251	-3504	COMPLETED	false	false	ecology_fenced:ecology.preparation_capacity:SUCCESS	297911442313000
276	268487174	READY	false	false	48712	55466	-3464	COMPLETED	true	false	schedule_not_active:ecology.persistence_or_runtime_failure:SUCCESS	297911443184400
277	268487175	DEAD	false	false	130094	-209377	-3552	COMPLETED	true	false	schedule_not_active:ecology.commit_pending:SUCCESS	297911443959700
278	268487193	DEAD	false	false	48712	55466	-3464	COMPLETED	true	false	schedule_not_active:transaction.native_context_required:SUCCESS	297911444683900
279	268487194	READY	true	false	24496	9206	-3584	COMPLETED	true	false	ecology_fenced:transaction.backend_failure:SUCCESS	297911445547900
280	268487209	READY	true	false	24496	9206	-3584	COMPLETED	true	false	ecology_fenced:transaction.backend_failure:SUCCESS	297911447271000
281	268487210	DEAD	false	false	52710	55450	-3320	COMPLETED	true	false	schedule_not_active:transaction.native_context_required:SUCCESS	297911448474100
282	268487231	READY	false	false	-86401	253927	-3736	UNKNOWN	false	false	schedule_not_active:transaction.item_conflict_canonical:NATIVE_CONTEXT_REQUIRED	297911449523400
283	268487232	READY	true	false	24496	9206	-3584	COMPLETED	true	false	ecology_fenced:transaction.backend_failure:SUCCESS	297911450742200
284	268487247	READY	true	false	-90072	248328	-3568	COMPLETED	false	false	ecology_fenced:catchup.travel.no_route:SUCCESS	297911451922200
285	268487248	READY	false	false	119336	-180368	-2368	UNKNOWN	false	false	schedule_not_active:transaction.item_conflict_canonical:NATIVE_CONTEXT_REQUIRED	297911453092900
286	268487264	READY	false	false	-50077	-115763	-160	COMPLETED	true	false	schedule_not_active:transaction.backend_failure:SUCCESS	297911454202300
287	268487265	DEAD	true	false	-125472	38450	1176	COMPLETED	true	false	ecology_fenced:ecology.commit_pending:SUCCESS	297911455033400
288	268487280	DEAD	true	false	-125607	38452	1176	COMPLETED	true	false	ecology_fenced:ecology.commit_pending:SUCCESS	297911456062300
289	268487281	DEAD	false	false	24496	9206	-3584	COMPLETED	true	false	schedule_not_active:ecology.commit_pending:SUCCESS	297911457031800
290	268487298	READY	false	false	-86401	253927	-3736	UNKNOWN	false	false	schedule_not_active:transaction.item_conflict_canonical:NATIVE_CONTEXT_REQUIRED	297911457899700
291	268487300	DEAD	false	false	-86401	253927	-3736	COMPLETED	true	false	schedule_not_active:ecology.commit_pending:SUCCESS	297911458722500
292	268487314	READY	true	false	-90072	248328	-3568	COMPLETED	false	false	ecology_fenced:catchup.travel.no_route:SUCCESS	297911459593000
293	268487315	READY	true	false	119336	-180368	-2368	UNKNOWN	false	false	ecology_fenced:transaction.item_conflict_canonical:NATIVE_CONTEXT_REQUIRED	297911460702100
294	268487330	DEAD	false	false	52710	55450	-3320	COMPLETED	true	false	schedule_not_active:ecology.commit_pending:SUCCESS	297911461629300
295	268487332	DEAD	false	false	-86401	253927	-3736	COMPLETED	true	false	schedule_not_active:ecology.commit_pending:SUCCESS	297911463220600
296	268487347	READY	true	false	-86401	253927	-3736	COMPLETED	true	false	ecology_fenced:ecology.persistence_or_runtime_failure:SUCCESS	297911464413500
297	268487349	DEAD	true	false	-125615	37771	1176	COMPLETED	true	false	ecology_fenced:ecology.commit_pending:SUCCESS	297911465639000
298	268487363	DEAD	false	false	24496	9206	-3584	COMPLETED	true	false	schedule_not_active:ecology.commit_pending:SUCCESS	297911466715600
299	268487364	DEAD	false	false	-50077	-115763	-160	COMPLETED	true	false	schedule_not_active:ecology.commit_pending:SUCCESS	297911467508400
300	268487378	READY	true	false	115488	-179664	-888	COMPLETED	false	false	ecology_fenced:catchup.travel.no_route:SUCCESS	297911468490800
301	268487379	READY	true	false	-84312	252645	-3664	UNKNOWN	false	false	ecology_fenced:transaction.item_conflict_canonical:NATIVE_CONTEXT_REQUIRED	297911469319100
302	268487394	DEAD	false	false	-86401	253927	-3736	COMPLETED	true	false	schedule_not_active:ecology.commit_pending:SUCCESS	297911470074900
303	268487395	READY	false	false	-50077	-115763	-160	COMPLETED	true	false	schedule_not_active:transaction.backend_failure:SUCCESS	297911470995200
304	268487410	READY	false	false	51500	59679	-3368	UNKNOWN	false	false	schedule_not_active:transaction.item_conflict_canonical:NATIVE_CONTEXT_REQUIRED	297911472001900
305	268487411	READY	true	false	52710	55450	-3320	UNKNOWN	false	false	ecology_fenced:transaction.item_conflict_canonical:NATIVE_CONTEXT_REQUIRED	297911472986900
306	268487426	READY	true	false	24496	9206	-3584	COMPLETED	true	false	ecology_fenced:transaction.backend_failure:SUCCESS	297911474238700
307	268487427	READY	false	false	24496	9206	-3584	COMPLETED	true	false	schedule_not_active:transaction.backend_failure:SUCCESS	297911475315000
308	268487442	READY	false	false	119336	-180368	-2368	UNKNOWN	false	false	schedule_not_active:transaction.item_conflict_canonical:NATIVE_CONTEXT_REQUIRED	297911476179800
309	268487443	READY	true	false	52710	55450	-3320	UNKNOWN	false	false	ecology_fenced:transaction.item_conflict_canonical:NATIVE_CONTEXT_REQUIRED	297911477294900
310	268487459	READY	true	false	24496	9206	-3584	COMPLETED	true	false	ecology_fenced:transaction.backend_failure:SUCCESS	297911478352100
311	268487460	DEAD	false	false	-125531	37944	1176	COMPLETED	true	false	schedule_not_active:ecology.commit_pending:SUCCESS	297911479738600
312	268487476	READY	false	false	-86401	253927	-3736	UNKNOWN	false	false	schedule_not_active:transaction.item_conflict_canonical:NATIVE_CONTEXT_REQUIRED	297911480841900
313	268487478	READY	true	false	-84312	252645	-3664	UNKNOWN	false	false	ecology_fenced:transaction.item_conflict_canonical:NATIVE_CONTEXT_REQUIRED	297911482102800
314	268487494	READY	true	false	24496	9206	-3584	COMPLETED	true	false	ecology_fenced:transaction.backend_failure:SUCCESS	297911483195600
315	268487495	DEAD	false	false	-86401	253927	-3736	COMPLETED	true	false	schedule_not_active:ecology.commit_pending:SUCCESS	297911484103500
316	268487510	READY	false	false	119336	-180368	-2368	UNKNOWN	false	false	schedule_not_active:transaction.item_conflict_canonical:NATIVE_CONTEXT_REQUIRED	297911485384600
317	268487511	READY	false	false	-50077	-115763	-160	COMPLETED	true	false	schedule_not_active:ecology.persistence_or_runtime_failure:SUCCESS	297911486344700
318	268487526	DEAD	true	false	-125615	37771	1176	COMPLETED	true	false	ecology_fenced:ecology.commit_pending:SUCCESS	297911487371400
319	268487527	READY	true	false	24496	9206	-3584	COMPLETED	true	false	ecology_fenced:transaction.backend_failure:SUCCESS	297911488485500
320	268487542	READY	false	false	-86401	253927	-3736	UNKNOWN	false	false	schedule_not_active:transaction.item_conflict_canonical:NATIVE_CONTEXT_REQUIRED	297911489559100
321	268487544	INCONSISTENT	false	false	44126	42751	-3488	UNKNOWN	false	false	schedule_not_active:catchup.renewal.background_state_invalid:INCONSISTENT	297911490133800
322	268487559	DEAD	true	false	-125615	37771	1176	COMPLETED	true	false	ecology_fenced:ecology.commit_pending:SUCCESS	297911491097900
323	268487561	READY	true	false	-50077	-115763	-160	COMPLETED	true	false	ecology_fenced:transaction.backend_failure:SUCCESS	297911492194100
324	268487577	READY	false	false	-49106	-115854	-160	COMPLETED	true	false	schedule_not_active:ecology.persistence_or_runtime_failure:SUCCESS	297911493192500
325	268487578	READY	false	false	-86401	253927	-3736	UNKNOWN	false	false	schedule_not_active:transaction.item_conflict_canonical:NATIVE_CONTEXT_REQUIRED	297911494217400
326	268487594	READY	true	false	-50077	-115763	-160	COMPLETED	false	false	ecology_fenced:native_context.required:accepted:SUCCESS	297911495330900
327	268487595	READY	true	false	53398	63278	-3480	UNKNOWN	false	false	ecology_fenced:transaction.item_conflict_canonical:NATIVE_CONTEXT_REQUIRED	297911497166500
328	268487608	READY	true	false	-90072	248328	-3568	COMPLETED	false	false	ecology_fenced:catchup.travel.no_route:SUCCESS	297911498456700
329	268487609	DEAD	false	false	-86401	253927	-3736	COMPLETED	true	false	schedule_not_active:ecology.commit_pending:SUCCESS	297911499387400
330	268487624	DEAD	false	false	-86401	253927	-3736	COMPLETED	true	false	schedule_not_active:ecology.commit_pending:SUCCESS	297911500432100
331	268487626	READY	true	false	119877	-202135	-3456	UNKNOWN	false	false	ecology_fenced:transaction.item_conflict_canonical:NATIVE_CONTEXT_REQUIRED	297911501548000
332	268487642	READY	true	false	24496	9206	-3584	COMPLETED	true	false	ecology_fenced:transaction.backend_failure:SUCCESS	297911502585100
333	268487643	DEAD	false	false	-86401	253927	-3736	COMPLETED	true	false	schedule_not_active:ecology.commit_pending:SUCCESS	297911503463500
334	268487658	READY	false	false	48712	55466	-3464	COMPLETED	true	false	schedule_not_active:ecology.persistence_or_runtime_failure:SUCCESS	297911504337700
335	268487659	READY	true	false	-50077	-115763	-160	COMPLETED	true	false	ecology_fenced:transaction.backend_failure:SUCCESS	297911505532600
336	268487676	READY	true	false	51500	59679	-3368	UNKNOWN	false	false	ecology_fenced:transaction.item_conflict_canonical:NATIVE_CONTEXT_REQUIRED	297911506556400
337	268487677	DEAD	false	false	-125517	38267	1176	COMPLETED	true	false	schedule_not_active:ecology.commit_pending:SUCCESS	297911507943900
338	268487694	DEAD	false	false	-125607	38452	1176	COMPLETED	true	false	schedule_not_active:ecology.commit_pending:SUCCESS	297911508829500
339	268487695	READY	true	false	115488	-179664	-888	COMPLETED	false	false	ecology_fenced:catchup.travel.no_route:SUCCESS	297911509851400
340	268487710	READY	true	false	-84312	252645	-3664	UNKNOWN	false	false	ecology_fenced:transaction.item_conflict_canonical:NATIVE_CONTEXT_REQUIRED	297911510959300
341	268487711	READY	true	false	-50077	-115763	-160	COMPLETED	true	false	ecology_fenced:ecology.persistence_or_runtime_failure:SUCCESS	297911511927400
342	268487726	DEAD	false	false	-125464	37776	1176	COMPLETED	true	false	schedule_not_active:ecology.commit_pending:SUCCESS	297911513250500
343	268487727	READY	false	false	24496	9206	-3584	COMPLETED	true	false	schedule_not_active:transaction.backend_failure:SUCCESS	297911514550800
344	268487744	READY	true	false	52710	55450	-3320	UNKNOWN	false	false	ecology_fenced:transaction.item_conflict_canonical:NATIVE_CONTEXT_REQUIRED	297911515523200
345	268487745	READY	true	false	51500	59679	-3368	UNKNOWN	false	false	ecology_fenced:transaction.item_conflict_canonical:NATIVE_CONTEXT_REQUIRED	297911516410300
346	268487761	DEAD	false	false	-86401	253927	-3736	COMPLETED	true	false	schedule_not_active:ecology.commit_pending:SUCCESS	297911517362600
347	268487762	READY	false	false	24496	9206	-3584	COMPLETED	true	false	schedule_not_active:transaction.backend_failure:SUCCESS	297911518563800
348	268487781	DEAD	true	false	-125472	38450	1176	COMPLETED	true	false	ecology_fenced:ecology.commit_pending:SUCCESS	297911519477700
349	268487782	READY	true	false	-86401	253927	-3736	UNKNOWN	false	false	ecology_fenced:transaction.item_conflict_canonical:NATIVE_CONTEXT_REQUIRED	297911520424000
350	268487798	READY	false	false	48712	55466	-3464	UNKNOWN	false	false	schedule_not_active:transaction.item_conflict_canonical:NATIVE_CONTEXT_REQUIRED	297911521212700
351	268487800	READY	false	false	48712	55466	-3464	COMPLETED	true	false	schedule_not_active:ecology.persistence_or_runtime_failure:SUCCESS	297911522134000
352	268487820	INCONSISTENT	true	false	44126	42751	-3488	UNKNOWN	false	false	ecology_fenced:catchup.renewal.background_state_invalid:INCONSISTENT	297911522760500
353	268487821	READY	true	false	-90072	248328	-3568	COMPLETED	false	false	ecology_fenced:catchup.travel.no_route:SUCCESS	297911523600000
354	268487835	READY	true	false	130094	-209377	-3552	COMPLETED	true	false	ecology_fenced:ecology.persistence_or_runtime_failure:SUCCESS	297911524413600
355	268487836	INCONSISTENT	false	false	44126	42751	-3488	UNKNOWN	false	false	schedule_not_active:catchup.renewal.background_state_invalid:INCONSISTENT	297911525059600
356	268487851	READY	false	false	48712	55466	-3464	COMPLETED	true	false	schedule_not_active:ecology.persistence_or_runtime_failure:SUCCESS	297911526050200
357	268487852	READY	true	false	-50077	-115763	-160	COMPLETED	true	false	ecology_fenced:ecology.persistence_or_runtime_failure:SUCCESS	297911527099600
358	268487870	READY	true	false	24496	9206	-3584	COMPLETED	true	false	ecology_fenced:transaction.backend_failure:SUCCESS	297911528160100
359	268487872	DEAD	false	false	-86401	253927	-3736	COMPLETED	true	false	schedule_not_active:ecology.commit_pending:SUCCESS	297911529587400
360	268487888	DEAD	false	false	-86401	253927	-3736	COMPLETED	true	false	schedule_not_active:ecology.commit_pending:SUCCESS	297911531253500
361	268487889	READY	true	false	-90072	248328	-3568	COMPLETED	false	false	ecology_fenced:catchup.travel.no_route:SUCCESS	297911532394700
362	268487903	READY	true	false	119877	-202135	-3456	UNKNOWN	false	false	ecology_fenced:transaction.item_conflict_canonical:NATIVE_CONTEXT_REQUIRED	297911533378200
363	268487904	DEAD	false	false	54714	51620	-3592	COMPLETED	true	false	schedule_not_active:ecology.commit_pending:SUCCESS	297911534232500
364	268487919	READY	false	false	24496	9206	-3584	COMPLETED	true	false	schedule_not_active:transaction.backend_failure:SUCCESS	297911535595900
365	268487920	READY	true	false	-49106	-115854	-160	COMPLETED	true	false	ecology_fenced:transaction.backend_failure:SUCCESS	297911536618400
366	268487934	READY	true	false	-86401	253927	-3736	UNKNOWN	false	false	ecology_fenced:transaction.item_conflict_canonical:NATIVE_CONTEXT_REQUIRED	297911537472800
367	268487935	READY	true	false	48712	55466	-3464	COMPLETED	true	false	ecology_fenced:ecology.persistence_or_runtime_failure:SUCCESS	297911538429600
368	268487953	DEAD	false	false	-86401	253927	-3736	COMPLETED	true	false	schedule_not_active:ecology.commit_pending:SUCCESS	297911539483200
369	268487955	DEAD	false	false	-86401	253927	-3736	COMPLETED	true	false	schedule_not_active:ecology.commit_pending:SUCCESS	297911540493600
370	268487969	READY	true	false	-125615	37771	1176	COMPLETED	false	false	ecology_fenced:native_context.required:accepted:SUCCESS	297911541492600
371	268487970	READY	true	false	-90072	248328	-3568	COMPLETED	false	false	ecology_fenced:catchup.travel.no_route:SUCCESS	297911542566700
372	268487987	READY	false	false	24496	9206	-3584	COMPLETED	true	false	schedule_not_active:transaction.backend_failure:SUCCESS	297911543519600
373	268487988	DEAD	false	false	-125517	38267	1176	COMPLETED	true	false	schedule_not_active:ecology.cursor_pending:SUCCESS	297911544461000
374	268488003	READY	true	false	-50077	-115763	-160	COMPLETED	true	false	ecology_fenced:transaction.backend_failure:SUCCESS	297911545546300
375	268488004	READY	true	false	-90072	248328	-3568	COMPLETED	false	false	ecology_fenced:catchup.travel.no_route:SUCCESS	297911546772300
376	268488019	DEAD	false	false	-50077	-115763	-160	COMPLETED	true	false	schedule_not_active:ecology.commit_pending:SUCCESS	297911548030400
377	268488020	DEAD	false	false	119877	-202135	-3456	COMPLETED	true	false	schedule_not_active:ecology.commit_pending:SUCCESS	297911548944400
378	268488036	INCONSISTENT	false	false	44126	42751	-3488	UNKNOWN	false	false	schedule_not_active:catchup.renewal.background_state_invalid:INCONSISTENT	297911549446200
379	268488037	READY	true	false	-86401	253927	-3736	UNKNOWN	false	false	ecology_fenced:transaction.item_conflict_canonical:NATIVE_CONTEXT_REQUIRED	297911550428600
380	268488051	DEAD	true	false	-125615	37771	1176	COMPLETED	true	false	ecology_fenced:ecology.commit_pending:SUCCESS	297911551636800
381	268488052	READY	false	false	48712	55466	-3464	COMPLETED	true	false	schedule_not_active:ecology.persistence_or_runtime_failure:SUCCESS	297911552495800
382	268488067	INCONSISTENT	false	false	55857	63041	-3472	UNKNOWN	false	false	schedule_not_active:catchup.renewal.background_state_invalid:INCONSISTENT	297911552972100
383	268488068	READY	true	false	-90072	248328	-3568	COMPLETED	false	false	ecology_fenced:catchup.travel.no_route:SUCCESS	297911553865900
384	268488087	READY	true	false	-50077	-115763	-160	COMPLETED	true	false	ecology_fenced:transaction.backend_failure:SUCCESS	297911554910200
385	268488088	READY	false	false	119336	-180368	-2368	UNKNOWN	false	false	schedule_not_active:transaction.item_conflict_canonical:NATIVE_CONTEXT_REQUIRED	297911555948600
386	268488102	READY	false	false	-49106	-115854	-160	COMPLETED	true	false	schedule_not_active:ecology.persistence_or_runtime_failure:SUCCESS	297911557357000
387	268488103	READY	true	false	-86401	253927	-3736	UNKNOWN	false	false	ecology_fenced:transaction.item_conflict_canonical:NATIVE_CONTEXT_REQUIRED	297911558335700
388	268488120	DEAD	true	false	-125517	38267	1176	COMPLETED	true	false	ecology_fenced:ecology.commit_pending:SUCCESS	297911559293600
389	268488121	DEAD	false	false	53398	63278	-3480	COMPLETED	true	false	schedule_not_active:ecology.commit_pending:SUCCESS	297911560374200
390	268488137	DEAD	false	false	-86401	253927	-3736	COMPLETED	true	false	schedule_not_active:ecology.commit_pending:SUCCESS	297911561421200
391	268488138	READY	false	false	-50077	-115763	-160	COMPLETED	true	false	schedule_not_active:transaction.backend_failure:SUCCESS	297911562631200
392	268488154	DEAD	true	false	-50077	-115763	-160	COMPLETED	true	false	ecology_fenced:ecology.commit_pending:SUCCESS	297911564123700
393	268488155	READY	true	false	119877	-202135	-3456	UNKNOWN	false	false	ecology_fenced:transaction.item_conflict_canonical:NATIVE_CONTEXT_REQUIRED	297911565359100
394	268488170	DEAD	false	false	52710	55450	-3320	COMPLETED	true	false	schedule_not_active:ecology.commit_pending:SUCCESS	297911566271800
395	268488171	READY	false	false	24496	9206	-3584	COMPLETED	true	false	schedule_not_active:transaction.backend_failure:SUCCESS	297911567303700
396	268488187	READY	true	false	-49106	-115854	-160	COMPLETED	true	false	ecology_fenced:transaction.backend_failure:SUCCESS	297911568516900
397	268488188	READY	true	false	-86401	253927	-3736	UNKNOWN	false	false	ecology_fenced:transaction.item_conflict_canonical:NATIVE_CONTEXT_REQUIRED	297911569586000
398	268488205	DEAD	false	false	24496	9206	-3584	COMPLETED	true	false	schedule_not_active:ecology.commit_pending:SUCCESS	297911570592900
399	268488206	DEAD	false	false	-86401	253927	-3736	COMPLETED	true	false	schedule_not_active:ecology.commit_pending:SUCCESS	297911571492700
400	268488220	READY	true	false	115758	-182753	-1448	COMPLETED	false	false	ecology_fenced:catchup.travel.no_route:SUCCESS	297911572571300
401	268488221	READY	true	false	51500	59679	-3368	UNKNOWN	false	false	ecology_fenced:transaction.item_conflict_canonical:NATIVE_CONTEXT_REQUIRED	297911573907000
402	268488237	DEAD	false	false	24496	9206	-3584	COMPLETED	true	false	schedule_not_active:ecology.commit_pending:SUCCESS	297911574927000
403	268488238	READY	false	false	24496	9206	-3584	COMPLETED	true	false	schedule_not_active:transaction.backend_failure:SUCCESS	297911575718800
404	268488272	DEAD	false	false	51500	59679	-3368	COMPLETED	true	false	schedule_not_active:transaction.native_context_required:SUCCESS	297911576403500
405	268488273	READY	true	false	48712	55466	-3464	UNKNOWN	false	false	ecology_fenced:transaction.item_conflict_canonical:NATIVE_CONTEXT_REQUIRED	297911577322100
406	268488287	INCONSISTENT	true	false	44126	42751	-3488	UNKNOWN	false	false	ecology_fenced:catchup.renewal.background_state_invalid:INCONSISTENT	297911577750100
407	268488288	READY	false	false	48712	55466	-3464	COMPLETED	true	false	schedule_not_active:ecology.persistence_or_runtime_failure:SUCCESS	297911578459400
408	268488303	READY	false	false	119336	-180368	-2368	UNKNOWN	false	false	schedule_not_active:transaction.item_conflict_canonical:NATIVE_CONTEXT_REQUIRED	297911579310100
409	268488304	READY	true	false	-50077	-115763	-160	COMPLETED	true	false	ecology_fenced:ecology.persistence_or_runtime_failure:SUCCESS	297911580496400
410	268488320	DEAD	true	false	-125464	37776	1176	COMPLETED	true	false	ecology_fenced:ecology.commit_pending:SUCCESS	297911581625800
411	268488321	DEAD	false	false	53398	63278	-3480	COMPLETED	true	false	schedule_not_active:transaction.native_context_required:SUCCESS	297911582325300
412	268488335	READY	false	false	24496	9206	-3584	COMPLETED	true	false	schedule_not_active:transaction.backend_failure:SUCCESS	297911583061600
413	268488336	READY	true	false	24496	9206	-3584	COMPLETED	true	false	ecology_fenced:transaction.backend_failure:SUCCESS	297911583790300
414	268488351	READY	true	false	-90072	248328	-3568	COMPLETED	false	false	ecology_fenced:catchup.travel.no_route:SUCCESS	297911584475100
415	268488352	DEAD	false	false	-50077	-115763	-160	COMPLETED	true	false	schedule_not_active:ecology.commit_pending:SUCCESS	297911585514400
416	268488366	DEAD	false	false	119877	-202135	-3456	COMPLETED	true	false	schedule_not_active:ecology.commit_pending:SUCCESS	297911586138100
417	268488367	DEAD	false	false	-86401	253927	-3736	COMPLETED	true	false	schedule_not_active:ecology.commit_pending:SUCCESS	297911587043100
418	268488381	READY	true	false	48712	55466	-3464	COMPLETED	true	false	ecology_fenced:ecology.persistence_or_runtime_failure:SUCCESS	297911587804800
419	268488382	READY	true	false	24496	9206	-3584	COMPLETED	true	false	ecology_fenced:transaction.backend_failure:SUCCESS	297911589065400
420	268488399	READY	false	false	24496	9206	-3584	COMPLETED	true	false	schedule_not_active:transaction.backend_failure:SUCCESS	297911590248800
421	268488400	DEAD	false	false	-86401	253927	-3736	COMPLETED	true	false	schedule_not_active:ecology.commit_pending:SUCCESS	297911591206800
422	268488418	DEAD	true	false	-50077	-115763	-160	COMPLETED	true	false	ecology_fenced:ecology.commit_pending:SUCCESS	297911592287000
423	268488419	DEAD	true	false	-125464	37776	1176	COMPLETED	true	false	ecology_fenced:ecology.commit_pending:SUCCESS	297911593126100
424	268488438	DEAD	false	false	52710	55450	-3320	COMPLETED	true	false	schedule_not_active:transaction.native_context_required:SUCCESS	297911594369600
425	268488440	READY	false	false	-50077	-115763	-160	COMPLETED	true	false	schedule_not_active:transaction.backend_failure:SUCCESS	297911595823800
426	268488455	READY	true	false	46045	41251	-3504	COMPLETED	false	false	ecology_fenced:ecology.preparation_capacity:SUCCESS	297911597658100
427	268488456	READY	true	false	48712	55466	-3464	UNKNOWN	false	false	ecology_fenced:transaction.item_conflict_canonical:NATIVE_CONTEXT_REQUIRED	297911599028100
428	268488469	READY	true	false	24496	9206	-3584	COMPLETED	true	false	ecology_fenced:transaction.backend_failure:SUCCESS	297911600293500
429	268488470	DEAD	false	false	-86401	253927	-3736	COMPLETED	true	false	schedule_not_active:ecology.cursor_pending:SUCCESS	297911601274800
430	268488483	INCONSISTENT	false	false	54714	51620	-3592	UNKNOWN	false	false	schedule_not_active:catchup.renewal.background_state_invalid:INCONSISTENT	297911601767000
431	268488484	READY	true	false	119336	-180368	-2368	UNKNOWN	false	false	ecology_fenced:transaction.item_conflict_canonical:NATIVE_CONTEXT_REQUIRED	297911603114000
432	268488500	READY	true	false	-50077	-115763	-160	COMPLETED	true	false	ecology_fenced:ecology.persistence_or_runtime_failure:SUCCESS	297911604081500
433	268488501	READY	false	false	-86401	253927	-3736	UNKNOWN	false	false	schedule_not_active:transaction.item_conflict_canonical:NATIVE_CONTEXT_REQUIRED	297911605265600
434	268488516	INCONSISTENT	false	false	44126	42751	-3488	UNKNOWN	false	false	schedule_not_active:catchup.renewal.background_state_invalid:INCONSISTENT	297911605845400
435	268488517	READY	true	false	24496	9206	-3584	COMPLETED	true	false	ecology_fenced:transaction.backend_failure:SUCCESS	297911606982700
436	268488532	READY	true	false	24496	9206	-3584	COMPLETED	true	false	ecology_fenced:transaction.backend_failure:SUCCESS	297911608045700
437	268488533	DEAD	false	false	-86401	253927	-3736	COMPLETED	true	false	schedule_not_active:ecology.commit_pending:SUCCESS	297911608977100
438	268488549	DEAD	false	false	-125531	37944	1176	COMPLETED	true	false	schedule_not_active:ecology.commit_pending:SUCCESS	297911609986400
439	268488550	READY	true	false	119877	-202135	-3456	UNKNOWN	false	false	ecology_fenced:transaction.item_conflict_canonical:NATIVE_CONTEXT_REQUIRED	297911610963500
440	268488565	READY	true	false	-84312	252645	-3664	UNKNOWN	false	false	ecology_fenced:transaction.item_conflict_canonical:NATIVE_CONTEXT_REQUIRED	297911611837100
441	268488566	READY	true	false	24496	9206	-3584	COMPLETED	true	false	ecology_fenced:transaction.backend_failure:SUCCESS	297911613210700
442	268488581	READY	false	false	24496	9206	-3584	COMPLETED	true	false	schedule_not_active:transaction.backend_failure:SUCCESS	297911614712900
443	268488582	INCONSISTENT	false	false	44126	42751	-3488	UNKNOWN	false	false	schedule_not_active:catchup.renewal.background_state_invalid:INCONSISTENT	297911615288100
444	268488596	READY	true	false	-84312	252645	-3664	UNKNOWN	false	false	ecology_fenced:transaction.item_conflict_canonical:NATIVE_CONTEXT_REQUIRED	297911616229000
445	268488597	READY	true	false	24496	9206	-3584	COMPLETED	true	false	ecology_fenced:transaction.backend_failure:SUCCESS	297911617431500
446	268488614	DEAD	false	false	-50077	-115763	-160	COMPLETED	true	false	schedule_not_active:ecology.commit_pending:SUCCESS	297911618925200
447	268488615	DEAD	false	false	51500	59679	-3368	COMPLETED	true	false	schedule_not_active:transaction.native_context_required:SUCCESS	297911620068500
448	268488629	READY	true	false	48712	55466	-3464	COMPLETED	true	false	ecology_fenced:ecology.persistence_or_runtime_failure:SUCCESS	297911621032300
449	268488630	READY	true	false	-90072	248328	-3568	COMPLETED	false	false	ecology_fenced:catchup.travel.no_route:SUCCESS	297911622197000
450	268488646	DEAD	false	false	51500	59679	-3368	COMPLETED	true	false	schedule_not_active:transaction.native_context_required:SUCCESS	297911623275400
451	268488648	INCONSISTENT	false	false	44126	42751	-3488	UNKNOWN	false	false	schedule_not_active:catchup.renewal.background_state_invalid:INCONSISTENT	297911623847700
452	268488662	READY	true	false	46045	41251	-3504	COMPLETED	false	false	ecology_fenced:ecology.preparation_capacity:SUCCESS	297911625026400
453	268488663	READY	true	false	24496	9206	-3584	COMPLETED	true	false	ecology_fenced:transaction.backend_failure:SUCCESS	297911626161500
454	268488678	READY	true	false	119877	-202135	-3456	UNKNOWN	false	false	ecology_fenced:transaction.item_conflict_canonical:NATIVE_CONTEXT_REQUIRED	297911627138400
455	268488679	DEAD	false	false	-86401	253927	-3736	COMPLETED	true	false	schedule_not_active:ecology.commit_pending:SUCCESS	297911628265800
456	268488693	READY	false	false	48712	55466	-3464	COMPLETED	true	false	schedule_not_active:ecology.persistence_or_runtime_failure:SUCCESS	297911629320800
457	268488694	DEAD	true	false	-125531	37944	1176	COMPLETED	true	false	ecology_fenced:ecology.commit_pending:SUCCESS	297911630820700
458	268488710	READY	true	false	24496	9206	-3584	COMPLETED	true	false	ecology_fenced:transaction.backend_failure:SUCCESS	297911632181600
459	268488712	DEAD	false	false	51500	59679	-3368	COMPLETED	true	false	schedule_not_active:transaction.native_context_required:SUCCESS	297911633138000
460	268488730	INCONSISTENT	false	false	44126	42751	-3488	UNKNOWN	false	false	schedule_not_active:catchup.renewal.background_state_invalid:INCONSISTENT	297911633672300
461	268488731	READY	true	false	-90072	248328	-3568	COMPLETED	false	false	ecology_fenced:catchup.travel.no_route:SUCCESS	297911634558500
462	268488744	READY	true	false	119877	-202135	-3456	UNKNOWN	false	false	ecology_fenced:transaction.item_conflict_canonical:NATIVE_CONTEXT_REQUIRED	297911635665000
463	268488745	READY	false	false	24496	9206	-3584	COMPLETED	true	false	schedule_not_active:transaction.backend_failure:SUCCESS	297911636739500
464	268488760	DEAD	false	false	-86401	253927	-3736	COMPLETED	true	false	schedule_not_active:ecology.commit_pending:SUCCESS	297911637594800
465	268488761	READY	true	false	-90072	248328	-3568	COMPLETED	false	false	ecology_fenced:catchup.travel.no_route:SUCCESS	297911638611200
466	268488775	READY	true	false	-50077	-115763	-160	COMPLETED	true	false	ecology_fenced:ecology.persistence_or_runtime_failure:SUCCESS	297911639809200
467	268488776	READY	true	false	24496	9206	-3584	COMPLETED	true	false	ecology_fenced:transaction.backend_failure:SUCCESS	297911640942700
468	268488792	READY	false	false	24496	9206	-3584	COMPLETED	true	false	schedule_not_active:transaction.backend_failure:SUCCESS	297911641963700
469	268488793	DEAD	false	false	-86401	253927	-3736	COMPLETED	true	false	schedule_not_active:ecology.commit_pending:SUCCESS	297911642895400
470	268488806	READY	true	false	-50077	-115763	-160	COMPLETED	true	false	ecology_fenced:transaction.backend_failure:SUCCESS	297911644067900
471	268488808	READY	true	false	24496	9206	-3584	COMPLETED	true	false	ecology_fenced:transaction.backend_failure:SUCCESS	297911645216900
472	268488823	READY	false	false	-50077	-115763	-160	COMPLETED	true	false	schedule_not_active:ecology.persistence_or_runtime_failure:SUCCESS	297911646681900
473	268488824	READY	false	false	-50077	-115763	-160	COMPLETED	true	false	schedule_not_active:ecology.persistence_or_runtime_failure:SUCCESS	297911648061700
474	268488842	READY	true	false	24496	9206	-3584	COMPLETED	true	false	ecology_fenced:transaction.backend_failure:SUCCESS	297911649176000
475	268488843	READY	true	false	24496	9206	-3584	COMPLETED	true	false	ecology_fenced:transaction.backend_failure:SUCCESS	297911650380700
476	268488860	DEAD	false	false	-50077	-115763	-160	COMPLETED	true	false	schedule_not_active:ecology.commit_pending:SUCCESS	297911651312400
477	268488861	READY	false	false	119877	-202135	-3456	UNKNOWN	false	false	schedule_not_active:transaction.item_conflict_canonical:NATIVE_CONTEXT_REQUIRED	297911652524600
478	268488876	READY	false	false	-49106	-115854	-160	COMPLETED	true	false	schedule_not_active:ecology.persistence_or_runtime_failure:SUCCESS	297911653515800
479	268488877	READY	true	false	52710	55450	-3320	UNKNOWN	false	false	ecology_fenced:transaction.item_conflict_canonical:NATIVE_CONTEXT_REQUIRED	297911654393700
480	268488895	READY	true	false	-90072	248328	-3568	COMPLETED	false	false	ecology_fenced:catchup.travel.no_route:SUCCESS	297911655283300
481	268488896	READY	false	false	-86401	253927	-3736	UNKNOWN	false	false	schedule_not_active:transaction.item_conflict_canonical:NATIVE_CONTEXT_REQUIRED	297911656307600
482	268488911	READY	false	false	48712	55466	-3464	UNKNOWN	false	false	schedule_not_active:transaction.item_conflict_canonical:NATIVE_CONTEXT_REQUIRED	297911657325000
483	268488912	READY	true	false	53398	63278	-3480	UNKNOWN	false	false	ecology_fenced:transaction.item_conflict_canonical:NATIVE_CONTEXT_REQUIRED	297911658334300
484	268488927	READY	true	false	24496	9206	-3584	COMPLETED	true	false	ecology_fenced:transaction.backend_failure:SUCCESS	297911659375400
485	268488928	DEAD	false	false	119336	-180368	-2368	COMPLETED	true	false	schedule_not_active:ecology.commit_pending:SUCCESS	297911660518300
486	268488943	DEAD	false	false	-86401	253927	-3736	COMPLETED	true	false	schedule_not_active:ecology.commit_pending:SUCCESS	297911661594400
487	268488944	READY	true	false	52710	55450	-3320	UNKNOWN	false	false	ecology_fenced:transaction.item_conflict_canonical:NATIVE_CONTEXT_REQUIRED	297911662492000
488	268488958	READY	true	false	-50077	-115763	-160	COMPLETED	true	false	ecology_fenced:transaction.backend_failure:SUCCESS	297911663837300
489	268488959	DEAD	false	false	-86401	253927	-3736	COMPLETED	true	false	schedule_not_active:ecology.commit_pending:SUCCESS	297911664903500
490	268488973	READY	false	false	24496	9206	-3584	COMPLETED	true	false	schedule_not_active:transaction.backend_failure:SUCCESS	297911665756600
491	268488974	READY	false	false	-50077	-115763	-160	COMPLETED	true	false	schedule_not_active:transaction.backend_failure:SUCCESS	297911666507500
492	268488993	READY	true	false	-90072	248328	-3568	COMPLETED	false	false	ecology_fenced:catchup.travel.no_route:SUCCESS	297911667229100
493	268488995	READY	true	false	119877	-202135	-3456	UNKNOWN	false	false	ecology_fenced:transaction.item_conflict_canonical:NATIVE_CONTEXT_REQUIRED	297911667871700
494	268489009	DEAD	false	false	24496	9206	-3584	COMPLETED	true	false	schedule_not_active:ecology.commit_pending:SUCCESS	297911668765200
495	268489015	READY	false	false	24496	9206	-3584	COMPLETED	true	false	schedule_not_active:transaction.backend_failure:SUCCESS	297911669481300
496	268489031	READY	true	false	-90072	248328	-3568	COMPLETED	false	false	ecology_fenced:catchup.travel.no_route:SUCCESS	297911670215600
497	268489033	READY	true	false	24496	9206	-3584	COMPLETED	true	false	ecology_fenced:transaction.backend_failure:SUCCESS	297911670900100
498	268489048	READY	false	false	24496	9206	-3584	COMPLETED	true	false	schedule_not_active:transaction.backend_failure:SUCCESS	297911671716600
499	268489056	READY	false	false	24496	9206	-3584	COMPLETED	true	false	schedule_not_active:transaction.backend_failure:SUCCESS	297911672628900
500	268489066	READY	true	false	115758	-182753	-1448	COMPLETED	false	false	ecology_fenced:catchup.travel.no_route:SUCCESS	297911673379500
501	268489075	READY	true	false	24496	9206	-3584	COMPLETED	true	false	ecology_fenced:transaction.backend_failure:SUCCESS	297911674214200
502	268489083	READY	false	false	48712	55466	-3464	COMPLETED	true	false	schedule_not_active:ecology.persistence_or_runtime_failure:SUCCESS	297911674861700
503	268489084	DEAD	false	false	53398	63278	-3480	COMPLETED	true	false	schedule_not_active:transaction.native_context_required:SUCCESS	297911675485500
504	268489099	READY	false	false	48712	55466	-3464	COMPLETED	true	false	schedule_not_active:ecology.persistence_or_runtime_failure:SUCCESS	297911676381600
505	268489100	READY	true	false	52710	55450	-3320	UNKNOWN	false	false	ecology_fenced:transaction.item_conflict_canonical:NATIVE_CONTEXT_REQUIRED	297911677169500
506	268489117	READY	true	false	46045	41251	-3504	COMPLETED	false	false	ecology_fenced:ecology.preparation_capacity:SUCCESS	297911677923300
507	268489118	READY	false	false	24496	9206	-3584	COMPLETED	true	false	schedule_not_active:transaction.backend_failure:SUCCESS	297911678730500
508	268489133	READY	false	false	119877	-202135	-3456	UNKNOWN	false	false	schedule_not_active:transaction.item_conflict_canonical:NATIVE_CONTEXT_REQUIRED	297911679980200
509	268489136	READY	true	false	-49106	-115854	-160	COMPLETED	true	false	ecology_fenced:ecology.persistence_or_runtime_failure:SUCCESS	297911681192900
510	268489151	READY	true	false	-50077	-115763	-160	COMPLETED	true	false	ecology_fenced:transaction.backend_failure:SUCCESS	297911682141500
511	268489161	DEAD	false	false	24496	9206	-3584	COMPLETED	true	false	schedule_not_active:ecology.commit_pending:SUCCESS	297911682896900
512	268489169	DEAD	false	false	-125472	38450	1176	COMPLETED	true	false	schedule_not_active:ecology.commit_pending:SUCCESS	297911683571800
513	268489178	READY	true	false	-84312	252645	-3664	UNKNOWN	false	false	ecology_fenced:transaction.item_conflict_canonical:NATIVE_CONTEXT_REQUIRED	297911684271100
514	268489186	READY	true	false	53398	63278	-3480	UNKNOWN	false	false	ecology_fenced:transaction.item_conflict_canonical:NATIVE_CONTEXT_REQUIRED	297911685448900
515	268489187	DEAD	false	false	-86401	253927	-3736	COMPLETED	true	false	schedule_not_active:ecology.commit_pending:SUCCESS	297911686124000
516	268489202	READY	false	false	119336	-180368	-2368	UNKNOWN	false	false	schedule_not_active:transaction.item_conflict_canonical:NATIVE_CONTEXT_REQUIRED	297911686905600
517	268489210	DEAD	false	false	24496	9206	-3584	COMPLETED	true	false	schedule_not_active:ecology.commit_pending:SUCCESS	297911687570800
518	268489219	READY	true	false	24496	9206	-3584	COMPLETED	true	false	ecology_fenced:transaction.backend_failure:SUCCESS	297911688383300
519	268489221	READY	true	false	24496	9206	-3584	COMPLETED	true	false	ecology_fenced:transaction.backend_failure:SUCCESS	297911689293500
520	268489237	DEAD	false	false	24496	9206	-3584	COMPLETED	true	false	schedule_not_active:ecology.commit_pending:SUCCESS	297911690319200
521	268489239	READY	false	false	24496	9206	-3584	COMPLETED	true	false	schedule_not_active:transaction.backend_failure:SUCCESS	297911691121800
522	268489254	DEAD	true	false	-125464	37776	1176	COMPLETED	true	false	ecology_fenced:ecology.commit_pending:SUCCESS	297911691849600
523	268489255	READY	true	false	-90072	248328	-3568	COMPLETED	false	false	ecology_fenced:catchup.travel.no_route:SUCCESS	297911692580500
524	268489270	DEAD	false	false	-86401	253927	-3736	COMPLETED	true	false	schedule_not_active:ecology.commit_pending:SUCCESS	297911693435300
525	268489271	DEAD	false	false	-86401	253927	-3736	COMPLETED	true	false	schedule_not_active:ecology.commit_pending:SUCCESS	297911694431700
526	268489286	READY	true	false	-90072	248328	-3568	COMPLETED	false	false	ecology_fenced:catchup.travel.no_route:SUCCESS	297911695544300
527	268489288	READY	true	false	-50077	-115763	-160	COMPLETED	true	false	ecology_fenced:ecology.persistence_or_runtime_failure:SUCCESS	297911697215200
528	268489305	READY	true	false	-90072	248328	-3568	COMPLETED	false	false	ecology_fenced:catchup.travel.no_route:SUCCESS	297911698422100
529	268489312	DEAD	false	false	-86401	253927	-3736	COMPLETED	true	false	schedule_not_active:ecology.commit_pending:SUCCESS	297911699476900
530	268489320	READY	false	false	24496	9206	-3584	COMPLETED	true	false	schedule_not_active:transaction.backend_failure:SUCCESS	297911700380700
531	268489328	READY	true	false	119877	-202135	-3456	UNKNOWN	false	false	ecology_fenced:transaction.item_conflict_canonical:NATIVE_CONTEXT_REQUIRED	297911701260700
532	268489337	DEAD	true	false	-125472	38450	1176	COMPLETED	true	false	ecology_fenced:ecology.commit_pending:SUCCESS	297911702363300
533	268489345	READY	false	false	48712	55466	-3464	COMPLETED	true	false	schedule_not_active:ecology.persistence_or_runtime_failure:SUCCESS	297911703360900
534	268489353	READY	false	false	24496	9206	-3584	COMPLETED	true	false	schedule_not_active:transaction.backend_failure:SUCCESS	297911704490400
535	268489360	READY	true	false	-90072	248328	-3568	COMPLETED	false	false	ecology_fenced:catchup.travel.no_route:SUCCESS	297911705486800
536	268489367	READY	true	false	24496	9206	-3584	COMPLETED	true	false	ecology_fenced:transaction.backend_failure:SUCCESS	297911706974300
537	268489375	DEAD	false	false	-125615	37771	1176	COMPLETED	true	false	schedule_not_active:ecology.cursor_pending:SUCCESS	297911708076100
538	268489384	DEAD	false	false	-86401	253927	-3736	COMPLETED	true	false	schedule_not_active:ecology.commit_pending:SUCCESS	297911709218700
539	268489391	READY	true	false	115072	-178176	-880	COMPLETED	false	false	ecology_fenced:catchup.travel.no_route:SUCCESS	297911710282000
540	268489400	DEAD	true	false	-125517	38267	1176	COMPLETED	true	false	ecology_fenced:ecology.commit_pending:SUCCESS	297911711428300
541	268489410	DEAD	true	false	-125517	38267	1176	COMPLETED	true	false	ecology_fenced:ecology.commit_pending:SUCCESS	297911712426300
542	268489420	DEAD	false	false	-125517	38267	1176	COMPLETED	true	false	schedule_not_active:ecology.commit_pending:SUCCESS	297911713846500
543	268489429	DEAD	false	false	-86401	253927	-3736	COMPLETED	true	false	schedule_not_active:ecology.commit_pending:SUCCESS	297911715201000
544	268489437	READY	true	false	51500	59679	-3368	UNKNOWN	false	false	ecology_fenced:transaction.item_conflict_canonical:NATIVE_CONTEXT_REQUIRED	297911716309100
545	268489445	READY	true	false	52710	55450	-3320	UNKNOWN	false	false	ecology_fenced:transaction.item_conflict_canonical:NATIVE_CONTEXT_REQUIRED	297911717435900
546	268489453	DEAD	false	false	-125517	38267	1176	COMPLETED	true	false	schedule_not_active:ecology.commit_pending:SUCCESS	297911718479400
547	268489462	READY	false	false	51500	59679	-3368	UNKNOWN	false	false	schedule_not_active:transaction.item_conflict_canonical:NATIVE_CONTEXT_REQUIRED	297911719461700
548	268489470	READY	true	false	-50077	-115763	-160	COMPLETED	true	false	ecology_fenced:ecology.persistence_or_runtime_failure:SUCCESS	297911720709200
549	268489479	READY	true	false	53398	63278	-3480	UNKNOWN	false	false	ecology_fenced:transaction.item_conflict_canonical:NATIVE_CONTEXT_REQUIRED	297911721847200
550	268489489	DEAD	false	false	24496	9206	-3584	COMPLETED	true	false	schedule_not_active:ecology.commit_pending:SUCCESS	297911722997400
551	268489496	DEAD	false	false	-125531	37944	1176	COMPLETED	true	false	schedule_not_active:ecology.commit_pending:SUCCESS	297911724087400
552	268489505	READY	true	false	-90072	248328	-3568	COMPLETED	false	false	ecology_fenced:catchup.travel.no_route:SUCCESS	297911725148800
553	268489514	READY	true	false	48712	55466	-3464	COMPLETED	true	false	ecology_fenced:ecology.persistence_or_runtime_failure:SUCCESS	297911726218900
554	268489524	READY	true	false	119877	-202135	-3456	UNKNOWN	false	false	ecology_fenced:transaction.item_conflict_canonical:NATIVE_CONTEXT_REQUIRED	297911727373900
555	268489532	DEAD	false	false	-125472	38450	1176	COMPLETED	true	false	schedule_not_active:ecology.commit_pending:SUCCESS	297911728492500
556	268489541	READY	false	false	-50077	-115763	-160	COMPLETED	true	false	schedule_not_active:ecology.persistence_or_runtime_failure:SUCCESS	297911729788900
557	268489549	DEAD	true	false	-125531	37944	1176	COMPLETED	true	false	ecology_fenced:ecology.commit_pending:SUCCESS	297911731342500
558	268489557	READY	true	false	48712	55466	-3464	COMPLETED	true	false	ecology_fenced:ecology.persistence_or_runtime_failure:SUCCESS	297911732522400
559	268489565	READY	false	false	24496	9206	-3584	COMPLETED	true	false	schedule_not_active:transaction.backend_failure:SUCCESS	297911733631900
560	268489573	READY	false	false	24496	9206	-3584	COMPLETED	true	false	schedule_not_active:transaction.backend_failure:SUCCESS	297911734637100
561	268489580	READY	true	false	-90072	248328	-3568	COMPLETED	false	false	ecology_fenced:catchup.travel.no_route:SUCCESS	297911735686900
562	268489587	READY	true	false	119877	-202135	-3456	UNKNOWN	false	false	ecology_fenced:transaction.item_conflict_canonical:NATIVE_CONTEXT_REQUIRED	297911736665800
563	268489596	READY	false	false	24496	9206	-3584	COMPLETED	true	false	schedule_not_active:transaction.backend_failure:SUCCESS	297911737666900
564	268489605	DEAD	false	false	-50077	-115763	-160	COMPLETED	true	false	schedule_not_active:ecology.commit_pending:SUCCESS	297911738712800
565	268489613	READY	true	false	-86401	253927	-3736	UNKNOWN	false	false	ecology_fenced:transaction.item_conflict_canonical:NATIVE_CONTEXT_REQUIRED	297911739710500
566	268489626	READY	true	false	-50845	-113715	-168	COMPLETED	false	false	ecology_fenced:catchup.travel.no_route:SUCCESS	297911741009300
567	268489634	READY	true	false	24496	9206	-3584	COMPLETED	true	false	ecology_fenced:transaction.backend_failure:SUCCESS	297911742125800
568	268489642	READY	false	false	24496	9206	-3584	COMPLETED	true	false	schedule_not_active:transaction.backend_failure:SUCCESS	297911743136800
569	268489650	DEAD	false	false	-86401	253927	-3736	COMPLETED	true	false	schedule_not_active:ecology.commit_pending:SUCCESS	297911744295100
570	268489658	READY	true	false	-90072	248328	-3568	COMPLETED	false	false	ecology_fenced:catchup.travel.no_route:SUCCESS	297911745175600
571	268489667	DEAD	true	false	-50077	-115763	-160	COMPLETED	true	false	ecology_fenced:ecology.commit_pending:SUCCESS	297911746740700
572	268489674	READY	false	false	-86401	253927	-3736	UNKNOWN	false	false	schedule_not_active:transaction.item_conflict_canonical:NATIVE_CONTEXT_REQUIRED	297911748056900
573	268489682	READY	false	false	-84312	252645	-3664	UNKNOWN	false	false	schedule_not_active:transaction.item_conflict_canonical:NATIVE_CONTEXT_REQUIRED	297911749198400
574	268489691	READY	true	false	54714	51620	-3592	UNKNOWN	false	false	ecology_fenced:transaction.item_conflict_canonical:NATIVE_CONTEXT_REQUIRED	297911750174500
575	268489699	READY	true	false	51500	59679	-3368	UNKNOWN	false	false	ecology_fenced:transaction.item_conflict_canonical:NATIVE_CONTEXT_REQUIRED	297911751031500
576	268489708	DEAD	false	false	-86401	253927	-3736	COMPLETED	true	false	schedule_not_active:ecology.commit_pending:SUCCESS	297911752333000
577	268489715	DEAD	false	false	119877	-202135	-3456	COMPLETED	true	false	schedule_not_active:ecology.commit_pending:SUCCESS	297911753155500
578	268489723	READY	false	false	-84312	252645	-3664	UNKNOWN	false	false	schedule_not_active:transaction.item_conflict_canonical:NATIVE_CONTEXT_REQUIRED	297911753885500
579	268489731	READY	true	false	24496	9206	-3584	COMPLETED	true	false	ecology_fenced:transaction.backend_failure:SUCCESS	297911754558100
580	268489742	READY	true	false	24496	9206	-3584	COMPLETED	true	false	ecology_fenced:transaction.backend_failure:SUCCESS	297911755484000
581	268489749	READY	false	false	48712	55466	-3464	COMPLETED	true	false	schedule_not_active:ecology.persistence_or_runtime_failure:SUCCESS	297911756313900
582	268489775	READY	false	false	51500	59679	-3368	UNKNOWN	false	false	schedule_not_active:transaction.item_conflict_canonical:NATIVE_CONTEXT_REQUIRED	297911757321900
583	268489783	READY	true	false	-90072	248328	-3568	COMPLETED	false	false	ecology_fenced:catchup.travel.no_route:SUCCESS	297911758023700
584	268489790	READY	true	false	-50077	-115763	-160	COMPLETED	true	false	ecology_fenced:transaction.backend_failure:SUCCESS	297911758880800
585	268489797	DEAD	false	false	119336	-180368	-2368	COMPLETED	true	false	schedule_not_active:ecology.commit_pending:SUCCESS	297911759492500
586	268489807	READY	false	false	48712	55466	-3464	COMPLETED	true	false	schedule_not_active:ecology.persistence_or_runtime_failure:SUCCESS	297911760417800
587	268489815	READY	true	false	-90072	248328	-3568	COMPLETED	false	false	ecology_fenced:catchup.travel.no_route:SUCCESS	297911761165100
588	268489822	READY	true	false	-90072	248328	-3568	COMPLETED	false	false	ecology_fenced:catchup.travel.no_route:SUCCESS	297911761943400
589	268489830	READY	false	false	24496	9206	-3584	COMPLETED	true	false	schedule_not_active:transaction.backend_failure:SUCCESS	297911763149500
590	268489838	READY	false	false	24496	9206	-3584	COMPLETED	true	false	schedule_not_active:transaction.backend_failure:SUCCESS	297911764038600
591	268489848	DEAD	false	false	-125615	37771	1176	COMPLETED	true	false	schedule_not_active:ecology.commit_pending:SUCCESS	297911764846700
592	268489857	DEAD	true	false	-125464	37776	1176	COMPLETED	true	false	ecology_fenced:ecology.commit_pending:SUCCESS	297911765530500
593	268489865	READY	true	false	115488	-179664	-888	COMPLETED	false	false	ecology_fenced:catchup.travel.no_route:SUCCESS	297911766140800
594	268489873	DEAD	false	false	-49106	-115854	-160	COMPLETED	true	false	schedule_not_active:ecology.commit_pending:SUCCESS	297911766840600
595	268489881	DEAD	false	false	-86401	253927	-3736	COMPLETED	true	false	schedule_not_active:ecology.commit_pending:SUCCESS	297911767457100
596	268489888	READY	true	false	24496	9206	-3584	COMPLETED	true	false	ecology_fenced:transaction.backend_failure:SUCCESS	297911768485800
597	268489896	DEAD	true	false	-125472	38450	1176	COMPLETED	true	false	ecology_fenced:ecology.cursor_pending:SUCCESS	297911769121000
598	268489906	DEAD	false	false	54714	51620	-3592	COMPLETED	true	false	schedule_not_active:ecology.commit_pending:SUCCESS	297911769818500
599	268489915	DEAD	false	false	53398	63278	-3480	COMPLETED	true	false	schedule_not_active:transaction.native_context_required:SUCCESS	297911770463800
600	268489923	READY	true	false	119336	-180368	-2368	UNKNOWN	false	false	ecology_fenced:transaction.item_conflict_canonical:NATIVE_CONTEXT_REQUIRED	297911771062800
601	268489931	DEAD	true	false	-86401	253927	-3736	COMPLETED	true	false	ecology_fenced:ecology.commit_pending:SUCCESS	297911771772200
602	268489939	READY	false	false	24496	9206	-3584	COMPLETED	true	false	schedule_not_active:transaction.backend_failure:SUCCESS	297911772677200
603	268489947	READY	false	false	51500	59679	-3368	UNKNOWN	false	false	schedule_not_active:transaction.item_conflict_canonical:NATIVE_CONTEXT_REQUIRED	297911773512100
604	268489955	READY	false	false	-49106	-115854	-160	COMPLETED	true	false	schedule_not_active:transaction.backend_failure:SUCCESS	297911774269000
605	268489962	READY	true	false	24496	9206	-3584	COMPLETED	true	false	ecology_fenced:transaction.backend_failure:SUCCESS	297911775351700
606	268489970	DEAD	true	false	53398	63278	-3480	COMPLETED	true	false	ecology_fenced:ecology.commit_pending:SUCCESS	297911776006400
607	268489978	READY	false	false	24496	9206	-3584	COMPLETED	true	false	schedule_not_active:transaction.backend_failure:SUCCESS	297911776787200
608	268489988	READY	false	false	119336	-180368	-2368	UNKNOWN	false	false	schedule_not_active:transaction.item_conflict_canonical:NATIVE_CONTEXT_REQUIRED	297911777538800
609	268489998	READY	true	false	-50077	-115763	-160	COMPLETED	true	false	ecology_fenced:ecology.persistence_or_runtime_failure:SUCCESS	297911778385100
610	268490007	READY	true	false	52710	55450	-3320	UNKNOWN	false	false	ecology_fenced:transaction.item_conflict_canonical:NATIVE_CONTEXT_REQUIRED	297911779317500
611	268490015	READY	false	false	-50077	-115763	-160	COMPLETED	true	false	schedule_not_active:ecology.persistence_or_runtime_failure:SUCCESS	297911780505700
612	268490023	INCONSISTENT	false	false	44126	42751	-3488	UNKNOWN	false	false	schedule_not_active:catchup.renewal.background_state_invalid:INCONSISTENT	297911781238400
613	268490030	DEAD	true	false	53398	63278	-3480	COMPLETED	true	false	ecology_fenced:transaction.native_context_required:SUCCESS	297911782094000
614	268490038	READY	true	false	-50077	-115763	-160	COMPLETED	true	false	ecology_fenced:transaction.backend_failure:SUCCESS	297911782852700
615	268490046	DEAD	false	false	-50077	-115763	-160	COMPLETED	true	false	schedule_not_active:ecology.commit_pending:SUCCESS	297911783522000
616	268490054	DEAD	false	false	119877	-202135	-3456	COMPLETED	true	false	schedule_not_active:ecology.commit_pending:SUCCESS	297911784185600
617	268490062	READY	false	false	-84312	252645	-3664	UNKNOWN	false	false	schedule_not_active:transaction.item_conflict_canonical:NATIVE_CONTEXT_REQUIRED	297911785232100
618	268490071	READY	true	false	24496	9206	-3584	COMPLETED	true	false	ecology_fenced:transaction.backend_failure:SUCCESS	297911786014800
619	268490079	READY	true	false	-86401	253927	-3736	UNKNOWN	false	false	ecology_fenced:transaction.item_conflict_canonical:NATIVE_CONTEXT_REQUIRED	297911786663300
620	268490088	READY	false	false	24496	9206	-3584	COMPLETED	true	false	schedule_not_active:transaction.backend_failure:SUCCESS	297911787354600
621	268490096	DEAD	false	false	-86401	253927	-3736	COMPLETED	true	false	schedule_not_active:ecology.commit_pending:SUCCESS	297911787987200
622	268490103	READY	true	false	-90072	248328	-3568	COMPLETED	false	false	ecology_fenced:catchup.travel.no_route:SUCCESS	297911788925000
623	268490110	READY	true	false	-90072	248328	-3568	COMPLETED	false	false	ecology_fenced:catchup.travel.no_route:SUCCESS	297911789732000
624	268490117	DEAD	false	false	24496	9206	-3584	COMPLETED	true	false	schedule_not_active:ecology.commit_pending:SUCCESS	297911790614000
625	268490125	READY	false	false	-49106	-115854	-160	COMPLETED	true	false	schedule_not_active:transaction.backend_failure:SUCCESS	297911791427200
626	268490132	DEAD	true	false	-125607	38452	1176	COMPLETED	true	false	ecology_fenced:ecology.cursor_pending:SUCCESS	297911792279000
627	268490141	READY	true	false	24496	9206	-3584	COMPLETED	true	false	ecology_fenced:transaction.backend_failure:SUCCESS	297911793145200
628	268490149	READY	true	false	-50077	-115763	-160	COMPLETED	true	false	ecology_fenced:ecology.persistence_or_runtime_failure:SUCCESS	297911793922500
629	268490157	READY	false	false	24496	9206	-3584	COMPLETED	true	false	schedule_not_active:transaction.backend_failure:SUCCESS	297911794646800
630	268490164	DEAD	false	false	-86401	253927	-3736	COMPLETED	true	false	schedule_not_active:ecology.commit_pending:SUCCESS	297911795329000
631	268490172	READY	true	false	119877	-202135	-3456	UNKNOWN	false	false	ecology_fenced:transaction.item_conflict_canonical:NATIVE_CONTEXT_REQUIRED	297911796435900
632	268490180	READY	true	false	48712	55466	-3464	COMPLETED	true	false	ecology_fenced:ecology.persistence_or_runtime_failure:SUCCESS	297911797667600
633	268490188	DEAD	false	false	51500	59679	-3368	COMPLETED	true	false	schedule_not_active:transaction.native_context_required:SUCCESS	297911798633700
634	268490198	DEAD	false	false	-86401	253927	-3736	COMPLETED	true	false	schedule_not_active:ecology.commit_pending:SUCCESS	297911799334200
635	268490206	READY	true	false	24496	9206	-3584	COMPLETED	true	false	ecology_fenced:transaction.backend_failure:SUCCESS	297911800153300
636	268490214	READY	true	false	24496	9206	-3584	COMPLETED	true	false	ecology_fenced:transaction.backend_failure:SUCCESS	297911800864100
637	268490227	READY	false	false	-86401	253927	-3736	UNKNOWN	false	false	schedule_not_active:transaction.item_conflict_canonical:NATIVE_CONTEXT_REQUIRED	297911801689500
638	268490235	DEAD	false	false	-49106	-115854	-160	COMPLETED	true	false	schedule_not_active:ecology.commit_pending:SUCCESS	297911802501100
639	268490242	READY	true	false	115758	-182753	-1448	COMPLETED	false	false	ecology_fenced:catchup.travel.no_route:SUCCESS	297911803184700
640	268490251	READY	true	false	24496	9206	-3584	COMPLETED	true	false	ecology_fenced:transaction.backend_failure:SUCCESS	297911803851500
641	268490260	DEAD	true	false	-86401	253927	-3736	COMPLETED	true	false	ecology_fenced:ecology.commit_pending:SUCCESS	297911804460500
642	268490268	DEAD	false	false	-125464	37776	1176	COMPLETED	true	false	schedule_not_active:ecology.commit_pending:SUCCESS	297911805297700
643	268490276	READY	false	false	-49106	-115854	-160	COMPLETED	true	false	schedule_not_active:ecology.persistence_or_runtime_failure:SUCCESS	297911806173000
644	268490284	INCONSISTENT	true	false	46131	41458	-3504	UNKNOWN	false	false	ecology_fenced:catchup.renewal.background_state_invalid:INCONSISTENT	297911806822300
645	268490295	DEAD	true	false	-50077	-115763	-160	COMPLETED	true	false	ecology_fenced:ecology.cursor_pending:SUCCESS	297911807630200
646	268490303	DEAD	false	false	-86401	253927	-3736	COMPLETED	true	false	schedule_not_active:ecology.commit_pending:SUCCESS	297911808290800
647	268490311	READY	false	false	52710	55450	-3320	UNKNOWN	false	false	schedule_not_active:transaction.item_conflict_canonical:NATIVE_CONTEXT_REQUIRED	297911808990900
648	268490319	READY	true	false	52710	55450	-3320	UNKNOWN	false	false	ecology_fenced:transaction.item_conflict_canonical:NATIVE_CONTEXT_REQUIRED	297911809657800
649	268490327	READY	true	false	-49106	-115854	-160	COMPLETED	true	false	ecology_fenced:transaction.backend_failure:SUCCESS	297911810665600
650	268490335	READY	false	false	-86401	253927	-3736	UNKNOWN	false	false	schedule_not_active:transaction.item_conflict_canonical:NATIVE_CONTEXT_REQUIRED	297911811336100
651	268490342	READY	false	false	-49106	-115854	-160	COMPLETED	true	false	schedule_not_active:transaction.backend_failure:SUCCESS	297911812185900
652	268490349	INCONSISTENT	true	false	44126	42751	-3488	UNKNOWN	false	false	ecology_fenced:catchup.renewal.background_state_invalid:INCONSISTENT	297911813070300
653	268490356	READY	true	false	-49106	-115854	-160	COMPLETED	true	false	ecology_fenced:transaction.backend_failure:SUCCESS	297911814124400
654	268490365	READY	true	false	119336	-180368	-2368	UNKNOWN	false	false	ecology_fenced:transaction.item_conflict_canonical:NATIVE_CONTEXT_REQUIRED	297911815015900
655	268490375	READY	false	false	24496	9206	-3584	COMPLETED	true	false	schedule_not_active:transaction.backend_failure:SUCCESS	297911815755700
656	268490384	DEAD	false	false	51500	59679	-3368	COMPLETED	true	false	schedule_not_active:transaction.native_context_required:SUCCESS	297911816431100
657	268490391	DEAD	true	false	-50077	-115763	-160	COMPLETED	true	false	ecology_fenced:ecology.commit_pending:SUCCESS	297911817246300
658	268490398	DEAD	true	false	-86401	253927	-3736	COMPLETED	true	false	ecology_fenced:ecology.commit_pending:SUCCESS	297911818097200
659	268490406	READY	false	false	-86401	253927	-3736	UNKNOWN	false	false	schedule_not_active:transaction.item_conflict_canonical:NATIVE_CONTEXT_REQUIRED	297911818818200
660	268490415	DEAD	false	false	-86401	253927	-3736	COMPLETED	true	false	schedule_not_active:ecology.commit_pending:SUCCESS	297911819444100
661	268490422	DEAD	true	false	-86401	253927	-3736	COMPLETED	true	false	ecology_fenced:ecology.cursor_pending:SUCCESS	297911820255800
662	268490429	DEAD	true	false	119877	-202135	-3456	COMPLETED	true	false	ecology_fenced:ecology.cursor_pending:SUCCESS	297911820966400
663	268490438	DEAD	false	false	52710	55450	-3320	COMPLETED	true	false	schedule_not_active:transaction.native_context_required:SUCCESS	297911821695200
664	268490445	READY	false	false	-84312	252645	-3664	UNKNOWN	false	false	schedule_not_active:transaction.item_conflict_canonical:NATIVE_CONTEXT_REQUIRED	297911822536800
665	268490453	READY	true	false	24496	9206	-3584	COMPLETED	true	false	ecology_fenced:transaction.backend_failure:SUCCESS	297911823458800
666	268490462	READY	true	false	51500	59679	-3368	UNKNOWN	false	false	ecology_fenced:transaction.item_conflict_canonical:NATIVE_CONTEXT_REQUIRED	297911824270300
667	268490471	READY	true	false	24496	9206	-3584	COMPLETED	true	false	ecology_fenced:transaction.backend_failure:SUCCESS	297911825071100
668	268490480	DEAD	false	false	24496	9206	-3584	COMPLETED	true	false	schedule_not_active:ecology.commit_pending:SUCCESS	297911825960300
669	268490487	DEAD	false	false	-125615	37771	1176	COMPLETED	true	false	schedule_not_active:ecology.commit_pending:SUCCESS	297911826619900
670	268490496	DEAD	true	false	-86401	253927	-3736	COMPLETED	true	false	ecology_fenced:ecology.commit_pending:SUCCESS	297911827387900
671	268490504	READY	true	false	24496	9206	-3584	COMPLETED	true	false	ecology_fenced:transaction.backend_failure:SUCCESS	297911828265500
672	268490513	DEAD	false	false	-50077	-115763	-160	COMPLETED	true	false	schedule_not_active:ecology.commit_pending:SUCCESS	297911829392400
673	268490515	DEAD	false	false	-125607	38452	1176	COMPLETED	true	false	schedule_not_active:ecology.cursor_pending:SUCCESS	297911830837800
674	268490530	READY	true	false	51500	59679	-3368	UNKNOWN	false	false	ecology_fenced:transaction.item_conflict_canonical:NATIVE_CONTEXT_REQUIRED	297911831887200
675	268490532	READY	true	false	-84312	252645	-3664	UNKNOWN	false	false	ecology_fenced:transaction.item_conflict_canonical:NATIVE_CONTEXT_REQUIRED	297911832746900
676	268490547	DEAD	false	false	52710	55450	-3320	COMPLETED	true	false	schedule_not_active:ecology.commit_pending:SUCCESS	297911833563800
677	268490548	DEAD	false	false	119877	-202135	-3456	COMPLETED	true	false	schedule_not_active:ecology.commit_pending:SUCCESS	297911834515800
678	268490565	READY	false	false	24496	9206	-3584	COMPLETED	true	false	schedule_not_active:transaction.backend_failure:SUCCESS	297911835554300
679	268490566	DEAD	true	false	-86401	253927	-3736	COMPLETED	true	false	ecology_fenced:ecology.commit_pending:SUCCESS	297911836393600
680	268490582	READY	true	false	24496	9206	-3584	COMPLETED	true	false	ecology_fenced:transaction.backend_failure:SUCCESS	297911837397900
681	268490585	DEAD	false	false	-50077	-115763	-160	COMPLETED	true	false	schedule_not_active:ecology.commit_pending:SUCCESS	297911838278000
682	268490598	READY	false	false	52710	55450	-3320	UNKNOWN	false	false	schedule_not_active:transaction.item_conflict_canonical:NATIVE_CONTEXT_REQUIRED	297911839243100
683	268490599	READY	true	false	24496	9206	-3584	COMPLETED	true	false	ecology_fenced:transaction.backend_failure:SUCCESS	297911840528700
684	268490614	READY	true	false	-50077	-115763	-160	COMPLETED	true	false	ecology_fenced:transaction.backend_failure:SUCCESS	297911841437700
685	268490615	READY	false	false	119336	-180368	-2368	UNKNOWN	false	false	schedule_not_active:transaction.item_conflict_canonical:NATIVE_CONTEXT_REQUIRED	297911842308100
686	268490629	READY	false	false	24496	9206	-3584	COMPLETED	true	false	schedule_not_active:transaction.backend_failure:SUCCESS	297911843165900
687	268490630	READY	true	false	-49106	-115854	-160	COMPLETED	true	false	ecology_fenced:ecology.persistence_or_runtime_failure:SUCCESS	297911844145600
688	268490645	READY	true	false	51500	59679	-3368	UNKNOWN	false	false	ecology_fenced:transaction.item_conflict_canonical:NATIVE_CONTEXT_REQUIRED	297911845043700
689	268490647	READY	false	false	-49106	-115854	-160	COMPLETED	true	false	schedule_not_active:ecology.persistence_or_runtime_failure:SUCCESS	297911846094300
690	268490663	READY	false	false	48712	55466	-3464	COMPLETED	true	false	schedule_not_active:ecology.persistence_or_runtime_failure:SUCCESS	297911847242400
691	268490664	READY	false	false	24496	9206	-3584	COMPLETED	true	false	schedule_not_active:transaction.backend_failure:SUCCESS	297911848426500
692	268490680	INCONSISTENT	true	false	-90610	248293	-3568	UNKNOWN	false	false	ecology_fenced:catchup.renewal.background_state_invalid:INCONSISTENT	297911849078800
693	268490683	READY	true	false	119877	-202135	-3456	UNKNOWN	false	false	ecology_fenced:transaction.item_conflict_canonical:NATIVE_CONTEXT_REQUIRED	297911850074200
694	268490698	DEAD	false	false	-86401	253927	-3736	COMPLETED	true	false	schedule_not_active:ecology.commit_pending:SUCCESS	297911851033100
695	268490699	DEAD	false	false	-86401	253927	-3736	COMPLETED	true	false	schedule_not_active:ecology.commit_pending:SUCCESS	297911852190600
696	268490713	DEAD	true	false	-86401	253927	-3736	COMPLETED	true	false	ecology_fenced:ecology.cursor_pending:SUCCESS	297911853222100
697	268490714	READY	true	false	48712	55466	-3464	COMPLETED	true	false	ecology_fenced:ecology.persistence_or_runtime_failure:SUCCESS	297911854177600
698	268490730	READY	false	false	24496	9206	-3584	COMPLETED	true	false	schedule_not_active:transaction.backend_failure:SUCCESS	297911855330200
699	268490731	DEAD	false	false	-50077	-115763	-160	COMPLETED	true	false	schedule_not_active:ecology.commit_pending:SUCCESS	297911856304800
700	268490747	READY	true	false	119877	-202135	-3456	UNKNOWN	false	false	ecology_fenced:transaction.item_conflict_canonical:NATIVE_CONTEXT_REQUIRED	297911857280500
701	268490748	DEAD	true	false	-86401	253927	-3736	COMPLETED	true	false	ecology_fenced:ecology.commit_pending:SUCCESS	297911858239500
702	268490763	READY	false	false	24496	9206	-3584	COMPLETED	true	false	schedule_not_active:transaction.backend_failure:SUCCESS	297911859283800
703	268490764	DEAD	false	false	-86401	253927	-3736	COMPLETED	true	false	schedule_not_active:ecology.cursor_pending:SUCCESS	297911860359600
704	268490778	READY	false	false	48712	55466	-3464	COMPLETED	true	false	schedule_not_active:ecology.persistence_or_runtime_failure:SUCCESS	297911861303200
705	268490779	READY	true	false	52710	55450	-3320	UNKNOWN	false	false	ecology_fenced:transaction.item_conflict_canonical:NATIVE_CONTEXT_REQUIRED	297911862235000
706	268490796	READY	true	false	52710	55450	-3320	UNKNOWN	false	false	ecology_fenced:transaction.item_conflict_canonical:NATIVE_CONTEXT_REQUIRED	297911863749300
707	268490797	DEAD	false	false	-50077	-115763	-160	COMPLETED	true	false	schedule_not_active:ecology.commit_pending:SUCCESS	297911865103600
708	268490812	READY	false	false	119336	-180368	-2368	UNKNOWN	false	false	schedule_not_active:transaction.item_conflict_canonical:NATIVE_CONTEXT_REQUIRED	297911866259400
709	268490820	READY	true	false	-50077	-115763	-160	COMPLETED	true	false	ecology_fenced:transaction.backend_failure:SUCCESS	297911867452400
710	268490837	DEAD	true	false	-125472	38450	1176	COMPLETED	true	false	ecology_fenced:ecology.cursor_pending:SUCCESS	297911868465700
711	268490838	DEAD	false	false	54714	51620	-3592	COMPLETED	true	false	schedule_not_active:ecology.commit_pending:SUCCESS	297911869540900
712	268490854	READY	false	false	-50077	-115763	-160	COMPLETED	true	false	schedule_not_active:ecology.persistence_or_runtime_failure:SUCCESS	297911870602800
713	268490855	READY	true	false	-86401	253927	-3736	UNKNOWN	false	false	ecology_fenced:transaction.item_conflict_canonical:NATIVE_CONTEXT_REQUIRED	297911871718700
714	268490874	READY	true	false	-50077	-115763	-160	COMPLETED	true	false	ecology_fenced:transaction.backend_failure:SUCCESS	297911872782300
715	268490875	DEAD	false	false	-125472	38450	1176	COMPLETED	true	false	schedule_not_active:ecology.commit_pending:SUCCESS	297911873834200
716	268490889	READY	false	false	119877	-202135	-3456	UNKNOWN	false	false	schedule_not_active:transaction.item_conflict_canonical:NATIVE_CONTEXT_REQUIRED	297911874953300
717	268490890	INCONSISTENT	false	false	44126	42751	-3488	UNKNOWN	false	false	schedule_not_active:catchup.renewal.background_state_invalid:INCONSISTENT	297911875463800
718	268490905	READY	true	false	52710	55450	-3320	UNKNOWN	false	false	ecology_fenced:transaction.item_conflict_canonical:NATIVE_CONTEXT_REQUIRED	297911876572500
719	268490906	READY	true	false	-86401	253927	-3736	UNKNOWN	false	false	ecology_fenced:transaction.item_conflict_canonical:NATIVE_CONTEXT_REQUIRED	297911877515700
720	268490921	DEAD	false	false	24496	9206	-3584	COMPLETED	true	false	schedule_not_active:ecology.commit_pending:SUCCESS	297911878532700
721	268490922	DEAD	false	false	-86401	253927	-3736	COMPLETED	true	false	schedule_not_active:ecology.commit_pending:SUCCESS	297911880034000
722	268490936	DEAD	true	false	-50077	-115763	-160	COMPLETED	true	false	ecology_fenced:ecology.commit_pending:SUCCESS	297911881337500
723	268490937	READY	true	false	-50077	-115763	-160	COMPLETED	true	false	ecology_fenced:transaction.backend_failure:SUCCESS	297911882674400
724	268490951	DEAD	false	false	52710	55450	-3320	COMPLETED	true	false	schedule_not_active:transaction.native_context_required:SUCCESS	297911883638700
725	268490952	DEAD	false	false	-86401	253927	-3736	COMPLETED	true	false	schedule_not_active:ecology.commit_pending:SUCCESS	297911884523800
726	268490966	READY	true	false	53398	63278	-3480	UNKNOWN	false	false	ecology_fenced:transaction.item_conflict_canonical:NATIVE_CONTEXT_REQUIRED	297911885571700
727	268490967	DEAD	true	false	-125531	37944	1176	COMPLETED	true	false	ecology_fenced:ecology.commit_pending:SUCCESS	297911886782300
728	268490982	READY	true	false	52710	55450	-3320	UNKNOWN	false	false	ecology_fenced:transaction.item_conflict_canonical:NATIVE_CONTEXT_REQUIRED	297911887796100
729	268490983	DEAD	false	false	-86401	253927	-3736	COMPLETED	true	false	schedule_not_active:ecology.cursor_pending:SUCCESS	297911888891700
730	268490997	READY	false	false	24496	9206	-3584	COMPLETED	true	false	schedule_not_active:transaction.backend_failure:SUCCESS	297911889912700
731	268490998	READY	true	false	119336	-180368	-2368	UNKNOWN	false	false	ecology_fenced:transaction.item_conflict_canonical:NATIVE_CONTEXT_REQUIRED	297911890728300
732	268491014	READY	true	false	-50077	-115763	-160	COMPLETED	true	false	ecology_fenced:transaction.backend_failure:SUCCESS	297911891672100
733	268491015	READY	false	false	48712	55466	-3464	COMPLETED	true	false	schedule_not_active:ecology.persistence_or_runtime_failure:SUCCESS	297911892422700
734	268491031	READY	false	false	24496	9206	-3584	COMPLETED	true	false	schedule_not_active:transaction.backend_failure:SUCCESS	297911893347900
735	268491032	READY	true	false	24496	9206	-3584	COMPLETED	true	false	ecology_fenced:transaction.backend_failure:SUCCESS	297911894269700
736	268491046	READY	true	false	24496	9206	-3584	COMPLETED	true	false	ecology_fenced:transaction.backend_failure:SUCCESS	297911895165600
737	268491047	DEAD	false	false	-86401	253927	-3736	COMPLETED	true	false	schedule_not_active:ecology.commit_pending:SUCCESS	297911896189900
738	268491063	DEAD	false	false	-50077	-115763	-160	COMPLETED	true	false	schedule_not_active:ecology.commit_pending:SUCCESS	297911897476200
739	268491064	READY	true	false	119336	-180368	-2368	UNKNOWN	false	false	ecology_fenced:transaction.item_conflict_canonical:NATIVE_CONTEXT_REQUIRED	297911898464700
740	268491078	READY	true	false	24496	9206	-3584	COMPLETED	true	false	ecology_fenced:transaction.backend_failure:SUCCESS	297911899447800
741	268491079	READY	true	false	-50077	-115763	-160	COMPLETED	true	false	ecology_fenced:ecology.persistence_or_runtime_failure:SUCCESS	297911900335400
742	268491094	READY	false	false	-50077	-115763	-160	COMPLETED	true	false	schedule_not_active:ecology.persistence_or_runtime_failure:SUCCESS	297911901163800
743	268491095	READY	false	false	24496	9206	-3584	COMPLETED	true	false	schedule_not_active:transaction.backend_failure:SUCCESS	297911902355000
744	268491112	READY	true	false	-86401	253927	-3736	UNKNOWN	false	false	ecology_fenced:transaction.item_conflict_canonical:NATIVE_CONTEXT_REQUIRED	297911903248800
745	268491113	DEAD	true	false	-50077	-115763	-160	COMPLETED	true	false	ecology_fenced:ecology.commit_pending:SUCCESS	297911904790300
746	268491128	DEAD	false	false	-50077	-115763	-160	COMPLETED	true	false	schedule_not_active:ecology.commit_pending:SUCCESS	297911905687300
747	268491130	READY	false	false	-50077	-115763	-160	COMPLETED	true	false	schedule_not_active:ecology.persistence_or_runtime_failure:SUCCESS	297911906543700
748	268491146	READY	true	false	51500	59679	-3368	UNKNOWN	false	false	ecology_fenced:transaction.item_conflict_canonical:NATIVE_CONTEXT_REQUIRED	297911907407900
749	268491147	READY	true	false	-50077	-115763	-160	COMPLETED	true	false	ecology_fenced:transaction.backend_failure:SUCCESS	297911908413900
750	268491160	DEAD	false	false	24496	9206	-3584	COMPLETED	true	false	schedule_not_active:ecology.commit_pending:SUCCESS	297911909283700
751	268491161	DEAD	false	false	53398	63278	-3480	COMPLETED	true	false	schedule_not_active:transaction.native_context_required:SUCCESS	297911910169300
752	268491177	READY	true	false	46045	41251	-3504	COMPLETED	false	false	ecology_fenced:ecology.preparation_capacity:SUCCESS	297911911144000
753	268491178	READY	true	false	24496	9206	-3584	COMPLETED	true	false	ecology_fenced:transaction.backend_failure:SUCCESS	297911912199900
754	268491192	READY	true	false	115488	-179664	-888	COMPLETED	false	false	ecology_fenced:catchup.travel.no_route:SUCCESS	297911913545100
755	268491194	DEAD	false	false	-125607	38452	1176	COMPLETED	true	false	schedule_not_active:ecology.commit_pending:SUCCESS	297911914726400
756	268491211	DEAD	false	false	53398	63278	-3480	COMPLETED	true	false	schedule_not_active:transaction.native_context_required:SUCCESS	297911915749900
757	268491212	READY	true	false	52710	55450	-3320	UNKNOWN	false	false	ecology_fenced:transaction.item_conflict_canonical:NATIVE_CONTEXT_REQUIRED	297911916714600
758	268491228	READY	true	false	52710	55450	-3320	UNKNOWN	false	false	ecology_fenced:transaction.item_conflict_canonical:NATIVE_CONTEXT_REQUIRED	297911917716800
759	268491229	DEAD	false	false	52710	55450	-3320	COMPLETED	true	false	schedule_not_active:transaction.native_context_required:SUCCESS	297911918812000
760	268491244	DEAD	false	false	52710	55450	-3320	COMPLETED	true	false	schedule_not_active:transaction.native_context_required:SUCCESS	297911919770300
761	268491245	READY	true	false	-49106	-115854	-160	COMPLETED	true	false	ecology_fenced:transaction.backend_failure:SUCCESS	297911920937500
762	268491274	READY	true	false	115758	-182753	-1448	COMPLETED	false	false	ecology_fenced:catchup.travel.no_route:SUCCESS	297911921841800
763	268491275	READY	false	false	24496	9206	-3584	COMPLETED	true	false	schedule_not_active:transaction.backend_failure:SUCCESS	297911922851300
764	268491298	INCONSISTENT	false	false	44126	42751	-3488	UNKNOWN	false	false	schedule_not_active:catchup.renewal.background_state_invalid:INCONSISTENT	297911923344500
765	268491299	READY	true	false	-50077	-115763	-160	COMPLETED	true	false	ecology_fenced:ecology.persistence_or_runtime_failure:SUCCESS	297911924389300
766	268491315	READY	true	false	-90072	248328	-3568	COMPLETED	false	false	ecology_fenced:catchup.travel.no_route:SUCCESS	297911925328500
767	268491317	READY	true	false	52710	55450	-3320	UNKNOWN	false	false	ecology_fenced:transaction.item_conflict_canonical:NATIVE_CONTEXT_REQUIRED	297911926248100
768	268491332	DEAD	false	false	-50077	-115763	-160	COMPLETED	true	false	schedule_not_active:ecology.commit_pending:SUCCESS	297911927315900
769	268491333	DEAD	false	false	-125531	37944	1176	COMPLETED	true	false	schedule_not_active:ecology.commit_pending:SUCCESS	297911928279700
770	268491348	READY	true	false	-86401	253927	-3736	UNKNOWN	false	false	ecology_fenced:transaction.item_conflict_canonical:NATIVE_CONTEXT_REQUIRED	297911929456600
771	268491349	READY	true	false	51500	59679	-3368	UNKNOWN	false	false	ecology_fenced:transaction.item_conflict_canonical:NATIVE_CONTEXT_REQUIRED	297911930758000
772	268491366	DEAD	false	false	-50077	-115763	-160	COMPLETED	true	false	schedule_not_active:ecology.commit_pending:SUCCESS	297911931937900
773	268491367	READY	false	false	24496	9206	-3584	COMPLETED	true	false	schedule_not_active:transaction.backend_failure:SUCCESS	297911932911000
774	268491381	READY	true	false	24496	9206	-3584	COMPLETED	true	false	ecology_fenced:transaction.backend_failure:SUCCESS	297911933934400
775	268491382	DEAD	true	false	48712	55466	-3464	COMPLETED	true	false	ecology_fenced:transaction.native_context_required:SUCCESS	297911935056200
776	268491397	READY	false	false	48712	55466	-3464	COMPLETED	true	false	schedule_not_active:ecology.persistence_or_runtime_failure:SUCCESS	297911936082500
777	268491398	READY	false	false	119336	-180368	-2368	UNKNOWN	false	false	schedule_not_active:transaction.item_conflict_canonical:NATIVE_CONTEXT_REQUIRED	297911937192800
778	268491414	DEAD	false	false	-86401	253927	-3736	COMPLETED	true	false	schedule_not_active:ecology.commit_pending:SUCCESS	297911938163000
779	268491415	READY	true	false	-86401	253927	-3736	UNKNOWN	false	false	ecology_fenced:transaction.item_conflict_canonical:NATIVE_CONTEXT_REQUIRED	297911939091800
780	268491436	DEAD	true	false	-125607	38452	1176	COMPLETED	true	false	ecology_fenced:ecology.commit_pending:SUCCESS	297911940131300
781	268491437	READY	false	false	-50077	-115763	-160	COMPLETED	true	false	schedule_not_active:ecology.persistence_or_runtime_failure:SUCCESS	297911941219500
782	268491452	DEAD	false	false	53398	63278	-3480	COMPLETED	true	false	schedule_not_active:transaction.native_context_required:SUCCESS	297911942052800
783	268491453	READY	true	false	-90072	248328	-3568	COMPLETED	false	false	ecology_fenced:catchup.travel.no_route:SUCCESS	297911942963900
784	268491468	READY	true	false	-90072	248328	-3568	COMPLETED	false	false	ecology_fenced:catchup.travel.no_route:SUCCESS	297911943992900
785	268491469	READY	false	false	119336	-180368	-2368	UNKNOWN	false	false	schedule_not_active:transaction.item_conflict_canonical:NATIVE_CONTEXT_REQUIRED	297911944964100
786	268491484	DEAD	false	false	-86401	253927	-3736	COMPLETED	true	false	schedule_not_active:ecology.commit_pending:SUCCESS	297911946076800
787	268491485	DEAD	true	false	-50077	-115763	-160	COMPLETED	true	false	ecology_fenced:ecology.commit_pending:SUCCESS	297911947672100
788	268491501	READY	true	false	52710	55450	-3320	UNKNOWN	false	false	ecology_fenced:transaction.item_conflict_canonical:NATIVE_CONTEXT_REQUIRED	297911949049200
789	268491502	DEAD	false	false	-125607	38452	1176	COMPLETED	true	false	schedule_not_active:ecology.commit_pending:SUCCESS	297911950027400
790	268491517	READY	false	false	24496	9206	-3584	COMPLETED	true	false	schedule_not_active:transaction.backend_failure:SUCCESS	297911951047300
791	268491518	READY	false	false	24496	9206	-3584	COMPLETED	true	false	schedule_not_active:transaction.backend_failure:SUCCESS	297911952242200
792	268491536	READY	true	false	-50077	-115763	-160	COMPLETED	true	false	ecology_fenced:transaction.backend_failure:SUCCESS	297911953390600
793	268491539	READY	true	false	119336	-180368	-2368	UNKNOWN	false	false	ecology_fenced:transaction.item_conflict_canonical:NATIVE_CONTEXT_REQUIRED	297911954230800
794	268491554	DEAD	false	false	24496	9206	-3584	COMPLETED	true	false	schedule_not_active:ecology.commit_pending:SUCCESS	297911955273400
795	268491555	DEAD	false	false	52710	55450	-3320	COMPLETED	true	false	schedule_not_active:transaction.native_context_required:SUCCESS	297911956181000
796	268491570	READY	true	false	51500	59679	-3368	UNKNOWN	false	false	ecology_fenced:transaction.item_conflict_canonical:NATIVE_CONTEXT_REQUIRED	297911957114600
797	268491572	READY	true	false	-50077	-115763	-160	COMPLETED	true	false	ecology_fenced:ecology.persistence_or_runtime_failure:SUCCESS	297911958134300
798	268491588	READY	false	false	24496	9206	-3584	COMPLETED	true	false	schedule_not_active:transaction.backend_failure:SUCCESS	297911959187100
799	268491589	DEAD	false	false	-49106	-115854	-160	COMPLETED	true	false	schedule_not_active:ecology.commit_pending:SUCCESS	297911960222400
800	268491602	READY	true	false	119336	-180368	-2368	UNKNOWN	false	false	ecology_fenced:transaction.item_conflict_canonical:NATIVE_CONTEXT_REQUIRED	297911961140300
801	268491603	READY	true	false	51500	59679	-3368	UNKNOWN	false	false	ecology_fenced:transaction.item_conflict_canonical:NATIVE_CONTEXT_REQUIRED	297911962121400
802	268491621	READY	false	false	24496	9206	-3584	COMPLETED	true	false	schedule_not_active:transaction.backend_failure:SUCCESS	297911963521000
803	268491622	READY	false	false	-50077	-115763	-160	COMPLETED	true	false	schedule_not_active:transaction.backend_failure:SUCCESS	297911964933000
804	268491637	DEAD	false	false	-86401	253927	-3736	COMPLETED	true	false	schedule_not_active:ecology.commit_pending:SUCCESS	297911965894800
805	268491638	READY	true	false	53398	63278	-3480	UNKNOWN	false	false	ecology_fenced:transaction.item_conflict_canonical:NATIVE_CONTEXT_REQUIRED	297911966995100
806	268491652	READY	true	false	48712	55466	-3464	UNKNOWN	false	false	ecology_fenced:transaction.item_conflict_canonical:NATIVE_CONTEXT_REQUIRED	297911968098500
807	268491653	READY	false	false	24496	9206	-3584	COMPLETED	true	false	schedule_not_active:transaction.backend_failure:SUCCESS	297911969286600
808	268491669	READY	false	false	119336	-180368	-2368	UNKNOWN	false	false	schedule_not_active:transaction.item_conflict_canonical:NATIVE_CONTEXT_REQUIRED	297911970216900
809	268491670	READY	true	false	-86401	253927	-3736	UNKNOWN	false	false	ecology_fenced:transaction.item_conflict_canonical:NATIVE_CONTEXT_REQUIRED	297911971156700
810	268491685	READY	true	false	-84312	252645	-3664	UNKNOWN	false	false	ecology_fenced:transaction.item_conflict_canonical:NATIVE_CONTEXT_REQUIRED	297911972146500
811	268491686	DEAD	false	false	-125464	37776	1176	COMPLETED	true	false	schedule_not_active:ecology.commit_pending:SUCCESS	297911973107000
812	268491702	READY	false	false	-50077	-115763	-160	COMPLETED	true	false	schedule_not_active:ecology.persistence_or_runtime_failure:SUCCESS	297911974135100
813	268491703	READY	true	false	52710	55450	-3320	UNKNOWN	false	false	ecology_fenced:transaction.item_conflict_canonical:NATIVE_CONTEXT_REQUIRED	297911975068200
814	268491719	READY	true	false	24496	9206	-3584	COMPLETED	true	false	ecology_fenced:transaction.backend_failure:SUCCESS	297911976118300
815	268491721	DEAD	false	false	-125472	38450	1176	COMPLETED	true	false	schedule_not_active:ecology.commit_pending:SUCCESS	297911977098800
816	268491737	READY	false	false	119336	-180368	-2368	UNKNOWN	false	false	schedule_not_active:transaction.item_conflict_canonical:NATIVE_CONTEXT_REQUIRED	297911977892600
817	268491738	READY	false	false	24496	9206	-3584	COMPLETED	true	false	schedule_not_active:transaction.backend_failure:SUCCESS	297911978921300
818	268491755	READY	true	false	24496	9206	-3584	COMPLETED	true	false	ecology_fenced:transaction.backend_failure:SUCCESS	297911980087600
819	268491756	DEAD	true	false	-125615	37771	1176	COMPLETED	true	false	ecology_fenced:ecology.cursor_pending:SUCCESS	297911981195500
820	268491771	DEAD	false	false	-86401	253927	-3736	COMPLETED	true	false	schedule_not_active:ecology.commit_pending:SUCCESS	297911982055100
821	268491772	READY	false	false	24496	9206	-3584	COMPLETED	true	false	schedule_not_active:transaction.backend_failure:SUCCESS	297911982929400
822	268491786	READY	true	false	51500	59679	-3368	UNKNOWN	false	false	ecology_fenced:transaction.item_conflict_canonical:NATIVE_CONTEXT_REQUIRED	297911983678400
823	268491788	READY	true	false	-50077	-115763	-160	COMPLETED	true	false	ecology_fenced:transaction.backend_failure:SUCCESS	297911984533200
824	268491803	READY	false	false	-49106	-115854	-160	COMPLETED	true	false	schedule_not_active:ecology.persistence_or_runtime_failure:SUCCESS	297911985520900
825	268491804	INCONSISTENT	false	false	44126	42751	-3488	UNKNOWN	false	false	schedule_not_active:catchup.renewal.background_state_invalid:INCONSISTENT	297911985869500
826	268491818	READY	true	false	-90072	248328	-3568	COMPLETED	false	false	ecology_fenced:catchup.travel.no_route:SUCCESS	297911986555900
827	268491819	READY	true	false	-90072	248328	-3568	COMPLETED	false	false	ecology_fenced:catchup.travel.no_route:SUCCESS	297911987216800
828	268491834	READY	true	false	24496	9206	-3584	COMPLETED	true	false	ecology_fenced:transaction.backend_failure:SUCCESS	297911987893000
829	268491835	INCONSISTENT	false	false	44126	42751	-3488	UNKNOWN	false	false	schedule_not_active:catchup.renewal.background_state_invalid:INCONSISTENT	297911988264600
830	268491849	READY	false	false	-50077	-115763	-160	COMPLETED	true	false	schedule_not_active:transaction.backend_failure:SUCCESS	297911989156700
831	268491850	READY	true	false	119336	-180368	-2368	UNKNOWN	false	false	ecology_fenced:transaction.item_conflict_canonical:NATIVE_CONTEXT_REQUIRED	297911990069000
832	268491865	READY	true	false	46045	41251	-3504	COMPLETED	false	false	ecology_fenced:ecology.preparation_capacity:SUCCESS	297911990910700
833	268491866	READY	false	false	24496	9206	-3584	COMPLETED	true	false	schedule_not_active:transaction.backend_failure:SUCCESS	297911991689400
834	268491881	READY	false	false	-50077	-115763	-160	COMPLETED	true	false	schedule_not_active:ecology.persistence_or_runtime_failure:SUCCESS	297911992396500
835	268491882	READY	true	false	24496	9206	-3584	COMPLETED	true	false	ecology_fenced:transaction.backend_failure:SUCCESS	297911993303600
836	268491897	READY	true	false	24496	9206	-3584	COMPLETED	true	false	ecology_fenced:transaction.backend_failure:SUCCESS	297911994158800
837	268491898	DEAD	false	false	-49106	-115854	-160	COMPLETED	true	false	schedule_not_active:ecology.commit_pending:SUCCESS	297911994893900
838	268491916	DEAD	false	false	-86401	253927	-3736	COMPLETED	true	false	schedule_not_active:ecology.commit_pending:SUCCESS	297911995840300
839	268491918	READY	true	false	115758	-182753	-1448	COMPLETED	false	false	ecology_fenced:catchup.travel.no_route:SUCCESS	297911997080900
840	268491933	DEAD	true	false	-125464	37776	1176	COMPLETED	true	false	ecology_fenced:ecology.commit_pending:SUCCESS	297911998407300
841	268491934	READY	true	false	48712	55466	-3464	COMPLETED	true	false	ecology_fenced:ecology.persistence_or_runtime_failure:SUCCESS	297911999353500
842	268491949	INCONSISTENT	false	false	54714	51620	-3592	UNKNOWN	false	false	schedule_not_active:catchup.renewal.background_state_invalid:INCONSISTENT	297911999946600
843	268491951	DEAD	false	false	-125472	38450	1176	COMPLETED	true	false	schedule_not_active:ecology.commit_pending:SUCCESS	297912000837000
844	268491966	READY	true	false	24496	9206	-3584	COMPLETED	true	false	ecology_fenced:transaction.backend_failure:SUCCESS	297912002208000
845	268491967	DEAD	true	false	24496	9206	-3584	COMPLETED	true	false	ecology_fenced:ecology.commit_pending:SUCCESS	297912003176400
846	268491982	DEAD	false	false	-125607	38452	1176	COMPLETED	true	false	schedule_not_active:ecology.commit_pending:SUCCESS	297912004071000
847	268491985	READY	false	false	-49106	-115854	-160	COMPLETED	true	false	schedule_not_active:ecology.persistence_or_runtime_failure:SUCCESS	297912005036600
848	268492001	DEAD	true	false	24496	9206	-3584	COMPLETED	true	false	ecology_fenced:ecology.commit_pending:SUCCESS	297912006287300
849	268492003	READY	true	false	-86401	253927	-3736	UNKNOWN	false	false	ecology_fenced:transaction.item_conflict_canonical:NATIVE_CONTEXT_REQUIRED	297912007348100
850	268492018	DEAD	false	false	24496	9206	-3584	COMPLETED	true	false	schedule_not_active:ecology.commit_pending:SUCCESS	297912008295400
851	268492019	READY	false	false	24496	9206	-3584	COMPLETED	true	false	schedule_not_active:transaction.backend_failure:SUCCESS	297912009361600
852	268492038	DEAD	true	false	24496	9206	-3584	COMPLETED	true	false	ecology_fenced:ecology.commit_pending:SUCCESS	297912010518000
853	268492039	READY	true	false	54714	51620	-3592	UNKNOWN	false	false	ecology_fenced:transaction.item_conflict_canonical:NATIVE_CONTEXT_REQUIRED	297912011519900
854	268492053	READY	true	false	119877	-202135	-3456	UNKNOWN	false	false	ecology_fenced:transaction.item_conflict_canonical:NATIVE_CONTEXT_REQUIRED	297912012643400
855	268492054	READY	false	false	24496	9206	-3584	COMPLETED	true	false	schedule_not_active:transaction.backend_failure:SUCCESS	297912014676000
856	268492069	READY	false	false	-86401	253927	-3736	UNKNOWN	false	false	schedule_not_active:transaction.item_conflict_canonical:NATIVE_CONTEXT_REQUIRED	297912016183400
857	268492070	READY	true	false	-50077	-115763	-160	COMPLETED	true	false	ecology_fenced:ecology.persistence_or_runtime_failure:SUCCESS	297912017529500
858	268492087	READY	true	false	51500	59679	-3368	UNKNOWN	false	false	ecology_fenced:transaction.item_conflict_canonical:NATIVE_CONTEXT_REQUIRED	297912018658400
859	268492088	READY	false	false	24496	9206	-3584	COMPLETED	true	false	schedule_not_active:transaction.backend_failure:SUCCESS	297912019996200
860	268492102	DEAD	false	false	-86401	253927	-3736	COMPLETED	true	false	schedule_not_active:ecology.commit_pending:SUCCESS	297912021175800
861	268492103	READY	true	false	-86401	253927	-3736	COMPLETED	true	false	ecology_fenced:ecology.persistence_or_runtime_failure:SUCCESS	297912022222800
862	268492118	READY	true	false	119877	-202135	-3456	UNKNOWN	false	false	ecology_fenced:transaction.item_conflict_canonical:NATIVE_CONTEXT_REQUIRED	297912022976800
863	268492119	READY	false	false	24496	9206	-3584	COMPLETED	true	false	schedule_not_active:transaction.backend_failure:SUCCESS	297912023940800
864	268492135	READY	false	false	-49106	-115854	-160	COMPLETED	true	false	schedule_not_active:ecology.persistence_or_runtime_failure:SUCCESS	297912024722100
865	268492136	READY	true	false	-50077	-115763	-160	COMPLETED	true	false	ecology_fenced:ecology.persistence_or_runtime_failure:SUCCESS	297912025548200
866	268492151	INCONSISTENT	true	false	-90072	248328	-3568	UNKNOWN	false	false	ecology_fenced:catchup.renewal.background_state_invalid:INCONSISTENT	297912025919000
867	268492152	READY	true	false	52710	55450	-3320	UNKNOWN	false	false	ecology_fenced:transaction.item_conflict_canonical:NATIVE_CONTEXT_REQUIRED	297912026589300
868	268492169	DEAD	false	false	-86401	253927	-3736	COMPLETED	true	false	schedule_not_active:ecology.commit_pending:SUCCESS	297912027439900
869	268492170	DEAD	false	false	-86401	253927	-3736	COMPLETED	true	false	schedule_not_active:ecology.commit_pending:SUCCESS	297912028127800
870	268492184	READY	true	false	-50077	-115763	-160	COMPLETED	true	false	ecology_fenced:ecology.persistence_or_runtime_failure:SUCCESS	297912029220000
871	268492186	READY	true	false	-90072	248328	-3568	COMPLETED	false	false	ecology_fenced:catchup.travel.no_route:SUCCESS	297912030702900
872	268492202	DEAD	false	false	54714	51620	-3592	COMPLETED	true	false	schedule_not_active:ecology.commit_pending:SUCCESS	297912031860500
873	268492203	READY	false	false	-84312	252645	-3664	UNKNOWN	false	false	schedule_not_active:transaction.item_conflict_canonical:NATIVE_CONTEXT_REQUIRED	297912032526700
874	268492219	READY	true	false	-49106	-115854	-160	COMPLETED	true	false	ecology_fenced:transaction.backend_failure:SUCCESS	297912033243400
875	268492221	READY	true	false	24496	9206	-3584	COMPLETED	true	false	ecology_fenced:transaction.backend_failure:SUCCESS	297912033967900
876	268492234	DEAD	false	false	54714	51620	-3592	COMPLETED	true	false	schedule_not_active:transaction.native_context_required:SUCCESS	297912034634900
877	268492236	READY	false	false	119336	-180368	-2368	UNKNOWN	false	false	schedule_not_active:transaction.item_conflict_canonical:NATIVE_CONTEXT_REQUIRED	297912035590100
878	268492253	DEAD	false	false	53398	63278	-3480	COMPLETED	true	false	schedule_not_active:transaction.native_context_required:SUCCESS	297912036205400
879	268492255	READY	true	false	46045	41251	-3504	COMPLETED	false	false	ecology_fenced:ecology.preparation_capacity:SUCCESS	297912037031400
880	268492269	READY	true	false	51500	59679	-3368	UNKNOWN	false	false	ecology_fenced:transaction.item_conflict_canonical:NATIVE_CONTEXT_REQUIRED	297912037634400
881	268492271	READY	false	false	24496	9206	-3584	COMPLETED	true	false	schedule_not_active:transaction.backend_failure:SUCCESS	297912038489700
882	268492286	DEAD	false	false	51500	59679	-3368	COMPLETED	true	false	schedule_not_active:ecology.commit_pending:SUCCESS	297912039363800
883	268492287	READY	true	false	24496	9206	-3584	COMPLETED	true	false	ecology_fenced:transaction.backend_failure:SUCCESS	297912040491500
884	268492301	READY	true	false	-90072	248328	-3568	COMPLETED	false	false	ecology_fenced:catchup.travel.no_route:SUCCESS	297912041414700
885	268492302	READY	false	false	119336	-180368	-2368	UNKNOWN	false	false	schedule_not_active:transaction.item_conflict_canonical:NATIVE_CONTEXT_REQUIRED	297912042332900
886	268492318	DEAD	false	false	-125531	37944	1176	COMPLETED	true	false	schedule_not_active:ecology.commit_pending:SUCCESS	297912043206800
887	268492320	READY	true	false	24496	9206	-3584	COMPLETED	true	false	ecology_fenced:transaction.backend_failure:SUCCESS	297912044295300
888	268492334	INCONSISTENT	true	false	46131	41458	-3504	UNKNOWN	false	false	ecology_fenced:catchup.renewal.background_state_invalid:INCONSISTENT	297912045236000
889	268492336	DEAD	false	false	-49106	-115854	-160	COMPLETED	true	false	schedule_not_active:ecology.commit_pending:SUCCESS	297912046963700
890	268492350	READY	false	false	-84312	252645	-3664	UNKNOWN	false	false	schedule_not_active:transaction.item_conflict_canonical:NATIVE_CONTEXT_REQUIRED	297912048355900
891	268492352	INCONSISTENT	false	false	44126	42751	-3488	UNKNOWN	false	false	schedule_not_active:catchup.renewal.background_state_invalid:INCONSISTENT	297912048988100
892	268492368	DEAD	true	false	-125607	38452	1176	COMPLETED	true	false	ecology_fenced:ecology.commit_pending:SUCCESS	297912049962700
893	268492369	READY	true	false	119336	-180368	-2368	UNKNOWN	false	false	ecology_fenced:transaction.item_conflict_canonical:NATIVE_CONTEXT_REQUIRED	297912050834400
894	268492385	READY	false	false	-50077	-115763	-160	COMPLETED	true	false	schedule_not_active:ecology.persistence_or_runtime_failure:SUCCESS	297912052060200
895	268492387	READY	false	false	-49106	-115854	-160	COMPLETED	true	false	schedule_not_active:transaction.backend_failure:SUCCESS	297912053336500
896	268492403	READY	true	false	-50077	-115763	-160	COMPLETED	true	false	ecology_fenced:ecology.persistence_or_runtime_failure:SUCCESS	297912054288200
897	268492404	READY	true	false	-86401	253927	-3736	UNKNOWN	false	false	ecology_fenced:transaction.item_conflict_canonical:NATIVE_CONTEXT_REQUIRED	297912055449500
898	268492420	INCONSISTENT	false	false	-90918	248070	-3568	UNKNOWN	false	false	schedule_not_active:catchup.renewal.background_state_invalid:INCONSISTENT	297912055965800
899	268492421	DEAD	false	false	-50077	-115763	-160	COMPLETED	true	false	schedule_not_active:ecology.commit_pending:SUCCESS	297912056997900
900	268492434	READY	true	false	115488	-179664	-888	COMPLETED	false	false	ecology_fenced:catchup.travel.no_route:SUCCESS	297912057915200
901	268492435	READY	true	false	-50077	-115763	-160	COMPLETED	true	false	ecology_fenced:ecology.persistence_or_runtime_failure:SUCCESS	297912058883600
902	268492451	READY	false	false	-50077	-115763	-160	COMPLETED	true	false	schedule_not_active:ecology.persistence_or_runtime_failure:SUCCESS	297912059796200
903	268492452	DEAD	false	false	-125464	37776	1176	COMPLETED	true	false	schedule_not_active:ecology.commit_pending:SUCCESS	297912060795000
904	268492469	READY	false	false	-50077	-115763	-160	COMPLETED	true	false	schedule_not_active:ecology.persistence_or_runtime_failure:SUCCESS	297912061757100
905	268492470	READY	true	false	24496	9206	-3584	COMPLETED	true	false	ecology_fenced:transaction.backend_failure:SUCCESS	297912063166800
906	268492485	READY	true	false	-90072	248328	-3568	COMPLETED	false	false	ecology_fenced:catchup.travel.no_route:SUCCESS	297912064492700
907	268492487	DEAD	false	false	-125517	38267	1176	COMPLETED	true	false	schedule_not_active:ecology.commit_pending:SUCCESS	297912065493200
908	268492502	DEAD	false	false	119336	-180368	-2368	COMPLETED	true	false	schedule_not_active:ecology.commit_pending:SUCCESS	297912066421300
909	268492503	READY	true	false	24496	9206	-3584	COMPLETED	true	false	ecology_fenced:transaction.backend_failure:SUCCESS	297912067428500
910	268492518	READY	true	false	-50077	-115763	-160	COMPLETED	true	false	ecology_fenced:transaction.backend_failure:SUCCESS	297912068649900
911	268492519	DEAD	false	false	-50077	-115763	-160	COMPLETED	true	false	schedule_not_active:ecology.commit_pending:SUCCESS	297912069577000
912	268492534	READY	false	false	52710	55450	-3320	UNKNOWN	false	false	schedule_not_active:transaction.item_conflict_canonical:NATIVE_CONTEXT_REQUIRED	297912070486300
913	268492535	READY	true	false	52710	55450	-3320	UNKNOWN	false	false	ecology_fenced:transaction.item_conflict_canonical:NATIVE_CONTEXT_REQUIRED	297912071411300
914	268492549	READY	true	false	24496	9206	-3584	COMPLETED	true	false	ecology_fenced:transaction.backend_failure:SUCCESS	297912072414400
915	268492550	DEAD	false	false	-86401	253927	-3736	COMPLETED	true	false	schedule_not_active:ecology.commit_pending:SUCCESS	297912073285800
916	268492567	DEAD	false	false	119877	-202135	-3456	COMPLETED	true	false	schedule_not_active:ecology.commit_pending:SUCCESS	297912074156000
917	268492569	READY	false	false	-50077	-115763	-160	COMPLETED	true	false	schedule_not_active:ecology.persistence_or_runtime_failure:SUCCESS	297912075015200
918	268492585	DEAD	true	false	-125472	38450	1176	COMPLETED	true	false	ecology_fenced:ecology.commit_pending:SUCCESS	297912075876000
919	268492587	INCONSISTENT	true	false	53398	63278	-3480	UNKNOWN	false	false	ecology_fenced:catchup.renewal.background_state_invalid:INCONSISTENT	297912076291100
920	268492604	READY	false	false	48712	55466	-3464	COMPLETED	true	false	schedule_not_active:ecology.persistence_or_runtime_failure:SUCCESS	297912077245600
921	268492605	READY	false	false	24496	9206	-3584	COMPLETED	true	false	schedule_not_active:transaction.backend_failure:SUCCESS	297912078304500
922	268492626	READY	true	false	-90072	248328	-3568	COMPLETED	false	false	ecology_fenced:catchup.travel.no_route:SUCCESS	297912079473100
923	268492627	READY	true	false	-49106	-115854	-160	COMPLETED	true	false	ecology_fenced:transaction.backend_failure:SUCCESS	297912081025100
924	268492641	DEAD	false	false	51500	59679	-3368	COMPLETED	true	false	schedule_not_active:transaction.native_context_required:SUCCESS	297912082094500
925	268492642	READY	false	false	-86401	253927	-3736	UNKNOWN	false	false	schedule_not_active:transaction.item_conflict_canonical:NATIVE_CONTEXT_REQUIRED	297912082958300
926	268492658	READY	true	false	24496	9206	-3584	COMPLETED	true	false	ecology_fenced:transaction.backend_failure:SUCCESS	297912083917600
927	268492660	DEAD	true	false	-125531	37944	1176	COMPLETED	true	false	ecology_fenced:ecology.commit_pending:SUCCESS	297912084944700
928	268492676	READY	true	false	24496	9206	-3584	COMPLETED	true	false	ecology_fenced:transaction.backend_failure:SUCCESS	297912085920300
929	268492677	DEAD	false	false	-86401	253927	-3736	COMPLETED	true	false	schedule_not_active:ecology.commit_pending:SUCCESS	297912086788600
930	268492691	READY	false	false	24496	9206	-3584	COMPLETED	true	false	schedule_not_active:transaction.backend_failure:SUCCESS	297912087570900
931	268492699	READY	true	false	119877	-202135	-3456	UNKNOWN	false	false	ecology_fenced:transaction.item_conflict_canonical:NATIVE_CONTEXT_REQUIRED	297912089115300
932	268492707	READY	true	false	24496	9206	-3584	COMPLETED	true	false	ecology_fenced:transaction.backend_failure:SUCCESS	297912090191900
933	268492715	READY	false	false	24496	9206	-3584	COMPLETED	true	false	schedule_not_active:transaction.backend_failure:SUCCESS	297912091300000
934	268492723	DEAD	false	false	-125531	37944	1176	COMPLETED	true	false	schedule_not_active:ecology.commit_pending:SUCCESS	297912092247900
935	268492725	READY	true	false	-84312	252645	-3664	UNKNOWN	false	false	ecology_fenced:transaction.item_conflict_canonical:NATIVE_CONTEXT_REQUIRED	297912093117800
936	268492743	READY	true	false	-84312	252645	-3664	UNKNOWN	false	false	ecology_fenced:transaction.item_conflict_canonical:NATIVE_CONTEXT_REQUIRED	297912094097200
937	268492751	DEAD	false	false	-86401	253927	-3736	COMPLETED	true	false	schedule_not_active:ecology.commit_pending:SUCCESS	297912095070100
938	268492776	DEAD	false	false	-125472	38450	1176	COMPLETED	true	false	schedule_not_active:ecology.commit_pending:SUCCESS	297912095872600
939	268492778	READY	true	false	116852	-183595	-1568	COMPLETED	false	false	ecology_fenced:catchup.travel.no_route:SUCCESS	297912097034700
940	268492794	READY	true	false	-49106	-115854	-160	COMPLETED	true	false	ecology_fenced:ecology.persistence_or_runtime_failure:SUCCESS	297912098092000
941	268492795	READY	true	false	-50077	-115763	-160	COMPLETED	true	false	ecology_fenced:transaction.backend_failure:SUCCESS	297912098945600
942	268492809	READY	false	false	-86401	253927	-3736	UNKNOWN	false	false	schedule_not_active:transaction.item_conflict_canonical:NATIVE_CONTEXT_REQUIRED	297912099825000
943	268492811	READY	false	false	24496	9206	-3584	COMPLETED	true	false	schedule_not_active:transaction.backend_failure:SUCCESS	297912100923200
944	268492828	READY	true	false	-90072	248328	-3568	COMPLETED	false	false	ecology_fenced:catchup.travel.no_route:SUCCESS	297912102164800
945	268492829	READY	true	false	24496	9206	-3584	COMPLETED	true	false	ecology_fenced:transaction.backend_failure:SUCCESS	297912103151900
946	268492844	DEAD	false	false	-86401	253927	-3736	COMPLETED	true	false	schedule_not_active:ecology.commit_pending:SUCCESS	297912104076100
947	268492845	READY	false	false	-50077	-115763	-160	COMPLETED	true	false	schedule_not_active:transaction.backend_failure:SUCCESS	297912105172400
948	268492858	READY	true	false	-90072	248328	-3568	COMPLETED	false	false	ecology_fenced:catchup.travel.no_route:SUCCESS	297912106191200
949	268492860	READY	true	false	-90072	248328	-3568	COMPLETED	false	false	ecology_fenced:catchup.travel.no_route:SUCCESS	297912107100800
950	268492876	READY	false	false	-86401	253927	-3736	UNKNOWN	false	false	schedule_not_active:transaction.item_conflict_canonical:NATIVE_CONTEXT_REQUIRED	297912108188400
951	268492877	READY	false	false	-84312	252645	-3664	UNKNOWN	false	false	schedule_not_active:transaction.item_conflict_canonical:NATIVE_CONTEXT_REQUIRED	297912109179700
952	268492893	READY	true	false	24496	9206	-3584	COMPLETED	true	false	ecology_fenced:transaction.backend_failure:SUCCESS	297912110489300
953	268492894	READY	true	false	-49106	-115854	-160	COMPLETED	true	false	ecology_fenced:transaction.backend_failure:SUCCESS	297912111806300
954	268493009	READY	true	false	119336	-180368	-2368	UNKNOWN	false	false	ecology_fenced:transaction.item_conflict_canonical:NATIVE_CONTEXT_REQUIRED	297912112794500
955	268493017	DEAD	false	false	-86401	253927	-3736	COMPLETED	true	false	schedule_not_active:ecology.commit_pending:SUCCESS	297912114192300
956	268493026	DEAD	false	false	-86401	253927	-3736	COMPLETED	true	false	schedule_not_active:ecology.commit_pending:SUCCESS	297912115484500
957	268493027	READY	true	false	24496	9206	-3584	COMPLETED	true	false	ecology_fenced:transaction.backend_failure:SUCCESS	297912116534200
958	268493042	READY	true	false	52710	55450	-3320	UNKNOWN	false	false	ecology_fenced:transaction.item_conflict_canonical:NATIVE_CONTEXT_REQUIRED	297912117545500
959	268493044	READY	false	false	-86401	253927	-3736	UNKNOWN	false	false	schedule_not_active:transaction.item_conflict_canonical:NATIVE_CONTEXT_REQUIRED	297912118372900
960	268493060	DEAD	false	false	48712	55466	-3464	COMPLETED	true	false	schedule_not_active:transaction.native_context_required:SUCCESS	297912119515400
961	268493062	DEAD	true	false	-125517	38267	1176	COMPLETED	true	false	ecology_fenced:ecology.commit_pending:SUCCESS	297912120469000
962	268493078	READY	true	false	115758	-182753	-1448	COMPLETED	false	false	ecology_fenced:catchup.travel.no_route:SUCCESS	297912121340200
963	268493081	DEAD	false	false	54714	51620	-3592	COMPLETED	true	false	schedule_not_active:ecology.commit_pending:SUCCESS	297912122369900
964	268493095	DEAD	false	false	-49106	-115854	-160	COMPLETED	true	false	schedule_not_active:ecology.commit_pending:SUCCESS	297912123425700
965	268493097	DEAD	true	false	-125464	37776	1176	COMPLETED	true	false	ecology_fenced:ecology.commit_pending:SUCCESS	297912124412700
966	268493113	DEAD	true	false	-125517	38267	1176	COMPLETED	true	false	ecology_fenced:ecology.commit_pending:SUCCESS	297912125269300
967	268493115	READY	true	false	-90072	248328	-3568	COMPLETED	false	false	ecology_fenced:catchup.travel.no_route:SUCCESS	297912126172200
968	268493130	DEAD	false	false	-50077	-115763	-160	COMPLETED	true	false	schedule_not_active:ecology.commit_pending:SUCCESS	297912127223700
969	268493132	DEAD	false	false	-125531	37944	1176	COMPLETED	true	false	schedule_not_active:ecology.commit_pending:SUCCESS	297912128167200
970	268493146	READY	true	false	53398	63278	-3480	UNKNOWN	false	false	ecology_fenced:transaction.item_conflict_canonical:NATIVE_CONTEXT_REQUIRED	297912129079400
971	268493147	INCONSISTENT	true	false	-90610	248293	-3568	UNKNOWN	false	false	ecology_fenced:catchup.renewal.background_state_invalid:INCONSISTENT	297912129726800
972	268493164	DEAD	false	false	24496	9206	-3584	COMPLETED	true	false	schedule_not_active:ecology.commit_pending:SUCCESS	297912130712900
973	268493165	INCONSISTENT	false	false	44126	42751	-3488	UNKNOWN	false	false	schedule_not_active:catchup.renewal.background_state_invalid:INCONSISTENT	297912131233600
974	268493180	READY	true	false	24496	9206	-3584	COMPLETED	true	false	ecology_fenced:transaction.backend_failure:SUCCESS	297912132240000
975	268493181	DEAD	true	false	48712	55466	-3464	COMPLETED	true	false	ecology_fenced:transaction.native_context_required:SUCCESS	297912133143500
976	268493196	READY	false	false	48712	55466	-3464	COMPLETED	true	false	schedule_not_active:ecology.persistence_or_runtime_failure:SUCCESS	297912133982200
977	268493197	DEAD	false	false	119877	-202135	-3456	COMPLETED	true	false	schedule_not_active:ecology.commit_pending:SUCCESS	297912134978000
978	268493213	DEAD	false	false	24496	9206	-3584	COMPLETED	true	false	schedule_not_active:ecology.commit_pending:SUCCESS	297912135987500
979	268493214	READY	true	false	-49106	-115854	-160	COMPLETED	true	false	ecology_fenced:ecology.persistence_or_runtime_failure:SUCCESS	297912137016200
980	268493229	READY	true	false	24496	9206	-3584	COMPLETED	true	false	ecology_fenced:transaction.backend_failure:SUCCESS	297912137970200
981	268493231	DEAD	false	false	53387	63306	-3480	COMPLETED	true	false	schedule_not_active:ecology.commit_pending:SUCCESS	297912138997600
982	268493246	READY	false	false	24496	9206	-3584	COMPLETED	true	false	schedule_not_active:transaction.backend_failure:SUCCESS	297912139894200
983	268493247	READY	true	false	24496	9206	-3584	COMPLETED	true	false	ecology_fenced:transaction.backend_failure:SUCCESS	297912140880400
984	268493262	READY	true	false	-86401	253927	-3736	COMPLETED	true	false	ecology_fenced:ecology.persistence_or_runtime_failure:SUCCESS	297912141708200
985	268493263	READY	false	false	119336	-180368	-2368	UNKNOWN	false	false	schedule_not_active:transaction.item_conflict_canonical:NATIVE_CONTEXT_REQUIRED	297912142608200
986	268493278	DEAD	false	false	-86401	253927	-3736	COMPLETED	true	false	schedule_not_active:ecology.commit_pending:SUCCESS	297912143394700
987	268493279	READY	true	false	24496	9206	-3584	COMPLETED	true	false	ecology_fenced:transaction.backend_failure:SUCCESS	297912144435600
988	268493293	READY	true	false	52710	55450	-3320	UNKNOWN	false	false	ecology_fenced:transaction.item_conflict_canonical:NATIVE_CONTEXT_REQUIRED	297912145342400
989	268493294	DEAD	false	false	-86401	253927	-3736	COMPLETED	true	false	schedule_not_active:ecology.commit_pending:SUCCESS	297912146630300
990	268493308	DEAD	false	false	-86401	253927	-3736	COMPLETED	true	false	schedule_not_active:ecology.commit_pending:SUCCESS	297912147882200
991	268493321	DEAD	false	false	52710	55450	-3320	COMPLETED	true	false	schedule_not_active:ecology.commit_pending:SUCCESS	297912148968700
992	268493330	DEAD	true	false	-125531	37944	1176	COMPLETED	true	false	ecology_fenced:ecology.commit_pending:SUCCESS	297912149860700
993	268493331	READY	true	false	119877	-202135	-3456	UNKNOWN	false	false	ecology_fenced:transaction.item_conflict_canonical:NATIVE_CONTEXT_REQUIRED	297912150740900
994	268493348	DEAD	false	false	51500	59679	-3368	COMPLETED	true	false	schedule_not_active:transaction.native_context_required:SUCCESS	297912151687100
995	268493349	DEAD	false	false	-125472	38450	1176	COMPLETED	true	false	schedule_not_active:ecology.commit_pending:SUCCESS	297912152615000
996	268493364	READY	true	false	24496	9206	-3584	COMPLETED	true	false	ecology_fenced:transaction.backend_failure:SUCCESS	297912153492400
997	268493366	READY	true	false	-50077	-115763	-160	COMPLETED	true	false	ecology_fenced:transaction.backend_failure:SUCCESS	297912154465700
998	268493381	DEAD	false	false	-86401	253927	-3736	COMPLETED	true	false	schedule_not_active:ecology.commit_pending:SUCCESS	297912155372600
999	268493382	READY	false	false	24496	9206	-3584	COMPLETED	true	false	schedule_not_active:transaction.backend_failure:SUCCESS	297912156402600
1000	268493399	READY	true	false	115758	-182753	-1448	COMPLETED	false	false	ecology_fenced:catchup.travel.no_route:SUCCESS	297912157435300
1001	268493402	READY	true	false	-86401	253927	-3736	UNKNOWN	false	false	ecology_fenced:transaction.item_conflict_canonical:NATIVE_CONTEXT_REQUIRED	297912158345500
1002	268493418	DEAD	false	false	-86401	253927	-3736	COMPLETED	true	false	schedule_not_active:ecology.commit_pending:SUCCESS	297912159137700
1003	268493419	DEAD	false	false	-86401	253927	-3736	COMPLETED	true	false	schedule_not_active:ecology.commit_pending:SUCCESS	297912160032000
1004	268493433	READY	false	false	48712	55466	-3464	COMPLETED	true	false	schedule_not_active:ecology.persistence_or_runtime_failure:SUCCESS	297912160998400
1005	268493434	READY	true	false	24496	9206	-3584	COMPLETED	true	false	ecology_fenced:transaction.backend_failure:SUCCESS	297912161991600
1006	268493449	READY	true	false	-90072	248328	-3568	COMPLETED	false	false	ecology_fenced:catchup.travel.no_route:SUCCESS	297912163257600
1007	268493451	DEAD	false	false	-125615	37771	1176	COMPLETED	true	false	schedule_not_active:ecology.commit_pending:SUCCESS	297912164281100
1008	268493467	READY	false	false	119336	-180368	-2368	UNKNOWN	false	false	schedule_not_active:transaction.item_conflict_canonical:NATIVE_CONTEXT_REQUIRED	297912165338200
1009	268493469	READY	true	false	46045	41251	-3504	COMPLETED	false	false	ecology_fenced:ecology.preparation_capacity:SUCCESS	297912166166800
1010	268493483	READY	true	false	53398	63278	-3480	UNKNOWN	false	false	ecology_fenced:transaction.item_conflict_canonical:NATIVE_CONTEXT_REQUIRED	297912167130800
1011	268493484	READY	false	false	-86401	253927	-3736	UNKNOWN	false	false	schedule_not_active:transaction.item_conflict_canonical:NATIVE_CONTEXT_REQUIRED	297912167897000
1012	268493502	READY	false	false	24496	9206	-3584	COMPLETED	true	false	schedule_not_active:transaction.backend_failure:SUCCESS	297912169133800
1013	268493511	READY	true	false	51500	59679	-3368	UNKNOWN	false	false	ecology_fenced:transaction.item_conflict_canonical:NATIVE_CONTEXT_REQUIRED	297912169972300
1014	268493521	READY	true	false	51500	59679	-3368	UNKNOWN	false	false	ecology_fenced:transaction.item_conflict_canonical:NATIVE_CONTEXT_REQUIRED	297912170892700
1015	268493531	DEAD	false	false	-49106	-115854	-160	COMPLETED	true	false	schedule_not_active:ecology.commit_pending:SUCCESS	297912171785600
1016	268493538	READY	false	false	119336	-180368	-2368	UNKNOWN	false	false	schedule_not_active:transaction.item_conflict_canonical:NATIVE_CONTEXT_REQUIRED	297912172631100
1017	268493546	INCONSISTENT	false	false	44126	42751	-3488	UNKNOWN	false	false	schedule_not_active:catchup.renewal.background_state_invalid:INCONSISTENT	297912173247900
1018	268493554	READY	true	false	-49106	-115854	-160	COMPLETED	true	false	ecology_fenced:ecology.persistence_or_runtime_failure:SUCCESS	297912174222100
1019	268493566	READY	true	false	-50077	-115763	-160	COMPLETED	true	false	ecology_fenced:transaction.backend_failure:SUCCESS	297912175126000
1020	268493573	READY	false	false	-49106	-115854	-160	COMPLETED	true	false	schedule_not_active:ecology.persistence_or_runtime_failure:SUCCESS	297912176172200
1021	268493582	DEAD	false	false	-86401	253927	-3736	COMPLETED	true	false	schedule_not_active:ecology.commit_pending:SUCCESS	297912177096400
1022	268493590	READY	true	false	24496	9206	-3584	COMPLETED	true	false	ecology_fenced:transaction.backend_failure:SUCCESS	297912178101400
1023	268493598	DEAD	true	false	-125517	38267	1176	COMPLETED	true	false	ecology_fenced:ecology.commit_pending:SUCCESS	297912178962400
1024	268493609	DEAD	false	false	24496	9206	-3584	COMPLETED	true	false	schedule_not_active:ecology.commit_pending:SUCCESS	297912180310100
1025	268493616	DEAD	false	false	-125531	37944	1176	COMPLETED	true	false	schedule_not_active:ecology.commit_pending:SUCCESS	297912181360500
1026	268493624	READY	true	false	-50077	-115763	-160	COMPLETED	true	false	ecology_fenced:ecology.persistence_or_runtime_failure:SUCCESS	297912182405100
1027	268493634	READY	true	false	24496	9206	-3584	COMPLETED	true	false	ecology_fenced:transaction.backend_failure:SUCCESS	297912183343200
1028	268493642	READY	true	false	-50077	-115763	-160	COMPLETED	true	false	ecology_fenced:ecology.persistence_or_runtime_failure:SUCCESS	297912184300200
1029	268493652	DEAD	false	false	-86401	253927	-3736	COMPLETED	true	false	schedule_not_active:ecology.commit_pending:SUCCESS	297912185368000
1030	268493659	READY	false	false	24496	9206	-3584	COMPLETED	true	false	schedule_not_active:transaction.backend_failure:SUCCESS	297912186426400
1031	268493666	READY	true	false	119877	-202135	-3456	UNKNOWN	false	false	ecology_fenced:transaction.item_conflict_canonical:NATIVE_CONTEXT_REQUIRED	297912187276500
1032	268493674	READY	true	false	48712	55466	-3464	COMPLETED	true	false	ecology_fenced:ecology.persistence_or_runtime_failure:SUCCESS	297912188184300
1033	268493684	DEAD	false	false	-125531	37944	1176	COMPLETED	true	false	schedule_not_active:ecology.commit_pending:SUCCESS	297912189249100
1034	268493692	READY	false	false	24496	9206	-3584	COMPLETED	true	false	schedule_not_active:transaction.backend_failure:SUCCESS	297912190326900
1035	268493700	READY	true	false	-90072	248328	-3568	COMPLETED	false	false	ecology_fenced:catchup.travel.no_route:SUCCESS	297912191303800
1036	268493709	READY	true	false	24496	9206	-3584	COMPLETED	true	false	ecology_fenced:transaction.backend_failure:SUCCESS	297912192402800
1037	268493719	DEAD	false	false	-86401	253927	-3736	COMPLETED	true	false	schedule_not_active:ecology.commit_pending:SUCCESS	297912193415000
1038	268493726	DEAD	false	false	-50077	-115763	-160	COMPLETED	true	false	schedule_not_active:ecology.commit_pending:SUCCESS	297912194511000
1039	268493735	READY	true	false	117010	-180666	-1256	COMPLETED	false	false	ecology_fenced:catchup.travel.no_route:SUCCESS	297912195399700
1040	268493744	READY	true	false	48712	55466	-3464	COMPLETED	true	false	ecology_fenced:ecology.persistence_or_runtime_failure:SUCCESS	297912196548300
1041	268493752	DEAD	true	false	-125531	37944	1176	COMPLETED	true	false	ecology_fenced:ecology.commit_pending:SUCCESS	297912197857500
1042	268493762	READY	false	false	-49106	-115854	-160	COMPLETED	true	false	schedule_not_active:transaction.backend_failure:SUCCESS	297912198955500
1043	268493770	DEAD	false	false	24496	9206	-3584	COMPLETED	true	false	schedule_not_active:ecology.commit_pending:SUCCESS	297912199990100
1044	268493778	READY	true	false	24496	9206	-3584	COMPLETED	true	false	ecology_fenced:transaction.backend_failure:SUCCESS	297912201056000
1045	268493787	READY	true	false	-90072	248328	-3568	COMPLETED	false	false	ecology_fenced:catchup.travel.no_route:SUCCESS	297912201938400
1046	268493794	DEAD	false	false	-125517	38267	1176	COMPLETED	true	false	schedule_not_active:ecology.commit_pending:SUCCESS	297912203062100
1047	268493802	READY	false	false	-86401	253927	-3736	UNKNOWN	false	false	schedule_not_active:transaction.item_conflict_canonical:NATIVE_CONTEXT_REQUIRED	297912203796800
1048	268493810	READY	true	false	-50077	-115763	-160	COMPLETED	true	false	ecology_fenced:ecology.persistence_or_runtime_failure:SUCCESS	297912204646300
1049	268493820	READY	true	false	24496	9206	-3584	COMPLETED	true	false	ecology_fenced:transaction.backend_failure:SUCCESS	297912205744700
1050	268493827	DEAD	false	false	-50077	-115763	-160	COMPLETED	true	false	schedule_not_active:ecology.commit_pending:SUCCESS	297912206961300
1051	268493834	READY	false	false	-50077	-115763	-160	COMPLETED	true	false	schedule_not_active:ecology.persistence_or_runtime_failure:SUCCESS	297912208113900
1052	268493845	DEAD	true	false	24496	9206	-3584	COMPLETED	true	false	ecology_fenced:ecology.commit_pending:SUCCESS	297912209045000
1053	268493853	READY	true	false	48712	55466	-3464	COMPLETED	true	false	ecology_fenced:ecology.persistence_or_runtime_failure:SUCCESS	297912209884900
1054	268493862	READY	true	false	115569	-177722	-896	COMPLETED	false	false	ecology_fenced:catchup.travel.no_route:SUCCESS	297912210856500
1055	268493870	READY	false	false	24496	9206	-3584	COMPLETED	true	false	schedule_not_active:transaction.backend_failure:SUCCESS	297912211896800
1056	268493877	DEAD	false	false	-125517	38267	1176	COMPLETED	true	false	schedule_not_active:ecology.commit_pending:SUCCESS	297912213042000
1057	268493885	READY	true	false	-86401	253927	-3736	UNKNOWN	false	false	ecology_fenced:transaction.item_conflict_canonical:NATIVE_CONTEXT_REQUIRED	297912214637900
1058	268493895	DEAD	true	false	-125531	37944	1176	COMPLETED	true	false	ecology_fenced:ecology.commit_pending:SUCCESS	297912215996500
1059	268493906	DEAD	false	false	48712	55466	-3464	COMPLETED	true	false	schedule_not_active:transaction.native_context_required:SUCCESS	297912217116200
1060	268493914	DEAD	false	false	-86401	253927	-3736	COMPLETED	true	false	schedule_not_active:ecology.commit_pending:SUCCESS	297912218071100
1061	268493922	READY	true	false	-49106	-115854	-160	COMPLETED	true	false	ecology_fenced:transaction.backend_failure:SUCCESS	297912219184900
1062	268493935	READY	true	false	115758	-182753	-1448	COMPLETED	false	false	ecology_fenced:catchup.travel.no_route:SUCCESS	297912220167100
1063	268493944	DEAD	false	false	24496	9206	-3584	COMPLETED	true	false	schedule_not_active:ecology.commit_pending:SUCCESS	297912221253300
1064	268493952	DEAD	false	false	-125615	37771	1176	COMPLETED	true	false	schedule_not_active:ecology.commit_pending:SUCCESS	297912222433900
1065	268493960	READY	true	false	-50077	-115763	-160	COMPLETED	true	false	ecology_fenced:transaction.backend_failure:SUCCESS	297912223615000
1066	268493970	INCONSISTENT	true	false	-90072	248328	-3568	UNKNOWN	false	false	ecology_fenced:catchup.renewal.background_state_invalid:INCONSISTENT	297912224212400
1067	268493977	READY	true	false	24496	9206	-3584	COMPLETED	true	false	ecology_fenced:transaction.backend_failure:SUCCESS	297912225268400
1068	268493985	DEAD	false	false	-86401	253927	-3736	COMPLETED	true	false	schedule_not_active:ecology.commit_pending:SUCCESS	297912226303900
1069	268493995	DEAD	false	false	-86401	253927	-3736	COMPLETED	true	false	schedule_not_active:ecology.commit_pending:SUCCESS	297912227341600
1070	268494003	READY	true	false	48712	55466	-3464	UNKNOWN	false	false	ecology_fenced:transaction.item_conflict_canonical:NATIVE_CONTEXT_REQUIRED	297912228284500
1071	268494012	READY	true	false	-90072	248328	-3568	COMPLETED	false	false	ecology_fenced:catchup.travel.no_route:SUCCESS	297912229322800
1072	268494022	DEAD	false	false	-125607	38452	1176	COMPLETED	true	false	schedule_not_active:ecology.commit_pending:SUCCESS	297912230650000
1073	268494030	READY	false	false	24496	9206	-3584	COMPLETED	true	false	schedule_not_active:transaction.backend_failure:SUCCESS	297912231985800
1074	268494038	READY	true	false	52710	55450	-3320	UNKNOWN	false	false	ecology_fenced:transaction.item_conflict_canonical:NATIVE_CONTEXT_REQUIRED	297912232913400
1075	268494048	READY	true	false	52710	55450	-3320	UNKNOWN	false	false	ecology_fenced:transaction.item_conflict_canonical:NATIVE_CONTEXT_REQUIRED	297912233915500
1076	268494055	DEAD	false	false	-86401	253927	-3736	COMPLETED	true	false	schedule_not_active:ecology.commit_pending:SUCCESS	297912234941600
1077	268494062	READY	false	false	119877	-202135	-3456	UNKNOWN	false	false	schedule_not_active:transaction.item_conflict_canonical:NATIVE_CONTEXT_REQUIRED	297912236233800
1078	268494072	DEAD	false	false	52710	55450	-3320	COMPLETED	true	false	schedule_not_active:ecology.commit_pending:SUCCESS	297912237219300
1079	268494080	READY	true	false	51500	59679	-3368	UNKNOWN	false	false	ecology_fenced:transaction.item_conflict_canonical:NATIVE_CONTEXT_REQUIRED	297912238270900
1080	268494088	READY	true	false	-50077	-115763	-160	COMPLETED	true	false	ecology_fenced:ecology.persistence_or_runtime_failure:SUCCESS	297912239419100
1081	268494099	DEAD	false	false	24496	9206	-3584	COMPLETED	true	false	schedule_not_active:ecology.commit_pending:SUCCESS	297912240458400
1082	268494108	DEAD	false	false	51500	59679	-3368	COMPLETED	true	false	schedule_not_active:transaction.native_context_required:SUCCESS	297912241355600
1083	268494118	READY	true	false	-90072	248328	-3568	COMPLETED	false	false	ecology_fenced:catchup.travel.no_route:SUCCESS	297912242426500
1084	268494127	READY	true	false	-50077	-115763	-160	COMPLETED	true	false	ecology_fenced:transaction.backend_failure:SUCCESS	297912243595400
1085	268494134	READY	false	false	119336	-180368	-2368	UNKNOWN	false	false	schedule_not_active:transaction.item_conflict_canonical:NATIVE_CONTEXT_REQUIRED	297912244840500
1086	268494144	DEAD	false	false	51500	59679	-3368	COMPLETED	true	false	schedule_not_active:transaction.native_context_required:SUCCESS	297912246063700
1087	268494156	READY	true	false	-84312	252645	-3664	UNKNOWN	false	false	ecology_fenced:transaction.item_conflict_canonical:NATIVE_CONTEXT_REQUIRED	297912248079900
1088	268494167	READY	true	false	-90072	248328	-3568	COMPLETED	false	false	ecology_fenced:catchup.travel.no_route:SUCCESS	297912249523300
1089	268494174	DEAD	false	false	24496	9206	-3584	COMPLETED	true	false	schedule_not_active:ecology.commit_pending:SUCCESS	297912250536200
1090	268494182	READY	false	false	24496	9206	-3584	COMPLETED	true	false	schedule_not_active:transaction.backend_failure:SUCCESS	297912251462800
1091	268494191	DEAD	false	false	51500	59679	-3368	COMPLETED	true	false	schedule_not_active:ecology.commit_pending:SUCCESS	297912252721000
1092	268494199	DEAD	true	false	-50077	-115763	-160	COMPLETED	true	false	ecology_fenced:ecology.commit_pending:SUCCESS	297912253795000
1093	268494206	READY	true	false	115758	-182753	-1448	COMPLETED	false	false	ecology_fenced:catchup.travel.no_route:SUCCESS	297912254816800
1094	268494214	READY	false	false	48712	55466	-3464	COMPLETED	true	false	schedule_not_active:ecology.persistence_or_runtime_failure:SUCCESS	297912255748600
1095	268494223	READY	false	false	-50077	-115763	-160	COMPLETED	true	false	schedule_not_active:ecology.persistence_or_runtime_failure:SUCCESS	297912256903700
1096	268494233	READY	true	false	-90072	248328	-3568	COMPLETED	false	false	ecology_fenced:catchup.travel.no_route:SUCCESS	297912257970300
1097	268494241	DEAD	true	false	-125615	37771	1176	COMPLETED	true	false	ecology_fenced:ecology.commit_pending:SUCCESS	297912259025200
1098	268494249	READY	false	false	-86401	253927	-3736	UNKNOWN	false	false	schedule_not_active:transaction.item_conflict_canonical:NATIVE_CONTEXT_REQUIRED	297912259884400
1099	268494258	DEAD	false	false	-86401	253927	-3736	COMPLETED	true	false	schedule_not_active:ecology.commit_pending:SUCCESS	297912260942700
1100	268494265	READY	true	false	119877	-202135	-3456	UNKNOWN	false	false	ecology_fenced:transaction.item_conflict_canonical:NATIVE_CONTEXT_REQUIRED	297912261971300
1101	268494274	INCONSISTENT	true	false	-90072	248328	-3568	UNKNOWN	false	false	ecology_fenced:catchup.renewal.background_state_invalid:INCONSISTENT	297912262866200
1102	268494281	DEAD	false	false	-125517	38267	1176	COMPLETED	true	false	schedule_not_active:ecology.cursor_pending:SUCCESS	297912264213600
1103	268494290	READY	false	false	25308	13254	-3648	COMPLETED	true	false	schedule_not_active:transaction.backend_failure:SUCCESS	297912265588700
1104	268494299	READY	false	false	48712	55466	-3464	COMPLETED	true	false	schedule_not_active:ecology.persistence_or_runtime_failure:SUCCESS	297912266588200
1105	268494308	READY	true	false	-90072	248328	-3568	COMPLETED	false	false	ecology_fenced:catchup.travel.no_route:SUCCESS	297912267617500
1106	268494317	READY	true	false	46045	41251	-3504	COMPLETED	false	false	ecology_fenced:ecology.preparation_capacity:SUCCESS	297912269014600
1107	268494324	READY	false	false	48712	55466	-3464	COMPLETED	true	false	schedule_not_active:ecology.persistence_or_runtime_failure:SUCCESS	297912270136200
1108	268494332	READY	false	false	119336	-180368	-2368	UNKNOWN	false	false	schedule_not_active:transaction.item_conflict_canonical:NATIVE_CONTEXT_REQUIRED	297912271017300
1109	268494341	READY	true	false	-90072	248328	-3568	COMPLETED	false	false	ecology_fenced:catchup.travel.no_route:SUCCESS	297912272036000
1110	268494349	READY	true	false	-90072	248328	-3568	COMPLETED	false	false	ecology_fenced:catchup.travel.no_route:SUCCESS	297912273056600
1111	268494356	DEAD	false	false	-125517	38267	1176	COMPLETED	true	false	schedule_not_active:ecology.commit_pending:SUCCESS	297912274063600
1112	268494366	READY	false	false	-49106	-115854	-160	COMPLETED	true	false	schedule_not_active:ecology.persistence_or_runtime_failure:SUCCESS	297912275154100
1113	268494374	READY	true	false	-86401	253927	-3736	UNKNOWN	false	false	ecology_fenced:transaction.item_conflict_canonical:NATIVE_CONTEXT_REQUIRED	297912276167900
1114	268494398	READY	true	false	24496	9206	-3584	COMPLETED	true	false	ecology_fenced:transaction.backend_failure:SUCCESS	297912277401000
1115	268494407	READY	false	false	-86401	253927	-3736	UNKNOWN	false	false	schedule_not_active:transaction.item_conflict_canonical:NATIVE_CONTEXT_REQUIRED	297912278500100
1116	268494417	READY	false	false	119877	-202135	-3456	UNKNOWN	false	false	schedule_not_active:transaction.item_conflict_canonical:NATIVE_CONTEXT_REQUIRED	297912280176000
1117	268494425	DEAD	false	false	24496	9206	-3584	COMPLETED	true	false	schedule_not_active:ecology.commit_pending:SUCCESS	297912281612500
1118	268494432	READY	true	false	-84312	252645	-3664	UNKNOWN	false	false	ecology_fenced:transaction.item_conflict_canonical:NATIVE_CONTEXT_REQUIRED	297912282599400
1119	268494441	READY	true	false	24496	9206	-3584	COMPLETED	true	false	ecology_fenced:transaction.backend_failure:SUCCESS	297912283693600
1120	268494448	DEAD	false	false	-125607	38452	1176	COMPLETED	true	false	schedule_not_active:ecology.commit_pending:SUCCESS	297912284863400
1121	268494458	READY	false	false	24496	9206	-3584	COMPLETED	true	false	schedule_not_active:transaction.backend_failure:SUCCESS	297912286217200
1122	268494465	READY	true	false	24496	9206	-3584	COMPLETED	true	false	ecology_fenced:transaction.backend_failure:SUCCESS	297912287230900
1123	268494474	DEAD	true	false	-125607	38452	1176	COMPLETED	true	false	ecology_fenced:ecology.commit_pending:SUCCESS	297912288112400
1124	268494483	READY	false	false	-86401	253927	-3736	UNKNOWN	false	false	schedule_not_active:transaction.item_conflict_canonical:NATIVE_CONTEXT_REQUIRED	297912289018800
1125	268494491	READY	false	false	24496	9206	-3584	COMPLETED	true	false	schedule_not_active:transaction.backend_failure:SUCCESS	297912290110000
1126	268494498	READY	true	false	-50077	-115763	-160	COMPLETED	true	false	ecology_fenced:transaction.backend_failure:SUCCESS	297912291300400
1127	268494506	READY	true	false	24496	9206	-3584	COMPLETED	true	false	ecology_fenced:transaction.backend_failure:SUCCESS	297912292369400
1128	268494516	DEAD	true	false	-125517	38267	1176	COMPLETED	true	false	ecology_fenced:ecology.commit_pending:SUCCESS	297912293286200
1129	268494525	DEAD	false	false	-86401	253927	-3736	COMPLETED	true	false	schedule_not_active:ecology.commit_pending:SUCCESS	297912294378200
1130	268494532	DEAD	false	false	-125607	38452	1176	COMPLETED	true	false	schedule_not_active:ecology.commit_pending:SUCCESS	297912295462200
1131	268494543	READY	true	false	119877	-202135	-3456	UNKNOWN	false	false	ecology_fenced:transaction.item_conflict_canonical:NATIVE_CONTEXT_REQUIRED	297912297372100
1132	268494552	DEAD	true	false	-125607	38452	1176	COMPLETED	true	false	ecology_fenced:ecology.commit_pending:SUCCESS	297912298552500
1133	268494566	READY	false	false	51500	59679	-3368	UNKNOWN	false	false	schedule_not_active:transaction.item_conflict_canonical:NATIVE_CONTEXT_REQUIRED	297912299526100
1134	268494574	DEAD	false	false	-86401	253927	-3736	COMPLETED	true	false	schedule_not_active:ecology.commit_pending:SUCCESS	297912300660200
1135	268494581	READY	true	false	24496	9206	-3584	COMPLETED	true	false	ecology_fenced:transaction.backend_failure:SUCCESS	297912302045400
1136	268494589	READY	true	false	24496	9206	-3584	COMPLETED	true	false	ecology_fenced:transaction.backend_failure:SUCCESS	297912303110000
1137	268494598	DEAD	false	false	24496	9206	-3584	COMPLETED	true	false	schedule_not_active:ecology.commit_pending:SUCCESS	297912304094500
1138	268494606	DEAD	false	false	-125615	37771	1176	COMPLETED	true	false	schedule_not_active:ecology.commit_pending:SUCCESS	297912305188600
1139	268494614	READY	true	false	117010	-180666	-1256	COMPLETED	false	false	ecology_fenced:catchup.travel.no_route:SUCCESS	297912306195500
1140	268494622	READY	true	false	24496	9206	-3584	COMPLETED	true	false	ecology_fenced:transaction.backend_failure:SUCCESS	297912307498300
1141	268494630	READY	true	false	-90072	248328	-3568	COMPLETED	false	false	ecology_fenced:catchup.travel.no_route:SUCCESS	297912308561800
1142	268494637	DEAD	false	false	-86401	253927	-3736	COMPLETED	true	false	schedule_not_active:ecology.commit_pending:SUCCESS	297912309569100
1143	268494647	DEAD	false	false	48712	55466	-3464	COMPLETED	true	false	schedule_not_active:ecology.commit_pending:SUCCESS	297912310643000
1144	268494654	READY	true	false	24496	9206	-3584	COMPLETED	true	false	ecology_fenced:transaction.backend_failure:SUCCESS	297912311842700
1145	268494662	READY	true	false	-90072	248328	-3568	COMPLETED	false	false	ecology_fenced:catchup.travel.no_route:SUCCESS	297912313286500
1146	268494670	DEAD	false	false	-50077	-115763	-160	COMPLETED	true	false	schedule_not_active:ecology.commit_pending:SUCCESS	297912314829800
1147	268494677	DEAD	false	false	-125615	37771	1176	COMPLETED	true	false	schedule_not_active:ecology.commit_pending:SUCCESS	297912316053900
1148	268494686	READY	true	false	-50077	-115763	-160	COMPLETED	true	false	ecology_fenced:ecology.persistence_or_runtime_failure:SUCCESS	297912317339800
1149	268494694	READY	true	false	24496	9206	-3584	COMPLETED	true	false	ecology_fenced:transaction.backend_failure:SUCCESS	297912318664200
1150	268494702	DEAD	false	false	-50077	-115763	-160	COMPLETED	true	false	schedule_not_active:ecology.commit_pending:SUCCESS	297912319950700
1151	268494710	READY	false	false	-50077	-115763	-160	COMPLETED	true	false	schedule_not_active:transaction.backend_failure:SUCCESS	297912320993700
1152	268494718	READY	true	false	24496	9206	-3584	COMPLETED	true	false	ecology_fenced:transaction.backend_failure:SUCCESS	297912322325600
1153	268494726	READY	true	false	-50077	-115763	-160	COMPLETED	true	false	ecology_fenced:transaction.backend_failure:SUCCESS	297912323457200
1154	268494733	READY	true	false	130094	-209377	-3552	UNKNOWN	false	false	ecology_fenced:transaction.item_conflict_canonical:NATIVE_CONTEXT_REQUIRED	297912324531200
1155	268494741	READY	false	false	-86401	253927	-3736	UNKNOWN	false	false	schedule_not_active:transaction.item_conflict_canonical:NATIVE_CONTEXT_REQUIRED	297912325580200
1156	268494750	INCONSISTENT	false	false	44126	42751	-3488	UNKNOWN	false	false	schedule_not_active:catchup.renewal.background_state_invalid:INCONSISTENT	297912326108300
1157	268494758	READY	true	false	-50845	-113715	-168	COMPLETED	false	false	ecology_fenced:catchup.travel.no_route:SUCCESS	297912327237900
1158	268494765	READY	true	false	46045	41251	-3504	COMPLETED	false	false	ecology_fenced:ecology.preparation_capacity:SUCCESS	297912328188900
1159	268494774	DEAD	false	false	51500	59679	-3368	COMPLETED	true	false	schedule_not_active:transaction.native_context_required:SUCCESS	297912328922200
1160	268494783	READY	false	false	24496	9206	-3584	COMPLETED	true	false	schedule_not_active:transaction.backend_failure:SUCCESS	297912330534700
1161	268494792	DEAD	true	false	-125517	38267	1176	COMPLETED	true	false	ecology_fenced:ecology.commit_pending:SUCCESS	297912332110900
1162	268494801	READY	true	false	115488	-179664	-888	COMPLETED	false	false	ecology_fenced:catchup.travel.no_route:SUCCESS	297912333199600
1163	268494810	READY	false	false	-50077	-115763	-160	COMPLETED	true	false	schedule_not_active:ecology.persistence_or_runtime_failure:SUCCESS	297912334257800
1164	268494819	READY	false	false	24496	9206	-3584	COMPLETED	true	false	schedule_not_active:transaction.backend_failure:SUCCESS	297912335760300
1165	268494828	READY	true	false	-90072	248328	-3568	COMPLETED	false	false	ecology_fenced:catchup.travel.no_route:SUCCESS	297912336866700
1166	268494835	READY	true	false	46045	41251	-3504	COMPLETED	false	false	ecology_fenced:ecology.preparation_capacity:SUCCESS	297912337948800
1167	268494842	READY	true	false	24496	9206	-3584	COMPLETED	true	false	ecology_fenced:transaction.backend_failure:SUCCESS	297912339156100
1168	268494852	DEAD	false	false	-86401	253927	-3736	COMPLETED	true	false	schedule_not_active:ecology.commit_pending:SUCCESS	297912340379300
1169	268494859	READY	false	false	-50077	-115763	-160	COMPLETED	true	false	schedule_not_active:transaction.backend_failure:SUCCESS	297912341469000
1170	268494866	READY	true	false	-86401	253927	-3736	COMPLETED	true	false	ecology_fenced:ecology.persistence_or_runtime_failure:SUCCESS	297912342577000
1171	268494873	READY	true	false	51500	59679	-3368	UNKNOWN	false	false	ecology_fenced:transaction.item_conflict_canonical:NATIVE_CONTEXT_REQUIRED	297912343558700
1172	268494880	DEAD	false	false	24496	9206	-3584	COMPLETED	true	false	schedule_not_active:ecology.commit_pending:SUCCESS	297912344711000
1173	268494888	READY	false	false	24496	9206	-3584	COMPLETED	true	false	schedule_not_active:transaction.backend_failure:SUCCESS	297912346091600
1174	268494895	READY	true	false	-90072	248328	-3568	COMPLETED	false	false	ecology_fenced:catchup.travel.no_route:SUCCESS	297912348212600
1175	268494904	READY	true	false	24496	9206	-3584	COMPLETED	true	false	ecology_fenced:transaction.backend_failure:SUCCESS	297912349904600
1176	268494911	DEAD	false	false	51500	59679	-3368	COMPLETED	true	false	schedule_not_active:transaction.native_context_required:SUCCESS	297912351124400
1177	268494919	DEAD	false	false	119877	-202135	-3456	COMPLETED	true	false	schedule_not_active:ecology.commit_pending:SUCCESS	297912352196500
1178	268494928	READY	false	false	51500	59679	-3368	UNKNOWN	false	false	schedule_not_active:transaction.item_conflict_canonical:NATIVE_CONTEXT_REQUIRED	297912353333200
1179	268494936	READY	true	false	46045	41251	-3504	COMPLETED	false	false	ecology_fenced:ecology.preparation_capacity:SUCCESS	297912354557000
1180	268494945	READY	true	false	-90072	248328	-3568	COMPLETED	false	false	ecology_fenced:catchup.travel.no_route:SUCCESS	297912355745200
1181	268494953	DEAD	false	false	-86401	253927	-3736	COMPLETED	true	false	schedule_not_active:ecology.commit_pending:SUCCESS	297912356972500
1182	268494961	DEAD	false	false	-86401	253927	-3736	COMPLETED	true	false	schedule_not_active:ecology.commit_pending:SUCCESS	297912357966800
1183	268494969	READY	true	false	-90072	248328	-3568	COMPLETED	false	false	ecology_fenced:catchup.travel.no_route:SUCCESS	297912358819900
1184	268494977	READY	true	false	-90072	248328	-3568	COMPLETED	false	false	ecology_fenced:catchup.travel.no_route:SUCCESS	297912359572900
1185	268494985	READY	false	false	119336	-180368	-2368	UNKNOWN	false	false	schedule_not_active:transaction.item_conflict_canonical:NATIVE_CONTEXT_REQUIRED	297912360461700
1186	268494994	DEAD	false	false	-125464	37776	1176	COMPLETED	true	false	schedule_not_active:ecology.commit_pending:SUCCESS	297912361473000
1187	268495003	READY	true	false	24496	9206	-3584	COMPLETED	true	false	ecology_fenced:transaction.backend_failure:SUCCESS	297912362517700
1188	268495010	READY	true	false	48712	55466	-3464	UNKNOWN	false	false	ecology_fenced:transaction.item_conflict_canonical:NATIVE_CONTEXT_REQUIRED	297912364311400
1189	268495017	DEAD	false	false	53412	63300	-3480	COMPLETED	true	false	schedule_not_active:ecology.commit_pending:SUCCESS	297912365493800
1190	268495024	READY	false	false	48712	55466	-3464	COMPLETED	true	false	schedule_not_active:ecology.persistence_or_runtime_failure:SUCCESS	297912366301000
1191	268495032	READY	false	false	-50077	-115763	-160	COMPLETED	true	false	schedule_not_active:transaction.backend_failure:SUCCESS	297912367257100
1192	268495039	DEAD	true	false	-125615	37771	1176	COMPLETED	true	false	ecology_fenced:ecology.commit_pending:SUCCESS	297912368013000
1193	268495047	READY	true	false	119877	-202135	-3456	UNKNOWN	false	false	ecology_fenced:transaction.item_conflict_canonical:NATIVE_CONTEXT_REQUIRED	297912369363100
1194	268495057	READY	false	false	48712	55466	-3464	UNKNOWN	false	false	schedule_not_active:transaction.item_conflict_canonical:NATIVE_CONTEXT_REQUIRED	297912370339800
1195	268495066	READY	false	false	-50077	-115763	-160	COMPLETED	true	false	schedule_not_active:transaction.backend_failure:SUCCESS	297912371324600
1196	268495073	READY	true	false	-86401	253927	-3736	COMPLETED	true	false	ecology_fenced:ecology.persistence_or_runtime_failure:SUCCESS	297912372351700
1197	268495080	READY	true	false	52710	55450	-3320	UNKNOWN	false	false	ecology_fenced:transaction.item_conflict_canonical:NATIVE_CONTEXT_REQUIRED	297912373485100
1198	268495088	DEAD	false	false	54684	51497	-3600	COMPLETED	true	false	schedule_not_active:ecology.commit_pending:SUCCESS	297912374398500
1199	268495096	DEAD	false	false	-50077	-115763	-160	COMPLETED	true	false	schedule_not_active:ecology.commit_pending:SUCCESS	297912375173800
1200	268495104	READY	true	false	119877	-202135	-3456	UNKNOWN	false	false	ecology_fenced:transaction.item_conflict_canonical:NATIVE_CONTEXT_REQUIRED	297912375972900
1201	268495114	READY	true	false	-49106	-115854	-160	COMPLETED	true	false	ecology_fenced:ecology.persistence_or_runtime_failure:SUCCESS	297912377089800
1202	268495128	DEAD	false	false	24496	9206	-3584	COMPLETED	true	false	schedule_not_active:ecology.commit_pending:SUCCESS	297912378212300
1203	268495136	READY	false	false	-86401	253927	-3736	UNKNOWN	false	false	schedule_not_active:transaction.item_conflict_canonical:NATIVE_CONTEXT_REQUIRED	297912379269600
1204	268495144	DEAD	false	false	-86401	253927	-3736	COMPLETED	true	false	schedule_not_active:ecology.commit_pending:SUCCESS	297912381226400
1205	268495152	READY	true	false	-90072	248328	-3568	COMPLETED	false	false	ecology_fenced:catchup.travel.no_route:SUCCESS	297912382610000
1206	268495160	READY	true	false	-90072	248328	-3568	COMPLETED	false	false	ecology_fenced:catchup.travel.no_route:SUCCESS	297912383525700
1207	268495168	READY	false	false	-86401	253927	-3736	UNKNOWN	false	false	schedule_not_active:transaction.item_conflict_canonical:NATIVE_CONTEXT_REQUIRED	297912384363400
1208	268495177	DEAD	false	false	119877	-202135	-3456	COMPLETED	true	false	schedule_not_active:ecology.commit_pending:SUCCESS	297912385887400
1209	268495186	READY	true	false	24496	9206	-3584	COMPLETED	true	false	ecology_fenced:transaction.backend_failure:SUCCESS	297912387342700
1210	268495194	READY	true	false	25308	13254	-3648	COMPLETED	true	false	ecology_fenced:transaction.backend_failure:SUCCESS	297912388506100
1211	268495202	DEAD	false	false	-50077	-115763	-160	COMPLETED	true	false	schedule_not_active:ecology.commit_pending:SUCCESS	297912389561400
1212	268495210	READY	false	false	24496	9206	-3584	COMPLETED	true	false	schedule_not_active:transaction.backend_failure:SUCCESS	297912390893200
1213	268495219	READY	true	false	24496	9206	-3584	COMPLETED	true	false	ecology_fenced:transaction.backend_failure:SUCCESS	297912391892000
1214	268495220	READY	true	false	-90072	248328	-3568	COMPLETED	false	false	ecology_fenced:catchup.travel.no_route:SUCCESS	297912392721900
1215	268495235	DEAD	false	false	-50077	-115763	-160	COMPLETED	true	false	schedule_not_active:ecology.commit_pending:SUCCESS	297912393447000
1216	268495237	READY	false	false	119877	-202135	-3456	UNKNOWN	false	false	schedule_not_active:transaction.item_conflict_canonical:NATIVE_CONTEXT_REQUIRED	297912394536500
1217	268495252	DEAD	false	false	-50077	-115763	-160	COMPLETED	true	false	schedule_not_active:ecology.cursor_pending:SUCCESS	297912395401500
1218	268495254	READY	true	false	24496	9206	-3584	COMPLETED	true	false	ecology_fenced:transaction.backend_failure:SUCCESS	297912397446800
1219	268495268	DEAD	true	false	-125517	38267	1176	COMPLETED	true	false	ecology_fenced:ecology.commit_pending:SUCCESS	297912398991600
1220	268495269	DEAD	false	false	-50077	-115763	-160	COMPLETED	true	false	schedule_not_active:ecology.commit_pending:SUCCESS	297912400058500
1221	268495284	DEAD	false	false	-86401	253927	-3736	COMPLETED	true	false	schedule_not_active:ecology.commit_pending:SUCCESS	297912400862800
1222	268495285	INCONSISTENT	true	false	-90890	248027	-3568	UNKNOWN	false	false	ecology_fenced:catchup.renewal.background_state_invalid:INCONSISTENT	297912401278900
1223	268495300	DEAD	true	false	-50077	-115763	-160	COMPLETED	true	false	ecology_fenced:ecology.commit_pending:SUCCESS	297912402308700
1224	268495301	READY	false	false	52710	55450	-3320	UNKNOWN	false	false	schedule_not_active:transaction.item_conflict_canonical:NATIVE_CONTEXT_REQUIRED	297912403417500
1225	268495316	DEAD	false	false	-86401	253927	-3736	COMPLETED	true	false	schedule_not_active:ecology.commit_pending:SUCCESS	297912404173600
1226	268495318	READY	true	false	-84312	252645	-3664	UNKNOWN	false	false	ecology_fenced:transaction.item_conflict_canonical:NATIVE_CONTEXT_REQUIRED	297912404891900
1227	268495333	READY	true	false	-90072	248328	-3568	COMPLETED	false	false	ecology_fenced:catchup.travel.no_route:SUCCESS	297912405678600
1228	268495334	READY	true	false	24496	9206	-3584	COMPLETED	true	false	ecology_fenced:transaction.backend_failure:SUCCESS	297912406629300
1229	268495350	READY	false	false	24496	9206	-3584	COMPLETED	true	false	schedule_not_active:transaction.backend_failure:SUCCESS	297912407571700
1230	268495351	DEAD	false	false	-49106	-115854	-160	COMPLETED	true	false	schedule_not_active:ecology.commit_pending:SUCCESS	297912408391700
1231	268495367	READY	true	false	119877	-202135	-3456	UNKNOWN	false	false	ecology_fenced:transaction.item_conflict_canonical:NATIVE_CONTEXT_REQUIRED	297912409242200
1232	268495368	READY	true	false	52710	55450	-3320	UNKNOWN	false	false	ecology_fenced:transaction.item_conflict_canonical:NATIVE_CONTEXT_REQUIRED	297912410318900
1233	268495385	DEAD	false	false	-125615	37771	1176	COMPLETED	true	false	schedule_not_active:ecology.commit_pending:SUCCESS	297912411493700
1234	268495386	INCONSISTENT	false	false	44126	42751	-3488	UNKNOWN	false	false	schedule_not_active:catchup.renewal.background_state_invalid:INCONSISTENT	297912412011900
1235	268495401	READY	true	false	51500	59679	-3368	UNKNOWN	false	false	ecology_fenced:transaction.item_conflict_canonical:NATIVE_CONTEXT_REQUIRED	297912413534200
1236	268495403	READY	true	false	24496	9206	-3584	COMPLETED	true	false	ecology_fenced:transaction.backend_failure:SUCCESS	297912414926600
1237	268495419	DEAD	false	false	-50077	-115763	-160	COMPLETED	true	false	schedule_not_active:ecology.commit_pending:SUCCESS	297912415898000
1238	268495421	DEAD	false	false	-125615	37771	1176	COMPLETED	true	false	schedule_not_active:ecology.commit_pending:SUCCESS	297912417045000
1239	268495436	READY	true	false	119877	-202135	-3456	UNKNOWN	false	false	ecology_fenced:transaction.item_conflict_canonical:NATIVE_CONTEXT_REQUIRED	297912418144300
1240	268495437	READY	true	false	24496	9206	-3584	COMPLETED	true	false	ecology_fenced:transaction.backend_failure:SUCCESS	297912419396700
1241	268495452	READY	true	false	46045	41251	-3504	COMPLETED	false	false	ecology_fenced:ecology.preparation_capacity:SUCCESS	297912420548600
1242	268495453	READY	false	false	-86401	253927	-3736	UNKNOWN	false	false	schedule_not_active:transaction.item_conflict_canonical:NATIVE_CONTEXT_REQUIRED	297912421398200
1243	268495467	DEAD	false	false	-86401	253927	-3736	COMPLETED	true	false	schedule_not_active:ecology.commit_pending:SUCCESS	297912422397700
1244	268495469	READY	true	false	24496	9206	-3584	COMPLETED	true	false	ecology_fenced:transaction.backend_failure:SUCCESS	297912423646000
1245	268495485	READY	true	false	24496	9206	-3584	COMPLETED	true	false	ecology_fenced:transaction.backend_failure:SUCCESS	297912424799200
1246	268495486	DEAD	false	false	-125607	38452	1176	COMPLETED	true	false	schedule_not_active:ecology.commit_pending:SUCCESS	297912425681800
1247	268495503	INCONSISTENT	false	false	46045	41251	-3504	UNKNOWN	false	false	schedule_not_active:catchup.renewal.background_state_invalid:INCONSISTENT	297912426125300
1248	268495504	READY	true	false	-50077	-115763	-160	COMPLETED	true	false	ecology_fenced:transaction.backend_failure:SUCCESS	297912427253100
1249	268495517	READY	true	false	-86401	253927	-3736	UNKNOWN	false	false	ecology_fenced:transaction.item_conflict_canonical:NATIVE_CONTEXT_REQUIRED	297912428162800
1250	268495518	DEAD	false	false	-86401	253927	-3736	COMPLETED	true	false	schedule_not_active:ecology.commit_pending:SUCCESS	297912429466000
1251	268495532	DEAD	false	false	-125607	38452	1176	COMPLETED	true	false	schedule_not_active:ecology.commit_pending:SUCCESS	297912431052100
1252	268495533	READY	true	false	24496	9206	-3584	COMPLETED	true	false	ecology_fenced:transaction.backend_failure:SUCCESS	297912432443200
1253	268495547	READY	true	false	48712	55466	-3464	COMPLETED	true	false	ecology_fenced:ecology.persistence_or_runtime_failure:SUCCESS	297912433546300
1254	268495548	DEAD	true	false	119877	-202135	-3456	COMPLETED	true	false	ecology_fenced:ecology.commit_pending:SUCCESS	297912434496300
1255	268495570	READY	false	false	-49106	-115854	-160	COMPLETED	true	false	schedule_not_active:transaction.backend_failure:SUCCESS	297912435799300
1256	268495571	READY	false	false	24496	9206	-3584	COMPLETED	true	false	schedule_not_active:transaction.backend_failure:SUCCESS	297912436679700
1257	268495585	DEAD	true	false	-125615	37771	1176	COMPLETED	true	false	ecology_fenced:ecology.commit_pending:SUCCESS	297912437416600
1258	268495586	READY	true	false	48712	55466	-3464	UNKNOWN	false	false	ecology_fenced:transaction.item_conflict_canonical:NATIVE_CONTEXT_REQUIRED	297912438109300
1259	268495600	READY	false	false	48712	55466	-3464	COMPLETED	true	false	schedule_not_active:ecology.persistence_or_runtime_failure:SUCCESS	297912438856600
1260	268495601	INCONSISTENT	false	false	44126	42751	-3488	UNKNOWN	false	false	schedule_not_active:catchup.renewal.background_state_invalid:INCONSISTENT	297912439270300
1261	268495617	READY	true	false	-90072	248328	-3568	COMPLETED	false	false	ecology_fenced:catchup.travel.no_route:SUCCESS	297912440314100
1262	268495618	READY	true	false	119877	-202135	-3456	UNKNOWN	false	false	ecology_fenced:transaction.item_conflict_canonical:NATIVE_CONTEXT_REQUIRED	297912441196600
1263	268495632	DEAD	false	false	-50077	-115763	-160	COMPLETED	true	false	schedule_not_active:ecology.commit_pending:SUCCESS	297912442117300
1264	268495633	READY	false	false	52710	55450	-3320	UNKNOWN	false	false	schedule_not_active:transaction.item_conflict_canonical:NATIVE_CONTEXT_REQUIRED	297912442987000
1265	268495650	READY	true	false	-90072	248328	-3568	COMPLETED	false	false	ecology_fenced:catchup.travel.no_route:SUCCESS	297912443983900
1266	268495651	READY	true	false	52710	55450	-3320	UNKNOWN	false	false	ecology_fenced:transaction.item_conflict_canonical:NATIVE_CONTEXT_REQUIRED	297912445002200
1267	268495666	READY	true	false	48712	55466	-3464	COMPLETED	true	false	ecology_fenced:ecology.persistence_or_runtime_failure:SUCCESS	297912446450000
1268	268495668	DEAD	false	false	-50077	-115763	-160	COMPLETED	true	false	schedule_not_active:ecology.commit_pending:SUCCESS	297912447779400
1269	268495682	DEAD	false	false	-86401	253927	-3736	COMPLETED	true	false	schedule_not_active:ecology.commit_pending:SUCCESS	297912448925900
1270	268495683	READY	true	false	53398	63278	-3480	UNKNOWN	false	false	ecology_fenced:transaction.item_conflict_canonical:NATIVE_CONTEXT_REQUIRED	297912449694900
1271	268495702	READY	true	false	-50077	-115763	-160	COMPLETED	true	false	ecology_fenced:ecology.persistence_or_runtime_failure:SUCCESS	297912450449700
1272	268495703	DEAD	false	false	51500	59679	-3368	COMPLETED	true	false	schedule_not_active:ecology.commit_pending:SUCCESS	297912451109800
1273	268495719	INCONSISTENT	false	false	44126	42751	-3488	UNKNOWN	false	false	schedule_not_active:catchup.renewal.background_state_invalid:INCONSISTENT	297912451911600
1274	268495720	DEAD	true	false	-125517	38267	1176	COMPLETED	true	false	ecology_fenced:ecology.commit_pending:SUCCESS	297912452587200
1275	268495735	READY	true	false	25308	13254	-3648	COMPLETED	true	false	ecology_fenced:transaction.backend_failure:SUCCESS	297912453390400
1276	268495736	DEAD	false	false	24496	9206	-3584	COMPLETED	true	false	schedule_not_active:ecology.commit_pending:SUCCESS	297912454037900
1277	268495751	READY	false	false	119877	-202135	-3456	UNKNOWN	false	false	schedule_not_active:transaction.item_conflict_canonical:NATIVE_CONTEXT_REQUIRED	297912454664800
1278	268495753	READY	false	false	24496	9206	-3584	COMPLETED	true	false	schedule_not_active:transaction.backend_failure:SUCCESS	297912455584900
1279	268495768	READY	true	false	-90072	248328	-3568	COMPLETED	false	false	ecology_fenced:catchup.travel.no_route:SUCCESS	297912456927900
1280	268495769	DEAD	true	false	-50077	-115763	-160	COMPLETED	true	false	ecology_fenced:ecology.commit_pending:SUCCESS	297912457968700
