warning: in the working copy of 'L2J_Mobius_CT_2.6_HighFive/docs/phantoms/tasks/PHANTOM-M1-RUNTIME-CONTRACTS-024/Observe-Prelude024.ps1', LF will be replaced by CRLF the next time Git touches it
warning: in the working copy of 'L2J_Mobius_CT_2.6_HighFive/docs/phantoms/tasks/PHANTOM-M1-RUNTIME-CONTRACTS-024/Observe-Scene024.ps1', LF will be replaced by CRLF the next time Git touches it
warning: in the working copy of 'L2J_Mobius_CT_2.6_HighFive/docs/phantoms/tasks/PHANTOM-M1-RUNTIME-CONTRACTS-024/PROGRESS_CURRENT.md', LF will be replaced by CRLF the next time Git touches it
warning: in the working copy of 'L2J_Mobius_CT_2.6_HighFive/docs/phantoms/tasks/PHANTOM-M1-RUNTIME-CONTRACTS-024/Run-Checks024.ps1', LF will be replaced by CRLF the next time Git touches it
warning: in the working copy of 'L2J_Mobius_CT_2.6_HighFive/java/org/l2jmobius/gameserver/phantoms/background/PhantomBackgroundDecision.java', LF will be replaced by CRLF the next time Git touches it
warning: in the working copy of 'L2J_Mobius_CT_2.6_HighFive/test/java/org/l2jmobius/gameserver/phantoms/player/PhantomM1DynamicRecipientChecks.java', LF will be replaced by CRLF the next time Git touches it
warning: in the working copy of 'L2J_Mobius_CT_2.6_HighFive/test/java/org/l2jmobius/tests/phantoms/PhantomLivingWorld023Suite.java', LF will be replaced by CRLF the next time Git touches it
warning: in the working copy of 'L2J_Mobius_CT_2.6_HighFive/test/java/org/l2jmobius/tests/phantoms/PhantomNativeFarmContinuation022Suite.java', LF will be replaced by CRLF the next time Git touches it
warning: in the working copy of 'L2J_Mobius_CT_2.6_HighFive/docs/phantoms/tasks/PHANTOM-M1-RUNTIME-CONTRACTS-024/Observe-Prelude024.ps1', LF will be replaced by CRLF the next time Git touches it
warning: in the working copy of 'L2J_Mobius_CT_2.6_HighFive/docs/phantoms/tasks/PHANTOM-M1-RUNTIME-CONTRACTS-024/Observe-Scene024.ps1', LF will be replaced by CRLF the next time Git touches it
warning: in the working copy of 'L2J_Mobius_CT_2.6_HighFive/docs/phantoms/tasks/PHANTOM-M1-RUNTIME-CONTRACTS-024/PROGRESS_CURRENT.md', LF will be replaced by CRLF the next time Git touches it
warning: in the working copy of 'L2J_Mobius_CT_2.6_HighFive/docs/phantoms/tasks/PHANTOM-M1-RUNTIME-CONTRACTS-024/Run-Checks024.ps1', LF will be replaced by CRLF the next time Git touches it
warning: in the working copy of 'L2J_Mobius_CT_2.6_HighFive/java/org/l2jmobius/gameserver/phantoms/background/PhantomBackgroundDecision.java', LF will be replaced by CRLF the next time Git touches it
warning: in the working copy of 'L2J_Mobius_CT_2.6_HighFive/test/java/org/l2jmobius/gameserver/phantoms/player/PhantomM1DynamicRecipientChecks.java', LF will be replaced by CRLF the next time Git touches it
warning: in the working copy of 'L2J_Mobius_CT_2.6_HighFive/test/java/org/l2jmobius/tests/phantoms/PhantomLivingWorld023Suite.java', LF will be replaced by CRLF the next time Git touches it
warning: in the working copy of 'L2J_Mobius_CT_2.6_HighFive/test/java/org/l2jmobius/tests/phantoms/PhantomNativeFarmContinuation022Suite.java', LF will be replaced by CRLF the next time Git touches it
warning: in the working copy of 'L2J_Mobius_CT_2.6_HighFive/docs/phantoms/tasks/PHANTOM-M1-RUNTIME-CONTRACTS-024/Observe-Prelude024.ps1', LF will be replaced by CRLF the next time Git touches it
warning: in the working copy of 'L2J_Mobius_CT_2.6_HighFive/docs/phantoms/tasks/PHANTOM-M1-RUNTIME-CONTRACTS-024/Observe-Scene024.ps1', LF will be replaced by CRLF the next time Git touches it
warning: in the working copy of 'L2J_Mobius_CT_2.6_HighFive/docs/phantoms/tasks/PHANTOM-M1-RUNTIME-CONTRACTS-024/PROGRESS_CURRENT.md', LF will be replaced by CRLF the next time Git touches it
warning: in the working copy of 'L2J_Mobius_CT_2.6_HighFive/docs/phantoms/tasks/PHANTOM-M1-RUNTIME-CONTRACTS-024/Run-Checks024.ps1', LF will be replaced by CRLF the next time Git touches it
warning: in the working copy of 'L2J_Mobius_CT_2.6_HighFive/java/org/l2jmobius/gameserver/phantoms/background/PhantomBackgroundDecision.java', LF will be replaced by CRLF the next time Git touches it
warning: in the working copy of 'L2J_Mobius_CT_2.6_HighFive/test/java/org/l2jmobius/gameserver/phantoms/player/PhantomM1DynamicRecipientChecks.java', LF will be replaced by CRLF the next time Git touches it
warning: in the working copy of 'L2J_Mobius_CT_2.6_HighFive/test/java/org/l2jmobius/tests/phantoms/PhantomLivingWorld023Suite.java', LF will be replaced by CRLF the next time Git touches it
warning: in the working copy of 'L2J_Mobius_CT_2.6_HighFive/test/java/org/l2jmobius/tests/phantoms/PhantomNativeFarmContinuation022Suite.java', LF will be replaced by CRLF the next time Git touches it
warning: in the working copy of 'L2J_Mobius_CT_2.6_HighFive/docs/phantoms/tasks/PHANTOM-M1-RUNTIME-CONTRACTS-024/Arm-Collector024.ps1', LF will be replaced by CRLF the next time Git touches it
warning: in the working copy of 'L2J_Mobius_CT_2.6_HighFive/docs/phantoms/tasks/PHANTOM-M1-RUNTIME-CONTRACTS-024/Arm-Crash024.ps1', LF will be replaced by CRLF the next time Git touches it
warning: in the working copy of 'L2J_Mobius_CT_2.6_HighFive/docs/phantoms/tasks/PHANTOM-M1-RUNTIME-CONTRACTS-024/AttachContract024.java', LF will be replaced by CRLF the next time Git touches it
warning: in the working copy of 'L2J_Mobius_CT_2.6_HighFive/docs/phantoms/tasks/PHANTOM-M1-RUNTIME-CONTRACTS-024/Build-Collector024.ps1', LF will be replaced by CRLF the next time Git touches it
warning: in the working copy of 'L2J_Mobius_CT_2.6_HighFive/docs/phantoms/tasks/PHANTOM-M1-RUNTIME-CONTRACTS-024/Build-PersistenceProof024.py', LF will be replaced by CRLF the next time Git touches it
warning: in the working copy of 'L2J_Mobius_CT_2.6_HighFive/docs/phantoms/tasks/PHANTOM-M1-RUNTIME-CONTRACTS-024/Contract024Agent.java', LF will be replaced by CRLF the next time Git touches it
warning: in the working copy of 'L2J_Mobius_CT_2.6_HighFive/docs/phantoms/tasks/PHANTOM-M1-RUNTIME-CONTRACTS-024/Contract024CrashAgent.java', LF will be replaced by CRLF the next time Git touches it
warning: in the working copy of 'L2J_Mobius_CT_2.6_HighFive/docs/phantoms/tasks/PHANTOM-M1-RUNTIME-CONTRACTS-024/Export-Persistence024.ps1', LF will be replaced by CRLF the next time Git touches it
warning: in the working copy of 'L2J_Mobius_CT_2.6_HighFive/docs/phantoms/tasks/PHANTOM-M1-RUNTIME-CONTRACTS-024/FIX_LEDGER.md', LF will be replaced by CRLF the next time Git touches it
warning: in the working copy of 'L2J_Mobius_CT_2.6_HighFive/docs/phantoms/tasks/PHANTOM-M1-RUNTIME-CONTRACTS-024/ReadDryPath023.java', LF will be replaced by CRLF the next time Git touches it
warning: in the working copy of 'L2J_Mobius_CT_2.6_HighFive/docs/phantoms/tasks/PHANTOM-M1-RUNTIME-CONTRACTS-024/ReadDurable023.java', LF will be replaced by CRLF the next time Git touches it
warning: in the working copy of 'L2J_Mobius_CT_2.6_HighFive/docs/phantoms/tasks/PHANTOM-M1-RUNTIME-CONTRACTS-024/ReadDurable024.java', LF will be replaced by CRLF the next time Git touches it
warning: in the working copy of 'L2J_Mobius_CT_2.6_HighFive/docs/phantoms/tasks/PHANTOM-M1-RUNTIME-CONTRACTS-024/evidence/BASE_B_FAULT_MATRIX_COMPARE/background-position-canonicalization.xml', LF will be replaced by CRLF the next time Git touches it
warning: in the working copy of 'L2J_Mobius_CT_2.6_HighFive/docs/phantoms/tasks/PHANTOM-M1-RUNTIME-CONTRACTS-024/evidence/FINAL_SCENE_A/sealed/110-122575297146300-34538.properties', LF will be replaced by CRLF the next time Git touches it
warning: in the working copy of 'L2J_Mobius_CT_2.6_HighFive/docs/phantoms/tasks/PHANTOM-M1-RUNTIME-CONTRACTS-024/evidence/FINAL_SCENE_A/sealed/110-122575297146300-34540.properties', LF will be replaced by CRLF the next time Git touches it
warning: in the working copy of 'L2J_Mobius_CT_2.6_HighFive/docs/phantoms/tasks/PHANTOM-M1-RUNTIME-CONTRACTS-024/evidence/FINAL_SCENE_A/sealed/110-122575297146300-34542.properties', LF will be replaced by CRLF the next time Git touches it
warning: in the working copy of 'L2J_Mobius_CT_2.6_HighFive/docs/phantoms/tasks/PHANTOM-M1-RUNTIME-CONTRACTS-024/evidence/FINAL_SCENE_A/sealed/110-122575297146300-34544.properties', LF will be replaced by CRLF the next time Git touches it
warning: in the working copy of 'L2J_Mobius_CT_2.6_HighFive/docs/phantoms/tasks/PHANTOM-M1-RUNTIME-CONTRACTS-024/evidence/FINAL_SCENE_A/sealed/175-122575897306400-21686.properties', LF will be replaced by CRLF the next time Git touches it
warning: in the working copy of 'L2J_Mobius_CT_2.6_HighFive/docs/phantoms/tasks/PHANTOM-M1-RUNTIME-CONTRACTS-024/evidence/FINAL_SCENE_A/sealed/175-122575897306400-21688.properties', LF will be replaced by CRLF the next time Git touches it
warning: in the working copy of 'L2J_Mobius_CT_2.6_HighFive/docs/phantoms/tasks/PHANTOM-M1-RUNTIME-CONTRACTS-024/evidence/FINAL_SCENE_A/sealed/175-122575897306400-21690.properties', LF will be replaced by CRLF the next time Git touches it
warning: in the working copy of 'L2J_Mobius_CT_2.6_HighFive/docs/phantoms/tasks/PHANTOM-M1-RUNTIME-CONTRACTS-024/evidence/FINAL_SCENE_A/sealed/175-122575897306400-21692.properties', LF will be replaced by CRLF the next time Git touches it
warning: in the working copy of 'L2J_Mobius_CT_2.6_HighFive/docs/phantoms/tasks/PHANTOM-M1-RUNTIME-CONTRACTS-024/evidence/FINAL_SCENE_A/sealed/175-122575897306400-21694.properties', LF will be replaced by CRLF the next time Git touches it
warning: in the working copy of 'L2J_Mobius_CT_2.6_HighFive/docs/phantoms/tasks/PHANTOM-M1-RUNTIME-CONTRACTS-024/evidence/FINAL_SCENE_A/sealed/175-122575897306400-21696.properties', LF will be replaced by CRLF the next time Git touches it
warning: in the working copy of 'L2J_Mobius_CT_2.6_HighFive/docs/phantoms/tasks/PHANTOM-M1-RUNTIME-CONTRACTS-024/evidence/FINAL_SCENE_A/sealed/175-122575897306400-21698.properties', LF will be replaced by CRLF the next time Git touches it
warning: in the working copy of 'L2J_Mobius_CT_2.6_HighFive/docs/phantoms/tasks/PHANTOM-M1-RUNTIME-CONTRACTS-024/evidence/FINAL_SCENE_A/sealed/175-122575897306400-21700.properties', LF will be replaced by CRLF the next time Git touches it
warning: in the working copy of 'L2J_Mobius_CT_2.6_HighFive/docs/phantoms/tasks/PHANTOM-M1-RUNTIME-CONTRACTS-024/evidence/FINAL_SCENE_A/sealed/187-122576195234300-8269.properties', LF will be replaced by CRLF the next time Git touches it
warning: in the working copy of 'L2J_Mobius_CT_2.6_HighFive/docs/phantoms/tasks/PHANTOM-M1-RUNTIME-CONTRACTS-024/evidence/FINAL_SCENE_A/sealed/187-122576195234300-8271.properties', LF will be replaced by CRLF the next time Git touches it
warning: in the working copy of 'L2J_Mobius_CT_2.6_HighFive/docs/phantoms/tasks/PHANTOM-M1-RUNTIME-CONTRACTS-024/evidence/FINAL_SCENE_A/sealed/187-122576195234300-8273.properties', LF will be replaced by CRLF the next time Git touches it
warning: in the working copy of 'L2J_Mobius_CT_2.6_HighFive/docs/phantoms/tasks/PHANTOM-M1-RUNTIME-CONTRACTS-024/evidence/FINAL_SCENE_A/sealed/187-122576195234300-8275.properties', LF will be replaced by CRLF the next time Git touches it
warning: in the working copy of 'L2J_Mobius_CT_2.6_HighFive/docs/phantoms/tasks/PHANTOM-M1-RUNTIME-CONTRACTS-024/evidence/FINAL_SCENE_A/sealed/252-122576396647900-8590.properties', LF will be replaced by CRLF the next time Git touches it
warning: in the working copy of 'L2J_Mobius_CT_2.6_HighFive/docs/phantoms/tasks/PHANTOM-M1-RUNTIME-CONTRACTS-024/evidence/FINAL_SCENE_A/sealed/252-122576396647900-8592.properties', LF will be replaced by CRLF the next time Git touches it
warning: in the working copy of 'L2J_Mobius_CT_2.6_HighFive/docs/phantoms/tasks/PHANTOM-M1-RUNTIME-CONTRACTS-024/evidence/FINAL_SCENE_A/sealed/252-122576396647900-8594.properties', LF will be replaced by CRLF the next time Git touches it
warning: in the working copy of 'L2J_Mobius_CT_2.6_HighFive/docs/phantoms/tasks/PHANTOM-M1-RUNTIME-CONTRACTS-024/evidence/FINAL_SCENE_A/sealed/252-122576396647900-8596.properties', LF will be replaced by CRLF the next time Git touches it
warning: in the working copy of 'L2J_Mobius_CT_2.6_HighFive/docs/phantoms/tasks/PHANTOM-M1-RUNTIME-CONTRACTS-024/evidence/FINAL_SCENE_A/sealed/275-122576412809000-26607.properties', LF will be replaced by CRLF the next time Git touches it
warning: in the working copy of 'L2J_Mobius_CT_2.6_HighFive/docs/phantoms/tasks/PHANTOM-M1-RUNTIME-CONTRACTS-024/evidence/FINAL_SCENE_A/sealed/275-122576412809000-26609.properties', LF will be replaced by CRLF the next time Git touches it
warning: in the working copy of 'L2J_Mobius_CT_2.6_HighFive/docs/phantoms/tasks/PHANTOM-M1-RUNTIME-CONTRACTS-024/evidence/FINAL_SCENE_A/sealed/275-122576412809000-26611.properties', LF will be replaced by CRLF the next time Git touches it
warning: in the working copy of 'L2J_Mobius_CT_2.6_HighFive/docs/phantoms/tasks/PHANTOM-M1-RUNTIME-CONTRACTS-024/evidence/FINAL_SCENE_A/sealed/275-122576412809000-26613.properties', LF will be replaced by CRLF the next time Git touches it
warning: in the working copy of 'L2J_Mobius_CT_2.6_HighFive/docs/phantoms/tasks/PHANTOM-M1-RUNTIME-CONTRACTS-024/evidence/FINAL_SCENE_A/sealed/606-122576598756400-12620.properties', LF will be replaced by CRLF the next time Git touches it
warning: in the working copy of 'L2J_Mobius_CT_2.6_HighFive/docs/phantoms/tasks/PHANTOM-M1-RUNTIME-CONTRACTS-024/evidence/FINAL_SCENE_A/sealed/606-122576598756400-12622.properties', LF will be replaced by CRLF the next time Git touches it
warning: in the working copy of 'L2J_Mobius_CT_2.6_HighFive/docs/phantoms/tasks/PHANTOM-M1-RUNTIME-CONTRACTS-024/evidence/FINAL_SCENE_A/sealed/606-122576598756400-12624.properties', LF will be replaced by CRLF the next time Git touches it
warning: in the working copy of 'L2J_Mobius_CT_2.6_HighFive/docs/phantoms/tasks/PHANTOM-M1-RUNTIME-CONTRACTS-024/evidence/FINAL_SCENE_A/sealed/606-122576598756400-12626.properties', LF will be replaced by CRLF the next time Git touches it
warning: in the working copy of 'L2J_Mobius_CT_2.6_HighFive/docs/phantoms/tasks/PHANTOM-M1-RUNTIME-CONTRACTS-024/evidence/FINAL_SCENE_A/sealed/606-122576598756400-12628.properties', LF will be replaced by CRLF the next time Git touches it
warning: in the working copy of 'L2J_Mobius_CT_2.6_HighFive/docs/phantoms/tasks/PHANTOM-M1-RUNTIME-CONTRACTS-024/evidence/FINAL_SCENE_A/sealed/775-122575907895100-27236.properties', LF will be replaced by CRLF the next time Git touches it
warning: in the working copy of 'L2J_Mobius_CT_2.6_HighFive/docs/phantoms/tasks/PHANTOM-M1-RUNTIME-CONTRACTS-024/evidence/FINAL_SCENE_A/sealed/775-122575907895100-27238.properties', LF will be replaced by CRLF the next time Git touches it
warning: in the working copy of 'L2J_Mobius_CT_2.6_HighFive/docs/phantoms/tasks/PHANTOM-M1-RUNTIME-CONTRACTS-024/evidence/FINAL_SCENE_A/sealed/775-122575907895100-27240.properties', LF will be replaced by CRLF the next time Git touches it
warning: in the working copy of 'L2J_Mobius_CT_2.6_HighFive/docs/phantoms/tasks/PHANTOM-M1-RUNTIME-CONTRACTS-024/evidence/FINAL_SCENE_A/sealed/775-122575907895100-27242.properties', LF will be replaced by CRLF the next time Git touches it
warning: in the working copy of 'L2J_Mobius_CT_2.6_HighFive/docs/phantoms/tasks/PHANTOM-M1-RUNTIME-CONTRACTS-024/evidence/FINAL_SCENE_A/sealed/775-122575907895100-27244.properties', LF will be replaced by CRLF the next time Git touches it
warning: in the working copy of 'L2J_Mobius_CT_2.6_HighFive/docs/phantoms/tasks/PHANTOM-M1-RUNTIME-CONTRACTS-024/evidence/FINAL_SCENE_A/sealed/775-122575907895100-27246.properties', LF will be replaced by CRLF the next time Git touches it
warning: in the working copy of 'L2J_Mobius_CT_2.6_HighFive/docs/phantoms/tasks/PHANTOM-M1-RUNTIME-CONTRACTS-024/evidence/FINAL_SCENE_A/sealed/775-122575907895100-27248.properties', LF will be replaced by CRLF the next time Git touches it
warning: in the working copy of 'L2J_Mobius_CT_2.6_HighFive/docs/phantoms/tasks/PHANTOM-M1-RUNTIME-CONTRACTS-024/evidence/FINAL_SCENE_A/sealed/775-122575907895100-27250.properties', LF will be replaced by CRLF the next time Git touches it
warning: in the working copy of 'L2J_Mobius_CT_2.6_HighFive/docs/phantoms/tasks/PHANTOM-M1-RUNTIME-CONTRACTS-024/evidence/FINAL_SCENE_A/sealed/agent-installed-22368.txt', LF will be replaced by CRLF the next time Git touches it
warning: in the working copy of 'L2J_Mobius_CT_2.6_HighFive/docs/phantoms/tasks/PHANTOM-M1-RUNTIME-CONTRACTS-024/evidence/GREEN_B09_FAULT_MATRIX/background-position-canonicalization.xml', LF will be replaced by CRLF the next time Git touches it
warning: in the working copy of 'L2J_Mobius_CT_2.6_HighFive/docs/phantoms/tasks/PHANTOM-M1-RUNTIME-CONTRACTS-024/evidence/GREEN_B09_PENDING_HANDOFF/native-farm-continuation022.xml', LF will be replaced by CRLF the next time Git touches it
warning: in the working copy of 'L2J_Mobius_CT_2.6_HighFive/docs/phantoms/tasks/PHANTOM-M1-RUNTIME-CONTRACTS-024/evidence/GREEN_B10_FAULT_MATRIX/background-position-canonicalization.xml', LF will be replaced by CRLF the next time Git touches it
warning: in the working copy of 'L2J_Mobius_CT_2.6_HighFive/docs/phantoms/tasks/PHANTOM-M1-RUNTIME-CONTRACTS-024/evidence/PROBE_B_02/sealed/110-121779895309100-34540.properties', LF will be replaced by CRLF the next time Git touches it
warning: in the working copy of 'L2J_Mobius_CT_2.6_HighFive/docs/phantoms/tasks/PHANTOM-M1-RUNTIME-CONTRACTS-024/evidence/PROBE_B_02/sealed/175-121779908740100-21688.properties', LF will be replaced by CRLF the next time Git touches it
warning: in the working copy of 'L2J_Mobius_CT_2.6_HighFive/docs/phantoms/tasks/PHANTOM-M1-RUNTIME-CONTRACTS-024/evidence/PROBE_B_02/sealed/175-121779908740100-21690.properties', LF will be replaced by CRLF the next time Git touches it
warning: in the working copy of 'L2J_Mobius_CT_2.6_HighFive/docs/phantoms/tasks/PHANTOM-M1-RUNTIME-CONTRACTS-024/evidence/PROBE_B_02/sealed/275-121779919287400-26607.properties', LF will be replaced by CRLF the next time Git touches it
warning: in the working copy of 'L2J_Mobius_CT_2.6_HighFive/docs/phantoms/tasks/PHANTOM-M1-RUNTIME-CONTRACTS-024/evidence/PROBE_B_02/sealed/275-121779919287400-26609.properties', LF will be replaced by CRLF the next time Git touches it
warning: in the working copy of 'L2J_Mobius_CT_2.6_HighFive/docs/phantoms/tasks/PHANTOM-M1-RUNTIME-CONTRACTS-024/evidence/PROBE_B_02/sealed/275-121779919287400-26611.properties', LF will be replaced by CRLF the next time Git touches it
warning: in the working copy of 'L2J_Mobius_CT_2.6_HighFive/docs/phantoms/tasks/PHANTOM-M1-RUNTIME-CONTRACTS-024/evidence/PROBE_B_02/sealed/275-121779919287400-26613.properties', LF will be replaced by CRLF the next time Git touches it
warning: in the working copy of 'L2J_Mobius_CT_2.6_HighFive/docs/phantoms/tasks/PHANTOM-M1-RUNTIME-CONTRACTS-024/evidence/PROBE_B_02/sealed/275-121779919287400-26615.properties', LF will be replaced by CRLF the next time Git touches it
warning: in the working copy of 'L2J_Mobius_CT_2.6_HighFive/docs/phantoms/tasks/PHANTOM-M1-RUNTIME-CONTRACTS-024/evidence/PROBE_B_02/sealed/606-121779960343500-12622.properties', LF will be replaced by CRLF the next time Git touches it
warning: in the working copy of 'L2J_Mobius_CT_2.6_HighFive/docs/phantoms/tasks/PHANTOM-M1-RUNTIME-CONTRACTS-024/evidence/PROBE_B_02/sealed/606-121779960343500-12624.properties', LF will be replaced by CRLF the next time Git touches it
warning: in the working copy of 'L2J_Mobius_CT_2.6_HighFive/docs/phantoms/tasks/PHANTOM-M1-RUNTIME-CONTRACTS-024/evidence/PROBE_B_02/sealed/606-121779960343500-12626.properties', LF will be replaced by CRLF the next time Git touches it
warning: in the working copy of 'L2J_Mobius_CT_2.6_HighFive/docs/phantoms/tasks/PHANTOM-M1-RUNTIME-CONTRACTS-024/evidence/PROBE_B_02/sealed/606-121779960343500-12628.properties', LF will be replaced by CRLF the next time Git touches it
warning: in the working copy of 'L2J_Mobius_CT_2.6_HighFive/docs/phantoms/tasks/PHANTOM-M1-RUNTIME-CONTRACTS-024/evidence/PROBE_B_02/sealed/606-121779960343500-12630.properties', LF will be replaced by CRLF the next time Git touches it
warning: in the working copy of 'L2J_Mobius_CT_2.6_HighFive/docs/phantoms/tasks/PHANTOM-M1-RUNTIME-CONTRACTS-024/evidence/PROBE_B_02/sealed/613-121779972333700-12693.properties', LF will be replaced by CRLF the next time Git touches it
warning: in the working copy of 'L2J_Mobius_CT_2.6_HighFive/docs/phantoms/tasks/PHANTOM-M1-RUNTIME-CONTRACTS-024/evidence/PROBE_B_02/sealed/613-121779972333700-12695.properties', LF will be replaced by CRLF the next time Git touches it
warning: in the working copy of 'L2J_Mobius_CT_2.6_HighFive/docs/phantoms/tasks/PHANTOM-M1-RUNTIME-CONTRACTS-024/evidence/PROBE_B_02/sealed/613-121779972333700-12697.properties', LF will be replaced by CRLF the next time Git touches it
warning: in the working copy of 'L2J_Mobius_CT_2.6_HighFive/docs/phantoms/tasks/PHANTOM-M1-RUNTIME-CONTRACTS-024/evidence/PROBE_B_02/sealed/613-121779972333700-12699.properties', LF will be replaced by CRLF the next time Git touches it
warning: in the working copy of 'L2J_Mobius_CT_2.6_HighFive/docs/phantoms/tasks/PHANTOM-M1-RUNTIME-CONTRACTS-024/evidence/PROBE_B_02/sealed/613-121779972333700-12701.properties', LF will be replaced by CRLF the next time Git touches it
warning: in the working copy of 'L2J_Mobius_CT_2.6_HighFive/docs/phantoms/tasks/PHANTOM-M1-RUNTIME-CONTRACTS-024/evidence/PROBE_B_02/sealed/agent-installed-17040.txt', LF will be replaced by CRLF the next time Git touches it
warning: in the working copy of 'L2J_Mobius_CT_2.6_HighFive/docs/phantoms/tasks/PHANTOM-M1-RUNTIME-CONTRACTS-024/evidence/RED_B09_PENDING_HANDOFF/native-farm-continuation022.xml', LF will be replaced by CRLF the next time Git touches it
warning: in the working copy of 'L2J_Mobius_CT_2.6_HighFive/docs/phantoms/tasks/PHANTOM-M1-RUNTIME-CONTRACTS-024/evidence/RED_B10_LIVE_PENDING_HANDLER/background-position-canonicalization.xml', LF will be replaced by CRLF the next time Git touches it
warning: in the working copy of 'L2J_Mobius_CT_2.6_HighFive/docs/phantoms/tasks/PHANTOM-M1-RUNTIME-CONTRACTS-024/evidence/REG_A_DYNAMIC/m1-native-lifecycle.xml', LF will be replaced by CRLF the next time Git touches it
warning: in the working copy of 'L2J_Mobius_CT_2.6_HighFive/docs/phantoms/tasks/PHANTOM-M1-RUNTIME-CONTRACTS-024/evidence/REG_A_STALE_ORIGIN/living-world023.xml', LF will be replaced by CRLF the next time Git touches it
warning: in the working copy of 'L2J_Mobius_CT_2.6_HighFive/docs/phantoms/tasks/PHANTOM-M1-RUNTIME-CONTRACTS-024/evidence/REG_B09_AFTER_B10/native-farm-continuation022.xml', LF will be replaced by CRLF the next time Git touches it
warning: in the working copy of 'L2J_Mobius_CT_2.6_HighFive/docs/phantoms/tasks/PHANTOM-M1-RUNTIME-CONTRACTS-024/evidence/REG_B_FAULT_MATRIX/background-position-canonicalization.xml', LF will be replaced by CRLF the next time Git touches it
warning: in the working copy of 'L2J_Mobius_CT_2.6_HighFive/docs/phantoms/tasks/PHANTOM-M1-RUNTIME-CONTRACTS-024/evidence/REG_D_AFTER_B09_B10/visible-intent-recovery.xml', LF will be replaced by CRLF the next time Git touches it
[detached HEAD 5bb49932a3e] Resume exact pending native stores through visible scheduler and handler
 635 files changed, 620573 insertions(+), 139 deletions(-)
 create mode 100644 L2J_Mobius_CT_2.6_HighFive/docs/phantoms/tasks/PHANTOM-M1-RUNTIME-CONTRACTS-024/Arm-Collector024.ps1
 create mode 100644 L2J_Mobius_CT_2.6_HighFive/docs/phantoms/tasks/PHANTOM-M1-RUNTIME-CONTRACTS-024/Arm-Crash024.ps1
 create mode 100644 L2J_Mobius_CT_2.6_HighFive/docs/phantoms/tasks/PHANTOM-M1-RUNTIME-CONTRACTS-024/AttachContract024.java
 create mode 100644 L2J_Mobius_CT_2.6_HighFive/docs/phantoms/tasks/PHANTOM-M1-RUNTIME-CONTRACTS-024/B09-matrix-thread-dump.txt
 create mode 100644 L2J_Mobius_CT_2.6_HighFive/docs/phantoms/tasks/PHANTOM-M1-RUNTIME-CONTRACTS-024/BASE_B_FAULT_MATRIX_COMPARE-engine.txt
 create mode 100644 L2J_Mobius_CT_2.6_HighFive/docs/phantoms/tasks/PHANTOM-M1-RUNTIME-CONTRACTS-024/BASE_B_FAULT_MATRIX_COMPARE.log
 create mode 100644 L2J_Mobius_CT_2.6_HighFive/docs/phantoms/tasks/PHANTOM-M1-RUNTIME-CONTRACTS-024/Build-Collector024.ps1
 create mode 100644 L2J_Mobius_CT_2.6_HighFive/docs/phantoms/tasks/PHANTOM-M1-RUNTIME-CONTRACTS-024/Build-PersistenceProof024.py
 create mode 100644 L2J_Mobius_CT_2.6_HighFive/docs/phantoms/tasks/PHANTOM-M1-RUNTIME-CONTRACTS-024/Contract024Agent.java
 create mode 100644 L2J_Mobius_CT_2.6_HighFive/docs/phantoms/tasks/PHANTOM-M1-RUNTIME-CONTRACTS-024/Contract024CrashAgent.java
 create mode 100644 L2J_Mobius_CT_2.6_HighFive/docs/phantoms/tasks/PHANTOM-M1-RUNTIME-CONTRACTS-024/Export-Persistence024.ps1
 create mode 100644 L2J_Mobius_CT_2.6_HighFive/docs/phantoms/tasks/PHANTOM-M1-RUNTIME-CONTRACTS-024/FIX_LEDGER.md
 create mode 100644 L2J_Mobius_CT_2.6_HighFive/docs/phantoms/tasks/PHANTOM-M1-RUNTIME-CONTRACTS-024/GREEN_B09_FAULT_MATRIX.log
 create mode 100644 L2J_Mobius_CT_2.6_HighFive/docs/phantoms/tasks/PHANTOM-M1-RUNTIME-CONTRACTS-024/GREEN_B09_PENDING_HANDOFF.log
 create mode 100644 L2J_Mobius_CT_2.6_HighFive/docs/phantoms/tasks/PHANTOM-M1-RUNTIME-CONTRACTS-024/GREEN_B10_FAULT_MATRIX.log
 create mode 100644 L2J_Mobius_CT_2.6_HighFive/docs/phantoms/tasks/PHANTOM-M1-RUNTIME-CONTRACTS-024/RED_B09_PENDING_HANDOFF.log
 create mode 100644 L2J_Mobius_CT_2.6_HighFive/docs/phantoms/tasks/PHANTOM-M1-RUNTIME-CONTRACTS-024/RED_B10_LIVE_PENDING_HANDLER.log
 create mode 100644 L2J_Mobius_CT_2.6_HighFive/docs/phantoms/tasks/PHANTOM-M1-RUNTIME-CONTRACTS-024/REG_A_DYNAMIC.log
 create mode 100644 L2J_Mobius_CT_2.6_HighFive/docs/phantoms/tasks/PHANTOM-M1-RUNTIME-CONTRACTS-024/REG_A_STALE_ORIGIN.log
 create mode 100644 L2J_Mobius_CT_2.6_HighFive/docs/phantoms/tasks/PHANTOM-M1-RUNTIME-CONTRACTS-024/REG_B09_AFTER_B10.log
 create mode 100644 L2J_Mobius_CT_2.6_HighFive/docs/phantoms/tasks/PHANTOM-M1-RUNTIME-CONTRACTS-024/REG_B_FAULT_MATRIX.log
 create mode 100644 L2J_Mobius_CT_2.6_HighFive/docs/phantoms/tasks/PHANTOM-M1-RUNTIME-CONTRACTS-024/REG_D_AFTER_B09_B10.log
 create mode 100644 L2J_Mobius_CT_2.6_HighFive/docs/phantoms/tasks/PHANTOM-M1-RUNTIME-CONTRACTS-024/ReadDryPath023.java
 create mode 100644 L2J_Mobius_CT_2.6_HighFive/docs/phantoms/tasks/PHANTOM-M1-RUNTIME-CONTRACTS-024/ReadDurable023.java
 create mode 100644 L2J_Mobius_CT_2.6_HighFive/docs/phantoms/tasks/PHANTOM-M1-RUNTIME-CONTRACTS-024/ReadDurable024.java
 create mode 100644 L2J_Mobius_CT_2.6_HighFive/docs/phantoms/tasks/PHANTOM-M1-RUNTIME-CONTRACTS-024/build-checkpoint-jar.log
 create mode 100644 L2J_Mobius_CT_2.6_HighFive/docs/phantoms/tasks/PHANTOM-M1-RUNTIME-CONTRACTS-024/build-paired-negatives-02.log
 create mode 100644 L2J_Mobius_CT_2.6_HighFive/docs/phantoms/tasks/PHANTOM-M1-RUNTIME-CONTRACTS-024/build-paired-negatives.log
 create mode 100644 L2J_Mobius_CT_2.6_HighFive/docs/phantoms/tasks/PHANTOM-M1-RUNTIME-CONTRACTS-024/build-pending-green.log
 create mode 100644 L2J_Mobius_CT_2.6_HighFive/docs/phantoms/tasks/PHANTOM-M1-RUNTIME-CONTRACTS-024/build-pending-handler-green.log
 create mode 100644 L2J_Mobius_CT_2.6_HighFive/docs/phantoms/tasks/PHANTOM-M1-RUNTIME-CONTRACTS-024/build-pending-red.log
 create mode 100644 L2J_Mobius_CT_2.6_HighFive/docs/phantoms/tasks/PHANTOM-M1-RUNTIME-CONTRACTS-024/checkpoint-02.log
 create mode 100644 L2J_Mobius_CT_2.6_HighFive/docs/phantoms/tasks/PHANTOM-M1-RUNTIME-CONTRACTS-024/evidence/BASE_B_FAULT_MATRIX_COMPARE/background-position-canonicalization.txt
 create mode 100644 L2J_Mobius_CT_2.6_HighFive/docs/phantoms/tasks/PHANTOM-M1-RUNTIME-CONTRACTS-024/evidence/BASE_B_FAULT_MATRIX_COMPARE/background-position-canonicalization.xml
 create mode 100644 L2J_Mobius_CT_2.6_HighFive/docs/phantoms/tasks/PHANTOM-M1-RUNTIME-CONTRACTS-024/evidence/FINAL_SCENE_A/0001-STATUS.json
 create mode 100644 L2J_Mobius_CT_2.6_HighFive/docs/phantoms/tasks/PHANTOM-M1-RUNTIME-CONTRACTS-024/evidence/FINAL_SCENE_A/0001-STATUS.xml
 create mode 100644 L2J_Mobius_CT_2.6_HighFive/docs/phantoms/tasks/PHANTOM-M1-RUNTIME-CONTRACTS-024/evidence/FINAL_SCENE_A/0002-TELEPORT_SELF.json
 create mode 100644 L2J_Mobius_CT_2.6_HighFive/docs/phantoms/tasks/PHANTOM-M1-RUNTIME-CONTRACTS-024/evidence/FINAL_SCENE_A/0002-TELEPORT_SELF.xml
 create mode 100644 L2J_Mobius_CT_2.6_HighFive/docs/phantoms/tasks/PHANTOM-M1-RUNTIME-CONTRACTS-024/evidence/FINAL_SCENE_A/0003-STATUS.json
 create mode 100644 L2J_Mobius_CT_2.6_HighFive/docs/phantoms/tasks/PHANTOM-M1-RUNTIME-CONTRACTS-024/evidence/FINAL_SCENE_A/0003-STATUS.xml
 create mode 100644 L2J_Mobius_CT_2.6_HighFive/docs/phantoms/tasks/PHANTOM-M1-RUNTIME-CONTRACTS-024/evidence/FINAL_SCENE_A/0004-SNAPSHOT_PHANTOMS.json
 create mode 100644 L2J_Mobius_CT_2.6_HighFive/docs/phantoms/tasks/PHANTOM-M1-RUNTIME-CONTRACTS-024/evidence/FINAL_SCENE_A/0004-SNAPSHOT_PHANTOMS.xml
 create mode 100644 L2J_Mobius_CT_2.6_HighFive/docs/phantoms/tasks/PHANTOM-M1-RUNTIME-CONTRACTS-024/evidence/FINAL_SCENE_A/0005-SNAPSHOT_PHANTOMS.json
 create mode 100644 L2J_Mobius_CT_2.6_HighFive/docs/phantoms/tasks/PHANTOM-M1-RUNTIME-CONTRACTS-024/evidence/FINAL_SCENE_A/0005-SNAPSHOT_PHANTOMS.xml
 create mode 100644 L2J_Mobius_CT_2.6_HighFive/docs/phantoms/tasks/PHANTOM-M1-RUNTIME-CONTRACTS-024/evidence/FINAL_SCENE_A/0006-SNAPSHOT_PHANTOMS.json
 create mode 100644 L2J_Mobius_CT_2.6_HighFive/docs/phantoms/tasks/PHANTOM-M1-RUNTIME-CONTRACTS-024/evidence/FINAL_SCENE_A/0006-SNAPSHOT_PHANTOMS.xml
 create mode 100644 L2J_Mobius_CT_2.6_HighFive/docs/phantoms/tasks/PHANTOM-M1-RUNTIME-CONTRACTS-024/evidence/FINAL_SCENE_A/0007-SNAPSHOT_PHANTOMS.json
 create mode 100644 L2J_Mobius_CT_2.6_HighFive/docs/phantoms/tasks/PHANTOM-M1-RUNTIME-CONTRACTS-024/evidence/FINAL_SCENE_A/0007-SNAPSHOT_PHANTOMS.xml
 create mode 100644 L2J_Mobius_CT_2.6_HighFive/docs/phantoms/tasks/PHANTOM-M1-RUNTIME-CONTRACTS-024/evidence/FINAL_SCENE_A/0008-SNAPSHOT_PHANTOMS.json
 create mode 100644 L2J_Mobius_CT_2.6_HighFive/docs/phantoms/tasks/PHANTOM-M1-RUNTIME-CONTRACTS-024/evidence/FINAL_SCENE_A/0008-SNAPSHOT_PHANTOMS.xml
 create mode 100644 L2J_Mobius_CT_2.6_HighFive/docs/phantoms/tasks/PHANTOM-M1-RUNTIME-CONTRACTS-024/evidence/FINAL_SCENE_A/0009-SNAPSHOT_PHANTOMS.json
 create mode 100644 L2J_Mobius_CT_2.6_HighFive/docs/phantoms/tasks/PHANTOM-M1-RUNTIME-CONTRACTS-024/evidence/FINAL_SCENE_A/0009-SNAPSHOT_PHANTOMS.xml
 create mode 100644 L2J_Mobius_CT_2.6_HighFive/docs/phantoms/tasks/PHANTOM-M1-RUNTIME-CONTRACTS-024/evidence/FINAL_SCENE_A/0010-SNAPSHOT_PHANTOMS.json
 create mode 100644 L2J_Mobius_CT_2.6_HighFive/docs/phantoms/tasks/PHANTOM-M1-RUNTIME-CONTRACTS-024/evidence/FINAL_SCENE_A/0010-SNAPSHOT_PHANTOMS.xml
 create mode 100644 L2J_Mobius_CT_2.6_HighFive/docs/phantoms/tasks/PHANTOM-M1-RUNTIME-CONTRACTS-024/evidence/FINAL_SCENE_A/0011-SNAPSHOT_PHANTOMS.json
 create mode 100644 L2J_Mobius_CT_2.6_HighFive/docs/phantoms/tasks/PHANTOM-M1-RUNTIME-CONTRACTS-024/evidence/FINAL_SCENE_A/0011-SNAPSHOT_PHANTOMS.xml
 create mode 100644 L2J_Mobius_CT_2.6_HighFive/docs/phantoms/tasks/PHANTOM-M1-RUNTIME-CONTRACTS-024/evidence/FINAL_SCENE_A/0012-SNAPSHOT_PHANTOMS.json
 create mode 100644 L2J_Mobius_CT_2.6_HighFive/docs/phantoms/tasks/PHANTOM-M1-RUNTIME-CONTRACTS-024/evidence/FINAL_SCENE_A/0012-SNAPSHOT_PHANTOMS.xml
 create mode 100644 L2J_Mobius_CT_2.6_HighFive/docs/phantoms/tasks/PHANTOM-M1-RUNTIME-CONTRACTS-024/evidence/FINAL_SCENE_A/0013-SNAPSHOT_PHANTOMS.json
 create mode 100644 L2J_Mobius_CT_2.6_HighFive/docs/phantoms/tasks/PHANTOM-M1-RUNTIME-CONTRACTS-024/evidence/FINAL_SCENE_A/0013-SNAPSHOT_PHANTOMS.xml
 create mode 100644 L2J_Mobius_CT_2.6_HighFive/docs/phantoms/tasks/PHANTOM-M1-RUNTIME-CONTRACTS-024/evidence/FINAL_SCENE_A/0014-SNAPSHOT_PHANTOMS.json
 create mode 100644 L2J_Mobius_CT_2.6_HighFive/docs/phantoms/tasks/PHANTOM-M1-RUNTIME-CONTRACTS-024/evidence/FINAL_SCENE_A/0014-SNAPSHOT_PHANTOMS.xml
 create mode 100644 L2J_Mobius_CT_2.6_HighFive/docs/phantoms/tasks/PHANTOM-M1-RUNTIME-CONTRACTS-024/evidence/FINAL_SCENE_A/0015-SNAPSHOT_PHANTOMS.json
 create mode 100644 L2J_Mobius_CT_2.6_HighFive/docs/phantoms/tasks/PHANTOM-M1-RUNTIME-CONTRACTS-024/evidence/FINAL_SCENE_A/0015-SNAPSHOT_PHANTOMS.xml
 create mode 100644 L2J_Mobius_CT_2.6_HighFive/docs/phantoms/tasks/PHANTOM-M1-RUNTIME-CONTRACTS-024/evidence/FINAL_SCENE_A/0016-SNAPSHOT_PHANTOMS.json
 create mode 100644 L2J_Mobius_CT_2.6_HighFive/docs/phantoms/tasks/PHANTOM-M1-RUNTIME-CONTRACTS-024/evidence/FINAL_SCENE_A/0016-SNAPSHOT_PHANTOMS.xml
 create mode 100644 L2J_Mobius_CT_2.6_HighFive/docs/phantoms/tasks/PHANTOM-M1-RUNTIME-CONTRACTS-024/evidence/FINAL_SCENE_A/0017-SNAPSHOT_PHANTOMS.json
 create mode 100644 L2J_Mobius_CT_2.6_HighFive/docs/phantoms/tasks/PHANTOM-M1-RUNTIME-CONTRACTS-024/evidence/FINAL_SCENE_A/0017-SNAPSHOT_PHANTOMS.xml
 create mode 100644 L2J_Mobius_CT_2.6_HighFive/docs/phantoms/tasks/PHANTOM-M1-RUNTIME-CONTRACTS-024/evidence/FINAL_SCENE_A/0018-SNAPSHOT_PHANTOMS.json
 create mode 100644 L2J_Mobius_CT_2.6_HighFive/docs/phantoms/tasks/PHANTOM-M1-RUNTIME-CONTRACTS-024/evidence/FINAL_SCENE_A/0018-SNAPSHOT_PHANTOMS.xml
 create mode 100644 L2J_Mobius_CT_2.6_HighFive/docs/phantoms/tasks/PHANTOM-M1-RUNTIME-CONTRACTS-024/evidence/FINAL_SCENE_A/0019-SNAPSHOT_PHANTOMS.json
 create mode 100644 L2J_Mobius_CT_2.6_HighFive/docs/phantoms/tasks/PHANTOM-M1-RUNTIME-CONTRACTS-024/evidence/FINAL_SCENE_A/0019-SNAPSHOT_PHANTOMS.xml
 create mode 100644 L2J_Mobius_CT_2.6_HighFive/docs/phantoms/tasks/PHANTOM-M1-RUNTIME-CONTRACTS-024/evidence/FINAL_SCENE_A/0020-SNAPSHOT_PHANTOMS.json
 create mode 100644 L2J_Mobius_CT_2.6_HighFive/docs/phantoms/tasks/PHANTOM-M1-RUNTIME-CONTRACTS-024/evidence/FINAL_SCENE_A/0020-SNAPSHOT_PHANTOMS.xml
 create mode 100644 L2J_Mobius_CT_2.6_HighFive/docs/phantoms/tasks/PHANTOM-M1-RUNTIME-CONTRACTS-024/evidence/FINAL_SCENE_A/0021-SNAPSHOT_PHANTOMS.json
 create mode 100644 L2J_Mobius_CT_2.6_HighFive/docs/phantoms/tasks/PHANTOM-M1-RUNTIME-CONTRACTS-024/evidence/FINAL_SCENE_A/0021-SNAPSHOT_PHANTOMS.xml
 create mode 100644 L2J_Mobius_CT_2.6_HighFive/docs/phantoms/tasks/PHANTOM-M1-RUNTIME-CONTRACTS-024/evidence/FINAL_SCENE_A/0022-SNAPSHOT_PHANTOMS.json
 create mode 100644 L2J_Mobius_CT_2.6_HighFive/docs/phantoms/tasks/PHANTOM-M1-RUNTIME-CONTRACTS-024/evidence/FINAL_SCENE_A/0022-SNAPSHOT_PHANTOMS.xml
 create mode 100644 L2J_Mobius_CT_2.6_HighFive/docs/phantoms/tasks/PHANTOM-M1-RUNTIME-CONTRACTS-024/evidence/FINAL_SCENE_A/0023-SNAPSHOT_PHANTOMS.json
 create mode 100644 L2J_Mobius_CT_2.6_HighFive/docs/phantoms/tasks/PHANTOM-M1-RUNTIME-CONTRACTS-024/evidence/FINAL_SCENE_A/0023-SNAPSHOT_PHANTOMS.xml
 create mode 100644 L2J_Mobius_CT_2.6_HighFive/docs/phantoms/tasks/PHANTOM-M1-RUNTIME-CONTRACTS-024/evidence/FINAL_SCENE_A/0024-SNAPSHOT_PHANTOMS.json
 create mode 100644 L2J_Mobius_CT_2.6_HighFive/docs/phantoms/tasks/PHANTOM-M1-RUNTIME-CONTRACTS-024/evidence/FINAL_SCENE_A/0024-SNAPSHOT_PHANTOMS.xml
 create mode 100644 L2J_Mobius_CT_2.6_HighFive/docs/phantoms/tasks/PHANTOM-M1-RUNTIME-CONTRACTS-024/evidence/FINAL_SCENE_A/0025-SNAPSHOT_PHANTOMS.json
 create mode 100644 L2J_Mobius_CT_2.6_HighFive/docs/phantoms/tasks/PHANTOM-M1-RUNTIME-CONTRACTS-024/evidence/FINAL_SCENE_A/0025-SNAPSHOT_PHANTOMS.xml
 create mode 100644 L2J_Mobius_CT_2.6_HighFive/docs/phantoms/tasks/PHANTOM-M1-RUNTIME-CONTRACTS-024/evidence/FINAL_SCENE_A/0026-SNAPSHOT_PHANTOMS.json
 create mode 100644 L2J_Mobius_CT_2.6_HighFive/docs/phantoms/tasks/PHANTOM-M1-RUNTIME-CONTRACTS-024/evidence/FINAL_SCENE_A/0026-SNAPSHOT_PHANTOMS.xml
 create mode 100644 L2J_Mobius_CT_2.6_HighFive/docs/phantoms/tasks/PHANTOM-M1-RUNTIME-CONTRACTS-024/evidence/FINAL_SCENE_A/0027-SNAPSHOT_PHANTOMS.json
 create mode 100644 L2J_Mobius_CT_2.6_HighFive/docs/phantoms/tasks/PHANTOM-M1-RUNTIME-CONTRACTS-024/evidence/FINAL_SCENE_A/0027-SNAPSHOT_PHANTOMS.xml
 create mode 100644 L2J_Mobius_CT_2.6_HighFive/docs/phantoms/tasks/PHANTOM-M1-RUNTIME-CONTRACTS-024/evidence/FINAL_SCENE_A/0028-SNAPSHOT_PHANTOMS.json
 create mode 100644 L2J_Mobius_CT_2.6_HighFive/docs/phantoms/tasks/PHANTOM-M1-RUNTIME-CONTRACTS-024/evidence/FINAL_SCENE_A/0028-SNAPSHOT_PHANTOMS.xml
 create mode 100644 L2J_Mobius_CT_2.6_HighFive/docs/phantoms/tasks/PHANTOM-M1-RUNTIME-CONTRACTS-024/evidence/FINAL_SCENE_A/0029-SNAPSHOT_PHANTOMS.json
 create mode 100644 L2J_Mobius_CT_2.6_HighFive/docs/phantoms/tasks/PHANTOM-M1-RUNTIME-CONTRACTS-024/evidence/FINAL_SCENE_A/0029-SNAPSHOT_PHANTOMS.xml
 create mode 100644 L2J_Mobius_CT_2.6_HighFive/docs/phantoms/tasks/PHANTOM-M1-RUNTIME-CONTRACTS-024/evidence/FINAL_SCENE_A/0030-SNAPSHOT_PHANTOMS.json
 create mode 100644 L2J_Mobius_CT_2.6_HighFive/docs/phantoms/tasks/PHANTOM-M1-RUNTIME-CONTRACTS-024/evidence/FINAL_SCENE_A/0030-SNAPSHOT_PHANTOMS.xml
 create mode 100644 L2J_Mobius_CT_2.6_HighFive/docs/phantoms/tasks/PHANTOM-M1-RUNTIME-CONTRACTS-024/evidence/FINAL_SCENE_A/0031-SNAPSHOT_PHANTOMS.json
 create mode 100644 L2J_Mobius_CT_2.6_HighFive/docs/phantoms/tasks/PHANTOM-M1-RUNTIME-CONTRACTS-024/evidence/FINAL_SCENE_A/0031-SNAPSHOT_PHANTOMS.xml
 create mode 100644 L2J_Mobius_CT_2.6_HighFive/docs/phantoms/tasks/PHANTOM-M1-RUNTIME-CONTRACTS-024/evidence/FINAL_SCENE_A/0032-SNAPSHOT_PHANTOMS.json
 create mode 100644 L2J_Mobius_CT_2.6_HighFive/docs/phantoms/tasks/PHANTOM-M1-RUNTIME-CONTRACTS-024/evidence/FINAL_SCENE_A/0032-SNAPSHOT_PHANTOMS.xml
 create mode 100644 L2J_Mobius_CT_2.6_HighFive/docs/phantoms/tasks/PHANTOM-M1-RUNTIME-CONTRACTS-024/evidence/FINAL_SCENE_A/0033-SNAPSHOT_PHANTOMS.json
 create mode 100644 L2J_Mobius_CT_2.6_HighFive/docs/phantoms/tasks/PHANTOM-M1-RUNTIME-CONTRACTS-024/evidence/FINAL_SCENE_A/0033-SNAPSHOT_PHANTOMS.xml
 create mode 100644 L2J_Mobius_CT_2.6_HighFive/docs/phantoms/tasks/PHANTOM-M1-RUNTIME-CONTRACTS-024/evidence/FINAL_SCENE_A/0034-SNAPSHOT_PHANTOMS.json
 create mode 100644 L2J_Mobius_CT_2.6_HighFive/docs/phantoms/tasks/PHANTOM-M1-RUNTIME-CONTRACTS-024/evidence/FINAL_SCENE_A/0034-SNAPSHOT_PHANTOMS.xml
 create mode 100644 L2J_Mobius_CT_2.6_HighFive/docs/phantoms/tasks/PHANTOM-M1-RUNTIME-CONTRACTS-024/evidence/FINAL_SCENE_A/0035-SNAPSHOT_PHANTOMS.json
 create mode 100644 L2J_Mobius_CT_2.6_HighFive/docs/phantoms/tasks/PHANTOM-M1-RUNTIME-CONTRACTS-024/evidence/FINAL_SCENE_A/0035-SNAPSHOT_PHANTOMS.xml
 create mode 100644 L2J_Mobius_CT_2.6_HighFive/docs/phantoms/tasks/PHANTOM-M1-RUNTIME-CONTRACTS-024/evidence/FINAL_SCENE_A/0036-SNAPSHOT_PHANTOMS.json
 create mode 100644 L2J_Mobius_CT_2.6_HighFive/docs/phantoms/tasks/PHANTOM-M1-RUNTIME-CONTRACTS-024/evidence/FINAL_SCENE_A/0036-SNAPSHOT_PHANTOMS.xml
 create mode 100644 L2J_Mobius_CT_2.6_HighFive/docs/phantoms/tasks/PHANTOM-M1-RUNTIME-CONTRACTS-024/evidence/FINAL_SCENE_A/0037-SNAPSHOT_PHANTOMS.json
 create mode 100644 L2J_Mobius_CT_2.6_HighFive/docs/phantoms/tasks/PHANTOM-M1-RUNTIME-CONTRACTS-024/evidence/FINAL_SCENE_A/0037-SNAPSHOT_PHANTOMS.xml
 create mode 100644 L2J_Mobius_CT_2.6_HighFive/docs/phantoms/tasks/PHANTOM-M1-RUNTIME-CONTRACTS-024/evidence/FINAL_SCENE_A/0038-SNAPSHOT_PHANTOMS.json
 create mode 100644 L2J_Mobius_CT_2.6_HighFive/docs/phantoms/tasks/PHANTOM-M1-RUNTIME-CONTRACTS-024/evidence/FINAL_SCENE_A/0038-SNAPSHOT_PHANTOMS.xml
 create mode 100644 L2J_Mobius_CT_2.6_HighFive/docs/phantoms/tasks/PHANTOM-M1-RUNTIME-CONTRACTS-024/evidence/FINAL_SCENE_A/0039-SNAPSHOT_PHANTOMS.json
 create mode 100644 L2J_Mobius_CT_2.6_HighFive/docs/phantoms/tasks/PHANTOM-M1-RUNTIME-CONTRACTS-024/evidence/FINAL_SCENE_A/0039-SNAPSHOT_PHANTOMS.xml
 create mode 100644 L2J_Mobius_CT_2.6_HighFive/docs/phantoms/tasks/PHANTOM-M1-RUNTIME-CONTRACTS-024/evidence/FINAL_SCENE_A/0040-SNAPSHOT_PHANTOMS.json
 create mode 100644 L2J_Mobius_CT_2.6_HighFive/docs/phantoms/tasks/PHANTOM-M1-RUNTIME-CONTRACTS-024/evidence/FINAL_SCENE_A/0040-SNAPSHOT_PHANTOMS.xml
 create mode 100644 L2J_Mobius_CT_2.6_HighFive/docs/phantoms/tasks/PHANTOM-M1-RUNTIME-CONTRACTS-024/evidence/FINAL_SCENE_A/0041-SNAPSHOT_PHANTOMS.json
 create mode 100644 L2J_Mobius_CT_2.6_HighFive/docs/phantoms/tasks/PHANTOM-M1-RUNTIME-CONTRACTS-024/evidence/FINAL_SCENE_A/0041-SNAPSHOT_PHANTOMS.xml
 create mode 100644 L2J_Mobius_CT_2.6_HighFive/docs/phantoms/tasks/PHANTOM-M1-RUNTIME-CONTRACTS-024/evidence/FINAL_SCENE_A/0042-SNAPSHOT_PHANTOMS.json
 create mode 100644 L2J_Mobius_CT_2.6_HighFive/docs/phantoms/tasks/PHANTOM-M1-RUNTIME-CONTRACTS-024/evidence/FINAL_SCENE_A/0042-SNAPSHOT_PHANTOMS.xml
 create mode 100644 L2J_Mobius_CT_2.6_HighFive/docs/phantoms/tasks/PHANTOM-M1-RUNTIME-CONTRACTS-024/evidence/FINAL_SCENE_A/0043-SNAPSHOT_PHANTOMS.json
 create mode 100644 L2J_Mobius_CT_2.6_HighFive/docs/phantoms/tasks/PHANTOM-M1-RUNTIME-CONTRACTS-024/evidence/FINAL_SCENE_A/0043-SNAPSHOT_PHANTOMS.xml
 create mode 100644 L2J_Mobius_CT_2.6_HighFive/docs/phantoms/tasks/PHANTOM-M1-RUNTIME-CONTRACTS-024/evidence/FINAL_SCENE_A/0044-SNAPSHOT_PHANTOMS.json
 create mode 100644 L2J_Mobius_CT_2.6_HighFive/docs/phantoms/tasks/PHANTOM-M1-RUNTIME-CONTRACTS-024/evidence/FINAL_SCENE_A/0044-SNAPSHOT_PHANTOMS.xml
 create mode 100644 L2J_Mobius_CT_2.6_HighFive/docs/phantoms/tasks/PHANTOM-M1-RUNTIME-CONTRACTS-024/evidence/FINAL_SCENE_A/0045-SNAPSHOT_PHANTOMS.json
 create mode 100644 L2J_Mobius_CT_2.6_HighFive/docs/phantoms/tasks/PHANTOM-M1-RUNTIME-CONTRACTS-024/evidence/FINAL_SCENE_A/0045-SNAPSHOT_PHANTOMS.xml
 create mode 100644 L2J_Mobius_CT_2.6_HighFive/docs/phantoms/tasks/PHANTOM-M1-RUNTIME-CONTRACTS-024/evidence/FINAL_SCENE_A/0046-SNAPSHOT_PHANTOMS.json
 create mode 100644 L2J_Mobius_CT_2.6_HighFive/docs/phantoms/tasks/PHANTOM-M1-RUNTIME-CONTRACTS-024/evidence/FINAL_SCENE_A/0046-SNAPSHOT_PHANTOMS.xml
 create mode 100644 L2J_Mobius_CT_2.6_HighFive/docs/phantoms/tasks/PHANTOM-M1-RUNTIME-CONTRACTS-024/evidence/FINAL_SCENE_A/0047-SNAPSHOT_PHANTOMS.json
 create mode 100644 L2J_Mobius_CT_2.6_HighFive/docs/phantoms/tasks/PHANTOM-M1-RUNTIME-CONTRACTS-024/evidence/FINAL_SCENE_A/0047-SNAPSHOT_PHANTOMS.xml
 create mode 100644 L2J_Mobius_CT_2.6_HighFive/docs/phantoms/tasks/PHANTOM-M1-RUNTIME-CONTRACTS-024/evidence/FINAL_SCENE_A/0048-SNAPSHOT_PHANTOMS.json
 create mode 100644 L2J_Mobius_CT_2.6_HighFive/docs/phantoms/tasks/PHANTOM-M1-RUNTIME-CONTRACTS-024/evidence/FINAL_SCENE_A/0048-SNAPSHOT_PHANTOMS.xml
 create mode 100644 L2J_Mobius_CT_2.6_HighFive/docs/phantoms/tasks/PHANTOM-M1-RUNTIME-CONTRACTS-024/evidence/FINAL_SCENE_A/0049-SNAPSHOT_PHANTOMS.json
 create mode 100644 L2J_Mobius_CT_2.6_HighFive/docs/phantoms/tasks/PHANTOM-M1-RUNTIME-CONTRACTS-024/evidence/FINAL_SCENE_A/0049-SNAPSHOT_PHANTOMS.xml
 create mode 100644 L2J_Mobius_CT_2.6_HighFive/docs/phantoms/tasks/PHANTOM-M1-RUNTIME-CONTRACTS-024/evidence/FINAL_SCENE_A/0050-SNAPSHOT_PHANTOMS.json
 create mode 100644 L2J_Mobius_CT_2.6_HighFive/docs/phantoms/tasks/PHANTOM-M1-RUNTIME-CONTRACTS-024/evidence/FINAL_SCENE_A/0050-SNAPSHOT_PHANTOMS.xml
 create mode 100644 L2J_Mobius_CT_2.6_HighFive/docs/phantoms/tasks/PHANTOM-M1-RUNTIME-CONTRACTS-024/evidence/FINAL_SCENE_A/0051-SNAPSHOT_PHANTOMS.json
 create mode 100644 L2J_Mobius_CT_2.6_HighFive/docs/phantoms/tasks/PHANTOM-M1-RUNTIME-CONTRACTS-024/evidence/FINAL_SCENE_A/0051-SNAPSHOT_PHANTOMS.xml
 create mode 100644 L2J_Mobius_CT_2.6_HighFive/docs/phantoms/tasks/PHANTOM-M1-RUNTIME-CONTRACTS-024/evidence/FINAL_SCENE_A/0052-SNAPSHOT_PHANTOMS.json
 create mode 100644 L2J_Mobius_CT_2.6_HighFive/docs/phantoms/tasks/PHANTOM-M1-RUNTIME-CONTRACTS-024/evidence/FINAL_SCENE_A/0052-SNAPSHOT_PHANTOMS.xml
 create mode 100644 L2J_Mobius_CT_2.6_HighFive/docs/phantoms/tasks/PHANTOM-M1-RUNTIME-CONTRACTS-024/evidence/FINAL_SCENE_A/0053-SNAPSHOT_PHANTOMS.json
 create mode 100644 L2J_Mobius_CT_2.6_HighFive/docs/phantoms/tasks/PHANTOM-M1-RUNTIME-CONTRACTS-024/evidence/FINAL_SCENE_A/0053-SNAPSHOT_PHANTOMS.xml
 create mode 100644 L2J_Mobius_CT_2.6_HighFive/docs/phantoms/tasks/PHANTOM-M1-RUNTIME-CONTRACTS-024/evidence/FINAL_SCENE_A/0054-SNAPSHOT_PHANTOMS.json
 create mode 100644 L2J_Mobius_CT_2.6_HighFive/docs/phantoms/tasks/PHANTOM-M1-RUNTIME-CONTRACTS-024/evidence/FINAL_SCENE_A/0054-SNAPSHOT_PHANTOMS.xml
 create mode 100644 L2J_Mobius_CT_2.6_HighFive/docs/phantoms/tasks/PHANTOM-M1-RUNTIME-CONTRACTS-024/evidence/FINAL_SCENE_A/0055-SNAPSHOT_PHANTOMS.json
 create mode 100644 L2J_Mobius_CT_2.6_HighFive/docs/phantoms/tasks/PHANTOM-M1-RUNTIME-CONTRACTS-024/evidence/FINAL_SCENE_A/0055-SNAPSHOT_PHANTOMS.xml
 create mode 100644 L2J_Mobius_CT_2.6_HighFive/docs/phantoms/tasks/PHANTOM-M1-RUNTIME-CONTRACTS-024/evidence/FINAL_SCENE_A/0056-SNAPSHOT_PHANTOMS.json
 create mode 100644 L2J_Mobius_CT_2.6_HighFive/docs/phantoms/tasks/PHANTOM-M1-RUNTIME-CONTRACTS-024/evidence/FINAL_SCENE_A/0056-SNAPSHOT_PHANTOMS.xml
 create mode 100644 L2J_Mobius_CT_2.6_HighFive/docs/phantoms/tasks/PHANTOM-M1-RUNTIME-CONTRACTS-024/evidence/FINAL_SCENE_A/0057-SNAPSHOT_PHANTOMS.json
 create mode 100644 L2J_Mobius_CT_2.6_HighFive/docs/phantoms/tasks/PHANTOM-M1-RUNTIME-CONTRACTS-024/evidence/FINAL_SCENE_A/0057-SNAPSHOT_PHANTOMS.xml
 create mode 100644 L2J_Mobius_CT_2.6_HighFive/docs/phantoms/tasks/PHANTOM-M1-RUNTIME-CONTRACTS-024/evidence/FINAL_SCENE_A/0058-SNAPSHOT_PHANTOMS.json
 create mode 100644 L2J_Mobius_CT_2.6_HighFive/docs/phantoms/tasks/PHANTOM-M1-RUNTIME-CONTRACTS-024/evidence/FINAL_SCENE_A/0058-SNAPSHOT_PHANTOMS.xml
 create mode 100644 L2J_Mobius_CT_2.6_HighFive/docs/phantoms/tasks/PHANTOM-M1-RUNTIME-CONTRACTS-024/evidence/FINAL_SCENE_A/0059-SNAPSHOT_PHANTOMS.json
 create mode 100644 L2J_Mobius_CT_2.6_HighFive/docs/phantoms/tasks/PHANTOM-M1-RUNTIME-CONTRACTS-024/evidence/FINAL_SCENE_A/0059-SNAPSHOT_PHANTOMS.xml
 create mode 100644 L2J_Mobius_CT_2.6_HighFive/docs/phantoms/tasks/PHANTOM-M1-RUNTIME-CONTRACTS-024/evidence/FINAL_SCENE_A/0060-SNAPSHOT_PHANTOMS.json
 create mode 100644 L2J_Mobius_CT_2.6_HighFive/docs/phantoms/tasks/PHANTOM-M1-RUNTIME-CONTRACTS-024/evidence/FINAL_SCENE_A/0060-SNAPSHOT_PHANTOMS.xml
 create mode 100644 L2J_Mobius_CT_2.6_HighFive/docs/phantoms/tasks/PHANTOM-M1-RUNTIME-CONTRACTS-024/evidence/FINAL_SCENE_A/0061-SNAPSHOT_PHANTOMS.json
 create mode 100644 L2J_Mobius_CT_2.6_HighFive/docs/phantoms/tasks/PHANTOM-M1-RUNTIME-CONTRACTS-024/evidence/FINAL_SCENE_A/0061-SNAPSHOT_PHANTOMS.xml
 create mode 100644 L2J_Mobius_CT_2.6_HighFive/docs/phantoms/tasks/PHANTOM-M1-RUNTIME-CONTRACTS-024/evidence/FINAL_SCENE_A/0062-SNAPSHOT_PHANTOMS.json
 create mode 100644 L2J_Mobius_CT_2.6_HighFive/docs/phantoms/tasks/PHANTOM-M1-RUNTIME-CONTRACTS-024/evidence/FINAL_SCENE_A/0062-SNAPSHOT_PHANTOMS.xml
 create mode 100644 L2J_Mobius_CT_2.6_HighFive/docs/phantoms/tasks/PHANTOM-M1-RUNTIME-CONTRACTS-024/evidence/FINAL_SCENE_A/0063-SNAPSHOT_PHANTOMS.json
 create mode 100644 L2J_Mobius_CT_2.6_HighFive/docs/phantoms/tasks/PHANTOM-M1-RUNTIME-CONTRACTS-024/evidence/FINAL_SCENE_A/0063-SNAPSHOT_PHANTOMS.xml
 create mode 100644 L2J_Mobius_CT_2.6_HighFive/docs/phantoms/tasks/PHANTOM-M1-RUNTIME-CONTRACTS-024/evidence/FINAL_SCENE_A/0064-SNAPSHOT_PHANTOMS.json
 create mode 100644 L2J_Mobius_CT_2.6_HighFive/docs/phantoms/tasks/PHANTOM-M1-RUNTIME-CONTRACTS-024/evidence/FINAL_SCENE_A/0064-SNAPSHOT_PHANTOMS.xml
 create mode 100644 L2J_Mobius_CT_2.6_HighFive/docs/phantoms/tasks/PHANTOM-M1-RUNTIME-CONTRACTS-024/evidence/FINAL_SCENE_A/0065-SNAPSHOT_PHANTOMS.json
 create mode 100644 L2J_Mobius_CT_2.6_HighFive/docs/phantoms/tasks/PHANTOM-M1-RUNTIME-CONTRACTS-024/evidence/FINAL_SCENE_A/0065-SNAPSHOT_PHANTOMS.xml
 create mode 100644 L2J_Mobius_CT_2.6_HighFive/docs/phantoms/tasks/PHANTOM-M1-RUNTIME-CONTRACTS-024/evidence/FINAL_SCENE_A/0066-SNAPSHOT_PHANTOMS.json
 create mode 100644 L2J_Mobius_CT_2.6_HighFive/docs/phantoms/tasks/PHANTOM-M1-RUNTIME-CONTRACTS-024/evidence/FINAL_SCENE_A/0066-SNAPSHOT_PHANTOMS.xml
 create mode 100644 L2J_Mobius_CT_2.6_HighFive/docs/phantoms/tasks/PHANTOM-M1-RUNTIME-CONTRACTS-024/evidence/FINAL_SCENE_A/0067-SNAPSHOT_PHANTOMS.json
 create mode 100644 L2J_Mobius_CT_2.6_HighFive/docs/phantoms/tasks/PHANTOM-M1-RUNTIME-CONTRACTS-024/evidence/FINAL_SCENE_A/0067-SNAPSHOT_PHANTOMS.xml
 create mode 100644 L2J_Mobius_CT_2.6_HighFive/docs/phantoms/tasks/PHANTOM-M1-RUNTIME-CONTRACTS-024/evidence/FINAL_SCENE_A/0068-SNAPSHOT_PHANTOMS.json
 create mode 100644 L2J_Mobius_CT_2.6_HighFive/docs/phantoms/tasks/PHANTOM-M1-RUNTIME-CONTRACTS-024/evidence/FINAL_SCENE_A/0068-SNAPSHOT_PHANTOMS.xml
 create mode 100644 L2J_Mobius_CT_2.6_HighFive/docs/phantoms/tasks/PHANTOM-M1-RUNTIME-CONTRACTS-024/evidence/FINAL_SCENE_A/0069-SNAPSHOT_PHANTOMS.json
 create mode 100644 L2J_Mobius_CT_2.6_HighFive/docs/phantoms/tasks/PHANTOM-M1-RUNTIME-CONTRACTS-024/evidence/FINAL_SCENE_A/0069-SNAPSHOT_PHANTOMS.xml
 create mode 100644 L2J_Mobius_CT_2.6_HighFive/docs/phantoms/tasks/PHANTOM-M1-RUNTIME-CONTRACTS-024/evidence/FINAL_SCENE_A/0070-SNAPSHOT_PHANTOMS.json
 create mode 100644 L2J_Mobius_CT_2.6_HighFive/docs/phantoms/tasks/PHANTOM-M1-RUNTIME-CONTRACTS-024/evidence/FINAL_SCENE_A/0070-SNAPSHOT_PHANTOMS.xml
 create mode 100644 L2J_Mobius_CT_2.6_HighFive/docs/phantoms/tasks/PHANTOM-M1-RUNTIME-CONTRACTS-024/evidence/FINAL_SCENE_A/0071-SNAPSHOT_PHANTOMS.json
 create mode 100644 L2J_Mobius_CT_2.6_HighFive/docs/phantoms/tasks/PHANTOM-M1-RUNTIME-CONTRACTS-024/evidence/FINAL_SCENE_A/0071-SNAPSHOT_PHANTOMS.xml
 create mode 100644 L2J_Mobius_CT_2.6_HighFive/docs/phantoms/tasks/PHANTOM-M1-RUNTIME-CONTRACTS-024/evidence/FINAL_SCENE_A/0072-SNAPSHOT_PHANTOMS.json
 create mode 100644 L2J_Mobius_CT_2.6_HighFive/docs/phantoms/tasks/PHANTOM-M1-RUNTIME-CONTRACTS-024/evidence/FINAL_SCENE_A/0072-SNAPSHOT_PHANTOMS.xml
 create mode 100644 L2J_Mobius_CT_2.6_HighFive/docs/phantoms/tasks/PHANTOM-M1-RUNTIME-CONTRACTS-024/evidence/FINAL_SCENE_A/0073-SNAPSHOT_PHANTOMS.json
 create mode 100644 L2J_Mobius_CT_2.6_HighFive/docs/phantoms/tasks/PHANTOM-M1-RUNTIME-CONTRACTS-024/evidence/FINAL_SCENE_A/0073-SNAPSHOT_PHANTOMS.xml
 create mode 100644 L2J_Mobius_CT_2.6_HighFive/docs/phantoms/tasks/PHANTOM-M1-RUNTIME-CONTRACTS-024/evidence/FINAL_SCENE_A/0074-SNAPSHOT_PHANTOMS.json
 create mode 100644 L2J_Mobius_CT_2.6_HighFive/docs/phantoms/tasks/PHANTOM-M1-RUNTIME-CONTRACTS-024/evidence/FINAL_SCENE_A/0074-SNAPSHOT_PHANTOMS.xml
 create mode 100644 L2J_Mobius_CT_2.6_HighFive/docs/phantoms/tasks/PHANTOM-M1-RUNTIME-CONTRACTS-024/evidence/FINAL_SCENE_A/0075-SNAPSHOT_PHANTOMS.json
 create mode 100644 L2J_Mobius_CT_2.6_HighFive/docs/phantoms/tasks/PHANTOM-M1-RUNTIME-CONTRACTS-024/evidence/FINAL_SCENE_A/0075-SNAPSHOT_PHANTOMS.xml
 create mode 100644 L2J_Mobius_CT_2.6_HighFive/docs/phantoms/tasks/PHANTOM-M1-RUNTIME-CONTRACTS-024/evidence/FINAL_SCENE_A/0076-SNAPSHOT_PHANTOMS.json
 create mode 100644 L2J_Mobius_CT_2.6_HighFive/docs/phantoms/tasks/PHANTOM-M1-RUNTIME-CONTRACTS-024/evidence/FINAL_SCENE_A/0076-SNAPSHOT_PHANTOMS.xml
 create mode 100644 L2J_Mobius_CT_2.6_HighFive/docs/phantoms/tasks/PHANTOM-M1-RUNTIME-CONTRACTS-024/evidence/FINAL_SCENE_A/0077-SNAPSHOT_PHANTOMS.json
 create mode 100644 L2J_Mobius_CT_2.6_HighFive/docs/phantoms/tasks/PHANTOM-M1-RUNTIME-CONTRACTS-024/evidence/FINAL_SCENE_A/0077-SNAPSHOT_PHANTOMS.xml
 create mode 100644 L2J_Mobius_CT_2.6_HighFive/docs/phantoms/tasks/PHANTOM-M1-RUNTIME-CONTRACTS-024/evidence/FINAL_SCENE_A/0078-SNAPSHOT_PHANTOMS.json
 create mode 100644 L2J_Mobius_CT_2.6_HighFive/docs/phantoms/tasks/PHANTOM-M1-RUNTIME-CONTRACTS-024/evidence/FINAL_SCENE_A/0078-SNAPSHOT_PHANTOMS.xml
 create mode 100644 L2J_Mobius_CT_2.6_HighFive/docs/phantoms/tasks/PHANTOM-M1-RUNTIME-CONTRACTS-024/evidence/FINAL_SCENE_A/0079-SNAPSHOT_PHANTOMS.json
 create mode 100644 L2J_Mobius_CT_2.6_HighFive/docs/phantoms/tasks/PHANTOM-M1-RUNTIME-CONTRACTS-024/evidence/FINAL_SCENE_A/0079-SNAPSHOT_PHANTOMS.xml
 create mode 100644 L2J_Mobius_CT_2.6_HighFive/docs/phantoms/tasks/PHANTOM-M1-RUNTIME-CONTRACTS-024/evidence/FINAL_SCENE_A/0080-SNAPSHOT_PHANTOMS.json
 create mode 100644 L2J_Mobius_CT_2.6_HighFive/docs/phantoms/tasks/PHANTOM-M1-RUNTIME-CONTRACTS-024/evidence/FINAL_SCENE_A/0080-SNAPSHOT_PHANTOMS.xml
 create mode 100644 L2J_Mobius_CT_2.6_HighFive/docs/phantoms/tasks/PHANTOM-M1-RUNTIME-CONTRACTS-024/evidence/FINAL_SCENE_A/0081-SNAPSHOT_PHANTOMS.json
 create mode 100644 L2J_Mobius_CT_2.6_HighFive/docs/phantoms/tasks/PHANTOM-M1-RUNTIME-CONTRACTS-024/evidence/FINAL_SCENE_A/0081-SNAPSHOT_PHANTOMS.xml
 create mode 100644 L2J_Mobius_CT_2.6_HighFive/docs/phantoms/tasks/PHANTOM-M1-RUNTIME-CONTRACTS-024/evidence/FINAL_SCENE_A/0082-SNAPSHOT_PHANTOMS.json
 create mode 100644 L2J_Mobius_CT_2.6_HighFive/docs/phantoms/tasks/PHANTOM-M1-RUNTIME-CONTRACTS-024/evidence/FINAL_SCENE_A/0082-SNAPSHOT_PHANTOMS.xml
 create mode 100644 L2J_Mobius_CT_2.6_HighFive/docs/phantoms/tasks/PHANTOM-M1-RUNTIME-CONTRACTS-024/evidence/FINAL_SCENE_A/0083-SNAPSHOT_PHANTOMS.json
 create mode 100644 L2J_Mobius_CT_2.6_HighFive/docs/phantoms/tasks/PHANTOM-M1-RUNTIME-CONTRACTS-024/evidence/FINAL_SCENE_A/0083-SNAPSHOT_PHANTOMS.xml
 create mode 100644 L2J_Mobius_CT_2.6_HighFive/docs/phantoms/tasks/PHANTOM-M1-RUNTIME-CONTRACTS-024/evidence/FINAL_SCENE_A/0084-SNAPSHOT_PHANTOMS.json
 create mode 100644 L2J_Mobius_CT_2.6_HighFive/docs/phantoms/tasks/PHANTOM-M1-RUNTIME-CONTRACTS-024/evidence/FINAL_SCENE_A/0084-SNAPSHOT_PHANTOMS.xml
 create mode 100644 L2J_Mobius_CT_2.6_HighFive/docs/phantoms/tasks/PHANTOM-M1-RUNTIME-CONTRACTS-024/evidence/FINAL_SCENE_A/0085-SNAPSHOT_PHANTOMS.json
 create mode 100644 L2J_Mobius_CT_2.6_HighFive/docs/phantoms/tasks/PHANTOM-M1-RUNTIME-CONTRACTS-024/evidence/FINAL_SCENE_A/0085-SNAPSHOT_PHANTOMS.xml
 create mode 100644 L2J_Mobius_CT_2.6_HighFive/docs/phantoms/tasks/PHANTOM-M1-RUNTIME-CONTRACTS-024/evidence/FINAL_SCENE_A/0086-SNAPSHOT_PHANTOMS.json
 create mode 100644 L2J_Mobius_CT_2.6_HighFive/docs/phantoms/tasks/PHANTOM-M1-RUNTIME-CONTRACTS-024/evidence/FINAL_SCENE_A/0086-SNAPSHOT_PHANTOMS.xml
 create mode 100644 L2J_Mobius_CT_2.6_HighFive/docs/phantoms/tasks/PHANTOM-M1-RUNTIME-CONTRACTS-024/evidence/FINAL_SCENE_A/0087-SNAPSHOT_PHANTOMS.json
 create mode 100644 L2J_Mobius_CT_2.6_HighFive/docs/phantoms/tasks/PHANTOM-M1-RUNTIME-CONTRACTS-024/evidence/FINAL_SCENE_A/0087-SNAPSHOT_PHANTOMS.xml
 create mode 100644 L2J_Mobius_CT_2.6_HighFive/docs/phantoms/tasks/PHANTOM-M1-RUNTIME-CONTRACTS-024/evidence/FINAL_SCENE_A/0088-SNAPSHOT_PHANTOMS.json
 create mode 100644 L2J_Mobius_CT_2.6_HighFive/docs/phantoms/tasks/PHANTOM-M1-RUNTIME-CONTRACTS-024/evidence/FINAL_SCENE_A/0088-SNAPSHOT_PHANTOMS.xml
 create mode 100644 L2J_Mobius_CT_2.6_HighFive/docs/phantoms/tasks/PHANTOM-M1-RUNTIME-CONTRACTS-024/evidence/FINAL_SCENE_A/0089-SNAPSHOT_PHANTOMS.json
 create mode 100644 L2J_Mobius_CT_2.6_HighFive/docs/phantoms/tasks/PHANTOM-M1-RUNTIME-CONTRACTS-024/evidence/FINAL_SCENE_A/0089-SNAPSHOT_PHANTOMS.xml
 create mode 100644 L2J_Mobius_CT_2.6_HighFive/docs/phantoms/tasks/PHANTOM-M1-RUNTIME-CONTRACTS-024/evidence/FINAL_SCENE_A/0090-SNAPSHOT_PHANTOMS.json
 create mode 100644 L2J_Mobius_CT_2.6_HighFive/docs/phantoms/tasks/PHANTOM-M1-RUNTIME-CONTRACTS-024/evidence/FINAL_SCENE_A/0090-SNAPSHOT_PHANTOMS.xml
 create mode 100644 L2J_Mobius_CT_2.6_HighFive/docs/phantoms/tasks/PHANTOM-M1-RUNTIME-CONTRACTS-024/evidence/FINAL_SCENE_A/0091-SNAPSHOT_PHANTOMS.json
 create mode 100644 L2J_Mobius_CT_2.6_HighFive/docs/phantoms/tasks/PHANTOM-M1-RUNTIME-CONTRACTS-024/evidence/FINAL_SCENE_A/0091-SNAPSHOT_PHANTOMS.xml
 create mode 100644 L2J_Mobius_CT_2.6_HighFive/docs/phantoms/tasks/PHANTOM-M1-RUNTIME-CONTRACTS-024/evidence/FINAL_SCENE_A/0092-SNAPSHOT_PHANTOMS.json
 create mode 100644 L2J_Mobius_CT_2.6_HighFive/docs/phantoms/tasks/PHANTOM-M1-RUNTIME-CONTRACTS-024/evidence/FINAL_SCENE_A/0092-SNAPSHOT_PHANTOMS.xml
 create mode 100644 L2J_Mobius_CT_2.6_HighFive/docs/phantoms/tasks/PHANTOM-M1-RUNTIME-CONTRACTS-024/evidence/FINAL_SCENE_A/0093-SNAPSHOT_PHANTOMS.json
 create mode 100644 L2J_Mobius_CT_2.6_HighFive/docs/phantoms/tasks/PHANTOM-M1-RUNTIME-CONTRACTS-024/evidence/FINAL_SCENE_A/0093-SNAPSHOT_PHANTOMS.xml
 create mode 100644 L2J_Mobius_CT_2.6_HighFive/docs/phantoms/tasks/PHANTOM-M1-RUNTIME-CONTRACTS-024/evidence/FINAL_SCENE_A/0094-SNAPSHOT_PHANTOMS.json
 create mode 100644 L2J_Mobius_CT_2.6_HighFive/docs/phantoms/tasks/PHANTOM-M1-RUNTIME-CONTRACTS-024/evidence/FINAL_SCENE_A/0094-SNAPSHOT_PHANTOMS.xml
 create mode 100644 L2J_Mobius_CT_2.6_HighFive/docs/phantoms/tasks/PHANTOM-M1-RUNTIME-CONTRACTS-024/evidence/FINAL_SCENE_A/0095-SNAPSHOT_PHANTOMS.json
 create mode 100644 L2J_Mobius_CT_2.6_HighFive/docs/phantoms/tasks/PHANTOM-M1-RUNTIME-CONTRACTS-024/evidence/FINAL_SCENE_A/0095-SNAPSHOT_PHANTOMS.xml
 create mode 100644 L2J_Mobius_CT_2.6_HighFive/docs/phantoms/tasks/PHANTOM-M1-RUNTIME-CONTRACTS-024/evidence/FINAL_SCENE_A/0096-SNAPSHOT_PHANTOMS.json
 create mode 100644 L2J_Mobius_CT_2.6_HighFive/docs/phantoms/tasks/PHANTOM-M1-RUNTIME-CONTRACTS-024/evidence/FINAL_SCENE_A/0096-SNAPSHOT_PHANTOMS.xml
 create mode 100644 L2J_Mobius_CT_2.6_HighFive/docs/phantoms/tasks/PHANTOM-M1-RUNTIME-CONTRACTS-024/evidence/FINAL_SCENE_A/0097-SNAPSHOT_PHANTOMS.json
 create mode 100644 L2J_Mobius_CT_2.6_HighFive/docs/phantoms/tasks/PHANTOM-M1-RUNTIME-CONTRACTS-024/evidence/FINAL_SCENE_A/0097-SNAPSHOT_PHANTOMS.xml
 create mode 100644 L2J_Mobius_CT_2.6_HighFive/docs/phantoms/tasks/PHANTOM-M1-RUNTIME-CONTRACTS-024/evidence/FINAL_SCENE_A/0098-SNAPSHOT_PHANTOMS.json
 create mode 100644 L2J_Mobius_CT_2.6_HighFive/docs/phantoms/tasks/PHANTOM-M1-RUNTIME-CONTRACTS-024/evidence/FINAL_SCENE_A/0098-SNAPSHOT_PHANTOMS.xml
 create mode 100644 L2J_Mobius_CT_2.6_HighFive/docs/phantoms/tasks/PHANTOM-M1-RUNTIME-CONTRACTS-024/evidence/FINAL_SCENE_A/0099-SNAPSHOT_PHANTOMS.json
 create mode 100644 L2J_Mobius_CT_2.6_HighFive/docs/phantoms/tasks/PHANTOM-M1-RUNTIME-CONTRACTS-024/evidence/FINAL_SCENE_A/0099-SNAPSHOT_PHANTOMS.xml
 create mode 100644 L2J_Mobius_CT_2.6_HighFive/docs/phantoms/tasks/PHANTOM-M1-RUNTIME-CONTRACTS-024/evidence/FINAL_SCENE_A/0100-SNAPSHOT_PHANTOMS.json
 create mode 100644 L2J_Mobius_CT_2.6_HighFive/docs/phantoms/tasks/PHANTOM-M1-RUNTIME-CONTRACTS-024/evidence/FINAL_SCENE_A/0100-SNAPSHOT_PHANTOMS.xml
 create mode 100644 L2J_Mobius_CT_2.6_HighFive/docs/phantoms/tasks/PHANTOM-M1-RUNTIME-CONTRACTS-024/evidence/FINAL_SCENE_A/0101-SNAPSHOT_PHANTOMS.json
 create mode 100644 L2J_Mobius_CT_2.6_HighFive/docs/phantoms/tasks/PHANTOM-M1-RUNTIME-CONTRACTS-024/evidence/FINAL_SCENE_A/0101-SNAPSHOT_PHANTOMS.xml
 create mode 100644 L2J_Mobius_CT_2.6_HighFive/docs/phantoms/tasks/PHANTOM-M1-RUNTIME-CONTRACTS-024/evidence/FINAL_SCENE_A/0102-SNAPSHOT_PHANTOMS.json
 create mode 100644 L2J_Mobius_CT_2.6_HighFive/docs/phantoms/tasks/PHANTOM-M1-RUNTIME-CONTRACTS-024/evidence/FINAL_SCENE_A/0102-SNAPSHOT_PHANTOMS.xml
 create mode 100644 L2J_Mobius_CT_2.6_HighFive/docs/phantoms/tasks/PHANTOM-M1-RUNTIME-CONTRACTS-024/evidence/FINAL_SCENE_A/0103-SNAPSHOT_PHANTOMS.json
 create mode 100644 L2J_Mobius_CT_2.6_HighFive/docs/phantoms/tasks/PHANTOM-M1-RUNTIME-CONTRACTS-024/evidence/FINAL_SCENE_A/0103-SNAPSHOT_PHANTOMS.xml
 create mode 100644 L2J_Mobius_CT_2.6_HighFive/docs/phantoms/tasks/PHANTOM-M1-RUNTIME-CONTRACTS-024/evidence/FINAL_SCENE_A/0104-SNAPSHOT_PHANTOMS.json
 create mode 100644 L2J_Mobius_CT_2.6_HighFive/docs/phantoms/tasks/PHANTOM-M1-RUNTIME-CONTRACTS-024/evidence/FINAL_SCENE_A/0104-SNAPSHOT_PHANTOMS.xml
 create mode 100644 L2J_Mobius_CT_2.6_HighFive/docs/phantoms/tasks/PHANTOM-M1-RUNTIME-CONTRACTS-024/evidence/FINAL_SCENE_A/0105-SNAPSHOT_PHANTOMS.json
 create mode 100644 L2J_Mobius_CT_2.6_HighFive/docs/phantoms/tasks/PHANTOM-M1-RUNTIME-CONTRACTS-024/evidence/FINAL_SCENE_A/0105-SNAPSHOT_PHANTOMS.xml
 create mode 100644 L2J_Mobius_CT_2.6_HighFive/docs/phantoms/tasks/PHANTOM-M1-RUNTIME-CONTRACTS-024/evidence/FINAL_SCENE_A/0106-SNAPSHOT_PHANTOMS.json
 create mode 100644 L2J_Mobius_CT_2.6_HighFive/docs/phantoms/tasks/PHANTOM-M1-RUNTIME-CONTRACTS-024/evidence/FINAL_SCENE_A/0106-SNAPSHOT_PHANTOMS.xml
 create mode 100644 L2J_Mobius_CT_2.6_HighFive/docs/phantoms/tasks/PHANTOM-M1-RUNTIME-CONTRACTS-024/evidence/FINAL_SCENE_A/0107-SNAPSHOT_PHANTOMS.json
 create mode 100644 L2J_Mobius_CT_2.6_HighFive/docs/phantoms/tasks/PHANTOM-M1-RUNTIME-CONTRACTS-024/evidence/FINAL_SCENE_A/0107-SNAPSHOT_PHANTOMS.xml
 create mode 100644 L2J_Mobius_CT_2.6_HighFive/docs/phantoms/tasks/PHANTOM-M1-RUNTIME-CONTRACTS-024/evidence/FINAL_SCENE_A/0108-SNAPSHOT_PHANTOMS.json
 create mode 100644 L2J_Mobius_CT_2.6_HighFive/docs/phantoms/tasks/PHANTOM-M1-RUNTIME-CONTRACTS-024/evidence/FINAL_SCENE_A/0108-SNAPSHOT_PHANTOMS.xml
 create mode 100644 L2J_Mobius_CT_2.6_HighFive/docs/phantoms/tasks/PHANTOM-M1-RUNTIME-CONTRACTS-024/evidence/FINAL_SCENE_A/0109-SNAPSHOT_PHANTOMS.json
 create mode 100644 L2J_Mobius_CT_2.6_HighFive/docs/phantoms/tasks/PHANTOM-M1-RUNTIME-CONTRACTS-024/evidence/FINAL_SCENE_A/0109-SNAPSHOT_PHANTOMS.xml
 create mode 100644 L2J_Mobius_CT_2.6_HighFive/docs/phantoms/tasks/PHANTOM-M1-RUNTIME-CONTRACTS-024/evidence/FINAL_SCENE_A/0110-SNAPSHOT_PHANTOMS.json
 create mode 100644 L2J_Mobius_CT_2.6_HighFive/docs/phantoms/tasks/PHANTOM-M1-RUNTIME-CONTRACTS-024/evidence/FINAL_SCENE_A/0110-SNAPSHOT_PHANTOMS.xml
 create mode 100644 L2J_Mobius_CT_2.6_HighFive/docs/phantoms/tasks/PHANTOM-M1-RUNTIME-CONTRACTS-024/evidence/FINAL_SCENE_A/0111-SNAPSHOT_PHANTOMS.json
 create mode 100644 L2J_Mobius_CT_2.6_HighFive/docs/phantoms/tasks/PHANTOM-M1-RUNTIME-CONTRACTS-024/evidence/FINAL_SCENE_A/0111-SNAPSHOT_PHANTOMS.xml
 create mode 100644 L2J_Mobius_CT_2.6_HighFive/docs/phantoms/tasks/PHANTOM-M1-RUNTIME-CONTRACTS-024/evidence/FINAL_SCENE_A/0112-SNAPSHOT_PHANTOMS.json
 create mode 100644 L2J_Mobius_CT_2.6_HighFive/docs/phantoms/tasks/PHANTOM-M1-RUNTIME-CONTRACTS-024/evidence/FINAL_SCENE_A/0112-SNAPSHOT_PHANTOMS.xml
 create mode 100644 L2J_Mobius_CT_2.6_HighFive/docs/phantoms/tasks/PHANTOM-M1-RUNTIME-CONTRACTS-024/evidence/FINAL_SCENE_A/0113-SNAPSHOT_PHANTOMS.json
 create mode 100644 L2J_Mobius_CT_2.6_HighFive/docs/phantoms/tasks/PHANTOM-M1-RUNTIME-CONTRACTS-024/evidence/FINAL_SCENE_A/0113-SNAPSHOT_PHANTOMS.xml
 create mode 100644 L2J_Mobius_CT_2.6_HighFive/docs/phantoms/tasks/PHANTOM-M1-RUNTIME-CONTRACTS-024/evidence/FINAL_SCENE_A/0114-SNAPSHOT_PHANTOMS.json
 create mode 100644 L2J_Mobius_CT_2.6_HighFive/docs/phantoms/tasks/PHANTOM-M1-RUNTIME-CONTRACTS-024/evidence/FINAL_SCENE_A/0114-SNAPSHOT_PHANTOMS.xml
 create mode 100644 L2J_Mobius_CT_2.6_HighFive/docs/phantoms/tasks/PHANTOM-M1-RUNTIME-CONTRACTS-024/evidence/FINAL_SCENE_A/0115-SNAPSHOT_PHANTOMS.json
 create mode 100644 L2J_Mobius_CT_2.6_HighFive/docs/phantoms/tasks/PHANTOM-M1-RUNTIME-CONTRACTS-024/evidence/FINAL_SCENE_A/0115-SNAPSHOT_PHANTOMS.xml
 create mode 100644 L2J_Mobius_CT_2.6_HighFive/docs/phantoms/tasks/PHANTOM-M1-RUNTIME-CONTRACTS-024/evidence/FINAL_SCENE_A/all-samples.json
 create mode 100644 L2J_Mobius_CT_2.6_HighFive/docs/phantoms/tasks/PHANTOM-M1-RUNTIME-CONTRACTS-024/evidence/FINAL_SCENE_A/baseline-cohort.json
 create mode 100644 L2J_Mobius_CT_2.6_HighFive/docs/phantoms/tasks/PHANTOM-M1-RUNTIME-CONTRACTS-024/evidence/FINAL_SCENE_A/baseline-inventory.tsv
 create mode 100644 L2J_Mobius_CT_2.6_HighFive/docs/phantoms/tasks/PHANTOM-M1-RUNTIME-CONTRACTS-024/evidence/FINAL_SCENE_A/cohort-002.json
 create mode 100644 L2J_Mobius_CT_2.6_HighFive/docs/phantoms/tasks/PHANTOM-M1-RUNTIME-CONTRACTS-024/evidence/FINAL_SCENE_A/cohort-003.json
 create mode 100644 L2J_Mobius_CT_2.6_HighFive/docs/phantoms/tasks/PHANTOM-M1-RUNTIME-CONTRACTS-024/evidence/FINAL_SCENE_A/cohort-004.json
 create mode 100644 L2J_Mobius_CT_2.6_HighFive/docs/phantoms/tasks/PHANTOM-M1-RUNTIME-CONTRACTS-024/evidence/FINAL_SCENE_A/cohort-005.json
 create mode 100644 L2J_Mobius_CT_2.6_HighFive/docs/phantoms/tasks/PHANTOM-M1-RUNTIME-CONTRACTS-024/evidence/FINAL_SCENE_A/cohort-006.json
 create mode 100644 L2J_Mobius_CT_2.6_HighFive/docs/phantoms/tasks/PHANTOM-M1-RUNTIME-CONTRACTS-024/evidence/FINAL_SCENE_A/cohort-007.json
 create mode 100644 L2J_Mobius_CT_2.6_HighFive/docs/phantoms/tasks/PHANTOM-M1-RUNTIME-CONTRACTS-024/evidence/FINAL_SCENE_A/cohort-008.json
 create mode 100644 L2J_Mobius_CT_2.6_HighFive/docs/phantoms/tasks/PHANTOM-M1-RUNTIME-CONTRACTS-024/evidence/FINAL_SCENE_A/cohort-009.json
 create mode 100644 L2J_Mobius_CT_2.6_HighFive/docs/phantoms/tasks/PHANTOM-M1-RUNTIME-CONTRACTS-024/evidence/FINAL_SCENE_A/cohort-010.json
 create mode 100644 L2J_Mobius_CT_2.6_HighFive/docs/phantoms/tasks/PHANTOM-M1-RUNTIME-CONTRACTS-024/evidence/FINAL_SCENE_A/cohort-011.json
 create mode 100644 L2J_Mobius_CT_2.6_HighFive/docs/phantoms/tasks/PHANTOM-M1-RUNTIME-CONTRACTS-024/evidence/FINAL_SCENE_A/cohort-012.json
 create mode 100644 L2J_Mobius_CT_2.6_HighFive/docs/phantoms/tasks/PHANTOM-M1-RUNTIME-CONTRACTS-024/evidence/FINAL_SCENE_A/cohort-013.json
 create mode 100644 L2J_Mobius_CT_2.6_HighFive/docs/phantoms/tasks/PHANTOM-M1-RUNTIME-CONTRACTS-024/evidence/FINAL_SCENE_A/cohort-014.json
 create mode 100644 L2J_Mobius_CT_2.6_HighFive/docs/phantoms/tasks/PHANTOM-M1-RUNTIME-CONTRACTS-024/evidence/FINAL_SCENE_A/cohort-015.json
 create mode 100644 L2J_Mobius_CT_2.6_HighFive/docs/phantoms/tasks/PHANTOM-M1-RUNTIME-CONTRACTS-024/evidence/FINAL_SCENE_A/cohort-016.json
 create mode 100644 L2J_Mobius_CT_2.6_HighFive/docs/phantoms/tasks/PHANTOM-M1-RUNTIME-CONTRACTS-024/evidence/FINAL_SCENE_A/cohort-017.json
 create mode 100644 L2J_Mobius_CT_2.6_HighFive/docs/phantoms/tasks/PHANTOM-M1-RUNTIME-CONTRACTS-024/evidence/FINAL_SCENE_A/cohort-018.json
 create mode 100644 L2J_Mobius_CT_2.6_HighFive/docs/phantoms/tasks/PHANTOM-M1-RUNTIME-CONTRACTS-024/evidence/FINAL_SCENE_A/cohort-019.json
 create mode 100644 L2J_Mobius_CT_2.6_HighFive/docs/phantoms/tasks/PHANTOM-M1-RUNTIME-CONTRACTS-024/evidence/FINAL_SCENE_A/cohort-020.json
 create mode 100644 L2J_Mobius_CT_2.6_HighFive/docs/phantoms/tasks/PHANTOM-M1-RUNTIME-CONTRACTS-024/evidence/FINAL_SCENE_A/cohort-021.json
 create mode 100644 L2J_Mobius_CT_2.6_HighFive/docs/phantoms/tasks/PHANTOM-M1-RUNTIME-CONTRACTS-024/evidence/FINAL_SCENE_A/cohort-022.json
 create mode 100644 L2J_Mobius_CT_2.6_HighFive/docs/phantoms/tasks/PHANTOM-M1-RUNTIME-CONTRACTS-024/evidence/FINAL_SCENE_A/cohort-023.json
 create mode 100644 L2J_Mobius_CT_2.6_HighFive/docs/phantoms/tasks/PHANTOM-M1-RUNTIME-CONTRACTS-024/evidence/FINAL_SCENE_A/cohort-024.json
 create mode 100644 L2J_Mobius_CT_2.6_HighFive/docs/phantoms/tasks/PHANTOM-M1-RUNTIME-CONTRACTS-024/evidence/FINAL_SCENE_A/cohort-025.json
 create mode 100644 L2J_Mobius_CT_2.6_HighFive/docs/phantoms/tasks/PHANTOM-M1-RUNTIME-CONTRACTS-024/evidence/FINAL_SCENE_A/cohort-026.json
 create mode 100644 L2J_Mobius_CT_2.6_HighFive/docs/phantoms/tasks/PHANTOM-M1-RUNTIME-CONTRACTS-024/evidence/FINAL_SCENE_A/cohort-027.json
 create mode 100644 L2J_Mobius_CT_2.6_HighFive/docs/phantoms/tasks/PHANTOM-M1-RUNTIME-CONTRACTS-024/evidence/FINAL_SCENE_A/cohort-028.json
 create mode 100644 L2J_Mobius_CT_2.6_HighFive/docs/phantoms/tasks/PHANTOM-M1-RUNTIME-CONTRACTS-024/evidence/FINAL_SCENE_A/cohort-029.json
 create mode 100644 L2J_Mobius_CT_2.6_HighFive/docs/phantoms/tasks/PHANTOM-M1-RUNTIME-CONTRACTS-024/evidence/FINAL_SCENE_A/cohort-030.json
 create mode 100644 L2J_Mobius_CT_2.6_HighFive/docs/phantoms/tasks/PHANTOM-M1-RUNTIME-CONTRACTS-024/evidence/FINAL_SCENE_A/cohort-031.json
 create mode 100644 L2J_Mobius_CT_2.6_HighFive/docs/phantoms/tasks/PHANTOM-M1-RUNTIME-CONTRACTS-024/evidence/FINAL_SCENE_A/cohort-032.json
 create mode 100644 L2J_Mobius_CT_2.6_HighFive/docs/phantoms/tasks/PHANTOM-M1-RUNTIME-CONTRACTS-024/evidence/FINAL_SCENE_A/cohort-033.json
 create mode 100644 L2J_Mobius_CT_2.6_HighFive/docs/phantoms/tasks/PHANTOM-M1-RUNTIME-CONTRACTS-024/evidence/FINAL_SCENE_A/cohort-034.json
 create mode 100644 L2J_Mobius_CT_2.6_HighFive/docs/phantoms/tasks/PHANTOM-M1-RUNTIME-CONTRACTS-024/evidence/FINAL_SCENE_A/cohort-035.json
 create mode 100644 L2J_Mobius_CT_2.6_HighFive/docs/phantoms/tasks/PHANTOM-M1-RUNTIME-CONTRACTS-024/evidence/FINAL_SCENE_A/cohort-036.json
 create mode 100644 L2J_Mobius_CT_2.6_HighFive/docs/phantoms/tasks/PHANTOM-M1-RUNTIME-CONTRACTS-024/evidence/FINAL_SCENE_A/cohort-037.json
 create mode 100644 L2J_Mobius_CT_2.6_HighFive/docs/phantoms/tasks/PHANTOM-M1-RUNTIME-CONTRACTS-024/evidence/FINAL_SCENE_A/cohort-038.json
 create mode 100644 L2J_Mobius_CT_2.6_HighFive/docs/phantoms/tasks/PHANTOM-M1-RUNTIME-CONTRACTS-024/evidence/FINAL_SCENE_A/cohort-039.json
 create mode 100644 L2J_Mobius_CT_2.6_HighFive/docs/phantoms/tasks/PHANTOM-M1-RUNTIME-CONTRACTS-024/evidence/FINAL_SCENE_A/cohort-040.json
 create mode 100644 L2J_Mobius_CT_2.6_HighFive/docs/phantoms/tasks/PHANTOM-M1-RUNTIME-CONTRACTS-024/evidence/FINAL_SCENE_A/cohort-041.json
 create mode 100644 L2J_Mobius_CT_2.6_HighFive/docs/phantoms/tasks/PHANTOM-M1-RUNTIME-CONTRACTS-024/evidence/FINAL_SCENE_A/cohort-042.json
 create mode 100644 L2J_Mobius_CT_2.6_HighFive/docs/phantoms/tasks/PHANTOM-M1-RUNTIME-CONTRACTS-024/evidence/FINAL_SCENE_A/cohort-043.json
 create mode 100644 L2J_Mobius_CT_2.6_HighFive/docs/phantoms/tasks/PHANTOM-M1-RUNTIME-CONTRACTS-024/evidence/FINAL_SCENE_A/cohort-044.json
 create mode 100644 L2J_Mobius_CT_2.6_HighFive/docs/phantoms/tasks/PHANTOM-M1-RUNTIME-CONTRACTS-024/evidence/FINAL_SCENE_A/cohort-045.json
 create mode 100644 L2J_Mobius_CT_2.6_HighFive/docs/phantoms/tasks/PHANTOM-M1-RUNTIME-CONTRACTS-024/evidence/FINAL_SCENE_A/cohort-046.json
 create mode 100644 L2J_Mobius_CT_2.6_HighFive/docs/phantoms/tasks/PHANTOM-M1-RUNTIME-CONTRACTS-024/evidence/FINAL_SCENE_A/cohort-047.json
 create mode 100644 L2J_Mobius_CT_2.6_HighFive/docs/phantoms/tasks/PHANTOM-M1-RUNTIME-CONTRACTS-024/evidence/FINAL_SCENE_A/cohort-048.json
 create mode 100644 L2J_Mobius_CT_2.6_HighFive/docs/phantoms/tasks/PHANTOM-M1-RUNTIME-CONTRACTS-024/evidence/FINAL_SCENE_A/cohort-049.json
 create mode 100644 L2J_Mobius_CT_2.6_HighFive/docs/phantoms/tasks/PHANTOM-M1-RUNTIME-CONTRACTS-024/evidence/FINAL_SCENE_A/cohort-050.json
 create mode 100644 L2J_Mobius_CT_2.6_HighFive/docs/phantoms/tasks/PHANTOM-M1-RUNTIME-CONTRACTS-024/evidence/FINAL_SCENE_A/cohort-051.json
 create mode 100644 L2J_Mobius_CT_2.6_HighFive/docs/phantoms/tasks/PHANTOM-M1-RUNTIME-CONTRACTS-024/evidence/FINAL_SCENE_A/cohort-052.json
 create mode 100644 L2J_Mobius_CT_2.6_HighFive/docs/phantoms/tasks/PHANTOM-M1-RUNTIME-CONTRACTS-024/evidence/FINAL_SCENE_A/cohort-053.json
 create mode 100644 L2J_Mobius_CT_2.6_HighFive/docs/phantoms/tasks/PHANTOM-M1-RUNTIME-CONTRACTS-024/evidence/FINAL_SCENE_A/cohort-054.json
 create mode 100644 L2J_Mobius_CT_2.6_HighFive/docs/phantoms/tasks/PHANTOM-M1-RUNTIME-CONTRACTS-024/evidence/FINAL_SCENE_A/cohort-055.json
 create mode 100644 L2J_Mobius_CT_2.6_HighFive/docs/phantoms/tasks/PHANTOM-M1-RUNTIME-CONTRACTS-024/evidence/FINAL_SCENE_A/cohort-056.json
 create mode 100644 L2J_Mobius_CT_2.6_HighFive/docs/phantoms/tasks/PHANTOM-M1-RUNTIME-CONTRACTS-024/evidence/FINAL_SCENE_A/cohort-057.json
 create mode 100644 L2J_Mobius_CT_2.6_HighFive/docs/phantoms/tasks/PHANTOM-M1-RUNTIME-CONTRACTS-024/evidence/FINAL_SCENE_A/cohort-058.json
 create mode 100644 L2J_Mobius_CT_2.6_HighFive/docs/phantoms/tasks/PHANTOM-M1-RUNTIME-CONTRACTS-024/evidence/FINAL_SCENE_A/cohort-059.json
 create mode 100644 L2J_Mobius_CT_2.6_HighFive/docs/phantoms/tasks/PHANTOM-M1-RUNTIME-CONTRACTS-024/evidence/FINAL_SCENE_A/cohort-060.json
 create mode 100644 L2J_Mobius_CT_2.6_HighFive/docs/phantoms/tasks/PHANTOM-M1-RUNTIME-CONTRACTS-024/evidence/FINAL_SCENE_A/cohort-061.json
 create mode 100644 L2J_Mobius_CT_2.6_HighFive/docs/phantoms/tasks/PHANTOM-M1-RUNTIME-CONTRACTS-024/evidence/FINAL_SCENE_A/cohort-062.json
 create mode 100644 L2J_Mobius_CT_2.6_HighFive/docs/phantoms/tasks/PHANTOM-M1-RUNTIME-CONTRACTS-024/evidence/FINAL_SCENE_A/cohort-063.json
 create mode 100644 L2J_Mobius_CT_2.6_HighFive/docs/phantoms/tasks/PHANTOM-M1-RUNTIME-CONTRACTS-024/evidence/FINAL_SCENE_A/cohort-064.json
 create mode 100644 L2J_Mobius_CT_2.6_HighFive/docs/phantoms/tasks/PHANTOM-M1-RUNTIME-CONTRACTS-024/evidence/FINAL_SCENE_A/cohort-065.json
 create mode 100644 L2J_Mobius_CT_2.6_HighFive/docs/phantoms/tasks/PHANTOM-M1-RUNTIME-CONTRACTS-024/evidence/FINAL_SCENE_A/cohort-066.json
 create mode 100644 L2J_Mobius_CT_2.6_HighFive/docs/phantoms/tasks/PHANTOM-M1-RUNTIME-CONTRACTS-024/evidence/FINAL_SCENE_A/cohort-067.json
 create mode 100644 L2J_Mobius_CT_2.6_HighFive/docs/phantoms/tasks/PHANTOM-M1-RUNTIME-CONTRACTS-024/evidence/FINAL_SCENE_A/cohort-068.json
 create mode 100644 L2J_Mobius_CT_2.6_HighFive/docs/phantoms/tasks/PHANTOM-M1-RUNTIME-CONTRACTS-024/evidence/FINAL_SCENE_A/cohort-069.json
 create mode 100644 L2J_Mobius_CT_2.6_HighFive/docs/phantoms/tasks/PHANTOM-M1-RUNTIME-CONTRACTS-024/evidence/FINAL_SCENE_A/cohort-070.json
 create mode 100644 L2J_Mobius_CT_2.6_HighFive/docs/phantoms/tasks/PHANTOM-M1-RUNTIME-CONTRACTS-024/evidence/FINAL_SCENE_A/cohort-071.json
 create mode 100644 L2J_Mobius_CT_2.6_HighFive/docs/phantoms/tasks/PHANTOM-M1-RUNTIME-CONTRACTS-024/evidence/FINAL_SCENE_A/cohort-072.json
 create mode 100644 L2J_Mobius_CT_2.6_HighFive/docs/phantoms/tasks/PHANTOM-M1-RUNTIME-CONTRACTS-024/evidence/FINAL_SCENE_A/cohort-073.json
 create mode 100644 L2J_Mobius_CT_2.6_HighFive/docs/phantoms/tasks/PHANTOM-M1-RUNTIME-CONTRACTS-024/evidence/FINAL_SCENE_A/cohort-074.json
 create mode 100644 L2J_Mobius_CT_2.6_HighFive/docs/phantoms/tasks/PHANTOM-M1-RUNTIME-CONTRACTS-024/evidence/FINAL_SCENE_A/cohort-075.json
 create mode 100644 L2J_Mobius_CT_2.6_HighFive/docs/phantoms/tasks/PHANTOM-M1-RUNTIME-CONTRACTS-024/evidence/FINAL_SCENE_A/cohort-result.json
 create mode 100644 L2J_Mobius_CT_2.6_HighFive/docs/phantoms/tasks/PHANTOM-M1-RUNTIME-CONTRACTS-024/evidence/FINAL_SCENE_A/final-live-inventory.tsv
 create mode 100644 L2J_Mobius_CT_2.6_HighFive/docs/phantoms/tasks/PHANTOM-M1-RUNTIME-CONTRACTS-024/evidence/FINAL_SCENE_A/persistence-proof.json
 create mode 100644 L2J_Mobius_CT_2.6_HighFive/docs/phantoms/tasks/PHANTOM-M1-RUNTIME-CONTRACTS-024/evidence/FINAL_SCENE_A/persistence-verification.json
 create mode 100644 L2J_Mobius_CT_2.6_HighFive/docs/phantoms/tasks/PHANTOM-M1-RUNTIME-CONTRACTS-024/evidence/FINAL_SCENE_A/post-shutdown/characters.tsv
 create mode 100644 L2J_Mobius_CT_2.6_HighFive/docs/phantoms/tasks/PHANTOM-M1-RUNTIME-CONTRACTS-024/evidence/FINAL_SCENE_A/post-shutdown/counts.tsv
 create mode 100644 L2J_Mobius_CT_2.6_HighFive/docs/phantoms/tasks/PHANTOM-M1-RUNTIME-CONTRACTS-024/evidence/FINAL_SCENE_A/post-shutdown/durable-decoded.tsv
 create mode 100644 L2J_Mobius_CT_2.6_HighFive/docs/phantoms/tasks/PHANTOM-M1-RUNTIME-CONTRACTS-024/evidence/FINAL_SCENE_A/post-shutdown/durable-hex.tsv
 create mode 100644 L2J_Mobius_CT_2.6_HighFive/docs/phantoms/tasks/PHANTOM-M1-RUNTIME-CONTRACTS-024/evidence/FINAL_SCENE_A/post-shutdown/items.tsv
 create mode 100644 L2J_Mobius_CT_2.6_HighFive/docs/phantoms/tasks/PHANTOM-M1-RUNTIME-CONTRACTS-024/evidence/FINAL_SCENE_A/post-shutdown/runtime-manifest.json
 create mode 100644 L2J_Mobius_CT_2.6_HighFive/docs/phantoms/tasks/PHANTOM-M1-RUNTIME-CONTRACTS-024/evidence/FINAL_SCENE_A/post-shutdown/skills.tsv
 create mode 100644 L2J_Mobius_CT_2.6_HighFive/docs/phantoms/tasks/PHANTOM-M1-RUNTIME-CONTRACTS-024/evidence/FINAL_SCENE_A/post-synthetic-stop/characters.tsv
 create mode 100644 L2J_Mobius_CT_2.6_HighFive/docs/phantoms/tasks/PHANTOM-M1-RUNTIME-CONTRACTS-024/evidence/FINAL_SCENE_A/post-synthetic-stop/counts.tsv
 create mode 100644 L2J_Mobius_CT_2.6_HighFive/docs/phantoms/tasks/PHANTOM-M1-RUNTIME-CONTRACTS-024/evidence/FINAL_SCENE_A/post-synthetic-stop/durable-decoded.tsv
 create mode 100644 L2J_Mobius_CT_2.6_HighFive/docs/phantoms/tasks/PHANTOM-M1-RUNTIME-CONTRACTS-024/evidence/FINAL_SCENE_A/post-synthetic-stop/durable-hex.tsv
 create mode 100644 L2J_Mobius_CT_2.6_HighFive/docs/phantoms/tasks/PHANTOM-M1-RUNTIME-CONTRACTS-024/evidence/FINAL_SCENE_A/post-synthetic-stop/items.tsv
 create mode 100644 L2J_Mobius_CT_2.6_HighFive/docs/phantoms/tasks/PHANTOM-M1-RUNTIME-CONTRACTS-024/evidence/FINAL_SCENE_A/post-synthetic-stop/runtime-manifest.json
 create mode 100644 L2J_Mobius_CT_2.6_HighFive/docs/phantoms/tasks/PHANTOM-M1-RUNTIME-CONTRACTS-024/evidence/FINAL_SCENE_A/post-synthetic-stop/skills.tsv
 create mode 100644 L2J_Mobius_CT_2.6_HighFive/docs/phantoms/tasks/PHANTOM-M1-RUNTIME-CONTRACTS-024/evidence/FINAL_SCENE_A/pre-shutdown-threads.txt
 create mode 100644 L2J_Mobius_CT_2.6_HighFive/docs/phantoms/tasks/PHANTOM-M1-RUNTIME-CONTRACTS-024/evidence/FINAL_SCENE_A/primary.json
 create mode 100644 L2J_Mobius_CT_2.6_HighFive/docs/phantoms/tasks/PHANTOM-M1-RUNTIME-CONTRACTS-024/evidence/FINAL_SCENE_A/result.json
 create mode 100644 L2J_Mobius_CT_2.6_HighFive/docs/phantoms/tasks/PHANTOM-M1-RUNTIME-CONTRACTS-024/evidence/FINAL_SCENE_A/run-id.txt
 create mode 100644 L2J_Mobius_CT_2.6_HighFive/docs/phantoms/tasks/PHANTOM-M1-RUNTIME-CONTRACTS-024/evidence/FINAL_SCENE_A/sealed/110-122575297146300-34538.properties
 create mode 100644 L2J_Mobius_CT_2.6_HighFive/docs/phantoms/tasks/PHANTOM-M1-RUNTIME-CONTRACTS-024/evidence/FINAL_SCENE_A/sealed/110-122575297146300-34540.properties
 create mode 100644 L2J_Mobius_CT_2.6_HighFive/docs/phantoms/tasks/PHANTOM-M1-RUNTIME-CONTRACTS-024/evidence/FINAL_SCENE_A/sealed/110-122575297146300-34542.properties
 create mode 100644 L2J_Mobius_CT_2.6_HighFive/docs/phantoms/tasks/PHANTOM-M1-RUNTIME-CONTRACTS-024/evidence/FINAL_SCENE_A/sealed/110-122575297146300-34544.properties
 create mode 100644 L2J_Mobius_CT_2.6_HighFive/docs/phantoms/tasks/PHANTOM-M1-RUNTIME-CONTRACTS-024/evidence/FINAL_SCENE_A/sealed/175-122575897306400-21686.properties
 create mode 100644 L2J_Mobius_CT_2.6_HighFive/docs/phantoms/tasks/PHANTOM-M1-RUNTIME-CONTRACTS-024/evidence/FINAL_SCENE_A/sealed/175-122575897306400-21688.properties
 create mode 100644 L2J_Mobius_CT_2.6_HighFive/docs/phantoms/tasks/PHANTOM-M1-RUNTIME-CONTRACTS-024/evidence/FINAL_SCENE_A/sealed/175-122575897306400-21690.properties
 create mode 100644 L2J_Mobius_CT_2.6_HighFive/docs/phantoms/tasks/PHANTOM-M1-RUNTIME-CONTRACTS-024/evidence/FINAL_SCENE_A/sealed/175-122575897306400-21692.properties
 create mode 100644 L2J_Mobius_CT_2.6_HighFive/docs/phantoms/tasks/PHANTOM-M1-RUNTIME-CONTRACTS-024/evidence/FINAL_SCENE_A/sealed/175-122575897306400-21694.properties
 create mode 100644 L2J_Mobius_CT_2.6_HighFive/docs/phantoms/tasks/PHANTOM-M1-RUNTIME-CONTRACTS-024/evidence/FINAL_SCENE_A/sealed/175-122575897306400-21696.properties
 create mode 100644 L2J_Mobius_CT_2.6_HighFive/docs/phantoms/tasks/PHANTOM-M1-RUNTIME-CONTRACTS-024/evidence/FINAL_SCENE_A/sealed/175-122575897306400-21698.properties
 create mode 100644 L2J_Mobius_CT_2.6_HighFive/docs/phantoms/tasks/PHANTOM-M1-RUNTIME-CONTRACTS-024/evidence/FINAL_SCENE_A/sealed/175-122575897306400-21700.properties
 create mode 100644 L2J_Mobius_CT_2.6_HighFive/docs/phantoms/tasks/PHANTOM-M1-RUNTIME-CONTRACTS-024/evidence/FINAL_SCENE_A/sealed/187-122576195234300-8269.properties
 create mode 100644 L2J_Mobius_CT_2.6_HighFive/docs/phantoms/tasks/PHANTOM-M1-RUNTIME-CONTRACTS-024/evidence/FINAL_SCENE_A/sealed/187-122576195234300-8271.properties
 create mode 100644 L2J_Mobius_CT_2.6_HighFive/docs/phantoms/tasks/PHANTOM-M1-RUNTIME-CONTRACTS-024/evidence/FINAL_SCENE_A/sealed/187-122576195234300-8273.properties
 create mode 100644 L2J_Mobius_CT_2.6_HighFive/docs/phantoms/tasks/PHANTOM-M1-RUNTIME-CONTRACTS-024/evidence/FINAL_SCENE_A/sealed/187-122576195234300-8275.properties
 create mode 100644 L2J_Mobius_CT_2.6_HighFive/docs/phantoms/tasks/PHANTOM-M1-RUNTIME-CONTRACTS-024/evidence/FINAL_SCENE_A/sealed/252-122576396647900-8590.properties
 create mode 100644 L2J_Mobius_CT_2.6_HighFive/docs/phantoms/tasks/PHANTOM-M1-RUNTIME-CONTRACTS-024/evidence/FINAL_SCENE_A/sealed/252-122576396647900-8592.properties
 create mode 100644 L2J_Mobius_CT_2.6_HighFive/docs/phantoms/tasks/PHANTOM-M1-RUNTIME-CONTRACTS-024/evidence/FINAL_SCENE_A/sealed/252-122576396647900-8594.properties
 create mode 100644 L2J_Mobius_CT_2.6_HighFive/docs/phantoms/tasks/PHANTOM-M1-RUNTIME-CONTRACTS-024/evidence/FINAL_SCENE_A/sealed/252-122576396647900-8596.properties
 create mode 100644 L2J_Mobius_CT_2.6_HighFive/docs/phantoms/tasks/PHANTOM-M1-RUNTIME-CONTRACTS-024/evidence/FINAL_SCENE_A/sealed/275-122576412809000-26607.properties
 create mode 100644 L2J_Mobius_CT_2.6_HighFive/docs/phantoms/tasks/PHANTOM-M1-RUNTIME-CONTRACTS-024/evidence/FINAL_SCENE_A/sealed/275-122576412809000-26609.properties
 create mode 100644 L2J_Mobius_CT_2.6_HighFive/docs/phantoms/tasks/PHANTOM-M1-RUNTIME-CONTRACTS-024/evidence/FINAL_SCENE_A/sealed/275-122576412809000-26611.properties
 create mode 100644 L2J_Mobius_CT_2.6_HighFive/docs/phantoms/tasks/PHANTOM-M1-RUNTIME-CONTRACTS-024/evidence/FINAL_SCENE_A/sealed/275-122576412809000-26613.properties
 create mode 100644 L2J_Mobius_CT_2.6_HighFive/docs/phantoms/tasks/PHANTOM-M1-RUNTIME-CONTRACTS-024/evidence/FINAL_SCENE_A/sealed/606-122576598756400-12620.properties
 create mode 100644 L2J_Mobius_CT_2.6_HighFive/docs/phantoms/tasks/PHANTOM-M1-RUNTIME-CONTRACTS-024/evidence/FINAL_SCENE_A/sealed/606-122576598756400-12622.properties
 create mode 100644 L2J_Mobius_CT_2.6_HighFive/docs/phantoms/tasks/PHANTOM-M1-RUNTIME-CONTRACTS-024/evidence/FINAL_SCENE_A/sealed/606-122576598756400-12624.properties
 create mode 100644 L2J_Mobius_CT_2.6_HighFive/docs/phantoms/tasks/PHANTOM-M1-RUNTIME-CONTRACTS-024/evidence/FINAL_SCENE_A/sealed/606-122576598756400-12626.properties
 create mode 100644 L2J_Mobius_CT_2.6_HighFive/docs/phantoms/tasks/PHANTOM-M1-RUNTIME-CONTRACTS-024/evidence/FINAL_SCENE_A/sealed/606-122576598756400-12628.properties
 create mode 100644 L2J_Mobius_CT_2.6_HighFive/docs/phantoms/tasks/PHANTOM-M1-RUNTIME-CONTRACTS-024/evidence/FINAL_SCENE_A/sealed/775-122575907895100-27236.properties
 create mode 100644 L2J_Mobius_CT_2.6_HighFive/docs/phantoms/tasks/PHANTOM-M1-RUNTIME-CONTRACTS-024/evidence/FINAL_SCENE_A/sealed/775-122575907895100-27238.properties
 create mode 100644 L2J_Mobius_CT_2.6_HighFive/docs/phantoms/tasks/PHANTOM-M1-RUNTIME-CONTRACTS-024/evidence/FINAL_SCENE_A/sealed/775-122575907895100-27240.properties
 create mode 100644 L2J_Mobius_CT_2.6_HighFive/docs/phantoms/tasks/PHANTOM-M1-RUNTIME-CONTRACTS-024/evidence/FINAL_SCENE_A/sealed/775-122575907895100-27242.properties
 create mode 100644 L2J_Mobius_CT_2.6_HighFive/docs/phantoms/tasks/PHANTOM-M1-RUNTIME-CONTRACTS-024/evidence/FINAL_SCENE_A/sealed/775-122575907895100-27244.properties
 create mode 100644 L2J_Mobius_CT_2.6_HighFive/docs/phantoms/tasks/PHANTOM-M1-RUNTIME-CONTRACTS-024/evidence/FINAL_SCENE_A/sealed/775-122575907895100-27246.properties
 create mode 100644 L2J_Mobius_CT_2.6_HighFive/docs/phantoms/tasks/PHANTOM-M1-RUNTIME-CONTRACTS-024/evidence/FINAL_SCENE_A/sealed/775-122575907895100-27248.properties
 create mode 100644 L2J_Mobius_CT_2.6_HighFive/docs/phantoms/tasks/PHANTOM-M1-RUNTIME-CONTRACTS-024/evidence/FINAL_SCENE_A/sealed/775-122575907895100-27250.properties
 create mode 100644 L2J_Mobius_CT_2.6_HighFive/docs/phantoms/tasks/PHANTOM-M1-RUNTIME-CONTRACTS-024/evidence/FINAL_SCENE_A/sealed/agent-installed-22368.txt
 create mode 100644 L2J_Mobius_CT_2.6_HighFive/docs/phantoms/tasks/PHANTOM-M1-RUNTIME-CONTRACTS-024/evidence/FINAL_SCENE_A/shutdown-c01.log
 create mode 100644 L2J_Mobius_CT_2.6_HighFive/docs/phantoms/tasks/PHANTOM-M1-RUNTIME-CONTRACTS-024/evidence/FINAL_SCENE_A/synthetic-start.json
 create mode 100644 L2J_Mobius_CT_2.6_HighFive/docs/phantoms/tasks/PHANTOM-M1-RUNTIME-CONTRACTS-024/evidence/FINAL_SCENE_A/synthetic-stop.json
 create mode 100644 L2J_Mobius_CT_2.6_HighFive/docs/phantoms/tasks/PHANTOM-M1-RUNTIME-CONTRACTS-024/evidence/FINAL_SCENE_B/0001-STATUS.json
 create mode 100644 L2J_Mobius_CT_2.6_HighFive/docs/phantoms/tasks/PHANTOM-M1-RUNTIME-CONTRACTS-024/evidence/FINAL_SCENE_B/0001-STATUS.xml
 create mode 100644 L2J_Mobius_CT_2.6_HighFive/docs/phantoms/tasks/PHANTOM-M1-RUNTIME-CONTRACTS-024/evidence/FINAL_SCENE_B/0002-SNAPSHOT_PHANTOMS.json
 create mode 100644 L2J_Mobius_CT_2.6_HighFive/docs/phantoms/tasks/PHANTOM-M1-RUNTIME-CONTRACTS-024/evidence/FINAL_SCENE_B/0002-SNAPSHOT_PHANTOMS.xml
 create mode 100644 L2J_Mobius_CT_2.6_HighFive/docs/phantoms/tasks/PHANTOM-M1-RUNTIME-CONTRACTS-024/evidence/FINAL_SCENE_B/0003-SNAPSHOT_PHANTOMS.json
 create mode 100644 L2J_Mobius_CT_2.6_HighFive/docs/phantoms/tasks/PHANTOM-M1-RUNTIME-CONTRACTS-024/evidence/FINAL_SCENE_B/0003-SNAPSHOT_PHANTOMS.xml
 create mode 100644 L2J_Mobius_CT_2.6_HighFive/docs/phantoms/tasks/PHANTOM-M1-RUNTIME-CONTRACTS-024/evidence/FINAL_SCENE_B/0004-SNAPSHOT_PHANTOMS.json
 create mode 100644 L2J_Mobius_CT_2.6_HighFive/docs/phantoms/tasks/PHANTOM-M1-RUNTIME-CONTRACTS-024/evidence/FINAL_SCENE_B/0004-SNAPSHOT_PHANTOMS.xml
 create mode 100644 L2J_Mobius_CT_2.6_HighFive/docs/phantoms/tasks/PHANTOM-M1-RUNTIME-CONTRACTS-024/evidence/FINAL_SCENE_B/0005-SNAPSHOT_PHANTOMS.json
 create mode 100644 L2J_Mobius_CT_2.6_HighFive/docs/phantoms/tasks/PHANTOM-M1-RUNTIME-CONTRACTS-024/evidence/FINAL_SCENE_B/0005-SNAPSHOT_PHANTOMS.xml
 create mode 100644 L2J_Mobius_CT_2.6_HighFive/docs/phantoms/tasks/PHANTOM-M1-RUNTIME-CONTRACTS-024/evidence/FINAL_SCENE_B/0006-SNAPSHOT_PHANTOMS.json
 create mode 100644 L2J_Mobius_CT_2.6_HighFive/docs/phantoms/tasks/PHANTOM-M1-RUNTIME-CONTRACTS-024/evidence/FINAL_SCENE_B/0006-SNAPSHOT_PHANTOMS.xml
 create mode 100644 L2J_Mobius_CT_2.6_HighFive/docs/phantoms/tasks/PHANTOM-M1-RUNTIME-CONTRACTS-024/evidence/FINAL_SCENE_B/0007-SNAPSHOT_PHANTOMS.json
 create mode 100644 L2J_Mobius_CT_2.6_HighFive/docs/phantoms/tasks/PHANTOM-M1-RUNTIME-CONTRACTS-024/evidence/FINAL_SCENE_B/0007-SNAPSHOT_PHANTOMS.xml
 create mode 100644 L2J_Mobius_CT_2.6_HighFive/docs/phantoms/tasks/PHANTOM-M1-RUNTIME-CONTRACTS-024/evidence/FINAL_SCENE_B/0008-SNAPSHOT_PHANTOMS.json
 create mode 100644 L2J_Mobius_CT_2.6_HighFive/docs/phantoms/tasks/PHANTOM-M1-RUNTIME-CONTRACTS-024/evidence/FINAL_SCENE_B/0008-SNAPSHOT_PHANTOMS.xml
 create mode 100644 L2J_Mobius_CT_2.6_HighFive/docs/phantoms/tasks/PHANTOM-M1-RUNTIME-CONTRACTS-024/evidence/FINAL_SCENE_B/0009-SNAPSHOT_PHANTOMS.json
 create mode 100644 L2J_Mobius_CT_2.6_HighFive/docs/phantoms/tasks/PHANTOM-M1-RUNTIME-CONTRACTS-024/evidence/FINAL_SCENE_B/0009-SNAPSHOT_PHANTOMS.xml
 create mode 100644 L2J_Mobius_CT_2.6_HighFive/docs/phantoms/tasks/PHANTOM-M1-RUNTIME-CONTRACTS-024/evidence/FINAL_SCENE_B/0010-SNAPSHOT_PHANTOMS.json
 create mode 100644 L2J_Mobius_CT_2.6_HighFive/docs/phantoms/tasks/PHANTOM-M1-RUNTIME-CONTRACTS-024/evidence/FINAL_SCENE_B/0010-SNAPSHOT_PHANTOMS.xml
 create mode 100644 L2J_Mobius_CT_2.6_HighFive/docs/phantoms/tasks/PHANTOM-M1-RUNTIME-CONTRACTS-024/evidence/FINAL_SCENE_B/0011-SNAPSHOT_PHANTOMS.json
 create mode 100644 L2J_Mobius_CT_2.6_HighFive/docs/phantoms/tasks/PHANTOM-M1-RUNTIME-CONTRACTS-024/evidence/FINAL_SCENE_B/0011-SNAPSHOT_PHANTOMS.xml
 create mode 100644 L2J_Mobius_CT_2.6_HighFive/docs/phantoms/tasks/PHANTOM-M1-RUNTIME-CONTRACTS-024/evidence/FINAL_SCENE_B/0012-SNAPSHOT_PHANTOMS.json
 create mode 100644 L2J_Mobius_CT_2.6_HighFive/docs/phantoms/tasks/PHANTOM-M1-RUNTIME-CONTRACTS-024/evidence/FINAL_SCENE_B/0012-SNAPSHOT_PHANTOMS.xml
 create mode 100644 L2J_Mobius_CT_2.6_HighFive/docs/phantoms/tasks/PHANTOM-M1-RUNTIME-CONTRACTS-024/evidence/FINAL_SCENE_B/0013-SNAPSHOT_PHANTOMS.json
 create mode 100644 L2J_Mobius_CT_2.6_HighFive/docs/phantoms/tasks/PHANTOM-M1-RUNTIME-CONTRACTS-024/evidence/FINAL_SCENE_B/0013-SNAPSHOT_PHANTOMS.xml
 create mode 100644 L2J_Mobius_CT_2.6_HighFive/docs/phantoms/tasks/PHANTOM-M1-RUNTIME-CONTRACTS-024/evidence/FINAL_SCENE_B/run-id.txt
 create mode 100644 L2J_Mobius_CT_2.6_HighFive/docs/phantoms/tasks/PHANTOM-M1-RUNTIME-CONTRACTS-024/evidence/FINAL_SCENE_B/synthetic-start.json
 create mode 100644 L2J_Mobius_CT_2.6_HighFive/docs/phantoms/tasks/PHANTOM-M1-RUNTIME-CONTRACTS-024/evidence/FINAL_SCENE_B/synthetic-stop.json
 create mode 100644 L2J_Mobius_CT_2.6_HighFive/docs/phantoms/tasks/PHANTOM-M1-RUNTIME-CONTRACTS-024/evidence/FROZEN_C_BEFORE_A.json
 create mode 100644 L2J_Mobius_CT_2.6_HighFive/docs/phantoms/tasks/PHANTOM-M1-RUNTIME-CONTRACTS-024/evidence/FROZEN_C_BETWEEN_AB.json
 create mode 100644 L2J_Mobius_CT_2.6_HighFive/docs/phantoms/tasks/PHANTOM-M1-RUNTIME-CONTRACTS-024/evidence/GREEN_B09_FAULT_MATRIX/background-position-canonicalization.txt
 create mode 100644 L2J_Mobius_CT_2.6_HighFive/docs/phantoms/tasks/PHANTOM-M1-RUNTIME-CONTRACTS-024/evidence/GREEN_B09_FAULT_MATRIX/background-position-canonicalization.xml
 create mode 100644 L2J_Mobius_CT_2.6_HighFive/docs/phantoms/tasks/PHANTOM-M1-RUNTIME-CONTRACTS-024/evidence/GREEN_B09_PENDING_HANDOFF/native-farm-continuation022.txt
 create mode 100644 L2J_Mobius_CT_2.6_HighFive/docs/phantoms/tasks/PHANTOM-M1-RUNTIME-CONTRACTS-024/evidence/GREEN_B09_PENDING_HANDOFF/native-farm-continuation022.xml
 create mode 100644 L2J_Mobius_CT_2.6_HighFive/docs/phantoms/tasks/PHANTOM-M1-RUNTIME-CONTRACTS-024/evidence/GREEN_B10_FAULT_MATRIX/background-position-canonicalization.txt
 create mode 100644 L2J_Mobius_CT_2.6_HighFive/docs/phantoms/tasks/PHANTOM-M1-RUNTIME-CONTRACTS-024/evidence/GREEN_B10_FAULT_MATRIX/background-position-canonicalization.xml
 create mode 100644 L2J_Mobius_CT_2.6_HighFive/docs/phantoms/tasks/PHANTOM-M1-RUNTIME-CONTRACTS-024/evidence/PROBE_B_01/0001-STATUS.json
 create mode 100644 L2J_Mobius_CT_2.6_HighFive/docs/phantoms/tasks/PHANTOM-M1-RUNTIME-CONTRACTS-024/evidence/PROBE_B_01/0001-STATUS.xml
 create mode 100644 L2J_Mobius_CT_2.6_HighFive/docs/phantoms/tasks/PHANTOM-M1-RUNTIME-CONTRACTS-024/evidence/PROBE_B_01/0002-TELEPORT_SELF.json
 create mode 100644 L2J_Mobius_CT_2.6_HighFive/docs/phantoms/tasks/PHANTOM-M1-RUNTIME-CONTRACTS-024/evidence/PROBE_B_01/0002-TELEPORT_SELF.xml
 create mode 100644 L2J_Mobius_CT_2.6_HighFive/docs/phantoms/tasks/PHANTOM-M1-RUNTIME-CONTRACTS-024/evidence/PROBE_B_01/run-id.txt
 create mode 100644 L2J_Mobius_CT_2.6_HighFive/docs/phantoms/tasks/PHANTOM-M1-RUNTIME-CONTRACTS-024/evidence/PROBE_B_01/synthetic-start.json
 create mode 100644 L2J_Mobius_CT_2.6_HighFive/docs/phantoms/tasks/PHANTOM-M1-RUNTIME-CONTRACTS-024/evidence/PROBE_B_01/synthetic-stop.json
 create mode 100644 L2J_Mobius_CT_2.6_HighFive/docs/phantoms/tasks/PHANTOM-M1-RUNTIME-CONTRACTS-024/evidence/PROBE_B_02/0001-STATUS.json
 create mode 100644 L2J_Mobius_CT_2.6_HighFive/docs/phantoms/tasks/PHANTOM-M1-RUNTIME-CONTRACTS-024/evidence/PROBE_B_02/0001-STATUS.xml
 create mode 100644 L2J_Mobius_CT_2.6_HighFive/docs/phantoms/tasks/PHANTOM-M1-RUNTIME-CONTRACTS-024/evidence/PROBE_B_02/0002-SNAPSHOT_PHANTOMS.json
 create mode 100644 L2J_Mobius_CT_2.6_HighFive/docs/phantoms/tasks/PHANTOM-M1-RUNTIME-CONTRACTS-024/evidence/PROBE_B_02/0002-SNAPSHOT_PHANTOMS.xml
 create mode 100644 L2J_Mobius_CT_2.6_HighFive/docs/phantoms/tasks/PHANTOM-M1-RUNTIME-CONTRACTS-024/evidence/PROBE_B_02/0003-SNAPSHOT_PHANTOMS.json
 create mode 100644 L2J_Mobius_CT_2.6_HighFive/docs/phantoms/tasks/PHANTOM-M1-RUNTIME-CONTRACTS-024/evidence/PROBE_B_02/0003-SNAPSHOT_PHANTOMS.xml
 create mode 100644 L2J_Mobius_CT_2.6_HighFive/docs/phantoms/tasks/PHANTOM-M1-RUNTIME-CONTRACTS-024/evidence/PROBE_B_02/0004-SNAPSHOT_PHANTOMS.json
 create mode 100644 L2J_Mobius_CT_2.6_HighFive/docs/phantoms/tasks/PHANTOM-M1-RUNTIME-CONTRACTS-024/evidence/PROBE_B_02/0004-SNAPSHOT_PHANTOMS.xml
 create mode 100644 L2J_Mobius_CT_2.6_HighFive/docs/phantoms/tasks/PHANTOM-M1-RUNTIME-CONTRACTS-024/evidence/PROBE_B_02/0005-SNAPSHOT_PHANTOMS.json
 create mode 100644 L2J_Mobius_CT_2.6_HighFive/docs/phantoms/tasks/PHANTOM-M1-RUNTIME-CONTRACTS-024/evidence/PROBE_B_02/0005-SNAPSHOT_PHANTOMS.xml
 create mode 100644 L2J_Mobius_CT_2.6_HighFive/docs/phantoms/tasks/PHANTOM-M1-RUNTIME-CONTRACTS-024/evidence/PROBE_B_02/0006-SNAPSHOT_PHANTOMS.json
 create mode 100644 L2J_Mobius_CT_2.6_HighFive/docs/phantoms/tasks/PHANTOM-M1-RUNTIME-CONTRACTS-024/evidence/PROBE_B_02/0006-SNAPSHOT_PHANTOMS.xml
 create mode 100644 L2J_Mobius_CT_2.6_HighFive/docs/phantoms/tasks/PHANTOM-M1-RUNTIME-CONTRACTS-024/evidence/PROBE_B_02/0007-SNAPSHOT_PHANTOMS.json
 create mode 100644 L2J_Mobius_CT_2.6_HighFive/docs/phantoms/tasks/PHANTOM-M1-RUNTIME-CONTRACTS-024/evidence/PROBE_B_02/0007-SNAPSHOT_PHANTOMS.xml
 create mode 100644 L2J_Mobius_CT_2.6_HighFive/docs/phantoms/tasks/PHANTOM-M1-RUNTIME-CONTRACTS-024/evidence/PROBE_B_02/0008-SNAPSHOT_PHANTOMS.json
 create mode 100644 L2J_Mobius_CT_2.6_HighFive/docs/phantoms/tasks/PHANTOM-M1-RUNTIME-CONTRACTS-024/evidence/PROBE_B_02/0008-SNAPSHOT_PHANTOMS.xml
 create mode 100644 L2J_Mobius_CT_2.6_HighFive/docs/phantoms/tasks/PHANTOM-M1-RUNTIME-CONTRACTS-024/evidence/PROBE_B_02/0009-SNAPSHOT_PHANTOMS.json
 create mode 100644 L2J_Mobius_CT_2.6_HighFive/docs/phantoms/tasks/PHANTOM-M1-RUNTIME-CONTRACTS-024/evidence/PROBE_B_02/0009-SNAPSHOT_PHANTOMS.xml
 create mode 100644 L2J_Mobius_CT_2.6_HighFive/docs/phantoms/tasks/PHANTOM-M1-RUNTIME-CONTRACTS-024/evidence/PROBE_B_02/0010-SNAPSHOT_PHANTOMS.json
 create mode 100644 L2J_Mobius_CT_2.6_HighFive/docs/phantoms/tasks/PHANTOM-M1-RUNTIME-CONTRACTS-024/evidence/PROBE_B_02/0010-SNAPSHOT_PHANTOMS.xml
 create mode 100644 L2J_Mobius_CT_2.6_HighFive/docs/phantoms/tasks/PHANTOM-M1-RUNTIME-CONTRACTS-024/evidence/PROBE_B_02/0011-SNAPSHOT_PHANTOMS.json
 create mode 100644 L2J_Mobius_CT_2.6_HighFive/docs/phantoms/tasks/PHANTOM-M1-RUNTIME-CONTRACTS-024/evidence/PROBE_B_02/0011-SNAPSHOT_PHANTOMS.xml
 create mode 100644 L2J_Mobius_CT_2.6_HighFive/docs/phantoms/tasks/PHANTOM-M1-RUNTIME-CONTRACTS-024/evidence/PROBE_B_02/0012-SNAPSHOT_PHANTOMS.json
 create mode 100644 L2J_Mobius_CT_2.6_HighFive/docs/phantoms/tasks/PHANTOM-M1-RUNTIME-CONTRACTS-024/evidence/PROBE_B_02/0012-SNAPSHOT_PHANTOMS.xml
 create mode 100644 L2J_Mobius_CT_2.6_HighFive/docs/phantoms/tasks/PHANTOM-M1-RUNTIME-CONTRACTS-024/evidence/PROBE_B_02/0013-SNAPSHOT_PHANTOMS.json
 create mode 100644 L2J_Mobius_CT_2.6_HighFive/docs/phantoms/tasks/PHANTOM-M1-RUNTIME-CONTRACTS-024/evidence/PROBE_B_02/0013-SNAPSHOT_PHANTOMS.xml
 create mode 100644 L2J_Mobius_CT_2.6_HighFive/docs/phantoms/tasks/PHANTOM-M1-RUNTIME-CONTRACTS-024/evidence/PROBE_B_02/0014-SNAPSHOT_PHANTOMS.json
 create mode 100644 L2J_Mobius_CT_2.6_HighFive/docs/phantoms/tasks/PHANTOM-M1-RUNTIME-CONTRACTS-024/evidence/PROBE_B_02/0014-SNAPSHOT_PHANTOMS.xml
 create mode 100644 L2J_Mobius_CT_2.6_HighFive/docs/phantoms/tasks/PHANTOM-M1-RUNTIME-CONTRACTS-024/evidence/PROBE_B_02/0015-SNAPSHOT_PHANTOMS.json
 create mode 100644 L2J_Mobius_CT_2.6_HighFive/docs/phantoms/tasks/PHANTOM-M1-RUNTIME-CONTRACTS-024/evidence/PROBE_B_02/0015-SNAPSHOT_PHANTOMS.xml
 create mode 100644 L2J_Mobius_CT_2.6_HighFive/docs/phantoms/tasks/PHANTOM-M1-RUNTIME-CONTRACTS-024/evidence/PROBE_B_02/0016-SNAPSHOT_PHANTOMS.json
 create mode 100644 L2J_Mobius_CT_2.6_HighFive/docs/phantoms/tasks/PHANTOM-M1-RUNTIME-CONTRACTS-024/evidence/PROBE_B_02/0016-SNAPSHOT_PHANTOMS.xml
 create mode 100644 L2J_Mobius_CT_2.6_HighFive/docs/phantoms/tasks/PHANTOM-M1-RUNTIME-CONTRACTS-024/evidence/PROBE_B_02/0017-SNAPSHOT_PHANTOMS.json
 create mode 100644 L2J_Mobius_CT_2.6_HighFive/docs/phantoms/tasks/PHANTOM-M1-RUNTIME-CONTRACTS-024/evidence/PROBE_B_02/0017-SNAPSHOT_PHANTOMS.xml
 create mode 100644 L2J_Mobius_CT_2.6_HighFive/docs/phantoms/tasks/PHANTOM-M1-RUNTIME-CONTRACTS-024/evidence/PROBE_B_02/0018-SNAPSHOT_PHANTOMS.json
 create mode 100644 L2J_Mobius_CT_2.6_HighFive/docs/phantoms/tasks/PHANTOM-M1-RUNTIME-CONTRACTS-024/evidence/PROBE_B_02/0018-SNAPSHOT_PHANTOMS.xml
 create mode 100644 L2J_Mobius_CT_2.6_HighFive/docs/phantoms/tasks/PHANTOM-M1-RUNTIME-CONTRACTS-024/evidence/PROBE_B_02/0019-SNAPSHOT_PHANTOMS.json
 create mode 100644 L2J_Mobius_CT_2.6_HighFive/docs/phantoms/tasks/PHANTOM-M1-RUNTIME-CONTRACTS-024/evidence/PROBE_B_02/0019-SNAPSHOT_PHANTOMS.xml
 create mode 100644 L2J_Mobius_CT_2.6_HighFive/docs/phantoms/tasks/PHANTOM-M1-RUNTIME-CONTRACTS-024/evidence/PROBE_B_02/0020-SNAPSHOT_PHANTOMS.json
 create mode 100644 L2J_Mobius_CT_2.6_HighFive/docs/phantoms/tasks/PHANTOM-M1-RUNTIME-CONTRACTS-024/evidence/PROBE_B_02/0020-SNAPSHOT_PHANTOMS.xml
 create mode 100644 L2J_Mobius_CT_2.6_HighFive/docs/phantoms/tasks/PHANTOM-M1-RUNTIME-CONTRACTS-024/evidence/PROBE_B_02/0021-SNAPSHOT_PHANTOMS.json
 create mode 100644 L2J_Mobius_CT_2.6_HighFive/docs/phantoms/tasks/PHANTOM-M1-RUNTIME-CONTRACTS-024/evidence/PROBE_B_02/0021-SNAPSHOT_PHANTOMS.xml
 create mode 100644 L2J_Mobius_CT_2.6_HighFive/docs/phantoms/tasks/PHANTOM-M1-RUNTIME-CONTRACTS-024/evidence/PROBE_B_02/0022-SNAPSHOT_PHANTOMS.json
 create mode 100644 L2J_Mobius_CT_2.6_HighFive/docs/phantoms/tasks/PHANTOM-M1-RUNTIME-CONTRACTS-024/evidence/PROBE_B_02/0022-SNAPSHOT_PHANTOMS.xml
 create mode 100644 L2J_Mobius_CT_2.6_HighFive/docs/phantoms/tasks/PHANTOM-M1-RUNTIME-CONTRACTS-024/evidence/PROBE_B_02/0023-SNAPSHOT_PHANTOMS.json
 create mode 100644 L2J_Mobius_CT_2.6_HighFive/docs/phantoms/tasks/PHANTOM-M1-RUNTIME-CONTRACTS-024/evidence/PROBE_B_02/0023-SNAPSHOT_PHANTOMS.xml
 create mode 100644 L2J_Mobius_CT_2.6_HighFive/docs/phantoms/tasks/PHANTOM-M1-RUNTIME-CONTRACTS-024/evidence/PROBE_B_02/0024-SNAPSHOT_PHANTOMS.json
 create mode 100644 L2J_Mobius_CT_2.6_HighFive/docs/phantoms/tasks/PHANTOM-M1-RUNTIME-CONTRACTS-024/evidence/PROBE_B_02/0024-SNAPSHOT_PHANTOMS.xml
 create mode 100644 L2J_Mobius_CT_2.6_HighFive/docs/phantoms/tasks/PHANTOM-M1-RUNTIME-CONTRACTS-024/evidence/PROBE_B_02/0025-SNAPSHOT_PHANTOMS.json
 create mode 100644 L2J_Mobius_CT_2.6_HighFive/docs/phantoms/tasks/PHANTOM-M1-RUNTIME-CONTRACTS-024/evidence/PROBE_B_02/0025-SNAPSHOT_PHANTOMS.xml
 create mode 100644 L2J_Mobius_CT_2.6_HighFive/docs/phantoms/tasks/PHANTOM-M1-RUNTIME-CONTRACTS-024/evidence/PROBE_B_02/0026-SNAPSHOT_PHANTOMS.json
 create mode 100644 L2J_Mobius_CT_2.6_HighFive/docs/phantoms/tasks/PHANTOM-M1-RUNTIME-CONTRACTS-024/evidence/PROBE_B_02/0026-SNAPSHOT_PHANTOMS.xml
 create mode 100644 L2J_Mobius_CT_2.6_HighFive/docs/phantoms/tasks/PHANTOM-M1-RUNTIME-CONTRACTS-024/evidence/PROBE_B_02/0027-SNAPSHOT_PHANTOMS.json
 create mode 100644 L2J_Mobius_CT_2.6_HighFive/docs/phantoms/tasks/PHANTOM-M1-RUNTIME-CONTRACTS-024/evidence/PROBE_B_02/0027-SNAPSHOT_PHANTOMS.xml
 create mode 100644 L2J_Mobius_CT_2.6_HighFive/docs/phantoms/tasks/PHANTOM-M1-RUNTIME-CONTRACTS-024/evidence/PROBE_B_02/0028-SNAPSHOT_PHANTOMS.json
 create mode 100644 L2J_Mobius_CT_2.6_HighFive/docs/phantoms/tasks/PHANTOM-M1-RUNTIME-CONTRACTS-024/evidence/PROBE_B_02/0028-SNAPSHOT_PHANTOMS.xml
 create mode 100644 L2J_Mobius_CT_2.6_HighFive/docs/phantoms/tasks/PHANTOM-M1-RUNTIME-CONTRACTS-024/evidence/PROBE_B_02/0029-SNAPSHOT_PHANTOMS.json
 create mode 100644 L2J_Mobius_CT_2.6_HighFive/docs/phantoms/tasks/PHANTOM-M1-RUNTIME-CONTRACTS-024/evidence/PROBE_B_02/0029-SNAPSHOT_PHANTOMS.xml
 create mode 100644 L2J_Mobius_CT_2.6_HighFive/docs/phantoms/tasks/PHANTOM-M1-RUNTIME-CONTRACTS-024/evidence/PROBE_B_02/0030-SNAPSHOT_PHANTOMS.json
 create mode 100644 L2J_Mobius_CT_2.6_HighFive/docs/phantoms/tasks/PHANTOM-M1-RUNTIME-CONTRACTS-024/evidence/PROBE_B_02/0030-SNAPSHOT_PHANTOMS.xml
 create mode 100644 L2J_Mobius_CT_2.6_HighFive/docs/phantoms/tasks/PHANTOM-M1-RUNTIME-CONTRACTS-024/evidence/PROBE_B_02/0031-SNAPSHOT_PHANTOMS.json
 create mode 100644 L2J_Mobius_CT_2.6_HighFive/docs/phantoms/tasks/PHANTOM-M1-RUNTIME-CONTRACTS-024/evidence/PROBE_B_02/0031-SNAPSHOT_PHANTOMS.xml
 create mode 100644 L2J_Mobius_CT_2.6_HighFive/docs/phantoms/tasks/PHANTOM-M1-RUNTIME-CONTRACTS-024/evidence/PROBE_B_02/0032-SNAPSHOT_PHANTOMS.json
 create mode 100644 L2J_Mobius_CT_2.6_HighFive/docs/phantoms/tasks/PHANTOM-M1-RUNTIME-CONTRACTS-024/evidence/PROBE_B_02/0032-SNAPSHOT_PHANTOMS.xml
 create mode 100644 L2J_Mobius_CT_2.6_HighFive/docs/phantoms/tasks/PHANTOM-M1-RUNTIME-CONTRACTS-024/evidence/PROBE_B_02/0033-SNAPSHOT_PHANTOMS.json
 create mode 100644 L2J_Mobius_CT_2.6_HighFive/docs/phantoms/tasks/PHANTOM-M1-RUNTIME-CONTRACTS-024/evidence/PROBE_B_02/0033-SNAPSHOT_PHANTOMS.xml
 create mode 100644 L2J_Mobius_CT_2.6_HighFive/docs/phantoms/tasks/PHANTOM-M1-RUNTIME-CONTRACTS-024/evidence/PROBE_B_02/0034-SNAPSHOT_PHANTOMS.json
 create mode 100644 L2J_Mobius_CT_2.6_HighFive/docs/phantoms/tasks/PHANTOM-M1-RUNTIME-CONTRACTS-024/evidence/PROBE_B_02/0034-SNAPSHOT_PHANTOMS.xml
 create mode 100644 L2J_Mobius_CT_2.6_HighFive/docs/phantoms/tasks/PHANTOM-M1-RUNTIME-CONTRACTS-024/evidence/PROBE_B_02/0035-SNAPSHOT_PHANTOMS.json
 create mode 100644 L2J_Mobius_CT_2.6_HighFive/docs/phantoms/tasks/PHANTOM-M1-RUNTIME-CONTRACTS-024/evidence/PROBE_B_02/0035-SNAPSHOT_PHANTOMS.xml
 create mode 100644 L2J_Mobius_CT_2.6_HighFive/docs/phantoms/tasks/PHANTOM-M1-RUNTIME-CONTRACTS-024/evidence/PROBE_B_02/0036-SNAPSHOT_PHANTOMS.json
 create mode 100644 L2J_Mobius_CT_2.6_HighFive/docs/phantoms/tasks/PHANTOM-M1-RUNTIME-CONTRACTS-024/evidence/PROBE_B_02/0036-SNAPSHOT_PHANTOMS.xml
 create mode 100644 L2J_Mobius_CT_2.6_HighFive/docs/phantoms/tasks/PHANTOM-M1-RUNTIME-CONTRACTS-024/evidence/PROBE_B_02/0037-SNAPSHOT_PHANTOMS.json
 create mode 100644 L2J_Mobius_CT_2.6_HighFive/docs/phantoms/tasks/PHANTOM-M1-RUNTIME-CONTRACTS-024/evidence/PROBE_B_02/0037-SNAPSHOT_PHANTOMS.xml
 create mode 100644 L2J_Mobius_CT_2.6_HighFive/docs/phantoms/tasks/PHANTOM-M1-RUNTIME-CONTRACTS-024/evidence/PROBE_B_02/0038-SNAPSHOT_PHANTOMS.json
 create mode 100644 L2J_Mobius_CT_2.6_HighFive/docs/phantoms/tasks/PHANTOM-M1-RUNTIME-CONTRACTS-024/evidence/PROBE_B_02/0038-SNAPSHOT_PHANTOMS.xml
 create mode 100644 L2J_Mobius_CT_2.6_HighFive/docs/phantoms/tasks/PHANTOM-M1-RUNTIME-CONTRACTS-024/evidence/PROBE_B_02/after-synthetic-stop/components.tsv
 create mode 100644 L2J_Mobius_CT_2.6_HighFive/docs/phantoms/tasks/PHANTOM-M1-RUNTIME-CONTRACTS-024/evidence/PROBE_B_02/after-synthetic-stop/inventory.tsv
 create mode 100644 L2J_Mobius_CT_2.6_HighFive/docs/phantoms/tasks/PHANTOM-M1-RUNTIME-CONTRACTS-024/evidence/PROBE_B_02/after-synthetic-stop/progress.tsv
 create mode 100644 L2J_Mobius_CT_2.6_HighFive/docs/phantoms/tasks/PHANTOM-M1-RUNTIME-CONTRACTS-024/evidence/PROBE_B_02/after-synthetic-stop/summary.tsv
 create mode 100644 L2J_Mobius_CT_2.6_HighFive/docs/phantoms/tasks/PHANTOM-M1-RUNTIME-CONTRACTS-024/evidence/PROBE_B_02/all-samples.json
 create mode 100644 L2J_Mobius_CT_2.6_HighFive/docs/phantoms/tasks/PHANTOM-M1-RUNTIME-CONTRACTS-024/evidence/PROBE_B_02/baseline-cohort.json
 create mode 100644 L2J_Mobius_CT_2.6_HighFive/docs/phantoms/tasks/PHANTOM-M1-RUNTIME-CONTRACTS-024/evidence/PROBE_B_02/baseline-inventory.tsv
 create mode 100644 L2J_Mobius_CT_2.6_HighFive/docs/phantoms/tasks/PHANTOM-M1-RUNTIME-CONTRACTS-024/evidence/PROBE_B_02/cohort-002.json
 create mode 100644 L2J_Mobius_CT_2.6_HighFive/docs/phantoms/tasks/PHANTOM-M1-RUNTIME-CONTRACTS-024/evidence/PROBE_B_02/cohort-003.json
 create mode 100644 L2J_Mobius_CT_2.6_HighFive/docs/phantoms/tasks/PHANTOM-M1-RUNTIME-CONTRACTS-024/evidence/PROBE_B_02/cohort-004.json
 create mode 100644 L2J_Mobius_CT_2.6_HighFive/docs/phantoms/tasks/PHANTOM-M1-RUNTIME-CONTRACTS-024/evidence/PROBE_B_02/cohort-005.json
 create mode 100644 L2J_Mobius_CT_2.6_HighFive/docs/phantoms/tasks/PHANTOM-M1-RUNTIME-CONTRACTS-024/evidence/PROBE_B_02/cohort-006.json
 create mode 100644 L2J_Mobius_CT_2.6_HighFive/docs/phantoms/tasks/PHANTOM-M1-RUNTIME-CONTRACTS-024/evidence/PROBE_B_02/cohort-007.json
 create mode 100644 L2J_Mobius_CT_2.6_HighFive/docs/phantoms/tasks/PHANTOM-M1-RUNTIME-CONTRACTS-024/evidence/PROBE_B_02/cohort-008.json
 create mode 100644 L2J_Mobius_CT_2.6_HighFive/docs/phantoms/tasks/PHANTOM-M1-RUNTIME-CONTRACTS-024/evidence/PROBE_B_02/cohort-009.json
 create mode 100644 L2J_Mobius_CT_2.6_HighFive/docs/phantoms/tasks/PHANTOM-M1-RUNTIME-CONTRACTS-024/evidence/PROBE_B_02/cohort-010.json
 create mode 100644 L2J_Mobius_CT_2.6_HighFive/docs/phantoms/tasks/PHANTOM-M1-RUNTIME-CONTRACTS-024/evidence/PROBE_B_02/cohort-011.json
 create mode 100644 L2J_Mobius_CT_2.6_HighFive/docs/phantoms/tasks/PHANTOM-M1-RUNTIME-CONTRACTS-024/evidence/PROBE_B_02/cohort-012.json
 create mode 100644 L2J_Mobius_CT_2.6_HighFive/docs/phantoms/tasks/PHANTOM-M1-RUNTIME-CONTRACTS-024/evidence/PROBE_B_02/cohort-013.json
 create mode 100644 L2J_Mobius_CT_2.6_HighFive/docs/phantoms/tasks/PHANTOM-M1-RUNTIME-CONTRACTS-024/evidence/PROBE_B_02/cohort-014.json
 create mode 100644 L2J_Mobius_CT_2.6_HighFive/docs/phantoms/tasks/PHANTOM-M1-RUNTIME-CONTRACTS-024/evidence/PROBE_B_02/cohort-015.json
 create mode 100644 L2J_Mobius_CT_2.6_HighFive/docs/phantoms/tasks/PHANTOM-M1-RUNTIME-CONTRACTS-024/evidence/PROBE_B_02/cohort-016.json
 create mode 100644 L2J_Mobius_CT_2.6_HighFive/docs/phantoms/tasks/PHANTOM-M1-RUNTIME-CONTRACTS-024/evidence/PROBE_B_02/cohort-017.json
 create mode 100644 L2J_Mobius_CT_2.6_HighFive/docs/phantoms/tasks/PHANTOM-M1-RUNTIME-CONTRACTS-024/evidence/PROBE_B_02/cohort-018.json
 create mode 100644 L2J_Mobius_CT_2.6_HighFive/docs/phantoms/tasks/PHANTOM-M1-RUNTIME-CONTRACTS-024/evidence/PROBE_B_02/cohort-019.json
 create mode 100644 L2J_Mobius_CT_2.6_HighFive/docs/phantoms/tasks/PHANTOM-M1-RUNTIME-CONTRACTS-024/evidence/PROBE_B_02/cohort-020.json
 create mode 100644 L2J_Mobius_CT_2.6_HighFive/docs/phantoms/tasks/PHANTOM-M1-RUNTIME-CONTRACTS-024/evidence/PROBE_B_02/cohort-021.json
 create mode 100644 L2J_Mobius_CT_2.6_HighFive/docs/phantoms/tasks/PHANTOM-M1-RUNTIME-CONTRACTS-024/evidence/PROBE_B_02/cohort-022.json
 create mode 100644 L2J_Mobius_CT_2.6_HighFive/docs/phantoms/tasks/PHANTOM-M1-RUNTIME-CONTRACTS-024/evidence/PROBE_B_02/cohort-023.json
 create mode 100644 L2J_Mobius_CT_2.6_HighFive/docs/phantoms/tasks/PHANTOM-M1-RUNTIME-CONTRACTS-024/evidence/PROBE_B_02/cohort-024.json
 create mode 100644 L2J_Mobius_CT_2.6_HighFive/docs/phantoms/tasks/PHANTOM-M1-RUNTIME-CONTRACTS-024/evidence/PROBE_B_02/cohort-025.json
 create mode 100644 L2J_Mobius_CT_2.6_HighFive/docs/phantoms/tasks/PHANTOM-M1-RUNTIME-CONTRACTS-024/evidence/PROBE_B_02/cohort-026.json
 create mode 100644 L2J_Mobius_CT_2.6_HighFive/docs/phantoms/tasks/PHANTOM-M1-RUNTIME-CONTRACTS-024/evidence/PROBE_B_02/cohort-027.json
 create mode 100644 L2J_Mobius_CT_2.6_HighFive/docs/phantoms/tasks/PHANTOM-M1-RUNTIME-CONTRACTS-024/evidence/PROBE_B_02/cohort-028.json
 create mode 100644 L2J_Mobius_CT_2.6_HighFive/docs/phantoms/tasks/PHANTOM-M1-RUNTIME-CONTRACTS-024/evidence/PROBE_B_02/cohort-029.json
 create mode 100644 L2J_Mobius_CT_2.6_HighFive/docs/phantoms/tasks/PHANTOM-M1-RUNTIME-CONTRACTS-024/evidence/PROBE_B_02/cohort-030.json
 create mode 100644 L2J_Mobius_CT_2.6_HighFive/docs/phantoms/tasks/PHANTOM-M1-RUNTIME-CONTRACTS-024/evidence/PROBE_B_02/cohort-031.json
 create mode 100644 L2J_Mobius_CT_2.6_HighFive/docs/phantoms/tasks/PHANTOM-M1-RUNTIME-CONTRACTS-024/evidence/PROBE_B_02/cohort-032.json
 create mode 100644 L2J_Mobius_CT_2.6_HighFive/docs/phantoms/tasks/PHANTOM-M1-RUNTIME-CONTRACTS-024/evidence/PROBE_B_02/cohort-033.json
 create mode 100644 L2J_Mobius_CT_2.6_HighFive/docs/phantoms/tasks/PHANTOM-M1-RUNTIME-CONTRACTS-024/evidence/PROBE_B_02/cohort-034.json
 create mode 100644 L2J_Mobius_CT_2.6_HighFive/docs/phantoms/tasks/PHANTOM-M1-RUNTIME-CONTRACTS-024/evidence/PROBE_B_02/cohort-035.json
 create mode 100644 L2J_Mobius_CT_2.6_HighFive/docs/phantoms/tasks/PHANTOM-M1-RUNTIME-CONTRACTS-024/evidence/PROBE_B_02/cohort-036.json
 create mode 100644 L2J_Mobius_CT_2.6_HighFive/docs/phantoms/tasks/PHANTOM-M1-RUNTIME-CONTRACTS-024/evidence/PROBE_B_02/cohort-037.json
 create mode 100644 L2J_Mobius_CT_2.6_HighFive/docs/phantoms/tasks/PHANTOM-M1-RUNTIME-CONTRACTS-024/evidence/PROBE_B_02/cohort-result.json
 create mode 100644 L2J_Mobius_CT_2.6_HighFive/docs/phantoms/tasks/PHANTOM-M1-RUNTIME-CONTRACTS-024/evidence/PROBE_B_02/final-live-inventory.tsv
 create mode 100644 L2J_Mobius_CT_2.6_HighFive/docs/phantoms/tasks/PHANTOM-M1-RUNTIME-CONTRACTS-024/evidence/PROBE_B_02/persistence-proof.json
 create mode 100644 L2J_Mobius_CT_2.6_HighFive/docs/phantoms/tasks/PHANTOM-M1-RUNTIME-CONTRACTS-024/evidence/PROBE_B_02/persistence-verification.json
 create mode 100644 L2J_Mobius_CT_2.6_HighFive/docs/phantoms/tasks/PHANTOM-M1-RUNTIME-CONTRACTS-024/evidence/PROBE_B_02/post-shutdown/characters.tsv
 create mode 100644 L2J_Mobius_CT_2.6_HighFive/docs/phantoms/tasks/PHANTOM-M1-RUNTIME-CONTRACTS-024/evidence/PROBE_B_02/post-shutdown/counts.tsv
 create mode 100644 L2J_Mobius_CT_2.6_HighFive/docs/phantoms/tasks/PHANTOM-M1-RUNTIME-CONTRACTS-024/evidence/PROBE_B_02/post-shutdown/durable-decoded.tsv
 create mode 100644 L2J_Mobius_CT_2.6_HighFive/docs/phantoms/tasks/PHANTOM-M1-RUNTIME-CONTRACTS-024/evidence/PROBE_B_02/post-shutdown/durable-hex.tsv
 create mode 100644 L2J_Mobius_CT_2.6_HighFive/docs/phantoms/tasks/PHANTOM-M1-RUNTIME-CONTRACTS-024/evidence/PROBE_B_02/post-shutdown/items.tsv
 create mode 100644 L2J_Mobius_CT_2.6_HighFive/docs/phantoms/tasks/PHANTOM-M1-RUNTIME-CONTRACTS-024/evidence/PROBE_B_02/post-shutdown/runtime-manifest.json
 create mode 100644 L2J_Mobius_CT_2.6_HighFive/docs/phantoms/tasks/PHANTOM-M1-RUNTIME-CONTRACTS-024/evidence/PROBE_B_02/post-shutdown/skills.tsv
 create mode 100644 L2J_Mobius_CT_2.6_HighFive/docs/phantoms/tasks/PHANTOM-M1-RUNTIME-CONTRACTS-024/evidence/PROBE_B_02/pre-shutdown-threads.txt
 create mode 100644 L2J_Mobius_CT_2.6_HighFive/docs/phantoms/tasks/PHANTOM-M1-RUNTIME-CONTRACTS-024/evidence/PROBE_B_02/primary.json
 create mode 100644 L2J_Mobius_CT_2.6_HighFive/docs/phantoms/tasks/PHANTOM-M1-RUNTIME-CONTRACTS-024/evidence/PROBE_B_02/result.json
 create mode 100644 L2J_Mobius_CT_2.6_HighFive/docs/phantoms/tasks/PHANTOM-M1-RUNTIME-CONTRACTS-024/evidence/PROBE_B_02/run-id.txt
 create mode 100644 L2J_Mobius_CT_2.6_HighFive/docs/phantoms/tasks/PHANTOM-M1-RUNTIME-CONTRACTS-024/evidence/PROBE_B_02/sealed/110-121779895309100-34540.properties
 create mode 100644 L2J_Mobius_CT_2.6_HighFive/docs/phantoms/tasks/PHANTOM-M1-RUNTIME-CONTRACTS-024/evidence/PROBE_B_02/sealed/175-121779908740100-21688.properties
 create mode 100644 L2J_Mobius_CT_2.6_HighFive/docs/phantoms/tasks/PHANTOM-M1-RUNTIME-CONTRACTS-024/evidence/PROBE_B_02/sealed/175-121779908740100-21690.properties
 create mode 100644 L2J_Mobius_CT_2.6_HighFive/docs/phantoms/tasks/PHANTOM-M1-RUNTIME-CONTRACTS-024/evidence/PROBE_B_02/sealed/275-121779919287400-26607.properties
 create mode 100644 L2J_Mobius_CT_2.6_HighFive/docs/phantoms/tasks/PHANTOM-M1-RUNTIME-CONTRACTS-024/evidence/PROBE_B_02/sealed/275-121779919287400-26609.properties
 create mode 100644 L2J_Mobius_CT_2.6_HighFive/docs/phantoms/tasks/PHANTOM-M1-RUNTIME-CONTRACTS-024/evidence/PROBE_B_02/sealed/275-121779919287400-26611.properties
 create mode 100644 L2J_Mobius_CT_2.6_HighFive/docs/phantoms/tasks/PHANTOM-M1-RUNTIME-CONTRACTS-024/evidence/PROBE_B_02/sealed/275-121779919287400-26613.properties
 create mode 100644 L2J_Mobius_CT_2.6_HighFive/docs/phantoms/tasks/PHANTOM-M1-RUNTIME-CONTRACTS-024/evidence/PROBE_B_02/sealed/275-121779919287400-26615.properties
 create mode 100644 L2J_Mobius_CT_2.6_HighFive/docs/phantoms/tasks/PHANTOM-M1-RUNTIME-CONTRACTS-024/evidence/PROBE_B_02/sealed/606-121779960343500-12622.properties
 create mode 100644 L2J_Mobius_CT_2.6_HighFive/docs/phantoms/tasks/PHANTOM-M1-RUNTIME-CONTRACTS-024/evidence/PROBE_B_02/sealed/606-121779960343500-12624.properties
 create mode 100644 L2J_Mobius_CT_2.6_HighFive/docs/phantoms/tasks/PHANTOM-M1-RUNTIME-CONTRACTS-024/evidence/PROBE_B_02/sealed/606-121779960343500-12626.properties
 create mode 100644 L2J_Mobius_CT_2.6_HighFive/docs/phantoms/tasks/PHANTOM-M1-RUNTIME-CONTRACTS-024/evidence/PROBE_B_02/sealed/606-121779960343500-12628.properties
 create mode 100644 L2J_Mobius_CT_2.6_HighFive/docs/phantoms/tasks/PHANTOM-M1-RUNTIME-CONTRACTS-024/evidence/PROBE_B_02/sealed/606-121779960343500-12630.properties
 create mode 100644 L2J_Mobius_CT_2.6_HighFive/docs/phantoms/tasks/PHANTOM-M1-RUNTIME-CONTRACTS-024/evidence/PROBE_B_02/sealed/613-121779972333700-12693.properties
 create mode 100644 L2J_Mobius_CT_2.6_HighFive/docs/phantoms/tasks/PHANTOM-M1-RUNTIME-CONTRACTS-024/evidence/PROBE_B_02/sealed/613-121779972333700-12695.properties
 create mode 100644 L2J_Mobius_CT_2.6_HighFive/docs/phantoms/tasks/PHANTOM-M1-RUNTIME-CONTRACTS-024/evidence/PROBE_B_02/sealed/613-121779972333700-12697.properties
 create mode 100644 L2J_Mobius_CT_2.6_HighFive/docs/phantoms/tasks/PHANTOM-M1-RUNTIME-CONTRACTS-024/evidence/PROBE_B_02/sealed/613-121779972333700-12699.properties
 create mode 100644 L2J_Mobius_CT_2.6_HighFive/docs/phantoms/tasks/PHANTOM-M1-RUNTIME-CONTRACTS-024/evidence/PROBE_B_02/sealed/613-121779972333700-12701.properties
 create mode 100644 L2J_Mobius_CT_2.6_HighFive/docs/phantoms/tasks/PHANTOM-M1-RUNTIME-CONTRACTS-024/evidence/PROBE_B_02/sealed/agent-installed-17040.txt
 create mode 100644 L2J_Mobius_CT_2.6_HighFive/docs/phantoms/tasks/PHANTOM-M1-RUNTIME-CONTRACTS-024/evidence/PROBE_B_02/shutdown.log
 create mode 100644 L2J_Mobius_CT_2.6_HighFive/docs/phantoms/tasks/PHANTOM-M1-RUNTIME-CONTRACTS-024/evidence/PROBE_B_02/synthetic-start.json
 create mode 100644 L2J_Mobius_CT_2.6_HighFive/docs/phantoms/tasks/PHANTOM-M1-RUNTIME-CONTRACTS-024/evidence/PROBE_B_02/synthetic-stop.json
 create mode 100644 L2J_Mobius_CT_2.6_HighFive/docs/phantoms/tasks/PHANTOM-M1-RUNTIME-CONTRACTS-024/evidence/RED_B09_PENDING_HANDOFF/native-farm-continuation022.txt
 create mode 100644 L2J_Mobius_CT_2.6_HighFive/docs/phantoms/tasks/PHANTOM-M1-RUNTIME-CONTRACTS-024/evidence/RED_B09_PENDING_HANDOFF/native-farm-continuation022.xml
 create mode 100644 L2J_Mobius_CT_2.6_HighFive/docs/phantoms/tasks/PHANTOM-M1-RUNTIME-CONTRACTS-024/evidence/RED_B10_LIVE_PENDING_HANDLER/background-position-canonicalization.txt
 create mode 100644 L2J_Mobius_CT_2.6_HighFive/docs/phantoms/tasks/PHANTOM-M1-RUNTIME-CONTRACTS-024/evidence/RED_B10_LIVE_PENDING_HANDLER/background-position-canonicalization.xml
 create mode 100644 L2J_Mobius_CT_2.6_HighFive/docs/phantoms/tasks/PHANTOM-M1-RUNTIME-CONTRACTS-024/evidence/REG_A_DYNAMIC/m1-native-lifecycle.txt
 create mode 100644 L2J_Mobius_CT_2.6_HighFive/docs/phantoms/tasks/PHANTOM-M1-RUNTIME-CONTRACTS-024/evidence/REG_A_DYNAMIC/m1-native-lifecycle.xml
 create mode 100644 L2J_Mobius_CT_2.6_HighFive/docs/phantoms/tasks/PHANTOM-M1-RUNTIME-CONTRACTS-024/evidence/REG_A_STALE_ORIGIN/living-world023.txt
 create mode 100644 L2J_Mobius_CT_2.6_HighFive/docs/phantoms/tasks/PHANTOM-M1-RUNTIME-CONTRACTS-024/evidence/REG_A_STALE_ORIGIN/living-world023.xml
 create mode 100644 L2J_Mobius_CT_2.6_HighFive/docs/phantoms/tasks/PHANTOM-M1-RUNTIME-CONTRACTS-024/evidence/REG_B09_AFTER_B10/native-farm-continuation022.txt
 create mode 100644 L2J_Mobius_CT_2.6_HighFive/docs/phantoms/tasks/PHANTOM-M1-RUNTIME-CONTRACTS-024/evidence/REG_B09_AFTER_B10/native-farm-continuation022.xml
 create mode 100644 L2J_Mobius_CT_2.6_HighFive/docs/phantoms/tasks/PHANTOM-M1-RUNTIME-CONTRACTS-024/evidence/REG_B_FAULT_MATRIX/background-position-canonicalization.txt
 create mode 100644 L2J_Mobius_CT_2.6_HighFive/docs/phantoms/tasks/PHANTOM-M1-RUNTIME-CONTRACTS-024/evidence/REG_B_FAULT_MATRIX/background-position-canonicalization.xml
 create mode 100644 L2J_Mobius_CT_2.6_HighFive/docs/phantoms/tasks/PHANTOM-M1-RUNTIME-CONTRACTS-024/evidence/REG_D_AFTER_B09_B10/visible-intent-recovery.txt
 create mode 100644 L2J_Mobius_CT_2.6_HighFive/docs/phantoms/tasks/PHANTOM-M1-RUNTIME-CONTRACTS-024/evidence/REG_D_AFTER_B09_B10/visible-intent-recovery.xml
 create mode 100644 L2J_Mobius_CT_2.6_HighFive/docs/phantoms/tasks/PHANTOM-M1-RUNTIME-CONTRACTS-024/prepare-b.log
 create mode 100644 L2J_Mobius_CT_2.6_HighFive/docs/phantoms/tasks/PHANTOM-M1-RUNTIME-CONTRACTS-024/prepare-c.log
 create mode 100644 L2J_Mobius_CT_2.6_HighFive/docs/phantoms/tasks/PHANTOM-M1-RUNTIME-CONTRACTS-024/start-final-c.log
 create mode 100644 L2J_Mobius_CT_2.6_HighFive/docs/phantoms/tasks/PHANTOM-M1-RUNTIME-CONTRACTS-024/start-probe-b.log
5bb49932a3e057fc045688a9de898789eb37de69
