profileId	objectId	state	calendarOnline	admitted	x	y	z	contextPhase	farmAllowed	readinessComplete	firstGuard	sampleNanos
1	268484216	DEAD	true	false	-125615	37771	1176	COMPLETED	true	false	ecology_fenced:ecology.commit_pending:SUCCESS	296512417701600
2	268484217	READY	false	false	-50077	-115763	-160	COMPLETED	true	false	schedule_not_active:transaction.backend_failure:SUCCESS	296512418899300
3	268484237	READY	false	false	-86401	253927	-3736	COMPLETED	true	false	schedule_not_active:ecology.persistence_or_runtime_failure:SUCCESS	296512419942700
4	268484238	READY	false	false	24496	9206	-3584	COMPLETED	true	false	schedule_not_active:transaction.backend_failure:SUCCESS	296512420989700
5	268484256	DEAD	true	false	-86401	253927	-3736	COMPLETED	true	false	ecology_fenced:ecology.commit_pending:SUCCESS	296512422033100
6	268484257	READY	true	false	-86401	253927	-3736	UNKNOWN	false	false	ecology_fenced:transaction.item_conflict_canonical:NATIVE_CONTEXT_REQUIRED	296512423058100
7	268484274	READY	false	false	-86401	253927	-3736	UNKNOWN	false	false	schedule_not_active:transaction.item_conflict_canonical:NATIVE_CONTEXT_REQUIRED	296512424164300
8	268484275	READY	false	false	119877	-202135	-3456	UNKNOWN	false	false	schedule_not_active:transaction.item_conflict_canonical:NATIVE_CONTEXT_REQUIRED	296512425814600
9	268484290	READY	true	false	-50077	-115763	-160	COMPLETED	true	false	ecology_fenced:ecology.persistence_or_runtime_failure:SUCCESS	296512427351500
10	268484291	READY	true	false	24496	9206	-3584	COMPLETED	true	false	ecology_fenced:transaction.backend_failure:SUCCESS	296512428390100
11	268484308	READY	false	false	-50077	-115763	-160	COMPLETED	true	false	schedule_not_active:transaction.backend_failure:SUCCESS	296512429347700
12	268484309	READY	false	false	26607	63533	-3552	COMPLETED	true	false	schedule_not_active:ecology.persistence_or_runtime_failure:SUCCESS	296512430467000
13	268484332	READY	true	false	51500	59679	-3368	UNKNOWN	false	false	ecology_fenced:transaction.item_conflict_canonical:NATIVE_CONTEXT_REQUIRED	296512431485300
14	268484333	DEAD	true	false	-125464	37776	1176	COMPLETED	true	false	ecology_fenced:ecology.commit_pending:SUCCESS	296512432445900
15	268484350	DEAD	false	false	-125615	37771	1176	COMPLETED	true	false	schedule_not_active:ecology.commit_pending:SUCCESS	296512433373800
16	268484351	READY	false	false	119336	-180368	-2368	UNKNOWN	false	false	schedule_not_active:transaction.item_conflict_canonical:NATIVE_CONTEXT_REQUIRED	296512434150300
17	268484368	READY	false	false	-50077	-115763	-160	COMPLETED	true	false	schedule_not_active:ecology.persistence_or_runtime_failure:SUCCESS	296512435096000
18	268484369	READY	true	false	24496	9206	-3584	COMPLETED	true	false	ecology_fenced:transaction.backend_failure:SUCCESS	296512436076500
19	268484387	DEAD	true	false	-86401	253927	-3736	COMPLETED	true	false	ecology_fenced:ecology.commit_pending:SUCCESS	296512437057100
20	268484388	DEAD	false	false	-86401	253927	-3736	COMPLETED	true	false	schedule_not_active:ecology.commit_pending:SUCCESS	296512438003600
21	268484405	DEAD	false	false	-86401	253927	-3736	COMPLETED	true	false	schedule_not_active:ecology.commit_pending:SUCCESS	296512438913500
22	268484406	DEAD	true	false	-125615	37771	1176	COMPLETED	true	false	ecology_fenced:ecology.commit_pending:SUCCESS	296512439957900
23	268484426	DEAD	true	false	-125607	38452	1176	COMPLETED	true	false	ecology_fenced:ecology.commit_pending:SUCCESS	296512441055200
24	268484427	READY	false	false	-49106	-115854	-160	COMPLETED	true	false	schedule_not_active:transaction.backend_failure:SUCCESS	296512442314700
25	268484444	READY	false	false	54714	51620	-3592	COMPLETED	true	false	schedule_not_active:farm.inventory_projection_refreshed:SUCCESS	296512443381000
26	268484447	READY	true	false	24496	9206	-3584	COMPLETED	true	false	ecology_fenced:transaction.backend_failure:SUCCESS	296512444303600
27	268484461	DEAD	true	false	-86401	253927	-3736	COMPLETED	true	false	ecology_fenced:ecology.commit_pending:SUCCESS	296512445092900
28	268484462	DEAD	true	false	-86401	253927	-3736	COMPLETED	true	false	ecology_fenced:ecology.commit_pending:SUCCESS	296512445970300
29	268484480	READY	false	false	24496	9206	-3584	COMPLETED	true	false	schedule_not_active:transaction.backend_failure:SUCCESS	296512447227000
30	268484481	INCONSISTENT	false	false	46045	41251	-3504	UNKNOWN	false	false	schedule_not_active:catchup.renewal.background_state_invalid:INCONSISTENT	296512447739400
31	268484498	READY	true	false	119336	-180368	-2368	UNKNOWN	false	false	ecology_fenced:transaction.item_conflict_canonical:NATIVE_CONTEXT_REQUIRED	296512448673500
32	268484499	READY	true	false	-50077	-115763	-160	COMPLETED	true	false	ecology_fenced:ecology.persistence_or_runtime_failure:SUCCESS	296512449699300
33	268484515	READY	false	false	-86401	253927	-3736	COMPLETED	true	false	schedule_not_active:ecology.persistence_or_runtime_failure:SUCCESS	296512450543300
34	268484517	READY	false	false	-50077	-115763	-160	COMPLETED	true	false	schedule_not_active:transaction.backend_failure:SUCCESS	296512451492700
35	268484532	DEAD	true	false	53398	63278	-3480	COMPLETED	true	false	ecology_fenced:transaction.native_context_required:SUCCESS	296512452568400
36	268484533	READY	true	false	24496	9206	-3584	COMPLETED	true	false	ecology_fenced:transaction.backend_failure:SUCCESS	296512453675200
37	268484548	READY	false	false	-50077	-115763	-160	COMPLETED	true	false	schedule_not_active:ecology.persistence_or_runtime_failure:SUCCESS	296512454628800
38	268484549	READY	false	false	-86401	253927	-3736	COMPLETED	true	false	schedule_not_active:ecology.persistence_or_runtime_failure:SUCCESS	296512455684000
39	268484565	READY	true	false	119877	-202135	-3456	UNKNOWN	false	false	ecology_fenced:transaction.item_conflict_canonical:NATIVE_CONTEXT_REQUIRED	296512456546500
40	268484566	READY	true	false	-86401	253927	-3736	COMPLETED	true	false	ecology_fenced:ecology.persistence_or_runtime_failure:SUCCESS	296512457874200
41	268484580	READY	true	false	24496	9206	-3584	COMPLETED	true	false	ecology_fenced:transaction.backend_failure:SUCCESS	296512459281800
42	268484581	READY	false	false	-50077	-115763	-160	COMPLETED	true	false	schedule_not_active:transaction.backend_failure:SUCCESS	296512460696100
43	268484597	DEAD	false	false	-86401	253927	-3736	COMPLETED	true	false	schedule_not_active:ecology.commit_pending:SUCCESS	296512461540500
44	268484598	READY	true	false	54714	51620	-3592	UNKNOWN	false	false	ecology_fenced:transaction.item_conflict_canonical:NATIVE_CONTEXT_REQUIRED	296512462402700
45	268484616	READY	true	false	24496	9206	-3584	COMPLETED	true	false	ecology_fenced:transaction.backend_failure:SUCCESS	296512463476100
46	268484617	DEAD	false	false	-125472	38450	1176	COMPLETED	true	false	schedule_not_active:ecology.commit_pending:SUCCESS	296512464502600
47	268484635	READY	false	false	24496	9206	-3584	COMPLETED	true	false	schedule_not_active:transaction.backend_failure:SUCCESS	296512465457100
48	268484639	READY	true	false	-86401	253927	-3736	UNKNOWN	false	false	ecology_fenced:transaction.item_conflict_canonical:NATIVE_CONTEXT_REQUIRED	296512466351600
49	268484653	READY	true	false	24496	9206	-3584	COMPLETED	true	false	ecology_fenced:transaction.backend_failure:SUCCESS	296512467419300
50	268484654	DEAD	false	false	-86401	253927	-3736	COMPLETED	true	false	schedule_not_active:ecology.commit_pending:SUCCESS	296512468337600
51	268484671	READY	false	false	24496	9206	-3584	COMPLETED	true	false	schedule_not_active:transaction.backend_failure:SUCCESS	296512469467600
52	268484676	READY	true	false	24496	9206	-3584	COMPLETED	true	false	ecology_fenced:transaction.backend_failure:SUCCESS	296512470730100
53	268485295	READY	true	false	-50077	-115763	-160	COMPLETED	true	false	ecology_fenced:transaction.backend_failure:SUCCESS	296512471823200
54	268485302	READY	true	false	119877	-202135	-3456	UNKNOWN	false	false	ecology_fenced:transaction.item_conflict_canonical:NATIVE_CONTEXT_REQUIRED	296512472824500
55	268485303	DEAD	false	false	-125472	38450	1176	COMPLETED	true	false	schedule_not_active:ecology.cursor_pending:SUCCESS	296512473871500
56	268485320	READY	false	false	24496	9206	-3584	COMPLETED	true	false	schedule_not_active:transaction.backend_failure:SUCCESS	296512475806800
57	268485321	DEAD	true	false	-86401	253927	-3736	COMPLETED	true	false	ecology_fenced:ecology.commit_pending:SUCCESS	296512477192700
58	268485337	READY	true	false	-50077	-115763	-160	COMPLETED	true	false	ecology_fenced:ecology.persistence_or_runtime_failure:SUCCESS	296512478394800
59	268485338	READY	false	false	48712	55466	-3464	COMPLETED	true	false	schedule_not_active:ecology.persistence_or_runtime_failure:SUCCESS	296512479270700
60	268485354	READY	false	false	24496	9206	-3584	COMPLETED	true	false	schedule_not_active:transaction.backend_failure:SUCCESS	296512480206700
61	268485355	DEAD	true	false	-125472	38450	1176	COMPLETED	true	false	ecology_fenced:ecology.commit_pending:SUCCESS	296512481427100
62	268485371	DEAD	true	false	119877	-202135	-3456	COMPLETED	true	false	ecology_fenced:ecology.commit_pending:SUCCESS	296512482427100
63	268485372	READY	false	false	26607	63533	-3552	UNKNOWN	false	false	schedule_not_active:transaction.item_conflict_canonical:NATIVE_CONTEXT_REQUIRED	296512483343800
64	268485388	READY	false	false	48712	55466	-3464	COMPLETED	true	false	schedule_not_active:ecology.persistence_or_runtime_failure:SUCCESS	296512484369900
65	268485389	READY	true	false	51500	59679	-3368	UNKNOWN	false	false	ecology_fenced:transaction.item_conflict_canonical:NATIVE_CONTEXT_REQUIRED	296512485429700
66	268485412	READY	true	false	-50077	-115763	-160	COMPLETED	true	false	ecology_fenced:ecology.persistence_or_runtime_failure:SUCCESS	296512486575500
67	268485413	READY	true	false	48712	55466	-3464	COMPLETED	true	false	ecology_fenced:ecology.persistence_or_runtime_failure:SUCCESS	296512487583800
68	268485428	DEAD	false	false	53398	63278	-3480	COMPLETED	true	false	schedule_not_active:ecology.commit_pending:SUCCESS	296512488610300
69	268485429	READY	false	false	-49106	-115854	-160	COMPLETED	true	false	schedule_not_active:transaction.backend_failure:SUCCESS	296512489836200
70	268485444	READY	true	false	-50077	-115763	-160	COMPLETED	true	false	ecology_fenced:transaction.backend_failure:SUCCESS	296512490923700
71	268485445	DEAD	true	false	-125607	38452	1176	COMPLETED	true	false	ecology_fenced:ecology.commit_pending:SUCCESS	296512492157000
72	268485460	DEAD	false	false	-125472	38450	1176	COMPLETED	true	false	schedule_not_active:ecology.commit_pending:SUCCESS	296512493351100
73	268485461	READY	false	false	48712	55466	-3464	COMPLETED	true	false	schedule_not_active:ecology.persistence_or_runtime_failure:SUCCESS	296512494531500
74	268485478	READY	true	false	48712	55466	-3464	COMPLETED	true	false	ecology_fenced:ecology.persistence_or_runtime_failure:SUCCESS	296512495498000
75	268485479	READY	true	false	25308	13254	-3648	COMPLETED	true	false	ecology_fenced:transaction.backend_failure:SUCCESS	296512496450400
76	268485496	READY	false	false	-86401	253927	-3736	UNKNOWN	false	false	schedule_not_active:transaction.item_conflict_canonical:NATIVE_CONTEXT_REQUIRED	296512497385800
77	268485497	READY	false	false	119877	-202135	-3456	UNKNOWN	false	false	schedule_not_active:transaction.item_conflict_canonical:NATIVE_CONTEXT_REQUIRED	296512498173200
78	268485512	READY	false	false	-50077	-115763	-160	COMPLETED	true	false	schedule_not_active:transaction.backend_failure:SUCCESS	296512498921500
79	268485514	DEAD	true	false	-125531	37944	1176	COMPLETED	true	false	ecology_fenced:ecology.commit_pending:SUCCESS	296512499597900
80	268485528	READY	true	false	24496	9206	-3584	COMPLETED	true	false	ecology_fenced:transaction.backend_failure:SUCCESS	296512500416300
81	268485529	READY	false	false	24496	9206	-3584	COMPLETED	true	false	schedule_not_active:transaction.backend_failure:SUCCESS	296512501235400
82	268485546	READY	false	false	25308	13254	-3648	COMPLETED	true	false	schedule_not_active:transaction.backend_failure:SUCCESS	296512502181700
83	268485547	READY	true	false	24496	9206	-3584	COMPLETED	true	false	ecology_fenced:transaction.backend_failure:SUCCESS	296512503145900
84	268485562	READY	true	false	53398	63278	-3480	UNKNOWN	false	false	ecology_fenced:transaction.item_conflict_canonical:NATIVE_CONTEXT_REQUIRED	296512503983300
85	268485563	READY	false	false	119336	-180368	-2368	UNKNOWN	false	false	schedule_not_active:transaction.item_conflict_canonical:NATIVE_CONTEXT_REQUIRED	296512504640500
86	268485579	READY	false	false	-50077	-115763	-160	COMPLETED	true	false	schedule_not_active:ecology.persistence_or_runtime_failure:SUCCESS	296512505411300
87	268485580	INCONSISTENT	true	false	46045	41251	-3504	UNKNOWN	false	false	ecology_fenced:catchup.renewal.background_state_invalid:INCONSISTENT	296512505913900
88	268485596	READY	true	false	24496	9206	-3584	COMPLETED	true	false	ecology_fenced:transaction.backend_failure:SUCCESS	296512506914900
89	268485597	READY	false	false	-86401	253927	-3736	UNKNOWN	false	false	schedule_not_active:transaction.item_conflict_canonical:NATIVE_CONTEXT_REQUIRED	296512508025900
90	268485613	READY	false	false	48712	55466	-3464	COMPLETED	true	false	schedule_not_active:ecology.persistence_or_runtime_failure:SUCCESS	296512508987200
91	268485614	READY	false	false	-49106	-115854	-160	COMPLETED	true	false	schedule_not_active:transaction.backend_failure:SUCCESS	296512510214300
92	268485629	DEAD	true	false	-50077	-115763	-160	COMPLETED	true	false	ecology_fenced:ecology.commit_pending:SUCCESS	296512511085000
93	268485630	READY	true	false	119877	-202135	-3456	UNKNOWN	false	false	ecology_fenced:transaction.item_conflict_canonical:NATIVE_CONTEXT_REQUIRED	296512511733700
94	268485644	DEAD	false	false	24496	9206	-3584	COMPLETED	true	false	schedule_not_active:ecology.commit_pending:SUCCESS	296512512477900
95	268485645	DEAD	false	false	-86401	253927	-3736	COMPLETED	true	false	schedule_not_active:ecology.cursor_pending:SUCCESS	296512513293500
96	268485661	READY	true	false	-50077	-115763	-160	COMPLETED	true	false	ecology_fenced:transaction.backend_failure:SUCCESS	296512514222700
97	268485662	DEAD	true	false	-125615	37771	1176	COMPLETED	true	false	ecology_fenced:ecology.commit_pending:SUCCESS	296512514928200
98	268485679	READY	false	false	24496	9206	-3584	COMPLETED	true	false	schedule_not_active:transaction.backend_failure:SUCCESS	296512515769900
99	268485681	READY	false	false	-50077	-115763	-160	COMPLETED	true	false	schedule_not_active:transaction.backend_failure:SUCCESS	296512516540500
100	268485694	READY	true	false	119877	-202135	-3456	UNKNOWN	false	false	ecology_fenced:transaction.item_conflict_canonical:NATIVE_CONTEXT_REQUIRED	296512517218200
101	268485696	READY	true	false	51500	59679	-3368	UNKNOWN	false	false	ecology_fenced:transaction.item_conflict_canonical:NATIVE_CONTEXT_REQUIRED	296512517926700
102	268485710	READY	false	false	53398	63278	-3480	UNKNOWN	false	false	schedule_not_active:transaction.item_conflict_canonical:NATIVE_CONTEXT_REQUIRED	296512518749900
103	268485711	READY	false	false	-50077	-115763	-160	COMPLETED	true	false	schedule_not_active:ecology.persistence_or_runtime_failure:SUCCESS	296512519594900
104	268485727	DEAD	false	false	-125615	37771	1176	COMPLETED	true	false	schedule_not_active:ecology.commit_pending:SUCCESS	296512520430900
105	268485728	READY	true	false	24496	9206	-3584	COMPLETED	true	false	ecology_fenced:transaction.backend_failure:SUCCESS	296512521180600
106	268485746	DEAD	true	false	-86401	253927	-3736	COMPLETED	true	false	ecology_fenced:ecology.commit_pending:SUCCESS	296512522020400
107	268485747	DEAD	false	false	-86401	253927	-3736	COMPLETED	true	false	schedule_not_active:ecology.commit_pending:SUCCESS	296512522850300
108	268485762	DEAD	false	false	119877	-202135	-3456	COMPLETED	true	false	schedule_not_active:ecology.commit_pending:SUCCESS	296512523682100
109	268485763	DEAD	true	false	-86401	253927	-3736	COMPLETED	true	false	ecology_fenced:ecology.commit_pending:SUCCESS	296512524915600
110	268485779	READY	true	false	48712	55466	-3464	COMPLETED	true	false	ecology_fenced:farm.inventory_projection_refreshed:SUCCESS	296512526483500
111	268485780	READY	false	false	24496	9206	-3584	COMPLETED	true	false	schedule_not_active:transaction.backend_failure:SUCCESS	296512527671100
112	268485796	READY	false	false	24496	9206	-3584	COMPLETED	true	false	schedule_not_active:transaction.backend_failure:SUCCESS	296512528888900
113	268485797	DEAD	true	false	-86401	253927	-3736	COMPLETED	true	false	ecology_fenced:ecology.commit_pending:SUCCESS	296512529776500
114	268485812	READY	true	false	-50077	-115763	-160	COMPLETED	true	false	ecology_fenced:transaction.backend_failure:SUCCESS	296512530757000
115	268485813	DEAD	false	false	-50077	-115763	-160	COMPLETED	true	false	schedule_not_active:ecology.commit_pending:SUCCESS	296512531547900
116	268485826	DEAD	false	false	119877	-202135	-3456	COMPLETED	true	false	schedule_not_active:ecology.commit_pending:SUCCESS	296512532210100
117	268485827	DEAD	false	false	-86401	253927	-3736	COMPLETED	true	false	schedule_not_active:ecology.commit_pending:SUCCESS	296512532898100
118	268485843	READY	true	false	-49106	-115854	-160	COMPLETED	true	false	ecology_fenced:transaction.backend_failure:SUCCESS	296512533642300
119	268485844	DEAD	true	false	-86401	253927	-3736	COMPLETED	true	false	ecology_fenced:ecology.commit_pending:SUCCESS	296512534319500
120	268485858	DEAD	false	false	24496	9206	-3584	COMPLETED	true	false	schedule_not_active:ecology.commit_pending:SUCCESS	296512535210600
121	268485859	DEAD	false	false	-86401	253927	-3736	COMPLETED	true	false	schedule_not_active:ecology.commit_pending:SUCCESS	296512536080500
122	268485873	READY	true	false	-86401	253927	-3736	UNKNOWN	false	false	ecology_fenced:transaction.item_conflict_canonical:NATIVE_CONTEXT_REQUIRED	296512536904300
123	268485874	DEAD	true	false	-86401	253927	-3736	COMPLETED	true	false	ecology_fenced:ecology.commit_pending:SUCCESS	296512537659500
124	268485887	READY	false	false	24496	9206	-3584	COMPLETED	true	false	schedule_not_active:transaction.backend_failure:SUCCESS	296512538541200
125	268485889	DEAD	false	false	-125615	37771	1176	COMPLETED	true	false	schedule_not_active:ecology.commit_pending:SUCCESS	296512539357400
126	268485907	DEAD	true	false	-86401	253927	-3736	COMPLETED	true	false	ecology_fenced:ecology.commit_pending:SUCCESS	296512540349800
127	268485908	READY	true	false	51500	59679	-3368	UNKNOWN	false	false	ecology_fenced:transaction.item_conflict_canonical:NATIVE_CONTEXT_REQUIRED	296512541440900
128	268485926	READY	true	false	-50077	-115763	-160	COMPLETED	true	false	ecology_fenced:transaction.backend_failure:SUCCESS	296512543057600
129	268485927	INCONSISTENT	false	false	44126	42751	-3488	UNKNOWN	false	false	schedule_not_active:catchup.renewal.background_state_invalid:INCONSISTENT	296512543547100
130	268485941	READY	false	false	24496	9206	-3584	COMPLETED	true	false	schedule_not_active:transaction.backend_failure:SUCCESS	296512544695600
131	268485942	READY	true	false	119877	-202135	-3456	UNKNOWN	false	false	ecology_fenced:transaction.item_conflict_canonical:NATIVE_CONTEXT_REQUIRED	296512545435500
132	268485957	READY	true	false	24496	9206	-3584	COMPLETED	true	false	ecology_fenced:transaction.backend_failure:SUCCESS	296512546181000
133	268485959	DEAD	false	false	-86401	253927	-3736	COMPLETED	true	false	schedule_not_active:ecology.commit_pending:SUCCESS	296512547157100
134	268485973	DEAD	false	false	-86401	253927	-3736	COMPLETED	true	false	schedule_not_active:ecology.commit_pending:SUCCESS	296512548058400
135	268485974	DEAD	true	false	54714	51620	-3592	COMPLETED	true	false	ecology_fenced:transaction.native_context_required:SUCCESS	296512548835400
136	268485989	DEAD	true	false	53398	63278	-3480	COMPLETED	true	false	ecology_fenced:transaction.native_context_required:SUCCESS	296512549535400
137	268485990	DEAD	false	false	-125517	38267	1176	COMPLETED	true	false	schedule_not_active:ecology.commit_pending:SUCCESS	296512550478900
138	268486010	DEAD	false	false	-86401	253927	-3736	COMPLETED	true	false	schedule_not_active:ecology.commit_pending:SUCCESS	296512551273300
139	268486012	READY	true	false	130094	-209377	-3552	UNKNOWN	false	false	ecology_fenced:transaction.item_conflict_canonical:NATIVE_CONTEXT_REQUIRED	296512552115600
140	268486026	READY	true	false	-50077	-115763	-160	COMPLETED	true	false	ecology_fenced:transaction.backend_failure:SUCCESS	296512553019200
141	268486027	READY	true	false	-50077	-115763	-160	COMPLETED	true	false	ecology_fenced:transaction.backend_failure:SUCCESS	296512554040500
142	268486041	READY	false	false	48712	55466	-3464	COMPLETED	false	false	schedule_not_active:ecology.cursor_pending:SUCCESS	296512554766100
143	268486042	DEAD	false	false	-50077	-115763	-160	COMPLETED	true	false	schedule_not_active:ecology.cursor_pending:SUCCESS	296512555780100
144	268486058	READY	true	false	52710	55450	-3320	UNKNOWN	false	false	ecology_fenced:transaction.item_conflict_canonical:NATIVE_CONTEXT_REQUIRED	296512556697400
145	268486059	READY	true	false	-125472	38450	1176	COMPLETED	true	false	ecology_fenced:ecology.cursor_pending:SUCCESS	296512558377600
146	268486074	DEAD	false	false	-125531	37944	1176	COMPLETED	true	false	schedule_not_active:ecology.cursor_pending:SUCCESS	296512560013200
147	268486075	DEAD	false	false	-125472	38450	1176	COMPLETED	true	false	schedule_not_active:ecology.cursor_pending:SUCCESS	296512561314200
148	268486091	READY	true	false	-90072	248328	-3568	COMPLETED	false	false	ecology_fenced:ecology.cursor_pending:SUCCESS	296512562138900
149	268486093	READY	true	false	24496	9206	-3584	COMPLETED	true	false	ecology_fenced:transaction.backend_failure:SUCCESS	296512562903800
150	268486108	READY	false	false	-86401	253927	-3736	UNKNOWN	false	false	schedule_not_active:transaction.item_conflict_canonical:NATIVE_CONTEXT_REQUIRED	296512563790200
151	268486109	INCONSISTENT	false	false	44126	42751	-3488	UNKNOWN	false	false	schedule_not_active:ecology.cursor_pending:INCONSISTENT	296512564171800
152	268486123	READY	true	false	-90072	248328	-3568	COMPLETED	false	false	ecology_fenced:ecology.cursor_pending:SUCCESS	296512564951200
153	268486125	READY	true	false	-90072	248328	-3568	COMPLETED	false	false	ecology_fenced:ecology.cursor_pending:SUCCESS	296512565651500
154	268486140	READY	true	false	130094	-209377	-3552	COMPLETED	true	false	ecology_fenced:farm.inventory_projection_refreshed:SUCCESS	296512566486500
155	268486141	DEAD	false	false	-86401	253927	-3736	COMPLETED	true	false	schedule_not_active:ecology.cursor_pending:SUCCESS	296512567283700
156	268486155	READY	false	false	-86401	253927	-3736	UNKNOWN	false	false	schedule_not_active:transaction.item_conflict_canonical:NATIVE_CONTEXT_REQUIRED	296512568054500
157	268486156	READY	true	false	24496	9206	-3584	COMPLETED	true	false	ecology_fenced:transaction.backend_failure:SUCCESS	296512569086600
158	268486170	READY	true	false	24496	9206	-3584	COMPLETED	true	false	ecology_fenced:transaction.backend_failure:SUCCESS	296512570092200
159	268486171	READY	false	false	-86401	253927	-3736	UNKNOWN	false	false	schedule_not_active:transaction.item_conflict_canonical:NATIVE_CONTEXT_REQUIRED	296512571105400
160	268486186	INCONSISTENT	false	false	44126	42751	-3488	UNKNOWN	false	false	schedule_not_active:ecology.cursor_pending:INCONSISTENT	296512571588600
161	268486187	READY	true	false	-86401	253927	-3736	UNKNOWN	false	false	ecology_fenced:transaction.item_conflict_canonical:NATIVE_CONTEXT_REQUIRED	296512572964100
162	268486200	READY	true	false	119877	-202135	-3456	UNKNOWN	false	false	ecology_fenced:transaction.item_conflict_canonical:NATIVE_CONTEXT_REQUIRED	296512574359500
163	268486202	DEAD	false	false	-125607	38452	1176	COMPLETED	true	false	schedule_not_active:ecology.cursor_pending:SUCCESS	296512576219700
164	268486219	DEAD	false	false	-50077	-115763	-160	COMPLETED	true	false	schedule_not_active:ecology.cursor_pending:SUCCESS	296512577785600
165	268486221	READY	true	false	53398	63278	-3480	UNKNOWN	false	false	ecology_fenced:transaction.item_conflict_canonical:NATIVE_CONTEXT_REQUIRED	296512578754200
166	268486237	READY	true	false	-50077	-115763	-160	COMPLETED	true	false	ecology_fenced:ecology.persistence_or_runtime_failure:SUCCESS	296512579975900
167	268486238	READY	true	false	48712	55466	-3464	COMPLETED	true	false	ecology_fenced:ecology.persistence_or_runtime_failure:SUCCESS	296512581127200
168	268486253	READY	false	false	24496	9206	-3584	COMPLETED	true	false	schedule_not_active:transaction.backend_failure:SUCCESS	296512582094500
169	268486254	DEAD	false	false	-125472	38450	1176	COMPLETED	true	false	schedule_not_active:ecology.cursor_pending:SUCCESS	296512582752900
170	268486269	READY	true	false	-49106	-115854	-160	COMPLETED	true	false	ecology_fenced:ecology.persistence_or_runtime_failure:SUCCESS	296512583514600
171	268486271	READY	true	false	-125472	38450	1176	COMPLETED	true	false	ecology_fenced:ecology.cursor_pending:SUCCESS	296512584188600
172	268486288	DEAD	false	false	-86401	253927	-3736	COMPLETED	true	false	schedule_not_active:ecology.commit_pending:SUCCESS	296512585862300
173	268486289	DEAD	false	false	-86401	253927	-3736	COMPLETED	true	false	schedule_not_active:ecology.cursor_pending:SUCCESS	296512586998500
174	268486302	READY	true	false	-86401	253927	-3736	UNKNOWN	false	false	ecology_fenced:transaction.item_conflict_canonical:NATIVE_CONTEXT_REQUIRED	296512587892300
175	268486304	DEAD	true	false	52710	55450	-3320	COMPLETED	true	false	ecology_fenced:transaction.native_context_required:SUCCESS	296512588744700
176	268486321	DEAD	false	false	-49106	-115854	-160	COMPLETED	true	false	schedule_not_active:ecology.cursor_pending:SUCCESS	296512589627700
177	268486323	READY	false	false	119336	-180368	-2368	UNKNOWN	false	false	schedule_not_active:transaction.item_conflict_canonical:NATIVE_CONTEXT_REQUIRED	296512590527000
178	268486338	READY	false	false	-86401	253927	-3736	UNKNOWN	false	false	schedule_not_active:transaction.item_conflict_canonical:NATIVE_CONTEXT_REQUIRED	296512591566100
179	268486340	READY	true	false	24496	9206	-3584	COMPLETED	true	false	ecology_fenced:transaction.backend_failure:SUCCESS	296512592922300
180	268486357	READY	true	false	-90072	248328	-3568	COMPLETED	false	false	ecology_fenced:catchup.travel.no_route:SUCCESS	296512594054000
181	268486359	READY	false	false	-50077	-115763	-160	COMPLETED	true	false	schedule_not_active:ecology.persistence_or_runtime_failure:SUCCESS	296512595007600
182	268486374	DEAD	false	false	26607	63533	-3552	COMPLETED	true	false	schedule_not_active:ecology.cursor_pending:SUCCESS	296512595952800
183	268486376	READY	true	false	51500	59679	-3368	UNKNOWN	false	false	ecology_fenced:transaction.item_conflict_canonical:NATIVE_CONTEXT_REQUIRED	296512596980100
184	268486391	READY	true	false	-125531	37944	1176	COMPLETED	true	false	ecology_fenced:ecology.cursor_pending:SUCCESS	296512597906300
185	268486392	READY	false	false	119336	-180368	-2368	UNKNOWN	false	false	schedule_not_active:transaction.item_conflict_canonical:NATIVE_CONTEXT_REQUIRED	296512598985000
186	268486408	READY	false	false	-50077	-115763	-160	COMPLETED	true	false	schedule_not_active:ecology.persistence_or_runtime_failure:SUCCESS	296512599768400
187	268486410	READY	true	false	46045	41251	-3504	COMPLETED	false	false	ecology_fenced:ecology.preparation_capacity:SUCCESS	296512600678500
188	268486426	READY	true	false	24496	9206	-3584	COMPLETED	true	false	ecology_fenced:transaction.backend_failure:SUCCESS	296512601652800
189	268486429	DEAD	false	false	54714	51620	-3592	COMPLETED	true	false	schedule_not_active:ecology.cursor_pending:SUCCESS	296512602652700
190	268486444	READY	false	false	48712	55466	-3464	COMPLETED	true	false	schedule_not_active:ecology.persistence_or_runtime_failure:SUCCESS	296512603663500
191	268486452	READY	false	false	24496	9206	-3584	COMPLETED	true	false	schedule_not_active:transaction.backend_failure:SUCCESS	296512604786900
192	268486461	READY	true	false	-125517	38267	1176	COMPLETED	true	false	ecology_fenced:ecology.cursor_pending:SUCCESS	296512605662100
193	268486469	READY	true	false	115569	-177722	-896	COMPLETED	false	false	ecology_fenced:catchup.travel.no_route:SUCCESS	296512606746500
194	268486484	READY	false	false	24496	9206	-3584	COMPLETED	true	false	schedule_not_active:transaction.backend_failure:SUCCESS	296512608005600
195	268486492	DEAD	false	false	-86401	253927	-3736	COMPLETED	true	false	schedule_not_active:ecology.cursor_pending:SUCCESS	296512609395300
196	268486500	READY	true	false	24496	9206	-3584	COMPLETED	true	false	ecology_fenced:transaction.backend_failure:SUCCESS	296512610869200
197	268486508	READY	true	false	24496	9206	-3584	COMPLETED	true	false	ecology_fenced:transaction.backend_failure:SUCCESS	296512612075500
198	268486517	READY	false	false	-86401	253927	-3736	UNKNOWN	false	false	schedule_not_active:transaction.item_conflict_canonical:NATIVE_CONTEXT_REQUIRED	296512613177800
199	268486524	DEAD	false	false	-50077	-115763	-160	COMPLETED	true	false	schedule_not_active:ecology.cursor_pending:SUCCESS	296512614584200
200	268486534	READY	true	false	119336	-180368	-2368	UNKNOWN	false	false	ecology_fenced:transaction.item_conflict_canonical:NATIVE_CONTEXT_REQUIRED	296512615657100
201	268486536	READY	true	false	-90072	248328	-3568	COMPLETED	false	false	ecology_fenced:catchup.travel.no_route:SUCCESS	296512616609000
202	268486552	DEAD	false	false	-125517	38267	1176	COMPLETED	true	false	schedule_not_active:ecology.commit_pending:SUCCESS	296512617694100
203	268486553	READY	false	false	24496	9206	-3584	COMPLETED	true	false	schedule_not_active:transaction.backend_failure:SUCCESS	296512618901500
204	268486568	DEAD	false	false	-86401	253927	-3736	COMPLETED	true	false	schedule_not_active:ecology.cursor_pending:SUCCESS	296512620144400
205	268486569	READY	true	false	24496	9206	-3584	COMPLETED	true	false	ecology_fenced:transaction.backend_failure:SUCCESS	296512621375600
206	268486584	READY	true	false	51500	59679	-3368	UNKNOWN	false	false	ecology_fenced:transaction.item_conflict_canonical:NATIVE_CONTEXT_REQUIRED	296512622496700
207	268486585	DEAD	false	false	-50077	-115763	-160	COMPLETED	true	false	schedule_not_active:ecology.cursor_pending:SUCCESS	296512623694800
208	268486599	READY	false	false	119336	-180368	-2368	UNKNOWN	false	false	schedule_not_active:transaction.item_conflict_canonical:NATIVE_CONTEXT_REQUIRED	296512625047100
209	268486605	READY	true	false	-90072	248328	-3568	COMPLETED	false	false	ecology_fenced:catchup.travel.no_route:SUCCESS	296512626650100
210	268486621	READY	true	false	-90072	248328	-3568	COMPLETED	false	false	ecology_fenced:ecology.cursor_pending:SUCCESS	296512628154600
211	268486622	DEAD	false	false	51500	59679	-3368	COMPLETED	true	false	schedule_not_active:ecology.cursor_pending:SUCCESS	296512629185900
212	268486637	READY	false	false	24496	9206	-3584	COMPLETED	true	false	schedule_not_active:transaction.backend_failure:SUCCESS	296512630360700
213	268486638	READY	true	false	24496	9206	-3584	COMPLETED	true	false	ecology_fenced:transaction.backend_failure:SUCCESS	296512631748600
214	268486652	READY	true	false	-50077	-115763	-160	COMPLETED	true	false	ecology_fenced:transaction.backend_failure:SUCCESS	296512633023900
215	268486654	DEAD	false	false	-49106	-115854	-160	COMPLETED	true	false	schedule_not_active:ecology.cursor_pending:SUCCESS	296512634088400
216	268486667	READY	false	false	119877	-202135	-3456	UNKNOWN	false	false	schedule_not_active:transaction.item_conflict_canonical:NATIVE_CONTEXT_REQUIRED	296512635191900
217	268486668	DEAD	false	false	-50077	-115763	-160	COMPLETED	true	false	schedule_not_active:ecology.commit_pending:SUCCESS	296512636557500
218	268486682	READY	true	false	51500	59679	-3368	UNKNOWN	false	false	ecology_fenced:transaction.item_conflict_canonical:NATIVE_CONTEXT_REQUIRED	296512637777200
219	268486683	READY	true	false	24496	9206	-3584	COMPLETED	true	false	ecology_fenced:transaction.backend_failure:SUCCESS	296512639338000
220	268486696	DEAD	false	false	52710	55450	-3320	COMPLETED	true	false	schedule_not_active:ecology.cursor_pending:SUCCESS	296512640606300
221	268486698	READY	false	false	24496	9206	-3584	COMPLETED	true	false	schedule_not_active:transaction.backend_failure:SUCCESS	296512641982200
222	268486714	READY	true	false	52710	55450	-3320	UNKNOWN	false	false	ecology_fenced:transaction.item_conflict_canonical:NATIVE_CONTEXT_REQUIRED	296512643459500
223	268486716	READY	true	false	-90072	248328	-3568	COMPLETED	false	false	ecology_fenced:catchup.travel.no_route:SUCCESS	296512644816700
224	268486731	READY	false	false	24496	9206	-3584	COMPLETED	true	false	schedule_not_active:transaction.backend_failure:SUCCESS	296512645882800
225	268486732	READY	false	false	-86401	253927	-3736	UNKNOWN	false	false	schedule_not_active:transaction.item_conflict_canonical:NATIVE_CONTEXT_REQUIRED	296512646863000
226	268486765	READY	true	false	24496	9206	-3584	COMPLETED	true	false	ecology_fenced:transaction.backend_failure:SUCCESS	296512648610600
227	268486767	READY	true	false	48712	55466	-3464	UNKNOWN	false	false	ecology_fenced:transaction.item_conflict_canonical:NATIVE_CONTEXT_REQUIRED	296512650594500
228	268486781	READY	true	false	24496	9206	-3584	COMPLETED	true	false	ecology_fenced:transaction.backend_failure:SUCCESS	296512652506100
229	268486783	INCONSISTENT	false	false	44126	42751	-3488	UNKNOWN	false	false	schedule_not_active:ecology.cursor_pending:INCONSISTENT	296512653569500
230	268486796	DEAD	false	false	-86401	253927	-3736	COMPLETED	true	false	schedule_not_active:ecology.cursor_pending:SUCCESS	296512654691200
231	268486797	READY	true	false	119877	-202135	-3456	UNKNOWN	false	false	ecology_fenced:transaction.item_conflict_canonical:NATIVE_CONTEXT_REQUIRED	296512655746600
232	268486812	READY	true	false	-125607	38452	1176	COMPLETED	true	false	ecology_fenced:ecology.cursor_pending:SUCCESS	296512656903200
233	268486813	DEAD	false	false	-50077	-115763	-160	COMPLETED	true	false	schedule_not_active:ecology.commit_pending:SUCCESS	296512658414300
234	268486827	READY	false	false	-50077	-115763	-160	COMPLETED	true	false	schedule_not_active:ecology.persistence_or_runtime_failure:SUCCESS	296512660133100
235	268486828	READY	true	false	-90072	248328	-3568	COMPLETED	false	false	ecology_fenced:catchup.travel.no_route:SUCCESS	296512661875300
236	268486843	READY	true	false	24496	9206	-3584	COMPLETED	true	false	ecology_fenced:transaction.backend_failure:SUCCESS	296512663201800
237	268486844	DEAD	false	false	-86401	253927	-3736	COMPLETED	true	false	schedule_not_active:ecology.cursor_pending:SUCCESS	296512664379000
238	268486859	DEAD	false	false	-86401	253927	-3736	COMPLETED	true	false	schedule_not_active:ecology.cursor_pending:SUCCESS	296512665703500
239	268486860	READY	true	false	119336	-180368	-2368	UNKNOWN	false	false	ecology_fenced:transaction.item_conflict_canonical:NATIVE_CONTEXT_REQUIRED	296512666852900
240	268486875	READY	true	false	-125531	37944	1176	COMPLETED	true	false	ecology_fenced:ecology.cursor_pending:SUCCESS	296512668048900
241	268486876	READY	true	false	-86401	253927	-3736	UNKNOWN	false	false	ecology_fenced:transaction.item_conflict_canonical:NATIVE_CONTEXT_REQUIRED	296512669584200
242	268486893	INCONSISTENT	false	false	44126	42751	-3488	UNKNOWN	false	false	schedule_not_active:ecology.cursor_pending:INCONSISTENT	296512670556300
243	268486894	READY	false	false	-50077	-115763	-160	COMPLETED	true	false	schedule_not_active:ecology.persistence_or_runtime_failure:SUCCESS	296512671911000
244	268486908	READY	true	false	-86401	253927	-3736	UNKNOWN	false	false	ecology_fenced:transaction.item_conflict_canonical:NATIVE_CONTEXT_REQUIRED	296512673049900
245	268486909	READY	true	false	-125531	37944	1176	COMPLETED	true	false	ecology_fenced:ecology.cursor_pending:SUCCESS	296512674401800
246	268486925	DEAD	false	false	-125517	38267	1176	COMPLETED	true	false	schedule_not_active:ecology.commit_pending:SUCCESS	296512676189900
247	268486926	READY	false	false	24496	9206	-3584	COMPLETED	true	false	schedule_not_active:transaction.backend_failure:SUCCESS	296512677952700
248	268486942	READY	true	false	24496	9206	-3584	COMPLETED	true	false	ecology_fenced:transaction.backend_failure:SUCCESS	296512679295900
249	268486943	READY	true	false	-86401	253927	-3736	UNKNOWN	false	false	ecology_fenced:transaction.item_conflict_canonical:NATIVE_CONTEXT_REQUIRED	296512680314800
250	268486958	DEAD	false	false	24496	9206	-3584	COMPLETED	true	false	schedule_not_active:ecology.cursor_pending:SUCCESS	296512681841100
251	268486960	DEAD	false	false	-86401	253927	-3736	COMPLETED	true	false	schedule_not_active:ecology.cursor_pending:SUCCESS	296512683421500
252	268486976	DEAD	true	false	26607	63533	-3552	COMPLETED	true	false	ecology_fenced:transaction.native_context_required:SUCCESS	296512684834700
253	268486977	READY	true	false	-49106	-115854	-160	COMPLETED	true	false	ecology_fenced:transaction.backend_failure:SUCCESS	296512686108200
254	268486991	READY	true	false	115758	-182753	-1448	COMPLETED	false	false	ecology_fenced:catchup.travel.no_route:SUCCESS	296512687377700
255	268486993	READY	false	false	-50077	-115763	-160	COMPLETED	true	false	schedule_not_active:transaction.backend_failure:SUCCESS	296512688680100
256	268487008	READY	false	false	-50077	-115763	-160	COMPLETED	true	false	schedule_not_active:transaction.backend_failure:SUCCESS	296512690144600
257	268487010	DEAD	true	false	-125517	38267	1176	COMPLETED	false	false	ecology_fenced:native_context.required:accepted:SUCCESS	296512691393100
258	268487024	READY	true	false	24496	9206	-3584	COMPLETED	true	false	ecology_fenced:transaction.backend_failure:SUCCESS	296512693211000
259	268487026	READY	false	false	-86401	253927	-3736	UNKNOWN	false	false	schedule_not_active:transaction.item_conflict_canonical:NATIVE_CONTEXT_REQUIRED	296512694438200
260	268487041	READY	false	false	51500	59679	-3368	COMPLETED	true	false	schedule_not_active:farm.inventory_projection_refreshed:SUCCESS	296512695357200
261	268487042	READY	true	false	-125464	37776	1176	COMPLETED	true	false	ecology_fenced:ecology.cursor_pending:SUCCESS	296512696249800
262	268487056	READY	true	false	115569	-177722	-896	COMPLETED	false	false	ecology_fenced:catchup.travel.no_route:SUCCESS	296512697301500
263	268487057	DEAD	false	false	-125607	38452	1176	COMPLETED	true	false	schedule_not_active:ecology.cursor_pending:SUCCESS	296512698746800
264	268487074	READY	false	false	-86401	253927	-3736	UNKNOWN	false	false	schedule_not_active:transaction.item_conflict_canonical:NATIVE_CONTEXT_REQUIRED	296512700082600
265	268487076	DEAD	true	false	-125464	37776	1176	COMPLETED	true	false	ecology_fenced:ecology.commit_pending:SUCCESS	296512701552500
266	268487092	READY	true	false	24496	9206	-3584	COMPLETED	true	false	ecology_fenced:transaction.backend_failure:SUCCESS	296512702963900
267	268487093	READY	true	false	24496	9206	-3584	COMPLETED	true	false	ecology_fenced:transaction.backend_failure:SUCCESS	296512704358900
268	268487109	READY	false	false	-86401	253927	-3736	UNKNOWN	false	false	schedule_not_active:transaction.item_conflict_canonical:NATIVE_CONTEXT_REQUIRED	296512705463200
269	268487111	DEAD	false	false	-86401	253927	-3736	COMPLETED	true	false	schedule_not_active:ecology.cursor_pending:SUCCESS	296512706674700
270	268487126	READY	true	false	-125615	37771	1176	COMPLETED	true	false	ecology_fenced:ecology.cursor_pending:SUCCESS	296512707908500
271	268487127	READY	true	false	-50077	-115763	-160	COMPLETED	true	false	ecology_fenced:ecology.persistence_or_runtime_failure:SUCCESS	296512709382700
272	268487143	DEAD	false	false	51500	59679	-3368	COMPLETED	true	false	schedule_not_active:transaction.native_context_required:SUCCESS	296512710881500
273	268487144	READY	false	false	-50077	-115763	-160	COMPLETED	true	false	schedule_not_active:ecology.persistence_or_runtime_failure:SUCCESS	296512711990700
274	268487159	READY	true	false	-90072	248328	-3568	COMPLETED	false	false	ecology_fenced:catchup.travel.no_route:SUCCESS	296512713084800
275	268487160	READY	true	false	46045	41251	-3504	COMPLETED	false	false	ecology_fenced:ecology.preparation_capacity:SUCCESS	296512714049800
276	268487174	READY	false	false	48712	55466	-3464	COMPLETED	true	false	schedule_not_active:ecology.persistence_or_runtime_failure:SUCCESS	296512715206800
277	268487175	DEAD	false	false	130094	-209377	-3552	COMPLETED	true	false	schedule_not_active:ecology.cursor_pending:SUCCESS	296512716443600
278	268487193	DEAD	false	false	48712	55466	-3464	COMPLETED	true	false	schedule_not_active:transaction.native_context_required:SUCCESS	296512717469000
279	268487194	READY	true	false	24496	9206	-3584	COMPLETED	true	false	ecology_fenced:transaction.backend_failure:SUCCESS	296512718762200
280	268487209	READY	true	false	24496	9206	-3584	COMPLETED	true	false	ecology_fenced:transaction.backend_failure:SUCCESS	296512719838900
281	268487210	DEAD	false	false	52710	55450	-3320	COMPLETED	true	false	schedule_not_active:transaction.native_context_required:SUCCESS	296512720737500
282	268487231	READY	false	false	-86401	253927	-3736	UNKNOWN	false	false	schedule_not_active:transaction.item_conflict_canonical:NATIVE_CONTEXT_REQUIRED	296512721728300
283	268487232	READY	true	false	24496	9206	-3584	COMPLETED	true	false	ecology_fenced:transaction.backend_failure:SUCCESS	296512722707900
284	268487247	READY	true	false	-90072	248328	-3568	COMPLETED	false	false	ecology_fenced:catchup.travel.no_route:SUCCESS	296512723641100
285	268487248	READY	false	false	119336	-180368	-2368	UNKNOWN	false	false	schedule_not_active:transaction.item_conflict_canonical:NATIVE_CONTEXT_REQUIRED	296512724916200
286	268487264	READY	false	false	-50077	-115763	-160	COMPLETED	true	false	schedule_not_active:transaction.backend_failure:SUCCESS	296512726289200
287	268487265	DEAD	true	false	-125615	37771	1176	COMPLETED	false	false	ecology_fenced:native_context.required:accepted:SUCCESS	296512727355000
288	268487280	DEAD	true	false	-125607	38452	1176	COMPLETED	false	false	ecology_fenced:native_context.required:accepted:SUCCESS	296512728304100
289	268487281	DEAD	false	false	24496	9206	-3584	COMPLETED	true	false	schedule_not_active:ecology.cursor_pending:SUCCESS	296512729371000
290	268487298	READY	false	false	-86401	253927	-3736	UNKNOWN	false	false	schedule_not_active:transaction.item_conflict_canonical:NATIVE_CONTEXT_REQUIRED	296512730610300
291	268487300	DEAD	false	false	-86401	253927	-3736	COMPLETED	true	false	schedule_not_active:ecology.commit_pending:SUCCESS	296512731498700
292	268487314	READY	true	false	-90072	248328	-3568	COMPLETED	false	false	ecology_fenced:catchup.travel.no_route:SUCCESS	296512732476300
293	268487315	READY	true	false	119336	-180368	-2368	UNKNOWN	false	false	ecology_fenced:transaction.item_conflict_canonical:NATIVE_CONTEXT_REQUIRED	296512733294800
294	268487330	DEAD	false	false	52710	55450	-3320	COMPLETED	true	false	schedule_not_active:ecology.cursor_pending:SUCCESS	296512734203600
295	268487332	DEAD	false	false	-86401	253927	-3736	COMPLETED	true	false	schedule_not_active:ecology.commit_pending:SUCCESS	296512735080100
296	268487347	READY	true	false	-86401	253927	-3736	COMPLETED	true	false	ecology_fenced:ecology.persistence_or_runtime_failure:SUCCESS	296512735946700
297	268487349	DEAD	true	false	-125531	37944	1176	COMPLETED	false	false	ecology_fenced:native_context.required:accepted:SUCCESS	296512736945000
298	268487363	DEAD	false	false	24496	9206	-3584	COMPLETED	true	false	schedule_not_active:ecology.cursor_pending:SUCCESS	296512737873400
299	268487364	DEAD	false	false	-50077	-115763	-160	COMPLETED	true	false	schedule_not_active:ecology.commit_pending:SUCCESS	296512738828600
300	268487378	READY	true	false	115488	-179664	-888	COMPLETED	false	false	ecology_fenced:catchup.travel.no_route:SUCCESS	296512739804000
301	268487379	READY	true	false	-84312	252645	-3664	UNKNOWN	false	false	ecology_fenced:transaction.item_conflict_canonical:NATIVE_CONTEXT_REQUIRED	296512740888500
302	268487394	DEAD	false	false	-86401	253927	-3736	COMPLETED	true	false	schedule_not_active:ecology.cursor_pending:SUCCESS	296512742170200
303	268487395	READY	false	false	-50077	-115763	-160	COMPLETED	true	false	schedule_not_active:transaction.backend_failure:SUCCESS	296512743447600
304	268487410	READY	false	false	51500	59679	-3368	UNKNOWN	false	false	schedule_not_active:transaction.item_conflict_canonical:NATIVE_CONTEXT_REQUIRED	296512744321100
305	268487411	READY	true	false	52710	55450	-3320	UNKNOWN	false	false	ecology_fenced:transaction.item_conflict_canonical:NATIVE_CONTEXT_REQUIRED	296512745158500
306	268487426	READY	true	false	24496	9206	-3584	COMPLETED	true	false	ecology_fenced:transaction.backend_failure:SUCCESS	296512746001400
307	268487427	READY	false	false	24496	9206	-3584	COMPLETED	true	false	schedule_not_active:transaction.backend_failure:SUCCESS	296512746975700
308	268487442	READY	false	false	119336	-180368	-2368	UNKNOWN	false	false	schedule_not_active:transaction.item_conflict_canonical:NATIVE_CONTEXT_REQUIRED	296512748040300
309	268487443	READY	true	false	52710	55450	-3320	UNKNOWN	false	false	ecology_fenced:transaction.item_conflict_canonical:NATIVE_CONTEXT_REQUIRED	296512748826000
310	268487459	READY	true	false	24496	9206	-3584	COMPLETED	true	false	ecology_fenced:transaction.backend_failure:SUCCESS	296512749723300
311	268487460	DEAD	false	false	-125531	37944	1176	COMPLETED	true	false	schedule_not_active:ecology.cursor_pending:SUCCESS	296512750891500
312	268487476	READY	false	false	-86401	253927	-3736	UNKNOWN	false	false	schedule_not_active:transaction.item_conflict_canonical:NATIVE_CONTEXT_REQUIRED	296512752073300
313	268487478	READY	true	false	-84312	252645	-3664	UNKNOWN	false	false	ecology_fenced:transaction.item_conflict_canonical:NATIVE_CONTEXT_REQUIRED	296512753325600
314	268487494	READY	true	false	24496	9206	-3584	COMPLETED	true	false	ecology_fenced:transaction.backend_failure:SUCCESS	296512754615700
315	268487495	DEAD	false	false	-86401	253927	-3736	COMPLETED	true	false	schedule_not_active:ecology.cursor_pending:SUCCESS	296512755701900
316	268487510	READY	false	false	119336	-180368	-2368	UNKNOWN	false	false	schedule_not_active:transaction.item_conflict_canonical:NATIVE_CONTEXT_REQUIRED	296512756879200
317	268487511	READY	false	false	-50077	-115763	-160	COMPLETED	true	false	schedule_not_active:ecology.persistence_or_runtime_failure:SUCCESS	296512758243200
318	268487526	READY	true	false	-125615	37771	1176	COMPLETED	true	false	ecology_fenced:ecology.cursor_pending:SUCCESS	296512759689400
319	268487527	READY	true	false	24496	9206	-3584	COMPLETED	true	false	ecology_fenced:transaction.backend_failure:SUCCESS	296512761251600
320	268487542	READY	false	false	-86401	253927	-3736	UNKNOWN	false	false	schedule_not_active:transaction.item_conflict_canonical:NATIVE_CONTEXT_REQUIRED	296512762377600
321	268487544	INCONSISTENT	false	false	44126	42751	-3488	UNKNOWN	false	false	schedule_not_active:ecology.cursor_pending:INCONSISTENT	296512762897700
322	268487559	READY	true	false	-125615	37771	1176	COMPLETED	true	false	ecology_fenced:ecology.cursor_pending:SUCCESS	296512764130600
323	268487561	READY	true	false	-50077	-115763	-160	COMPLETED	true	false	ecology_fenced:transaction.backend_failure:SUCCESS	296512765485800
324	268487577	READY	false	false	-49106	-115854	-160	COMPLETED	true	false	schedule_not_active:ecology.persistence_or_runtime_failure:SUCCESS	296512766925100
325	268487578	READY	false	false	-86401	253927	-3736	UNKNOWN	false	false	schedule_not_active:transaction.item_conflict_canonical:NATIVE_CONTEXT_REQUIRED	296512768118600
326	268487594	DEAD	true	false	-50077	-115763	-160	COMPLETED	false	false	ecology_fenced:native_context.required:accepted:SUCCESS	296512769489200
327	268487595	READY	true	false	53398	63278	-3480	UNKNOWN	false	false	ecology_fenced:transaction.item_conflict_canonical:NATIVE_CONTEXT_REQUIRED	296512770936100
328	268487608	READY	true	false	-90072	248328	-3568	COMPLETED	false	false	ecology_fenced:catchup.travel.no_route:SUCCESS	296512772302000
329	268487609	DEAD	false	false	-86401	253927	-3736	COMPLETED	true	false	schedule_not_active:ecology.cursor_pending:SUCCESS	296512773535200
330	268487624	DEAD	false	false	-86401	253927	-3736	COMPLETED	true	false	schedule_not_active:ecology.commit_pending:SUCCESS	296512775322000
331	268487626	READY	true	false	119877	-202135	-3456	UNKNOWN	false	false	ecology_fenced:transaction.item_conflict_canonical:NATIVE_CONTEXT_REQUIRED	296512777203900
332	268487642	READY	true	false	24496	9206	-3584	COMPLETED	true	false	ecology_fenced:transaction.backend_failure:SUCCESS	296512778558500
333	268487643	DEAD	false	false	-86401	253927	-3736	COMPLETED	true	false	schedule_not_active:ecology.cursor_pending:SUCCESS	296512779529400
334	268487658	READY	false	false	48712	55466	-3464	COMPLETED	true	false	schedule_not_active:ecology.persistence_or_runtime_failure:SUCCESS	296512780644900
335	268487659	READY	true	false	-50077	-115763	-160	COMPLETED	true	false	ecology_fenced:transaction.backend_failure:SUCCESS	296512781917500
336	268487676	READY	true	false	51500	59679	-3368	UNKNOWN	false	false	ecology_fenced:transaction.item_conflict_canonical:NATIVE_CONTEXT_REQUIRED	296512782853500
337	268487677	DEAD	false	false	-125517	38267	1176	COMPLETED	true	false	schedule_not_active:ecology.cursor_pending:SUCCESS	296512783682200
338	268487694	DEAD	false	false	-125607	38452	1176	COMPLETED	true	false	schedule_not_active:ecology.commit_pending:SUCCESS	296512784755900
339	268487695	READY	true	false	115488	-179664	-888	COMPLETED	false	false	ecology_fenced:catchup.travel.no_route:SUCCESS	296512785834000
340	268487710	READY	true	false	-84312	252645	-3664	UNKNOWN	false	false	ecology_fenced:transaction.item_conflict_canonical:NATIVE_CONTEXT_REQUIRED	296512786843700
341	268487711	READY	true	false	-50077	-115763	-160	COMPLETED	true	false	ecology_fenced:ecology.persistence_or_runtime_failure:SUCCESS	296512788012300
342	268487726	DEAD	false	false	-125464	37776	1176	COMPLETED	true	false	schedule_not_active:ecology.cursor_pending:SUCCESS	296512789084400
343	268487727	READY	false	false	24496	9206	-3584	COMPLETED	true	false	schedule_not_active:transaction.backend_failure:SUCCESS	296512790561500
344	268487744	READY	true	false	52710	55450	-3320	UNKNOWN	false	false	ecology_fenced:transaction.item_conflict_canonical:NATIVE_CONTEXT_REQUIRED	296512791951700
345	268487745	READY	true	false	51500	59679	-3368	UNKNOWN	false	false	ecology_fenced:transaction.item_conflict_canonical:NATIVE_CONTEXT_REQUIRED	296512793546000
346	268487761	DEAD	false	false	-86401	253927	-3736	COMPLETED	true	false	schedule_not_active:ecology.cursor_pending:SUCCESS	296512794910100
347	268487762	READY	false	false	24496	9206	-3584	COMPLETED	true	false	schedule_not_active:transaction.backend_failure:SUCCESS	296512796207100
348	268487781	DEAD	true	false	-125472	38450	1176	COMPLETED	true	false	ecology_fenced:ecology.commit_pending:SUCCESS	296512797510500
349	268487782	READY	true	false	-86401	253927	-3736	UNKNOWN	false	false	ecology_fenced:transaction.item_conflict_canonical:NATIVE_CONTEXT_REQUIRED	296512798938400
350	268487798	READY	false	false	48712	55466	-3464	UNKNOWN	false	false	schedule_not_active:transaction.item_conflict_canonical:NATIVE_CONTEXT_REQUIRED	296512799977600
351	268487800	READY	false	false	48712	55466	-3464	COMPLETED	true	false	schedule_not_active:ecology.persistence_or_runtime_failure:SUCCESS	296512800903800
352	268487820	INCONSISTENT	true	false	44126	42751	-3488	UNKNOWN	false	false	ecology_fenced:catchup.renewal.background_state_invalid:INCONSISTENT	296512801537700
353	268487821	READY	true	false	-90072	248328	-3568	COMPLETED	false	false	ecology_fenced:catchup.travel.no_route:SUCCESS	296512802704300
354	268487835	READY	true	false	130094	-209377	-3552	COMPLETED	true	false	ecology_fenced:farm.inventory_projection_refreshed:SUCCESS	296512804564800
355	268487836	INCONSISTENT	false	false	44126	42751	-3488	UNKNOWN	false	false	schedule_not_active:ecology.cursor_pending:INCONSISTENT	296512805250000
356	268487851	READY	false	false	48712	55466	-3464	COMPLETED	true	false	schedule_not_active:ecology.persistence_or_runtime_failure:SUCCESS	296512806466000
357	268487852	READY	true	false	-50077	-115763	-160	COMPLETED	true	false	ecology_fenced:ecology.persistence_or_runtime_failure:SUCCESS	296512807638600
358	268487870	READY	true	false	24496	9206	-3584	COMPLETED	true	false	ecology_fenced:transaction.backend_failure:SUCCESS	296512809429000
359	268487872	DEAD	false	false	-86401	253927	-3736	COMPLETED	true	false	schedule_not_active:ecology.cursor_pending:SUCCESS	296512811041500
360	268487888	DEAD	false	false	-86401	253927	-3736	COMPLETED	true	false	schedule_not_active:ecology.cursor_pending:SUCCESS	296512812357400
361	268487889	READY	true	false	-90072	248328	-3568	COMPLETED	false	false	ecology_fenced:catchup.travel.no_route:SUCCESS	296512813651000
362	268487903	READY	true	false	119877	-202135	-3456	UNKNOWN	false	false	ecology_fenced:transaction.item_conflict_canonical:NATIVE_CONTEXT_REQUIRED	296512814606100
363	268487904	DEAD	false	false	54714	51620	-3592	COMPLETED	true	false	schedule_not_active:ecology.cursor_pending:SUCCESS	296512815805100
364	268487919	READY	false	false	24496	9206	-3584	COMPLETED	true	false	schedule_not_active:transaction.backend_failure:SUCCESS	296512816737700
365	268487920	READY	true	false	-49106	-115854	-160	COMPLETED	true	false	ecology_fenced:transaction.backend_failure:SUCCESS	296512817750500
366	268487934	READY	true	false	-86401	253927	-3736	UNKNOWN	false	false	ecology_fenced:transaction.item_conflict_canonical:NATIVE_CONTEXT_REQUIRED	296512818761600
367	268487935	READY	true	false	48712	55466	-3464	COMPLETED	true	false	ecology_fenced:ecology.persistence_or_runtime_failure:SUCCESS	296512819748000
368	268487953	DEAD	false	false	-86401	253927	-3736	COMPLETED	true	false	schedule_not_active:ecology.cursor_pending:SUCCESS	296512820778300
369	268487955	DEAD	false	false	-86401	253927	-3736	COMPLETED	true	false	schedule_not_active:ecology.commit_pending:SUCCESS	296512821692600
370	268487969	READY	true	false	-125615	37771	1176	COMPLETED	true	false	ecology_fenced:ecology.cursor_pending:SUCCESS	296512822691900
371	268487970	READY	true	false	-90072	248328	-3568	COMPLETED	false	false	ecology_fenced:catchup.travel.no_route:SUCCESS	296512823675100
372	268487987	READY	false	false	24496	9206	-3584	COMPLETED	true	false	schedule_not_active:transaction.backend_failure:SUCCESS	296512825319700
373	268487988	DEAD	false	false	-125517	38267	1176	COMPLETED	true	false	schedule_not_active:ecology.commit_pending:SUCCESS	296512826546700
374	268488003	READY	true	false	-50077	-115763	-160	COMPLETED	true	false	ecology_fenced:transaction.backend_failure:SUCCESS	296512827800000
375	268488004	READY	true	false	-90072	248328	-3568	COMPLETED	false	false	ecology_fenced:catchup.travel.no_route:SUCCESS	296512828798000
376	268488019	DEAD	false	false	-50077	-115763	-160	COMPLETED	true	false	schedule_not_active:ecology.cursor_pending:SUCCESS	296512829790900
377	268488020	DEAD	false	false	119877	-202135	-3456	COMPLETED	true	false	schedule_not_active:ecology.cursor_pending:SUCCESS	296512830715500
378	268488036	INCONSISTENT	false	false	44126	42751	-3488	UNKNOWN	false	false	schedule_not_active:ecology.cursor_pending:INCONSISTENT	296512831308200
379	268488037	READY	true	false	-86401	253927	-3736	UNKNOWN	false	false	ecology_fenced:transaction.item_conflict_canonical:NATIVE_CONTEXT_REQUIRED	296512832252800
380	268488051	READY	true	false	-125615	37771	1176	COMPLETED	true	false	ecology_fenced:ecology.cursor_pending:SUCCESS	296512833148100
381	268488052	READY	false	false	48712	55466	-3464	COMPLETED	true	false	schedule_not_active:ecology.persistence_or_runtime_failure:SUCCESS	296512833971200
382	268488067	INCONSISTENT	false	false	55857	63041	-3472	UNKNOWN	false	false	schedule_not_active:ecology.cursor_pending:INCONSISTENT	296512834559400
383	268488068	READY	true	false	-90072	248328	-3568	COMPLETED	false	false	ecology_fenced:catchup.travel.no_route:SUCCESS	296512835635700
384	268488087	READY	true	false	-50077	-115763	-160	COMPLETED	true	false	ecology_fenced:transaction.backend_failure:SUCCESS	296512836656800
385	268488088	READY	false	false	119336	-180368	-2368	UNKNOWN	false	false	schedule_not_active:transaction.item_conflict_canonical:NATIVE_CONTEXT_REQUIRED	296512837707100
386	268488102	READY	false	false	-49106	-115854	-160	COMPLETED	true	false	schedule_not_active:ecology.persistence_or_runtime_failure:SUCCESS	296512838621500
387	268488103	READY	true	false	-86401	253927	-3736	UNKNOWN	false	false	ecology_fenced:transaction.item_conflict_canonical:NATIVE_CONTEXT_REQUIRED	296512839625700
388	268488120	DEAD	true	false	-125517	38267	1176	COMPLETED	true	false	ecology_fenced:ecology.commit_pending:SUCCESS	296512840664500
389	268488121	DEAD	false	false	53398	63278	-3480	COMPLETED	true	false	schedule_not_active:ecology.commit_pending:SUCCESS	296512842050900
390	268488137	DEAD	false	false	-86401	253927	-3736	COMPLETED	true	false	schedule_not_active:ecology.commit_pending:SUCCESS	296512843369400
391	268488138	READY	false	false	-50077	-115763	-160	COMPLETED	true	false	schedule_not_active:transaction.backend_failure:SUCCESS	296512844639300
392	268488154	DEAD	true	false	-50077	-115763	-160	COMPLETED	false	false	ecology_fenced:native_context.required:accepted:SUCCESS	296512845749800
393	268488155	READY	true	false	119877	-202135	-3456	UNKNOWN	false	false	ecology_fenced:transaction.item_conflict_canonical:NATIVE_CONTEXT_REQUIRED	296512846734700
394	268488170	DEAD	false	false	52710	55450	-3320	COMPLETED	true	false	schedule_not_active:ecology.commit_pending:SUCCESS	296512848037100
395	268488171	READY	false	false	24496	9206	-3584	COMPLETED	true	false	schedule_not_active:transaction.backend_failure:SUCCESS	296512849205600
396	268488187	READY	true	false	-49106	-115854	-160	COMPLETED	true	false	ecology_fenced:transaction.backend_failure:SUCCESS	296512850382300
397	268488188	READY	true	false	-86401	253927	-3736	UNKNOWN	false	false	ecology_fenced:transaction.item_conflict_canonical:NATIVE_CONTEXT_REQUIRED	296512851630300
398	268488205	DEAD	false	false	24496	9206	-3584	COMPLETED	true	false	schedule_not_active:ecology.cursor_pending:SUCCESS	296512852937800
399	268488206	DEAD	false	false	-86401	253927	-3736	COMPLETED	true	false	schedule_not_active:ecology.commit_pending:SUCCESS	296512854324600
400	268488220	READY	true	false	115758	-182753	-1448	COMPLETED	false	false	ecology_fenced:catchup.travel.no_route:SUCCESS	296512855501200
401	268488221	READY	true	false	51500	59679	-3368	UNKNOWN	false	false	ecology_fenced:transaction.item_conflict_canonical:NATIVE_CONTEXT_REQUIRED	296512856769900
402	268488237	DEAD	false	false	24496	9206	-3584	COMPLETED	true	false	schedule_not_active:ecology.commit_pending:SUCCESS	296512858350000
403	268488238	READY	false	false	24496	9206	-3584	COMPLETED	true	false	schedule_not_active:transaction.backend_failure:SUCCESS	296512860684400
404	268488272	DEAD	false	false	51500	59679	-3368	COMPLETED	true	false	schedule_not_active:transaction.native_context_required:SUCCESS	296512861813400
405	268488273	READY	true	false	48712	55466	-3464	UNKNOWN	false	false	ecology_fenced:transaction.item_conflict_canonical:NATIVE_CONTEXT_REQUIRED	296512862706500
406	268488287	INCONSISTENT	true	false	44126	42751	-3488	UNKNOWN	false	false	ecology_fenced:catchup.renewal.background_state_invalid:INCONSISTENT	296512863266400
407	268488288	READY	false	false	48712	55466	-3464	COMPLETED	true	false	schedule_not_active:ecology.persistence_or_runtime_failure:SUCCESS	296512864050600
408	268488303	READY	false	false	119336	-180368	-2368	UNKNOWN	false	false	schedule_not_active:transaction.item_conflict_canonical:NATIVE_CONTEXT_REQUIRED	296512865129800
409	268488304	READY	true	false	-50077	-115763	-160	COMPLETED	true	false	ecology_fenced:ecology.persistence_or_runtime_failure:SUCCESS	296512865977500
410	268488320	DEAD	true	false	-125464	37776	1176	COMPLETED	true	false	ecology_fenced:ecology.commit_pending:SUCCESS	296512866621200
411	268488321	DEAD	false	false	53398	63278	-3480	COMPLETED	true	false	schedule_not_active:transaction.native_context_required:SUCCESS	296512867283900
412	268488335	READY	false	false	24496	9206	-3584	COMPLETED	true	false	schedule_not_active:transaction.backend_failure:SUCCESS	296512868134300
413	268488336	READY	true	false	24496	9206	-3584	COMPLETED	true	false	ecology_fenced:transaction.backend_failure:SUCCESS	296512869219100
414	268488351	READY	true	false	-90072	248328	-3568	COMPLETED	false	false	ecology_fenced:catchup.travel.no_route:SUCCESS	296512870327900
415	268488352	DEAD	false	false	-50077	-115763	-160	COMPLETED	true	false	schedule_not_active:ecology.commit_pending:SUCCESS	296512871241800
416	268488366	DEAD	false	false	119877	-202135	-3456	COMPLETED	true	false	schedule_not_active:ecology.commit_pending:SUCCESS	296512872235900
417	268488367	DEAD	false	false	-86401	253927	-3736	COMPLETED	true	false	schedule_not_active:ecology.commit_pending:SUCCESS	296512873461600
418	268488381	READY	true	false	48712	55466	-3464	COMPLETED	true	false	ecology_fenced:ecology.persistence_or_runtime_failure:SUCCESS	296512874696500
419	268488382	READY	true	false	24496	9206	-3584	COMPLETED	true	false	ecology_fenced:transaction.backend_failure:SUCCESS	296512876362800
420	268488399	READY	false	false	24496	9206	-3584	COMPLETED	true	false	schedule_not_active:transaction.backend_failure:SUCCESS	296512877730600
421	268488400	DEAD	false	false	-86401	253927	-3736	COMPLETED	true	false	schedule_not_active:ecology.commit_pending:SUCCESS	296512878611100
422	268488418	DEAD	true	false	-50077	-115763	-160	COMPLETED	false	false	ecology_fenced:native_context.required:accepted:SUCCESS	296512879644000
423	268488419	DEAD	true	false	-125464	37776	1176	COMPLETED	true	false	ecology_fenced:ecology.commit_pending:SUCCESS	296512880622300
424	268488438	READY	false	false	52710	55450	-3320	COMPLETED	true	false	schedule_not_active:farm.inventory_projection_refreshed:SUCCESS	296512881626900
425	268488440	READY	false	false	-50077	-115763	-160	COMPLETED	true	false	schedule_not_active:transaction.backend_failure:SUCCESS	296512882608100
426	268488455	READY	true	false	46045	41251	-3504	COMPLETED	false	false	ecology_fenced:ecology.preparation_capacity:SUCCESS	296512883538600
427	268488456	READY	true	false	48712	55466	-3464	UNKNOWN	false	false	ecology_fenced:transaction.item_conflict_canonical:NATIVE_CONTEXT_REQUIRED	296512884292800
428	268488469	READY	true	false	24496	9206	-3584	COMPLETED	true	false	ecology_fenced:transaction.backend_failure:SUCCESS	296512885283400
429	268488470	DEAD	false	false	-86401	253927	-3736	COMPLETED	true	false	schedule_not_active:ecology.commit_pending:SUCCESS	296512886194100
430	268488483	INCONSISTENT	false	false	54714	51620	-3592	UNKNOWN	false	false	schedule_not_active:catchup.renewal.background_state_invalid:INCONSISTENT	296512886666800
431	268488484	READY	true	false	119336	-180368	-2368	UNKNOWN	false	false	ecology_fenced:transaction.item_conflict_canonical:NATIVE_CONTEXT_REQUIRED	296512887503000
432	268488500	READY	true	false	-50077	-115763	-160	COMPLETED	true	false	ecology_fenced:ecology.persistence_or_runtime_failure:SUCCESS	296512888468000
433	268488501	READY	false	false	-86401	253927	-3736	UNKNOWN	false	false	schedule_not_active:transaction.item_conflict_canonical:NATIVE_CONTEXT_REQUIRED	296512889320400
434	268488516	INCONSISTENT	false	false	44126	42751	-3488	UNKNOWN	false	false	schedule_not_active:catchup.renewal.background_state_invalid:INCONSISTENT	296512889912400
435	268488517	READY	true	false	24496	9206	-3584	COMPLETED	true	false	ecology_fenced:transaction.backend_failure:SUCCESS	296512891502800
436	268488532	READY	true	false	24496	9206	-3584	COMPLETED	true	false	ecology_fenced:transaction.backend_failure:SUCCESS	296512892951500
437	268488533	DEAD	false	false	-86401	253927	-3736	COMPLETED	true	false	schedule_not_active:ecology.commit_pending:SUCCESS	296512894101500
438	268488549	DEAD	false	false	-125531	37944	1176	COMPLETED	true	false	schedule_not_active:ecology.commit_pending:SUCCESS	296512894861900
439	268488550	READY	true	false	119877	-202135	-3456	UNKNOWN	false	false	ecology_fenced:transaction.item_conflict_canonical:NATIVE_CONTEXT_REQUIRED	296512895633800
440	268488565	READY	true	false	-84312	252645	-3664	UNKNOWN	false	false	ecology_fenced:transaction.item_conflict_canonical:NATIVE_CONTEXT_REQUIRED	296512896521700
441	268488566	READY	true	false	24496	9206	-3584	COMPLETED	true	false	ecology_fenced:transaction.backend_failure:SUCCESS	296512897585400
442	268488581	READY	false	false	24496	9206	-3584	COMPLETED	true	false	schedule_not_active:transaction.backend_failure:SUCCESS	296512898494800
443	268488582	INCONSISTENT	false	false	44126	42751	-3488	UNKNOWN	false	false	schedule_not_active:catchup.renewal.background_state_invalid:INCONSISTENT	296512898973300
444	268488596	READY	true	false	-84312	252645	-3664	UNKNOWN	false	false	ecology_fenced:transaction.item_conflict_canonical:NATIVE_CONTEXT_REQUIRED	296512899752300
445	268488597	READY	true	false	24496	9206	-3584	COMPLETED	true	false	ecology_fenced:transaction.backend_failure:SUCCESS	296512900729800
446	268488614	DEAD	false	false	-50077	-115763	-160	COMPLETED	true	false	schedule_not_active:ecology.commit_pending:SUCCESS	296512901627100
447	268488615	DEAD	false	false	51500	59679	-3368	COMPLETED	true	false	schedule_not_active:transaction.native_context_required:SUCCESS	296512902402700
448	268488629	READY	true	false	48712	55466	-3464	COMPLETED	true	false	ecology_fenced:ecology.persistence_or_runtime_failure:SUCCESS	296512903496800
449	268488630	READY	true	false	-90072	248328	-3568	COMPLETED	false	false	ecology_fenced:catchup.travel.no_route:SUCCESS	296512904395400
450	268488646	DEAD	false	false	51500	59679	-3368	COMPLETED	true	false	schedule_not_active:transaction.native_context_required:SUCCESS	296512905298000
451	268488648	INCONSISTENT	false	false	44126	42751	-3488	UNKNOWN	false	false	schedule_not_active:catchup.renewal.background_state_invalid:INCONSISTENT	296512905808900
452	268488662	READY	true	false	46045	41251	-3504	COMPLETED	false	false	ecology_fenced:ecology.preparation_capacity:SUCCESS	296512907112900
453	268488663	READY	true	false	24496	9206	-3584	COMPLETED	true	false	ecology_fenced:transaction.backend_failure:SUCCESS	296512908595700
454	268488678	READY	true	false	119877	-202135	-3456	UNKNOWN	false	false	ecology_fenced:transaction.item_conflict_canonical:NATIVE_CONTEXT_REQUIRED	296512909784700
455	268488679	DEAD	false	false	-86401	253927	-3736	COMPLETED	true	false	schedule_not_active:ecology.commit_pending:SUCCESS	296512910769100
456	268488693	READY	false	false	48712	55466	-3464	COMPLETED	true	false	schedule_not_active:ecology.persistence_or_runtime_failure:SUCCESS	296512911748700
457	268488694	DEAD	true	false	-125531	37944	1176	COMPLETED	true	false	ecology_fenced:ecology.commit_pending:SUCCESS	296512912525700
458	268488710	READY	true	false	24496	9206	-3584	COMPLETED	true	false	ecology_fenced:transaction.backend_failure:SUCCESS	296512913610100
459	268488712	DEAD	false	false	51500	59679	-3368	COMPLETED	true	false	schedule_not_active:transaction.native_context_required:SUCCESS	296512914648700
460	268488730	INCONSISTENT	false	false	44126	42751	-3488	UNKNOWN	false	false	schedule_not_active:catchup.renewal.background_state_invalid:INCONSISTENT	296512915118100
461	268488731	READY	true	false	-90072	248328	-3568	COMPLETED	false	false	ecology_fenced:catchup.travel.no_route:SUCCESS	296512915966600
462	268488744	READY	true	false	119877	-202135	-3456	UNKNOWN	false	false	ecology_fenced:transaction.item_conflict_canonical:NATIVE_CONTEXT_REQUIRED	296512916753000
463	268488745	READY	false	false	24496	9206	-3584	COMPLETED	true	false	schedule_not_active:transaction.backend_failure:SUCCESS	296512917855400
464	268488760	DEAD	false	false	-86401	253927	-3736	COMPLETED	true	false	schedule_not_active:ecology.commit_pending:SUCCESS	296512918808800
465	268488761	READY	true	false	-90072	248328	-3568	COMPLETED	false	false	ecology_fenced:catchup.travel.no_route:SUCCESS	296512919881200
466	268488775	READY	true	false	-50077	-115763	-160	COMPLETED	true	false	ecology_fenced:ecology.persistence_or_runtime_failure:SUCCESS	296512920922200
467	268488776	READY	true	false	24496	9206	-3584	COMPLETED	true	false	ecology_fenced:transaction.backend_failure:SUCCESS	296512922010200
468	268488792	READY	false	false	24496	9206	-3584	COMPLETED	true	false	schedule_not_active:transaction.backend_failure:SUCCESS	296512923567700
469	268488793	DEAD	false	false	-86401	253927	-3736	COMPLETED	true	false	schedule_not_active:ecology.commit_pending:SUCCESS	296512925187700
470	268488806	READY	true	false	-50077	-115763	-160	COMPLETED	true	false	ecology_fenced:transaction.backend_failure:SUCCESS	296512926991100
471	268488808	READY	true	false	24496	9206	-3584	COMPLETED	true	false	ecology_fenced:transaction.backend_failure:SUCCESS	296512928411200
472	268488823	READY	false	false	-50077	-115763	-160	COMPLETED	true	false	schedule_not_active:ecology.persistence_or_runtime_failure:SUCCESS	296512929411400
473	268488824	READY	false	false	-50077	-115763	-160	COMPLETED	true	false	schedule_not_active:ecology.persistence_or_runtime_failure:SUCCESS	296512930343300
474	268488842	READY	true	false	24496	9206	-3584	COMPLETED	true	false	ecology_fenced:transaction.backend_failure:SUCCESS	296512931520600
475	268488843	READY	true	false	24496	9206	-3584	COMPLETED	true	false	ecology_fenced:transaction.backend_failure:SUCCESS	296512932360500
476	268488860	DEAD	false	false	-50077	-115763	-160	COMPLETED	true	false	schedule_not_active:ecology.commit_pending:SUCCESS	296512933144500
477	268488861	READY	false	false	119877	-202135	-3456	UNKNOWN	false	false	schedule_not_active:transaction.item_conflict_canonical:NATIVE_CONTEXT_REQUIRED	296512933927600
478	268488876	READY	false	false	-49106	-115854	-160	COMPLETED	true	false	schedule_not_active:ecology.persistence_or_runtime_failure:SUCCESS	296512934826900
479	268488877	READY	true	false	52710	55450	-3320	UNKNOWN	false	false	ecology_fenced:transaction.item_conflict_canonical:NATIVE_CONTEXT_REQUIRED	296512935649700
480	268488895	READY	true	false	-90072	248328	-3568	COMPLETED	false	false	ecology_fenced:catchup.travel.no_route:SUCCESS	296512936577100
481	268488896	READY	false	false	-86401	253927	-3736	UNKNOWN	false	false	schedule_not_active:transaction.item_conflict_canonical:NATIVE_CONTEXT_REQUIRED	296512937581700
482	268488911	READY	false	false	48712	55466	-3464	UNKNOWN	false	false	schedule_not_active:transaction.item_conflict_canonical:NATIVE_CONTEXT_REQUIRED	296512938447300
483	268488912	READY	true	false	53398	63278	-3480	UNKNOWN	false	false	ecology_fenced:transaction.item_conflict_canonical:NATIVE_CONTEXT_REQUIRED	296512939362300
484	268488927	READY	true	false	24496	9206	-3584	COMPLETED	true	false	ecology_fenced:transaction.backend_failure:SUCCESS	296512940688000
485	268488928	DEAD	false	false	119336	-180368	-2368	COMPLETED	true	false	schedule_not_active:ecology.commit_pending:SUCCESS	296512942218500
486	268488943	DEAD	false	false	-86401	253927	-3736	COMPLETED	true	false	schedule_not_active:ecology.commit_pending:SUCCESS	296512943701900
487	268488944	READY	true	false	52710	55450	-3320	UNKNOWN	false	false	ecology_fenced:transaction.item_conflict_canonical:NATIVE_CONTEXT_REQUIRED	296512944721200
488	268488958	READY	true	false	-50077	-115763	-160	COMPLETED	true	false	ecology_fenced:transaction.backend_failure:SUCCESS	296512945789900
489	268488959	DEAD	false	false	-86401	253927	-3736	COMPLETED	true	false	schedule_not_active:ecology.commit_pending:SUCCESS	296512946722300
490	268488973	READY	false	false	24496	9206	-3584	COMPLETED	true	false	schedule_not_active:transaction.backend_failure:SUCCESS	296512948138900
491	268488974	READY	false	false	-50077	-115763	-160	COMPLETED	true	false	schedule_not_active:transaction.backend_failure:SUCCESS	296512949273200
492	268488993	READY	true	false	-90072	248328	-3568	COMPLETED	false	false	ecology_fenced:catchup.travel.no_route:SUCCESS	296512950257100
493	268488995	READY	true	false	119877	-202135	-3456	UNKNOWN	false	false	ecology_fenced:transaction.item_conflict_canonical:NATIVE_CONTEXT_REQUIRED	296512951186800
494	268489009	DEAD	false	false	24496	9206	-3584	COMPLETED	true	false	schedule_not_active:ecology.commit_pending:SUCCESS	296512952291900
495	268489015	READY	false	false	24496	9206	-3584	COMPLETED	true	false	schedule_not_active:transaction.backend_failure:SUCCESS	296512953417600
496	268489031	READY	true	false	-90072	248328	-3568	COMPLETED	false	false	ecology_fenced:catchup.travel.no_route:SUCCESS	296512954432100
497	268489033	READY	true	false	24496	9206	-3584	COMPLETED	true	false	ecology_fenced:transaction.backend_failure:SUCCESS	296512955490100
498	268489048	READY	false	false	24496	9206	-3584	COMPLETED	true	false	schedule_not_active:transaction.backend_failure:SUCCESS	296512956615500
499	268489056	READY	false	false	24496	9206	-3584	COMPLETED	true	false	schedule_not_active:transaction.backend_failure:SUCCESS	296512957819200
500	268489066	READY	true	false	115758	-182753	-1448	COMPLETED	false	false	ecology_fenced:catchup.travel.no_route:SUCCESS	296512959091200
501	268489075	READY	true	false	24496	9206	-3584	COMPLETED	true	false	ecology_fenced:transaction.backend_failure:SUCCESS	296512960302400
502	268489083	READY	false	false	48712	55466	-3464	COMPLETED	true	false	schedule_not_active:ecology.persistence_or_runtime_failure:SUCCESS	296512961318800
503	268489084	READY	false	false	53398	63278	-3480	COMPLETED	true	false	schedule_not_active:farm.inventory_projection_refreshed:SUCCESS	296512962249900
504	268489099	READY	false	false	48712	55466	-3464	COMPLETED	true	false	schedule_not_active:ecology.persistence_or_runtime_failure:SUCCESS	296512963209100
505	268489100	READY	true	false	52710	55450	-3320	UNKNOWN	false	false	ecology_fenced:transaction.item_conflict_canonical:NATIVE_CONTEXT_REQUIRED	296512964246400
506	268489117	READY	true	false	46045	41251	-3504	COMPLETED	false	false	ecology_fenced:catchup.travel.no_route:SUCCESS	296512965134000
507	268489118	READY	false	false	24496	9206	-3584	COMPLETED	true	false	schedule_not_active:transaction.backend_failure:SUCCESS	296512966104400
508	268489133	READY	false	false	119877	-202135	-3456	UNKNOWN	false	false	schedule_not_active:transaction.item_conflict_canonical:NATIVE_CONTEXT_REQUIRED	296512967065700
509	268489136	READY	true	false	-49106	-115854	-160	COMPLETED	true	false	ecology_fenced:ecology.persistence_or_runtime_failure:SUCCESS	296512968059000
510	268489151	READY	true	false	-50077	-115763	-160	COMPLETED	true	false	ecology_fenced:transaction.backend_failure:SUCCESS	296512969117200
511	268489161	DEAD	false	false	24496	9206	-3584	COMPLETED	true	false	schedule_not_active:ecology.commit_pending:SUCCESS	296512970153300
512	268489169	DEAD	false	false	-125472	38450	1176	COMPLETED	true	false	schedule_not_active:ecology.commit_pending:SUCCESS	296512971081600
513	268489178	READY	true	false	-84312	252645	-3664	UNKNOWN	false	false	ecology_fenced:transaction.item_conflict_canonical:NATIVE_CONTEXT_REQUIRED	296512971984800
514	268489186	READY	true	false	53398	63278	-3480	UNKNOWN	false	false	ecology_fenced:transaction.item_conflict_canonical:NATIVE_CONTEXT_REQUIRED	296512972917100
515	268489187	DEAD	false	false	-86401	253927	-3736	COMPLETED	true	false	schedule_not_active:ecology.commit_pending:SUCCESS	296512973975900
516	268489202	READY	false	false	119336	-180368	-2368	UNKNOWN	false	false	schedule_not_active:transaction.item_conflict_canonical:NATIVE_CONTEXT_REQUIRED	296512975207700
517	268489210	DEAD	false	false	24496	9206	-3584	COMPLETED	true	false	schedule_not_active:ecology.commit_pending:SUCCESS	296512976347400
518	268489219	READY	true	false	24496	9206	-3584	COMPLETED	true	false	ecology_fenced:transaction.backend_failure:SUCCESS	296512977620600
519	268489221	READY	true	false	24496	9206	-3584	COMPLETED	true	false	ecology_fenced:transaction.backend_failure:SUCCESS	296512978702000
520	268489237	DEAD	false	false	24496	9206	-3584	COMPLETED	true	false	schedule_not_active:ecology.commit_pending:SUCCESS	296512979738100
521	268489239	READY	false	false	24496	9206	-3584	COMPLETED	true	false	schedule_not_active:transaction.backend_failure:SUCCESS	296512981007300
522	268489254	DEAD	true	false	-125464	37776	1176	COMPLETED	true	false	ecology_fenced:ecology.commit_pending:SUCCESS	296512982041300
523	268489255	READY	true	false	-90072	248328	-3568	COMPLETED	false	false	ecology_fenced:catchup.travel.no_route:SUCCESS	296512983052900
524	268489270	DEAD	false	false	-86401	253927	-3736	COMPLETED	true	false	schedule_not_active:ecology.commit_pending:SUCCESS	296512984056700
525	268489271	DEAD	false	false	-86401	253927	-3736	COMPLETED	true	false	schedule_not_active:ecology.commit_pending:SUCCESS	296512985036300
526	268489286	READY	true	false	-90072	248328	-3568	COMPLETED	false	false	ecology_fenced:catchup.travel.no_route:SUCCESS	296512986081300
527	268489288	READY	true	false	-50077	-115763	-160	COMPLETED	true	false	ecology_fenced:ecology.persistence_or_runtime_failure:SUCCESS	296512987095000
528	268489305	READY	true	false	-90072	248328	-3568	COMPLETED	false	false	ecology_fenced:catchup.travel.no_route:SUCCESS	296512988080400
529	268489312	DEAD	false	false	-86401	253927	-3736	COMPLETED	true	false	schedule_not_active:ecology.commit_pending:SUCCESS	296512989033100
530	268489320	READY	false	false	24496	9206	-3584	COMPLETED	true	false	schedule_not_active:transaction.backend_failure:SUCCESS	296512990082600
531	268489328	READY	true	false	119877	-202135	-3456	UNKNOWN	false	false	ecology_fenced:transaction.item_conflict_canonical:NATIVE_CONTEXT_REQUIRED	296512991074400
532	268489337	DEAD	true	false	-125472	38450	1176	COMPLETED	true	false	ecology_fenced:ecology.commit_pending:SUCCESS	296512992228000
533	268489345	READY	false	false	48712	55466	-3464	COMPLETED	true	false	schedule_not_active:ecology.persistence_or_runtime_failure:SUCCESS	296512993362400
534	268489353	READY	false	false	24496	9206	-3584	COMPLETED	true	false	schedule_not_active:transaction.backend_failure:SUCCESS	296512994452100
535	268489360	READY	true	false	-90072	248328	-3568	COMPLETED	false	false	ecology_fenced:catchup.travel.no_route:SUCCESS	296512995387000
536	268489367	READY	true	false	24496	9206	-3584	COMPLETED	true	false	ecology_fenced:transaction.backend_failure:SUCCESS	296512996372900
537	268489375	DEAD	false	false	-125615	37771	1176	COMPLETED	true	false	schedule_not_active:ecology.commit_pending:SUCCESS	296512997378000
538	268489384	DEAD	false	false	-86401	253927	-3736	COMPLETED	true	false	schedule_not_active:ecology.commit_pending:SUCCESS	296512998426500
539	268489391	READY	true	false	115072	-178176	-880	COMPLETED	false	false	ecology_fenced:catchup.travel.no_route:SUCCESS	296512999354800
540	268489400	DEAD	true	false	-125517	38267	1176	COMPLETED	true	false	ecology_fenced:ecology.commit_pending:SUCCESS	296513000260000
541	268489410	DEAD	true	false	-125517	38267	1176	COMPLETED	true	false	ecology_fenced:ecology.commit_pending:SUCCESS	296513001078100
542	268489420	DEAD	false	false	-125517	38267	1176	COMPLETED	true	false	schedule_not_active:ecology.commit_pending:SUCCESS	296513002077200
543	268489429	DEAD	false	false	-86401	253927	-3736	COMPLETED	true	false	schedule_not_active:ecology.commit_pending:SUCCESS	296513003068200
544	268489437	READY	true	false	51500	59679	-3368	UNKNOWN	false	false	ecology_fenced:ecology.commit_pending:NATIVE_CONTEXT_REQUIRED	296513004052500
545	268489445	READY	true	false	52710	55450	-3320	UNKNOWN	false	false	ecology_fenced:ecology.commit_pending:NATIVE_CONTEXT_REQUIRED	296513004968500
546	268489453	DEAD	false	false	-125517	38267	1176	COMPLETED	true	false	schedule_not_active:ecology.commit_pending:SUCCESS	296513006023900
547	268489462	READY	false	false	51500	59679	-3368	UNKNOWN	false	false	schedule_not_active:ecology.commit_pending:NATIVE_CONTEXT_REQUIRED	296513007097800
548	268489470	READY	true	false	-50077	-115763	-160	COMPLETED	true	false	ecology_fenced:ecology.commit_pending:SUCCESS	296513008705800
549	268489479	READY	true	false	53398	63278	-3480	UNKNOWN	false	false	ecology_fenced:ecology.commit_pending:NATIVE_CONTEXT_REQUIRED	296513010114600
550	268489489	DEAD	false	false	24496	9206	-3584	COMPLETED	true	false	schedule_not_active:ecology.commit_pending:SUCCESS	296513011206500
551	268489496	DEAD	false	false	-125531	37944	1176	COMPLETED	true	false	schedule_not_active:ecology.commit_pending:SUCCESS	296513012143300
552	268489505	READY	true	false	-90072	248328	-3568	COMPLETED	false	false	ecology_fenced:ecology.commit_pending:SUCCESS	296513013072500
553	268489514	READY	true	false	48712	55466	-3464	COMPLETED	true	false	ecology_fenced:ecology.commit_pending:SUCCESS	296513014381700
554	268489524	READY	true	false	119877	-202135	-3456	UNKNOWN	false	false	ecology_fenced:ecology.commit_pending:NATIVE_CONTEXT_REQUIRED	296513015370900
555	268489532	DEAD	false	false	-125472	38450	1176	COMPLETED	true	false	schedule_not_active:ecology.commit_pending:SUCCESS	296513016325500
556	268489541	READY	false	false	-50077	-115763	-160	COMPLETED	true	false	schedule_not_active:ecology.commit_pending:SUCCESS	296513017612200
557	268489549	DEAD	true	false	-125531	37944	1176	COMPLETED	true	false	ecology_fenced:ecology.commit_pending:SUCCESS	296513019003500
558	268489557	READY	true	false	48712	55466	-3464	COMPLETED	true	false	ecology_fenced:ecology.commit_pending:SUCCESS	296513020114000
559	268489565	READY	false	false	24496	9206	-3584	COMPLETED	true	false	schedule_not_active:ecology.commit_pending:SUCCESS	296513021254100
560	268489573	READY	false	false	24496	9206	-3584	COMPLETED	true	false	schedule_not_active:ecology.commit_pending:SUCCESS	296513022356400
561	268489580	READY	true	false	-90072	248328	-3568	COMPLETED	false	false	ecology_fenced:ecology.commit_pending:SUCCESS	296513023526800
562	268489587	READY	true	false	119877	-202135	-3456	UNKNOWN	false	false	ecology_fenced:ecology.commit_pending:NATIVE_CONTEXT_REQUIRED	296513024724600
563	268489596	READY	false	false	24496	9206	-3584	COMPLETED	true	false	schedule_not_active:ecology.commit_pending:SUCCESS	296513026409300
564	268489605	DEAD	false	false	-50077	-115763	-160	COMPLETED	true	false	schedule_not_active:ecology.commit_pending:SUCCESS	296513027666400
565	268489613	READY	true	false	-86401	253927	-3736	UNKNOWN	false	false	ecology_fenced:ecology.commit_pending:NATIVE_CONTEXT_REQUIRED	296513028598500
566	268489626	READY	true	false	-50845	-113715	-168	COMPLETED	false	false	ecology_fenced:ecology.commit_pending:SUCCESS	296513029590400
567	268489634	READY	true	false	24496	9206	-3584	COMPLETED	true	false	ecology_fenced:ecology.commit_pending:SUCCESS	296513030786700
568	268489642	READY	false	false	24496	9206	-3584	COMPLETED	true	false	schedule_not_active:ecology.commit_pending:SUCCESS	296513031845100
569	268489650	DEAD	false	false	-86401	253927	-3736	COMPLETED	true	false	schedule_not_active:ecology.commit_pending:SUCCESS	296513032736400
570	268489658	READY	true	false	-90072	248328	-3568	COMPLETED	false	false	ecology_fenced:ecology.commit_pending:SUCCESS	296513033751700
571	268489667	READY	true	false	-50077	-115763	-160	COMPLETED	false	false	ecology_fenced:ecology.commit_pending:SUCCESS	296513034900200
572	268489674	READY	false	false	-86401	253927	-3736	UNKNOWN	false	false	schedule_not_active:ecology.commit_pending:NATIVE_CONTEXT_REQUIRED	296513035878000
573	268489682	READY	false	false	-84312	252645	-3664	UNKNOWN	false	false	schedule_not_active:ecology.commit_pending:NATIVE_CONTEXT_REQUIRED	296513036906500
574	268489691	READY	true	false	54714	51620	-3592	UNKNOWN	false	false	ecology_fenced:ecology.commit_pending:NATIVE_CONTEXT_REQUIRED	296513038049800
575	268489699	READY	true	false	51500	59679	-3368	UNKNOWN	false	false	ecology_fenced:ecology.commit_pending:NATIVE_CONTEXT_REQUIRED	296513039026800
576	268489708	DEAD	false	false	-86401	253927	-3736	COMPLETED	true	false	schedule_not_active:ecology.commit_pending:SUCCESS	296513040230200
577	268489715	DEAD	false	false	119877	-202135	-3456	COMPLETED	true	false	schedule_not_active:ecology.commit_pending:SUCCESS	296513041519000
578	268489723	READY	false	false	-84312	252645	-3664	UNKNOWN	false	false	schedule_not_active:ecology.commit_pending:NATIVE_CONTEXT_REQUIRED	296513042958500
579	268489731	READY	true	false	24496	9206	-3584	COMPLETED	true	false	ecology_fenced:ecology.commit_pending:SUCCESS	296513044326000
580	268489742	READY	true	false	24496	9206	-3584	COMPLETED	true	false	ecology_fenced:ecology.commit_pending:SUCCESS	296513045311000
581	268489749	READY	false	false	48712	55466	-3464	COMPLETED	true	false	schedule_not_active:ecology.commit_pending:SUCCESS	296513046315900
582	268489775	READY	false	false	51500	59679	-3368	UNKNOWN	false	false	schedule_not_active:ecology.commit_pending:NATIVE_CONTEXT_REQUIRED	296513047477700
583	268489783	READY	true	false	-90072	248328	-3568	COMPLETED	false	false	ecology_fenced:ecology.commit_pending:SUCCESS	296513048583600
584	268489790	READY	true	false	-50077	-115763	-160	COMPLETED	true	false	ecology_fenced:ecology.commit_pending:SUCCESS	296513049624000
585	268489797	DEAD	false	false	119336	-180368	-2368	COMPLETED	true	false	schedule_not_active:ecology.cursor_pending:SUCCESS	296513050641600
586	268489807	READY	false	false	48712	55466	-3464	COMPLETED	true	false	schedule_not_active:ecology.commit_pending:SUCCESS	296513051594600
587	268489815	READY	true	false	-90072	248328	-3568	COMPLETED	false	false	ecology_fenced:ecology.commit_pending:SUCCESS	296513052670700
588	268489822	READY	true	false	-90072	248328	-3568	COMPLETED	false	false	ecology_fenced:ecology.commit_pending:SUCCESS	296513053738600
589	268489830	READY	false	false	24496	9206	-3584	COMPLETED	true	false	schedule_not_active:ecology.commit_pending:SUCCESS	296513054858100
590	268489838	READY	false	false	24496	9206	-3584	COMPLETED	true	false	schedule_not_active:ecology.commit_pending:SUCCESS	296513056022100
591	268489848	DEAD	false	false	-125615	37771	1176	COMPLETED	true	false	schedule_not_active:ecology.commit_pending:SUCCESS	296513057192100
592	268489857	READY	true	false	-125464	37776	1176	COMPLETED	false	false	ecology_fenced:ecology.commit_pending:SUCCESS	296513058636200
593	268489865	READY	true	false	115488	-179664	-888	COMPLETED	false	false	ecology_fenced:ecology.commit_pending:SUCCESS	296513059952500
594	268489873	DEAD	false	false	-49106	-115854	-160	COMPLETED	true	false	schedule_not_active:ecology.commit_pending:SUCCESS	296513061085200
595	268489881	DEAD	false	false	-86401	253927	-3736	COMPLETED	true	false	schedule_not_active:ecology.commit_pending:SUCCESS	296513062124100
596	268489888	READY	true	false	24496	9206	-3584	COMPLETED	true	false	ecology_fenced:ecology.commit_pending:SUCCESS	296513063151500
597	268489896	DEAD	true	false	-125472	38450	1176	COMPLETED	true	false	ecology_fenced:ecology.commit_pending:SUCCESS	296513064345600
598	268489906	DEAD	false	false	54714	51620	-3592	COMPLETED	true	false	schedule_not_active:ecology.commit_pending:SUCCESS	296513065228900
599	268489915	READY	false	false	51500	59679	-3368	COMPLETED	false	false	schedule_not_active:ecology.commit_pending:SUCCESS	296513066105000
600	268489923	READY	true	false	119336	-180368	-2368	UNKNOWN	false	false	ecology_fenced:ecology.commit_pending:NATIVE_CONTEXT_REQUIRED	296513066842300
601	268489931	DEAD	true	false	-86401	253927	-3736	COMPLETED	true	false	ecology_fenced:ecology.commit_pending:SUCCESS	296513067714800
602	268489939	READY	false	false	24496	9206	-3584	COMPLETED	true	false	schedule_not_active:ecology.commit_pending:SUCCESS	296513068891100
603	268489947	READY	false	false	51500	59679	-3368	UNKNOWN	false	false	schedule_not_active:ecology.commit_pending:NATIVE_CONTEXT_REQUIRED	296513069894200
604	268489955	READY	false	false	-49106	-115854	-160	COMPLETED	true	false	schedule_not_active:ecology.commit_pending:SUCCESS	296513071057100
605	268489962	READY	true	false	24496	9206	-3584	COMPLETED	true	false	ecology_fenced:ecology.commit_pending:SUCCESS	296513072054100
606	268489970	DEAD	true	false	53398	63278	-3480	COMPLETED	true	false	ecology_fenced:ecology.commit_pending:SUCCESS	296513073076000
607	268489978	READY	false	false	24496	9206	-3584	COMPLETED	true	false	schedule_not_active:ecology.commit_pending:SUCCESS	296513074204700
608	268489988	READY	false	false	119336	-180368	-2368	UNKNOWN	false	false	schedule_not_active:ecology.commit_pending:NATIVE_CONTEXT_REQUIRED	296513075571300
609	268489998	READY	true	false	-50077	-115763	-160	COMPLETED	true	false	ecology_fenced:ecology.commit_pending:SUCCESS	296513076868500
610	268490007	READY	true	false	52710	55450	-3320	UNKNOWN	false	false	ecology_fenced:ecology.commit_pending:NATIVE_CONTEXT_REQUIRED	296513077913600
611	268490015	READY	false	false	-50077	-115763	-160	COMPLETED	true	false	schedule_not_active:ecology.commit_pending:SUCCESS	296513078866000
612	268490023	INCONSISTENT	false	false	44126	42751	-3488	UNKNOWN	false	false	schedule_not_active:ecology.cursor_pending:INCONSISTENT	296513079366400
613	268490030	DEAD	true	false	53398	63278	-3480	COMPLETED	true	false	ecology_fenced:ecology.commit_pending:SUCCESS	296513080299500
614	268490038	READY	true	false	-50077	-115763	-160	COMPLETED	true	false	ecology_fenced:ecology.commit_pending:SUCCESS	296513081490900
615	268490046	DEAD	false	false	-50077	-115763	-160	COMPLETED	true	false	schedule_not_active:ecology.commit_pending:SUCCESS	296513082430400
616	268490054	DEAD	false	false	119877	-202135	-3456	COMPLETED	true	false	schedule_not_active:ecology.commit_pending:SUCCESS	296513083415000
617	268490062	READY	false	false	-84312	252645	-3664	UNKNOWN	false	false	schedule_not_active:ecology.commit_pending:NATIVE_CONTEXT_REQUIRED	296513084312300
618	268490071	READY	true	false	24496	9206	-3584	COMPLETED	true	false	ecology_fenced:ecology.commit_pending:SUCCESS	296513085466200
619	268490079	READY	true	false	-86401	253927	-3736	UNKNOWN	false	false	ecology_fenced:ecology.commit_pending:NATIVE_CONTEXT_REQUIRED	296513086444400
620	268490088	READY	false	false	24496	9206	-3584	COMPLETED	true	false	schedule_not_active:ecology.commit_pending:SUCCESS	296513087596900
621	268490096	DEAD	false	false	-86401	253927	-3736	COMPLETED	true	false	schedule_not_active:ecology.commit_pending:SUCCESS	296513088584700
622	268490103	READY	true	false	-90072	248328	-3568	COMPLETED	false	false	ecology_fenced:ecology.commit_pending:SUCCESS	296513089624200
623	268490110	READY	true	false	-90072	248328	-3568	COMPLETED	false	false	ecology_fenced:ecology.commit_pending:SUCCESS	296513090880100
624	268490117	DEAD	false	false	24496	9206	-3584	COMPLETED	true	false	schedule_not_active:ecology.commit_pending:SUCCESS	296513092559900
625	268490125	READY	false	false	-49106	-115854	-160	COMPLETED	true	false	schedule_not_active:ecology.commit_pending:SUCCESS	296513094128100
626	268490132	DEAD	true	false	-125607	38452	1176	COMPLETED	true	false	ecology_fenced:ecology.commit_pending:SUCCESS	296513095163900
627	268490141	READY	true	false	24496	9206	-3584	COMPLETED	true	false	ecology_fenced:ecology.commit_pending:SUCCESS	296513096168300
628	268490149	READY	true	false	-50077	-115763	-160	COMPLETED	true	false	ecology_fenced:ecology.commit_pending:SUCCESS	296513097123800
629	268490157	READY	false	false	24496	9206	-3584	COMPLETED	true	false	schedule_not_active:ecology.commit_pending:SUCCESS	296513098221800
630	268490164	DEAD	false	false	-86401	253927	-3736	COMPLETED	true	false	schedule_not_active:ecology.commit_pending:SUCCESS	296513099185300
631	268490172	READY	true	false	119877	-202135	-3456	UNKNOWN	false	false	ecology_fenced:ecology.commit_pending:NATIVE_CONTEXT_REQUIRED	296513100154600
632	268490180	READY	true	false	48712	55466	-3464	COMPLETED	true	false	ecology_fenced:ecology.commit_pending:SUCCESS	296513101146600
633	268490188	DEAD	false	false	51500	59679	-3368	COMPLETED	true	false	schedule_not_active:ecology.commit_pending:SUCCESS	296513102207100
634	268490198	DEAD	false	false	-86401	253927	-3736	COMPLETED	true	false	schedule_not_active:ecology.commit_pending:SUCCESS	296513103230100
635	268490206	READY	true	false	24496	9206	-3584	COMPLETED	true	false	ecology_fenced:ecology.commit_pending:SUCCESS	296513104244200
636	268490214	READY	true	false	24496	9206	-3584	COMPLETED	true	false	ecology_fenced:ecology.commit_pending:SUCCESS	296513105291300
637	268490227	READY	false	false	-86401	253927	-3736	UNKNOWN	false	false	schedule_not_active:ecology.commit_pending:NATIVE_CONTEXT_REQUIRED	296513106123900
638	268490235	DEAD	false	false	-49106	-115854	-160	COMPLETED	true	false	schedule_not_active:ecology.commit_pending:SUCCESS	296513107152500
639	268490242	READY	true	false	115758	-182753	-1448	COMPLETED	false	false	ecology_fenced:ecology.commit_pending:SUCCESS	296513108327400
640	268490251	READY	true	false	24496	9206	-3584	COMPLETED	true	false	ecology_fenced:ecology.commit_pending:SUCCESS	296513109844600
641	268490260	DEAD	true	false	-86401	253927	-3736	COMPLETED	true	false	ecology_fenced:ecology.commit_pending:SUCCESS	296513111130200
642	268490268	DEAD	false	false	-125464	37776	1176	COMPLETED	true	false	schedule_not_active:ecology.commit_pending:SUCCESS	296513112026800
643	268490276	READY	false	false	-49106	-115854	-160	COMPLETED	true	false	schedule_not_active:ecology.commit_pending:SUCCESS	296513113214800
644	268490284	INCONSISTENT	true	false	46131	41458	-3504	UNKNOWN	false	false	ecology_fenced:catchup.renewal.background_state_invalid:INCONSISTENT	296513113804100
645	268490295	DEAD	true	false	-50077	-115763	-160	COMPLETED	true	false	ecology_fenced:ecology.commit_pending:SUCCESS	296513115030800
646	268490303	DEAD	false	false	-86401	253927	-3736	COMPLETED	true	false	schedule_not_active:ecology.commit_pending:SUCCESS	296513115975400
647	268490311	READY	false	false	52710	55450	-3320	UNKNOWN	false	false	schedule_not_active:ecology.commit_pending:NATIVE_CONTEXT_REQUIRED	296513116931000
648	268490319	READY	true	false	52710	55450	-3320	UNKNOWN	false	false	ecology_fenced:ecology.commit_pending:NATIVE_CONTEXT_REQUIRED	296513117967700
649	268490327	READY	true	false	-49106	-115854	-160	COMPLETED	true	false	ecology_fenced:ecology.commit_pending:SUCCESS	296513119056800
650	268490335	READY	false	false	-86401	253927	-3736	UNKNOWN	false	false	schedule_not_active:ecology.commit_pending:NATIVE_CONTEXT_REQUIRED	296513120233000
651	268490342	READY	false	false	-49106	-115854	-160	COMPLETED	true	false	schedule_not_active:ecology.commit_pending:SUCCESS	296513121357000
652	268490349	INCONSISTENT	true	false	44126	42751	-3488	UNKNOWN	false	false	ecology_fenced:catchup.renewal.background_state_invalid:INCONSISTENT	296513121806100
653	268490356	READY	true	false	-49106	-115854	-160	COMPLETED	true	false	ecology_fenced:ecology.commit_pending:SUCCESS	296513122882600
654	268490365	READY	true	false	119336	-180368	-2368	UNKNOWN	false	false	ecology_fenced:ecology.commit_pending:NATIVE_CONTEXT_REQUIRED	296513123833400
655	268490375	READY	false	false	24496	9206	-3584	COMPLETED	true	false	schedule_not_active:ecology.commit_pending:SUCCESS	296513124874600
656	268490384	READY	false	false	48712	55466	-3464	COMPLETED	false	false	schedule_not_active:ecology.commit_pending:SUCCESS	296513126204400
657	268490391	READY	true	false	-50077	-115763	-160	COMPLETED	false	false	ecology_fenced:ecology.commit_pending:SUCCESS	296513127463500
658	268490398	DEAD	true	false	-86401	253927	-3736	COMPLETED	true	false	ecology_fenced:ecology.commit_pending:SUCCESS	296513128639800
659	268490406	READY	false	false	-86401	253927	-3736	UNKNOWN	false	false	schedule_not_active:ecology.commit_pending:NATIVE_CONTEXT_REQUIRED	296513129496000
660	268490415	DEAD	false	false	-86401	253927	-3736	COMPLETED	true	false	schedule_not_active:ecology.commit_pending:SUCCESS	296513130498900
661	268490422	DEAD	true	false	-86401	253927	-3736	COMPLETED	true	false	ecology_fenced:ecology.commit_pending:SUCCESS	296513131523800
662	268490429	DEAD	true	false	119877	-202135	-3456	COMPLETED	true	false	ecology_fenced:ecology.commit_pending:SUCCESS	296513132540500
663	268490438	DEAD	false	false	52710	55450	-3320	COMPLETED	true	false	schedule_not_active:ecology.commit_pending:SUCCESS	296513133495500
664	268490445	READY	false	false	-84312	252645	-3664	UNKNOWN	false	false	schedule_not_active:ecology.commit_pending:NATIVE_CONTEXT_REQUIRED	296513134427400
665	268490453	READY	true	false	24496	9206	-3584	COMPLETED	true	false	ecology_fenced:ecology.commit_pending:SUCCESS	296513135524200
666	268490462	READY	true	false	51500	59679	-3368	UNKNOWN	false	false	ecology_fenced:ecology.commit_pending:NATIVE_CONTEXT_REQUIRED	296513136431900
667	268490471	READY	true	false	24496	9206	-3584	COMPLETED	true	false	ecology_fenced:ecology.commit_pending:SUCCESS	296513137419000
668	268490480	DEAD	false	false	24496	9206	-3584	COMPLETED	true	false	schedule_not_active:ecology.commit_pending:SUCCESS	296513138364500
669	268490487	DEAD	false	false	-125615	37771	1176	COMPLETED	true	false	schedule_not_active:ecology.commit_pending:SUCCESS	296513139257200
670	268490496	DEAD	true	false	-86401	253927	-3736	COMPLETED	true	false	ecology_fenced:ecology.commit_pending:SUCCESS	296513140318100
671	268490504	READY	true	false	24496	9206	-3584	COMPLETED	true	false	ecology_fenced:ecology.commit_pending:SUCCESS	296513141544800
672	268490513	DEAD	false	false	-50077	-115763	-160	COMPLETED	true	false	schedule_not_active:ecology.commit_pending:SUCCESS	296513142907200
673	268490515	DEAD	false	false	-125607	38452	1176	COMPLETED	true	false	schedule_not_active:ecology.commit_pending:SUCCESS	296513144040000
674	268490530	READY	true	false	51500	59679	-3368	UNKNOWN	false	false	ecology_fenced:ecology.commit_pending:NATIVE_CONTEXT_REQUIRED	296513144977300
675	268490532	READY	true	false	-84312	252645	-3664	UNKNOWN	false	false	ecology_fenced:ecology.commit_pending:NATIVE_CONTEXT_REQUIRED	296513145795100
676	268490547	DEAD	false	false	52710	55450	-3320	COMPLETED	true	false	schedule_not_active:ecology.commit_pending:SUCCESS	296513146727200
677	268490548	DEAD	false	false	119877	-202135	-3456	COMPLETED	true	false	schedule_not_active:ecology.commit_pending:SUCCESS	296513147759000
678	268490565	READY	false	false	24496	9206	-3584	COMPLETED	true	false	schedule_not_active:ecology.commit_pending:SUCCESS	296513148815500
679	268490566	DEAD	true	false	-86401	253927	-3736	COMPLETED	true	false	ecology_fenced:ecology.commit_pending:SUCCESS	296513149739000
680	268490582	READY	true	false	24496	9206	-3584	COMPLETED	true	false	ecology_fenced:ecology.commit_pending:SUCCESS	296513150761900
681	268490585	DEAD	false	false	-50077	-115763	-160	COMPLETED	true	false	schedule_not_active:ecology.commit_pending:SUCCESS	296513151785800
682	268490598	READY	false	false	52710	55450	-3320	UNKNOWN	false	false	schedule_not_active:ecology.commit_pending:NATIVE_CONTEXT_REQUIRED	296513153009900
683	268490599	READY	true	false	24496	9206	-3584	COMPLETED	true	false	ecology_fenced:ecology.commit_pending:SUCCESS	296513154203400
684	268490614	READY	true	false	-50077	-115763	-160	COMPLETED	true	false	ecology_fenced:ecology.commit_pending:SUCCESS	296513155227100
685	268490615	READY	false	false	119336	-180368	-2368	UNKNOWN	false	false	schedule_not_active:ecology.commit_pending:NATIVE_CONTEXT_REQUIRED	296513156316200
686	268490629	READY	false	false	24496	9206	-3584	COMPLETED	true	false	schedule_not_active:ecology.commit_pending:SUCCESS	296513157354400
687	268490630	READY	true	false	-49106	-115854	-160	COMPLETED	true	false	ecology_fenced:ecology.commit_pending:SUCCESS	296513158352600
688	268490645	READY	true	false	51500	59679	-3368	UNKNOWN	false	false	ecology_fenced:ecology.commit_pending:NATIVE_CONTEXT_REQUIRED	296513159770400
689	268490647	READY	false	false	-49106	-115854	-160	COMPLETED	true	false	schedule_not_active:ecology.commit_pending:SUCCESS	296513161439100
690	268490663	READY	false	false	48712	55466	-3464	COMPLETED	true	false	schedule_not_active:ecology.commit_pending:SUCCESS	296513162773000
691	268490664	READY	false	false	24496	9206	-3584	COMPLETED	true	false	schedule_not_active:ecology.commit_pending:SUCCESS	296513164059400
692	268490680	INCONSISTENT	true	false	-90610	248293	-3568	UNKNOWN	false	false	ecology_fenced:ecology.cursor_pending:INCONSISTENT	296513164690100
693	268490683	READY	true	false	119877	-202135	-3456	UNKNOWN	false	false	ecology_fenced:ecology.commit_pending:NATIVE_CONTEXT_REQUIRED	296513166009900
694	268490698	DEAD	false	false	-86401	253927	-3736	COMPLETED	true	false	schedule_not_active:ecology.commit_pending:SUCCESS	296513167042500
695	268490699	DEAD	false	false	-86401	253927	-3736	COMPLETED	true	false	schedule_not_active:ecology.commit_pending:SUCCESS	296513168022100
696	268490713	DEAD	true	false	-86401	253927	-3736	COMPLETED	true	false	ecology_fenced:ecology.commit_pending:SUCCESS	296513169226400
697	268490714	READY	true	false	48712	55466	-3464	COMPLETED	true	false	ecology_fenced:ecology.commit_pending:SUCCESS	296513170161600
698	268490730	READY	false	false	24496	9206	-3584	COMPLETED	true	false	schedule_not_active:ecology.commit_pending:SUCCESS	296513171252900
699	268490731	DEAD	false	false	-50077	-115763	-160	COMPLETED	true	false	schedule_not_active:ecology.commit_pending:SUCCESS	296513172187500
700	268490747	READY	true	false	119877	-202135	-3456	UNKNOWN	false	false	ecology_fenced:ecology.commit_pending:NATIVE_CONTEXT_REQUIRED	296513173110800
701	268490748	DEAD	true	false	-86401	253927	-3736	COMPLETED	true	false	ecology_fenced:ecology.commit_pending:SUCCESS	296513174239800
702	268490763	READY	false	false	24496	9206	-3584	COMPLETED	true	false	schedule_not_active:ecology.commit_pending:SUCCESS	296513175672200
703	268490764	DEAD	false	false	-86401	253927	-3736	COMPLETED	true	false	schedule_not_active:ecology.commit_pending:SUCCESS	296513177093900
704	268490778	READY	false	false	48712	55466	-3464	COMPLETED	true	false	schedule_not_active:ecology.commit_pending:SUCCESS	296513178273300
705	268490779	READY	true	false	52710	55450	-3320	UNKNOWN	false	false	ecology_fenced:ecology.commit_pending:NATIVE_CONTEXT_REQUIRED	296513179358100
706	268490796	READY	true	false	52710	55450	-3320	UNKNOWN	false	false	ecology_fenced:ecology.commit_pending:NATIVE_CONTEXT_REQUIRED	296513180294700
707	268490797	DEAD	false	false	-50077	-115763	-160	COMPLETED	true	false	schedule_not_active:ecology.commit_pending:SUCCESS	296513181183400
708	268490812	READY	false	false	119336	-180368	-2368	UNKNOWN	false	false	schedule_not_active:ecology.commit_pending:NATIVE_CONTEXT_REQUIRED	296513182240700
709	268490820	READY	true	false	-50077	-115763	-160	COMPLETED	true	false	ecology_fenced:ecology.commit_pending:SUCCESS	296513183199700
710	268490837	DEAD	true	false	-125472	38450	1176	COMPLETED	true	false	ecology_fenced:ecology.commit_pending:SUCCESS	296513184114800
711	268490838	DEAD	false	false	54714	51620	-3592	COMPLETED	true	false	schedule_not_active:ecology.commit_pending:SUCCESS	296513185120300
712	268490854	READY	false	false	-50077	-115763	-160	COMPLETED	true	false	schedule_not_active:ecology.commit_pending:SUCCESS	296513186167600
713	268490855	READY	true	false	-86401	253927	-3736	UNKNOWN	false	false	ecology_fenced:ecology.commit_pending:NATIVE_CONTEXT_REQUIRED	296513187099300
714	268490874	READY	true	false	-50077	-115763	-160	COMPLETED	true	false	ecology_fenced:ecology.commit_pending:SUCCESS	296513188166900
715	268490875	DEAD	false	false	-125472	38450	1176	COMPLETED	true	false	schedule_not_active:ecology.commit_pending:SUCCESS	296513189086600
716	268490889	READY	false	false	119877	-202135	-3456	UNKNOWN	false	false	schedule_not_active:ecology.commit_pending:NATIVE_CONTEXT_REQUIRED	296513190148200
717	268490890	INCONSISTENT	false	false	44126	42751	-3488	UNKNOWN	false	false	schedule_not_active:ecology.cursor_pending:INCONSISTENT	296513190709500
718	268490905	READY	true	false	52710	55450	-3320	UNKNOWN	false	false	ecology_fenced:ecology.commit_pending:NATIVE_CONTEXT_REQUIRED	296513191879000
719	268490906	READY	true	false	-86401	253927	-3736	UNKNOWN	false	false	ecology_fenced:ecology.commit_pending:NATIVE_CONTEXT_REQUIRED	296513192971900
720	268490921	DEAD	false	false	24496	9206	-3584	COMPLETED	true	false	schedule_not_active:ecology.commit_pending:SUCCESS	296513194238900
721	268490922	DEAD	false	false	-86401	253927	-3736	COMPLETED	true	false	schedule_not_active:ecology.commit_pending:SUCCESS	296513195227200
722	268490936	READY	true	false	-50077	-115763	-160	COMPLETED	false	false	ecology_fenced:ecology.commit_pending:SUCCESS	296513196144500
723	268490937	READY	true	false	-50077	-115763	-160	COMPLETED	true	false	ecology_fenced:ecology.commit_pending:SUCCESS	296513197067900
724	268490951	DEAD	false	false	52710	55450	-3320	COMPLETED	true	false	schedule_not_active:ecology.commit_pending:SUCCESS	296513198165400
725	268490952	DEAD	false	false	-86401	253927	-3736	COMPLETED	true	false	schedule_not_active:ecology.commit_pending:SUCCESS	296513199121100
726	268490966	READY	true	false	53398	63278	-3480	UNKNOWN	false	false	ecology_fenced:ecology.commit_pending:NATIVE_CONTEXT_REQUIRED	296513199939200
727	268490967	DEAD	true	false	-125531	37944	1176	COMPLETED	true	false	ecology_fenced:ecology.commit_pending:SUCCESS	296513200763800
728	268490982	READY	true	false	52710	55450	-3320	UNKNOWN	false	false	ecology_fenced:ecology.commit_pending:NATIVE_CONTEXT_REQUIRED	296513201747100
729	268490983	DEAD	false	false	-86401	253927	-3736	COMPLETED	true	false	schedule_not_active:ecology.commit_pending:SUCCESS	296513202710000
730	268490997	READY	false	false	24496	9206	-3584	COMPLETED	true	false	schedule_not_active:ecology.commit_pending:SUCCESS	296513203650200
731	268490998	READY	true	false	119336	-180368	-2368	UNKNOWN	false	false	ecology_fenced:ecology.commit_pending:NATIVE_CONTEXT_REQUIRED	296513204519100
732	268491014	READY	true	false	-50077	-115763	-160	COMPLETED	true	false	ecology_fenced:ecology.commit_pending:SUCCESS	296513205492100
733	268491015	READY	false	false	48712	55466	-3464	COMPLETED	true	false	schedule_not_active:ecology.commit_pending:SUCCESS	296513206460200
734	268491031	READY	false	false	24496	9206	-3584	COMPLETED	true	false	schedule_not_active:ecology.commit_pending:SUCCESS	296513207489200
735	268491032	READY	true	false	24496	9206	-3584	COMPLETED	true	false	ecology_fenced:ecology.commit_pending:SUCCESS	296513208953300
736	268491046	READY	true	false	24496	9206	-3584	COMPLETED	true	false	ecology_fenced:ecology.commit_pending:SUCCESS	296513210274200
737	268491047	DEAD	false	false	-86401	253927	-3736	COMPLETED	true	false	schedule_not_active:ecology.commit_pending:SUCCESS	296513211196700
738	268491063	DEAD	false	false	-50077	-115763	-160	COMPLETED	true	false	schedule_not_active:ecology.commit_pending:SUCCESS	296513212149200
739	268491064	READY	true	false	119336	-180368	-2368	UNKNOWN	false	false	ecology_fenced:ecology.commit_pending:NATIVE_CONTEXT_REQUIRED	296513213020700
740	268491078	READY	true	false	24496	9206	-3584	COMPLETED	true	false	ecology_fenced:ecology.commit_pending:SUCCESS	296513214082500
741	268491079	READY	true	false	-50077	-115763	-160	COMPLETED	true	false	ecology_fenced:ecology.commit_pending:SUCCESS	296513215021100
742	268491094	READY	false	false	-50077	-115763	-160	COMPLETED	true	false	schedule_not_active:ecology.commit_pending:SUCCESS	296513215957300
743	268491095	READY	false	false	24496	9206	-3584	COMPLETED	true	false	schedule_not_active:ecology.commit_pending:SUCCESS	296513216914200
744	268491112	READY	true	false	-86401	253927	-3736	UNKNOWN	false	false	ecology_fenced:ecology.commit_pending:NATIVE_CONTEXT_REQUIRED	296513217760700
745	268491113	DEAD	true	false	-50077	-115763	-160	COMPLETED	true	false	ecology_fenced:ecology.commit_pending:SUCCESS	296513218803500
746	268491128	DEAD	false	false	-50077	-115763	-160	COMPLETED	true	false	schedule_not_active:ecology.commit_pending:SUCCESS	296513219725100
747	268491130	READY	false	false	-50077	-115763	-160	COMPLETED	true	false	schedule_not_active:ecology.commit_pending:SUCCESS	296513220644900
748	268491146	READY	true	false	51500	59679	-3368	UNKNOWN	false	false	ecology_fenced:ecology.commit_pending:NATIVE_CONTEXT_REQUIRED	296513221630400
749	268491147	READY	true	false	-50077	-115763	-160	COMPLETED	true	false	ecology_fenced:ecology.commit_pending:SUCCESS	296513222627200
750	268491160	DEAD	false	false	24496	9206	-3584	COMPLETED	true	false	schedule_not_active:ecology.commit_pending:SUCCESS	296513223655600
751	268491161	READY	false	false	52710	55450	-3320	COMPLETED	false	false	schedule_not_active:ecology.commit_pending:SUCCESS	296513224666400
752	268491177	READY	true	false	46045	41251	-3504	COMPLETED	false	false	ecology_fenced:ecology.preparation_capacity:SUCCESS	296513226103000
753	268491178	READY	true	false	24496	9206	-3584	COMPLETED	true	false	ecology_fenced:ecology.commit_pending:SUCCESS	296513227343700
754	268491192	READY	true	false	115488	-179664	-888	COMPLETED	false	false	ecology_fenced:ecology.commit_pending:SUCCESS	296513228286700
755	268491194	DEAD	false	false	-125607	38452	1176	COMPLETED	true	false	schedule_not_active:ecology.commit_pending:SUCCESS	296513229208500
756	268491211	READY	false	false	52710	55450	-3320	COMPLETED	false	false	schedule_not_active:ecology.commit_pending:SUCCESS	296513230128000
757	268491212	READY	true	false	52710	55450	-3320	UNKNOWN	false	false	ecology_fenced:ecology.commit_pending:NATIVE_CONTEXT_REQUIRED	296513231102200
758	268491228	READY	true	false	52710	55450	-3320	UNKNOWN	false	false	ecology_fenced:ecology.commit_pending:NATIVE_CONTEXT_REQUIRED	296513232055700
759	268491229	READY	false	false	48712	55466	-3464	COMPLETED	false	false	schedule_not_active:ecology.commit_pending:SUCCESS	296513232898000
760	268491244	DEAD	false	false	52710	55450	-3320	COMPLETED	true	false	schedule_not_active:ecology.commit_pending:SUCCESS	296513233748700
761	268491245	READY	true	false	-49106	-115854	-160	COMPLETED	true	false	ecology_fenced:ecology.commit_pending:SUCCESS	296513234708300
762	268491274	READY	true	false	115758	-182753	-1448	COMPLETED	false	false	ecology_fenced:ecology.commit_pending:SUCCESS	296513235673400
763	268491275	READY	false	false	24496	9206	-3584	COMPLETED	true	false	schedule_not_active:ecology.commit_pending:SUCCESS	296513236694000
764	268491298	INCONSISTENT	false	false	44126	42751	-3488	UNKNOWN	false	false	schedule_not_active:ecology.cursor_pending:INCONSISTENT	296513237190400
765	268491299	READY	true	false	-50077	-115763	-160	COMPLETED	true	false	ecology_fenced:ecology.commit_pending:SUCCESS	296513238174000
766	268491315	READY	true	false	-90072	248328	-3568	COMPLETED	false	false	ecology_fenced:ecology.commit_pending:SUCCESS	296513239104800
767	268491317	READY	true	false	52710	55450	-3320	UNKNOWN	false	false	ecology_fenced:ecology.commit_pending:NATIVE_CONTEXT_REQUIRED	296513240083800
768	268491332	DEAD	false	false	-50077	-115763	-160	COMPLETED	true	false	schedule_not_active:ecology.commit_pending:SUCCESS	296513241064100
769	268491333	DEAD	false	false	-125531	37944	1176	COMPLETED	true	false	schedule_not_active:ecology.commit_pending:SUCCESS	296513242300000
770	268491348	READY	true	false	-86401	253927	-3736	UNKNOWN	false	false	ecology_fenced:ecology.commit_pending:NATIVE_CONTEXT_REQUIRED	296513243416500
771	268491349	READY	true	false	51500	59679	-3368	UNKNOWN	false	false	ecology_fenced:ecology.commit_pending:NATIVE_CONTEXT_REQUIRED	296513244351900
772	268491366	DEAD	false	false	-50077	-115763	-160	COMPLETED	true	false	schedule_not_active:ecology.commit_pending:SUCCESS	296513245218600
773	268491367	READY	false	false	24496	9206	-3584	COMPLETED	true	false	schedule_not_active:ecology.commit_pending:SUCCESS	296513246197000
774	268491381	READY	true	false	24496	9206	-3584	COMPLETED	true	false	ecology_fenced:ecology.commit_pending:SUCCESS	296513247228900
775	268491382	DEAD	true	false	48712	55466	-3464	COMPLETED	true	false	ecology_fenced:ecology.commit_pending:SUCCESS	296513248269300
776	268491397	READY	false	false	48712	55466	-3464	COMPLETED	true	false	schedule_not_active:ecology.commit_pending:SUCCESS	296513249146800
777	268491398	READY	false	false	119336	-180368	-2368	UNKNOWN	false	false	schedule_not_active:ecology.commit_pending:NATIVE_CONTEXT_REQUIRED	296513249953300
778	268491414	DEAD	false	false	-86401	253927	-3736	COMPLETED	true	false	schedule_not_active:ecology.commit_pending:SUCCESS	296513250787700
779	268491415	READY	true	false	-86401	253927	-3736	UNKNOWN	false	false	ecology_fenced:ecology.commit_pending:NATIVE_CONTEXT_REQUIRED	296513251684200
780	268491436	DEAD	true	false	-125607	38452	1176	COMPLETED	true	false	ecology_fenced:ecology.commit_pending:SUCCESS	296513252763200
781	268491437	READY	false	false	-50077	-115763	-160	COMPLETED	true	false	schedule_not_active:ecology.commit_pending:SUCCESS	296513253724900
782	268491452	DEAD	false	false	53398	63278	-3480	COMPLETED	true	false	schedule_not_active:ecology.commit_pending:SUCCESS	296513254602200
783	268491453	READY	true	false	-90072	248328	-3568	COMPLETED	false	false	ecology_fenced:ecology.commit_pending:SUCCESS	296513255503000
784	268491468	READY	true	false	-90072	248328	-3568	COMPLETED	false	false	ecology_fenced:ecology.commit_pending:SUCCESS	296513256472100
785	268491469	READY	false	false	119336	-180368	-2368	UNKNOWN	false	false	schedule_not_active:ecology.commit_pending:NATIVE_CONTEXT_REQUIRED	296513257408600
786	268491484	DEAD	false	false	-86401	253927	-3736	COMPLETED	true	false	schedule_not_active:ecology.commit_pending:SUCCESS	296513258498200
787	268491485	DEAD	true	false	-50077	-115763	-160	COMPLETED	true	false	ecology_fenced:ecology.commit_pending:SUCCESS	296513259697900
788	268491501	READY	true	false	52710	55450	-3320	UNKNOWN	false	false	ecology_fenced:ecology.commit_pending:NATIVE_CONTEXT_REQUIRED	296513260846300
789	268491502	DEAD	false	false	-125607	38452	1176	COMPLETED	true	false	schedule_not_active:ecology.commit_pending:SUCCESS	296513261686800
790	268491517	READY	false	false	24496	9206	-3584	COMPLETED	true	false	schedule_not_active:ecology.commit_pending:SUCCESS	296513262677300
791	268491518	READY	false	false	24496	9206	-3584	COMPLETED	true	false	schedule_not_active:ecology.commit_pending:SUCCESS	296513263651000
792	268491536	READY	true	false	-50077	-115763	-160	COMPLETED	true	false	ecology_fenced:ecology.commit_pending:SUCCESS	296513264789500
793	268491539	READY	true	false	119336	-180368	-2368	UNKNOWN	false	false	ecology_fenced:ecology.commit_pending:NATIVE_CONTEXT_REQUIRED	296513265740700
794	268491554	DEAD	false	false	24496	9206	-3584	COMPLETED	true	false	schedule_not_active:ecology.commit_pending:SUCCESS	296513266722100
795	268491555	DEAD	false	false	52710	55450	-3320	COMPLETED	true	false	schedule_not_active:ecology.commit_pending:SUCCESS	296513267544700
796	268491570	READY	true	false	51500	59679	-3368	UNKNOWN	false	false	ecology_fenced:ecology.commit_pending:NATIVE_CONTEXT_REQUIRED	296513268506000
797	268491572	READY	true	false	-50077	-115763	-160	COMPLETED	true	false	ecology_fenced:ecology.commit_pending:SUCCESS	296513269457300
798	268491588	READY	false	false	24496	9206	-3584	COMPLETED	true	false	schedule_not_active:ecology.commit_pending:SUCCESS	296513270503000
799	268491589	DEAD	false	false	-49106	-115854	-160	COMPLETED	true	false	schedule_not_active:ecology.commit_pending:SUCCESS	296513271439600
800	268491602	READY	true	false	119336	-180368	-2368	UNKNOWN	false	false	ecology_fenced:ecology.commit_pending:NATIVE_CONTEXT_REQUIRED	296513272291200
801	268491603	READY	true	false	51500	59679	-3368	UNKNOWN	false	false	ecology_fenced:ecology.commit_pending:NATIVE_CONTEXT_REQUIRED	296513273304700
802	268491621	READY	false	false	24496	9206	-3584	COMPLETED	true	false	schedule_not_active:ecology.commit_pending:SUCCESS	296513274378200
803	268491622	READY	false	false	-50077	-115763	-160	COMPLETED	true	false	schedule_not_active:ecology.commit_pending:SUCCESS	296513275675100
804	268491637	DEAD	false	false	-86401	253927	-3736	COMPLETED	true	false	schedule_not_active:ecology.commit_pending:SUCCESS	296513276755000
805	268491638	READY	true	false	53398	63278	-3480	UNKNOWN	false	false	ecology_fenced:ecology.commit_pending:NATIVE_CONTEXT_REQUIRED	296513277723300
806	268491652	READY	true	false	48712	55466	-3464	UNKNOWN	false	false	ecology_fenced:ecology.commit_pending:NATIVE_CONTEXT_REQUIRED	296513278553900
807	268491653	READY	false	false	24496	9206	-3584	COMPLETED	true	false	schedule_not_active:ecology.commit_pending:SUCCESS	296513279432800
808	268491669	READY	false	false	119336	-180368	-2368	UNKNOWN	false	false	schedule_not_active:ecology.commit_pending:NATIVE_CONTEXT_REQUIRED	296513280331100
809	268491670	READY	true	false	-86401	253927	-3736	UNKNOWN	false	false	ecology_fenced:ecology.commit_pending:NATIVE_CONTEXT_REQUIRED	296513281185400
810	268491685	READY	true	false	-84312	252645	-3664	UNKNOWN	false	false	ecology_fenced:ecology.commit_pending:NATIVE_CONTEXT_REQUIRED	296513282048600
811	268491686	DEAD	false	false	-125464	37776	1176	COMPLETED	true	false	schedule_not_active:ecology.cursor_pending:SUCCESS	296513282852800
812	268491702	READY	false	false	-50077	-115763	-160	COMPLETED	true	false	schedule_not_active:ecology.commit_pending:SUCCESS	296513283750400
813	268491703	READY	true	false	52710	55450	-3320	UNKNOWN	false	false	ecology_fenced:ecology.commit_pending:NATIVE_CONTEXT_REQUIRED	296513284685100
814	268491719	READY	true	false	24496	9206	-3584	COMPLETED	true	false	ecology_fenced:ecology.commit_pending:SUCCESS	296513285694800
815	268491721	DEAD	false	false	-125472	38450	1176	COMPLETED	true	false	schedule_not_active:ecology.commit_pending:SUCCESS	296513286575400
816	268491737	READY	false	false	119336	-180368	-2368	UNKNOWN	false	false	schedule_not_active:ecology.commit_pending:NATIVE_CONTEXT_REQUIRED	296513287484500
817	268491738	READY	false	false	24496	9206	-3584	COMPLETED	true	false	schedule_not_active:ecology.commit_pending:SUCCESS	296513288476100
818	268491755	READY	true	false	24496	9206	-3584	COMPLETED	true	false	ecology_fenced:ecology.commit_pending:SUCCESS	296513289462400
819	268491756	DEAD	true	false	-125615	37771	1176	COMPLETED	true	false	ecology_fenced:ecology.commit_pending:SUCCESS	296513290511100
820	268491771	DEAD	false	false	-86401	253927	-3736	COMPLETED	true	false	schedule_not_active:ecology.commit_pending:SUCCESS	296513291627700
821	268491772	READY	false	false	24496	9206	-3584	COMPLETED	true	false	schedule_not_active:ecology.commit_pending:SUCCESS	296513292826700
822	268491786	READY	true	false	51500	59679	-3368	UNKNOWN	false	false	ecology_fenced:ecology.commit_pending:NATIVE_CONTEXT_REQUIRED	296513294097900
823	268491788	READY	true	false	-50077	-115763	-160	COMPLETED	true	false	ecology_fenced:ecology.commit_pending:SUCCESS	296513295119700
824	268491803	READY	false	false	-49106	-115854	-160	COMPLETED	true	false	schedule_not_active:ecology.commit_pending:SUCCESS	296513296001500
825	268491804	INCONSISTENT	false	false	44126	42751	-3488	UNKNOWN	false	false	schedule_not_active:ecology.cursor_pending:INCONSISTENT	296513296458500
826	268491818	READY	true	false	-90072	248328	-3568	COMPLETED	false	false	ecology_fenced:ecology.commit_pending:SUCCESS	296513297500300
827	268491819	READY	true	false	-90072	248328	-3568	COMPLETED	false	false	ecology_fenced:ecology.commit_pending:SUCCESS	296513298494600
828	268491834	READY	true	false	24496	9206	-3584	COMPLETED	true	false	ecology_fenced:ecology.commit_pending:SUCCESS	296513299522100
829	268491835	INCONSISTENT	false	false	44126	42751	-3488	UNKNOWN	false	false	schedule_not_active:ecology.cursor_pending:INCONSISTENT	296513300061700
830	268491849	READY	false	false	-50077	-115763	-160	COMPLETED	true	false	schedule_not_active:ecology.commit_pending:SUCCESS	296513301024600
831	268491850	READY	true	false	119336	-180368	-2368	UNKNOWN	false	false	ecology_fenced:ecology.commit_pending:NATIVE_CONTEXT_REQUIRED	296513302157200
832	268491865	READY	true	false	46045	41251	-3504	COMPLETED	false	false	ecology_fenced:ecology.preparation_capacity:SUCCESS	296513303117300
833	268491866	READY	false	false	24496	9206	-3584	COMPLETED	true	false	schedule_not_active:ecology.commit_pending:SUCCESS	296513304064100
834	268491881	READY	false	false	-50077	-115763	-160	COMPLETED	true	false	schedule_not_active:ecology.commit_pending:SUCCESS	296513304882400
835	268491882	READY	true	false	24496	9206	-3584	COMPLETED	true	false	ecology_fenced:ecology.commit_pending:SUCCESS	296513305846000
836	268491897	READY	true	false	24496	9206	-3584	COMPLETED	true	false	ecology_fenced:ecology.commit_pending:SUCCESS	296513306984900
837	268491898	DEAD	false	false	-49106	-115854	-160	COMPLETED	true	false	schedule_not_active:ecology.commit_pending:SUCCESS	296513308006800
838	268491916	DEAD	false	false	-86401	253927	-3736	COMPLETED	true	false	schedule_not_active:ecology.commit_pending:SUCCESS	296513309270900
839	268491918	READY	true	false	115758	-182753	-1448	COMPLETED	false	false	ecology_fenced:ecology.commit_pending:SUCCESS	296513310403200
840	268491933	READY	true	false	-125464	37776	1176	COMPLETED	false	false	ecology_fenced:ecology.commit_pending:SUCCESS	296513311350900
841	268491934	READY	true	false	48712	55466	-3464	COMPLETED	true	false	ecology_fenced:ecology.commit_pending:SUCCESS	296513312227600
842	268491949	INCONSISTENT	false	false	54714	51620	-3592	UNKNOWN	false	false	schedule_not_active:ecology.cursor_pending:INCONSISTENT	296513312632600
843	268491951	DEAD	false	false	-125472	38450	1176	COMPLETED	true	false	schedule_not_active:ecology.commit_pending:SUCCESS	296513313600300
844	268491966	READY	true	false	24496	9206	-3584	COMPLETED	true	false	ecology_fenced:ecology.commit_pending:SUCCESS	296513314719200
845	268491967	DEAD	true	false	24496	9206	-3584	COMPLETED	true	false	ecology_fenced:ecology.commit_pending:SUCCESS	296513315747500
846	268491982	DEAD	false	false	-125607	38452	1176	COMPLETED	true	false	schedule_not_active:ecology.commit_pending:SUCCESS	296513316631900
847	268491985	READY	false	false	-49106	-115854	-160	COMPLETED	true	false	schedule_not_active:ecology.commit_pending:SUCCESS	296513317567000
848	268492001	DEAD	true	false	24496	9206	-3584	COMPLETED	true	false	ecology_fenced:ecology.commit_pending:SUCCESS	296513318510500
849	268492003	READY	true	false	-86401	253927	-3736	UNKNOWN	false	false	ecology_fenced:ecology.commit_pending:NATIVE_CONTEXT_REQUIRED	296513319432100
850	268492018	DEAD	false	false	24496	9206	-3584	COMPLETED	true	false	schedule_not_active:ecology.commit_pending:SUCCESS	296513320438000
851	268492019	READY	false	false	24496	9206	-3584	COMPLETED	true	false	schedule_not_active:ecology.commit_pending:SUCCESS	296513321409600
852	268492038	DEAD	true	false	24496	9206	-3584	COMPLETED	true	false	ecology_fenced:ecology.commit_pending:SUCCESS	296513322258900
853	268492039	READY	true	false	54714	51620	-3592	UNKNOWN	false	false	ecology_fenced:ecology.commit_pending:NATIVE_CONTEXT_REQUIRED	296513323236200
854	268492053	READY	true	false	119877	-202135	-3456	UNKNOWN	false	false	ecology_fenced:ecology.commit_pending:NATIVE_CONTEXT_REQUIRED	296513324227800
855	268492054	READY	false	false	24496	9206	-3584	COMPLETED	true	false	schedule_not_active:ecology.commit_pending:SUCCESS	296513325653800
856	268492069	READY	false	false	-86401	253927	-3736	UNKNOWN	false	false	schedule_not_active:ecology.commit_pending:NATIVE_CONTEXT_REQUIRED	296513326811000
857	268492070	READY	true	false	-50077	-115763	-160	COMPLETED	true	false	ecology_fenced:ecology.commit_pending:SUCCESS	296513327913200
858	268492087	READY	true	false	51500	59679	-3368	UNKNOWN	false	false	ecology_fenced:ecology.commit_pending:NATIVE_CONTEXT_REQUIRED	296513328773200
859	268492088	READY	false	false	24496	9206	-3584	COMPLETED	true	false	schedule_not_active:ecology.commit_pending:SUCCESS	296513329650900
860	268492102	DEAD	false	false	-86401	253927	-3736	COMPLETED	true	false	schedule_not_active:ecology.commit_pending:SUCCESS	296513330571400
861	268492103	READY	true	false	-86401	253927	-3736	COMPLETED	true	false	ecology_fenced:ecology.commit_pending:SUCCESS	296513331497200
862	268492118	READY	true	false	119877	-202135	-3456	UNKNOWN	false	false	ecology_fenced:ecology.commit_pending:NATIVE_CONTEXT_REQUIRED	296513332300400
863	268492119	READY	false	false	24496	9206	-3584	COMPLETED	true	false	schedule_not_active:ecology.commit_pending:SUCCESS	296513333059600
864	268492135	READY	false	false	-49106	-115854	-160	COMPLETED	true	false	schedule_not_active:ecology.commit_pending:SUCCESS	296513334070800
865	268492136	READY	true	false	-50077	-115763	-160	COMPLETED	true	false	ecology_fenced:ecology.commit_pending:SUCCESS	296513335250700
866	268492151	INCONSISTENT	true	false	-90072	248328	-3568	UNKNOWN	false	false	ecology_fenced:ecology.cursor_pending:INCONSISTENT	296513335743700
867	268492152	READY	true	false	52710	55450	-3320	UNKNOWN	false	false	ecology_fenced:ecology.commit_pending:NATIVE_CONTEXT_REQUIRED	296513336707300
868	268492169	DEAD	false	false	-86401	253927	-3736	COMPLETED	true	false	schedule_not_active:ecology.commit_pending:SUCCESS	296513337665000
869	268492170	DEAD	false	false	-86401	253927	-3736	COMPLETED	true	false	schedule_not_active:ecology.commit_pending:SUCCESS	296513338606900
870	268492184	READY	true	false	-50077	-115763	-160	COMPLETED	true	false	ecology_fenced:ecology.commit_pending:SUCCESS	296513339688700
871	268492186	READY	true	false	-90072	248328	-3568	COMPLETED	false	false	ecology_fenced:ecology.commit_pending:SUCCESS	296513340730500
872	268492202	DEAD	false	false	54714	51620	-3592	COMPLETED	true	false	schedule_not_active:ecology.commit_pending:SUCCESS	296513341923500
873	268492203	READY	false	false	-84312	252645	-3664	UNKNOWN	false	false	schedule_not_active:ecology.commit_pending:NATIVE_CONTEXT_REQUIRED	296513342840200
874	268492219	READY	true	false	-49106	-115854	-160	COMPLETED	true	false	ecology_fenced:ecology.commit_pending:SUCCESS	296513343820800
875	268492221	READY	true	false	24496	9206	-3584	COMPLETED	true	false	ecology_fenced:ecology.commit_pending:SUCCESS	296513344764700
876	268492234	READY	false	false	52710	55450	-3320	COMPLETED	false	false	schedule_not_active:ecology.commit_pending:SUCCESS	296513345568500
877	268492236	READY	false	false	119336	-180368	-2368	UNKNOWN	false	false	schedule_not_active:ecology.commit_pending:NATIVE_CONTEXT_REQUIRED	296513346416200
878	268492253	READY	false	false	52710	55450	-3320	COMPLETED	false	false	schedule_not_active:ecology.commit_pending:SUCCESS	296513347330000
879	268492255	READY	true	false	46045	41251	-3504	COMPLETED	false	false	ecology_fenced:ecology.preparation_capacity:SUCCESS	296513348500700
880	268492269	READY	true	false	51500	59679	-3368	UNKNOWN	false	false	ecology_fenced:ecology.commit_pending:NATIVE_CONTEXT_REQUIRED	296513349305700
881	268492271	READY	false	false	24496	9206	-3584	COMPLETED	true	false	schedule_not_active:ecology.commit_pending:SUCCESS	296513350199100
882	268492286	DEAD	false	false	51500	59679	-3368	COMPLETED	true	false	schedule_not_active:ecology.commit_pending:SUCCESS	296513351050800
883	268492287	READY	true	false	24496	9206	-3584	COMPLETED	true	false	ecology_fenced:ecology.commit_pending:SUCCESS	296513352107800
884	268492301	READY	true	false	-90072	248328	-3568	COMPLETED	false	false	ecology_fenced:ecology.commit_pending:SUCCESS	296513352961700
885	268492302	READY	false	false	119336	-180368	-2368	UNKNOWN	false	false	schedule_not_active:ecology.commit_pending:NATIVE_CONTEXT_REQUIRED	296513353803900
886	268492318	DEAD	false	false	-125531	37944	1176	COMPLETED	true	false	schedule_not_active:ecology.commit_pending:SUCCESS	296513354631300
887	268492320	READY	true	false	24496	9206	-3584	COMPLETED	true	false	ecology_fenced:ecology.commit_pending:SUCCESS	296513355618800
888	268492334	INCONSISTENT	true	false	46131	41458	-3504	UNKNOWN	false	false	ecology_fenced:catchup.renewal.background_state_invalid:INCONSISTENT	296513356197200
889	268492336	DEAD	false	false	-49106	-115854	-160	COMPLETED	true	false	schedule_not_active:ecology.cursor_pending:SUCCESS	296513357283600
890	268492350	READY	false	false	-84312	252645	-3664	UNKNOWN	false	false	schedule_not_active:ecology.commit_pending:NATIVE_CONTEXT_REQUIRED	296513358557900
891	268492352	INCONSISTENT	false	false	44126	42751	-3488	UNKNOWN	false	false	schedule_not_active:ecology.cursor_pending:INCONSISTENT	296513359201200
892	268492368	DEAD	true	false	-125607	38452	1176	COMPLETED	true	false	ecology_fenced:ecology.commit_pending:SUCCESS	296513360395500
893	268492369	READY	true	false	119336	-180368	-2368	UNKNOWN	false	false	ecology_fenced:ecology.commit_pending:NATIVE_CONTEXT_REQUIRED	296513361143000
894	268492385	READY	false	false	-50077	-115763	-160	COMPLETED	true	false	schedule_not_active:ecology.commit_pending:SUCCESS	296513361899400
895	268492387	READY	false	false	-49106	-115854	-160	COMPLETED	true	false	schedule_not_active:ecology.commit_pending:SUCCESS	296513362914500
896	268492403	READY	true	false	-50077	-115763	-160	COMPLETED	true	false	ecology_fenced:ecology.commit_pending:SUCCESS	296513363919800
897	268492404	READY	true	false	-86401	253927	-3736	UNKNOWN	false	false	ecology_fenced:ecology.commit_pending:NATIVE_CONTEXT_REQUIRED	296513365100400
898	268492420	INCONSISTENT	false	false	-90918	248070	-3568	UNKNOWN	false	false	schedule_not_active:ecology.cursor_pending:INCONSISTENT	296513365758800
899	268492421	DEAD	false	false	-50077	-115763	-160	COMPLETED	true	false	schedule_not_active:ecology.commit_pending:SUCCESS	296513366684800
900	268492434	READY	true	false	115488	-179664	-888	COMPLETED	false	false	ecology_fenced:ecology.commit_pending:SUCCESS	296513367569300
901	268492435	READY	true	false	-50077	-115763	-160	COMPLETED	true	false	ecology_fenced:ecology.commit_pending:SUCCESS	296513368547000
902	268492451	READY	false	false	-50077	-115763	-160	COMPLETED	true	false	schedule_not_active:ecology.commit_pending:SUCCESS	296513369557000
903	268492452	DEAD	false	false	-125464	37776	1176	COMPLETED	true	false	schedule_not_active:ecology.commit_pending:SUCCESS	296513370449500
904	268492469	READY	false	false	-50077	-115763	-160	COMPLETED	true	false	schedule_not_active:ecology.commit_pending:SUCCESS	296513371393500
905	268492470	READY	true	false	24496	9206	-3584	COMPLETED	true	false	ecology_fenced:ecology.commit_pending:SUCCESS	296513372464100
906	268492485	READY	true	false	-90072	248328	-3568	COMPLETED	false	false	ecology_fenced:ecology.commit_pending:SUCCESS	296513373473400
907	268492487	DEAD	false	false	-125517	38267	1176	COMPLETED	true	false	schedule_not_active:ecology.commit_pending:SUCCESS	296513374523700
908	268492502	DEAD	false	false	119336	-180368	-2368	COMPLETED	true	false	schedule_not_active:ecology.commit_pending:SUCCESS	296513375783800
909	268492503	READY	true	false	24496	9206	-3584	COMPLETED	true	false	ecology_fenced:ecology.commit_pending:SUCCESS	296513377102900
910	268492518	READY	true	false	-50077	-115763	-160	COMPLETED	true	false	ecology_fenced:ecology.commit_pending:SUCCESS	296513378321300
911	268492519	DEAD	false	false	-50077	-115763	-160	COMPLETED	true	false	schedule_not_active:ecology.commit_pending:SUCCESS	296513379385500
912	268492534	READY	false	false	52710	55450	-3320	UNKNOWN	false	false	schedule_not_active:ecology.commit_pending:NATIVE_CONTEXT_REQUIRED	296513380568300
913	268492535	READY	true	false	52710	55450	-3320	UNKNOWN	false	false	ecology_fenced:ecology.commit_pending:NATIVE_CONTEXT_REQUIRED	296513381744600
914	268492549	READY	true	false	24496	9206	-3584	COMPLETED	true	false	ecology_fenced:ecology.commit_pending:SUCCESS	296513382744400
915	268492550	DEAD	false	false	-86401	253927	-3736	COMPLETED	true	false	schedule_not_active:ecology.commit_pending:SUCCESS	296513383713800
916	268492567	DEAD	false	false	119877	-202135	-3456	COMPLETED	true	false	schedule_not_active:ecology.commit_pending:SUCCESS	296513384567400
917	268492569	READY	false	false	-50077	-115763	-160	COMPLETED	true	false	schedule_not_active:ecology.commit_pending:SUCCESS	296513385560000
918	268492585	DEAD	true	false	-125472	38450	1176	COMPLETED	true	false	ecology_fenced:ecology.commit_pending:SUCCESS	296513386432100
919	268492587	INCONSISTENT	true	false	53398	63278	-3480	UNKNOWN	false	false	ecology_fenced:ecology.cursor_pending:INCONSISTENT	296513386999400
920	268492604	READY	false	false	48712	55466	-3464	COMPLETED	true	false	schedule_not_active:ecology.commit_pending:SUCCESS	296513388023500
921	268492605	READY	false	false	24496	9206	-3584	COMPLETED	true	false	schedule_not_active:ecology.commit_pending:SUCCESS	296513388966600
922	268492626	READY	true	false	-90072	248328	-3568	COMPLETED	false	false	ecology_fenced:ecology.commit_pending:SUCCESS	296513389896400
923	268492627	READY	true	false	-49106	-115854	-160	COMPLETED	true	false	ecology_fenced:ecology.commit_pending:SUCCESS	296513391126100
924	268492641	DEAD	false	false	51500	59679	-3368	COMPLETED	true	false	schedule_not_active:ecology.commit_pending:SUCCESS	296513392250900
925	268492642	READY	false	false	-86401	253927	-3736	UNKNOWN	false	false	schedule_not_active:ecology.commit_pending:NATIVE_CONTEXT_REQUIRED	296513393232600
926	268492658	READY	true	false	24496	9206	-3584	COMPLETED	true	false	ecology_fenced:ecology.commit_pending:SUCCESS	296513394436100
927	268492660	DEAD	true	false	-125531	37944	1176	COMPLETED	true	false	ecology_fenced:ecology.commit_pending:SUCCESS	296513395399900
928	268492676	READY	true	false	24496	9206	-3584	COMPLETED	true	false	ecology_fenced:ecology.commit_pending:SUCCESS	296513396432500
929	268492677	DEAD	false	false	-86401	253927	-3736	COMPLETED	true	false	schedule_not_active:ecology.commit_pending:SUCCESS	296513397256800
930	268492691	READY	false	false	24496	9206	-3584	COMPLETED	true	false	schedule_not_active:ecology.commit_pending:SUCCESS	296513398256000
931	268492699	READY	true	false	119877	-202135	-3456	UNKNOWN	false	false	ecology_fenced:ecology.commit_pending:NATIVE_CONTEXT_REQUIRED	296513399098100
932	268492707	READY	true	false	24496	9206	-3584	COMPLETED	true	false	ecology_fenced:ecology.commit_pending:SUCCESS	296513400040700
933	268492715	READY	false	false	24496	9206	-3584	COMPLETED	true	false	schedule_not_active:ecology.commit_pending:SUCCESS	296513401005800
934	268492723	DEAD	false	false	-125531	37944	1176	COMPLETED	true	false	schedule_not_active:ecology.commit_pending:SUCCESS	296513401960900
935	268492725	READY	true	false	-84312	252645	-3664	UNKNOWN	false	false	ecology_fenced:ecology.commit_pending:NATIVE_CONTEXT_REQUIRED	296513402872000
936	268492743	READY	true	false	-84312	252645	-3664	UNKNOWN	false	false	ecology_fenced:ecology.commit_pending:NATIVE_CONTEXT_REQUIRED	296513403823500
937	268492751	DEAD	false	false	-86401	253927	-3736	COMPLETED	true	false	schedule_not_active:ecology.commit_pending:SUCCESS	296513404696000
938	268492776	DEAD	false	false	-125472	38450	1176	COMPLETED	true	false	schedule_not_active:ecology.commit_pending:SUCCESS	296513405617300
939	268492778	READY	true	false	116852	-183595	-1568	COMPLETED	false	false	ecology_fenced:ecology.commit_pending:SUCCESS	296513406648500
940	268492794	READY	true	false	-49106	-115854	-160	COMPLETED	true	false	ecology_fenced:ecology.commit_pending:SUCCESS	296513407788400
941	268492795	READY	true	false	-50077	-115763	-160	COMPLETED	true	false	ecology_fenced:ecology.commit_pending:SUCCESS	296513409259300
942	268492809	READY	false	false	-86401	253927	-3736	UNKNOWN	false	false	schedule_not_active:ecology.commit_pending:NATIVE_CONTEXT_REQUIRED	296513410519300
943	268492811	READY	false	false	24496	9206	-3584	COMPLETED	true	false	schedule_not_active:ecology.commit_pending:SUCCESS	296513411502600
944	268492828	READY	true	false	-90072	248328	-3568	COMPLETED	false	false	ecology_fenced:ecology.commit_pending:SUCCESS	296513412517600
945	268492829	READY	true	false	24496	9206	-3584	COMPLETED	true	false	ecology_fenced:ecology.commit_pending:SUCCESS	296513413392500
946	268492844	DEAD	false	false	-86401	253927	-3736	COMPLETED	true	false	schedule_not_active:ecology.commit_pending:SUCCESS	296513414376900
947	268492845	READY	false	false	-50077	-115763	-160	COMPLETED	true	false	schedule_not_active:ecology.commit_pending:SUCCESS	296513415254700
948	268492858	READY	true	false	-90072	248328	-3568	COMPLETED	false	false	ecology_fenced:ecology.commit_pending:SUCCESS	296513416131900
949	268492860	READY	true	false	-90072	248328	-3568	COMPLETED	false	false	ecology_fenced:ecology.commit_pending:SUCCESS	296513416958400
950	268492876	READY	false	false	-86401	253927	-3736	UNKNOWN	false	false	schedule_not_active:ecology.commit_pending:NATIVE_CONTEXT_REQUIRED	296513417873000
951	268492877	READY	false	false	-84312	252645	-3664	UNKNOWN	false	false	schedule_not_active:ecology.commit_pending:NATIVE_CONTEXT_REQUIRED	296513418793900
952	268492893	READY	true	false	24496	9206	-3584	COMPLETED	true	false	ecology_fenced:ecology.commit_pending:SUCCESS	296513419731000
953	268492894	READY	true	false	-49106	-115854	-160	COMPLETED	true	false	ecology_fenced:ecology.commit_pending:SUCCESS	296513420717500
954	268493009	READY	true	false	119336	-180368	-2368	UNKNOWN	false	false	ecology_fenced:ecology.commit_pending:NATIVE_CONTEXT_REQUIRED	296513421583900
955	268493017	DEAD	false	false	-86401	253927	-3736	COMPLETED	true	false	schedule_not_active:ecology.commit_pending:SUCCESS	296513422579800
956	268493026	DEAD	false	false	-86401	253927	-3736	COMPLETED	true	false	schedule_not_active:ecology.commit_pending:SUCCESS	296513423604400
957	268493027	READY	true	false	24496	9206	-3584	COMPLETED	true	false	ecology_fenced:ecology.commit_pending:SUCCESS	296513425026900
958	268493042	READY	true	false	52710	55450	-3320	UNKNOWN	false	false	ecology_fenced:ecology.commit_pending:NATIVE_CONTEXT_REQUIRED	296513426453400
959	268493044	READY	false	false	-86401	253927	-3736	UNKNOWN	false	false	schedule_not_active:ecology.commit_pending:NATIVE_CONTEXT_REQUIRED	296513427597000
960	268493060	DEAD	false	false	48712	55466	-3464	COMPLETED	false	false	schedule_not_active:ecology.commit_pending:SUCCESS	296513428510900
961	268493062	DEAD	true	false	-125517	38267	1176	COMPLETED	true	false	ecology_fenced:ecology.commit_pending:SUCCESS	296513429422300
962	268493078	READY	true	false	115758	-182753	-1448	COMPLETED	false	false	ecology_fenced:ecology.commit_pending:SUCCESS	296513430276300
963	268493081	DEAD	false	false	54714	51620	-3592	COMPLETED	true	false	schedule_not_active:ecology.commit_pending:SUCCESS	296513431351100
964	268493095	DEAD	false	false	-49106	-115854	-160	COMPLETED	true	false	schedule_not_active:ecology.cursor_pending:SUCCESS	296513432361700
965	268493097	DEAD	true	false	-125464	37776	1176	COMPLETED	true	false	ecology_fenced:ecology.commit_pending:SUCCESS	296513433199500
966	268493113	DEAD	true	false	-125517	38267	1176	COMPLETED	true	false	ecology_fenced:ecology.commit_pending:SUCCESS	296513434126200
967	268493115	READY	true	false	-90072	248328	-3568	COMPLETED	false	false	ecology_fenced:ecology.commit_pending:SUCCESS	296513435106900
968	268493130	DEAD	false	false	-50077	-115763	-160	COMPLETED	true	false	schedule_not_active:ecology.commit_pending:SUCCESS	296513436254400
969	268493132	DEAD	false	false	-125531	37944	1176	COMPLETED	true	false	schedule_not_active:ecology.commit_pending:SUCCESS	296513437226000
970	268493146	READY	true	false	53398	63278	-3480	UNKNOWN	false	false	ecology_fenced:ecology.commit_pending:NATIVE_CONTEXT_REQUIRED	296513438202200
971	268493147	INCONSISTENT	true	false	-90610	248293	-3568	UNKNOWN	false	false	ecology_fenced:ecology.cursor_pending:INCONSISTENT	296513438652700
972	268493164	DEAD	false	false	24496	9206	-3584	COMPLETED	true	false	schedule_not_active:ecology.commit_pending:SUCCESS	296513439653700
973	268493165	INCONSISTENT	false	false	44126	42751	-3488	UNKNOWN	false	false	schedule_not_active:ecology.cursor_pending:INCONSISTENT	296513440243300
974	268493180	READY	true	false	24496	9206	-3584	COMPLETED	true	false	ecology_fenced:ecology.commit_pending:SUCCESS	296513441303300
975	268493181	READY	true	false	48712	55466	-3464	COMPLETED	false	false	ecology_fenced:ecology.commit_pending:SUCCESS	296513442500000
976	268493196	READY	false	false	48712	55466	-3464	COMPLETED	true	false	schedule_not_active:ecology.commit_pending:SUCCESS	296513443758600
977	268493197	DEAD	false	false	119877	-202135	-3456	COMPLETED	true	false	schedule_not_active:ecology.commit_pending:SUCCESS	296513444826100
978	268493213	DEAD	false	false	24496	9206	-3584	COMPLETED	true	false	schedule_not_active:ecology.commit_pending:SUCCESS	296513445961200
979	268493214	READY	true	false	-49106	-115854	-160	COMPLETED	true	false	ecology_fenced:ecology.commit_pending:SUCCESS	296513447007300
980	268493229	READY	true	false	24496	9206	-3584	COMPLETED	true	false	ecology_fenced:ecology.commit_pending:SUCCESS	296513448219100
981	268493231	DEAD	false	false	53387	63306	-3480	COMPLETED	true	false	schedule_not_active:ecology.commit_pending:SUCCESS	296513449198300
982	268493246	READY	false	false	24496	9206	-3584	COMPLETED	true	false	schedule_not_active:ecology.commit_pending:SUCCESS	296513450218400
983	268493247	READY	true	false	24496	9206	-3584	COMPLETED	true	false	ecology_fenced:ecology.commit_pending:SUCCESS	296513451517100
984	268493262	READY	true	false	-86401	253927	-3736	COMPLETED	true	false	ecology_fenced:ecology.commit_pending:SUCCESS	296513452494000
985	268493263	READY	false	false	119336	-180368	-2368	UNKNOWN	false	false	schedule_not_active:ecology.commit_pending:NATIVE_CONTEXT_REQUIRED	296513453395500
986	268493278	DEAD	false	false	-86401	253927	-3736	COMPLETED	true	false	schedule_not_active:ecology.commit_pending:SUCCESS	296513454366100
987	268493279	READY	true	false	24496	9206	-3584	COMPLETED	true	false	ecology_fenced:ecology.commit_pending:SUCCESS	296513455294800
988	268493293	READY	true	false	52710	55450	-3320	UNKNOWN	false	false	ecology_fenced:ecology.commit_pending:NATIVE_CONTEXT_REQUIRED	296513456279600
989	268493294	DEAD	false	false	-86401	253927	-3736	COMPLETED	true	false	schedule_not_active:ecology.commit_pending:SUCCESS	296513457320900
990	268493308	DEAD	false	false	-86401	253927	-3736	COMPLETED	true	false	schedule_not_active:ecology.commit_pending:SUCCESS	296513458495400
991	268493321	DEAD	false	false	52710	55450	-3320	COMPLETED	true	false	schedule_not_active:ecology.commit_pending:SUCCESS	296513459909400
992	268493330	DEAD	true	false	-125531	37944	1176	COMPLETED	true	false	ecology_fenced:ecology.commit_pending:SUCCESS	296513461331300
993	268493331	READY	true	false	119877	-202135	-3456	UNKNOWN	false	false	ecology_fenced:ecology.commit_pending:NATIVE_CONTEXT_REQUIRED	296513462248500
994	268493348	READY	false	false	48712	55466	-3464	COMPLETED	false	false	schedule_not_active:ecology.commit_pending:SUCCESS	296513463207000
995	268493349	DEAD	false	false	-125472	38450	1176	COMPLETED	true	false	schedule_not_active:ecology.commit_pending:SUCCESS	296513464014100
996	268493364	READY	true	false	24496	9206	-3584	COMPLETED	true	false	ecology_fenced:ecology.commit_pending:SUCCESS	296513465082700
997	268493366	READY	true	false	-50077	-115763	-160	COMPLETED	true	false	ecology_fenced:ecology.commit_pending:SUCCESS	296513466040900
998	268493381	DEAD	false	false	-86401	253927	-3736	COMPLETED	true	false	schedule_not_active:ecology.commit_pending:SUCCESS	296513466876300
999	268493382	READY	false	false	24496	9206	-3584	COMPLETED	true	false	schedule_not_active:ecology.commit_pending:SUCCESS	296513467876000
1000	268493399	READY	true	false	115758	-182753	-1448	COMPLETED	false	false	ecology_fenced:ecology.commit_pending:SUCCESS	296513468790400
1001	268493402	READY	true	false	-86401	253927	-3736	UNKNOWN	false	false	ecology_fenced:ecology.commit_pending:NATIVE_CONTEXT_REQUIRED	296513469668200
1002	268493418	DEAD	false	false	-86401	253927	-3736	COMPLETED	true	false	schedule_not_active:ecology.commit_pending:SUCCESS	296513470555800
1003	268493419	DEAD	false	false	-86401	253927	-3736	COMPLETED	true	false	schedule_not_active:ecology.commit_pending:SUCCESS	296513471433900
1004	268493433	READY	false	false	48712	55466	-3464	COMPLETED	true	false	schedule_not_active:ecology.commit_pending:SUCCESS	296513472234400
1005	268493434	READY	true	false	24496	9206	-3584	COMPLETED	true	false	ecology_fenced:ecology.commit_pending:SUCCESS	296513473291000
1006	268493449	READY	true	false	-90072	248328	-3568	COMPLETED	false	false	ecology_fenced:ecology.commit_pending:SUCCESS	296513474277200
1007	268493451	DEAD	false	false	-125615	37771	1176	COMPLETED	true	false	schedule_not_active:ecology.commit_pending:SUCCESS	296513475337800
1008	268493467	READY	false	false	119336	-180368	-2368	UNKNOWN	false	false	schedule_not_active:ecology.commit_pending:NATIVE_CONTEXT_REQUIRED	296513476388500
1009	268493469	READY	true	false	46045	41251	-3504	COMPLETED	false	false	ecology_fenced:catchup.travel.no_route:SUCCESS	296513477604600
1010	268493483	READY	true	false	53398	63278	-3480	UNKNOWN	false	false	ecology_fenced:ecology.commit_pending:NATIVE_CONTEXT_REQUIRED	296513478526700
1011	268493484	READY	false	false	-86401	253927	-3736	UNKNOWN	false	false	schedule_not_active:ecology.commit_pending:NATIVE_CONTEXT_REQUIRED	296513479389500
1012	268493502	READY	false	false	24496	9206	-3584	COMPLETED	true	false	schedule_not_active:ecology.commit_pending:SUCCESS	296513480326900
1013	268493511	READY	true	false	51500	59679	-3368	UNKNOWN	false	false	ecology_fenced:ecology.commit_pending:NATIVE_CONTEXT_REQUIRED	296513481269600
1014	268493521	READY	true	false	51500	59679	-3368	UNKNOWN	false	false	ecology_fenced:ecology.commit_pending:NATIVE_CONTEXT_REQUIRED	296513482055800
1015	268493531	DEAD	false	false	-49106	-115854	-160	COMPLETED	true	false	schedule_not_active:ecology.commit_pending:SUCCESS	296513482848400
1016	268493538	READY	false	false	119336	-180368	-2368	UNKNOWN	false	false	schedule_not_active:ecology.commit_pending:NATIVE_CONTEXT_REQUIRED	296513483686400
1017	268493546	INCONSISTENT	false	false	44126	42751	-3488	UNKNOWN	false	false	schedule_not_active:ecology.cursor_pending:INCONSISTENT	296513484160600
1018	268493554	READY	true	false	-49106	-115854	-160	COMPLETED	true	false	ecology_fenced:ecology.commit_pending:SUCCESS	296513485221000
1019	268493566	READY	true	false	-50077	-115763	-160	COMPLETED	true	false	ecology_fenced:ecology.commit_pending:SUCCESS	296513486206800
1020	268493573	READY	false	false	-49106	-115854	-160	COMPLETED	true	false	schedule_not_active:ecology.commit_pending:SUCCESS	296513487239000
1021	268493582	DEAD	false	false	-86401	253927	-3736	COMPLETED	true	false	schedule_not_active:ecology.commit_pending:SUCCESS	296513488253600
1022	268493590	READY	true	false	24496	9206	-3584	COMPLETED	true	false	ecology_fenced:ecology.commit_pending:SUCCESS	296513489247500
1023	268493598	DEAD	true	false	-125517	38267	1176	COMPLETED	true	false	ecology_fenced:ecology.commit_pending:SUCCESS	296513490346800
1024	268493609	DEAD	false	false	24496	9206	-3584	COMPLETED	true	false	schedule_not_active:ecology.commit_pending:SUCCESS	296513491536000
1025	268493616	DEAD	false	false	-125531	37944	1176	COMPLETED	true	false	schedule_not_active:ecology.commit_pending:SUCCESS	296513492946300
1026	268493624	READY	true	false	-50077	-115763	-160	COMPLETED	true	false	ecology_fenced:ecology.commit_pending:SUCCESS	296513494359800
1027	268493634	READY	true	false	24496	9206	-3584	COMPLETED	true	false	ecology_fenced:ecology.commit_pending:SUCCESS	296513495531200
1028	268493642	READY	true	false	-50077	-115763	-160	COMPLETED	true	false	ecology_fenced:ecology.commit_pending:SUCCESS	296513496536900
1029	268493652	DEAD	false	false	-86401	253927	-3736	COMPLETED	true	false	schedule_not_active:ecology.commit_pending:SUCCESS	296513497523300
1030	268493659	READY	false	false	24496	9206	-3584	COMPLETED	true	false	schedule_not_active:ecology.commit_pending:SUCCESS	296513498555400
1031	268493666	READY	true	false	119877	-202135	-3456	UNKNOWN	false	false	ecology_fenced:ecology.commit_pending:NATIVE_CONTEXT_REQUIRED	296513499594600
1032	268493674	READY	true	false	48712	55466	-3464	COMPLETED	true	false	ecology_fenced:ecology.commit_pending:SUCCESS	296513500509900
1033	268493684	DEAD	false	false	-125531	37944	1176	COMPLETED	true	false	schedule_not_active:ecology.commit_pending:SUCCESS	296513501479000
1034	268493692	READY	false	false	24496	9206	-3584	COMPLETED	true	false	schedule_not_active:ecology.commit_pending:SUCCESS	296513502535600
1035	268493700	READY	true	false	-90072	248328	-3568	COMPLETED	false	false	ecology_fenced:ecology.commit_pending:SUCCESS	296513503371300
1036	268493709	READY	true	false	24496	9206	-3584	COMPLETED	true	false	ecology_fenced:ecology.commit_pending:SUCCESS	296513504332400
1037	268493719	DEAD	false	false	-86401	253927	-3736	COMPLETED	true	false	schedule_not_active:ecology.commit_pending:SUCCESS	296513505128100
1038	268493726	DEAD	false	false	-50077	-115763	-160	COMPLETED	true	false	schedule_not_active:ecology.commit_pending:SUCCESS	296513506136700
1039	268493735	READY	true	false	117010	-180666	-1256	COMPLETED	false	false	ecology_fenced:ecology.commit_pending:SUCCESS	296513507284200
1040	268493744	READY	true	false	48712	55466	-3464	COMPLETED	true	false	ecology_fenced:ecology.commit_pending:SUCCESS	296513508900200
1041	268493752	DEAD	true	false	-125531	37944	1176	COMPLETED	true	false	ecology_fenced:ecology.commit_pending:SUCCESS	296513510332000
1042	268493762	READY	false	false	-49106	-115854	-160	COMPLETED	true	false	schedule_not_active:ecology.commit_pending:SUCCESS	296513511351400
1043	268493770	DEAD	false	false	24496	9206	-3584	COMPLETED	true	false	schedule_not_active:ecology.commit_pending:SUCCESS	296513512143800
1044	268493778	READY	true	false	24496	9206	-3584	COMPLETED	true	false	ecology_fenced:ecology.commit_pending:SUCCESS	296513512898500
1045	268493787	READY	true	false	-90072	248328	-3568	COMPLETED	false	false	ecology_fenced:ecology.commit_pending:SUCCESS	296513513686200
1046	268493794	DEAD	false	false	-125517	38267	1176	COMPLETED	true	false	schedule_not_active:ecology.commit_pending:SUCCESS	296513514830900
1047	268493802	READY	false	false	-86401	253927	-3736	UNKNOWN	false	false	schedule_not_active:ecology.commit_pending:NATIVE_CONTEXT_REQUIRED	296513515681900
1048	268493810	READY	true	false	-50077	-115763	-160	COMPLETED	true	false	ecology_fenced:ecology.commit_pending:SUCCESS	296513516627000
1049	268493820	READY	true	false	24496	9206	-3584	COMPLETED	true	false	ecology_fenced:ecology.commit_pending:SUCCESS	296513517505400
1050	268493827	DEAD	false	false	-50077	-115763	-160	COMPLETED	true	false	schedule_not_active:ecology.commit_pending:SUCCESS	296513518422400
1051	268493834	READY	false	false	-50077	-115763	-160	COMPLETED	true	false	schedule_not_active:ecology.commit_pending:SUCCESS	296513519339900
1052	268493845	DEAD	true	false	24496	9206	-3584	COMPLETED	true	false	ecology_fenced:ecology.commit_pending:SUCCESS	296513520345300
1053	268493853	READY	true	false	48712	55466	-3464	COMPLETED	true	false	ecology_fenced:ecology.commit_pending:SUCCESS	296513521173000
1054	268493862	READY	true	false	115569	-177722	-896	COMPLETED	false	false	ecology_fenced:ecology.commit_pending:SUCCESS	296513521975400
1055	268493870	READY	false	false	24496	9206	-3584	COMPLETED	true	false	schedule_not_active:ecology.commit_pending:SUCCESS	296513523040600
1056	268493877	DEAD	false	false	-125517	38267	1176	COMPLETED	true	false	schedule_not_active:ecology.commit_pending:SUCCESS	296513524065700
1057	268493885	READY	true	false	-86401	253927	-3736	UNKNOWN	false	false	ecology_fenced:ecology.commit_pending:NATIVE_CONTEXT_REQUIRED	296513525337100
1058	268493895	DEAD	true	false	-125531	37944	1176	COMPLETED	true	false	ecology_fenced:ecology.commit_pending:SUCCESS	296513526804000
1059	268493906	DEAD	false	false	48712	55466	-3464	COMPLETED	true	false	schedule_not_active:ecology.commit_pending:SUCCESS	296513527783500
1060	268493914	DEAD	false	false	-86401	253927	-3736	COMPLETED	true	false	schedule_not_active:ecology.commit_pending:SUCCESS	296513528668400
1061	268493922	READY	true	false	-49106	-115854	-160	COMPLETED	true	false	ecology_fenced:ecology.commit_pending:SUCCESS	296513529557000
1062	268493935	READY	true	false	115758	-182753	-1448	COMPLETED	false	false	ecology_fenced:ecology.commit_pending:SUCCESS	296513530333800
1063	268493944	DEAD	false	false	24496	9206	-3584	COMPLETED	true	false	schedule_not_active:ecology.commit_pending:SUCCESS	296513531383700
1064	268493952	DEAD	false	false	-125615	37771	1176	COMPLETED	true	false	schedule_not_active:ecology.commit_pending:SUCCESS	296513532109100
1065	268493960	READY	true	false	-50077	-115763	-160	COMPLETED	true	false	ecology_fenced:ecology.commit_pending:SUCCESS	296513533027300
1066	268493970	INCONSISTENT	true	false	-90072	248328	-3568	UNKNOWN	false	false	ecology_fenced:ecology.cursor_pending:INCONSISTENT	296513533414600
1067	268493977	READY	true	false	24496	9206	-3584	COMPLETED	true	false	ecology_fenced:ecology.commit_pending:SUCCESS	296513534313000
1068	268493985	DEAD	false	false	-86401	253927	-3736	COMPLETED	true	false	schedule_not_active:ecology.commit_pending:SUCCESS	296513535185200
1069	268493995	DEAD	false	false	-86401	253927	-3736	COMPLETED	true	false	schedule_not_active:ecology.commit_pending:SUCCESS	296513536025500
1070	268494003	READY	true	false	48712	55466	-3464	UNKNOWN	false	false	ecology_fenced:ecology.commit_pending:NATIVE_CONTEXT_REQUIRED	296513536850100
1071	268494012	READY	true	false	-90072	248328	-3568	COMPLETED	false	false	ecology_fenced:ecology.commit_pending:SUCCESS	296513537732600
1072	268494022	DEAD	false	false	-125607	38452	1176	COMPLETED	true	false	schedule_not_active:ecology.commit_pending:SUCCESS	296513538564900
1073	268494030	READY	false	false	24496	9206	-3584	COMPLETED	true	false	schedule_not_active:ecology.commit_pending:SUCCESS	296513539539800
1074	268494038	READY	true	false	52710	55450	-3320	UNKNOWN	false	false	ecology_fenced:ecology.commit_pending:NATIVE_CONTEXT_REQUIRED	296513540601300
1075	268494048	READY	true	false	52710	55450	-3320	UNKNOWN	false	false	ecology_fenced:ecology.commit_pending:NATIVE_CONTEXT_REQUIRED	296513541909600
1076	268494055	DEAD	false	false	-86401	253927	-3736	COMPLETED	true	false	schedule_not_active:ecology.cursor_pending:SUCCESS	296513543261900
1077	268494062	READY	false	false	119877	-202135	-3456	UNKNOWN	false	false	schedule_not_active:ecology.commit_pending:NATIVE_CONTEXT_REQUIRED	296513544211900
1078	268494072	READY	false	false	48712	55466	-3464	COMPLETED	false	false	schedule_not_active:ecology.commit_pending:SUCCESS	296513545052400
1079	268494080	READY	true	false	51500	59679	-3368	UNKNOWN	false	false	ecology_fenced:ecology.commit_pending:NATIVE_CONTEXT_REQUIRED	296513545837800
1080	268494088	READY	true	false	-50077	-115763	-160	COMPLETED	true	false	ecology_fenced:ecology.commit_pending:SUCCESS	296513546687000
1081	268494099	DEAD	false	false	24496	9206	-3584	COMPLETED	true	false	schedule_not_active:ecology.commit_pending:SUCCESS	296513547820800
1082	268494108	READY	false	false	48712	55466	-3464	COMPLETED	false	false	schedule_not_active:ecology.commit_pending:SUCCESS	296513548665800
1083	268494118	READY	true	false	-90072	248328	-3568	COMPLETED	false	false	ecology_fenced:ecology.commit_pending:SUCCESS	296513549478000
1084	268494127	READY	true	false	-50077	-115763	-160	COMPLETED	true	false	ecology_fenced:ecology.commit_pending:SUCCESS	296513550343200
1085	268494134	READY	false	false	119336	-180368	-2368	UNKNOWN	false	false	schedule_not_active:ecology.commit_pending:NATIVE_CONTEXT_REQUIRED	296513551063200
1086	268494144	DEAD	false	false	51500	59679	-3368	COMPLETED	true	false	schedule_not_active:ecology.commit_pending:SUCCESS	296513551981400
1087	268494156	READY	true	false	-84312	252645	-3664	UNKNOWN	false	false	ecology_fenced:ecology.commit_pending:NATIVE_CONTEXT_REQUIRED	296513552739200
1088	268494167	READY	true	false	-90072	248328	-3568	COMPLETED	false	false	ecology_fenced:ecology.commit_pending:SUCCESS	296513553680200
1089	268494174	DEAD	false	false	24496	9206	-3584	COMPLETED	true	false	schedule_not_active:ecology.commit_pending:SUCCESS	296513554593200
1090	268494182	READY	false	false	24496	9206	-3584	COMPLETED	true	false	schedule_not_active:ecology.commit_pending:SUCCESS	296513555482500
1091	268494191	DEAD	false	false	51500	59679	-3368	COMPLETED	true	false	schedule_not_active:ecology.commit_pending:SUCCESS	296513556473900
1092	268494199	READY	true	false	-50077	-115763	-160	COMPLETED	false	false	ecology_fenced:ecology.commit_pending:SUCCESS	296513557722400
1093	268494206	READY	true	false	115758	-182753	-1448	COMPLETED	false	false	ecology_fenced:ecology.commit_pending:SUCCESS	296513559483500
1094	268494214	READY	false	false	48712	55466	-3464	COMPLETED	true	false	schedule_not_active:ecology.commit_pending:SUCCESS	296513560663300
1095	268494223	READY	false	false	-50077	-115763	-160	COMPLETED	true	false	schedule_not_active:ecology.commit_pending:SUCCESS	296513561626800
1096	268494233	READY	true	false	-90072	248328	-3568	COMPLETED	false	false	ecology_fenced:ecology.commit_pending:SUCCESS	296513562592800
1097	268494241	DEAD	true	false	-125615	37771	1176	COMPLETED	true	false	ecology_fenced:ecology.commit_pending:SUCCESS	296513563463400
1098	268494249	READY	false	false	-86401	253927	-3736	UNKNOWN	false	false	schedule_not_active:ecology.commit_pending:NATIVE_CONTEXT_REQUIRED	296513564449800
1099	268494258	DEAD	false	false	-86401	253927	-3736	COMPLETED	true	false	schedule_not_active:ecology.commit_pending:SUCCESS	296513565421300
1100	268494265	READY	true	false	119877	-202135	-3456	UNKNOWN	false	false	ecology_fenced:ecology.commit_pending:NATIVE_CONTEXT_REQUIRED	296513566238800
1101	268494274	INCONSISTENT	true	false	-90072	248328	-3568	UNKNOWN	false	false	ecology_fenced:ecology.cursor_pending:INCONSISTENT	296513566716500
1102	268494281	DEAD	false	false	-125517	38267	1176	COMPLETED	true	false	schedule_not_active:ecology.commit_pending:SUCCESS	296513567486000
1103	268494290	READY	false	false	25308	13254	-3648	COMPLETED	true	false	schedule_not_active:ecology.commit_pending:SUCCESS	296513568467000
1104	268494299	READY	false	false	48712	55466	-3464	COMPLETED	true	false	schedule_not_active:ecology.commit_pending:SUCCESS	296513569236200
1105	268494308	READY	true	false	-90072	248328	-3568	COMPLETED	false	false	ecology_fenced:ecology.commit_pending:SUCCESS	296513570242500
1106	268494317	READY	true	false	46045	41251	-3504	COMPLETED	false	false	ecology_fenced:ecology.preparation_capacity:SUCCESS	296513571267300
1107	268494324	READY	false	false	48712	55466	-3464	COMPLETED	true	false	schedule_not_active:ecology.commit_pending:SUCCESS	296513572445400
1108	268494332	READY	false	false	119336	-180368	-2368	UNKNOWN	false	false	schedule_not_active:ecology.commit_pending:NATIVE_CONTEXT_REQUIRED	296513573589500
1109	268494341	READY	true	false	-90072	248328	-3568	COMPLETED	false	false	ecology_fenced:ecology.commit_pending:SUCCESS	296513575103300
1110	268494349	READY	true	false	-90072	248328	-3568	COMPLETED	false	false	ecology_fenced:ecology.commit_pending:SUCCESS	296513576894700
1111	268494356	DEAD	false	false	-125517	38267	1176	COMPLETED	true	false	schedule_not_active:ecology.commit_pending:SUCCESS	296513578448700
1112	268494366	READY	false	false	-49106	-115854	-160	COMPLETED	true	false	schedule_not_active:ecology.commit_pending:SUCCESS	296513579428300
1113	268494374	READY	true	false	-86401	253927	-3736	UNKNOWN	false	false	ecology_fenced:ecology.commit_pending:NATIVE_CONTEXT_REQUIRED	296513580381700
1114	268494398	READY	true	false	24496	9206	-3584	COMPLETED	true	false	ecology_fenced:ecology.commit_pending:SUCCESS	296513581754900
1115	268494407	READY	false	false	-86401	253927	-3736	UNKNOWN	false	false	schedule_not_active:ecology.commit_pending:NATIVE_CONTEXT_REQUIRED	296513582781900
1116	268494417	READY	false	false	119877	-202135	-3456	UNKNOWN	false	false	schedule_not_active:ecology.commit_pending:NATIVE_CONTEXT_REQUIRED	296513583701600
1117	268494425	DEAD	false	false	24496	9206	-3584	COMPLETED	true	false	schedule_not_active:ecology.commit_pending:SUCCESS	296513584652100
1118	268494432	READY	true	false	-84312	252645	-3664	UNKNOWN	false	false	ecology_fenced:ecology.commit_pending:NATIVE_CONTEXT_REQUIRED	296513585791300
1119	268494441	READY	true	false	24496	9206	-3584	COMPLETED	true	false	ecology_fenced:ecology.commit_pending:SUCCESS	296513587110800
1120	268494448	DEAD	false	false	-125607	38452	1176	COMPLETED	true	false	schedule_not_active:ecology.commit_pending:SUCCESS	296513588375400
1121	268494458	READY	false	false	24496	9206	-3584	COMPLETED	true	false	schedule_not_active:ecology.commit_pending:SUCCESS	296513589239000
1122	268494465	READY	true	false	24496	9206	-3584	COMPLETED	true	false	ecology_fenced:ecology.commit_pending:SUCCESS	296513590386000
1123	268494474	DEAD	true	false	-125607	38452	1176	COMPLETED	true	false	ecology_fenced:ecology.commit_pending:SUCCESS	296513591699600
1124	268494483	READY	false	false	-86401	253927	-3736	UNKNOWN	false	false	schedule_not_active:ecology.commit_pending:NATIVE_CONTEXT_REQUIRED	296513592908200
1125	268494491	READY	false	false	24496	9206	-3584	COMPLETED	true	false	schedule_not_active:ecology.commit_pending:SUCCESS	296513594285400
1126	268494498	READY	true	false	-50077	-115763	-160	COMPLETED	true	false	ecology_fenced:ecology.commit_pending:SUCCESS	296513595087600
1127	268494506	READY	true	false	24496	9206	-3584	COMPLETED	true	false	ecology_fenced:ecology.commit_pending:SUCCESS	296513596026300
1128	268494516	READY	true	false	-125517	38267	1176	COMPLETED	false	false	ecology_fenced:ecology.commit_pending:SUCCESS	296513596889700
1129	268494525	DEAD	false	false	-86401	253927	-3736	COMPLETED	true	false	schedule_not_active:ecology.commit_pending:SUCCESS	296513597750700
1130	268494532	DEAD	false	false	-125607	38452	1176	COMPLETED	true	false	schedule_not_active:ecology.commit_pending:SUCCESS	296513598694400
1131	268494543	READY	true	false	119877	-202135	-3456	UNKNOWN	false	false	ecology_fenced:ecology.commit_pending:NATIVE_CONTEXT_REQUIRED	296513599480000
1132	268494552	DEAD	true	false	-125607	38452	1176	COMPLETED	true	false	ecology_fenced:ecology.commit_pending:SUCCESS	296513600151100
1133	268494566	READY	false	false	51500	59679	-3368	UNKNOWN	false	false	schedule_not_active:ecology.commit_pending:NATIVE_CONTEXT_REQUIRED	296513600765700
1134	268494574	DEAD	false	false	-86401	253927	-3736	COMPLETED	true	false	schedule_not_active:ecology.commit_pending:SUCCESS	296513601566300
1135	268494581	READY	true	false	24496	9206	-3584	COMPLETED	true	false	ecology_fenced:ecology.commit_pending:SUCCESS	296513602389700
1136	268494589	READY	true	false	24496	9206	-3584	COMPLETED	true	false	ecology_fenced:ecology.commit_pending:SUCCESS	296513603415900
1137	268494598	DEAD	false	false	24496	9206	-3584	COMPLETED	true	false	schedule_not_active:ecology.commit_pending:SUCCESS	296513604296700
1138	268494606	DEAD	false	false	-125615	37771	1176	COMPLETED	true	false	schedule_not_active:ecology.commit_pending:SUCCESS	296513605012300
1139	268494614	READY	true	false	117010	-180666	-1256	COMPLETED	false	false	ecology_fenced:ecology.commit_pending:SUCCESS	296513606036600
1140	268494622	READY	true	false	24496	9206	-3584	COMPLETED	true	false	ecology_fenced:ecology.commit_pending:SUCCESS	296513607126900
1141	268494630	READY	true	false	-90072	248328	-3568	COMPLETED	false	false	ecology_fenced:ecology.commit_pending:SUCCESS	296513608563600
1142	268494637	DEAD	false	false	-86401	253927	-3736	COMPLETED	true	false	schedule_not_active:ecology.commit_pending:SUCCESS	296513609826900
1143	268494647	DEAD	false	false	48712	55466	-3464	COMPLETED	true	false	schedule_not_active:ecology.commit_pending:SUCCESS	296513610977400
1144	268494654	READY	true	false	24496	9206	-3584	COMPLETED	true	false	ecology_fenced:ecology.commit_pending:SUCCESS	296513611954200
1145	268494662	READY	true	false	-90072	248328	-3568	COMPLETED	false	false	ecology_fenced:ecology.commit_pending:SUCCESS	296513612885300
1146	268494670	DEAD	false	false	-50077	-115763	-160	COMPLETED	true	false	schedule_not_active:ecology.commit_pending:SUCCESS	296513613927200
1147	268494677	DEAD	false	false	-125615	37771	1176	COMPLETED	true	false	schedule_not_active:ecology.commit_pending:SUCCESS	296513614877500
1148	268494686	READY	true	false	-50077	-115763	-160	COMPLETED	true	false	ecology_fenced:ecology.commit_pending:SUCCESS	296513615857700
1149	268494694	READY	true	false	24496	9206	-3584	COMPLETED	true	false	ecology_fenced:ecology.commit_pending:SUCCESS	296513616740700
1150	268494702	DEAD	false	false	-50077	-115763	-160	COMPLETED	true	false	schedule_not_active:ecology.commit_pending:SUCCESS	296513617800200
1151	268494710	READY	false	false	-50077	-115763	-160	COMPLETED	true	false	schedule_not_active:ecology.commit_pending:SUCCESS	296513618864800
1152	268494718	READY	true	false	24496	9206	-3584	COMPLETED	true	false	ecology_fenced:ecology.commit_pending:SUCCESS	296513620637800
1153	268494726	READY	true	false	-50077	-115763	-160	COMPLETED	true	false	ecology_fenced:ecology.commit_pending:SUCCESS	296513622060500
1154	268494733	READY	true	false	130094	-209377	-3552	UNKNOWN	false	false	ecology_fenced:ecology.commit_pending:NATIVE_CONTEXT_REQUIRED	296513623042900
1155	268494741	READY	false	false	-86401	253927	-3736	UNKNOWN	false	false	schedule_not_active:ecology.commit_pending:NATIVE_CONTEXT_REQUIRED	296513624002400
1156	268494750	INCONSISTENT	false	false	44126	42751	-3488	UNKNOWN	false	false	schedule_not_active:ecology.cursor_pending:INCONSISTENT	296513624633900
1157	268494758	READY	true	false	-50845	-113715	-168	COMPLETED	false	false	ecology_fenced:ecology.commit_pending:SUCCESS	296513626120200
1158	268494765	READY	true	false	46045	41251	-3504	COMPLETED	false	false	ecology_fenced:ecology.preparation_capacity:SUCCESS	296513627804200
1159	268494774	READY	false	false	48712	55466	-3464	COMPLETED	false	false	schedule_not_active:ecology.commit_pending:SUCCESS	296513628798200
1160	268494783	READY	false	false	24496	9206	-3584	COMPLETED	true	false	schedule_not_active:ecology.commit_pending:SUCCESS	296513629762600
1161	268494792	DEAD	true	false	-125517	38267	1176	COMPLETED	true	false	ecology_fenced:ecology.commit_pending:SUCCESS	296513630763300
1162	268494801	READY	true	false	115488	-179664	-888	COMPLETED	false	false	ecology_fenced:ecology.commit_pending:SUCCESS	296513631858300
1163	268494810	READY	false	false	-50077	-115763	-160	COMPLETED	true	false	schedule_not_active:ecology.commit_pending:SUCCESS	296513632895000
1164	268494819	READY	false	false	24496	9206	-3584	COMPLETED	true	false	schedule_not_active:ecology.commit_pending:SUCCESS	296513634163100
1165	268494828	READY	true	false	-90072	248328	-3568	COMPLETED	false	false	ecology_fenced:ecology.commit_pending:SUCCESS	296513635182000
1166	268494835	READY	true	false	46045	41251	-3504	COMPLETED	false	false	ecology_fenced:ecology.preparation_capacity:SUCCESS	296513636170100
1167	268494842	READY	true	false	24496	9206	-3584	COMPLETED	true	false	ecology_fenced:ecology.commit_pending:SUCCESS	296513637329900
1168	268494852	DEAD	false	false	-86401	253927	-3736	COMPLETED	true	false	schedule_not_active:ecology.commit_pending:SUCCESS	296513638268900
1169	268494859	READY	false	false	-50077	-115763	-160	COMPLETED	true	false	schedule_not_active:ecology.commit_pending:SUCCESS	296513639167800
1170	268494866	READY	true	false	-86401	253927	-3736	COMPLETED	true	false	ecology_fenced:ecology.commit_pending:SUCCESS	296513640371100
1171	268494873	READY	true	false	51500	59679	-3368	UNKNOWN	false	false	ecology_fenced:ecology.commit_pending:NATIVE_CONTEXT_REQUIRED	296513641778500
1172	268494880	DEAD	false	false	24496	9206	-3584	COMPLETED	true	false	schedule_not_active:ecology.commit_pending:SUCCESS	296513643167900
1173	268494888	READY	false	false	24496	9206	-3584	COMPLETED	true	false	schedule_not_active:ecology.commit_pending:SUCCESS	296513644267600
1174	268494895	READY	true	false	-90072	248328	-3568	COMPLETED	false	false	ecology_fenced:ecology.commit_pending:SUCCESS	296513645138800
1175	268494904	READY	true	false	24496	9206	-3584	COMPLETED	true	false	ecology_fenced:ecology.commit_pending:SUCCESS	296513646145300
1176	268494911	DEAD	false	false	51500	59679	-3368	COMPLETED	true	false	schedule_not_active:ecology.commit_pending:SUCCESS	296513647038800
1177	268494919	DEAD	false	false	119877	-202135	-3456	COMPLETED	true	false	schedule_not_active:ecology.commit_pending:SUCCESS	296513648000400
1178	268494928	READY	false	false	51500	59679	-3368	UNKNOWN	false	false	schedule_not_active:ecology.commit_pending:NATIVE_CONTEXT_REQUIRED	296513648878500
1179	268494936	READY	true	false	46045	41251	-3504	COMPLETED	false	false	ecology_fenced:ecology.preparation_capacity:SUCCESS	296513649823400
1180	268494945	READY	true	false	-90072	248328	-3568	COMPLETED	false	false	ecology_fenced:ecology.commit_pending:SUCCESS	296513650797900
1181	268494953	DEAD	false	false	-86401	253927	-3736	COMPLETED	true	false	schedule_not_active:ecology.commit_pending:SUCCESS	296513651731800
1182	268494961	DEAD	false	false	-86401	253927	-3736	COMPLETED	true	false	schedule_not_active:ecology.commit_pending:SUCCESS	296513653013900
1183	268494969	READY	true	false	-90072	248328	-3568	COMPLETED	false	false	ecology_fenced:ecology.commit_pending:SUCCESS	296513654355000
1184	268494977	READY	true	false	-90072	248328	-3568	COMPLETED	false	false	ecology_fenced:ecology.commit_pending:SUCCESS	296513655371700
1185	268494985	READY	false	false	119336	-180368	-2368	UNKNOWN	false	false	schedule_not_active:ecology.commit_pending:NATIVE_CONTEXT_REQUIRED	296513656289900
1186	268494994	DEAD	false	false	-125464	37776	1176	COMPLETED	true	false	schedule_not_active:ecology.commit_pending:SUCCESS	296513657075700
1187	268495003	READY	true	false	24496	9206	-3584	COMPLETED	true	false	ecology_fenced:ecology.commit_pending:SUCCESS	296513658132500
1188	268495010	READY	true	false	48712	55466	-3464	UNKNOWN	false	false	ecology_fenced:ecology.commit_pending:NATIVE_CONTEXT_REQUIRED	296513659296400
1189	268495017	DEAD	false	false	53412	63300	-3480	COMPLETED	true	false	schedule_not_active:ecology.commit_pending:SUCCESS	296513660499700
1190	268495024	READY	false	false	48712	55466	-3464	COMPLETED	true	false	schedule_not_active:ecology.commit_pending:SUCCESS	296513661501200
1191	268495032	READY	false	false	-50077	-115763	-160	COMPLETED	true	false	schedule_not_active:ecology.commit_pending:SUCCESS	296513662500800
1192	268495039	DEAD	true	false	-125615	37771	1176	COMPLETED	true	false	ecology_fenced:ecology.commit_pending:SUCCESS	296513663297800
1193	268495047	READY	true	false	119877	-202135	-3456	UNKNOWN	false	false	ecology_fenced:ecology.commit_pending:NATIVE_CONTEXT_REQUIRED	296513664124600
1194	268495057	READY	false	false	48712	55466	-3464	UNKNOWN	false	false	schedule_not_active:ecology.commit_pending:NATIVE_CONTEXT_REQUIRED	296513665158200
1195	268495066	READY	false	false	-50077	-115763	-160	COMPLETED	true	false	schedule_not_active:ecology.commit_pending:SUCCESS	296513666171500
1196	268495073	READY	true	false	-86401	253927	-3736	COMPLETED	true	false	ecology_fenced:ecology.commit_pending:SUCCESS	296513667272500
1197	268495080	READY	true	false	52710	55450	-3320	UNKNOWN	false	false	ecology_fenced:ecology.commit_pending:NATIVE_CONTEXT_REQUIRED	296513668301400
1198	268495088	DEAD	false	false	54684	51497	-3600	COMPLETED	true	false	schedule_not_active:ecology.commit_pending:SUCCESS	296513669351400
1199	268495096	DEAD	false	false	-50077	-115763	-160	COMPLETED	true	false	schedule_not_active:ecology.commit_pending:SUCCESS	296513670760000
1200	268495104	READY	true	false	119877	-202135	-3456	UNKNOWN	false	false	ecology_fenced:ecology.commit_pending:NATIVE_CONTEXT_REQUIRED	296513671764300
1201	268495114	READY	true	false	-49106	-115854	-160	COMPLETED	true	false	ecology_fenced:ecology.commit_pending:SUCCESS	296513672745500
1202	268495128	DEAD	false	false	24496	9206	-3584	COMPLETED	true	false	schedule_not_active:ecology.commit_pending:SUCCESS	296513673755400
1203	268495136	READY	false	false	-86401	253927	-3736	UNKNOWN	false	false	schedule_not_active:ecology.commit_pending:NATIVE_CONTEXT_REQUIRED	296513675113800
1204	268495144	DEAD	false	false	-86401	253927	-3736	COMPLETED	true	false	schedule_not_active:ecology.commit_pending:SUCCESS	296513676147700
1205	268495152	READY	true	false	-90072	248328	-3568	COMPLETED	false	false	ecology_fenced:ecology.commit_pending:SUCCESS	296513677588700
1206	268495160	READY	true	false	-90072	248328	-3568	COMPLETED	false	false	ecology_fenced:ecology.commit_pending:SUCCESS	296513678567100
1207	268495168	READY	false	false	-86401	253927	-3736	UNKNOWN	false	false	schedule_not_active:ecology.commit_pending:NATIVE_CONTEXT_REQUIRED	296513679436300
1208	268495177	DEAD	false	false	119877	-202135	-3456	COMPLETED	true	false	schedule_not_active:ecology.commit_pending:SUCCESS	296513680314700
1209	268495186	READY	true	false	24496	9206	-3584	COMPLETED	true	false	ecology_fenced:ecology.commit_pending:SUCCESS	296513681460000
1210	268495194	READY	true	false	25308	13254	-3648	COMPLETED	true	false	ecology_fenced:ecology.commit_pending:SUCCESS	296513682519400
1211	268495202	DEAD	false	false	-50077	-115763	-160	COMPLETED	true	false	schedule_not_active:ecology.commit_pending:SUCCESS	296513683332400
1212	268495210	READY	false	false	24496	9206	-3584	COMPLETED	true	false	schedule_not_active:ecology.commit_pending:SUCCESS	296513684365200
1213	268495219	READY	true	false	24496	9206	-3584	COMPLETED	true	false	ecology_fenced:ecology.commit_pending:SUCCESS	296513685424300
1214	268495220	READY	true	false	-90072	248328	-3568	COMPLETED	false	false	ecology_fenced:ecology.commit_pending:SUCCESS	296513686346000
1215	268495235	DEAD	false	false	-50077	-115763	-160	COMPLETED	true	false	schedule_not_active:ecology.commit_pending:SUCCESS	296513687218900
1216	268495237	READY	false	false	119877	-202135	-3456	UNKNOWN	false	false	schedule_not_active:ecology.commit_pending:NATIVE_CONTEXT_REQUIRED	296513687952100
1217	268495252	DEAD	false	false	-50077	-115763	-160	COMPLETED	true	false	schedule_not_active:ecology.commit_pending:SUCCESS	296513688784900
1218	268495254	READY	true	false	24496	9206	-3584	COMPLETED	true	false	ecology_fenced:ecology.commit_pending:SUCCESS	296513689681600
1219	268495268	READY	true	false	-125517	38267	1176	COMPLETED	false	false	ecology_fenced:ecology.commit_pending:SUCCESS	296513690535000
1220	268495269	DEAD	false	false	-50077	-115763	-160	COMPLETED	true	false	schedule_not_active:ecology.commit_pending:SUCCESS	296513691647100
1221	268495284	DEAD	false	false	-86401	253927	-3736	COMPLETED	true	false	schedule_not_active:ecology.commit_pending:SUCCESS	296513692853000
1222	268495285	INCONSISTENT	true	false	-90890	248027	-3568	UNKNOWN	false	false	ecology_fenced:ecology.cursor_pending:INCONSISTENT	296513693607200
1223	268495300	DEAD	true	false	-50077	-115763	-160	COMPLETED	true	false	ecology_fenced:ecology.commit_pending:SUCCESS	296513694508100
1224	268495301	READY	false	false	52710	55450	-3320	UNKNOWN	false	false	schedule_not_active:ecology.commit_pending:NATIVE_CONTEXT_REQUIRED	296513695173800
1225	268495316	DEAD	false	false	-86401	253927	-3736	COMPLETED	true	false	schedule_not_active:ecology.commit_pending:SUCCESS	296513695851500
1226	268495318	READY	true	false	-84312	252645	-3664	UNKNOWN	false	false	ecology_fenced:ecology.commit_pending:NATIVE_CONTEXT_REQUIRED	296513696511400
1227	268495333	READY	true	false	-90072	248328	-3568	COMPLETED	false	false	ecology_fenced:ecology.commit_pending:SUCCESS	296513697880100
1228	268495334	READY	true	false	24496	9206	-3584	COMPLETED	true	false	ecology_fenced:ecology.commit_pending:SUCCESS	296513698870300
1229	268495350	READY	false	false	24496	9206	-3584	COMPLETED	true	false	schedule_not_active:ecology.commit_pending:SUCCESS	296513699724700
1230	268495351	DEAD	false	false	-49106	-115854	-160	COMPLETED	true	false	schedule_not_active:ecology.commit_pending:SUCCESS	296513701510500
1231	268495367	READY	true	false	119877	-202135	-3456	UNKNOWN	false	false	ecology_fenced:ecology.commit_pending:NATIVE_CONTEXT_REQUIRED	296513702719600
1232	268495368	READY	true	false	52710	55450	-3320	UNKNOWN	false	false	ecology_fenced:ecology.commit_pending:NATIVE_CONTEXT_REQUIRED	296513703936500
1233	268495385	DEAD	false	false	-125615	37771	1176	COMPLETED	true	false	schedule_not_active:ecology.commit_pending:SUCCESS	296513705157900
1234	268495386	INCONSISTENT	false	false	44126	42751	-3488	UNKNOWN	false	false	schedule_not_active:ecology.cursor_pending:INCONSISTENT	296513705810000
1235	268495401	READY	true	false	51500	59679	-3368	UNKNOWN	false	false	ecology_fenced:ecology.commit_pending:NATIVE_CONTEXT_REQUIRED	296513706899400
1236	268495403	READY	true	false	24496	9206	-3584	COMPLETED	true	false	ecology_fenced:ecology.commit_pending:SUCCESS	296513708552200
1237	268495419	DEAD	false	false	-50077	-115763	-160	COMPLETED	true	false	schedule_not_active:ecology.commit_pending:SUCCESS	296513710259600
1238	268495421	DEAD	false	false	-125615	37771	1176	COMPLETED	true	false	schedule_not_active:ecology.commit_pending:SUCCESS	296513711338000
1239	268495436	READY	true	false	119877	-202135	-3456	UNKNOWN	false	false	ecology_fenced:ecology.commit_pending:NATIVE_CONTEXT_REQUIRED	296513712167400
1240	268495437	READY	true	false	24496	9206	-3584	COMPLETED	true	false	ecology_fenced:ecology.commit_pending:SUCCESS	296513713038800
1241	268495452	READY	true	false	46045	41251	-3504	COMPLETED	false	false	ecology_fenced:catchup.travel.no_route:SUCCESS	296513713722100
1242	268495453	READY	false	false	-86401	253927	-3736	UNKNOWN	false	false	schedule_not_active:ecology.commit_pending:NATIVE_CONTEXT_REQUIRED	296513714486600
1243	268495467	DEAD	false	false	-86401	253927	-3736	COMPLETED	true	false	schedule_not_active:ecology.commit_pending:SUCCESS	296513715698700
1244	268495469	READY	true	false	24496	9206	-3584	COMPLETED	true	false	ecology_fenced:ecology.commit_pending:SUCCESS	296513716687000
1245	268495485	READY	true	false	24496	9206	-3584	COMPLETED	true	false	ecology_fenced:ecology.commit_pending:SUCCESS	296513717966900
1246	268495486	DEAD	false	false	-125607	38452	1176	COMPLETED	true	false	schedule_not_active:ecology.commit_pending:SUCCESS	296513718885100
1247	268495503	INCONSISTENT	false	false	46045	41251	-3504	UNKNOWN	false	false	schedule_not_active:ecology.cursor_pending:INCONSISTENT	296513719416100
1248	268495504	READY	true	false	-50077	-115763	-160	COMPLETED	true	false	ecology_fenced:ecology.commit_pending:SUCCESS	296513720689200
1249	268495517	READY	true	false	-86401	253927	-3736	UNKNOWN	false	false	ecology_fenced:ecology.commit_pending:NATIVE_CONTEXT_REQUIRED	296513721882900
1250	268495518	DEAD	false	false	-86401	253927	-3736	COMPLETED	true	false	schedule_not_active:ecology.commit_pending:SUCCESS	296513723111200
1251	268495532	DEAD	false	false	-125607	38452	1176	COMPLETED	true	false	schedule_not_active:ecology.commit_pending:SUCCESS	296513724441900
1252	268495533	READY	true	false	24496	9206	-3584	COMPLETED	true	false	ecology_fenced:ecology.commit_pending:SUCCESS	296513726655500
1253	268495547	READY	true	false	48712	55466	-3464	COMPLETED	true	false	ecology_fenced:ecology.commit_pending:SUCCESS	296513728322900
1254	268495548	DEAD	true	false	119877	-202135	-3456	COMPLETED	true	false	ecology_fenced:ecology.commit_pending:SUCCESS	296513729560400
1255	268495570	READY	false	false	-49106	-115854	-160	COMPLETED	true	false	schedule_not_active:ecology.commit_pending:SUCCESS	296513730541100
1256	268495571	READY	false	false	24496	9206	-3584	COMPLETED	true	false	schedule_not_active:ecology.commit_pending:SUCCESS	296513731793600
1257	268495585	DEAD	true	false	-125615	37771	1176	COMPLETED	true	false	ecology_fenced:ecology.commit_pending:SUCCESS	296513732827200
1258	268495586	READY	true	false	48712	55466	-3464	UNKNOWN	false	false	ecology_fenced:ecology.commit_pending:NATIVE_CONTEXT_REQUIRED	296513733868000
1259	268495600	READY	false	false	48712	55466	-3464	COMPLETED	true	false	schedule_not_active:ecology.commit_pending:SUCCESS	296513734965700
1260	268495601	INCONSISTENT	false	false	44126	42751	-3488	UNKNOWN	false	false	schedule_not_active:ecology.cursor_pending:INCONSISTENT	296513735364900
1261	268495617	READY	true	false	-90072	248328	-3568	COMPLETED	false	false	ecology_fenced:ecology.commit_pending:SUCCESS	296513736407900
1262	268495618	READY	true	false	119877	-202135	-3456	UNKNOWN	false	false	ecology_fenced:ecology.commit_pending:NATIVE_CONTEXT_REQUIRED	296513737351300
1263	268495632	DEAD	false	false	-50077	-115763	-160	COMPLETED	true	false	schedule_not_active:ecology.commit_pending:SUCCESS	296513738068700
1264	268495633	READY	false	false	52710	55450	-3320	UNKNOWN	false	false	schedule_not_active:ecology.commit_pending:NATIVE_CONTEXT_REQUIRED	296513738936300
1265	268495650	READY	true	false	-90072	248328	-3568	COMPLETED	false	false	ecology_fenced:ecology.commit_pending:SUCCESS	296513739926000
1266	268495651	READY	true	false	52710	55450	-3320	UNKNOWN	false	false	ecology_fenced:ecology.commit_pending:NATIVE_CONTEXT_REQUIRED	296513742074300
1267	268495666	READY	true	false	48712	55466	-3464	COMPLETED	true	false	ecology_fenced:ecology.commit_pending:SUCCESS	296513743960700
1268	268495668	DEAD	false	false	-50077	-115763	-160	COMPLETED	true	false	schedule_not_active:ecology.cursor_pending:SUCCESS	296513745600800
1269	268495682	DEAD	false	false	-86401	253927	-3736	COMPLETED	true	false	schedule_not_active:ecology.commit_pending:SUCCESS	296513747075500
1270	268495683	READY	true	false	53398	63278	-3480	UNKNOWN	false	false	ecology_fenced:ecology.commit_pending:NATIVE_CONTEXT_REQUIRED	296513748499700
1271	268495702	READY	true	false	-50077	-115763	-160	COMPLETED	true	false	ecology_fenced:ecology.commit_pending:SUCCESS	296513749749600
1272	268495703	DEAD	false	false	51500	59679	-3368	COMPLETED	true	false	schedule_not_active:ecology.commit_pending:SUCCESS	296513750725900
1273	268495719	INCONSISTENT	false	false	44126	42751	-3488	UNKNOWN	false	false	schedule_not_active:ecology.cursor_pending:INCONSISTENT	296513751303300
1274	268495720	DEAD	true	false	-125517	38267	1176	COMPLETED	true	false	ecology_fenced:ecology.commit_pending:SUCCESS	296513752400900
1275	268495735	READY	true	false	25308	13254	-3648	COMPLETED	true	false	ecology_fenced:ecology.commit_pending:SUCCESS	296513753679000
1276	268495736	DEAD	false	false	24496	9206	-3584	COMPLETED	true	false	schedule_not_active:ecology.commit_pending:SUCCESS	296513755065400
1277	268495751	READY	false	false	119877	-202135	-3456	UNKNOWN	false	false	schedule_not_active:ecology.commit_pending:NATIVE_CONTEXT_REQUIRED	296513756178200
1278	268495753	READY	false	false	24496	9206	-3584	COMPLETED	true	false	schedule_not_active:ecology.commit_pending:SUCCESS	296513757852500
1279	268495768	READY	true	false	-90072	248328	-3568	COMPLETED	false	false	ecology_fenced:ecology.commit_pending:SUCCESS	296513759974300
1280	268495769	DEAD	true	false	-50077	-115763	-160	COMPLETED	true	false	ecology_fenced:ecology.commit_pending:SUCCESS	296513761927200
