profileId	owner_id	object_id	item_id	count	loc	loc_data	enchant_level
1	268484216	268484219	10	1	INVENTORY	0	0
1	268484216	268484220	1146	1	PAPERDOLL	6	0
1	268484216	268484221	1147	1	PAPERDOLL	11	0
1	268484216	268484222	2369	1	PAPERDOLL	5	0
1	268484216	268484223	5588	1	INVENTORY	0	0
1	268484216	268484224	10650	5	INVENTORY	0	0
1	268484216	268484225	12753	10	INVENTORY	0	0
1	268484216	268484234	57	13581	INVENTORY	0	0
1	268484216	268484235	1866	1	INVENTORY	0	0
2	268484217	268484226	1146	1	PAPERDOLL	6	0
2	268484217	268484227	1147	1	PAPERDOLL	11	0
2	268484217	268484228	2368	1	PAPERDOLL	5	0
2	268484217	268484229	2369	1	INVENTORY	0	0
2	268484217	268484230	5588	1	INVENTORY	0	0
2	268484217	268484231	10650	5	INVENTORY	0	0
2	268484217	268484232	12753	10	INVENTORY	0	0
2	268484217	268484236	17	2682	INVENTORY	0	0
2	268484217	268574036	57	1389	INVENTORY	0	0
2	268484217	268587986	28	1	INVENTORY	0	0
2	268484217	268587987	28	1	INVENTORY	0	0
2	268484217	268587988	28	1	INVENTORY	0	0
2	268484217	268587989	28	1	INVENTORY	0	0
2	268484217	268587990	28	1	INVENTORY	0	0
2	268484217	268587991	28	1	INVENTORY	0	0
2	268484217	268587992	28	1	INVENTORY	0	0
2	268484217	268587993	28	1	INVENTORY	0	0
2	268484217	268588069	21	1	INVENTORY	0	0
2	268484217	268588070	21	1	INVENTORY	0	0
2	268484217	268588071	21	1	INVENTORY	0	0
2	268484217	268588072	21	1	INVENTORY	0	0
2	268484217	268588073	21	1	INVENTORY	0	0
2	268484217	268588074	21	1	INVENTORY	0	0
2	268484217	268588075	21	1	INVENTORY	0	0
2	268484217	268588076	21	1	INVENTORY	0	0
2	268484217	268774322	28	1	INVENTORY	0	0
2	268484217	268774323	28	1	INVENTORY	0	0
2	268484217	268774324	28	1	INVENTORY	0	0
2	268484217	268774366	28	1	INVENTORY	0	0
2	268484217	268774367	28	1	INVENTORY	0	0
2	268484217	268774376	28	1	INVENTORY	0	0
2	268484217	268774377	28	1	INVENTORY	0	0
2	268484217	268774378	28	1	INVENTORY	0	0
2	268484217	268815513	28	1	INVENTORY	0	0
2	268484217	268815514	28	1	INVENTORY	0	0
2	268484217	268815515	28	1	INVENTORY	0	0
2	268484217	268815516	28	1	INVENTORY	0	0
2	268484217	268815517	28	1	INVENTORY	0	0
2	268484217	268815518	28	1	INVENTORY	0	0
2	268484217	268815519	28	1	INVENTORY	0	0
2	268484217	268815520	28	1	INVENTORY	0	0
2	268484217	268848397	28	1	INVENTORY	0	0
2	268484217	268848398	28	1	INVENTORY	0	0
2	268484217	268848399	28	1	INVENTORY	0	0
2	268484217	268848400	28	1	INVENTORY	0	0
2	268484217	268848401	28	1	INVENTORY	0	0
2	268484217	268848402	28	1	INVENTORY	0	0
2	268484217	268848403	28	1	INVENTORY	0	0
2	268484217	268848404	28	1	INVENTORY	0	0
2	268484217	268852600	28	1	INVENTORY	0	0
2	268484217	268852601	28	1	INVENTORY	0	0
2	268484217	268852602	28	1	INVENTORY	0	0
2	268484217	268852603	28	1	INVENTORY	0	0
2	268484217	268852604	28	1	INVENTORY	0	0
2	268484217	268852605	28	1	INVENTORY	0	0
2	268484217	268852606	28	1	INVENTORY	0	0
2	268484217	268852607	28	1	INVENTORY	0	0
2	268484217	268885369	28	1	INVENTORY	0	0
2	268484217	268885370	28	1	INVENTORY	0	0
2	268484217	268885371	28	1	INVENTORY	0	0
2	268484217	268885372	28	1	INVENTORY	0	0
2	268484217	268885373	28	1	INVENTORY	0	0
2	268484217	268885374	28	1	INVENTORY	0	0
2	268484217	268885375	28	1	INVENTORY	0	0
2	268484217	268885376	28	1	INVENTORY	0	0
2	268484217	269028118	28	1	INVENTORY	0	0
2	268484217	269028119	28	1	INVENTORY	0	0
2	268484217	269028120	28	1	INVENTORY	0	0
2	268484217	269028121	28	1	INVENTORY	0	0
2	268484217	269028122	28	1	INVENTORY	0	0
2	268484217	269028123	28	1	INVENTORY	0	0
2	268484217	269028124	28	1	INVENTORY	0	0
2	268484217	269028125	28	1	INVENTORY	0	0
2	268484217	269044568	21	1	INVENTORY	0	0
2	268484217	269044569	21	1	INVENTORY	0	0
2	268484217	269044570	21	1	INVENTORY	0	0
2	268484217	269044571	21	1	INVENTORY	0	0
2	268484217	269044572	21	1	INVENTORY	0	0
2	268484217	269044573	21	1	INVENTORY	0	0
2	268484217	269044574	21	1	INVENTORY	0	0
2	268484217	269044575	21	1	INVENTORY	0	0
2	268484217	269052862	28	1	INVENTORY	0	0
2	268484217	269052863	28	1	INVENTORY	0	0
2	268484217	269052864	28	1	INVENTORY	0	0
2	268484217	269052865	28	1	INVENTORY	0	0
2	268484217	269052866	28	1	INVENTORY	0	0
2	268484217	269052867	28	1	INVENTORY	0	0
2	268484217	269052868	28	1	INVENTORY	0	0
2	268484217	269052869	28	1	INVENTORY	0	0
2	268484217	269056915	28	1	INVENTORY	0	0
2	268484217	269056916	28	1	INVENTORY	0	0
2	268484217	269056917	28	1	INVENTORY	0	0
2	268484217	269056918	28	1	INVENTORY	0	0
2	268484217	269056919	28	1	INVENTORY	0	0
2	268484217	269056920	28	1	INVENTORY	0	0
2	268484217	269056921	28	1	INVENTORY	0	0
2	268484217	269056922	28	1	INVENTORY	0	0
2	268484217	269061152	28	1	INVENTORY	0	0
2	268484217	269061153	28	1	INVENTORY	0	0
2	268484217	269061154	28	1	INVENTORY	0	0
2	268484217	269061155	28	1	INVENTORY	0	0
2	268484217	269061156	28	1	INVENTORY	0	0
2	268484217	269061157	28	1	INVENTORY	0	0
2	268484217	269061158	28	1	INVENTORY	0	0
2	268484217	269061159	28	1	INVENTORY	0	0
2	268484217	269101832	28	1	INVENTORY	0	0
2	268484217	269101833	28	1	INVENTORY	0	0
2	268484217	269101834	28	1	INVENTORY	0	0
2	268484217	269101835	28	1	INVENTORY	0	0
2	268484217	269101836	28	1	INVENTORY	0	0
2	268484217	269101837	28	1	INVENTORY	0	0
2	268484217	269101838	28	1	INVENTORY	0	0
2	268484217	269101839	28	1	INVENTORY	0	0
2	268484217	269101840	1870	20	INVENTORY	0	0
2	268484217	269105990	28	1	INVENTORY	0	0
2	268484217	269105991	28	1	INVENTORY	0	0
2	268484217	269105992	28	1	INVENTORY	0	0
2	268484217	269105993	28	1	INVENTORY	0	0
2	268484217	269105994	28	1	INVENTORY	0	0
2	268484217	269105995	28	1	INVENTORY	0	0
2	268484217	269105996	28	1	INVENTORY	0	0
2	268484217	269105997	28	1	INVENTORY	0	0
2	268484217	269154276	28	1	INVENTORY	0	0
2	268484217	269154277	28	1	INVENTORY	0	0
2	268484217	269154278	28	1	INVENTORY	0	0
2	268484217	269154279	28	1	INVENTORY	0	0
2	268484217	269154280	28	1	INVENTORY	0	0
2	268484217	269154281	28	1	INVENTORY	0	0
2	268484217	269154282	28	1	INVENTORY	0	0
2	268484217	269154283	28	1	INVENTORY	0	0
2	268484217	269158408	28	1	INVENTORY	0	0
2	268484217	269158409	28	1	INVENTORY	0	0
2	268484217	269158410	28	1	INVENTORY	0	0
2	268484217	269158411	28	1	INVENTORY	0	0
2	268484217	269158412	28	1	INVENTORY	0	0
2	268484217	269158413	28	1	INVENTORY	0	0
2	268484217	269158414	28	1	INVENTORY	0	0
2	268484217	269158415	28	1	INVENTORY	0	0
2	268484217	269162555	28	1	INVENTORY	0	0
2	268484217	269162556	28	1	INVENTORY	0	0
2	268484217	269162557	28	1	INVENTORY	0	0
2	268484217	269162558	28	1	INVENTORY	0	0
2	268484217	269162559	28	1	INVENTORY	0	0
2	268484217	269162560	28	1	INVENTORY	0	0
2	268484217	269162561	28	1	INVENTORY	0	0
2	268484217	269162562	28	1	INVENTORY	0	0
2	268484217	269187032	21	1	INVENTORY	0	0
2	268484217	269187033	21	1	INVENTORY	0	0
2	268484217	269187034	21	1	INVENTORY	0	0
2	268484217	269187035	21	1	INVENTORY	0	0
2	268484217	269187036	21	1	INVENTORY	0	0
2	268484217	269187037	21	1	INVENTORY	0	0
2	268484217	269187038	21	1	INVENTORY	0	0
2	268484217	269187039	21	1	INVENTORY	0	0
2	268484217	269320849	21	1	INVENTORY	0	0
2	268484217	269320850	21	1	INVENTORY	0	0
2	268484217	269320851	21	1	INVENTORY	0	0
2	268484217	269320852	21	1	INVENTORY	0	0
2	268484217	269320853	21	1	INVENTORY	0	0
2	268484217	269320854	21	1	INVENTORY	0	0
2	268484217	269320855	21	1	INVENTORY	0	0
2	268484217	269320856	21	1	INVENTORY	0	0
3	268484237	268484239	6	1	PAPERDOLL	5	0
3	268484237	268484240	425	1	PAPERDOLL	6	0
3	268484237	268484241	461	1	PAPERDOLL	11	0
3	268484237	268484242	5588	1	INVENTORY	0	0
3	268484237	268484243	10650	5	INVENTORY	0	0
3	268484237	268484244	12753	10	INVENTORY	0	0
3	268484237	268484729	13	1	INVENTORY	0	0
3	268484237	268484730	13	1	INVENTORY	0	0
3	268484237	268484731	13	1	INVENTORY	0	0
3	268484237	268484734	13	1	INVENTORY	0	0
3	268484237	268484735	13	1	INVENTORY	0	0
3	268484237	268484738	13	1	INVENTORY	0	0
3	268484237	268484741	13	1	INVENTORY	0	0
3	268484237	268484742	13	1	INVENTORY	0	0
3	268484237	268564381	57	2424	INVENTORY	0	0
3	268484237	268569559	13	1	INVENTORY	0	0
3	268484237	268569560	13	1	INVENTORY	0	0
3	268484237	268569562	13	1	INVENTORY	0	0
3	268484237	268569564	13	1	INVENTORY	0	0
3	268484237	268569565	13	1	INVENTORY	0	0
3	268484237	268569566	13	1	INVENTORY	0	0
3	268484237	268569567	13	1	INVENTORY	0	0
3	268484237	268569568	13	1	INVENTORY	0	0
3	268484237	268577062	1870	30	INVENTORY	0	0
3	268484237	268590094	1060	70	INVENTORY	0	0
3	268484237	268590095	1865	50	INVENTORY	0	0
3	268484237	268593322	13	1	INVENTORY	0	0
3	268484237	268593323	13	1	INVENTORY	0	0
3	268484237	268593324	13	1	INVENTORY	0	0
3	268484237	268593325	13	1	INVENTORY	0	0
3	268484237	268593326	13	1	INVENTORY	0	0
3	268484237	268593335	13	1	INVENTORY	0	0
3	268484237	268593336	13	1	INVENTORY	0	0
3	268484237	268593337	13	1	INVENTORY	0	0
3	268484237	268614860	1786	50	INVENTORY	0	0
3	268484237	268701201	13	1	INVENTORY	0	0
3	268484237	268701202	13	1	INVENTORY	0	0
3	268484237	268701203	13	1	INVENTORY	0	0
3	268484237	268701204	13	1	INVENTORY	0	0
3	268484237	268701205	13	1	INVENTORY	0	0
3	268484237	268701206	13	1	INVENTORY	0	0
3	268484237	268701207	13	1	INVENTORY	0	0
3	268484237	268701208	13	1	INVENTORY	0	0
3	268484237	268707101	13	1	INVENTORY	0	0
3	268484237	268707102	13	1	INVENTORY	0	0
3	268484237	268707103	13	1	INVENTORY	0	0
3	268484237	268707104	13	1	INVENTORY	0	0
3	268484237	268707105	13	1	INVENTORY	0	0
3	268484237	268707106	13	1	INVENTORY	0	0
3	268484237	268707107	13	1	INVENTORY	0	0
3	268484237	268707108	13	1	INVENTORY	0	0
3	268484237	270547121	13	1	INVENTORY	0	0
3	268484237	270547122	13	1	INVENTORY	0	0
3	268484237	270547123	13	1	INVENTORY	0	0
3	268484237	270547124	13	1	INVENTORY	0	0
3	268484237	270547125	13	1	INVENTORY	0	0
3	268484237	270547126	13	1	INVENTORY	0	0
3	268484237	270547127	13	1	INVENTORY	0	0
3	268484237	270547128	13	1	INVENTORY	0	0
3	268484237	270647424	13	1	INVENTORY	0	0
3	268484237	270647425	13	1	INVENTORY	0	0
3	268484237	270647426	13	1	INVENTORY	0	0
3	268484237	270647427	13	1	INVENTORY	0	0
3	268484237	270647428	13	1	INVENTORY	0	0
3	268484237	270647429	13	1	INVENTORY	0	0
3	268484237	270647430	13	1	INVENTORY	0	0
3	268484237	270647431	13	1	INVENTORY	0	0
4	268484238	268484245	10	1	INVENTORY	0	0
4	268484238	268484246	1146	1	PAPERDOLL	6	0
4	268484238	268484247	1147	1	PAPERDOLL	11	0
4	268484238	268484248	2369	1	PAPERDOLL	5	0
4	268484238	268484249	5588	1	INVENTORY	0	0
4	268484238	268484250	10650	5	INVENTORY	0	0
4	268484238	268484251	12753	10	INVENTORY	0	0
4	268484238	268484253	1121	1	INVENTORY	0	0
4	268484238	268484254	57	555	INVENTORY	0	0
4	268484238	268484255	1121	1	INVENTORY	0	0
4	268484238	268569569	18	1	INVENTORY	0	0
4	268484238	268569570	18	1	INVENTORY	0	0
4	268484238	268569571	18	1	INVENTORY	0	0
4	268484238	268569572	18	1	INVENTORY	0	0
4	268484238	268569573	18	1	INVENTORY	0	0
4	268484238	268569574	18	1	INVENTORY	0	0
4	268484238	268569575	18	1	INVENTORY	0	0
4	268484238	268569576	18	1	INVENTORY	0	0
4	268484238	268577063	18	1	INVENTORY	0	0
4	268484238	268577064	18	1	INVENTORY	0	0
4	268484238	268577065	18	1	INVENTORY	0	0
4	268484238	268577066	18	1	INVENTORY	0	0
4	268484238	268577067	18	1	INVENTORY	0	0
4	268484238	268577068	18	1	INVENTORY	0	0
4	268484238	268577069	18	1	INVENTORY	0	0
4	268484238	268577070	18	1	INVENTORY	0	0
4	268484238	268578105	1868	10	INVENTORY	0	0
4	268484238	268578604	41	1	INVENTORY	0	0
4	268484238	268578605	41	1	INVENTORY	0	0
4	268484238	268578606	41	1	INVENTORY	0	0
4	268484238	268578607	41	1	INVENTORY	0	0
4	268484238	268578608	41	1	INVENTORY	0	0
4	268484238	268578609	41	1	INVENTORY	0	0
4	268484238	268578610	41	1	INVENTORY	0	0
4	268484238	268578611	41	1	INVENTORY	0	0
4	268484238	268578729	18	1	INVENTORY	0	0
4	268484238	268578730	18	1	INVENTORY	0	0
4	268484238	268578731	18	1	INVENTORY	0	0
4	268484238	268578732	18	1	INVENTORY	0	0
4	268484238	268578733	18	1	INVENTORY	0	0
4	268484238	268578734	18	1	INVENTORY	0	0
4	268484238	268578735	18	1	INVENTORY	0	0
4	268484238	268578736	18	1	INVENTORY	0	0
4	268484238	268581942	18	1	INVENTORY	0	0
4	268484238	268581943	18	1	INVENTORY	0	0
4	268484238	268581944	18	1	INVENTORY	0	0
4	268484238	268581945	18	1	INVENTORY	0	0
4	268484238	268581946	18	1	INVENTORY	0	0
4	268484238	268581947	18	1	INVENTORY	0	0
4	268484238	268581948	18	1	INVENTORY	0	0
4	268484238	268581949	18	1	INVENTORY	0	0
4	268484238	268582977	41	1	INVENTORY	0	0
4	268484238	268582978	41	1	INVENTORY	0	0
4	268484238	268582979	41	1	INVENTORY	0	0
4	268484238	268582980	41	1	INVENTORY	0	0
4	268484238	268582981	41	1	INVENTORY	0	0
4	268484238	268582982	41	1	INVENTORY	0	0
4	268484238	268582983	41	1	INVENTORY	0	0
4	268484238	268582984	41	1	INVENTORY	0	0
4	268484238	268583180	18	1	INVENTORY	0	0
4	268484238	268583181	18	1	INVENTORY	0	0
4	268484238	268583182	18	1	INVENTORY	0	0
4	268484238	268583183	18	1	INVENTORY	0	0
4	268484238	268583184	18	1	INVENTORY	0	0
4	268484238	268583185	18	1	INVENTORY	0	0
4	268484238	268583186	18	1	INVENTORY	0	0
4	268484238	268583187	18	1	INVENTORY	0	0
4	268484238	268591485	18	1	INVENTORY	0	0
4	268484238	268591486	18	1	INVENTORY	0	0
4	268484238	268591495	18	1	INVENTORY	0	0
4	268484238	268591496	18	1	INVENTORY	0	0
4	268484238	268591497	18	1	INVENTORY	0	0
4	268484238	268591498	18	1	INVENTORY	0	0
4	268484238	268591499	18	1	INVENTORY	0	0
4	268484238	268591500	18	1	INVENTORY	0	0
4	268484238	268592336	41	1	INVENTORY	0	0
4	268484238	268592337	41	1	INVENTORY	0	0
4	268484238	268592338	41	1	INVENTORY	0	0
4	268484238	268592339	41	1	INVENTORY	0	0
4	268484238	268592340	41	1	INVENTORY	0	0
4	268484238	268592341	41	1	INVENTORY	0	0
4	268484238	268592342	41	1	INVENTORY	0	0
4	268484238	268592343	41	1	INVENTORY	0	0
4	268484238	268593338	18	1	INVENTORY	0	0
4	268484238	268593339	18	1	INVENTORY	0	0
4	268484238	268593340	18	1	INVENTORY	0	0
4	268484238	268593341	18	1	INVENTORY	0	0
4	268484238	268593342	18	1	INVENTORY	0	0
4	268484238	268593343	18	1	INVENTORY	0	0
4	268484238	268593344	18	1	INVENTORY	0	0
4	268484238	268593345	18	1	INVENTORY	0	0
4	268484238	268594480	18	1	INVENTORY	0	0
4	268484238	268594481	18	1	INVENTORY	0	0
4	268484238	268594482	18	1	INVENTORY	0	0
4	268484238	268594483	18	1	INVENTORY	0	0
4	268484238	268594484	18	1	INVENTORY	0	0
4	268484238	268594485	18	1	INVENTORY	0	0
4	268484238	268594486	18	1	INVENTORY	0	0
4	268484238	268594487	18	1	INVENTORY	0	0
4	268484238	268595538	18	1	INVENTORY	0	0
4	268484238	268595539	18	1	INVENTORY	0	0
4	268484238	268595540	18	1	INVENTORY	0	0
4	268484238	268595541	18	1	INVENTORY	0	0
4	268484238	268595542	18	1	INVENTORY	0	0
4	268484238	268595543	18	1	INVENTORY	0	0
4	268484238	268595544	18	1	INVENTORY	0	0
4	268484238	268595545	18	1	INVENTORY	0	0
4	268484238	268596811	41	1	INVENTORY	0	0
4	268484238	268596812	41	1	INVENTORY	0	0
4	268484238	268596813	41	1	INVENTORY	0	0
4	268484238	268596814	41	1	INVENTORY	0	0
4	268484238	268596843	41	1	INVENTORY	0	0
4	268484238	268596844	41	1	INVENTORY	0	0
4	268484238	268596919	41	1	INVENTORY	0	0
4	268484238	268596920	41	1	INVENTORY	0	0
4	268484238	268597336	41	1	INVENTORY	0	0
4	268484238	268597337	41	1	INVENTORY	0	0
4	268484238	268597338	41	1	INVENTORY	0	0
4	268484238	268597339	41	1	INVENTORY	0	0
4	268484238	268597340	41	1	INVENTORY	0	0
4	268484238	268597341	41	1	INVENTORY	0	0
4	268484238	268597342	41	1	INVENTORY	0	0
4	268484238	268597343	41	1	INVENTORY	0	0
4	268484238	268598203	18	1	INVENTORY	0	0
4	268484238	268598204	18	1	INVENTORY	0	0
4	268484238	268598205	18	1	INVENTORY	0	0
4	268484238	268598206	18	1	INVENTORY	0	0
4	268484238	268598207	18	1	INVENTORY	0	0
4	268484238	268598208	18	1	INVENTORY	0	0
4	268484238	268598209	18	1	INVENTORY	0	0
4	268484238	268598210	18	1	INVENTORY	0	0
4	268484238	268599409	18	1	INVENTORY	0	0
4	268484238	268599410	18	1	INVENTORY	0	0
4	268484238	268599411	18	1	INVENTORY	0	0
4	268484238	268599412	18	1	INVENTORY	0	0
4	268484238	268599413	18	1	INVENTORY	0	0
4	268484238	268599414	18	1	INVENTORY	0	0
4	268484238	268599415	18	1	INVENTORY	0	0
4	268484238	268599416	18	1	INVENTORY	0	0
4	268484238	268599924	1786	10	INVENTORY	0	0
4	268484238	268600161	18	1	INVENTORY	0	0
4	268484238	268600162	18	1	INVENTORY	0	0
4	268484238	268600163	18	1	INVENTORY	0	0
4	268484238	268600164	18	1	INVENTORY	0	0
4	268484238	268600165	18	1	INVENTORY	0	0
4	268484238	268600166	18	1	INVENTORY	0	0
4	268484238	268600167	18	1	INVENTORY	0	0
4	268484238	268600168	18	1	INVENTORY	0	0
4	268484238	268600321	41	1	INVENTORY	0	0
4	268484238	268600322	41	1	INVENTORY	0	0
4	268484238	268600323	41	1	INVENTORY	0	0
4	268484238	268600324	41	1	INVENTORY	0	0
4	268484238	268600325	41	1	INVENTORY	0	0
4	268484238	268600326	41	1	INVENTORY	0	0
4	268484238	268600327	41	1	INVENTORY	0	0
4	268484238	268600328	41	1	INVENTORY	0	0
4	268484238	268600569	18	1	INVENTORY	0	0
4	268484238	268600570	18	1	INVENTORY	0	0
4	268484238	268600571	18	1	INVENTORY	0	0
4	268484238	268600572	18	1	INVENTORY	0	0
4	268484238	268600573	18	1	INVENTORY	0	0
4	268484238	268600574	18	1	INVENTORY	0	0
4	268484238	268600575	18	1	INVENTORY	0	0
4	268484238	268600576	18	1	INVENTORY	0	0
5	268484256	268484258	10	1	INVENTORY	0	0
5	268484256	268484259	1146	1	PAPERDOLL	6	0
5	268484256	268484260	1147	1	PAPERDOLL	11	0
5	268484256	268484261	2369	1	PAPERDOLL	5	0
5	268484256	268484262	5588	1	INVENTORY	0	0
5	268484256	268484263	10650	5	INVENTORY	0	0
5	268484256	268484264	12753	10	INVENTORY	0	0
5	268484256	268484271	57	9720	INVENTORY	0	0
5	268484256	268484272	1868	1	INVENTORY	0	0
5	268484256	268593730	1869	10	INVENTORY	0	0
5	268484256	268594695	1060	310	INVENTORY	0	0
5	268484256	268594728	1865	110	INVENTORY	0	0
5	268484256	268610768	13	1	INVENTORY	0	0
5	268484256	268610769	13	1	INVENTORY	0	0
5	268484256	268610770	13	1	INVENTORY	0	0
5	268484256	268610771	13	1	INVENTORY	0	0
5	268484256	268610772	13	1	INVENTORY	0	0
5	268484256	268610773	13	1	INVENTORY	0	0
5	268484256	268610774	13	1	INVENTORY	0	0
5	268484256	268610775	13	1	INVENTORY	0	0
5	268484256	268628429	13	1	INVENTORY	0	0
5	268484256	268628430	13	1	INVENTORY	0	0
5	268484256	268628431	13	1	INVENTORY	0	0
5	268484256	268628432	13	1	INVENTORY	0	0
5	268484256	268628433	13	1	INVENTORY	0	0
5	268484256	268628434	13	1	INVENTORY	0	0
5	268484256	268628435	13	1	INVENTORY	0	0
5	268484256	268628436	13	1	INVENTORY	0	0
5	268484256	268643092	13	1	INVENTORY	0	0
5	268484256	268643093	13	1	INVENTORY	0	0
5	268484256	268643094	13	1	INVENTORY	0	0
5	268484256	268643095	13	1	INVENTORY	0	0
5	268484256	268643096	13	1	INVENTORY	0	0
5	268484256	268643097	13	1	INVENTORY	0	0
5	268484256	268643098	13	1	INVENTORY	0	0
5	268484256	268643099	13	1	INVENTORY	0	0
5	268484256	268659664	13	1	INVENTORY	0	0
5	268484256	268659665	13	1	INVENTORY	0	0
5	268484256	268659666	13	1	INVENTORY	0	0
5	268484256	268659667	13	1	INVENTORY	0	0
5	268484256	268659668	13	1	INVENTORY	0	0
5	268484256	268659669	13	1	INVENTORY	0	0
5	268484256	268659670	13	1	INVENTORY	0	0
5	268484256	268659671	13	1	INVENTORY	0	0
5	268484256	268679854	13	1	INVENTORY	0	0
5	268484256	268679855	13	1	INVENTORY	0	0
5	268484256	268679856	13	1	INVENTORY	0	0
5	268484256	268679857	13	1	INVENTORY	0	0
5	268484256	268679858	13	1	INVENTORY	0	0
5	268484256	268679859	13	1	INVENTORY	0	0
5	268484256	268679860	13	1	INVENTORY	0	0
5	268484256	268679861	13	1	INVENTORY	0	0
5	268484256	268704602	13	1	INVENTORY	0	0
5	268484256	268704603	13	1	INVENTORY	0	0
5	268484256	268704604	13	1	INVENTORY	0	0
5	268484256	268704605	13	1	INVENTORY	0	0
5	268484256	268704606	13	1	INVENTORY	0	0
5	268484256	268704607	13	1	INVENTORY	0	0
5	268484256	268704608	13	1	INVENTORY	0	0
5	268484256	268704609	13	1	INVENTORY	0	0
5	268484256	268748975	13	1	INVENTORY	0	0
5	268484256	268748976	13	1	INVENTORY	0	0
5	268484256	268748977	13	1	INVENTORY	0	0
5	268484256	268748978	13	1	INVENTORY	0	0
5	268484256	268748979	13	1	INVENTORY	0	0
5	268484256	268748980	13	1	INVENTORY	0	0
5	268484256	268748981	13	1	INVENTORY	0	0
5	268484256	268748982	13	1	INVENTORY	0	0
5	268484256	268760583	13	1	INVENTORY	0	0
5	268484256	268760584	13	1	INVENTORY	0	0
5	268484256	268760585	13	1	INVENTORY	0	0
5	268484256	268760586	13	1	INVENTORY	0	0
5	268484256	268760587	13	1	INVENTORY	0	0
5	268484256	268760588	13	1	INVENTORY	0	0
5	268484256	268760589	13	1	INVENTORY	0	0
5	268484256	268760590	13	1	INVENTORY	0	0
5	268484256	268779961	13	1	INVENTORY	0	0
5	268484256	268779962	13	1	INVENTORY	0	0
5	268484256	268779963	13	1	INVENTORY	0	0
5	268484256	268779964	13	1	INVENTORY	0	0
5	268484256	268779965	13	1	INVENTORY	0	0
5	268484256	268779966	13	1	INVENTORY	0	0
5	268484256	268779967	13	1	INVENTORY	0	0
5	268484256	268779968	13	1	INVENTORY	0	0
5	268484256	268798925	1786	70	INVENTORY	0	0
5	268484256	268815157	13	1	INVENTORY	0	0
5	268484256	268815158	13	1	INVENTORY	0	0
5	268484256	268815159	13	1	INVENTORY	0	0
5	268484256	268815160	13	1	INVENTORY	0	0
5	268484256	268815161	13	1	INVENTORY	0	0
5	268484256	268815162	13	1	INVENTORY	0	0
5	268484256	268815163	13	1	INVENTORY	0	0
5	268484256	268815164	13	1	INVENTORY	0	0
5	268484256	268859455	13	1	INVENTORY	0	0
5	268484256	268859456	13	1	INVENTORY	0	0
5	268484256	268859457	13	1	INVENTORY	0	0
5	268484256	268859458	13	1	INVENTORY	0	0
5	268484256	268859459	13	1	INVENTORY	0	0
5	268484256	268859460	13	1	INVENTORY	0	0
5	268484256	268859461	13	1	INVENTORY	0	0
5	268484256	268859462	13	1	INVENTORY	0	0
5	268484256	268893060	13	1	INVENTORY	0	0
5	268484256	268893061	13	1	INVENTORY	0	0
5	268484256	268893062	13	1	INVENTORY	0	0
5	268484256	268893063	13	1	INVENTORY	0	0
5	268484256	268893064	13	1	INVENTORY	0	0
5	268484256	268893065	13	1	INVENTORY	0	0
5	268484256	268893066	13	1	INVENTORY	0	0
5	268484256	268893067	13	1	INVENTORY	0	0
5	268484256	268922066	13	1	INVENTORY	0	0
5	268484256	268922067	13	1	INVENTORY	0	0
5	268484256	268922068	13	1	INVENTORY	0	0
5	268484256	268922069	13	1	INVENTORY	0	0
5	268484256	268922070	13	1	INVENTORY	0	0
5	268484256	268922071	13	1	INVENTORY	0	0
5	268484256	268922072	13	1	INVENTORY	0	0
5	268484256	268922073	13	1	INVENTORY	0	0
5	268484256	268929092	1870	140	INVENTORY	0	0
5	268484256	268977311	13	1	INVENTORY	0	0
5	268484256	268977312	13	1	INVENTORY	0	0
5	268484256	268977313	13	1	INVENTORY	0	0
5	268484256	268977314	13	1	INVENTORY	0	0
5	268484256	268977315	13	1	INVENTORY	0	0
5	268484256	268977316	13	1	INVENTORY	0	0
5	268484256	268977317	13	1	INVENTORY	0	0
5	268484256	268977318	13	1	INVENTORY	0	0
5	268484256	269102406	13	1	INVENTORY	0	0
5	268484256	269102407	13	1	INVENTORY	0	0
5	268484256	269102408	13	1	INVENTORY	0	0
5	268484256	269102409	13	1	INVENTORY	0	0
5	268484256	269102410	13	1	INVENTORY	0	0
5	268484256	269102411	13	1	INVENTORY	0	0
5	268484256	269102412	13	1	INVENTORY	0	0
5	268484256	269102413	13	1	INVENTORY	0	0
5	268484256	269190786	13	1	INVENTORY	0	0
5	268484256	269190787	13	1	INVENTORY	0	0
5	268484256	269190788	13	1	INVENTORY	0	0
5	268484256	269190789	13	1	INVENTORY	0	0
5	268484256	269190790	13	1	INVENTORY	0	0
5	268484256	269190791	13	1	INVENTORY	0	0
5	268484256	269190792	13	1	INVENTORY	0	0
5	268484256	269190793	13	1	INVENTORY	0	0
9	268484290	268484292	425	1	PAPERDOLL	6	0
9	268484290	268484293	461	1	PAPERDOLL	11	0
9	268484290	268484294	2368	1	PAPERDOLL	5	0
9	268484290	268484295	5588	1	INVENTORY	0	0
9	268484290	268484296	10650	5	INVENTORY	0	0
9	268484290	268484297	12753	10	INVENTORY	0	0
9	268484290	268572484	57	862	INVENTORY	0	0
9	268484290	268575189	1870	40	INVENTORY	0	0
9	268484290	268594577	17	2440	INVENTORY	0	0
9	268484290	268619416	28	1	INVENTORY	0	0
9	268484290	268619417	28	1	INVENTORY	0	0
9	268484290	268619418	28	1	INVENTORY	0	0
9	268484290	268619419	28	1	INVENTORY	0	0
9	268484290	268619420	28	1	INVENTORY	0	0
9	268484290	268619421	28	1	INVENTORY	0	0
9	268484290	268619422	28	1	INVENTORY	0	0
9	268484290	268619423	28	1	INVENTORY	0	0
9	268484290	268623044	28	1	INVENTORY	0	0
9	268484290	268623045	28	1	INVENTORY	0	0
9	268484290	268623046	28	1	INVENTORY	0	0
9	268484290	268623047	28	1	INVENTORY	0	0
9	268484290	268623048	28	1	INVENTORY	0	0
9	268484290	268623049	28	1	INVENTORY	0	0
9	268484290	268623050	28	1	INVENTORY	0	0
9	268484290	268623051	28	1	INVENTORY	0	0
9	268484290	268632018	21	1	INVENTORY	0	0
9	268484290	268632019	21	1	INVENTORY	0	0
9	268484290	268632020	21	1	INVENTORY	0	0
9	268484290	268632021	21	1	INVENTORY	0	0
9	268484290	268632022	21	1	INVENTORY	0	0
9	268484290	268632023	21	1	INVENTORY	0	0
9	268484290	268632024	21	1	INVENTORY	0	0
9	268484290	268632025	21	1	INVENTORY	0	0
9	268484290	268654142	1786	30	INVENTORY	0	0
9	268484290	268667520	28	1	INVENTORY	0	0
9	268484290	268667521	28	1	INVENTORY	0	0
9	268484290	268667522	28	1	INVENTORY	0	0
9	268484290	268667523	28	1	INVENTORY	0	0
9	268484290	268667524	28	1	INVENTORY	0	0
9	268484290	268667525	28	1	INVENTORY	0	0
9	268484290	268667526	28	1	INVENTORY	0	0
9	268484290	268667527	28	1	INVENTORY	0	0
9	268484290	268672832	21	1	INVENTORY	0	0
9	268484290	268672833	21	1	INVENTORY	0	0
9	268484290	268672834	21	1	INVENTORY	0	0
9	268484290	268672835	21	1	INVENTORY	0	0
9	268484290	268672836	21	1	INVENTORY	0	0
9	268484290	268672837	21	1	INVENTORY	0	0
9	268484290	268672838	21	1	INVENTORY	0	0
9	268484290	268672839	21	1	INVENTORY	0	0
9	268484290	268674596	21	1	INVENTORY	0	0
9	268484290	268674597	21	1	INVENTORY	0	0
9	268484290	268674598	21	1	INVENTORY	0	0
9	268484290	268674599	21	1	INVENTORY	0	0
9	268484290	268674600	21	1	INVENTORY	0	0
9	268484290	268674601	21	1	INVENTORY	0	0
9	268484290	268674602	21	1	INVENTORY	0	0
9	268484290	268674603	21	1	INVENTORY	0	0
9	268484290	268737661	28	1	INVENTORY	0	0
9	268484290	268737662	28	1	INVENTORY	0	0
9	268484290	268737663	28	1	INVENTORY	0	0
9	268484290	268737664	28	1	INVENTORY	0	0
9	268484290	268737665	28	1	INVENTORY	0	0
9	268484290	268737666	28	1	INVENTORY	0	0
9	268484290	268737667	28	1	INVENTORY	0	0
9	268484290	268737668	28	1	INVENTORY	0	0
9	268484290	268765757	28	1	INVENTORY	0	0
9	268484290	268765758	28	1	INVENTORY	0	0
9	268484290	268765759	28	1	INVENTORY	0	0
9	268484290	268765760	28	1	INVENTORY	0	0
9	268484290	268765761	28	1	INVENTORY	0	0
9	268484290	268765762	28	1	INVENTORY	0	0
9	268484290	268765763	28	1	INVENTORY	0	0
9	268484290	268765764	28	1	INVENTORY	0	0
9	268484290	268772126	28	1	INVENTORY	0	0
9	268484290	268772127	28	1	INVENTORY	0	0
9	268484290	268772128	28	1	INVENTORY	0	0
9	268484290	268772129	28	1	INVENTORY	0	0
9	268484290	268772130	28	1	INVENTORY	0	0
9	268484290	268772131	28	1	INVENTORY	0	0
9	268484290	268772132	28	1	INVENTORY	0	0
9	268484290	268772133	28	1	INVENTORY	0	0
9	268484290	268776361	21	1	INVENTORY	0	0
9	268484290	268776362	21	1	INVENTORY	0	0
9	268484290	268776363	21	1	INVENTORY	0	0
9	268484290	268776364	21	1	INVENTORY	0	0
9	268484290	268776365	21	1	INVENTORY	0	0
9	268484290	268776366	21	1	INVENTORY	0	0
9	268484290	268776367	21	1	INVENTORY	0	0
9	268484290	268776368	21	1	INVENTORY	0	0
9	268484290	268811071	28	1	INVENTORY	0	0
9	268484290	268811072	28	1	INVENTORY	0	0
9	268484290	268811073	28	1	INVENTORY	0	0
9	268484290	268811074	28	1	INVENTORY	0	0
9	268484290	268811075	28	1	INVENTORY	0	0
9	268484290	268811076	28	1	INVENTORY	0	0
9	268484290	268811077	28	1	INVENTORY	0	0
9	268484290	268811078	28	1	INVENTORY	0	0
9	268484290	268837883	21	1	INVENTORY	0	0
9	268484290	268837884	21	1	INVENTORY	0	0
9	268484290	268837885	21	1	INVENTORY	0	0
9	268484290	268837886	21	1	INVENTORY	0	0
9	268484290	268837887	21	1	INVENTORY	0	0
9	268484290	268837888	21	1	INVENTORY	0	0
9	268484290	268837889	21	1	INVENTORY	0	0
9	268484290	268837890	21	1	INVENTORY	0	0
9	268484290	268938926	28	1	INVENTORY	0	0
9	268484290	268938927	28	1	INVENTORY	0	0
9	268484290	268938928	28	1	INVENTORY	0	0
9	268484290	268938929	28	1	INVENTORY	0	0
9	268484290	268938930	28	1	INVENTORY	0	0
9	268484290	268938931	28	1	INVENTORY	0	0
9	268484290	268938932	28	1	INVENTORY	0	0
9	268484290	268938933	28	1	INVENTORY	0	0
9	268484290	268947771	28	1	INVENTORY	0	0
9	268484290	268947772	28	1	INVENTORY	0	0
9	268484290	268947773	28	1	INVENTORY	0	0
9	268484290	268947774	28	1	INVENTORY	0	0
9	268484290	268947775	28	1	INVENTORY	0	0
9	268484290	268947776	28	1	INVENTORY	0	0
9	268484290	268947777	28	1	INVENTORY	0	0
9	268484290	268947778	28	1	INVENTORY	0	0
9	268484290	268951781	21	1	INVENTORY	0	0
9	268484290	268951782	21	1	INVENTORY	0	0
9	268484290	268951783	21	1	INVENTORY	0	0
9	268484290	268951784	21	1	INVENTORY	0	0
9	268484290	268951785	21	1	INVENTORY	0	0
9	268484290	268951786	21	1	INVENTORY	0	0
9	268484290	268951787	21	1	INVENTORY	0	0
9	268484290	268951788	21	1	INVENTORY	0	0
9	268484290	268953124	1865	20	INVENTORY	0	0
10	268484291	268484298	10	1	INVENTORY	0	0
10	268484291	268484299	1146	1	PAPERDOLL	6	0
10	268484291	268484300	1147	1	PAPERDOLL	11	0
10	268484291	268484301	2369	1	PAPERDOLL	5	0
10	268484291	268484302	5588	1	INVENTORY	0	0
10	268484291	268484303	10650	5	INVENTORY	0	0
10	268484291	268484304	12753	10	INVENTORY	0	0
10	268484291	268484305	1121	1	INVENTORY	0	0
10	268484291	268484306	57	555	INVENTORY	0	0
10	268484291	268484307	1121	1	INVENTORY	0	0
10	268484291	268575217	18	1	INVENTORY	0	0
10	268484291	268575218	18	1	INVENTORY	0	0
10	268484291	268575219	18	1	INVENTORY	0	0
10	268484291	268575220	18	1	INVENTORY	0	0
10	268484291	268575221	18	1	INVENTORY	0	0
10	268484291	268575222	18	1	INVENTORY	0	0
10	268484291	268575223	18	1	INVENTORY	0	0
10	268484291	268575224	18	1	INVENTORY	0	0
10	268484291	268577853	1786	10	INVENTORY	0	0
10	268484291	268578295	18	1	INVENTORY	0	0
10	268484291	268578296	18	1	INVENTORY	0	0
10	268484291	268578297	18	1	INVENTORY	0	0
10	268484291	268578298	18	1	INVENTORY	0	0
10	268484291	268578299	18	1	INVENTORY	0	0
10	268484291	268578300	18	1	INVENTORY	0	0
10	268484291	268578301	18	1	INVENTORY	0	0
10	268484291	268578302	18	1	INVENTORY	0	0
10	268484291	268578497	41	1	INVENTORY	0	0
10	268484291	268578498	41	1	INVENTORY	0	0
10	268484291	268578499	41	1	INVENTORY	0	0
10	268484291	268578500	41	1	INVENTORY	0	0
10	268484291	268578501	41	1	INVENTORY	0	0
10	268484291	268578502	41	1	INVENTORY	0	0
10	268484291	268578503	41	1	INVENTORY	0	0
10	268484291	268578504	41	1	INVENTORY	0	0
10	268484291	268578855	18	1	INVENTORY	0	0
10	268484291	268578856	18	1	INVENTORY	0	0
10	268484291	268578857	18	1	INVENTORY	0	0
10	268484291	268578858	18	1	INVENTORY	0	0
10	268484291	268578859	18	1	INVENTORY	0	0
10	268484291	268578860	18	1	INVENTORY	0	0
10	268484291	268578861	18	1	INVENTORY	0	0
10	268484291	268578862	18	1	INVENTORY	0	0
10	268484291	268579536	18	1	INVENTORY	0	0
10	268484291	268579537	18	1	INVENTORY	0	0
10	268484291	268579538	18	1	INVENTORY	0	0
10	268484291	268579539	18	1	INVENTORY	0	0
10	268484291	268579540	18	1	INVENTORY	0	0
10	268484291	268579541	18	1	INVENTORY	0	0
10	268484291	268579542	18	1	INVENTORY	0	0
10	268484291	268579543	18	1	INVENTORY	0	0
10	268484291	268579989	1868	10	INVENTORY	0	0
10	268484291	268580057	41	1	INVENTORY	0	0
10	268484291	268580058	41	1	INVENTORY	0	0
10	268484291	268580059	41	1	INVENTORY	0	0
10	268484291	268580060	41	1	INVENTORY	0	0
10	268484291	268580061	41	1	INVENTORY	0	0
10	268484291	268580062	41	1	INVENTORY	0	0
10	268484291	268580063	41	1	INVENTORY	0	0
10	268484291	268580064	41	1	INVENTORY	0	0
10	268484291	268580106	18	1	INVENTORY	0	0
10	268484291	268580107	18	1	INVENTORY	0	0
10	268484291	268580108	18	1	INVENTORY	0	0
10	268484291	268580109	18	1	INVENTORY	0	0
10	268484291	268580110	18	1	INVENTORY	0	0
10	268484291	268580111	18	1	INVENTORY	0	0
10	268484291	268580112	18	1	INVENTORY	0	0
10	268484291	268580113	18	1	INVENTORY	0	0
10	268484291	268708267	18	1	INVENTORY	0	0
10	268484291	268708268	18	1	INVENTORY	0	0
10	268484291	268708269	18	1	INVENTORY	0	0
10	268484291	268708270	18	1	INVENTORY	0	0
10	268484291	268708271	18	1	INVENTORY	0	0
10	268484291	268708272	18	1	INVENTORY	0	0
10	268484291	268708273	18	1	INVENTORY	0	0
10	268484291	268708274	18	1	INVENTORY	0	0
10	268484291	268715552	41	1	INVENTORY	0	0
10	268484291	268715553	41	1	INVENTORY	0	0
10	268484291	268715554	41	1	INVENTORY	0	0
10	268484291	268715555	41	1	INVENTORY	0	0
10	268484291	268715556	41	1	INVENTORY	0	0
10	268484291	268715557	41	1	INVENTORY	0	0
10	268484291	268715558	41	1	INVENTORY	0	0
10	268484291	268715559	41	1	INVENTORY	0	0
10	268484291	268716885	18	1	INVENTORY	0	0
10	268484291	268716886	18	1	INVENTORY	0	0
10	268484291	268716887	18	1	INVENTORY	0	0
10	268484291	268716888	18	1	INVENTORY	0	0
10	268484291	268716889	18	1	INVENTORY	0	0
10	268484291	268716890	18	1	INVENTORY	0	0
10	268484291	268716891	18	1	INVENTORY	0	0
10	268484291	268716892	18	1	INVENTORY	0	0
10	268484291	268719425	18	1	INVENTORY	0	0
10	268484291	268719426	18	1	INVENTORY	0	0
10	268484291	268719427	18	1	INVENTORY	0	0
10	268484291	268719428	18	1	INVENTORY	0	0
10	268484291	268719429	18	1	INVENTORY	0	0
10	268484291	268719430	18	1	INVENTORY	0	0
10	268484291	268719431	18	1	INVENTORY	0	0
10	268484291	268719432	18	1	INVENTORY	0	0
10	268484291	268723191	41	1	INVENTORY	0	0
10	268484291	268723192	41	1	INVENTORY	0	0
10	268484291	268723193	41	1	INVENTORY	0	0
10	268484291	268723194	41	1	INVENTORY	0	0
10	268484291	268723195	41	1	INVENTORY	0	0
10	268484291	268723196	41	1	INVENTORY	0	0
10	268484291	268723197	41	1	INVENTORY	0	0
10	268484291	268723198	41	1	INVENTORY	0	0
10	268484291	268727123	18	1	INVENTORY	0	0
10	268484291	268727124	18	1	INVENTORY	0	0
10	268484291	268727125	18	1	INVENTORY	0	0
10	268484291	268727126	18	1	INVENTORY	0	0
10	268484291	268727127	18	1	INVENTORY	0	0
10	268484291	268727128	18	1	INVENTORY	0	0
10	268484291	268727129	18	1	INVENTORY	0	0
10	268484291	268727130	18	1	INVENTORY	0	0
10	268484291	268732393	18	1	INVENTORY	0	0
10	268484291	268732394	18	1	INVENTORY	0	0
10	268484291	268732395	18	1	INVENTORY	0	0
10	268484291	268732396	18	1	INVENTORY	0	0
10	268484291	268732397	18	1	INVENTORY	0	0
10	268484291	268732398	18	1	INVENTORY	0	0
10	268484291	268732399	18	1	INVENTORY	0	0
10	268484291	268732400	18	1	INVENTORY	0	0
10	268484291	268736329	18	1	INVENTORY	0	0
10	268484291	268736330	18	1	INVENTORY	0	0
10	268484291	268736331	18	1	INVENTORY	0	0
10	268484291	268736332	18	1	INVENTORY	0	0
10	268484291	268736333	18	1	INVENTORY	0	0
10	268484291	268736334	18	1	INVENTORY	0	0
10	268484291	268736335	18	1	INVENTORY	0	0
10	268484291	268736336	18	1	INVENTORY	0	0
10	268484291	268738935	41	1	INVENTORY	0	0
10	268484291	268738936	41	1	INVENTORY	0	0
10	268484291	268738937	41	1	INVENTORY	0	0
10	268484291	268738938	41	1	INVENTORY	0	0
10	268484291	268738939	41	1	INVENTORY	0	0
10	268484291	268738940	41	1	INVENTORY	0	0
10	268484291	268738941	41	1	INVENTORY	0	0
10	268484291	268738942	41	1	INVENTORY	0	0
10	268484291	268740228	41	1	INVENTORY	0	0
10	268484291	268740229	41	1	INVENTORY	0	0
10	268484291	268740230	41	1	INVENTORY	0	0
10	268484291	268740231	41	1	INVENTORY	0	0
10	268484291	268740232	41	1	INVENTORY	0	0
10	268484291	268740233	41	1	INVENTORY	0	0
10	268484291	268740234	41	1	INVENTORY	0	0
10	268484291	268740235	41	1	INVENTORY	0	0
10	268484291	268742759	18	1	INVENTORY	0	0
10	268484291	268742760	18	1	INVENTORY	0	0
10	268484291	268742761	18	1	INVENTORY	0	0
10	268484291	268742762	18	1	INVENTORY	0	0
10	268484291	268742763	18	1	INVENTORY	0	0
10	268484291	268742764	18	1	INVENTORY	0	0
10	268484291	268742765	18	1	INVENTORY	0	0
10	268484291	268742766	18	1	INVENTORY	0	0
10	268484291	268746680	18	1	INVENTORY	0	0
10	268484291	268746681	18	1	INVENTORY	0	0
10	268484291	268746682	18	1	INVENTORY	0	0
10	268484291	268746683	18	1	INVENTORY	0	0
10	268484291	268746684	18	1	INVENTORY	0	0
10	268484291	268746685	18	1	INVENTORY	0	0
10	268484291	268746686	18	1	INVENTORY	0	0
10	268484291	268746687	18	1	INVENTORY	0	0
11	268484308	268484310	425	1	PAPERDOLL	6	0
11	268484308	268484311	461	1	PAPERDOLL	11	0
11	268484308	268484312	2368	1	PAPERDOLL	5	0
11	268484308	268484313	5588	1	INVENTORY	0	0
11	268484308	268484314	10650	5	INVENTORY	0	0
11	268484308	268484315	12753	10	INVENTORY	0	0
11	268484308	268574868	57	1007	INVENTORY	0	0
11	268484308	268575225	28	1	INVENTORY	0	0
11	268484308	268575226	28	1	INVENTORY	0	0
11	268484308	268575227	28	1	INVENTORY	0	0
11	268484308	268575228	28	1	INVENTORY	0	0
11	268484308	268575229	28	1	INVENTORY	0	0
11	268484308	268575230	28	1	INVENTORY	0	0
11	268484308	268575231	28	1	INVENTORY	0	0
11	268484308	268575232	28	1	INVENTORY	0	0
11	268484308	268576496	17	2780	INVENTORY	0	0
11	268484308	268600044	1865	20	INVENTORY	0	0
11	268484308	268600329	28	1	INVENTORY	0	0
11	268484308	268600330	28	1	INVENTORY	0	0
11	268484308	268600331	28	1	INVENTORY	0	0
11	268484308	268600332	28	1	INVENTORY	0	0
11	268484308	268600333	28	1	INVENTORY	0	0
11	268484308	268600334	28	1	INVENTORY	0	0
11	268484308	268600335	28	1	INVENTORY	0	0
11	268484308	268600336	28	1	INVENTORY	0	0
11	268484308	269215578	28	1	INVENTORY	0	0
11	268484308	269215579	28	1	INVENTORY	0	0
11	268484308	269215580	28	1	INVENTORY	0	0
11	268484308	269215581	28	1	INVENTORY	0	0
11	268484308	269215582	28	1	INVENTORY	0	0
11	268484308	269215583	28	1	INVENTORY	0	0
11	268484308	269215584	28	1	INVENTORY	0	0
11	268484308	269215585	28	1	INVENTORY	0	0
11	268484308	269243897	28	1	INVENTORY	0	0
11	268484308	269243898	28	1	INVENTORY	0	0
11	268484308	269243899	28	1	INVENTORY	0	0
11	268484308	269243900	28	1	INVENTORY	0	0
11	268484308	269243901	28	1	INVENTORY	0	0
11	268484308	269243902	28	1	INVENTORY	0	0
11	268484308	269243903	28	1	INVENTORY	0	0
11	268484308	269243904	28	1	INVENTORY	0	0
11	268484308	269284665	28	1	INVENTORY	0	0
11	268484308	269284666	28	1	INVENTORY	0	0
11	268484308	269284667	28	1	INVENTORY	0	0
11	268484308	269284668	28	1	INVENTORY	0	0
11	268484308	269284669	28	1	INVENTORY	0	0
11	268484308	269284670	28	1	INVENTORY	0	0
11	268484308	269284671	28	1	INVENTORY	0	0
11	268484308	269284672	28	1	INVENTORY	0	0
11	268484308	269296890	28	1	INVENTORY	0	0
11	268484308	269296891	28	1	INVENTORY	0	0
11	268484308	269296892	28	1	INVENTORY	0	0
11	268484308	269296893	28	1	INVENTORY	0	0
11	268484308	269296894	28	1	INVENTORY	0	0
11	268484308	269296895	28	1	INVENTORY	0	0
11	268484308	269296896	28	1	INVENTORY	0	0
11	268484308	269296897	28	1	INVENTORY	0	0
11	268484308	269442030	28	1	INVENTORY	0	0
11	268484308	269442031	28	1	INVENTORY	0	0
11	268484308	269442032	28	1	INVENTORY	0	0
11	268484308	269442033	28	1	INVENTORY	0	0
11	268484308	269442034	28	1	INVENTORY	0	0
11	268484308	269442035	28	1	INVENTORY	0	0
11	268484308	269442036	28	1	INVENTORY	0	0
11	268484308	269442037	28	1	INVENTORY	0	0
11	268484308	269450124	28	1	INVENTORY	0	0
11	268484308	269450125	28	1	INVENTORY	0	0
11	268484308	269450126	28	1	INVENTORY	0	0
11	268484308	269450127	28	1	INVENTORY	0	0
11	268484308	269450128	28	1	INVENTORY	0	0
11	268484308	269450129	28	1	INVENTORY	0	0
11	268484308	269450130	28	1	INVENTORY	0	0
11	268484308	269450131	28	1	INVENTORY	0	0
11	268484308	269462276	28	1	INVENTORY	0	0
11	268484308	269462277	28	1	INVENTORY	0	0
11	268484308	269462278	28	1	INVENTORY	0	0
11	268484308	269462279	28	1	INVENTORY	0	0
11	268484308	269462280	28	1	INVENTORY	0	0
11	268484308	269462281	28	1	INVENTORY	0	0
11	268484308	269462282	28	1	INVENTORY	0	0
11	268484308	269462283	28	1	INVENTORY	0	0
11	268484308	269470372	28	1	INVENTORY	0	0
11	268484308	269470373	28	1	INVENTORY	0	0
11	268484308	269470374	28	1	INVENTORY	0	0
11	268484308	269470375	28	1	INVENTORY	0	0
11	268484308	269470376	28	1	INVENTORY	0	0
11	268484308	269470377	28	1	INVENTORY	0	0
11	268484308	269470378	28	1	INVENTORY	0	0
11	268484308	269470379	28	1	INVENTORY	0	0
11	268484308	269494435	21	1	INVENTORY	0	0
11	268484308	269494436	21	1	INVENTORY	0	0
11	268484308	269494437	21	1	INVENTORY	0	0
11	268484308	269494438	21	1	INVENTORY	0	0
11	268484308	269494439	21	1	INVENTORY	0	0
11	268484308	269494440	21	1	INVENTORY	0	0
11	268484308	269494441	21	1	INVENTORY	0	0
11	268484308	269494442	21	1	INVENTORY	0	0
11	268484308	269510543	1870	20	INVENTORY	0	0
11	268484308	269518506	28	1	INVENTORY	0	0
11	268484308	269518507	28	1	INVENTORY	0	0
11	268484308	269518508	28	1	INVENTORY	0	0
11	268484308	269518509	28	1	INVENTORY	0	0
11	268484308	269518510	28	1	INVENTORY	0	0
11	268484308	269518511	28	1	INVENTORY	0	0
11	268484308	269518512	28	1	INVENTORY	0	0
11	268484308	269518513	28	1	INVENTORY	0	0
11	268484308	269551185	21	1	INVENTORY	0	0
11	268484308	269551186	21	1	INVENTORY	0	0
11	268484308	269551187	21	1	INVENTORY	0	0
11	268484308	269551188	21	1	INVENTORY	0	0
11	268484308	269551189	21	1	INVENTORY	0	0
11	268484308	269551190	21	1	INVENTORY	0	0
11	268484308	269551191	21	1	INVENTORY	0	0
11	268484308	269551192	21	1	INVENTORY	0	0
11	268484308	269555214	21	1	INVENTORY	0	0
11	268484308	269555215	21	1	INVENTORY	0	0
11	268484308	269555216	21	1	INVENTORY	0	0
11	268484308	269555217	21	1	INVENTORY	0	0
11	268484308	269555218	21	1	INVENTORY	0	0
11	268484308	269555219	21	1	INVENTORY	0	0
11	268484308	269555220	21	1	INVENTORY	0	0
11	268484308	269555221	21	1	INVENTORY	0	0
11	268484308	269583423	1786	30	INVENTORY	0	0
11	268484308	269748756	28	1	INVENTORY	0	0
11	268484308	269748757	28	1	INVENTORY	0	0
11	268484308	269748758	28	1	INVENTORY	0	0
11	268484308	269748759	28	1	INVENTORY	0	0
11	268484308	269748760	28	1	INVENTORY	0	0
11	268484308	269748761	28	1	INVENTORY	0	0
11	268484308	269748762	28	1	INVENTORY	0	0
11	268484308	269748763	28	1	INVENTORY	0	0
11	268484308	269760933	28	1	INVENTORY	0	0
11	268484308	269760934	28	1	INVENTORY	0	0
11	268484308	269760935	28	1	INVENTORY	0	0
11	268484308	269760936	28	1	INVENTORY	0	0
11	268484308	269760937	28	1	INVENTORY	0	0
11	268484308	269760938	28	1	INVENTORY	0	0
11	268484308	269760939	28	1	INVENTORY	0	0
11	268484308	269760940	28	1	INVENTORY	0	0
11	268484308	269769219	21	1	INVENTORY	0	0
11	268484308	269769220	21	1	INVENTORY	0	0
11	268484308	269769221	21	1	INVENTORY	0	0
11	268484308	269769222	21	1	INVENTORY	0	0
11	268484308	269769223	21	1	INVENTORY	0	0
11	268484308	269769224	21	1	INVENTORY	0	0
11	268484308	269769225	21	1	INVENTORY	0	0
11	268484308	269769226	21	1	INVENTORY	0	0
11	268484308	269825978	21	1	INVENTORY	0	0
11	268484308	269825979	21	1	INVENTORY	0	0
11	268484308	269825980	21	1	INVENTORY	0	0
11	268484308	269825981	21	1	INVENTORY	0	0
11	268484308	269825982	21	1	INVENTORY	0	0
11	268484308	269825983	21	1	INVENTORY	0	0
11	268484308	269825984	21	1	INVENTORY	0	0
11	268484308	269825985	21	1	INVENTORY	0	0
11	268484308	269830039	28	1	INVENTORY	0	0
11	268484308	269830040	28	1	INVENTORY	0	0
11	268484308	269830041	28	1	INVENTORY	0	0
11	268484308	269830042	28	1	INVENTORY	0	0
11	268484308	269830043	28	1	INVENTORY	0	0
11	268484308	269830044	28	1	INVENTORY	0	0
11	268484308	269830045	28	1	INVENTORY	0	0
11	268484308	269830046	28	1	INVENTORY	0	0
12	268484309	268484316	10	1	INVENTORY	0	0
12	268484309	268484317	1146	1	PAPERDOLL	6	0
12	268484309	268484318	1147	1	PAPERDOLL	11	0
12	268484309	268484319	2369	1	PAPERDOLL	5	0
12	268484309	268484320	5588	1	INVENTORY	0	0
12	268484309	268484321	10650	5	INVENTORY	0	0
12	268484309	268484322	12753	10	INVENTORY	0	0
12	268484309	268569819	57	1832	INVENTORY	0	0
12	268484309	268584604	1864	40	INVENTORY	0	0
12	268484309	268584951	17	500	INVENTORY	0	0
12	268484309	268584989	1869	10	INVENTORY	0	0
14	268484333	268484341	10	1	INVENTORY	0	0
14	268484333	268484342	1146	1	PAPERDOLL	6	0
14	268484333	268484343	1147	1	PAPERDOLL	11	0
14	268484333	268484344	2369	1	PAPERDOLL	5	0
14	268484333	268484345	5588	1	INVENTORY	0	0
14	268484333	268484346	10650	5	INVENTORY	0	0
14	268484333	268484347	12753	10	INVENTORY	0	0
14	268484333	268484348	57	19678	INVENTORY	0	0
14	268484333	268484349	1866	1	INVENTORY	0	0
15	268484350	268484352	10	1	INVENTORY	0	0
15	268484350	268484353	1146	1	PAPERDOLL	6	0
15	268484350	268484354	1147	1	PAPERDOLL	11	0
15	268484350	268484355	2369	1	PAPERDOLL	5	0
15	268484350	268484356	5588	1	INVENTORY	0	0
15	268484350	268484357	10650	5	INVENTORY	0	0
15	268484350	268484358	12753	10	INVENTORY	0	0
15	268484350	268484366	57	10765	INVENTORY	0	0
15	268484350	268484367	1866	1	INVENTORY	0	0
17	268484368	268484370	425	1	PAPERDOLL	6	0
17	268484368	268484371	461	1	PAPERDOLL	11	0
17	268484368	268484372	2368	1	PAPERDOLL	5	0
17	268484368	268484373	5588	1	INVENTORY	0	0
17	268484368	268484374	10650	5	INVENTORY	0	0
17	268484368	268484375	12753	10	INVENTORY	0	0
17	268484368	268570045	57	862	INVENTORY	0	0
17	268484368	268578651	17	2440	INVENTORY	0	0
17	268484368	268600169	1870	40	INVENTORY	0	0
17	268484368	268600459	28	1	INVENTORY	0	0
17	268484368	268600460	28	1	INVENTORY	0	0
17	268484368	268600461	28	1	INVENTORY	0	0
17	268484368	268600462	28	1	INVENTORY	0	0
17	268484368	268600463	28	1	INVENTORY	0	0
17	268484368	268600464	28	1	INVENTORY	0	0
17	268484368	268600465	28	1	INVENTORY	0	0
17	268484368	268600466	28	1	INVENTORY	0	0
17	268484368	268620857	28	1	INVENTORY	0	0
17	268484368	268620858	28	1	INVENTORY	0	0
17	268484368	268620859	28	1	INVENTORY	0	0
17	268484368	268620860	28	1	INVENTORY	0	0
17	268484368	268620861	28	1	INVENTORY	0	0
17	268484368	268620862	28	1	INVENTORY	0	0
17	268484368	268620863	28	1	INVENTORY	0	0
17	268484368	268620864	28	1	INVENTORY	0	0
17	268484368	268627435	28	1	INVENTORY	0	0
17	268484368	268627436	28	1	INVENTORY	0	0
17	268484368	268627437	28	1	INVENTORY	0	0
17	268484368	268627438	28	1	INVENTORY	0	0
17	268484368	268627439	28	1	INVENTORY	0	0
17	268484368	268627440	28	1	INVENTORY	0	0
17	268484368	268627441	28	1	INVENTORY	0	0
17	268484368	268627442	28	1	INVENTORY	0	0
17	268484368	268632522	21	1	INVENTORY	0	0
17	268484368	268632523	21	1	INVENTORY	0	0
17	268484368	268632524	21	1	INVENTORY	0	0
17	268484368	268632525	21	1	INVENTORY	0	0
17	268484368	268632526	21	1	INVENTORY	0	0
17	268484368	268632527	21	1	INVENTORY	0	0
17	268484368	268632528	21	1	INVENTORY	0	0
17	268484368	268632529	21	1	INVENTORY	0	0
17	268484368	268693171	21	1	INVENTORY	0	0
17	268484368	268693172	21	1	INVENTORY	0	0
17	268484368	268693173	21	1	INVENTORY	0	0
17	268484368	268693174	21	1	INVENTORY	0	0
17	268484368	268693175	21	1	INVENTORY	0	0
17	268484368	268693176	21	1	INVENTORY	0	0
17	268484368	268693177	21	1	INVENTORY	0	0
17	268484368	268693178	21	1	INVENTORY	0	0
17	268484368	268694300	1865	20	INVENTORY	0	0
17	268484368	268703477	28	1	INVENTORY	0	0
17	268484368	268703478	28	1	INVENTORY	0	0
17	268484368	268703479	28	1	INVENTORY	0	0
17	268484368	268703480	28	1	INVENTORY	0	0
17	268484368	268703481	28	1	INVENTORY	0	0
17	268484368	268703482	28	1	INVENTORY	0	0
17	268484368	268703483	28	1	INVENTORY	0	0
17	268484368	268703484	28	1	INVENTORY	0	0
17	268484368	268769443	28	1	INVENTORY	0	0
17	268484368	268769444	28	1	INVENTORY	0	0
17	268484368	268769445	28	1	INVENTORY	0	0
17	268484368	268769446	28	1	INVENTORY	0	0
17	268484368	268769447	28	1	INVENTORY	0	0
17	268484368	268769448	28	1	INVENTORY	0	0
17	268484368	268769449	28	1	INVENTORY	0	0
17	268484368	268769450	28	1	INVENTORY	0	0
17	268484368	270374129	21	1	INVENTORY	0	0
17	268484368	270374130	21	1	INVENTORY	0	0
17	268484368	270374131	21	1	INVENTORY	0	0
17	268484368	270374132	21	1	INVENTORY	0	0
17	268484368	270374133	21	1	INVENTORY	0	0
17	268484368	270374134	21	1	INVENTORY	0	0
17	268484368	270374135	21	1	INVENTORY	0	0
17	268484368	270374136	21	1	INVENTORY	0	0
17	268484368	270411134	1786	30	INVENTORY	0	0
17	268484368	270684097	28	1	INVENTORY	0	0
17	268484368	270684098	28	1	INVENTORY	0	0
17	268484368	270684099	28	1	INVENTORY	0	0
17	268484368	270684100	28	1	INVENTORY	0	0
17	268484368	270684101	28	1	INVENTORY	0	0
17	268484368	270684102	28	1	INVENTORY	0	0
17	268484368	270684103	28	1	INVENTORY	0	0
17	268484368	270684104	28	1	INVENTORY	0	0
17	268484368	270704392	21	1	INVENTORY	0	0
17	268484368	270704393	21	1	INVENTORY	0	0
17	268484368	270704394	21	1	INVENTORY	0	0
17	268484368	270704395	21	1	INVENTORY	0	0
17	268484368	270704396	21	1	INVENTORY	0	0
17	268484368	270704397	21	1	INVENTORY	0	0
17	268484368	270704398	21	1	INVENTORY	0	0
17	268484368	270704399	21	1	INVENTORY	0	0
17	268484368	270708479	21	1	INVENTORY	0	0
17	268484368	270708480	21	1	INVENTORY	0	0
17	268484368	270708481	21	1	INVENTORY	0	0
17	268484368	270708482	21	1	INVENTORY	0	0
17	268484368	270708483	21	1	INVENTORY	0	0
17	268484368	270708484	21	1	INVENTORY	0	0
17	268484368	270708485	21	1	INVENTORY	0	0
17	268484368	270708486	21	1	INVENTORY	0	0
17	268484368	271014746	28	1	INVENTORY	0	0
17	268484368	271014747	28	1	INVENTORY	0	0
17	268484368	271014748	28	1	INVENTORY	0	0
17	268484368	271014749	28	1	INVENTORY	0	0
17	268484368	271014750	28	1	INVENTORY	0	0
17	268484368	271014751	28	1	INVENTORY	0	0
17	268484368	271014752	28	1	INVENTORY	0	0
17	268484368	271014753	28	1	INVENTORY	0	0
17	268484368	271209404	28	1	INVENTORY	0	0
17	268484368	271209405	28	1	INVENTORY	0	0
17	268484368	271209406	28	1	INVENTORY	0	0
17	268484368	271209407	28	1	INVENTORY	0	0
17	268484368	271209408	28	1	INVENTORY	0	0
17	268484368	271209409	28	1	INVENTORY	0	0
17	268484368	271209410	28	1	INVENTORY	0	0
17	268484368	271209411	28	1	INVENTORY	0	0
17	268484368	271225441	21	1	INVENTORY	0	0
17	268484368	271225442	21	1	INVENTORY	0	0
17	268484368	271225443	21	1	INVENTORY	0	0
17	268484368	271225444	21	1	INVENTORY	0	0
17	268484368	271225445	21	1	INVENTORY	0	0
17	268484368	271225446	21	1	INVENTORY	0	0
17	268484368	271225447	21	1	INVENTORY	0	0
17	268484368	271225448	21	1	INVENTORY	0	0
17	268484368	271281384	28	1	INVENTORY	0	0
17	268484368	271281385	28	1	INVENTORY	0	0
17	268484368	271281386	28	1	INVENTORY	0	0
17	268484368	271281387	28	1	INVENTORY	0	0
17	268484368	271281388	28	1	INVENTORY	0	0
17	268484368	271281389	28	1	INVENTORY	0	0
17	268484368	271281390	28	1	INVENTORY	0	0
17	268484368	271281391	28	1	INVENTORY	0	0
18	268484369	268484376	10	1	INVENTORY	0	0
18	268484369	268484377	1146	1	PAPERDOLL	6	0
18	268484369	268484378	1147	1	PAPERDOLL	11	0
18	268484369	268484379	2369	1	PAPERDOLL	5	0
18	268484369	268484380	5588	1	INVENTORY	0	0
18	268484369	268484381	10650	5	INVENTORY	0	0
18	268484369	268484382	12753	10	INVENTORY	0	0
18	268484369	268484384	1121	1	INVENTORY	0	0
18	268484369	268484385	57	555	INVENTORY	0	0
18	268484369	268484386	1121	1	INVENTORY	0	0
18	268484369	268575302	18	1	INVENTORY	0	0
18	268484369	268575303	18	1	INVENTORY	0	0
18	268484369	268575304	18	1	INVENTORY	0	0
18	268484369	268575305	18	1	INVENTORY	0	0
18	268484369	268575306	18	1	INVENTORY	0	0
18	268484369	268575307	18	1	INVENTORY	0	0
18	268484369	268575308	18	1	INVENTORY	0	0
18	268484369	268575309	18	1	INVENTORY	0	0
18	268484369	268580445	18	1	INVENTORY	0	0
18	268484369	268580446	18	1	INVENTORY	0	0
18	268484369	268580447	18	1	INVENTORY	0	0
18	268484369	268580448	18	1	INVENTORY	0	0
18	268484369	268580449	18	1	INVENTORY	0	0
18	268484369	268580450	18	1	INVENTORY	0	0
18	268484369	268580451	18	1	INVENTORY	0	0
18	268484369	268580453	18	1	INVENTORY	0	0
18	268484369	268586861	18	1	INVENTORY	0	0
18	268484369	268586862	18	1	INVENTORY	0	0
18	268484369	268586863	18	1	INVENTORY	0	0
18	268484369	268586864	18	1	INVENTORY	0	0
18	268484369	268586865	18	1	INVENTORY	0	0
18	268484369	268586866	18	1	INVENTORY	0	0
18	268484369	268586867	18	1	INVENTORY	0	0
18	268484369	268586868	18	1	INVENTORY	0	0
18	268484369	268697730	1786	10	INVENTORY	0	0
18	268484369	268701209	18	1	INVENTORY	0	0
18	268484369	268701210	18	1	INVENTORY	0	0
18	268484369	268701211	18	1	INVENTORY	0	0
18	268484369	268701212	18	1	INVENTORY	0	0
18	268484369	268701213	18	1	INVENTORY	0	0
18	268484369	268701214	18	1	INVENTORY	0	0
18	268484369	268701215	18	1	INVENTORY	0	0
18	268484369	268701216	18	1	INVENTORY	0	0
18	268484369	268704610	41	1	INVENTORY	0	0
18	268484369	268704611	41	1	INVENTORY	0	0
18	268484369	268704612	41	1	INVENTORY	0	0
18	268484369	268704613	41	1	INVENTORY	0	0
18	268484369	268704614	41	1	INVENTORY	0	0
18	268484369	268704615	41	1	INVENTORY	0	0
18	268484369	268704616	41	1	INVENTORY	0	0
18	268484369	268704617	41	1	INVENTORY	0	0
18	268484369	268709444	18	1	INVENTORY	0	0
18	268484369	268709445	18	1	INVENTORY	0	0
18	268484369	268709446	18	1	INVENTORY	0	0
18	268484369	268709447	18	1	INVENTORY	0	0
18	268484369	268709448	18	1	INVENTORY	0	0
18	268484369	268709449	18	1	INVENTORY	0	0
18	268484369	268709450	18	1	INVENTORY	0	0
18	268484369	268709451	18	1	INVENTORY	0	0
18	268484369	268715560	18	1	INVENTORY	0	0
18	268484369	268715561	18	1	INVENTORY	0	0
18	268484369	268715562	18	1	INVENTORY	0	0
18	268484369	268715563	18	1	INVENTORY	0	0
18	268484369	268715564	18	1	INVENTORY	0	0
18	268484369	268715565	18	1	INVENTORY	0	0
18	268484369	268715566	18	1	INVENTORY	0	0
18	268484369	268715567	18	1	INVENTORY	0	0
18	268484369	268720741	1868	10	INVENTORY	0	0
18	268484369	268723199	41	1	INVENTORY	0	0
18	268484369	268723200	41	1	INVENTORY	0	0
18	268484369	268723201	41	1	INVENTORY	0	0
18	268484369	268723202	41	1	INVENTORY	0	0
18	268484369	268723203	41	1	INVENTORY	0	0
18	268484369	268723204	41	1	INVENTORY	0	0
18	268484369	268723205	41	1	INVENTORY	0	0
18	268484369	268723206	41	1	INVENTORY	0	0
18	268484369	268724412	18	1	INVENTORY	0	0
18	268484369	268724413	18	1	INVENTORY	0	0
18	268484369	268724414	18	1	INVENTORY	0	0
18	268484369	268724415	18	1	INVENTORY	0	0
18	268484369	268724416	18	1	INVENTORY	0	0
18	268484369	268724417	18	1	INVENTORY	0	0
18	268484369	268724418	18	1	INVENTORY	0	0
18	268484369	268724419	18	1	INVENTORY	0	0
18	268484369	268727131	18	1	INVENTORY	0	0
18	268484369	268727132	18	1	INVENTORY	0	0
18	268484369	268727133	18	1	INVENTORY	0	0
18	268484369	268727134	18	1	INVENTORY	0	0
18	268484369	268727135	18	1	INVENTORY	0	0
18	268484369	268727136	18	1	INVENTORY	0	0
18	268484369	268727137	18	1	INVENTORY	0	0
18	268484369	268727138	18	1	INVENTORY	0	0
18	268484369	268821841	41	1	INVENTORY	0	0
18	268484369	268821842	41	1	INVENTORY	0	0
18	268484369	268821843	41	1	INVENTORY	0	0
18	268484369	268821844	41	1	INVENTORY	0	0
18	268484369	268821845	41	1	INVENTORY	0	0
18	268484369	268821846	41	1	INVENTORY	0	0
18	268484369	268821847	41	1	INVENTORY	0	0
18	268484369	268821848	41	1	INVENTORY	0	0
18	268484369	268823178	18	1	INVENTORY	0	0
18	268484369	268823179	18	1	INVENTORY	0	0
18	268484369	268823180	18	1	INVENTORY	0	0
18	268484369	268823181	18	1	INVENTORY	0	0
18	268484369	268823182	18	1	INVENTORY	0	0
18	268484369	268823183	18	1	INVENTORY	0	0
18	268484369	268823184	18	1	INVENTORY	0	0
18	268484369	268823185	18	1	INVENTORY	0	0
18	268484369	268901063	18	1	INVENTORY	0	0
18	268484369	268901064	18	1	INVENTORY	0	0
18	268484369	268901065	18	1	INVENTORY	0	0
18	268484369	268901066	18	1	INVENTORY	0	0
18	268484369	268901067	18	1	INVENTORY	0	0
18	268484369	268901068	18	1	INVENTORY	0	0
18	268484369	268901069	18	1	INVENTORY	0	0
18	268484369	268901070	18	1	INVENTORY	0	0
18	268484369	268905092	41	1	INVENTORY	0	0
18	268484369	268905093	41	1	INVENTORY	0	0
18	268484369	268905094	41	1	INVENTORY	0	0
18	268484369	268905095	41	1	INVENTORY	0	0
18	268484369	268905096	41	1	INVENTORY	0	0
18	268484369	268905097	41	1	INVENTORY	0	0
18	268484369	268905098	41	1	INVENTORY	0	0
18	268484369	268905099	41	1	INVENTORY	0	0
18	268484369	268972059	18	1	INVENTORY	0	0
18	268484369	268972060	18	1	INVENTORY	0	0
18	268484369	268972061	18	1	INVENTORY	0	0
18	268484369	268972062	18	1	INVENTORY	0	0
18	268484369	268972063	18	1	INVENTORY	0	0
18	268484369	268972064	18	1	INVENTORY	0	0
18	268484369	268972065	18	1	INVENTORY	0	0
18	268484369	268972066	18	1	INVENTORY	0	0
18	268484369	268977319	18	1	INVENTORY	0	0
18	268484369	268977320	18	1	INVENTORY	0	0
18	268484369	268977321	18	1	INVENTORY	0	0
18	268484369	268977322	18	1	INVENTORY	0	0
18	268484369	268977323	18	1	INVENTORY	0	0
18	268484369	268977324	18	1	INVENTORY	0	0
18	268484369	268977325	18	1	INVENTORY	0	0
18	268484369	268977326	18	1	INVENTORY	0	0
18	268484369	268981336	18	1	INVENTORY	0	0
18	268484369	268981337	18	1	INVENTORY	0	0
18	268484369	268981338	18	1	INVENTORY	0	0
18	268484369	268981339	18	1	INVENTORY	0	0
18	268484369	268981340	18	1	INVENTORY	0	0
18	268484369	268981341	18	1	INVENTORY	0	0
18	268484369	268981342	18	1	INVENTORY	0	0
18	268484369	268981343	18	1	INVENTORY	0	0
18	268484369	268983599	41	1	INVENTORY	0	0
18	268484369	268983600	41	1	INVENTORY	0	0
18	268484369	268983601	41	1	INVENTORY	0	0
18	268484369	268983602	41	1	INVENTORY	0	0
18	268484369	268983603	41	1	INVENTORY	0	0
18	268484369	268983604	41	1	INVENTORY	0	0
18	268484369	268983605	41	1	INVENTORY	0	0
18	268484369	268983606	41	1	INVENTORY	0	0
18	268484369	268984963	41	1	INVENTORY	0	0
18	268484369	268984964	41	1	INVENTORY	0	0
18	268484369	268984965	41	1	INVENTORY	0	0
18	268484369	268984966	41	1	INVENTORY	0	0
18	268484369	268984967	41	1	INVENTORY	0	0
18	268484369	268984968	41	1	INVENTORY	0	0
18	268484369	268984969	41	1	INVENTORY	0	0
18	268484369	268984970	41	1	INVENTORY	0	0
19	268484387	268484389	10	1	INVENTORY	0	0
19	268484387	268484390	1146	1	PAPERDOLL	6	0
19	268484387	268484391	1147	1	PAPERDOLL	11	0
19	268484387	268484392	2369	1	PAPERDOLL	5	0
19	268484387	268484393	5588	1	INVENTORY	0	0
19	268484387	268484394	10650	5	INVENTORY	0	0
19	268484387	268484395	12753	10	INVENTORY	0	0
19	268484387	268484407	57	6713	INVENTORY	0	0
19	268484387	268484408	1868	1	INVENTORY	0	0
19	268484387	268568237	1060	210	INVENTORY	0	0
19	268484387	268568238	13	1	INVENTORY	0	0
19	268484387	268568239	13	1	INVENTORY	0	0
19	268484387	268568240	13	1	INVENTORY	0	0
19	268484387	268568241	13	1	INVENTORY	0	0
19	268484387	268568242	13	1	INVENTORY	0	0
19	268484387	268568243	13	1	INVENTORY	0	0
19	268484387	268568244	13	1	INVENTORY	0	0
19	268484387	268568245	13	1	INVENTORY	0	0
19	268484387	268568246	1865	80	INVENTORY	0	0
19	268484387	268575310	13	1	INVENTORY	0	0
19	268484387	268575311	13	1	INVENTORY	0	0
19	268484387	268575312	13	1	INVENTORY	0	0
19	268484387	268575313	13	1	INVENTORY	0	0
19	268484387	268575314	13	1	INVENTORY	0	0
19	268484387	268575315	13	1	INVENTORY	0	0
19	268484387	268575316	13	1	INVENTORY	0	0
19	268484387	268575317	13	1	INVENTORY	0	0
19	268484387	268594884	1870	140	INVENTORY	0	0
19	268484387	268620254	13	1	INVENTORY	0	0
19	268484387	268620255	13	1	INVENTORY	0	0
19	268484387	268620256	13	1	INVENTORY	0	0
19	268484387	268620257	13	1	INVENTORY	0	0
19	268484387	268620258	13	1	INVENTORY	0	0
19	268484387	268620259	13	1	INVENTORY	0	0
19	268484387	268620260	13	1	INVENTORY	0	0
19	268484387	268620261	13	1	INVENTORY	0	0
19	268484387	268635124	13	1	INVENTORY	0	0
19	268484387	268635125	13	1	INVENTORY	0	0
19	268484387	268635126	13	1	INVENTORY	0	0
19	268484387	268635127	13	1	INVENTORY	0	0
19	268484387	268635128	13	1	INVENTORY	0	0
19	268484387	268635129	13	1	INVENTORY	0	0
19	268484387	268635130	13	1	INVENTORY	0	0
19	268484387	268635131	13	1	INVENTORY	0	0
19	268484387	268657479	1786	70	INVENTORY	0	0
19	268484387	268705056	13	1	INVENTORY	0	0
19	268484387	268705057	13	1	INVENTORY	0	0
19	268484387	268705058	13	1	INVENTORY	0	0
19	268484387	268705059	13	1	INVENTORY	0	0
19	268484387	268705060	13	1	INVENTORY	0	0
19	268484387	268705061	13	1	INVENTORY	0	0
19	268484387	268705062	13	1	INVENTORY	0	0
19	268484387	268705063	13	1	INVENTORY	0	0
19	268484387	268727113	13	1	INVENTORY	0	0
19	268484387	268727114	13	1	INVENTORY	0	0
19	268484387	268727115	13	1	INVENTORY	0	0
19	268484387	268727116	13	1	INVENTORY	0	0
19	268484387	268727117	13	1	INVENTORY	0	0
19	268484387	268727118	13	1	INVENTORY	0	0
19	268484387	268727119	13	1	INVENTORY	0	0
19	268484387	268727120	13	1	INVENTORY	0	0
19	268484387	268782823	13	1	INVENTORY	0	0
19	268484387	268782824	13	1	INVENTORY	0	0
19	268484387	268782825	13	1	INVENTORY	0	0
19	268484387	268782826	13	1	INVENTORY	0	0
19	268484387	268782827	13	1	INVENTORY	0	0
19	268484387	268782828	13	1	INVENTORY	0	0
19	268484387	268782829	13	1	INVENTORY	0	0
19	268484387	268782830	13	1	INVENTORY	0	0
19	268484387	268847216	13	1	INVENTORY	0	0
19	268484387	268847217	13	1	INVENTORY	0	0
19	268484387	268847218	13	1	INVENTORY	0	0
19	268484387	268847219	13	1	INVENTORY	0	0
19	268484387	268847220	13	1	INVENTORY	0	0
19	268484387	268847221	13	1	INVENTORY	0	0
19	268484387	268847222	13	1	INVENTORY	0	0
19	268484387	268847223	13	1	INVENTORY	0	0
19	268484387	268870538	13	1	INVENTORY	0	0
19	268484387	268870539	13	1	INVENTORY	0	0
19	268484387	268870540	13	1	INVENTORY	0	0
19	268484387	268870541	13	1	INVENTORY	0	0
19	268484387	268870542	13	1	INVENTORY	0	0
19	268484387	268870543	13	1	INVENTORY	0	0
19	268484387	268870544	13	1	INVENTORY	0	0
19	268484387	268870545	13	1	INVENTORY	0	0
19	268484387	268873120	13	1	INVENTORY	0	0
19	268484387	268873121	13	1	INVENTORY	0	0
19	268484387	268873122	13	1	INVENTORY	0	0
19	268484387	268873123	13	1	INVENTORY	0	0
19	268484387	268873124	13	1	INVENTORY	0	0
19	268484387	268873125	13	1	INVENTORY	0	0
19	268484387	268873126	13	1	INVENTORY	0	0
19	268484387	268873127	13	1	INVENTORY	0	0
19	268484387	268880397	13	1	INVENTORY	0	0
19	268484387	268880398	13	1	INVENTORY	0	0
19	268484387	268880399	13	1	INVENTORY	0	0
19	268484387	268880400	13	1	INVENTORY	0	0
19	268484387	268880401	13	1	INVENTORY	0	0
19	268484387	268880402	13	1	INVENTORY	0	0
19	268484387	268880403	13	1	INVENTORY	0	0
19	268484387	268880404	13	1	INVENTORY	0	0
19	268484387	268903509	13	1	INVENTORY	0	0
19	268484387	268903510	13	1	INVENTORY	0	0
19	268484387	268903511	13	1	INVENTORY	0	0
19	268484387	268903512	13	1	INVENTORY	0	0
19	268484387	268903513	13	1	INVENTORY	0	0
19	268484387	268903514	13	1	INVENTORY	0	0
19	268484387	268903515	13	1	INVENTORY	0	0
19	268484387	268903516	13	1	INVENTORY	0	0
19	268484387	269028126	13	1	INVENTORY	0	0
19	268484387	269028127	13	1	INVENTORY	0	0
19	268484387	269028128	13	1	INVENTORY	0	0
19	268484387	269028129	13	1	INVENTORY	0	0
19	268484387	269028130	13	1	INVENTORY	0	0
19	268484387	269028131	13	1	INVENTORY	0	0
19	268484387	269028132	13	1	INVENTORY	0	0
19	268484387	269028133	13	1	INVENTORY	0	0
19	268484387	269078327	13	1	INVENTORY	0	0
19	268484387	269078328	13	1	INVENTORY	0	0
19	268484387	269078329	13	1	INVENTORY	0	0
19	268484387	269078330	13	1	INVENTORY	0	0
19	268484387	269078331	13	1	INVENTORY	0	0
19	268484387	269078332	13	1	INVENTORY	0	0
19	268484387	269078333	13	1	INVENTORY	0	0
19	268484387	269078334	13	1	INVENTORY	0	0
19	268484387	269211352	13	1	INVENTORY	0	0
19	268484387	269211353	13	1	INVENTORY	0	0
19	268484387	269211354	13	1	INVENTORY	0	0
19	268484387	269211355	13	1	INVENTORY	0	0
19	268484387	269211356	13	1	INVENTORY	0	0
19	268484387	269211357	13	1	INVENTORY	0	0
19	268484387	269211358	13	1	INVENTORY	0	0
19	268484387	269211359	13	1	INVENTORY	0	0
19	268484387	269236934	13	1	INVENTORY	0	0
19	268484387	269236935	13	1	INVENTORY	0	0
19	268484387	269236936	13	1	INVENTORY	0	0
19	268484387	269236937	13	1	INVENTORY	0	0
19	268484387	269236938	13	1	INVENTORY	0	0
19	268484387	269236939	13	1	INVENTORY	0	0
19	268484387	269236940	13	1	INVENTORY	0	0
19	268484387	269236941	13	1	INVENTORY	0	0
20	268484388	268484396	10	1	INVENTORY	0	0
20	268484388	268484397	1146	1	PAPERDOLL	6	0
20	268484388	268484398	1147	1	PAPERDOLL	11	0
20	268484388	268484399	2369	1	PAPERDOLL	5	0
20	268484388	268484400	5588	1	INVENTORY	0	0
20	268484388	268484401	10650	5	INVENTORY	0	0
20	268484388	268484402	12753	10	INVENTORY	0	0
20	268484388	268484423	57	2361	INVENTORY	0	0
20	268484388	268484425	1868	1	INVENTORY	0	0
20	268484388	268581247	1865	20	INVENTORY	0	0
20	268484388	268581266	1060	110	INVENTORY	0	0
20	268484388	268852608	1786	40	INVENTORY	0	0
20	268484388	269493370	1870	60	INVENTORY	0	0
20	268484388	269520612	13	1	INVENTORY	0	0
20	268484388	269520613	13	1	INVENTORY	0	0
20	268484388	269520614	13	1	INVENTORY	0	0
20	268484388	269520615	13	1	INVENTORY	0	0
20	268484388	269520616	13	1	INVENTORY	0	0
20	268484388	269520617	13	1	INVENTORY	0	0
20	268484388	269520618	13	1	INVENTORY	0	0
20	268484388	269520619	13	1	INVENTORY	0	0
20	268484388	269752798	13	1	INVENTORY	0	0
20	268484388	269752799	13	1	INVENTORY	0	0
20	268484388	269752800	13	1	INVENTORY	0	0
20	268484388	269752801	13	1	INVENTORY	0	0
20	268484388	269752802	13	1	INVENTORY	0	0
20	268484388	269752803	13	1	INVENTORY	0	0
20	268484388	269752804	13	1	INVENTORY	0	0
20	268484388	269752805	13	1	INVENTORY	0	0
20	268484388	270173112	13	1	INVENTORY	0	0
20	268484388	270173113	13	1	INVENTORY	0	0
20	268484388	270173114	13	1	INVENTORY	0	0
20	268484388	270173115	13	1	INVENTORY	0	0
20	268484388	270173116	13	1	INVENTORY	0	0
20	268484388	270173117	13	1	INVENTORY	0	0
20	268484388	270173118	13	1	INVENTORY	0	0
20	268484388	270173119	13	1	INVENTORY	0	0
20	268484388	270863310	13	1	INVENTORY	0	0
20	268484388	270863311	13	1	INVENTORY	0	0
20	268484388	270863312	13	1	INVENTORY	0	0
20	268484388	270863313	13	1	INVENTORY	0	0
20	268484388	270863314	13	1	INVENTORY	0	0
20	268484388	270863315	13	1	INVENTORY	0	0
20	268484388	270863316	13	1	INVENTORY	0	0
20	268484388	270863317	13	1	INVENTORY	0	0
21	268484405	268484410	6	1	PAPERDOLL	5	0
21	268484405	268484411	425	1	PAPERDOLL	6	0
21	268484405	268484412	461	1	PAPERDOLL	11	0
21	268484405	268484413	5588	1	INVENTORY	0	0
21	268484405	268484414	10650	5	INVENTORY	0	0
21	268484405	268484415	12753	10	INVENTORY	0	0
21	268484405	268490835	57	2380	INVENTORY	0	0
21	268484405	268575318	13	1	INVENTORY	0	0
21	268484405	268575319	13	1	INVENTORY	0	0
21	268484405	268575320	13	1	INVENTORY	0	0
21	268484405	268575321	13	1	INVENTORY	0	0
21	268484405	268575322	13	1	INVENTORY	0	0
21	268484405	268575323	13	1	INVENTORY	0	0
21	268484405	268575324	13	1	INVENTORY	0	0
21	268484405	268575325	13	1	INVENTORY	0	0
21	268484405	268598301	13	1	INVENTORY	0	0
21	268484405	268598302	13	1	INVENTORY	0	0
21	268484405	268598303	13	1	INVENTORY	0	0
21	268484405	268598321	13	1	INVENTORY	0	0
21	268484405	268598322	13	1	INVENTORY	0	0
21	268484405	268598323	13	1	INVENTORY	0	0
21	268484405	268598324	13	1	INVENTORY	0	0
21	268484405	268598325	13	1	INVENTORY	0	0
21	268484405	268607729	1870	30	INVENTORY	0	0
21	268484405	270631247	1060	60	INVENTORY	0	0
21	268484405	270631248	1865	50	INVENTORY	0	0
21	268484405	270855326	13	1	INVENTORY	0	0
21	268484405	270855327	13	1	INVENTORY	0	0
21	268484405	270855328	13	1	INVENTORY	0	0
21	268484405	270855329	13	1	INVENTORY	0	0
21	268484405	270855330	13	1	INVENTORY	0	0
21	268484405	270855331	13	1	INVENTORY	0	0
21	268484405	270855332	13	1	INVENTORY	0	0
21	268484405	270855333	13	1	INVENTORY	0	0
21	268484405	271141034	1786	50	INVENTORY	0	0
21	268484405	271469786	13	1	INVENTORY	0	0
21	268484405	271469787	13	1	INVENTORY	0	0
21	268484405	271469788	13	1	INVENTORY	0	0
21	268484405	271469789	13	1	INVENTORY	0	0
21	268484405	271469790	13	1	INVENTORY	0	0
21	268484405	271469791	13	1	INVENTORY	0	0
21	268484405	271469792	13	1	INVENTORY	0	0
21	268484405	271469793	13	1	INVENTORY	0	0
21	268484405	271493292	13	1	INVENTORY	0	0
21	268484405	271493293	13	1	INVENTORY	0	0
21	268484405	271493294	13	1	INVENTORY	0	0
21	268484405	271493295	13	1	INVENTORY	0	0
21	268484405	271493296	13	1	INVENTORY	0	0
21	268484405	271493297	13	1	INVENTORY	0	0
21	268484405	271493298	13	1	INVENTORY	0	0
21	268484405	271493299	13	1	INVENTORY	0	0
21	268484405	272163755	13	1	INVENTORY	0	0
21	268484405	272163756	13	1	INVENTORY	0	0
21	268484405	272163757	13	1	INVENTORY	0	0
21	268484405	272163758	13	1	INVENTORY	0	0
21	268484405	272163759	13	1	INVENTORY	0	0
21	268484405	272163760	13	1	INVENTORY	0	0
21	268484405	272163761	13	1	INVENTORY	0	0
21	268484405	272163762	13	1	INVENTORY	0	0
21	268484405	272421118	13	1	INVENTORY	0	0
21	268484405	272421119	13	1	INVENTORY	0	0
21	268484405	272421120	13	1	INVENTORY	0	0
21	268484405	272421121	13	1	INVENTORY	0	0
21	268484405	272421122	13	1	INVENTORY	0	0
21	268484405	272421123	13	1	INVENTORY	0	0
21	268484405	272421124	13	1	INVENTORY	0	0
21	268484405	272421125	13	1	INVENTORY	0	0
22	268484406	268484416	10	1	INVENTORY	0	0
22	268484406	268484417	1146	1	PAPERDOLL	6	0
22	268484406	268484418	1147	1	PAPERDOLL	11	0
22	268484406	268484419	2369	1	PAPERDOLL	5	0
22	268484406	268484420	5588	1	INVENTORY	0	0
22	268484406	268484421	10650	5	INVENTORY	0	0
22	268484406	268484422	12753	10	INVENTORY	0	0
22	268484406	268484445	57	11940	INVENTORY	0	0
22	268484406	268484446	1866	1	INVENTORY	0	0
23	268484426	268484428	10	1	INVENTORY	0	0
23	268484426	268484429	1146	1	PAPERDOLL	6	0
23	268484426	268484430	1147	1	PAPERDOLL	11	0
23	268484426	268484431	2369	1	PAPERDOLL	5	0
23	268484426	268484432	5588	1	INVENTORY	0	0
23	268484426	268484433	10650	5	INVENTORY	0	0
23	268484426	268484434	12753	10	INVENTORY	0	0
23	268484426	268484476	57	23707	INVENTORY	0	0
23	268484426	268484477	1866	1	INVENTORY	0	0
24	268484427	268484435	1146	1	PAPERDOLL	6	0
24	268484427	268484436	1147	1	PAPERDOLL	11	0
24	268484427	268484437	2368	1	PAPERDOLL	5	0
24	268484427	268484438	2369	1	INVENTORY	0	0
24	268484427	268484439	5588	1	INVENTORY	0	0
24	268484427	268484440	10650	5	INVENTORY	0	0
24	268484427	268484441	12753	10	INVENTORY	0	0
24	268484427	268484443	17	2682	INVENTORY	0	0
24	268484427	268573651	57	1389	INVENTORY	0	0
24	268484427	268581909	28	1	INVENTORY	0	0
24	268484427	268581910	28	1	INVENTORY	0	0
24	268484427	268581911	28	1	INVENTORY	0	0
24	268484427	268581912	28	1	INVENTORY	0	0
24	268484427	268581913	28	1	INVENTORY	0	0
24	268484427	268581914	28	1	INVENTORY	0	0
24	268484427	268581915	28	1	INVENTORY	0	0
24	268484427	268581916	28	1	INVENTORY	0	0
24	268484427	268581917	21	1	INVENTORY	0	0
24	268484427	268581918	21	1	INVENTORY	0	0
24	268484427	268581919	21	1	INVENTORY	0	0
24	268484427	268581920	21	1	INVENTORY	0	0
24	268484427	268581921	21	1	INVENTORY	0	0
24	268484427	268581922	21	1	INVENTORY	0	0
24	268484427	268581923	21	1	INVENTORY	0	0
24	268484427	268581924	21	1	INVENTORY	0	0
24	268484427	268673375	28	1	INVENTORY	0	0
24	268484427	268673376	28	1	INVENTORY	0	0
24	268484427	268673377	28	1	INVENTORY	0	0
24	268484427	268673378	28	1	INVENTORY	0	0
24	268484427	268673379	28	1	INVENTORY	0	0
24	268484427	268673380	28	1	INVENTORY	0	0
24	268484427	268673381	28	1	INVENTORY	0	0
24	268484427	268673382	28	1	INVENTORY	0	0
24	268484427	268727121	28	1	INVENTORY	0	0
24	268484427	268727122	28	1	INVENTORY	0	0
24	268484427	268727147	28	1	INVENTORY	0	0
24	268484427	268727148	28	1	INVENTORY	0	0
24	268484427	268727149	28	1	INVENTORY	0	0
24	268484427	268727158	28	1	INVENTORY	0	0
24	268484427	268727159	28	1	INVENTORY	0	0
24	268484427	268727200	28	1	INVENTORY	0	0
24	268484427	268954697	28	1	INVENTORY	0	0
24	268484427	268954698	28	1	INVENTORY	0	0
24	268484427	268954699	28	1	INVENTORY	0	0
24	268484427	268954700	28	1	INVENTORY	0	0
24	268484427	268954701	28	1	INVENTORY	0	0
24	268484427	268954702	28	1	INVENTORY	0	0
24	268484427	268954703	28	1	INVENTORY	0	0
24	268484427	268954704	28	1	INVENTORY	0	0
24	268484427	268958643	28	1	INVENTORY	0	0
24	268484427	268958644	28	1	INVENTORY	0	0
24	268484427	268958645	28	1	INVENTORY	0	0
24	268484427	268958646	28	1	INVENTORY	0	0
24	268484427	268958647	28	1	INVENTORY	0	0
24	268484427	268958648	28	1	INVENTORY	0	0
24	268484427	268958649	28	1	INVENTORY	0	0
24	268484427	268958650	28	1	INVENTORY	0	0
24	268484427	269567274	28	1	INVENTORY	0	0
24	268484427	269567275	28	1	INVENTORY	0	0
24	268484427	269567276	28	1	INVENTORY	0	0
24	268484427	269567277	28	1	INVENTORY	0	0
24	268484427	269567278	28	1	INVENTORY	0	0
24	268484427	269567279	28	1	INVENTORY	0	0
24	268484427	269567280	28	1	INVENTORY	0	0
24	268484427	269567281	28	1	INVENTORY	0	0
24	268484427	269587477	28	1	INVENTORY	0	0
24	268484427	269587478	28	1	INVENTORY	0	0
24	268484427	269587479	28	1	INVENTORY	0	0
24	268484427	269587480	28	1	INVENTORY	0	0
24	268484427	269587481	28	1	INVENTORY	0	0
24	268484427	269587482	28	1	INVENTORY	0	0
24	268484427	269587483	28	1	INVENTORY	0	0
24	268484427	269587484	28	1	INVENTORY	0	0
24	268484427	269603503	21	1	INVENTORY	0	0
24	268484427	269603504	21	1	INVENTORY	0	0
24	268484427	269603505	21	1	INVENTORY	0	0
24	268484427	269603506	21	1	INVENTORY	0	0
24	268484427	269603507	21	1	INVENTORY	0	0
24	268484427	269603508	21	1	INVENTORY	0	0
24	268484427	269603509	21	1	INVENTORY	0	0
24	268484427	269603510	21	1	INVENTORY	0	0
24	268484427	269611495	28	1	INVENTORY	0	0
24	268484427	269611496	28	1	INVENTORY	0	0
24	268484427	269611497	28	1	INVENTORY	0	0
24	268484427	269611498	28	1	INVENTORY	0	0
24	268484427	269611499	28	1	INVENTORY	0	0
24	268484427	269611500	28	1	INVENTORY	0	0
24	268484427	269611501	28	1	INVENTORY	0	0
24	268484427	269611502	28	1	INVENTORY	0	0
24	268484427	269615557	28	1	INVENTORY	0	0
24	268484427	269615558	28	1	INVENTORY	0	0
24	268484427	269615559	28	1	INVENTORY	0	0
24	268484427	269615560	28	1	INVENTORY	0	0
24	268484427	269615561	28	1	INVENTORY	0	0
24	268484427	269615562	28	1	INVENTORY	0	0
24	268484427	269615563	28	1	INVENTORY	0	0
24	268484427	269615564	28	1	INVENTORY	0	0
24	268484427	269619559	28	1	INVENTORY	0	0
24	268484427	269619560	28	1	INVENTORY	0	0
24	268484427	269619561	28	1	INVENTORY	0	0
24	268484427	269619562	28	1	INVENTORY	0	0
24	268484427	269619563	28	1	INVENTORY	0	0
24	268484427	269619564	28	1	INVENTORY	0	0
24	268484427	269619565	28	1	INVENTORY	0	0
24	268484427	269619566	28	1	INVENTORY	0	0
24	268484427	269902988	28	1	INVENTORY	0	0
24	268484427	269902989	28	1	INVENTORY	0	0
24	268484427	269902990	28	1	INVENTORY	0	0
24	268484427	269902991	28	1	INVENTORY	0	0
24	268484427	269902992	28	1	INVENTORY	0	0
24	268484427	269902993	28	1	INVENTORY	0	0
24	268484427	269902994	28	1	INVENTORY	0	0
24	268484427	269902995	28	1	INVENTORY	0	0
24	268484427	269902996	1870	20	INVENTORY	0	0
24	268484427	269907092	28	1	INVENTORY	0	0
24	268484427	269907093	28	1	INVENTORY	0	0
24	268484427	269907094	28	1	INVENTORY	0	0
24	268484427	269907095	28	1	INVENTORY	0	0
24	268484427	269907096	28	1	INVENTORY	0	0
24	268484427	269907097	28	1	INVENTORY	0	0
24	268484427	269907098	28	1	INVENTORY	0	0
24	268484427	269907099	28	1	INVENTORY	0	0
24	268484427	270146591	28	1	INVENTORY	0	0
24	268484427	270146592	28	1	INVENTORY	0	0
24	268484427	270146593	28	1	INVENTORY	0	0
24	268484427	270146594	28	1	INVENTORY	0	0
24	268484427	270146595	28	1	INVENTORY	0	0
24	268484427	270146596	28	1	INVENTORY	0	0
24	268484427	270146597	28	1	INVENTORY	0	0
24	268484427	270146598	28	1	INVENTORY	0	0
24	268484427	270150625	28	1	INVENTORY	0	0
24	268484427	270150626	28	1	INVENTORY	0	0
24	268484427	270150627	28	1	INVENTORY	0	0
24	268484427	270150628	28	1	INVENTORY	0	0
24	268484427	270150629	28	1	INVENTORY	0	0
24	268484427	270150630	28	1	INVENTORY	0	0
24	268484427	270150631	28	1	INVENTORY	0	0
24	268484427	270150632	28	1	INVENTORY	0	0
24	268484427	270154683	28	1	INVENTORY	0	0
24	268484427	270154684	28	1	INVENTORY	0	0
24	268484427	270154685	28	1	INVENTORY	0	0
24	268484427	270154686	28	1	INVENTORY	0	0
24	268484427	270154687	28	1	INVENTORY	0	0
24	268484427	270154688	28	1	INVENTORY	0	0
24	268484427	270154689	28	1	INVENTORY	0	0
24	268484427	270154690	28	1	INVENTORY	0	0
24	268484427	270187102	21	1	INVENTORY	0	0
24	268484427	270187103	21	1	INVENTORY	0	0
24	268484427	270187104	21	1	INVENTORY	0	0
24	268484427	270187105	21	1	INVENTORY	0	0
24	268484427	270187106	21	1	INVENTORY	0	0
24	268484427	270187107	21	1	INVENTORY	0	0
24	268484427	270187108	21	1	INVENTORY	0	0
24	268484427	270187109	21	1	INVENTORY	0	0
24	268484427	270199302	21	1	INVENTORY	0	0
24	268484427	270199303	21	1	INVENTORY	0	0
24	268484427	270199304	21	1	INVENTORY	0	0
24	268484427	270199305	21	1	INVENTORY	0	0
24	268484427	270199306	21	1	INVENTORY	0	0
24	268484427	270199307	21	1	INVENTORY	0	0
24	268484427	270199308	21	1	INVENTORY	0	0
24	268484427	270199309	21	1	INVENTORY	0	0
25	268484444	268484448	10	1	INVENTORY	0	0
25	268484444	268484449	1146	1	PAPERDOLL	6	0
25	268484444	268484450	1147	1	PAPERDOLL	11	0
25	268484444	268484451	2369	1	PAPERDOLL	5	0
25	268484444	268484452	5588	1	INVENTORY	0	0
25	268484444	268484453	10650	5	INVENTORY	0	0
25	268484444	268484454	12753	10	INVENTORY	0	0
25	268484444	268495968	57	393	INVENTORY	0	0
25	268484444	268575326	118	1	INVENTORY	0	0
25	268484444	268575327	118	1	INVENTORY	0	0
25	268484444	268575328	118	1	INVENTORY	0	0
25	268484444	268575329	118	1	INVENTORY	0	0
25	268484444	268575330	118	1	INVENTORY	0	0
25	268484444	268575331	118	1	INVENTORY	0	0
25	268484444	268575332	118	1	INVENTORY	0	0
25	268484444	268575333	118	1	INVENTORY	0	0
25	268484444	268575334	1870	10	INVENTORY	0	0
25	268484444	268575335	6037	10	INVENTORY	0	0
25	268484444	268578991	1788	10	INVENTORY	0	0
25	268484444	270675997	1864	10	INVENTORY	0	0
25	268484444	270704400	1795	10	INVENTORY	0	0
26	268484447	268484455	6	1	PAPERDOLL	5	0
26	268484447	268484456	425	1	PAPERDOLL	6	0
26	268484447	268484457	461	1	PAPERDOLL	11	0
26	268484447	268484458	5588	1	INVENTORY	0	0
26	268484447	268484459	10650	5	INVENTORY	0	0
26	268484447	268484460	12753	10	INVENTORY	0	0
26	268484447	268575336	41	1	INVENTORY	0	0
26	268484447	268575337	41	1	INVENTORY	0	0
26	268484447	268575338	41	1	INVENTORY	0	0
26	268484447	268575339	41	1	INVENTORY	0	0
26	268484447	268575340	41	1	INVENTORY	0	0
26	268484447	268575341	41	1	INVENTORY	0	0
26	268484447	268575342	41	1	INVENTORY	0	0
26	268484447	268575343	41	1	INVENTORY	0	0
26	268484447	268575861	18	1	INVENTORY	0	0
26	268484447	268575862	18	1	INVENTORY	0	0
26	268484447	268575863	18	1	INVENTORY	0	0
26	268484447	268575864	18	1	INVENTORY	0	0
26	268484447	268575865	18	1	INVENTORY	0	0
26	268484447	268575866	18	1	INVENTORY	0	0
26	268484447	268575867	18	1	INVENTORY	0	0
26	268484447	268575868	18	1	INVENTORY	0	0
26	268484447	268576432	41	1	INVENTORY	0	0
26	268484447	268576433	41	1	INVENTORY	0	0
26	268484447	268576434	41	1	INVENTORY	0	0
26	268484447	268576435	41	1	INVENTORY	0	0
26	268484447	268576436	41	1	INVENTORY	0	0
26	268484447	268576437	41	1	INVENTORY	0	0
26	268484447	268576438	41	1	INVENTORY	0	0
26	268484447	268576439	41	1	INVENTORY	0	0
26	268484447	268577819	18	1	INVENTORY	0	0
26	268484447	268577820	18	1	INVENTORY	0	0
26	268484447	268577821	18	1	INVENTORY	0	0
26	268484447	268577822	18	1	INVENTORY	0	0
26	268484447	268577823	18	1	INVENTORY	0	0
26	268484447	268577824	18	1	INVENTORY	0	0
26	268484447	268577825	18	1	INVENTORY	0	0
26	268484447	268577826	18	1	INVENTORY	0	0
26	268484447	268578142	41	1	INVENTORY	0	0
26	268484447	268578143	41	1	INVENTORY	0	0
26	268484447	268578144	41	1	INVENTORY	0	0
26	268484447	268578145	41	1	INVENTORY	0	0
26	268484447	268578146	41	1	INVENTORY	0	0
26	268484447	268578147	41	1	INVENTORY	0	0
26	268484447	268578148	41	1	INVENTORY	0	0
26	268484447	268578149	41	1	INVENTORY	0	0
26	268484447	268578768	41	1	INVENTORY	0	0
26	268484447	268578769	41	1	INVENTORY	0	0
26	268484447	268578770	41	1	INVENTORY	0	0
26	268484447	268578771	41	1	INVENTORY	0	0
26	268484447	268578772	41	1	INVENTORY	0	0
26	268484447	268578773	41	1	INVENTORY	0	0
26	268484447	268578774	41	1	INVENTORY	0	0
26	268484447	268578775	41	1	INVENTORY	0	0
26	268484447	268578863	41	1	INVENTORY	0	0
26	268484447	268578864	41	1	INVENTORY	0	0
26	268484447	268578865	41	1	INVENTORY	0	0
26	268484447	268578866	41	1	INVENTORY	0	0
26	268484447	268578867	41	1	INVENTORY	0	0
26	268484447	268578868	41	1	INVENTORY	0	0
26	268484447	268578869	41	1	INVENTORY	0	0
26	268484447	268578870	41	1	INVENTORY	0	0
26	268484447	268579935	41	1	INVENTORY	0	0
26	268484447	268579936	41	1	INVENTORY	0	0
26	268484447	268579937	41	1	INVENTORY	0	0
26	268484447	268579938	41	1	INVENTORY	0	0
26	268484447	268579939	41	1	INVENTORY	0	0
26	268484447	268579940	41	1	INVENTORY	0	0
26	268484447	268579941	41	1	INVENTORY	0	0
26	268484447	268579942	41	1	INVENTORY	0	0
26	268484447	268579990	18	1	INVENTORY	0	0
26	268484447	268579991	18	1	INVENTORY	0	0
26	268484447	268579992	18	1	INVENTORY	0	0
26	268484447	268579993	18	1	INVENTORY	0	0
26	268484447	268579996	18	1	INVENTORY	0	0
26	268484447	268579997	18	1	INVENTORY	0	0
26	268484447	268579998	18	1	INVENTORY	0	0
26	268484447	268579999	18	1	INVENTORY	0	0
26	268484447	268593144	57	476	INVENTORY	0	0
26	268484447	268593430	1868	50	INVENTORY	0	0
26	268484447	268677340	18	1	INVENTORY	0	0
26	268484447	268677341	18	1	INVENTORY	0	0
26	268484447	268677342	18	1	INVENTORY	0	0
26	268484447	268677343	18	1	INVENTORY	0	0
26	268484447	268677344	18	1	INVENTORY	0	0
26	268484447	268677345	18	1	INVENTORY	0	0
26	268484447	268677346	18	1	INVENTORY	0	0
26	268484447	268677347	18	1	INVENTORY	0	0
26	268484447	268679563	18	1	INVENTORY	0	0
26	268484447	268679564	18	1	INVENTORY	0	0
26	268484447	268679565	18	1	INVENTORY	0	0
26	268484447	268679566	18	1	INVENTORY	0	0
26	268484447	268679567	18	1	INVENTORY	0	0
26	268484447	268679568	18	1	INVENTORY	0	0
26	268484447	268679569	18	1	INVENTORY	0	0
26	268484447	268679570	18	1	INVENTORY	0	0
26	268484447	268684130	41	1	INVENTORY	0	0
26	268484447	268684131	41	1	INVENTORY	0	0
26	268484447	268684132	41	1	INVENTORY	0	0
26	268484447	268684133	41	1	INVENTORY	0	0
26	268484447	268684134	41	1	INVENTORY	0	0
26	268484447	268684135	41	1	INVENTORY	0	0
26	268484447	268684136	41	1	INVENTORY	0	0
26	268484447	268684137	41	1	INVENTORY	0	0
26	268484447	268692047	18	1	INVENTORY	0	0
26	268484447	268692048	18	1	INVENTORY	0	0
26	268484447	268692049	18	1	INVENTORY	0	0
26	268484447	268692050	18	1	INVENTORY	0	0
26	268484447	268692051	18	1	INVENTORY	0	0
26	268484447	268692052	18	1	INVENTORY	0	0
26	268484447	268692053	18	1	INVENTORY	0	0
26	268484447	268692054	18	1	INVENTORY	0	0
26	268484447	268694301	18	1	INVENTORY	0	0
26	268484447	268694302	18	1	INVENTORY	0	0
26	268484447	268694303	18	1	INVENTORY	0	0
26	268484447	268694304	18	1	INVENTORY	0	0
26	268484447	268694305	18	1	INVENTORY	0	0
26	268484447	268694306	18	1	INVENTORY	0	0
26	268484447	268694307	18	1	INVENTORY	0	0
26	268484447	268694308	18	1	INVENTORY	0	0
26	268484447	268698906	41	1	INVENTORY	0	0
26	268484447	268698907	41	1	INVENTORY	0	0
26	268484447	268698908	41	1	INVENTORY	0	0
26	268484447	268698909	41	1	INVENTORY	0	0
26	268484447	268698910	41	1	INVENTORY	0	0
26	268484447	268698911	41	1	INVENTORY	0	0
26	268484447	268698912	41	1	INVENTORY	0	0
26	268484447	268698913	41	1	INVENTORY	0	0
26	268484447	268705802	18	1	INVENTORY	0	0
26	268484447	268705803	18	1	INVENTORY	0	0
26	268484447	268705804	18	1	INVENTORY	0	0
26	268484447	268705805	18	1	INVENTORY	0	0
26	268484447	268705806	18	1	INVENTORY	0	0
26	268484447	268705807	18	1	INVENTORY	0	0
26	268484447	268705808	18	1	INVENTORY	0	0
26	268484447	268705809	18	1	INVENTORY	0	0
26	268484447	268708275	18	1	INVENTORY	0	0
26	268484447	268708276	18	1	INVENTORY	0	0
26	268484447	268708277	18	1	INVENTORY	0	0
26	268484447	268708278	18	1	INVENTORY	0	0
26	268484447	268708279	18	1	INVENTORY	0	0
26	268484447	268708280	18	1	INVENTORY	0	0
26	268484447	268708281	18	1	INVENTORY	0	0
26	268484447	268708282	18	1	INVENTORY	0	0
26	268484447	268710637	18	1	INVENTORY	0	0
26	268484447	268710638	18	1	INVENTORY	0	0
26	268484447	268710639	18	1	INVENTORY	0	0
26	268484447	268710640	18	1	INVENTORY	0	0
26	268484447	268710641	18	1	INVENTORY	0	0
26	268484447	268710642	18	1	INVENTORY	0	0
26	268484447	268710643	18	1	INVENTORY	0	0
26	268484447	268710644	18	1	INVENTORY	0	0
26	268484447	268715568	18	1	INVENTORY	0	0
26	268484447	268715569	18	1	INVENTORY	0	0
26	268484447	268715570	18	1	INVENTORY	0	0
26	268484447	268715571	18	1	INVENTORY	0	0
26	268484447	268715572	18	1	INVENTORY	0	0
26	268484447	268715573	18	1	INVENTORY	0	0
26	268484447	268715574	18	1	INVENTORY	0	0
26	268484447	268715575	18	1	INVENTORY	0	0
27	268484461	268484463	6	1	PAPERDOLL	5	0
27	268484461	268484464	425	1	PAPERDOLL	6	0
27	268484461	268484465	461	1	PAPERDOLL	11	0
27	268484461	268484466	5588	1	INVENTORY	0	0
27	268484461	268484467	10650	5	INVENTORY	0	0
27	268484461	268484468	12753	10	INVENTORY	0	0
27	268484461	268594654	57	1763	INVENTORY	0	0
27	268484461	268594846	1868	10	INVENTORY	0	0
27	268484461	268602362	1870	40	INVENTORY	0	0
27	268484461	268753748	13	1	INVENTORY	0	0
27	268484461	268753749	13	1	INVENTORY	0	0
27	268484461	268753750	13	1	INVENTORY	0	0
27	268484461	268753751	13	1	INVENTORY	0	0
27	268484461	268753752	13	1	INVENTORY	0	0
27	268484461	268753753	13	1	INVENTORY	0	0
27	268484461	268753754	13	1	INVENTORY	0	0
27	268484461	268753755	13	1	INVENTORY	0	0
27	268484461	268913987	1060	60	INVENTORY	0	0
27	268484461	268913988	1786	30	INVENTORY	0	0
27	268484461	268969862	1865	20	INVENTORY	0	0
27	268484461	269130343	13	1	INVENTORY	0	0
27	268484461	269130344	13	1	INVENTORY	0	0
27	268484461	269130345	13	1	INVENTORY	0	0
27	268484461	269130346	13	1	INVENTORY	0	0
27	268484461	269130347	13	1	INVENTORY	0	0
27	268484461	269130348	13	1	INVENTORY	0	0
27	268484461	269130349	13	1	INVENTORY	0	0
27	268484461	269130350	13	1	INVENTORY	0	0
28	268484462	268484469	10	1	INVENTORY	0	0
28	268484462	268484470	1146	1	PAPERDOLL	6	0
28	268484462	268484471	1147	1	PAPERDOLL	11	0
28	268484462	268484472	2369	1	PAPERDOLL	5	0
28	268484462	268484473	5588	1	INVENTORY	0	0
28	268484462	268484474	10650	5	INVENTORY	0	0
28	268484462	268484475	12753	10	INVENTORY	0	0
28	268484462	268484482	57	4411	INVENTORY	0	0
28	268484462	268484496	1868	1	INVENTORY	0	0
28	268484462	268584885	13	1	INVENTORY	0	0
28	268484462	268584886	13	1	INVENTORY	0	0
28	268484462	268584887	13	1	INVENTORY	0	0
28	268484462	268584888	13	1	INVENTORY	0	0
28	268484462	268584889	13	1	INVENTORY	0	0
28	268484462	268584890	13	1	INVENTORY	0	0
28	268484462	268584891	13	1	INVENTORY	0	0
28	268484462	268584892	13	1	INVENTORY	0	0
28	268484462	268587976	13	1	INVENTORY	0	0
28	268484462	268587977	13	1	INVENTORY	0	0
28	268484462	268587978	13	1	INVENTORY	0	0
28	268484462	268587979	13	1	INVENTORY	0	0
28	268484462	268587980	13	1	INVENTORY	0	0
28	268484462	268587981	13	1	INVENTORY	0	0
28	268484462	268587982	13	1	INVENTORY	0	0
28	268484462	268587983	13	1	INVENTORY	0	0
28	268484462	268588101	13	1	INVENTORY	0	0
28	268484462	268588102	13	1	INVENTORY	0	0
28	268484462	268588103	13	1	INVENTORY	0	0
28	268484462	268588104	13	1	INVENTORY	0	0
28	268484462	268588105	13	1	INVENTORY	0	0
28	268484462	268588106	13	1	INVENTORY	0	0
28	268484462	268588107	13	1	INVENTORY	0	0
28	268484462	268588244	13	1	INVENTORY	0	0
28	268484462	268594973	1869	10	INVENTORY	0	0
28	268484462	268596219	1060	200	INVENTORY	0	0
28	268484462	268596237	1865	70	INVENTORY	0	0
28	268484462	268680066	13	1	INVENTORY	0	0
28	268484462	268680067	13	1	INVENTORY	0	0
28	268484462	268680068	13	1	INVENTORY	0	0
28	268484462	268680069	13	1	INVENTORY	0	0
28	268484462	268680070	13	1	INVENTORY	0	0
28	268484462	268680071	13	1	INVENTORY	0	0
28	268484462	268680072	13	1	INVENTORY	0	0
28	268484462	268680073	13	1	INVENTORY	0	0
28	268484462	268728795	13	1	INVENTORY	0	0
28	268484462	268728796	13	1	INVENTORY	0	0
28	268484462	268728797	13	1	INVENTORY	0	0
28	268484462	268728798	13	1	INVENTORY	0	0
28	268484462	268728799	13	1	INVENTORY	0	0
28	268484462	268728800	13	1	INVENTORY	0	0
28	268484462	268728801	13	1	INVENTORY	0	0
28	268484462	268728802	13	1	INVENTORY	0	0
28	268484462	268754523	13	1	INVENTORY	0	0
28	268484462	268754524	13	1	INVENTORY	0	0
28	268484462	268754525	13	1	INVENTORY	0	0
28	268484462	268754526	13	1	INVENTORY	0	0
28	268484462	268754527	13	1	INVENTORY	0	0
28	268484462	268754528	13	1	INVENTORY	0	0
28	268484462	268754529	13	1	INVENTORY	0	0
28	268484462	268754530	13	1	INVENTORY	0	0
28	268484462	268787207	1786	50	INVENTORY	0	0
28	268484462	268813332	13	1	INVENTORY	0	0
28	268484462	268813333	13	1	INVENTORY	0	0
28	268484462	268813334	13	1	INVENTORY	0	0
28	268484462	268813335	13	1	INVENTORY	0	0
28	268484462	268813336	13	1	INVENTORY	0	0
28	268484462	268813337	13	1	INVENTORY	0	0
28	268484462	268813338	13	1	INVENTORY	0	0
28	268484462	268813339	13	1	INVENTORY	0	0
28	268484462	268829042	13	1	INVENTORY	0	0
28	268484462	268829043	13	1	INVENTORY	0	0
28	268484462	268829044	13	1	INVENTORY	0	0
28	268484462	268829045	13	1	INVENTORY	0	0
28	268484462	268829046	13	1	INVENTORY	0	0
28	268484462	268829047	13	1	INVENTORY	0	0
28	268484462	268829048	13	1	INVENTORY	0	0
28	268484462	268829049	13	1	INVENTORY	0	0
28	268484462	268893148	13	1	INVENTORY	0	0
28	268484462	268893149	13	1	INVENTORY	0	0
28	268484462	268893150	13	1	INVENTORY	0	0
28	268484462	268893151	13	1	INVENTORY	0	0
28	268484462	268893152	13	1	INVENTORY	0	0
28	268484462	268893153	13	1	INVENTORY	0	0
28	268484462	268893154	13	1	INVENTORY	0	0
28	268484462	268893155	13	1	INVENTORY	0	0
28	268484462	268976939	13	1	INVENTORY	0	0
28	268484462	268976940	13	1	INVENTORY	0	0
28	268484462	268976941	13	1	INVENTORY	0	0
28	268484462	268976942	13	1	INVENTORY	0	0
28	268484462	268976943	13	1	INVENTORY	0	0
28	268484462	268976944	13	1	INVENTORY	0	0
28	268484462	268976945	13	1	INVENTORY	0	0
28	268484462	268976946	13	1	INVENTORY	0	0
28	268484462	269040094	13	1	INVENTORY	0	0
28	268484462	269040095	13	1	INVENTORY	0	0
28	268484462	269040096	13	1	INVENTORY	0	0
28	268484462	269040097	13	1	INVENTORY	0	0
28	268484462	269040098	13	1	INVENTORY	0	0
28	268484462	269040099	13	1	INVENTORY	0	0
28	268484462	269040100	13	1	INVENTORY	0	0
28	268484462	269040101	13	1	INVENTORY	0	0
28	268484462	269147365	13	1	INVENTORY	0	0
28	268484462	269147366	13	1	INVENTORY	0	0
28	268484462	269147367	13	1	INVENTORY	0	0
28	268484462	269147368	13	1	INVENTORY	0	0
28	268484462	269147369	13	1	INVENTORY	0	0
28	268484462	269147370	13	1	INVENTORY	0	0
28	268484462	269147371	13	1	INVENTORY	0	0
28	268484462	269147372	13	1	INVENTORY	0	0
28	268484462	269216667	1870	70	INVENTORY	0	0
28	268484462	269292937	13	1	INVENTORY	0	0
28	268484462	269292938	13	1	INVENTORY	0	0
28	268484462	269292939	13	1	INVENTORY	0	0
28	268484462	269292940	13	1	INVENTORY	0	0
28	268484462	269292941	13	1	INVENTORY	0	0
28	268484462	269292942	13	1	INVENTORY	0	0
28	268484462	269292943	13	1	INVENTORY	0	0
28	268484462	269292944	13	1	INVENTORY	0	0
29	268484480	268484483	6	1	PAPERDOLL	5	0
29	268484480	268484484	425	1	PAPERDOLL	6	0
29	268484480	268484485	461	1	PAPERDOLL	11	0
29	268484480	268484486	5588	1	INVENTORY	0	0
29	268484480	268484487	10650	5	INVENTORY	0	0
29	268484480	268484488	12753	10	INVENTORY	0	0
29	268484480	268568535	41	1	INVENTORY	0	0
29	268484480	268568536	41	1	INVENTORY	0	0
29	268484480	268568537	41	1	INVENTORY	0	0
29	268484480	268568538	41	1	INVENTORY	0	0
29	268484480	268568539	41	1	INVENTORY	0	0
29	268484480	268568540	41	1	INVENTORY	0	0
29	268484480	268568541	41	1	INVENTORY	0	0
29	268484480	268568542	41	1	INVENTORY	0	0
29	268484480	268570660	57	476	INVENTORY	0	0
29	268484480	268579125	18	1	INVENTORY	0	0
29	268484480	268579126	18	1	INVENTORY	0	0
29	268484480	268579127	18	1	INVENTORY	0	0
29	268484480	268579128	18	1	INVENTORY	0	0
29	268484480	268579129	18	1	INVENTORY	0	0
29	268484480	268579130	18	1	INVENTORY	0	0
29	268484480	268579131	18	1	INVENTORY	0	0
29	268484480	268579132	18	1	INVENTORY	0	0
29	268484480	268581267	1868	50	INVENTORY	0	0
29	268484480	268596921	18	1	INVENTORY	0	0
29	268484480	268596922	18	1	INVENTORY	0	0
29	268484480	268596923	18	1	INVENTORY	0	0
29	268484480	268596924	18	1	INVENTORY	0	0
29	268484480	268596925	18	1	INVENTORY	0	0
29	268484480	268596926	18	1	INVENTORY	0	0
29	268484480	268596927	18	1	INVENTORY	0	0
29	268484480	268596928	18	1	INVENTORY	0	0
29	268484480	268603797	41	1	INVENTORY	0	0
29	268484480	268603798	41	1	INVENTORY	0	0
29	268484480	268603799	41	1	INVENTORY	0	0
29	268484480	268603800	41	1	INVENTORY	0	0
29	268484480	268603801	41	1	INVENTORY	0	0
29	268484480	268603802	41	1	INVENTORY	0	0
29	268484480	268603803	41	1	INVENTORY	0	0
29	268484480	268603804	41	1	INVENTORY	0	0
29	268484480	268609595	41	1	INVENTORY	0	0
29	268484480	268609596	41	1	INVENTORY	0	0
29	268484480	268609597	41	1	INVENTORY	0	0
29	268484480	268609598	41	1	INVENTORY	0	0
29	268484480	268609599	41	1	INVENTORY	0	0
29	268484480	268609600	41	1	INVENTORY	0	0
29	268484480	268609601	41	1	INVENTORY	0	0
29	268484480	268609602	41	1	INVENTORY	0	0
29	268484480	268611574	41	1	INVENTORY	0	0
29	268484480	268611575	41	1	INVENTORY	0	0
29	268484480	268611576	41	1	INVENTORY	0	0
29	268484480	268611577	41	1	INVENTORY	0	0
29	268484480	268611578	41	1	INVENTORY	0	0
29	268484480	268611579	41	1	INVENTORY	0	0
29	268484480	268611580	41	1	INVENTORY	0	0
29	268484480	268611581	41	1	INVENTORY	0	0
29	268484480	268632530	41	1	INVENTORY	0	0
29	268484480	268632531	41	1	INVENTORY	0	0
29	268484480	268632532	41	1	INVENTORY	0	0
29	268484480	268632533	41	1	INVENTORY	0	0
29	268484480	268632534	41	1	INVENTORY	0	0
29	268484480	268632535	41	1	INVENTORY	0	0
29	268484480	268632536	41	1	INVENTORY	0	0
29	268484480	268632537	41	1	INVENTORY	0	0
29	268484480	268681879	41	1	INVENTORY	0	0
29	268484480	268681880	41	1	INVENTORY	0	0
29	268484480	268681881	41	1	INVENTORY	0	0
29	268484480	268681882	41	1	INVENTORY	0	0
29	268484480	268681883	41	1	INVENTORY	0	0
29	268484480	268681884	41	1	INVENTORY	0	0
29	268484480	268681885	41	1	INVENTORY	0	0
29	268484480	268681886	41	1	INVENTORY	0	0
29	268484480	268684138	18	1	INVENTORY	0	0
29	268484480	268684139	18	1	INVENTORY	0	0
29	268484480	268684140	18	1	INVENTORY	0	0
29	268484480	268684141	18	1	INVENTORY	0	0
29	268484480	268684142	18	1	INVENTORY	0	0
29	268484480	268684143	18	1	INVENTORY	0	0
29	268484480	268684144	18	1	INVENTORY	0	0
29	268484480	268684145	18	1	INVENTORY	0	0
29	268484480	268692055	18	1	INVENTORY	0	0
29	268484480	268692056	18	1	INVENTORY	0	0
29	268484480	268692057	18	1	INVENTORY	0	0
29	268484480	268692058	18	1	INVENTORY	0	0
29	268484480	268692059	18	1	INVENTORY	0	0
29	268484480	268692060	18	1	INVENTORY	0	0
29	268484480	268692061	18	1	INVENTORY	0	0
29	268484480	268692062	18	1	INVENTORY	0	0
29	268484480	268770762	18	1	INVENTORY	0	0
29	268484480	268770763	18	1	INVENTORY	0	0
29	268484480	268770764	18	1	INVENTORY	0	0
29	268484480	268770765	18	1	INVENTORY	0	0
29	268484480	268770766	18	1	INVENTORY	0	0
29	268484480	268770767	18	1	INVENTORY	0	0
29	268484480	268770768	18	1	INVENTORY	0	0
29	268484480	268770769	18	1	INVENTORY	0	0
29	268484480	268776051	41	1	INVENTORY	0	0
29	268484480	268776052	41	1	INVENTORY	0	0
29	268484480	268776053	41	1	INVENTORY	0	0
29	268484480	268776054	41	1	INVENTORY	0	0
29	268484480	268776055	41	1	INVENTORY	0	0
29	268484480	268776056	41	1	INVENTORY	0	0
29	268484480	268776057	41	1	INVENTORY	0	0
29	268484480	268776058	41	1	INVENTORY	0	0
29	268484480	268781262	18	1	INVENTORY	0	0
29	268484480	268781263	18	1	INVENTORY	0	0
29	268484480	268781264	18	1	INVENTORY	0	0
29	268484480	268781265	18	1	INVENTORY	0	0
29	268484480	268781266	18	1	INVENTORY	0	0
29	268484480	268781267	18	1	INVENTORY	0	0
29	268484480	268781268	18	1	INVENTORY	0	0
29	268484480	268781269	18	1	INVENTORY	0	0
29	268484480	268783880	18	1	INVENTORY	0	0
29	268484480	268783881	18	1	INVENTORY	0	0
29	268484480	268783882	18	1	INVENTORY	0	0
29	268484480	268783883	18	1	INVENTORY	0	0
29	268484480	268783884	18	1	INVENTORY	0	0
29	268484480	268783885	18	1	INVENTORY	0	0
29	268484480	268783886	18	1	INVENTORY	0	0
29	268484480	268783887	18	1	INVENTORY	0	0
29	268484480	270598967	41	1	INVENTORY	0	0
29	268484480	270598968	41	1	INVENTORY	0	0
29	268484480	270598969	41	1	INVENTORY	0	0
29	268484480	270598970	41	1	INVENTORY	0	0
29	268484480	270598971	41	1	INVENTORY	0	0
29	268484480	270598972	41	1	INVENTORY	0	0
29	268484480	270598973	41	1	INVENTORY	0	0
29	268484480	270598974	41	1	INVENTORY	0	0
29	268484480	270623127	18	1	INVENTORY	0	0
29	268484480	270623128	18	1	INVENTORY	0	0
29	268484480	270623129	18	1	INVENTORY	0	0
29	268484480	270623130	18	1	INVENTORY	0	0
29	268484480	270623131	18	1	INVENTORY	0	0
29	268484480	270623132	18	1	INVENTORY	0	0
29	268484480	270623133	18	1	INVENTORY	0	0
29	268484480	270623134	18	1	INVENTORY	0	0
29	268484480	270631249	18	1	INVENTORY	0	0
29	268484480	270631250	18	1	INVENTORY	0	0
29	268484480	270631251	18	1	INVENTORY	0	0
29	268484480	270631252	18	1	INVENTORY	0	0
29	268484480	270631253	18	1	INVENTORY	0	0
29	268484480	270631254	18	1	INVENTORY	0	0
29	268484480	270631255	18	1	INVENTORY	0	0
29	268484480	270631256	18	1	INVENTORY	0	0
29	268484480	270639315	18	1	INVENTORY	0	0
29	268484480	270639316	18	1	INVENTORY	0	0
29	268484480	270639317	18	1	INVENTORY	0	0
29	268484480	270639318	18	1	INVENTORY	0	0
29	268484480	270639319	18	1	INVENTORY	0	0
29	268484480	270639320	18	1	INVENTORY	0	0
29	268484480	270639321	18	1	INVENTORY	0	0
29	268484480	270639322	18	1	INVENTORY	0	0
29	268484480	270900134	18	1	INVENTORY	0	0
29	268484480	270900135	18	1	INVENTORY	0	0
29	268484480	270900136	18	1	INVENTORY	0	0
29	268484480	270900137	18	1	INVENTORY	0	0
29	268484480	270900138	18	1	INVENTORY	0	0
29	268484480	270900139	18	1	INVENTORY	0	0
29	268484480	270900140	18	1	INVENTORY	0	0
29	268484480	270900141	18	1	INVENTORY	0	0
32	268484499	268484508	425	1	PAPERDOLL	6	0
32	268484499	268484509	461	1	PAPERDOLL	11	0
32	268484499	268484510	2368	1	PAPERDOLL	5	0
32	268484499	268484511	5588	1	INVENTORY	0	0
32	268484499	268484512	10650	5	INVENTORY	0	0
32	268484499	268484513	12753	10	INVENTORY	0	0
32	268484499	268570447	57	862	INVENTORY	0	0
32	268484499	268576929	1870	40	INVENTORY	0	0
32	268484499	268579420	28	1	INVENTORY	0	0
32	268484499	268579421	28	1	INVENTORY	0	0
32	268484499	268579422	28	1	INVENTORY	0	0
32	268484499	268579423	28	1	INVENTORY	0	0
32	268484499	268579424	28	1	INVENTORY	0	0
32	268484499	268579425	28	1	INVENTORY	0	0
32	268484499	268579426	28	1	INVENTORY	0	0
32	268484499	268579427	28	1	INVENTORY	0	0
32	268484499	268593464	17	2440	INVENTORY	0	0
32	268484499	268602363	21	1	INVENTORY	0	0
32	268484499	268602364	21	1	INVENTORY	0	0
32	268484499	268602365	21	1	INVENTORY	0	0
32	268484499	268602366	21	1	INVENTORY	0	0
32	268484499	268602367	21	1	INVENTORY	0	0
32	268484499	268602368	21	1	INVENTORY	0	0
32	268484499	268602369	21	1	INVENTORY	0	0
32	268484499	268602370	21	1	INVENTORY	0	0
32	268484499	268615595	28	1	INVENTORY	0	0
32	268484499	268615596	28	1	INVENTORY	0	0
32	268484499	268615597	28	1	INVENTORY	0	0
32	268484499	268615598	28	1	INVENTORY	0	0
32	268484499	268615599	28	1	INVENTORY	0	0
32	268484499	268615600	28	1	INVENTORY	0	0
32	268484499	268615601	28	1	INVENTORY	0	0
32	268484499	268615602	28	1	INVENTORY	0	0
32	268484499	268635824	28	1	INVENTORY	0	0
32	268484499	268635825	28	1	INVENTORY	0	0
32	268484499	268635826	28	1	INVENTORY	0	0
32	268484499	268635827	28	1	INVENTORY	0	0
32	268484499	268635828	28	1	INVENTORY	0	0
32	268484499	268635829	28	1	INVENTORY	0	0
32	268484499	268635830	28	1	INVENTORY	0	0
32	268484499	268635831	28	1	INVENTORY	0	0
32	268484499	268692878	21	1	INVENTORY	0	0
32	268484499	268692879	21	1	INVENTORY	0	0
32	268484499	268692880	21	1	INVENTORY	0	0
32	268484499	268692881	21	1	INVENTORY	0	0
32	268484499	268692882	21	1	INVENTORY	0	0
32	268484499	268692883	21	1	INVENTORY	0	0
32	268484499	268692884	21	1	INVENTORY	0	0
32	268484499	268692885	21	1	INVENTORY	0	0
32	268484499	268694903	1865	20	INVENTORY	0	0
32	268484499	268707016	28	1	INVENTORY	0	0
32	268484499	268707017	28	1	INVENTORY	0	0
32	268484499	268707018	28	1	INVENTORY	0	0
32	268484499	268707019	28	1	INVENTORY	0	0
32	268484499	268707020	28	1	INVENTORY	0	0
32	268484499	268707021	28	1	INVENTORY	0	0
32	268484499	268707022	28	1	INVENTORY	0	0
32	268484499	268707023	28	1	INVENTORY	0	0
32	268484499	268711068	28	1	INVENTORY	0	0
32	268484499	268711069	28	1	INVENTORY	0	0
32	268484499	268711070	28	1	INVENTORY	0	0
32	268484499	268711071	28	1	INVENTORY	0	0
32	268484499	268711072	28	1	INVENTORY	0	0
32	268484499	268711073	28	1	INVENTORY	0	0
32	268484499	268711074	28	1	INVENTORY	0	0
32	268484499	268711075	28	1	INVENTORY	0	0
32	268484499	268725849	21	1	INVENTORY	0	0
32	268484499	268725850	21	1	INVENTORY	0	0
32	268484499	268725851	21	1	INVENTORY	0	0
32	268484499	268725852	21	1	INVENTORY	0	0
32	268484499	268725853	21	1	INVENTORY	0	0
32	268484499	268725854	21	1	INVENTORY	0	0
32	268484499	268725855	21	1	INVENTORY	0	0
32	268484499	268725856	21	1	INVENTORY	0	0
32	268484499	268744766	1786	30	INVENTORY	0	0
32	268484499	268761462	28	1	INVENTORY	0	0
32	268484499	268761463	28	1	INVENTORY	0	0
32	268484499	268761464	28	1	INVENTORY	0	0
32	268484499	268761465	28	1	INVENTORY	0	0
32	268484499	268761466	28	1	INVENTORY	0	0
32	268484499	268761467	28	1	INVENTORY	0	0
32	268484499	268761468	28	1	INVENTORY	0	0
32	268484499	268761469	28	1	INVENTORY	0	0
32	268484499	268772134	21	1	INVENTORY	0	0
32	268484499	268772135	21	1	INVENTORY	0	0
32	268484499	268772136	21	1	INVENTORY	0	0
32	268484499	268772137	21	1	INVENTORY	0	0
32	268484499	268772138	21	1	INVENTORY	0	0
32	268484499	268772139	21	1	INVENTORY	0	0
32	268484499	268772140	21	1	INVENTORY	0	0
32	268484499	268772141	21	1	INVENTORY	0	0
32	268484499	268774257	21	1	INVENTORY	0	0
32	268484499	268774258	21	1	INVENTORY	0	0
32	268484499	268774259	21	1	INVENTORY	0	0
32	268484499	268774260	21	1	INVENTORY	0	0
32	268484499	268774261	21	1	INVENTORY	0	0
32	268484499	268774262	21	1	INVENTORY	0	0
32	268484499	268774263	21	1	INVENTORY	0	0
32	268484499	268774264	21	1	INVENTORY	0	0
32	268484499	268885443	28	1	INVENTORY	0	0
32	268484499	268885444	28	1	INVENTORY	0	0
32	268484499	268885445	28	1	INVENTORY	0	0
32	268484499	268885446	28	1	INVENTORY	0	0
32	268484499	268885447	28	1	INVENTORY	0	0
32	268484499	268885448	28	1	INVENTORY	0	0
32	268484499	268885449	28	1	INVENTORY	0	0
32	268484499	268885450	28	1	INVENTORY	0	0
32	268484499	268893032	28	1	INVENTORY	0	0
32	268484499	268893033	28	1	INVENTORY	0	0
32	268484499	268893034	28	1	INVENTORY	0	0
32	268484499	268893035	28	1	INVENTORY	0	0
32	268484499	268893036	28	1	INVENTORY	0	0
32	268484499	268893037	28	1	INVENTORY	0	0
32	268484499	268893038	28	1	INVENTORY	0	0
32	268484499	268893039	28	1	INVENTORY	0	0
32	268484499	268903247	21	1	INVENTORY	0	0
32	268484499	268903248	21	1	INVENTORY	0	0
32	268484499	268903249	21	1	INVENTORY	0	0
32	268484499	268903250	21	1	INVENTORY	0	0
32	268484499	268903251	21	1	INVENTORY	0	0
32	268484499	268903252	21	1	INVENTORY	0	0
32	268484499	268903253	21	1	INVENTORY	0	0
32	268484499	268903254	21	1	INVENTORY	0	0
32	268484499	268940781	28	1	INVENTORY	0	0
32	268484499	268940782	28	1	INVENTORY	0	0
32	268484499	268940783	28	1	INVENTORY	0	0
32	268484499	268940784	28	1	INVENTORY	0	0
32	268484499	268940785	28	1	INVENTORY	0	0
32	268484499	268940786	28	1	INVENTORY	0	0
32	268484499	268940787	28	1	INVENTORY	0	0
32	268484499	268940788	28	1	INVENTORY	0	0
33	268484515	268484519	6	1	PAPERDOLL	5	0
33	268484515	268484520	425	1	PAPERDOLL	6	0
33	268484515	268484521	461	1	PAPERDOLL	11	0
33	268484515	268484522	5588	1	INVENTORY	0	0
33	268484515	268484523	10650	5	INVENTORY	0	0
33	268484515	268484524	12753	10	INVENTORY	0	0
33	268484515	268573777	57	2567	INVENTORY	0	0
33	268484515	268700579	13	1	INVENTORY	0	0
33	268484515	268700580	13	1	INVENTORY	0	0
33	268484515	268700581	13	1	INVENTORY	0	0
33	268484515	268700582	13	1	INVENTORY	0	0
33	268484515	268700583	13	1	INVENTORY	0	0
33	268484515	268700584	13	1	INVENTORY	0	0
33	268484515	268700585	13	1	INVENTORY	0	0
33	268484515	268700586	13	1	INVENTORY	0	0
33	268484515	268744987	1870	30	INVENTORY	0	0
33	268484515	269922370	13	1	INVENTORY	0	0
33	268484515	269922371	13	1	INVENTORY	0	0
33	268484515	269922372	13	1	INVENTORY	0	0
33	268484515	269922373	13	1	INVENTORY	0	0
33	268484515	269922374	13	1	INVENTORY	0	0
33	268484515	269922375	13	1	INVENTORY	0	0
33	268484515	269922376	13	1	INVENTORY	0	0
33	268484515	269922377	13	1	INVENTORY	0	0
33	268484515	269945369	13	1	INVENTORY	0	0
33	268484515	269945370	13	1	INVENTORY	0	0
33	268484515	269945371	13	1	INVENTORY	0	0
33	268484515	269945372	13	1	INVENTORY	0	0
33	268484515	269945373	13	1	INVENTORY	0	0
33	268484515	269945374	13	1	INVENTORY	0	0
33	268484515	269945375	13	1	INVENTORY	0	0
33	268484515	269945376	13	1	INVENTORY	0	0
33	268484515	269955549	1060	70	INVENTORY	0	0
33	268484515	269955550	1865	50	INVENTORY	0	0
33	268484515	270057533	13	1	INVENTORY	0	0
33	268484515	270057534	13	1	INVENTORY	0	0
33	268484515	270057535	13	1	INVENTORY	0	0
33	268484515	270057536	13	1	INVENTORY	0	0
33	268484515	270057537	13	1	INVENTORY	0	0
33	268484515	270057538	13	1	INVENTORY	0	0
33	268484515	270057539	13	1	INVENTORY	0	0
33	268484515	270057540	13	1	INVENTORY	0	0
33	268484515	270219630	1786	50	INVENTORY	0	0
33	268484515	270387719	13	1	INVENTORY	0	0
33	268484515	270387720	13	1	INVENTORY	0	0
33	268484515	270387721	13	1	INVENTORY	0	0
33	268484515	270387722	13	1	INVENTORY	0	0
33	268484515	270387723	13	1	INVENTORY	0	0
33	268484515	270387724	13	1	INVENTORY	0	0
33	268484515	270387725	13	1	INVENTORY	0	0
33	268484515	270387726	13	1	INVENTORY	0	0
33	268484515	270576098	13	1	INVENTORY	0	0
33	268484515	270576099	13	1	INVENTORY	0	0
33	268484515	270576100	13	1	INVENTORY	0	0
33	268484515	270576101	13	1	INVENTORY	0	0
33	268484515	270576102	13	1	INVENTORY	0	0
33	268484515	270576103	13	1	INVENTORY	0	0
33	268484515	270576104	13	1	INVENTORY	0	0
33	268484515	270576105	13	1	INVENTORY	0	0
34	268484517	268484525	1146	1	PAPERDOLL	6	0
34	268484517	268484526	1147	1	PAPERDOLL	11	0
34	268484517	268484527	2368	1	PAPERDOLL	5	0
34	268484517	268484528	2369	1	INVENTORY	0	0
34	268484517	268484529	5588	1	INVENTORY	0	0
34	268484517	268484530	10650	5	INVENTORY	0	0
34	268484517	268484531	12753	10	INVENTORY	0	0
34	268484517	268484534	17	2682	INVENTORY	0	0
34	268484517	268484714	28	1	INVENTORY	0	0
34	268484517	268484717	28	1	INVENTORY	0	0
34	268484517	268484718	28	1	INVENTORY	0	0
34	268484517	268484719	28	1	INVENTORY	0	0
34	268484517	268484720	28	1	INVENTORY	0	0
34	268484517	268484721	28	1	INVENTORY	0	0
34	268484517	268484725	28	1	INVENTORY	0	0
34	268484517	268484726	28	1	INVENTORY	0	0
34	268484517	268570564	57	1389	INVENTORY	0	0
34	268484517	268583882	28	1	INVENTORY	0	0
34	268484517	268583883	28	1	INVENTORY	0	0
34	268484517	268583884	28	1	INVENTORY	0	0
34	268484517	268583885	28	1	INVENTORY	0	0
34	268484517	268583886	28	1	INVENTORY	0	0
34	268484517	268583887	28	1	INVENTORY	0	0
34	268484517	268583888	28	1	INVENTORY	0	0
34	268484517	268583889	28	1	INVENTORY	0	0
34	268484517	268584176	28	1	INVENTORY	0	0
34	268484517	268584177	28	1	INVENTORY	0	0
34	268484517	268584178	28	1	INVENTORY	0	0
34	268484517	268584179	28	1	INVENTORY	0	0
34	268484517	268584180	28	1	INVENTORY	0	0
34	268484517	268584181	28	1	INVENTORY	0	0
34	268484517	268584182	28	1	INVENTORY	0	0
34	268484517	268584183	28	1	INVENTORY	0	0
34	268484517	268584244	28	1	INVENTORY	0	0
34	268484517	268584245	28	1	INVENTORY	0	0
34	268484517	268584246	28	1	INVENTORY	0	0
34	268484517	268584247	28	1	INVENTORY	0	0
34	268484517	268584248	28	1	INVENTORY	0	0
34	268484517	268584249	28	1	INVENTORY	0	0
34	268484517	268584250	28	1	INVENTORY	0	0
34	268484517	268584251	28	1	INVENTORY	0	0
34	268484517	268584701	28	1	INVENTORY	0	0
34	268484517	268584702	28	1	INVENTORY	0	0
34	268484517	268584703	28	1	INVENTORY	0	0
34	268484517	268584704	28	1	INVENTORY	0	0
34	268484517	268584705	28	1	INVENTORY	0	0
34	268484517	268584706	28	1	INVENTORY	0	0
34	268484517	268584707	28	1	INVENTORY	0	0
34	268484517	268584708	28	1	INVENTORY	0	0
34	268484517	268585285	28	1	INVENTORY	0	0
34	268484517	268585286	28	1	INVENTORY	0	0
34	268484517	268585287	28	1	INVENTORY	0	0
34	268484517	268585288	28	1	INVENTORY	0	0
34	268484517	268585289	28	1	INVENTORY	0	0
34	268484517	268585290	28	1	INVENTORY	0	0
34	268484517	268585291	28	1	INVENTORY	0	0
34	268484517	268585292	28	1	INVENTORY	0	0
34	268484517	268585724	28	1	INVENTORY	0	0
34	268484517	268585725	28	1	INVENTORY	0	0
34	268484517	268585726	28	1	INVENTORY	0	0
34	268484517	268585727	28	1	INVENTORY	0	0
34	268484517	268585728	28	1	INVENTORY	0	0
34	268484517	268585729	28	1	INVENTORY	0	0
34	268484517	268585730	28	1	INVENTORY	0	0
34	268484517	268585731	28	1	INVENTORY	0	0
34	268484517	268586716	28	1	INVENTORY	0	0
34	268484517	268586717	28	1	INVENTORY	0	0
34	268484517	268586718	28	1	INVENTORY	0	0
34	268484517	268586719	28	1	INVENTORY	0	0
34	268484517	268586720	28	1	INVENTORY	0	0
34	268484517	268586721	28	1	INVENTORY	0	0
34	268484517	268586722	28	1	INVENTORY	0	0
34	268484517	268586723	28	1	INVENTORY	0	0
34	268484517	268587773	21	1	INVENTORY	0	0
34	268484517	268587774	21	1	INVENTORY	0	0
34	268484517	268587775	21	1	INVENTORY	0	0
34	268484517	268587776	21	1	INVENTORY	0	0
34	268484517	268587777	21	1	INVENTORY	0	0
34	268484517	268587778	21	1	INVENTORY	0	0
34	268484517	268587779	21	1	INVENTORY	0	0
34	268484517	268587780	21	1	INVENTORY	0	0
34	268484517	268589089	28	1	INVENTORY	0	0
34	268484517	268589090	28	1	INVENTORY	0	0
34	268484517	268589091	28	1	INVENTORY	0	0
34	268484517	268589092	28	1	INVENTORY	0	0
34	268484517	268589093	28	1	INVENTORY	0	0
34	268484517	268589094	28	1	INVENTORY	0	0
34	268484517	268589095	28	1	INVENTORY	0	0
34	268484517	268589096	28	1	INVENTORY	0	0
34	268484517	268589513	28	1	INVENTORY	0	0
34	268484517	268589514	28	1	INVENTORY	0	0
34	268484517	268589515	28	1	INVENTORY	0	0
34	268484517	268589516	28	1	INVENTORY	0	0
34	268484517	268589517	28	1	INVENTORY	0	0
34	268484517	268589518	28	1	INVENTORY	0	0
34	268484517	268589519	28	1	INVENTORY	0	0
34	268484517	268589520	28	1	INVENTORY	0	0
34	268484517	268589779	28	1	INVENTORY	0	0
34	268484517	268589780	28	1	INVENTORY	0	0
34	268484517	268589781	28	1	INVENTORY	0	0
34	268484517	268589782	28	1	INVENTORY	0	0
34	268484517	268589783	28	1	INVENTORY	0	0
34	268484517	268589784	28	1	INVENTORY	0	0
34	268484517	268589785	28	1	INVENTORY	0	0
34	268484517	268589786	28	1	INVENTORY	0	0
34	268484517	268591444	21	1	INVENTORY	0	0
34	268484517	268591445	21	1	INVENTORY	0	0
34	268484517	268591446	21	1	INVENTORY	0	0
34	268484517	268591447	21	1	INVENTORY	0	0
34	268484517	268591448	21	1	INVENTORY	0	0
34	268484517	268591449	21	1	INVENTORY	0	0
34	268484517	268591458	21	1	INVENTORY	0	0
34	268484517	268591459	21	1	INVENTORY	0	0
34	268484517	268594781	21	1	INVENTORY	0	0
34	268484517	268594782	21	1	INVENTORY	0	0
34	268484517	268594783	21	1	INVENTORY	0	0
34	268484517	268594784	21	1	INVENTORY	0	0
34	268484517	268594785	21	1	INVENTORY	0	0
34	268484517	268594786	21	1	INVENTORY	0	0
34	268484517	268594795	21	1	INVENTORY	0	0
34	268484517	268594796	21	1	INVENTORY	0	0
34	268484517	268600763	28	1	INVENTORY	0	0
34	268484517	268600764	28	1	INVENTORY	0	0
34	268484517	268600765	28	1	INVENTORY	0	0
34	268484517	268600766	28	1	INVENTORY	0	0
34	268484517	268600767	28	1	INVENTORY	0	0
34	268484517	268600768	28	1	INVENTORY	0	0
34	268484517	268600769	28	1	INVENTORY	0	0
34	268484517	268600770	28	1	INVENTORY	0	0
34	268484517	268600825	21	1	INVENTORY	0	0
34	268484517	268600826	21	1	INVENTORY	0	0
34	268484517	268600827	21	1	INVENTORY	0	0
34	268484517	268600828	21	1	INVENTORY	0	0
34	268484517	268600829	21	1	INVENTORY	0	0
34	268484517	268600830	21	1	INVENTORY	0	0
34	268484517	268600831	21	1	INVENTORY	0	0
34	268484517	268600832	21	1	INVENTORY	0	0
34	268484517	268601609	28	1	INVENTORY	0	0
34	268484517	268601610	28	1	INVENTORY	0	0
34	268484517	268601611	28	1	INVENTORY	0	0
34	268484517	268601612	28	1	INVENTORY	0	0
34	268484517	268601613	28	1	INVENTORY	0	0
34	268484517	268601614	28	1	INVENTORY	0	0
34	268484517	268601615	28	1	INVENTORY	0	0
34	268484517	268601616	28	1	INVENTORY	0	0
34	268484517	268633499	28	1	INVENTORY	0	0
34	268484517	268633500	28	1	INVENTORY	0	0
34	268484517	268633501	28	1	INVENTORY	0	0
34	268484517	268633502	28	1	INVENTORY	0	0
34	268484517	268633503	28	1	INVENTORY	0	0
34	268484517	268633504	28	1	INVENTORY	0	0
34	268484517	268633505	28	1	INVENTORY	0	0
34	268484517	268633506	28	1	INVENTORY	0	0
34	268484517	268633507	1870	20	INVENTORY	0	0
34	268484517	268633994	28	1	INVENTORY	0	0
34	268484517	268633995	28	1	INVENTORY	0	0
34	268484517	268633996	28	1	INVENTORY	0	0
34	268484517	268633997	28	1	INVENTORY	0	0
34	268484517	268633998	28	1	INVENTORY	0	0
34	268484517	268633999	28	1	INVENTORY	0	0
34	268484517	268634000	28	1	INVENTORY	0	0
34	268484517	268634001	28	1	INVENTORY	0	0
35	268484532	268484535	6	1	PAPERDOLL	5	0
35	268484532	268484536	425	1	PAPERDOLL	6	0
35	268484532	268484537	461	1	PAPERDOLL	11	0
35	268484532	268484538	5588	1	INVENTORY	0	0
35	268484532	268484539	10650	5	INVENTORY	0	0
35	268484532	268484540	12753	10	INVENTORY	0	0
35	268484532	268484768	1864	40	INVENTORY	0	0
35	268484532	268571130	57	1442	INVENTORY	0	0
35	268484532	268579009	1788	10	INVENTORY	0	0
35	268484532	268649698	112	1	INVENTORY	0	0
35	268484532	268649699	112	1	INVENTORY	0	0
35	268484532	268649700	112	1	INVENTORY	0	0
35	268484532	268649701	112	1	INVENTORY	0	0
35	268484532	268649702	112	1	INVENTORY	0	0
35	268484532	268649703	112	1	INVENTORY	0	0
35	268484532	268649704	112	1	INVENTORY	0	0
35	268484532	268649705	112	1	INVENTORY	0	0
35	268484532	268662044	116	1	INVENTORY	0	0
35	268484532	268662045	116	1	INVENTORY	0	0
35	268484532	268662046	116	1	INVENTORY	0	0
35	268484532	268662047	116	1	INVENTORY	0	0
35	268484532	268662048	116	1	INVENTORY	0	0
35	268484532	268662049	116	1	INVENTORY	0	0
35	268484532	268662050	1865	10	INVENTORY	0	0
35	268484532	268668798	1795	40	INVENTORY	0	0
35	268484532	268674839	118	1	INVENTORY	0	0
35	268484532	268674840	118	1	INVENTORY	0	0
35	268484532	268674841	118	1	INVENTORY	0	0
35	268484532	268674842	118	1	INVENTORY	0	0
35	268484532	268674843	118	1	INVENTORY	0	0
35	268484532	268674844	118	1	INVENTORY	0	0
35	268484532	268674845	118	1	INVENTORY	0	0
35	268484532	268674846	118	1	INVENTORY	0	0
35	268484532	268674847	1870	10	INVENTORY	0	0
35	268484532	268689456	118	1	INVENTORY	0	0
35	268484532	268689457	118	1	INVENTORY	0	0
35	268484532	268689458	118	1	INVENTORY	0	0
35	268484532	268689459	118	1	INVENTORY	0	0
35	268484532	268689460	118	1	INVENTORY	0	0
35	268484532	268689461	118	1	INVENTORY	0	0
35	268484532	268689462	118	1	INVENTORY	0	0
35	268484532	268689463	118	1	INVENTORY	0	0
36	268484533	268484541	10	1	INVENTORY	0	0
36	268484533	268484542	1146	1	PAPERDOLL	6	0
36	268484533	268484543	1147	1	PAPERDOLL	11	0
36	268484533	268484544	2369	1	PAPERDOLL	5	0
36	268484533	268484545	5588	1	INVENTORY	0	0
36	268484533	268484546	10650	5	INVENTORY	0	0
36	268484533	268484547	12753	10	INVENTORY	0	0
36	268484533	268484556	1121	1	INVENTORY	0	0
36	268484533	268484557	57	555	INVENTORY	0	0
36	268484533	268484558	1121	1	INVENTORY	0	0
36	268484533	268568545	18	1	INVENTORY	0	0
36	268484533	268568546	18	1	INVENTORY	0	0
36	268484533	268568547	18	1	INVENTORY	0	0
36	268484533	268568548	18	1	INVENTORY	0	0
36	268484533	268568549	18	1	INVENTORY	0	0
36	268484533	268568550	18	1	INVENTORY	0	0
36	268484533	268568551	18	1	INVENTORY	0	0
36	268484533	268568552	18	1	INVENTORY	0	0
36	268484533	268592017	1786	10	INVENTORY	0	0
36	268484533	268600260	18	1	INVENTORY	0	0
36	268484533	268600261	18	1	INVENTORY	0	0
36	268484533	268600262	18	1	INVENTORY	0	0
36	268484533	268600263	18	1	INVENTORY	0	0
36	268484533	268600264	18	1	INVENTORY	0	0
36	268484533	268600265	18	1	INVENTORY	0	0
36	268484533	268600266	18	1	INVENTORY	0	0
36	268484533	268600267	18	1	INVENTORY	0	0
36	268484533	268606192	41	1	INVENTORY	0	0
36	268484533	268606193	41	1	INVENTORY	0	0
36	268484533	268606194	41	1	INVENTORY	0	0
36	268484533	268606195	41	1	INVENTORY	0	0
36	268484533	268606196	41	1	INVENTORY	0	0
36	268484533	268606197	41	1	INVENTORY	0	0
36	268484533	268606198	41	1	INVENTORY	0	0
36	268484533	268606199	41	1	INVENTORY	0	0
36	268484533	268613718	18	1	INVENTORY	0	0
36	268484533	268613719	18	1	INVENTORY	0	0
36	268484533	268613720	18	1	INVENTORY	0	0
36	268484533	268613721	18	1	INVENTORY	0	0
36	268484533	268613722	18	1	INVENTORY	0	0
36	268484533	268613723	18	1	INVENTORY	0	0
36	268484533	268613724	18	1	INVENTORY	0	0
36	268484533	268613725	18	1	INVENTORY	0	0
36	268484533	268623052	18	1	INVENTORY	0	0
36	268484533	268623053	18	1	INVENTORY	0	0
36	268484533	268623054	18	1	INVENTORY	0	0
36	268484533	268623055	18	1	INVENTORY	0	0
36	268484533	268623056	18	1	INVENTORY	0	0
36	268484533	268623057	18	1	INVENTORY	0	0
36	268484533	268623058	18	1	INVENTORY	0	0
36	268484533	268623059	18	1	INVENTORY	0	0
36	268484533	268630405	1868	10	INVENTORY	0	0
36	268484533	268633908	41	1	INVENTORY	0	0
36	268484533	268633909	41	1	INVENTORY	0	0
36	268484533	268633910	41	1	INVENTORY	0	0
36	268484533	268633911	41	1	INVENTORY	0	0
36	268484533	268633912	41	1	INVENTORY	0	0
36	268484533	268633913	41	1	INVENTORY	0	0
36	268484533	268633914	41	1	INVENTORY	0	0
36	268484533	268633915	41	1	INVENTORY	0	0
36	268484533	268635832	18	1	INVENTORY	0	0
36	268484533	268635833	18	1	INVENTORY	0	0
36	268484533	268635834	18	1	INVENTORY	0	0
36	268484533	268635835	18	1	INVENTORY	0	0
36	268484533	268635836	18	1	INVENTORY	0	0
36	268484533	268635837	18	1	INVENTORY	0	0
36	268484533	268635838	18	1	INVENTORY	0	0
36	268484533	268635839	18	1	INVENTORY	0	0
36	268484533	268639036	18	1	INVENTORY	0	0
36	268484533	268639037	18	1	INVENTORY	0	0
36	268484533	268639038	18	1	INVENTORY	0	0
36	268484533	268639039	18	1	INVENTORY	0	0
36	268484533	268639040	18	1	INVENTORY	0	0
36	268484533	268639041	18	1	INVENTORY	0	0
36	268484533	268639042	18	1	INVENTORY	0	0
36	268484533	268639043	18	1	INVENTORY	0	0
36	268484533	268734174	41	1	INVENTORY	0	0
36	268484533	268734175	41	1	INVENTORY	0	0
36	268484533	268734176	41	1	INVENTORY	0	0
36	268484533	268734177	41	1	INVENTORY	0	0
36	268484533	268734178	41	1	INVENTORY	0	0
36	268484533	268734179	41	1	INVENTORY	0	0
36	268484533	268734180	41	1	INVENTORY	0	0
36	268484533	268734181	41	1	INVENTORY	0	0
36	268484533	268736313	18	1	INVENTORY	0	0
36	268484533	268736314	18	1	INVENTORY	0	0
36	268484533	268736315	18	1	INVENTORY	0	0
36	268484533	268736316	18	1	INVENTORY	0	0
36	268484533	268736317	18	1	INVENTORY	0	0
36	268484533	268736318	18	1	INVENTORY	0	0
36	268484533	268736319	18	1	INVENTORY	0	0
36	268484533	268736320	18	1	INVENTORY	0	0
36	268484533	268740554	18	1	INVENTORY	0	0
36	268484533	268740555	18	1	INVENTORY	0	0
36	268484533	268740556	18	1	INVENTORY	0	0
36	268484533	268740557	18	1	INVENTORY	0	0
36	268484533	268740558	18	1	INVENTORY	0	0
36	268484533	268740559	18	1	INVENTORY	0	0
36	268484533	268740560	18	1	INVENTORY	0	0
36	268484533	268740561	18	1	INVENTORY	0	0
36	268484533	268746809	41	1	INVENTORY	0	0
36	268484533	268746810	41	1	INVENTORY	0	0
36	268484533	268746811	41	1	INVENTORY	0	0
36	268484533	268746812	41	1	INVENTORY	0	0
36	268484533	268746813	41	1	INVENTORY	0	0
36	268484533	268746814	41	1	INVENTORY	0	0
36	268484533	268746815	41	1	INVENTORY	0	0
36	268484533	268746816	41	1	INVENTORY	0	0
36	268484533	268753091	18	1	INVENTORY	0	0
36	268484533	268753092	18	1	INVENTORY	0	0
36	268484533	268753093	18	1	INVENTORY	0	0
36	268484533	268753094	18	1	INVENTORY	0	0
36	268484533	268753095	18	1	INVENTORY	0	0
36	268484533	268753096	18	1	INVENTORY	0	0
36	268484533	268753097	18	1	INVENTORY	0	0
36	268484533	268753098	18	1	INVENTORY	0	0
36	268484533	268903255	18	1	INVENTORY	0	0
36	268484533	268903256	18	1	INVENTORY	0	0
36	268484533	268903257	18	1	INVENTORY	0	0
36	268484533	268903258	18	1	INVENTORY	0	0
36	268484533	268903259	18	1	INVENTORY	0	0
36	268484533	268903260	18	1	INVENTORY	0	0
36	268484533	268903261	18	1	INVENTORY	0	0
36	268484533	268903262	18	1	INVENTORY	0	0
36	268484533	268911360	18	1	INVENTORY	0	0
36	268484533	268911361	18	1	INVENTORY	0	0
36	268484533	268911362	18	1	INVENTORY	0	0
36	268484533	268911363	18	1	INVENTORY	0	0
36	268484533	268911364	18	1	INVENTORY	0	0
36	268484533	268911365	18	1	INVENTORY	0	0
36	268484533	268911366	18	1	INVENTORY	0	0
36	268484533	268911367	18	1	INVENTORY	0	0
36	268484533	268916701	41	1	INVENTORY	0	0
36	268484533	268916702	41	1	INVENTORY	0	0
36	268484533	268916703	41	1	INVENTORY	0	0
36	268484533	268916704	41	1	INVENTORY	0	0
36	268484533	268916705	41	1	INVENTORY	0	0
36	268484533	268916706	41	1	INVENTORY	0	0
36	268484533	268916707	41	1	INVENTORY	0	0
36	268484533	268916708	41	1	INVENTORY	0	0
36	268484533	268919451	41	1	INVENTORY	0	0
36	268484533	268919452	41	1	INVENTORY	0	0
36	268484533	268919453	41	1	INVENTORY	0	0
36	268484533	268919454	41	1	INVENTORY	0	0
36	268484533	268919455	41	1	INVENTORY	0	0
36	268484533	268919456	41	1	INVENTORY	0	0
36	268484533	268919457	41	1	INVENTORY	0	0
36	268484533	268919458	41	1	INVENTORY	0	0
36	268484533	268924807	18	1	INVENTORY	0	0
36	268484533	268924808	18	1	INVENTORY	0	0
36	268484533	268924809	18	1	INVENTORY	0	0
36	268484533	268924810	18	1	INVENTORY	0	0
36	268484533	268924811	18	1	INVENTORY	0	0
36	268484533	268924812	18	1	INVENTORY	0	0
36	268484533	268924813	18	1	INVENTORY	0	0
36	268484533	268924814	18	1	INVENTORY	0	0
36	268484533	268932666	18	1	INVENTORY	0	0
36	268484533	268932667	18	1	INVENTORY	0	0
36	268484533	268932668	18	1	INVENTORY	0	0
36	268484533	268932669	18	1	INVENTORY	0	0
36	268484533	268932670	18	1	INVENTORY	0	0
36	268484533	268932671	18	1	INVENTORY	0	0
36	268484533	268932672	18	1	INVENTORY	0	0
36	268484533	268932673	18	1	INVENTORY	0	0
37	268484548	268484550	425	1	PAPERDOLL	6	0
37	268484548	268484551	461	1	PAPERDOLL	11	0
37	268484548	268484552	2368	1	PAPERDOLL	5	0
37	268484548	268484553	5588	1	INVENTORY	0	0
37	268484548	268484554	10650	5	INVENTORY	0	0
37	268484548	268484555	12753	10	INVENTORY	0	0
37	268484548	268574573	57	862	INVENTORY	0	0
37	268484548	268579702	17	2440	INVENTORY	0	0
37	268484548	268690857	28	1	INVENTORY	0	0
37	268484548	268690858	28	1	INVENTORY	0	0
37	268484548	268690859	28	1	INVENTORY	0	0
37	268484548	268690860	28	1	INVENTORY	0	0
37	268484548	268690861	28	1	INVENTORY	0	0
37	268484548	268690862	28	1	INVENTORY	0	0
37	268484548	268690863	28	1	INVENTORY	0	0
37	268484548	268690864	28	1	INVENTORY	0	0
37	268484548	268749324	21	1	INVENTORY	0	0
37	268484548	268749325	21	1	INVENTORY	0	0
37	268484548	268749326	21	1	INVENTORY	0	0
37	268484548	268749327	21	1	INVENTORY	0	0
37	268484548	268749328	21	1	INVENTORY	0	0
37	268484548	268749329	21	1	INVENTORY	0	0
37	268484548	268749330	21	1	INVENTORY	0	0
37	268484548	268749331	21	1	INVENTORY	0	0
37	268484548	269249622	1870	40	INVENTORY	0	0
37	268484548	269805807	28	1	INVENTORY	0	0
37	268484548	269805808	28	1	INVENTORY	0	0
37	268484548	269805809	28	1	INVENTORY	0	0
37	268484548	269805810	28	1	INVENTORY	0	0
37	268484548	269805811	28	1	INVENTORY	0	0
37	268484548	269805812	28	1	INVENTORY	0	0
37	268484548	269805813	28	1	INVENTORY	0	0
37	268484548	269805814	28	1	INVENTORY	0	0
37	268484548	269842141	28	1	INVENTORY	0	0
37	268484548	269842142	28	1	INVENTORY	0	0
37	268484548	269842143	28	1	INVENTORY	0	0
37	268484548	269842144	28	1	INVENTORY	0	0
37	268484548	269842145	28	1	INVENTORY	0	0
37	268484548	269842146	28	1	INVENTORY	0	0
37	268484548	269842147	28	1	INVENTORY	0	0
37	268484548	269842148	28	1	INVENTORY	0	0
37	268484548	269846169	21	1	INVENTORY	0	0
37	268484548	269846170	21	1	INVENTORY	0	0
37	268484548	269846171	21	1	INVENTORY	0	0
37	268484548	269846172	21	1	INVENTORY	0	0
37	268484548	269846173	21	1	INVENTORY	0	0
37	268484548	269846174	21	1	INVENTORY	0	0
37	268484548	269846175	21	1	INVENTORY	0	0
37	268484548	269846176	21	1	INVENTORY	0	0
37	268484548	269858303	1865	20	INVENTORY	0	0
37	268484548	269915136	28	1	INVENTORY	0	0
37	268484548	269915137	28	1	INVENTORY	0	0
37	268484548	269915138	28	1	INVENTORY	0	0
37	268484548	269915139	28	1	INVENTORY	0	0
37	268484548	269915140	28	1	INVENTORY	0	0
37	268484548	269915141	28	1	INVENTORY	0	0
37	268484548	269915142	28	1	INVENTORY	0	0
37	268484548	269915143	28	1	INVENTORY	0	0
37	268484548	269923231	28	1	INVENTORY	0	0
37	268484548	269923232	28	1	INVENTORY	0	0
37	268484548	269923233	28	1	INVENTORY	0	0
37	268484548	269923234	28	1	INVENTORY	0	0
37	268484548	269923235	28	1	INVENTORY	0	0
37	268484548	269923236	28	1	INVENTORY	0	0
37	268484548	269923237	28	1	INVENTORY	0	0
37	268484548	269923238	28	1	INVENTORY	0	0
37	268484548	270065670	21	1	INVENTORY	0	0
37	268484548	270065671	21	1	INVENTORY	0	0
37	268484548	270065672	21	1	INVENTORY	0	0
37	268484548	270065673	21	1	INVENTORY	0	0
37	268484548	270065674	21	1	INVENTORY	0	0
37	268484548	270065675	21	1	INVENTORY	0	0
37	268484548	270065676	21	1	INVENTORY	0	0
37	268484548	270065677	21	1	INVENTORY	0	0
37	268484548	270094027	1786	30	INVENTORY	0	0
37	268484548	270142541	28	1	INVENTORY	0	0
37	268484548	270142542	28	1	INVENTORY	0	0
37	268484548	270142543	28	1	INVENTORY	0	0
37	268484548	270142544	28	1	INVENTORY	0	0
37	268484548	270142545	28	1	INVENTORY	0	0
37	268484548	270142546	28	1	INVENTORY	0	0
37	268484548	270142547	28	1	INVENTORY	0	0
37	268484548	270142548	28	1	INVENTORY	0	0
37	268484548	270170902	21	1	INVENTORY	0	0
37	268484548	270170903	21	1	INVENTORY	0	0
37	268484548	270170904	21	1	INVENTORY	0	0
37	268484548	270170905	21	1	INVENTORY	0	0
37	268484548	270170906	21	1	INVENTORY	0	0
37	268484548	270170907	21	1	INVENTORY	0	0
37	268484548	270170908	21	1	INVENTORY	0	0
37	268484548	270170909	21	1	INVENTORY	0	0
37	268484548	270174960	21	1	INVENTORY	0	0
37	268484548	270174961	21	1	INVENTORY	0	0
37	268484548	270174962	21	1	INVENTORY	0	0
37	268484548	270174963	21	1	INVENTORY	0	0
37	268484548	270174964	21	1	INVENTORY	0	0
37	268484548	270174965	21	1	INVENTORY	0	0
37	268484548	270174966	21	1	INVENTORY	0	0
37	268484548	270174967	21	1	INVENTORY	0	0
37	268484548	270374137	28	1	INVENTORY	0	0
37	268484548	270374138	28	1	INVENTORY	0	0
37	268484548	270374139	28	1	INVENTORY	0	0
37	268484548	270374140	28	1	INVENTORY	0	0
37	268484548	270374141	28	1	INVENTORY	0	0
37	268484548	270374142	28	1	INVENTORY	0	0
37	268484548	270374143	28	1	INVENTORY	0	0
37	268484548	270374144	28	1	INVENTORY	0	0
37	268484548	270386280	28	1	INVENTORY	0	0
37	268484548	270386281	28	1	INVENTORY	0	0
37	268484548	270386282	28	1	INVENTORY	0	0
37	268484548	270386283	28	1	INVENTORY	0	0
37	268484548	270386284	28	1	INVENTORY	0	0
37	268484548	270386285	28	1	INVENTORY	0	0
37	268484548	270386286	28	1	INVENTORY	0	0
37	268484548	270386287	28	1	INVENTORY	0	0
37	268484548	270394358	21	1	INVENTORY	0	0
37	268484548	270394359	21	1	INVENTORY	0	0
37	268484548	270394360	21	1	INVENTORY	0	0
37	268484548	270394361	21	1	INVENTORY	0	0
37	268484548	270394362	21	1	INVENTORY	0	0
37	268484548	270394363	21	1	INVENTORY	0	0
37	268484548	270394364	21	1	INVENTORY	0	0
37	268484548	270394365	21	1	INVENTORY	0	0
37	268484548	270459179	28	1	INVENTORY	0	0
37	268484548	270459180	28	1	INVENTORY	0	0
37	268484548	270459181	28	1	INVENTORY	0	0
37	268484548	270459182	28	1	INVENTORY	0	0
37	268484548	270459183	28	1	INVENTORY	0	0
37	268484548	270459184	28	1	INVENTORY	0	0
37	268484548	270459185	28	1	INVENTORY	0	0
37	268484548	270459186	28	1	INVENTORY	0	0
38	268484549	268484559	6	1	PAPERDOLL	5	0
38	268484549	268484560	425	1	PAPERDOLL	6	0
38	268484549	268484561	461	1	PAPERDOLL	11	0
38	268484549	268484562	5588	1	INVENTORY	0	0
38	268484549	268484563	10650	5	INVENTORY	0	0
38	268484549	268484564	12753	10	INVENTORY	0	0
38	268484549	268564364	57	144	INVENTORY	0	0
38	268484549	268581734	1864	10	INVENTORY	0	0
38	268484549	268583626	1869	10	INVENTORY	0	0
457	268488694	268488703	10	1	INVENTORY	0	0
457	268488694	268488704	1146	1	PAPERDOLL	6	0
457	268488694	268488705	1147	1	PAPERDOLL	11	0
457	268488694	268488706	2369	1	PAPERDOLL	5	0
457	268488694	268488707	5588	1	INVENTORY	0	0
457	268488694	268488708	10650	5	INVENTORY	0	0
457	268488694	268488709	12753	10	INVENTORY	0	0
457	268488694	268488862	57	8560	INVENTORY	0	0
