185925752770300	b45db7ebb591e0c2680469e42649acd872a44c75	110	185923058766200	OPEN	[]	
185925752770300	b45db7ebb591e0c2680469e42649acd872a44c75	142	185923073320000	OPEN	[]	
185925752770300	b45db7ebb591e0c2680469e42649acd872a44c75	175	185923086701300	OPEN	[]	
185925752770300	b45db7ebb591e0c2680469e42649acd872a44c75	275	185923122046900	OPEN	[]	
185925752770300	b45db7ebb591e0c2680469e42649acd872a44c75	260	185923105225000	OPEN	[]	
185925752770300	b45db7ebb591e0c2680469e42649acd872a44c75	278	185923139947600	OPEN	[]	
185925752770300	b45db7ebb591e0c2680469e42649acd872a44c75	599	185923587812200	OPEN	[]	
185925752770300	b45db7ebb591e0c2680469e42649acd872a44c75	503	185923452478500	OPEN	[]	
185927775794600	b45db7ebb591e0c2680469e42649acd872a44c75	260	185923105225000	OPEN	[203:EVENT:ON_ATTACKABLE_KILL:SUBMITTED:epoch=185923105225000:reserve=185927548740700:submit=185927548754800:start=0:end=0:delayMs=2500:future=done=false,cancelled=false,dueMs=2272]	
185928782804300	b45db7ebb591e0c2680469e42649acd872a44c75	260	185923105225000	OPEN	[203:EVENT:ON_ATTACKABLE_KILL:SUBMITTED:epoch=185923105225000:reserve=185927548740700:submit=185927548754800:start=0:end=0:delayMs=2500:future=done=false,cancelled=false,dueMs=1265]	
185929791928100	b45db7ebb591e0c2680469e42649acd872a44c75	142	185923073320000	OPEN	[332:EVENT:ON_ATTACKABLE_KILL:SUBMITTED:epoch=185923073320000:reserve=185928909379800:submit=185928909394500:start=0:end=0:delayMs=2500:future=done=false,cancelled=false,dueMs=1617]	
185929791928100	b45db7ebb591e0c2680469e42649acd872a44c75	260	185923105225000	OPEN	[203:EVENT:ON_ATTACKABLE_KILL:SUBMITTED:epoch=185923105225000:reserve=185927548740700:submit=185927548754800:start=0:end=0:delayMs=2500:future=done=false,cancelled=false,dueMs=256]	
185930797720800	b45db7ebb591e0c2680469e42649acd872a44c75	142	185923073320000	OPEN	[332:EVENT:ON_ATTACKABLE_KILL:SUBMITTED:epoch=185923073320000:reserve=185928909379800:submit=185928909394500:start=0:end=0:delayMs=2500:future=done=false,cancelled=false,dueMs=611]	
185930797720800	b45db7ebb591e0c2680469e42649acd872a44c75	260	185923105225000	OPEN	[]	203:EVENT:ON_ATTACKABLE_KILL:COMPLETED:epoch=185923105225000:reserve=185927548740700:submit=185927548754800:start=185930049468900:end=185930049561800:delayMs=2500:future=done=false,cancelled=false,dueMs=0
185931808042500	b45db7ebb591e0c2680469e42649acd872a44c75	142	185923073320000	OPEN	[]	332:EVENT:ON_ATTACKABLE_KILL:COMPLETED:epoch=185923073320000:reserve=185928909379800:submit=185928909394500:start=185931410155000:end=185931410215900:delayMs=2500:future=done=false,cancelled=false,dueMs=0
185931808042500	b45db7ebb591e0c2680469e42649acd872a44c75	260	185923105225000	OPEN	[385:EVENT:ON_ATTACKABLE_KILL:SUBMITTED:epoch=185923105225000:reserve=185931736982600:submit=185931736991100:start=0:end=0:delayMs=2500:future=done=false,cancelled=false,dueMs=2428]	203:EVENT:ON_ATTACKABLE_KILL:COMPLETED:epoch=185923105225000:reserve=185927548740700:submit=185927548754800:start=185930049468900:end=185930049561800:delayMs=2500:future=done=false,cancelled=false,dueMs=0
185932818097400	b45db7ebb591e0c2680469e42649acd872a44c75	260	185923105225000	OPEN	[385:EVENT:ON_ATTACKABLE_KILL:SUBMITTED:epoch=185923105225000:reserve=185931736982600:submit=185931736991100:start=0:end=0:delayMs=2500:future=done=false,cancelled=false,dueMs=1418]	203:EVENT:ON_ATTACKABLE_KILL:COMPLETED:epoch=185923105225000:reserve=185927548740700:submit=185927548754800:start=185930049468900:end=185930049561800:delayMs=2500:future=done=false,cancelled=false,dueMs=0
185933827633800	b45db7ebb591e0c2680469e42649acd872a44c75	260	185923105225000	OPEN	[385:EVENT:ON_ATTACKABLE_KILL:SUBMITTED:epoch=185923105225000:reserve=185931736982600:submit=185931736991100:start=0:end=0:delayMs=2500:future=done=false,cancelled=false,dueMs=409]	203:EVENT:ON_ATTACKABLE_KILL:COMPLETED:epoch=185923105225000:reserve=185927548740700:submit=185927548754800:start=185930049468900:end=185930049561800:delayMs=2500:future=done=false,cancelled=false,dueMs=0
185934836877100	b45db7ebb591e0c2680469e42649acd872a44c75	260	185923105225000	OPEN	[]	385:EVENT:ON_ATTACKABLE_KILL:COMPLETED:epoch=185923105225000:reserve=185931736982600:submit=185931736991100:start=185934238834600:end=185934238874200:delayMs=2500:future=done=false,cancelled=false,dueMs=-1
185937871461200	b45db7ebb591e0c2680469e42649acd872a44c75	503	185923452478500	OPEN	[761:EVENT:ON_ATTACKABLE_KILL:SUBMITTED:epoch=185923452478500:reserve=185937255182000:submit=185937255206400:start=0:end=0:delayMs=2500:future=done=false,cancelled=false,dueMs=1883]	
185938881391900	b45db7ebb591e0c2680469e42649acd872a44c75	503	185923452478500	OPEN	[761:EVENT:ON_ATTACKABLE_KILL:SUBMITTED:epoch=185923452478500:reserve=185937255182000:submit=185937255206400:start=0:end=0:delayMs=2500:future=done=false,cancelled=false,dueMs=873]	
185939891100900	b45db7ebb591e0c2680469e42649acd872a44c75	503	185923452478500	OPEN	[]	761:EVENT:ON_ATTACKABLE_KILL:COMPLETED:epoch=185923452478500:reserve=185937255182000:submit=185937255206400:start=185939756068800:end=185939756124900:delayMs=2500:future=done=false,cancelled=false,dueMs=0
185940901083600	b45db7ebb591e0c2680469e42649acd872a44c75	260	185923105225000	OPEN	[868:EVENT:ON_ATTACKABLE_KILL:SUBMITTED:epoch=185923105225000:reserve=185940403198700:submit=185940403210900:start=0:end=0:delayMs=2500:future=done=false,cancelled=false,dueMs=2002]	385:EVENT:ON_ATTACKABLE_KILL:COMPLETED:epoch=185923105225000:reserve=185931736982600:submit=185931736991100:start=185934238834600:end=185934238874200:delayMs=2500:future=done=false,cancelled=false,dueMs=-1
185941913093600	b45db7ebb591e0c2680469e42649acd872a44c75	260	185923105225000	OPEN	[868:EVENT:ON_ATTACKABLE_KILL:SUBMITTED:epoch=185923105225000:reserve=185940403198700:submit=185940403210900:start=0:end=0:delayMs=2500:future=done=false,cancelled=false,dueMs=990]	385:EVENT:ON_ATTACKABLE_KILL:COMPLETED:epoch=185923105225000:reserve=185931736982600:submit=185931736991100:start=185934238834600:end=185934238874200:delayMs=2500:future=done=false,cancelled=false,dueMs=-1
185942920684300	b45db7ebb591e0c2680469e42649acd872a44c75	260	185923105225000	OPEN	[]	868:EVENT:ON_ATTACKABLE_KILL:COMPLETED:epoch=185923105225000:reserve=185940403198700:submit=185940403210900:start=185942903690600:end=185942903729300:delayMs=2500:future=done=false,cancelled=false,dueMs=0
185943929774900	b45db7ebb591e0c2680469e42649acd872a44c75	142	185923073320000	OPEN	[1190:EVENT:ON_ATTACKABLE_KILL:SUBMITTED:epoch=185923073320000:reserve=185943755683600:submit=185943755722600:start=0:end=0:delayMs=2500:future=done=false,cancelled=false,dueMs=2325]	332:EVENT:ON_ATTACKABLE_KILL:COMPLETED:epoch=185923073320000:reserve=185928909379800:submit=185928909394500:start=185931410155000:end=185931410215900:delayMs=2500:future=done=false,cancelled=false,dueMs=0
185944940965600	b45db7ebb591e0c2680469e42649acd872a44c75	142	185923073320000	OPEN	[1190:EVENT:ON_ATTACKABLE_KILL:SUBMITTED:epoch=185923073320000:reserve=185943755683600:submit=185943755722600:start=0:end=0:delayMs=2500:future=done=false,cancelled=false,dueMs=1314]	332:EVENT:ON_ATTACKABLE_KILL:COMPLETED:epoch=185923073320000:reserve=185928909379800:submit=185928909394500:start=185931410155000:end=185931410215900:delayMs=2500:future=done=false,cancelled=false,dueMs=0
185945950877400	b45db7ebb591e0c2680469e42649acd872a44c75	142	185923073320000	OPEN	[1190:EVENT:ON_ATTACKABLE_KILL:SUBMITTED:epoch=185923073320000:reserve=185943755683600:submit=185943755722600:start=0:end=0:delayMs=2500:future=done=false,cancelled=false,dueMs=304]	332:EVENT:ON_ATTACKABLE_KILL:COMPLETED:epoch=185923073320000:reserve=185928909379800:submit=185928909394500:start=185931410155000:end=185931410215900:delayMs=2500:future=done=false,cancelled=false,dueMs=0
185946961899500	b45db7ebb591e0c2680469e42649acd872a44c75	142	185923073320000	OPEN	[]	1190:EVENT:ON_ATTACKABLE_KILL:COMPLETED:epoch=185923073320000:reserve=185943755683600:submit=185943755722600:start=185946255892700:end=185946255929100:delayMs=2500:future=done=false,cancelled=false,dueMs=0
185952010424700	b45db7ebb591e0c2680469e42649acd872a44c75	599	185923587812200	OPEN	[2046:EVENT:ON_ATTACKABLE_KILL:SUBMITTED:epoch=185923587812200:reserve=185951600839300:submit=185951600850900:start=0:end=0:delayMs=2500:future=done=false,cancelled=false,dueMs=2090]	
185952010424700	b45db7ebb591e0c2680469e42649acd872a44c75	503	185923452478500	OPEN	[]	1490:EVENT:ON_PLAYER_LEVEL_CHANGED:COMPLETED:epoch=185923452478500:reserve=185951600234100:submit=185951600260200:start=185951600357200:end=185951600577700:delayMs=0:future=NONE
185953019567400	b45db7ebb591e0c2680469e42649acd872a44c75	599	185923587812200	OPEN	[2046:EVENT:ON_ATTACKABLE_KILL:SUBMITTED:epoch=185923587812200:reserve=185951600839300:submit=185951600850900:start=0:end=0:delayMs=2500:future=done=false,cancelled=false,dueMs=1081]	
185954028567700	b45db7ebb591e0c2680469e42649acd872a44c75	599	185923587812200	OPEN	[2046:EVENT:ON_ATTACKABLE_KILL:SUBMITTED:epoch=185923587812200:reserve=185951600839300:submit=185951600850900:start=0:end=0:delayMs=2500:future=done=false,cancelled=false,dueMs=72]	
185955037588100	b45db7ebb591e0c2680469e42649acd872a44c75	599	185923587812200	OPEN	[]	2046:EVENT:ON_ATTACKABLE_KILL:COMPLETED:epoch=185923587812200:reserve=185951600839300:submit=185951600850900:start=185954101588100:end=185954101649600:delayMs=2500:future=done=false,cancelled=false,dueMs=0
185959078785600	b45db7ebb591e0c2680469e42649acd872a44c75	278	185923139947600	OPEN	[1455:EVENT:ON_ATTACKABLE_KILL:SUBMITTED:epoch=185923139947600:reserve=185959035872800:submit=185959035887700:start=0:end=0:delayMs=2500:future=done=false,cancelled=false,dueMs=2457]	
185960085784500	b45db7ebb591e0c2680469e42649acd872a44c75	278	185923139947600	OPEN	[1455:EVENT:ON_ATTACKABLE_KILL:SUBMITTED:epoch=185923139947600:reserve=185959035872800:submit=185959035887700:start=0:end=0:delayMs=2500:future=done=false,cancelled=false,dueMs=1450]	
185961095868800	b45db7ebb591e0c2680469e42649acd872a44c75	142	185923073320000	OPEN	[2055:EVENT:ON_ATTACKABLE_KILL:SUBMITTED:epoch=185923073320000:reserve=185960110182200:submit=185960110195000:start=0:end=0:delayMs=2500:future=done=false,cancelled=false,dueMs=1514]	1190:EVENT:ON_ATTACKABLE_KILL:COMPLETED:epoch=185923073320000:reserve=185943755683600:submit=185943755722600:start=185946255892700:end=185946255929100:delayMs=2500:future=done=false,cancelled=false,dueMs=0
185961095868800	b45db7ebb591e0c2680469e42649acd872a44c75	278	185923139947600	OPEN	[1455:EVENT:ON_ATTACKABLE_KILL:SUBMITTED:epoch=185923139947600:reserve=185959035872800:submit=185959035887700:start=0:end=0:delayMs=2500:future=done=false,cancelled=false,dueMs=439]	
185962101916200	b45db7ebb591e0c2680469e42649acd872a44c75	142	185923073320000	OPEN	[2055:EVENT:ON_ATTACKABLE_KILL:SUBMITTED:epoch=185923073320000:reserve=185960110182200:submit=185960110195000:start=0:end=0:delayMs=2500:future=done=false,cancelled=false,dueMs=508]	1190:EVENT:ON_ATTACKABLE_KILL:COMPLETED:epoch=185923073320000:reserve=185943755683600:submit=185943755722600:start=185946255892700:end=185946255929100:delayMs=2500:future=done=false,cancelled=false,dueMs=0
185962101916200	b45db7ebb591e0c2680469e42649acd872a44c75	278	185923139947600	OPEN	[]	1455:EVENT:ON_ATTACKABLE_KILL:COMPLETED:epoch=185923139947600:reserve=185959035872800:submit=185959035887700:start=185961536930400:end=185961536987600:delayMs=2500:future=done=false,cancelled=false,dueMs=-1
185963114991100	b45db7ebb591e0c2680469e42649acd872a44c75	142	185923073320000	OPEN	[]	2055:EVENT:ON_ATTACKABLE_KILL:COMPLETED:epoch=185923073320000:reserve=185960110182200:submit=185960110195000:start=185962612077900:end=185962612102500:delayMs=2500:future=done=false,cancelled=false,dueMs=-1
185964124563100	b45db7ebb591e0c2680469e42649acd872a44c75	275	185923122046900	OPEN	[1949:EVENT:ON_ATTACKABLE_KILL:SUBMITTED:epoch=185923122046900:reserve=185963238330400:submit=185963238336900:start=0:end=0:delayMs=2500:future=done=false,cancelled=false,dueMs=1613]	
185965133566000	b45db7ebb591e0c2680469e42649acd872a44c75	275	185923122046900	OPEN	[1949:EVENT:ON_ATTACKABLE_KILL:SUBMITTED:epoch=185923122046900:reserve=185963238330400:submit=185963238336900:start=0:end=0:delayMs=2500:future=done=false,cancelled=false,dueMs=604]	
185966142588600	b45db7ebb591e0c2680469e42649acd872a44c75	275	185923122046900	OPEN	[]	1949:EVENT:ON_ATTACKABLE_KILL:COMPLETED:epoch=185923122046900:reserve=185963238330400:submit=185963238336900:start=185965738607100:end=185965738645200:delayMs=2500:future=done=false,cancelled=false,dueMs=0
185970184988600	b45db7ebb591e0c2680469e42649acd872a44c75	503	185923452478500	OPEN	[2532:EVENT:ON_ATTACKABLE_KILL:SUBMITTED:epoch=185923452478500:reserve=185969860439100:submit=185969860447400:start=0:end=0:delayMs=2500:future=done=false,cancelled=false,dueMs=2175]	1490:EVENT:ON_PLAYER_LEVEL_CHANGED:COMPLETED:epoch=185923452478500:reserve=185951600234100:submit=185951600260200:start=185951600357200:end=185951600577700:delayMs=0:future=NONE
185971192341700	b45db7ebb591e0c2680469e42649acd872a44c75	503	185923452478500	OPEN	[2532:EVENT:ON_ATTACKABLE_KILL:SUBMITTED:epoch=185923452478500:reserve=185969860439100:submit=185969860447400:start=0:end=0:delayMs=2500:future=done=false,cancelled=false,dueMs=1168]	1490:EVENT:ON_PLAYER_LEVEL_CHANGED:COMPLETED:epoch=185923452478500:reserve=185951600234100:submit=185951600260200:start=185951600357200:end=185951600577700:delayMs=0:future=NONE
185972203308900	b45db7ebb591e0c2680469e42649acd872a44c75	503	185923452478500	OPEN	[2532:EVENT:ON_ATTACKABLE_KILL:SUBMITTED:epoch=185923452478500:reserve=185969860439100:submit=185969860447400:start=0:end=0:delayMs=2500:future=done=false,cancelled=false,dueMs=157]	1490:EVENT:ON_PLAYER_LEVEL_CHANGED:COMPLETED:epoch=185923452478500:reserve=185951600234100:submit=185951600260200:start=185951600357200:end=185951600577700:delayMs=0:future=NONE
185973211396700	b45db7ebb591e0c2680469e42649acd872a44c75	503	185923452478500	OPEN	[]	2532:EVENT:ON_ATTACKABLE_KILL:COMPLETED:epoch=185923452478500:reserve=185969860439100:submit=185969860447400:start=185972361391600:end=185972361429000:delayMs=2500:future=done=false,cancelled=false,dueMs=0
185974219635500	b45db7ebb591e0c2680469e42649acd872a44c75	278	185923139947600	OPEN	[2230:EVENT:ON_ATTACKABLE_KILL:SUBMITTED:epoch=185923139947600:reserve=185974037802800:submit=185974037814800:start=0:end=0:delayMs=2500:future=done=false,cancelled=false,dueMs=2318]	1455:EVENT:ON_ATTACKABLE_KILL:COMPLETED:epoch=185923139947600:reserve=185959035872800:submit=185959035887700:start=185961536930400:end=185961536987600:delayMs=2500:future=done=false,cancelled=false,dueMs=-1
185975229671400	b45db7ebb591e0c2680469e42649acd872a44c75	278	185923139947600	OPEN	[2230:EVENT:ON_ATTACKABLE_KILL:SUBMITTED:epoch=185923139947600:reserve=185974037802800:submit=185974037814800:start=0:end=0:delayMs=2500:future=done=false,cancelled=false,dueMs=1308]	1455:EVENT:ON_ATTACKABLE_KILL:COMPLETED:epoch=185923139947600:reserve=185959035872800:submit=185959035887700:start=185961536930400:end=185961536987600:delayMs=2500:future=done=false,cancelled=false,dueMs=-1
185976238691700	b45db7ebb591e0c2680469e42649acd872a44c75	278	185923139947600	OPEN	[2230:EVENT:ON_ATTACKABLE_KILL:SUBMITTED:epoch=185923139947600:reserve=185974037802800:submit=185974037814800:start=0:end=0:delayMs=2500:future=done=false,cancelled=false,dueMs=299]	1455:EVENT:ON_ATTACKABLE_KILL:COMPLETED:epoch=185923139947600:reserve=185959035872800:submit=185959035887700:start=185961536930400:end=185961536987600:delayMs=2500:future=done=false,cancelled=false,dueMs=-1
185977246707600	b45db7ebb591e0c2680469e42649acd872a44c75	278	185923139947600	OPEN	[]	2230:EVENT:ON_ATTACKABLE_KILL:COMPLETED:epoch=185923139947600:reserve=185974037802800:submit=185974037814800:start=185976538677200:end=185976538734800:delayMs=2500:future=done=false,cancelled=false,dueMs=0
185980276798400	b45db7ebb591e0c2680469e42649acd872a44c75	599	185923587812200	OPEN	[4223:EVENT:ON_ATTACKABLE_KILL:SUBMITTED:epoch=185923587812200:reserve=185980258988900:submit=185980259002300:start=0:end=0:delayMs=2500:future=done=false,cancelled=false,dueMs=2482]	2046:EVENT:ON_ATTACKABLE_KILL:COMPLETED:epoch=185923587812200:reserve=185951600839300:submit=185951600850900:start=185954101588100:end=185954101649600:delayMs=2500:future=done=false,cancelled=false,dueMs=0
185981286505100	b45db7ebb591e0c2680469e42649acd872a44c75	599	185923587812200	OPEN	[4223:EVENT:ON_ATTACKABLE_KILL:SUBMITTED:epoch=185923587812200:reserve=185980258988900:submit=185980259002300:start=0:end=0:delayMs=2500:future=done=false,cancelled=false,dueMs=1472]	2046:EVENT:ON_ATTACKABLE_KILL:COMPLETED:epoch=185923587812200:reserve=185951600839300:submit=185951600850900:start=185954101588100:end=185954101649600:delayMs=2500:future=done=false,cancelled=false,dueMs=0
185982297851100	b45db7ebb591e0c2680469e42649acd872a44c75	599	185923587812200	OPEN	[4223:EVENT:ON_ATTACKABLE_KILL:SUBMITTED:epoch=185923587812200:reserve=185980258988900:submit=185980259002300:start=0:end=0:delayMs=2500:future=done=false,cancelled=false,dueMs=461]	2046:EVENT:ON_ATTACKABLE_KILL:COMPLETED:epoch=185923587812200:reserve=185951600839300:submit=185951600850900:start=185954101588100:end=185954101649600:delayMs=2500:future=done=false,cancelled=false,dueMs=0
185983309847700	b45db7ebb591e0c2680469e42649acd872a44c75	599	185923587812200	OPEN	[]	4223:EVENT:ON_ATTACKABLE_KILL:COMPLETED:epoch=185923587812200:reserve=185980258988900:submit=185980259002300:start=185982759762800:end=185982759814200:delayMs=2500:future=done=false,cancelled=false,dueMs=0
185991383717200	b45db7ebb591e0c2680469e42649acd872a44c75	110	185923058766200	OPEN	[2968:EVENT:ON_ATTACKABLE_KILL:SUBMITTED:epoch=185923058766200:reserve=185990535939700:submit=185990535952900:start=0:end=0:delayMs=2500:future=done=false,cancelled=false,dueMs=1652]	
185992392694100	b45db7ebb591e0c2680469e42649acd872a44c75	110	185923058766200	OPEN	[2968:EVENT:ON_ATTACKABLE_KILL:SUBMITTED:epoch=185923058766200:reserve=185990535939700:submit=185990535952900:start=0:end=0:delayMs=2500:future=done=false,cancelled=false,dueMs=643]	
185993403675100	b45db7ebb591e0c2680469e42649acd872a44c75	110	185923058766200	OPEN	[]	2968:EVENT:ON_ATTACKABLE_KILL:COMPLETED:epoch=185923058766200:reserve=185990535939700:submit=185990535952900:start=185993036676800:end=185993036743600:delayMs=2500:future=done=false,cancelled=false,dueMs=0
185995422769000	b45db7ebb591e0c2680469e42649acd872a44c75	278	185923139947600	OPEN	[3135:EVENT:ON_ATTACKABLE_KILL:SUBMITTED:epoch=185923139947600:reserve=185994735192300:submit=185994735199000:start=0:end=0:delayMs=2500:future=done=false,cancelled=false,dueMs=1812]	2230:EVENT:ON_ATTACKABLE_KILL:COMPLETED:epoch=185923139947600:reserve=185974037802800:submit=185974037814800:start=185976538677200:end=185976538734800:delayMs=2500:future=done=false,cancelled=false,dueMs=0
185996433789300	b45db7ebb591e0c2680469e42649acd872a44c75	278	185923139947600	OPEN	[3135:EVENT:ON_ATTACKABLE_KILL:SUBMITTED:epoch=185923139947600:reserve=185994735192300:submit=185994735199000:start=0:end=0:delayMs=2500:future=done=false,cancelled=false,dueMs=801]	2230:EVENT:ON_ATTACKABLE_KILL:COMPLETED:epoch=185923139947600:reserve=185974037802800:submit=185974037814800:start=185976538677200:end=185976538734800:delayMs=2500:future=done=false,cancelled=false,dueMs=0
185997445800300	b45db7ebb591e0c2680469e42649acd872a44c75	278	185923139947600	OPEN	[]	3135:EVENT:ON_ATTACKABLE_KILL:COMPLETED:epoch=185923139947600:reserve=185994735192300:submit=185994735199000:start=185997236709600:end=185997236767900:delayMs=2500:future=done=false,cancelled=false,dueMs=-1
186000472480000	b45db7ebb591e0c2680469e42649acd872a44c75	278	185923139947600	OPEN	[3402:EVENT:ON_ATTACKABLE_KILL:SUBMITTED:epoch=185923139947600:reserve=186000337755600:submit=186000337769400:start=0:end=0:delayMs=2500:future=done=false,cancelled=false,dueMs=2365]	3135:EVENT:ON_ATTACKABLE_KILL:COMPLETED:epoch=185923139947600:reserve=185994735192300:submit=185994735199000:start=185997236709600:end=185997236767900:delayMs=2500:future=done=false,cancelled=false,dueMs=-1
186001480394500	b45db7ebb591e0c2680469e42649acd872a44c75	278	185923139947600	OPEN	[3402:EVENT:ON_ATTACKABLE_KILL:SUBMITTED:epoch=185923139947600:reserve=186000337755600:submit=186000337769400:start=0:end=0:delayMs=2500:future=done=false,cancelled=false,dueMs=1357]	3135:EVENT:ON_ATTACKABLE_KILL:COMPLETED:epoch=185923139947600:reserve=185994735192300:submit=185994735199000:start=185997236709600:end=185997236767900:delayMs=2500:future=done=false,cancelled=false,dueMs=-1
186002489486500	b45db7ebb591e0c2680469e42649acd872a44c75	278	185923139947600	OPEN	[3402:EVENT:ON_ATTACKABLE_KILL:SUBMITTED:epoch=185923139947600:reserve=186000337755600:submit=186000337769400:start=0:end=0:delayMs=2500:future=done=false,cancelled=false,dueMs=348]	3135:EVENT:ON_ATTACKABLE_KILL:COMPLETED:epoch=185923139947600:reserve=185994735192300:submit=185994735199000:start=185997236709600:end=185997236767900:delayMs=2500:future=done=false,cancelled=false,dueMs=-1
186003501477500	b45db7ebb591e0c2680469e42649acd872a44c75	278	185923139947600	OPEN	[]	3402:EVENT:ON_ATTACKABLE_KILL:COMPLETED:epoch=185923139947600:reserve=186000337755600:submit=186000337769400:start=186002839468700:end=186002839541200:delayMs=2500:future=done=false,cancelled=false,dueMs=-1
186005518678900	b45db7ebb591e0c2680469e42649acd872a44c75	599	185923587812200	OPEN	[5825:EVENT:ON_ATTACKABLE_KILL:SUBMITTED:epoch=185923587812200:reserve=186004603198100:submit=186004603212100:start=0:end=0:delayMs=2500:future=done=false,cancelled=false,dueMs=1584]	4223:EVENT:ON_ATTACKABLE_KILL:COMPLETED:epoch=185923587812200:reserve=185980258988900:submit=185980259002300:start=185982759762800:end=185982759814200:delayMs=2500:future=done=false,cancelled=false,dueMs=0
186006528767600	b45db7ebb591e0c2680469e42649acd872a44c75	599	185923587812200	OPEN	[5825:EVENT:ON_ATTACKABLE_KILL:SUBMITTED:epoch=185923587812200:reserve=186004603198100:submit=186004603212100:start=0:end=0:delayMs=2500:future=done=false,cancelled=false,dueMs=574]	4223:EVENT:ON_ATTACKABLE_KILL:COMPLETED:epoch=185923587812200:reserve=185980258988900:submit=185980259002300:start=185982759762800:end=185982759814200:delayMs=2500:future=done=false,cancelled=false,dueMs=0
186007540763800	b45db7ebb591e0c2680469e42649acd872a44c75	599	185923587812200	OPEN	[]	5825:EVENT:ON_ATTACKABLE_KILL:COMPLETED:epoch=185923587812200:reserve=186004603198100:submit=186004603212100:start=186007104854100:end=186007104910700:delayMs=2500:future=done=false,cancelled=false,dueMs=-1
186014600436300	b45db7ebb591e0c2680469e42649acd872a44c75	142	185923073320000	OPEN	[5016:EVENT:ON_ATTACKABLE_KILL:SUBMITTED:epoch=185923073320000:reserve=186013848672600:submit=186013848697500:start=0:end=0:delayMs=2500:future=done=false,cancelled=false,dueMs=1748]	2055:EVENT:ON_ATTACKABLE_KILL:COMPLETED:epoch=185923073320000:reserve=185960110182200:submit=185960110195000:start=185962612077900:end=185962612102500:delayMs=2500:future=done=false,cancelled=false,dueMs=-1
186015609545000	b45db7ebb591e0c2680469e42649acd872a44c75	142	185923073320000	OPEN	[5016:EVENT:ON_ATTACKABLE_KILL:SUBMITTED:epoch=185923073320000:reserve=186013848672600:submit=186013848697500:start=0:end=0:delayMs=2500:future=done=false,cancelled=false,dueMs=739]	2055:EVENT:ON_ATTACKABLE_KILL:COMPLETED:epoch=185923073320000:reserve=185960110182200:submit=185960110195000:start=185962612077900:end=185962612102500:delayMs=2500:future=done=false,cancelled=false,dueMs=-1
186016616774400	b45db7ebb591e0c2680469e42649acd872a44c75	142	185923073320000	OPEN	[]	5016:EVENT:ON_ATTACKABLE_KILL:COMPLETED:epoch=185923073320000:reserve=186013848672600:submit=186013848697500:start=186016350778200:end=186016350821300:delayMs=2500:future=done=false,cancelled=false,dueMs=-2
186017624912300	b45db7ebb591e0c2680469e42649acd872a44c75	278	185923139947600	DRAINING	[]	3402:EVENT:ON_ATTACKABLE_KILL:COMPLETED:epoch=185923139947600:reserve=186000337755600:submit=186000337769400:start=186002839468700:end=186002839541200:delayMs=2500:future=done=false,cancelled=false,dueMs=-1
186018632110200	b45db7ebb591e0c2680469e42649acd872a44c75	278	185923139947600	OPEN	[]	3402:EVENT:ON_ATTACKABLE_KILL:COMPLETED:epoch=185923139947600:reserve=186000337755600:submit=186000337769400:start=186002839468700:end=186002839541200:delayMs=2500:future=done=false,cancelled=false,dueMs=-1
186022664664300	b45db7ebb591e0c2680469e42649acd872a44c75	260	185923105225000	OPEN	[4324:EVENT:ON_ATTACKABLE_KILL:SUBMITTED:epoch=185923105225000:reserve=186022038004400:submit=186022038010300:start=0:end=0:delayMs=2500:future=done=false,cancelled=false,dueMs=1873]	868:EVENT:ON_ATTACKABLE_KILL:COMPLETED:epoch=185923105225000:reserve=185940403198700:submit=185940403210900:start=185942903690600:end=185942903729300:delayMs=2500:future=done=false,cancelled=false,dueMs=0
186023673659400	b45db7ebb591e0c2680469e42649acd872a44c75	142	185923073320000	OPEN	[5596:EVENT:ON_ATTACKABLE_KILL:SUBMITTED:epoch=185923073320000:reserve=186023208208500:submit=186023208223700:start=0:end=0:delayMs=2500:future=done=false,cancelled=false,dueMs=2034]	5016:EVENT:ON_ATTACKABLE_KILL:COMPLETED:epoch=185923073320000:reserve=186013848672600:submit=186013848697500:start=186016350778200:end=186016350821300:delayMs=2500:future=done=false,cancelled=false,dueMs=-2
186023673659400	b45db7ebb591e0c2680469e42649acd872a44c75	260	185923105225000	OPEN	[4324:EVENT:ON_ATTACKABLE_KILL:SUBMITTED:epoch=185923105225000:reserve=186022038004400:submit=186022038010300:start=0:end=0:delayMs=2500:future=done=false,cancelled=false,dueMs=863]	868:EVENT:ON_ATTACKABLE_KILL:COMPLETED:epoch=185923105225000:reserve=185940403198700:submit=185940403210900:start=185942903690600:end=185942903729300:delayMs=2500:future=done=false,cancelled=false,dueMs=0
186024681496500	b45db7ebb591e0c2680469e42649acd872a44c75	142	185923073320000	OPEN	[5596:EVENT:ON_ATTACKABLE_KILL:SUBMITTED:epoch=185923073320000:reserve=186023208208500:submit=186023208223700:start=0:end=0:delayMs=2500:future=done=false,cancelled=false,dueMs=1026]	5016:EVENT:ON_ATTACKABLE_KILL:COMPLETED:epoch=185923073320000:reserve=186013848672600:submit=186013848697500:start=186016350778200:end=186016350821300:delayMs=2500:future=done=false,cancelled=false,dueMs=-2
186024681496500	b45db7ebb591e0c2680469e42649acd872a44c75	260	185923105225000	OPEN	[]	4324:EVENT:ON_ATTACKABLE_KILL:COMPLETED:epoch=185923105225000:reserve=186022038004400:submit=186022038010300:start=186024539584700:end=186024539636100:delayMs=2500:future=done=false,cancelled=false,dueMs=-1
186025689510300	b45db7ebb591e0c2680469e42649acd872a44c75	142	185923073320000	OPEN	[5596:EVENT:ON_ATTACKABLE_KILL:SUBMITTED:epoch=185923073320000:reserve=186023208208500:submit=186023208223700:start=0:end=0:delayMs=2500:future=done=false,cancelled=false,dueMs=18]	5016:EVENT:ON_ATTACKABLE_KILL:COMPLETED:epoch=185923073320000:reserve=186013848672600:submit=186013848697500:start=186016350778200:end=186016350821300:delayMs=2500:future=done=false,cancelled=false,dueMs=-2
186026698672000	b45db7ebb591e0c2680469e42649acd872a44c75	142	185923073320000	OPEN	[]	5596:EVENT:ON_ATTACKABLE_KILL:COMPLETED:epoch=185923073320000:reserve=186023208208500:submit=186023208223700:start=186025709342600:end=186025709374300:delayMs=2500:future=done=false,cancelled=false,dueMs=-1
186026698672000	b45db7ebb591e0c2680469e42649acd872a44c75	275	185923122046900	OPEN	[4537:EVENT:ON_ATTACKABLE_KILL:SUBMITTED:epoch=185923122046900:reserve=186026237217600:submit=186026237222900:start=0:end=0:delayMs=2500:future=done=false,cancelled=false,dueMs=2038]	1949:EVENT:ON_ATTACKABLE_KILL:COMPLETED:epoch=185923122046900:reserve=185963238330400:submit=185963238336900:start=185965738607100:end=185965738645200:delayMs=2500:future=done=false,cancelled=false,dueMs=0
186027709563500	b45db7ebb591e0c2680469e42649acd872a44c75	275	185923122046900	OPEN	[4537:EVENT:ON_ATTACKABLE_KILL:SUBMITTED:epoch=185923122046900:reserve=186026237217600:submit=186026237222900:start=0:end=0:delayMs=2500:future=done=false,cancelled=false,dueMs=1027]	1949:EVENT:ON_ATTACKABLE_KILL:COMPLETED:epoch=185923122046900:reserve=185963238330400:submit=185963238336900:start=185965738607100:end=185965738645200:delayMs=2500:future=done=false,cancelled=false,dueMs=0
186028720577900	b45db7ebb591e0c2680469e42649acd872a44c75	275	185923122046900	OPEN	[4537:EVENT:ON_ATTACKABLE_KILL:SUBMITTED:epoch=185923122046900:reserve=186026237217600:submit=186026237222900:start=0:end=0:delayMs=2500:future=done=false,cancelled=false,dueMs=16]	1949:EVENT:ON_ATTACKABLE_KILL:COMPLETED:epoch=185923122046900:reserve=185963238330400:submit=185963238336900:start=185965738607100:end=185965738645200:delayMs=2500:future=done=false,cancelled=false,dueMs=0
186028720577900	b45db7ebb591e0c2680469e42649acd872a44c75	599	185923587812200	OPEN	[7548:EVENT:ON_ATTACKABLE_KILL:SUBMITTED:epoch=185923587812200:reserve=186028305111800:submit=186028305120000:start=0:end=0:delayMs=2500:future=done=false,cancelled=false,dueMs=2084]	5825:EVENT:ON_ATTACKABLE_KILL:COMPLETED:epoch=185923587812200:reserve=186004603198100:submit=186004603212100:start=186007104854100:end=186007104910700:delayMs=2500:future=done=false,cancelled=false,dueMs=-1
186029727782300	b45db7ebb591e0c2680469e42649acd872a44c75	275	185923122046900	OPEN	[]	4537:EVENT:ON_ATTACKABLE_KILL:COMPLETED:epoch=185923122046900:reserve=186026237217600:submit=186026237222900:start=186028737600500:end=186028737649500:delayMs=2500:future=done=false,cancelled=false,dueMs=0
186029727782300	b45db7ebb591e0c2680469e42649acd872a44c75	599	185923587812200	OPEN	[7548:EVENT:ON_ATTACKABLE_KILL:SUBMITTED:epoch=185923587812200:reserve=186028305111800:submit=186028305120000:start=0:end=0:delayMs=2500:future=done=false,cancelled=false,dueMs=1077]	5825:EVENT:ON_ATTACKABLE_KILL:COMPLETED:epoch=185923587812200:reserve=186004603198100:submit=186004603212100:start=186007104854100:end=186007104910700:delayMs=2500:future=done=false,cancelled=false,dueMs=-1
186030737253400	b45db7ebb591e0c2680469e42649acd872a44c75	599	185923587812200	OPEN	[7548:EVENT:ON_ATTACKABLE_KILL:SUBMITTED:epoch=185923587812200:reserve=186028305111800:submit=186028305120000:start=0:end=0:delayMs=2500:future=done=false,cancelled=false,dueMs=67]	5825:EVENT:ON_ATTACKABLE_KILL:COMPLETED:epoch=185923587812200:reserve=186004603198100:submit=186004603212100:start=186007104854100:end=186007104910700:delayMs=2500:future=done=false,cancelled=false,dueMs=-1
186031745820700	b45db7ebb591e0c2680469e42649acd872a44c75	599	185923587812200	OPEN	[]	7548:EVENT:ON_ATTACKABLE_KILL:COMPLETED:epoch=185923587812200:reserve=186028305111800:submit=186028305120000:start=186030806792400:end=186030806837100:delayMs=2500:future=done=false,cancelled=false,dueMs=-1
186032760813100	b45db7ebb591e0c2680469e42649acd872a44c75	503	185923452478500	OPEN	[5708:EVENT:ON_ATTACKABLE_KILL:SUBMITTED:epoch=185923452478500:reserve=186031903686400:submit=186031903695100:start=0:end=0:delayMs=2500:future=done=false,cancelled=false,dueMs=1642]	2532:EVENT:ON_ATTACKABLE_KILL:COMPLETED:epoch=185923452478500:reserve=185969860439100:submit=185969860447400:start=185972361391600:end=185972361429000:delayMs=2500:future=done=false,cancelled=false,dueMs=0
186033772795600	b45db7ebb591e0c2680469e42649acd872a44c75	503	185923452478500	OPEN	[5708:EVENT:ON_ATTACKABLE_KILL:SUBMITTED:epoch=185923452478500:reserve=186031903686400:submit=186031903695100:start=0:end=0:delayMs=2500:future=done=false,cancelled=false,dueMs=630]	2532:EVENT:ON_ATTACKABLE_KILL:COMPLETED:epoch=185923452478500:reserve=185969860439100:submit=185969860447400:start=185972361391600:end=185972361429000:delayMs=2500:future=done=false,cancelled=false,dueMs=0
186034780077700	b45db7ebb591e0c2680469e42649acd872a44c75	503	185923452478500	OPEN	[]	5708:EVENT:ON_ATTACKABLE_KILL:COMPLETED:epoch=185923452478500:reserve=186031903686400:submit=186031903695100:start=186034404873400:end=186034404925200:delayMs=2500:future=done=false,cancelled=false,dueMs=-1
186042864757600	b45db7ebb591e0c2680469e42649acd872a44c75	503	185923452478500	OPEN	[6330:EVENT:ON_ATTACKABLE_KILL:SUBMITTED:epoch=185923452478500:reserve=186042095239000:submit=186042095253000:start=0:end=0:delayMs=2500:future=done=false,cancelled=false,dueMs=1730]	5708:EVENT:ON_ATTACKABLE_KILL:COMPLETED:epoch=185923452478500:reserve=186031903686400:submit=186031903695100:start=186034404873400:end=186034404925200:delayMs=2500:future=done=false,cancelled=false,dueMs=-1
186043874848500	b45db7ebb591e0c2680469e42649acd872a44c75	503	185923452478500	OPEN	[6330:EVENT:ON_ATTACKABLE_KILL:SUBMITTED:epoch=185923452478500:reserve=186042095239000:submit=186042095253000:start=0:end=0:delayMs=2500:future=done=false,cancelled=false,dueMs=720]	5708:EVENT:ON_ATTACKABLE_KILL:COMPLETED:epoch=185923452478500:reserve=186031903686400:submit=186031903695100:start=186034404873400:end=186034404925200:delayMs=2500:future=done=false,cancelled=false,dueMs=-1
186044884773900	b45db7ebb591e0c2680469e42649acd872a44c75	503	185923452478500	OPEN	[]	6330:EVENT:ON_ATTACKABLE_KILL:COMPLETED:epoch=185923452478500:reserve=186042095239000:submit=186042095253000:start=186044596766300:end=186044596841600:delayMs=2500:future=done=false,cancelled=false,dueMs=-1
186053977674400	b45db7ebb591e0c2680469e42649acd872a44c75	175	185923086701300	OPEN	[5609:EVENT:ON_ATTACKABLE_KILL:SUBMITTED:epoch=185923086701300:reserve=186053537009600:submit=186053537017900:start=0:end=0:delayMs=2500:future=done=false,cancelled=false,dueMs=2059]	
186054987689900	b45db7ebb591e0c2680469e42649acd872a44c75	175	185923086701300	OPEN	[5609:EVENT:ON_ATTACKABLE_KILL:SUBMITTED:epoch=185923086701300:reserve=186053537009600:submit=186053537017900:start=0:end=0:delayMs=2500:future=done=false,cancelled=false,dueMs=1049]	
186055995783100	b45db7ebb591e0c2680469e42649acd872a44c75	175	185923086701300	OPEN	[5609:EVENT:ON_ATTACKABLE_KILL:SUBMITTED:epoch=185923086701300:reserve=186053537009600:submit=186053537017900:start=0:end=0:delayMs=2500:future=done=false,cancelled=false,dueMs=41]	
186057003851900	b45db7ebb591e0c2680469e42649acd872a44c75	175	185923086701300	OPEN	[]	5609:EVENT:ON_ATTACKABLE_KILL:COMPLETED:epoch=185923086701300:reserve=186053537009600:submit=186053537017900:start=186056037793700:end=186056037874100:delayMs=2500:future=done=false,cancelled=false,dueMs=0
186059023771200	b45db7ebb591e0c2680469e42649acd872a44c75	278	185923139947600	OPEN	[6223:EVENT:ON_ATTACKABLE_KILL:SUBMITTED:epoch=185923139947600:reserve=186058541127900:submit=186058541138600:start=0:end=0:delayMs=2500:future=done=false,cancelled=false,dueMs=2017]	3402:EVENT:ON_ATTACKABLE_KILL:COMPLETED:epoch=185923139947600:reserve=186000337755600:submit=186000337769400:start=186002839468700:end=186002839541200:delayMs=2500:future=done=false,cancelled=false,dueMs=-1
186060037144300	b45db7ebb591e0c2680469e42649acd872a44c75	278	185923139947600	OPEN	[6223:EVENT:ON_ATTACKABLE_KILL:SUBMITTED:epoch=185923139947600:reserve=186058541127900:submit=186058541138600:start=0:end=0:delayMs=2500:future=done=false,cancelled=false,dueMs=1003]	3402:EVENT:ON_ATTACKABLE_KILL:COMPLETED:epoch=185923139947600:reserve=186000337755600:submit=186000337769400:start=186002839468700:end=186002839541200:delayMs=2500:future=done=false,cancelled=false,dueMs=-1
186061045143600	b45db7ebb591e0c2680469e42649acd872a44c75	278	185923139947600	OPEN	[]	6223:EVENT:ON_ATTACKABLE_KILL:COMPLETED:epoch=185923139947600:reserve=186058541127900:submit=186058541138600:start=186061042161100:end=186061042211400:delayMs=2500:future=done=false,cancelled=false,dueMs=-1
186067103995500	b45db7ebb591e0c2680469e42649acd872a44c75	260	185923105225000	OPEN	[6435:EVENT:ON_ATTACKABLE_KILL:SUBMITTED:epoch=185923105225000:reserve=186066137738000:submit=186066137743700:start=0:end=0:delayMs=2500:future=done=false,cancelled=false,dueMs=1533]	4324:EVENT:ON_ATTACKABLE_KILL:COMPLETED:epoch=185923105225000:reserve=186022038004400:submit=186022038010300:start=186024539584700:end=186024539636100:delayMs=2500:future=done=false,cancelled=false,dueMs=-1
186068112334500	b45db7ebb591e0c2680469e42649acd872a44c75	260	185923105225000	OPEN	[6435:EVENT:ON_ATTACKABLE_KILL:SUBMITTED:epoch=185923105225000:reserve=186066137738000:submit=186066137743700:start=0:end=0:delayMs=2500:future=done=false,cancelled=false,dueMs=525]	4324:EVENT:ON_ATTACKABLE_KILL:COMPLETED:epoch=185923105225000:reserve=186022038004400:submit=186022038010300:start=186024539584700:end=186024539636100:delayMs=2500:future=done=false,cancelled=false,dueMs=-1
186069123343000	b45db7ebb591e0c2680469e42649acd872a44c75	260	185923105225000	OPEN	[]	6435:EVENT:ON_ATTACKABLE_KILL:COMPLETED:epoch=185923105225000:reserve=186066137738000:submit=186066137743700:start=186068638359100:end=186068638458900:delayMs=2500:future=done=false,cancelled=false,dueMs=0
186077196869800	b45db7ebb591e0c2680469e42649acd872a44c75	260	185923105225000	OPEN	[6930:EVENT:ON_ATTACKABLE_KILL:SUBMITTED:epoch=185923105225000:reserve=186076335864900:submit=186076335870200:start=0:end=0:delayMs=2500:future=done=false,cancelled=false,dueMs=1638]	6435:EVENT:ON_ATTACKABLE_KILL:COMPLETED:epoch=185923105225000:reserve=186066137738000:submit=186066137743700:start=186068638359100:end=186068638458900:delayMs=2500:future=done=false,cancelled=false,dueMs=0
186078207780200	b45db7ebb591e0c2680469e42649acd872a44c75	260	185923105225000	OPEN	[6930:EVENT:ON_ATTACKABLE_KILL:SUBMITTED:epoch=185923105225000:reserve=186076335864900:submit=186076335870200:start=0:end=0:delayMs=2500:future=done=false,cancelled=false,dueMs=628]	6435:EVENT:ON_ATTACKABLE_KILL:COMPLETED:epoch=185923105225000:reserve=186066137738000:submit=186066137743700:start=186068638359100:end=186068638458900:delayMs=2500:future=done=false,cancelled=false,dueMs=0
186079218126800	b45db7ebb591e0c2680469e42649acd872a44c75	260	185923105225000	OPEN	[]	6930:EVENT:ON_ATTACKABLE_KILL:COMPLETED:epoch=185923105225000:reserve=186076335864900:submit=186076335870200:start=186078836801200:end=186078836829700:delayMs=2500:future=done=false,cancelled=false,dueMs=0
186083262330600	b45db7ebb591e0c2680469e42649acd872a44c75	599	185923587812200	OPEN	[11556:EVENT:ON_ATTACKABLE_KILL:SUBMITTED:epoch=185923587812200:reserve=186082955581100:submit=186082955587800:start=0:end=0:delayMs=2500:future=done=false,cancelled=false,dueMs=2193]	11552:EVENT:ON_PLAYER_LEVEL_CHANGED:COMPLETED:epoch=185923587812200:reserve=186082954912900:submit=186082954945800:start=186082954964900:end=186082955064800:delayMs=0:future=NONE
186084275292900	b45db7ebb591e0c2680469e42649acd872a44c75	599	185923587812200	OPEN	[11556:EVENT:ON_ATTACKABLE_KILL:SUBMITTED:epoch=185923587812200:reserve=186082955581100:submit=186082955587800:start=0:end=0:delayMs=2500:future=done=false,cancelled=false,dueMs=1180]	11552:EVENT:ON_PLAYER_LEVEL_CHANGED:COMPLETED:epoch=185923587812200:reserve=186082954912900:submit=186082954945800:start=186082954964900:end=186082955064800:delayMs=0:future=NONE
186085281435000	b45db7ebb591e0c2680469e42649acd872a44c75	278	185923139947600	OPEN	[7310:EVENT:ON_ATTACKABLE_KILL:SUBMITTED:epoch=185923139947600:reserve=186085036587300:submit=186085036594500:start=0:end=0:delayMs=2500:future=done=false,cancelled=false,dueMs=2255]	6223:EVENT:ON_ATTACKABLE_KILL:COMPLETED:epoch=185923139947600:reserve=186058541127900:submit=186058541138600:start=186061042161100:end=186061042211400:delayMs=2500:future=done=false,cancelled=false,dueMs=-1
186085281435000	b45db7ebb591e0c2680469e42649acd872a44c75	599	185923587812200	OPEN	[11556:EVENT:ON_ATTACKABLE_KILL:SUBMITTED:epoch=185923587812200:reserve=186082955581100:submit=186082955587800:start=0:end=0:delayMs=2500:future=done=false,cancelled=false,dueMs=173]	11552:EVENT:ON_PLAYER_LEVEL_CHANGED:COMPLETED:epoch=185923587812200:reserve=186082954912900:submit=186082954945800:start=186082954964900:end=186082955064800:delayMs=0:future=NONE
186086287463800	b45db7ebb591e0c2680469e42649acd872a44c75	278	185923139947600	OPEN	[7310:EVENT:ON_ATTACKABLE_KILL:SUBMITTED:epoch=185923139947600:reserve=186085036587300:submit=186085036594500:start=0:end=0:delayMs=2500:future=done=false,cancelled=false,dueMs=1249]	6223:EVENT:ON_ATTACKABLE_KILL:COMPLETED:epoch=185923139947600:reserve=186058541127900:submit=186058541138600:start=186061042161100:end=186061042211400:delayMs=2500:future=done=false,cancelled=false,dueMs=-1
186086287463800	b45db7ebb591e0c2680469e42649acd872a44c75	599	185923587812200	OPEN	[]	11556:EVENT:ON_ATTACKABLE_KILL:COMPLETED:epoch=185923587812200:reserve=186082955581100:submit=186082955587800:start=186085457312600:end=186085457368500:delayMs=2500:future=done=false,cancelled=false,dueMs=-1
186087294667600	b45db7ebb591e0c2680469e42649acd872a44c75	278	185923139947600	OPEN	[7310:EVENT:ON_ATTACKABLE_KILL:SUBMITTED:epoch=185923139947600:reserve=186085036587300:submit=186085036594500:start=0:end=0:delayMs=2500:future=done=false,cancelled=false,dueMs=241]	6223:EVENT:ON_ATTACKABLE_KILL:COMPLETED:epoch=185923139947600:reserve=186058541127900:submit=186058541138600:start=186061042161100:end=186061042211400:delayMs=2500:future=done=false,cancelled=false,dueMs=-1
186088303540400	b45db7ebb591e0c2680469e42649acd872a44c75	278	185923139947600	OPEN	[]	7310:EVENT:ON_ATTACKABLE_KILL:COMPLETED:epoch=185923139947600:reserve=186085036587300:submit=186085036594500:start=186087537589300:end=186087537625100:delayMs=2500:future=done=false,cancelled=false,dueMs=-1
186090315486600	b45db7ebb591e0c2680469e42649acd872a44c75	175	185923086701300	OPEN	[7085:EVENT:ON_ATTACKABLE_KILL:SUBMITTED:epoch=185923086701300:reserve=186089836960500:submit=186089836967200:start=0:end=0:delayMs=2500:future=done=false,cancelled=false,dueMs=2021]	5609:EVENT:ON_ATTACKABLE_KILL:COMPLETED:epoch=185923086701300:reserve=186053537009600:submit=186053537017900:start=186056037793700:end=186056037874100:delayMs=2500:future=done=false,cancelled=false,dueMs=0
186091325640900	b45db7ebb591e0c2680469e42649acd872a44c75	175	185923086701300	OPEN	[7085:EVENT:ON_ATTACKABLE_KILL:SUBMITTED:epoch=185923086701300:reserve=186089836960500:submit=186089836967200:start=0:end=0:delayMs=2500:future=done=false,cancelled=false,dueMs=1011]	5609:EVENT:ON_ATTACKABLE_KILL:COMPLETED:epoch=185923086701300:reserve=186053537009600:submit=186053537017900:start=186056037793700:end=186056037874100:delayMs=2500:future=done=false,cancelled=false,dueMs=0
186092331526700	b45db7ebb591e0c2680469e42649acd872a44c75	175	185923086701300	OPEN	[7085:EVENT:ON_ATTACKABLE_KILL:SUBMITTED:epoch=185923086701300:reserve=186089836960500:submit=186089836967200:start=0:end=0:delayMs=2500:future=done=false,cancelled=false,dueMs=5]	5609:EVENT:ON_ATTACKABLE_KILL:COMPLETED:epoch=185923086701300:reserve=186053537009600:submit=186053537017900:start=186056037793700:end=186056037874100:delayMs=2500:future=done=false,cancelled=false,dueMs=0
186093342438400	b45db7ebb591e0c2680469e42649acd872a44c75	175	185923086701300	OPEN	[]	7085:EVENT:ON_ATTACKABLE_KILL:COMPLETED:epoch=185923086701300:reserve=186089836960500:submit=186089836967200:start=186092338514600:end=186092338585900:delayMs=2500:future=done=false,cancelled=false,dueMs=-1
186097369650600	b45db7ebb591e0c2680469e42649acd872a44c75	260	185923105225000	OPEN	[7876:EVENT:ON_ATTACKABLE_KILL:SUBMITTED:epoch=185923105225000:reserve=186096735886400:submit=186096735892500:start=0:end=0:delayMs=2500:future=done=false,cancelled=false,dueMs=1866]	6930:EVENT:ON_ATTACKABLE_KILL:COMPLETED:epoch=185923105225000:reserve=186076335864900:submit=186076335870200:start=186078836801200:end=186078836829700:delayMs=2500:future=done=false,cancelled=false,dueMs=0
186098373905300	b45db7ebb591e0c2680469e42649acd872a44c75	260	185923105225000	OPEN	[7876:EVENT:ON_ATTACKABLE_KILL:SUBMITTED:epoch=185923105225000:reserve=186096735886400:submit=186096735892500:start=0:end=0:delayMs=2500:future=done=false,cancelled=false,dueMs=861]	6930:EVENT:ON_ATTACKABLE_KILL:COMPLETED:epoch=185923105225000:reserve=186076335864900:submit=186076335870200:start=186078836801200:end=186078836829700:delayMs=2500:future=done=false,cancelled=false,dueMs=0
186099380608700	b45db7ebb591e0c2680469e42649acd872a44c75	260	185923105225000	OPEN	[]	7876:EVENT:ON_ATTACKABLE_KILL:COMPLETED:epoch=185923105225000:reserve=186096735886400:submit=186096735892500:start=186099236381500:end=186099236458500:delayMs=2500:future=done=false,cancelled=false,dueMs=0
186111498975300	b45db7ebb591e0c2680469e42649acd872a44c75	275	185923122046900	OPEN	[8591:EVENT:ON_ATTACKABLE_KILL:SUBMITTED:epoch=185923122046900:reserve=186110788156700:submit=186110788162600:start=0:end=0:delayMs=2500:future=done=false,cancelled=false,dueMs=1789]	4537:EVENT:ON_ATTACKABLE_KILL:COMPLETED:epoch=185923122046900:reserve=186026237217600:submit=186026237222900:start=186028737600500:end=186028737649500:delayMs=2500:future=done=false,cancelled=false,dueMs=0
186112509995100	b45db7ebb591e0c2680469e42649acd872a44c75	275	185923122046900	OPEN	[8591:EVENT:ON_ATTACKABLE_KILL:SUBMITTED:epoch=185923122046900:reserve=186110788156700:submit=186110788162600:start=0:end=0:delayMs=2500:future=done=false,cancelled=false,dueMs=778]	4537:EVENT:ON_ATTACKABLE_KILL:COMPLETED:epoch=185923122046900:reserve=186026237217600:submit=186026237222900:start=186028737600500:end=186028737649500:delayMs=2500:future=done=false,cancelled=false,dueMs=0
186113521989200	b45db7ebb591e0c2680469e42649acd872a44c75	275	185923122046900	OPEN	[]	8591:EVENT:ON_ATTACKABLE_KILL:COMPLETED:epoch=185923122046900:reserve=186110788156700:submit=186110788162600:start=186113288926100:end=186113288968300:delayMs=2500:future=done=false,cancelled=false,dueMs=0
186116555944200	b45db7ebb591e0c2680469e42649acd872a44c75	175	185923086701300	OPEN	[8179:EVENT:ON_ATTACKABLE_KILL:SUBMITTED:epoch=185923086701300:reserve=186116536088800:submit=186116536097600:start=0:end=0:delayMs=2500:future=done=false,cancelled=false,dueMs=2480]	7085:EVENT:ON_ATTACKABLE_KILL:COMPLETED:epoch=185923086701300:reserve=186089836960500:submit=186089836967200:start=186092338514600:end=186092338585900:delayMs=2500:future=done=false,cancelled=false,dueMs=-1
186116555944200	b45db7ebb591e0c2680469e42649acd872a44c75	275	185923122046900	OPEN	[8820:EVENT:ON_ATTACKABLE_KILL:SUBMITTED:epoch=185923122046900:reserve=186115635980700:submit=186115635989700:start=0:end=0:delayMs=2500:future=done=false,cancelled=false,dueMs=1579]	8591:EVENT:ON_ATTACKABLE_KILL:COMPLETED:epoch=185923122046900:reserve=186110788156700:submit=186110788162600:start=186113288926100:end=186113288968300:delayMs=2500:future=done=false,cancelled=false,dueMs=0
186117568094800	b45db7ebb591e0c2680469e42649acd872a44c75	175	185923086701300	OPEN	[8179:EVENT:ON_ATTACKABLE_KILL:SUBMITTED:epoch=185923086701300:reserve=186116536088800:submit=186116536097600:start=0:end=0:delayMs=2500:future=done=false,cancelled=false,dueMs=1467]	7085:EVENT:ON_ATTACKABLE_KILL:COMPLETED:epoch=185923086701300:reserve=186089836960500:submit=186089836967200:start=186092338514600:end=186092338585900:delayMs=2500:future=done=false,cancelled=false,dueMs=-1
186117568094800	b45db7ebb591e0c2680469e42649acd872a44c75	275	185923122046900	OPEN	[8820:EVENT:ON_ATTACKABLE_KILL:SUBMITTED:epoch=185923122046900:reserve=186115635980700:submit=186115635989700:start=0:end=0:delayMs=2500:future=done=false,cancelled=false,dueMs=567]	8591:EVENT:ON_ATTACKABLE_KILL:COMPLETED:epoch=185923122046900:reserve=186110788156700:submit=186110788162600:start=186113288926100:end=186113288968300:delayMs=2500:future=done=false,cancelled=false,dueMs=0
186118577064200	b45db7ebb591e0c2680469e42649acd872a44c75	175	185923086701300	OPEN	[8179:EVENT:ON_ATTACKABLE_KILL:SUBMITTED:epoch=185923086701300:reserve=186116536088800:submit=186116536097600:start=0:end=0:delayMs=2500:future=done=false,cancelled=false,dueMs=458]	7085:EVENT:ON_ATTACKABLE_KILL:COMPLETED:epoch=185923086701300:reserve=186089836960500:submit=186089836967200:start=186092338514600:end=186092338585900:delayMs=2500:future=done=false,cancelled=false,dueMs=-1
186118577064200	b45db7ebb591e0c2680469e42649acd872a44c75	275	185923122046900	OPEN	[]	8820:EVENT:ON_ATTACKABLE_KILL:COMPLETED:epoch=185923122046900:reserve=186115635980700:submit=186115635989700:start=186118136034600:end=186118136073800:delayMs=2500:future=done=false,cancelled=false,dueMs=0
186119584692200	b45db7ebb591e0c2680469e42649acd872a44c75	175	185923086701300	OPEN	[]	8179:EVENT:ON_ATTACKABLE_KILL:COMPLETED:epoch=185923086701300:reserve=186116536088800:submit=186116536097600:start=186119037070400:end=186119037102000:delayMs=2500:future=done=false,cancelled=false,dueMs=-1
186121602318500	b45db7ebb591e0c2680469e42649acd872a44c75	278	185923139947600	OPEN	[8853:EVENT:ON_ATTACKABLE_KILL:SUBMITTED:epoch=185923139947600:reserve=186121337746300:submit=186121337753900:start=0:end=0:delayMs=2500:future=done=false,cancelled=false,dueMs=2235]	7310:EVENT:ON_ATTACKABLE_KILL:COMPLETED:epoch=185923139947600:reserve=186085036587300:submit=186085036594500:start=186087537589300:end=186087537625100:delayMs=2500:future=done=false,cancelled=false,dueMs=-1
186122613425700	b45db7ebb591e0c2680469e42649acd872a44c75	278	185923139947600	OPEN	[8853:EVENT:ON_ATTACKABLE_KILL:SUBMITTED:epoch=185923139947600:reserve=186121337746300:submit=186121337753900:start=0:end=0:delayMs=2500:future=done=false,cancelled=false,dueMs=1224]	7310:EVENT:ON_ATTACKABLE_KILL:COMPLETED:epoch=185923139947600:reserve=186085036587300:submit=186085036594500:start=186087537589300:end=186087537625100:delayMs=2500:future=done=false,cancelled=false,dueMs=-1
186123623481700	b45db7ebb591e0c2680469e42649acd872a44c75	278	185923139947600	OPEN	[8853:EVENT:ON_ATTACKABLE_KILL:SUBMITTED:epoch=185923139947600:reserve=186121337746300:submit=186121337753900:start=0:end=0:delayMs=2500:future=done=false,cancelled=false,dueMs=214]	7310:EVENT:ON_ATTACKABLE_KILL:COMPLETED:epoch=185923139947600:reserve=186085036587300:submit=186085036594500:start=186087537589300:end=186087537625100:delayMs=2500:future=done=false,cancelled=false,dueMs=-1
186124633129600	b45db7ebb591e0c2680469e42649acd872a44c75	278	185923139947600	OPEN	[]	8853:EVENT:ON_ATTACKABLE_KILL:COMPLETED:epoch=185923139947600:reserve=186121337746300:submit=186121337753900:start=186123839591800:end=186123839640500:delayMs=2500:future=done=false,cancelled=false,dueMs=-1
186129673963100	b45db7ebb591e0c2680469e42649acd872a44c75	260	185923105225000	OPEN	[9385:EVENT:ON_ATTACKABLE_KILL:SUBMITTED:epoch=185923105225000:reserve=186129043317800:submit=186129043324000:start=0:end=0:delayMs=2500:future=done=false,cancelled=false,dueMs=1869]	9383:EVENT:ON_PLAYER_LEVEL_CHANGED:COMPLETED:epoch=185923105225000:reserve=186129042832600:submit=186129042852200:start=186129042861100:end=186129042949900:delayMs=0:future=NONE
186130682194000	b45db7ebb591e0c2680469e42649acd872a44c75	260	185923105225000	OPEN	[9385:EVENT:ON_ATTACKABLE_KILL:SUBMITTED:epoch=185923105225000:reserve=186129043317800:submit=186129043324000:start=0:end=0:delayMs=2500:future=done=false,cancelled=false,dueMs=861]	9383:EVENT:ON_PLAYER_LEVEL_CHANGED:COMPLETED:epoch=185923105225000:reserve=186129042832600:submit=186129042852200:start=186129042861100:end=186129042949900:delayMs=0:future=NONE
186131693220300	b45db7ebb591e0c2680469e42649acd872a44c75	260	185923105225000	OPEN	[]	9385:EVENT:ON_ATTACKABLE_KILL:COMPLETED:epoch=185923105225000:reserve=186129043317800:submit=186129043324000:start=186131544282800:end=186131544338400:delayMs=2500:future=done=false,cancelled=false,dueMs=-1
186141791278300	b45db7ebb591e0c2680469e42649acd872a44c75	260	185923105225000	OPEN	[9905:EVENT:ON_ATTACKABLE_KILL:SUBMITTED:epoch=185923105225000:reserve=186141542060200:submit=186141542076800:start=0:end=0:delayMs=2500:future=done=false,cancelled=false,dueMs=2250]	9385:EVENT:ON_ATTACKABLE_KILL:COMPLETED:epoch=185923105225000:reserve=186129043317800:submit=186129043324000:start=186131544282800:end=186131544338400:delayMs=2500:future=done=false,cancelled=false,dueMs=-1
186142801278200	b45db7ebb591e0c2680469e42649acd872a44c75	260	185923105225000	OPEN	[9905:EVENT:ON_ATTACKABLE_KILL:SUBMITTED:epoch=185923105225000:reserve=186141542060200:submit=186141542076800:start=0:end=0:delayMs=2500:future=done=false,cancelled=false,dueMs=1240]	9385:EVENT:ON_ATTACKABLE_KILL:COMPLETED:epoch=185923105225000:reserve=186129043317800:submit=186129043324000:start=186131544282800:end=186131544338400:delayMs=2500:future=done=false,cancelled=false,dueMs=-1
186143813294000	b45db7ebb591e0c2680469e42649acd872a44c75	260	185923105225000	OPEN	[9905:EVENT:ON_ATTACKABLE_KILL:SUBMITTED:epoch=185923105225000:reserve=186141542060200:submit=186141542076800:start=0:end=0:delayMs=2500:future=done=false,cancelled=false,dueMs=228]	9385:EVENT:ON_ATTACKABLE_KILL:COMPLETED:epoch=185923105225000:reserve=186129043317800:submit=186129043324000:start=186131544282800:end=186131544338400:delayMs=2500:future=done=false,cancelled=false,dueMs=-1
186144821272600	b45db7ebb591e0c2680469e42649acd872a44c75	260	185923105225000	OPEN	[]	9905:EVENT:ON_ATTACKABLE_KILL:COMPLETED:epoch=185923105225000:reserve=186141542060200:submit=186141542076800:start=186144042329000:end=186144042392500:delayMs=2500:future=done=false,cancelled=false,dueMs=0
186146836333500	b45db7ebb591e0c2680469e42649acd872a44c75	260	185923105225000	OPEN	[10119:EVENT:ON_ATTACKABLE_KILL:SUBMITTED:epoch=185923105225000:reserve=186146338680100:submit=186146338687800:start=0:end=0:delayMs=2500:future=done=false,cancelled=false,dueMs=2002]	9905:EVENT:ON_ATTACKABLE_KILL:COMPLETED:epoch=185923105225000:reserve=186141542060200:submit=186141542076800:start=186144042329000:end=186144042392500:delayMs=2500:future=done=false,cancelled=false,dueMs=0
186147846278900	b45db7ebb591e0c2680469e42649acd872a44c75	260	185923105225000	OPEN	[10119:EVENT:ON_ATTACKABLE_KILL:SUBMITTED:epoch=185923105225000:reserve=186146338680100:submit=186146338687800:start=0:end=0:delayMs=2500:future=done=false,cancelled=false,dueMs=992]	9905:EVENT:ON_ATTACKABLE_KILL:COMPLETED:epoch=185923105225000:reserve=186141542060200:submit=186141542076800:start=186144042329000:end=186144042392500:delayMs=2500:future=done=false,cancelled=false,dueMs=0
186148855283300	b45db7ebb591e0c2680469e42649acd872a44c75	260	185923105225000	OPEN	[]	10119:EVENT:ON_ATTACKABLE_KILL:COMPLETED:epoch=185923105225000:reserve=186146338680100:submit=186146338687800:start=186148839316600:end=186148839347300:delayMs=2500:future=done=false,cancelled=false,dueMs=0
186148855283300	b45db7ebb591e0c2680469e42649acd872a44c75	278	185923139947600	OPEN	[9954:EVENT:ON_ATTACKABLE_KILL:SUBMITTED:epoch=185923139947600:reserve=186148037598000:submit=186148037611800:start=0:end=0:delayMs=2500:future=done=false,cancelled=false,dueMs=1682]	8853:EVENT:ON_ATTACKABLE_KILL:COMPLETED:epoch=185923139947600:reserve=186121337746300:submit=186121337753900:start=186123839591800:end=186123839640500:delayMs=2500:future=done=false,cancelled=false,dueMs=-1
186149865264300	b45db7ebb591e0c2680469e42649acd872a44c75	278	185923139947600	OPEN	[9954:EVENT:ON_ATTACKABLE_KILL:SUBMITTED:epoch=185923139947600:reserve=186148037598000:submit=186148037611800:start=0:end=0:delayMs=2500:future=done=false,cancelled=false,dueMs=672]	8853:EVENT:ON_ATTACKABLE_KILL:COMPLETED:epoch=185923139947600:reserve=186121337746300:submit=186121337753900:start=186123839591800:end=186123839640500:delayMs=2500:future=done=false,cancelled=false,dueMs=-1
186150874317700	b45db7ebb591e0c2680469e42649acd872a44c75	278	185923139947600	OPEN	[]	9954:EVENT:ON_ATTACKABLE_KILL:COMPLETED:epoch=185923139947600:reserve=186148037598000:submit=186148037611800:start=186150538267900:end=186150538301700:delayMs=2500:future=done=false,cancelled=false,dueMs=0
186152895621400	b45db7ebb591e0c2680469e42649acd872a44c75	278	185923139947600	OPEN	[10168:EVENT:ON_ATTACKABLE_KILL:SUBMITTED:epoch=185923139947600:reserve=186152837327300:submit=186152837332100:start=0:end=0:delayMs=2500:future=done=false,cancelled=false,dueMs=2441]	10166:EVENT:ON_PLAYER_LEVEL_CHANGED:COMPLETED:epoch=185923139947600:reserve=186152836634200:submit=186152836652900:start=186152836688600:end=186152836781200:delayMs=0:future=NONE
186153903627000	b45db7ebb591e0c2680469e42649acd872a44c75	278	185923139947600	OPEN	[10168:EVENT:ON_ATTACKABLE_KILL:SUBMITTED:epoch=185923139947600:reserve=186152837327300:submit=186152837332100:start=0:end=0:delayMs=2500:future=done=false,cancelled=false,dueMs=1433]	10166:EVENT:ON_PLAYER_LEVEL_CHANGED:COMPLETED:epoch=185923139947600:reserve=186152836634200:submit=186152836652900:start=186152836688600:end=186152836781200:delayMs=0:future=NONE
186154914863600	b45db7ebb591e0c2680469e42649acd872a44c75	278	185923139947600	OPEN	[10168:EVENT:ON_ATTACKABLE_KILL:SUBMITTED:epoch=185923139947600:reserve=186152837327300:submit=186152837332100:start=0:end=0:delayMs=2500:future=done=false,cancelled=false,dueMs=422]	10166:EVENT:ON_PLAYER_LEVEL_CHANGED:COMPLETED:epoch=185923139947600:reserve=186152836634200:submit=186152836652900:start=186152836688600:end=186152836781200:delayMs=0:future=NONE
186155922912400	b45db7ebb591e0c2680469e42649acd872a44c75	278	185923139947600	OPEN	[]	10168:EVENT:ON_ATTACKABLE_KILL:COMPLETED:epoch=185923139947600:reserve=186152837327300:submit=186152837332100:start=186155337860100:end=186155337903900:delayMs=2500:future=done=false,cancelled=false,dueMs=0
186178138252100	b45db7ebb591e0c2680469e42649acd872a44c75	260	185923105225000	OPEN	[11750:EVENT:ON_ATTACKABLE_KILL:SUBMITTED:epoch=185923105225000:reserve=186177239598700:submit=186177239605600:start=0:end=0:delayMs=2500:future=done=false,cancelled=false,dueMs=1601]	10119:EVENT:ON_ATTACKABLE_KILL:COMPLETED:epoch=185923105225000:reserve=186146338680100:submit=186146338687800:start=186148839316600:end=186148839347300:delayMs=2500:future=done=false,cancelled=false,dueMs=0
186179148213300	b45db7ebb591e0c2680469e42649acd872a44c75	260	185923105225000	OPEN	[11750:EVENT:ON_ATTACKABLE_KILL:SUBMITTED:epoch=185923105225000:reserve=186177239598700:submit=186177239605600:start=0:end=0:delayMs=2500:future=done=false,cancelled=false,dueMs=591]	10119:EVENT:ON_ATTACKABLE_KILL:COMPLETED:epoch=185923105225000:reserve=186146338680100:submit=186146338687800:start=186148839316600:end=186148839347300:delayMs=2500:future=done=false,cancelled=false,dueMs=0
186180160239900	b45db7ebb591e0c2680469e42649acd872a44c75	175	185923086701300	OPEN	[10808:EVENT:ON_ATTACKABLE_KILL:SUBMITTED:epoch=185923086701300:reserve=186179537163600:submit=186179537168700:start=0:end=0:delayMs=2500:future=done=false,cancelled=false,dueMs=1876]	8179:EVENT:ON_ATTACKABLE_KILL:COMPLETED:epoch=185923086701300:reserve=186116536088800:submit=186116536097600:start=186119037070400:end=186119037102000:delayMs=2500:future=done=false,cancelled=false,dueMs=-1
186180160239900	b45db7ebb591e0c2680469e42649acd872a44c75	260	185923105225000	OPEN	[]	11750:EVENT:ON_ATTACKABLE_KILL:COMPLETED:epoch=185923105225000:reserve=186177239598700:submit=186177239605600:start=186179740329700:end=186179740412900:delayMs=2500:future=done=false,cancelled=false,dueMs=0
186181168238700	b45db7ebb591e0c2680469e42649acd872a44c75	175	185923086701300	OPEN	[10808:EVENT:ON_ATTACKABLE_KILL:SUBMITTED:epoch=185923086701300:reserve=186179537163600:submit=186179537168700:start=0:end=0:delayMs=2500:future=done=false,cancelled=false,dueMs=868]	8179:EVENT:ON_ATTACKABLE_KILL:COMPLETED:epoch=185923086701300:reserve=186116536088800:submit=186116536097600:start=186119037070400:end=186119037102000:delayMs=2500:future=done=false,cancelled=false,dueMs=-1
186181168238700	b45db7ebb591e0c2680469e42649acd872a44c75	260	185923105225000	OPEN	[11923:EVENT:ON_ATTACKABLE_KILL:SUBMITTED:epoch=185923105225000:reserve=186180839015700:submit=186180839025100:start=0:end=0:delayMs=2500:future=done=false,cancelled=false,dueMs=2170]	11750:EVENT:ON_ATTACKABLE_KILL:COMPLETED:epoch=185923105225000:reserve=186177239598700:submit=186177239605600:start=186179740329700:end=186179740412900:delayMs=2500:future=done=false,cancelled=false,dueMs=0
186182179286900	b45db7ebb591e0c2680469e42649acd872a44c75	175	185923086701300	OPEN	[]	10808:EVENT:ON_ATTACKABLE_KILL:COMPLETED:epoch=185923086701300:reserve=186179537163600:submit=186179537168700:start=186182037218600:end=186182037248800:delayMs=2500:future=done=false,cancelled=false,dueMs=0
186182179286900	b45db7ebb591e0c2680469e42649acd872a44c75	260	185923105225000	OPEN	[11923:EVENT:ON_ATTACKABLE_KILL:SUBMITTED:epoch=185923105225000:reserve=186180839015700:submit=186180839025100:start=0:end=0:delayMs=2500:future=done=false,cancelled=false,dueMs=1159]	11750:EVENT:ON_ATTACKABLE_KILL:COMPLETED:epoch=185923105225000:reserve=186177239598700:submit=186177239605600:start=186179740329700:end=186179740412900:delayMs=2500:future=done=false,cancelled=false,dueMs=0
186183188308100	b45db7ebb591e0c2680469e42649acd872a44c75	260	185923105225000	OPEN	[11923:EVENT:ON_ATTACKABLE_KILL:SUBMITTED:epoch=185923105225000:reserve=186180839015700:submit=186180839025100:start=0:end=0:delayMs=2500:future=done=false,cancelled=false,dueMs=150]	11750:EVENT:ON_ATTACKABLE_KILL:COMPLETED:epoch=185923105225000:reserve=186177239598700:submit=186177239605600:start=186179740329700:end=186179740412900:delayMs=2500:future=done=false,cancelled=false,dueMs=0
186184196325100	b45db7ebb591e0c2680469e42649acd872a44c75	260	185923105225000	OPEN	[]	11923:EVENT:ON_ATTACKABLE_KILL:COMPLETED:epoch=185923105225000:reserve=186180839015700:submit=186180839025100:start=186183339294700:end=186183339324700:delayMs=2500:future=done=false,cancelled=false,dueMs=0
186185205459000	b45db7ebb591e0c2680469e42649acd872a44c75	110	185923058766200	OPEN	[11271:EVENT:ON_ATTACKABLE_KILL:SUBMITTED:epoch=185923058766200:reserve=186184901396700:submit=186184901402000:start=0:end=0:delayMs=2500:future=done=false,cancelled=false,dueMs=2195]	2968:EVENT:ON_ATTACKABLE_KILL:COMPLETED:epoch=185923058766200:reserve=185990535939700:submit=185990535952900:start=185993036676800:end=185993036743600:delayMs=2500:future=done=false,cancelled=false,dueMs=0
186185205459000	b45db7ebb591e0c2680469e42649acd872a44c75	278	185923139947600	OPEN	[11502:EVENT:ON_ATTACKABLE_KILL:SUBMITTED:epoch=185923139947600:reserve=186184337993700:submit=186184338000000:start=0:end=0:delayMs=2500:future=done=false,cancelled=false,dueMs=1632]	10168:EVENT:ON_ATTACKABLE_KILL:COMPLETED:epoch=185923139947600:reserve=186152837327300:submit=186152837332100:start=186155337860100:end=186155337903900:delayMs=2500:future=done=false,cancelled=false,dueMs=0
186186211451800	b45db7ebb591e0c2680469e42649acd872a44c75	110	185923058766200	OPEN	[11271:EVENT:ON_ATTACKABLE_KILL:SUBMITTED:epoch=185923058766200:reserve=186184901396700:submit=186184901402000:start=0:end=0:delayMs=2500:future=done=false,cancelled=false,dueMs=1189]	2968:EVENT:ON_ATTACKABLE_KILL:COMPLETED:epoch=185923058766200:reserve=185990535939700:submit=185990535952900:start=185993036676800:end=185993036743600:delayMs=2500:future=done=false,cancelled=false,dueMs=0
186186211451800	b45db7ebb591e0c2680469e42649acd872a44c75	260	185923105225000	OPEN	[12162:EVENT:ON_ATTACKABLE_KILL:SUBMITTED:epoch=185923105225000:reserve=186185638217400:submit=186185638223100:start=0:end=0:delayMs=2500:future=done=false,cancelled=false,dueMs=1926]	11923:EVENT:ON_ATTACKABLE_KILL:COMPLETED:epoch=185923105225000:reserve=186180839015700:submit=186180839025100:start=186183339294700:end=186183339324700:delayMs=2500:future=done=false,cancelled=false,dueMs=0
186186211451800	b45db7ebb591e0c2680469e42649acd872a44c75	278	185923139947600	OPEN	[11502:EVENT:ON_ATTACKABLE_KILL:SUBMITTED:epoch=185923139947600:reserve=186184337993700:submit=186184338000000:start=0:end=0:delayMs=2500:future=done=false,cancelled=false,dueMs=625]	10168:EVENT:ON_ATTACKABLE_KILL:COMPLETED:epoch=185923139947600:reserve=186152837327300:submit=186152837332100:start=186155337860100:end=186155337903900:delayMs=2500:future=done=false,cancelled=false,dueMs=0
186187218768000	b45db7ebb591e0c2680469e42649acd872a44c75	110	185923058766200	OPEN	[11271:EVENT:ON_ATTACKABLE_KILL:SUBMITTED:epoch=185923058766200:reserve=186184901396700:submit=186184901402000:start=0:end=0:delayMs=2500:future=done=false,cancelled=false,dueMs=182]	2968:EVENT:ON_ATTACKABLE_KILL:COMPLETED:epoch=185923058766200:reserve=185990535939700:submit=185990535952900:start=185993036676800:end=185993036743600:delayMs=2500:future=done=false,cancelled=false,dueMs=0
186187218768000	b45db7ebb591e0c2680469e42649acd872a44c75	260	185923105225000	OPEN	[12162:EVENT:ON_ATTACKABLE_KILL:SUBMITTED:epoch=185923105225000:reserve=186185638217400:submit=186185638223100:start=0:end=0:delayMs=2500:future=done=false,cancelled=false,dueMs=918]	11923:EVENT:ON_ATTACKABLE_KILL:COMPLETED:epoch=185923105225000:reserve=186180839015700:submit=186180839025100:start=186183339294700:end=186183339324700:delayMs=2500:future=done=false,cancelled=false,dueMs=0
186187218768000	b45db7ebb591e0c2680469e42649acd872a44c75	278	185923139947600	OPEN	[]	11502:EVENT:ON_ATTACKABLE_KILL:COMPLETED:epoch=185923139947600:reserve=186184337993700:submit=186184338000000:start=186186839664800:end=186186839732200:delayMs=2500:future=done=false,cancelled=false,dueMs=-1
186188226918900	b45db7ebb591e0c2680469e42649acd872a44c75	110	185923058766200	OPEN	[]	11271:EVENT:ON_ATTACKABLE_KILL:COMPLETED:epoch=185923058766200:reserve=186184901396700:submit=186184901402000:start=186187402827500:end=186187402856600:delayMs=2500:future=done=false,cancelled=false,dueMs=-1
186188226918900	b45db7ebb591e0c2680469e42649acd872a44c75	260	185923105225000	OPEN	[]	12162:EVENT:ON_ATTACKABLE_KILL:COMPLETED:epoch=185923105225000:reserve=186185638217400:submit=186185638223100:start=186188138829800:end=186188138880600:delayMs=2500:future=done=false,cancelled=false,dueMs=0
186191251162200	b45db7ebb591e0c2680469e42649acd872a44c75	260	185923105225000	OPEN	[12388:EVENT:ON_ATTACKABLE_KILL:SUBMITTED:epoch=185923105225000:reserve=186190438970800:submit=186190438986600:start=0:end=0:delayMs=2500:future=done=false,cancelled=false,dueMs=1687]	12162:EVENT:ON_ATTACKABLE_KILL:COMPLETED:epoch=185923105225000:reserve=186185638217400:submit=186185638223100:start=186188138829800:end=186188138880600:delayMs=2500:future=done=false,cancelled=false,dueMs=0
186192260187700	b45db7ebb591e0c2680469e42649acd872a44c75	110	185923058766200	OPEN	[11638:EVENT:ON_ATTACKABLE_KILL:SUBMITTED:epoch=185923058766200:reserve=186191836998300:submit=186191837007500:start=0:end=0:delayMs=2500:future=done=false,cancelled=false,dueMs=2076]	11271:EVENT:ON_ATTACKABLE_KILL:COMPLETED:epoch=185923058766200:reserve=186184901396700:submit=186184901402000:start=186187402827500:end=186187402856600:delayMs=2500:future=done=false,cancelled=false,dueMs=-1
186192260187700	b45db7ebb591e0c2680469e42649acd872a44c75	260	185923105225000	OPEN	[12388:EVENT:ON_ATTACKABLE_KILL:SUBMITTED:epoch=185923105225000:reserve=186190438970800:submit=186190438986600:start=0:end=0:delayMs=2500:future=done=false,cancelled=false,dueMs=678]	12162:EVENT:ON_ATTACKABLE_KILL:COMPLETED:epoch=185923105225000:reserve=186185638217400:submit=186185638223100:start=186188138829800:end=186188138880600:delayMs=2500:future=done=false,cancelled=false,dueMs=0
186193272101300	b45db7ebb591e0c2680469e42649acd872a44c75	110	185923058766200	OPEN	[11638:EVENT:ON_ATTACKABLE_KILL:SUBMITTED:epoch=185923058766200:reserve=186191836998300:submit=186191837007500:start=0:end=0:delayMs=2500:future=done=false,cancelled=false,dueMs=1064]	11271:EVENT:ON_ATTACKABLE_KILL:COMPLETED:epoch=185923058766200:reserve=186184901396700:submit=186184901402000:start=186187402827500:end=186187402856600:delayMs=2500:future=done=false,cancelled=false,dueMs=-1
186193272101300	b45db7ebb591e0c2680469e42649acd872a44c75	260	185923105225000	OPEN	[]	12388:EVENT:ON_ATTACKABLE_KILL:COMPLETED:epoch=185923105225000:reserve=186190438970800:submit=186190438986600:start=186192939176000:end=186192939212300:delayMs=2500:future=done=false,cancelled=false,dueMs=0
186194282201200	b45db7ebb591e0c2680469e42649acd872a44c75	110	185923058766200	OPEN	[11638:EVENT:ON_ATTACKABLE_KILL:SUBMITTED:epoch=185923058766200:reserve=186191836998300:submit=186191837007500:start=0:end=0:delayMs=2500:future=done=false,cancelled=false,dueMs=54]	11271:EVENT:ON_ATTACKABLE_KILL:COMPLETED:epoch=185923058766200:reserve=186184901396700:submit=186184901402000:start=186187402827500:end=186187402856600:delayMs=2500:future=done=false,cancelled=false,dueMs=-1
186195291809800	b45db7ebb591e0c2680469e42649acd872a44c75	110	185923058766200	OPEN	[]	11638:EVENT:ON_ATTACKABLE_KILL:COMPLETED:epoch=185923058766200:reserve=186191836998300:submit=186191837007500:start=186194337136300:end=186194337172700:delayMs=2500:future=done=false,cancelled=false,dueMs=0
186195291809800	b45db7ebb591e0c2680469e42649acd872a44c75	260	185923105225000	OPEN	[12598:EVENT:ON_ATTACKABLE_KILL:SUBMITTED:epoch=185923105225000:reserve=186194638950000:submit=186194638955900:start=0:end=0:delayMs=2500:future=done=false,cancelled=false,dueMs=1846]	12388:EVENT:ON_ATTACKABLE_KILL:COMPLETED:epoch=185923105225000:reserve=186190438970800:submit=186190438986600:start=186192939176000:end=186192939212300:delayMs=2500:future=done=false,cancelled=false,dueMs=0
186196303835800	b45db7ebb591e0c2680469e42649acd872a44c75	260	185923105225000	OPEN	[12598:EVENT:ON_ATTACKABLE_KILL:SUBMITTED:epoch=185923105225000:reserve=186194638950000:submit=186194638955900:start=0:end=0:delayMs=2500:future=done=false,cancelled=false,dueMs=835]	12388:EVENT:ON_ATTACKABLE_KILL:COMPLETED:epoch=185923105225000:reserve=186190438970800:submit=186190438986600:start=186192939176000:end=186192939212300:delayMs=2500:future=done=false,cancelled=false,dueMs=0
186197312455400	b45db7ebb591e0c2680469e42649acd872a44c75	260	185923105225000	OPEN	[]	12598:EVENT:ON_ATTACKABLE_KILL:COMPLETED:epoch=185923105225000:reserve=186194638950000:submit=186194638955900:start=186197139872100:end=186197139921600:delayMs=2500:future=done=false,cancelled=false,dueMs=0
186198326464400	b45db7ebb591e0c2680469e42649acd872a44c75	260	185923105225000	OPEN	[12736:EVENT:ON_ATTACKABLE_KILL:SUBMITTED:epoch=185923105225000:reserve=186197640817900:submit=186197640828900:start=0:end=0:delayMs=2500:future=done=false,cancelled=false,dueMs=1814]	12598:EVENT:ON_ATTACKABLE_KILL:COMPLETED:epoch=185923105225000:reserve=186194638950000:submit=186194638955900:start=186197139872100:end=186197139921600:delayMs=2500:future=done=false,cancelled=false,dueMs=0
186199340480600	b45db7ebb591e0c2680469e42649acd872a44c75	260	185923105225000	OPEN	[12736:EVENT:ON_ATTACKABLE_KILL:SUBMITTED:epoch=185923105225000:reserve=186197640817900:submit=186197640828900:start=0:end=0:delayMs=2500:future=done=false,cancelled=false,dueMs=800]	12598:EVENT:ON_ATTACKABLE_KILL:COMPLETED:epoch=185923105225000:reserve=186194638950000:submit=186194638955900:start=186197139872100:end=186197139921600:delayMs=2500:future=done=false,cancelled=false,dueMs=0
186200349362800	b45db7ebb591e0c2680469e42649acd872a44c75	110	185923058766200	OPEN	[11997:EVENT:ON_ATTACKABLE_KILL:SUBMITTED:epoch=185923058766200:reserve=186199935507500:submit=186199935512000:start=0:end=0:delayMs=2500:future=done=false,cancelled=false,dueMs=2086]	11995:EVENT:ON_PLAYER_LEVEL_CHANGED:COMPLETED:epoch=185923058766200:reserve=186199935211400:submit=186199935232600:start=186199935243500:end=186199935292700:delayMs=0:future=NONE
186200349362800	b45db7ebb591e0c2680469e42649acd872a44c75	260	185923105225000	OPEN	[]	12736:EVENT:ON_ATTACKABLE_KILL:COMPLETED:epoch=185923105225000:reserve=186197640817900:submit=186197640828900:start=186200141402200:end=186200141426700:delayMs=2500:future=done=false,cancelled=false,dueMs=0
186201358408800	b45db7ebb591e0c2680469e42649acd872a44c75	110	185923058766200	OPEN	[11997:EVENT:ON_ATTACKABLE_KILL:SUBMITTED:epoch=185923058766200:reserve=186199935507500:submit=186199935512000:start=0:end=0:delayMs=2500:future=done=false,cancelled=false,dueMs=1077]	11995:EVENT:ON_PLAYER_LEVEL_CHANGED:COMPLETED:epoch=185923058766200:reserve=186199935211400:submit=186199935232600:start=186199935243500:end=186199935292700:delayMs=0:future=NONE
186201358408800	b45db7ebb591e0c2680469e42649acd872a44c75	275	185923122046900	OPEN	[12752:EVENT:ON_ATTACKABLE_KILL:SUBMITTED:epoch=185923122046900:reserve=186200535258600:submit=186200535263700:start=0:end=0:delayMs=2500:future=done=false,cancelled=false,dueMs=1676]	8820:EVENT:ON_ATTACKABLE_KILL:COMPLETED:epoch=185923122046900:reserve=186115635980700:submit=186115635989700:start=186118136034600:end=186118136073800:delayMs=2500:future=done=false,cancelled=false,dueMs=0
186202368626400	b45db7ebb591e0c2680469e42649acd872a44c75	110	185923058766200	OPEN	[11997:EVENT:ON_ATTACKABLE_KILL:SUBMITTED:epoch=185923058766200:reserve=186199935507500:submit=186199935512000:start=0:end=0:delayMs=2500:future=done=false,cancelled=false,dueMs=66]	11995:EVENT:ON_PLAYER_LEVEL_CHANGED:COMPLETED:epoch=185923058766200:reserve=186199935211400:submit=186199935232600:start=186199935243500:end=186199935292700:delayMs=0:future=NONE
186202368626400	b45db7ebb591e0c2680469e42649acd872a44c75	275	185923122046900	OPEN	[12752:EVENT:ON_ATTACKABLE_KILL:SUBMITTED:epoch=185923122046900:reserve=186200535258600:submit=186200535263700:start=0:end=0:delayMs=2500:future=done=false,cancelled=false,dueMs=666]	8820:EVENT:ON_ATTACKABLE_KILL:COMPLETED:epoch=185923122046900:reserve=186115635980700:submit=186115635989700:start=186118136034600:end=186118136073800:delayMs=2500:future=done=false,cancelled=false,dueMs=0
186203378631000	b45db7ebb591e0c2680469e42649acd872a44c75	110	185923058766200	OPEN	[]	11997:EVENT:ON_ATTACKABLE_KILL:COMPLETED:epoch=185923058766200:reserve=186199935507500:submit=186199935512000:start=186202435696800:end=186202435739000:delayMs=2500:future=done=false,cancelled=false,dueMs=0
186203378631000	b45db7ebb591e0c2680469e42649acd872a44c75	275	185923122046900	OPEN	[]	12752:EVENT:ON_ATTACKABLE_KILL:COMPLETED:epoch=185923122046900:reserve=186200535258600:submit=186200535263700:start=186203036694000:end=186203036729000:delayMs=2500:future=done=false,cancelled=false,dueMs=-1
186203378631000	b45db7ebb591e0c2680469e42649acd872a44c75	260	185923105225000	OPEN	[12983:EVENT:ON_ATTACKABLE_KILL:SUBMITTED:epoch=185923105225000:reserve=186203037970100:submit=186203037976400:start=0:end=0:delayMs=2500:future=done=false,cancelled=false,dueMs=2158]	12736:EVENT:ON_ATTACKABLE_KILL:COMPLETED:epoch=185923105225000:reserve=186197640817900:submit=186197640828900:start=186200141402200:end=186200141426700:delayMs=2500:future=done=false,cancelled=false,dueMs=0
186204386778000	b45db7ebb591e0c2680469e42649acd872a44c75	260	185923105225000	OPEN	[12983:EVENT:ON_ATTACKABLE_KILL:SUBMITTED:epoch=185923105225000:reserve=186203037970100:submit=186203037976400:start=0:end=0:delayMs=2500:future=done=false,cancelled=false,dueMs=1151]	12736:EVENT:ON_ATTACKABLE_KILL:COMPLETED:epoch=185923105225000:reserve=186197640817900:submit=186197640828900:start=186200141402200:end=186200141426700:delayMs=2500:future=done=false,cancelled=false,dueMs=0
186205393732200	b45db7ebb591e0c2680469e42649acd872a44c75	275	185923122046900	OPEN	[12927:EVENT:ON_ATTACKABLE_KILL:SUBMITTED:epoch=185923122046900:reserve=186204734602000:submit=186204734608000:start=0:end=0:delayMs=2500:future=done=false,cancelled=false,dueMs=1840]	12752:EVENT:ON_ATTACKABLE_KILL:COMPLETED:epoch=185923122046900:reserve=186200535258600:submit=186200535263700:start=186203036694000:end=186203036729000:delayMs=2500:future=done=false,cancelled=false,dueMs=-1
186205393732200	b45db7ebb591e0c2680469e42649acd872a44c75	260	185923105225000	OPEN	[12983:EVENT:ON_ATTACKABLE_KILL:SUBMITTED:epoch=185923105225000:reserve=186203037970100:submit=186203037976400:start=0:end=0:delayMs=2500:future=done=false,cancelled=false,dueMs=143]	12736:EVENT:ON_ATTACKABLE_KILL:COMPLETED:epoch=185923105225000:reserve=186197640817900:submit=186197640828900:start=186200141402200:end=186200141426700:delayMs=2500:future=done=false,cancelled=false,dueMs=0
186206403823700	b45db7ebb591e0c2680469e42649acd872a44c75	275	185923122046900	OPEN	[12927:EVENT:ON_ATTACKABLE_KILL:SUBMITTED:epoch=185923122046900:reserve=186204734602000:submit=186204734608000:start=0:end=0:delayMs=2500:future=done=false,cancelled=false,dueMs=830]	12752:EVENT:ON_ATTACKABLE_KILL:COMPLETED:epoch=185923122046900:reserve=186200535258600:submit=186200535263700:start=186203036694000:end=186203036729000:delayMs=2500:future=done=false,cancelled=false,dueMs=-1
186206403823700	b45db7ebb591e0c2680469e42649acd872a44c75	260	185923105225000	OPEN	[]	12983:EVENT:ON_ATTACKABLE_KILL:COMPLETED:epoch=185923105225000:reserve=186203037970100:submit=186203037976400:start=186205538827200:end=186205538862500:delayMs=2500:future=done=false,cancelled=false,dueMs=0
186207411734200	b45db7ebb591e0c2680469e42649acd872a44c75	275	185923122046900	OPEN	[]	12927:EVENT:ON_ATTACKABLE_KILL:COMPLETED:epoch=185923122046900:reserve=186204734602000:submit=186204734608000:start=186207234832800:end=186207234868700:delayMs=2500:future=done=false,cancelled=false,dueMs=0
186209431302400	b45db7ebb591e0c2680469e42649acd872a44c75	260	185923105225000	OPEN	[13288:EVENT:ON_ATTACKABLE_KILL:SUBMITTED:epoch=185923105225000:reserve=186208739739800:submit=186208739745800:start=0:end=0:delayMs=2500:future=done=false,cancelled=false,dueMs=1808]	12983:EVENT:ON_ATTACKABLE_KILL:COMPLETED:epoch=185923105225000:reserve=186203037970100:submit=186203037976400:start=186205538827200:end=186205538862500:delayMs=2500:future=done=false,cancelled=false,dueMs=0
186210441371400	b45db7ebb591e0c2680469e42649acd872a44c75	142	185923073320000	OPEN	[15299:EVENT:ON_ATTACKABLE_KILL:SUBMITTED:epoch=185923073320000:reserve=186209457189700:submit=186209457199100:start=0:end=0:delayMs=2500:future=done=false,cancelled=false,dueMs=1515]	5596:EVENT:ON_ATTACKABLE_KILL:COMPLETED:epoch=185923073320000:reserve=186023208208500:submit=186023208223700:start=186025709342600:end=186025709374300:delayMs=2500:future=done=false,cancelled=false,dueMs=-1
186210441371400	b45db7ebb591e0c2680469e42649acd872a44c75	260	185923105225000	OPEN	[13288:EVENT:ON_ATTACKABLE_KILL:SUBMITTED:epoch=185923105225000:reserve=186208739739800:submit=186208739745800:start=0:end=0:delayMs=2500:future=done=false,cancelled=false,dueMs=798]	12983:EVENT:ON_ATTACKABLE_KILL:COMPLETED:epoch=185923105225000:reserve=186203037970100:submit=186203037976400:start=186205538827200:end=186205538862500:delayMs=2500:future=done=false,cancelled=false,dueMs=0
186211452297500	b45db7ebb591e0c2680469e42649acd872a44c75	142	185923073320000	OPEN	[15299:EVENT:ON_ATTACKABLE_KILL:SUBMITTED:epoch=185923073320000:reserve=186209457189700:submit=186209457199100:start=0:end=0:delayMs=2500:future=done=false,cancelled=false,dueMs=504]	5596:EVENT:ON_ATTACKABLE_KILL:COMPLETED:epoch=185923073320000:reserve=186023208208500:submit=186023208223700:start=186025709342600:end=186025709374300:delayMs=2500:future=done=false,cancelled=false,dueMs=-1
186211452297500	b45db7ebb591e0c2680469e42649acd872a44c75	260	185923105225000	OPEN	[13410:EVENT:ON_ATTACKABLE_KILL:SUBMITTED:epoch=185923105225000:reserve=186211438204400:submit=186211438212000:start=0:end=0:delayMs=2500:future=done=false,cancelled=false,dueMs=2485]	13288:EVENT:ON_ATTACKABLE_KILL:COMPLETED:epoch=185923105225000:reserve=186208739739800:submit=186208739745800:start=186211241385800:end=186211241428900:delayMs=2500:future=done=false,cancelled=false,dueMs=-1
186212461287100	b45db7ebb591e0c2680469e42649acd872a44c75	142	185923073320000	OPEN	[]	15299:EVENT:ON_ATTACKABLE_KILL:COMPLETED:epoch=185923073320000:reserve=186209457189700:submit=186209457199100:start=186211957266000:end=186211957299300:delayMs=2500:future=done=false,cancelled=false,dueMs=0
186212461287100	b45db7ebb591e0c2680469e42649acd872a44c75	260	185923105225000	OPEN	[13410:EVENT:ON_ATTACKABLE_KILL:SUBMITTED:epoch=185923105225000:reserve=186211438204400:submit=186211438212000:start=0:end=0:delayMs=2500:future=done=false,cancelled=false,dueMs=1476]	13288:EVENT:ON_ATTACKABLE_KILL:COMPLETED:epoch=185923105225000:reserve=186208739739800:submit=186208739745800:start=186211241385800:end=186211241428900:delayMs=2500:future=done=false,cancelled=false,dueMs=-1
186213469623400	b45db7ebb591e0c2680469e42649acd872a44c75	260	185923105225000	OPEN	[13410:EVENT:ON_ATTACKABLE_KILL:SUBMITTED:epoch=185923105225000:reserve=186211438204400:submit=186211438212000:start=0:end=0:delayMs=2500:future=done=false,cancelled=false,dueMs=468]	13288:EVENT:ON_ATTACKABLE_KILL:COMPLETED:epoch=185923105225000:reserve=186208739739800:submit=186208739745800:start=186211241385800:end=186211241428900:delayMs=2500:future=done=false,cancelled=false,dueMs=-1
186214477764600	b45db7ebb591e0c2680469e42649acd872a44c75	260	185923105225000	OPEN	[]	13410:EVENT:ON_ATTACKABLE_KILL:COMPLETED:epoch=185923105225000:reserve=186211438204400:submit=186211438212000:start=186213938707600:end=186213938766500:delayMs=2500:future=done=false,cancelled=false,dueMs=0
186216491631800	b45db7ebb591e0c2680469e42649acd872a44c75	175	185923086701300	OPEN	[12250:EVENT:ON_ATTACKABLE_KILL:SUBMITTED:epoch=185923086701300:reserve=186215836430800:submit=186215836436000:start=0:end=0:delayMs=2500:future=done=false,cancelled=false,dueMs=1844]	10808:EVENT:ON_ATTACKABLE_KILL:COMPLETED:epoch=185923086701300:reserve=186179537163600:submit=186179537168700:start=186182037218600:end=186182037248800:delayMs=2500:future=done=false,cancelled=false,dueMs=0
186216491631800	b45db7ebb591e0c2680469e42649acd872a44c75	260	185923105225000	OPEN	[13632:EVENT:ON_ATTACKABLE_KILL:SUBMITTED:epoch=185923105225000:reserve=186215940183000:submit=186215940189100:start=0:end=0:delayMs=2500:future=done=false,cancelled=false,dueMs=1948]	13410:EVENT:ON_ATTACKABLE_KILL:COMPLETED:epoch=185923105225000:reserve=186211438204400:submit=186211438212000:start=186213938707600:end=186213938766500:delayMs=2500:future=done=false,cancelled=false,dueMs=0
186217499778100	b45db7ebb591e0c2680469e42649acd872a44c75	110	185923058766200	OPEN	[12675:EVENT:ON_ATTACKABLE_KILL:SUBMITTED:epoch=185923058766200:reserve=186216738452100:submit=186216738457700:start=0:end=0:delayMs=2500:future=done=false,cancelled=false,dueMs=1738]	11997:EVENT:ON_ATTACKABLE_KILL:COMPLETED:epoch=185923058766200:reserve=186199935507500:submit=186199935512000:start=186202435696800:end=186202435739000:delayMs=2500:future=done=false,cancelled=false,dueMs=0
186217499778100	b45db7ebb591e0c2680469e42649acd872a44c75	175	185923086701300	OPEN	[12250:EVENT:ON_ATTACKABLE_KILL:SUBMITTED:epoch=185923086701300:reserve=186215836430800:submit=186215836436000:start=0:end=0:delayMs=2500:future=done=false,cancelled=false,dueMs=836]	10808:EVENT:ON_ATTACKABLE_KILL:COMPLETED:epoch=185923086701300:reserve=186179537163600:submit=186179537168700:start=186182037218600:end=186182037248800:delayMs=2500:future=done=false,cancelled=false,dueMs=0
186217499778100	b45db7ebb591e0c2680469e42649acd872a44c75	260	185923105225000	OPEN	[13632:EVENT:ON_ATTACKABLE_KILL:SUBMITTED:epoch=185923105225000:reserve=186215940183000:submit=186215940189100:start=0:end=0:delayMs=2500:future=done=false,cancelled=false,dueMs=939]	13410:EVENT:ON_ATTACKABLE_KILL:COMPLETED:epoch=185923105225000:reserve=186211438204400:submit=186211438212000:start=186213938707600:end=186213938766500:delayMs=2500:future=done=false,cancelled=false,dueMs=0
186218509049400	b45db7ebb591e0c2680469e42649acd872a44c75	110	185923058766200	OPEN	[12675:EVENT:ON_ATTACKABLE_KILL:SUBMITTED:epoch=185923058766200:reserve=186216738452100:submit=186216738457700:start=0:end=0:delayMs=2500:future=done=false,cancelled=false,dueMs=729]	11997:EVENT:ON_ATTACKABLE_KILL:COMPLETED:epoch=185923058766200:reserve=186199935507500:submit=186199935512000:start=186202435696800:end=186202435739000:delayMs=2500:future=done=false,cancelled=false,dueMs=0
186218509049400	b45db7ebb591e0c2680469e42649acd872a44c75	175	185923086701300	OPEN	[]	12250:EVENT:ON_ATTACKABLE_KILL:COMPLETED:epoch=185923086701300:reserve=186215836430800:submit=186215836436000:start=186218337105900:end=186218337183500:delayMs=2500:future=done=false,cancelled=false,dueMs=0
186218509049400	b45db7ebb591e0c2680469e42649acd872a44c75	275	185923122046900	OPEN	[13502:EVENT:ON_ATTACKABLE_KILL:SUBMITTED:epoch=185923122046900:reserve=186217937451500:submit=186217937457800:start=0:end=0:delayMs=2500:future=done=false,cancelled=false,dueMs=1927]	12927:EVENT:ON_ATTACKABLE_KILL:COMPLETED:epoch=185923122046900:reserve=186204734602000:submit=186204734608000:start=186207234832800:end=186207234868700:delayMs=2500:future=done=false,cancelled=false,dueMs=0
186218509049400	b45db7ebb591e0c2680469e42649acd872a44c75	260	185923105225000	OPEN	[]	13632:EVENT:ON_ATTACKABLE_KILL:COMPLETED:epoch=185923105225000:reserve=186215940183000:submit=186215940189100:start=186218442050000:end=186218442083300:delayMs=2500:future=done=false,cancelled=false,dueMs=-1
186219517255700	b45db7ebb591e0c2680469e42649acd872a44c75	110	185923058766200	OPEN	[]	12675:EVENT:ON_ATTACKABLE_KILL:COMPLETED:epoch=185923058766200:reserve=186216738452100:submit=186216738457700:start=186219239245100:end=186219239273700:delayMs=2500:future=done=false,cancelled=false,dueMs=0
186219517255700	b45db7ebb591e0c2680469e42649acd872a44c75	275	185923122046900	OPEN	[13502:EVENT:ON_ATTACKABLE_KILL:SUBMITTED:epoch=185923122046900:reserve=186217937451500:submit=186217937457800:start=0:end=0:delayMs=2500:future=done=false,cancelled=false,dueMs=919]	12927:EVENT:ON_ATTACKABLE_KILL:COMPLETED:epoch=185923122046900:reserve=186204734602000:submit=186204734608000:start=186207234832800:end=186207234868700:delayMs=2500:future=done=false,cancelled=false,dueMs=0
186220524644100	b45db7ebb591e0c2680469e42649acd872a44c75	275	185923122046900	OPEN	[]	13502:EVENT:ON_ATTACKABLE_KILL:COMPLETED:epoch=185923122046900:reserve=186217937451500:submit=186217937457800:start=186220438596000:end=186220438621100:delayMs=2500:future=done=false,cancelled=false,dueMs=-1
186222543675200	b45db7ebb591e0c2680469e42649acd872a44c75	260	185923105225000	OPEN	[13898:EVENT:ON_ATTACKABLE_KILL:SUBMITTED:epoch=185923105225000:reserve=186221941296300:submit=186221941302700:start=0:end=0:delayMs=2500:future=done=false,cancelled=false,dueMs=1897]	13632:EVENT:ON_ATTACKABLE_KILL:COMPLETED:epoch=185923105225000:reserve=186215940183000:submit=186215940189100:start=186218442050000:end=186218442083300:delayMs=2500:future=done=false,cancelled=false,dueMs=-1
186223553159500	b45db7ebb591e0c2680469e42649acd872a44c75	260	185923105225000	OPEN	[13898:EVENT:ON_ATTACKABLE_KILL:SUBMITTED:epoch=185923105225000:reserve=186221941296300:submit=186221941302700:start=0:end=0:delayMs=2500:future=done=false,cancelled=false,dueMs=888]	13632:EVENT:ON_ATTACKABLE_KILL:COMPLETED:epoch=185923105225000:reserve=186215940183000:submit=186215940189100:start=186218442050000:end=186218442083300:delayMs=2500:future=done=false,cancelled=false,dueMs=-1
186224561730300	b45db7ebb591e0c2680469e42649acd872a44c75	260	185923105225000	OPEN	[]	13898:EVENT:ON_ATTACKABLE_KILL:COMPLETED:epoch=185923105225000:reserve=186221941296300:submit=186221941302700:start=186224441728400:end=186224441783300:delayMs=2500:future=done=false,cancelled=false,dueMs=0
186225570994900	b45db7ebb591e0c2680469e42649acd872a44c75	260	185923105225000	OPEN	[14073:EVENT:ON_ATTACKABLE_KILL:SUBMITTED:epoch=185923105225000:reserve=186225342036800:submit=186225342043100:start=0:end=0:delayMs=2500:future=done=false,cancelled=false,dueMs=2270]	13898:EVENT:ON_ATTACKABLE_KILL:COMPLETED:epoch=185923105225000:reserve=186221941296300:submit=186221941302700:start=186224441728400:end=186224441783300:delayMs=2500:future=done=false,cancelled=false,dueMs=0
186226578191000	b45db7ebb591e0c2680469e42649acd872a44c75	110	185923058766200	OPEN	[13121:EVENT:ON_ATTACKABLE_KILL:SUBMITTED:epoch=185923058766200:reserve=186225836870900:submit=186225836878600:start=0:end=0:delayMs=2500:future=done=false,cancelled=false,dueMs=1758]	12675:EVENT:ON_ATTACKABLE_KILL:COMPLETED:epoch=185923058766200:reserve=186216738452100:submit=186216738457700:start=186219239245100:end=186219239273700:delayMs=2500:future=done=false,cancelled=false,dueMs=0
186226578191000	b45db7ebb591e0c2680469e42649acd872a44c75	275	185923122046900	OPEN	[13854:EVENT:ON_ATTACKABLE_KILL:SUBMITTED:epoch=185923122046900:reserve=186226335333900:submit=186226335346900:start=0:end=0:delayMs=2500:future=done=false,cancelled=false,dueMs=2256]	13502:EVENT:ON_ATTACKABLE_KILL:COMPLETED:epoch=185923122046900:reserve=186217937451500:submit=186217937457800:start=186220438596000:end=186220438621100:delayMs=2500:future=done=false,cancelled=false,dueMs=-1
186226578191000	b45db7ebb591e0c2680469e42649acd872a44c75	260	185923105225000	OPEN	[14073:EVENT:ON_ATTACKABLE_KILL:SUBMITTED:epoch=185923105225000:reserve=186225342036800:submit=186225342043100:start=0:end=0:delayMs=2500:future=done=false,cancelled=false,dueMs=1263]	13898:EVENT:ON_ATTACKABLE_KILL:COMPLETED:epoch=185923105225000:reserve=186221941296300:submit=186221941302700:start=186224441728400:end=186224441783300:delayMs=2500:future=done=false,cancelled=false,dueMs=0
186227584307700	b45db7ebb591e0c2680469e42649acd872a44c75	110	185923058766200	OPEN	[13121:EVENT:ON_ATTACKABLE_KILL:SUBMITTED:epoch=185923058766200:reserve=186225836870900:submit=186225836878600:start=0:end=0:delayMs=2500:future=done=false,cancelled=false,dueMs=752]	12675:EVENT:ON_ATTACKABLE_KILL:COMPLETED:epoch=185923058766200:reserve=186216738452100:submit=186216738457700:start=186219239245100:end=186219239273700:delayMs=2500:future=done=false,cancelled=false,dueMs=0
186227584307700	b45db7ebb591e0c2680469e42649acd872a44c75	275	185923122046900	OPEN	[13854:EVENT:ON_ATTACKABLE_KILL:SUBMITTED:epoch=185923122046900:reserve=186226335333900:submit=186226335346900:start=0:end=0:delayMs=2500:future=done=false,cancelled=false,dueMs=1250]	13502:EVENT:ON_ATTACKABLE_KILL:COMPLETED:epoch=185923122046900:reserve=186217937451500:submit=186217937457800:start=186220438596000:end=186220438621100:delayMs=2500:future=done=false,cancelled=false,dueMs=-1
186227584307700	b45db7ebb591e0c2680469e42649acd872a44c75	260	185923105225000	OPEN	[14073:EVENT:ON_ATTACKABLE_KILL:SUBMITTED:epoch=185923105225000:reserve=186225342036800:submit=186225342043100:start=0:end=0:delayMs=2500:future=done=false,cancelled=false,dueMs=257]	13898:EVENT:ON_ATTACKABLE_KILL:COMPLETED:epoch=185923105225000:reserve=186221941296300:submit=186221941302700:start=186224441728400:end=186224441783300:delayMs=2500:future=done=false,cancelled=false,dueMs=0
186228590424300	b45db7ebb591e0c2680469e42649acd872a44c75	110	185923058766200	OPEN	[]	13121:EVENT:ON_ATTACKABLE_KILL:COMPLETED:epoch=185923058766200:reserve=186225836870900:submit=186225836878600:start=186228337381100:end=186228337414100:delayMs=2500:future=done=false,cancelled=false,dueMs=0
186228590424300	b45db7ebb591e0c2680469e42649acd872a44c75	275	185923122046900	OPEN	[13854:EVENT:ON_ATTACKABLE_KILL:SUBMITTED:epoch=185923122046900:reserve=186226335333900:submit=186226335346900:start=0:end=0:delayMs=2500:future=done=false,cancelled=false,dueMs=244]	13502:EVENT:ON_ATTACKABLE_KILL:COMPLETED:epoch=185923122046900:reserve=186217937451500:submit=186217937457800:start=186220438596000:end=186220438621100:delayMs=2500:future=done=false,cancelled=false,dueMs=-1
186228590424300	b45db7ebb591e0c2680469e42649acd872a44c75	260	185923105225000	OPEN	[14202:EVENT:ON_ATTACKABLE_KILL:SUBMITTED:epoch=185923105225000:reserve=186228238191000:submit=186228238199100:start=0:end=0:delayMs=2500:future=done=false,cancelled=false,dueMs=2147]	14073:EVENT:ON_ATTACKABLE_KILL:COMPLETED:epoch=185923105225000:reserve=186225342036800:submit=186225342043100:start=186227842223100:end=186227842256200:delayMs=2500:future=done=false,cancelled=false,dueMs=0
186229599565300	b45db7ebb591e0c2680469e42649acd872a44c75	275	185923122046900	OPEN	[]	13854:EVENT:ON_ATTACKABLE_KILL:COMPLETED:epoch=185923122046900:reserve=186226335333900:submit=186226335346900:start=186228836352600:end=186228836391200:delayMs=2500:future=done=false,cancelled=false,dueMs=-1
186229599565300	b45db7ebb591e0c2680469e42649acd872a44c75	260	185923105225000	OPEN	[14202:EVENT:ON_ATTACKABLE_KILL:SUBMITTED:epoch=185923105225000:reserve=186228238191000:submit=186228238199100:start=0:end=0:delayMs=2500:future=done=false,cancelled=false,dueMs=1138]	14073:EVENT:ON_ATTACKABLE_KILL:COMPLETED:epoch=185923105225000:reserve=186225342036800:submit=186225342043100:start=186227842223100:end=186227842256200:delayMs=2500:future=done=false,cancelled=false,dueMs=0
186230606635800	b45db7ebb591e0c2680469e42649acd872a44c75	260	185923105225000	OPEN	[14202:EVENT:ON_ATTACKABLE_KILL:SUBMITTED:epoch=185923105225000:reserve=186228238191000:submit=186228238199100:start=0:end=0:delayMs=2500:future=done=false,cancelled=false,dueMs=131]	14073:EVENT:ON_ATTACKABLE_KILL:COMPLETED:epoch=185923105225000:reserve=186225342036800:submit=186225342043100:start=186227842223100:end=186227842256200:delayMs=2500:future=done=false,cancelled=false,dueMs=0
186231617615200	b45db7ebb591e0c2680469e42649acd872a44c75	260	185923105225000	OPEN	[14341:EVENT:ON_ATTACKABLE_KILL:SUBMITTED:epoch=185923105225000:reserve=186231239004300:submit=186231239012700:start=0:end=0:delayMs=2500:future=done=false,cancelled=false,dueMs=2121]	14202:EVENT:ON_ATTACKABLE_KILL:COMPLETED:epoch=185923105225000:reserve=186228238191000:submit=186228238199100:start=186230738652400:end=186230738718000:delayMs=2500:future=done=false,cancelled=false,dueMs=0
186232624621300	b45db7ebb591e0c2680469e42649acd872a44c75	260	185923105225000	OPEN	[14341:EVENT:ON_ATTACKABLE_KILL:SUBMITTED:epoch=185923105225000:reserve=186231239004300:submit=186231239012700:start=0:end=0:delayMs=2500:future=done=false,cancelled=false,dueMs=1114]	14202:EVENT:ON_ATTACKABLE_KILL:COMPLETED:epoch=185923105225000:reserve=186228238191000:submit=186228238199100:start=186230738652400:end=186230738718000:delayMs=2500:future=done=false,cancelled=false,dueMs=0
186233636633700	b45db7ebb591e0c2680469e42649acd872a44c75	110	185923058766200	OPEN	[13463:EVENT:ON_ATTACKABLE_KILL:SUBMITTED:epoch=185923058766200:reserve=186232890814500:submit=186232890827100:start=0:end=0:delayMs=2500:future=done=false,cancelled=false,dueMs=1754]	13121:EVENT:ON_ATTACKABLE_KILL:COMPLETED:epoch=185923058766200:reserve=186225836870900:submit=186225836878600:start=186228337381100:end=186228337414100:delayMs=2500:future=done=false,cancelled=false,dueMs=0
186233636633700	b45db7ebb591e0c2680469e42649acd872a44c75	260	185923105225000	OPEN	[14341:EVENT:ON_ATTACKABLE_KILL:SUBMITTED:epoch=185923105225000:reserve=186231239004300:submit=186231239012700:start=0:end=0:delayMs=2500:future=done=false,cancelled=false,dueMs=101]	14202:EVENT:ON_ATTACKABLE_KILL:COMPLETED:epoch=185923105225000:reserve=186228238191000:submit=186228238199100:start=186230738652400:end=186230738718000:delayMs=2500:future=done=false,cancelled=false,dueMs=0
186234647634800	b45db7ebb591e0c2680469e42649acd872a44c75	110	185923058766200	OPEN	[13463:EVENT:ON_ATTACKABLE_KILL:SUBMITTED:epoch=185923058766200:reserve=186232890814500:submit=186232890827100:start=0:end=0:delayMs=2500:future=done=false,cancelled=false,dueMs=743]	13121:EVENT:ON_ATTACKABLE_KILL:COMPLETED:epoch=185923058766200:reserve=186225836870900:submit=186225836878600:start=186228337381100:end=186228337414100:delayMs=2500:future=done=false,cancelled=false,dueMs=0
186234647634800	b45db7ebb591e0c2680469e42649acd872a44c75	260	185923105225000	OPEN	[]	14341:EVENT:ON_ATTACKABLE_KILL:COMPLETED:epoch=185923105225000:reserve=186231239004300:submit=186231239012700:start=186233739650600:end=186233739733700:delayMs=2500:future=done=false,cancelled=false,dueMs=0
186235655633500	b45db7ebb591e0c2680469e42649acd872a44c75	110	185923058766200	OPEN	[]	13463:EVENT:ON_ATTACKABLE_KILL:COMPLETED:epoch=185923058766200:reserve=186232890814500:submit=186232890827100:start=186235391644700:end=186235391678900:delayMs=2500:future=done=false,cancelled=false,dueMs=0
186235655633500	b45db7ebb591e0c2680469e42649acd872a44c75	275	185923122046900	OPEN	[14245:EVENT:ON_ATTACKABLE_KILL:SUBMITTED:epoch=185923122046900:reserve=186235334476000:submit=186235334482500:start=0:end=0:delayMs=2500:future=done=false,cancelled=false,dueMs=2178]	13854:EVENT:ON_ATTACKABLE_KILL:COMPLETED:epoch=185923122046900:reserve=186226335333900:submit=186226335346900:start=186228836352600:end=186228836391200:delayMs=2500:future=done=false,cancelled=false,dueMs=-1
186236663779300	b45db7ebb591e0c2680469e42649acd872a44c75	275	185923122046900	OPEN	[14245:EVENT:ON_ATTACKABLE_KILL:SUBMITTED:epoch=185923122046900:reserve=186235334476000:submit=186235334482500:start=0:end=0:delayMs=2500:future=done=false,cancelled=false,dueMs=1170]	13854:EVENT:ON_ATTACKABLE_KILL:COMPLETED:epoch=185923122046900:reserve=186226335333900:submit=186226335346900:start=186228836352600:end=186228836391200:delayMs=2500:future=done=false,cancelled=false,dueMs=-1
186237671698900	b45db7ebb591e0c2680469e42649acd872a44c75	275	185923122046900	OPEN	[14245:EVENT:ON_ATTACKABLE_KILL:SUBMITTED:epoch=185923122046900:reserve=186235334476000:submit=186235334482500:start=0:end=0:delayMs=2500:future=done=false,cancelled=false,dueMs=162]	13854:EVENT:ON_ATTACKABLE_KILL:COMPLETED:epoch=185923122046900:reserve=186226335333900:submit=186226335346900:start=186228836352600:end=186228836391200:delayMs=2500:future=done=false,cancelled=false,dueMs=-1
186238683112700	b45db7ebb591e0c2680469e42649acd872a44c75	275	185923122046900	OPEN	[]	14245:EVENT:ON_ATTACKABLE_KILL:COMPLETED:epoch=185923122046900:reserve=186235334476000:submit=186235334482500:start=186237834769700:end=186237834872100:delayMs=2500:future=done=false,cancelled=false,dueMs=0
186239693241600	b45db7ebb591e0c2680469e42649acd872a44c75	275	185923122046900	OPEN	[14396:EVENT:ON_ATTACKABLE_KILL:SUBMITTED:epoch=185923122046900:reserve=186238936596900:submit=186238936603000:start=0:end=0:delayMs=2500:future=done=false,cancelled=false,dueMs=1743]	14245:EVENT:ON_ATTACKABLE_KILL:COMPLETED:epoch=185923122046900:reserve=186235334476000:submit=186235334482500:start=186237834769700:end=186237834872100:delayMs=2500:future=done=false,cancelled=false,dueMs=0
186240700343700	b45db7ebb591e0c2680469e42649acd872a44c75	275	185923122046900	OPEN	[14396:EVENT:ON_ATTACKABLE_KILL:SUBMITTED:epoch=185923122046900:reserve=186238936596900:submit=186238936603000:start=0:end=0:delayMs=2500:future=done=false,cancelled=false,dueMs=736]	14245:EVENT:ON_ATTACKABLE_KILL:COMPLETED:epoch=185923122046900:reserve=186235334476000:submit=186235334482500:start=186237834769700:end=186237834872100:delayMs=2500:future=done=false,cancelled=false,dueMs=0
186241707100900	b45db7ebb591e0c2680469e42649acd872a44c75	275	185923122046900	OPEN	[]	14396:EVENT:ON_ATTACKABLE_KILL:COMPLETED:epoch=185923122046900:reserve=186238936596900:submit=186238936603000:start=186241436831100:end=186241436861500:delayMs=2500:future=done=false,cancelled=false,dueMs=0
186242716101300	b45db7ebb591e0c2680469e42649acd872a44c75	278	185923139947600	OPEN	[13952:EVENT:ON_ATTACKABLE_KILL:SUBMITTED:epoch=185923139947600:reserve=186242238411400:submit=186242238419100:start=0:end=0:delayMs=2500:future=done=false,cancelled=false,dueMs=2022]	11502:EVENT:ON_ATTACKABLE_KILL:COMPLETED:epoch=185923139947600:reserve=186184337993700:submit=186184338000000:start=186186839664800:end=186186839732200:delayMs=2500:future=done=false,cancelled=false,dueMs=-1
186243725133700	b45db7ebb591e0c2680469e42649acd872a44c75	275	185923122046900	OPEN	[14574:EVENT:ON_ATTACKABLE_KILL:SUBMITTED:epoch=185923122046900:reserve=186243135477900:submit=186243135489800:start=0:end=0:delayMs=2500:future=done=false,cancelled=false,dueMs=1910]	14396:EVENT:ON_ATTACKABLE_KILL:COMPLETED:epoch=185923122046900:reserve=186238936596900:submit=186238936603000:start=186241436831100:end=186241436861500:delayMs=2500:future=done=false,cancelled=false,dueMs=0
186243725133700	b45db7ebb591e0c2680469e42649acd872a44c75	260	185923105225000	OPEN	[14896:EVENT:ON_ATTACKABLE_KILL:SUBMITTED:epoch=185923105225000:reserve=186243238084900:submit=186243238131700:start=0:end=0:delayMs=2500:future=done=false,cancelled=false,dueMs=2012]	14341:EVENT:ON_ATTACKABLE_KILL:COMPLETED:epoch=185923105225000:reserve=186231239004300:submit=186231239012700:start=186233739650600:end=186233739733700:delayMs=2500:future=done=false,cancelled=false,dueMs=0
186243725133700	b45db7ebb591e0c2680469e42649acd872a44c75	278	185923139947600	OPEN	[13952:EVENT:ON_ATTACKABLE_KILL:SUBMITTED:epoch=185923139947600:reserve=186242238411400:submit=186242238419100:start=0:end=0:delayMs=2500:future=done=false,cancelled=false,dueMs=1012]	11502:EVENT:ON_ATTACKABLE_KILL:COMPLETED:epoch=185923139947600:reserve=186184337993700:submit=186184338000000:start=186186839664800:end=186186839732200:delayMs=2500:future=done=false,cancelled=false,dueMs=-1
186244735263300	b45db7ebb591e0c2680469e42649acd872a44c75	110	185923058766200	DETACHED	[]	13895:EVENT:ON_PLAYER_LOGOUT:COMPLETED:epoch=185923058766200:reserve=186244176719400:submit=186244176739300:start=186244176768500:end=186244176816900:delayMs=0:future=NONE
186244735263300	b45db7ebb591e0c2680469e42649acd872a44c75	142	185923073320000	DETACHED	[]	17042:EVENT:ON_PLAYER_LOGOUT:COMPLETED:epoch=185923073320000:reserve=186244192358000:submit=186244192380000:start=186244192406700:end=186244192430700:delayMs=0:future=NONE
186244735263300	b45db7ebb591e0c2680469e42649acd872a44c75	175	185923086701300	DRAINING	[]	12250:EVENT:ON_ATTACKABLE_KILL:COMPLETED:epoch=185923086701300:reserve=186215836430800:submit=186215836436000:start=186218337105900:end=186218337183500:delayMs=2500:future=done=false,cancelled=false,dueMs=0
186244735263300	b45db7ebb591e0c2680469e42649acd872a44c75	275	185923122046900	OPEN	[14574:EVENT:ON_ATTACKABLE_KILL:SUBMITTED:epoch=185923122046900:reserve=186243135477900:submit=186243135489800:start=0:end=0:delayMs=2500:future=done=false,cancelled=false,dueMs=899]	14396:EVENT:ON_ATTACKABLE_KILL:COMPLETED:epoch=185923122046900:reserve=186238936596900:submit=186238936603000:start=186241436831100:end=186241436861500:delayMs=2500:future=done=false,cancelled=false,dueMs=0
186244735263300	b45db7ebb591e0c2680469e42649acd872a44c75	260	185923105225000	OPEN	[14896:EVENT:ON_ATTACKABLE_KILL:SUBMITTED:epoch=185923105225000:reserve=186243238084900:submit=186243238131700:start=0:end=0:delayMs=2500:future=done=false,cancelled=false,dueMs=1001]	14341:EVENT:ON_ATTACKABLE_KILL:COMPLETED:epoch=185923105225000:reserve=186231239004300:submit=186231239012700:start=186233739650600:end=186233739733700:delayMs=2500:future=done=false,cancelled=false,dueMs=0
186244735263300	b45db7ebb591e0c2680469e42649acd872a44c75	278	185923139947600	OPEN	[13952:EVENT:ON_ATTACKABLE_KILL:SUBMITTED:epoch=185923139947600:reserve=186242238411400:submit=186242238419100:start=0:end=0:delayMs=2500:future=done=false,cancelled=false,dueMs=1]	11502:EVENT:ON_ATTACKABLE_KILL:COMPLETED:epoch=185923139947600:reserve=186184337993700:submit=186184338000000:start=186186839664800:end=186186839732200:delayMs=2500:future=done=false,cancelled=false,dueMs=-1
186249128709600	b45db7ebb591e0c2680469e42649acd872a44c75	275	185923122046900	OPEN	[14574:EVENT:ON_ATTACKABLE_KILL:SUBMITTED:epoch=185923122046900:reserve=186243135477900:submit=186243135489800:start=0:end=0:delayMs=2500:future=done=false,cancelled=false,dueMs=-3493]	14396:EVENT:ON_ATTACKABLE_KILL:COMPLETED:epoch=185923122046900:reserve=186238936596900:submit=186238936603000:start=186241436831100:end=186241436861500:delayMs=2500:future=done=false,cancelled=false,dueMs=0
186249128709600	b45db7ebb591e0c2680469e42649acd872a44c75	260	185923105225000	OPEN	[14896:EVENT:ON_ATTACKABLE_KILL:SUBMITTED:epoch=185923105225000:reserve=186243238084900:submit=186243238131700:start=0:end=0:delayMs=2500:future=done=false,cancelled=false,dueMs=-3391]	14341:EVENT:ON_ATTACKABLE_KILL:COMPLETED:epoch=185923105225000:reserve=186231239004300:submit=186231239012700:start=186233739650600:end=186233739733700:delayMs=2500:future=done=false,cancelled=false,dueMs=0
186249128709600	b45db7ebb591e0c2680469e42649acd872a44c75	278	185923139947600	OPEN	[]	13952:EVENT:ON_ATTACKABLE_KILL:COMPLETED:epoch=185923139947600:reserve=186242238411400:submit=186242238419100:start=186244739269000:end=186244739316300:delayMs=2500:future=done=false,cancelled=false,dueMs=0
186250138359600	b45db7ebb591e0c2680469e42649acd872a44c75	175	185923086701300	DRAINING	[13406:EVENT:ON_ATTACKABLE_KILL:SUBMITTED:epoch=185923086701300:reserve=186249533772700:submit=186249533784000:start=0:end=0:delayMs=2500:future=done=false,cancelled=false,dueMs=1895]	12250:EVENT:ON_ATTACKABLE_KILL:COMPLETED:epoch=185923086701300:reserve=186215836430800:submit=186215836436000:start=186218337105900:end=186218337183500:delayMs=2500:future=done=false,cancelled=false,dueMs=0
186250138359600	b45db7ebb591e0c2680469e42649acd872a44c75	275	185923122046900	OPEN	[]	14574:EVENT:ON_ATTACKABLE_KILL:COMPLETED:epoch=185923122046900:reserve=186243135477900:submit=186243135489800:start=186249129593100:end=186249129615200:delayMs=2500:future=done=false,cancelled=false,dueMs=-3494
186250138359600	b45db7ebb591e0c2680469e42649acd872a44c75	260	185923105225000	DRAINING	[]	14896:EVENT:ON_ATTACKABLE_KILL:COMPLETED:epoch=185923105225000:reserve=186243238084900:submit=186243238131700:start=186249129640600:end=186249129656300:delayMs=2500:future=done=false,cancelled=false,dueMs=-3391
186253571462100	b45db7ebb591e0c2680469e42649acd872a44c75	175	185923086701300	DRAINING	[13406:EVENT:ON_ATTACKABLE_KILL:SUBMITTED:epoch=185923086701300:reserve=186249533772700:submit=186249533784000:start=0:end=0:delayMs=2500:future=done=false,cancelled=false,dueMs=-1537]	12250:EVENT:ON_ATTACKABLE_KILL:COMPLETED:epoch=185923086701300:reserve=186215836430800:submit=186215836436000:start=186218337105900:end=186218337183500:delayMs=2500:future=done=false,cancelled=false,dueMs=0
186254584081400	b45db7ebb591e0c2680469e42649acd872a44c75	175	185923086701300	DETACHED	[]	13409:EVENT:ON_PLAYER_LOGOUT:COMPLETED:epoch=185923086701300:reserve=186253573441800:submit=186253573453200:start=186253573463600:end=186253573494000:delayMs=0:future=NONE
186254584081400	b45db7ebb591e0c2680469e42649acd872a44c75	260	185923105225000	DRAINING	[15080:EVENT:ON_ATTACKABLE_KILL:SUBMITTED:epoch=185923105225000:reserve=186253974536600:submit=186253974543200:start=0:end=0:delayMs=2500:future=done=false,cancelled=false,dueMs=1890]	14896:EVENT:ON_ATTACKABLE_KILL:COMPLETED:epoch=185923105225000:reserve=186243238084900:submit=186243238131700:start=186249129640600:end=186249129656300:delayMs=2500:future=done=false,cancelled=false,dueMs=-3391
186257708748700	b45db7ebb591e0c2680469e42649acd872a44c75	260	185923105225000	DRAINING	[15080:EVENT:ON_ATTACKABLE_KILL:SUBMITTED:epoch=185923105225000:reserve=186253974536600:submit=186253974543200:start=0:end=0:delayMs=2500:future=done=false,cancelled=false,dueMs=-1234]	14896:EVENT:ON_ATTACKABLE_KILL:COMPLETED:epoch=185923105225000:reserve=186243238084900:submit=186243238131700:start=186249129640600:end=186249129656300:delayMs=2500:future=done=false,cancelled=false,dueMs=-3391
186258724091600	b45db7ebb591e0c2680469e42649acd872a44c75	275	185923122046900	DETACHED	[]	14657:EVENT:ON_PLAYER_LOGOUT:COMPLETED:epoch=185923122046900:reserve=186257722543700:submit=186257722557400:start=186257722568300:end=186257722586600:delayMs=0:future=NONE
186258724091600	b45db7ebb591e0c2680469e42649acd872a44c75	260	185923105225000	DETACHED	[]	15083:EVENT:ON_PLAYER_LOGOUT:COMPLETED:epoch=185923105225000:reserve=186257710402600:submit=186257710419300:start=186257710424100:end=186257710443100:delayMs=0:future=NONE
186258724091600	b45db7ebb591e0c2680469e42649acd872a44c75	278	185923139947600	DETACHED	[]	14079:EVENT:ON_PLAYER_LOGOUT:COMPLETED:epoch=185923139947600:reserve=186257729045300:submit=186257729060700:start=186257729091000:end=186257729105900:delayMs=0:future=NONE
186258724091600	b45db7ebb591e0c2680469e42649acd872a44c75	599	185923587812200	DETACHED	[]	22713:EVENT:ON_PLAYER_LOGOUT:COMPLETED:epoch=185923587812200:reserve=186257753272300:submit=186257753285400:start=186257753292600:end=186257753311700:delayMs=0:future=NONE
186258724091600	b45db7ebb591e0c2680469e42649acd872a44c75	503	185923452478500	DETACHED	[]	17106:EVENT:ON_PLAYER_LOGOUT:COMPLETED:epoch=185923452478500:reserve=186257743037400:submit=186257743048700:start=186257743058700:end=186257743073500:delayMs=0:future=NONE
